normalized_record_id,evidence_route,municipality,state,reason,detail
B4X2500NORM-1e85303e7460c1ed08bf807f,computed_cycle_to_cycle,Newhalen,AK,multiple_distinct_values_at_same_position_cycle_without_resolved_schedule_location,"2 distinct values: [8.0, 10.0]"
B4X2500NORM-61ce9b05a8e5b92bc20e2ea0,computed_cycle_to_cycle,Newhalen,AK,multiple_distinct_values_at_same_position_cycle_without_resolved_schedule_location,"2 distinct values: [8.0, 10.0]"
B4X2500NORM-e9137808697d687dc0f6840d,computed_cycle_to_cycle,Newhalen,AK,multiple_distinct_values_at_same_position_cycle_without_resolved_schedule_location,"2 distinct values: [8.0, 10.0]"
B4X2500NORM-15b1bd47d3365bd4f81bc9b0,computed_cycle_to_cycle,Carmel-by-the-Sea,CA,multiple_distinct_values_at_same_position_cycle_without_resolved_schedule_location,"2 distinct values: [31.84, 33.49]"
B4X2500NORM-d31cd2942b8403bb911bb7c6,computed_cycle_to_cycle,Carmel-by-the-Sea,CA,multiple_distinct_values_at_same_position_cycle_without_resolved_schedule_location,"2 distinct values: [31.84, 33.49]"
B4X2500NORM-ba69f04b23e9e829e09a67a2,computed_cycle_to_cycle,Dos Palos,CA,multiple_distinct_values_at_same_position_cycle_without_resolved_schedule_location,"2 distinct values: [24.82, 24.99]"
B4X2500NORM-ceb9befe2fbd6fb8107e7ddd,computed_cycle_to_cycle,Dos Palos,CA,multiple_distinct_values_at_same_position_cycle_without_resolved_schedule_location,"2 distinct values: [24.82, 24.99]"
B4X2500NORM-2a7cd80f6e91d0772d70cc2f,computed_cycle_to_cycle,Biscayne Park,FL,multiple_distinct_values_at_same_position_cycle_without_resolved_schedule_location,"2 distinct values: [100.0, 105.0]"
B4X2500NORM-8020eac6364863e109b47e5a,computed_cycle_to_cycle,Biscayne Park,FL,multiple_distinct_values_at_same_position_cycle_without_resolved_schedule_location,"2 distinct values: [100.0, 105.0]"
B4X2500NORM-a2396e6166b60e36d9c50bf3,computed_cycle_to_cycle,Biscayne Park,FL,multiple_distinct_values_at_same_position_cycle_without_resolved_schedule_location,"2 distinct values: [100.0, 105.0]"
B4X2500NORM-25a2cc9e38dbe676211e0aef,computed_cycle_to_cycle,Golden Beach,FL,multiple_distinct_values_at_same_position_cycle_without_resolved_schedule_location,"2 distinct values: [8.0, 35.0]"
B4X2500NORM-364871ec805c06259c744e9a,computed_cycle_to_cycle,Golden Beach,FL,multiple_distinct_values_at_same_position_cycle_without_resolved_schedule_location,"2 distinct values: [8.0, 35.0]"
B4X2500NORM-23b47efae8b542773bbe890a,computed_cycle_to_cycle,Hinton,IA,multiple_distinct_values_at_same_position_cycle_without_resolved_schedule_location,"2 distinct values: [13.0, 15.0]"
B4X2500NORM-8046305850a84951ddb1f60d,computed_cycle_to_cycle,Hinton,IA,multiple_distinct_values_at_same_position_cycle_without_resolved_schedule_location,"2 distinct values: [13.0, 15.0]"
B4X2500NORM-2b815b54c5d68729c1909333,computed_cycle_to_cycle,Ida Grove,IA,multiple_distinct_values_at_same_position_cycle_without_resolved_schedule_location,"2 distinct values: [8.0, 9.0]"
B4X2500NORM-d9d3906dcebdaa3ceb911646,computed_cycle_to_cycle,Ida Grove,IA,multiple_distinct_values_at_same_position_cycle_without_resolved_schedule_location,"2 distinct values: [8.0, 9.0]"
B4X2500NORM-58ab2b1f95c186b1073c2542,computed_cycle_to_cycle,Lake City,IA,multiple_distinct_values_at_same_position_cycle_without_resolved_schedule_location,"2 distinct values: [25.0, 28.0]"
B4X2500NORM-6960e7221c07c8a1c03c6e39,computed_cycle_to_cycle,Lake City,IA,multiple_distinct_values_at_same_position_cycle_without_resolved_schedule_location,"2 distinct values: [25.0, 28.0]"
B4X2500NORM-5ed59714ff0b672fabacf680,computed_cycle_to_cycle,Lake View,IA,multiple_distinct_values_at_same_position_cycle_without_resolved_schedule_location,"2 distinct values: [21.11, 23.59]"
B4X2500NORM-e10b8061194a1a8f889df9b2,computed_cycle_to_cycle,Lake View,IA,multiple_distinct_values_at_same_position_cycle_without_resolved_schedule_location,"2 distinct values: [21.11, 23.59]"
B4X2500NORM-1342b4f59fa6a92a55d5db18,computed_cycle_to_cycle,Leon,IA,multiple_distinct_values_at_same_position_cycle_without_resolved_schedule_location,"3 distinct values: [8.0, 9.5, 20.0]"
B4X2500NORM-be73c4f8c9868bb14b464fc0,computed_cycle_to_cycle,Leon,IA,multiple_distinct_values_at_same_position_cycle_without_resolved_schedule_location,"3 distinct values: [8.0, 9.5, 20.0]"
B4X2500NORM-e3c77325e24d8fc0d735f311,computed_cycle_to_cycle,Leon,IA,multiple_distinct_values_at_same_position_cycle_without_resolved_schedule_location,"3 distinct values: [8.0, 9.5, 20.0]"
B4X2500NORM-20f80e2a01c9a48426df3c1c,computed_cycle_to_cycle,Ruthven,IA,multiple_distinct_values_at_same_position_cycle_without_resolved_schedule_location,"2 distinct values: [18.68, 20.87]"
B4X2500NORM-3ba0fd04fd98f596d295906b,computed_cycle_to_cycle,Ruthven,IA,multiple_distinct_values_at_same_position_cycle_without_resolved_schedule_location,"2 distinct values: [18.68, 20.87]"
B4X2500NORM-90d55edffecdc50b89028aba,computed_cycle_to_cycle,Sherman,IL,multiple_distinct_values_at_same_position_cycle_without_resolved_schedule_location,"2 distinct values: [27.01, 29.3]"
B4X2500NORM-9b1fe250bc83a602116dcd94,computed_cycle_to_cycle,Sherman,IL,multiple_distinct_values_at_same_position_cycle_without_resolved_schedule_location,"2 distinct values: [27.01, 29.3]"
B4X2500NORM-acf0df1678aa5bb8f91b6158,computed_cycle_to_cycle,Sherman,IL,multiple_distinct_values_at_same_position_cycle_without_resolved_schedule_location,"2 distinct values: [27.01, 29.3]"
B4X2500NORM-67810cd7b9e1d328ddb2691a,computed_cycle_to_cycle,Churubusco,IN,multiple_distinct_values_at_same_position_cycle_without_resolved_schedule_location,"2 distinct values: [16.0, 20.0]"
B4X2500NORM-9f8d591858e8713579fe46a2,computed_cycle_to_cycle,Churubusco,IN,multiple_distinct_values_at_same_position_cycle_without_resolved_schedule_location,"2 distinct values: [16.0, 20.0]"
B4X2500NORM-44b45f8c69cfbd696b3ea8f9,computed_cycle_to_cycle,Fort Branch,IN,multiple_distinct_values_at_same_position_cycle_without_resolved_schedule_location,"2 distinct values: [8.5, 14.0]"
B4X2500NORM-d1fa81aeb95d05134c91225e,computed_cycle_to_cycle,Fort Branch,IN,multiple_distinct_values_at_same_position_cycle_without_resolved_schedule_location,"2 distinct values: [8.5, 14.0]"
B4X2500NORM-604113f0bc5bdf8d459a0042,computed_cycle_to_cycle,Green,IN,multiple_distinct_values_at_same_position_cycle_without_resolved_schedule_location,"2 distinct values: [17.0, 25.69]"
B4X2500NORM-61696769e5a95dccae8e4171,computed_cycle_to_cycle,Green,IN,multiple_distinct_values_at_same_position_cycle_without_resolved_schedule_location,"2 distinct values: [17.0, 25.69]"
B4X2500NORM-7df6863212c7b02c44af3440,computed_cycle_to_cycle,Green,IN,multiple_distinct_values_at_same_position_cycle_without_resolved_schedule_location,"2 distinct values: [16.0, 25.69]"
B4X2500NORM-9979e9147376a0c8efb99875,computed_cycle_to_cycle,Green,IN,multiple_distinct_values_at_same_position_cycle_without_resolved_schedule_location,"2 distinct values: [16.0, 25.69]"
B4X2500NORM-2780d01ad3ffc7a31b28e511,computed_cycle_to_cycle,Jamestown,IN,multiple_distinct_values_at_same_position_cycle_without_resolved_schedule_location,"3 distinct values: [10.0, 13.0, 18.0]"
B4X2500NORM-80cc345fb3398b72a4cd6328,computed_cycle_to_cycle,Jamestown,IN,multiple_distinct_values_at_same_position_cycle_without_resolved_schedule_location,"3 distinct values: [10.0, 13.0, 18.0]"
B4X2500NORM-959a6589e1b5be1032b73507,computed_cycle_to_cycle,Jamestown,IN,multiple_distinct_values_at_same_position_cycle_without_resolved_schedule_location,"3 distinct values: [10.0, 13.0, 18.0]"
B4X2500NORM-7fbfe4935b11ee8a4c8ba359,computed_cycle_to_cycle,Ligonier,IN,multiple_distinct_values_at_same_position_cycle_without_resolved_schedule_location,"2 distinct values: [12.25, 13.5]"
B4X2500NORM-8fffd24e7e1648231fdd32a5,computed_cycle_to_cycle,Ligonier,IN,multiple_distinct_values_at_same_position_cycle_without_resolved_schedule_location,"2 distinct values: [12.25, 13.5]"
B4X2500NORM-9b67458bef81027f52e72d46,computed_cycle_to_cycle,Altamont,KS,multiple_distinct_values_at_same_position_cycle_without_resolved_schedule_location,"2 distinct values: [20.0, 22.5]"
B4X2500NORM-c26eb7f5628ec226e29a06be,computed_cycle_to_cycle,Altamont,KS,multiple_distinct_values_at_same_position_cycle_without_resolved_schedule_location,"2 distinct values: [20.0, 22.5]"
B4X2500NORM-3b84740500d3860ce4a31bd8,computed_cycle_to_cycle,Cunningham,KS,multiple_distinct_values_at_same_position_cycle_without_resolved_schedule_location,"2 distinct values: [20.0, 150.0]"
B4X2500NORM-f8ce5c7659e78441b4c3c1da,computed_cycle_to_cycle,Cunningham,KS,multiple_distinct_values_at_same_position_cycle_without_resolved_schedule_location,"2 distinct values: [20.0, 150.0]"
B4X2500NORM-10642b1793f7df64b3ee22c1,computed_cycle_to_cycle,Sedgwick,KS,multiple_distinct_values_at_same_position_cycle_without_resolved_schedule_location,"2 distinct values: [25.0, 32.0]"
B4X2500NORM-4615c7946dd9508c5756a885,computed_cycle_to_cycle,Sedgwick,KS,multiple_distinct_values_at_same_position_cycle_without_resolved_schedule_location,"2 distinct values: [25.0, 32.0]"
B4X2500NORM-eca2268e6289689f68cdbb4f,computed_cycle_to_cycle,Sedgwick,KS,multiple_distinct_values_at_same_position_cycle_without_resolved_schedule_location,"2 distinct values: [25.0, 32.0]"
B4X2500NORM-37a9c94f5e40706bb5340a17,computed_cycle_to_cycle,Indian Hills,KY,multiple_distinct_values_at_same_position_cycle_without_resolved_schedule_location,"2 distinct values: [34.6, 41.7]"
B4X2500NORM-3f04c9da67be6854d716e2d0,computed_cycle_to_cycle,Indian Hills,KY,multiple_distinct_values_at_same_position_cycle_without_resolved_schedule_location,"2 distinct values: [34.6, 41.7]"
B4X2500NORM-87c44db38f621236ccbb2a03,computed_cycle_to_cycle,Louisa,KY,multiple_distinct_values_at_same_position_cycle_without_resolved_schedule_location,"2 distinct values: [23.0, 24.5]"
B4X2500NORM-9054d1d6324a5201e41f00f5,computed_cycle_to_cycle,Louisa,KY,multiple_distinct_values_at_same_position_cycle_without_resolved_schedule_location,"2 distinct values: [23.0, 24.5]"
B4X2500NORM-364cf6d7795f864b5607b0ff,computed_cycle_to_cycle,Mount Olivet,KY,multiple_distinct_values_at_same_position_cycle_without_resolved_schedule_location,"2 distinct values: [12.86, 15.0]"
B4X2500NORM-c44b364aa908c20afa5b1180,computed_cycle_to_cycle,Mount Olivet,KY,multiple_distinct_values_at_same_position_cycle_without_resolved_schedule_location,"2 distinct values: [12.86, 15.0]"
B4X2500NORM-15cd2a477e73870835cbacf1,computed_cycle_to_cycle,West Bridgewater,MA,multiple_distinct_values_at_same_position_cycle_without_resolved_schedule_location,"2 distinct values: [63.15, 85.0]"
B4X2500NORM-28f67e2db12b8ddc47f2599f,computed_cycle_to_cycle,West Bridgewater,MA,multiple_distinct_values_at_same_position_cycle_without_resolved_schedule_location,"2 distinct values: [63.15, 85.0]"
B4X2500NORM-79e797f84708c4d15346a672,computed_cycle_to_cycle,Alna,ME,multiple_distinct_values_at_same_position_cycle_without_resolved_schedule_location,"2 distinct values: [18.0, 20.0]"
B4X2500NORM-bc9d035a2787f1a701276c43,computed_cycle_to_cycle,Alna,ME,multiple_distinct_values_at_same_position_cycle_without_resolved_schedule_location,"2 distinct values: [18.0, 20.0]"
B4X2500NORM-3bfeaae24ac16e820bc39cf9,computed_cycle_to_cycle,Bradley,ME,multiple_distinct_values_at_same_position_cycle_without_resolved_schedule_location,"2 distinct values: [13.3, 22.0]"
B4X2500NORM-ece0a7af392e84fad1f51b5e,computed_cycle_to_cycle,Bradley,ME,multiple_distinct_values_at_same_position_cycle_without_resolved_schedule_location,"2 distinct values: [13.3, 22.0]"
B4X2500NORM-7a820676299a1c3332e9aa4c,computed_cycle_to_cycle,Phippsburg,ME,multiple_distinct_values_at_same_position_cycle_without_resolved_schedule_location,"2 distinct values: [23.56, 33.65]"
B4X2500NORM-d1686036e33d3514bb8fc01a,computed_cycle_to_cycle,Phippsburg,ME,multiple_distinct_values_at_same_position_cycle_without_resolved_schedule_location,"2 distinct values: [23.56, 33.65]"
B4X2500NORM-110b4ab00c41b347b79f674c,computed_cycle_to_cycle,Pennfield charter,MI,multiple_distinct_values_at_same_position_cycle_without_resolved_schedule_location,"2 distinct values: [16.6, 18.51]"
B4X2500NORM-27dc80f10e0b3b96ba568e5f,computed_cycle_to_cycle,Pennfield charter,MI,multiple_distinct_values_at_same_position_cycle_without_resolved_schedule_location,"2 distinct values: [16.6, 18.51]"
B4X2500NORM-908f6704dfdef11e196e23dc,computed_cycle_to_cycle,Pennfield charter,MI,multiple_distinct_values_at_same_position_cycle_without_resolved_schedule_location,"2 distinct values: [16.6, 18.51]"
B4X2500NORM-46a24cc9124b5639b9d3b352,computed_cycle_to_cycle,Putnam,MI,multiple_distinct_values_at_same_position_cycle_without_resolved_schedule_location,"2 distinct values: [21.87, 22.47]"
B4X2500NORM-d1913c9533bd20665b5b4be1,computed_cycle_to_cycle,Putnam,MI,multiple_distinct_values_at_same_position_cycle_without_resolved_schedule_location,"2 distinct values: [21.87, 22.47]"
B4X2500NORM-1a819ebd6979ebe02e83cc81,computed_cycle_to_cycle,Becker,MN,multiple_distinct_values_at_same_position_cycle_without_resolved_schedule_location,"2 distinct values: [23.0, 24.5]"
B4X2500NORM-ce57fe85d691abadc1d48ff6,computed_cycle_to_cycle,Becker,MN,multiple_distinct_values_at_same_position_cycle_without_resolved_schedule_location,"2 distinct values: [23.0, 24.5]"
B4X2500NORM-db94e7a7b5e209a42c3d0659,computed_cycle_to_cycle,Becker,MN,multiple_distinct_values_at_same_position_cycle_without_resolved_schedule_location,"2 distinct values: [23.0, 24.5]"
B4X2500NORM-513678a29357e24565a335bb,computed_cycle_to_cycle,Jackson,MN,multiple_distinct_values_at_same_position_cycle_without_resolved_schedule_location,"2 distinct values: [145.0, 150.0]"
B4X2500NORM-a4607eda154fa4fc1f48a78f,computed_cycle_to_cycle,Jackson,MN,multiple_distinct_values_at_same_position_cycle_without_resolved_schedule_location,"2 distinct values: [145.0, 150.0]"
B4X2500NORM-1b9c0f5e2f576a1eab9d02a7,computed_cycle_to_cycle,Medford,MN,multiple_distinct_values_at_same_position_cycle_without_resolved_schedule_location,"2 distinct values: [25.0, 25.5]"
B4X2500NORM-966fc626b9d8e3addf2fba9e,computed_cycle_to_cycle,Medford,MN,multiple_distinct_values_at_same_position_cycle_without_resolved_schedule_location,"2 distinct values: [25.0, 25.5]"
B4X2500NORM-f354ee1d917f43a162056d57,computed_cycle_to_cycle,Medford,MN,multiple_distinct_values_at_same_position_cycle_without_resolved_schedule_location,"2 distinct values: [25.0, 25.5]"
B4X2500NORM-55cf1e92f5898f80f1c3a813,computed_cycle_to_cycle,Welcome,MN,multiple_distinct_values_at_same_position_cycle_without_resolved_schedule_location,"2 distinct values: [15.0, 20.0]"
B4X2500NORM-f47118d2c7962958b3cb0af0,computed_cycle_to_cycle,Welcome,MN,multiple_distinct_values_at_same_position_cycle_without_resolved_schedule_location,"2 distinct values: [15.0, 20.0]"
B4X2500NORM-46e9f2ea518a85fb6534a712,computed_cycle_to_cycle,Concordia,MO,multiple_distinct_values_at_same_position_cycle_without_resolved_schedule_location,"3 distinct values: [19.7, 24.84, 37.36]"
B4X2500NORM-6204d239760e72534253acb2,computed_cycle_to_cycle,Concordia,MO,multiple_distinct_values_at_same_position_cycle_without_resolved_schedule_location,"3 distinct values: [19.7, 24.84, 37.36]"
B4X2500NORM-cedafe8880e12906f154b016,computed_cycle_to_cycle,Concordia,MO,multiple_distinct_values_at_same_position_cycle_without_resolved_schedule_location,"3 distinct values: [19.7, 24.84, 37.36]"
B4X2500NORM-40e419fdacc5a1da5c642b51,computed_cycle_to_cycle,Miner,MO,multiple_distinct_values_at_same_position_cycle_without_resolved_schedule_location,"2 distinct values: [10.0, 13.0]"
B4X2500NORM-615503b9bcb55affc535dedf,computed_cycle_to_cycle,Miner,MO,multiple_distinct_values_at_same_position_cycle_without_resolved_schedule_location,"2 distinct values: [10.0, 13.0]"
B4X2500NORM-1023e7d1966482ccc497736a,computed_cycle_to_cycle,Duck,NC,multiple_distinct_values_at_same_position_cycle_without_resolved_schedule_location,"2 distinct values: [185.0, 245.0]"
B4X2500NORM-30773343de99dc27d717c4ad,computed_cycle_to_cycle,Duck,NC,multiple_distinct_values_at_same_position_cycle_without_resolved_schedule_location,"2 distinct values: [185.0, 245.0]"
B4X2500NORM-23b3187958ede6b8b171e07b,computed_cycle_to_cycle,Elizabethtown,NC,multiple_distinct_values_at_same_position_cycle_without_resolved_schedule_location,"2 distinct values: [30.0, 250.0]"
B4X2500NORM-abd99c5dbf8f36ca3b52ea3a,computed_cycle_to_cycle,Elizabethtown,NC,multiple_distinct_values_at_same_position_cycle_without_resolved_schedule_location,"2 distinct values: [30.0, 250.0]"
B4X2500NORM-eacb3f2f5ef3a3cc763fd629,computed_cycle_to_cycle,Elizabethtown,NC,multiple_distinct_values_at_same_position_cycle_without_resolved_schedule_location,"2 distinct values: [30.0, 250.0]"
B4X2500NORM-3ae565c8d54d0c0489359772,computed_cycle_to_cycle,Faison,NC,multiple_distinct_values_at_same_position_cycle_without_resolved_schedule_location,"2 distinct values: [10.0, 12.0]"
B4X2500NORM-a53549190221847633a7b065,computed_cycle_to_cycle,Faison,NC,multiple_distinct_values_at_same_position_cycle_without_resolved_schedule_location,"2 distinct values: [10.0, 12.0]"
B4X2500NORM-c4ce0bd5ddd21dd046ade0c1,computed_cycle_to_cycle,Faison,NC,multiple_distinct_values_at_same_position_cycle_without_resolved_schedule_location,"2 distinct values: [10.0, 12.0]"
B4X2500NORM-27462105fc4733d704492e10,computed_cycle_to_cycle,Mocksville,NC,multiple_distinct_values_at_same_position_cycle_without_resolved_schedule_location,"2 distinct values: [25.0, 30.0]"
B4X2500NORM-bfcc5398080a34b6033f32dc,computed_cycle_to_cycle,Mocksville,NC,multiple_distinct_values_at_same_position_cycle_without_resolved_schedule_location,"2 distinct values: [25.0, 30.0]"
B4X2500NORM-c0fc9a609d94b1ba09f8859d,computed_cycle_to_cycle,Rutherfordton,NC,multiple_distinct_values_at_same_position_cycle_without_resolved_schedule_location,"2 distinct values: [15.0, 30.0]"
B4X2500NORM-c177c5c12329275e942a3b08,computed_cycle_to_cycle,Rutherfordton,NC,multiple_distinct_values_at_same_position_cycle_without_resolved_schedule_location,"2 distinct values: [15.0, 30.0]"
B4X2500NORM-084b27dd8e42031acbf357ef,computed_cycle_to_cycle,Weaverville,NC,multiple_distinct_values_at_same_position_cycle_without_resolved_schedule_location,"2 distinct values: [80.0, 90.0]"
B4X2500NORM-63610f1cf31a7c04797407b8,computed_cycle_to_cycle,Weaverville,NC,multiple_distinct_values_at_same_position_cycle_without_resolved_schedule_location,"2 distinct values: [80.0, 90.0]"
B4X2500NORM-3672e4f24ea6f21d94d9d102,computed_cycle_to_cycle,Clearwater,NE,multiple_distinct_values_at_same_position_cycle_without_resolved_schedule_location,"2 distinct values: [12.0, 14.5]"
B4X2500NORM-97a42bb878ba3838a0a086b2,computed_cycle_to_cycle,Clearwater,NE,multiple_distinct_values_at_same_position_cycle_without_resolved_schedule_location,"2 distinct values: [12.0, 14.5]"
B4X2500NORM-263e7c7811300cae5a485161,computed_cycle_to_cycle,Deshler,NE,multiple_distinct_values_at_same_position_cycle_without_resolved_schedule_location,"2 distinct values: [12.5, 125.0]"
B4X2500NORM-8558127cb33b821a96285fc9,computed_cycle_to_cycle,Deshler,NE,multiple_distinct_values_at_same_position_cycle_without_resolved_schedule_location,"2 distinct values: [12.5, 125.0]"
B4X2500NORM-e9aa44ae804a7dee36bf3d78,computed_cycle_to_cycle,Deshler,NE,multiple_distinct_values_at_same_position_cycle_without_resolved_schedule_location,"2 distinct values: [12.5, 125.0]"
B4X2500NORM-067ec5eefa0434d224ff86e2,computed_cycle_to_cycle,Kenesaw,NE,multiple_distinct_values_at_same_position_cycle_without_resolved_schedule_location,"3 distinct values: [16.9, 20.1, 75.0]"
B4X2500NORM-1c4a1b0d2f8c37814ba97572,computed_cycle_to_cycle,Kenesaw,NE,multiple_distinct_values_at_same_position_cycle_without_resolved_schedule_location,"3 distinct values: [16.9, 20.1, 75.0]"
B4X2500NORM-6c86aa47d9d04779160519f9,computed_cycle_to_cycle,Kenesaw,NE,multiple_distinct_values_at_same_position_cycle_without_resolved_schedule_location,"3 distinct values: [16.9, 20.1, 75.0]"
B4X2500NORM-81924fc3ce67fab27724dbc3,computed_cycle_to_cycle,Kenesaw,NE,multiple_distinct_values_at_same_position_cycle_without_resolved_schedule_location,"3 distinct values: [17.0, 21.0, 50.0]"
B4X2500NORM-90465f3f0878985dc9622f72,computed_cycle_to_cycle,Kenesaw,NE,multiple_distinct_values_at_same_position_cycle_without_resolved_schedule_location,"3 distinct values: [17.0, 21.0, 50.0]"
B4X2500NORM-e0d8a3d96f9d8f1dffb9106a,computed_cycle_to_cycle,Kenesaw,NE,multiple_distinct_values_at_same_position_cycle_without_resolved_schedule_location,"3 distinct values: [17.0, 21.0, 50.0]"
B4X2500NORM-30f12ffaebc3f1774c844e16,computed_cycle_to_cycle,Bernards,NJ,multiple_distinct_values_at_same_position_cycle_without_resolved_schedule_location,"4 distinct values: [14.5, 18.0, 25.24, 31.0]"
B4X2500NORM-3950ebcf02d683dbad6798de,computed_cycle_to_cycle,Bernards,NJ,multiple_distinct_values_at_same_position_cycle_without_resolved_schedule_location,"4 distinct values: [14.5, 18.0, 25.24, 31.0]"
B4X2500NORM-518866f2c9616dfca14ce403,computed_cycle_to_cycle,Bernards,NJ,multiple_distinct_values_at_same_position_cycle_without_resolved_schedule_location,"4 distinct values: [14.5, 18.0, 25.24, 31.0]"
B4X2500NORM-81e0cc6859ea0536098ee2f4,computed_cycle_to_cycle,Bernards,NJ,multiple_distinct_values_at_same_position_cycle_without_resolved_schedule_location,"4 distinct values: [14.5, 18.0, 25.24, 31.0]"
B4X2500NORM-86ba159336f9aaa2aa5d5762,computed_cycle_to_cycle,Brooklawn,NJ,multiple_distinct_values_at_same_position_cycle_without_resolved_schedule_location,"3 distinct values: [13.5, 16.0, 25.0]"
B4X2500NORM-b85e613cf663e0a8b2afec0a,computed_cycle_to_cycle,Brooklawn,NJ,multiple_distinct_values_at_same_position_cycle_without_resolved_schedule_location,"2 distinct values: [16.0, 25.0]"
B4X2500NORM-c58def8986a216d8eb33098a,computed_cycle_to_cycle,Brooklawn,NJ,multiple_distinct_values_at_same_position_cycle_without_resolved_schedule_location,"3 distinct values: [13.5, 16.0, 25.0]"
B4X2500NORM-d550679a6b5433008f10bb4e,computed_cycle_to_cycle,Brooklawn,NJ,multiple_distinct_values_at_same_position_cycle_without_resolved_schedule_location,"2 distinct values: [16.0, 25.0]"
B4X2500NORM-f1c8b478749a53bece326848,computed_cycle_to_cycle,Brooklawn,NJ,multiple_distinct_values_at_same_position_cycle_without_resolved_schedule_location,"3 distinct values: [13.5, 16.0, 25.0]"
B4X2500NORM-fd47700149ad0fda6efbd4c0,computed_cycle_to_cycle,Brooklawn,NJ,multiple_distinct_values_at_same_position_cycle_without_resolved_schedule_location,"2 distinct values: [16.0, 25.0]"
B4X2500NORM-448c7bec5b42f4154faa258a,computed_cycle_to_cycle,Clementon,NJ,multiple_distinct_values_at_same_position_cycle_without_resolved_schedule_location,"2 distinct values: [18.0, 19.0]"
B4X2500NORM-ed20f6a10f0d3783ee186a1b,computed_cycle_to_cycle,Clementon,NJ,multiple_distinct_values_at_same_position_cycle_without_resolved_schedule_location,"2 distinct values: [18.0, 19.0]"
B4X2500NORM-19af6a5d674ad2b977ad6baf,computed_cycle_to_cycle,East Windsor,NJ,multiple_distinct_values_at_same_position_cycle_without_resolved_schedule_location,"3 distinct values: [19.89, 20.29, 20.69]"
B4X2500NORM-87510d43ffa744da8b12f7e7,computed_cycle_to_cycle,East Windsor,NJ,multiple_distinct_values_at_same_position_cycle_without_resolved_schedule_location,"3 distinct values: [19.89, 20.29, 20.69]"
B4X2500NORM-aeec33e12b9adc55f1445379,computed_cycle_to_cycle,East Windsor,NJ,multiple_distinct_values_at_same_position_cycle_without_resolved_schedule_location,"3 distinct values: [19.89, 20.29, 20.69]"
B4X2500NORM-1dff99ef6300a986133160a4,computed_cycle_to_cycle,Evesham,NJ,multiple_distinct_values_at_same_position_cycle_without_resolved_schedule_location,"3 distinct values: [39.0, 41.0, 61.0]"
B4X2500NORM-7f58163ad0664fa47fb74f23,computed_cycle_to_cycle,Evesham,NJ,multiple_distinct_values_at_same_position_cycle_without_resolved_schedule_location,"3 distinct values: [39.0, 41.0, 61.0]"
B4X2500NORM-9e58776cf3973c37970a66f9,computed_cycle_to_cycle,Evesham,NJ,multiple_distinct_values_at_same_position_cycle_without_resolved_schedule_location,"3 distinct values: [39.0, 41.0, 61.0]"
B4X2500NORM-17e97736a2688c43b8723b59,computed_cycle_to_cycle,Gloucester,NJ,multiple_distinct_values_at_same_position_cycle_without_resolved_schedule_location,"5 distinct values: [10.0, 13.125, 34.57, 35.27, 35.97]"
B4X2500NORM-1d65fd7edab3d220c295ad21,computed_cycle_to_cycle,Gloucester,NJ,multiple_distinct_values_at_same_position_cycle_without_resolved_schedule_location,"5 distinct values: [10.0, 13.125, 34.57, 35.27, 35.97]"
B4X2500NORM-ba5941c72006b88f7e6076ba,computed_cycle_to_cycle,Gloucester,NJ,multiple_distinct_values_at_same_position_cycle_without_resolved_schedule_location,"5 distinct values: [10.0, 13.125, 34.57, 35.27, 35.97]"
B4X2500NORM-c9ffefc8099eaa581be7c58f,computed_cycle_to_cycle,Gloucester,NJ,multiple_distinct_values_at_same_position_cycle_without_resolved_schedule_location,"5 distinct values: [10.0, 13.125, 34.57, 35.27, 35.97]"
B4X2500NORM-f99f369d68cbdd8da37767cb,computed_cycle_to_cycle,Gloucester,NJ,multiple_distinct_values_at_same_position_cycle_without_resolved_schedule_location,"5 distinct values: [10.0, 13.125, 34.57, 35.27, 35.97]"
B4X2500NORM-626a7f940d726e2573ff903b,computed_cycle_to_cycle,Lambertville,NJ,multiple_distinct_values_at_same_position_cycle_without_resolved_schedule_location,"2 distinct values: [30.0, 55.0]"
B4X2500NORM-cc06f58468ea7f446790f15a,computed_cycle_to_cycle,Lambertville,NJ,multiple_distinct_values_at_same_position_cycle_without_resolved_schedule_location,"2 distinct values: [30.0, 55.0]"
B4X2500NORM-40c38aa66e072ea448b72c77,computed_cycle_to_cycle,Middletown,NJ,multiple_distinct_values_at_same_position_cycle_without_resolved_schedule_location,"2 distinct values: [15.0, 25.0]"
B4X2500NORM-f5650bc9a89bdaea2de6f240,computed_cycle_to_cycle,Middletown,NJ,multiple_distinct_values_at_same_position_cycle_without_resolved_schedule_location,"2 distinct values: [15.0, 25.0]"
B4X2500NORM-0d16eb2ca269f2fd1b842823,computed_cycle_to_cycle,Millstone,NJ,multiple_distinct_values_at_same_position_cycle_without_resolved_schedule_location,"2 distinct values: [20.0, 25.0]"
B4X2500NORM-21f29412cb37cf688865d2ae,computed_cycle_to_cycle,Millstone,NJ,multiple_distinct_values_at_same_position_cycle_without_resolved_schedule_location,"2 distinct values: [20.0, 22.0]"
B4X2500NORM-38adfc912aeb621027950af6,computed_cycle_to_cycle,Millstone,NJ,multiple_distinct_values_at_same_position_cycle_without_resolved_schedule_location,"2 distinct values: [20.0, 22.0]"
B4X2500NORM-eb96956cffe1f433a40aaef9,computed_cycle_to_cycle,Millstone,NJ,multiple_distinct_values_at_same_position_cycle_without_resolved_schedule_location,"2 distinct values: [20.0, 25.0]"
B4X2500NORM-6ae3b5b04892f99073fc4f67,computed_cycle_to_cycle,Old Tappan,NJ,multiple_distinct_values_at_same_position_cycle_without_resolved_schedule_location,"2 distinct values: [25.0, 35.0]"
B4X2500NORM-70f42cb3d5f2c5a06c43d429,computed_cycle_to_cycle,Old Tappan,NJ,multiple_distinct_values_at_same_position_cycle_without_resolved_schedule_location,"2 distinct values: [25.0, 35.0]"
B4X2500NORM-b0337ba3974c7c043f14ce7c,computed_cycle_to_cycle,Old Tappan,NJ,multiple_distinct_values_at_same_position_cycle_without_resolved_schedule_location,"2 distinct values: [25.0, 35.0]"
B4X2500NORM-ca616dcc4b54909c3abe89a5,computed_cycle_to_cycle,Stanhope,NJ,multiple_distinct_values_at_same_position_cycle_without_resolved_schedule_location,"2 distinct values: [16.54, 23.21]"
B4X2500NORM-f87dffa9a5f3726e6face417,computed_cycle_to_cycle,Stanhope,NJ,multiple_distinct_values_at_same_position_cycle_without_resolved_schedule_location,"2 distinct values: [16.54, 23.21]"
B4X2500NORM-1ddf455533fb9fa61f25d2e5,computed_cycle_to_cycle,Wantage,NJ,multiple_distinct_values_at_same_position_cycle_without_resolved_schedule_location,"2 distinct values: [20.0, 25.0]"
B4X2500NORM-ba2af0650e06c2e201958ffc,computed_cycle_to_cycle,Wantage,NJ,multiple_distinct_values_at_same_position_cycle_without_resolved_schedule_location,"2 distinct values: [20.0, 25.0]"
B4X2500NORM-02e74c3dea6fdfb1450862e5,computed_cycle_to_cycle,Washington,NJ,multiple_distinct_values_at_same_position_cycle_without_resolved_schedule_location,"2 distinct values: [36.0, 45.0]"
B4X2500NORM-6388a6de82ae23a54763a0ec,computed_cycle_to_cycle,Washington,NJ,multiple_distinct_values_at_same_position_cycle_without_resolved_schedule_location,"2 distinct values: [36.0, 45.0]"
B4X2500NORM-ca0becc799c4108114ec4d76,computed_cycle_to_cycle,Washington,NJ,multiple_distinct_values_at_same_position_cycle_without_resolved_schedule_location,"2 distinct values: [36.0, 45.0]"
B4X2500NORM-5babe61c76c7c0e049a0ec5c,computed_cycle_to_cycle,Ballston,NY,multiple_distinct_values_at_same_position_cycle_without_resolved_schedule_location,"2 distinct values: [16.72, 23.61]"
B4X2500NORM-a6ff3b21d02146dfb29581e7,computed_cycle_to_cycle,Ballston,NY,multiple_distinct_values_at_same_position_cycle_without_resolved_schedule_location,"2 distinct values: [16.72, 23.61]"
B4X2500NORM-74b519ba21abaa093496e448,computed_cycle_to_cycle,Hyde Park,NY,multiple_distinct_values_at_same_position_cycle_without_resolved_schedule_location,"3 distinct values: [19.0, 35.28, 250.0]"
B4X2500NORM-9eda8a3b5261e678ed673df8,computed_cycle_to_cycle,Hyde Park,NY,multiple_distinct_values_at_same_position_cycle_without_resolved_schedule_location,"3 distinct values: [19.0, 35.28, 250.0]"
B4X2500NORM-e34cc88ac56dbcaa61df1731,computed_cycle_to_cycle,Hyde Park,NY,multiple_distinct_values_at_same_position_cycle_without_resolved_schedule_location,"3 distinct values: [19.0, 35.28, 250.0]"
B4X2500NORM-30399e50d500f7fbd8e9e35b,computed_cycle_to_cycle,Malone,NY,multiple_distinct_values_at_same_position_cycle_without_resolved_schedule_location,"2 distinct values: [28.57, 31.68]"
B4X2500NORM-e55d8e598f0ec3f0ebc3f220,computed_cycle_to_cycle,Malone,NY,multiple_distinct_values_at_same_position_cycle_without_resolved_schedule_location,"2 distinct values: [28.57, 31.68]"
B4X2500NORM-03e8f1d959ba93419ea508b9,computed_cycle_to_cycle,Shawangunk,NY,multiple_distinct_values_at_same_position_cycle_without_resolved_schedule_location,"2 distinct values: [19.25, 19.61]"
B4X2500NORM-526b6f6838e8cd764934ea44,computed_cycle_to_cycle,Shawangunk,NY,multiple_distinct_values_at_same_position_cycle_without_resolved_schedule_location,"2 distinct values: [19.25, 19.61]"
B4X2500NORM-eea36da5d85715a832ce3f74,computed_cycle_to_cycle,Shawangunk,NY,multiple_distinct_values_at_same_position_cycle_without_resolved_schedule_location,"2 distinct values: [19.25, 19.61]"
B4X2500NORM-4b21ca25629c0db1feeb3c1f,computed_cycle_to_cycle,Watkins Glen,NY,multiple_distinct_values_at_same_position_cycle_without_resolved_schedule_location,"2 distinct values: [12.5, 15.8]"
B4X2500NORM-bc6381850d2593bef6c5991b,computed_cycle_to_cycle,Watkins Glen,NY,multiple_distinct_values_at_same_position_cycle_without_resolved_schedule_location,"2 distinct values: [12.5, 15.8]"
B4X2500NORM-1522c0c226a9e8bbf179420c,computed_cycle_to_cycle,Antwerp,OH,multiple_distinct_values_at_same_position_cycle_without_resolved_schedule_location,"2 distinct values: [26148.99, 46854.6]"
B4X2500NORM-3d3f530ec6501bbe7800ce5f,computed_cycle_to_cycle,Antwerp,OH,multiple_distinct_values_at_same_position_cycle_without_resolved_schedule_location,"3 distinct values: [9.93, 15.75, 19.69]"
B4X2500NORM-a628097a4cd038eced1c7cd0,computed_cycle_to_cycle,Antwerp,OH,multiple_distinct_values_at_same_position_cycle_without_resolved_schedule_location,"2 distinct values: [26148.99, 46854.6]"
B4X2500NORM-b9943c538cb87345b2be9fbc,computed_cycle_to_cycle,Antwerp,OH,multiple_distinct_values_at_same_position_cycle_without_resolved_schedule_location,"3 distinct values: [9.93, 15.75, 19.69]"
B4X2500NORM-e6bfaddfa9f88da2e0a843f2,computed_cycle_to_cycle,Antwerp,OH,multiple_distinct_values_at_same_position_cycle_without_resolved_schedule_location,"3 distinct values: [9.93, 15.75, 19.69]"
B4X2500NORM-201900849dd6a38ccb33b46f,computed_cycle_to_cycle,Berlin,OH,multiple_distinct_values_at_same_position_cycle_without_resolved_schedule_location,"3 distinct values: [17.89, 22.38, 23.05]"
B4X2500NORM-6507d674c5321d2922460d67,computed_cycle_to_cycle,Berlin,OH,multiple_distinct_values_at_same_position_cycle_without_resolved_schedule_location,"3 distinct values: [17.89, 22.38, 23.05]"
B4X2500NORM-75baf21957524849ef00633e,computed_cycle_to_cycle,Berlin,OH,multiple_distinct_values_at_same_position_cycle_without_resolved_schedule_location,"3 distinct values: [17.89, 22.38, 23.05]"
B4X2500NORM-8595c45e1932683e033eea21,computed_cycle_to_cycle,Berlin,OH,multiple_distinct_values_at_same_position_cycle_without_resolved_schedule_location,"3 distinct values: [17.89, 22.38, 23.05]"
B4X2500NORM-9dbf115e0936edb13534ac40,computed_cycle_to_cycle,Berlin,OH,multiple_distinct_values_at_same_position_cycle_without_resolved_schedule_location,"3 distinct values: [17.89, 22.38, 23.05]"
B4X2500NORM-ce39a7bfa1f4c9247d6243f0,computed_cycle_to_cycle,Berlin,OH,multiple_distinct_values_at_same_position_cycle_without_resolved_schedule_location,"3 distinct values: [17.89, 22.38, 23.05]"
B4X2500NORM-17de39251bf159d68cfdb1c3,computed_cycle_to_cycle,Defiance,OH,multiple_distinct_values_at_same_position_cycle_without_resolved_schedule_location,"3 distinct values: [13.0, 17.0, 25.0]"
B4X2500NORM-72b56b7bba4c901f3f74819d,computed_cycle_to_cycle,Defiance,OH,multiple_distinct_values_at_same_position_cycle_without_resolved_schedule_location,"3 distinct values: [13.0, 17.0, 25.0]"
B4X2500NORM-747a33d3edfd7c7cd98ca75b,computed_cycle_to_cycle,Defiance,OH,multiple_distinct_values_at_same_position_cycle_without_resolved_schedule_location,"3 distinct values: [13.0, 17.0, 25.0]"
B4X2500NORM-504c562d69364a46422780ab,computed_cycle_to_cycle,Greenwich,OH,multiple_distinct_values_at_same_position_cycle_without_resolved_schedule_location,"2 distinct values: [15.0, 16.0]"
B4X2500NORM-a9b51f45b0191f7c6183cfb4,computed_cycle_to_cycle,Greenwich,OH,multiple_distinct_values_at_same_position_cycle_without_resolved_schedule_location,"2 distinct values: [15.0, 16.0]"
B4X2500NORM-d5e2566ba725d0e2a6bfeb6a,computed_cycle_to_cycle,Greenwich,OH,multiple_distinct_values_at_same_position_cycle_without_resolved_schedule_location,"2 distinct values: [15.0, 16.0]"
B4X2500NORM-6a953c547f476d0a9847d428,computed_cycle_to_cycle,Hanover,OH,multiple_distinct_values_at_same_position_cycle_without_resolved_schedule_location,"2 distinct values: [13.0, 14.5]"
B4X2500NORM-c09c89eada173bccd7bbb5a0,computed_cycle_to_cycle,Hanover,OH,multiple_distinct_values_at_same_position_cycle_without_resolved_schedule_location,"2 distinct values: [13.0, 14.5]"
B4X2500NORM-1f0d62bb1c21965c0ecce0b9,computed_cycle_to_cycle,Hubbard,OH,multiple_distinct_values_at_same_position_cycle_without_resolved_schedule_location,"2 distinct values: [25.2, 25.39]"
B4X2500NORM-23fa74897dae1f185f44237d,computed_cycle_to_cycle,Hubbard,OH,multiple_distinct_values_at_same_position_cycle_without_resolved_schedule_location,"2 distinct values: [25.2, 25.39]"
B4X2500NORM-971a1782de94c16ad8753ec8,computed_cycle_to_cycle,Hubbard,OH,multiple_distinct_values_at_same_position_cycle_without_resolved_schedule_location,"2 distinct values: [25.2, 25.39]"
B4X2500NORM-5d9f8494cbab8d70c0f23810,computed_cycle_to_cycle,South Amherst,OH,multiple_distinct_values_at_same_position_cycle_without_resolved_schedule_location,"3 distinct values: [13.18, 15.0, 150.0]"
B4X2500NORM-68671e85cbd99ff2edc6cb5a,computed_cycle_to_cycle,South Amherst,OH,multiple_distinct_values_at_same_position_cycle_without_resolved_schedule_location,"3 distinct values: [13.18, 15.0, 150.0]"
B4X2500NORM-713b10e59cc3d7c0916f4779,computed_cycle_to_cycle,South Amherst,OH,multiple_distinct_values_at_same_position_cycle_without_resolved_schedule_location,"2 distinct values: [15.2, 16.76]"
B4X2500NORM-99457d79d60865c0aea5a5cd,computed_cycle_to_cycle,South Amherst,OH,multiple_distinct_values_at_same_position_cycle_without_resolved_schedule_location,"3 distinct values: [13.18, 15.0, 150.0]"
B4X2500NORM-f8791e1962066ebbd58a4493,computed_cycle_to_cycle,South Amherst,OH,multiple_distinct_values_at_same_position_cycle_without_resolved_schedule_location,"2 distinct values: [15.2, 16.76]"
B4X2500NORM-32a68af22810b1af9119ef52,computed_cycle_to_cycle,St. Clair,OH,multiple_distinct_values_at_same_position_cycle_without_resolved_schedule_location,"3 distinct values: [24.14, 24.38, 24.63]"
B4X2500NORM-9cf6184c5b3906c30ef5f63d,computed_cycle_to_cycle,St. Clair,OH,multiple_distinct_values_at_same_position_cycle_without_resolved_schedule_location,"3 distinct values: [24.14, 24.38, 24.63]"
B4X2500NORM-b9868f219093ca7fb89ef8e5,computed_cycle_to_cycle,St. Clair,OH,multiple_distinct_values_at_same_position_cycle_without_resolved_schedule_location,"3 distinct values: [24.14, 24.38, 24.63]"
B4X2500NORM-49bc69391b51eb161839c811,computed_cycle_to_cycle,Pond Creek,OK,multiple_distinct_values_at_same_position_cycle_without_resolved_schedule_location,"3 distinct values: [9.0, 9.5, 10.0]"
B4X2500NORM-9ae344349a75c1076c62de0b,computed_cycle_to_cycle,Pond Creek,OK,multiple_distinct_values_at_same_position_cycle_without_resolved_schedule_location,"3 distinct values: [9.0, 9.5, 10.0]"
B4X2500NORM-d98b412dd283a06612bc77be,computed_cycle_to_cycle,Pond Creek,OK,multiple_distinct_values_at_same_position_cycle_without_resolved_schedule_location,"3 distinct values: [9.0, 9.5, 10.0]"
B4X2500NORM-0136525c07176db9f65505d3,computed_cycle_to_cycle,Alburtis,PA,multiple_distinct_values_at_same_position_cycle_without_resolved_schedule_location,"3 distinct values: [11.22, 17.64, 17.81]"
B4X2500NORM-294a0e5d4a6839c8e24b748b,computed_cycle_to_cycle,Alburtis,PA,multiple_distinct_values_at_same_position_cycle_without_resolved_schedule_location,"3 distinct values: [11.22, 17.64, 17.81]"
B4X2500NORM-b2c3c52531f96c50508daa4b,computed_cycle_to_cycle,Alburtis,PA,multiple_distinct_values_at_same_position_cycle_without_resolved_schedule_location,"3 distinct values: [11.22, 17.64, 17.81]"
B4X2500NORM-b92aa4c37a6f90899038df50,computed_cycle_to_cycle,Alburtis,PA,multiple_distinct_values_at_same_position_cycle_without_resolved_schedule_location,"3 distinct values: [11.22, 17.64, 17.81]"
B4X2500NORM-370b10ad6340b485d4e23a79,computed_cycle_to_cycle,Muncy,PA,multiple_distinct_values_at_same_position_cycle_without_resolved_schedule_location,"2 distinct values: [18.83, 19.83]"
B4X2500NORM-c30452852513a8f7b870402d,computed_cycle_to_cycle,Muncy,PA,multiple_distinct_values_at_same_position_cycle_without_resolved_schedule_location,"2 distinct values: [18.83, 19.83]"
B4X2500NORM-51a54be29c1dd0a9717cbb3f,computed_cycle_to_cycle,Big Stone City,SD,multiple_distinct_values_at_same_position_cycle_without_resolved_schedule_location,"2 distinct values: [26.0, 30.81]"
B4X2500NORM-7520f61ec823abce1ba51af2,computed_cycle_to_cycle,Big Stone City,SD,multiple_distinct_values_at_same_position_cycle_without_resolved_schedule_location,"2 distinct values: [26.0, 30.81]"
B4X2500NORM-89e650d37bd818d9806f17e9,computed_cycle_to_cycle,Gary,SD,multiple_distinct_values_at_same_position_cycle_without_resolved_schedule_location,"2 distinct values: [10.8, 225.0]"
B4X2500NORM-a96eeefe5d667e3d4d4f87e7,computed_cycle_to_cycle,Gary,SD,multiple_distinct_values_at_same_position_cycle_without_resolved_schedule_location,"2 distinct values: [10.8, 225.0]"
B4X2500NORM-015042c60d2771e8c4dc302d,computed_cycle_to_cycle,Gayville,SD,multiple_distinct_values_at_same_position_cycle_without_resolved_schedule_location,"2 distinct values: [18.0, 21.5]"
B4X2500NORM-f4ae79332bc22f56d20b8c25,computed_cycle_to_cycle,Gayville,SD,multiple_distinct_values_at_same_position_cycle_without_resolved_schedule_location,"2 distinct values: [18.0, 21.5]"
B4X2500NORM-05b0ad66a110f34368e6aeb3,computed_cycle_to_cycle,Kennebec,SD,multiple_distinct_values_at_same_position_cycle_without_resolved_schedule_location,"3 distinct values: [9.45, 15.0, 16.06]"
B4X2500NORM-6c6976e8aea2ac8198a0e259,computed_cycle_to_cycle,Kennebec,SD,multiple_distinct_values_at_same_position_cycle_without_resolved_schedule_location,"3 distinct values: [9.45, 15.0, 16.06]"
B4X2500NORM-abd0edef4ec613b669faad67,computed_cycle_to_cycle,Kennebec,SD,multiple_distinct_values_at_same_position_cycle_without_resolved_schedule_location,"3 distinct values: [9.45, 15.0, 16.06]"
B4X2500NORM-2c9581166bf7d19858d0e04b,computed_cycle_to_cycle,Volga,SD,multiple_distinct_values_at_same_position_cycle_without_resolved_schedule_location,"2 distinct values: [14.0, 15.0]"
B4X2500NORM-b0d21c8cc34247746beb3e75,computed_cycle_to_cycle,Volga,SD,multiple_distinct_values_at_same_position_cycle_without_resolved_schedule_location,"2 distinct values: [14.0, 15.0]"
B4X2500NORM-c8b09577c93c5795fe18d8a9,computed_cycle_to_cycle,Volga,SD,multiple_distinct_values_at_same_position_cycle_without_resolved_schedule_location,"2 distinct values: [14.0, 15.0]"
B4X2500NORM-03e717b56fd194d23bace295,computed_cycle_to_cycle,Wentworth,SD,multiple_distinct_values_at_same_position_cycle_without_resolved_schedule_location,"2 distinct values: [12.5, 15.0]"
B4X2500NORM-849421b42652b76e10631104,computed_cycle_to_cycle,Wentworth,SD,multiple_distinct_values_at_same_position_cycle_without_resolved_schedule_location,"2 distinct values: [13.0, 15.0]"
B4X2500NORM-8b98a0a7c34fd6982869eedb,computed_cycle_to_cycle,Wentworth,SD,multiple_distinct_values_at_same_position_cycle_without_resolved_schedule_location,"2 distinct values: [13.0, 15.0]"
B4X2500NORM-ef7758d2db3b59c8bb9b0332,computed_cycle_to_cycle,Wentworth,SD,multiple_distinct_values_at_same_position_cycle_without_resolved_schedule_location,"2 distinct values: [12.5, 15.0]"
B4X2500NORM-5b6c10f923236a95567ae753,computed_cycle_to_cycle,Wolsey,SD,multiple_distinct_values_at_same_position_cycle_without_resolved_schedule_location,"3 distinct values: [12.0, 15.0, 20.0]"
B4X2500NORM-5d5137189016d5566390d932,computed_cycle_to_cycle,Wolsey,SD,multiple_distinct_values_at_same_position_cycle_without_resolved_schedule_location,"3 distinct values: [12.0, 15.0, 20.0]"
B4X2500NORM-9cb29bd7887d3114da585bfb,computed_cycle_to_cycle,Wolsey,SD,multiple_distinct_values_at_same_position_cycle_without_resolved_schedule_location,"3 distinct values: [12.0, 15.0, 20.0]"
B4X2500NORM-5327c4759f91215dff0f6192,computed_cycle_to_cycle,Hitchcock,TX,multiple_distinct_values_at_same_position_cycle_without_resolved_schedule_location,"2 distinct values: [26.0, 28.08]"
B4X2500NORM-8994ca9304a52dde13e0a323,computed_cycle_to_cycle,Hitchcock,TX,multiple_distinct_values_at_same_position_cycle_without_resolved_schedule_location,"2 distinct values: [26.0, 28.08]"
B4X2500NORM-4eb650d793f52d1bc88e9d45,computed_cycle_to_cycle,Eureka,UT,multiple_distinct_values_at_same_position_cycle_without_resolved_schedule_location,"2 distinct values: [18.0, 19.0]"
B4X2500NORM-fe3db0a707d0e9e445f2763b,computed_cycle_to_cycle,Eureka,UT,multiple_distinct_values_at_same_position_cycle_without_resolved_schedule_location,"2 distinct values: [18.0, 19.0]"
B4X2500NORM-9a0282e84fedc88d18e023e7,computed_cycle_to_cycle,Paragonah,UT,multiple_distinct_values_at_same_position_cycle_without_resolved_schedule_location,"4 distinct values: [15.0, 16.0, 17.0, 18.0]"
B4X2500NORM-aff658b2dd99849b88bb7d9b,computed_cycle_to_cycle,Paragonah,UT,multiple_distinct_values_at_same_position_cycle_without_resolved_schedule_location,"4 distinct values: [15.0, 16.0, 17.0, 18.0]"
B4X2500NORM-e84e3cdca79b86be1b9bb12d,computed_cycle_to_cycle,Paragonah,UT,multiple_distinct_values_at_same_position_cycle_without_resolved_schedule_location,"4 distinct values: [15.0, 16.0, 17.0, 18.0]"
B4X2500NORM-fe5af9095516fb44a35adc46,computed_cycle_to_cycle,Paragonah,UT,multiple_distinct_values_at_same_position_cycle_without_resolved_schedule_location,"4 distinct values: [15.0, 16.0, 17.0, 18.0]"
B4X2500NORM-37d34226deeac40decaef023,computed_cycle_to_cycle,Corinth,VT,multiple_distinct_values_at_same_position_cycle_without_resolved_schedule_location,"2 distinct values: [10.0, 15.0]"
B4X2500NORM-5c5b49e63bd300be944c1ad6,computed_cycle_to_cycle,Corinth,VT,multiple_distinct_values_at_same_position_cycle_without_resolved_schedule_location,"2 distinct values: [10.0, 15.0]"
B4X2500NORM-5d3e4615c26d24fd51c332e6,computed_cycle_to_cycle,Corinth,VT,multiple_distinct_values_at_same_position_cycle_without_resolved_schedule_location,"2 distinct values: [10.0, 15.0]"
B4X2500NORM-66e61b64a4fdfc1e4bb207c3,computed_cycle_to_cycle,Corinth,VT,multiple_distinct_values_at_same_position_cycle_without_resolved_schedule_location,"2 distinct values: [10.0, 15.0]"
B4X2500NORM-7d8a0a74ce25eaa061eff7ce,computed_cycle_to_cycle,Fletcher,VT,multiple_distinct_values_at_same_position_cycle_without_resolved_schedule_location,"2 distinct values: [14.64, 16.19]"
B4X2500NORM-a332bd43a7907cd64d1644dc,computed_cycle_to_cycle,Fletcher,VT,multiple_distinct_values_at_same_position_cycle_without_resolved_schedule_location,"2 distinct values: [14.0, 15.5]"
B4X2500NORM-ba72d8133eff34d525b83da9,computed_cycle_to_cycle,Fletcher,VT,multiple_distinct_values_at_same_position_cycle_without_resolved_schedule_location,"2 distinct values: [14.0, 15.5]"
B4X2500NORM-bc5f4b73b554bbf3dc0f0f0f,computed_cycle_to_cycle,Fletcher,VT,multiple_distinct_values_at_same_position_cycle_without_resolved_schedule_location,"2 distinct values: [14.64, 16.19]"
B4X2500NORM-58b6a1e6155135f88dac594e,computed_cycle_to_cycle,New Haven,VT,multiple_distinct_values_at_same_position_cycle_without_resolved_schedule_location,"3 distinct values: [10.0, 18.47, 21.74]"
B4X2500NORM-9d3ea3119fe627b5a25e7405,computed_cycle_to_cycle,New Haven,VT,multiple_distinct_values_at_same_position_cycle_without_resolved_schedule_location,"3 distinct values: [10.0, 18.47, 21.74]"
B4X2500NORM-dac971e16dddc63f8d9c2b59,computed_cycle_to_cycle,New Haven,VT,multiple_distinct_values_at_same_position_cycle_without_resolved_schedule_location,"3 distinct values: [10.0, 18.47, 21.74]"
B4X2500NORM-49dec76b064a4ac0dc20db8c,computed_cycle_to_cycle,Westfield,VT,multiple_distinct_values_at_same_position_cycle_without_resolved_schedule_location,"2 distinct values: [22.73, 24.53]"
B4X2500NORM-5d3f170e293e72f5430ce494,computed_cycle_to_cycle,Westfield,VT,multiple_distinct_values_at_same_position_cycle_without_resolved_schedule_location,"2 distinct values: [11.0, 120.0]"
B4X2500NORM-76e23e4e907c1feb47d167cd,computed_cycle_to_cycle,Westfield,VT,multiple_distinct_values_at_same_position_cycle_without_resolved_schedule_location,"2 distinct values: [11.0, 120.0]"
B4X2500NORM-9c847d161ae6ce5ccceab9d9,computed_cycle_to_cycle,Westfield,VT,multiple_distinct_values_at_same_position_cycle_without_resolved_schedule_location,"2 distinct values: [22.73, 24.53]"
B4X2500NORM-18b58e5e3ee6398d2b70d649,computed_cycle_to_cycle,Entiat,WA,multiple_distinct_values_at_same_position_cycle_without_resolved_schedule_location,"7 distinct values: [9.6136, 10.0943, 121.1313, 125.0, 127.1879, 140.0, 185.0]"
B4X2500NORM-2edae2dc8d09b78f6bdfed36,computed_cycle_to_cycle,Entiat,WA,multiple_distinct_values_at_same_position_cycle_without_resolved_schedule_location,"7 distinct values: [9.6136, 10.0943, 121.1313, 125.0, 127.1879, 140.0, 185.0]"
B4X2500NORM-5156f2d3f402279c7e03ca26,computed_cycle_to_cycle,Entiat,WA,multiple_distinct_values_at_same_position_cycle_without_resolved_schedule_location,"7 distinct values: [9.6136, 10.0943, 121.1313, 125.0, 127.1879, 140.0, 185.0]"
B4X2500NORM-555409a61dd8611648f552cc,computed_cycle_to_cycle,Entiat,WA,multiple_distinct_values_at_same_position_cycle_without_resolved_schedule_location,"7 distinct values: [9.6136, 10.0943, 121.1313, 125.0, 127.1879, 140.0, 185.0]"
B4X2500NORM-73117970fa4466d9afaa99f7,computed_cycle_to_cycle,Entiat,WA,multiple_distinct_values_at_same_position_cycle_without_resolved_schedule_location,"7 distinct values: [9.6136, 10.0943, 121.1313, 125.0, 127.1879, 140.0, 185.0]"
B4X2500NORM-ae012409d397fe9e2fd7090b,computed_cycle_to_cycle,Entiat,WA,multiple_distinct_values_at_same_position_cycle_without_resolved_schedule_location,"7 distinct values: [9.6136, 10.0943, 121.1313, 125.0, 127.1879, 140.0, 185.0]"
B4X2500NORM-d097ad21242750f08a9e6c37,computed_cycle_to_cycle,Entiat,WA,multiple_distinct_values_at_same_position_cycle_without_resolved_schedule_location,"7 distinct values: [9.6136, 10.0943, 121.1313, 125.0, 127.1879, 140.0, 185.0]"
B4X2500NORM-e365d00ddab425675fac0fe5,computed_cycle_to_cycle,Entiat,WA,multiple_distinct_values_at_same_position_cycle_without_resolved_schedule_location,"7 distinct values: [9.6136, 10.0943, 121.1313, 125.0, 127.1879, 140.0, 185.0]"
B4X2500NORM-09b9fb8a5457f43355edeaed,computed_cycle_to_cycle,Menomonie,WI,multiple_distinct_values_at_same_position_cycle_without_resolved_schedule_location,"2 distinct values: [22.0, 24.0]"
B4X2500NORM-78d4ddb49bb2590677aa0c81,computed_cycle_to_cycle,Menomonie,WI,multiple_distinct_values_at_same_position_cycle_without_resolved_schedule_location,"2 distinct values: [22.0, 24.0]"
B4X2500NORM-f46ae46118f4de24732971fe,computed_cycle_to_cycle,Menomonie,WI,multiple_distinct_values_at_same_position_cycle_without_resolved_schedule_location,"2 distinct values: [22.0, 24.0]"
B4X2500NORM-a71a803539bfbb85ad721bac,source_reported_growth_rate,Ashville,AL,insufficient_context_to_confirm_recurring_wage_growth,"Watkins, which would keep in place the 5% raise they had received just prior to resetting the base police"
B4X2500NORM-39200c4feed87d3cbbd9a1b7,source_reported_growth_rate,Loachapoka,AL,insufficient_context_to_confirm_recurring_wage_growth,a 5% increase for Ms.
B4X2500NORM-897b0ece461e97c5c5c4ea62,source_reported_growth_rate,Loachapoka,AL,proposal_or_bargaining_context_not_confirmed_implemented_growth,The proposal provides for an increase of 10% operational and 4% capital each year
B4X2500NORM-d48f340c7f4b78e108ea00d3,source_reported_growth_rate,Loachapoka,AL,insufficient_context_to_confirm_recurring_wage_growth,• The employee must obtain a minimum a “Meets Expectations” for up to a 2.0% increase
B4X2500NORM-d6dddfcf03873ee3eadfae4a,source_reported_growth_rate,Fort Jones,CA,insufficient_context_to_confirm_recurring_wage_growth,"Step Calulation method: 3%, $1 for Certs."
B4X2500NORM-acd2ae7e38f11c4461f638bc,source_reported_growth_rate,Sutter Creek,CA,insufficient_context_to_confirm_recurring_wage_growth,Membership dues are deducted every pay period at the current rate of 1.3% of earnings with an annual maximum deduction of $600.00.
B4X2500NORM-f88a4dff19d800d0d1919172,source_reported_growth_rate,Tulelake,CA,insufficient_context_to_confirm_recurring_wage_growth,2.5% increase between each step.
B4X2500NORM-31cbd97fb634dd341e5ca051,source_reported_growth_rate,Mountain Village,CO,insufficient_context_to_confirm_recurring_wage_growth,deductibles and maximum out of pocket for employees but reduced our premiums from a 19% increase to a 6%
B4X2500NORM-5c576c6b6780cc8f29014d03,source_reported_growth_rate,Mountain Village,CO,insufficient_context_to_confirm_recurring_wage_growth,deductibles and maximum out of pocket for employees but reduced our premiums from a 19% increase to a 6% increase.
B4X2500NORM-a3471ec498d759f431839284,source_reported_growth_rate,Golden Beach,FL,insufficient_context_to_confirm_recurring_wage_growth,The current topped out sergeant will get a 3% increase in the first year and a 2%
B4X2500NORM-caa00d78706ab1f7e78fc3a1,source_reported_growth_rate,Golden Beach,FL,insufficient_context_to_confirm_recurring_wage_growth," Steps 1 through 10 will increase by an average of 34% effective October 1, 2022."
B4X2500NORM-feb192c30f29c3ac2e3c2b3d,source_reported_growth_rate,Sewall's Point,FL,insufficient_context_to_confirm_recurring_wage_growth,"discussed extensively during the 2019 budget workshops, culminating with a 10% increase across the"
B4X2500NORM-1e8ddcef6c093bc614defee5,source_reported_growth_rate,Euharlee,GA,insufficient_context_to_confirm_recurring_wage_growth,39% increase.
B4X2500NORM-82498a4fa3c00e99dfb64868,source_reported_growth_rate,Euharlee,GA,insufficient_context_to_confirm_recurring_wage_growth,"The total general fund budget is $3,100,814.15 which is a 2% increase over last year's budget."
B4X2500NORM-e8e5bc5611f450c797a477a6,source_reported_growth_rate,Euharlee,GA,insufficient_context_to_confirm_recurring_wage_growth,"It would be advertised as a 5.1% increase, and it would generate"
B4X2500NORM-06a280a1c1a5fd38deb97417,source_reported_growth_rate,Madison,GA,insufficient_context_to_confirm_recurring_wage_growth,"least a 5% increase in pay, and a new anniversary date will"
B4X2500NORM-ada46df8b97675e235d41d7b,source_reported_growth_rate,Madison,GA,insufficient_context_to_confirm_recurring_wage_growth,"possible, a 5% increase in pay."
B4X2500NORM-84221ace69d6ceaba79d2a52,source_reported_growth_rate,Social Circle,GA,insufficient_context_to_confirm_recurring_wage_growth,"A rate increase of 2.5% on the water rate, and 2.5% on the sewer rate was approved in the"
B4X2500NORM-99cfd689f174651e88306e9f,source_reported_growth_rate,Social Circle,GA,percentage_or_amount_is_not_recurring_wage_growth,"The City of Social Circle is projecting $7,286,660 of revenue in FY2024, which represents a 6.3% increase over the prior year."
B4X2500NORM-ea285514f09704ae66d0f3b6,source_reported_growth_rate,Social Circle,GA,insufficient_context_to_confirm_recurring_wage_growth,"Per contract, annual cost increases for these services shall increase by 3.5% per year that Consumer Price Index"
B4X2500NORM-fc67d484ef472df5bacd04a1,source_reported_growth_rate,Social Circle,GA,insufficient_context_to_confirm_recurring_wage_growth,Budgeted expenditures are projected to increase by 52% or $11.9M to $18.1M in FY2024.
B4X2500NORM-531950bf52ff8fcc788007ae,source_reported_growth_rate,Early,IA,insufficient_context_to_confirm_recurring_wage_growth,Pickhinke and seconded by Councilor Langner to increase full time staff by 3.5% increase
B4X2500NORM-4be8f89abdf5cb09745c57c0,source_reported_growth_rate,Fontanelle,IA,insufficient_context_to_confirm_recurring_wage_growth,"Motion by Walker to give 5% raises to city employees back dated to July 1st with another review in December, 2nd by Sickles."
B4X2500NORM-d946bd1810cf611c07b4ea20,source_reported_growth_rate,Gilmore City,IA,insufficient_context_to_confirm_recurring_wage_growth,"for Fiscal Year 2023-24, with a 6% increase."
B4X2500NORM-fd82691ba68b1f4204970064,source_reported_growth_rate,Mechanicsville,IA,prior_audit_exception_police_officer_expressly_excluded,calculate a 10% pay increase for the full time employees except for the police officer
B4X2500NORM-498d59ba3bd045aa3e81ea1f,source_reported_growth_rate,East Dundee,IL,insufficient_context_to_confirm_recurring_wage_growth,the-board shall increase by 2.5%.
B4X2500NORM-8a7f3801082108bb0f292b68,source_reported_growth_rate,Flora,IL,insufficient_context_to_confirm_recurring_wage_growth,"Effective March 7, 2008, the City will pay fifty percent (50%) of the difference between the Employee"
B4X2500NORM-a00dc183c7c3989f6a45b113,source_reported_growth_rate,Flossmoor,IL,insufficient_context_to_confirm_recurring_wage_growth,"any degree and if the Village’s offer of a 3.25% increase effective May 1, 2020 for the fourth year of the"
B4X2500NORM-481deef1b4802973f783c354,source_reported_growth_rate,Geneseo,IL,insufficient_context_to_confirm_recurring_wage_growth,50% of longevity pay.
B4X2500NORM-42b128553ba61fe12d6d9cc2,source_reported_growth_rate,Kildeer,IL,insufficient_context_to_confirm_recurring_wage_growth,2.5% increase.
B4X2500NORM-8db16480f443b5f5a3a75770,source_reported_growth_rate,Tolono,IL,insufficient_context_to_confirm_recurring_wage_growth,"After some analysis was done, it is not going to be an increase of 5% like he"
B4X2500NORM-00af1a96ddcd4b8590d7f2e1,source_reported_growth_rate,Wilmington,IL,insufficient_context_to_confirm_recurring_wage_growth,2.5% increase 2.75% increase 2.5% increase
B4X2500NORM-247d47a0e8e7a29e539c2c77,source_reported_growth_rate,Ligonier,IN,insufficient_context_to_confirm_recurring_wage_growth,Council approved a 1.5% increase in the Perry Township Fire Contract at its last meeting.
B4X2500NORM-514aef659ea8873d4b7e750a,source_reported_growth_rate,Ligonier,IN,insufficient_context_to_confirm_recurring_wage_growth,A 3.5% increase results in the following costs
B4X2500NORM-2ea3c6148b5f14c4ed35a636,source_reported_growth_rate,Mankato,KS,insufficient_context_to_confirm_recurring_wage_growth,Council member Becker moved and Dauner seconded the motion to approve a 2.8% raise for the
B4X2500NORM-b82258b28c4f3556ecb6027b,source_reported_growth_rate,Solomon,KS,insufficient_context_to_confirm_recurring_wage_growth,"Boyer, Britt, Eye, Glavin, Shank: 4% increase"
B4X2500NORM-9eb95dfc3802bb51d3305c61,source_reported_growth_rate,Bloomfield,KY,insufficient_context_to_confirm_recurring_wage_growth,and The City of Bloomfield (after completing a year of service) will receive a 4 or 5% increase
B4X2500NORM-67244e614eb6a7ec3fe549c2,source_reported_growth_rate,Goshen,KY,insufficient_context_to_confirm_recurring_wage_growth,Thacker reported the hourly rate for sheriff deputies will increase by 25% on July 1 st.
B4X2500NORM-54e0d57c0ac6421ae4555cd5,source_reported_growth_rate,Blandford,MA,insufficient_context_to_confirm_recurring_wage_growth,"placed within the range that provides for an increase of a minimum of 2% effective July 1, 2022."
B4X2500NORM-571145424798aa8ad8ee8f56,source_reported_growth_rate,Groton,MA,insufficient_context_to_confirm_recurring_wage_growth,in 2018) and state mandated inspections (6% increase).
B4X2500NORM-c177ad362676eb7452870f90,source_reported_growth_rate,Groton,MA,insufficient_context_to_confirm_recurring_wage_growth,"This new hourly rate would then be increased by 2.5% effective July 1, 2018."
B4X2500NORM-ae155410b4da189b1d7950da,source_reported_growth_rate,Raynham,MA,insufficient_context_to_confirm_recurring_wage_growth,the step which provides him/her with at least a 3% increase.
B4X2500NORM-861392d8e6059fc5a65f8f63,source_reported_growth_rate,West Bridgewater,MA,insufficient_context_to_confirm_recurring_wage_growth,Addition seventh step occurs at completion of fifteen years with a 2% increase
B4X2500NORM-a10fcd2c82e09ccbe019b57e,source_reported_growth_rate,West Bridgewater,MA,insufficient_context_to_confirm_recurring_wage_growth,Addition sixth step occurs at completion often years with a 2% increase
B4X2500NORM-421dfc00ce289a983d50283f,source_reported_growth_rate,Beaver Cove,ME,insufficient_context_to_confirm_recurring_wage_growth,"LUPC ASSESSMENT $ 18,691.00 (ESTIMATE 11% increase)"
B4X2500NORM-1c322d30254d29361e3a7ae6,source_reported_growth_rate,Hiram,ME,insufficient_context_to_confirm_recurring_wage_growth,2024 saw a 15.9% increase in our dispatched call volume.
B4X2500NORM-e27d6ad93447397b2cf28122,source_reported_growth_rate,Ogunquit,ME,insufficient_context_to_confirm_recurring_wage_growth,"Section 4: Unit Employees will receive a 4% increase starting on July 1st, 2022 and will be placed"
B4X2500NORM-1bb428913b88f00af60f6f1c,source_reported_growth_rate,Phippsburg,ME,insufficient_context_to_confirm_recurring_wage_growth,19.54% increase.
B4X2500NORM-6d5ff77386ba5962b2641e18,source_reported_growth_rate,Phippsburg,ME,insufficient_context_to_confirm_recurring_wage_growth,"The FY24 budget, combined operating, capital, and debt service is $10,312,285, an increase of 7.42% over"
B4X2500NORM-aa4ce97c371a2e7cab4a4fb3,source_reported_growth_rate,Phippsburg,ME,insufficient_context_to_confirm_recurring_wage_growth,The cost-of- living increase of 3.2% was recommended by the Select Board and Budget Committee
B4X2500NORM-b922edec69e4aa7ba292c436,source_reported_growth_rate,Phippsburg,ME,insufficient_context_to_confirm_recurring_wage_growth,RSU #1 - 5.14% increase in the amount to be raised for the RSU #1 School Budget (from
B4X2500NORM-f618c5318dc59a9ae217e65c,source_reported_growth_rate,Phippsburg,ME,insufficient_context_to_confirm_recurring_wage_growth,County - 12.52 % increase in the amount to be raised for Phippsburg’s share of the
B4X2500NORM-44641668b2c44d0a5dde8689,source_reported_growth_rate,Solon,ME,insufficient_context_to_confirm_recurring_wage_growth,This represents a 0.22% increase from 2022.
B4X2500NORM-55cdcbb60162defaf60c6217,source_reported_growth_rate,Solon,ME,insufficient_context_to_confirm_recurring_wage_growth,"1,278 total bookings, a 21% increase from 2022."
B4X2500NORM-7a1906002f8ff61148cbfec2,source_reported_growth_rate,Solon,ME,insufficient_context_to_confirm_recurring_wage_growth,"of Solon, which is a 47% increase from 2022."
B4X2500NORM-21222d2f8cafc2e386800dac,source_reported_growth_rate,Augusta charter,MI,insufficient_context_to_confirm_recurring_wage_growth,39% increase for Paid-on-Call.
B4X2500NORM-608fecb29d7c61dfabf5c98a,source_reported_growth_rate,Augusta charter,MI,insufficient_context_to_confirm_recurring_wage_growth,"3% increase effective April 1, 2022."
B4X2500NORM-681e4d126625ade8259a0040,source_reported_growth_rate,Augusta charter,MI,insufficient_context_to_confirm_recurring_wage_growth,"3% increase effective April 1, 2021."
B4X2500NORM-6e655337310368f763cd5523,source_reported_growth_rate,Augusta charter,MI,insufficient_context_to_confirm_recurring_wage_growth,"3% increase effective April 1, 2023."
B4X2500NORM-dac653a5a512451cdd611ab1,source_reported_growth_rate,Augusta charter,MI,insufficient_context_to_confirm_recurring_wage_growth,23% increase for full-time Fire Fighters.
B4X2500NORM-eafe8fbc8dcfe9e8f0913618,source_reported_growth_rate,Augusta charter,MI,insufficient_context_to_confirm_recurring_wage_growth,17% increase for Captains.
B4X2500NORM-b2eb6307a3749e5d6bcb14ef,source_reported_growth_rate,Cassopolis,MI,insufficient_context_to_confirm_recurring_wage_growth,"2% increase for 4 years, 2017, 2018;"
B4X2500NORM-844ae92e73a1527811b23045,source_reported_growth_rate,Delta charter,MI,percentage_or_amount_is_not_recurring_wage_growth,ESTIMATED 2022 REVENUE WITH 9% INCREASE
B4X2500NORM-2df876da951cb2f6d2fb4364,source_reported_growth_rate,Evart,MI,insufficient_context_to_confirm_recurring_wage_growth,Table reflects a 3% change between steps and 2% increase annually with proposed
B4X2500NORM-8c122749ae2662cef25a5eec,source_reported_growth_rate,Evart,MI,insufficient_context_to_confirm_recurring_wage_growth,to a 3% increase each year.
B4X2500NORM-dc8146b9b259a9b0d6eb218a,source_reported_growth_rate,Evart,MI,insufficient_context_to_confirm_recurring_wage_growth,an increase of 2%.
B4X2500NORM-be8375f5c39a79e83fe18222,source_reported_growth_rate,Goodrich,MI,insufficient_context_to_confirm_recurring_wage_growth,"increase of 3% for Rachael Cushman, Village Treasurer, Financial Investment"
B4X2500NORM-e9aefb730a9089a81f76b193,source_reported_growth_rate,Goodrich,MI,insufficient_context_to_confirm_recurring_wage_growth,"increase of 3% for Sheri Wilkerson, Village Administrator/Clerk, Zoning"
B4X2500NORM-ed77ce901c768429d96a2102,source_reported_growth_rate,Goodrich,MI,insufficient_context_to_confirm_recurring_wage_growth,"Financial Officer will increase by 3% ($2,038.40 total) beginning July 1, 2023."
B4X2500NORM-0ab82aea30d094a0f9eb05a1,source_reported_growth_rate,Grand Blanc charter,MI,insufficient_context_to_confirm_recurring_wage_growth,"15% increase effective July 1, 2024."
B4X2500NORM-bd20f995e156bdb94c33da92,source_reported_growth_rate,Grand Rapids charter,MI,insufficient_context_to_confirm_recurring_wage_growth,Consider approval of the 10% increase in the Lakes Special Assessment Districts.
B4X2500NORM-564cf152f67fa66e0606d50e,source_reported_growth_rate,Harbor Beach,MI,insufficient_context_to_confirm_recurring_wage_growth,"The Employer shall give all Union employees a 1% pay increase on May 1, 2023 which was given to all other City"
B4X2500NORM-e967f36582862534559d2635,source_reported_growth_rate,Imlay City,MI,insufficient_context_to_confirm_recurring_wage_growth,"City Manager, in accordance with current contract to receive a 4% pay increase."
B4X2500NORM-a1f16800b02f70db5e1d4ebe,source_reported_growth_rate,Ithaca,MI,insufficient_context_to_confirm_recurring_wage_growth,The rates will incur an increase of 15% - 20% for the 2024-25
B4X2500NORM-cfd4d47aea08f669b019db79,source_reported_growth_rate,Ithaca,MI,insufficient_context_to_confirm_recurring_wage_growth,The proposed alternatives would affect the sewer rate increase of 15% or 5%.
B4X2500NORM-7485e0b1f3a7fa312632d12f,source_reported_growth_rate,Lathrup Village,MI,insufficient_context_to_confirm_recurring_wage_growth,"basis effective January 1, 2021 2025 if the premium increase is at least 10% over the prior year’s"
B4X2500NORM-8fb6b9045f3af5456cf0cec0,source_reported_growth_rate,Lathrup Village,MI,insufficient_context_to_confirm_recurring_wage_growth,"basis effective January 1, 2021 if the premium increase is at least ten (10%) percent over the"
B4X2500NORM-9c190e47a4fdc087d18b4cda,source_reported_growth_rate,Pleasant Ridge,MI,insufficient_context_to_confirm_recurring_wage_growth,"Fiscal Year beginning July 1, 2023: 3% increase"
B4X2500NORM-c09965286a4d59aa2bcd012b,source_reported_growth_rate,Pleasant Ridge,MI,insufficient_context_to_confirm_recurring_wage_growth,"Fiscal Year beginning July 1, 2024: 3% increase"
B4X2500NORM-307c22fa3b3626184e901289,source_reported_growth_rate,Shelby,MI,insufficient_context_to_confirm_recurring_wage_growth,"Then, a yearly inflationary increase of 3.00% to the Village’s ready-to-serve and commodity"
B4X2500NORM-eba5a84741747b2ad1e6e0bc,source_reported_growth_rate,Sparta,MI,insufficient_context_to_confirm_recurring_wage_growth,"45,748 website, a 10% increase from 2022"
B4X2500NORM-8600ca1869006ff84b7bae29,source_reported_growth_rate,Union charter,MI,insufficient_context_to_confirm_recurring_wage_growth,"Employees hired before January 1, 2015 will receive thea 5.5% pay increases"
B4X2500NORM-d1c62049c8b78f662c7ab93b,source_reported_growth_rate,Union charter,MI,insufficient_context_to_confirm_recurring_wage_growth,"Agreement and a 3% pay increase effective on January 1, 2019."
B4X2500NORM-3e8b4ff42c0bdfed692d3f36,source_reported_growth_rate,Braham,MN,insufficient_context_to_confirm_recurring_wage_growth,that the schedule did not reflect a 3% increase in all pay.
B4X2500NORM-a32f899d1560ab04348edb2c,source_reported_growth_rate,Elysian,MN,insufficient_context_to_confirm_recurring_wage_growth,"Total Final Levy $873,039 $802,483 ( 8.8% increase)"
B4X2500NORM-d994a552b301b9aff47ff3de,source_reported_growth_rate,Hawley,MN,insufficient_context_to_confirm_recurring_wage_growth,living adjustment of 3.75% will be applied for the first payroll in 2024;
B4X2500NORM-83ff26f09055ee2237cba8a1,source_reported_growth_rate,Isle,MN,insufficient_context_to_confirm_recurring_wage_growth,Work Comp coverage increase by 3% as
B4X2500NORM-9f4a0f1df1e97500924bc81b,source_reported_growth_rate,Isle,MN,insufficient_context_to_confirm_recurring_wage_growth,Discussed overall increase of 30% on property and liability policies.
B4X2500NORM-fe80a611e472581716d24375,source_reported_growth_rate,Karlstad,MN,insufficient_context_to_confirm_recurring_wage_growth,"5% increase to water and sewer rates: $9,750 annual increase"
B4X2500NORM-314a7ed4de9b6996cdb3d344,source_reported_growth_rate,Lake Benton,MN,proposal_or_bargaining_context_not_confirmed_implemented_growth,"The proposal for the 2022 audit will not exceed $11,750.00 which is a 6.82% increase over"
B4X2500NORM-8d804b1361b9a3718c42952e,source_reported_growth_rate,Mayer,MN,insufficient_context_to_confirm_recurring_wage_growth,2025 Step System (Effective 1/1/2025 reflects 3.0% increase)
B4X2500NORM-2f114e46886a48dfc754e4a9,source_reported_growth_rate,Medford,MN,insufficient_context_to_confirm_recurring_wage_growth,"2022 and all other city employees receive a 3% raise effective January 1, 2023."
B4X2500NORM-9e344983eb4cf86e49ad6715,source_reported_growth_rate,Medford,MN,insufficient_context_to_confirm_recurring_wage_growth,The renewal rate from PEIP was an increase of 50%.
B4X2500NORM-b3a31eec038c26474eebf09c,source_reported_growth_rate,Medford,MN,insufficient_context_to_confirm_recurring_wage_growth,"other city employees receive a 3% raise January 1, 2023 and a possible step increase based on"
B4X2500NORM-ddd289ab4c732280306cfbb1,source_reported_growth_rate,Medford,MN,insufficient_context_to_confirm_recurring_wage_growth,This is a 6.0% increase over the 2022 overall levy.
B4X2500NORM-09b47430b9c9b0d02a2dc0b9,source_reported_growth_rate,Sandstone,MN,percentage_or_amount_is_not_recurring_wage_growth,Health and welfare insurance monthly premium contributions will increase by 4% in 2020 and another 4%
B4X2500NORM-1691af639e359ddbd589aabd,source_reported_growth_rate,Sandstone,MN,insufficient_context_to_confirm_recurring_wage_growth,Option (3) would be a three-year contract with a 3% increase each year.
B4X2500NORM-3de935be3a7e71d1fbdcd975,source_reported_growth_rate,Sandstone,MN,percentage_or_amount_is_not_recurring_wage_growth,Health and welfare insurance monthly premium contributions will increase by 4% in 2020 and another 4% increase in 2021.
B4X2500NORM-43bf301f9e262eb12ef7b65a,source_reported_growth_rate,Sandstone,MN,insufficient_context_to_confirm_recurring_wage_growth,1/1/2023 (3% increase per contract) $27.92
B4X2500NORM-7b65251d1055faa1fa17cfd6,source_reported_growth_rate,Sandstone,MN,insufficient_context_to_confirm_recurring_wage_growth,The 2022 12-month CPI is 7%.
B4X2500NORM-dd964d837186c0bfe0bce066,source_reported_growth_rate,Sandstone,MN,insufficient_context_to_confirm_recurring_wage_growth,1/1/2022 (4% increase per contract) $26.11 (authorize back pay)
B4X2500NORM-eaa3b9d32505a89ffd12e58e,source_reported_growth_rate,Sandstone,MN,insufficient_context_to_confirm_recurring_wage_growth,the consensus was to set an annual increase of 0.5% on the water fixed rate and 1.5% on the water volume
B4X2500NORM-e44a017a8bd0c03ebd8f8e70,source_reported_growth_rate,Trimont,MN,growth_value_not_a_plausible_percentage_rate,approve water rate increase of $1.50/1000-gallon effective January 2025.
B4X2500NORM-7163fe63cf1934150471820f,source_reported_growth_rate,Bladenboro,NC,insufficient_context_to_confirm_recurring_wage_growth,SANITATION 5% Increase
B4X2500NORM-37885df7df86b7bc999d20f3,source_reported_growth_rate,Blowing Rock,NC,insufficient_context_to_confirm_recurring_wage_growth,7.14% increase.
B4X2500NORM-947182607b05630f737e498d,source_reported_growth_rate,Blowing Rock,NC,insufficient_context_to_confirm_recurring_wage_growth,"Referencing the Water and Wastewater Fund, the budget includes a 3.5% increase in both water and sewer fees."
B4X2500NORM-a96757a26996c3cc5e45c189,source_reported_growth_rate,Broadway,NC,insufficient_context_to_confirm_recurring_wage_growth,"supporting as required by the state, there is a recommendation for a 7% increase in"
B4X2500NORM-2ee080b9070cc9cba3f6f74f,source_reported_growth_rate,Duck,NC,insufficient_context_to_confirm_recurring_wage_growth,This budget reflects an increase of 1% over the anticipated receipts in FY 2023-24 for the
B4X2500NORM-53e982873618eebe48ea5ee5,source_reported_growth_rate,Duck,NC,percentage_or_amount_is_not_recurring_wage_growth,Finance Officer is predicting this revenue to increase by 1% over the current fiscal year.
B4X2500NORM-a04f444d6c8bc6a45a4e6b87,source_reported_growth_rate,Jamestown,NC,insufficient_context_to_confirm_recurring_wage_growth,This followed a 1.6% increase in
B4X2500NORM-a837a29115ed9c8db9f46020,source_reported_growth_rate,Jamestown,NC,insufficient_context_to_confirm_recurring_wage_growth,12.9% increase in 2021.
B4X2500NORM-c0a7c7c7ef30d8b3ae495848,source_reported_growth_rate,Jamestown,NC,insufficient_context_to_confirm_recurring_wage_growth,North Carolina saw an increase of 13.6%.
B4X2500NORM-d88e66ac72f54d06831bee0d,source_reported_growth_rate,Jamestown,NC,percentage_or_amount_is_not_recurring_wage_growth,"million Juniors played golf on a course in 2021, remaining steady after a 24% increase in 2020 that"
B4X2500NORM-2f078db757e4edafaaa89c36,source_reported_growth_rate,Kitty Hawk,NC,insufficient_context_to_confirm_recurring_wage_growth,"Based on a positive claims history, the Town will only experience a 3.99% increase in Health"
B4X2500NORM-9a40133af0c6c5003a6aeb65,source_reported_growth_rate,Kitty Hawk,NC,percentage_or_amount_is_not_recurring_wage_growth,Insurance premiums against a budgeted 10% increase.
B4X2500NORM-7e1d3370234f053993d8b840,source_reported_growth_rate,La Grange,NC,insufficient_context_to_confirm_recurring_wage_growth,"receive a pay increase of 5% or an increase to the hiring rate of the new pay range, whichever is higher,"
B4X2500NORM-f14afa7550baf3a3278b87ca,source_reported_growth_rate,La Grange,NC,insufficient_context_to_confirm_recurring_wage_growth,an increase of 2.5%.
B4X2500NORM-fe190b088af1fc9f8586736c,source_reported_growth_rate,La Grange,NC,insufficient_context_to_confirm_recurring_wage_growth,"entry level (Hiring rate) of the job in which the employee is acting or an increase of 10%, whichever is"
B4X2500NORM-90f933970311a7d23b5adcae,source_reported_growth_rate,Landis,NC,insufficient_context_to_confirm_recurring_wage_growth,"receive a pay increase of 5%, or to the hiring rate of the new range, whichever is higher."
B4X2500NORM-e4ae66c37d076734c14dd44c,source_reported_growth_rate,Landis,NC,insufficient_context_to_confirm_recurring_wage_growth,"range shall receive a pay increase of 5% or an increase to the hiring rate of the new pay range,"
B4X2500NORM-325234169b781537933867ea,source_reported_growth_rate,Middlesex,NC,insufficient_context_to_confirm_recurring_wage_growth,disability had a 2.3% increase in the Dental coverage only from last year.
B4X2500NORM-40963e41412cd6b2ee7b5aa5,source_reported_growth_rate,Middlesex,NC,insufficient_context_to_confirm_recurring_wage_growth,"as the town’s ORC, however an anticipated 2% increase is included in this budget for"
B4X2500NORM-f23d2ff72c0dccf408cd5197,source_reported_growth_rate,Middlesex,NC,insufficient_context_to_confirm_recurring_wage_growth,Waste Industries contract will increase by 3% and we will have to have our waste yard
B4X2500NORM-9432f3e04fd0402aa4a3e81c,source_reported_growth_rate,New London,NC,insufficient_context_to_confirm_recurring_wage_growth,• Sewer rates- the Board reviewed the proposed sewer rates which are based on the projected 8% increase from the City of Albemarle.
B4X2500NORM-29d361b71ac97502afecd320,source_reported_growth_rate,Ramseur,NC,insufficient_context_to_confirm_recurring_wage_growth,"Republic Services wit h 3.6% increase $136,540"
B4X2500NORM-eeb27bb69460bcd0b8eb1bf6,source_reported_growth_rate,Red Springs,NC,insufficient_context_to_confirm_recurring_wage_growth,Promotion to proper grade level guarantees an employee for a minimum 3% increase.
B4X2500NORM-5171d9243933ba28e2c9d674,source_reported_growth_rate,Valdese,NC,insufficient_context_to_confirm_recurring_wage_growth,"increase of 5% or an increase to the minimum rate of the new pay range, whichever is higher."
B4X2500NORM-6e4ea9e5c0bdbbb94d085fcb,source_reported_growth_rate,Valdese,NC,insufficient_context_to_confirm_recurring_wage_growth,"range, employees in that class shall receive a pay increase of 5%, or to the minimum rate of the new"
B4X2500NORM-f3077212ee325d64d1b1a46e,source_reported_growth_rate,Valdese,NC,insufficient_context_to_confirm_recurring_wage_growth,"which the employee is performing or an increase of 5%, whichever is greater."
B4X2500NORM-0473c61d714d710effbef2bf,source_reported_growth_rate,Wadesboro,NC,insufficient_context_to_confirm_recurring_wage_growth,"FY 2017-18, a 0.4% increase from the previous year."
B4X2500NORM-0fa8e4727338a7fcfd68cbe7,source_reported_growth_rate,Wadesboro,NC,insufficient_context_to_confirm_recurring_wage_growth,The League projects the statewide annual distribution will increase by 2.5% in FY
B4X2500NORM-26cea2a765bd438c747cc8b4,source_reported_growth_rate,Wadesboro,NC,insufficient_context_to_confirm_recurring_wage_growth,"Budgeted expenditures for FY 2017-18 are proposed to increase by 0.5% ($14,548) in comparison to the FY"
B4X2500NORM-5751430f8aba953101132c0d,source_reported_growth_rate,Wadesboro,NC,insufficient_context_to_confirm_recurring_wage_growth,average - 3% increase.
B4X2500NORM-ea4f9da4d511380cebea081c,source_reported_growth_rate,Wadesboro,NC,insufficient_context_to_confirm_recurring_wage_growth,"Budgeted expenditures for FY 2017-18 are proposed to increase by 0.5% ($14,548) in comparison to the FY"
B4X2500NORM-f33b12ef72cb16e989f5d73c,source_reported_growth_rate,Wadesboro,NC,proposal_or_bargaining_context_not_confirmed_implemented_growth,This proposal includes a 3% increase to employees making more than
B4X2500NORM-a55fe75c462c8fceb4116f9c,source_reported_growth_rate,Williamston,NC,insufficient_context_to_confirm_recurring_wage_growth,"Ahoskie offered $45,000 with a 5% increase after probation."
B4X2500NORM-bc7e1a4ef74b8874b58aadb4,source_reported_growth_rate,Williamston,NC,insufficient_context_to_confirm_recurring_wage_growth,The Town Administrator requested the Board to approve the 2% increase
B4X2500NORM-d67117bbc8cd7b380dbacbd9,source_reported_growth_rate,Williamston,NC,insufficient_context_to_confirm_recurring_wage_growth,"a 2% increase, and their ½% merit increase."
B4X2500NORM-90e6beaf18874d58a22cb558,source_reported_growth_rate,Yadkinville,NC,insufficient_context_to_confirm_recurring_wage_growth,o 11% increase
B4X2500NORM-bfef50ca7db9c97193decfdb,source_reported_growth_rate,Yadkinville,NC,percentage_or_amount_is_not_recurring_wage_growth,• The Fiscal Year 2023-2024 estimates a 15% increase in revenue.
B4X2500NORM-c33b9516e2d2b172eecfd3ed,source_reported_growth_rate,Fairmount,ND,percentage_or_amount_is_not_recurring_wage_growth,and Tornado Fund that there will be a 30% increase to our Fire and Tornado insurance premium for 2024-25.
B4X2500NORM-d0026831a4fcfd175e8a7727,source_reported_growth_rate,Cortland,NE,insufficient_context_to_confirm_recurring_wage_growth,1% Increase in Restricted Funds Authority
B4X2500NORM-5f36dcd4f9a3c7a667736fc4,source_reported_growth_rate,Duncan,NE,insufficient_context_to_confirm_recurring_wage_growth,"After the Board discusses and reviews each Board members’ opinion, a motion to approve a 4% raise"
B4X2500NORM-021e12aed81c0607c8da1d26,source_reported_growth_rate,Kenesaw,NE,insufficient_context_to_confirm_recurring_wage_growth,to approve the proposed additional 1% increase.
B4X2500NORM-844b4828853910c8e2da799c,source_reported_growth_rate,Union,NE,insufficient_context_to_confirm_recurring_wage_growth,Vidlak motioned to pass allowable growth increase of 1% for a total of 3.5%.
B4X2500NORM-5bc7b44bebba5f9b5abd7d0c,source_reported_growth_rate,Bennington,NH,insufficient_context_to_confirm_recurring_wage_growth,projected 6% increase in assessment for towns/taxpayers for the Operating Budget and an additional 3% increase to towns/taxpayers if the Collective Bargaining Agreement is approved.
B4X2500NORM-f90e70493b61fb04a9460a31,source_reported_growth_rate,Bennington,NH,insufficient_context_to_confirm_recurring_wage_growth,projected 6% increase in assessment for towns/taxpayers for the Operating Budget and an additional 3%
B4X2500NORM-4315a19251758b7cf2c0fb92,source_reported_growth_rate,Eaton,NH,insufficient_context_to_confirm_recurring_wage_growth,employees a 5% raise.
B4X2500NORM-155d8a1261271b088f93f3d1,source_reported_growth_rate,Goshen,NH,insufficient_context_to_confirm_recurring_wage_growth,budget down to an even 10% increase.
B4X2500NORM-6db4433e0384d520c4201111,source_reported_growth_rate,Berlin,NJ,insufficient_context_to_confirm_recurring_wage_growth,"$217,398.63, a 0.72 % increase in the amount of $1,555.00;"
B4X2500NORM-ffc95258203e15596a465b72,source_reported_growth_rate,Berlin,NJ,insufficient_context_to_confirm_recurring_wage_growth,"$217,398.63, a 0.72% increase in the amount of $1,555.00;"
B4X2500NORM-47f590d4b8eb34b2f7af489c,source_reported_growth_rate,Gloucester,NJ,insufficient_context_to_confirm_recurring_wage_growth,B) The pay rates set forth in Appendix C – Part Time Schedule shall represent an increase of 2%
B4X2500NORM-acae2cd713888436aab53c5d,source_reported_growth_rate,Gloucester,NJ,insufficient_context_to_confirm_recurring_wage_growth,"1) The pay rates set forth in Appendix A-1 shall represent an increase of $350, plus 2% effective January 1, 2017, 2% effective January 1, 2018, and 2% effective January 1, 2019."
B4X2500NORM-d7ea4d4247c72b43b6fcc052,source_reported_growth_rate,Kingwood,NJ,percentage_or_amount_is_not_recurring_wage_growth,"The contribution rate was 7.50% of base salary effective July 1, 2018."
B4X2500NORM-3638e4aacb717798a353f00c,source_reported_growth_rate,Mendham,NJ,insufficient_context_to_confirm_recurring_wage_growth,"Effective January 1,202I -2.5% Increase"
B4X2500NORM-4f03648cb816399765f92607,source_reported_growth_rate,Mendham,NJ,insufficient_context_to_confirm_recurring_wage_growth,"Effective January 1,2024 -2.5% Increase"
B4X2500NORM-d1a39cf5ed0f360fbb441e14,source_reported_growth_rate,Mendham,NJ,insufficient_context_to_confirm_recurring_wage_growth,"L Effective January 1,2020 - 2.5% Increase"
B4X2500NORM-0793bc04b445ae4a3a596a03,source_reported_growth_rate,North Brunswick,NJ,insufficient_context_to_confirm_recurring_wage_growth,"Employees over Year 25 shall receive a 2% increase for 2022, 2% increase for 2023, 2% increase for 2024 and 2% for 2025."
B4X2500NORM-439ec14739d52fd3d9f855d9,source_reported_growth_rate,North Brunswick,NJ,insufficient_context_to_confirm_recurring_wage_growth,"Employees over Year 25 shall receive a 2% increase for 2022, 2% increase for 2023, 2%"
B4X2500NORM-16e1b0a0be11d4cc980c2107,source_reported_growth_rate,Ballston,NY,insufficient_context_to_confirm_recurring_wage_growth,along with a 3% raise over the 2023 pay rate for the year 2024 and further authorizes the
B4X2500NORM-d8945e9f6aa7dfd89d4f21bf,source_reported_growth_rate,Ballston,NY,insufficient_context_to_confirm_recurring_wage_growth,"BEGINNING JANUARY 1, 2024 ALONG WITH A 3% RAISE OVER THE 2023 PAY"
B4X2500NORM-275889a868e747d918c84596,source_reported_growth_rate,Buchanan,NY,insufficient_context_to_confirm_recurring_wage_growth,"The cap is set at 2% or at the Consumer Price Index (CPI),"
B4X2500NORM-a8abb311afc4f643d560f489,source_reported_growth_rate,Chester,NY,insufficient_context_to_confirm_recurring_wage_growth,"least 10 years of continuous service with the Town, shall be eligible for a one-time lump sum payment of twenty five percent( 25%) of the employee' s final years income, exclusive of"
B4X2500NORM-e09b41835bb6d91ee4a6ab4b,source_reported_growth_rate,Larchmont,NY,insufficient_context_to_confirm_recurring_wage_growth,Total Assessment Change 14-15 15-16 16-17 17-18 18-19 19-20 20-21 21-22 22-23 % INCREASE/DECREASE 0.08% 0.81% 0.18% 7211.02% 0.01% -1.29% 0.31% 4.56% 9.95%
B4X2500NORM-fa06bbd83698ac0c9a8dfdf3,source_reported_growth_rate,Larchmont,NY,insufficient_context_to_confirm_recurring_wage_growth,Lesser of 1.02% or inflation factor (percent change in CPI for the 12 month period ending 6 months before the
B4X2500NORM-fc60b7a40fb3b997defe559c,source_reported_growth_rate,Larchmont,NY,percentage_or_amount_is_not_recurring_wage_growth,60% increase due to the return of many commuters
B4X2500NORM-b41113b5baf4ed8514561bf7,source_reported_growth_rate,Lima,NY,insufficient_context_to_confirm_recurring_wage_growth,"Increase $ 42,315 $ 0.38 % Increase 0.07 7.77%"
B4X2500NORM-66c24d3c5cda983a92b31f39,source_reported_growth_rate,Lysander,NY,insufficient_context_to_confirm_recurring_wage_growth,2021 – All full-time employees will receive a 6.0% pay increase and all part time employees will
B4X2500NORM-53e8e98dbbb124671b6e27eb,source_reported_growth_rate,New Castle,NY,insufficient_context_to_confirm_recurring_wage_growth,include the 1.5% lump sum payment and full retroactivity.
B4X2500NORM-04c963977a7f80c0fe6bf17b,source_reported_growth_rate,Niskayuna,NY,insufficient_context_to_confirm_recurring_wage_growth,"b.Effective January 1, 2019: Increase of 2.00%"
B4X2500NORM-7788a0ac0d793a2671d7c8f9,source_reported_growth_rate,Niskayuna,NY,insufficient_context_to_confirm_recurring_wage_growth,"Effective January 1, 2018: Increase of2.25%"
B4X2500NORM-7c310c645491040d3bbf9679,source_reported_growth_rate,South Glens Falls,NY,insufficient_context_to_confirm_recurring_wage_growth,"o Effective June 1, 2019: 2.5% increase"
B4X2500NORM-c12ea9c810886c60bb374d0e,source_reported_growth_rate,South Glens Falls,NY,insufficient_context_to_confirm_recurring_wage_growth,"o Effective June 1, 2020:2.5% increase"
B4X2500NORM-e42ee1c99a6742e6591d27c5,source_reported_growth_rate,South Glens Falls,NY,insufficient_context_to_confirm_recurring_wage_growth,"o Effective June 1, 2018: 2.5% increase"
B4X2500NORM-53b6f789a59bbf99c2993f90,source_reported_growth_rate,Ulster,NY,growth_value_not_a_plausible_percentage_rate,"Effective August 18, 2022, an increase of$ 1."
B4X2500NORM-3d1b79ab17c749514382586e,source_reported_growth_rate,Wellsville,NY,insufficient_context_to_confirm_recurring_wage_growth,"increase on Jan 1, 2015, an additional 2.0% increase on June 1, 2015 and another 2.0% increase on"
B4X2500NORM-8e34470809e3ee48871cb584,source_reported_growth_rate,Bainbridge,OH,insufficient_context_to_confirm_recurring_wage_growth,"after January 1, 2024, each full-time Firefighter shall receive an additional increase of 4.0% to"
B4X2500NORM-0dadf0e525743506faacb0e8,source_reported_growth_rate,Bath,OH,proposal_or_bargaining_context_not_confirmed_implemented_growth,its previous offer of a pattern increase of 2.25%-2% and elimination of the first step of
B4X2500NORM-98a41bed4c3e31b4018cb206,source_reported_growth_rate,Bath,OH,insufficient_context_to_confirm_recurring_wage_growth,"a 4% increase in 2022, and another 3.5% in 2023."
B4X2500NORM-62643fc36981c13dce420c6e,source_reported_growth_rate,Butler,OH,insufficient_context_to_confirm_recurring_wage_growth,2024 4% increase
B4X2500NORM-79f83be66fb789602fa34f8c,source_reported_growth_rate,Champion,OH,insufficient_context_to_confirm_recurring_wage_growth,"May 1, 2021 2% increase $2({{)0"
B4X2500NORM-cc28c6017188650bb63b0479,source_reported_growth_rate,Champion,OH,insufficient_context_to_confirm_recurring_wage_growth,"May 1, 2020 2% increase $28;75"
B4X2500NORM-50390093e5fd8333bbd7d673,source_reported_growth_rate,Chester,OH,percentage_or_amount_is_not_recurring_wage_growth,"Employees shall pay fifteen percent (15%) of the appropriate monthly premium effective January 1, 2018."
B4X2500NORM-b5eda721ce8f6ea6901bfed8,source_reported_growth_rate,Chester,OH,percentage_or_amount_is_not_recurring_wage_growth,"Effective January 1, 2019, employees shall pay fifteen percent (15%)"
B4X2500NORM-2fadeaa641e235bb6914d071,source_reported_growth_rate,Clinton,OH,insufficient_context_to_confirm_recurring_wage_growth,"commencing January, 2024 4% increase :"
B4X2500NORM-3de9bb419d8bc526038b7c46,source_reported_growth_rate,Coal Grove,OH,insufficient_context_to_confirm_recurring_wage_growth,‘ Union Contract 3% raise
B4X2500NORM-1806a329e81cd381c6d19794,source_reported_growth_rate,Glendale,OH,insufficient_context_to_confirm_recurring_wage_growth,"employee performance appraisal, shall receive an increase of 5%, effective"
B4X2500NORM-34539548d901767135da3b00,source_reported_growth_rate,Glendale,OH,insufficient_context_to_confirm_recurring_wage_growth,"employee performance appraisal, shall receive an increase of 2%, effective 1/1/2022."
B4X2500NORM-95ea77d31af29e4ec690cb75,source_reported_growth_rate,Glendale,OH,insufficient_context_to_confirm_recurring_wage_growth,"employee performance appraisal, shall receive an increase of 2%, effective"
B4X2500NORM-b0fd3fad32516595aec8f142,source_reported_growth_rate,Glendale,OH,insufficient_context_to_confirm_recurring_wage_growth,"employee performance appraisal, shall receive an increase of 5%, effective 1/1/2023."
B4X2500NORM-e78ab80f8f018b6993605c31,source_reported_growth_rate,Howland,OH,percentage_or_amount_is_not_recurring_wage_growth,"Effective July 1, 2021, members of the bargaining unit will pay 5% of the 2020 insurance costs"
B4X2500NORM-efbf624d433ae8a1418dcdc9,source_reported_growth_rate,Howland,OH,insufficient_context_to_confirm_recurring_wage_growth,"Section 1: Effective July 1, 2017 to June 30, 2018, employees shall receive a 1% increase to"
B4X2500NORM-23c93c54f23c60bd8d9f95e4,source_reported_growth_rate,Liberty,OH,insufficient_context_to_confirm_recurring_wage_growth,"Beginning August 1, 2022 all members of the bargaining unit shall receive 2% increase."
B4X2500NORM-43418b8701886f5d5c525ec7,source_reported_growth_rate,Liberty,OH,insufficient_context_to_confirm_recurring_wage_growth,"Beginning August 1, 2020 all members of the bargaining unit shall receive a 2% increase."
B4X2500NORM-89ef0a5d55d64deb71ad7ef4,source_reported_growth_rate,Liberty,OH,insufficient_context_to_confirm_recurring_wage_growth,"Beginning August 1, 2021 all members of the bargaining unit shall receive a 2% increase."
B4X2500NORM-d7926404002af8b6dcb0527a,source_reported_growth_rate,Madison,OH,percentage_or_amount_is_not_recurring_wage_growth,"Effective January 1, 2015, employees will be responsible to pay 15% of their"
B4X2500NORM-7ae2226adc7c5f265c0a5c3a,source_reported_growth_rate,Magnolia,OH,insufficient_context_to_confirm_recurring_wage_growth,Motion by Grant Downes to accept the proposed 10% raise (contingent on the acceptance of the contract by East Sparta). The motion was seconded by Jessica Miller. All Ayes.
B4X2500NORM-378b535afa06b4da0b3c60ce,source_reported_growth_rate,New Holland,OH,insufficient_context_to_confirm_recurring_wage_growth,On the anniversary date of hire each year may receive a 3% increase.
B4X2500NORM-17f0f990f4ccfdfabb5458bb,source_reported_growth_rate,Nimishillen,OH,insufficient_context_to_confirm_recurring_wage_growth,"1, 2016: The Road Department employees will receive 2% increase."
B4X2500NORM-6602d007b619114ba215646b,source_reported_growth_rate,Nimishillen,OH,insufficient_context_to_confirm_recurring_wage_growth,"I, 2023: The Road Department employees will receive 4% increase."
B4X2500NORM-89db0ac81017df74c44690af,source_reported_growth_rate,Nimishillen,OH,insufficient_context_to_confirm_recurring_wage_growth,"I, 2017: The Road Department employees will receive 2% increase."
B4X2500NORM-a6cd7d6646d9384c3829e029,source_reported_growth_rate,Nimishillen,OH,insufficient_context_to_confirm_recurring_wage_growth,"1, 2018: The Road Department employees will receive 2% increase."
B4X2500NORM-bda7231e04f49647bf3d2762,source_reported_growth_rate,Nimishillen,OH,insufficient_context_to_confirm_recurring_wage_growth,"I, 2024: The Road Department employees will receive 4% increase."
B4X2500NORM-30f13ce8fca8224d6c4f0df0,source_reported_growth_rate,Turtlecreek,OH,insufficient_context_to_confirm_recurring_wage_growth,increase of 3% for 2025.
B4X2500NORM-f254ce83fed94e0af5e68719,source_reported_growth_rate,Turtlecreek,OH,percentage_or_amount_is_not_recurring_wage_growth,claim of an approximate 16% increase in insurance costs and potential fund
B4X2500NORM-63eddc7148cba761d566d1ba,source_reported_growth_rate,Union,OH,insufficient_context_to_confirm_recurring_wage_growth,"effective December 30, 2019, and a 3.0% raise effective December 28, 2020, and a 3.0% raise"
B4X2500NORM-1c742bdee893bee02b97d1b1,source_reported_growth_rate,Washington,OH,insufficient_context_to_confirm_recurring_wage_growth,"Effective July 1, 2020 (or next closest payroll date): a 3.0% increase will be"
B4X2500NORM-d40402298aa3b491c9c6609e,source_reported_growth_rate,Washington,OH,insufficient_context_to_confirm_recurring_wage_growth,"Effective July 1, 2019 (or next closest payroll date): a 3.0% increase will"
B4X2500NORM-03f22c784ecdfb3a35aa3162,source_reported_growth_rate,Condon,OR,insufficient_context_to_confirm_recurring_wage_growth,Councilor Jamieson asked if the CPI was higher than 2%
B4X2500NORM-315884aa54b57551bcdc4c5d,source_reported_growth_rate,Green Tree,PA,insufficient_context_to_confirm_recurring_wage_growth,"The non-represented staff received a 2.25% raise in 2021, the same annual increase the Borough"
B4X2500NORM-d28d8045078db59712ea9d47,source_reported_growth_rate,Macungie,PA,insufficient_context_to_confirm_recurring_wage_growth,Chart reflects a 5% increase
B4X2500NORM-059f4f9692c1751684248b08,source_reported_growth_rate,Millersburg,PA,insufficient_context_to_confirm_recurring_wage_growth,Council approved a 5% increase to all employees for 2024.
B4X2500NORM-730e5ab45e8ce47f2efe04d7,source_reported_growth_rate,Montoursville,PA,insufficient_context_to_confirm_recurring_wage_growth,"$257,977.00 with a possibility of a 5% increase, second by Mr."
B4X2500NORM-1e7cf455f8acc9bd03c4c770,source_reported_growth_rate,Nanty-Glo,PA,insufficient_context_to_confirm_recurring_wage_growth,Holby asked when any new hire would get the 2.25% raise.
B4X2500NORM-5866b583915f1cfa9fe3f296,source_reported_growth_rate,Topton,PA,insufficient_context_to_confirm_recurring_wage_growth,"Milo presented Council with a final version of the 2023 budget, including a 20% increase to"
B4X2500NORM-99dcbe33665e9c5699337bf8,source_reported_growth_rate,Tullytown,PA,insufficient_context_to_confirm_recurring_wage_growth,"As long as it does not increase by 25% in one area, or 10% in the"
B4X2500NORM-ce94bd20cea8ccc79d925159,source_reported_growth_rate,Kennebec,SD,insufficient_context_to_confirm_recurring_wage_growth,"VISITORS: Melissa Slaba, Lyman Agtegra & Dakota Mill & reflect 2.5% raise for FY 2021."
B4X2500NORM-121d6c648aa488695e559b3a,source_reported_growth_rate,Borger,TX,insufficient_context_to_confirm_recurring_wage_growth,representing an increase of 10% over FY 2023.
B4X2500NORM-5dad03b46a2008a3a432ce5b,source_reported_growth_rate,Borger,TX,insufficient_context_to_confirm_recurring_wage_growth,"Total revenues for all funds are $39,408,343, representing an increase of 8.4% over FY 2023."
B4X2500NORM-7f3f42b9438bd51077a739c9,source_reported_growth_rate,Borger,TX,percentage_or_amount_is_not_recurring_wage_growth,"current provider, the Texas Health Benefits Pool, has projected a 16% increase."
B4X2500NORM-7fd4cf491fa939462b8cd5da,source_reported_growth_rate,Borger,TX,percentage_or_amount_is_not_recurring_wage_growth,"mentioned above, increases in health insurance coverage, an increase in the TMRS contribution rate, and a budgeted 4% cost of living adjustment for all employees."
B4X2500NORM-d5693bcd46b7daf1d2a86e98,source_reported_growth_rate,Borger,TX,insufficient_context_to_confirm_recurring_wage_growth,"$13,909,634,615, representing an increase of 8.02% compared to FY 2023."
B4X2500NORM-68d2ece29d8777fbcf3f1ad7,source_reported_growth_rate,Colorado City,TX,insufficient_context_to_confirm_recurring_wage_growth,"Caterpillar Financial - Fixed Rate of 6.380% for five annual payments at $167, 209."
B4X2500NORM-03a569781139e68b0efc0c13,source_reported_growth_rate,Freeport,TX,insufficient_context_to_confirm_recurring_wage_growth,staff has included a conservative 4% increase over actuals for the upcoming
B4X2500NORM-936783432f8237ea61d45ac9,source_reported_growth_rate,Freeport,TX,insufficient_context_to_confirm_recurring_wage_growth, Solid Waste income is anticipated to increase by 10% over actuals due to the recent rate
B4X2500NORM-98d79d2b9c024fd5348eafde,source_reported_growth_rate,Freeport,TX,insufficient_context_to_confirm_recurring_wage_growth,▪ Solid Waste income is anticipated to increase by 10% over actuals due to the recent rate increase.
B4X2500NORM-a6c72d8713f975af1a681034,source_reported_growth_rate,Freeport,TX,insufficient_context_to_confirm_recurring_wage_growth,included a conservative 4% increase over actuals for the upcoming year.
B4X2500NORM-bb344b4109a69b943763041b,source_reported_growth_rate,Gun Barrel City,TX,insufficient_context_to_confirm_recurring_wage_growth,2019/2020 to include a 2% increase
B4X2500NORM-e8f7020c8fe9fa14b29d0186,source_reported_growth_rate,Gun Barrel City,TX,insufficient_context_to_confirm_recurring_wage_growth,2019/2020 to include a 2% increase
B4X2500NORM-c30a6a13244bea15fb29bd02,source_reported_growth_rate,Woodway,TX,insufficient_context_to_confirm_recurring_wage_growth,• City staﬀ is recommending an 8.58% increase in sanita�on rates for FY 24.
B4X2500NORM-1731261f828979f394a7e160,source_reported_growth_rate,Daniel,UT,insufficient_context_to_confirm_recurring_wage_growth,"He stated this is not a raise per say, but more a token of appreciation of 3% increase."
B4X2500NORM-2be04389f4fe268de999e97d,source_reported_growth_rate,Daniel,UT,insufficient_context_to_confirm_recurring_wage_growth,"Also understanding that these are tough times this year with the recent COVID-19 and believes that people work hard and feels the need to support a 3% increase, as it is a small token of appreciation as jobs that are continuing to be busier"
B4X2500NORM-7f22faa7c38043dd6106922d,source_reported_growth_rate,Eden,VT,proposal_or_bargaining_context_not_confirmed_implemented_growth,"Fund? Budget proposal $564,300.57 4.38% increase"
B4X2500NORM-dcff8ff9349e8dbdaa65da36,source_reported_growth_rate,Eden,VT,insufficient_context_to_confirm_recurring_wage_growth,Jackie Larsen expressed concern regarding the 6.8% increase.
B4X2500NORM-f333110a89cadccb67b3a785,source_reported_growth_rate,Eden,VT,proposal_or_bargaining_context_not_confirmed_implemented_growth,"department? Budget Proposal $699,615.00 6.8% increase"
B4X2500NORM-486e661e251476f31e30afe5,source_reported_growth_rate,Fletcher,VT,insufficient_context_to_confirm_recurring_wage_growth,one school in our supervisory union is proposing roughly a 4.52% increase.
B4X2500NORM-93364d4c129213aa8e770ac4,source_reported_growth_rate,Fletcher,VT,insufficient_context_to_confirm_recurring_wage_growth,"to the anticipated statewide average increase of 4.28%"""
B4X2500NORM-a488d991c9ab135245a7c9e7,source_reported_growth_rate,Fletcher,VT,insufficient_context_to_confirm_recurring_wage_growth,We are currently looking at an education spending increase of 2.79% as compared
B4X2500NORM-a572d3f19dc75170da900b81,source_reported_growth_rate,Fletcher,VT,insufficient_context_to_confirm_recurring_wage_growth,This budget is coming in well below the state average which is currently running at a 3.75% increase.
B4X2500NORM-24b5167fa2a39f6152ba3383,source_reported_growth_rate,New Haven,VT,insufficient_context_to_confirm_recurring_wage_growth,"a 20-30% increase for gravel, stone, salt"
B4X2500NORM-89e16b709f85803db0a04e43,source_reported_growth_rate,Entiat,WA,insufficient_context_to_confirm_recurring_wage_growth,Rate is a 5% increase over the 2024 rate as a whole.
B4X2500NORM-e5a77ce09d9f218891d1a0de,source_reported_growth_rate,Entiat,WA,insufficient_context_to_confirm_recurring_wage_growth,Rate is a 5% increase over the 2025 rate as a whole.
B4X2500NORM-1a741e5861d4d7996b24ffa8,source_reported_growth_rate,Bloomington,WI,insufficient_context_to_confirm_recurring_wage_growth,"$612,492, which is a 3.71% increase."
B4X2500NORM-22b785a954c2cfa2559d40e1,source_reported_growth_rate,Butler,WI,insufficient_context_to_confirm_recurring_wage_growth,"December 31, 2022, the Village's proportion was 0.00990596%, which was an increase of 0.00054973% from its proportion measured as of December 31, 2021."
B4X2500NORM-5d7ced0fc7e76a7861ad9eec,source_reported_growth_rate,Butler,WI,insufficient_context_to_confirm_recurring_wage_growth,"increase of 0.00035297% from its proportion measured as of December 31, 2020."
B4X2500NORM-3681f2442edec801b98f4f9b,source_reported_growth_rate,Valders,WI,insufficient_context_to_confirm_recurring_wage_growth,mandatory small group age rate up applied is 10.2% increase overall.
B4X2500NORM-6c075f90a347f60d64f1f6ca,source_reported_growth_rate,Valders,WI,insufficient_context_to_confirm_recurring_wage_growth,apply to the Public Service Commission for a Simplified Rate Case for a 3% increase
B4X2500NORM-d0aa36aecf8b6078a525c324,source_reported_growth_rate,Valders,WI,insufficient_context_to_confirm_recurring_wage_growth,"6/30/2030, and 4% increase for (5) five-year renewal terms thereafter."
B4X2500NORM-f774429aa3766ec71112bc88,source_reported_growth_rate,Valders,WI,insufficient_context_to_confirm_recurring_wage_growth,"Budget as presented and to set the 2023 levy at $366,874, an increase of 0.8%"
B4X2500NORM-abc2f80e5e2b9d664afe6003,source_reported_growth_rate,Webster,WI,insufficient_context_to_confirm_recurring_wage_growth,The pay increase is the 6.2% CPI.
B4X2500NORM-cca78b9baac72c74c19c8c37,source_reported_growth_rate,Cameron,WV,percentage_or_amount_is_not_recurring_wage_growth,"addition revenue, an increase of 8%."
B4X2500NORM-e5e8837f2c5288d321728e78,source_reported_growth_rate,Cameron,WV,percentage_or_amount_is_not_recurring_wage_growth,"addition revenue, an increase of 8%."
