canonical_candidate_id,canonical_locator_id,duplicate_group_role,duplicate_group_basis
RESCAND-d52285ee54cb46e82da34c1a,EXTLOC-ff5ef6fd28076e5b5d7cde74,,
RESCAND-fc667f8ffbf8013313a4f2b8,EXTLOC-d33c184de22bf2e7c5d45a23,,
EXTCAND-17efbe823010e6c911ef662c,EXTLOC-5106249a80f6fb9aadc762ab,,
RESCAND-533b8435698d4fe853145a25,EXTLOC-ececd4641438de62e9fa2d05,,
RESCAND-22dcca2026cd75a5d39a047f,EXTLOC-bfc79e0f007f4ab0cca8eaf7,,
EXTCAND-d41476e997c4d6f0bb9c2cfd,EXTLOC-34522246f09df921d2797a73,,
EXTCAND-f5aff7756e87bb1f58ede4ae,EXTLOC-56e44a73e33c8b4a49c613d2,,
RESCAND-2b46a99009ab5ceb440030de,EXTLOC-35d57c2e7c75ce64eb85615c,,
EXTCAND-00a31204751fb4727938ada1,EXTLOC-9f3789d86161b943ddab988b,,
RESCAND-ea9b7f4705b46b0e8f87c7b9,EXTLOC-6cf4ae835b9b256de81fadc1,,
EXTCAND-be37a9bb61520eed4f16b4bb,EXTLOC-008d0f500bbc9a4c5a5152b0,,
EXTCAND-c5d7365dbe9eeb72be14269f,EXTLOC-354cdceb2c953a0acbd4592e,,
RESCAND-5ba40c86aef518d7dd26561a,EXTLOC-cb7f40827affea3513648fd2,,
RESCAND-bd0342d111ed35148bdf868f,EXTLOC-d1e6d2ac7f72500dbf81d8cc,,
RESCAND-5f023887df43a80f9c997572,EXTLOC-657a461ca3de85a423548a58,,
RESCAND-73d53b26bb313d2a34c793c7,EXTLOC-1f38bf3395e643a3a44bfc47,,
RESCAND-71cacada469d7186193570e7,EXTLOC-910c70504fc97c59f02963d4,,
EXTCAND-1f9be4400ca420125b955804,EXTLOC-f40ebfd84d3f983f970d24e4,,
EXTCAND-ac8a9713cb4f6221e7203aec,EXTLOC-2890ecbc1ad7a861a90d19e8,,
RESCAND-35afb4f6500f659fd13cfc42,EXTLOC-276e55073c59ef5a91198b0c,,
EXTCAND-df32a35315a454f3fa195364,EXTLOC-f9b31e92d04896d3fa2da8f0,,
RESCAND-8ff94e498ede08bbcaa6e895,EXTLOC-fd7eefd2ceefb5ca7bf5efb7,,
RESCAND-a3e2a47321eee89f8102e373,EXTLOC-0beb694c5617b90312641031,,
EXTCAND-1917c79215061c51d7b87b39,EXTLOC-9de51e865b921a69cacf9982,,
EXTCAND-e86afb89a567ddb85dc5f9a8,EXTLOC-de214dee67c3bf23013a2546,,
RESCAND-5e1b17062deba951981b2c72,EXTLOC-1bb216cccebdfba69057f16d,,
RESCAND-a73e732ccf7059a59bc8415f,EXTLOC-d17262dc87fbc5cc446c10b2,,
RESCAND-e9cefc99806f542b3074519d,EXTLOC-2c5fc45a73767fa8737572bd,,
RESCAND-637ad9c3f4fa28a7e604bf95,EXTLOC-cfa0c76e99f28a710c463b94,,
RESCAND-d71d1ef32c98b51dd8cd0c20,EXTLOC-52cfab13580df45070a917dc,,
EXTCAND-f14bed3cff7e38643c28ae7e,EXTLOC-c31ae6dd8dc7e635997c593f,,
RESCAND-bc244b45e34ef497c4acc729,EXTLOC-6efad470e0ffb389b1da9898,,
RESCAND-f4a48cf75a02dfb2594f3493,EXTLOC-19dd19de33c764e1258bba19,,
RESCAND-71baf3f3bd6c1b6d182c6b29,EXTLOC-5bcc70efe9621e343b6b312f,,
RESCAND-42f377c040598eeb949e60df,EXTLOC-1185342c63f23d2e8a3604dc,,
EXTCAND-b1c38ed4c031f8e27a6cf4b9,EXTLOC-eeafabf639febb060c9df1b6,,
EXTCAND-9985bd768c4983beaf17d349,EXTLOC-fd21490e8f0a14337102fc02,,
EXTCAND-b711315fa3f042f404ab18ff,EXTLOC-82597e712c94df8c1a5b65fc,,
RESCAND-6f0d6fe595445d0cd97283dc,EXTLOC-da8368f65b93b8be06f96d42,,
EXTCAND-77a8cef8d13060a8aa1380c4,EXTLOC-78884c1c4c94af08874c445c,,
EXTCAND-84c64aa06f5d27d4c8f1f585,EXTLOC-3c62d99ca500f4c97ea28617,,
EXTCAND-ad9fee0df123b662667db936,EXTLOC-c8ef5b3588bb10755917246a,,
RESCAND-bb5a9d8081a7dde46be487e7,EXTLOC-d763fb3b356dfa61c7a1b52f,,
EXTCAND-7e2f887719e11a70e5e9dc01,EXTLOC-c951c033ebb8e1a8dcc4489e,,
EXTCAND-b3be7a6aab08aa769eb48e33,EXTLOC-012f8d3e602861eb71f71e23,,
RESCAND-719eb33597c7faa6005421d3,EXTLOC-3eca73441cc2882157f57f08,,
RESCAND-e259cb36c8cb76cd2dc95229,EXTLOC-ded1fd47cdb840a0acbbd3fc,,
RESCAND-8727082dba296e47a0d81228,EXTLOC-2b733e980016fedc99485dee,,
RESCAND-7761ee80899ec006792d06c9,EXTLOC-02f233afacbab0374c64f7d5,,
RESCAND-7134039a054bb7efc3064bfb,EXTLOC-ebd155682e2bd3d98de002c9,,
RESCAND-a2bac6c72bd659c0105a91ee,EXTLOC-3a326c7a13b76eb2a89bd095,,
RESCAND-0002e7e1c5403fa5a507d5db,EXTLOC-5290c13c9f7e1a9c705dda31,,
RESCAND-aeae0a1977190f66da5e1582,EXTLOC-f4714e79d4f07cd975862c50,,
RESCAND-1c3d7820c56a726c6587fe19,EXTLOC-7fc529a994825e73d7e17562,,
RESCAND-afd5a809ef78e09f344b240e,EXTLOC-90d4f217ba5d6fc79a52641e,,
RESCAND-7440e48a5f47c44601e11cf8,EXTLOC-90f91e32f2743b3763591e50,,
RESCAND-0ea78958320f0aee45de8185,EXTLOC-1e1460f301b39b441ed7c248,,
RESCAND-a245901036499f3d3eb86782,EXTLOC-acec7a313ca9424b9c45d1c4,,
RESCAND-fad8ba1c93e76c4f536cd352,EXTLOC-173b0780a40a03b327372222,,
EXTCAND-a772d3d9857e31f9e45924e9,EXTLOC-1d3a43ebad1db070b1e4df5a,,
RESCAND-cb142e57ffd1889bbf619040,EXTLOC-4482900a780091b83a1baa33,,
RESCAND-b986ed542982668b85d9ac77,EXTLOC-38acbf54754b01683fe90d61,,
RESCAND-6281d64bdfb701c7f8738575,EXTLOC-4cc6a40e934d6c6e9bf76991,,
RESCAND-5d50bd6e22e10f4713408eaf,EXTLOC-c56a1ffde123d5b6c107a908,,
RESCAND-c6f1d428327ec71d4fce6e1f,EXTLOC-cd5b87bdbe503d1517210d93,,
RESCAND-cb312bbe52232a519fa1c3cb,EXTLOC-00e3971a80a333537156cb63,,
RESCAND-fec6acff99902ad40a4d2155,EXTLOC-ddb0f7f29c8a244feb50fe05,,
RESCAND-61c1a9edd5b54f0c48a1f157,EXTLOC-bd1626ab5a8fdbe46fbc472f,,
RESCAND-06c11ffc3ffea7e198692de2,EXTLOC-b58d27d065c684d0467ab857,,
RESCAND-ed79ba4ebbc7e80352e6eea4,EXTLOC-a7e990f71ee53fa66e6122ba,,
RESCAND-3c552dcfb57f4c10119d6939,EXTLOC-0104f8a2f969c78a0ef5ee37,,
EXTCAND-719a604bf9b03cb09730be00,EXTLOC-69e625c629389c3f12aa0a26,,
RESCAND-b9ed6059cf8b34d6251c3cda,EXTLOC-3b688de9e0a48ef73683c396,,
RESCAND-940fe4718954ca038cfff319,EXTLOC-432bc4f2274cdc8a2067b90a,,
EXTCAND-dd9d64ef9667ba713c4af1ff,EXTLOC-bef6116556b900e3dc5f9b71,,
EXTCAND-bb290ce1e533f17b15b2450f,EXTLOC-669997428b930898a8a453e3,,
EXTCAND-7d886d822fb50b6ab31b7aaa,EXTLOC-599431fc0cf76cf1c9511941,,
EXTCAND-c1cced3cf8b53b06070b6194,EXTLOC-682341e804454a24ff1311ba,,
RESCAND-7d5cb1ea6f84c1f79c4edd23,EXTLOC-0edf716c5cb739c2b6690e1b,,
EXTCAND-25fbf2f5b2aafaa19826dcf3,EXTLOC-15f4686a290328834d4fb4e2,,
RESCAND-597b40a6f11ef7b6f4a5ff7e,EXTLOC-af8f4f09f26ca4851f8f5cd4,,
RESCAND-11a696321623dad4b6b42c76,EXTLOC-21e41d4f830883a0a51da5d0,,
RESCAND-2c6e557919670db7aadda132,EXTLOC-5058f27070ffe1b8c83199a4,,
RESCAND-8aa3b2e8a5658c2bc8de3d63,EXTLOC-80703514940adb775f4f966b,,
EXTCAND-bfa0fb861a15dc6a296b0f35,EXTLOC-3b4fa5253177abd4a337e8bf,,
EXTCAND-54ae5257c36aa2290167895e,EXTLOC-7631342e304f026bf3017417,,
EXTCAND-bb93e3ea4022a69a34d11d3a,EXTLOC-d30cb988d99c7331467228c5,,
EXTCAND-ac927e12663ea6814dae99fa,EXTLOC-3bbc3d33253fedf60b05ab8e,,
EXTCAND-756a409beac3f24adde11681,EXTLOC-f7cd517b00edbe293b082c49,,
RESCAND-c9c26afb12f9cb24c1e0043c,EXTLOC-3b7589821672cdfd037a0bdf,,
EXTCAND-c1eaa20fd726871385a0b698,EXTLOC-110019afd1d6f3693b71e2f1,,
EXTCAND-9ef4db6719ab088082ab2b05,EXTLOC-61946cdcdf70d3547aaf185e,,
EXTCAND-c9ea98458af1efeca5a35000,EXTLOC-b18a8c478a208b6ace10d02b,,
RESCAND-d6836ee9f7d28ba126e5b0fe,EXTLOC-255e76b3c4bfc7ba01e5792d,,
RESCAND-d8b4b5f85caed2640de27e6b,EXTLOC-f7ef1808ae6301b0d36344f8,,
EXTCAND-e7cfcf86e0912dbd66f30f6e,EXTLOC-dd74692194108d9cbb01fbb6,,
RESCAND-e1a1c7fe371e1a48812c7f12,EXTLOC-44c9f085fa19743c06f4ab14,,
RESCAND-e606e7d414c11f8f5b11e79c,EXTLOC-dc4a277460f8e935e2618261,,
EXTCAND-389c896363c728908a4a2111,EXTLOC-373690c514f967df8dc1f5bd,,
RESCAND-f05014a6b8bb05dbd86359fc,EXTLOC-b836e1eb30a85e480ce1b2b9,,
EXTCAND-57e66e5e9a15047bf37c66bc,EXTLOC-5554c896fcde2b8b923fbb8a,,
RESCAND-fd63bd9da0e4aed19f6333e9,EXTLOC-f77ccf492dca3416017e6515,,
EXTCAND-9f10d6a793f019aae2a5c121,EXTLOC-3e5b77152f7a0633bdfb3f96,,
EXTCAND-e6c2cfc0496fa5d54e6a471f,EXTLOC-49f9b071926f65142bc1ad39,,
EXTCAND-da5e9e2ea99de0dac0a6f047,EXTLOC-18f942b5db7e79d1405763fd,,
EXTCAND-155ce25a47f4a0e4a02768ba,EXTLOC-7908eee7314e2c7b328b5995,,
EXTCAND-d48ecaf2dd6b647ed6a6eab7,EXTLOC-afa5c4bfb405aa3dbaec4ed8,,
EXTCAND-674cec3396af3fb52f752527,EXTLOC-a4162859b09e2c66e27d79ad,,
EXTCAND-d575db2bd317478a90e8fcbc,EXTLOC-e6490c85c7606560e01b27d4,,
EXTCAND-5496baa1e614aa984c5254e5,EXTLOC-13b524aa0dd6da979b6605e0,,
EXTCAND-20aa40f4bcab02d456d4633f,EXTLOC-1c736a7d7dcd75640b21e410,,
EXTCAND-e8e37648a142ae0d51a83884,EXTLOC-6d19851b5e4dc52ef842237e,,
EXTCAND-a1c401f59c63f42943c4df30,EXTLOC-4486b777e5bad5f89cfea19d,,
EXTCAND-b484469a3927319a44d05c65,EXTLOC-956d55bd2a1e4a524209083f,,
RESCAND-26c8e3fde64728041fe7a5ca,EXTLOC-5d17a7728de68a28ba59f922,,
EXTCAND-a507a31877309c04879a8d89,EXTLOC-c4883c99fbe70f58e1dd13fd,,
RESCAND-60c56d2d7aa6a2aad17c2792,EXTLOC-3f80f84f76c0d43f200c4b4d,,
RESCAND-2bcadd98447742d024132cea,EXTLOC-0737504fbcd4b3da213c9e44,,
EXTCAND-329ac4ec8fc8a4bc4b8e6144,EXTLOC-9ab457158cc5c93553d0597a,,
EXTCAND-6e780347b8d06d7bc5abdd33,EXTLOC-ee3ac1ec9e57450b1f80b770,,
EXTCAND-ad3cadb635f01350d4c4b8d1,EXTLOC-649ceea5d365c4ae8097a7e0,,
RESCAND-a41a6259e36918550aea60cf,EXTLOC-fbdf6f50435547fc8a7cac19,,
EXTCAND-d5544676ad4cecdbd9f1c90e,EXTLOC-36713283d41051b0ee0d1737,,
RESCAND-d9407709561bebbeb0caa3ef,EXTLOC-67773206da2a876b1d0792d6,,
EXTCAND-8be42337ef3b54d564e70502,EXTLOC-d0e83db4e5790e13ef3774c5,,
EXTCAND-d50fae508ed4e33298d94a8c,EXTLOC-d12bb62582b767ee8de38dc6,,
RESCAND-5e0b4088439dc9eab42f939b,EXTLOC-2864c5ed6d7c0478aa7d9c20,,
EXTCAND-5f4a5145a874c5b35cac1ae4,EXTLOC-cad56ab877b3d56721e6b7a0,,
EXTCAND-33ff75b712e8e8561656d85e,EXTLOC-dd038ebaeb85ec37f8dbfe62,,
EXTCAND-a6250482d8f34d1b022315d1,EXTLOC-7ceb9173c5ae7ef7b5ab9d4d,,
EXTCAND-8b21b1a45a4ca4ff72baaa02,EXTLOC-f196bd0e4ad4d792514cf60d,,
EXTCAND-fc1d4c92e47d01b0d1b9a9fc,EXTLOC-cfdc778b0275232c08f847f2,,
EXTCAND-1ac05ae8922853293438e9fb,EXTLOC-020267a5e8b9b12542881454,,
EXTCAND-9ed04ad0c06805d3b19d956f,EXTLOC-8ff971e4f2347e14926afedf,,
EXTCAND-5041e4eb111f7aed4edc0979,EXTLOC-237516fea2ce75d13207877b,,
RESCAND-ed344296dcd8af2aec3b7522,EXTLOC-8080913150971ebd32406238,,
RESCAND-7f6030f19ba0289ee049f1ec,EXTLOC-dd10fdb314243dbd47fdc049,,
RESCAND-76f3a8c519ff02f8147148f1,EXTLOC-c5f850a0ba4f8d99d1a41e6c,,
EXTCAND-87e4c480b142890cad1e05b2,EXTLOC-759d4741ca6831098af6aefc,,
RESCAND-57181ac1724e500631c32f14,EXTLOC-82c879b6166ec47fd30e85f6,,
RESCAND-a020ffd6b701eae1ca864bdf,EXTLOC-a8e821f382cb364e0bf2bf76,,
RESCAND-1ff541fbdc6607fb4e247783,EXTLOC-eea9f41cf9337d6dd7d445a3,,
RESCAND-b308e13d314729695ca64a87,EXTLOC-bb35ba52eadc2ab5b713fc16,,
RESCAND-9431f404cff02ca4d4ed60b5,EXTLOC-85338ef1e6b784f6f394be2e,,
RESCAND-266d1577f262d9ec130a372a,EXTLOC-61431cd1d01286f864d922cb,,
RESCAND-4413f127b044ba8b94bc84eb,EXTLOC-8af6aff1ec5ba84ef087a0cf,,
RESCAND-84afd026c1b2a7cc5e296531,EXTLOC-bca8296ec361e8a6e931ea5b,,
RESCAND-7c88d85de13bb31662148df7,EXTLOC-918a3a62ef52ad133989bb10,,
RESCAND-98f3df5996b233058629c21d,EXTLOC-738a9f159e2457c0ad281b55,,
RESCAND-f94a8d0feddab8b23bdc1ba4,EXTLOC-2deb80ccba3d11247736b289,,
RESCAND-4d4e80df442774054205b964,EXTLOC-6a6871041724cc9958575f34,,
RESCAND-5d870b75512fdd90d98e9805,EXTLOC-ca702c86103ab327f514e4ae,,
RESCAND-ff7f58a7691540a1c84837d0,EXTLOC-689d782b41db3c005b43447b,,
EXTCAND-c6f4ad1a6e06b9f59443d98b,EXTLOC-509f3269c505e26788653504,,
RESCAND-939910b2947e28d27b8f105c,EXTLOC-65acf5bd182e7b18ff6c2264,,
RESCAND-b2ff63200bd8e1644e43c431,EXTLOC-a3b3d711bccb007e4a3b3c3e,,
RESCAND-7a475da3b64252535f6820dd,EXTLOC-f2500a4c6debbf0100d843ef,,
RESCAND-8056580a00206f25d21c370f,EXTLOC-03cc7289910d086bc2174d9a,,
RESCAND-3df360087c372c93f13ca65c,EXTLOC-38c105ac2b7c9511ca625b5d,,
RESCAND-3cdc7b81b7b00e3a827b2a00,EXTLOC-08507b0660e4ed0b2d224e58,,
RESCAND-a59d6504d779247f1693a996,EXTLOC-00292b7338b13e8d4e22eab0,,
EXTCAND-9a9f85f8e76ff483e0dac104,EXTLOC-a6135909fc62e5562a82f838,,
EXTCAND-1ec32c46584c6f45d3137d16,EXTLOC-9ee383c8de4baec931fc6865,,
RESCAND-1ce0f3d5dd0c1c9f9561ea02,EXTLOC-b9d905c7ffb97ceb618bf138,,
RESCAND-692800f135300337a92bdb09,EXTLOC-f79d1248bfe0216a22e5f39e,,
EXTCAND-3126b4a07a73ed856d5362ea,EXTLOC-0baf8c28efc8f226d9fbe176,,
EXTCAND-eea2fee94ccdb2c1e37ee0d6,EXTLOC-5a3377d6600752bf45e63418,,
EXTCAND-67ed298603b8d298804e7841,EXTLOC-b98e2f25c561f3b924803bcb,,
EXTCAND-7ac9f8d77ed1e5e07ade2294,EXTLOC-dbcb62406363268b16aeec1c,,
EXTCAND-227713a737369254b5f79df1,EXTLOC-2cf61ff65c7d7c40841fa845,,
EXTCAND-7d8ea2945f3ec28a3e91bd61,EXTLOC-e67585f13b67a635c4fbe09e,,
EXTCAND-43bb0b5ea4802d60f0ed0a8e,EXTLOC-32a8f9d99c6851c8c3c8ef59,,
EXTCAND-9aebff1e080f3ab42f741ec9,EXTLOC-9e6aea8202bbfe1b77975597,,
RESCAND-d4d050dfdacabbe394c21194,EXTLOC-4c97b0d75026c28e350ebf2f,,
EXTCAND-60101c328f0a3af95cd0e9e6,EXTLOC-b8e0c4ddf2802dce49124465,,
EXTCAND-6861dcf1ede06ed9b089cc32,EXTLOC-ad20ae2318470de7f0bcce73,,
EXTCAND-b5339d97c9ebb5b2794510ad,EXTLOC-29ad243dca36cdcb20c06f44,,
EXTCAND-7c997597ef34c5245be26489,EXTLOC-fc851ae98af9e5a187c48463,,
EXTCAND-2b597aba6d35b18c2ccd4562,EXTLOC-3f7e846a54a2996f035bc7cd,,
EXTCAND-0eb2662190fdb397cd5ab13e,EXTLOC-637eeb0821baff3bfd8b8eeb,,
RESCAND-fc163b35c4de5336d9f73d8e,EXTLOC-2925a726cf1e1ba3232fc985,,
RESCAND-bba0935303c5cb99c2f1d946,EXTLOC-7bcc09f57092a0f3603c6c69,,
RESCAND-78e6c2cd1513343198d02c9d,EXTLOC-739b189ca6a3c72b71c977ec,,
RESCAND-39b068e2eca85902c893a01e,EXTLOC-6eca5c0d7fea317120bcb113,,
RESCAND-59470e69dfd7d7c539ed2ed5,EXTLOC-1290e6c4f8547ef9fae33d59,,
EXTCAND-376668b455434e7539709b52,EXTLOC-6a0cf2d8fd026ccc25836262,,
EXTCAND-b91e98fb6d486d6be9912ab5,EXTLOC-71a2087056b52b7e2e07bc3c,,
EXTCAND-fb62b425e96d8b23b6b3d2c6,EXTLOC-774426a5dcb892f52e17359b,,
EXTCAND-af91f8a78385c82cb03faf93,EXTLOC-004b94461a285eb9ae01a78a,,
EXTCAND-39745e4b3fdbf767c05fb080,EXTLOC-415e3bcac2b05a6c56bf956f,,
EXTCAND-797b57872fafebd07d095735,EXTLOC-3489dd2544972d13ea4250a9,,
EXTCAND-fa95b659a6c8fdb40e5d98c0,EXTLOC-d06612d0037739abcc0d76b6,,
EXTCAND-f2059c5c271efb53e2c2cb94,EXTLOC-131273edd57c2ecab98f3a74,,
EXTCAND-f3cb5c5375b4744d86bc692e,EXTLOC-8f820dbd054043995713f513,,
RESCAND-5dd51b9dc7bb1140d2c35ff2,EXTLOC-2fc4b2f40ea4e5df43eb74fd,,
EXTCAND-afd704d86453fd00f0a542c0,EXTLOC-16ad27308599550a59cfff31,,
EXTCAND-5939d27cf73f2a07a5c413e0,EXTLOC-ffd6fb96b8cbfcb63229de56,,
EXTCAND-e42a1a2ebaae18d0c05f6c6d,EXTLOC-7aef8767df461bea185c0777,,
EXTCAND-afc6d9f4f21b2c723b830115,EXTLOC-fddefa98ab8b9d46e5c0cad1,,
EXTCAND-2459563457d40f1925f4862a,EXTLOC-810c3a8ba2db1557ae8c5945,,
EXTCAND-02be9a7aaece82639eb33b27,EXTLOC-7c5cb9d90b9fbc03ced11c58,,
EXTCAND-1eadcc45a9dddeb2fb1ca036,EXTLOC-305e228c5daa38d5c0a80cb4,,
EXTCAND-fca246f0c0bc0f42a839c881,EXTLOC-d97df25a9a9ff0a89028fcee,,
EXTCAND-7c7aa8f2fb865b520941f798,EXTLOC-33110754c122116b80f10413,,
EXTCAND-6033e4d616819c72b76b0c55,EXTLOC-8b9fa24334ebf0155beee988,,
EXTCAND-15421ca4cf4cee6eb3949710,EXTLOC-74ea4e83851fb1f60d3e8b3d,,
RESCAND-aaae8ad839fdc0d3a8ae604f,EXTLOC-e0d75750146d9887d8d89b51,,
RESCAND-75496b786fad95a64dc277c5,EXTLOC-b93baf2b2cd61aa0b9fd98b5,,
RESCAND-08085bfe03e81287c08ef8bb,EXTLOC-686869f8ab23c02dfc0690d7,,
RESCAND-07f2f520b4beb5d5a26f4109,EXTLOC-cc762c85a01e0558446b2ca3,,
RESCAND-683746dfd25165e9dda1e63a,EXTLOC-1da8414820fd2312aa47eae0,,
EXTCAND-ebd71be2d898b4da4e79c016,EXTLOC-2ef02e4a1538fc57178a4764,,
RESCAND-a9deb2784f175fcff86d4d87,EXTLOC-ab3464cea29ac4e3838f362b,,
RESCAND-df745168d91c5fb6b1307bae,EXTLOC-bded991f7d42e301960133fe,,
RESCAND-94a91296b1ef294e47cb6164,EXTLOC-7b22eb16ac3fb435aed77644,,
EXTCAND-c05d052fbe14535a3113a6c5,EXTLOC-dd643821839be0e2ec13bccd,,
RESCAND-ca1bda8665f4353ba227440c,EXTLOC-83cd80b00b7248cfefc0551f,,
RESCAND-be2f27898eb788e637193df7,EXTLOC-b3ffa8a1e899d8d701c5b7e4,,
RESCAND-19c2dc7505fcc57322b49872,EXTLOC-4e586b74e342948d14e19879,,
RESCAND-38681e36b03b9c4fbcf10e85,EXTLOC-cb6058c3a9fd2f53ddf47732,,
RESCAND-f2bd135c56d606dd8acfb5fd,EXTLOC-a9b3796633206cc33707c7cf,,
RESCAND-a7febf841738ec3f93565757,EXTLOC-0fad1249d3d55d5bde389b71,,
RESCAND-1e3657c9fb8016d493186d83,EXTLOC-dffd888edb4a24fc1884c08a,,
RESCAND-71d72f889622bcc87a11f8aa,EXTLOC-6e13e6270050ee90e2f0f93d,,
EXTCAND-8a522c83fec8030f4a280000,EXTLOC-65ed2065655a27972fe08c80,,
EXTCAND-1e62a0c04fdeb9f46eb45468,EXTLOC-494cd8b6605fa133e294d2ae,,
EXTCAND-385c4aa074dca8bdb04800c9,EXTLOC-3665de86afb7bf6a847432dc,,
EXTCAND-6c8311e85b5555c5043ce7bf,EXTLOC-cad16769d33ce725d802b29c,,
EXTCAND-6c4cdd330b32077aaff92126,EXTLOC-773bfc5f697adc2d70d8e234,,
RESCAND-74d1244a583910c1acef5cc4,EXTLOC-81f634c46d5790d49e257d6c,,
RESCAND-7c77e8bf7d1fc4ca259df358,EXTLOC-af8949d3e565a7032b7fa0f4,,
RESCAND-79f128eaa3ff96fd2309cfd0,EXTLOC-bfae03b1b95ee4925249168f,,
RESCAND-5c8ea1a303e0df716ce99f3e,EXTLOC-06018e2aa6ea3780c097903e,,
RESCAND-327db36a9cd6951bcc310629,EXTLOC-8f08ff3a639777cf222a1f2f,,
EXTCAND-84e0561e9673bf74ba71ea42,EXTLOC-7d99284cfb0b994b0b374f6d,,
RESCAND-5d1496f4b4cfefab9f3f7601,EXTLOC-a38cc21a8a5fe04337e43797,,
RESCAND-6a924e823158ad837eec3c01,EXTLOC-ed9efe81abac2d425655b04c,,
RESCAND-7f9b7893b160aa48b0380d2c,EXTLOC-1db430e9cfb3e5df47919513,,
RESCAND-4d5da246b0e11f8a4e5308b3,EXTLOC-a3171eec6a1627bb0b51abe6,,
RESCAND-86c84af3f25d8fedb1942274,EXTLOC-bcd528a3eeba886bc4195714,,
EXTCAND-9253b0fbd92217e99fc55a52,EXTLOC-54838407b8ffda531d7832d9,,
EXTCAND-ce067462fc6a766567028b5c,EXTLOC-3da36ff5038bc955e8e737b7,,
EXTCAND-b98dcea00788f3d765cd83bd,EXTLOC-4be15f97012ba7365aa194c5,,
EXTCAND-0603185c59c1a6371a613271,EXTLOC-5fa09e11ea7202978ef68a95,,
EXTCAND-bfcc8bc0f26f41318d99c0b1,EXTLOC-db93ee3d9a44b5914846ae66,,
EXTCAND-5b9ae2b3b4188d39c689d366,EXTLOC-a5974df60c11b755e2209772,,
RESCAND-4a53888c55bf5cc587c38e80,EXTLOC-93dd8c62e5ed4366d462fa5e,,
EXTCAND-a5e3470b5b2b3734dc5d7486,EXTLOC-88d1acd9a8a95a476625bf62,,
EXTCAND-776ef159540fbaecb23dcfd2,EXTLOC-ce48c15c884e251f773503f9,,
RESCAND-ff50627781c5c6e53b6917d1,EXTLOC-dd7e6b58efb6a492472c4ebb,,
EXTCAND-a30b4e4b8de5d44d4f19bfa5,EXTLOC-505853dd383e699d05ee9bb2,,
RESCAND-cf21eb3091e66974b0614b8d,EXTLOC-0feb5bf91d36ed788ba9d736,,
RESCAND-1a7bd740456c6000a928ef96,EXTLOC-e1fc915a78ff235bbe7cb5c3,,
RESCAND-aca1e7ea0b8bc34cfa5ff0e1,EXTLOC-d0ce75a50c9aa5427ed148af,,
RESCAND-dc15a1d0e1e9296db9d10d10,EXTLOC-078955ed1c13289fbc31e33c,,
RESCAND-c655917782278f59d3810b73,EXTLOC-73e879c66384709ca78dddea,,
RESCAND-0e72fef37e648b6b8885c676,EXTLOC-53e10f0dbd8857cc86f3b423,,
RESCAND-e94ec182bbd5d840bb0f720a,EXTLOC-0bfdbc5e06ceef4adc300bf0,,
RESCAND-6aac0c1e44d27a984523630c,EXTLOC-47aeff808eb1f132d754bbd9,,
RESCAND-01b62443a3223307f5f6d0c7,EXTLOC-9ce7f2de4963651811360920,,
RESCAND-d5d018f4500f1d5fc6194ac9,EXTLOC-3b0ae0dd4468a896b5991732,,
RESCAND-b9aef85350bb37469992212a,EXTLOC-f258c95800a4fb666e43fd51,,
RESCAND-a80da86e4292a4d2b3a278db,EXTLOC-60ce5d7bc974906205711e1b,,
RESCAND-b81d0eea61622530f524ef3b,EXTLOC-18fc79acc5162e372be9c3b7,,
RESCAND-7a9b34bcafe9646f3c590f91,EXTLOC-41f729c628226ceb9c605cb5,,
RESCAND-144fa4446fe5464a7f828bfd,EXTLOC-e68b5394721101e4e86db5a5,,
RESCAND-fb6e9176ac73382c5dbd4c3a,EXTLOC-08ef29dba9826b3e87e0d9d7,,
EXTCAND-9131929be38079f4b5950868,EXTLOC-4c0522584c4938fee42ac7bd,,
EXTCAND-03cad52478789b2191949e48,EXTLOC-3a056d2ae3dfd697ab7d2316,,
RESCAND-9566899c5f887021cfc440ca,EXTLOC-79972f24b8f0aee394de6e40,,
RESCAND-ac2687ec4a10b27a33d8e3cd,EXTLOC-cb9759966de1cc652e20470d,,
EXTCAND-f37dca0869d4231e84199947,EXTLOC-16fba2f360bf1c565eb913f4,,
EXTCAND-9a80a050d53db12df631d89f,EXTLOC-5bd26ab8bcb0533a54e06e73,,
EXTCAND-0bac0fa52e705d415e45ec9a,EXTLOC-7ebc18d98c694ba5451b8bee,,
EXTCAND-2aeefa5c6fc5d0585ac7d7a0,EXTLOC-097c57a956ca6d7108a04574,,
RESCAND-3475c939ff7871363711bb15,EXTLOC-3b2d31997d18395be5d66588,,
RESCAND-15362ef53529e2c98b2b46d9,EXTLOC-968b0e7c4626889ace37250e,,
RESCAND-66eb055023d4b7006c1bf5ef,EXTLOC-56f3c13f49cf764ed71cbc4c,,
EXTCAND-7b00001925b68e744ef5c476,EXTLOC-5c21994ef6125f3d5553f079,,
EXTCAND-fde1b26fc16f226a4be08727,EXTLOC-06bf4d3f3bc5c3c39cfb093f,,
EXTCAND-a3505107d1147b3b4aac5935,EXTLOC-b07f6fd80f3c50523e155cf2,,
EXTCAND-41b9ed89cd8ab0815d34fdf0,EXTLOC-19056a98d27d4adcbf9ce46f,,
EXTCAND-047c0f8bfe4e35ec8896d3b2,EXTLOC-09c96edfbfaf933b7d727ff9,,
EXTCAND-8611d1bba631f82b120c3257,EXTLOC-a8ee1e3140087292b3c4522f,,
EXTCAND-ba9a6365b6dda3bba39f1707,EXTLOC-3a9e21140a48f8b8d77bef10,,
RESCAND-3a9603e079e183c40f45c0f2,EXTLOC-8298a16c1ceb7f16aa5fb59e,,
RESCAND-dcd1c226bb5a94e07d24b5f8,EXTLOC-a877c259a96c81a3f06f725d,,
EXTCAND-17a66c1d7373be845bfa0c0e,EXTLOC-499016ee24cf6be92b085661,,
EXTCAND-dea3d61bb1666759fd6216c7,EXTLOC-0c1d09d31324cf3b7f79715d,,
EXTCAND-ddcbee5f9dd14c0bdeeaec4c,EXTLOC-ddd4aab770d42c48645a7305,,
EXTCAND-249d4a2900903ea39983e2ef,EXTLOC-1a74b2eeaf22b833b8bc6f18,,
EXTCAND-628255fe6cdc5bfa966d9603,EXTLOC-6467b53a6e69dceef678c2e1,,
EXTCAND-a28918210fca3318ba1e73e0,EXTLOC-5bb805889cbb735aa5486bbc,,
EXTCAND-78bf528893c713a5428f4978,EXTLOC-e460324d8d976659df17dccb,,
EXTCAND-58bce9043ead839fb170df03,EXTLOC-a998ec84e067708119833e9e,,
EXTCAND-d8861cdd0dd277c2d3785f69,EXTLOC-10077e716486278426691d62,,
EXTCAND-aeb937745aea14082e699cbc,EXTLOC-6ce5db24bdf10b3c4e90f5c2,,
RESCAND-78e3c213b805df335ab57322,EXTLOC-55e5d7e8bd68cf6fa9c14caa,,
EXTCAND-03065f4aff18aee5ecf3a410,EXTLOC-fcd10eddf8d09a4ca0830254,,
EXTCAND-a5bbb24d431c8e96475a8331,EXTLOC-a73b8f20be647a6597fe27d1,,
EXTCAND-8ba10edf6cd8a7a4966b2483,EXTLOC-edbdc5cc04912321bb744fa5,,
EXTCAND-474e741392275f8dedfe64bd,EXTLOC-99d65e6ccf133cbec99f1904,,
EXTCAND-2094ad4b33731f630c8472b6,EXTLOC-7c1809e7c018eb2f4c70b634,,
EXTCAND-bee6fd58ef8710f6c8a9fc66,EXTLOC-a004003d7663e2dbb55c2f34,,
EXTCAND-ba9ce4d8f8b4fe2108fc5471,EXTLOC-d836eb0fc654161323339831,,
EXTCAND-3f8a695d81043c5a5a35ab85,EXTLOC-0dd24ad9a5caedf3a404d71f,,
RESCAND-f0e838c891e3d3e69871c7f0,EXTLOC-a31887f36e45581ab986cf03,,
EXTCAND-7debd2a3f26c7f7a5972ac00,EXTLOC-119a97b120f6706593925bc0,,
EXTCAND-1aab1b4c1b2913064f68d395,EXTLOC-a7c2631df1b193564779bacb,,
EXTCAND-7d098614ff923246bcb41e7e,EXTLOC-89e695f7506ea2f33c567fbb,,
EXTCAND-6c44e4bc55337535f28699c9,EXTLOC-c804a4032d14b657a7efa570,,
EXTCAND-f22413b77534e48aa82fc5d8,EXTLOC-9559648e0507833a20b4d2fc,,
RESCAND-11912f0fb86b46a7fb0bc6cb,EXTLOC-b8c91693aa7d58178766e39f,,
RESCAND-57475baf7847dd2c230d9a76,EXTLOC-7480b3e6a9c7e3fdc01e93f1,,
RESCAND-9b18d4f52020b18ad139946c,EXTLOC-388247422feb1d45efd1e57c,,
RESCAND-cef9ff3a3e500806d08e68fa,EXTLOC-e6bd5bd18766089bacc1c3d3,,
EXTCAND-626b768168952558195bf378,EXTLOC-f26a274a06de1eb3a78519ac,,
RESCAND-155e21c54947040964f52ab3,EXTLOC-e593d49165b59944051040c8,,
RESCAND-ee2bffc863ee69e22c70ca6c,EXTLOC-132b876fe9f063bda6822270,,
RESCAND-81b8fcb06aef69094ebaa43f,EXTLOC-18ca9e889e18fa2b2a737cd5,,
EXTCAND-ab3b525d5e5e521120b4b1c2,EXTLOC-98a8c545947f484f6db0a4ea,,
EXTCAND-2f114a564a82186864ddfad1,EXTLOC-9165116454cf82b2755aa241,,
RESCAND-311ff05e036e8b20d76702e0,EXTLOC-0bcff5e0c1076e3ad0f40bb4,,
RESCAND-05705bfc4076c6be1ef2eba7,EXTLOC-9f52b44a99f1939503b386e0,,
RESCAND-3b0f4ac788bad0b53b109956,EXTLOC-31f909a50e50c2e722fe7a9b,,
RESCAND-7680821df3916b2352c87997,EXTLOC-9678001fc4e034ed82437b1e,,
RESCAND-c2cfa71857ed9ea80fe71ae7,EXTLOC-3960824067c9e7ab7abf472c,,
RESCAND-4bcb62b26a35219680959cdb,EXTLOC-75e3e4afe85674dce8683c0f,,
EXTCAND-eb3dd059465460d869edb3d9,EXTLOC-81e533244477df08c4aae67b,,
RESCAND-4dc6abfbd5b79085c670f65a,EXTLOC-b95ab817819c88c7f966a45e,,
RESCAND-5aae1168de6232d1d5f998c6,EXTLOC-105eb9d64fa312f96e9f0c9b,,
EXTCAND-9c913339261d7a99b7ef6ef4,EXTLOC-ab70a0ff7a535448a3df3c7f,,
RESCAND-3a77fec5e1cd146d06dee792,EXTLOC-34ea209f775ae773348c26fd,,
RESCAND-c783b7292a86bb49bf9ce53f,EXTLOC-7292265f87b8dd41b265f8d5,,
RESCAND-f39f3eb61cffef7b0961d398,EXTLOC-439d30ed21d23c01ae451c88,,
RESCAND-43451fe9647187a7a1291521,EXTLOC-84a11b198ffef4c700b2b638,,
RESCAND-80ed3bc10f71a917d70de7de,EXTLOC-a9e3e23793e995b29670eb0b,,
RESCAND-ee15bfe244bae2f3bc0b74f6,EXTLOC-34442ee412943a9394264ae5,,
RESCAND-71c1a85a51c2b919698f40c3,EXTLOC-fe25b81c4919acf7722c2805,,
EXTCAND-9d5dde5ded1744b8906f38f6,EXTLOC-0058ee8af7c8905798565855,,
RESCAND-d7c5e41eb9a74c81bb740884,EXTLOC-2ab66fe07e454bed5c188d5b,,
RESCAND-f55e910f719de141edcc1e4a,EXTLOC-a2f41ec4cf2d87f4e53db4ba,,
RESCAND-e3c7e6e29b572161f8cc878b,EXTLOC-b2530a5e2827305b492ff00e,,
RESCAND-1ab5ed6d7120de64abb2642c,EXTLOC-b0111b472037c1420c105d32,,
RESCAND-acdf17bfde004564c51e8bea,EXTLOC-e69ad0fb3497d7b60b945634,,
RESCAND-3823450d21cc5366225acb3b,EXTLOC-fd41795a2183e12a06e85627,,
RESCAND-caf4acf38e88b9651a534bb4,EXTLOC-59a829205cb5fa16f94b08ea,,
RESCAND-19cd8495a6ea2507dc164ea7,EXTLOC-f362fc4d5870ca7d8e849527,,
RESCAND-eb2a3e3e5b7c25192ffa680b,EXTLOC-21e3b1d4a015fe99182ba690,,
RESCAND-b8c5ebcbbb589af81d34b6b4,EXTLOC-2816fb2f8baa11db647ccd91,,
RESCAND-7622ad3502a02a69b6280a16,EXTLOC-5c8a219a301a582b05b9d34a,,
RESCAND-1a09947b08e723e1ac8b2dc5,EXTLOC-98a37fd3b1c3bcf618fe1b7b,,
RESCAND-ce7ed27f015862acc63b3fff,EXTLOC-e9e0c809ff838340201968d9,,
RESCAND-04d93ffab561cc301b9da382,EXTLOC-f349c38d8b6be61d1b57a2ed,,
RESCAND-f974788b8e53a17c4fb929eb,EXTLOC-93a050764fa97234b87788fd,,
RESCAND-4ba011c39925afb29aae0e07,EXTLOC-2f8a24a3dfbf9c3ec4c37842,,
RESCAND-d0b158ca38a39c4409c4e0ec,EXTLOC-4e16dfab8a18dcc9436b4bf3,,
RESCAND-17b83bc0f62a1c31aa06c9a0,EXTLOC-ee0a228d4c406ae7b8a6c549,,
EXTCAND-7655ff49b93838911ada88da,EXTLOC-5ae3cd4ece505ddd217bf783,,
EXTCAND-1a2b96e34440f059e51f3764,EXTLOC-09b195caa46843548797b16c,,
EXTCAND-4f1379c7d7836794602326d5,EXTLOC-9ad47bf9c7f3fd44607e647e,,
EXTCAND-4a1dc320f674ce448406b3e3,EXTLOC-398defb9d84a4c7998220fc1,,
EXTCAND-f6e45bf86b64962502afa738,EXTLOC-bead082fa9625535d602df4e,,
EXTCAND-4cb18d3a1687af016c7450ed,EXTLOC-7bb2d44210447042b25344cf,,
EXTCAND-c0183826bfb358cab050d26a,EXTLOC-20fe5101d6c6b80c03754b52,,
EXTCAND-511c1f7a27f941c2635b5b0f,EXTLOC-8abfa782d4ead0f04d41591f,,
EXTCAND-badd5e9e23df0c8cb24b2a95,EXTLOC-bd58ae37dfbb879e5430419a,,
RESCAND-0cab54052575a05b31e8b0aa,EXTLOC-cd9e05cc0a089486e5256324,,
EXTCAND-9dde5e985c294cfd8c9962fc,EXTLOC-83f57c3980b886dd7d8b3674,,
EXTCAND-e01e1f2a8bf29189774a36c6,EXTLOC-7a99308bc381213ae4ca67b6,,
EXTCAND-95e474a81552e42f2b1ace35,EXTLOC-bdd2bd72d4e3a44d8b168337,,
EXTCAND-8975201a4f13ff50601346f7,EXTLOC-43cdef9c41544a2d0199baa8,,
EXTCAND-96d6a2e79897b9fbab4d7d30,EXTLOC-29d1f98faee48e3ee5794dcb,,
EXTCAND-8623a660e92fe0f5120f6716,EXTLOC-72eecfebcdcbf3ed9cbf4148,,
RESCAND-c6389c9780e1d27d44ad3ac4,EXTLOC-e1fe844fca4772d9ad3a4f7e,,
RESCAND-c10448bac610a3eade74e454,EXTLOC-ceff68c23cd51fbcd3a29833,,
EXTCAND-2733985cca384a207cd4e547,EXTLOC-2ccd81ba944cf3a1a8795bc8,,
EXTCAND-d6e5653173ccb4aa01218a8a,EXTLOC-982f63d83829a9f59379e3f1,,
EXTCAND-557983bc47a44cfe3f8ab88b,EXTLOC-f61822dbcaef40f3e238e978,,
EXTCAND-5bffe738618f9acac52450ce,EXTLOC-a07a56040e8470c5eaae48a2,,
EXTCAND-8460575ed31f0dd0af91cf9a,EXTLOC-76d2c173fb969a6de1f441a4,,
EXTCAND-5fb879590519084025d48023,EXTLOC-da7555c08da0ac8f2c152523,,
EXTCAND-ab1f1ea828d93ae57ad8ccdf,EXTLOC-a41d641a83a67dce40c315d0,,
EXTCAND-2617e216930ecf8299a3a53d,EXTLOC-fc9099bb59d691c72f12c35e,,
EXTCAND-7de93585a61d1d6b9d5b7549,EXTLOC-b6ef607c4198e67b85454509,,
RESCAND-72a5ed357cfffa9d307ac1ec,EXTLOC-34d11f7d2ba893d7097e634f,,
EXTCAND-598f4ae9f1d732078ab1bdbc,EXTLOC-2fedb70c3cf8f87e78b11efe,,
EXTCAND-adb318608a9c54eef399608e,EXTLOC-8446235df34f53397556c21e,,
RESCAND-302cc4fa69d358c2991918df,EXTLOC-7a2bc07711019c8829e9a294,,
EXTCAND-662c9e9d6ec97473916ec3f2,EXTLOC-a02f682740fd4ff356f56015,,
RESCAND-74bfac63238d44bb565cf791,EXTLOC-1e48ed7f2f0957a417f16f19,,
RESCAND-28c513ccfcfda3f194bcf646,EXTLOC-4767093b3be06b10137d0623,,
EXTCAND-bf1af016c03112ab98337a58,EXTLOC-94c83641fdc310acec4c377a,,
EXTCAND-c46719c87cea66046e2e9b2e,EXTLOC-6eb61472f121c4967b9cea99,,
EXTCAND-3cf6eb1c10262b7404c02f11,EXTLOC-73f3278c259bef46b50f343a,,
EXTCAND-c52198a0515ce55a58935c16,EXTLOC-30e65d32fa1fc1f415db5dfc,,
RESCAND-2aee71d3ebe3f488297630f5,EXTLOC-700b80b63d1b9ac2ee176e41,,
RESCAND-b302e9daddda08deaddd9544,EXTLOC-a5a115f8c0a53da6971190b9,,
RESCAND-5cf88daaad6259e1ad86dcb1,EXTLOC-949f3832b99e64e543855713,,
EXTCAND-9ee6d2877f6d4ddd4c9ef01a,EXTLOC-f0557ff6210d1dbb311c12e1,,
EXTCAND-64d05902a7e614253bf8a715,EXTLOC-cf937a3dc9f4b64ff4e8c14d,,
RESCAND-2f4ee87078b428267ebd7847,EXTLOC-36a613ea222d7d5a60987fbd,,
RESCAND-2727bff8329e88d4ec55c755,EXTLOC-99e8e28a8a9c6edd821fb038,,
RESCAND-b5bb67a9248efa34aae1948b,EXTLOC-5f6d2d1a5bc9cbd28b5939b7,,
RESCAND-d456b3ad8350ae8101f21f75,EXTLOC-b9a4856bfd48df9162d79d81,,
RESCAND-6dd9ca43263a878bdc15b697,EXTLOC-655a05f5ae0550d84eb24d6d,,
EXTCAND-fe8bf874c21f83dad4288e46,EXTLOC-2393f8749cd49e5f2c3c140b,,
EXTCAND-ff53c8a842477e59ffb1845b,EXTLOC-425e472004e629b4434167f7,,
RESCAND-93fb163d3e7b377ba68e3925,EXTLOC-b269349d9186c83ef7ef4408,,
RESCAND-696337e56d02ce988639f976,EXTLOC-30db296826c9351379766104,,
RESCAND-7a120a6f8a9cd7df0c8a987b,EXTLOC-7e909784eabe08042368b569,,
RESCAND-792e3854a05d58d4f0463245,EXTLOC-ff84ee732d4ec85400391484,,
EXTCAND-c10266b21dcf143000742a0e,EXTLOC-05364a63cd0824e7e988ef99,,
RESCAND-c1c016cfbbc8f552c328798a,EXTLOC-723ba998d7594a281a707c1c,,
RESCAND-0347aed26e1686cc90e29cbe,EXTLOC-54b92b3ab39a28dc2f91f4b9,,
RESCAND-09868ae61ae540de01d008bc,EXTLOC-118203955b29574546bdd20a,,
EXTCAND-84bb8379a5345e0e764b348a,EXTLOC-d2bfbbf5a7e8975526285e96,,
RESCAND-3b7f54dd843a8334414c9168,EXTLOC-1756042cbc4b957e720a1b0c,,
RESCAND-33347125362ae416977e8b5d,EXTLOC-c923f0d104caccb57ee98cbf,,
RESCAND-bd6fd9a816b445b52fd43c3d,EXTLOC-48f269c488c3202ee3b56da6,,
RESCAND-6eec46c77f9f6d177996c153,EXTLOC-7ec4fbb7a9e3930577a8a1b4,,
RESCAND-a96376df7e274289310b4cf7,EXTLOC-a4a6cbaf2101b7a059ccc224,,
RESCAND-66bd2899457182336400b0cd,EXTLOC-48590a0437acf3388fc5eed2,,
RESCAND-b5b0906165e697cc6f6b5f82,EXTLOC-4d9c780f78657c86b6425344,,
RESCAND-8126999995d6fda36fa2f14b,EXTLOC-2aca25bea29acb4ed98a3720,,
EXTCAND-b200256f61a2a7f7c51bb648,EXTLOC-31be7df5fb2bdd2c1d9c1dbb,,
RESCAND-ef8d802f625f398aef5e2e95,EXTLOC-886a63c15947ed987d76cedb,,
EXTCAND-1f953b15f94b6162bb6a0b12,EXTLOC-478e5c655bbf48c07fc8a214,,
RESCAND-a2bc430e8d1694ef6724cd78,EXTLOC-03becdb19a08470ab467de3b,,
EXTCAND-5cc505ba0cce3548600672c7,EXTLOC-8a78977206d42ed2d55696a4,,
EXTCAND-fe91a39d687c3eff0220bfd7,EXTLOC-c722949fa2460a18bd19fe2d,,
RESCAND-381f2332c03a731ce35435d6,EXTLOC-9f4ecb3cd8c9828de5bcda66,,
RESCAND-24d31d63b44cf77dc015ab62,EXTLOC-766ed1bfa74c2461daff30fd,,
RESCAND-74ffb3af1e7526da869c21de,EXTLOC-d1b43b7479586fe3bfdd6125,,
RESCAND-3de26329cb412562e104b67d,EXTLOC-cd92c97b29caf479f943c838,,
RESCAND-2878f1632ec02f6e8161eb24,EXTLOC-c85e79d96bd320085f38b9d6,,
EXTCAND-653ac746777a08c98b26165c,EXTLOC-6d1f74ca100a64d5d8a55e43,,
EXTCAND-10d86b425d3c104704377ced,EXTLOC-82aa692e7315d3873c335838,,
RESCAND-45f6bc8fe0552de703fd43c7,EXTLOC-58e5c9076a6f2c175c17b0e1,,
EXTCAND-cc90871a419ae9c08663e734,EXTLOC-b3b1cf1e987dea561e9cc1aa,,
EXTCAND-ca75b47ff46fbf9496d6921c,EXTLOC-1805d583e8c08fad442d659b,,
RESCAND-bd96f33e7337d79d08cb37e0,EXTLOC-9a118788a99c788cf0fcd6a9,,
EXTCAND-19de895c2277e6dd3e4fad5d,EXTLOC-8bdf739df458752961413ae1,,
EXTCAND-4e3bc4c8cff4a7929d8f8f96,EXTLOC-646cf29e4d917e31dd2be6e9,,
EXTCAND-bc47402cb007891d2aea18a2,EXTLOC-04635879e950d436d75233a2,,
EXTCAND-9b46f59101570e6e4dc3f772,EXTLOC-e3f80a4777bfb68e4977648a,,
EXTCAND-21041ef1f95ea35b8add8852,EXTLOC-14fbfe316d7c4c8e816e5898,,
EXTCAND-d87972ca6dac76ab0d24373c,EXTLOC-d15030d92d55e57d3359ceb4,,
EXTCAND-7837fc8f07483d7a8373bba5,EXTLOC-7cb57142d07c44e037b34375,,
RESCAND-7b5508b5f42cf5fa79217021,EXTLOC-3f8f9fc7657782c9f7d00d23,,
RESCAND-70bf62e22f56af3dfe275080,EXTLOC-0ded6ac7bcfbe96aad679955,,
EXTCAND-6a00f4125d342d1427e94b47,EXTLOC-a40dd434920665c920509f36,,
EXTCAND-1daaef5658856788ec1880db,EXTLOC-d6ddbc8e34d8dadc505207d8,,
EXTCAND-a31a7eecbd8095a80fda2b57,EXTLOC-0555fe10fd776343729ccfb3,,
EXTCAND-a20ea9c5034c9953360c7ec4,EXTLOC-5abe97fbb4de4c33c785be6f,,
EXTCAND-0ab341e9aba70ce74a3bfb3d,EXTLOC-543c1e9b524371aecab2fc0b,,
EXTCAND-6e2a7357c27cdc666235904f,EXTLOC-056a787237969d71a76c1091,,
EXTCAND-e721cae1f27ebbc5ada55e83,EXTLOC-e59de9350532713b4b625711,,
EXTCAND-8ba0315cf64f3c0b03e1afe1,EXTLOC-a97e8d760b3ac607ac7556cd,,
EXTCAND-0d4d3db691b6f2aecc3632f0,EXTLOC-51cadb5f75a4c9e79f0d014c,,
EXTCAND-a9b706931ebc0096cf6be05b,EXTLOC-43572b78126753edc2643bae,,
EXTCAND-5750a3fcd4f0a0c7d0e90563,EXTLOC-1fc9545c84d107535df84813,,
EXTCAND-000ef339bbe406ee9b41d19e,EXTLOC-6679188d8efc33ea834988a9,,
RESCAND-20951c97095e084acab5306a,EXTLOC-0aef7bf6e994e98de51fa9cd,,
EXTCAND-486d7e2471e3795ecb68f83a,EXTLOC-a427b7508869da339182e47f,,
EXTCAND-a31b6e6e59dcdbd387b1ce11,EXTLOC-253ac5512411eb63c84344e9,,
EXTCAND-a477b2b167b706c30dab6164,EXTLOC-290735f77d9367c430d44519,,
EXTCAND-06513fa0766f90cafaeaa126,EXTLOC-5c5e74267b6a36ca6a4f66b9,,
EXTCAND-7608a6ba2f245956e37784cb,EXTLOC-c517677444f03caea4fd7c0c,,
RESCAND-953eb0fd7b79a8b087154355,EXTLOC-b69491bbd0896e3c8910440b,,
EXTCAND-165fda135d9d15ec8bdc50e1,EXTLOC-4daedb801ff88f8f843b65a6,,
EXTCAND-5348807b63bbfd76a394c94a,EXTLOC-e70d23ab86b68b5c3fc5381d,,
EXTCAND-eaa56a3a9fc258c81dbd8432,EXTLOC-ec24004905600eea549e2825,,
EXTCAND-6790bfb18ab2e60902f72be8,EXTLOC-ce2427ad9fd8759308c5ce17,,
EXTCAND-1c599c8533df6941313faf8d,EXTLOC-33ed65c5954698aba7148ff6,,
EXTCAND-92f61c7955acce9edac744a4,EXTLOC-5840475b19cfc966f7968765,,
EXTCAND-c7a85dbf66ae4072b842ff87,EXTLOC-662b55d0f81a7019f7eade3a,,
EXTCAND-736358e0015a82e7202febe3,EXTLOC-d1c3006cf5634f8967c4182e,,
RESCAND-00fb74dac24862ab2b69670d,EXTLOC-62e05946c4126839465cb85c,,
EXTCAND-fd8fac10439e9bf8a6134f71,EXTLOC-de66bb86817b824a0374de63,,
RESCAND-5328bc37a84a6093a2af6aad,EXTLOC-fb661d53c7d10587f370a7ec,,
EXTCAND-1479aa883e9bd8391428eaf5,EXTLOC-bde7ba9cae1f062f627f3b91,,
EXTCAND-a46c9bf3b064d7832e166f4d,EXTLOC-1f9b74a3864e4ec9358381db,,
RESCAND-6e9dc56cf35218dc3288610a,EXTLOC-12eb48688273feaea12ed973,,
EXTCAND-2d893f23b86d1784c79bc7d4,EXTLOC-7531e1d38b1eb5f474623362,,
EXTCAND-5186785e38e6e259401a9995,EXTLOC-222efcafbd8b1b1764919b46,,
RESCAND-f61662c930c3982de1462ee3,EXTLOC-cb32c385bc78693a2be7603a,,
RESCAND-8c58bab2564000ae9d2f6c61,EXTLOC-18be3daeed2326714ec22d2a,,
RESCAND-26c509588c599ae91ad50623,EXTLOC-1b4b626212ee564601742782,,
RESCAND-d22cc16e8a8be134b8586a89,EXTLOC-64ccc39c856bd28018fe6f25,,
RESCAND-da3836f885d77e4eb68040c8,EXTLOC-76a409ee03d79c42790fed45,,
RESCAND-34910b1834d777c3d0ba8520,EXTLOC-abf80af73ff9c757572e7727,,
EXTCAND-01cfb2b23ff10e84871606b3,EXTLOC-e7aff7095a900dcb754bcb19,,
RESCAND-2bbd1d53b391d1544694fc20,EXTLOC-7eb7364f56e00c41ca3c1b9a,,
RESCAND-b1011ed56bd46af98183a0f4,EXTLOC-886d571bb3c5a9587139d3ac,,
RESCAND-0fa72d3d344bf073f23c3f80,EXTLOC-49726f722521d1b3d891e43c,,
RESCAND-78e05ee720333f1c4ab1d23e,EXTLOC-14283540f99d7290bf3a54cf,,
RESCAND-d792b68e213522da12e61311,EXTLOC-f3b28ef8127fb9665c31411c,,
RESCAND-027c0b0962b2ab5f38e64790,EXTLOC-0fd2932f611a14d1ade83689,,
RESCAND-c030b294fd98b58e630736b9,EXTLOC-8e5e71f992ba16c6d45842c5,,
RESCAND-671038a96824b576ba868214,EXTLOC-f16e4ec692b272fe80ec4fdb,,
RESCAND-608da7040036edc9106ec116,EXTLOC-9589d4459bb97333c107ffb3,,
EXTCAND-c61e5f06c2938d2c5ed2f66f,EXTLOC-5868b1ad42c1670e5190b479,,
RESCAND-43486ed3804c239b45527e7d,EXTLOC-d52e5384f400741bda6b0fde,,
EXTCAND-8a0a4c86318d1cae5103eb49,EXTLOC-b629670fe4ee57799a5f1413,,
EXTCAND-3e24081b5294fd5b2397989e,EXTLOC-592d335f321eb503b579df05,,
RESCAND-3e4ae77dbd6de6da96fc82bd,EXTLOC-c67594d9ae1a3e54923238eb,,
RESCAND-9866e08c492f13478bfa70ff,EXTLOC-592939468064607addb02760,,
RESCAND-7517a947ace181f621ae03be,EXTLOC-24a00c05bb3ce4e8c684992e,,
EXTCAND-a40a4f3178aebb55c01339cf,EXTLOC-ba5275f5d05f185ea8fa5b11,,
RESCAND-160ce85ab3f9a9b32c98877c,EXTLOC-944001ecffaffa8daa74ea70,,
EXTCAND-ac5d7440a964838dab190f61,EXTLOC-d52eb8ebfd881043225e6204,,
EXTCAND-355df508761974c5f064dbdb,EXTLOC-6877251d6578aeb3586d82b3,,
RESCAND-b862f70785cea0c8f4c0e859,EXTLOC-6c31dba82c6b758af441d616,,
RESCAND-386b123b8f0058840a86cf54,EXTLOC-368eabed627e6e5c179d3276,,
RESCAND-a1ab904102ab238864456210,EXTLOC-3a8e7526a0d12cab4d5d8a2a,,
RESCAND-8075830ccaf5e021acd64661,EXTLOC-6d3bdd80f4379e3114d9c069,,
RESCAND-175ad61e9fa575ebc6e7cf9a,EXTLOC-45471e15808cc8812d443e4c,,
RESCAND-4b0cc78566a6726e576b5c25,EXTLOC-264d0ad81442bf3c57fbe9d5,,
EXTCAND-2647f4eb0e1f04491c924298,EXTLOC-352db3b451969d65c3c33dc8,,
RESCAND-7385a49f60506d9d865e92ba,EXTLOC-ba67d8709d5a79a8a9294f8f,,
RESCAND-d604e89b83350568669857bf,EXTLOC-233e6a7b1f44e825fd09ab7b,,
RESCAND-909ad81797aaa502bd2e6441,EXTLOC-3aea7a9c0c1a4be61bad588d,,
EXTCAND-9026d59d92b6f925b13f09bc,EXTLOC-3641db4818c376deff552799,,
RESCAND-c10c997cd13037c1c3d6bee1,EXTLOC-d67502d776ff095f0c35a399,,
RESCAND-508f85a13bc9f8a1e75a30ff,EXTLOC-35711a04fcb99b35d22854c4,,
RESCAND-521906f433b7639f12845741,EXTLOC-1d0fdcb32b61ffc5cdd95fea,,
EXTCAND-e4f0a271487dd2cb0ac9decd,EXTLOC-a09ce804110bae234741091f,,
EXTCAND-4525fb71c09900ac3df30661,EXTLOC-c0727b18a6200870e4276060,,
RESCAND-28fee61fc84dd0aff9487228,EXTLOC-54371178af78907584600102,,
EXTCAND-8e73b00001bb658f99d39c65,EXTLOC-4ce565aa807f429ea48b2eab,,
EXTCAND-8d3f1e843941dfa1407d06a7,EXTLOC-4955a6256518f012ab238148,,
EXTCAND-0e480e7042d7f3de5d80f8ae,EXTLOC-ce5440d881c32e0a6dc248f2,,
EXTCAND-f538ec9f8ae417572d25176f,EXTLOC-1bca83acf030eb338230d159,,
RESCAND-2279f8b9b90211332c4f128c,EXTLOC-a530fbe755b253ec9ddf0ece,,
EXTCAND-49dbb7e3dcbd9f53f67bc049,EXTLOC-e14632f6e2a4deaf1a98ad29,,
EXTCAND-7c5a3ffe3a486c4a4568c8fe,EXTLOC-9531c173e9b9c0dc3a2c332c,,
RESCAND-ce966b35dc63ffcaef7f6b3b,EXTLOC-789dd4fd0971e7892e5f9773,,
EXTCAND-e8be39b3204721df924c0cc7,EXTLOC-42407451d0118227f41e8369,,
EXTCAND-44bc62865878c1aa34f19733,EXTLOC-9c6005e9008a6b6bc43fa042,,
EXTCAND-227e06058faa2a065f9f538c,EXTLOC-b2153b3f895c3ceeef1045b4,,
RESCAND-8bb7cdcdaf6f94eadb26f484,EXTLOC-4d83d605cc2b8b997ad97230,,
RESCAND-de51ff7d2b59f7e30ef573f9,EXTLOC-4cc45b105dbb4d004473e15d,,
RESCAND-2ac733f3b886eade5b98fcb6,EXTLOC-3b452bfd198c55c9bbd6ab39,,
EXTCAND-6889e0ee895d959a0d1a8da7,EXTLOC-5421132810837478350a8f31,,
EXTCAND-afe6b0b7657af0d2c2f97abb,EXTLOC-9cdbf0cb33a039fd1fb7c0ad,,
EXTCAND-437f05dfbedb2aa5ed613d66,EXTLOC-04972f821f1208a6dc7115bc,,
RESCAND-a6aba128cc5df8d11f5c17b3,EXTLOC-f8659790a39d509d7e992093,,
RESCAND-a6cc5406343405744a3db9cb,EXTLOC-46403048dbbf339c545d7f4d,,
RESCAND-c32da70887f235ca9645ec21,EXTLOC-d2b4271c50cc3fc9c634044d,,
RESCAND-094eac1a3c49aba1921e4325,EXTLOC-87dc82a870251edd633d44b7,,
RESCAND-5c1e3df96e61b71ae6a698cd,EXTLOC-2acf53a4934a95b4b749cb89,,
RESCAND-dd1844499cae3a02f5164099,EXTLOC-832b792501dbf85e4606b65d,,
RESCAND-0bef89098ac611387f6f9b3e,EXTLOC-0e75e05308c28d32a668245d,,
RESCAND-9c16533adfc607d221837d63,EXTLOC-3e26cb83e3d122990ad28384,,
RESCAND-c447edf8e82f064da01e28db,EXTLOC-31d4887438d7b0591bf1a0c5,,
RESCAND-81be04092364f8ae7d83b8f2,EXTLOC-59a97a249a86d5822ac81142,,
RESCAND-5bd03b54d5287b7487c40a59,EXTLOC-4501dc28b16b6967a7638586,,
RESCAND-9db42c5886a930ae263ebad0,EXTLOC-5db8664719fe2d45561ae862,,
RESCAND-a4ea5c6fa947630f3ccad7f6,EXTLOC-d5b98ff6cfa51c2ac1677c73,,
RESCAND-51af381432d2c1e484feedcc,EXTLOC-3f80ae1548a89059ea0e8a94,,
RESCAND-23acad48cdff8a1a99c4a1b6,EXTLOC-21661330d6461954152b55f6,,
EXTCAND-8fb05ce82d5bad19dc563597,EXTLOC-a7eee3aaecd45b76dc1da6c6,,
RESCAND-202c8bce471a1aa5864be368,EXTLOC-ee49ceba78261d0235833d5a,,
RESCAND-ef3511e6da11e16b5c2001a3,EXTLOC-0d4d5a0847ae0ec0ef7c8725,,
RESCAND-28a240d2b28272c12b2dd293,EXTLOC-52d1b6b4bc86edf86bfded94,,
RESCAND-7f8bc7741f7c11967212ad6e,EXTLOC-a0e57b184e5d82fcdd160159,,
RESCAND-e76f8843b8244c48b76207fb,EXTLOC-7c2069dcc015eeb4a4343ce1,,
RESCAND-e46d558719ccfef113cc491d,EXTLOC-690db2e4b7d320c7b42a0a3a,,
RESCAND-b1f74e6207a0b872b98db9bc,EXTLOC-9ed38365d1938fa2a61e6b1f,,
RESCAND-95d72715623afeeb8fc9fbd2,EXTLOC-726f79a45b1fc92a9ae2613c,,
RESCAND-3a9bec4433f4f464b257cc18,EXTLOC-532e2a4101b440a6c4639c21,,
EXTCAND-5cf8949bd9d6dc083ca16a6d,EXTLOC-51bc3a7e59ed7bfd4e09aa18,,
RESCAND-7389b17e9cc2557668e35b04,EXTLOC-ddce040ec29a509be8dd2899,,
EXTCAND-a33726c7334b634b56454046,EXTLOC-75029065afb1304629ab1170,,
EXTCAND-39874244b19fc1687fb8f734,EXTLOC-80a73e0836d50ffdd3c7201e,,
EXTCAND-14e83a1fbc0beadcc4967697,EXTLOC-a065ca3913e56a2e100284e3,,
EXTCAND-527d7fc39ccfb6a04c56f65d,EXTLOC-087d52edfad7de69db23ebf2,,
EXTCAND-231251e081970f552d50a0f6,EXTLOC-d92fb650c21e52abd4deb204,,
EXTCAND-9c95f2028500554a700a422c,EXTLOC-97e15c385c1df693e7c5e753,,
RESCAND-eabac22ffe3e5c33a8ab6125,EXTLOC-b4a23df74f927cff746f6610,,
RESCAND-70cb4c1c4124b9c21b8c2240,EXTLOC-effc434aa794964c8864dff5,,
RESCAND-43d896ba89d280d2b0b93c42,EXTLOC-d90bfe47989848b465c0c127,,
RESCAND-ba6b43bb93b83a1a4edcedd3,EXTLOC-552c887d4ae7b831b8ba1819,,
EXTCAND-f26b048d47f8fe40c39a899f,EXTLOC-18d946e805d01c200a6df1cc,,
RESCAND-db98dd8da67a14b244300d52,EXTLOC-8f274ef845ce207e2994daaf,,
RESCAND-28c6971d3e98538e3805b36e,EXTLOC-c12177a5beb17f40d25c02ec,,
RESCAND-5cce6399483954eecd75f333,EXTLOC-db4847e3658f062515a7d0a6,,
RESCAND-a72220e5045c694ce748621f,EXTLOC-0d88c288b3cd9d152c60f322,,
EXTCAND-a76e58b396d8f507022add7f,EXTLOC-e93950c05ff5a26e2a4d725e,,
EXTCAND-ce8f74186fa9702690a21186,EXTLOC-9f30455e3a598c2905375a5d,,
EXTCAND-fc5ba56a03261112ad727551,EXTLOC-36a9451d68068a2deb09e7cd,,
EXTCAND-2def64db48fc5b7f430843d6,EXTLOC-3fd309527b06868e57fce246,,
RESCAND-01d8abe6b78adba45218ccad,EXTLOC-f7e73cba66e96790fd1effa7,,
EXTCAND-b03b12b1accfdb814681979f,EXTLOC-0c459a94ab2b91818e807a44,,
RESCAND-954f0d8132d0a0fa12e17f31,EXTLOC-eef87cb92504595f13f002dd,,
EXTCAND-ac19bda77c23ea61f3c0562c,EXTLOC-93d62df71818932e724c2471,,
EXTCAND-b8df7e72420cd3c461628f37,EXTLOC-e414f6ae37d17f24ba4f61f5,,
EXTCAND-829e1fbfb38f51d393eaf610,EXTLOC-41b23bedcb3384a8d3227132,,
RESCAND-6f8ad45b7810863b37e4f00a,EXTLOC-b86705521fd86a26f681a78f,,
EXTCAND-6a6140bdee42ba933f202729,EXTLOC-4cc2cfca2f54995112d82a31,,
EXTCAND-868f58f4e3bd360c9667ad8f,EXTLOC-051eef751e8239dc864e74f2,,
EXTCAND-22003102d74beaf5acb4b46d,EXTLOC-891dd3cd588dfc0eee8f78a3,,
RESCAND-3e86df2026c6a2cf2f737171,EXTLOC-11f90783f1f7ce442c4e4e82,,
RESCAND-144d7ceed368b8990474e288,EXTLOC-dd554adce27c2ffa82d51cc4,,
EXTCAND-a58271ddd40d7bc6b0d26836,EXTLOC-44105fa26e61abcc3e2f902b,,
RESCAND-c8c2b63f1dda030333feef18,EXTLOC-064d418e2ab4b76e65bf367c,,
RESCAND-cedc688efe64ccc948a4d0fa,EXTLOC-1d476acb8b6abf2f9941ac2b,,
RESCAND-9d5d7ddbf62ad266f370cc29,EXTLOC-d043e3a6fde06994209fb683,,
RESCAND-732a77db5a296fb37049cacf,EXTLOC-dc0bfe53703b576b2fdf3271,,
RESCAND-f6a420fc8f6fe603d6b7c948,EXTLOC-7d296f96b5466f4ab6826bd8,,
RESCAND-7d107c193a123b6cad75b325,EXTLOC-d53b8112e379152e87023d6d,,
EXTCAND-1687c04fbd4d6d45d7dea51a,EXTLOC-d3bcdb1e2725da82569cbe01,,
EXTCAND-0f313e5acdad131391f964cb,EXTLOC-4de9ac38cdb1c3e391f270d8,,
EXTCAND-ddd188d03d062a11433b48e9,EXTLOC-51875727506e4d265450338f,,
EXTCAND-bc8b7961d880cb374f3ad717,EXTLOC-1ed4c10b3baf9f0a1afca9bd,,
RESCAND-c1bcf462c3ba0abe4c2ffcd9,EXTLOC-d9382fec2f335ce7b50b7505,,
EXTCAND-427ba1b8acaa52d432784e55,EXTLOC-678d7e8aff41d80d65eaf2b7,,
RESCAND-00415aea0b8feff8ddb0f724,EXTLOC-aa66cca27b6eaaa4162d895c,,
EXTCAND-14b7abb19697bd42a104fc63,EXTLOC-4f0085b2c2efa3f50394c7cc,,
EXTCAND-1ede6022e119996c4b6df0db,EXTLOC-2e15165c16e98e5d10b2e46e,,
RESCAND-49bf9e9cadee182ea705d81c,EXTLOC-c928701ef64afd8a4e07283b,,
RESCAND-d108b8b1d5766c3f26c2a47d,EXTLOC-79de903049af0adb93d22738,,
RESCAND-89e5549c49accbe0e7529840,EXTLOC-b1b229f92e63f8722a34c1dd,,
RESCAND-91609dad6ab36e47fc6b16e6,EXTLOC-362b77286c11a6026589e9cb,,
RESCAND-170fa1ff8da2e8b57a2d7184,EXTLOC-130ab2a075a8278aacaf7a84,,
EXTCAND-ab0c011001c31808064948c4,EXTLOC-6d70aa1d52ef950c9dcd9128,,
EXTCAND-4538f86621660ad33efdecab,EXTLOC-740a42096cb2b8239ca95d4a,,
EXTCAND-98a47ac1f3d0f4314bf9fa0b,EXTLOC-9f258652a6af9a0bd7843747,,
RESCAND-eb8b544a5ccaa9b306ea43ee,EXTLOC-d2266202132bfa0918cd47d3,,
EXTCAND-b1764a895b64cd9a72b28f8b,EXTLOC-c15c2ceb203b381c0ff48f20,,
RESCAND-d258876c3fea431bbbc78045,EXTLOC-e5b7583a7acc3cdd83a13448,,
RESCAND-b1f0a6859b93d1e8d03885bc,EXTLOC-a7e4f027d84e30beb781be5d,,
RESCAND-bf62791d2ec6a38e6935bf10,EXTLOC-0c0fe96758e32a6c5da2a711,,
EXTCAND-5484712027ac6426b347c02e,EXTLOC-7ff3444e09e9ef418fd6aa7d,,
EXTCAND-5da34381edfacc0665645555,EXTLOC-2b80b52ec5b4c868cedcff20,,
RESCAND-8e003b17c03dbee52e67aba8,EXTLOC-60565043c297152642477dfd,,
EXTCAND-1ac30579e316a48bcc8649d6,EXTLOC-fadbaacd7f09a319d8ea714e,,
EXTCAND-d88fc7bdfea31caf9771e840,EXTLOC-c25af27f335e215cccf57873,,
RESCAND-532d4983b833730881f9c335,EXTLOC-5898a089f08c1bde6dcbaad1,,
EXTCAND-05493934e7d2de29b4a7178a,EXTLOC-cbb86968233cf5ecf509b87f,,
RESCAND-a44f8f30f6c76f37ec0b0a09,EXTLOC-68336b3590ba73484d90b4c4,,
RESCAND-04cd447fc3912d775d44e551,EXTLOC-eb8dc5b8ace00b9b9f0bc641,,
RESCAND-1b97078915d444bc86192859,EXTLOC-29f5f1dbc0856f940bf4eb03,,
EXTCAND-086e82085d25856786d4cefe,EXTLOC-e51ed802b5d5689ed8411cd5,,
EXTCAND-1f850aa3e25083f0bcec8282,EXTLOC-810df0117e56ae21b6561f84,,
EXTCAND-7b0e7d57d358dc891af56914,EXTLOC-c075330f940c00b82fc74785,,
RESCAND-4dc4c8185b8fa7fa0004b7ab,EXTLOC-519db38facd92efb2769dc54,,
EXTCAND-c1171bb1c7c4d082635feee0,EXTLOC-f8f4dd446991663b46e01f7d,,
RESCAND-0d093c2162ab56db3e1574d0,EXTLOC-580e3efe99ff4611669f5dc1,,
EXTCAND-1502a68e9d0190bc9576d15b,EXTLOC-53927a075787eef64df92021,,
EXTCAND-5688b472aa5afe247d8e2ed7,EXTLOC-d673fe81f1c72c7fa8e45a7f,,
EXTCAND-f96a13e84a3259110cc2e635,EXTLOC-e4de361912efa3b613aa2f8b,,
EXTCAND-5fabb9626f2cdcbc58804a2e,EXTLOC-01e55494a5cc43108dd6d539,,
RESCAND-3ec536ebe263a85d186fed1c,EXTLOC-a7e6eddc6cffaa51c7778ba5,,
EXTCAND-d8b60a30c4367d3c1444a94d,EXTLOC-2dc6236b3be998e248d62977,,
EXTCAND-02f70e81dab0c5e0b2f6a009,EXTLOC-3f137bec0dee01ecbd4bf86e,,
RESCAND-6fac1eac550d8cf63a8dba3d,EXTLOC-987abf10eb43d4f99ce40be0,,
RESCAND-c1cc00abdf215b4a18911da7,EXTLOC-81fd3a4fc6467d35e2efa03c,,
RESCAND-741e0be5795c68384688fd3a,EXTLOC-9a25b4715ce27990376d81a8,,
RESCAND-55d23d45997bbeda88953a90,EXTLOC-79a64292d9e6a55c7dae74e8,,
RESCAND-434e21c26ca76d26b3f6c3c5,EXTLOC-6094baa8ef45faddaf805c0e,,
EXTCAND-314bce0bd13d95f97008d330,EXTLOC-250cc2912d1c15c3c1c360ba,,
RESCAND-78b108a09eacc091ed7a0cb3,EXTLOC-6cec0b9768fa1a3a09ce38ee,,
RESCAND-27fe5d5502d34fe51faf3ef6,EXTLOC-101eb396fe8ccdb227d9f0e0,,
EXTCAND-fbaf4f667eb461c090915204,EXTLOC-7ac2e37209322158fc79fc08,,
RESCAND-c0cfa26d5ffe37507c3f448d,EXTLOC-cf928d981a02dfaa45af55cd,,
RESCAND-f278d3b45601f4fc30253459,EXTLOC-d75fae5739d016eb630d706f,,
EXTCAND-fed32960295a0fa09649ad96,EXTLOC-ef97e3d27b75e74c63f108a6,,
RESCAND-7efddd52a38c3f46fc917a68,EXTLOC-327cb2a94ba644e7cb3f0f52,,
RESCAND-1c5541c59ec1912bc0243f87,EXTLOC-47e84ad0fb340f58288402d9,,
RESCAND-243d6c5cba49b9f18944aa46,EXTLOC-fde589aa12b3c6123d8f15c7,,
RESCAND-0a4022e2fc8ffbb544587df0,EXTLOC-b243690adc92280bc76cd80f,,
RESCAND-e5e93486b8de8dcc962cd6e7,EXTLOC-56b00176159f8da25cef28b9,,
RESCAND-758cd5479c20f38f7f94004b,EXTLOC-8c0fdc36dc2e1a583e4c70c3,,
EXTCAND-dbf664ccd78347c07b622907,EXTLOC-dc194a31206402342230c5af,,
EXTCAND-ea4500e3ba9170887c124f35,EXTLOC-cc6ded189a58a6afca020b3c,,
RESCAND-327ada55b53d19f7fac97f5e,EXTLOC-550bacf59fb68bd76a671543,,
RESCAND-adbbe89bbd050a823df7bc3a,EXTLOC-03206d07a79369cd25701241,,
RESCAND-00ac2165f4107e1bec8c70f6,EXTLOC-0e9e7f145abc7e8355bc1913,,
EXTCAND-3a30052e44bc46a65482a776,EXTLOC-9dfd43a0bf8de6591231a851,,
RESCAND-9332a9c9a0a4bd86fe853247,EXTLOC-b26d25fee381f3c94a1b942a,,
RESCAND-ec2c857c6d5c9c166c8b0fab,EXTLOC-1dc1a9a2db02b57a5b8a80c1,,
RESCAND-305880030a2a88befd13fc8f,EXTLOC-d1ece499c59c962eab391e03,,
RESCAND-8d938fe03ece0e49297950cd,EXTLOC-f1d8355b0925aa607573eb79,,
RESCAND-625fad917dbd56d7c7438405,EXTLOC-31792eecd35c1416e9ae77c8,,
RESCAND-9109507894a09c63bddf1728,EXTLOC-d1d432424cd37eeffd20ea70,,
RESCAND-e2985bd397316940f066603a,EXTLOC-226e50b68e2322a3342b1563,,
EXTCAND-157a83c9c1f034b0c87f69e2,EXTLOC-983e18d5eed0817f184e601c,,
RESCAND-ac31aca038039c368986f0bd,EXTLOC-4155e09e6f1bef55c11f9f2f,,
RESCAND-82297afe7f40a6ac830ae454,EXTLOC-d297564c3d78ca400746f3fa,,
RESCAND-53c45b6703ab5834966bbe4f,EXTLOC-183eed815df1aec14ec5f10f,,
RESCAND-d5ba65e42ea167b5fac78426,EXTLOC-449369860166cb484ca84064,,
EXTCAND-508bf86f79e230375aa7c8c2,EXTLOC-401e4b9a1f357e4eb9442ecf,,
EXTCAND-ba918f4f6d80f1a2b1d932b2,EXTLOC-2280f701b929e82e0761bb5a,,
EXTCAND-c14fdda02557e8b66878959b,EXTLOC-807b74f62cbfdef89cf06524,,
RESCAND-2efb1742c1920cb43fd1b608,EXTLOC-5d7b56eb7a1b9f0c4b4de4ac,,
RESCAND-1c88e8f7909fd2d9fb8c4d00,EXTLOC-3a265ed1584728a823bc0c8c,,
RESCAND-56bcecdb261f8c70b62d7b08,EXTLOC-29b9d7af7a248379b0031cee,,
RESCAND-6c089ec22d20b6ac83c95494,EXTLOC-0a0dec5c563bf225430119b9,,
EXTCAND-51e1c9473fad5b8c397572f9,EXTLOC-02f7993e5062d9e1bdcea331,,
RESCAND-dc271836c815489d91fa6678,EXTLOC-e58d74ca37b70dff41afff72,,
EXTCAND-30369738a0d8deefa8e2b539,EXTLOC-bddf57d94ab381abfa51fab3,,
RESCAND-5ba80dd82d16c8e42b382ff5,EXTLOC-fb888975bf09dc4e0491772a,,
RESCAND-c0a76938fdded6fc6cd80cf6,EXTLOC-787afa4ab490c81025a14cd4,,
RESCAND-c691fa4d0fa12785b84de9b5,EXTLOC-a4ee40df6dc761101994d356,,
EXTCAND-d7ff9126410c4193495ed53d,EXTLOC-f0caf9a90822ce013538e1fa,,
RESCAND-0470fdf3fc69806adb8410ce,EXTLOC-c38005484a423de58db2da45,,
RESCAND-e20a01800e1c19d881655abe,EXTLOC-a0d14e6fe2b9e9a29a684087,,
RESCAND-1c300783e2fb2b909a794780,EXTLOC-2e7588d9daf1ce716964043c,,
RESCAND-cb48d8b45bd83973e2275003,EXTLOC-30720f7b7cb625b9c0dc2c6d,,
RESCAND-c6964d07008baaec04c22f5c,EXTLOC-8aa315d8a9a22b10a413ff3a,,
EXTCAND-ab253e352830ab9b5f6e37c7,EXTLOC-de8efdc207a8d22f8ba49678,,
EXTCAND-90d196ac244299af9d0c008d,EXTLOC-5b0a9eacb47c5875b6286a46,,
RESCAND-69bd0201c6054c60ec2be46f,EXTLOC-c85a2892af4c07a866213822,,
RESCAND-d5e4533ebe1141db4455352e,EXTLOC-316bf12b8547f949fc809725,,
RESCAND-7ee78df7aacc724419e6c55f,EXTLOC-59ac2f7600ae7164360f7468,,
RESCAND-3ed6fff5e539d34a9f10ea97,EXTLOC-4db1f39f47fd5450fe5137d9,,
RESCAND-108bb669c361549a12fea755,EXTLOC-f50d86577c6c63b15337f86b,,
RESCAND-fb516235d83f45d1691b6551,EXTLOC-393a43fe304d6b05e2342f4d,,
EXTCAND-eacbd5b80ef0a429c1c9db08,EXTLOC-2e0fc2b504cac6562fb3ed37,,
EXTCAND-bdb8c5abd99ab62d548fe408,EXTLOC-eb25b410d3e0e39e346af7a8,,
EXTCAND-c2da68fed3d50569b9c03351,EXTLOC-ac5387da9fc00ec202f233d8,,
EXTCAND-f28a623d6f7d6a6224707ba8,EXTLOC-ef1002e0d90800a4cfbda2a5,,
RESCAND-abbf3593c2b844ae06a8bb66,EXTLOC-5bf536a4ed6138ff94aa7450,,
RESCAND-05326b1bacc084822d8fb32e,EXTLOC-9687b514b7b7db7dded4fc0f,,
EXTCAND-43ef469db3e3e7a68332058a,EXTLOC-09a1b3fdf1011cc9c95ae739,,
RESCAND-977c73382cc7b1b2789f4544,EXTLOC-393ad6d2b39b390815965aa1,,
RESCAND-a3d3e534665150c513256b2f,EXTLOC-c527f22c4c23f200dc22e2a6,,
EXTCAND-d97efd8b1e24dfa30d30ae87,EXTLOC-a7ff704883b6df66fdd06aff,,
RESCAND-8ba1a6c7ead4acd4ac5a1b3f,EXTLOC-b47477fb583146443ce4f70c,,
RESCAND-e820877cb3699454e4991541,EXTLOC-f95a66aed79af018fbee0f5e,,
RESCAND-1ad1af9799ad7bec38711b39,EXTLOC-987f72373fde8a8970025e94,,
RESCAND-af609034e03c0ad026bb1864,EXTLOC-a189703edacfc1289fa92044,,
RESCAND-6fe6ecd057fcaf86b5022eb9,EXTLOC-249141e7f9dbb77e924a5fe1,,
RESCAND-f0059a5bac1cabeb0f301a3e,EXTLOC-a234ecfba0db71cede9d599a,,
RESCAND-2d0f3d23733b8ad352b40219,EXTLOC-1fcb11625e9887f225dc6cec,,
RESCAND-c3c05ee5066f578c9e8ad888,EXTLOC-218804d93324c4328cc55132,,
RESCAND-7632f6a3629cf17c873b8b9f,EXTLOC-efc08da199048cf9f9ab1b4f,,
RESCAND-24df010b480a88d01f7e28f5,EXTLOC-5525b0016b0d18f4e6aa5b49,,
EXTCAND-6658409680e614b1e88a2a00,EXTLOC-9f9823e2d56a95a803b65475,,
EXTCAND-a9c588304966ee5ad7889efc,EXTLOC-9b6b0278271713954249c822,,
EXTCAND-17cb045f6cde6e6f3653471d,EXTLOC-2e5db6d77352b39d8dc8bf59,,
RESCAND-1bbb63493c08207d10cb73c0,EXTLOC-3ba77ab891f9c05e9a44e54b,,
RESCAND-11ba7ebc8d87e70095c9769f,EXTLOC-ec5bf9b038326d4bbc200f19,,
RESCAND-3042f6da4bbcb54225085689,EXTLOC-ab62108a6b07e8fb507445a1,,
RESCAND-c6bea462760190c90f4148e1,EXTLOC-a3a14ed18b6261bd5a1e4234,,
RESCAND-e66c45df92371dbcf3d0e71d,EXTLOC-7d115f4c8298f16e5ff7e08e,,
RESCAND-733c02c2a022a821cbc8e878,EXTLOC-5970907eebf14aa3be6772c8,,
RESCAND-5b1d7dd54ae3e110a47a7e17,EXTLOC-b8d56adb3908e43e259f3157,,
RESCAND-bc0a51ce2837731bb4339179,EXTLOC-e7c9e7fb9b0412d624b5b50b,,
RESCAND-1e342b8727d7b15d974057e8,EXTLOC-2c28663045795dc3f2cf7d8e,,
EXTCAND-28e4ebbbc93e2dfb309a596a,EXTLOC-13e45de6838e828a1ca62f4f,,
EXTCAND-bcaad3e89afc2df99e36f19e,EXTLOC-2852ef29cd2d13f322a017c9,,
EXTCAND-a6a326c32e7702bd812f9441,EXTLOC-b4cf3f9c8f9b5d4a338a0142,,
RESCAND-e0f072dabe0104b41e253817,EXTLOC-4266aa5c452f0291265382bb,,
RESCAND-a0d63c26b452fa88c7c18320,EXTLOC-b769f10c21d44dcc43464c85,,
RESCAND-10d86c7b46effa62b95ba289,EXTLOC-7c364532366c13b35d91da70,,
RESCAND-bc9fe986caf471db57f0886a,EXTLOC-48554d0293549d4d4545c572,,
RESCAND-589b702570b0c48d3055f191,EXTLOC-267a61b830c91575653473d1,,
RESCAND-f035aa91e19f9de397e40dce,EXTLOC-d00bdf7f8765a4ac6427da07,,
EXTCAND-4e7395db41299028be9d95a7,EXTLOC-212c9bdd70366aa5c3e7dba1,,
RESCAND-02a708584cf63f1eb914c2c6,EXTLOC-05354a1322152a76adfc0b1d,,
RESCAND-a6a520c329af4683fab3c259,EXTLOC-c4a5945ad8bcca9a2642bba5,,
RESCAND-3c3b19db5b774f5c8d42120d,EXTLOC-3edd0fe7a0c4591e77203912,,
RESCAND-fc0522b1da01211d5d3c1c61,EXTLOC-b00ef3bebf5f859adff40dc9,,
RESCAND-c09b74f87f1fbf9f84c6fa55,EXTLOC-8768efe7c41417de31558cbc,,
EXTCAND-571375b191488855a5bfb915,EXTLOC-f3b7f385fc2db42487f8f622,,
RESCAND-9ba590fc29990439d67e6c27,EXTLOC-bba71cd5169a14508f02f080,,
RESCAND-bb7ce9703cfe46b6b1599367,EXTLOC-998f97e44e27c7f7cd7283af,,
EXTCAND-0ca8ea4aa75dd0ab0350a188,EXTLOC-7e2c8a4c64bab516457a04df,,
RESCAND-ec132b3f4b6af545604544f5,EXTLOC-9798076575ec5f0a26cad269,,
RESCAND-b7e845bd85dcc1188f2c6257,EXTLOC-3022948b7d6c2d7067ea46cb,,
EXTCAND-8cb7eb64ada8edbc6ff1de96,EXTLOC-4e0051d3d2381ac52619d497,,
RESCAND-b4b10e3b25913ffc5301ee96,EXTLOC-50d497eb2dc32b153fa6af51,,
RESCAND-a08035dd6fadcd7889691aba,EXTLOC-f210bdd7075f38f25c26269a,,
RESCAND-71549d7c7a556e333689466d,EXTLOC-25a115ebe0be127eb6c28179,,
RESCAND-2406f668838c7ee71746bf07,EXTLOC-63d15eb1ac8dd3b478425c18,,
RESCAND-4e01ca23fdabca200f49282a,EXTLOC-168c06461bb080744fbcc8ad,,
RESCAND-d0f623997edb637f9d7108cf,EXTLOC-34873c25b94ff11b4954383f,,
RESCAND-0a69a9d0ea1fffb50e04d5d7,EXTLOC-155cf0de05dfa2a1d982e1eb,,
RESCAND-629baab7f7c97c0511725e35,EXTLOC-a16199cbb93dae2151721c4a,,
RESCAND-76b2d0f4e9ebcdef44e3f0b3,EXTLOC-e7ba6cb8ceb06ad645a012f5,,
RESCAND-cf5865dec6da76f153e9cc44,EXTLOC-80b57e179fe8ce696e886873,,
EXTCAND-7dc9881986bbad3a587b1951,EXTLOC-2da6b10b57fe25a6b3f73c7e,,
RESCAND-7093b1b3e6284017e0e2dacc,EXTLOC-0ae2dcafecb8c61e605f14f2,,
EXTCAND-75038cb26476374aab63abc2,EXTLOC-099ca8d9894196ad749e4864,,
EXTCAND-f4010353b4842b2ef9632a0d,EXTLOC-fc28d94c997298dfa4a029ef,,
EXTCAND-42fb3d9489f2a902a355e03c,EXTLOC-53d20bad75ea9f69d53dd571,,
EXTCAND-e571cd2a07ca009a20a748e1,EXTLOC-eb4c06762b39267280ea2db6,,
EXTCAND-9d37babd9e4c2a97bf297a0e,EXTLOC-4a215c9ebacb957e59a6f878,,
EXTCAND-8387a672e1b6a452424d18e4,EXTLOC-f2cbbfc3c472065764028238,,
EXTCAND-1579cc911d33b4dd1f6e77bd,EXTLOC-dffc4a3643ab22904aa377a7,,
RESCAND-49fdcd64ba51a2e1ff9c8a71,EXTLOC-b54c0c3488158418ce8745d7,,
EXTCAND-ab94f2205f328480227da50c,EXTLOC-da878b03029ecc52c5a1b63b,,
RESCAND-f16d0748f1d8feb2a3696be8,EXTLOC-85cda789e54a03a62a73eef8,,
RESCAND-bf7461a75c0f1c7ecdebf2ff,EXTLOC-847bb77cb365eb12a7b386f1,,
EXTCAND-a0b22b90ee952579de1f4b4b,EXTLOC-9cd7f13cbcd7994a8b7bf1fc,,
RESCAND-04bb936122da1bceba88bc67,EXTLOC-c58a62a1e14f13a1e40d6953,,
RESCAND-dcfbdac50abd350c8b4aa42c,EXTLOC-f640d7f9de5be6781a4c451b,,
EXTCAND-0b00a34daf55c2274f93b90e,EXTLOC-6cb2be442ba6a06f8422f26e,,
EXTCAND-bf15eb40ac7d5f24484ff32f,EXTLOC-07577017d7c16f21d9639a4c,,
EXTCAND-c383409a76371416423dfc0b,EXTLOC-4083a41f36f4a742ae904b18,,
RESCAND-76c4381d9638c0495cac1d46,EXTLOC-3b4d599fdf089fae4aa718ad,,
EXTCAND-c92c0280538fa623f506a513,EXTLOC-0633574a90292a89ac036dc5,,
EXTCAND-224cddf6eeba13f006f57d1e,EXTLOC-89d0b23148325a218a8cba9a,,
EXTCAND-3b97983a8291ab2911ea4ae3,EXTLOC-f8e0cf5576691f29f8db3a24,,
RESCAND-032f68e2afb33da698a54efa,EXTLOC-e9242594147b6bc76d86f838,,
RESCAND-05493c65244f9b00728f3dcd,EXTLOC-56004edaa0ef5e3bedc8ae2c,,
EXTCAND-919e259c7f391896761118cd,EXTLOC-0a6560dcc749cde394c32a0b,,
EXTCAND-83fdc9d1a1a07049f5a9081f,EXTLOC-17999548858543b78b4ce582,,
RESCAND-e26055bd7cd0c36a4e2d1310,EXTLOC-ae9013770ee7860e77186e30,,
EXTCAND-3c81fa84e4c032e8cd801436,EXTLOC-ddc283297b66a127ff85c079,,
RESCAND-49ec35f8326e51344402624e,EXTLOC-9892f8dbcc7f352631635ff8,,
RESCAND-446661a5a9f7b0d7117e68ae,EXTLOC-9e6ac6def3c8d496992ce193,,
RESCAND-7eb87a6010d2b600e5d41dd7,EXTLOC-b7f2727b57103905f8f75e72,,
EXTCAND-8f28aae691dab884252670d0,EXTLOC-f83b742f8a1bf13b360daa8f,,
RESCAND-1214df6d564274b0a677820b,EXTLOC-31774fef4585dbe21534d76d,,
RESCAND-7bfbdb412f1eee7a0b6b7dae,EXTLOC-9336392e349e530756a094bf,,
RESCAND-ea7153af95e5d11393c36287,EXTLOC-50ea6628191d4ee06be46f9a,,
EXTCAND-ec8828d0ce64edfda72981ed,EXTLOC-806565b350839151feeb08fa,,
RESCAND-3c88564b4d17945fe6a2ad73,EXTLOC-8ecd61d8ac609ec314c36982,,
EXTCAND-ca871ba412b3610a17655129,EXTLOC-9a9fd0c600f28168d10caf1f,,
EXTCAND-a99c4c1d0665442e25773dab,EXTLOC-63d216e737c42df4e367c9e1,,
RESCAND-37f848d9b4f30bcb6f5d2604,EXTLOC-144280c73851f14b5c65de56,,
EXTCAND-94e848f956044f7d2d7344f1,EXTLOC-0ac725116c96b0b65bc77d1a,,
EXTCAND-3425db5eed99b78678c0735a,EXTLOC-1c18d39d88469d6d1a495e99,,
EXTCAND-e76125bd5a37b09a34381266,EXTLOC-2b363fe42403bc32c3b75dbc,,
EXTCAND-510f093bd5837024f9ad6308,EXTLOC-7f0519aaacbbaf080165abba,,
EXTCAND-95a18ba4088fe8d91b79a351,EXTLOC-e61585ba99346326ab032cc1,,
RESCAND-6e9dc4b9fa6861928a8b0eb0,EXTLOC-5d3a30775e0dd11c38d2561b,,
RESCAND-f573ea51bcedc12c8ab4ebc6,EXTLOC-6820f692dd477c809bc1f8e9,,
EXTCAND-5d1ca44ad1e585402c710f32,EXTLOC-d48369f57d69204d296128ca,,
EXTCAND-8919a553c7f1dc27f83a2ea6,EXTLOC-2157cc9fc49fb7346b60bfd0,,
RESCAND-60d572f989c67b56fcef39b2,EXTLOC-5c1749da180d9c94133dbbcc,,
RESCAND-306d477ae4261237094752e9,EXTLOC-3da5d9d51cacce226fec3b6c,,
RESCAND-32c2a09678042f08de56ebd3,EXTLOC-32d5047c705d187cc58f54a2,,
RESCAND-fd549e8b9377103608ea95e5,EXTLOC-e13cfa79701b101441f31fc6,,
RESCAND-21945d7c044aa49dfb27cd16,EXTLOC-5115ae04354a834536beb952,,
RESCAND-a37e08c347d980c0f2a86802,EXTLOC-ccbb4d8cce346a0135ac590c,,
EXTCAND-f8e282d3223bb5cf789f9316,EXTLOC-f7584b37ea72706fa5c51bc1,,
EXTCAND-f06ce1f10bb55dd599fc9cad,EXTLOC-3c955e874ce84d612e1fd1ad,,
RESCAND-089c9f28faf5067194e29986,EXTLOC-c233718763e02d71e30ad3d5,,
EXTCAND-a3dc7ff24ecedebdfdca0d06,EXTLOC-b0bf43276a4353767d11f967,,
EXTCAND-f249fa736a1c0da61241f1f1,EXTLOC-c9a89d8e86eaed0ab603593d,,
EXTCAND-ac796882746ca2fef835c18c,EXTLOC-b632e781e589222f4923662b,,
EXTCAND-ecffad9a5c32648b6dd7153e,EXTLOC-202a89520a06302b4a5807d8,,
EXTCAND-bf6497eef172b155dbc1bbc3,EXTLOC-7d59d8c8bd07b6ae3166c2f7,,
EXTCAND-b5327716d341cf2e72b106bf,EXTLOC-f8761aeddb1477388ce4b563,,
RESCAND-6271344199d96af08b7b81cf,EXTLOC-ca6319165ab7a96d1e1c2175,,
RESCAND-382ae3ded7d723007958da3e,EXTLOC-ba04f4c42d0f3fc61044b250,,
EXTCAND-019528f19b26a9934f960ca1,EXTLOC-729c7d82835095549136335c,,
EXTCAND-aa110c43fd78199401e61eed,EXTLOC-1dc927246132f293a65f9c88,,
EXTCAND-cdb64bfa72d1e08873bf7479,EXTLOC-f3df757105facf187cbe2990,,
RESCAND-b5c437f6a4ee644e0804bd7f,EXTLOC-55072cca758bf1b1bc9001c4,,
EXTCAND-6d06e7979486ca116e473f85,EXTLOC-6f1b459e338c120ed80aa061,,
EXTCAND-bb177d7de0bd8d48b4e0b31f,EXTLOC-9ac0ed8d0777beb335f9407d,,
RESCAND-1ee0b7cc773507dd0a40fdf1,EXTLOC-7a9db3968fd80abce1928e4a,,
EXTCAND-0a08a7caeccaabd7f0b5b182,EXTLOC-f3bf8fe178003546c5e92848,,
RESCAND-0f199e4dd4f3a9f64b46799b,EXTLOC-5106293026edd774b9687949,,
RESCAND-a93dc220a7aca753a15490bb,EXTLOC-a3186471c9c706784376aef0,,
RESCAND-4964233958d65a7ef1638302,EXTLOC-85b080828d9590b75d23bbc6,,
RESCAND-0b4efb16ded2016b0e852d96,EXTLOC-517a3724eb00638b3d3a7481,,
RESCAND-0f8d19d23dd5d6cf320829ff,EXTLOC-5924d200a9b5127cb43148ca,,
RESCAND-519ceb5418a36fb39ea777c4,EXTLOC-faab7da9cb1ce8fda9dd5a9f,,
RESCAND-74fdf3f9c085ff1de9b71a4a,EXTLOC-9a26ce70203938109c139dd3,,
EXTCAND-c2ea55bfc3d3409a901b429d,EXTLOC-0dd21cdf7e8a79d74487548e,,
RESCAND-750d07121409074ce81ab6f8,EXTLOC-659e8ea6c8c828331d80d6fe,,
RESCAND-6f00d133fa64b4cde4eb9828,EXTLOC-a7f80f4324b84a5785b1024d,,
RESCAND-0df37358574e0243369bfd7a,EXTLOC-f304dea2915bdbc9aa914b32,,
EXTCAND-2e1fb3edb1e661c1fa8319b3,EXTLOC-ef271f256302e17afd0a0f49,,
EXTCAND-df7afb3b45181e882d182d27,EXTLOC-0aee1bcfc07aa587aa5da703,,
EXTCAND-20ed29e187d5ed6fca9a3837,EXTLOC-91a61abe10c7948a090a39db,,
EXTCAND-d48ad5fdef9dbce39adbbe58,EXTLOC-a989ed71c8a6c22d8bccc3fa,,
RESCAND-b3f191bc43c9edaaad296717,EXTLOC-3bdd2d7a1e274ff4c17c573b,,
EXTCAND-3e954616288c3f414cf70a95,EXTLOC-79d6e7e529da81ad028f794b,,
RESCAND-fa92cc79e8482500aa450c26,EXTLOC-afc8fe3724ba1a6be5382a51,,
RESCAND-909a73fbe2a3472437f1dfa8,EXTLOC-7555e709d5acdcc0ad3d448f,,
RESCAND-3ae6838fe3bb5c7412b0ada5,EXTLOC-c5ec2f21ff736df06c5729a0,,
RESCAND-0447674217c02a25fedd2e82,EXTLOC-5b092cc8c170e0ae0553fb3a,,
RESCAND-a749e5b77700e5db8b0a9612,EXTLOC-8eeeaf4df954a9bcc4122133,,
RESCAND-327c896a871a21c6a30fc75e,EXTLOC-8744bd43ede765a83ddaf717,,
EXTCAND-e1f81f968fca72ba1646ab57,EXTLOC-599528a2d4f5a749bbb9315e,,
EXTCAND-bdd3cfe4d9350bde500a3ffd,EXTLOC-9c8a1642ed46c57cce0f4339,,
EXTCAND-248f1e80a59b92a5ac515bbb,EXTLOC-0d183ce156199b500f4d4d24,,
RESCAND-9f10f7d68a65e82281d3f2be,EXTLOC-3fd6c363d9faf5c5bc3a2394,,
RESCAND-d348f2c1517524313b3b3150,EXTLOC-9275492688519a40797e1306,,
RESCAND-c9f672a7cf6a451fe3b41aca,EXTLOC-9df05038dd4ed062498bd5de,,
RESCAND-5147ed0e2a867b00d94633b1,EXTLOC-7c913e27b44661dff819148d,,
RESCAND-08e6cc0ecb1817d0c090a6c2,EXTLOC-dbc41f0ba1732b44ff407717,,
EXTCAND-caf706894dfd1b6269dfac17,EXTLOC-bb3706abe80db4184c0e1896,,
RESCAND-21656f6de2432630e04dafe8,EXTLOC-553915b5bb17f1fbf5a34214,,
RESCAND-e1a9b8ca14d5af21df03e20b,EXTLOC-c3dda239842aecfaafaba50c,,
RESCAND-b06b2df64fcec44b7aab1f9d,EXTLOC-1f510c760fa2cf44b813b697,,
RESCAND-ac72f9f81c97fc24481552a4,EXTLOC-b9b8bc4f915ee15a0beaabc8,,
RESCAND-841e298d25ded4a308593399,EXTLOC-36bc081bff257497b334e0cb,,
EXTCAND-7463949e0fc4b4e6482b91b4,EXTLOC-6d6b193af0a3d3c675616abc,,
RESCAND-60512745f642277d6c98719a,EXTLOC-96cb0f5fd4f5fa77c4ea53f0,,
EXTCAND-df1cf3bccfd8bd54f9b4fdd3,EXTLOC-14ff674e7dc2026386069338,,
EXTCAND-79b22684cf576b4c1d53a800,EXTLOC-db8637d2752b10211fdd63dc,,
RESCAND-d0526f4b247be5b85b6a8022,EXTLOC-ed5a69fb484f48fb60630329,,
RESCAND-7acec5a445ebb64d3e7a4a1b,EXTLOC-76ec08d94e7940fd23533577,,
RESCAND-720f6869f5d457777773dbf5,EXTLOC-0bf0f4d0d8340f8b3005f9c2,,
RESCAND-088ff2778d4062a4bf0ee2e9,EXTLOC-e5a8d84ac1060b5b50667cf2,,
RESCAND-71bd7555698d58e52f101cab,EXTLOC-028140e35f7ee593783f4579,,
RESCAND-7df392d16a0184a819b4f1dc,EXTLOC-7689aa4460db7ebd78d9a99d,,
EXTCAND-f915e72bb4493d97897e1844,EXTLOC-e4d79866a708764fea8612d5,,
RESCAND-a5d3815e129f8aa3b246a6d2,EXTLOC-232662a1cbedf27051985564,,
RESCAND-92caf09eb57f14adf0009525,EXTLOC-8d8a0e76f30bb7a8332d7265,,
RESCAND-448195cbf19b0bd196c889a9,EXTLOC-dbf3af2227820887ec8fbba8,,
RESCAND-1c7bdce080e8ce7e7888b0bf,EXTLOC-8273b6d999fa7e2b217277e6,,
RESCAND-d2bbaef73046cd8bf6cfd0e4,EXTLOC-9ea022a8cee52f23d78f547d,,
RESCAND-e8e02ccb99d66fbfa5e9c1c9,EXTLOC-47d42603379b77c297ee5926,,
EXTCAND-14cd2385c54f95230db881c7,EXTLOC-4322a779c040cfd569d71b70,,
EXTCAND-aacedb723eab3739da4e4cb4,EXTLOC-cd92d1f77aabc96e58749c63,,
RESCAND-f5c7a231bafb23030e17c799,EXTLOC-70c311444511a08b566a9b8c,,
EXTCAND-40ecd0308e83d4b55d2ea74a,EXTLOC-8b8eb881bceff04081764146,,
EXTCAND-66f8d2d38594166de7e2a7f7,EXTLOC-dd7069a5eb1fd52452185c98,,
EXTCAND-3e915498d2eddeda4db605b5,EXTLOC-72e5a7e2bb87e2bfeb0dfa70,,
RESCAND-6c79e0e3bfa15e124e41bf5b,EXTLOC-ae56ddc15fca942ab5d2cf2e,,
RESCAND-9dc55b13c6dd26c43ddbbce1,EXTLOC-fa040ea92a10bb3b4285a133,,
EXTCAND-c396d78b9a7e5994158b0804,EXTLOC-b8b7930501df4853b0f078c1,,
EXTCAND-a5371c06bcb45f9391f003e0,EXTLOC-a697ba0090596c0624028755,,
RESCAND-26f1bcf7fb2e89ee724c46f9,EXTLOC-f7be397f329955f7aa3f9f94,,
RESCAND-054298fb5f70ef6f23bb5826,EXTLOC-a34875b81688b4d2291477d1,,
EXTCAND-8755ca95fe92cd832dbc3330,EXTLOC-ded950687f48711fefe7cb69,,
EXTCAND-ac3f47f212191cf4d742a68d,EXTLOC-1bb230df335822d304f0820e,,
RESCAND-9cb3a5c3fbb3e5dc6aaebd19,EXTLOC-4aebeb5ca65d343ee591e9cc,,
RESCAND-ff38c328e7d77169853ca67d,EXTLOC-1bbd57b1039c3c3024f65918,,
RESCAND-ead647c834bdd59b1895e22e,EXTLOC-8a703e69db95e625f75f746c,,
RESCAND-c9cef55af115e228596a9632,EXTLOC-6c847a6db43fb9c7aa12e9bb,,
RESCAND-66272c150ffb03b2c0994fa8,EXTLOC-b685a22fecce71a559fcff8e,,
RESCAND-1a74f157d8830a96cc09bef5,EXTLOC-19d4aee3a4babdbb1d5fea50,,
RESCAND-618053121fb6eff30c92f5da,EXTLOC-26f79f139d72ae3003e1a13c,,
EXTCAND-0ae3e1b8439b45c48c2b707d,EXTLOC-82bf0dae38653e2ab0ec4866,,
RESCAND-7f6946aee557db35fa8a4740,EXTLOC-b008a79cb810bb788b012cd4,,
RESCAND-5d4ea0f65941c9b6741ccf1c,EXTLOC-c51b6aec517a56b9b6621fcf,,
EXTCAND-832072626b3595ce21b814e0,EXTLOC-70e7da13b6c23c10c1e8304b,,
RESCAND-68597839995be3d44b3a1169,EXTLOC-541f25ea7691f9242067b28c,,
EXTCAND-1e9a1a98afa13359a3879504,EXTLOC-873d2ee63062f3b23c256b54,,
RESCAND-390cd236ee814c2da8b4e2f5,EXTLOC-c0e7327a00b7cd69cca3dd80,,
EXTCAND-48c8749cce033da6977485fb,EXTLOC-9649956bdb7ef53bcc06363c,,
RESCAND-c3c28de295def1cc54523891,EXTLOC-239e101f7510f79be07b5cf0,,
RESCAND-b2eab6a8c066aff2903724c2,EXTLOC-947fd93df0a3f45b77c0adb7,,
EXTCAND-d8bc98c63207363a55835de7,EXTLOC-7a30fbacf957a3a0c40f2f3e,,
RESCAND-a6584de9540f4b51ae5adaa7,EXTLOC-68560374b534c2657462aa10,,
EXTCAND-38ac8458f672d172fd37f1a1,EXTLOC-68d89c60fbd88f5425d182f3,,
RESCAND-17f73906b4cadd6ee179d616,EXTLOC-a05dc64a46a48d0d5a946c4f,,
RESCAND-35ec904302389ad40b370edb,EXTLOC-53fbbeb2fcc5ea4fc9f5bef5,,
RESCAND-4c290626c5a64462996bc6b2,EXTLOC-46d05be72aacb71f46bb43b2,,
RESCAND-9a9cd767bb3dc2ba7ba532cf,EXTLOC-a340a5b0d5f982e50ad0766c,,
EXTCAND-485bc131cc0a72b09c6d70ed,EXTLOC-e96afcf25a59d51ac3bbd4f1,,
RESCAND-7d67eb6099d3dc061c84d2a4,EXTLOC-9bb2b01eb46208deadc82b96,,
RESCAND-a55bb4544250a1681c199203,EXTLOC-cc89b9f5bfccb7966b5760bf,,
RESCAND-4a1e47b56fe64797169aa077,EXTLOC-a914da605657531ec8a8de45,,
EXTCAND-0db4c6a23696f2fecafb85a8,EXTLOC-f72ddf17be70b768285d1ebf,,
RESCAND-cb9e1e68df0d537a10bf6b4d,EXTLOC-10d985a0c575d13a23a60895,,
RESCAND-3725e3c325f4513b2517b46f,EXTLOC-7438064a07c920fdb2fcfda6,,
RESCAND-bb756a84334501f1bb4c4541,EXTLOC-1148cf8a71f3173ee233d592,,
RESCAND-50a1866c7026cac53c9ce0cc,EXTLOC-1cf5a69f3ede404c2f80255c,,
EXTCAND-b7cc8483560ed6cebfbda3cd,EXTLOC-bfebfe7d1b6e2bb4706488f6,,
RESCAND-695179b9380e58d57d3263f6,EXTLOC-4f5850b32a6b9fe0890165e9,,
EXTCAND-d1abb7a10622baf31e15f985,EXTLOC-d741d8230bdf80511079ad10,,
RESCAND-94f8b5c06c44d893eb2eeea6,EXTLOC-31a2a3527b262528b8a77736,,
RESCAND-9b89051ae2211fe28dc5b2e2,EXTLOC-c7cf8f1a048c85ec4a68031f,,
EXTCAND-c9dc162104d195c8bdd2d5cc,EXTLOC-45045765c87fd288e5ae19c4,,
EXTCAND-e9a84c8d6f4f6e9835c360a2,EXTLOC-e383b2d17cbeadb30866ab41,,
RESCAND-fcc846ebb6875ca10215fe1b,EXTLOC-b01269d9d7503bb748259d92,,
RESCAND-0fb493ffe812d6bf79b1a2cf,EXTLOC-a050120e7e169b18d32cc6a1,,
RESCAND-d59a6ebb33af0f65e730b998,EXTLOC-f598789d273402b5362c5fb7,,
RESCAND-a8f7d02e653ca7d78090d826,EXTLOC-5a07a70f6ae98024cd98e92a,,
RESCAND-c024ac88919bca4b16d46beb,EXTLOC-fe089edcd3002fdc79a9ee58,,
RESCAND-c2b367b50e77ff570421c366,EXTLOC-ecc8629330846230d82c71c3,,
RESCAND-b5f86098a0e0ca465a331bfb,EXTLOC-5230830a97617280b2d9f74f,,
RESCAND-457cbaaeb924f3618b51128d,EXTLOC-4dc6abf1ca3ad9efbba03a1d,,
EXTCAND-14c6334e4aa1289915d5b4c2,EXTLOC-10e17cb4cc3686d7b4e38a24,,
RESCAND-452428e6379c3b72aeb9181f,EXTLOC-cc080b2a9e3e352c603e7ecc,,
RESCAND-62b824b440a4a4a27bd47485,EXTLOC-cb16129c0d9b59f9c9365d67,,
RESCAND-e79c517ba8844e2ada653113,EXTLOC-55b3f7dc005a4f71d767221c,,
EXTCAND-e4eabd5ead22e9f525fd95ea,EXTLOC-92196e99999809f922ace536,,
EXTCAND-0d0982e1953c5f1a1998e049,EXTLOC-b64d98ba36c00d6ca13ed4d2,,
EXTCAND-d9f8db10bcb0ac7cf801fcbd,EXTLOC-01345b7ff33adc60776fbdbc,,
RESCAND-e68087cf3586593578a62293,EXTLOC-c700b7b71d3c85014679734c,,
RESCAND-7b2265bcab0d2a4ff2d307ef,EXTLOC-d22f86826737f1e05ec71051,,
RESCAND-7eefeda68971afba4538f3cd,EXTLOC-95aececad5add82e2bc9290f,,
RESCAND-bbdddcd9c4211643a1f67629,EXTLOC-0aee519d68a4d8be52e5d3c7,,
RESCAND-0454b09eb96b92734e553b61,EXTLOC-c29f309c58e3c8d8cc7b840e,,
RESCAND-bb4566b187ea3815c40c3f81,EXTLOC-e1bce78b0bfbd7dd7c69f284,,
EXTCAND-589d800e416af34a0de0c861,EXTLOC-2bba587410f7d1622f1573fd,,
RESCAND-264cad3ccf7f37e2a8a03249,EXTLOC-41389233c14e19e89b11df86,,
RESCAND-e91a2cfb2fca875ffb36ec54,EXTLOC-791eb40d97fa6996f57c70a6,,
EXTCAND-8439e52d255813e84fd67124,EXTLOC-ca3cc5057c1db86d0e36bf5f,,
RESCAND-2c73ef184e6b865ad5d72f3d,EXTLOC-87cd3cb00c6860954e17f660,,
RESCAND-ad75b8c4cdb7271369a341c7,EXTLOC-b13e006df395e7657f0662e2,,
RESCAND-68711c5df8504aa4787c164b,EXTLOC-5183f27c4f58d4f2c0551f98,,
RESCAND-147657ba056bc7e169c22266,EXTLOC-4c7687b9e7e09620f0298a7b,,
EXTCAND-2b0a0849707975be6b6761b4,EXTLOC-4634f9f6675aa0563171e3cb,,
RESCAND-13a57f4d00d9cdbcf965ca33,EXTLOC-54067f6ae7de0fe0db9ceb97,,
RESCAND-e3431a596310280013409cb6,EXTLOC-9035fbb4615360a6a6fef7e6,,
EXTCAND-0dae08bc60201b19cce28ef1,EXTLOC-95f00c0dc1b415577f6521de,,
RESCAND-3f5fd3ade30ab380460d04a9,EXTLOC-d2baa9c1e0567386f0490b66,,
RESCAND-ece52a261b6998e1e6053343,EXTLOC-6f61ba78eed7856f812cdbb3,,
EXTCAND-43a7fec23ed5da71faaf27c7,EXTLOC-81daa87af0e14454b5b7d16d,,
EXTCAND-c61cf32c8d5e5662401fbdbb,EXTLOC-b18ec042567be01825d085f5,,
RESCAND-dd1a03b49b4607ab4cc4eaaf,EXTLOC-119ca4888f9485c2a8b51dc8,,
RESCAND-85fa1271084b72b461614c87,EXTLOC-fda67e0d77fde95fdc46286d,,
EXTCAND-dc7c733a061269652c838c3a,EXTLOC-c6eeb1afa309567b12ce7918,,
RESCAND-4b2179127a4038e6c02197eb,EXTLOC-57292eaadf12eca7fb3bee22,,
RESCAND-37ad8923d3e8d9a6b0d03147,EXTLOC-82675753b5a8668e1955ac86,,
EXTCAND-d55370672ba0c75d2e59ddce,EXTLOC-08df23c3b255e151e2d84557,,
RESCAND-d7c20f91e254c97585d41928,EXTLOC-a34b6cd184b43af09ec792e7,,
EXTCAND-5fbea8506907d49023e5b572,EXTLOC-e8b6653afb2179a2f4e3c798,,
EXTCAND-14ccf79a5edb7632f511da17,EXTLOC-ee2cf3188c143aab794759fb,,
EXTCAND-42bff5f30af0e0030fb2f9be,EXTLOC-6a2d8bf213546e0a993f04c6,,
EXTCAND-9ce14080a84ffb22e51c9b77,EXTLOC-b867d4f560be3b792080a26c,,
RESCAND-4a15f5fb86207cc708650d08,EXTLOC-34d1993ec72f76b423ebc08f,,
RESCAND-19268649169a854e32a1aef2,EXTLOC-f27517c3f7f83f4478ce08da,,
EXTCAND-748b7769ed2d27b14db05f13,EXTLOC-ea3b78ed7d862f18ed99ba0e,,
EXTCAND-3071c5da3e83bcc46bc06f68,EXTLOC-42abf5b520f0d0496452f75f,,
EXTCAND-313aa9a0c0c54461d1a860cf,EXTLOC-2ba02d65839fb94af16737d1,,
RESCAND-e88fa0ac3e8291941c784574,EXTLOC-0e089d1faccdd0081509ddbd,,
RESCAND-948e5664858ecfc9972264f3,EXTLOC-06f06be4dffa5f7db897e5e8,,
RESCAND-31a449ca0e501cef3e2f4303,EXTLOC-bdb4819fee1646dfc24d6c2a,,
EXTCAND-c9486e95e06de33eca7dec13,EXTLOC-24b213100d2356a772b9f0d1,,
RESCAND-18c7f5b2dd545060548e0073,EXTLOC-95afd1f647efb495b0b8541d,,
RESCAND-04add31424702df60b808b20,EXTLOC-f485bb79933d6a8081d99ca7,,
EXTCAND-4964b045278f980e211c6b44,EXTLOC-d35221cb475accea8f139f01,,
EXTCAND-ff8c188205eefd96d4a61d5c,EXTLOC-e267cb11856d4aa138372757,,
EXTCAND-48ba64c79ccd427577fe0a0c,EXTLOC-f211d0235318b93444025f30,,
RESCAND-9bfbefbe0ac179cd1f05849d,EXTLOC-8110fe8cbce14985c2514e43,,
RESCAND-7e04b567c56b90b27213a325,EXTLOC-32aaa3add2bf600e5bd3e74d,,
EXTCAND-c1103647990a5dd763a5e978,EXTLOC-8839bdf25e12bfbb7ffeef1c,,
EXTCAND-21dfb5f982bcf7953408fcd1,EXTLOC-4f3270686e9287905b92cde7,,
RESCAND-a7e2ffd389308f5724396b8a,EXTLOC-4c7a43cfa4e490d7223f174a,,
EXTCAND-4840f2393b031e30f15b1afe,EXTLOC-27ab2b799f5947e1c78393c3,,
EXTCAND-5309a07d94531374967b1df2,EXTLOC-17672b7e56d0c1a0763c3940,,
RESCAND-1b2400187e2ccd9befd55d84,EXTLOC-98afc848012373b7d8d5ba84,,
RESCAND-af6ae22a88345bf987f4bb44,EXTLOC-ed35702ea011bd95afbc9b64,,
EXTCAND-7f0e9d915302a9cb2c4e2a19,EXTLOC-719243a6fe79f9fe1a3aec37,,
RESCAND-69b5dd332dcd5aefe097601c,EXTLOC-4cc98a2737827212b2ef1598,,
EXTCAND-cc02876d000a929cb71511c0,EXTLOC-cd728ad25a63e4ec8b2dc5ec,,
EXTCAND-775ad99f2ec06c5ce4c870b9,EXTLOC-14f264ef3b58766cf5727983,,
RESCAND-1ac6f2e4b1f48c263c3bc68d,EXTLOC-95862fc5b7dae7711df58875,,
RESCAND-289b2cb9743c9b845a57a83d,EXTLOC-57e846af233f41887c629a7f,,
EXTCAND-caa1fb7f91bab2f6bcfc6de5,EXTLOC-e52c1148ae64bd6eec3e8dd9,,
RESCAND-c19bed84358c27b5ebf845ba,EXTLOC-684c61f5e33de835fffad71a,,
RESCAND-7394339c40790fbf4e155f78,EXTLOC-33a99616214c961eebefcef6,,
RESCAND-b3ab34a0f703ba8ccd888307,EXTLOC-14fd724738828b7fa2d63489,,
RESCAND-516e848b98e7b7a56d62bfb7,EXTLOC-aacdb5b7785af4ce31800c15,,
EXTCAND-cb410b5fa3cf4a7d7bec0468,EXTLOC-01e65049188e5ff37f5af902,,
EXTCAND-26e5142bbeae0162c2855d4e,EXTLOC-4a331aa747fe3baf1a007bb8,,
RESCAND-41f80751f23d398f96f16f98,EXTLOC-303ed57c92c27d63b6e8ffdd,,
EXTCAND-e3c39d32832c1e9b0043df2f,EXTLOC-7bf30d5423ced79f76a73b98,,
EXTCAND-9031282c14b316be2768e442,EXTLOC-63c98c9f70636d020d8ca6b5,,
RESCAND-083707b2eac9b7353cb99860,EXTLOC-448c1389724829a4ccf0bf79,,
RESCAND-4bdf25526853b09903b6b784,EXTLOC-3c913e78766c2889ba4a5640,,
RESCAND-1b7515c98d7e394bb9f9bbe9,EXTLOC-7b69d7883ec65c7bb4a37a8d,,
EXTCAND-20217cdf058c88c27dd07c66,EXTLOC-d9275e0004a1796fc657b92e,,
EXTCAND-68c8fa97384b33721179f7ce,EXTLOC-3ae24b64685b9200f7be63b8,,
EXTCAND-125254141a44ed3793cca4aa,EXTLOC-76348aa452d797afb0cf08ae,,
EXTCAND-ece45356341c656699f8bba3,EXTLOC-3875120b7ad8827e8ca744b0,,
EXTCAND-b983fa09d07a96b40601908c,EXTLOC-c8535f91543183b22a82e47c,,
EXTCAND-a8f975c5048d933ac245af49,EXTLOC-b9a35e43a936a872578b5923,,
RESCAND-5231cd56e70de8d45bcdf231,EXTLOC-98367d784f9c00fc74af35a7,,
RESCAND-f025a9883b1c6dd1f9d988b4,EXTLOC-d14dc02c02086e47a04b5da9,,
RESCAND-0ecf17ff6ad4fe2c7a53b421,EXTLOC-91328acbf8659ada1ab11957,,
RESCAND-1381a6140877c0935e80f10f,EXTLOC-561d3ba628a0dba2486fce6b,,
RESCAND-65e73d139d707f1c4f068ab7,EXTLOC-76c6fc3dbce2fb28c3389c9b,,
RESCAND-8a8753d5c5805b5a7f814cd0,EXTLOC-1e9146cfa497fde429cb9527,,
RESCAND-920d312a7e4c81dc984deb9c,EXTLOC-ccac96537f42a70a354a7b7d,,
EXTCAND-172176eb11f7387a3f528e02,EXTLOC-a9013edb6e5c35a6c991f407,,
RESCAND-04afb03ad4d6925198e6760b,EXTLOC-ce72a93c57fda6e0e593c15e,,
EXTCAND-ed7007e5704fbe6dd510b020,EXTLOC-4f4bce32b2fdc6a4e07c80d3,,
EXTCAND-19a61c037d672475efaa45fe,EXTLOC-1dcc3aa08e667407b1477dc9,,
RESCAND-ec2ba67c06cc23742016cf93,EXTLOC-2eb96df351fc21fa40bdad70,,
EXTCAND-1ba1d8eb032939ce8edd14a2,EXTLOC-a55b7c57ebdf4c6d651f93fd,,
EXTCAND-c0d5299f96b34a92c960cbf2,EXTLOC-6297ca836079f166d2d5d56c,,
EXTCAND-b6c428815f66c50514914569,EXTLOC-4e71cfc08a8539f2e675bed0,,
EXTCAND-efcc1ffbc537e313fd4a02f4,EXTLOC-d23072327cb3ea3221927f29,,
RESCAND-05d820dac03bc14bd9d4a252,EXTLOC-7da8e0ace405abc9db386ec1,,
RESCAND-02203ba5c0728b23fcc1b161,EXTLOC-70e9d3a0f6786bb5f5e77d9e,,
EXTCAND-5dd5c20fdfa5df53e28442dc,EXTLOC-9d9b71025d3175b907c6ac40,,
RESCAND-2a1213bdb79a3c17cf91dcfc,EXTLOC-554faf7a0cf2fbd06d0f7bd4,,
EXTCAND-d3f785dce3198dc0cd8f48bd,EXTLOC-2e9827d30f4ab21d0ef4133a,,
EXTCAND-877a31d485a110a8b50a52db,EXTLOC-0edfb581a80bbe17468ed731,,
EXTCAND-986f6e4c41b30d0da68d6dfe,EXTLOC-e985c252b198fbf62604c26e,,
RESCAND-529041dc483967250a607045,EXTLOC-f1da11fffe63891955ddbf35,,
EXTCAND-425ee29341f24e341c13068e,EXTLOC-9a2b919d44f32c858b6a6685,,
RESCAND-8b6e3b869d2480609bf2e55d,EXTLOC-8fb03bbeb0d7e28881f09070,,
RESCAND-151c79d768af6a25ef53dc5b,EXTLOC-14a076069a631f4bf62d0979,,
EXTCAND-fe60e4cbe1dae766899082d5,EXTLOC-576d7e165eecc1f04b501a7a,,
RESCAND-3ef9fee09f217349febcdcd5,EXTLOC-2bdc5750a7943da892ad0352,,
RESCAND-f2d7f0145f8a91cb0d12a336,EXTLOC-7821d49dfb1d5972131eef9c,,
EXTCAND-667eaf11720642ad0633baed,EXTLOC-83e77998c14353a730f22fec,,
EXTCAND-a52358ff315b07152af5ee7a,EXTLOC-af11d75ad72310d1c0957463,,
RESCAND-6a0914e9d13aae391d943167,EXTLOC-8640deec2f4df29954c9fb9b,,
RESCAND-721279fe97b24656009209b0,EXTLOC-bd54c4a75ae989b6a82dded6,,
EXTCAND-3c02c1db6c2976ec815ad3e6,EXTLOC-e1879721321d704851d177d3,,
EXTCAND-9fd1ff6a3a96bb13bd5a9a6a,EXTLOC-bcce2f622216cce2def158af,,
RESCAND-4678996b9f3b7fea8818064e,EXTLOC-9119548f2f2051383678cefc,,
EXTCAND-517867dbeecbd86670bd5721,EXTLOC-a7eddf79d4d113356dd59967,,
EXTCAND-15a996030d74b20546735b77,EXTLOC-3f79a8bed1e19368c1ca65a5,,
EXTCAND-9f41ca2e8d077528f624c006,EXTLOC-d02ae729c47d36acad6b826f,,
EXTCAND-a205a58cfb2bce810a944897,EXTLOC-8bd8679f1e19c1d5b9870194,,
EXTCAND-87025b049f870f9d2d82a890,EXTLOC-385e1409dd90a2aa362ce320,,
EXTCAND-fbad6134610f423fb00d5f5c,EXTLOC-1cd3b840ea06d78947e007b0,,
EXTCAND-53ab2c705ac8f7adc0aff082,EXTLOC-c2416c0d757b8e3224318276,,
EXTCAND-401a68a5f36595eaa84d2e5c,EXTLOC-e219aa35358ab2bf5cc71e74,,
EXTCAND-edd2377b46a3d103f43d47f6,EXTLOC-3fd02815a5446d5fbb55ffea,,
EXTCAND-abc7fe32497c0dca0814aa67,EXTLOC-d38e31953cec12cde04ce67b,,
EXTCAND-2ec545899f5aba9ef8c1cd68,EXTLOC-323be6f65110bf4ec67cbe1a,,
EXTCAND-61f4bf480d1d7bdc7ee3c536,EXTLOC-3e9cff5d25db04965ccfce3d,,
EXTCAND-5d48e01e3e6737d8b738b534,EXTLOC-a6f95222e9370946786ce0a2,,
EXTCAND-df418d7d70e278cfdae317c7,EXTLOC-3133f140017152caad3d748c,,
EXTCAND-38d3b9af72a49aab1bbb8fad,EXTLOC-c269ceaaeeb577ad068697d0,,
EXTCAND-b72fa49788d9b0a0875beeba,EXTLOC-dab12d4a148a2e4d80ecc56f,,
EXTCAND-9d54974d8333ed945b58f83d,EXTLOC-1ca7b2cbccf5c8858223ccb2,,
EXTCAND-c47f0fb5c8e7e754e034950f,EXTLOC-cd2a4eaf926a367d1c59c214,,
EXTCAND-9b449f38560980b5e1f7e6d5,EXTLOC-d1ca05eedf784e54bf3b836a,,
EXTCAND-235d3e579277c4b5fce3c70e,EXTLOC-632889d8836f4c265ff1af09,,
EXTCAND-d86c5e1aa1d0351ddfc882f9,EXTLOC-a0c8bb73e5404a9f9f27e581,,
EXTCAND-d22a14eae0f68feed14e28db,EXTLOC-e0af72cbb0b4ac262bc13b8e,,
EXTCAND-feb89e324b445eeea5bc30a6,EXTLOC-94d30efb73e3acb9d4ec05e6,,
EXTCAND-60c3e56674c60fd149ed6ec2,EXTLOC-fb19b5751506b22cb5f13126,,
EXTCAND-2982c85f1138c4ffc586a79e,EXTLOC-30ddd1ba38471f86a690d7d9,,
EXTCAND-9fb2216f610a03e240606190,EXTLOC-f6089e7aa34a5334a95d511c,,
EXTCAND-9ef756921e0e818c26efe9d5,EXTLOC-546368398c61c5c438e72661,,
EXTCAND-fa959a30a93c50cb893ecdd2,EXTLOC-5efb4240de276f4f499e44a0,,
EXTCAND-b539eae700ed556d2e38c948,EXTLOC-ca10738abde0ac880f66d83a,,
EXTCAND-ac157a863e69aee39e6573bd,EXTLOC-9286ad5db34c74e8af9f6206,,
EXTCAND-ceb24f79db8f0c38abea9b6b,EXTLOC-8fd34ca137d30c87299997d0,,
RESCAND-010bdf37b767146be99dc5a0,EXTLOC-abad7c4d63c9e2a213ea1fd4,,
RESCAND-6b3f33193d0a4fdd7c673875,EXTLOC-0f555c974a8afa7cd328d1e8,,
EXTCAND-292dd6a0592e051096ee13e2,EXTLOC-bdc1fc08452179ddcca4e804,,
EXTCAND-e58c79f6a0596037481225da,EXTLOC-c63b862e981e2de59e882cb8,,
EXTCAND-b5e02cc31ee0d723d24f5124,EXTLOC-7e4838d6c6f5fcddce149213,,
EXTCAND-373df24df474c8f9f72a51e9,EXTLOC-cb6a50072af4b6ef209fc56d,,
EXTCAND-9b722272d212b8561f666a66,EXTLOC-755ee8539688c4087de75572,,
EXTCAND-10bb637b622400a5cdce2abb,EXTLOC-ecca8016546397d8156106c0,,
RESCAND-74689feb5fb2f60b3ebe1276,EXTLOC-371345ba5451f81e6527253b,,
EXTCAND-3288c31fc3195eaf761ad0b0,EXTLOC-d47206f5b533285629c8f95d,,
EXTCAND-89f8cacf8785620ff361b6ce,EXTLOC-70ba71e2785981ae23b6cf03,,
EXTCAND-84d864d130c87aada08f324f,EXTLOC-a10baa716c60d9897af023a8,,
EXTCAND-027c1c9968d5f3a97bb1bd60,EXTLOC-d7cf329e827ff27b65942bcd,,
EXTCAND-bed6081d7200499e94629e77,EXTLOC-4b61bb1f7e206c1103644ff4,,
EXTCAND-f7ff0915b2af14d184c04744,EXTLOC-59677025e94cc7da908eab97,,
EXTCAND-cef6fc1249986774f81f128e,EXTLOC-e347fec7405b304b5d57c7a0,,
EXTCAND-1756d0e8b514a0c4a8551216,EXTLOC-4168d4792193750f78f33c4d,,
EXTCAND-ee1fcbf5f02e47a9fa09b758,EXTLOC-93e36f1137553f713f62de12,,
EXTCAND-bc3132c52a42263ddc8a608e,EXTLOC-7d044dfbc27fd3c7561372dd,,
EXTCAND-d94497ef2a8ad62deda16e1d,EXTLOC-af24770e5d9e3536d1ef2951,,
EXTCAND-badbe4047ba41fe1814c906a,EXTLOC-06416e8fef35374878b80099,,
EXTCAND-189eba0c4ba8a631b7916f6b,EXTLOC-fb2e027ddaa6a96733eb3d60,,
EXTCAND-bb14cd1fba8ae1c7f4dd406b,EXTLOC-a180a2ba20f3746e8d466f39,,
EXTCAND-ec2c472bc26538f73c0a3097,EXTLOC-82739626cb64295e683cd689,,
EXTCAND-dbe97568fc4b5fd6f2a6b044,EXTLOC-f7c539c4052c7254bcd02dec,,
EXTCAND-ba7916680c2edd834bddc08a,EXTLOC-db0eed01521d495a65772d94,,
EXTCAND-ce4b415498293f8f11e5ff6f,EXTLOC-d1c3d0eb15027c0e5e25ec22,,
EXTCAND-69666a46da30bbdcdb8d594a,EXTLOC-9eed1e1c047aed8ee7ed2bf6,,
EXTCAND-aae30f0fb7fabfa6f39c5750,EXTLOC-50fd328d32da4685c673efc9,,
EXTCAND-e5fc8b116e0100ee24168e01,EXTLOC-8587e9afaaf882f486908584,,
EXTCAND-11b8dce2c35898ced637fba8,EXTLOC-b9630515917a0f206210b820,,
EXTCAND-1216468a5330a076ec542950,EXTLOC-9af271db34e2cf07ae254f53,,
EXTCAND-3e498fd5ef1690928815d6a1,EXTLOC-84fc8edb7184ea90668252ac,,
EXTCAND-9ba88e7404b2da9f8f6e3f41,EXTLOC-ac399ed525a4716273d39de8,,
EXTCAND-80b69c679e2884f0222bcb6f,EXTLOC-a50b8da40f0c9fe320e07e29,,
EXTCAND-cf48cd9e48dea89f1755f6cd,EXTLOC-69fb018dd8cf602d0d11c0c0,,
EXTCAND-e04420cfa8fdc4ac767de2ee,EXTLOC-5a11f2e4a1df2f6510d24118,,
EXTCAND-409c212ce416531116beedd3,EXTLOC-333f4f1a941b3dcfa447ebbd,,
EXTCAND-5a41c6222a76de711f618987,EXTLOC-26845f3544aabe7a7cbfb299,,
RESCAND-a0a10a7dae96bdb6fd371871,EXTLOC-4f23b92b7978494b9ab11ac6,,
EXTCAND-b8b6631eaa79209bd5d0a5b8,EXTLOC-73d1aa63fe61d4a1797b5f54,,
RESCAND-7294cd40d5437803d7f36a4d,EXTLOC-6666ee5504ba1436f90e6714,,
RESCAND-58cd1d7658161cc02cecf401,EXTLOC-91a089c0b8bf8a9276a75785,,
RESCAND-2ae977779dda81ccd8985e9d,EXTLOC-e3047732cbe406ede786c434,,
RESCAND-e90401e190ce6db9c7139a33,EXTLOC-6b6828e7ce638a2fa6423429,,
EXTCAND-b7e6201c7f44685dcf3ae744,EXTLOC-b59d7a04807d9995816e82da,,
EXTCAND-1648e76b00e40d040575ad5b,EXTLOC-b3801a964df642ebbf2cfba6,,
EXTCAND-fb09a9612881e69b8462bbc9,EXTLOC-957d8ea0ff4dcc180f7c4e6d,,
EXTCAND-ba7d4f0f44fe710f2d71980c,EXTLOC-471af1ef1f441ff8cc0fd2cf,,
EXTCAND-f2b9aff8cccd0af6ee39f708,EXTLOC-ecafff0c9f0d41589a1b70f5,,
EXTCAND-2e4cdf2fed25a6d4909e56a1,EXTLOC-83cfa89fa3d237e106f69fb2,,
EXTCAND-0bef321e712591b6c9e3c526,EXTLOC-e52f43c702d6eb27fb108b89,,
EXTCAND-1d77fdae2c3d40b790051d16,EXTLOC-c4df321172d5896adf1a2453,,
EXTCAND-82cb6d44439e94ee9e9d268a,EXTLOC-55544de32dd383b4e97c5f37,,
EXTCAND-1b570e286d29bb18f305aaca,EXTLOC-e971e97224654f099ba68b4c,,
EXTCAND-c9b3e18d9dd90997cd53dff1,EXTLOC-e1d805c372f341e535910147,,
EXTCAND-39ba441af760accb6f089024,EXTLOC-f61b6b401807f7bf3e809abc,,
RESCAND-7ffc395645289cd0d3c0fccf,EXTLOC-3d5273eabebe33724e4465c1,,
EXTCAND-4d673e7e8c4381ceea9a3bfd,EXTLOC-c2835d114add06784c1c24ee,,
EXTCAND-786f2f28733dc116c6d2b431,EXTLOC-8df0471314e9e34ced35e3e1,,
EXTCAND-a9f1cdafdc43f95c431db3f8,EXTLOC-7723c72cc05ebef643cdcff0,,
EXTCAND-6ffb0053e1d6661fcbc5aa12,EXTLOC-69d2913ecdcb34ca70ad6c52,,
EXTCAND-e92003a984deef3b519778b8,EXTLOC-37b7d9072c585d26101385f0,,
RESCAND-08d7b80983c9aa71801e938a,EXTLOC-52c4ffaa921e4ce4cb165475,,
EXTCAND-118f0edf1ff813a249158564,EXTLOC-a41bd0288d97667c1ee2bbb2,,
EXTCAND-c096c4f64dbe10f8b75bd852,EXTLOC-4c1165ec63a948a683160378,,
RESCAND-f98dfe9876fa135be84220b3,EXTLOC-b95fd48a1cf91fa70b850634,,
EXTCAND-142aaccfd171263f799ede9f,EXTLOC-008edad7f4fa340b76eb8ef9,,
EXTCAND-ebbf2ad5f7c70841cf0ee926,EXTLOC-bf9ba7318b3fe6bcbf41106d,,
EXTCAND-45753e8ea56f0916e915da12,EXTLOC-1ef9f597dd8216b7abc88407,,
EXTCAND-abe0fa92ca3730749639cf02,EXTLOC-ec0fe9a94067bd31187ce88b,,
EXTCAND-2dc4dd942373f86c537241fd,EXTLOC-52bbf9c84eb0289ce1dee32e,,
EXTCAND-ff188d8311783b1a60b8e443,EXTLOC-6a2f6aa730ee7406c85f524a,,
EXTCAND-d3a759cc272407b3881f4338,EXTLOC-2d3f1c96fb4c91051ffb80a6,,
EXTCAND-18fb2a3a72c9d4cce57e81d5,EXTLOC-12188bcd7b429170cff05984,,
EXTCAND-a51ac58e3f63896d7587a478,EXTLOC-57403bd487f9e6b3ef88d7ec,,
EXTCAND-bcc27001bd71a5ffdc72716f,EXTLOC-4db976ed8ec6fe0f85f10f14,,
EXTCAND-d7440e5c3849bbe9f9aa7627,EXTLOC-1d776860ba1ae4eaaafdc119,,
EXTCAND-409067464016d8b8bc39b14d,EXTLOC-855d892505058168b7f39b5d,,
EXTCAND-316f1ead33327438157a13d3,EXTLOC-15be11f2c5ecd7fb34096e19,,
EXTCAND-2734c4ba341d69b477487397,EXTLOC-a68d42ba280214c0246672a1,,
EXTCAND-e048e558bfd352e1e55f678d,EXTLOC-567d6cf66cdbfd59f58608c9,,
RESCAND-c08f804c04a9ca5d319c26dd,EXTLOC-6c3f8c944e262218b87532b5,,
EXTCAND-b2c90f36d960052c87769692,EXTLOC-c8ce77c5b8fe45271230436b,,
EXTCAND-0a16e430fe4ab87b7ba260ed,EXTLOC-147efae123bb541e31906799,,
RESCAND-443a63a2a98ca68bb712334a,EXTLOC-48c486cd3ab0544057843dad,,
EXTCAND-27d600b26167a0f187fdb039,EXTLOC-1426a29253aa0fb292119ad4,,
EXTCAND-41f38db318c21ec3bfac39d9,EXTLOC-cbd001d32ddbee99adb88d41,,
EXTCAND-da83aca33b388589579055ab,EXTLOC-d9d6e74c9e24c420be2ef2a3,,
EXTCAND-62711a89350c55cfb9d20424,EXTLOC-9ebaf478205686ca08108e6f,,
EXTCAND-a39a394d3aea62756e476110,EXTLOC-c5c885ffc1ea99878fbaeac8,,
EXTCAND-53617e87981ec54b9765fe35,EXTLOC-8da5a6b7910e6c8cdb91e159,,
EXTCAND-3003c2089ad3607619852eb3,EXTLOC-7841573ae268520c157cec68,,
EXTCAND-d4e90eefc6b333b537b3ee05,EXTLOC-c13556120d7fca2f932917e5,,
EXTCAND-9061041a4d032444cd49cecf,EXTLOC-f413ccb596b040fe11fb6cf0,,
RESCAND-77eb6f08b6192713ed33bcaa,EXTLOC-aef0be28b691926acdc461f9,,
EXTCAND-cb6eb2e8eb569176b0483bad,EXTLOC-e9c4ed9ece7accaf4633408d,,
EXTCAND-7aa86159652c3e8b27bb0b3c,EXTLOC-04f6bf378e8890cb02e819c1,,
EXTCAND-1f735348b5aea306c4a5841c,EXTLOC-568f8778a6c03be59eb83b25,,
EXTCAND-8fd2e1248d23054e2da84b34,EXTLOC-3ce75230e3d7db198acb9897,,
EXTCAND-86c5d180a7c8becacb86824f,EXTLOC-b8483d1ec42a5a264cb64486,,
EXTCAND-20733799bb2e4e9c78abbd9d,EXTLOC-656b6bbcae4251fd7d689fdf,,
EXTCAND-fea4b347898078c836122398,EXTLOC-3368a31288b0016a0e8187dc,,
EXTCAND-bf0bce1a6be7d9444d0657da,EXTLOC-0d8a9f5f9c60a42ab832c6f8,,
EXTCAND-75e2c921a0ee62848d289ae3,EXTLOC-1d001c77ce438bc203051875,,
EXTCAND-d217192c7dedd760ab82b0d0,EXTLOC-b3909383baee674092cc206d,,
EXTCAND-fe892ea388092196d9d72f8d,EXTLOC-8ae2d217d69154f695f75841,,
EXTCAND-f80a029575fbe929dfda01cf,EXTLOC-18b31d792a3a42beb79540d7,,
EXTCAND-57191bc921235d7039dd430a,EXTLOC-46d6bacf7fbc9cc6f302c131,,
EXTCAND-7d0caf5a28640455c85ea473,EXTLOC-540e1a3d93eb14e1521d3117,,
EXTCAND-c3c2d0b73039d9f1fed195fd,EXTLOC-1b3bdf7b542c3200ad49835c,,
EXTCAND-ff2621b8feb43c12d2aa3b8e,EXTLOC-4233c5b599e9e3c7366465a0,,
EXTCAND-a0966e89bb96850fa0516764,EXTLOC-758ca9d0a44e1a39632405df,,
EXTCAND-8e861419c3468d16fe549001,EXTLOC-9192c23289d56a683fcac4fb,,
EXTCAND-1711fc622c496ab1926fe209,EXTLOC-be95d996cb9f9a70c0154dc4,,
EXTCAND-4ae9c56eaa8a07199465d953,EXTLOC-c3722837d7121ce155a1a270,,
EXTCAND-78a3b709f11f849e08d3a2d9,EXTLOC-ffcf0e9e1ba0c2309cdf29a7,,
EXTCAND-881b6a5fe22b9630fe77c9a5,EXTLOC-e7c78de908683c556aa39ec9,,
EXTCAND-b539e2dd3c666f679c47622d,EXTLOC-6369d84d2c54cb9f4430d221,,
EXTCAND-02c14888ceeedc0d12e7511d,EXTLOC-bdac6eeb78b876f5b2542a66,,
EXTCAND-0288b89f4d018c37bde51aa7,EXTLOC-3fe6795154954d4a2f7574df,,
EXTCAND-6fb0d4f1ad0d7b6af9e0e8a5,EXTLOC-ab6aa972794cf2fe81ade095,,
EXTCAND-2106589ddea42924ed70bb4c,EXTLOC-0f20ab0b321a2110cb0c518c,,
EXTCAND-f04b552c96fa599566b257f5,EXTLOC-d99476cbb3038744c0380cb3,,
EXTCAND-81a3e51c0216b070218fea96,EXTLOC-a7259364caf62fd4a680cf74,,
EXTCAND-fd309cf58761fc7fa80eac24,EXTLOC-ce9708e90a96484a65687603,,
EXTCAND-2986af281b1d2d421e2697f6,EXTLOC-ab8d61dd5aa167b9f2127c6b,,
EXTCAND-b2126fd7911b87acfd4c836f,EXTLOC-04334d71ce5af49c791d487b,,
EXTCAND-2abc67d78ab9e70572a84460,EXTLOC-9b777d6b4253404a5ab07b34,,
EXTCAND-dbb0dbc1ce4e373321968870,EXTLOC-a3f62bde9d68f403fcff7738,,
EXTCAND-f6f06da38ccfe3caee108e08,EXTLOC-54f05930b8ae87defa824cfb,,
RESCAND-fca95b81d98b650b0adb181b,EXTLOC-15aabe1a69f91c5101df8ea7,,
EXTCAND-dddd61aefb61af20e257c884,EXTLOC-1e202bddbea5ca304a2b3f5a,,
EXTCAND-453045de51072c6ab5df7321,EXTLOC-29a8d6711330542867374f2d,,
EXTCAND-1c38b94392c815079f2f4df7,EXTLOC-9ddb61e0962dc3190056fdd4,,
EXTCAND-5a78fdcf224d93fee8a79bfc,EXTLOC-ebf341115b415ee00c112c69,,
EXTCAND-279437a0e58f9d510dbc7d3a,EXTLOC-5eca8bc2dd8159732574e6a4,,
EXTCAND-10db4e440144622df74bf35d,EXTLOC-dd38b203125d480da35b072a,,
EXTCAND-d702814159be23309bbe233e,EXTLOC-a5a191b96eb45775fc7bd21f,,
EXTCAND-63fc53b0094497dd61e9da05,EXTLOC-4d0b3fa4a212938e7a93bdc4,,
RESCAND-80407464a9354b54eeb0a87e,EXTLOC-a7968026ebbb6494c29f7f93,,
RESCAND-ac047c167f77b3761c141ee4,EXTLOC-40f5c1bcfe65c0fe14d2c915,,
EXTCAND-2ceba7e0916d5b00d744264c,EXTLOC-3d3ed64d34d042a11bc5fc64,,
EXTCAND-2d1b8e1cdba5852402b48b07,EXTLOC-15492ec43ab7f2776e282ae5,,
EXTCAND-6e7af8e37edf6b24133af8eb,EXTLOC-8ea298e8ad9840d4e8fd14d6,,
EXTCAND-502ebba42945216e41a57f7b,EXTLOC-35053fd0548f15a78d9d2e13,,
EXTCAND-5acdd115bebfd1fb8ac74fc8,EXTLOC-777546ec0aad34b516b98198,,
EXTCAND-0c8e5e6caf2f1feb6996d30a,EXTLOC-95f5b207e499d3984ba8ff1e,,
EXTCAND-9bf9257e6b5c29366efba808,EXTLOC-e7729df87c073bac64d9ec02,,
EXTCAND-10f379976d4271fab9cc6390,EXTLOC-52d1d15b2ec844060185d940,,
EXTCAND-494a2a5610a6ccad09620d12,EXTLOC-4322f69f908d6752b2b1ea4d,,
EXTCAND-f74247f3bf2c5a9e0c5173fa,EXTLOC-074253c848b57650ddafb28a,,
EXTCAND-c0c622fd1fe107dd24ffd819,EXTLOC-44e9f828495c4e29e0d6b7a0,,
EXTCAND-27f863b787bd25a5e2e60f5b,EXTLOC-73176706e0cd572349f2d300,,
EXTCAND-721f431041c830b473ad3ac0,EXTLOC-b16c8d6ef89e524ffd08f3ea,,
EXTCAND-1257ddc6b3e5bac1634801ea,EXTLOC-1ba9005f53532941a08ebcf9,,
EXTCAND-2fe7c0a9806be6c3a43ca5ce,EXTLOC-c89f69fff7f9a8b8a3aa1589,,
EXTCAND-9ec7e2135aed351d6d389439,EXTLOC-c79364434bbd605180cafc88,,
EXTCAND-3c2bff0d55bed30c57344825,EXTLOC-613b9543421e868dd7949e99,,
EXTCAND-1b64ce0baaf289fab5ab2579,EXTLOC-be44a7e16342c7d81ded9af3,,
EXTCAND-7a1b67e536ace603a5b952b1,EXTLOC-1a28fb313cf168df0b9d92a5,,
EXTCAND-e01652cf9f87371d8c16e97c,EXTLOC-9b2aac6cb041fd1cd3ab67ed,,
EXTCAND-794d333b8f3a23818793e836,EXTLOC-6c9328a01256a4b372cefcf6,,
EXTCAND-1d3136557f713c12216b7630,EXTLOC-1e3f21de9054c8df7ca0117d,,
EXTCAND-2e1be43f0f86260a3e7e30ba,EXTLOC-d69ce299909ec6954a647ebf,,
EXTCAND-7d3e02961c07c0863be3d6fc,EXTLOC-9c2c912b72f49c0201d100a2,,
EXTCAND-4c6b028ce24678b10ea4921b,EXTLOC-0337656ed52e5aeab88f2e12,,
EXTCAND-b938ae759d1b4d5ddca3a774,EXTLOC-a086ea5a38db58460b33c4af,,
EXTCAND-75117992a18f56c07a9ae531,EXTLOC-9202df3567321338a6b2c333,,
EXTCAND-adf032861e325441bc8eeca1,EXTLOC-0e4383c199d762bc7c953450,,
EXTCAND-14a74dfc4ae8a6a8546af468,EXTLOC-3c4e19eca29d3dc052e30698,,
EXTCAND-ddab513ae741a7d0080af311,EXTLOC-7d127faf5a3aae2365740476,,
EXTCAND-3a5b497f5c197c7770ece05e,EXTLOC-3255ae4c5eeead73c86d1238,,
EXTCAND-ecd6d1e71faeb32306dc5c0c,EXTLOC-4e96def69daf52ca513683d8,,
EXTCAND-e1301feb9c208555b2718414,EXTLOC-2f2eaf839bfc2f6bf25b2b3e,,
EXTCAND-0c827790ee6935115cc17ff7,EXTLOC-3fa68485f2217d2729aa96b9,,
EXTCAND-c45c69b6df8aadd18e86c59f,EXTLOC-15103f7775fbb3c2066ac112,,
EXTCAND-75d30d87805df8b3dc67781f,EXTLOC-a283d3cfae2c34a4465f68e2,,
EXTCAND-b17518118980140faf613eae,EXTLOC-72d8d5d818c657ca0acf3551,,
EXTCAND-cd4c00accef37096959853d7,EXTLOC-5a2367c4b66f1a8310fe6a78,,
EXTCAND-66f389a73687996907e4ddcb,EXTLOC-a9040018014ce8f26142a569,,
EXTCAND-486ecdcdf2b3bbc0ef6ac0b3,EXTLOC-5137a7c5f53d605ea765ec8c,,
EXTCAND-2afc2bcb30806bd5b71110c2,EXTLOC-4d9239d74540da0bb5aba521,,
EXTCAND-9cfaca6b0a98b441cd215e0b,EXTLOC-b34787ae4288c19a5783744f,,
EXTCAND-d93de7a55afc17b271bd17b2,EXTLOC-9c930439ae2972fa1d09ef9d,,
EXTCAND-c7a660a588f753d969667e9f,EXTLOC-ed7586b5ad4032ad45bf37ae,,
EXTCAND-c1fb2e1f07bee9f1be8c9fa2,EXTLOC-efa2a30e32c682e745883bbb,,
EXTCAND-8cf157a3891cdc18fffc94d6,EXTLOC-c125c9c6545a031990309289,,
EXTCAND-e65ed68ca734c6d389574844,EXTLOC-5000c3e73d11092a481aed9a,,
EXTCAND-403a20192b85dbe502db4290,EXTLOC-6fc0cba5074561aeccc5dfba,,
EXTCAND-8a07985ced7ffdca45231a2a,EXTLOC-e25819af90fdae13ceecafe0,,
EXTCAND-350891dcd4ee4c89a9fc9342,EXTLOC-7bb041d3f3830ece14ee130e,,
RESCAND-19abc0449562f3d77e3996d5,EXTLOC-ed2fa58ad4211fdf81367d66,,
RESCAND-7c819bd6477e4a93366f01a6,EXTLOC-7eec9a68ba74117398e5ab2f,,
RESCAND-fd9bad001ab9b4fdcce8e44c,EXTLOC-4c36bd7df688ecef570abece,,
EXTCAND-a2be0f1b9c8c5cb42d2a1d31,EXTLOC-7c234ad23b64b5691677099d,,
EXTCAND-ec43309d6209d73ce08ce103,EXTLOC-53f640214aeed43a04eb79ac,,
EXTCAND-03ddd9c500262be219907fc0,EXTLOC-c46cf33a8ebda34cdfe06e7b,,
EXTCAND-a42cd18c4c66ff2c6045932a,EXTLOC-866b51dd6469b7ba864009bc,,
EXTCAND-323292060b397dc7bf1ea883,EXTLOC-1de526b0494afa705d4e7801,,
EXTCAND-7e74e4ca234d975c31348545,EXTLOC-a6c44a2facb34649c4fa6a4c,,
EXTCAND-f90654a33a0fa4216824d51e,EXTLOC-5a04a75bd09194e47dacfd19,,
EXTCAND-e81a836e4dda0614c30f68e0,EXTLOC-89445f864f1870337b37b86a,,
EXTCAND-7a0a91ff4129fc4788b7ca91,EXTLOC-6fe25d7f15bbad0c4c91c169,,
EXTCAND-df08b45b35f49c1a258719e7,EXTLOC-98b6bb711fd2f8107c123e30,,
EXTCAND-8df3bf65b607c03274b02213,EXTLOC-f453d044d69f99390f5c75e2,,
EXTCAND-85eb069a2a69e986df402bcc,EXTLOC-521c6ff96c67cf8b44b6e4f8,,
EXTCAND-4cb172cd6fb293aeba015981,EXTLOC-7d9155bdfdd120086423f69e,,
EXTCAND-028b5d8d33d010d445a0c98a,EXTLOC-837a08029fef62492ccef46b,,
EXTCAND-05223877a9d8be140343c1df,EXTLOC-dc4a8ab5c336cdda907d268b,,
EXTCAND-ca25e560b9b64087b4e85582,EXTLOC-d5d9a3ba9c03b54010acc59e,,
RESCAND-8d31f372bc83940780a78689,EXTLOC-2c5d0c2b1bc1e53abd2f8936,,
RESCAND-9c0859ab8dfab2f1688408e8,EXTLOC-fe43862797848841d5fecf6e,,
EXTCAND-bfb4a01e6bf08485623483fd,EXTLOC-18eec3c3ad27fee584e1d507,,
EXTCAND-12795b40720f31c487296cf4,EXTLOC-9c60de8f9d93785f2d06e645,,
EXTCAND-ba30113a7810dd361726176c,EXTLOC-1a18dd2508b87fb865a745fb,,
EXTCAND-40f5aa48e5d012011e7aaac2,EXTLOC-38953a43d763d6fd60497374,,
EXTCAND-68e3ed73100c0224de3498e4,EXTLOC-548615bc73fe897d688a7a50,,
EXTCAND-9acec3d5b83209efec9247af,EXTLOC-d13e4f458db204941987336d,,
EXTCAND-4f1d0dad3de3d364ada46f0d,EXTLOC-8359a140d30f5cd6eb14165d,,
EXTCAND-7f700230456a9152bf8b5838,EXTLOC-7d1c22975eedb6f28b72928c,,
EXTCAND-f1b84e3f2fb416be958e964a,EXTLOC-91bb285f0dcc5da5fb803868,,
EXTCAND-b64dad719e06b15a766409df,EXTLOC-6fe4aa08442eed176a2d4191,,
EXTCAND-a6bb97ad3df03a75ffbf97c0,EXTLOC-1b1fc419838519b345ac434b,,
EXTCAND-2779e61ce4e7dc87d7c04f02,EXTLOC-4a3c5fbaaa1213fd4de7c54f,,
RESCAND-4434e86c824cade1a99c42a3,EXTLOC-f162b2c135dbeb8a3750b14e,,
RESCAND-b33be540d992cb70bb1c393c,EXTLOC-843e47f85face2ac27bd1c08,,
EXTCAND-c8b50744d4d7da316d693548,EXTLOC-f7c9d36499d2e87c973691f3,,
EXTCAND-905412c724944867bc3c7c50,EXTLOC-f9931168657536ddea6f451a,,
EXTCAND-c1f723321502896465fdcd75,EXTLOC-22e9dd5c7331d2dae6a7cf93,,
RESCAND-1b09357470cd9924c47b2b05,EXTLOC-9c2de93b4239128d8471ee7f,,
EXTCAND-d51ddea893247d519e9f8e82,EXTLOC-ee816258da5775edf1c05256,,
EXTCAND-a7876f6a6b7eb1103a741288,EXTLOC-5d7a0f0f01b967b74d5e0b10,,
EXTCAND-e07c53e3c952a0bb363dc9ca,EXTLOC-6c78a3845fbbeb975d83a741,,
EXTCAND-c6850188612a86d6de559f2a,EXTLOC-7ed0bc72e46e3f7dfb9c61e0,,
EXTCAND-7a131af3f5c1346bf916e03f,EXTLOC-ecb859f5680ffc289fe88672,,
EXTCAND-b002202edbf222af067a1eb4,EXTLOC-c82b4ca9a3b5dd9cb891cdf6,,
EXTCAND-47d45018c1e289773e01e795,EXTLOC-e31d86c8c547ef294506c4cb,,
EXTCAND-16a987daa1cb61b2f5309bf4,EXTLOC-9295bf778ed983cd3580264b,,
EXTCAND-fa88fac866fc529963c81123,EXTLOC-136e9c0aa83846a5c70ca1c9,,
EXTCAND-c95e512dc0dc5320affb442a,EXTLOC-0572f16c9184e8fb86fc603b,,
EXTCAND-697531bdcc6ac1f9728d13a3,EXTLOC-bf4b74d3c3662f046271870e,,
RESCAND-701d040aa943d607408152cf,EXTLOC-78535ed4da81d48431f5f02b,,
EXTCAND-a7c58c454fa4fdaff36de79d,EXTLOC-6a5ccb70146721338dc14ebe,,
RESCAND-4f67f3d4a6813885df930f3b,EXTLOC-ebf3ad8d4691d0d299c68673,,
EXTCAND-47872fb6be9820be086ba774,EXTLOC-9ae3621ba2d42afcbcd0c701,,
EXTCAND-11c2836c6d9461980064218e,EXTLOC-cf11503a512ab48820ed9799,,
EXTCAND-fa5a13fe1e7e9c3c77b76ee5,EXTLOC-a4a10832c9159463a3525cda,,
EXTCAND-c13818b7b50f55bd77a389ba,EXTLOC-aa51bb19f404601f5bf67d63,,
EXTCAND-62998b5478925c9b66f7ce45,EXTLOC-594a76854838903c5b4f00d1,,
EXTCAND-9be7c5e3b17904fcbcddf633,EXTLOC-5a167edeb109473b045f84fc,,
EXTCAND-6daff4e12c80fcb791e76577,EXTLOC-e078f4b643b8b8e7b2181727,,
EXTCAND-6aef6d42ab3fbef5db4afcf8,EXTLOC-570c12831c84c9c2e0bab921,,
EXTCAND-02e29ad6f6dc5a1afa68187a,EXTLOC-49b9ee1e314ea240ca466753,,
EXTCAND-d12631ea8539d687fb967ca0,EXTLOC-3e9f294b828552f675a4810e,,
EXTCAND-17f3850b1e9541c2d0eb9ec5,EXTLOC-64159e526b33f937726d346a,,
EXTCAND-ecbd7aa1638557a30395ff28,EXTLOC-97b54bb6f56f67480f48cec3,,
EXTCAND-9f07551ccf1b79ba9bf8d20c,EXTLOC-09543434abbe8946bbd98826,,
EXTCAND-8af758ff158a945474e0fcc2,EXTLOC-2d47b92917994f537b804471,,
EXTCAND-2ff194ef7f4573b45f27ae09,EXTLOC-df9e5dd66bdfaa329ebd1a49,,
EXTCAND-28f010cc44416d3118a54e66,EXTLOC-5e1152b6638364fe6771f03f,,
EXTCAND-81801b6c19e9554a55b86da8,EXTLOC-7c9e1c10b1a21a0e2ac3ceb2,,
EXTCAND-e85fbcb2f4cb7d2a065cd76c,EXTLOC-3223815dc7f79e51356fda9f,,
EXTCAND-9d1493a3ffd0b13393b03ecf,EXTLOC-a2c95f898ecfec247d9f5d54,,
EXTCAND-e8ac8c712ba19cabdfa2b404,EXTLOC-7b2dc215f95e59e6d596e30e,,
EXTCAND-383b51be475a405a67f7b8af,EXTLOC-2fcd0055494bb188d6d951a2,,
EXTCAND-f83b7ce7630f3c4c59dddf9d,EXTLOC-2fcb5096b1954a915848f0c0,,
EXTCAND-08fee8e639b7fad94daca0ee,EXTLOC-28279614c712fc2134d7403c,,
EXTCAND-c8241adfa022ccecc70dc9a3,EXTLOC-45320a37ced72b5be82b3b2d,,
EXTCAND-b4cc14d0c0509325163a49cd,EXTLOC-01446ed7bbb10fb1931f234c,,
EXTCAND-6759f36874190668fec201cb,EXTLOC-963d97b4809d0fa40204678a,,
EXTCAND-561d963b6b5b87e94d9c09a3,EXTLOC-96b9027fb22986a961840051,,
EXTCAND-9eb92c42d554b9b0eed824f5,EXTLOC-37fa331513808ab9221ed5fe,,
EXTCAND-621d1348f8ca8cc17223abcd,EXTLOC-21c1b8def2506c9307bf959f,,
EXTCAND-97b1df24d28b350674e56855,EXTLOC-5b3a6ed69387495c23584a29,,
EXTCAND-d629de827e08bd7dc455832f,EXTLOC-c5d0b236274b88d6b68ef1d5,,
EXTCAND-6e98bf6077bf6e51d2331c83,EXTLOC-78f6fef3efc41f8d322a005f,,
EXTCAND-aa4ec4cf334958f4fe8ed209,EXTLOC-21efc3349c0c63ade8688dcd,,
EXTCAND-b7ba2c75bb6c5986fb19b776,EXTLOC-e81ff8b4fb3ca2728da27eca,,
EXTCAND-c80385528f22aaac6ab4a956,EXTLOC-de81eb3c7ad7b64f3c11c099,,
EXTCAND-e64ab464bef14c37b12f53e1,EXTLOC-2b6a8f0d9897c88064009ae6,,
RESCAND-8e6af6f97df304b003207163,EXTLOC-08fcd380b421cbce9bf0e8d2,,
EXTCAND-57df5e79833f386cb4efa537,EXTLOC-11e27f5c7784045f867865fa,,
EXTCAND-d01399322d32bac6274c444e,EXTLOC-d0e0933faf71c2e39dbe1a7c,,
EXTCAND-360ed9de3faa978dd8777af7,EXTLOC-4580db4b654ff8eab62847b7,,
EXTCAND-91eec5689e96696ff545ada2,EXTLOC-a117a79235dc7253022f3f31,,
EXTCAND-688fda22ae30ae6664d76712,EXTLOC-ae95bd4e2215142b92d86193,,
EXTCAND-f617f4ee217ec8fe6161c04e,EXTLOC-917dd4da40e1c8cb048e5bf5,,
EXTCAND-1b3d9dabf8c51e88d93e5eb3,EXTLOC-15196164c50bed46f634e3db,,
EXTCAND-60b567061a52395d689aa374,EXTLOC-a95fb9eafbc363bef3a65636,,
EXTCAND-d606cdfc5d3978c660976d39,EXTLOC-e306badb158ef7c4a324a761,,
EXTCAND-d6d0a7fe05298e7752752b1d,EXTLOC-5c0b6744ebeedea0ffe28267,,
EXTCAND-8393030ddc5ed6013c7f19e7,EXTLOC-9809c584c76a2e0452cbc2fa,,
EXTCAND-375108629cd39a646730c0d0,EXTLOC-4151264c2795c9c7166b6a92,,
EXTCAND-44193150d8668741e1694616,EXTLOC-68b3e7d928366db181064026,,
EXTCAND-beedd73cfb171aee90ecd9a8,EXTLOC-2aee9bf8992aef0d734a72f2,,
RESCAND-f9300bf7cfb5546b5580d8bb,EXTLOC-26c5bda296517881fd03f711,,
EXTCAND-8a6263c7d699a4bd27eab561,EXTLOC-390c1156048726a25a6735ea,,
EXTCAND-7b1e452b4333c2a34802b7e1,EXTLOC-b5cc049538bc2a56dd107e90,,
EXTCAND-b13232f7b1198a224bebe662,EXTLOC-c9f157cc5378167b1ce4da0c,,
EXTCAND-d998d7c3a49a97409dd28caf,EXTLOC-1609d61ae198d8085cb873b2,,
EXTCAND-ee45702b8b2962960f70d322,EXTLOC-6bb2ed3dd817a1cada0f837e,,
EXTCAND-c0ec56c31cfae51fff5978e1,EXTLOC-f7d55043b9b8b9980a685507,,
EXTCAND-fdaba4b4338faabc8a0958b6,EXTLOC-eb193c6828cf4de814e17eed,,
EXTCAND-008640b41b427ca0ab29003e,EXTLOC-f92db8c0ecd11203d8678595,,
EXTCAND-65c5dfdf55aa74c7af597d5d,EXTLOC-3e1814db973c29e673856760,,
EXTCAND-72a17fa985576b3965f84ec8,EXTLOC-31372260a22e04e160023cf7,,
EXTCAND-7e7f2258de4ea406b33dbc84,EXTLOC-da6c722c69cb2da9d48c019c,,
RESCAND-90473cdf6e2f50ab51edf283,EXTLOC-60f749820513a4186ad0a025,,
EXTCAND-6fd95d29a7496301a9e7e88a,EXTLOC-d90748dfedd8d0aa1739bbc9,,
EXTCAND-aa6bfbceef3de06c2c599b55,EXTLOC-3094381a152b617941509b4e,,
RESCAND-45bdbd452376dce22a8da70a,EXTLOC-46b76adbd5c1c62193bee97d,,
EXTCAND-f381e51ea274228998fae00b,EXTLOC-abd7a051411ee921d7b82fd7,,
RESCAND-7c18b4321668460af5a02763,EXTLOC-16fe7c921f64b6c92ff2603e,,
RESCAND-60280c13b3c6ea16ea45317a,EXTLOC-848f5f33ce41968f6ba754bb,,
RESCAND-320f71436e95fefd562e1127,EXTLOC-6881ac60ba241b222b13c9b2,,
EXTCAND-8bd2e5e5de0c2a15bc37e1a5,EXTLOC-750f623d84a7c62683afb95b,,
RESCAND-b3b29fa8a23209ecfe33c5e7,EXTLOC-102fe3aa853ea16aba1c80c4,,
EXTCAND-3d217f8aa43777ed468f4fb0,EXTLOC-8bcedd4dfdb36990cbf62cfe,,
EXTCAND-58a1c9fe001356bf58eea442,EXTLOC-d02933c62141e4552bcc02f9,,
RESCAND-288d7ce7b588979b86b55253,EXTLOC-d0e4979fbd20a0bfe7b98ac2,,
EXTCAND-33bcd2ac5134b955b1486946,EXTLOC-a94b543a9dfc12ba72c12e7a,,
EXTCAND-d2c2f49a5e3dec2b8bdbe8cc,EXTLOC-45920b582796d32b3fba5ed1,,
RESCAND-e43ff9b89aaaf9c572ace930,EXTLOC-eb664a3ae2d784ff421d7884,,
RESCAND-af3f28dc9e474e5fa378464c,EXTLOC-912ab633f4ca5758b1940915,,
EXTCAND-d1e7e5f2e36a0dfd133a3c7e,EXTLOC-06d88bc5093fee95a1148f23,,
RESCAND-7975156a0eb9f5e30294d2c3,EXTLOC-1914d6bb5a5ca5c30e555785,,
RESCAND-90f7581ae85c8b795c5153a1,EXTLOC-1630c86e6c1f105909e889eb,,
RESCAND-93ad03e5142cc24ea173720f,EXTLOC-5af1923cb061af26073a1b4d,,
RESCAND-d88797b67b7f8e3e08463279,EXTLOC-0d55e847aaf1f9444ce8986d,,
RESCAND-e1be820dc0cdc725826da7ab,EXTLOC-a054c5d48ef8fab17e50d194,,
RESCAND-fa5c66ba2fe206d35fb74b28,EXTLOC-2a3d8b60711c5f868a71d308,,
RESCAND-550bd9cb002f96c577116806,EXTLOC-1a81bdaadda2a88b73be3e1d,,
EXTCAND-df585324688d565e616bbbd0,EXTLOC-7226052cd8c13f1ee2652e99,,
EXTCAND-5be1990aa20eedf45f66269c,EXTLOC-c5e36c7ddb47009a0b25eb4a,,
RESCAND-8695a72389e0c1a09f98e061,EXTLOC-122bd284996571bf8ee5e0a9,,
RESCAND-bbf86670a7d77ec85089c685,EXTLOC-0e1b3d9c94221d7dab4d6b4c,,
EXTCAND-b863e7df87107dbc98d313ab,EXTLOC-c85a0af1e2979270122f8737,,
EXTCAND-df64c4d272d256f6509e2b51,EXTLOC-e2ea06d31c8293eaa9af4428,,
EXTCAND-dba6e232efd289f7950ad329,EXTLOC-ebceb2ef922ec89588a4807f,,
EXTCAND-a0ccd3c9f6a572614533b718,EXTLOC-433bceeb73464e1bbdcff27a,,
EXTCAND-8927310bf4904ed60cae61e1,EXTLOC-bc29b0676a6818962b55e08a,,
EXTCAND-2afc7949d41d6a0f1c3d1f12,EXTLOC-cc647d3f4cb034cc5468b7a4,,
EXTCAND-25c51892fb1216a7fbc032d7,EXTLOC-326c8565355c6489bda9fa5e,,
EXTCAND-88e76d8f738ac640915eee71,EXTLOC-4f9269df31b62724c04f8f7c,,
EXTCAND-eede25558a1e3813b09eeb66,EXTLOC-60bd560166d62872114250cc,,
EXTCAND-b2f0e006dcd235888f2dfa76,EXTLOC-4e476370824f8df7de05dfa4,,
EXTCAND-eed2d96e5c6a9196a3dc2abe,EXTLOC-26f352b8af2713ffb7b3f8dc,,
EXTCAND-642c5ce7a34cbb94132ce904,EXTLOC-9d6e86b0e75e06d5485fd7f2,,
EXTCAND-986c82e82d232b1e883b3442,EXTLOC-9e8160b2a410fdce28a060ca,,
EXTCAND-00e12425d1e086be3330b7bf,EXTLOC-ae9d047186d76af3d30918e5,,
EXTCAND-6dcf30c306128cba7c26385b,EXTLOC-d2de918d6e5b87f01563738d,,
EXTCAND-11b82379aa551a8a2a81a61a,EXTLOC-998b45214078c15070dc01eb,,
RESCAND-f749aa4545cf0776dda8addd,EXTLOC-5576aabade0d00bf880bed21,,
EXTCAND-56b105986cf58b7f1982e7c8,EXTLOC-d2d6558d38001ad708275c98,,
EXTCAND-1835fb1e20f3b8b59ac800b3,EXTLOC-6604f6c50f4a482dd7c24449,,
EXTCAND-325855ffec7bea733522c525,EXTLOC-219ab19c3348a157e422ff2d,,
EXTCAND-e8d240f3381e7ea48054744b,EXTLOC-28b577a0ec81ba1139683a68,,
EXTCAND-6f00b1e684bf78bb80bcdd06,EXTLOC-a0a14c960982d436a89c3b8a,,
EXTCAND-9142b34a8c18fdbd82d099d5,EXTLOC-c105bfbf4fa743a4f720a819,,
RESCAND-689c7d587935e84767b33fbd,EXTLOC-663e0213cfa2e9b34771d7d0,,
EXTCAND-9e469277ed7a8b4668b50c7a,EXTLOC-721e823d3c0b4335c4305e3c,,
EXTCAND-e41579f2a1889ea3e9af86c5,EXTLOC-ce85a8e018f57410e7760ec6,,
EXTCAND-04632ff377a396373de482be,EXTLOC-83608482b5d944b2aaeaeb2c,,
EXTCAND-59978808d9594ab0d1a4babe,EXTLOC-c2b1c1716fae2578202352bd,,
EXTCAND-b5df33cfcff6cabc4ec4d6bf,EXTLOC-5325d763309a73d121e90778,,
EXTCAND-8607f082f2c3858182c79f58,EXTLOC-c74f11bada13e157ca61c0e7,,
EXTCAND-a21ba454a12ee51ffd939cb2,EXTLOC-7c4f39951acae380ea5f90bc,,
EXTCAND-254c2e9c2126175a70d5c828,EXTLOC-c5f5263ef0b3a10e9b1f669f,,
EXTCAND-d9704f5ef4ae273703827cc6,EXTLOC-fbc79a53272613e813660903,,
EXTCAND-476e51aa9087ff1ad5a7bb6b,EXTLOC-a45bd63ac6fe7696ec3a51ed,,
RESCAND-1fc2d4e138de777ceb49d55d,EXTLOC-b01a13e66afcc9e348e9ea9a,,
EXTCAND-b0cdbd91b6b3f191d62a9a13,EXTLOC-e37169bc636a432278f4e4aa,,
EXTCAND-1030eacd1bd91d28f80917f4,EXTLOC-aeebd5d32e2e4ac5c4ca54f4,,
EXTCAND-54c03c078ecc4867e0366165,EXTLOC-d117bba5b147f413e9e7874a,,
EXTCAND-2db0476f4397d62fb1973e3c,EXTLOC-557d288a6ff4685dde68f886,,
EXTCAND-45d5cfd89731b572b79e74d6,EXTLOC-7d8d74142d3ccbd4a258f668,,
EXTCAND-0429a4682fdcdd5f05d92f06,EXTLOC-cdbe4988aef725705095f4b2,,
RESCAND-073a2a3328b4348c54542cbc,EXTLOC-22d0e4464120be804c6455ad,,
EXTCAND-45586f5f59830f28608a0ec2,EXTLOC-7973f5bfc3be7ce7cb61c6d8,,
EXTCAND-07b52cd9af2aaa5df7576742,EXTLOC-f7d8fdf52d2ef37b0c8acd8c,,
EXTCAND-de72220f494b8f15d63f38c2,EXTLOC-98ca6c3f3c6634cbe590d951,,
EXTCAND-e49ba49e30dc62aac5717cf7,EXTLOC-17469f603aaf8a47bb4d2ef1,,
EXTCAND-8efdd811197b211525a7d4d9,EXTLOC-919f649bec335f9a93895677,,
EXTCAND-48279a5605d1cd60579b58f9,EXTLOC-6d89a260f8ab39bc5a976deb,,
EXTCAND-97afd3e13781f334bc54ae83,EXTLOC-22a19c25b800e4c962e0220b,,
EXTCAND-f509b4a1b39e2f2bb40420c7,EXTLOC-3fc4010387df15585e44bf5f,,
EXTCAND-05474c283ef7fd8b1579adb7,EXTLOC-2a7ee4db8724a2cf4375265c,,
EXTCAND-664e67b4f5d4e2b99172f907,EXTLOC-2e163f62f91f0635ff64ef42,,
RESCAND-eb1677b5ad27885fc6f5727e,EXTLOC-66dfe0d9b1e992d4d6869ab1,,
EXTCAND-33af6f1154cabdfe9f6097f5,EXTLOC-f68e6d46fc6f9ad71aadad8c,,
EXTCAND-96aeb2ddd818949bac5aded9,EXTLOC-3eafeda47ab9a8db68b151a6,,
EXTCAND-4ea5fd25ca2589b904471bf3,EXTLOC-6c07f2fde0f12b3c50406c34,,
EXTCAND-4390c362914ead14c71b8ce5,EXTLOC-5f03234f705c053a27ffd0c7,,
EXTCAND-30ce273b71e73db568cbaf4b,EXTLOC-1af5d73b519e53c14b1f6191,,
EXTCAND-34df04546275e5bac154b392,EXTLOC-dad04bab16f5f248c9f6fbd6,,
EXTCAND-9b48a2bca5d3ea6eb72fccb0,EXTLOC-8a5609cbb8538cd4312034a8,,
EXTCAND-3e7ca07d8b2f6c0b5aed1342,EXTLOC-16723b9b2ce9959783f7a4a6,,
EXTCAND-7637de64ac7b0a65fe88c5b1,EXTLOC-8a5c3ad70f7207d03258d20e,,
EXTCAND-01e962d2ae043facdf86728b,EXTLOC-ef2b29a7959542135cd3e981,,
EXTCAND-4231382de75a40e014706619,EXTLOC-2b387934d99415f418bc8c5b,,
EXTCAND-2891f1aba6fabea56202d684,EXTLOC-70294b2b1857f44239bec564,,
EXTCAND-ed62ea31b9b93770fea9b61b,EXTLOC-221b8ffb03735a9f78099f05,,
EXTCAND-6ef56038383da2d3b2a698fb,EXTLOC-5fd6a77ccee208e2f4f3d903,,
EXTCAND-13448f1963896ec6ad0d32c4,EXTLOC-900dc9499c4d126670c13754,,
EXTCAND-21d03ffc86ef9aeb9477931c,EXTLOC-4da0bbce511fe5f8b2b48444,,
EXTCAND-58534ec3b423c326babbb486,EXTLOC-62d7256b5201932514cbb937,,
RESCAND-00dcc09a2d13cc23aad4590d,EXTLOC-de946339b6d9b76094661dc2,,
EXTCAND-5294a0bd0b5f4f08b47b8c37,EXTLOC-dc095a514e6a256b16a2c40a,,
EXTCAND-91cb2625634df9ba36902000,EXTLOC-77a0775b0c2ce11491fa501d,,
EXTCAND-a0fdb5da8cd7644e4ce3d75d,EXTLOC-0b2beefcfab180ccd29777c7,,
EXTCAND-254e06ec4c0d529560bffc46,EXTLOC-2ac6de1c5d304d2e78afaa23,,
RESCAND-d656b1447c456115065c59c7,EXTLOC-50d5fa9a23dcfb3af7afadd3,,
RESCAND-fb8b22dff1fb0a39d574533b,EXTLOC-ce78f42b46d4cc6957e2cc8f,,
EXTCAND-2554c788c7c8ee95a3b5217e,EXTLOC-328035f8dd98ec381ff307e1,,
EXTCAND-10e3db17785a4b90367d47ed,EXTLOC-1055c11834f8276c3f467e6e,,
EXTCAND-24a996e38a16565809d766c1,EXTLOC-b58c7819fc4b592ee13a94f8,,
EXTCAND-676397d4513201a67359d292,EXTLOC-cae16ad7fd3bddb3ae4fc847,,
EXTCAND-aeafa30a6e6630efc5690dcd,EXTLOC-f8e7c83012f431b6595aa014,,
EXTCAND-9bea40ca185ac35d16882495,EXTLOC-32f60ad425a31620b8a5371c,,
EXTCAND-ef7577e79f075bd45cd0c6f4,EXTLOC-2d350d60bcdd596619e912b6,,
EXTCAND-074f71df2d90bb2cca0b4957,EXTLOC-0ddd61facd71c9fff8a83809,,
EXTCAND-f8c29e3e63313898c2ecec50,EXTLOC-93460fa340a846710c1dd4f1,,
EXTCAND-20ee31f553aff7be09836826,EXTLOC-8bee389c082d8395769bab45,,
EXTCAND-320b199ad518075798a6adfa,EXTLOC-e3da0f11d4f7284f5d227910,,
EXTCAND-d601b133e05249688c9b755c,EXTLOC-d088dd13b0bf3210496b3866,,
EXTCAND-149c51094cace76f4f49232d,EXTLOC-86aaf5b41c5991dbfe44cc82,,
EXTCAND-5672ca0e8289e60c93ccb75e,EXTLOC-55b05d502e9a09c8fa51afa0,,
EXTCAND-724f33abc2796fe676428a64,EXTLOC-147854598301b6862d4e3428,,
EXTCAND-4f758967d06ad30688c072fa,EXTLOC-18327121dad6bff95b9c521f,,
EXTCAND-f5c3e0042d2262bc0194ccf6,EXTLOC-fefeda3ec368d567f092bfe1,,
RESCAND-951e69d1391e43188be918f3,EXTLOC-d0bf961d161303c3b507dd80,,
RESCAND-fae83cbf0ff7e2fb890e86bd,EXTLOC-65a74c04fd9c90f57c03b9b6,,
EXTCAND-7ec955956bb0869f5ba9032f,EXTLOC-16c1761eaff4b67f7e0defd7,,
EXTCAND-288ab12a5617b31e5686dbbc,EXTLOC-07cff3a2bc51c61a23fcc231,,
EXTCAND-059b533d5792e212ed4d7e6f,EXTLOC-5e165468104d1c1d700dd41e,,
EXTCAND-c56a470114cfbd8d92140bdd,EXTLOC-53e89e9a1db44cbb6811c778,,
RESCAND-eb36623cef2533b7e20f151a,EXTLOC-4f4ccd7932be683a86ee2429,,
RESCAND-cf2534ae015703c5e0a71de4,EXTLOC-deacfdfa7ea79fdcaf1a8201,,
EXTCAND-2b2abb5de7640394ee203e09,EXTLOC-f8d5a956e674277b846bdaef,,
EXTCAND-88cde53adae61474d7fbe5ac,EXTLOC-f9ff47618b571e4b087f7b77,,
EXTCAND-25b830dd7b09b2de0b29d329,EXTLOC-21469f3381ee6ce304663c19,,
EXTCAND-27e5ef57884728bdde044fc8,EXTLOC-9fbf9fee980c9cb9fc2a99ee,,
EXTCAND-9ea8d4f23a04b1905edd0dd0,EXTLOC-10bbc078284aea2def032148,,
EXTCAND-ede7a2c9aa521f026ff8cd65,EXTLOC-909c97b331b2b6ee61d56abc,,
EXTCAND-fd6452be66e42b726a8c0a2c,EXTLOC-6836a5a9c8f2654224c2093b,,
EXTCAND-cbafd003b9778e00d9b7d70f,EXTLOC-4bb2c84bfbc0ac48d84f9534,,
EXTCAND-b027c0772414e49166313e8a,EXTLOC-e3b38b5a766a7c5de2857a4a,,
EXTCAND-2223fb7ee79238a8526e8393,EXTLOC-70698af345e1b8f9ec214f9f,,
EXTCAND-5cb786dc2144875ef5ebac88,EXTLOC-9971c9009b9f9441f772d54e,,
EXTCAND-95244cc5055a6fd5549a38e7,EXTLOC-727494be022145ae47f35de6,,
EXTCAND-70411fda3118329458aa065c,EXTLOC-8343898db39bf24887b2e469,,
EXTCAND-3274eff0a2457d572995a9ef,EXTLOC-b69c30826edc8e47d9294c93,,
EXTCAND-9cb0e5dcc6dedd6c6f938211,EXTLOC-c1d041757e3eeb1ba4ad0253,,
RESCAND-199de4134fe6a8d539d0dfad,EXTLOC-8d41adb69c818d874bdbf114,,
RESCAND-b431c55211dacf270db12cec,EXTLOC-86364fb241b3fada55b17a2c,,
EXTCAND-284d3150d6a750c55b578be6,EXTLOC-3481fde849d7d62b6e896d83,,
EXTCAND-30bbc8f4e3aadcc10bb92b6a,EXTLOC-11efe350976e0bda1d789e64,,
EXTCAND-c0e3b6f76a5ac5ff75d00075,EXTLOC-90ec45882f647e14c349d263,,
EXTCAND-5e900f21dc3392dd3f08d1d1,EXTLOC-b81ae2e152011a9181d057fd,,
EXTCAND-dc8f2d2b119049a52fc1cbfc,EXTLOC-5a32900228b86b92b1d3e28f,,
EXTCAND-8e4b9d8427e63141d64ae8a2,EXTLOC-dce1d7abb5c7de2b0d539803,,
EXTCAND-af7f6a88bcb1dc9187b056e9,EXTLOC-379ebbc5ad49d5b21bf2a6d3,,
EXTCAND-33fb55f672647bb5938f736a,EXTLOC-271f42e59e695a947ea2014c,,
EXTCAND-fea230b27a7046f8f7812407,EXTLOC-fd621b0f8822236c2034060d,,
EXTCAND-71c3dd7eed11baf0bc8f8bc0,EXTLOC-ae62ab17851a713ce3d936ff,,
EXTCAND-6330bc7a37d1103be1670086,EXTLOC-6ed610568df377f0450528ea,,
EXTCAND-2549d3ca1929e133934631d0,EXTLOC-81830681c09db77321085ecb,,
EXTCAND-559f13b2deb2798c550ccf92,EXTLOC-f48ba5127c33852d3165f626,,
EXTCAND-a4d008cd7e6c91b2a5acb3b6,EXTLOC-ce6b2f085536b1690242c32d,,
EXTCAND-fc580364d7fa88207b57f803,EXTLOC-a135540bbd276d7d053cee84,,
EXTCAND-00931c784c7cc44fc7679318,EXTLOC-9fd2ad49e2d03972c42fca4c,,
EXTCAND-dbccad066d46771b23ed6ae5,EXTLOC-5dd9aa4f4ede39e08edf8ca3,,
EXTCAND-e94928666e551fdb94c74b5e,EXTLOC-136097ea74a1fd00c6bace42,,
EXTCAND-1d6b542f4cf50c47f46a23dd,EXTLOC-376ae28c68589fa0ef27a10e,,
EXTCAND-1150098db369851801649fb9,EXTLOC-ace36d6627e58560e0cb3a59,,
EXTCAND-50093ceeee2eb686586ce8d6,EXTLOC-ffea7eca87e9f8450fb12a4b,,
EXTCAND-aba2980bd88b11a217c45e00,EXTLOC-adb4c6ad403de3bf28b4c3d5,,
EXTCAND-fab27f5126e47e1a7f224ba1,EXTLOC-a53590d3a753daf82e99cdbc,,
EXTCAND-302f79674a82cbc8469f09d7,EXTLOC-ebf6fc493c1e3abc3434c300,,
EXTCAND-55bbc5f02eb4c9d435e94b67,EXTLOC-5bc444e4199e828b4d604e91,,
EXTCAND-1aa7f0642209f2da541a2fe3,EXTLOC-d2e2fc0202fe3d0b39a2510d,,
EXTCAND-febb1b3cb49675872bd604c4,EXTLOC-04b8ee9572352b2d88db9435,,
EXTCAND-31397d706fd01dbcd7d29965,EXTLOC-21ee70bd5d0b4a66f13eacbe,,
EXTCAND-d986236c74d093df6fcca6e6,EXTLOC-512e677bb9b4e2894f5d3444,,
EXTCAND-769068877ba55fd1efd1e52b,EXTLOC-4496ebce11e5a7a91fbdc972,,
EXTCAND-a2821131ecb3d2948f0d3192,EXTLOC-a020d2cbd5472306856ae9ec,,
EXTCAND-b8dfd5ea2c218dab1265ebe7,EXTLOC-a63ca03d398a29fd02fad325,,
EXTCAND-10acfb21c3fa04e8651c0af3,EXTLOC-005c399ccc458e82398e5dd9,,
EXTCAND-cbdd4506909acc91bb1d4698,EXTLOC-e61483850547bb1c52152a83,,
RESCAND-b5f90d5787f2e2e9cf5426b1,EXTLOC-e69b759a652ed23989e1373f,,
EXTCAND-9976fdf638fdc9d366db3dfb,EXTLOC-90aad4c8a54fb467c2b99e6b,,
EXTCAND-7c288a7f8df74cade99f67a4,EXTLOC-d2f734ce8663e15e1fe0ef2f,,
RESCAND-1ade233e2c4c76d6a0fd4e50,EXTLOC-c220f107e21f078a6bbce2de,,
EXTCAND-32384b4b75062a20b7b9a043,EXTLOC-2e9f9e3a9af7a0a36ee963b6,,
RESCAND-35bb13dc6c6cc6784f716b54,EXTLOC-e7d3c32b3006485f84cc33d7,,
EXTCAND-f12bfe1e13fa09bbdd54758f,EXTLOC-896ab77af2ce055d693f7b9e,,
RESCAND-57dcb9847f6d38fc8dd9426a,EXTLOC-43731e87037766b9ce665fec,,
EXTCAND-ec056596c0554154308f6991,EXTLOC-ca03ba6ac3dfacf8c6654d55,,
EXTCAND-01785edf910370d64e0f98a4,EXTLOC-b24bea475f876459ba8eef16,,
EXTCAND-441a2dd24cc3022b4f5dd5fa,EXTLOC-01a518918079ebf23c84806f,,
EXTCAND-e740bc32f6d7bcbb74046ad6,EXTLOC-3c4fbff77de97ba36d826d16,,
EXTCAND-fee99de2513e015f8d034e85,EXTLOC-2670593e518fb96875e8b3bb,,
EXTCAND-e82c74fb25cc4f45ed67112d,EXTLOC-e46c63b5c0ade533ff7b7429,,
RESCAND-ef24741cb6b32c14658a61a5,EXTLOC-5fe12f94ee30a65975eccf51,,
EXTCAND-773414e2107500962814010a,EXTLOC-9481e7ef5eb2965345a332c2,,
EXTCAND-45998c2dd87c8bd1cf66fcb3,EXTLOC-b8984594dd060ac873965455,,
EXTCAND-5fca247847dd6d5a147cabc3,EXTLOC-28a25c4e9aeb21f8bc02a399,,
EXTCAND-918abde4995c3bd8f1cb0e38,EXTLOC-6ae043091a1a925e0cfba602,,
EXTCAND-f6aea9458c360bd33d0129a8,EXTLOC-a921e38f02e85908b20f7376,,
EXTCAND-adc07c525f1a654bf161942a,EXTLOC-39c31176a7c247919ea8d4c9,,
EXTCAND-d7225a9dcfc01c18868ab043,EXTLOC-4e83962df1763e7bb73a3569,,
EXTCAND-46738141b9710aceff413a0e,EXTLOC-e82450a1c6d1f3ddba853b83,,
EXTCAND-f485e3de75a46be39a5449b0,EXTLOC-c0e87c61a92c625d21e9cca1,,
EXTCAND-06c435e7559129b83302107c,EXTLOC-bc16fa6b9ccda0aeb645f5da,,
EXTCAND-3e00f36b5c31d6009b4cec30,EXTLOC-1b3ac92b9d22b3562cecc6aa,,
EXTCAND-1e342555192ff104b706c58e,EXTLOC-10868ce7cb92a41a03368b60,,
RESCAND-fd4486fa9f24fdf0d40a4b9d,EXTLOC-a0192e51472a9b1a48f63c7b,,
RESCAND-8e1764d8b084ae4f6a05adf5,EXTLOC-5d07d37f4e8a606633695aa0,,
EXTCAND-cf1eea335c4ed1642ae8a0a2,EXTLOC-45a1dcc1f7471a235a8b3848,,
RESCAND-9d8e5f500bd9686afc8bd213,EXTLOC-fc7c3fa3d4ccc3e82649c314,,
EXTCAND-69b00177e40aab754f2217b1,EXTLOC-9536c94e27378278e5381c71,,
EXTCAND-a43ae198d5254446b4b910fb,EXTLOC-9f55e1a743b921537ea0478b,,
EXTCAND-fae3a6a30fb6eadf9a16160d,EXTLOC-3104f0a33c865ca1abf9f0a8,,
EXTCAND-0aab9b206271050e526e41d0,EXTLOC-5963856132497d2532d0ac1a,,
EXTCAND-9a424e9ae9c6737ffb9a9deb,EXTLOC-ea53631b0cea38b3b295171b,,
EXTCAND-dd99fd43c3dfd583188e9734,EXTLOC-3323f45b889cea2911c42e99,,
EXTCAND-5715da26694702c7cd29fe7a,EXTLOC-2a800da4da58db926f99b096,,
EXTCAND-192f0b81d925b6cf47430585,EXTLOC-a125c508a5ce19be95afd932,,
EXTCAND-9b2b7a65dfc2b6fd5b72d371,EXTLOC-503567bc52617261f9aaf1cb,,
RESCAND-0cc69a8a98a433680e17fa8f,EXTLOC-d84ff09986fcd9de0404bd94,,
EXTCAND-3f211abb235a4590c226583b,EXTLOC-c1cac0986391ca261c74a111,,
EXTCAND-cddc44dbe9c0029421551aad,EXTLOC-1719361e7f9c17e62a118a13,,
EXTCAND-6194788fcc8ba4943634653e,EXTLOC-a3643a2d2a4b5446a192e973,,
EXTCAND-1aa0b404b2fc188da4f5eb77,EXTLOC-96a732f292b378ebbc722699,,
EXTCAND-dcb1bcb42bed818b84496a31,EXTLOC-fab523390ca36c9831c95470,,
EXTCAND-11394fc8eed138d44e4c563a,EXTLOC-5714a0aa6260f642fd02da06,,
EXTCAND-e712569225c157b437f0d5cb,EXTLOC-eb258a3b2c94c299db44ca9d,,
EXTCAND-627d2a84415280ad914e9ee8,EXTLOC-e8b70488f3bae1c95d089795,,
EXTCAND-eb787a2c7e11ea22fe8be6d4,EXTLOC-57b921600f25e58b7cd8695d,,
EXTCAND-cfa6238091a0c080d4098027,EXTLOC-6815a6ecaa5064ec762bc293,,
EXTCAND-940e193d73db4a19536d9052,EXTLOC-5dd4f3d6fc1c78e24b77e980,,
EXTCAND-f3897e9a1c93a649cc6d1b7e,EXTLOC-3e6c6f3189d305fbda529605,,
EXTCAND-0f93398bf7d33d1e77d7ae54,EXTLOC-b330e19915275628fc528c44,,
EXTCAND-16efabd4ca3123c01641e467,EXTLOC-ff38af94b4548ce0bfc06a76,,
RESCAND-b87cedf9e71f41325d851aa8,EXTLOC-47e01cf66b12a8293c2e6c15,,
EXTCAND-2c5ea6e84f238df0b9fca471,EXTLOC-023e92b30e5367c24e9dff03,,
RESCAND-4b0e82401a1e1ae725c0adf5,EXTLOC-b4cdbbf92826105748ac1290,,
EXTCAND-7f7e30a4fbee6f2f5dd6825c,EXTLOC-24c1927bfd388e985a968be8,,
RESCAND-d73960dc77e29d6160a1eab8,EXTLOC-7297e8c97c5d3670b0fe83bd,,
RESCAND-1f1d96539ad3cd93d24d13af,EXTLOC-151998cbd0c07e1a866fa0b2,,
RESCAND-bd80738fc9fed8c9969d61a7,EXTLOC-9e7ea9c3461279fd0a48096f,,
EXTCAND-d81d0c1f685aebf256679fbe,EXTLOC-8df984fab100d46e9f2a1525,,
EXTCAND-6ee20a0938eddf1b7af71d1c,EXTLOC-ca9d7ee1fbbab06edd00ccc9,,
EXTCAND-a77e51ea03799a1e242c7027,EXTLOC-39e11abd52fd4569d3d3c68a,,
EXTCAND-a78ea1546364b80c21410da0,EXTLOC-41066a2d55bb146ae870da07,,
EXTCAND-3eabc79fd5257bd3243f2f88,EXTLOC-700661996bac57376a21327d,,
EXTCAND-b78e7fc6ac6a9694434b5dcf,EXTLOC-4d566b1bf014a507add52198,,
EXTCAND-6290a78028b88c4ed764e68c,EXTLOC-2fb1020b28f7f45c41b8ec03,,
RESCAND-1cc5bb0d31d69c8552224867,EXTLOC-0c201a556842d535bb35b043,,
EXTCAND-ad5714bb133a1a822bd46623,EXTLOC-77f0240c9ac4bbcaa7e8df4c,,
EXTCAND-18afb854053fd5562c65a60a,EXTLOC-276ee10132669a99968361c7,,
EXTCAND-be4b28810dc53d0b2d6b743c,EXTLOC-04dd456b202a11429aa7369d,,
EXTCAND-d46f2915e64815a62d9a43b7,EXTLOC-ec37ac2b895ea0b00f36ac75,,
EXTCAND-f256df097fd147575db521aa,EXTLOC-ac817c68612b1ff820bad1b2,,
EXTCAND-eb252b74f20598c58476c7d2,EXTLOC-5aaf2de1180144a666311dc2,,
EXTCAND-ac6a69516c1b76a015147cf5,EXTLOC-13e73554921efa96cc54c008,,
EXTCAND-46b34a55708a249cd30787f1,EXTLOC-b85f971fc6be73c50ee3f66a,,
EXTCAND-5c7b522b35a9c61b27d38a6d,EXTLOC-1f394bdb7ed52b832c7bc973,,
EXTCAND-016a882bb824082ede75b6e4,EXTLOC-b486c1015c9023d594bb1e3f,,
EXTCAND-5c4f0c568455ec31a3619c19,EXTLOC-c415d8b4fcfa23592c72813a,,
EXTCAND-f6dd12873fcf7db6cff7e9cc,EXTLOC-4fd805fffc283a5aa46e520e,,
EXTCAND-66bd0d02ded3757cc2a6a526,EXTLOC-592ef788823f02014516c782,,
EXTCAND-4f8765cb9ae1427519f6bd1a,EXTLOC-9a101e4f1c5f662a8b4018b8,,
EXTCAND-0272b605db209e030050e8a5,EXTLOC-b0eae72157da50dc93421b22,,
EXTCAND-81b06dab8678303b7da11c12,EXTLOC-76b8e63b1bef177c12fd5149,,
EXTCAND-7f934325c6a6531343f3e2d4,EXTLOC-40ae01406d023817b76072bb,,
EXTCAND-31591bda6735f881520b69b1,EXTLOC-d1cedfca9c2c5ed14a815a2c,,
EXTCAND-bb6e34cd509398de0568114b,EXTLOC-4b5e62aee7f85d5826bd3a60,,
EXTCAND-251bb0edf7c6d30d1eee14db,EXTLOC-73827c9508efb9b4b8bc29f8,,
EXTCAND-e5f0884bcb12c8776fe7435f,EXTLOC-5a9a66c2dec2d543a63eacde,,
EXTCAND-4a2d3a762fb82371c2fd83ac,EXTLOC-c21d6a6fbab397cf50f2e663,,
RESCAND-ffab9717a3c56b1a98cc9c6f,EXTLOC-93bff88bddaf1b7c2a35dd7f,,
EXTCAND-4c75755c2a7435d4a512af55,EXTLOC-83d8ef94109127264787168f,,
EXTCAND-f6ee3ea3ea1c02edf6d392aa,EXTLOC-8a75ea17ec3b7c60fa95257d,,
EXTCAND-f059e8adcd29f3e4baa4fc6d,EXTLOC-da5597e753b71d26159575d0,,
EXTCAND-cd1a28bc05da18a78652a4a1,EXTLOC-fc3a01925b207d1bceadff66,,
RESCAND-14aced04667f19820c326a21,EXTLOC-65e16294e5a61c825f328104,,
EXTCAND-8e66c7a04aa337b6e0bedaef,EXTLOC-2c0361afff6dc9b6079b8e8b,,
RESCAND-2062168a82ef95776aba65a5,EXTLOC-79c8841bff40c90ef79d4b78,,
RESCAND-69df963d2543b7068eea015d,EXTLOC-0e2e6cacf89df699fbf6e16a,,
RESCAND-d496dafb35d4646eb0558cbd,EXTLOC-5876333fe4debf9870776017,,
EXTCAND-fddecefbe7221562dbab853b,EXTLOC-f05cd57f809e4a68dbe72600,,
EXTCAND-54a5d04d7cb1192df68f183d,EXTLOC-091145735c147b472a407690,,
EXTCAND-b079681039be62f0400d0731,EXTLOC-860f3c8d5d1aa71cf5ecdffa,,
EXTCAND-4a08a02cbc16c7b15533cc17,EXTLOC-c7ffdd9726877617364edce5,,
EXTCAND-cd63f11091b0b0a7819b879a,EXTLOC-12a752d5bcef628257a17045,,
RESCAND-4a068dd5bbf6846380ecc8dc,EXTLOC-be8cb9a5ce4bc7d2040bfeeb,,
EXTCAND-afb3727982bb5e91e41ae885,EXTLOC-07ba525d15336577546751d2,,
RESCAND-3493390542685730ed25d18f,EXTLOC-2c6053e3cb988c1fb833de4b,,
EXTCAND-07f10183d70646b39b474499,EXTLOC-5bb89af28d08610f8503d8e3,,
EXTCAND-d8ba6cce8bd9fba2be24534b,EXTLOC-c8a4c3f64120ad3f1ee70fc8,,
EXTCAND-8858011041083e259acdd390,EXTLOC-2fd77f0b3b43532f83a89e26,,
RESCAND-019943d9d54dcef6c72868ce,EXTLOC-90fc7b4fac5dc57e04f2d258,,
EXTCAND-cae94ba98494a4fa46475894,EXTLOC-2f8979928af28e70006a06bb,,
RESCAND-48f0425d99cbca13051c81e6,EXTLOC-32c94de390f418b5d8725725,,
EXTCAND-5305d2fdc3854fe7b1a44f6f,EXTLOC-52f69c59813f616884cfc924,,
EXTCAND-e11b70b9b2a86af7626dd82c,EXTLOC-e7cb4f6fa6251f5a4887eb8e,,
EXTCAND-287052d537f1e9660ad0c674,EXTLOC-938abf032669b1ccd704d2a5,,
EXTCAND-f236379df4ab3243fcf57b19,EXTLOC-6303bb21510ae087ce4d97b3,,
EXTCAND-cd6f35e74d9b6a66a200e7d1,EXTLOC-7242611c086b4919bc479d29,,
EXTCAND-0f5f2682c2ca9a5a812ad612,EXTLOC-ae3454ef8fdb0c32d1a81939,,
RESCAND-015c09262f103798fd3a4649,EXTLOC-b2490a1d9af823022740fd8c,,
EXTCAND-94745211e0f6159b13142e31,EXTLOC-12080aeed8381b227d1f52e4,,
EXTCAND-e362a124e4946dafcad2e603,EXTLOC-fac8263a5685674a9dae4043,,
EXTCAND-a4c0b6c61bb029ac448c3546,EXTLOC-7ea6399d8187e832610914d6,,
EXTCAND-567882279768f93e36511ccb,EXTLOC-e8aa521eff66186febf467aa,,
EXTCAND-bc566cb249f9c5686ff527b6,EXTLOC-38c7f9f560c5eecfd7402021,,
EXTCAND-e1577e69c494aa7da911e373,EXTLOC-28ebc4a51bb7243572dc118f,,
EXTCAND-17292b383d1ccfde1d829ebc,EXTLOC-e616a050b7420dfbda142990,,
EXTCAND-30efda90aa48bea0b6d28f1d,EXTLOC-d75b042a3479b47f11e279ef,,
EXTCAND-c6f6bb8fffe78c2c9249e97b,EXTLOC-e97011eb2cfc36ac8d4dd7c6,,
EXTCAND-7169e9f44175477eb69dbd77,EXTLOC-1e792cb06bcede23157b7dc6,,
EXTCAND-7dfbd35725084364fe10cbc7,EXTLOC-3557d23e9ee344b97c5c01cf,,
EXTCAND-9202ba272573056511ac6f4b,EXTLOC-0489630e993bf391fd0a5161,,
RESCAND-0c0f1e1b0dc3089642575af1,EXTLOC-b54a2f36b9fe1fef941361ed,,
EXTCAND-9c18d6dd025fa1e03793bca7,EXTLOC-372c174ae7d35bc08a99845e,,
RESCAND-171e236c091975fa10ecdac0,EXTLOC-ad33f0b03ad8851d7cdb3691,,
EXTCAND-d326ac205451fe3a83540654,EXTLOC-4f51f07de8c722b89e1cfb56,,
EXTCAND-453510e8990b37740bf0ca5f,EXTLOC-65ad5340b86b2c45eb0bf129,,
EXTCAND-6a24b7b4a5e3c48434c5eb53,EXTLOC-5d9d97a82c7229bef2bf1de6,,
EXTCAND-caa504800646e111540d515f,EXTLOC-72855d7ce03049b181a99286,,
EXTCAND-2730fd23fefe347e9312c9f0,EXTLOC-a55cad8c39041eef96b0f993,,
EXTCAND-00c7c23ccb01a63881b66d38,EXTLOC-2bd5cc2442b3d14c30f844e7,,
EXTCAND-42c9a50999f35719097b0996,EXTLOC-674fa27815ccc303db0ba307,,
EXTCAND-c3fbef43239ec8678d7e6bea,EXTLOC-d8c2899e2b669d46cb649ec1,,
EXTCAND-e6d52ebd7b8e1cd7d3e59f3a,EXTLOC-70e0d50dbdf054d614c8dd85,,
EXTCAND-657870f7d5678fb21f8f3628,EXTLOC-c84789c68d6ef11e9f1de73d,,
EXTCAND-e4d0cb0bd134aa12698845fa,EXTLOC-5b886d3b1fd42abf4b7b56c6,,
EXTCAND-8c47f415e5ceae8547a0981c,EXTLOC-6f6ac1cf9c53b1a6cd6ca6ec,,
RESCAND-a6d1c19baf2e84376fbc1950,EXTLOC-43e2bfc31483a0caaa89ed03,,
EXTCAND-f8ed687bf753369416d3d5f5,EXTLOC-9f15053a8773e64c9b07fb07,,
EXTCAND-2d29dbdf8edbb736893ce7fb,EXTLOC-0182f0777d13369b78723ec3,,
EXTCAND-320d42f0174615a0fbf169a9,EXTLOC-64ece3aae752c3744ea6b90f,,
EXTCAND-ff600f403efcd55bdfc71ef2,EXTLOC-e13fc8a854cea9b8e6d048ec,,
EXTCAND-45cbc4771d2d0cdcff3fe3e8,EXTLOC-5b3d4819afc4bade37f2eca9,,
EXTCAND-2c561fea5b24154f456f0d20,EXTLOC-fb181461987d5feaef61b752,,
EXTCAND-117b6227f8175feabe3b298e,EXTLOC-2169eb1e6125020d46629254,,
EXTCAND-bf4fada0cf1a3273425024d4,EXTLOC-1178fe6b0e8facb9b90aecbb,,
EXTCAND-58ccb3ec60e96db39238c4df,EXTLOC-142d6ac9b6d522a9e2442e40,,
EXTCAND-f087b85b58e3c4e4b1260e88,EXTLOC-1513747c2bab5e5e55461778,,
RESCAND-68615c00e1447e862b18dff2,EXTLOC-dd7ddf5066b37ecb815d42c5,,
EXTCAND-2ac2a98997db1f56f1addb38,EXTLOC-93df1d529d7806db3169ffee,,
EXTCAND-a0a4c7cadd41c81636f2a266,EXTLOC-32fe1747a8930c61b51f0709,,
EXTCAND-f04015f607c1d72ea2b137b9,EXTLOC-2b7a740961e80726ab12102b,,
EXTCAND-662c38d01499338d0a59d70e,EXTLOC-c068c43a71eccfa80f295dd6,,
EXTCAND-a4509af1de758a39a257bb7b,EXTLOC-df7cbec27d115fd4267f809b,,
EXTCAND-f511b1278ae51627eaaac9e3,EXTLOC-3b5fa2b456a362063a37a62d,,
EXTCAND-ee806ac36e45222e56befe3f,EXTLOC-2c08831f61f338a8a5419b2e,,
EXTCAND-db3d152d94bca503470954c8,EXTLOC-bce1dad20a455f0a561b56ba,,
EXTCAND-e83bc008261385e23bed986a,EXTLOC-25b59d1cf569420991a75aaa,,
EXTCAND-e21bfbe4c58c345bb49f15ee,EXTLOC-fb9ab5eecc8cfb245a27b7a1,,
EXTCAND-7667dab870355c9bbffb6d95,EXTLOC-6d482904874bc04fad784c98,,
EXTCAND-ff6cc096cd787e3d484d7d64,EXTLOC-6bb73eae2817223611accb9c,,
EXTCAND-f85c2a63810b7f3372cc54d2,EXTLOC-bc9106f41b3d3b086a36b111,,
EXTCAND-5e8f812bcd738a6e07249a0e,EXTLOC-b6c2a6b117d05a9883c0507f,,
EXTCAND-df9190b703f6f396330ee546,EXTLOC-28be48eac55021a0c4a36ca1,,
EXTCAND-d230dc85ccb3a01a86d91cc6,EXTLOC-097a70da84615e09e99a3171,,
RESCAND-3c1180c7df0f0302485ec126,EXTLOC-b34325a33d4323f7db064bd3,,
EXTCAND-1a4c1a294f312f017acf9c5a,EXTLOC-cfdf6bb2c8f4723d06594402,,
EXTCAND-f484fa1dcef66c531a2cd9e8,EXTLOC-bc93bac57c62cc6090d954e6,,
EXTCAND-a20b685d9afbab72cacfde6a,EXTLOC-fdfc2dc1c7157302ad332d61,,
EXTCAND-c6dc34bf40aa88e41b8e8848,EXTLOC-9e52e002d5257141c3631d6d,,
EXTCAND-e7b0e2a698c8cf75e7af2678,EXTLOC-30c3ed4c427cbb26153106c4,,
EXTCAND-ed30ce7ee7daa6c75d3030f8,EXTLOC-8428cafa3fc50f03de3346e4,,
EXTCAND-98fc5a0e61711053f03e1726,EXTLOC-ba76cba412b12d99fdc9b0fd,,
EXTCAND-2d16af4d5abf9f8409c47c68,EXTLOC-8d33afc28a37ff93811041b4,,
EXTCAND-1410fd8d2f269f3488814c28,EXTLOC-977a24c586db535f948ab674,,
EXTCAND-729d7a739a3c0c0117b6016f,EXTLOC-821cad21cede1c20d45d011e,,
EXTCAND-18eda7609dbf095d6fcc2ce3,EXTLOC-e387645eed36f45bc25159c5,,
EXTCAND-259a6fb8eb44e82a33751437,EXTLOC-260a527cdbb454e22c02f203,,
EXTCAND-4ad63a4deadb9d4b9f227767,EXTLOC-17aed403e6787f602c8be3ee,,
RESCAND-12ef9392b9a5740f4633c1e1,EXTLOC-5ac318a25e5e54d564664b44,,
RESCAND-2bb64af0b461765e4160cb57,EXTLOC-841a8bd3e043b7eaa026dbd0,,
EXTCAND-7a611a82038380cdd7236a52,EXTLOC-a33e978abf2c7f6c5a8b780e,,
EXTCAND-6632b0b0dc98011bb8ce3ce1,EXTLOC-f7757546ca22ab7b61a14e1a,,
EXTCAND-5a6e153d2be20363252734f8,EXTLOC-3c507869180bdea617919ff0,,
EXTCAND-51086137a9afa5972f8acbc8,EXTLOC-1b540e195ddf2c14ae3bfede,,
RESCAND-7073c1722430a500a98e6c54,EXTLOC-45b81f58e247e200fdeff349,,
EXTCAND-6ed37b510a235e0f55e2b55c,EXTLOC-16f2c64416e581a427048021,,
EXTCAND-a6ce15352b0ae73171478a94,EXTLOC-e80fcc142937fc893dc16cbb,,
EXTCAND-a4463f28991fef5282d3e48a,EXTLOC-b6316af0490628c5b8415254,,
EXTCAND-e380976465c66c06a6fb71a2,EXTLOC-1158847afc567c3a46450406,,
EXTCAND-640f64fb867496f5879c9b0c,EXTLOC-e5999389149d9afd80f2a7c3,,
EXTCAND-4f03784498f339cb193ca685,EXTLOC-8174ce44e4dc17391208b98e,,
EXTCAND-6e1c58f9e2bd7bcdc2542c1b,EXTLOC-45739139ee53d52d4cb6e276,,
EXTCAND-8431089fd181e6081fb58eb3,EXTLOC-b60ee02f5055545cac2aedc2,,
RESCAND-3803fa1d8290e50bb560d3b5,EXTLOC-a93aa574c21a80e12bc78c58,,
RESCAND-faad5a946d544bc937f3008c,EXTLOC-0296557272889849d51551ca,,
EXTCAND-22cfd2735d44a29fe55f65e0,EXTLOC-44e4779901692225d741487c,,
RESCAND-3ac79ac1399c9bf0efa4bbe5,EXTLOC-25650ba13afc15db2573cf3b,,
RESCAND-39e10b5e704f08d331a0f17a,EXTLOC-9a20c6337998fe922aa943d1,,
EXTCAND-867e27877703cf392161eddf,EXTLOC-177480f6776005f28c64ff2d,,
EXTCAND-77630bdc284c7ef465eaa5b9,EXTLOC-6496ac9a5505cff0e2f9dca6,,
EXTCAND-3a85a6cd72950d4a5d645175,EXTLOC-bebdd6cb4c6002e34714eff4,,
EXTCAND-3f00144d92c88d2596e4b180,EXTLOC-ec57a3997808c6c584a9f3ab,,
EXTCAND-830f8027bfde27374e92ce29,EXTLOC-dfdf8e5ecd492494c32eafae,,
EXTCAND-11dd2c6df2772bda7ec2669d,EXTLOC-2b81f5cf9c27dee2c89e255d,,
EXTCAND-23620e899657208ddb904cea,EXTLOC-da2e73dbe4f5db9e0db9c772,,
EXTCAND-9953917abffe99383951b2e4,EXTLOC-2de52df60eddf19b786bc9fd,,
EXTCAND-68f7c0aa085586f204c50d79,EXTLOC-f0f463a815c471e61be7e152,,
EXTCAND-71998c7a073b22432ca37636,EXTLOC-9e25aef25685520d33aca8c7,,
EXTCAND-a1082a510ac20b5b1870a86d,EXTLOC-7f8c90415e074bee88aa330a,,
EXTCAND-d4cfbf9658cc1c4b439d2044,EXTLOC-7db3ea0a7a010981de20535f,,
EXTCAND-17baa532a70509ee6903e5dc,EXTLOC-7bfb340fba40c4e98cd4a046,,
EXTCAND-ef23be190ca0bc96a4eca8f6,EXTLOC-020bc4c31fcb72d2373e0dae,,
EXTCAND-dc258432b87d4a16913eac37,EXTLOC-abebfb38bd5892a4a867dfd3,,
EXTCAND-61064d07f1cb18eacfdb7e83,EXTLOC-6ffbf5cf86503582ddbc78cc,,
EXTCAND-4db50a37a22ec35e855b6463,EXTLOC-9c3a7184bb67be8076b24413,,
EXTCAND-d2be7579f6e2b056e8ecc907,EXTLOC-78a9522a5f603e31fb7aedaa,,
EXTCAND-9126c43179536f54feb5e6dc,EXTLOC-31459805e2aa1ba21b6704b6,,
EXTCAND-62183aee6a3f526e279ef86a,EXTLOC-9596f32b208aa5a54edb767d,,
RESCAND-880d0c63b7702fb65e956d08,EXTLOC-1e7367a93edb530c78e7cdfe,,
RESCAND-7aab725f58e3d17f11d20b12,EXTLOC-5c3a7aa9ab69b63ec20ddccb,,
RESCAND-185ffc8a109e45652ceb5456,EXTLOC-2f5836d31563522af1c389fe,,
EXTCAND-0e0657a5cc26e51fda8c96c9,EXTLOC-2d3f88d0cf77c57bfb480bc6,,
EXTCAND-a386bfea7fa458e2bb2634f2,EXTLOC-5e1af3c8fe3728a2f2a2ece7,,
EXTCAND-328bf55720d7bbd215d039c2,EXTLOC-17d177844a925c68cd16a5f1,,
RESCAND-bb0de052c358280355a39afa,EXTLOC-3828a3252259f916edc36fb6,,
RESCAND-b7e2bed17404801fa184d672,EXTLOC-7ae900a96828278a4a3f7158,,
RESCAND-d335ee0ddee26af0e9bb55f3,EXTLOC-9474ddaee7f625976bbd4620,,
RESCAND-5bf95320408a3843853b5176,EXTLOC-8a893ed0fbcd416be02839a2,,
RESCAND-4142d91b6b868da5a8307789,EXTLOC-94444ddffba2248387e0e36e,,
EXTCAND-4a03baf28e5ece3bd7f4545f,EXTLOC-caf0ae96269317ae9eb21073,,
EXTCAND-619b696b78632cd73f0fa450,EXTLOC-a8d70ac29fa3746f8da1cb19,,
EXTCAND-107759f58a7015b4497d10de,EXTLOC-0cabd3ceba6ab5f0b28827ff,,
EXTCAND-e62cafcab7d94c6ee10a0afe,EXTLOC-6c98ce4ad12abd5298042f4b,,
EXTCAND-541affbfb32712417281dba3,EXTLOC-b4c0f7ee8b222afa07e1985d,,
EXTCAND-4188df401cafa469d21c86d0,EXTLOC-ffc22545c5570d7ab7e498f4,,
EXTCAND-26b848da9c1237b2adb95df9,EXTLOC-86f76a3bc0b2420d28ce3e54,,
EXTCAND-db806793ee1b5edbcf06d69b,EXTLOC-67ea6c2ca4ffe0186d59c2ec,,
EXTCAND-ab7544117512fa9ae0b6bb29,EXTLOC-cd5e4c6112a1adccd9508b5c,,
EXTCAND-6178bb6492321eaf819fd2a0,EXTLOC-1965b5e8a3b1318f140d9dd5,,
EXTCAND-a181fbea4dd500941f864aed,EXTLOC-3e153621412c59ee55df2f07,,
EXTCAND-8032db4a3983be3ad922df9a,EXTLOC-b7044186c80d166cbf3ab99a,,
EXTCAND-8012ade99d98630fd1f69cd3,EXTLOC-3953bc72004bcb7549460bad,,
EXTCAND-ada7dc3f77b401fb18434226,EXTLOC-f6926ee66d40feb8d8a1889a,,
RESCAND-93b44c333cf393e73edf7edc,EXTLOC-58f754f44f30b7f0a68559f7,,
EXTCAND-a8f81d0e36cec234c434f266,EXTLOC-243cafee0864d3d3795ec429,,
EXTCAND-9d1bb970599947b092628678,EXTLOC-6d9cffab6ff81d90ccc41391,,
RESCAND-4fd1bf10d84277b8487f571b,EXTLOC-4933932f898dd363f5d414b9,,
RESCAND-d9ffb8ca722ff0b90e3d0d20,EXTLOC-0de1948034ee1a04786d40e5,,
RESCAND-b6f28eb654da64e15ad8af3c,EXTLOC-9b4b65cd57c61307d71fb5e4,,
EXTCAND-40c9dd1af614bc83715404d6,EXTLOC-442a32a41e51fe92950ce21b,,
RESCAND-03a65e8fa6f048518868f45e,EXTLOC-214c5f1b8160bfc8ff1be20d,,
EXTCAND-4c147356a8f8eb4cc6f07192,EXTLOC-d0a125f45d52fd06d000f3e7,,
EXTCAND-9744a50b4f4ab90b4e5323d1,EXTLOC-65bab7b1a9db27f069c53612,,
RESCAND-cc43a0592ed47a5f044d7374,EXTLOC-21f1ec77edc1ffbf464ba196,,
EXTCAND-cf651435b3ab7a690d174cac,EXTLOC-c15f51ce6a854cb15a3ff95f,,
RESCAND-9643ae392de4ec1502368f30,EXTLOC-2172e2dd594897ca839d4ade,,
EXTCAND-e86c3f6fc515cec62a02540d,EXTLOC-5c960ad4306a78f23fd727dc,,
EXTCAND-3016ec22c46c0cc73dea590c,EXTLOC-b4fb4e062d30c1dcb288ab8e,,
RESCAND-cb0b0ec63105871914a36684,EXTLOC-79b805feb8eba1b94bbb7790,,
EXTCAND-68c5b0da13c66be47b45c5d4,EXTLOC-1f7e1d9839fbd05ea2c5a096,,
EXTCAND-ec45e6c24fe853db754b1a38,EXTLOC-d189dcb1926d16a73d08d7f3,,
EXTCAND-933527c3a36b966c56086e23,EXTLOC-deb43ee6a0fbba6f399861ab,,
EXTCAND-2e7b27e0786e9bb4ae68227e,EXTLOC-3f083fe1b47ab7f9c52f2d28,,
EXTCAND-2a843f95cdc077a9451bd0ff,EXTLOC-82674aa2d00c8a36df7b650e,,
EXTCAND-842916510031f34248c03d0e,EXTLOC-b28dc0a3ffdd8503ea2df9ea,,
EXTCAND-ba8e83374f0df995de702764,EXTLOC-5e13f0eae0c268e2f62abb69,,
EXTCAND-7b710df6116179092e833481,EXTLOC-191654ac5bcc827e026c0f91,,
RESCAND-523137fb58321f0685a79a00,EXTLOC-a3d0a9ba73213e161d55c413,,
EXTCAND-9fe74ae914abcab17619bc30,EXTLOC-e2c1822b7bec4ee20d86320c,,
RESCAND-bfc4ac3b5101e8acf6b091ae,EXTLOC-fec33d8dee95d32848c9c8ae,,
EXTCAND-fe7e8ba032e2de4d6b74d0de,EXTLOC-35b1cc00bd0aba5ac2dec868,,
RESCAND-0e9dc60ed6143e5114a0b6a4,EXTLOC-d43c9d723dff4149823765c0,,
EXTCAND-c8bfba84245ba8119ff0817a,EXTLOC-12841d31b57e49ecad670a54,,
EXTCAND-9f68618186f8149e7bdb6c2d,EXTLOC-ac0e1e524741e4864d2772f8,,
EXTCAND-d9016305d5a750e573daddae,EXTLOC-ff281693cf0ff1f7d0b93e53,,
EXTCAND-406ccb9c298839dcd39a374d,EXTLOC-de8b3a69604b95bb735be24a,,
EXTCAND-3e29c0a62080d404cace5f2c,EXTLOC-3986e7eea2f37382015116fa,,
EXTCAND-73f438178981bed5bb11d87f,EXTLOC-2ae312155f592e14455ca52b,,
EXTCAND-b8eb97cf89a2ce06544a7bae,EXTLOC-3ec7d669d993cb0c4100e1ae,,
EXTCAND-0dc17f067f5ea41816b83946,EXTLOC-3e3d85d1ab5e01e665569758,,
EXTCAND-89c8947cb757bd5ce39306ca,EXTLOC-bfd4009a241702e892274d24,,
EXTCAND-19d31edd0ae0e0699b04c003,EXTLOC-7438e17aa2a27453e0f570aa,,
EXTCAND-e3e212498d1b057bffb72e9e,EXTLOC-956bfe9227a9608ba670d962,,
EXTCAND-65c0381e835d9add5001f017,EXTLOC-a66b40230f660d70000dbdfe,,
EXTCAND-b748f32b1a3262ff562f1377,EXTLOC-e2700dbe27c2cd05dd1d80de,,
EXTCAND-21a199621a8c974e66b3cb6a,EXTLOC-78cbb3d345609392ab721bb8,,
EXTCAND-47c3bb21b274108ec351c207,EXTLOC-d1161da4b1a6a002ffe5e840,,
EXTCAND-4a4661b74ead172b492b2c7c,EXTLOC-d9167d2ddf01809714164933,,
EXTCAND-668f650e37429d23df792cde,EXTLOC-d50b4d50c30e4f42a7ff0b61,,
EXTCAND-e916f81b7504d21aac4d7ec9,EXTLOC-d3f58b0777498885bfb335ed,,
EXTCAND-da9d6f52d171e690c1aad946,EXTLOC-b6328ff81b4ace3e8ad1cdab,,
EXTCAND-5dac2f4c5c44889126c23226,EXTLOC-f818ca9d7e088f136a4a91ae,,
EXTCAND-ba40fffa898c9a61a0003896,EXTLOC-1a9b7260ab8c762f2ebc7c8b,,
EXTCAND-96053c24a547edc50a288c18,EXTLOC-18c6751f2fef831197a43abd,,
EXTCAND-2a81008b1911ecb41ead1503,EXTLOC-28b79fdb6cd6edc022095192,,
EXTCAND-05149c45679e29c9240ac6c3,EXTLOC-53f35caceb38335ab697042a,,
EXTCAND-a65af67cddb16967375f68a5,EXTLOC-d8bd5748f01436108b06f614,,
RESCAND-5685b447ac1d937b8a4afece,EXTLOC-42e04f86c52288a7b45073cb,,
RESCAND-280c4361f3972ae25003fd67,EXTLOC-c39d8b082b884bcf1c49479a,,
EXTCAND-79ccb5497838b961005c317f,EXTLOC-8ffc4d2449ae2a11ef09e676,,
RESCAND-062cd32a875d03c056cfa368,EXTLOC-c435cfc9bbc0a8db4fcf1f2a,,
EXTCAND-8a031ca63003fda5fdb4ae5e,EXTLOC-cdc19d732bc6d59420506220,,
RESCAND-44057bbcb997241e79c4c764,EXTLOC-7dcc2f351a9676a51acc9084,,
EXTCAND-9002938409bf6ec835e92bff,EXTLOC-e4aebd5e51d003910dfc6053,,
EXTCAND-40c17dd355a90bd5326beee5,EXTLOC-eade270125c355972b38ecc3,,
EXTCAND-f07aaa265186e0bbc979fdb6,EXTLOC-5de7452f558f246d06981ae7,,
EXTCAND-40615e26a8f0aee09e65f893,EXTLOC-a535b77a3402eece2dfc0425,,
EXTCAND-8e7ef51bce39b10cdd4ecf5f,EXTLOC-6ab6e065d25bcc6711e5c507,,
RESCAND-776f316a11cdb94456190982,EXTLOC-02ad1d330a296956414b22a4,,
RESCAND-d13d1c5c9b3d5a7ed35b645e,EXTLOC-3c27cfe67dc2c6b2b98111c1,,
EXTCAND-c0d05c94896cb96a93f4c0d0,EXTLOC-7b0ed93c778dccdf8bc5c5af,,
EXTCAND-06fc3fc53300951c035359b0,EXTLOC-0f13d286e9c6966b8d1783ec,,
EXTCAND-1cd17af575a95edb3bcbffc6,EXTLOC-e4b906189eec6cba3d6d7aad,,
EXTCAND-8bffd0b88b47c5c9defa62d4,EXTLOC-72b3c46f4e2b8615694bdfa0,,
EXTCAND-93130d328096c146decce76c,EXTLOC-69263cc5b2aea5139954adb0,,
EXTCAND-38868ed00f2e0c5e3a057ef5,EXTLOC-469f6c649ae3ef069efdceab,,
EXTCAND-60f1494ef007180e023e1567,EXTLOC-59bef8765544dc57b8f028dd,,
EXTCAND-e554fa740062e9bb0281705a,EXTLOC-e382c2102676543aaea60437,,
EXTCAND-1b0b8bba6c9757875e45e8a5,EXTLOC-646b4c35d0e6a40a879f9d11,,
EXTCAND-3c60bb1ce1122be34a30038a,EXTLOC-c6ad16d81ea204f22cf97c89,,
EXTCAND-0fde58f3bce7040b93ccdfe5,EXTLOC-475a8760e8396b23551001d8,,
EXTCAND-ec85425ac3d8a58207149da1,EXTLOC-cc5b23da0c3765177c32feae,,
EXTCAND-8a8fd4e1a9d91b1cd2b51968,EXTLOC-e8723ef11e5632d6b7abdb44,,
EXTCAND-823ab8d80527c795f3925efd,EXTLOC-6e037d806f05c4941302c2f8,,
EXTCAND-735d01e4815b97b066fa618f,EXTLOC-78a1a2384c0fbc4b5927d8f2,,
RESCAND-a055732e93a27cf0c2068b5c,EXTLOC-a565a94cd27b11e4c005bc17,,
EXTCAND-200bc94c7f3429c2472fb504,EXTLOC-5727acb3d4fcc3cbbb60a742,,
RESCAND-0e2c29b056b5a733bc60ca72,EXTLOC-a7dff0fc30cb8fc2c4cfc5f5,,
EXTCAND-ef6324c4ca44d3ecf67bb8e2,EXTLOC-4cf5f2c34747f772c8d8097f,,
EXTCAND-76935bf4ef44b162b7a7c445,EXTLOC-df4facc4ed92eedb4af3654f,,
EXTCAND-5e45eb71a2ae3250b19173c9,EXTLOC-c8d58a8312b8275a61603a23,,
EXTCAND-83765f08e1116e9998be64f4,EXTLOC-a0d8239f9f27972702145abe,,
EXTCAND-940b49b33093611cce78269e,EXTLOC-f00c670019472eba1ecda424,,
EXTCAND-b08c70e72004058ecb3eea53,EXTLOC-c7f2683a3df34997e88b1409,,
EXTCAND-fd845bd4afe55f11ba9dcfa0,EXTLOC-077b33d993fcaf799438b486,,
EXTCAND-a7958afddd3a7651d078f055,EXTLOC-c6c51a550c1ee3bc6ca0c49d,,
EXTCAND-255956b45f664f1dec8896a4,EXTLOC-c3b3da0aa46eae9bb696e4b5,,
EXTCAND-c3dd4874d866d9c27749bfa2,EXTLOC-cccec5f5908c3995678bfdc5,,
EXTCAND-cf1cf746cdb3bf292506dddb,EXTLOC-d25ffb36c657feef9a5ae98e,,
EXTCAND-a316a94df9f7e23cea1c4fff,EXTLOC-b74761bc7742590015703bde,,
EXTCAND-d6fe455b4d54af3cbb5c63ab,EXTLOC-4117b6dda8c192f142b4f3ad,,
EXTCAND-b161ecac85e5e9c5e02daf75,EXTLOC-e8370d61cd78887fd00d0b58,,
RESCAND-07aad05b0708c957dcaee7fa,EXTLOC-bf4c6c17d228edc31ec1080c,,
EXTCAND-5987a9b5696a256ead5232a8,EXTLOC-ada5464553d929caafb7285c,,
RESCAND-5346740affbf676aa8453543,EXTLOC-bcb09b5b186a4cf20e8ced6d,,
RESCAND-a987f5ae76b7469aebfcf687,EXTLOC-d61dde1d71a3674e64617f18,,
EXTCAND-c45ecd72c56f5e0a6a94dbd1,EXTLOC-5e188eef6dfee5b192115604,,
EXTCAND-b56d0636dbd531550329c662,EXTLOC-b09040a4b70dc25df99720b4,,
EXTCAND-0879bfd0bbfc9f7d2629234f,EXTLOC-c029e56d423069483818b785,,
EXTCAND-180b3851f5397bb5009c71ec,EXTLOC-5880cbfdea026703966e811c,,
EXTCAND-55ac0248581663d2707b1fe6,EXTLOC-7fe283709b4af5bd2f372a47,,
EXTCAND-65d44a045aba1517d1aac35a,EXTLOC-d557d6314b0c4908ad4aa899,,
RESCAND-7b09f8468dbad64aec3a907e,EXTLOC-74fb71e53d2bfad0aae2c673,,
EXTCAND-1e47e2d260f969b173f3e475,EXTLOC-fc850c3f7a1b2f19bebf23fa,,
RESCAND-eebba44ace343a5ef08a699a,EXTLOC-53f7491c54b0c659ace2387b,,
EXTCAND-d0354757f0d08bf6099334d6,EXTLOC-a2e9412ec21f04f90c638a61,,
EXTCAND-769d811f13c25bee589c3034,EXTLOC-e4405a54faa2e97edd151cdf,,
EXTCAND-d1c14b13c2abb04e0891fefa,EXTLOC-82e4633a5c70a9b0ab2844d1,,
EXTCAND-d370af277024195af252f6e5,EXTLOC-64d6f9f839291d15ab22f1e0,,
EXTCAND-9ee68e28e2235891bb682b33,EXTLOC-1ac17efaa0c736b2af19ac55,,
EXTCAND-dde85e8ed62ba16f8d8b1758,EXTLOC-3cb11034f36fb3e00828eec1,,
RESCAND-0a6a000c9513d0f32f717e6d,EXTLOC-12c88eb183974fb4c840dfd5,,
RESCAND-eaf01daae579b5f34f936a61,EXTLOC-06a98552bcceea2b68bd8c9c,,
EXTCAND-04b8a5f8839f4fd5cdc1e3b2,EXTLOC-3574938249559b94ee3e3aa2,,
RESCAND-27d21134ff549318efb78bbc,EXTLOC-e931485f70b0671e859fd67f,,
EXTCAND-c6d64718d0eb702d6b8d7938,EXTLOC-f849a4149b64259cf30aced5,,
EXTCAND-9e0bd500026a9939c0035ba3,EXTLOC-434ec8e29ea43b36f89db607,,
EXTCAND-57e47e490fce84a713229ff2,EXTLOC-932339329de98f686e0e8526,,
EXTCAND-5c9ddabdb8e1da4679e8ea5d,EXTLOC-7efe548d6b07f3e42817c2c7,,
EXTCAND-17e2b571c9440df6f217feec,EXTLOC-2b51831da29622ad48d2948e,,
EXTCAND-4e88b2cb4fec0f8840b94eba,EXTLOC-ee833f1d82d541e7f563adff,,
EXTCAND-50158f88d175708e2e62e797,EXTLOC-e2450165f92b5b192cf13963,,
EXTCAND-633084b3ac49ddcc8d4cdfef,EXTLOC-643bfec515d1f4600f16f841,,
EXTCAND-0eea041e9dbe75232273e03b,EXTLOC-0e4b4b399329301fbfa1b08b,,
EXTCAND-e0bf6eb7de236d3437c3e337,EXTLOC-bd5243b5fb2e53c5960c24b5,,
RESCAND-69e63177eb305e5789297da4,EXTLOC-423f722c682dd6b626585e84,,
EXTCAND-dde6c4d49e50c0d34f59f656,EXTLOC-c357efb6b7648de5fb1b64cd,,
RESCAND-1505bdace2096b8df4dce1e4,EXTLOC-f15337614a206651f58c0260,,
EXTCAND-83f32666e13f0aaa9cdf5b21,EXTLOC-5a92b7be40fd5f6b441b251f,,
EXTCAND-5147f88d000958e88f9ccb48,EXTLOC-a13c47d33d79f94c329071f5,,
EXTCAND-f72acc1b628e6cf94da8873d,EXTLOC-74ae3d4572da138ebc26478c,,
EXTCAND-9b1339557aeedceabbf860ce,EXTLOC-3631fbf29166e7378b000bf7,,
EXTCAND-2be803cb1c66c4193985c435,EXTLOC-56d52b4ceedba1a5cade023a,,
EXTCAND-d3d40c00bf3415554b23a699,EXTLOC-17d4bfae64a4e7acd74e01d1,,
EXTCAND-53d3484719f9bee90030d0eb,EXTLOC-49271a47806e3c6cf75b907d,,
EXTCAND-165de27b9436ddfe3519949a,EXTLOC-19422dd3e1057fee2ebca2a9,,
EXTCAND-388d8263615ef499da985a68,EXTLOC-2fd952685bfff50004fb02c3,,
EXTCAND-3ff719145999f72979052d3e,EXTLOC-62e4f1a303a14febc23309fa,,
EXTCAND-f3a7e5ac21454f7f0a93cd28,EXTLOC-0cf9385d5eea2e78c8ef3fe1,,
EXTCAND-23f5025aa27ef680ea628201,EXTLOC-40a0f7c2b31dcafc73bad63c,,
EXTCAND-2f9543816e4289c5b1000ae8,EXTLOC-d43c6fa30a2fcff673bf9aa7,,
EXTCAND-a8814eaf4d4d589fcead0903,EXTLOC-b30e356fc13adbe3abacbdef,,
EXTCAND-9ee9b8c0b3188977727106c9,EXTLOC-2e723e0fec94d33bb9186444,,
EXTCAND-2cb89b70aa80dce6e1a39c6f,EXTLOC-d96c646282d3df716f721146,,
RESCAND-2dc227e759a0b6e930315041,EXTLOC-6fae75f5e3f26743d2798e0b,,
EXTCAND-b86d8f2711478b1eba251e4a,EXTLOC-2329babec25252edec887844,,
EXTCAND-238e8fa42c72ac836705cb9e,EXTLOC-be0c78d12310344e159b8b04,,
EXTCAND-b93157bdad1b01e9ab296a1e,EXTLOC-bb30daf6735bc4ac13437114,,
EXTCAND-3d2ed77267c50a9f74090556,EXTLOC-c74cea840668d08f2a947c12,,
EXTCAND-b415d530eebc3ef51c3053df,EXTLOC-b5ffce2be1392f31c247582c,,
RESCAND-0193bc596bc23c2365138766,EXTLOC-0ea0e9a560be84c390368961,,
RESCAND-cb6e549c3eb246c7c2de639d,EXTLOC-6a0d79dec1732f63dc110601,,
RESCAND-fa1631f607393f1f0b7b6e02,EXTLOC-e6a6e7a5988beb1cfb9506f8,,
EXTCAND-ea16e41459759c9055fd3e17,EXTLOC-4792284cf1dcda510b3b4c18,,
EXTCAND-663f06af27ca12b51b4cdcc7,EXTLOC-b051f751e44782ddb8c189b8,,
RESCAND-a137d130107d6b9f245007c3,EXTLOC-194b8900c3fd9f5a63f0435a,,
EXTCAND-0fa36f51b081540c3982c6fa,EXTLOC-a988421e004fe1eac8f2c79b,,
RESCAND-c480581233462349d2e1dd66,EXTLOC-4bdfece5b404b705c921becd,,
EXTCAND-767d4a8c5a90bfa727ba136a,EXTLOC-ab5bcd190d20566936d711e7,,
RESCAND-130cf380c88ef8acf41ee245,EXTLOC-c51aa0c361676a6ab982e193,,
EXTCAND-27913a4dab7a09598bc2f0b1,EXTLOC-13b62910c679f6c77c94ab54,,
RESCAND-59665425e017bf2fe29de3e7,EXTLOC-8c7e49d9eb39fe95c4680c8d,,
RESCAND-2f53f49be5902fff36374a6f,EXTLOC-b33c082a0328f8836e6f82cf,,
EXTCAND-faf0b87cca33f1be0460db61,EXTLOC-c67d5140815b908d288e16d6,,
RESCAND-d52647b28545ceef3e22589a,EXTLOC-88003310dd70e646413c9369,,
EXTCAND-4f97953216e2a1eb84917238,EXTLOC-7da66768b0022950a95b6e3f,,
RESCAND-e73e544041d4339f4a9575e7,EXTLOC-748549e3e2a0aedfd5a2e55a,,
EXTCAND-0a28c794edf1bad179b3d336,EXTLOC-d489a9f8242db6f279b538af,,
RESCAND-2cb156442a4e8a6b41f70042,EXTLOC-5063372b1d42673f1c423e20,,
RESCAND-b4d8a72d3f212f5807ff0963,EXTLOC-9a6f73a25fd55efa90c8d05f,,
EXTCAND-e1cdf14eb0bbea436fa5c834,EXTLOC-68ecd057f5cda4baadb3a015,,
EXTCAND-1e3d566a1fc7c54beafdcec3,EXTLOC-4ae0088c801f9175f3b403db,,
EXTCAND-7258c9c850a01202dbd2cf2f,EXTLOC-a9037726944a9789e800b822,,
EXTCAND-e90bbeed889a2990646cdaa9,EXTLOC-bbe424cb7c8443c74f494ff4,,
EXTCAND-80206f9688389c2c17d01a23,EXTLOC-a2926b9b97a8927b753419db,,
EXTCAND-17bd7acd58b7f0b8152321c8,EXTLOC-0af229938f272df4a5f4b59c,,
EXTCAND-282a52ac22826a3df11fff8b,EXTLOC-f7458759e7421fbdb4946039,,
EXTCAND-3ccfff8c7757a0ce4c29a3ce,EXTLOC-aaab2f35d9f71ece3f412eb3,,
EXTCAND-0ece6bc5a45b1c74c0c12ebf,EXTLOC-96817095e5c46d5b59561d49,,
EXTCAND-bcc2259def10e44b0bd3f9cd,EXTLOC-2e93774abee6e3f948fba445,,
EXTCAND-b15f9978227783dd11be80a9,EXTLOC-43ca52e19d953a25df33662c,,
EXTCAND-d0e313ea6a7eef981495aed8,EXTLOC-6a83b0fe0daa92f559d27ec9,,
EXTCAND-07a61fe68bce2421d992dc4c,EXTLOC-ab4b3804fcee44c7ddd07fed,,
EXTCAND-7640b22f0e154760cbcd2dac,EXTLOC-729e87daea149b094519e077,,
EXTCAND-61262553deaace7bd441fe52,EXTLOC-4d6550990a06ae562d0832b6,,
EXTCAND-609345709e3c130edd93e556,EXTLOC-ea6779e2dd1ddb74fe0e9931,,
RESCAND-e8a9ae45dac201ddc7bd0782,EXTLOC-2eed0de6b81aca4908c3448f,,
EXTCAND-58602dc0ef3b9bb67a575d82,EXTLOC-74978cd598ae834a5d9f711d,,
RESCAND-6f6aed631b235f21da497bb1,EXTLOC-666cf362000b7e3033c0679c,,
EXTCAND-32ed35144fbdff7e7e2eb488,EXTLOC-dd9a5afe22002db2b3c2f001,,
EXTCAND-a85cee3c24197f10c591b8c1,EXTLOC-7ac64f9393505bffdae42f05,,
EXTCAND-b696a8e61c084e11bc07cd1f,EXTLOC-1570c43cff0f58ee5b7daefe,,
RESCAND-815b8a5b96bbf1be107c54a2,EXTLOC-4fdbb40ac31aa3c9fec76a25,,
EXTCAND-70e6b12c596ac301ad77f88e,EXTLOC-53575ec6b5aa9847a22f040b,,
EXTCAND-fe93ea6e08db35004e6579d5,EXTLOC-53fcee267213f929c0c00c2a,,
RESCAND-9318f06320761162d1446773,EXTLOC-ca0129f38ff79c9e21e418f0,,
EXTCAND-72abbde436ff5881f0635110,EXTLOC-e157c5330e0f550f5fe4602a,,
EXTCAND-85d83e8163ae1fb610737490,EXTLOC-cb172ace3d62461456e7ae52,,
EXTCAND-d1d6904dfbab52b8d7a0e896,EXTLOC-5953f5fdfd0f49656c674eea,,
EXTCAND-e8e11170edef6216b8351fc9,EXTLOC-acbb8032baea0ef47b07cb21,,
EXTCAND-f8c1eaaeb82030600e5e17e5,EXTLOC-9b6f231d71d318088274537b,,
EXTCAND-9217d394a094efb9bfca671c,EXTLOC-0ecb2ec7bb059cb92d2acfc0,,
EXTCAND-ceec8ad49c4cc04fff541a08,EXTLOC-810c0fa345acc1771816faa3,,
EXTCAND-a95090f6a8addbe45199f2cd,EXTLOC-55096bb36a07a9436c50da76,,
RESCAND-e413daeff02041eb47992784,EXTLOC-8d45e39104e74739ea4a8a00,,
EXTCAND-6bc64044e90e735c3a8ee32c,EXTLOC-684c6cd7ba24f169e1420a17,,
EXTCAND-969f88619ecbf95ddc4f06bb,EXTLOC-4e2f208167595404e0599f55,,
EXTCAND-2713d4f2d623a8b09f9f0a2e,EXTLOC-a5d1c3f7f460cc145bbd7cd0,,
RESCAND-35a9ec050e4ddf3e4446021f,EXTLOC-16c24f84856d72b1c10d2ee6,,
RESCAND-4b664722873923616a401fc6,EXTLOC-9711bddda20bf34f202c856d,,
EXTCAND-b547a6080a3ff352287a8d93,EXTLOC-f0f0247b5e074a74757c4ed4,,
RESCAND-32b149d16ea5d95a8e342862,EXTLOC-ea003c348eb9d949b8854ce2,,
EXTCAND-2bfca1ea14ee771fdb9d0f92,EXTLOC-a05ffb2de31fbda95ef6d00d,,
RESCAND-3098c23f94a8ac9f2518295b,EXTLOC-d3657746995296f4c1b2a353,,
EXTCAND-19169acb41513b4dcc4fd438,EXTLOC-6df82284c2c1bcb91106bc62,,
EXTCAND-d331d30f2f14d3a2ae74ecd9,EXTLOC-d8a00f88a1acc600bf351e49,,
RESCAND-8f888c23ce3f287defae1eec,EXTLOC-33a5175fc63fc6215e90d361,,
EXTCAND-ad4a95261a9c170d51698d80,EXTLOC-96efb2ed4b23cd1b51be1361,,
RESCAND-0971e050b2d3ce0d69385657,EXTLOC-3f8dd9a371a6b6524b01239c,,
RESCAND-a5ea0a7f30b3906955757738,EXTLOC-3382ce46a306de0e32f0c612,,
RESCAND-d426d893e613eea3a6148abf,EXTLOC-4feafeb82eef3043dcffcbdc,,
RESCAND-9478b3de9db1cd6a5ed22404,EXTLOC-b46a7ef8393e582ba9f844c8,,
RESCAND-017b75ca4dc7e9b8f55c316f,EXTLOC-272a98d5cd78dc57b0a838cd,,
RESCAND-051c1dbc5ef99c88bf1a7cb8,EXTLOC-659f3eb8ab25dfcb49dfcb8e,,
RESCAND-c5f9d8ca541e1e58a570a7e2,EXTLOC-f6aa5a9e099d688490e8dfe6,,
EXTCAND-e146ec5cc4cdeb18a8cb16a8,EXTLOC-89b463655941b67975756e9a,,
EXTCAND-a572c6a0bf42cb54061e441b,EXTLOC-d8d0d4b547c81b143fb585de,,
RESCAND-227da0185b81f4aa24fdfe31,EXTLOC-13aa1dd6a24d172e015b3b1f,,
EXTCAND-75cacb9a563a3754b4a9c4f3,EXTLOC-0e1bb732e25b9ef4c686bf9a,,
RESCAND-e972ad8860636f8068cf4665,EXTLOC-7b9acdddd1668e3e86ae65e6,,
EXTCAND-befe35a4852d24cd4b529c99,EXTLOC-a1d82bba40217db71f4681ce,,
EXTCAND-f4384384943ff77c31147b5a,EXTLOC-a7fe5bf013cbf79b21866b65,,
RESCAND-a21452068400cb3afed597ae,EXTLOC-ed559fcbabc062c1bc66c1c3,,
RESCAND-de4dce2b0a34ba6944b2f9c2,EXTLOC-1182adb948e0b0d5796fc6ef,,
RESCAND-d3f4a26c356990e3065d7e9c,EXTLOC-daf2bf079c00ae83d6fd99f8,,
RESCAND-63e400b13bd351ba5c14d54d,EXTLOC-a01dac6092c30af4d330aedb,,
RESCAND-eb72719a681604c6052bc42f,EXTLOC-1acde5a3fe85be0703b62c27,,
EXTCAND-4e6d3b3f19c1a876f4c69da9,EXTLOC-6a756a36c449117752f446cc,,
EXTCAND-9d0f52b7a6578aabb88ce264,EXTLOC-0feb16abc0c2502f44b9b0cd,,
RESCAND-2fe06c05c32778d4b86564a5,EXTLOC-737720bddc13ade7f33c669e,,
EXTCAND-e89a315579a0f1ee7cfc5b32,EXTLOC-0067b2d5c60a112b453178a6,,
EXTCAND-72da78218eac8a50fbf14566,EXTLOC-c7b69ff745012cd8139a336c,,
EXTCAND-3f009f4a7968193fdc99bd27,EXTLOC-ab068ad0d3d7617772c09bbd,,
RESCAND-a4b5dab7daf23108aeadd912,EXTLOC-5de5e17eb8e88e005c01d672,,
RESCAND-5486b661d6479d5957c2424c,EXTLOC-3bef7539ed3c8c2438d1810b,,
EXTCAND-5ec46e54056b0d08bcf683fe,EXTLOC-0e79fbe905ec0c5aaa6b975a,,
RESCAND-930be3ce2e923ab80308d130,EXTLOC-37f459beb27451dc04e1b156,,
RESCAND-2a58a60b278c035345bb718c,EXTLOC-347b71421c22324d62de1a74,,
EXTCAND-22a836cd366efe15c8406a55,EXTLOC-d5e738f2ca46db6355dcd480,,
EXTCAND-d0a6d771b022eb991838e111,EXTLOC-3c66ae51e06dd2de382b55cb,,
RESCAND-3618a54f14f72eb4b6074057,EXTLOC-9a897e90f343a5859187124c,,
RESCAND-680b653c060dbb934b7ef364,EXTLOC-9bf22697416696ecbc096288,,
RESCAND-86d37fdbfe83c8b4a3787246,EXTLOC-fbf580295bb7e4df43a48e89,,
RESCAND-4912cafa2249e5399078e8bf,EXTLOC-3edb7d5a2ba0803101619ccc,,
EXTCAND-540bb6cba414cd7175078ad8,EXTLOC-2314fd02372c4ef6fd37bbb2,,
EXTCAND-185ea688ad03c1e68a7c1dac,EXTLOC-dac998161184f40015c9590f,,
RESCAND-d0fd20c28067c66fb41bf04e,EXTLOC-41738516ad2ad7f796e1abd0,,
RESCAND-e85c6c53bdffa7c0ec46ff3e,EXTLOC-7bdb85aad58b4291c6660f44,,
RESCAND-3006a53e601d7ea4f8ed162d,EXTLOC-d8299eaf0db43637f755eddc,,
EXTCAND-9e4e203b36920cd532c6c0bb,EXTLOC-c371ee63e18edd028af74233,,
EXTCAND-cd27cd2433ba37d2a76165c8,EXTLOC-a60411db814285c28de0d426,,
EXTCAND-100ffd04eb3faf7994ccf064,EXTLOC-6753c4c8885f9879bdfd05f5,,
RESCAND-76ab4d8ee01a24447490a912,EXTLOC-b2a9174bfb35052a95d0bd32,,
EXTCAND-92d0864491c8229aa6b24c45,EXTLOC-c32cb7013e18260e52a12424,,
RESCAND-58b2564427f423b928c57e73,EXTLOC-84ff4cd8fe0cac68090cfd37,,
RESCAND-cdfcdd5832d16357fa5a8631,EXTLOC-5e1c4b802ea9aa5a9251f78c,,
RESCAND-041e6797b22a02f9c24a5ac8,EXTLOC-51fd1f5de24b2fa9d59bdc92,,
EXTCAND-fe56e4d6e97d480221ab0e5e,EXTLOC-6e97c9068246a6e1b2fa6eb3,,
EXTCAND-dc261e44469d1fab1d2888ce,EXTLOC-a8ae26e2e15e36372830db4e,,
EXTCAND-7d64112f583c7084c1e5cbdb,EXTLOC-e35a4eee140b02f5eb285bf0,,
EXTCAND-f26d40e7e4780d37bf11b774,EXTLOC-26c0eb6815d8b656143c07a8,,
EXTCAND-0941a70107a8cf83a683c68e,EXTLOC-8bd518e677714437bce0180f,,
EXTCAND-fc4f06c0cd803a9b49ed6780,EXTLOC-a634c5b908b07c76e6569ec2,,
EXTCAND-5c22a81936f79d94e5f5457d,EXTLOC-dba7e82f6826283506c653a6,,
EXTCAND-fb16cdac8212aa0ac1d352eb,EXTLOC-1e91a64ed41d711f3c6924e7,,
EXTCAND-137d77a95e095f9d088b86ee,EXTLOC-3f165472504e2f7fedf260ea,,
RESCAND-cade4d6556cc14da4a7e11ab,EXTLOC-7ea45990d894687d0fd290d5,,
EXTCAND-d47a0183662b1ee0a00934ab,EXTLOC-64606c16eed667edca57ffd9,,
EXTCAND-607c9cbc6a24a49224532dd4,EXTLOC-c92ac71a59080a24d3373f63,,
RESCAND-b9ff48fc53e6cd54e925ce57,EXTLOC-67ce403b578e37195d502e42,,
RESCAND-65b96e1b12fd4e40f02ad1b1,EXTLOC-3f5abb05cfd39470d1520183,,
EXTCAND-b1c2a07ded1a56e7a09399b2,EXTLOC-211921418e943703743f72c6,,
RESCAND-106f343880959d51f7bf7783,EXTLOC-6b24309e197c1806b97ea17f,,
RESCAND-b2a513b478c323611885e14e,EXTLOC-27aaac3885958ffd7ba2f4a8,,
RESCAND-77bf6e79893b0cdc78f083ed,EXTLOC-e4fef42489b110bea71b2de1,,
EXTCAND-91d84c1b6d4c0306fa3dc599,EXTLOC-0d0ac3a52faa79d9ade9fb60,,
RESCAND-13f9e7260683e991a45b629a,EXTLOC-8e5ef649588e83b6ebb14583,,
RESCAND-eb3eeba5978607f04b23c059,EXTLOC-fde7012dafa9de80085e8ae3,,
RESCAND-d9ac91ffaa01ea52ac9b65b8,EXTLOC-5122de7e24ee532bbc227de5,,
EXTCAND-860e8290960ee57dffe95747,EXTLOC-8e846590bb87a30ceba00d94,,
RESCAND-84fd2b23df9a5c0df855959a,EXTLOC-20259db07d2eac025107c9f2,,
EXTCAND-8821f38930d338ead2249f34,EXTLOC-ce1521a6201effe2d5a5723f,,
EXTCAND-8fb9ca9323cc914b75f082ac,EXTLOC-4a526ef4ec7535c6132ae3e7,,
EXTCAND-b9763674c6f8400526b4c7b6,EXTLOC-ee5bccb25774c284da20b0bb,,
EXTCAND-d9c0ce109cda477b6bf7cd75,EXTLOC-1943c8db57c1e58b71b43977,,
EXTCAND-44182ea38275a7a7c985fa37,EXTLOC-1e888d15929bbc1241346543,,
EXTCAND-362a179f8c0df6123bc26c9f,EXTLOC-a8dc77214daec19f59c13e35,,
EXTCAND-43183ff47b40ea63fb21295e,EXTLOC-8e7ff9b0763401a9f1d3a663,,
EXTCAND-3f43db58a442f00e9a7ab1a6,EXTLOC-7602a180316b01015a18dcd6,,
EXTCAND-87603b7153255059a7453772,EXTLOC-09c972b68a5190bb3453ad69,,
EXTCAND-d9da3c274cd10f76fa83b5fc,EXTLOC-a6ad65eae482b84dcdbc1c0a,,
EXTCAND-d694c3e9fda0c2ce05041651,EXTLOC-980abfb763abd1f0f82b5bb6,,
EXTCAND-21f977098825f987c4af531a,EXTLOC-682dd066919d3a72e89852ef,,
EXTCAND-4972de2c34c0545540d107a8,EXTLOC-416ceb7d5d8a9dbd8c30d34d,,
EXTCAND-71df43ff9ffe20320f52544a,EXTLOC-b3c5a763148b99c5c7d80710,,
EXTCAND-4f6a400bc1a2dd07f0ef584b,EXTLOC-d9727ae10f792c00b3afc830,,
EXTCAND-0b159022c42b829242134093,EXTLOC-c57fc89caf7cdfe488d78c7c,,
EXTCAND-e2fdb6788866125f62cd7162,EXTLOC-6eb6c3cbe9c4261b04f93caf,,
EXTCAND-f7cdf4c4a1a3b64244cf3478,EXTLOC-7073bff98f572c74945c1939,,
EXTCAND-eac3763083c9602e89438d7e,EXTLOC-754ad184ac40da2a7ab3198a,,
EXTCAND-a233d956b4e5eccfd20f075f,EXTLOC-b5437943b1a5b0ac30e36860,,
EXTCAND-b6e4b15512f5eace96548b1a,EXTLOC-13a4d295a151ae9a2c657e9b,,
EXTCAND-5974a5da98b953cb3c38d7f6,EXTLOC-e4be818dc97e7424158efa48,,
EXTCAND-2235cf6f7385687951c44f58,EXTLOC-83f37955b2f21b12e75d6771,,
EXTCAND-9aadb21e0f7d4b7298ccd924,EXTLOC-dbb98734b0a275dd67bb5418,,
EXTCAND-369666e09cd7576dd01d7cd1,EXTLOC-5d8d2ef731e2e92e08f86d75,,
EXTCAND-3debac7f4f0d3af694e633ed,EXTLOC-fd34d68de16e493b2d24c8c9,,
EXTCAND-d0f3700a625ec914897f75fc,EXTLOC-b1992016997a4bdc22693e3a,,
RESCAND-468fc6715fac75d4b3fa8d90,EXTLOC-76d482798dda3d68608a879c,,
EXTCAND-e9482c43905942e05ef5ec4f,EXTLOC-a6c6140c0bbc6283a90e1891,,
RESCAND-9fb85d39bcecb270804b0b8e,EXTLOC-651df069edbd8c154a1048a5,,
RESCAND-46520bdf590cd8855030a754,EXTLOC-855e2e91d75300fae7b60563,,
RESCAND-a34ea045579a989d15560a02,EXTLOC-0e377760d3cb2bcf755b230b,,
RESCAND-90594a685a4145a7444113fc,EXTLOC-71cfdf6d016434dda6b426fc,,
RESCAND-0d0ec0c8bc97867715f022a6,EXTLOC-0c92f4badddb6897e0c56238,,
EXTCAND-acd99a2cfb1c78cd21d8e7ab,EXTLOC-b05e381c55ea2002a7529bb8,,
RESCAND-261e36fb15dbbc822bee43bf,EXTLOC-6db56a01dd47a44875773eff,,
RESCAND-b2fc52f3910c302976d3064b,EXTLOC-adcddba199dd336dd774db3c,,
RESCAND-f1cb2dc8111fad6111a71506,EXTLOC-89643bceb9706a2fc7be645c,,
RESCAND-c5c48074e6582f5a494dbbc7,EXTLOC-2fe6f9daadaafee0c87947ec,,
EXTCAND-ea291b7adab04210b89a7905,EXTLOC-321181ea1b350c57fb519c1b,,
EXTCAND-fc4ef2eb2863a347123b4306,EXTLOC-0a07be538c05bece5a455380,,
EXTCAND-996519c0e631e9c9fa029dc3,EXTLOC-630948e43ffe2ef7e5b349f4,,
EXTCAND-dda2b2fac585b70f8699d3c4,EXTLOC-df6c6a90e9a7cac1ce4c2d05,,
RESCAND-b0de754635ede566267fae91,EXTLOC-2ae98f45d603da13d9b0cc00,,
RESCAND-2a51b84d9eb53ca56785c70e,EXTLOC-b759d348a05368edfb4588c5,,
EXTCAND-7ea87ffe60870b4537c4f0e4,EXTLOC-5238dafb0e809ed447006fa4,,
EXTCAND-1fe31e8ea252d61f6106a4cf,EXTLOC-6dc58cb05db20942c89d79db,,
RESCAND-f0d2c16602e79e2ac7de9a58,EXTLOC-d2155ecd004aeb323811a26a,,
EXTCAND-490dfc3f9a6b4c1a0d5fd5cf,EXTLOC-019654a1e42c98e1e7cabe1a,,
RESCAND-d6f065a4a5b51cd4d775867d,EXTLOC-a4d640baff149511e5fb1871,,
RESCAND-b65c8762221e70c11076d2ca,EXTLOC-a19985a7d24a92378ced9d8a,,
EXTCAND-ec7c5f4b2a893da5c71c3d4d,EXTLOC-5257237a7236710b963aac75,,
RESCAND-29b51b8c5fadbe7f3770c910,EXTLOC-fed1d88dc85fe14e3ed9acbb,,
RESCAND-da3f160c6f1c7c393e8fd738,EXTLOC-d8cc905a5c6399546ec0fd6a,,
EXTCAND-7d500b705e0a68b0317734cd,EXTLOC-b6167c7a7d4c70b34d5e2410,,
RESCAND-3b8d0b24323ea0ef0ded81ed,EXTLOC-5bdd2c4c8edf18c84b3409dd,,
RESCAND-7ad440e5419c7e6112493dcd,EXTLOC-defdaff132d727e6a7aa8cbb,,
RESCAND-77b39491073f89630f88f5fb,EXTLOC-118aca71536f2c74daf79597,,
EXTCAND-ba0a35561ecfe4085330df53,EXTLOC-6e3d9724d92c148674352654,,
EXTCAND-4eb00405cce79bf30c36e954,EXTLOC-06b41e38ee0b536278019f97,,
EXTCAND-98b1c8b8189cb460a0bf492e,EXTLOC-0fc74186fa9496f41ff1f236,,
EXTCAND-c46a94b61ea7997cdee32db1,EXTLOC-e1df08eed17d332c1e1687ba,,
EXTCAND-a5cf4a83d491f6cf77df9908,EXTLOC-9c502cbebca4580f3009de1b,,
RESCAND-5bc7882b6ddba72ccc4ef51e,EXTLOC-0e07cf934494d9b1bff4a464,,
EXTCAND-cc305449105aacb9611d5e55,EXTLOC-ef1376ff4eeac3c56bb9b5b8,,
EXTCAND-9317fd2c05df26ed4d1dd309,EXTLOC-e22a05777ced017a434ae83e,,
EXTCAND-6cd9f1ff227a1317c5920eac,EXTLOC-8bf7c41d339e99059e564b81,,
EXTCAND-a7b3d73cdf72222e510cfbf9,EXTLOC-b7a888bdf0b91b678ecf63cd,,
EXTCAND-30e57428df0e8d5fa04f5709,EXTLOC-86c8bd5f498d84118d3c9937,,
EXTCAND-66c381de4cbc9b131c24bed9,EXTLOC-3dde6ae2436775863b02bc28,,
EXTCAND-52cdc8b1dd62fc46a903397c,EXTLOC-18184338b4ff617398c83808,,
EXTCAND-6c706cebde9c62e88253d800,EXTLOC-253b3710e849310ddb91594d,,
EXTCAND-6e6af42d7d38aa35b62d8be4,EXTLOC-4eea4200ddab0b187dd6a5a4,,
EXTCAND-f154c38856ff515c95809512,EXTLOC-cefe6f80994d072341aa04d1,,
EXTCAND-02e33d0d931eed47c076d8db,EXTLOC-48cd8740694a05ecbe1e7a4f,,
EXTCAND-838b0d36377e22c0e2688e7d,EXTLOC-3e218cc0266276c46e0e8fa6,,
EXTCAND-7f2f1fc79f34ef7a6dab73e6,EXTLOC-fba5d4c8b5c95ff860efe9d4,,
EXTCAND-63b84666d7b32ede960b86e3,EXTLOC-7e96a297900d776d7971d876,,
EXTCAND-5d345e9f863857b512399945,EXTLOC-4101e7a144f6bcb6e4d486da,,
EXTCAND-f58229798ac8cb2f33113b54,EXTLOC-fd79ebb8e9da39e0b45dfdf5,,
EXTCAND-1357e5218dcf5754136e171f,EXTLOC-34c1d12010f09ee2dd8079e0,,
EXTCAND-5a81e2f77aa6999f70153be3,EXTLOC-52aa2d929bd42ed704746b5e,,
EXTCAND-6f1335e267745f66e2af6396,EXTLOC-fcfde64a8db1fccd64b59577,,
EXTCAND-03d16071d8c680836a7c5aa8,EXTLOC-c12d569e51b0b945f002eafb,,
EXTCAND-85dafb058940f69181929826,EXTLOC-216afbd1f6c0eed958da0876,,
EXTCAND-34d869d685caa1ae4b0377f5,EXTLOC-b9abe1a52a40d40e90e94d17,,
RESCAND-e1346b887c937c512909ae7e,EXTLOC-6cc8c7d9a3b209fbb947e31d,,
RESCAND-952c19f092eabb79e8f4c0e3,EXTLOC-febcb8eb5771925d11491e50,,
RESCAND-6b27a48eb4cd86f2fe1d1860,EXTLOC-947aeea132c3ba43e6371a59,,
RESCAND-4fa9e4a138959a1902be3f8b,EXTLOC-41b54f885d44f2d0cbd79632,,
RESCAND-6a998a8e97dc7f82d5ef602b,EXTLOC-a18b406119e77cf13f457d4b,,
RESCAND-c3fa3a8555c0f657369de915,EXTLOC-3edffda08e7861dc53b3a42e,,
RESCAND-f4e53ca3995679d9e85f3a8e,EXTLOC-e5ee7cc05d186812aafce7e6,,
RESCAND-43194791819d17f491749464,EXTLOC-832eda42429bc077859903e5,,
RESCAND-98c82c9278aff0160cb3fa4c,EXTLOC-2233d6e05b79c585427fd04f,,
RESCAND-a41c34cea667ba923741b5a3,EXTLOC-942d731ef3f8d0e16e68301a,,
EXTCAND-c5d9e0230becd0cc4a7acfed,EXTLOC-9222038abbbd7a50d791651f,,
RESCAND-d152dfd4793ffb1c504fe1ae,EXTLOC-29e2b35125484b461bb752a0,,
RESCAND-beca3372bbec85df310bfa1d,EXTLOC-dc0c28c4ac2edff0efcebc9d,,
RESCAND-e1b2994d7dae645295597223,EXTLOC-9bd86bc03ce55f478b52ba7c,,
RESCAND-5f50282fe4a6713805d41899,EXTLOC-89608c4c3259a320ae3cce3d,,
EXTCAND-2cc23b19e3fd38c6be0f423c,EXTLOC-fcea3dbc6b228aa27cfa0d9d,,
RESCAND-7eb6941b672721a753409513,EXTLOC-acc95ff0f8c23bb1a42e0ca2,,
EXTCAND-b9b2b9bff9e30e2ea4debe68,EXTLOC-a6e1520ec17bc5892fd06483,,
EXTCAND-54d3edf4b6181a69d65940a0,EXTLOC-b47f0a902eed9b9a887b2e54,,
RESCAND-9df7886082004fc8e59fd424,EXTLOC-5b6f969b84978b00fa0bd851,,
RESCAND-8a14819dd2c0561dba59beca,EXTLOC-09d2a3a95746b8c96de9cbae,,
EXTCAND-2c1efd7c8066e81e80f0e948,EXTLOC-5e6806f1a21182a9f0034446,,
EXTCAND-7481a64df6e6afdaba4d8d9b,EXTLOC-e3d14b75d47d00297900d307,,
EXTCAND-032fe457228385822d038dea,EXTLOC-8eaff386644c4607e3fd0920,,
EXTCAND-341d5c24272eaf797d3c764d,EXTLOC-bea4a53e9a0b4ab05ccb5031,,
RESCAND-327d94dac3a15ab69122abc6,EXTLOC-da878397af37b44f2bc8d901,,
EXTCAND-4d0685a4d5399dc4b38acae1,EXTLOC-32658c934c045f8063bbe831,,
EXTCAND-9d59bc1ffe9f40c42d7b0023,EXTLOC-62fbbde6a771def8e4d16386,,
RESCAND-544e79a33e46f10e24f97986,EXTLOC-afb88248f014affd35cfcf2c,,
RESCAND-7bccb835f068eec4e6fdc846,EXTLOC-f2dd0261b49c1c74ccd7ee22,,
RESCAND-1075924c924f56be9ed8debd,EXTLOC-3d6318e562499a8e0e07266f,,
RESCAND-4d51901ffcb9195057870911,EXTLOC-bf6d7838ac7ff63af1421cd0,,
EXTCAND-f46d315ae2b3508038b08a6f,EXTLOC-eaa1d2ca2b248793ae190950,,
RESCAND-100881ef4f1f42a278f38f22,EXTLOC-a9daef1d2b272f73459ee56a,,
EXTCAND-f9bc7b3eb091e26d1cbc10d1,EXTLOC-cda8eb0a112a6f00b5acac05,,
EXTCAND-90368c88899babec80c50449,EXTLOC-6c1b9e375cd620ed26c4d862,,
EXTCAND-ce4f3dd2d628ca24ef1879ae,EXTLOC-7a8a7686d4c6ebd8de2a3d8a,,
EXTCAND-ac253a953564486eac17a17e,EXTLOC-00359437136cfd43a36cf967,,
RESCAND-d9b3503187606de8fb701f91,EXTLOC-8aa0cc39acc702e1c2cd7aa4,,
EXTCAND-213acb8152a5b2dca1f70031,EXTLOC-bdaff5cdbe291fc9cc0eb3c4,,
EXTCAND-f322779f00b2ad50e5ec50b0,EXTLOC-7d6c076d227ed0c7008808ea,,
EXTCAND-694930d26ffa738fbef2f888,EXTLOC-ef1588bead9e42950b79f365,,
EXTCAND-6dca18a9b539957fa999651e,EXTLOC-12ec0f1bfd634d4e730db958,,
EXTCAND-fa0418182aeff0f797c66977,EXTLOC-ee7e27370a320c94ae61a32a,,
EXTCAND-d84d4ce1744da0def7a0fe02,EXTLOC-4da8ae79407fccae4c1a6128,,
EXTCAND-2836775d86aa0a17ef195fcd,EXTLOC-e7fcb93ec6bcc5a84fe1eaff,,
RESCAND-c2e297b3b2bef3fbea310ad8,EXTLOC-7b4f1f6af8cb7093c7f94915,,
RESCAND-f9d832e2f287280e5a8e0d4a,EXTLOC-bce4338aed0c73794e12e612,,
RESCAND-5edcf7093e3786ce4688d6c7,EXTLOC-0e98457b504937c15d85110e,,
EXTCAND-cf62223238589462290ed3b3,EXTLOC-b37f7082a80ef9c731ded34c,,
RESCAND-fa579e738d9078172b98ab83,EXTLOC-0528e445a287501c0852d697,,
EXTCAND-42ba152d2b95c9332a296cb3,EXTLOC-f68141a28761688ed046bc97,,
EXTCAND-cd0293becc0d598663796d08,EXTLOC-a172352326fd2ae1f4b6483c,,
EXTCAND-a82388f476e37d1ef8bec41f,EXTLOC-255095125e4d686f5cadde71,,
EXTCAND-ef444b538893e0d0a9be6779,EXTLOC-749a4cfc8d97035c44f8be3c,,
RESCAND-e14abf4d8419b31238ec7df3,EXTLOC-ae1958aa7263a2876ffcbb75,,
EXTCAND-beda5ff13d36d71a5f6bcf38,EXTLOC-a9aa9bccde68209ed0461a47,,
EXTCAND-f374789f5cb0ec52104d1093,EXTLOC-c66cdaaaacda7a3eaf4641eb,,
RESCAND-c0a3acc11b02e97c139f8810,EXTLOC-6ef69a3e3b0455422957d636,,
EXTCAND-11f85151b3ca694071b5eaea,EXTLOC-725e7b3a2e0f7dfd424aece9,,
RESCAND-3a91de6a17d6e013de1db89e,EXTLOC-d5be05e1d264e77aea1282cc,,
EXTCAND-437c6430963c66c055453963,EXTLOC-f9fdf132b5acaec8ea51f8c7,,
RESCAND-702514853c2a20538a898afc,EXTLOC-a31d5dfb3f13846d6c079788,,
RESCAND-6466789af0fae4b207b59e25,EXTLOC-74c04ffa82062a4aab58ddfb,,
RESCAND-73839d5b5e2414b0da0d58fe,EXTLOC-589d51ffc501cd215f8c8879,,
RESCAND-2bc12266c53a69141737a7f7,EXTLOC-78b949fb7b1db6d16c6ffe7e,,
RESCAND-576b2ff33e8a54a7bca7999b,EXTLOC-ee98ac185ebf2247c9c5ad81,,
RESCAND-6451b09646e7a41fc128d961,EXTLOC-138f98756a922afa836d5cb2,,
EXTCAND-9517c3611cd6576012b6cab5,EXTLOC-d236ac357a23c6c19f7479a0,,
RESCAND-4cfc3287e0e53e10b8d4aa7d,EXTLOC-988f1a1d13cff37bd6c35218,,
RESCAND-63bc851b27ef89919410819e,EXTLOC-e44987bcdcf5338685e4ecb8,,
RESCAND-e8732fdfa446ef2dbae6a622,EXTLOC-f48e936b0df0bfc0125fa956,,
RESCAND-b5ac48acbebf9696f795f97c,EXTLOC-1505fd6018830be19351e4dc,,
RESCAND-8b988cccf55c894615e90f05,EXTLOC-267223916dece04bc52bd6d4,,
RESCAND-be5bef37df1186959c5eca07,EXTLOC-0750811e5b6d17efeca59a51,,
EXTCAND-f17bb9793bd54414c9cf37ba,EXTLOC-8625d47d24100af1d7f4874c,,
RESCAND-33b39975a51a8925bc0786a6,EXTLOC-47534e784aad274d832f3a56,,
EXTCAND-85147523e0a023a337b02499,EXTLOC-0216ec56f790a9d187255160,,
RESCAND-e2f8444535dd9eb70f644601,EXTLOC-7644033270166d4d1efce5b1,,
RESCAND-2054d831c064761ce48cb909,EXTLOC-0a1fc6c839dff56330a74b6d,,
RESCAND-1b18b7236e42009c35900780,EXTLOC-f72208ed80f8172c6178ae7a,,
RESCAND-d79a99df1876fb7268e3e0d7,EXTLOC-82378f6c5beade540e8e1ea7,,
RESCAND-12a653049fe84ff830636250,EXTLOC-0603bc250fb69660306df52c,,
RESCAND-6068d5ef2ea4d070a77c58bf,EXTLOC-9e3e1fdb026aebce1d5619e4,,
EXTCAND-8ffe345f20f1b417f602d5e5,EXTLOC-3c3b48169274e528132e6890,,
RESCAND-f3b2f82e51f432f816ecd7c5,EXTLOC-0ba65a1b6fe7fafb1489f341,,
EXTCAND-c13c579aff5e0fb62b9e6253,EXTLOC-e07c2ef39962e96f05a015d8,,
RESCAND-bba2b5d353080db65d85ed2f,EXTLOC-ab765b520f8ad2359eac87e1,,
EXTCAND-846d55f8cdbc21f637897429,EXTLOC-22a5dd5b036ab3e8ba4600e6,,
EXTCAND-7b3e5ad896159335aa8cd53d,EXTLOC-40bdd67727d1eebbae243a57,,
EXTCAND-4df8fd3a31c5d6568c1cbc66,EXTLOC-61e6afdc12b18585958341e3,,
EXTCAND-bf0455ac6a6f372ecec7c518,EXTLOC-cab20990fde65e76b8f5b75d,,
RESCAND-90f8bf6b527357da42971548,EXTLOC-44f555efc7b72ab925112b8f,,
EXTCAND-9e9e5c9f99bba2d8bd26c6a7,EXTLOC-57a9e4124f25eb7ebafd6dc3,,
RESCAND-85e17563d446badc303fdce3,EXTLOC-45b317358222ec16b9e62f54,,
EXTCAND-4eb307726a651aa0e8ed7747,EXTLOC-9b2728fe99f855c8fa4287bb,,
RESCAND-4fa0d03855ee2fd65875a014,EXTLOC-a909f9bf8917e98a06b0e9ac,,
RESCAND-2f6996e5b3f3bf5aaff813bf,EXTLOC-109f4288d2996c00a3dc45bf,,
RESCAND-154c1f6069b1e812d3f20dc6,EXTLOC-1964a4472148f5f0069f6cb4,,
RESCAND-2660ff95fce09a84709822d9,EXTLOC-870622614b83e86de830bdbf,,
RESCAND-9eb58df91b922fafa0dcb53d,EXTLOC-2498516fe2f3661ee7c55ed2,,
RESCAND-f5f0d921180a90661881998c,EXTLOC-126dd81b6cade701fa9e5d0f,,
RESCAND-28a5098dbadef5107df5d058,EXTLOC-081dcba8c15712c1e291af7a,,
RESCAND-bf5a20e2a2fd669f1e1ebf1a,EXTLOC-dea01753c51c9eab1a2edced,,
RESCAND-88a0d2ca1ad6610a2ce25fff,EXTLOC-17005cb1608de0b7f7e12c74,,
RESCAND-c6a85eb9216b7fd3916b9829,EXTLOC-5727e0a338427759a1e1b765,,
RESCAND-7d6baf30d49a268b0372927f,EXTLOC-12e6df8b89f738606ad86438,,
EXTCAND-c92b7d907060a4b9eb7c21c1,EXTLOC-cf352ebc8950342dcdb925c0,,
RESCAND-1c0d0511c9a0f08027d2f061,EXTLOC-99f7a7a04e83d95ebe7850b4,,
RESCAND-e93f219612231e81508d58ac,EXTLOC-5d6d71e31008761bd565b7da,,
RESCAND-3749b578ccc34ef10b1e04a1,EXTLOC-f5d94431364a29210722db83,,
RESCAND-b9d1fd47bb3d73d50dc0d042,EXTLOC-dddd3c162969e294b42d8b4c,,
EXTCAND-a134c45aac60fa073feb2ad9,EXTLOC-b5ae0f9e67e05fd28e01f86a,,
RESCAND-5127b8dc1dbae066807d8bf6,EXTLOC-8c5cded844e37bdbb659935c,,
EXTCAND-afc84839001ab7dfd526aa92,EXTLOC-ff06e1375ca6f65f1333c9a2,,
RESCAND-b825984c0be4e883f82cf3fe,EXTLOC-a6223881a5ee7ac65bdd6068,,
RESCAND-812e154414b0aa1780ceb886,EXTLOC-08232068572f312be2f8257e,,
EXTCAND-28caa11e8b6013f63e355fd1,EXTLOC-7703d6878e7f42dda73f4736,,
EXTCAND-e053124b7cf49d5a861cc732,EXTLOC-5e98f6401be8ba5ef5d923ac,,
RESCAND-355357e0710f0b2abe43ec43,EXTLOC-414e54dbc9f6f47727d938e1,,
RESCAND-ea0a1d359806569580e25835,EXTLOC-8055e486e18fb3c764c08b24,,
EXTCAND-462e57e8683fee67e8ce68f5,EXTLOC-1abfbc815d2859a01ce5c776,,
RESCAND-1374e6b966750c2691a8cc84,EXTLOC-223b3795c35515d083154376,,
RESCAND-cf2164ff2c5e740c44580a66,EXTLOC-e9601c5267673eb4c96df2d8,,
RESCAND-81f38fc9c5cbd3836c429f89,EXTLOC-b3a063b2db2e1ed8df7f0b76,,
RESCAND-f3d9aae9d5bce531f7a20491,EXTLOC-6c4232028816b1bc1a48a85e,,
EXTCAND-1c62b010a9471a87daf9836d,EXTLOC-12216a600242b96d7b6a5f94,,
RESCAND-a6772ec3274c86e0a399885f,EXTLOC-cf84f6d61ccb8be0233757e4,,
RESCAND-caccb7bd6ecc58185ac3eeee,EXTLOC-c9165330b5b186f36a3cc1a5,,
RESCAND-7f2e095b9e9fce5b1a0746a4,EXTLOC-38d3cd0841a7fe13419fbc5b,,
EXTCAND-8b6c7f0a27d955fc5a1b7f6a,EXTLOC-c704fd563c7bbdac4299d63a,,
RESCAND-9b7fae388ee7b9406d9e621d,EXTLOC-003774f42b0118dce6d73a73,,
RESCAND-6bfe724fa384c224b68db283,EXTLOC-7f696587aea9d4921baf634e,,
RESCAND-a51303c35a11c8915bf7e367,EXTLOC-13d4c3ca4e2bfa7d60479786,,
RESCAND-793f33c93c73c40c0a138aa8,EXTLOC-e85de17672946f31f2c65077,,
EXTCAND-9a4eae635650eb45e4ad98e6,EXTLOC-99aa135e94753c4904974cdc,,
EXTCAND-b79d332cb2ff382b26d0f266,EXTLOC-c769826741fd185dceb59aad,,
RESCAND-8ec669b2bbdaf7336f40dcb6,EXTLOC-87745cb41c0438ccfd496bd5,,
RESCAND-bc939470b690aa705addf73e,EXTLOC-b0b2804427da9da38d42361d,,
RESCAND-ade7f5241b49b6bf4999a7da,EXTLOC-7b968551183da84fded11403,,
EXTCAND-f8f526c2481943d5fc23894f,EXTLOC-e6727dba2e52081166f6df62,,
RESCAND-43a3d95250c7ed5247798d86,EXTLOC-63e4f424a262c79d2db15229,,
RESCAND-27359db3af062b37617040b5,EXTLOC-e339932f89123a4091bd4deb,,
RESCAND-24012cad4c1759441c855d8b,EXTLOC-30dcc5c11d3fa320e67348e0,,
EXTCAND-8aa7472b1bd7613dfdb0f1a8,EXTLOC-8cb74a24543c56be551f32df,,
RESCAND-87c197130c82ce576c450e82,EXTLOC-2e4bdf5687bd6c498aa4d8f6,,
EXTCAND-882baa1d005d6da27639bb4e,EXTLOC-19a3d7ad9caa6c2fba71d1bb,,
RESCAND-5383a75be41f62573483c694,EXTLOC-f71327bab4bc9c4f4b14788a,,
RESCAND-a748f3bc9032be2961a9601c,EXTLOC-6e57f544be6d867652c29f33,,
EXTCAND-7511542db151c9279ef13a19,EXTLOC-741f17f250101628e1b83634,,
RESCAND-2aadfd08b74e8e73c99510d4,EXTLOC-9ab2b480e16ca1ac4f8a9047,,
RESCAND-4a4d892e7f61a1bf64253a38,EXTLOC-2c56861d1cda0270a587c0bd,,
RESCAND-4f3724fcda9d4c861325efa7,EXTLOC-53ed69eea02656e620b89990,,
EXTCAND-168d70eb4d1270c9dc86c461,EXTLOC-48cc8645b313f2c03d9dbc73,,
EXTCAND-3ce4c9f70e8321021349e42f,EXTLOC-1a4164d7c96310eecda9d550,,
RESCAND-73b74477ef06edea66f0c9bf,EXTLOC-a980917012453ce7bf73e096,,
RESCAND-89a029ab6c4e5691edc73c51,EXTLOC-233f21ab06ec4d2c1f8a0c33,,
RESCAND-a1da5201324dfd2953c49025,EXTLOC-bd54a0af1394d9c853a651d6,,
EXTCAND-5b371d58a3bb16c3b92ab918,EXTLOC-65cfb2ac56ddc524e63b3dfd,,
RESCAND-839e119b3485546d3731cc6d,EXTLOC-8ebab5268068551d6591c5a9,,
RESCAND-913965f3ae879e5039170ad9,EXTLOC-4efa3dcd06e0891247066efc,,
EXTCAND-413015d73089477f385c8107,EXTLOC-21c21ea609c6588046d7dca5,,
EXTCAND-0bf7c9fdd4a4a0d46149dabf,EXTLOC-e14592b39bba91a3a099f015,,
RESCAND-734923b16d9999983547f084,EXTLOC-b616ff2fcfe1cac167bc2075,,
RESCAND-71757c602effbcdae62d6ab5,EXTLOC-4af52cd2f5456343308102b7,,
RESCAND-388ba1bd74434cb6454f08ea,EXTLOC-7b7ce9d93716ffc235ba1483,,
RESCAND-917ac685467c5d14c9439dba,EXTLOC-0ec0a1c5eba0d4cb06512e08,,
EXTCAND-3b22687bc32b576b25cb0f55,EXTLOC-44cce3db9264e2a4b584aba7,,
RESCAND-195dcb0ad3b93cdf4a0e49f9,EXTLOC-87acf249ff1c03be8e03f733,,
RESCAND-fd0ff8e493accc46855d9e99,EXTLOC-5d1892bc3a41401e0a0c6259,,
RESCAND-92a2d379345c3035f3d8fd5d,EXTLOC-a12e9b33c9929b72c0deff9a,,
RESCAND-d8fc3d1b530db9de1c89033a,EXTLOC-439f06754a2075c9d4aa0b0b,,
RESCAND-7ca9595cd2419dbe76885d25,EXTLOC-28712819beecafa768c6c8b7,,
RESCAND-0ef6ae32a2542520e4a5d8de,EXTLOC-750a1640beec74f981f8a238,,
RESCAND-80475198d7ac49b869dd8b74,EXTLOC-a5f137eb63bdba92593eee07,,
EXTCAND-1d33bcaafaa2c20af88408cd,EXTLOC-2f4b5e1034bb0a7c8faf1d1c,,
RESCAND-b7564e94896402b2af084ebb,EXTLOC-eee1121be87670233726cd37,,
RESCAND-5e4ea75885d78e9ce330153e,EXTLOC-2b6e1fa834d26c7973ddb7b0,,
RESCAND-53249409328aad4fef87ab55,EXTLOC-792cf36ce2364df62c4258c0,,
RESCAND-c20704510d7b9773ce12b9b7,EXTLOC-9014711cf74844a056bbe664,,
EXTCAND-e3ca3e8962a6a351c4c60d07,EXTLOC-fbc9b24b377081be917163ef,,
RESCAND-b29491c8b94c7bb66f78c6aa,EXTLOC-f0f18e37cf7245a878dca341,,
RESCAND-a6dfe62b54eeb6dd130bb588,EXTLOC-bac63562ab56f95d3f631a42,,
RESCAND-898b1163d260c51a94542323,EXTLOC-45238b87beee3d89c5a4277d,,
EXTCAND-7db2bc47d4f057fa6c2a5282,EXTLOC-45366398fbefadf54728370d,,
EXTCAND-dfb443c3c87b94463c8d24b0,EXTLOC-b4650d4dfaa6338d2b9ee709,,
EXTCAND-6573568789a58245b5d0d494,EXTLOC-1788dbc1676044de7a308177,,
RESCAND-24dd44dc6bf551e565d84252,EXTLOC-d58be863cf27f560defde5e5,,
EXTCAND-69d67733d32b9a4d27656c7d,EXTLOC-603cd79c79801e0f3e16aa05,,
EXTCAND-b475256cef1c23f3355c7647,EXTLOC-539adf6af416ba7a8048b88e,,
RESCAND-4c892946b7ac4cfb61b09729,EXTLOC-7c941924e05788372366fb43,,
RESCAND-5bef782016f73ccaa528cd20,EXTLOC-4b70eb602326eae8935b459c,,
RESCAND-60552669b41d4ea8ffffd2b3,EXTLOC-74934099247e7c8e92b1e23b,,
EXTCAND-c24590c41faeeca60dd85d28,EXTLOC-094aa19d3805f7266aae0118,,
EXTCAND-11fc4d9880dfe5b51f8c77d9,EXTLOC-c540b5dd1b2286eaf6c9bc47,,
RESCAND-1a949327f2d7e404690290af,EXTLOC-84267ccc6c1743e8b919c9f8,,
EXTCAND-9900b65b2ac5e001517c7ba5,EXTLOC-83b0558cf3829f110ea267a4,,
RESCAND-05036c759ce224e9aae1ba94,EXTLOC-f7101162f4650d0cfffcf839,,
RESCAND-be001076a8338930fcc706cb,EXTLOC-7a7fca0a4b870d485fa3f59f,,
EXTCAND-795cd4e6e0f9d2f343718240,EXTLOC-065dfbee7a118de751140908,,
EXTCAND-024d57305fc75a7911817b6f,EXTLOC-c2c9dd1906c45b5c78e12ae1,,
RESCAND-a9062dc2eabc9d4858c0f1db,EXTLOC-ae3171bb05eac993cfdb0bc1,,
RESCAND-57d5ad5ed0ff6eb037be62b3,EXTLOC-cc8771355393b3f541c6ab36,,
RESCAND-4e33091c458fe176f361c609,EXTLOC-4681fa820a31aeead6645cf5,,
RESCAND-1cf3375b208ef4f57f76dd2d,EXTLOC-317a0cecf76c76021df91905,,
RESCAND-37aa1824f772664dbd892546,EXTLOC-882f9df620950659b200e8b8,,
RESCAND-abcf36b4fbde5dba74ab0cc1,EXTLOC-ee96cd0220f81484d80099a6,,
RESCAND-063f0e2eb765d82b6486af6b,EXTLOC-7e0fc2e82d51239d84078c8c,,
RESCAND-da90b29870e7b53974cd6de6,EXTLOC-ce40ce0e56befc83891be432,,
RESCAND-d8aa0e8841314bda5d139754,EXTLOC-fa653c39a8a622a6706f2407,,
RESCAND-bcb275e7058a84bb4b6d8c18,EXTLOC-1187cf40d5d56bc9cee4ce5e,,
RESCAND-4ca154f462765f57bbd9b864,EXTLOC-8e05a61f9a3be300d662415f,,
RESCAND-b33112a285e3956ea19a0d46,EXTLOC-854d585add1edb1a97560cac,,
EXTCAND-5967ccfdee1a82eedecba02b,EXTLOC-3757bc58e1af8a358b71b1df,,
RESCAND-785ca54d0dd6c13bacaf509d,EXTLOC-cf81f6811a4fb5066662e047,,
RESCAND-46f582a60f2e09c0cf1e26b8,EXTLOC-46978dfc5bb21787d4b2b045,,
RESCAND-e6dfac7f6e6a9ad06526a491,EXTLOC-21058658fd214b1b6ea1149c,,
RESCAND-b52ea03b7eac1fe78b06d9c4,EXTLOC-c4a51ccd8e120b5aeb33f64c,,
RESCAND-848a6289220c125acd88ac94,EXTLOC-b8fea293ab15134e352c92d4,,
RESCAND-77a3fa258a6054303db852de,EXTLOC-b65b0cacfff2bdb01b3a0eb0,,
EXTCAND-d44b25781b22f8e4fd723e4c,EXTLOC-56d62d845722226f4a6fd70d,,
RESCAND-a9d63afbf9f618e5c6d28cd9,EXTLOC-84e9faf72801dc4577a9dda7,,
EXTCAND-a478fc8ea9db101c1edec574,EXTLOC-13bcb41d188b64bfd525b31b,,
RESCAND-7e1695573dea68744b730fdc,EXTLOC-c1587b6f2413c946847bfd42,,
RESCAND-8ed7eb6af499cf971a0f578a,EXTLOC-bc0cb73d1f242f400fbf4c79,,
RESCAND-190b74eaf49a06e8287e26d9,EXTLOC-eff350d5453039c53fb6a0bb,,
EXTCAND-56a11255dcdf34aac00717e4,EXTLOC-e6bd404964efea23eccc6804,,
RESCAND-b3806789140bcd6b350ec3ba,EXTLOC-277d0e84228d2c00de738403,,
RESCAND-4871bb1c1529504bd787abe8,EXTLOC-3c23acf271649b47f7539eef,,
RESCAND-ff97f615386986d152a4d110,EXTLOC-bf40eff987f2120bf5b98dcb,,
RESCAND-f572e51249d618b52f4513b4,EXTLOC-d9722a9fd2076e3eff4e5848,,
RESCAND-28c7c025f4a153e7019d5c71,EXTLOC-40daf1d724c69ff395f92d82,,
EXTCAND-66218fa57ef7c9014cc79a9d,EXTLOC-171b95027f9b3e5df5bf6584,,
RESCAND-9c7b45075735e28f2fe3f379,EXTLOC-1f8aecb99bb1c0a2042309ec,,
EXTCAND-550d9eb363a890cb99a7ac86,EXTLOC-88112109aa75a5bc654efb11,,
RESCAND-f7e11e41d6912eb5f06220fc,EXTLOC-e17487e83a25cd409abd8332,,
RESCAND-7fb16a5b41c922411dcb7c77,EXTLOC-129267b52e922c42333d469b,,
RESCAND-0976611e34502b5d6e7698c9,EXTLOC-afae11c720a128165b3ffafa,,
RESCAND-f05e1a3458920164f30c799d,EXTLOC-a30a6a2f35aaab9be5053507,,
EXTCAND-81cc862184296556ec19bbd6,EXTLOC-7f26cb10698e5c47e8dfab9b,,
RESCAND-b65b86535b6dc9fcddddf20e,EXTLOC-e4b7dda880004117daafdcef,,
RESCAND-f41ea105a4bf20a4ca4d43a8,EXTLOC-3b2a8aea9ae9a51ab2fc324c,,
EXTCAND-5ae844f1f26b5ab8a64dc8a0,EXTLOC-1806c52711a52846576d9e2f,,
EXTCAND-ae08b648351098a2f2687f42,EXTLOC-eac1a1869efec98382919490,,
RESCAND-6fed05412fca56b630f9113d,EXTLOC-83885e703a8e91ed63af24c6,,
EXTCAND-4e77104749f833ce2d6912c8,EXTLOC-2272de6ce21f3f67b36783f6,,
RESCAND-27b1c80808581337df5769bb,EXTLOC-11a15f842e97a040b3160277,,
EXTCAND-7caca10b4b050f2c0ed455ea,EXTLOC-cda3d3562a3b420d9c15dbaa,,
RESCAND-5b52a9a5f782b633c51125a6,EXTLOC-3d39b876b2742d08a564c60b,,
RESCAND-22c467ac597137aa208da700,EXTLOC-0d1619db59ddcd617fca81cf,,
RESCAND-e5697b53ce1398c871730965,EXTLOC-f22f0d626f71fcb20b3e3e75,,
RESCAND-78c7b226e516d7f7f89e0f23,EXTLOC-a9abeef0127bd387626b2ce3,,
EXTCAND-daf43a836ef8d11b794e627e,EXTLOC-a4de77ad5adb89c3fdd7b4cb,,
EXTCAND-320c0a7cb93a4b3c63434055,EXTLOC-610781862bd02f3b805e364b,,
EXTCAND-c4228bee79bd68fa1a4b603c,EXTLOC-5d33604e40f8a1a702ddc1d4,,
RESCAND-fb93c8d57a668c394f09eceb,EXTLOC-8461ee3688adc6482f0786b8,,
RESCAND-06c182464175a92bfc2a105f,EXTLOC-b819ad7cf4ed4006dee77e9c,,
RESCAND-8de24de09ac7856bff307215,EXTLOC-3965b37c2a58fb7fdc10fd4b,,
EXTCAND-0997601d0a22c3dc0eef7e6c,EXTLOC-878bf5a5e21f2a53932e0109,,
EXTCAND-ffa7c6416511081790c95fd7,EXTLOC-4830518cc39737cbe11ccb44,,
RESCAND-1ea48c21d725554bf826b2a2,EXTLOC-c85ecc86c1131c6ebbd715c8,,
RESCAND-29c256f7452d78c59e4cfee5,EXTLOC-3af495ecea6c19b731580190,,
RESCAND-cc7a9fb66a6d6ac4e9b56514,EXTLOC-d3f3b20690b5a2761eea8e71,,
RESCAND-2a81033d7c7b46483403c72d,EXTLOC-a46254861c79bf0bb167f064,,
RESCAND-72d67ce6cbeb2700b879f044,EXTLOC-1d5ad4665333c67ff17f4628,,
RESCAND-8c3888e8c16e508697c5483d,EXTLOC-bf77962ea14541a5b2c3ef7d,,
RESCAND-3d1358477b0c1e63a650da5c,EXTLOC-701d84aa40621883f117e157,,
EXTCAND-05a2cb5903504cc963ec2041,EXTLOC-385f30224c53e2adae6b9b20,,
EXTCAND-c396ad5aadf89b796496cfe8,EXTLOC-41b3171648a94dc4a058b676,,
RESCAND-7f34f4a0be2590fb9adec1b9,EXTLOC-be620c1ed707762e480bccb7,,
RESCAND-9500c2176c3a4008494b01e2,EXTLOC-80a8f0608ac986748a13d936,,
EXTCAND-45b3dc297c2fde9fb6e14f4b,EXTLOC-fe2691b07d5e08da82a56588,,
EXTCAND-525acd89f550aea57b6e02f3,EXTLOC-94c83d820e4d9e62c65fc1f4,,
EXTCAND-e47a854861d69ce8a9967b16,EXTLOC-f51d7802262d638c358595cc,,
RESCAND-bddce721f3cf602ac6e5b6b3,EXTLOC-7d38fcbfd8b5953eaad3c74f,,
RESCAND-25ced9d6789de7a1ebac35a8,EXTLOC-af65ab74444ce7c5f7e42245,,
EXTCAND-4377ebba18029baedc08cfd8,EXTLOC-a0bc55a8ee7c804d4992d2c5,,
EXTCAND-4849e4b4a83fb2dfe4de32fd,EXTLOC-a3e5a74b6f56cb94c9163665,,
EXTCAND-24a2c03e66850cd985326c2d,EXTLOC-9ca04456f0b7ba8690fa75b8,,
RESCAND-0ebb9062427b516340e25be8,EXTLOC-57307acc82e5f9d09fe035b9,,
EXTCAND-71b8da0bbe56901f0896cdcf,EXTLOC-c0d1922c07946874cf96feef,,
RESCAND-af67dcb3b9da87ae2ea5418f,EXTLOC-2a7b567cefe00629a19ec81b,,
RESCAND-bf25f88c90387c8515677c68,EXTLOC-a4d305f4826085aaf850a612,,
EXTCAND-f31fb9c4fc24dff2df676b10,EXTLOC-6608417613d7190607b683e8,,
EXTCAND-00a0eef5a07438ec1b2cce2d,EXTLOC-84b7bd9e6c9e4b3413497278,,
RESCAND-05dc9f42f3949d13a2cdf20d,EXTLOC-2f1e48b0218ebc044d80f618,,
RESCAND-b668e5944106316126b5538f,EXTLOC-0585e2b882e3682dd541cfff,,
RESCAND-6fb6da7f5ccbb4dde289eb8e,EXTLOC-1035a0d72cfb7e8f19f56ed7,,
RESCAND-d4b8beed00d9867e4799827e,EXTLOC-f4f7dbad9dbba3388eca3b50,,
RESCAND-3edfe6783adc78b2bd1ed4fb,EXTLOC-bfe4f9c84b37808be0c8fff8,,
EXTCAND-cf7dec55883a75afe3c96851,EXTLOC-9516b6ed4cea7d193306520b,,
EXTCAND-c58d13cab80bfe012709a2e2,EXTLOC-64038086eb9ca0d92cd7d460,,
EXTCAND-34ad26206a6e5420edcb6874,EXTLOC-43db4cd087c4e8e040548752,,
EXTCAND-7217fb6013a4462af201d358,EXTLOC-0116702883d746fed5f32f8e,,
RESCAND-37a031be0b6376f48a7abe84,EXTLOC-f11ee50269d63db5cbcdeafb,,
EXTCAND-bb82f833251259f4927c9970,EXTLOC-8da35fb8e7a039f88e70ef8e,,
EXTCAND-1ecf6ddf6efed8daed641d43,EXTLOC-6480c3acaeaa260e022de2b7,,
EXTCAND-9943ddcfe3f33b2b8c71be2f,EXTLOC-1e91795d717ef31a32accb64,,
RESCAND-bc8832724cdf8195d509beb8,EXTLOC-d8c9bbff3a8e36ba1e35c944,,
EXTCAND-b14edfcbfad2cd69c5c30bbc,EXTLOC-642ac25af2892eb35b411564,,
EXTCAND-6e43bb5e5fa16be3092b301d,EXTLOC-2079c43e4f0134abecf31eb0,,
RESCAND-74e70bf7a1a2d715ac48a9c2,EXTLOC-71ed40a447eb2e4cababb482,,
RESCAND-829ba4096727224ccc49f13c,EXTLOC-039606c5fbffcef3ff327ab3,,
EXTCAND-2763d8cf886c00a2f86f8947,EXTLOC-044b99bb1cd8532a514e91a8,,
RESCAND-3d2aab33e86fbe0e41411c74,EXTLOC-7daac8bb6c7fc525d1b9274a,,
RESCAND-3bce0859963bb52269800145,EXTLOC-98ea01abf08b2e9433d4d3ea,,
RESCAND-bca0847f59aa9362dc50db2e,EXTLOC-da455543c9d60799bc1b5bfe,,
EXTCAND-d246eb2272f538c385208eb3,EXTLOC-a8219ec47774afe6c34bd1b8,,
RESCAND-91dab0dd150cab8fb35e30f0,EXTLOC-ad7ad3b4b61474c4b7ef2b7b,,
EXTCAND-ab8908c07cb36aecbd997332,EXTLOC-2e9f0552084d32209ec87f7c,,
EXTCAND-07bbc28430e80834a010610b,EXTLOC-36096645505ba6e9e8ba549e,,
EXTCAND-91f6ebcb4632fb85f0baecc8,EXTLOC-a9224e0a5ca01a78c9ed7d92,,
EXTCAND-882ecefba06c46e2660e74a1,EXTLOC-2d3e86ba62e5ab3662a2281a,,
RESCAND-badd25fb03d485122289c96f,EXTLOC-32182d9ee89c672e1cbd83d8,,
RESCAND-b0893ee09b8bd8e217d90256,EXTLOC-d6777e0447e4285ef14e5988,,
RESCAND-abefe0885530104054344fa0,EXTLOC-4f80e0007f19dd294c16a4a2,,
RESCAND-897e677cfc0f56e3aa89c86e,EXTLOC-2b32a2fcadf1719051a23632,,
RESCAND-32ec6372dd9e37784b768c10,EXTLOC-caac8a9c5a693af08522ba11,,
EXTCAND-462d1438bad36d385a3aefdb,EXTLOC-d1c7444b0316a068078ddf7a,,
EXTCAND-f6efa757dadfd521b7001c9a,EXTLOC-0fc759b1a4b9dd13cdb1f66b,,
RESCAND-2eae9aec8f6e4f7be52ecd17,EXTLOC-4a2b4e43333b7a9b8cb6f52b,,
RESCAND-04247379d296841164e09060,EXTLOC-ebcbaa1adfb9ecd420f7fadc,,
RESCAND-620a33a78613d2a180f26d06,EXTLOC-db75e45e206d47c5620c28af,,
EXTCAND-6be8f3e572501f07b9150fdb,EXTLOC-2b0025f5f91fabefe86ce764,,
RESCAND-ba8b51cc8fe5796f6adafecc,EXTLOC-8d6bf53ca085a112b80a7121,,
EXTCAND-8631ad8f512a35d53d05c6a4,EXTLOC-a87ffada9c615a0de8b5c87e,,
RESCAND-e0318f994286dd1f21fe5960,EXTLOC-208c9b74e50418d0d33cbb63,,
EXTCAND-17442b6c2ac02ddcf3a56582,EXTLOC-073f920a16748b69f827d87b,,
RESCAND-5b35b07d1024889946e3e6a6,EXTLOC-f97ebb4194488c6ade933535,,
RESCAND-f44629fc5baf1797cba09ffb,EXTLOC-dfaee576f67f71ef5730258b,,
EXTCAND-a9a1484b1fcc814be5642c33,EXTLOC-9d7814d66459b7de4b2ccbf8,,
RESCAND-5b9194874c892531d307e267,EXTLOC-036c2c7d5ce2de2ce38491a5,,
RESCAND-a9efc3c7f9eb35a21f72d188,EXTLOC-d1041fb6caa2351d3198921d,,
RESCAND-5474f0799ee08ccd4c8c7f92,EXTLOC-efda707c21cc2fe706d1fa19,,
RESCAND-8fc0487911cd250a49984e95,EXTLOC-11c5621719f21e41637bb127,,
RESCAND-d7c47551891f3280fdae936d,EXTLOC-8f63c841a1f27e81834bf8ad,,
EXTCAND-4c0b5d6cac8d08af225f6546,EXTLOC-f976427c3d9d86754ed92c37,,
EXTCAND-2715b22016d5531bdd710575,EXTLOC-49c9615437968549a548a452,,
EXTCAND-ba462d42745f01826213570f,EXTLOC-a1ea574d81128902c5db8efc,,
EXTCAND-c0d554bde490187ee0463162,EXTLOC-cec774462921e80ec73501f2,,
EXTCAND-c7c652e470f607a777c5892e,EXTLOC-1fd87bbd19ac8e86a76153e5,,
EXTCAND-a92833624cdd7c60256551c9,EXTLOC-f19d82014463f6603fff9f7f,,
EXTCAND-c1d902bdbc03e6696ee5299c,EXTLOC-24b272b3d382251a8d224ad2,,
RESCAND-a7bab3e0a3768b77c23acd20,EXTLOC-88b36a4b9a8283baae450600,,
EXTCAND-343b20f074d3aaf4aae21cf3,EXTLOC-4771ed4d72966e8fe585571b,,
EXTCAND-f3695e704c3a83d4d9187a0f,EXTLOC-a585cb87cdfef14ffe117fb0,,
EXTCAND-e6b0304b6f6dc65625d4aeef,EXTLOC-f694aca584826990c32413ff,,
EXTCAND-becc3c87f8b2894ed0961db7,EXTLOC-29317a0b0d774485485becbe,,
EXTCAND-110de4dd4b6a099536856ee2,EXTLOC-312602563b3c00c3a960deef,,
RESCAND-33c9e6f33ec93e6c75922729,EXTLOC-a2e6cc9782623087abecd236,,
EXTCAND-58e88c1fa8312aa158ddaec4,EXTLOC-f3351797a93c0b7a2f6a1d0c,,
EXTCAND-6e325e76b149b517f52aabcd,EXTLOC-f457bf0fea6853f721067ae7,,
EXTCAND-9e5fc20c36df51583d3c99de,EXTLOC-107b0c370a3a590a4095f49e,,
EXTCAND-88faf0b8d884a7a16aa81de2,EXTLOC-1bb0d5f38a19827d39039b9e,,
EXTCAND-c9bb845235dd36802abd854b,EXTLOC-3fbb886c65fe04b634d05dec,,
RESCAND-18263a174fedb06dbdd1f554,EXTLOC-218e9a088d3832ed54074217,,
EXTCAND-1a3ce62134c35afdda5f5832,EXTLOC-3e3fe419ba1d0b6f70c996bf,,
RESCAND-7c49b6e5d3a4ed6fd60160c8,EXTLOC-18c2e5944f2e29e1e2ace933,,
RESCAND-73496b5955c366c0bc47a992,EXTLOC-417bfa941d6a5cd4a98d6f3c,,
EXTCAND-e3620b5876ca9a680f0b2c2b,EXTLOC-88c711dafcd5e3e83f5f9c06,,
RESCAND-047d61f10b2934ddc39bd632,EXTLOC-b4cda794dfcf3bec0cb4b711,,
EXTCAND-a288f48481c31f5eeb31288c,EXTLOC-8bfda59cacd507c9ee3311e0,,
EXTCAND-8144c7cae4f0a08de03ca42e,EXTLOC-c2f0d0a8d45aa5e155a10236,,
EXTCAND-0b63baf13f662eaf81adac53,EXTLOC-b40ecd2c8b2880e58917a277,,
RESCAND-02ae37ea1d2757a77dff6094,EXTLOC-8c6cbab08756e83a2283e4cd,,
EXTCAND-e662e8335a839d61418da69d,EXTLOC-38571284f30af664ea45cde1,,
EXTCAND-229d01bf0107b2380f69a145,EXTLOC-859615a725da2ce5e2247c13,,
RESCAND-07517cf99408beaf90ab07b2,EXTLOC-3db7a2922950c6cd93f7ef04,,
RESCAND-ba37e34db621e03f87921ecd,EXTLOC-d62d856b72f7ff4c4a52835a,,
EXTCAND-99f18ea209dfdc229cf886a9,EXTLOC-e98a7dcf356d81c637ab6e47,,
EXTCAND-4baf6c52d55e4212053827ba,EXTLOC-b36dfc0d257531ed6ea2efc8,,
EXTCAND-9408c3de17d38e2289569ef7,EXTLOC-00c087a4564ef90b955713fa,,
EXTCAND-929ebb584fb24564c895cb05,EXTLOC-ea7d7e47e899c104cd4f4c56,,
RESCAND-826274d0f863e20ac47bff33,EXTLOC-b93e87c8c3de86db010173c1,,
EXTCAND-6db8ede788324bbe6e1ccf7d,EXTLOC-5df9e15b780456362a950b62,,
EXTCAND-dce157b4c91684c7fefa0080,EXTLOC-b1cc7192355e5e35f0008c00,,
EXTCAND-52e324a60b525bcf58948f65,EXTLOC-24bab5fb03c376064cdd6af6,,
EXTCAND-7fb5cf0402d20ac8f2cb3ebe,EXTLOC-b2332bc5cc5dcfd98ac3dcec,,
EXTCAND-7a3789b1754e0bd502a5cf3d,EXTLOC-325b5630a033f9f3d1f3d4df,,
EXTCAND-2c1755f428ff89e25f9ffaac,EXTLOC-00c54202a87a70cd2f18c092,,
EXTCAND-edc620589f4deaf6ce0898b8,EXTLOC-52636868c5e15104869fbf11,,
EXTCAND-21131bdf311db2866824869a,EXTLOC-a42dc40114c5af87f75206ca,,
EXTCAND-45b0ee5eda612367e6768fb4,EXTLOC-f9b228c715679264f8cd28b5,,
RESCAND-276e0fcbc6daeb7912ee28a7,EXTLOC-157fc04b7e09aa10e2c8e7c3,,
EXTCAND-f855a638db9f844319a81e44,EXTLOC-794b717952054f34b620d332,,
EXTCAND-9a95dd7a87f8d4a6335b0f11,EXTLOC-f117cce7a2487341bfb4ca79,,
EXTCAND-07d3cb95344db761f965dcc8,EXTLOC-157d2c7697b05bd619b119da,,
EXTCAND-e3ff667324d33572d4d6b2b6,EXTLOC-0cba529afbff4c4f6b4297e5,,
EXTCAND-c4ae2f44d5c7ea0683909e40,EXTLOC-1aa21882ea53b4a265caaacf,,
RESCAND-010a0eb5f23f93533ed01746,EXTLOC-67f88f1e79a8b416998d0dd9,,
EXTCAND-50104cdfb20792b8fb95d300,EXTLOC-23b77a8df9d35b509ade054f,,
EXTCAND-d9b69eaa8fe74f716bded8dc,EXTLOC-26e98fbb2fca6c6ffce4dd5d,,
RESCAND-105b218601f4a9a2e7cec32f,EXTLOC-6bf5d4e3dca292e457f91733,,
RESCAND-e7fd03a4b295bcd81a4dfba3,EXTLOC-2a3ce9b5e62e914e439af2a8,,
EXTCAND-3446549911f3d49cdd7ee300,EXTLOC-9f11bec5c05144daf55aa4ab,,
EXTCAND-d27a4e7f2014a06bbaada9d0,EXTLOC-7e8768e5f3f93ad2fc3abd18,,
EXTCAND-906a4349d44a942e6b7ee608,EXTLOC-37f09d9c5d1f6a3f310345bf,,
RESCAND-b90ccc63218c9a4c50cf101b,EXTLOC-15a82e2db8c79266dfbf4454,,
RESCAND-f1f3756968860332877d79e0,EXTLOC-8df7de3826842cbe0e29d51f,,
RESCAND-b7052a4dfbd3ebd6e276a400,EXTLOC-9d89906ff534b4aae0813330,,
RESCAND-9084ed0a7835b6887f6bd212,EXTLOC-756a70fd7e394b34d67a23d8,,
RESCAND-bb94123f73dbc120321cbefa,EXTLOC-af4be47267c423151391609c,,
RESCAND-2ccbd31ad49140e2ae6c0bdf,EXTLOC-8c38a99b807d9f27028b46f5,,
RESCAND-dc5320fae5ea185f7583ec16,EXTLOC-934d045a83ab465d2506db63,,
RESCAND-d899def762ebce792e568be5,EXTLOC-43130decc95954261b100865,,
RESCAND-544a813c248b7c74ff30afad,EXTLOC-f4aeef890c88d2e1313f35de,,
RESCAND-0f514eb102b437baed3a2b18,EXTLOC-fad11841dac797657fa7de56,,
RESCAND-f882b4f965fde5701c022b08,EXTLOC-afb32189b18d289760c1de2e,,
RESCAND-71afb2d124137cd8ec3bb96b,EXTLOC-2b2c7c9bde1ce8f0aa0f85d8,,
EXTCAND-21a5f7a30f25f016b4f1ef3f,EXTLOC-5abc18c564c7dee5acf9e51b,,
RESCAND-79e5ea4ccad1291b3d141f09,EXTLOC-853b3b98c7d019a69347a3dd,,
EXTCAND-40869b05ee6f6792ced1583a,EXTLOC-75c19e3575927d257a8b2b7f,,
RESCAND-70020c1f1cd2ce06e53c704e,EXTLOC-cd7680bbe331940f26b979c0,,
EXTCAND-1cc1ab3a6ebebc5e8d7ff712,EXTLOC-a17935edec226d9e1b44c6ac,,
EXTCAND-7c1f794d67afd390e1315cc8,EXTLOC-4ddb5d9b03f00f40cdbe3268,,
EXTCAND-8e15e8c23d737da12244f0a8,EXTLOC-5d1c96b8c4e2a6dc4c1dd998,,
RESCAND-83515ac4e9d04c2dc6eb5090,EXTLOC-5ac157d56f92de70bbb1c522,,
RESCAND-dedf5f3497e103194640928b,EXTLOC-e444919a272f2ebae56381f0,,
RESCAND-f786a1802404ac52e6c91d03,EXTLOC-6a800b5d878c61a8115a4d05,,
RESCAND-3ce50a4fc0339fa03f69e381,EXTLOC-887e1ddb785f244ed08f5fca,,
RESCAND-772248f072d5cb2b241d6135,EXTLOC-65493447b7b3750e736c68dd,,
EXTCAND-d5b4fccf06497d9b74d7e9a9,EXTLOC-7741c9ab9eb1ff05c5859747,,
RESCAND-5bbc2964358a3a5ec2398842,EXTLOC-e7cbe4cabf9b71c4f650898a,,
EXTCAND-6e577912d8601e6701bec44f,EXTLOC-63a5e5f1f7d1675046d50d74,,
RESCAND-5c13963106d15b0b44443a04,EXTLOC-99712ef78890b95fb256efd0,,
EXTCAND-059a84192bfffe971806fca0,EXTLOC-62b59830b0391f9e8d030211,,
EXTCAND-97d395c87a3d239f6d21c278,EXTLOC-4d643c7a64cd76783f813012,,
EXTCAND-b6266ce43c224938dd88902b,EXTLOC-9d30f65bf46c49a1062bec12,,
RESCAND-a3d71814b26e21ec1ea8e8c8,EXTLOC-0106b3d45fdb76da5fb784f6,,
EXTCAND-08f72a41ed393a961eaf1e81,EXTLOC-ea3efd4b99864bc770f5b286,,
RESCAND-996e540e549fa2f75e70ef24,EXTLOC-1fb88543c021548d48448ad2,,
RESCAND-1f5818457efb4551928e3526,EXTLOC-e5ffa9f3deb2ea9380eb7d3d,,
RESCAND-6ad75237f04ed7540a07b57d,EXTLOC-a326f9c5495e40324a528600,,
RESCAND-61f2f95eb89df146f14dce1b,EXTLOC-a5a41d9e69babdc42606d905,,
EXTCAND-5db5c8b487f71256bb108a87,EXTLOC-8493e2a055c82270b1731ae6,,
EXTCAND-25893ede167fd4678b3b9895,EXTLOC-ae2a7d032678843724588533,,
EXTCAND-5c55201e6995d7656a94d717,EXTLOC-b2afc13ae1836d0c5e9391f7,,
EXTCAND-c649eb4a9880a7156e8c865b,EXTLOC-fcc1b64a9cd3c527dc8afafa,,
RESCAND-ae1e4f130353eff61881c8b5,EXTLOC-cb62b3d18d083c12b725ac0f,,
RESCAND-35abcac268f28cc04d8f3b7d,EXTLOC-e2695adf5ded62dbb80bfec9,,
EXTCAND-a0ba09195ca6a044f580adc9,EXTLOC-56e81b0215aef1a0b2efdc36,,
EXTCAND-c2544e15f7232603aec4e3b8,EXTLOC-4472d87841ea31a55be77a76,,
EXTCAND-a44f9075d83e2babbcd848bb,EXTLOC-94a0c786eb7d388c2320502f,,
EXTCAND-3d8ae6b65233c9f4ebc7108e,EXTLOC-ec8a0d36751d528afe0b79a9,,
RESCAND-9cfa95e8de28e74f3d2c4054,EXTLOC-9a6fc40ed8ffe44bbe2f84e3,,
RESCAND-8453a30b6af10f7b91654dba,EXTLOC-2e3eba50a047e8ecc7c2c0e4,,
RESCAND-6feec7f07679f1a5b7e7c835,EXTLOC-bdc88773642b5320405675cb,,
RESCAND-206d086308ac707286e31937,EXTLOC-013b70b041e8847f11e7d64a,,
EXTCAND-598f8e9ff403fb31947c31cb,EXTLOC-e8f702e0876e9fbc447b0405,,
EXTCAND-59860c5c241f6afe300841ee,EXTLOC-b853fff189b4562d469713c0,,
RESCAND-e63856de3b6df68ec99283c0,EXTLOC-939d85dd6bb4abdac84d7c65,,
RESCAND-50e892b1c8947eef11cb687e,EXTLOC-6b70ac54060cfad0e22dccfc,,
RESCAND-5b34a0e8ee90c768a8f7e30c,EXTLOC-8dd77012c13d3d9fad5c5d4e,,
RESCAND-21f20c9704eea3a39fefd039,EXTLOC-493a7f21d1c17c539cff9fa9,,
RESCAND-417304af0ea46a9858343867,EXTLOC-1cfb92e2ca700fbd6aeed706,,
RESCAND-d28bcff58ced72a1f0c719f9,EXTLOC-5e80c41b53835efc02d26249,,
RESCAND-9642d62711070e5bb7cee117,EXTLOC-e59d2ee75da88420fd482bf8,,
RESCAND-98f8db50d5f83b2e6b2202a8,EXTLOC-64866cc4cb7b9670ad518122,,
RESCAND-86b672fad5234e200842f78d,EXTLOC-b3c11f2c4f547ff2691bddd8,,
RESCAND-4bc7db2a8af58d92114b7365,EXTLOC-8d6fa31e1717671e32de0893,,
RESCAND-ca417879876579bd25b677a6,EXTLOC-0be32cf22a563f9026dbd11e,,
EXTCAND-8c12c66f306e87362cd52bfb,EXTLOC-8fa9eb30197f3bb628f6ea91,,
RESCAND-15d2965e2028e43c291d5090,EXTLOC-3a6ba6bb5b600ddd00dd94df,,
EXTCAND-d6cc2b15f0ce032d9d6f778f,EXTLOC-2c873567a642d8d69401e354,,
EXTCAND-2d1b07cd52d728d2d4b7da97,EXTLOC-8b76c254cefa43bc9e9c23f4,,
RESCAND-7e79273fc381f8f69572f86f,EXTLOC-dabffc0e55586881cd5c40f6,,
EXTCAND-9c40a374a7395db23ab7156b,EXTLOC-088170d3730b765b2393cccd,,
EXTCAND-240c69f4819bb15c51fc15fa,EXTLOC-03b14c0d152f95f56e835f3a,,
RESCAND-03a2e55efcce197522c7e52c,EXTLOC-bd128984155f348adf7275f1,,
EXTCAND-08a3370e25bfbb4515d1a831,EXTLOC-b41a4067add929662fa3f0f1,,
EXTCAND-1b0d5dba07dcf21b2b46b39c,EXTLOC-a24ece6872144e01e191fea5,,
RESCAND-329a1b4b905192ba855094c5,EXTLOC-6f93f3d713d7f82260d9df35,,
RESCAND-47e1b60805b11d6fa7eb885b,EXTLOC-d7a7dfe5e9324663a6078b90,,
RESCAND-2fe731b9e32b02eb25c4cd82,EXTLOC-ae15f8f9c1420fcccada423f,,
EXTCAND-8978a4508b188bfa1b85954a,EXTLOC-dd8c99785791715e433b4a12,,
EXTCAND-d91d82204539754d698b79e9,EXTLOC-853b50611b644e7493087d32,,
EXTCAND-ca2b4695f8d50393e548b2c3,EXTLOC-1947daaeed597de97c89e01c,,
RESCAND-631b7b000055ae3844b9a659,EXTLOC-da3b18d3f146395d523a1108,,
RESCAND-2e0bcacd1158f9cc9e080110,EXTLOC-38dd20dc1746c8923830743c,,
RESCAND-54ad52f80347298320803e83,EXTLOC-4a8b7ad2296ff46fee93621c,,
EXTCAND-cad1499926891426d774e677,EXTLOC-ba55dde2102328c2d6863f93,,
RESCAND-207ef9dfd003aec549ff21b0,EXTLOC-6f431ecbc5bc9f85d1805b1d,,
RESCAND-c73a9ac88fc58a23c4315950,EXTLOC-f9551d5300ae7231692339a8,,
RESCAND-39e19cabb307face5ad8f7a1,EXTLOC-16726b80856483063d7a146a,,
EXTCAND-44c2d6b229b2d5a0631a31a9,EXTLOC-57de7ac71885264f7fbe5fab,,
EXTCAND-34c7ae88e71579c305fc8f14,EXTLOC-a2f37908f94ee147ceeadcfa,,
EXTCAND-b8a7f4e829366c1c503f9c5a,EXTLOC-885e0f7a5d937a83b5548bac,,
EXTCAND-8d9a5b7590025b731639cc75,EXTLOC-427511e8c1822f799a950a68,,
RESCAND-a6df3cfd303862f546ca6080,EXTLOC-14eb314a3acb997562b96aef,,
RESCAND-47abbf7cae9f9437b0a8e28c,EXTLOC-d928279d87cc6fdd0a2d6a71,,
RESCAND-e7dd9a3747e971896f6d7caa,EXTLOC-9cd49cfefd652752ac8f886e,,
EXTCAND-f1d1458443a651c13f5b4de2,EXTLOC-f281520d64754e8c89a789cf,,
EXTCAND-8da75f9f98e3ebe4e0b8cfad,EXTLOC-fa9f4d9b37935a99885f2bac,,
EXTCAND-ba31a4b36ebaad75b9a1ceac,EXTLOC-50ad3c289837dae6422194a9,,
EXTCAND-3aad78a7bd9bf176dbd3c2aa,EXTLOC-c731901be922f6ff3e407671,,
RESCAND-7db66c45e071b8fa134e24b2,EXTLOC-719a5d95442c27ce0497788f,,
EXTCAND-e65c2847ff2c945264098061,EXTLOC-726fa12307c3df82ce0bbbef,,
RESCAND-ae8ec60f34fd71c57f46a00d,EXTLOC-805db407018e97a59dd3d941,,
RESCAND-d5feadbd1f3c915ee60d5e12,EXTLOC-bdfe1afd7c2185265e14921a,,
EXTCAND-5c405c1c2ae35abd03850977,EXTLOC-10ac1740b7f804e1806d3059,,
RESCAND-4e7133274cb92653cda09fcc,EXTLOC-2d37bccf1e7cf993fdc021df,,
RESCAND-1d97092059af81c7f495c3c5,EXTLOC-5897763bcf8f1bd75f90d04d,,
RESCAND-a2353fbf51bc48255a232b01,EXTLOC-c859aae7febefe787439c0a6,,
RESCAND-3361ba81fb0bc27bee6dbdb9,EXTLOC-7633975fdb23f83f9ab6e7dd,,
RESCAND-e641a79343300e5740a655d8,EXTLOC-e6f2f99e69166df733d6ceac,,
EXTCAND-821a90126b5cb3ffc59e27a9,EXTLOC-0ece2a7a1848cc540eca44e0,,
RESCAND-ec8b2b3bf138bf292bac1527,EXTLOC-53c49d28171829ca0dbfbe5d,,
RESCAND-74386ce1b062d60fdc480eea,EXTLOC-2ef0d809faf0d65f1fd3f066,,
EXTCAND-659f9c79ce48c464a23ee952,EXTLOC-e010a0edb8a94e0cf30cacc4,,
RESCAND-32bc65e3bae94859d27f7f1f,EXTLOC-eb138fdebe9e3fabb69c23f7,,
EXTCAND-5ab675e50a706f086137bd31,EXTLOC-1c0e6c5ba111caa09bdde38b,,
RESCAND-faec1e42aa027cea03f0d6d3,EXTLOC-4bf289ea2b8caa9654b1f4b4,,
RESCAND-2aa2e15710838edb0e20a3fb,EXTLOC-a9d5ee3df8ea74ff80ca556e,,
EXTCAND-df2736827418c55b9706d96c,EXTLOC-76ab88d816c249b3771d480a,,
RESCAND-390904bf8c85a1ed812779fb,EXTLOC-9319d55fd705a34f9881980d,,
EXTCAND-c1df4a3f6532ff667e6a63a2,EXTLOC-a49bf4aaa9cdd1c6140ce06a,,
EXTCAND-c6ce10ab3631564b9db8ba5c,EXTLOC-017d932dc10694bc9c19d36e,,
RESCAND-8d0a827c8cac83b8ce3499f5,EXTLOC-11d00b08b2d04290cf09c0d4,,
EXTCAND-be0d215207c8abc1233a3ba2,EXTLOC-126a6c548887f4ae60bd1f38,,
RESCAND-b65c0dd9eb5632eda5cd2d39,EXTLOC-cae5f63451d7d936a1e7abb4,,
RESCAND-c4262c3370f9ca0fa56cb5be,EXTLOC-c0410904442132a64b8345a6,,
RESCAND-6d9cbb128555d1fc7e855fa2,EXTLOC-661eeb1ce23f00e2ada8c442,,
RESCAND-917abe7f0f20548eb1f31213,EXTLOC-e2ecb62bf276a5d10f4f255e,,
RESCAND-fd9b82603e6ee811f27826d5,EXTLOC-28e757b1a6144b3052657ed2,,
RESCAND-e08bff9cc6b20340432120be,EXTLOC-792957ed0ad6622c5c13661e,,
EXTCAND-c94515f8f0381558d4b0dde8,EXTLOC-5c234e29fad283b8df651f15,,
RESCAND-cd1d749865bd6be34bf9b337,EXTLOC-d6fef8f50c8c0a8e0f99962c,,
RESCAND-251c66342e5cdefe98ba2d8b,EXTLOC-751adcda50c2321d1771e3d5,,
RESCAND-cfe3f5a1dc2a2a097a5924e4,EXTLOC-48930e1722de7fab12f90cf6,,
EXTCAND-d5a04fcaa275857e18b02357,EXTLOC-860b8d2f5179fde0402530ee,,
EXTCAND-b5a35dd62e71cb98e9d63737,EXTLOC-9b2fb854cd4ca6ad47f1427e,,
RESCAND-f24bf07cdd664bcfa96163e6,EXTLOC-86e1c590f152521c4f1a36d6,,
EXTCAND-0a53dce8939a20366d8a538a,EXTLOC-d29d95600943eaca420bfbbe,,
EXTCAND-1ae724596a0f6e35230c8999,EXTLOC-4bc401468857b9f7cc15907b,,
RESCAND-793366696720fac262d58230,EXTLOC-f68436d64bfa5b6582aa59dc,,
RESCAND-0d97fe686bf9538eaebf1b5b,EXTLOC-1a6e5f514194e5c467f73ba2,,
RESCAND-2759a3b9acfc10c2a0f34d9b,EXTLOC-c615515a3152f8c61d38db26,,
EXTCAND-ec8a0b37b43e87f6a0f5dddc,EXTLOC-83a4d96dbe354dec1b943371,,
RESCAND-f6489312c31166bbea04b8f0,EXTLOC-6f711e3562435e782d3a79ca,,
EXTCAND-63e43cfc6c0c5363ac5b17a2,EXTLOC-43895541c17fad46389faa5e,,
EXTCAND-4441a097e0920ff3b497ae53,EXTLOC-c1e284cd0d627020bcbf4bdf,,
EXTCAND-dc87138b952680b241574a8c,EXTLOC-a1183331ef4ad954b956ec73,,
EXTCAND-249926eb2c0a258416765315,EXTLOC-1817f116082ab6b8d79224ab,,
EXTCAND-35767c89f89b6f5e7f72afc7,EXTLOC-c3475cc1f90d24e8197f2e4b,,
RESCAND-ecec6462cf910d462702c934,EXTLOC-06cd688d1dbb0c11912694fc,,
RESCAND-8af5f42484901988f6b2f89b,EXTLOC-209433d830ca1e90f396e715,,
RESCAND-e10de62640f575d6b7121446,EXTLOC-e4d3fc72317b365e267f6251,,
RESCAND-79a821ff5e18408e1a612004,EXTLOC-68431a1c9414a1fe1d2f7d43,,
RESCAND-2e276cef1edd9a413d315b24,EXTLOC-4b720acb14dd794565d0c82e,,
RESCAND-5e40b446cc92374ca4eecb28,EXTLOC-9e22f700b8c36568d874181e,,
RESCAND-ec319b10602f03f12005d941,EXTLOC-08557cc28c1084030b5f9a50,,
RESCAND-985e6ed9516e657e3b106cd3,EXTLOC-10da41cc9d83f47735966c0a,,
EXTCAND-1f4bb04f43b19dc2bfb7cac4,EXTLOC-5b85861ad08bb694fc1f3f1f,,
RESCAND-ccfdc2d3a2d5d5f23c0a2be7,EXTLOC-316d552f1267a196c2f7f017,,
EXTCAND-88f59fde061dee5219492e81,EXTLOC-2594011806e0f33034e37f46,,
RESCAND-95daded58813b425853fcaf4,EXTLOC-cfc21a35db662ca8b9c34356,,
RESCAND-641eb1e6f30dd48ffb217d9d,EXTLOC-d7e7b8f4569a31e762dc2ab7,,
RESCAND-33295ed43166e9a3f5c67679,EXTLOC-1261ec872b6db9f6dfd69724,,
RESCAND-f5000d78fb2a987559f5b36c,EXTLOC-7888cb4dc5b393f2e90bfbec,,
RESCAND-c0f42218283809d763777904,EXTLOC-e909423233362ecefdbd34ec,,
EXTCAND-a54f5911845a0a5aaa045ef7,EXTLOC-6806585a8d6932c520a7cf1a,,
RESCAND-3cbff40ea94939d8ad779b97,EXTLOC-3a4e691a5e1d536416ce292c,,
EXTCAND-7a3851a68f533583c396ca4d,EXTLOC-78390c91048ffde7dcc9ebb6,,
RESCAND-27268c6a3ea313fa69da9225,EXTLOC-813a2e6f3c32de611fc253e2,,
RESCAND-084a5c208eb50324b2e97516,EXTLOC-2066752ebd7e56b7db380cb7,,
RESCAND-573d6b71e6b6fdb4ea16fce3,EXTLOC-a4fa4bd6f29ba7a510d25a26,,
EXTCAND-ed747c107163661b9e4bb575,EXTLOC-fbf537561642f38a37db3585,,
EXTCAND-5a46031527f8ed2be74fd9ca,EXTLOC-bbbfe3773afb8a5cb27888a2,,
RESCAND-e856f38a050d5af67aa0203a,EXTLOC-b5a371941948761a1249be30,,
EXTCAND-23a8d651ce0bab19355e50a5,EXTLOC-aa40790d050488a54525fb0e,,
RESCAND-f2e6978d51837cd9bc9f97d9,EXTLOC-1415aa1716eccaaed64a4c37,,
EXTCAND-c7059e9f42184657352dcfd0,EXTLOC-31afedb92da3d5dec7b2c59f,,
RESCAND-8cbf93d9d05c41de5d3f5951,EXTLOC-fc5cb895c5dc49bbf90d214c,,
EXTCAND-fb9f0bac71ad2b731ec8dfb9,EXTLOC-f0e4cbe7715791c2a1332238,,
RESCAND-f441c1f6ad7a9306bff92511,EXTLOC-e8f5efb6d96d015aabb47c8b,,
EXTCAND-43053a0daabb9bc797e180f8,EXTLOC-53fff3c019545654f97e22fd,,
EXTCAND-76528511418947680b1373a2,EXTLOC-67986e5d5ae6e896cad6fcb9,,
EXTCAND-c10dab0ae3d3d606742ab695,EXTLOC-9ee58453c70278195efd02cf,,
EXTCAND-d92d84a4d83619d3c38e7218,EXTLOC-994ba1a66a8db0e24abda6f0,,
EXTCAND-1f1bd88f1e89fcd0955567d1,EXTLOC-cb006a7e87397bb26427f737,,
EXTCAND-e3b29e761c84637b53dc1f30,EXTLOC-d9bbce92128629b17137527e,,
EXTCAND-6d49d4a214dfa0c46e1e5e73,EXTLOC-01299f16129f5af560a76b1a,,
EXTCAND-2b312b5bf3f28d0ae1ace1e6,EXTLOC-418ec0059da981b43834a45f,,
EXTCAND-ab5e8f5d69b8b07faf091165,EXTLOC-707c3aa738d0d094e83bca30,,
EXTCAND-576a26d4ef339f18d05c9e58,EXTLOC-438fedd53c599ccf8c8efc00,,
EXTCAND-e79dd8f0c24a7cd5b5fcb7e1,EXTLOC-ac0f4d1f17f3997d5a1386aa,,
EXTCAND-c9ea8623074d66a10e08ec27,EXTLOC-fad1a5becef98e37f9517d19,,
RESCAND-24bd8fa19d640d9d695ebf9e,EXTLOC-b705f9a2b08339b77df105e0,,
EXTCAND-11032164c6f82e1b5676be64,EXTLOC-7dcb1c8352f12c1f2e74ac2a,,
EXTCAND-f993f8c87974dfd72c2de0f7,EXTLOC-0459b2cbaea48bdab3170268,,
EXTCAND-cb051a822641bc797dfefede,EXTLOC-3013acbabd2b81eb1a5bb9af,,
RESCAND-78ba821efd1d03219d7a5df8,EXTLOC-5f8b70f0a8bfea1f8e45654f,,
RESCAND-e8f72f5ff5472f8de9d89f7f,EXTLOC-c8ce01254b9e3ecd4f428827,,
EXTCAND-bfd27273305cc8e7dbbd9e87,EXTLOC-d94f46afc13ba13759c6795c,,
EXTCAND-9b2f9fd8bc57e5c8b8623018,EXTLOC-d6ce038c1c508eb01dc8f54f,,
RESCAND-c31713530c426af9add03d93,EXTLOC-3c2e7bdf858536c18de02de3,,
RESCAND-fc080a142927e709f8dec5e3,EXTLOC-07ed46c793df2768683b50dd,,
RESCAND-3c75dd3caf704ad3ec05878e,EXTLOC-f3e56ab634165d600b058d81,,
RESCAND-b0065923dce499304052cb0f,EXTLOC-abb454c9b0b2e56f72e85c67,,
RESCAND-62186f9f355083acdb577cf3,EXTLOC-452e7373846bf0d717112caf,,
EXTCAND-6b8123d230c64b4e01446910,EXTLOC-b74137216b72007f0b6622f8,,
RESCAND-63c9f9367ce1ab8b88e42777,EXTLOC-a4d16605b68c275a0576bff7,,
RESCAND-493778fe92bfca1cdadc3844,EXTLOC-a420f0cee895c140dfa0aeb7,,
RESCAND-b8e6ccce8227317e89b52ea2,EXTLOC-cea995fbb3d2ce9107536844,,
RESCAND-712c04201cb4e38e124e9a50,EXTLOC-b793c63c85ce0df948a04340,,
RESCAND-b7050a443e5ea1c7923cfa96,EXTLOC-a272c2af357b2b85066721d8,,
RESCAND-a5218266e397d9146b5435a0,EXTLOC-0ba5a1d0a265934002afa9e1,,
RESCAND-4337350cf71978a4b74d978c,EXTLOC-0c3c128f8eb3a195946eda00,,
EXTCAND-b991095a901a2229c232ad1b,EXTLOC-96ff87c181ce7711cc889c4a,,
RESCAND-1ee89ca2d659f9b17ed80908,EXTLOC-690582ecbf4b27358b5cccfc,,
RESCAND-41e76c6b03f7ef644f71b224,EXTLOC-ca88ab99730c2d6036350212,,
EXTCAND-da48a80606f29fd523333e20,EXTLOC-8004cad51d0fb21f174c5511,,
RESCAND-fc73cb1da504fb9bfe91c27a,EXTLOC-b5d6059ae8dc9456f544f531,,
EXTCAND-8d6fed3398f7bada698b4a26,EXTLOC-643cfb5ed529b25cec941e4e,,
RESCAND-70eeb66cf0d3d3feaa845619,EXTLOC-cbb6c3c9055b7770b9e035b0,,
RESCAND-b89ac4bdbf7ba062cd85a5dd,EXTLOC-261c0b1b42362cd963c55332,,
RESCAND-191e7479942775945bf287d8,EXTLOC-ef686da26c4a5bf1f10517e3,,
RESCAND-1229e17554c6b098be95908b,EXTLOC-fb25a260ddb5d28302a2314c,,
RESCAND-f4184d882284c607e841db75,EXTLOC-c2c83244288343e9ec6cdb4e,,
RESCAND-8827c4016fa6b74a48478509,EXTLOC-3b49c26c2d61464f05560145,,
EXTCAND-01b33073a5c9d439023e01bc,EXTLOC-f0dfe34d8036069666b4af57,,
EXTCAND-19bc48f439dba255c3135e46,EXTLOC-41f1ff7b4f9f61f14ee697ec,,
EXTCAND-8d71a8523bf347ac366f46b1,EXTLOC-34d74e29a4ada49bef62b4b9,,
RESCAND-1833b61d31188d09f8576673,EXTLOC-2853109029574c68dbb976c8,,
RESCAND-fa4ed5a50fb6e253a885e2c2,EXTLOC-70feea629ddea7faf290b5b9,,
EXTCAND-ce1d92c8e11e75906376d3d3,EXTLOC-dfc9f21cda13eac4b5893276,,
EXTCAND-cc2ab8951d31c682242cee3e,EXTLOC-eeb216489fd3bb769971c480,,
EXTCAND-4ce81a84b38c80d8ea3a01ba,EXTLOC-ef5fed3c891ad1669ac2140c,,
EXTCAND-1b18ff91299137bdd6a3eefc,EXTLOC-4c2bd90523b6e90e0327e0c6,,
RESCAND-fc5c0b6bb1562487b1ea99ac,EXTLOC-4e20a1f9ee1258cd589c772b,,
RESCAND-00d5da32c94ebdb05ba02bd3,EXTLOC-e2cbb9707d0dd820619b49cd,,
EXTCAND-43e1fdd794c8b3cb6e2841c6,EXTLOC-9f96b0c9fc05551f876a6a90,,
RESCAND-379cb93c9c692ac398161be4,EXTLOC-34c0369b1c99c6a78be29a6c,,
RESCAND-f5877ee518005d8b851a3b73,EXTLOC-2cecdf0895c1a2e9a265b16c,,
EXTCAND-2e19ffa9e2d43654144e67f0,EXTLOC-5d1c5c15e62b62f491e57b17,,
EXTCAND-f0c51152b329f624ec209c76,EXTLOC-dd4d57aff96d3fcd5bf0388f,,
EXTCAND-1ce8ef5a898f9d60aa435ba0,EXTLOC-7120cb609ddc25e7b8ed4a24,,
EXTCAND-a861bde72b6068b4def721c7,EXTLOC-64efa184d8bb73823fb0a217,,
EXTCAND-9ac1ff55ead3816c1b11fff9,EXTLOC-dc0ca6e6bc2f0fbb09d7a265,,
RESCAND-0bc4af386febfca43419593e,EXTLOC-fe2b3f7cacb14cbc0e335c8f,,
RESCAND-99fa4813a27b4b6a288faafe,EXTLOC-ecd8d20f2241a4c22a3f1c61,,
RESCAND-997a3a7cdb725fe1204a0f97,EXTLOC-d16279e6c217915304aa307a,,
RESCAND-5691539765a98ed05f05bef5,EXTLOC-b8e5fab2e2ac16cba2541b61,,
EXTCAND-aad032a93a71f872160b1b22,EXTLOC-d2d96ba5ada3e03517bcf7ac,,
EXTCAND-7b89d3522037cc5699648783,EXTLOC-62cba933661467bf2bfd97cd,,
RESCAND-18cff0e308e9cab092da8ac9,EXTLOC-3050be2da7cc812d09cf8d4e,,
RESCAND-4930c2ebf7a2ed55471326b3,EXTLOC-4361cfcb7e87c61786e1c2ba,,
EXTCAND-7a74b97b0392eb71db5a52ea,EXTLOC-2d5a7bba51a5dc888c5e117c,,
EXTCAND-b648071074a14d23cd0c2961,EXTLOC-8e8d40d178fdcffebb7081bc,,
RESCAND-d8d5201bfbc26a89bbbfbc75,EXTLOC-b7561fd63ac26f5bbf6324fb,,
EXTCAND-a1acb3a8b84545e23336b1a4,EXTLOC-d7dfb42b2094934067ca650a,,
RESCAND-d993dcaf93171fde4b453f73,EXTLOC-ce1e869ba61241849e98b613,,
RESCAND-5f6f79e27cfc31eb7b19f57d,EXTLOC-d6e36aa9c5e1524d0fa2dcd5,,
RESCAND-2a064ce613625e6fe5380e49,EXTLOC-166d36bdc1ad95c34bcee850,,
EXTCAND-b3b4e15bc995bea27e9f786b,EXTLOC-9874b4763fba737b7eae2866,,
EXTCAND-afc061e90bd52ef1e841c3b0,EXTLOC-bcb28b29bca888c7bf17f498,,
RESCAND-220a7b6e15c05e317bef247c,EXTLOC-6b08010e36268defa12e27a8,,
EXTCAND-d608b0ecfea5e2066c732d54,EXTLOC-c17bcac007988256f6bbe5a5,,
EXTCAND-8e2cd7d510c86ecfda134e35,EXTLOC-525e4b426c8ac6ffcce1a7c9,,
EXTCAND-ab248caaae85fbfff276e476,EXTLOC-319e949bc86e8880fcd350b1,,
RESCAND-e7ff381f36262f9e7e4d93b7,EXTLOC-b14245e300a4d6ddbde8d962,,
EXTCAND-92b9ccdeea53bb1c86fea41a,EXTLOC-23158c0bdf5fdeea92dcf17b,,
RESCAND-61e90481606bdfa4408a4cd8,EXTLOC-c8973b6a4300f20c4a58593c,,
RESCAND-62824a7deff0426ce57e759b,EXTLOC-cb62f68db32e08762ce6db72,,
RESCAND-71a325f1c24736b4cc8fa6af,EXTLOC-736ffa710f689cdbce3e0b68,,
EXTCAND-61b6289579cf5c9440f5cee1,EXTLOC-6aac173b213e77b12532b1b4,,
RESCAND-1ea159d2998c0b3412d84945,EXTLOC-b0d10cdc218a926d367e1853,,
RESCAND-1bf382f4ac59fd33234505e4,EXTLOC-24834d39af3b9272032f33b7,,
RESCAND-90f25b19a84c5039f58aa7dd,EXTLOC-7d09e48ec05fe95e412b5198,,
EXTCAND-94fe31d589d43b0e54a7c18a,EXTLOC-c7ad224468ef00187ddbb210,,
RESCAND-a00bacd827ae6d8973369eb3,EXTLOC-ff2c68d5b2681ccb4895490f,,
RESCAND-5a7cc1244e91cc80610c814c,EXTLOC-1ecae04f9faadbe5e314ed77,,
RESCAND-f04dfe963bed5dbe989c65b4,EXTLOC-64dcd3bcdbb839b786bb6f71,,
RESCAND-b5718426155271b7026368fb,EXTLOC-b748df87a671ad562ee6cba7,,
EXTCAND-3a8767766b4a4661c5ce4073,EXTLOC-ce969bbd6e6704d8ed004d93,,
EXTCAND-fd6994f262a930ce993f797d,EXTLOC-4fc215cdf7f97c118e1fac1e,,
RESCAND-d7bfc3de9b1112e02ae05956,EXTLOC-e9d1f8486f79bd4f51d0ed3f,,
RESCAND-9a4cd3987969151a53ad578d,EXTLOC-d09262338c36df10fcdb2122,,
EXTCAND-863967660a7d2f5270741625,EXTLOC-369927ca7246ae941466403e,,
RESCAND-fb64f3633d35ce12c8ddc4ff,EXTLOC-2aea4afbc2e8495fd5108d70,,
EXTCAND-20a3d6c3f96c46e9c54f91be,EXTLOC-8f7d0a12501d64840c357346,,
RESCAND-3f349f122cb1f652fdad6be6,EXTLOC-2a19b50f480308541ef83c2a,,
RESCAND-7d4f5ca487be7eac3fa58aa0,EXTLOC-881b95cf4e56784562eee07e,,
EXTCAND-d7a2cc990ce7604f89f248d4,EXTLOC-25307f8477fda45a7efdd31e,,
RESCAND-af93d12c825bb1e601c81174,EXTLOC-eb8ac360e0811162505d105c,,
RESCAND-0b3bb1ae5171edcea6475016,EXTLOC-d5bbc0f69f9369ccade1eabe,,
RESCAND-26d8acb224383da99fb174fc,EXTLOC-8cb0e0a910c1d439785cea20,,
EXTCAND-49ab4a650d113e2530dc812d,EXTLOC-298f8f8a3bc468a02ed44cac,,
RESCAND-4cbaf5be8dbe87a1e43b3234,EXTLOC-41d3c71f12bf853bacd57ff6,,
RESCAND-9ad17ebc070bf11962d86866,EXTLOC-f63705db24829090e4e745ac,,
EXTCAND-e3f5a1fe60b85f354eda3077,EXTLOC-493435659de4f4181e0ec425,,
RESCAND-9f8bd8e5be70e38e1f43808e,EXTLOC-3cff56e5df6ffde72085b42d,,
RESCAND-b3896aacc7f064b4592b9e67,EXTLOC-eb119f606a169fba92e73058,,
RESCAND-a9ac088b6b0f1e74b0edc002,EXTLOC-cdd8ed10211c1dca04807741,,
EXTCAND-7716c8e7c6124eac5a546e61,EXTLOC-ef4fbf5ffb4626c07c48d786,,
RESCAND-eab8d3e71ef1d3916aec96c4,EXTLOC-09048906bb68a50c517a6b68,,
RESCAND-cf53ea90b43bb12150de00c6,EXTLOC-afa86a891799fabef8e6fbcf,,
RESCAND-a068dbae4a4ad85930ed47f8,EXTLOC-f2ec7f727cc478561059f596,,
RESCAND-c63c8910f6c061667d8af337,EXTLOC-3afb4bb5ce84cb1934878c49,,
RESCAND-a6af9bd5dd1fdbac12d75f02,EXTLOC-2b6afab2494d3462d499b5af,,
EXTCAND-b08cf92bf2f1f356c0b0c61d,EXTLOC-af43c0784d81757efbe44898,,
RESCAND-98977ae3158b07143a6ddd7f,EXTLOC-969717f0e342ea5a9f60a136,,
RESCAND-38faf9581c507133abc9003a,EXTLOC-f9abac435a12b22a2da3c6a1,,
EXTCAND-6e11789d7873d1bb11f309b0,EXTLOC-8c5eb73e0b3a64da6175577e,,
RESCAND-31cead1c495acf6932d40823,EXTLOC-cc014dab226541529100ac46,,
EXTCAND-b1f636e8b9deb5bfa1147d69,EXTLOC-35c6e3f0f23334e784955e66,,
EXTCAND-d60348e4b9d9fdf3705347e4,EXTLOC-1cf75f9d31cfad4d42879861,,
EXTCAND-7d63ba9524c376a0744a35b6,EXTLOC-674fc4f2b71636cae1264cb0,,
RESCAND-a6cdfa4ee42606cdeb34e724,EXTLOC-fce32ce78c75b38994257d88,,
RESCAND-6c4a48086533e2055e360b61,EXTLOC-2b2cba3704854f7b56b4ac68,,
EXTCAND-0f832b14d1d3c14df62c35b1,EXTLOC-09cb55a22fbab432517187f5,,
RESCAND-5aae7728c64baf4857b81a1b,EXTLOC-08cf3587a30028d226b26b2e,,
RESCAND-82847817d735c63aac13815b,EXTLOC-f62bef94a4c17c1273eb58b1,,
RESCAND-e03dab53a594fe549b388913,EXTLOC-ab0447b9248f9d0ec20f692d,,
RESCAND-cd6ea9690e1e6abcee9bda23,EXTLOC-e653c2e2daa2bfc3e4e00ab6,,
EXTCAND-a4136ba389b88fe9c3fa4d59,EXTLOC-b3080a986e19b626c159b684,,
EXTCAND-6e54bf44d739588fcd5e468b,EXTLOC-ed3b072cd6253c01b7fccafa,,
RESCAND-bdf4baa4580bdfcf9d24ca90,EXTLOC-52b10e1a62ff07b51f2d9cb6,,
EXTCAND-7d214fbac486d6e3fc1b3921,EXTLOC-297e0d39cfab89f6faeff748,,
EXTCAND-1a507e15c2a263d6eb7cd73e,EXTLOC-dc6e26562fe06e473aed4e0e,,
RESCAND-49a4a4a5f95c4d52d446769e,EXTLOC-dfae56ed6084bf354f8c100a,,
EXTCAND-ee689ddb9ba1fdf9fad22c2c,EXTLOC-d9708aef1b99467fb66e15b9,,
EXTCAND-2450e00085894c33e53e1194,EXTLOC-c43afc918444b4cad1539174,,
EXTCAND-aa901a1da0b179e7cbf45d78,EXTLOC-fe647fe1996a3dd7274aecf9,,
EXTCAND-9ca50e93696b804a6ffe89b6,EXTLOC-652b0023821eb28beb98077f,,
EXTCAND-9dfa16bf8b0376f7f530d1a6,EXTLOC-6868f2f62a38d7315fc46c3e,,
RESCAND-5944ec4e7091f65e41edb45c,EXTLOC-e56b0499e1dc227d3f3bacc2,,
RESCAND-0bd8936789dcb16ecf19fc2e,EXTLOC-05f8d689c818ec261e209b4c,,
EXTCAND-e1c241eeb3a09beac1731705,EXTLOC-999dd1c331ea14c34e3a90d9,,
RESCAND-3518faa995d7af8bb72bfdcb,EXTLOC-b7a77fa7cfe8123c39c9c2d7,,
RESCAND-1f37eef0c873b9ddd7953d3d,EXTLOC-db51690dce5fad9ac7e669a7,,
RESCAND-12920b140b74eb4e9f3e0145,EXTLOC-e2d146648ca4833a8f61b577,,
EXTCAND-596b04bac7cef20b74516b8d,EXTLOC-bbb0afd73548882aacfc07c3,,
EXTCAND-5537cadff2e95e6b9dfc1803,EXTLOC-8e61a8f07387ef5fcfb862f6,,
RESCAND-b8121a4047caaf2418bdd462,EXTLOC-5ee0d864a665cc0254110b01,,
EXTCAND-2ab2861a203e59f8bbc7f45f,EXTLOC-5aad117a29514e4ad9460114,,
EXTCAND-2fc84fed0776265e746c9a6c,EXTLOC-d11f86bc8153cff616ae48f8,,
RESCAND-26c2e762d929b5dc5b29f392,EXTLOC-9113a9084781b9a8721f5a15,,
EXTCAND-616aa5a8ba9032ac75600068,EXTLOC-08d320e008fad4b29f2e08d5,,
RESCAND-efba3a79370d13dd26f6050a,EXTLOC-f9398cd16b777701f2ceb50e,,
RESCAND-8b02fd11864effd0c3a0a0a7,EXTLOC-64cf5e7c8a58807063a94a6c,,
RESCAND-4c8898e0bf1e6b0502b13a84,EXTLOC-5c93e6efb7098e1254799f1e,,
EXTCAND-714ffd8976b28b4bd75598fa,EXTLOC-162260e89613e185acdabca4,,
RESCAND-5e4c2a2b286b8ae5538594c1,EXTLOC-d07fea54e42f247fcd3f40ab,,
RESCAND-7b261f2a0c401bdf0b0a9f06,EXTLOC-5b1a90354846c1a47e54cb06,,
RESCAND-81a4235e9052cdb07a7e4d59,EXTLOC-e3a4a60f2e7b3d6023cdafaa,,
RESCAND-b58fadfd4f6802f745d406aa,EXTLOC-5cd91723957f57e558c249f2,,
RESCAND-7b1987bf526254624a06a359,EXTLOC-036b7860793329f8083a461e,,
RESCAND-d47cbc1cdd47169c8b07ce77,EXTLOC-a70d94e28afc06936d53d3bd,,
RESCAND-9d2d2b424ecf2244a6c5c7a2,EXTLOC-d8500ce5f0718f9c057310e9,,
RESCAND-7f4b2e44cbf50daf1fae099b,EXTLOC-fc2605f4ab757d6fe36ba39c,,
EXTCAND-32d001d9e470dde054a54b41,EXTLOC-ffc314586c24f976afc3fc28,,
EXTCAND-8509270a1c1a2010a28b03ef,EXTLOC-36a1a97e5d102f770d658d42,,
EXTCAND-180f32543282e1830dfc588d,EXTLOC-bf20bc32ca185401fe498a98,,
EXTCAND-d11ec8a168368ec3ae7b28e9,EXTLOC-12d0853ea16e55836a1c31b0,,
EXTCAND-af30ae2c5b392cb04c784d01,EXTLOC-2f965d23acca4e4de315ea43,,
RESCAND-5f64e40db261483d48df61cc,EXTLOC-cd9af1fd7ff478945b38e54c,,
EXTCAND-eef29538f4289b6296a0540e,EXTLOC-4b62e58ce2836642e3e297b3,,
EXTCAND-868e916771a5d7f5ac4bb6f0,EXTLOC-9093ba359fb332b21102a63f,,
RESCAND-59b8c89abb143c98ca5ee44b,EXTLOC-a07c148d6ec8947f38fba81f,,
EXTCAND-32466dea37c9745b17527945,EXTLOC-8a757d5004477620f5c93f3c,,
RESCAND-06f249b17cd127103a81a3ee,EXTLOC-2bb8ced0b424fb2abccacb0b,,
RESCAND-7259eb0c132d83214428f883,EXTLOC-e86cd2d42fbbf2821fb3bc26,,
EXTCAND-1240ce74ee563f8aa5bd5e05,EXTLOC-7e76fd0c1aeed617af11dd9c,,
RESCAND-e659ed4fe443d9519887b80b,EXTLOC-0afe24685cc8e9d172475ca4,,
RESCAND-9f2cdd4539f6834ce62f55a5,EXTLOC-ad2b33e3351f959903770499,,
RESCAND-fe27b7e03faa3b1538b871ff,EXTLOC-dfc3168ca3cb58ad511e3805,,
EXTCAND-946a979cfc48246162bf8a27,EXTLOC-cb2f23a32f3be2fab94e1b37,,
EXTCAND-80586f8b6e586ed1055b2534,EXTLOC-729c5a787d4f73cb667a7068,,
EXTCAND-44b8950bc008642ccc9f5ccf,EXTLOC-e775928532a709511df6f1f5,,
RESCAND-21743c1f70928ebfdeff9f52,EXTLOC-32d6dd6da6d59f51f0484b2a,,
RESCAND-914cb875acf37334e6ca0913,EXTLOC-c0bbbc6a68fa978ecb276cc6,,
RESCAND-014683c4eb636390bb0d6337,EXTLOC-af4669fcafbf0c15646c6a93,,
RESCAND-a7a00594f764acd918ea3da4,EXTLOC-da436fe1cf9efb3478d10d22,,
RESCAND-9b124029030ce0fa694a6d17,EXTLOC-6736972ab96404c78e850df5,,
EXTCAND-e4f608ea142a6fe356f6367b,EXTLOC-a8439f13c3eddff40a727810,,
EXTCAND-00f3cc1ef3fdadad318b6b13,EXTLOC-cdfe0c2d60700e52d91f139d,,
RESCAND-4c2a330054f7f3c9d5ee061d,EXTLOC-cb40d2b620b6c190034bbed0,,
RESCAND-26c76f19c80bf916a850252a,EXTLOC-1530cc1270b1c8a537bd4c2b,,
RESCAND-03c609d20c4d3e69fa2d3a8b,EXTLOC-03a29defada28ec6fd4ab83b,,
RESCAND-891660ea594eca972b849644,EXTLOC-d27732755a1038de14365000,,
RESCAND-98d258f776d3ab966fe004e7,EXTLOC-bfec24c7bd9faf65137dd6e2,,
RESCAND-e504fc8c26db8b99792562c1,EXTLOC-4a2111e00711b4b97e4a90ce,,
EXTCAND-a60e6b59d97272ad840c1678,EXTLOC-997f33d80b6e042b892d1e8f,,
EXTCAND-865d48d44b972bfc765ed3d7,EXTLOC-ae7e33e9e2a670ee998e7f82,,
EXTCAND-b133d390fdd4b9489a6a4675,EXTLOC-2fe1a005634e0b630bd5756f,,
RESCAND-c307cb4dda45c6eb20878b6e,EXTLOC-781d8f357c7b882667e5f1f6,,
RESCAND-d2640d39629426ce11709a22,EXTLOC-897ed9fbd450eeab62c7b80d,,
RESCAND-f7e3dc584486bf3dffeb5ad1,EXTLOC-3966e36c72a3836f37e85447,,
RESCAND-e0b9ec897f5965d99c5aecff,EXTLOC-40af9c8813b565937fddfec5,,
RESCAND-f282fe4d92142eaf542f6a45,EXTLOC-4c921205ce3cc8741ff5698f,,
RESCAND-4c0c0b6827927621ac2c6955,EXTLOC-49cd5485d56f3b6b5d5457bb,,
RESCAND-e03538acd19d650060394365,EXTLOC-c2d4b97d6281c4d99ca55e3a,,
RESCAND-71d597f622ca1ff0856fcea8,EXTLOC-b1ad3d30f238e57e9a46fc10,,
RESCAND-676c814b09bed22b4f83ad17,EXTLOC-27f2df0cb8ce22ac4e1051f2,,
EXTCAND-4abef71744ceaddfab7ea0ec,EXTLOC-a7f9eb09a4fa1b0301959f0a,,
RESCAND-8b25e4b9cac949723ebe2dbd,EXTLOC-8ba1010ad7d1a421f8e970e2,,
RESCAND-f9fef66336050b49cc48bce0,EXTLOC-dadc0c311b69c76d64fe0357,,
RESCAND-f69a2227dcc151172da0060d,EXTLOC-ec1f42d26828c1e4a6bdb025,,
EXTCAND-1b514809f24d15f461fc0eea,EXTLOC-0b827dd4e5cdf94e667cc5cb,,
EXTCAND-07195f9a1dd6d38a2bb1a0f8,EXTLOC-151cb8b373b1b32ead430433,,
EXTCAND-c8c98977944a590e55674c5c,EXTLOC-70b2dacb1de544d4d0917742,,
EXTCAND-1abb2ca3c6eeef923cf9be75,EXTLOC-fe6516bfc7da0307a7974929,,
EXTCAND-494ac7de904fa4069629643a,EXTLOC-8d8c7f42f651881d6c0f148a,,
RESCAND-c691a6060c424c64627122d3,EXTLOC-1cf6fa76e73db13da7045bff,,
EXTCAND-eb836705914c2b907016c0a9,EXTLOC-598d8946082287cd922ebd25,,
EXTCAND-b7d883858225f4f5f7b72734,EXTLOC-b2dfed8cf4f65eca900ea9bf,,
RESCAND-d152183204fe210303d274fa,EXTLOC-5a396769553601800429f93d,,
RESCAND-be655aa161594543972e048f,EXTLOC-9f3fd62a8f7ae0e3c777032d,,
RESCAND-80a68ace16afb2cdb2960e17,EXTLOC-d1c1dbc0f4df043079253771,,
EXTCAND-84e075a892524013b962fce8,EXTLOC-a54fc28162bb27de778bb88f,,
EXTCAND-6f9319acd1c987405f1c368a,EXTLOC-a161e8b8cc61dc37c7599502,,
EXTCAND-1304de0e5f0814c07334ba25,EXTLOC-fb8b02864d37c85d5099f5cc,,
EXTCAND-a84ca71bcb37e807f5abfc82,EXTLOC-8f38e8bd267f415846519557,,
EXTCAND-9d84e5e250eb36be20d8e1e1,EXTLOC-214071f4093eea58419aceaa,,
EXTCAND-c043a7eb24fc1a18fce7d095,EXTLOC-496c9cd7269bfb0f65aca57b,,
EXTCAND-690699485afc191dca465959,EXTLOC-f768267927b92eb536314f52,,
EXTCAND-02cedc9bbb454b466d097684,EXTLOC-ee910fae15cfc36adbd5ea95,,
RESCAND-e7b87f36dbc1bd0475b40d46,EXTLOC-b146f1d1512fa0e6630c9c42,,
EXTCAND-9df1ca46f4bef424430336fb,EXTLOC-d5eec152e6a9138835b13610,,
EXTCAND-2c044c2f6a33fa5579259a52,EXTLOC-b52ff6a64cb1d0047776e439,,
EXTCAND-7eae914d5bc7dd203499dda8,EXTLOC-55b6193760306e4b82706bc6,,
EXTCAND-95c11c3ef3571101d9721e08,EXTLOC-dca215a5b10655195d6c3bc7,,
EXTCAND-efe923726ebc5b8f33c0cb07,EXTLOC-fdbf2f926929ae8f1819298f,,
EXTCAND-67386681eb27490ae718c8ad,EXTLOC-cc865b1436f809d066edee38,,
RESCAND-095955371fb0f79fbc38ef30,EXTLOC-c7d46d48c8228e9cacac4c1f,,
RESCAND-7110b6554b995282ab5474eb,EXTLOC-2447cec498082608916eaeb7,,
RESCAND-fed957c7f0e8f413636468c0,EXTLOC-a6ae3946906640883e1bd1cf,,
RESCAND-c1ea1ef903ca3a2807257031,EXTLOC-8657d55e1e3691a291202a26,,
RESCAND-41fb9355b342bcabee9a265c,EXTLOC-42f551a5699cf89f7cd34f2e,,
EXTCAND-3ffed8a1703e16dbbf0937ab,EXTLOC-a9f8d1e642bcb00f244369eb,,
RESCAND-cadbdbbe8d04264a55bbfbc2,EXTLOC-730b893977c6e0b6eb06f813,,
EXTCAND-a625abd4204f35b367c01aa7,EXTLOC-2a65a11fe30a3b856e619dae,,
EXTCAND-a5b45a47527c488e3adf0f09,EXTLOC-28c7c6cdb3bd626274065ba3,,
RESCAND-bcdd5652ced660be7f9d713a,EXTLOC-6b6d4fd40cee6cda7db92b9c,,
RESCAND-4b23bcbddf01541eeed32d2f,EXTLOC-e1b84d78fe13b83431bd2b5e,,
RESCAND-b59ad6b4004fc0b672b9a9c8,EXTLOC-5adce9e7ec99a10670fed95b,,
RESCAND-b0163642f25dfc8420438736,EXTLOC-1c3d73738c2c026569e76314,,
RESCAND-21e37a31ce44bd082f185fd6,EXTLOC-b85ca24b3c24046318bc0e1f,,
RESCAND-4f8f87d6c0c92339421f64f3,EXTLOC-7baba40f3f82652930f63bb9,,
RESCAND-e3c3ca6d6432d27b559663c0,EXTLOC-4288a4a6745241605a4ddc1b,,
RESCAND-19e0be6c665f268d708b1103,EXTLOC-259b50d5b8e6f040832901b4,,
RESCAND-291a45f69e6da9e1f3b6ce8e,EXTLOC-53c8ad95a21ee18157262c67,,
RESCAND-5035abd6e216fa6533705ffe,EXTLOC-2b175f8585605a220aeae6f8,,
RESCAND-4df425042725520c7d1bab59,EXTLOC-90603b939f64c56f52f24418,,
EXTCAND-d8f988aee5b0aa5e40ae6f5b,EXTLOC-e413bb5ad8965f6be69a3e85,,
RESCAND-9ea4915b4b2b562aee99a296,EXTLOC-ec76e6e0fb1bc74940f073c7,,
RESCAND-590c69c7b6da8cca4d5ce48e,EXTLOC-68704d1ddbe6407d05d736a4,,
RESCAND-72c05e8aa8dfb7299c2f5ac5,EXTLOC-826281705c9940f79e905e0e,,
RESCAND-a8a8b14c47488b3ecbcf331e,EXTLOC-f73e8a8bf72b42948bc31902,,
EXTCAND-a06aaee451de3be1447e2016,EXTLOC-acf121145863e617986baada,,
EXTCAND-c46e1de8db48024c5b04f42f,EXTLOC-46654056c851b9ef9970110f,,
EXTCAND-02c6e8b88f50ec5dad9c807d,EXTLOC-36dbb44ad5f40503d63cc202,,
EXTCAND-d58aedef92fd5a6a7d339289,EXTLOC-045f04e9c9df3f6142e7cdc7,,
EXTCAND-1580c0e5c667f323f489fb62,EXTLOC-6a04f0c2ec44a16abf0e8ecd,,
EXTCAND-3001421debbc9e64e62bdab3,EXTLOC-d3ddcd48f4ed5aef07db828a,,
EXTCAND-8d93ed997a714c388b261566,EXTLOC-3fc988adfb0827bb1be9de86,,
EXTCAND-6dfbfd6af707721a9c4c003a,EXTLOC-5a38eaaafaf9501bc0658722,,
RESCAND-5a0dec77b0630eabbe72cf01,EXTLOC-7f784978281fc86721a6c0e3,,
RESCAND-649f7142b995dd7484ece117,EXTLOC-6467a14d0d99a8d0d1f525fe,,
RESCAND-ed87275be156b73106f0c058,EXTLOC-9816f31449c687076a83dc6c,,
RESCAND-c45c0b8d83e7ee42ebd45a5e,EXTLOC-88681a6dfffe291f3073577c,,
RESCAND-42ccc203aebb1ff5bbaa42e1,EXTLOC-42f392ed8dee53acef22c741,,
EXTCAND-218fbb6a35e6b5b76deb0941,EXTLOC-2701be75bd2d015e1b501288,,
EXTCAND-434b32b7baf451f0bd78878f,EXTLOC-bebe333a16f6951f87b1c6a2,,
EXTCAND-707ca8162c8b7d66340ed383,EXTLOC-2db6cbb45e9a3eef6efc66ab,,
RESCAND-405aaac4351c508db730cf95,EXTLOC-9654dab5c742c07621b797f3,,
EXTCAND-d90960bf7f8baa8494ebaca4,EXTLOC-f935e82d2a8a49e49dd6a19f,,
RESCAND-ff9cdd5eb261dba5f49ec90a,EXTLOC-9cbd907abee217086d777fe4,,
RESCAND-5ee012762133a12a7b01aa24,EXTLOC-d811a3922676f008cdadca2a,,
EXTCAND-5ffb05aba6d6da7ea94af531,EXTLOC-0adcd46c4a7d99ff51c4ceea,,
EXTCAND-40a611d713d38835512ebe4c,EXTLOC-77a233267fb48847adfb5b81,,
RESCAND-0a6cf33925d3948f8b905f7d,EXTLOC-00bc420d82829b7da4f820f8,,
RESCAND-4d9c6cb36785959253554ce1,EXTLOC-5b7730a7688c2182a98ed710,,
RESCAND-cc77ce72d9e2586e60969a43,EXTLOC-1d33ffefee238b798bc8a9e1,,
RESCAND-02a15039e879e96068b3eabb,EXTLOC-1882c9782b5e9338365e7dc4,,
RESCAND-356a042739d3b76da2f6acf6,EXTLOC-26a7baedf6c95b7a63b86b78,,
EXTCAND-4a3509dc64959e6d0929ca11,EXTLOC-44ba2a3c07ade311b07016d3,,
RESCAND-9eef8b5de79ea6489052d9a4,EXTLOC-f054c395df68477168f130a7,,
RESCAND-a4d0b37a0e05edd8e136d6c0,EXTLOC-9cd0aa6f21d1a3e3ac6500dc,,
RESCAND-4abf7935811cd246d6f34483,EXTLOC-7d68ffee579a071ad6bdc6e5,,
RESCAND-e10bb7cd5292f2bdd5feef01,EXTLOC-edbded977d3873d97c4b03e9,,
EXTCAND-c1028c0d455aef8e519bbe4c,EXTLOC-32549949df51733d919b9744,,
RESCAND-e94cc655bf7cde813235cebd,EXTLOC-9f6c56cd0dee871ccf5a6c9d,,
RESCAND-94a860d546d4815ed564690f,EXTLOC-8b4d185ce5791712935e64cb,,
EXTCAND-54a3c1038550b84a43c5cb87,EXTLOC-7e61266781414e65459de949,,
EXTCAND-3ba2c130028da9307a5a4067,EXTLOC-116f5d15c408d669c85b0205,,
RESCAND-81925f978c5139114d41d853,EXTLOC-bbae4b83aba4e770db67a0dc,,
EXTCAND-6d072558377101f6228fb545,EXTLOC-05224980bc6ec967bcbb34a1,,
RESCAND-c3fe31924f93a4250c45ce30,EXTLOC-fc20889752eff2ca3ebc3ada,,
RESCAND-1a8c28c8357a65eac9702394,EXTLOC-2c592a4533928cceda5bb41f,,
RESCAND-e8e2051d95d7db89cbc2a10b,EXTLOC-532be212c1387be57d9a89c2,,
RESCAND-ed6c07cebc0104cabe07c456,EXTLOC-eee4740b96bff4204df234bc,,
EXTCAND-2a908a9afb1fe77f1120430a,EXTLOC-268df32393c1686055238b4e,,
RESCAND-d938ff9488c52a5d5747f176,EXTLOC-7507ef9024b12d41c78beecb,,
EXTCAND-43de6ccc5deae8cf68a8cbe2,EXTLOC-23f47484cbcce88a6b7a08a5,,
RESCAND-c5b289c2bf0d97f92fbae042,EXTLOC-0ac9331351a7a587f217f49f,,
RESCAND-552e2a9c5559345c5310479d,EXTLOC-32b4371148920ad065a703a8,,
EXTCAND-3da72658c3fe2754cef8f1d7,EXTLOC-c781bce1e331a4911e6bb125,,
EXTCAND-29d5c9972a6ad18aba4ffa22,EXTLOC-d40bd00ca5265e664ecd5767,,
EXTCAND-4cf8eadd1a857a44383f9d0b,EXTLOC-824ec74ddcd0ec56b8109f33,,
RESCAND-76a4c0215f25666e9369821f,EXTLOC-83c4c2cb7e1bdd30339a4286,,
EXTCAND-c9c0fb5bb945062bf9fc7072,EXTLOC-3c54dc792da31150fd269ddd,,
EXTCAND-03b784ca3ab369c69d30243d,EXTLOC-fd3fc57abbbebe117b96b44d,,
EXTCAND-70b3ef269eb0062fa343e295,EXTLOC-ba6c98b47516302725373483,,
EXTCAND-79c2d36cfa69f759ef0cc031,EXTLOC-bde2e51daa3574fe00d877e0,,
RESCAND-5c6c37eba749ca05310194e8,EXTLOC-f013ca1d64007742925aa8f7,,
RESCAND-c84411282ac7288b728208bc,EXTLOC-b6b8cf6a376294870ca94401,,
RESCAND-ff69e3726d7ae70e4ee9539e,EXTLOC-b775fc08dd3cd87d67ce4bf0,,
EXTCAND-864734afe1a99aada8d11498,EXTLOC-0681a2c060e2463372a8640c,,
EXTCAND-f87bee67b20a38e9c1c20b91,EXTLOC-529b918b3522b471bfb7b6b9,,
EXTCAND-3242beee793f4b7cc508de4f,EXTLOC-4c64354ef26e4ae50d0fd3e1,,
EXTCAND-5e1f38b5d7cae9a8fb0bb9fc,EXTLOC-51800a182f97bde45e319674,,
RESCAND-0c866178f3ffd41b2e47b035,EXTLOC-9212f25df596271f2bf2934a,,
RESCAND-a2211b195be3f7d7ea489c19,EXTLOC-dd15666a93cd5a27dc94efe1,,
EXTCAND-6289b3fc77817b1cead7003a,EXTLOC-9751d776906c878a3ebb82b9,,
EXTCAND-223e89d0d4ebb1e56ebfb56b,EXTLOC-22295f3e365b0b7da1d92c67,,
EXTCAND-ab5b4729cec98e87af4298a9,EXTLOC-8d7865384d7aea7e3f05eee0,,
RESCAND-41ff6fcbdff5f3870254204d,EXTLOC-165bc34fe26dc21df7b894b9,,
RESCAND-267c2e6f8e6167ecb281a84d,EXTLOC-19fe8b836acae66a4289a93b,,
RESCAND-3445d4b4124c34fda36ba8e0,EXTLOC-bf21ab37ad41608b4d440bda,,
RESCAND-5442d93fdbab048f211418aa,EXTLOC-5a6f95ed9fe6ee1da68c3e13,,
EXTCAND-2d21e466012066eefb353bae,EXTLOC-7fac443e6ec71fc2a37c74ea,,
RESCAND-c42f38e84497fa430cfbadd3,EXTLOC-29a940cc8b56f8d5d9c42729,,
EXTCAND-ece51fb7cac6b16ec1f38d48,EXTLOC-6472145260432f4c27e6de6d,,
RESCAND-11a279b65c124ea567650875,EXTLOC-e7eaee56ed780275a08d2d3d,,
RESCAND-6080aa08d86bd245771a654f,EXTLOC-48049ffdeba866bb85b85327,,
RESCAND-cf28ea3deecdc5c3e92274a4,EXTLOC-8a202597e27600fa92a371c0,,
RESCAND-80db8811a97d040031e6cfcd,EXTLOC-c84005517031526f4bdbf504,,
EXTCAND-cb820b9d39ca702bdef18b9c,EXTLOC-457089d7b0210227b9e1b070,,
EXTCAND-bd74631aa3a1747f6f574eb9,EXTLOC-7cc900671e70ab24dd5fae47,,
RESCAND-e415f9dc7fbaeed0dd2ec9a5,EXTLOC-cb361e26ba15432fed2b0743,,
RESCAND-590be12ac4064ce4bf82d9c5,EXTLOC-0cf93a3e11371107a1c0c2a6,,
EXTCAND-7b879bf82ced3b7ab57d9864,EXTLOC-299e601c039be7fa29185406,,
EXTCAND-68c80fe135f60072cb2cf3be,EXTLOC-d01d9aab7d2e76d94209acb7,,
RESCAND-1a22330a77781102b07b49ea,EXTLOC-e81d8f3466ab15a624571cb0,,
RESCAND-ff35fca6bedcf1bbe6e6ae18,EXTLOC-0de43fc0d7964e341d1fbdc7,,
RESCAND-29411705a4672adb1264afb0,EXTLOC-a1d8356fda47166deb199570,,
RESCAND-bb8f14d40be9398a55a08677,EXTLOC-1063513869549785a2a42471,,
RESCAND-ad5604ec3d4ce0359c8e755b,EXTLOC-74310fd70c4fcd2d9fe4a4fd,,
RESCAND-181a14fc80b17857eab4666e,EXTLOC-f9d82e26556f870394b358e3,,
RESCAND-20711c00b3e348fb005ca2e4,EXTLOC-1bea7242887b66782df356ed,,
RESCAND-84fdac88972b95ce947c9742,EXTLOC-64a0a8635f8f8c4c4a8eddc3,,
RESCAND-a820b9da7a68ee1d52b44c20,EXTLOC-ad27e34f5b1456fb2cce39e6,,
EXTCAND-6581b047d3837849f9017604,EXTLOC-472c7bcb5333649f1eb7c02b,,
RESCAND-e1cb4bdb525c6780b2468414,EXTLOC-d4b7139bef4e083a3419a7fb,,
RESCAND-f6adac9f22c552b2afa43ba1,EXTLOC-b65691dd094a7d1fcf409c9b,,
EXTCAND-f7c00a310f6023981f67cc3a,EXTLOC-2d17e513f4a7864fdacaf6d1,,
RESCAND-8259226430db4d9322c29eec,EXTLOC-d7a4be6f0f83a1bfc6831007,,
RESCAND-0af7c6864813b9bdfa7b3c95,EXTLOC-4db06b7b2dcce914aae4c63d,,
RESCAND-d61cc2c499127472602616f4,EXTLOC-747e153e524326c3155893fb,,
RESCAND-b903eb7d28ac510a0b4e1164,EXTLOC-4ec9e958b07e170e44813c9b,,
EXTCAND-d7c26d2ff51f33be544000cf,EXTLOC-ec26565d3164bcfe19c1bdca,,
RESCAND-a6ef063d58f12bd54c12d8cb,EXTLOC-48d4ba1f3aac64063dbadcaa,,
RESCAND-a093c4f6d98fde0134985327,EXTLOC-b9f135d8ad91462c9b15d2c4,,
RESCAND-bdfa58ee9f72b503a8719b85,EXTLOC-7e04bf692a527c89a4509d23,,
RESCAND-dbfb2b0acb213e5f59abbbf8,EXTLOC-e4fac729e422fc8cb28cc880,,
EXTCAND-1127841ae21e818c4c439538,EXTLOC-3a40a715d00e72bb52ddf3b3,,
RESCAND-0c272924f89ffa539ad430f8,EXTLOC-1282e67445f8a65bb80aa794,,
EXTCAND-a14b3d4fedba980996d94fd1,EXTLOC-0fd889180f3c9d12b557b1d2,,
RESCAND-426198914153430ef1dce014,EXTLOC-c47d679d123ab7dd69113eb6,,
RESCAND-fff5529d52a01a4061d4e9a2,EXTLOC-396ad6d213a3375ca5066176,,
EXTCAND-70d8acd1af83e24455bd8a22,EXTLOC-02f01ac7e1882514cbc17a70,,
EXTCAND-a1bd8af6b30d5dc0fa5fcea3,EXTLOC-1245ebed5273fbf3e2557411,,
RESCAND-17c038465fae9779761b53c9,EXTLOC-1cf2cca6bf63ecd424003134,,
RESCAND-d9f8b6594096fd507e7a3881,EXTLOC-25a83a1aea2728ce3cc78e14,,
RESCAND-1c9d53b6eed30d2f1c2f50b3,EXTLOC-48e2d2bdb0becdb6516ee5f9,,
EXTCAND-6440102d68a7705540651c5d,EXTLOC-06b8669ee0bfb90f0e522822,,
EXTCAND-4df183815d210939ef73c7af,EXTLOC-7b2090dd86462dcad47a2f8c,,
RESCAND-5ad9ecd0dc73539e5fc85dce,EXTLOC-3eceda0d03d308e1f20efa93,,
RESCAND-bf56e4993cc4c2f684496b01,EXTLOC-8d45bef74eaf6ece2c363ceb,,
EXTCAND-ee89e2e277e848215ca5cf6b,EXTLOC-024182d4cec415bea5d67ab2,,
RESCAND-96e7de428c0136146aa3d0f8,EXTLOC-de93ab4faaf969377423ec34,,
EXTCAND-6346c359eba44d6fdac9be15,EXTLOC-6a9dea00f55e808abc84eb5a,,
EXTCAND-f056223909a928d2e9b8c7b5,EXTLOC-96d9f74923f877c0f9d61f1c,,
RESCAND-37e3e54e771585bbdcf1a7e9,EXTLOC-6af4271ded8238185be993de,,
RESCAND-e381246f554d0f6c9d9208aa,EXTLOC-203ff1a33d2c97956d024025,,
RESCAND-13896d9d450b36ae39f35504,EXTLOC-ea84535306cce45fed5f0f22,,
RESCAND-e9e3d754a9bd40343d3d9ac8,EXTLOC-f8ff239409ac8aa89177c9f5,,
RESCAND-d9c2582a940671be6c83b12c,EXTLOC-d7a2077a4ee5e7aa25ab907b,,
RESCAND-2015b38e862e0b0658180d29,EXTLOC-ccd3f6191124c14a5432fa9f,,
RESCAND-56b4556aa9700bbee5eb8332,EXTLOC-8cee2cb51fc6b31a73b0b341,,
RESCAND-aa61206b9bafe0f092cbea5c,EXTLOC-19d1d6f1ab13f808ade2bd75,,
RESCAND-5597df3695e330b03793932b,EXTLOC-0d6567958f1fc82c1f38e9df,,
EXTCAND-6b2d2e0e3c3c8c7fb11b034c,EXTLOC-3aa4df7c42d7da1b712c12d6,,
RESCAND-6b058585fcb00eb70a46f972,EXTLOC-9f6738e36f307009f251e32a,,
RESCAND-d7e505f3e1003cfdc2983cb6,EXTLOC-6fcdc63eb018a97f39382664,,
RESCAND-d308cf2b64f024153eb0dbe8,EXTLOC-ca39b85ab8be0af81cfe4cb6,,
RESCAND-f159f6973d7a807982cc4fbd,EXTLOC-5430214c0acb31a660d50867,,
RESCAND-9b68b0d32e7a68bfdc02c97d,EXTLOC-7c8b946d3928c15c5d0749a8,,
EXTCAND-c5d542600b8d5327933d9467,EXTLOC-f83f7d8f0888361069c7ff4e,,
EXTCAND-d24b0f7ed7f63232c7e36360,EXTLOC-fcb222ed9e75e8dee8f30206,,
RESCAND-f4642d5984656c71b7391694,EXTLOC-f1f3796dd967ba13ab122fe8,,
RESCAND-a3073cbc1531295775c624a0,EXTLOC-52e44fb9b56bb4f65906bd3a,,
EXTCAND-8bd632892046b93b49baa36d,EXTLOC-11831fa223a05495bc87b977,,
RESCAND-4e61db23a5e074e560f4c66a,EXTLOC-c956708b20acfde20e27b61d,,
RESCAND-de17d69e7c6caa0e3f9fe89a,EXTLOC-5e9768ecbad4380fa2aab391,,
EXTCAND-238fce0c9b83e0a52780cd71,EXTLOC-2f54f9036fb85bf3ca143132,,
RESCAND-2d2597383205ca9f219f5656,EXTLOC-d7dd2c989b60dec62de90714,,
RESCAND-91d5b4a4f00f05a55ea00622,EXTLOC-d4cdd860154f6e6a7fd27361,,
RESCAND-5efb9e9cb3cd885b2eeec73c,EXTLOC-2df1c370e719893f9caca794,,
RESCAND-354c7775aadf67597f7eb0e4,EXTLOC-4d308a21f95957c92ecb3f78,,
RESCAND-ac88e60d3c90fdf58d172564,EXTLOC-1b1f3fb93e4b156c5f5635a0,,
RESCAND-8dd655dfa735b4910507a0f2,EXTLOC-76e6dc62cb8c4d08504e8218,,
RESCAND-1d40c461ccb5b48a0d32c3bc,EXTLOC-a5a4311abd48d9716c566c9b,,
EXTCAND-0e4026228c3441e511775c19,EXTLOC-42f361a39f50f079f0cec06e,,
RESCAND-33dea8aa333f32f94a838c35,EXTLOC-3ed8d66ab0084e4a0109fcb2,,
EXTCAND-dd64332dcb6988c4e20c7031,EXTLOC-8dc069408755aee476daa6a1,,
RESCAND-715de363e1b013e5d2534eab,EXTLOC-469e6ec7ab1162693a71d976,,
RESCAND-feec3757f0e3a6ca2243b6b2,EXTLOC-0d9c99f1ba6b47ec8d3b4796,,
EXTCAND-4d2a622e8844570e7941f079,EXTLOC-eeddf31fab0f937df3e2dac1,,
RESCAND-d73abfb21ae59e7edb9556f9,EXTLOC-181fb2804802deee544d489f,,
RESCAND-900c6b4b1940f665788a9cb4,EXTLOC-dfdc7ff4695ac2e251c296be,,
RESCAND-433afb3b026e7195180bdfa2,EXTLOC-6b4260c94525b4a18ed43300,,
RESCAND-3393d143fe2410ef600787e2,EXTLOC-81a8e60146a3493122d74fa5,,
RESCAND-bf3387e5f8d5b77e3c9345f3,EXTLOC-3778c755853ca426a4a30627,,
EXTCAND-8c4ef571b8329656ce12a1b9,EXTLOC-48422b76c4ed7a7f63388a3c,,
RESCAND-c78be5f2e00977445ab851fb,EXTLOC-ec034aadfb223bff684b3ef8,,
RESCAND-cee6023ae17fb4937952ebc4,EXTLOC-a8400f7579bfe88fbc530352,,
RESCAND-cbbfc8bd743a921a34a7823b,EXTLOC-6d0170cbdc0b665d35950047,,
RESCAND-1deb4033390acb3551cabcaa,EXTLOC-f4b2063ca7a23902db79c126,,
RESCAND-653535cd76ad20a9d3cb749c,EXTLOC-788e91d2a26af16a5e0754b0,,
EXTCAND-601db67892231f7b07de48ff,EXTLOC-a65b98ada54dc01786ebc583,,
EXTCAND-075725c50a7a29e2f6c9b619,EXTLOC-3b451be8728614ffb1102987,,
EXTCAND-4a1ec3d11447a9dbe9911e09,EXTLOC-e267839577d261aee063d032,,
EXTCAND-485a2938551cea83253fcc23,EXTLOC-84b040d142df7d97ca785c8f,,
EXTCAND-971042a00423b39838f8a738,EXTLOC-ab6a9c63275c045a393ad408,,
EXTCAND-825097b8776a89d1a69b1bbf,EXTLOC-0821672711b16179a2e46f67,,
EXTCAND-999984cfb0de1f19c8d03d24,EXTLOC-97c4848cba7112aed675697b,,
RESCAND-680c681e862852cf11b0a572,EXTLOC-10ad52e6480426e519f297a3,,
RESCAND-6aeb1ca94b423f43908d88f5,EXTLOC-72b1d88776e2f76d20dff896,,
EXTCAND-931ba193dd29f040035eeb24,EXTLOC-2597f9e0f58ce1fffc7dccfd,,
EXTCAND-df1dc3c702dbf00f52a8374b,EXTLOC-b0451586a828cc2d46a4f376,,
EXTCAND-7417e9df8f6c715f626da1f3,EXTLOC-714cf2eafaf69db55e7b92bc,,
EXTCAND-bf6a8c63685785016201f93f,EXTLOC-18024903ca634de42091186f,,
EXTCAND-3f67a0a6c5611d9e2a0d9305,EXTLOC-c190cd73cac7401baea6c96c,,
EXTCAND-0fe88fa3cbef9f89afd03335,EXTLOC-10d7cf9e6d44a130ee0d560a,,
EXTCAND-67fa1dabfbd7782251428d22,EXTLOC-39ac196d2864d01fb1f4ef14,,
EXTCAND-8902051e20f13ad6b4c6d439,EXTLOC-184815e09dd95ece56d345f9,,
EXTCAND-0b613cc42cb3ee9b817d0e77,EXTLOC-d9405562739567fbd5d3ee45,,
EXTCAND-b799a1d5ffb57938a86c40dc,EXTLOC-4b8e5a25ccd742de74590dea,,
EXTCAND-7988a813bfa031e09bd52d30,EXTLOC-7a2c9fc685075972dcd53461,,
EXTCAND-ba08dc0bf1ff5bf95b46df87,EXTLOC-4f352ff6192082e71a6f0649,,
RESCAND-c3965ce50349d7219df22525,EXTLOC-d0e3d1fdf008e9dfe4ccae70,,
EXTCAND-eadd8e3b28872e43b6bf44a2,EXTLOC-6f749fcbd70f131e2a3e4409,,
EXTCAND-7d449608df1a88119d8043da,EXTLOC-e31641769160877f47cbca90,,
EXTCAND-8b21e625e4c09c46250d443f,EXTLOC-132f354b67658a8be5d40b1b,,
EXTCAND-1f27c1acabda25ee055f0d76,EXTLOC-1072873c658984fcb6e8ddec,,
RESCAND-917c1c32348a3ddf9c741280,EXTLOC-394bc5fffcf44782f6975599,,
EXTCAND-0fb35c5d35bb847d294e10a6,EXTLOC-656b840cc77bae946fa5553f,,
RESCAND-3df2564c8ee89ccbd9e236b4,EXTLOC-e54c9cb194d3360f23bb1463,,
EXTCAND-f6099ac79448e92e6691ba4b,EXTLOC-aa4c7e69d892a59389339dfb,,
RESCAND-8d0a3c5a521bd62853721161,EXTLOC-ef9d580dfc7352ffd4d6e710,,
RESCAND-bd039cc4453e68aa6769169d,EXTLOC-66f743ff708d6b172704c5f4,,
RESCAND-fd0212c9ff867989a56f14ea,EXTLOC-84bdd6634c3767b683c60a27,,
EXTCAND-aa7b5c72665d4a192c0b291d,EXTLOC-13e0da19532f6031ae1f2f01,,
EXTCAND-c2ea87eea9d09cfae5f9e69d,EXTLOC-5b8303992139831c08ce160c,,
RESCAND-87b25d0bded3cc8b19f1b2a9,EXTLOC-409f96216b98f9a087eb923d,,
EXTCAND-237d9642c9ae1df5daafc5c4,EXTLOC-206af743d3a8d46eaa2b66ff,,
RESCAND-87fa1e706a4602a8fc2c8468,EXTLOC-a463d30a9672a330c7a95486,,
EXTCAND-5c2f08c13ceebe1574a5f621,EXTLOC-bbaec4c4ede1a307b5553778,,
EXTCAND-90586aca46a5ada296d1dcd2,EXTLOC-f9bcc9581d898f9a3630d5ea,,
EXTCAND-492655dd89f7f7f99ce91c25,EXTLOC-17a6ecc89d41d19fa01691b5,,
EXTCAND-447662d64a68788f701ec33e,EXTLOC-49cebc8509ccc851e6f0ba3b,,
EXTCAND-a7f53609c264034f7ab77c6c,EXTLOC-6619afe4a9ba96828c75ef97,,
EXTCAND-5f7e9a569f53d3c7925cef85,EXTLOC-6f82c58e41d6d28e62b186df,,
EXTCAND-4839f34ae48856498ca86a44,EXTLOC-dacb902ed799f2548f053883,,
EXTCAND-dae66a036566f673855993b9,EXTLOC-a8b665ceb042eadd98d15c1e,,
EXTCAND-79d0aa785d70cb2bdc2d1e34,EXTLOC-67063eff77c029c99d5b3bd2,,
EXTCAND-fed0bf8add83dd49e864b745,EXTLOC-053a86439b724dc50b1d93a5,,
EXTCAND-31adb8155ce3060deb2b621a,EXTLOC-279d53c85800c501a463b489,,
EXTCAND-80db5c2d1918c7923dba0f23,EXTLOC-c4490ff2373a71eec3b3da4c,,
RESCAND-512b03ffce0d36ffa44f3dcc,EXTLOC-5c0cbf846cf34cac17f71613,,
RESCAND-28020f67a4a065afabfe2b1f,EXTLOC-a147d60300a4c6018418bf38,,
RESCAND-cf386d7ecb46fa865665b2b9,EXTLOC-b13a126d643cac68156d674f,,
RESCAND-945c5a1192b54662144e228d,EXTLOC-20d2a3d4ac68575d0828b0ea,,
RESCAND-01ef73f1373512f162024b30,EXTLOC-c0a6cf9df0b1386d350c6371,,
RESCAND-91ac3cec32d09b07ff57b8c2,EXTLOC-d027e7abd9080fa6352b272b,,
EXTCAND-074bb94bb37311213ca90fec,EXTLOC-4cd7b169727f25abfebad79d,,
RESCAND-1f7a613db38b44d86459306e,EXTLOC-85d8376871f194170bf8bf64,,
EXTCAND-3bd6d2d75dd5341dc8bae3d6,EXTLOC-3fffad698ca0161f5b42ace9,,
EXTCAND-9328944c54bd35e996738247,EXTLOC-46144b54df7a27c21ac81acd,,
RESCAND-bc1620a63ed42984d76c7d55,EXTLOC-f0bc054efd9de8a93422f29c,,
RESCAND-2652dbab4127c1424e61bc4c,EXTLOC-75839bd6808c375d41bbc6c6,,
EXTCAND-e040e199acab06e8aec149db,EXTLOC-72e91b9912948de817608091,,
EXTCAND-6c54145db7f3bc98950fd707,EXTLOC-61efb4058c33188f0f117ba4,,
EXTCAND-bf08a1b1015ebd87a94896d6,EXTLOC-e9f4b3257389ea9c6f780793,,
EXTCAND-d0a087613412880512f60375,EXTLOC-3e164d37d0f9033b60a0e65a,,
EXTCAND-d67f473295a1b4420481e9bc,EXTLOC-6fd4871d2b40cd1151a1d511,,
EXTCAND-aa3bf109996b12a35f4e7d1c,EXTLOC-1a204e5ab7859fcb672dd568,,
EXTCAND-76a78ea3fa7b2203f4df3669,EXTLOC-4058fe983ba173ed897796bb,,
RESCAND-5823f8a308822149705c9be1,EXTLOC-78227bd779517ebd6484c0a2,,
EXTCAND-d3d5a7b1ba820580c20cf666,EXTLOC-f9a6d370311100be8860ee08,,
EXTCAND-95284d39179d8704fc9c7b2c,EXTLOC-330ed3cfdb75ae8683ea60e7,,
RESCAND-231bdbd83e59a86d0b759482,EXTLOC-2252e32e6fb8c8d638a4ccf0,,
RESCAND-e7bb96c96a6af36df0ba2a94,EXTLOC-1fcd29bad1fb74664fb9811b,,
EXTCAND-1432453f2aba070f4f93634f,EXTLOC-f42093c3da1196e1d20d828e,,
EXTCAND-be5d85148d4cc6be9a396889,EXTLOC-0620b85c7671b9166ddacf32,,
RESCAND-ecd0e45cd29bb645c7ab48bb,EXTLOC-615436ece2d962380e90097c,,
EXTCAND-d4637ad196d8e207cf9371cc,EXTLOC-4ebef2612a838683051bc901,,
EXTCAND-d9b91d30a46823b7427c6c24,EXTLOC-f32ee465e370a9157a33dcf9,,
RESCAND-8a8073c4c2dc80ac12c092a7,EXTLOC-ccf18c11bd69fc6ffdacfbe7,,
EXTCAND-8015990b5d313e215099756c,EXTLOC-0424224b2068365038bfbdb8,,
EXTCAND-d6c41fa3b763c383ea0dc81a,EXTLOC-88f546e8838a795c7dd1d892,,
EXTCAND-f095a798810d0d24d01d3649,EXTLOC-4b725d6a9ccb283c3507a84c,,
RESCAND-166a868c33bae5c0d7e4162b,EXTLOC-9dfe92dbe6de59b6b39ad87f,,
RESCAND-0c53cc01514e48a60dd65768,EXTLOC-62ba12f5065db420d31339f5,,
RESCAND-021d322d3e3c225df40feb7e,EXTLOC-bd60932052c28f0891f915d9,,
EXTCAND-c8b1f9d0174fc3a3cc92abc2,EXTLOC-6dbe12e66075e93d5958bc5a,,
RESCAND-28e332bf49a77554c1f06a2f,EXTLOC-1af8ca41d065c4947b1bee89,,
EXTCAND-82375428ddf038e34da9fdac,EXTLOC-afb00d2854778da55ded3c8e,,
EXTCAND-152a2a4284b2495265a10801,EXTLOC-949d77792da75dd334b746cc,,
RESCAND-2fb050f081b4317344c91fce,EXTLOC-6261947d6246beece472b443,,
EXTCAND-9f7f50b8c63b5cc38bf9dcc4,EXTLOC-10a7997595906b717b9818da,,
EXTCAND-64b204029bc2776becb6fddc,EXTLOC-c56892ec1a7d122f9aa706b0,,
RESCAND-3a63cd497813252e03be2a6f,EXTLOC-f618a61edf80cee4a106d069,,
EXTCAND-7154e792891faa4a9358c449,EXTLOC-e37ab648393cddbb80621b12,,
RESCAND-2d759f710ab160f32b89cb52,EXTLOC-9ddccad0321414cf587725fe,,
EXTCAND-2da088497105088c6078abf8,EXTLOC-4b69d1974bd2e6b87d9707ce,,
EXTCAND-65e1e10c91e258d081532db3,EXTLOC-0a0c17ced9b4d1f95b11e521,,
RESCAND-30f4cd8f4336fd17cb24b134,EXTLOC-1d0f7b9f56ab342a9e0744af,,
EXTCAND-3d8b5a34bd01a98f5f89b80e,EXTLOC-9c92fe783f9b482f4c5eceb9,,
EXTCAND-e867aba00aee1f3e144d4639,EXTLOC-4514b83fd555047a8127d19b,,
EXTCAND-e1bda988bf4a918a041b7a1a,EXTLOC-11cb262550db118439b37b5b,,
RESCAND-4a0c22d101e6232f14507fe7,EXTLOC-2440de3c802984e21a3ec42d,,
RESCAND-be935648e23c2ad69e935164,EXTLOC-d02ee836803a2169730f723c,,
RESCAND-bb6038e841db95b590f6edce,EXTLOC-e3d77d0385f196fe8c784b23,,
RESCAND-a4e147c0ae6a71ca566a3fd1,EXTLOC-8348268e08f29a2615aa6a4b,,
RESCAND-c2f2b2be69991929c8d37ca1,EXTLOC-25864a1040df79e9e28b256f,,
RESCAND-8dd685009d001f6b1813a596,EXTLOC-bb80c2f21aedf7a1270af1f4,,
EXTCAND-803ef14bb21687fd462b7c45,EXTLOC-00af05686e238057ca68d554,,
RESCAND-33e3db5468bcbebea2ab3549,EXTLOC-08467cea28b3dc95cf19ed13,,
RESCAND-e7ee0f0270465d351c329dfa,EXTLOC-275114312b4c3f97da72002d,,
RESCAND-2cc6aafd86dfe2a94b46bd8d,EXTLOC-65ba6dab48db57d9d3dff111,,
RESCAND-079e15e682146f3b5abea8b7,EXTLOC-c8d5e8077660d404d3f574c1,,
EXTCAND-e1d8fe2b5685722d52af3ea4,EXTLOC-4272c5868d116b1a94a2b8ac,,
EXTCAND-37ee5c8234e27ed473b46aab,EXTLOC-208f7983d155f3bf23e8c197,,
EXTCAND-407e960358844649b7388fbe,EXTLOC-91cc7d7c93421dc6d1524de5,,
RESCAND-a210cc7a8d3285c248a53421,EXTLOC-32f98d97af9b383b3ee697b3,,
RESCAND-96b065823f69ad93a0d70053,EXTLOC-0b21dc0cf19a3abccf329f66,,
RESCAND-06c446affa1daf5b7ede7a5f,EXTLOC-9b73bfd078aaad1935acb34a,,
RESCAND-8aaf58702787473d5a47ddde,EXTLOC-c90b7bf11854329cc7ab459e,,
RESCAND-1d34028aca09e9adbd2bf184,EXTLOC-f6f37e91cb5a10e6e1be36f6,,
RESCAND-c14926c0aae5c693617b8bca,EXTLOC-05647f9f289a000d48b6c60a,,
RESCAND-6c9ea4bb28a83a7224e2b058,EXTLOC-125227d26cd2537a9b212731,,
RESCAND-a46f0a28a0310c5af07a5d2a,EXTLOC-e316163a557d70653fa033c4,,
RESCAND-f63c56f5546ec4150048de0a,EXTLOC-0a9faf6eb3783eafeaa3e5be,,
RESCAND-f985e959d0c127203379dd28,EXTLOC-c97b095595b7b5fc3eeea99d,,
RESCAND-e0066fde0f0a6a72379ee2fc,EXTLOC-95524f0d1749500cc6afa791,,
RESCAND-936e7f183eaac8d477d86261,EXTLOC-5a8273b5e5ade021377c9fdd,,
EXTCAND-b7d5654c931784d77d53c276,EXTLOC-0afa1204ba5a6219fe483a34,,
EXTCAND-3c1d693a58cc9eb91d747f73,EXTLOC-dd8ed7dc86cd9e5ba5af56de,,
RESCAND-82660a0c6501ad680df98693,EXTLOC-cb922c0292fc5da481761883,,
RESCAND-11a291553e4599573d17b0d2,EXTLOC-2efac129970546b6b623effc,,
EXTCAND-8825d0ad7af24e850bcd6c42,EXTLOC-abed48352d8ebb91b1c06916,,
RESCAND-c9573c9861365e0feeea4f95,EXTLOC-d0c26a1c68a4597886baec31,,
RESCAND-5bcc3d180afbef08d26923a5,EXTLOC-ee8129ddd6427a45a24260fe,,
RESCAND-e3d67bd715d06ec6f40943e1,EXTLOC-5a67cab89dccca3a97e564d5,,
EXTCAND-173648827e3409361c8d45d7,EXTLOC-add863a6104b57641ff24077,,
RESCAND-09c1b80ff9fc7cd3c403cf07,EXTLOC-5cab37d68a9dec9d3abdd728,,
EXTCAND-4026e7006ba7dd3b5bed30b3,EXTLOC-d2f255157fb2fdc6a6fd8e61,,
RESCAND-7936cc1559434229c344cebc,EXTLOC-6b7875effc6c7f063b99ca5c,,
EXTCAND-b6857b84069d371473f41a66,EXTLOC-fac681bff22d4fbb2230a9c0,,
RESCAND-c5a96b8a8fce911bedd1fa9a,EXTLOC-7afda7fb6ebe55f4d7ab2b6f,,
RESCAND-5f01054f3bbca5a77b6d4ed6,EXTLOC-ea3cf8f317bcabd0049cdbd5,,
RESCAND-1dcef6299e314d6c08384543,EXTLOC-09f363dd149d3ab866970c97,,
RESCAND-c11ebc6aaa787b764f6dcfef,EXTLOC-3eb6a45cd4be007d73c532a7,,
RESCAND-8d3c7cc0a747961e89804229,EXTLOC-1c32d7348f2a3c593d791e51,,
EXTCAND-4cd086d52b77b4b8c0fd3c37,EXTLOC-200e3fee52eb49b524fcbcb0,,
RESCAND-6bdcaeca77654103a7a88384,EXTLOC-851964169ba3387206cea306,,
EXTCAND-73bc9cbe9e0174987f82a921,EXTLOC-1952d943bfda93403a3a22ce,,
RESCAND-5d767e99289f616f518f920f,EXTLOC-f2c0ea538e8af7ce477a752b,,
RESCAND-9554d585b0725a4b2ef7f4bc,EXTLOC-65fdf3fcb0ce199fa5435f83,,
RESCAND-c44f7c28fbea802a68e00002,EXTLOC-da28fecf5a16c841aa5664ac,,
RESCAND-20b4de71452fc19b412f6193,EXTLOC-f5fd82f0547870569239fee9,,
EXTCAND-b8256ee56a8fbe953cf91e00,EXTLOC-29e0f8410524b0636f915726,,
RESCAND-065447b8cc5e024123a87421,EXTLOC-0d7ba4f9bc671426658129ae,,
RESCAND-98ef6db389bf475175dd98a5,EXTLOC-9333e4e69aa9b449dc85aea7,,
EXTCAND-b9d53e5f4bb3565a8060e4ba,EXTLOC-d95be50569267d734664cc78,,
RESCAND-6908ea2fd586edcd1de9aabe,EXTLOC-f9ff1483d63354c7f53dce41,,
RESCAND-895fb219d13a9fb9fe96c8ff,EXTLOC-e1b5a12a589fa71f0384718e,,
RESCAND-15d729099b8558357d94d64f,EXTLOC-35cf1d056fad78a44c0cf6fd,,
EXTCAND-9f938598f0528fb760fa40d2,EXTLOC-b0f70c49605f78942a82b2c1,,
EXTCAND-ea2f81c47bb50ccba86ad270,EXTLOC-c990f1b9c668313eba51c6a5,,
RESCAND-39a8ab257dff898823b6e09f,EXTLOC-ca07eb7b13d0da65b3941da1,,
RESCAND-f5030b1eb90c7ac74c342acf,EXTLOC-c2b7107ea863cb4306761e58,,
RESCAND-d225caf26b114f1be8c77b7c,EXTLOC-1daa5595e8980364036e08b4,,
RESCAND-dd0d656c2ae5b0709ca60536,EXTLOC-f6b195a6b55db05228b9ffcb,,
EXTCAND-cb56e56585b17747a0963cbb,EXTLOC-7f65ba541d1dba94f21db862,,
EXTCAND-a6355790044f0240f7998df1,EXTLOC-e37676c5b56d84df1efbdc3d,,
RESCAND-51540301f08d570eb5149dd6,EXTLOC-970219a094473b2eefe5914e,,
RESCAND-765a8918d1c3538eda9d6b62,EXTLOC-8177a23202996e147420a5e1,,
EXTCAND-9c3d0414c58bf1759e64d730,EXTLOC-099e53d7345ce13ba14713bf,,
RESCAND-b78c6a287e2ace7d04fdaf07,EXTLOC-f94f201ea72344a009186a09,,
RESCAND-daacd3fcf17aa5dbecd7e3c7,EXTLOC-afe9b8688308faab7afd8a26,,
EXTCAND-ad10295e021ef177488d31d4,EXTLOC-9c4b5e66fb20b1c71b92b2ff,,
EXTCAND-637e8debde169313448facb5,EXTLOC-aa1f6f37231b29c00847cd9d,,
RESCAND-9684fe51bd3ea974bfd36d42,EXTLOC-4288d899dca9201f5aac3b43,,
EXTCAND-d626f105a67120c6abb91a1c,EXTLOC-064f1b5234368740f61d0da9,,
EXTCAND-d265538f712a22865a989d13,EXTLOC-2f5203881d20567c55d42bae,,
RESCAND-97ba4a8715f0642bf929d2c0,EXTLOC-2ee900ef3721addf62055d88,,
EXTCAND-b2cec0bc0838d28bf0fc6dcc,EXTLOC-12972109e37b66a81498eddd,,
EXTCAND-dfbceaf3766d630ba6e2deca,EXTLOC-017e738f4f423259aa40289f,,
RESCAND-9945597cff862e5eae6458c4,EXTLOC-201e86e0a25999ee6e2f7f71,,
EXTCAND-c1da279c0e93d28d2a76ce2e,EXTLOC-1ee9c5320b6321d1d93878ae,,
RESCAND-7148ddbf5fbfdad3f14fbdcf,EXTLOC-1cc5091f40daf8202c0ba708,,
RESCAND-e5307cbc777d259cea35cc14,EXTLOC-035744c7b9c37096a78b8658,,
EXTCAND-059dd53827cada6b623a2206,EXTLOC-149b776721019c6bf1ac8f1f,,
RESCAND-6d7de53635ea428d714c87e3,EXTLOC-8c320a7097d49afa30f37db0,,
EXTCAND-4fa8a776ece8dfefa98a1600,EXTLOC-dc72b285717a8599ffbf4e25,,
EXTCAND-b3f1325f199a8988c1a19dc8,EXTLOC-9aba6536270ed2d7fe9d37af,,
RESCAND-1eebdc5bb642193182424af3,EXTLOC-f5771198b226701a0548ae92,,
EXTCAND-a26b4cb6cadeb6771f4f24a6,EXTLOC-8c427be18dbb2ae8a9b6fcd0,,
EXTCAND-aeda41d0d6e97ff2ba987a17,EXTLOC-05660fcbcbb5968238baec98,,
EXTCAND-a97fc4a6ee3135948f926bc7,EXTLOC-d49e82b8cffca8b4b94e8c7c,,
RESCAND-5e653f0e038fafe1774df0e2,EXTLOC-8d17823023fe87f21aa18312,,
EXTCAND-a46953d74407d8afe310743a,EXTLOC-d97fbc5428c483345c825160,,
EXTCAND-190d364029eb24d3c61f2c70,EXTLOC-08bd508c32bb9629c14afcd3,,
RESCAND-e5161c6f558622e4b05e36b9,EXTLOC-177dd30d7c0bd5b5f774a803,,
EXTCAND-0208e78e743428b13fa3d7cd,EXTLOC-1635da8cb2e7b73705d58b80,,
EXTCAND-7f6292f5d0ac0dffbcc9d626,EXTLOC-64ee3efc14688da4ffbc2519,,
EXTCAND-4c20fbe1bbcc30fc43bb7d33,EXTLOC-238343cfb1a29292882b76a1,,
EXTCAND-87e8a93efc6fa33c4fcee4a9,EXTLOC-b6b7104982f2d590b1ad8fc3,,
EXTCAND-024651423304cc474c408e42,EXTLOC-b4a4440651ad77fe3ae78722,,
RESCAND-cee28379b1d840a2581a54d3,EXTLOC-8868e49c1f274660df0ba651,,
EXTCAND-068f0fb3598dac87fbef833d,EXTLOC-b1feacbde6359d20e14c8b5b,,
EXTCAND-768997352966be1ff1a683ea,EXTLOC-c227f0a0211ec4511117a2cd,,
EXTCAND-248102d074eeb7b34a28f9eb,EXTLOC-a3bbe2fd0bd942973f75f5c7,,
EXTCAND-835bb0b5c6421afba86293fa,EXTLOC-5e7493999fe4b4eb15738451,,
RESCAND-76dedce9c076f40102762a27,EXTLOC-cfa0579d410f58a5a4c55e4b,,
EXTCAND-52ca2290336ca250e331e3ad,EXTLOC-670ff5cb3500711d5280cdfa,,
EXTCAND-4c0da26604a2d388ff39093e,EXTLOC-cee7d504cdefe920a68b109a,,
RESCAND-52b8dfcf13c36cc5fb967f80,EXTLOC-5dac60f869670fd8d695b5fa,,
EXTCAND-83d3cbf354e899c13fba0310,EXTLOC-eb2ce994d75621662e8b0aae,,
RESCAND-b8699372ac1f8d3948ede32d,EXTLOC-4c5b26cab0e98fc5bc018de6,,
RESCAND-2809b68564be5d7d8e3f6201,EXTLOC-ed4ae2280033906c85136f13,,
EXTCAND-2fd42cb0fade5f1fe63ca326,EXTLOC-156fa796029885ef192f99df,,
EXTCAND-346e1f8373d06468c4236f8f,EXTLOC-da4065a9a9a007ddc7846a8c,,
EXTCAND-b18a1e03b94f5ae9fddedafd,EXTLOC-eec3493d1f96878fd5a5265d,,
EXTCAND-ac08eab290bcb6190aa5521b,EXTLOC-b7ef2f6b84435e5fabaf9101,,
EXTCAND-4bff070fe868aba3d053ffe1,EXTLOC-8b40ba90a93317b5bf783582,,
RESCAND-d2ea6abc13823cabe562fabb,EXTLOC-168bbc59c10f5b281f71c932,,
EXTCAND-3739e81edb2e7a708b406c4b,EXTLOC-ad55b366fa9433bdbd4d4aad,,
EXTCAND-4160edd83a8b99565335b92e,EXTLOC-fca2bcd3125b00e4b2822cc6,,
RESCAND-269a08f0e89cb70d66b8f207,EXTLOC-165c8a209d6ee2dadc280ce3,,
RESCAND-3873fc469fe37a84a3d0570c,EXTLOC-daef3d438edb8da175ca41dc,,
RESCAND-d4ac3ea51e835ff55960b49d,EXTLOC-533d60a08c22406b427cf32c,,
RESCAND-3e02a4191adc8c6f21038c8e,EXTLOC-f1eeace0ae425bda850febbb,,
EXTCAND-9988c01f981d952366f23be3,EXTLOC-77116ae479978873fbf77137,,
RESCAND-25d999ba667921a5fad156c1,EXTLOC-f910e4979b5ba86a5ce49490,,
RESCAND-07ffac785b9bb6192085d4a5,EXTLOC-64d2d38eb2d47ce38c78a11e,,
EXTCAND-e380a26a3cece609fdcd818d,EXTLOC-b5ad2cad1a06b09048eaac18,,
EXTCAND-b6b9fab93de9ee7a1274901e,EXTLOC-23c980df28e7069a30523dde,,
EXTCAND-6a09a5423c141c619a65f1ae,EXTLOC-27ca25ed0d2760a2856f3209,,
EXTCAND-dea1a02f71aa96ceb6b773a9,EXTLOC-ec4e1f1d2eadd291fa4b06a8,,
EXTCAND-d69108a0b587f25610cd4770,EXTLOC-6297a6e5dc4ea9779ae4f387,,
RESCAND-992462981fa4e63957dd9f15,EXTLOC-454b30920fad8e16f692f9f6,,
EXTCAND-8069acf1a8201d3668f5438f,EXTLOC-afe8781ae81a08f053527b31,,
RESCAND-d13c60fc57cd5a99f513805b,EXTLOC-55be91170c2a560528f736e4,,
RESCAND-97e55546216425ce5d6616ed,EXTLOC-453362fccc12996a3c7352eb,,
EXTCAND-3dedcde84700e8370d499af8,EXTLOC-feac48ccee9a5397f7ddd0b4,,
RESCAND-55390c31f5df28f1cb63f963,EXTLOC-ec5f11d92bbf4f8fe66445a6,,
EXTCAND-969f56713e7f8f452279f9ad,EXTLOC-e932bf9b8a3daa788ebd4ab8,,
EXTCAND-d05086a516d5d4f1e198ee7b,EXTLOC-76c7293565a0911c7323e697,,
RESCAND-35c876024d1f5634ac5ec58c,EXTLOC-d231ce2593d967d2d213f807,,
EXTCAND-be3406d9a11e59f6941aaaab,EXTLOC-04772013db136bed74b97783,,
RESCAND-914ea2438b702fc829f7d03a,EXTLOC-d1c5431b85bf743f498039a9,,
EXTCAND-4ecefbe74d085bfae36df801,EXTLOC-f236935974ed9037b1391658,,
EXTCAND-6f52e43e98deb44fafdb2e94,EXTLOC-24da92c8cc1832127e13de94,,
RESCAND-768cfd27864eba1f3dc39245,EXTLOC-8de3e6366fccd2ba82e06fb4,,
EXTCAND-b0a8cdb7fa0f622a743ecfcd,EXTLOC-45e241bd0007900f7362bdef,,
EXTCAND-46895125406603cc202aaf96,EXTLOC-6fba30a9d6030480e0ec04a4,,
EXTCAND-a23e85d85fe3d693a37650cd,EXTLOC-6f422df7c263058c2cdca5e3,,
RESCAND-59910bf1cd032895b8eb68bb,EXTLOC-ea499cf446200b14fd79747c,,
RESCAND-2ac3b041cb523e88b729d518,EXTLOC-a01d1dba74d2d58137fc27d7,,
EXTCAND-f889ee094a19653203461ac8,EXTLOC-f82aef5af4536b3dc3410020,,
EXTCAND-fc82982fb5dad9cfd433cf31,EXTLOC-5ab1a77bca6fb08eb10a172b,,
RESCAND-ad9b1467faa59d01d0270452,EXTLOC-7c1afa2e62df9dbbdd6d6be0,,
EXTCAND-ad6a382dcffe9540b6df8f3b,EXTLOC-4a22cef7352d645fe8de55e4,,
EXTCAND-5dcf80e5279fcba763b2ff3a,EXTLOC-9b9e1c48f95cc8d630799450,,
EXTCAND-40dd5994d570cc8a1b0fbed6,EXTLOC-9ec644162c1d4ac912cb091e,,
EXTCAND-b9cc01f9f2fd78a785e00302,EXTLOC-2c13f70a64de506f5efc1537,,
EXTCAND-c9b0da64997682421011b0d3,EXTLOC-e260ddd584d5d11e2473f68c,,
EXTCAND-e45ec0db474420d1ae4f6e60,EXTLOC-83a2d4db52d356ec493405bb,,
EXTCAND-1417c0603912900182742369,EXTLOC-d163504325a8eb606ff52668,,
EXTCAND-19a1c3cbb0a1d901aa8813a5,EXTLOC-afc9a6596e4a7b6d1954e35f,,
EXTCAND-1df8897b32e67ebb37472f04,EXTLOC-47bc8549c52e42bb4bdb3b57,,
EXTCAND-084a708c49271ebed19405f3,EXTLOC-4247ced1b7a6488d86872a31,,
RESCAND-4099975232334c17541cb728,EXTLOC-ecb0b2faeed235c37561c4a0,,
EXTCAND-ad514126cd92acf38536c9db,EXTLOC-5cf246cf9ed74efec6573a4e,,
RESCAND-8633a298e65d878a056bcd7d,EXTLOC-5aaa5339861b4f10315ba1e6,,
EXTCAND-01166d6649543e29f3f33f30,EXTLOC-275ec15f359986889df6c01b,,
EXTCAND-72351edf4045fd69dcf899c9,EXTLOC-c005ee0db8e37a757d622cce,,
EXTCAND-7ec199d3dff414e7e5ee416f,EXTLOC-3006b37a95c00a3cf8763c16,,
EXTCAND-b67893addfbe7206eb039569,EXTLOC-ee56295f2ff67f18ca868f0a,,
EXTCAND-696bb7a847449606ef80a25c,EXTLOC-b21471aa3b2eea093e69640d,,
RESCAND-af8cd4a33b029c0be7ea584e,EXTLOC-de2cde0aa4eeb3c7a593d04d,,
EXTCAND-086b27431140cefe1c5c4ef2,EXTLOC-56cf89041473d4eda155e35f,,
EXTCAND-42588690855831890399a18c,EXTLOC-ca1059796422fe6a6d6c7c4a,,
EXTCAND-a8feef8a882e205f8bd09ef3,EXTLOC-b51dab5470eca118ecc05b35,,
EXTCAND-4aa8ddfa2c85d52b626837d3,EXTLOC-2d512c77b4cb5c64d8d1de15,,
EXTCAND-31af2673bb5abf75a4019315,EXTLOC-f97d902007afcd7b048308d7,,
EXTCAND-794394176c7f30847d5d3ee4,EXTLOC-6a726c1d7300dc6ef7557798,,
EXTCAND-c966cbaba9e101fb10aa4578,EXTLOC-372cd0cc9f13f67672a72929,,
EXTCAND-a89e9f85173508f9dc69119b,EXTLOC-f27244c0fb4f62b95680ab00,,
EXTCAND-3f2947af62b53bcf2f6ad883,EXTLOC-16982f55df3bab0b563ccff5,,
EXTCAND-64db1faa91326a7b3bbdb40f,EXTLOC-2fc9c60589e21f82cea1f117,,
EXTCAND-76ca01abb12f56bfeab6249a,EXTLOC-5e324720ddeabb9733b6c259,,
EXTCAND-e7c851152bc7a9ba55e92365,EXTLOC-183936de10adbf4c68fe6f56,,
EXTCAND-2d0849a19e5b7837632d8b4f,EXTLOC-ef868d37e6b496ab4b11de5c,,
EXTCAND-acba126a59185d2e1df0d093,EXTLOC-3b80601e9c7619df18faa608,,
RESCAND-d6fad5909c0beb101b3b31a3,EXTLOC-0d7b501c263b0dc63ed92f89,,
EXTCAND-27cc897e80fe8c0db29e47d6,EXTLOC-3526d5d69a44a864012e071c,,
RESCAND-65eec5aae6a23e80830d39a4,EXTLOC-4e6569077306625d7de6d494,,
RESCAND-c86db86044d866db0efc8599,EXTLOC-120c0c084d6e23e4d9803315,,
RESCAND-d0492b5ac2d56486c56df5a1,EXTLOC-923a9f057d8460ba283ce8a0,,
EXTCAND-1f20799f8a5a16733d4d0a4e,EXTLOC-e092923f2f1f5b6ee15a3c99,,
EXTCAND-1f35e0ce52b2001c67fdaaef,EXTLOC-dc68ae46592e4c7f721d41cb,,
RESCAND-894d9e8b588cef07a8c3c87c,EXTLOC-7b1e425d0a9641c257735aef,,
EXTCAND-d84c9cdcbc240ebc4e1522a9,EXTLOC-3579d30b261ce13034cfab04,,
EXTCAND-a3c34003564fd8881e48d05c,EXTLOC-10ddafcc51d93c02d76d6b2c,,
RESCAND-941b89e86505d1e569aeeee8,EXTLOC-c317408032d24d04e3f0c23d,,
RESCAND-c237abe9f1b3d5becfe5dc59,EXTLOC-f58a3de8aa37e970dfe86942,,
RESCAND-f83acb2f3e8109024a257cbd,EXTLOC-91559c309534e075895517cb,,
EXTCAND-42573578aba75b693ed95ab7,EXTLOC-e71b17fcee38c22045a9d9fa,,
RESCAND-68f048338171e2e323528180,EXTLOC-56e14ba6d5df5d7f34c51dec,,
RESCAND-26eca084bcfa245c9bb01f32,EXTLOC-e3c5f9bf11e092fd4876ba6a,,
RESCAND-8b9684355e7ec638df6b4d1e,EXTLOC-56921d064d6d0628fbf6437f,,
EXTCAND-2788ecc09fa312318a61c4e4,EXTLOC-e249fa366613352004c7403f,,
RESCAND-7870511d9f7f959fb24eef0f,EXTLOC-e012155d61b015da4a00d455,,
RESCAND-0fef65dda0772bd5d2f93c8b,EXTLOC-b058b79af4098334682f5d3a,,
RESCAND-e7f7f5fec9120e3000245d38,EXTLOC-65aa77c89c6b0fea429009af,,
EXTCAND-a784abf361cb5307b041cb24,EXTLOC-97de14b77131e4abd3ce3b8f,,
RESCAND-f263306e456f1aa4302861d9,EXTLOC-f38ff0fafda60fc48d05aa7e,,
EXTCAND-eed74343139ab020b74da65a,EXTLOC-ad743696413b3044f29a745a,,
RESCAND-62766804464b2fcb80200094,EXTLOC-6ea334b1703cf020b917bfae,,
EXTCAND-1cc783069484a0b5b3e9aced,EXTLOC-25501f13bf7430449c9cd0fc,,
EXTCAND-6a69d97bb39c3cf7277483a9,EXTLOC-ecec8789f59f0aa5c153f0d4,,
EXTCAND-311b4af8e4166a8045b45c93,EXTLOC-f8c5e8d1d7894c31920fcca1,,
RESCAND-947aa14223e55d16642d83ba,EXTLOC-fdbb1ecbed203e2d965c5fcd,,
EXTCAND-3fe1730a8689930a5443a663,EXTLOC-875379906a5a5f07af0e10a8,,
EXTCAND-d0339a58613b9a5f524d673c,EXTLOC-474bddbe2dde5d446e92272e,,
EXTCAND-eb04dd8e76692968347b4273,EXTLOC-e8df263032c2df8d7534dcc5,,
RESCAND-4a5399e9f70bae7226398301,EXTLOC-e20616847a284e69ed590b74,,
RESCAND-fb5b917762f99cd48a90e934,EXTLOC-e7b4e4eda51055cca5b4e198,,
RESCAND-2dbb68b6ec7b27788e4bd0d7,EXTLOC-6d7a1b99cbb3294dcb635658,,
EXTCAND-98df23b3663f921795f21f09,EXTLOC-7067cb95044eeeaf711821cc,,
RESCAND-f8962b600a8ce5f602189e07,EXTLOC-b8f81266a2d772619d335e6e,,
EXTCAND-62c74e8c878ef01917e0d778,EXTLOC-db78bf65fc8089073e6a374c,,
RESCAND-60198f782a63f5e9c0bae00a,EXTLOC-c105ffdd076f954ec2abf159,,
RESCAND-c3ca848321de84f22f8e2a1f,EXTLOC-a9ade11984bd75459fa4ed95,,
RESCAND-35d90e3b2fe03de9c40da695,EXTLOC-04ec5e652ecfb870330e59fd,,
EXTCAND-386aa6e77bb5f93e271a4e29,EXTLOC-f4e910120f61e0b4501ae28e,,
RESCAND-cd9ce3823eb3aa5de79a3e62,EXTLOC-948b310a0c7b0fcea267c127,,
RESCAND-16d2d6f15e727bc5685670f3,EXTLOC-f174b0bdc767adcd882f5a0d,,
EXTCAND-14f1a1c5d1022e4783631446,EXTLOC-4496b41188bef03046c955e4,,
RESCAND-cac45e2e42f1797840e21027,EXTLOC-b307148eff3edaf8831e5c91,,
RESCAND-b68bb45d4b6b9d2fe93b57d2,EXTLOC-5bdcdf3e0bf1bba0738de75c,,
EXTCAND-018df0ed431d4c85fb9ee054,EXTLOC-7da2fd2d10cbb2f30169508b,,
RESCAND-a380deae16ce91793f440c29,EXTLOC-01a8bb7f120d2a6ab3d10dd2,,
RESCAND-ed8397a937ce335995bfa261,EXTLOC-3f56b0e8b2d54563f45803c1,,
EXTCAND-1c578b5ddf32bdd67b02a24f,EXTLOC-1de4d93cb29edf4dae62b00a,,
EXTCAND-7a15ad9aed4d570765ea1750,EXTLOC-2cce563c25795ddd0d5b745d,,
RESCAND-13c35a0e70f8bb7d31d62fa6,EXTLOC-f600d6663d8da1c2ad6ea8f8,,
EXTCAND-6f96caa4d91724f62a44405c,EXTLOC-7d593ebeba5e67e39f4c0612,,
EXTCAND-94044485d9bbf046c5c0a06e,EXTLOC-b29a4a914ccbb78ce2542893,,
RESCAND-9a91de153c79e5148989a331,EXTLOC-cfaa3f2c338c720b219a4c73,,
EXTCAND-6e9227e5bbeff741c7c354c5,EXTLOC-b3c30f9b610f690da562d62b,,
EXTCAND-bbde70f7a5cf56e08c96e5d6,EXTLOC-c8d32c9299255a5d2ec6b25b,,
EXTCAND-28c46fc3138be5a3cb47d22c,EXTLOC-3e8c4887d0ac590996f12ce1,,
RESCAND-675e00b87ff37c2327e667cc,EXTLOC-c953ac49126bbcc300b323fd,,
RESCAND-78ed886ae449a9db8dd56143,EXTLOC-ccc2d78ea6ae1436e3bbe5e7,,
EXTCAND-fc8d79104ac5ef9150c97699,EXTLOC-56bc1fa978317a4efd770061,,
EXTCAND-485316b60f962ba04693c07c,EXTLOC-68ab823b473d6a4e2ae77be3,,
EXTCAND-ba38b0a6dea4c38735461657,EXTLOC-8781657ecdcfec8130427ba0,,
RESCAND-52a58d70da43c267e274ae41,EXTLOC-205dff056b8cb787ec3737ad,,
RESCAND-68aa48ee68f88a47a3a23377,EXTLOC-a2053702106d34cf58fa4cde,,
EXTCAND-780ae8e9c6d168310f9de100,EXTLOC-9e353db5abb5e24b9af7026f,,
RESCAND-4bdbf7cd37f5f6e69fe584bd,EXTLOC-3c937d2e605b5204bbd2362f,,
RESCAND-32df6dc3fc16c4579b8c1de5,EXTLOC-01852daf4fc5b217e4c5e33d,,
EXTCAND-bfd6466cc00fe6e34c451469,EXTLOC-2ee70160a6165ca0bee58031,,
RESCAND-3865c8c40b2aa5ca3e7a0984,EXTLOC-422b4b966dee1b55600e1330,,
EXTCAND-66553201636eee571e569fdd,EXTLOC-5c4164be6488b37809fb936c,,
RESCAND-364b4d1b6cefcde6f5ca3f3b,EXTLOC-234f52d7ba8936a98f58f3d1,,
RESCAND-9b68e58b4546085495987b67,EXTLOC-5014fd19befce15c8564eec6,,
EXTCAND-f538f649eccbb36c1ca2611d,EXTLOC-f965fd06fd9538672f01d14f,,
RESCAND-cdacc7dfad047b65f94f06e8,EXTLOC-f8d410ff5b0eba10fd35bc32,,
EXTCAND-43a8702f5443978518919d66,EXTLOC-3b9cb6f0d8645e9fd3dd6d49,,
RESCAND-1ad3a5c0f900e379324d5a82,EXTLOC-2afa2f32eae023af53651c47,,
RESCAND-a9822a76ce4be8e854c9f72a,EXTLOC-4a35f42c39c27c4646c4d548,,
EXTCAND-d728519995289c1ca909c2c4,EXTLOC-dc0b8a706686c92ce1655b7d,,
RESCAND-ceb49232d14b8f1e4b469635,EXTLOC-8d9c4acf07c5992da2ae18c8,,
EXTCAND-d479df387b159db52f831661,EXTLOC-48c065cd464e962302df5711,,
EXTCAND-427c76967c1e18c0cc8e9c58,EXTLOC-65ddc5a4fa2409e1ddcf0aa0,,
RESCAND-e19bed0e510a52a1dca7b208,EXTLOC-e280c34adb15c0cf41c2539e,,
EXTCAND-ee7e2410ddce3d19519cf0e9,EXTLOC-787449b9373450378c586b88,,
EXTCAND-cf27c598131b34d3f290a787,EXTLOC-f788c62928357b7c62c28d6d,,
RESCAND-4914e8f26740c96c655f728f,EXTLOC-b029649a186dc09098ec9480,,
EXTCAND-790a216b18ac06bbc43a4a40,EXTLOC-6cd909c1066da0c0b58e995d,,
RESCAND-a90d79218dd7e9fa25d7f241,EXTLOC-61b0b3ada820cbff703cd870,,
RESCAND-8b17d029190367627e67a855,EXTLOC-a023f8f7a94465a1774fdff8,,
EXTCAND-1aa22866b27c1549c0c7b1b8,EXTLOC-5f44b637fbaec5ed21171710,,
EXTCAND-50e6e23ee93bcc9ee3e72c60,EXTLOC-6d891be7a3607600f21d33c0,,
EXTCAND-0b752dde3970862957315567,EXTLOC-e2870f67ed44a38017f42437,,
RESCAND-824f450b3e2c7d53a3fa6093,EXTLOC-4e02aeb4712fc46449b320c8,,
RESCAND-544b64ac1a4b0e2a3559179f,EXTLOC-4e7d04910564e616f9e8dec4,,
RESCAND-d2d3809aaded34e354a791fb,EXTLOC-5ac3d5acb411ff52cc01e952,,
RESCAND-c2348ae8c27c90c10bec0b00,EXTLOC-066a68eaa671626627bca5da,,
RESCAND-47c018f61931b80b1c9b2086,EXTLOC-126148ca2f41d37cffd616ab,,
EXTCAND-c4ca8b53eaf1b18ce0343127,EXTLOC-a1a2bd090238efb2e9204d1e,,
RESCAND-dd87ff9f8ebbf4afd807128b,EXTLOC-6344355001c47e2f85ae70e5,,
RESCAND-6c326215b8233b533cdfe48a,EXTLOC-6f29d935163aa66d477e3981,,
EXTCAND-0508744f9a1e7fbbc041dcf5,EXTLOC-8144f022eadfae65de171024,,
RESCAND-a054adc150dc73f271eb0936,EXTLOC-6918b4036435708e0ec3e0b7,,
EXTCAND-770be2f620f97df2fcdfc7ac,EXTLOC-af16ddcd753142b5114b8dee,,
EXTCAND-c0678fe243e0cefcc36b3283,EXTLOC-231e7b960cb887b65a4d23c1,,
RESCAND-27e52a75641d5ac96252c199,EXTLOC-38054edb3c43b2987c1cec1d,,
RESCAND-e31f00fff4fb5abcd34d7cc0,EXTLOC-cb802b8e6ee11e43841e2bd6,,
RESCAND-9a64679cddddddbb1b0ce463,EXTLOC-86ee18c07a55f5974d236091,,
RESCAND-08ab9650609f037497805572,EXTLOC-02f6de4c887bac568d7ef86f,,
RESCAND-74af1c583da7f56f91fb0573,EXTLOC-c59c5eefc7b63453365d4d85,,
EXTCAND-9714ff224531e52d92b4a6f1,EXTLOC-af2559a4e60383d1fcfc9aaa,,
RESCAND-65b9b3f0bca2b707f2688245,EXTLOC-ab5efda2901b32fa88667bb0,,
EXTCAND-ab8e833c8d5a96463ef32f24,EXTLOC-6cc971785844d78897321784,,
RESCAND-fee9213740a9fcc98a858738,EXTLOC-f30a880adb2445a58313bef5,,
RESCAND-8279360ead3ddc40a596de9e,EXTLOC-2a9977baa5279555208a2f8c,,
RESCAND-01c495a31313fe4fd8fe0b35,EXTLOC-e92f436c6baaf09ef5fda092,,
EXTCAND-379099a1e7392bfa2f8a7ce1,EXTLOC-0fb1b2990cb2143a1703e52a,,
RESCAND-5a6e4d0f3655f13738e76509,EXTLOC-111d2293dbbbea1ca61da25e,,
RESCAND-1c55e096ed423d7676a95c45,EXTLOC-5c954b1accfce8e41d095d3c,,
RESCAND-87dc11bfd8cfb3573ecb1b34,EXTLOC-d7af2092fdf0da84e170d678,,
RESCAND-d5782140f4a54d3af8d70824,EXTLOC-c5cab5ff12dbe29dafa33cda,,
RESCAND-9d32b11e78081e27114dd309,EXTLOC-1bd9b5675f9971a5f669925d,,
RESCAND-c5b37dbb0ac27fe046222955,EXTLOC-5f801cb4879439362818fa37,,
EXTCAND-4989caebb9ea7c43a14836c7,EXTLOC-c33d0a0d40d6513c34a33826,,
RESCAND-c181886016c2c0fbee71195a,EXTLOC-f6502155e4e3f2518f1eac50,,
RESCAND-ec3bfec157b734291f4b4d29,EXTLOC-992c442233088d80c12e66be,,
RESCAND-16d9e4b595ae13c3ffaf342f,EXTLOC-c85adbc4d746a5e40cf9a5ba,,
RESCAND-a30351811f473b6ca4cfbf13,EXTLOC-2b48347ce733ab28430fdea2,,
RESCAND-fc3893f23cc585286ea57548,EXTLOC-e290a7e9f074581179850195,,
EXTCAND-99a43a9581e34c34d21a53ae,EXTLOC-04ecef6398cbeff47bd2914a,,
RESCAND-a723630744399b27c77803ad,EXTLOC-2f56ea2ff2e873fce50e85d6,,
EXTCAND-6af3971e47c7fb0c562e6ae1,EXTLOC-6cff5d088444c6a227311cc1,,
EXTCAND-ff14eb901409e25e9777ad4d,EXTLOC-761d633509a79f3e58facfc6,,
RESCAND-cecaa469dc6ceaa11d76f4d0,EXTLOC-fbe04d67134b64c51aa94790,,
RESCAND-0f4cf34eb19fb1bd0a1709e5,EXTLOC-86b5e8c1f7d68afa899ad5c2,,
RESCAND-b9a59e2fca3c1819faeb91d4,EXTLOC-a609f1e90705aa0bc30d29cd,,
RESCAND-b728aa005fdaed55ade2efd6,EXTLOC-ead9f4f5c7fa699c932550a9,,
RESCAND-7abec11df08f0f8d72b1ecf3,EXTLOC-15d5981d58a6bf843a71892d,,
RESCAND-048b3b83484691224d98b70d,EXTLOC-ac5a1d264589f835590e7923,,
RESCAND-9e988cb107ad3ef5551ab5d7,EXTLOC-e0d161cea2e233f864c4cb23,,
RESCAND-bc2d82cb7a9ef04d49b72e2a,EXTLOC-d9b059361f4d9884916f56e3,,
EXTCAND-c3caf4f766ad123582ab684f,EXTLOC-91c1c0fa4acc145ce0e2557c,,
RESCAND-9cd1b3b609b28f318b6fc042,EXTLOC-625c7749a0e335455b58d66b,,
RESCAND-e5aefcca77f29a946bf4c1d0,EXTLOC-d02eb761636058f2d816784e,,
RESCAND-7ba8d73c8c817cec1383459d,EXTLOC-97c2a83f194c835a7a9c37ad,,
RESCAND-0bbf0421c742cf5089ebf313,EXTLOC-4ccd4c6b3a582a0d1b29fd06,,
RESCAND-8d2a18784d29e3952d0db167,EXTLOC-3d2a205ea3f0ee7c1cfc5fb1,,
RESCAND-9737b32c220e89f5bd50e8ee,EXTLOC-f58b4cb255e4f5eab31fed29,,
RESCAND-1ae5f4a8878a2b97e36a873a,EXTLOC-8f90119255bef6ac13e814ef,,
RESCAND-7df7baae11553e4e4a6d2a6e,EXTLOC-f841ea0d786ad8633fdd3258,,
RESCAND-5261c0fa7629dca057d56f7c,EXTLOC-b653a4907418b1785dc7bbaf,,
RESCAND-9a230436ebaf05464d04b531,EXTLOC-cd859f9e8579b072661cfa18,,
RESCAND-749523bf4c525acb1943ee94,EXTLOC-82b8b9502d47eb4dc7800076,,
RESCAND-984ce6fcbe428948ad9377af,EXTLOC-bd862cf43d4839b2ff9aadd1,,
EXTCAND-967aa40afdfc7674e6682a72,EXTLOC-a0f7d46a8ae659b48e9961b1,,
RESCAND-af1e74b4da984f6669823d8d,EXTLOC-1e7c8caa8567f417c7b7d4e3,,
RESCAND-794e5df89f6bdf28958c1495,EXTLOC-4e077f3812823941c740486a,,
EXTCAND-93be5b167ddb7f742fc3d8bc,EXTLOC-07e94c8a5a33979bb15f6ad1,,
RESCAND-fb857d583d7144f7d638b681,EXTLOC-648708a26e7f26078b5cdc3a,,
EXTCAND-33f6429328c069f88e2ed59e,EXTLOC-ac974a7fa362cccfafb4fc18,,
RESCAND-2229d6e1de8a0c49814448ef,EXTLOC-e4336536ddab0c6e93be3b54,,
RESCAND-b1b8e1ceeafd728a67ee26c2,EXTLOC-534b35b29bad8049b99906ee,,
EXTCAND-4edeb93b2d6a687d3ce29168,EXTLOC-ed3b64ae78f97ee79248e73e,,
RESCAND-e3f4e0f08b9f6ab55bcdba34,EXTLOC-eaa49c6488336a36b763f2ba,,
RESCAND-debcc4d2314650f6b56a4d70,EXTLOC-8d558f57adc6d26dcb3fa4c3,,
EXTCAND-247944fd8098dfbc1f469908,EXTLOC-a6d7ae44449ad85e453a460b,,
RESCAND-16afd4115495c2556f3157da,EXTLOC-70918ea052e802bf80f763dd,,
RESCAND-73e260e1741f2cf68d53e5c0,EXTLOC-b03b0b365ab98324196f6a26,,
RESCAND-2f5a33cec06656cdab0d523f,EXTLOC-e21e1730b18b5e3b71d0ef66,,
RESCAND-d12eddd0c6245d3cc00e29c5,EXTLOC-6ca440de8e0bbc15453b4a8c,,
EXTCAND-88f3f3cf76690f5a16ee85bb,EXTLOC-e8dc1c28f7b5fe7bad52a2e0,,
EXTCAND-d71e009ae2cb81e2b16b871a,EXTLOC-eb4b9bbdde97cdc29a161fed,,
RESCAND-b1b090cc861fc628691eb067,EXTLOC-d52df86821fef0b301ca708e,,
EXTCAND-03494d928e1b7ec329914ee6,EXTLOC-674cd65f82eed382426046cd,,
RESCAND-71e995186d8a2a99b634f462,EXTLOC-cffdd78a157fd06f2416a91a,,
EXTCAND-1272b404002fc5078fa6536c,EXTLOC-9a19629aea299c91ac2dcdff,,
EXTCAND-b328ba509bf0a83036768e43,EXTLOC-94c4062974d3811adb6acc45,,
RESCAND-7c3ad70f46a7f21b6a2c7cdf,EXTLOC-1ae65e7d3c581cb35b80f38b,,
EXTCAND-822f77f71b876fcf037af051,EXTLOC-1209439f677daefd5c1a347e,,
RESCAND-ceece821a20a2bbe2bf8f5df,EXTLOC-fef1c7d9f3ccce9f0fc07384,,
EXTCAND-a607f0a28fcadf23ff6f2911,EXTLOC-0c825f86978105ab8d6e4657,,
RESCAND-1eb23a430962521f12910368,EXTLOC-c6c13018273cf913a0f8da13,,
EXTCAND-c42fa86e4d57fd312ccfd5eb,EXTLOC-589618c9546df5f8837c9888,,
EXTCAND-326abf4700f0e4bc120c990f,EXTLOC-cc0446bc0ce21ec68a3dd0f1,,
RESCAND-5190e4ff4e3904929de82c35,EXTLOC-243894f04492536c6661e662,,
EXTCAND-5674a1b0ea0f3de8f23bda47,EXTLOC-9df9067b3ac6b8c72aa43939,,
RESCAND-2087f455dec7da1c19277ff2,EXTLOC-c82f8c85c5adc2c5f21433c6,,
RESCAND-fe76a61a80205d97790380c3,EXTLOC-678147f1d5f784fd0bf7b0b2,,
RESCAND-b99cb9d40b32b5e274a037f8,EXTLOC-938f481d6d3364e0636ca2b6,,
RESCAND-0960fbeb35d4566c06a46135,EXTLOC-1a592729309d6a0275c19335,,
RESCAND-52b74783d9abf2877f77b94f,EXTLOC-d03b3331c6af32afd0850e88,,
EXTCAND-7c434f3567adbf4cdb0b03da,EXTLOC-7c9b73f41956b3a6e86d469f,,
RESCAND-feccb126f6b64254722ffab4,EXTLOC-9126dda8a31c509c2a1ef6d7,,
EXTCAND-9471ba9ebd4709729208193b,EXTLOC-48fc203cc65cc25a448408d1,,
RESCAND-32b98e062a79ee79c19b0df8,EXTLOC-9fec0841e4abd23b8157f0aa,,
RESCAND-8ecba108017b4aa8240e521c,EXTLOC-939e36041abc1a915892af8b,,
RESCAND-e65949ae455101579fafac7e,EXTLOC-5d8e35d21fcdc24e51beea8b,,
EXTCAND-23a2bfa631cc62dbf15acf81,EXTLOC-5a7f2ce70279ee7a6873f327,,
EXTCAND-fd0d192e847492cc399bd979,EXTLOC-487dcf8c3ed6a3e9cfc6fe14,,
EXTCAND-3f1a6e5cd2c6541b03937b64,EXTLOC-36c9deac06e2e617887d9b61,,
EXTCAND-0e3c587afbdd52ad1ed5f369,EXTLOC-f6b7f3767afd84dba31f9359,,
RESCAND-474dbd12eaf735d6cdf52f81,EXTLOC-218d69020da6a39b3938a6a3,,
RESCAND-ce33d71dfe471c6e2ad5e685,EXTLOC-30ee7c0b938de899c70a28f6,,
EXTCAND-73d9419064f5dc2480770f2e,EXTLOC-0f8325c4690c98ba8354201f,,
EXTCAND-d1b0ac66717b4b6612f006db,EXTLOC-9620195699ec3095e855f0ce,,
EXTCAND-54fecf865b1267405ca7c506,EXTLOC-b8f5e1652b0f3a5504cd163f,,
EXTCAND-864e422ee88891e8af1f5ab0,EXTLOC-e55848687be72ec742582660,,
EXTCAND-932e609d2e3515df1f9bad6a,EXTLOC-a91426a998026931ecaa89bf,,
EXTCAND-c20245bc59afadd31d1637ff,EXTLOC-2a142f8b7835ee421b18b42a,,
RESCAND-0c4d635b426f9a913ff1e80d,EXTLOC-23193cdc2099a1144f2f3e15,,
EXTCAND-983cecc7b715eed4ffa8a1f1,EXTLOC-711c7b207a6c4fbb22b80022,,
EXTCAND-b7759eea817613866c14505a,EXTLOC-62ed7e9ee314df42fd39c067,,
RESCAND-f5fa2da523f445f0df1efbe7,EXTLOC-b0e35ddb4e2cfa742ad061f1,,
RESCAND-1f919b7a8787f78b422861e5,EXTLOC-42359424d9043834b0e397f0,,
RESCAND-e4454500344d2b6eb5b75ba8,EXTLOC-68659f7f3e3410b4233da30c,,
RESCAND-bfc7ab7ec92776e3f95c9ca6,EXTLOC-40354eb0e8dc4d4466889af6,,
EXTCAND-adf5c4a6528beb282f7c5b9f,EXTLOC-5485112f06ab5c6d8a63a034,,
EXTCAND-a2d521b9bf244ff53ec47eb9,EXTLOC-cdfc3d88a9307216d6a0928c,,
RESCAND-8d2fdfe7e20b8c2b9bc365bd,EXTLOC-8170b6dbfee02115aee64696,,
RESCAND-bd75ddc58ee32b4b6d21cd65,EXTLOC-88bc071f3592ab628b1bd328,,
RESCAND-66f35ea8c707ead5ff86ba00,EXTLOC-24895f8a77215066ce36fe08,,
RESCAND-1a0fbef3059058c53b0d28c5,EXTLOC-b8a656caad16f7cbef90368b,,
EXTCAND-17b4842c4290e343d2e13b46,EXTLOC-b76d7d5369f4b5ed3bc40e6f,,
RESCAND-cb1e320904c51c2d86517ec6,EXTLOC-19a96e2c6487fe5268b60f6f,,
EXTCAND-0afe42283ce437b19d1a896a,EXTLOC-ea9545703a1fd3a22a0bed4b,,
RESCAND-196b801b8e6f02524be5aa3c,EXTLOC-c81e3c8036f1f7ba654169af,,
EXTCAND-5e6e718a4cdb1edd66c08984,EXTLOC-9374b3cbc83bb452637be450,,
EXTCAND-48056ade5ef9abb9f24724b9,EXTLOC-9d7beaf4c004a9747202fe63,,
RESCAND-8a6e3f33b375a806ee06205f,EXTLOC-5c824f92694e37f4d6f22175,,
EXTCAND-ac0d82fe10d2b7f102a550f0,EXTLOC-e078a352dae67a6a6b33565e,,
RESCAND-2c514707ae30c33f723b01de,EXTLOC-8c0f5912588bc8746efda7ae,,
RESCAND-72f658c158314565c4189c2c,EXTLOC-d786a74ee9ad5cb154a76b29,,
RESCAND-301c226deba458908777b824,EXTLOC-f98f330ad01d193984a72a8e,,
EXTCAND-739acadaa161966915412f52,EXTLOC-d23e1d21718a95d3f65a7ae5,,
EXTCAND-b2992a21d46bb033cf893e08,EXTLOC-ee25526cb62da083d4f80393,,
RESCAND-0b4b251124dac59de0c226b5,EXTLOC-a8e1f88a77e1330839a2dbe9,,
EXTCAND-190c81fbe177c8e9edd0d936,EXTLOC-1a28f0126bb59d207348ee95,,
EXTCAND-08782b52c08bcbf07dfcc9bc,EXTLOC-85eb5a273b565627b927ff8d,,
EXTCAND-35ec1d04f92e0e70d0c6a6ee,EXTLOC-f5675ae6f3b5b9d018b11146,,
EXTCAND-b3b0c79c190d630e82000643,EXTLOC-91b825adb695a7c5cc05c594,,
EXTCAND-5ffb01e83231fde95ee7533d,EXTLOC-ea5d84b0ee502a1f0f84a63a,,
EXTCAND-29ef0554494cb2469968c7cf,EXTLOC-feb8651e429cbd3bcc9dcbee,,
EXTCAND-96bd9ad44794d7cc8de0f24f,EXTLOC-bfe4714e935598ed95a082a9,,
EXTCAND-b561f55b74783bbf7c518e57,EXTLOC-e9f8c7635452891270110c9e,,
RESCAND-9280cdadd525646c4b5fd2f4,EXTLOC-ecfae98b5641a7e9d34057f6,,
RESCAND-83f88f44173f30cc08fbd8f5,EXTLOC-869d902d4611642a4cc04e7e,,
EXTCAND-1d6fd6731a8a9b9f49a5e08c,EXTLOC-67ef726b13c41eb24936c609,,
EXTCAND-a479d4c9fa2bdc08297b0cc6,EXTLOC-7ca35047f5a129dac42f4a07,,
EXTCAND-13fc0b05a5a1d61f6ad7945e,EXTLOC-e8674ff8054faee04670f546,,
EXTCAND-4316961b95aa9c703234eb9d,EXTLOC-0c23c2535850e7321f429c87,,
RESCAND-efd9b00090ce508357c16ec3,EXTLOC-0350933ae30b5979d1f8a315,,
RESCAND-02cb676044dc0318891a664c,EXTLOC-800dbaebaf1acc1ad77cdbac,,
RESCAND-4a581a19e491aa9e14a2b593,EXTLOC-4e3c0fbf52238f283210a9e9,,
RESCAND-2dcfd0819185d7d8ff8b86a3,EXTLOC-c98e36d9ff5e19bf40bf1472,,
RESCAND-f63de4d960e31cee3d9e8c06,EXTLOC-1bdb7a8ac8a0f2b4227d738c,,
RESCAND-77d5e519bb7269258c76330f,EXTLOC-584db4532c4cc12591ca2ae0,,
RESCAND-c36d56c61fb60d1ed2bba876,EXTLOC-2aae0a4727115d3a370bd587,,
RESCAND-5d0caac627c8c682c5e9b634,EXTLOC-9024a8fccdb2a03abf38ee66,,
RESCAND-2e65621facb911b1a3a6cf72,EXTLOC-22efbe8d3c86137c74d11ec9,,
RESCAND-c088674217d4dbef54adc192,EXTLOC-3455ce507e2e42285e2da054,,
RESCAND-56fcfc1a823da5e345cd031a,EXTLOC-4d6dac57ab5851d51fe42d57,,
RESCAND-f8ba2cdce909c02c4260740d,EXTLOC-fc103dfc91bee060a0579fbc,,
RESCAND-b7c461bb20459b8c6dc02015,EXTLOC-8ab235690646a2bca0a67259,,
RESCAND-7963b5439bcd95e8ab424cf0,EXTLOC-688e53932fe1ba58afaefcbd,,
RESCAND-e33ab380ca97576db0c874b3,EXTLOC-c3e17408c95d9574a5884fb9,,
RESCAND-0beec4228e03e63e40332ce1,EXTLOC-85df155d3d861a399333a225,,
RESCAND-fbbf56101e840e1d781240ad,EXTLOC-33f37d36bb59591ea5aba6f1,,
RESCAND-a13c8fd97f7fdf0e8a77a28e,EXTLOC-90e5b36a7f01fd555a9a2b55,,
RESCAND-f2325cdfe12bc5a4154a3622,EXTLOC-325bb44258e4b09ec764fdbc,,
RESCAND-f6cbd264641fd1a735543ecb,EXTLOC-350b41d76d08dbe4ed82f849,,
RESCAND-f9cc0a3dd778561eb759c68d,EXTLOC-fdbc3683424ebeea762d6111,,
RESCAND-d6b6b3788fc91ae39b009a43,EXTLOC-e9db93ac4dcc60d6c08e7835,,
RESCAND-7fb24de24ad4c1c7b9fd08aa,EXTLOC-e276ac71b52bdab257347978,,
RESCAND-d83c7486bd4a9b4eddb83bf7,EXTLOC-c08a161214efd7612078389f,,
RESCAND-ed847a5e165bba6ae65c8c61,EXTLOC-6517a9e4705b3e29e08f3d81,,
RESCAND-dce08542cf939e066ed24d0a,EXTLOC-9a05a9ba69672aae87c117b6,,
RESCAND-3bb63cf334186649926951e3,EXTLOC-0f85617b59a2859e8b6d088c,,
RESCAND-a406dcc8365ab8c8cc41a9e0,EXTLOC-461d0bbfc7531fe41e7d5c24,,
RESCAND-8c668510f137422dc128e70d,EXTLOC-08dd8897986b036f2dc87588,,
EXTCAND-f71d177e7676d9851753f6e0,EXTLOC-bc5adc0944cca9ede128b85f,,
RESCAND-39defc19946684ebefd5e8fb,EXTLOC-e533abd64ef635f3104d691a,,
RESCAND-46d84f6514ecc671ab1d5a6e,EXTLOC-26c9a075ab1cdad27966addf,,
RESCAND-f7b9ada718ec7dac055d416b,EXTLOC-31109debea2ce31ec25337d7,,
RESCAND-247c217eeb9f87e1fe2babce,EXTLOC-37f2c7ffed32bfa6354bdb36,,
RESCAND-5a4d462a0f728829ebe8c126,EXTLOC-69b15c75e3be3d3a9d5e3da9,,
RESCAND-630946b0fb8f6d28a449e93a,EXTLOC-ec02a0b3a05ea35edb65edc4,,
RESCAND-72cd0574dbc1afc21be49ddc,EXTLOC-db0b1c6f4cf64a32fb76a64f,,
RESCAND-4585a0c0d1be9809ed2fc230,EXTLOC-6f77b4e62669416bedbc8bd1,,
RESCAND-afbc2a95a6f487f449587c10,EXTLOC-f7dffde6bf1ce8388b048afc,,
RESCAND-2d8b45cbbee0fc652c1681eb,EXTLOC-632b99497366efac9ea0daeb,,
RESCAND-7f0aea586efab663cf3bf1d0,EXTLOC-9645c81bf4fb31aebf9c9ed9,,
RESCAND-609ba8f7fb642fceac3bbe18,EXTLOC-1d8965dde61a2bf7940c5ef1,,
RESCAND-8aeca3117b48ffcab4c4d8dc,EXTLOC-8fc557fe145ebd4390e14a7f,,
RESCAND-2e97cd7dc88f90bd0c17ecf8,EXTLOC-15bc9e19709e65893d055a87,,
RESCAND-9c9658d2840cace25b9dc7af,EXTLOC-6b483aebfc48381ecd567707,,
RESCAND-665dad6717d809c232d7de11,EXTLOC-2dbd3e0c1ea185a5bcc9e88c,,
RESCAND-4840cc484561e574677e358a,EXTLOC-5612e4f8d2ad941c2d397337,,
RESCAND-0f458768d7a6c9e28167d83d,EXTLOC-30b1bfacc23ab40ef2341e8d,,
RESCAND-c3f371a50823520cba7906ab,EXTLOC-2efc12e9d492371dac4fda7e,,
RESCAND-c691184dfc941601bab9490e,EXTLOC-72acc6984fc8f29bd284de44,,
RESCAND-69b541c3c69eda4a85e14940,EXTLOC-cb40b22128312be6df1c56f4,,
RESCAND-5362ac99958d6886b35bd015,EXTLOC-e51b3b0c92240f709ddfea4c,,
RESCAND-c4a289129d55cb5d030b41d0,EXTLOC-8cf17810efd8d60ec95fac71,,
RESCAND-1c5c449eb9bc5025278944e5,EXTLOC-306eb74cba379f5f491a64ab,,
EXTCAND-d888cadc5cb68c1b07fa8651,EXTLOC-aec20cd39e422a14dc61acdf,,
RESCAND-88f7efcd3603663032d5ac6f,EXTLOC-c9baf11d6f23cc393d7d6511,,
RESCAND-9650dbe4ca2cefdd8ba4f531,EXTLOC-e028e364f72e5c40241db858,,
RESCAND-8939183c2e3862981de555a3,EXTLOC-ab5a465bb7329ef40fc19d2f,,
RESCAND-3b178b82909ee4f86315a501,EXTLOC-511d7707d7ffe52d29816029,,
RESCAND-8322c5f096afe661c3589f1f,EXTLOC-e8353a40edab140952f2a3e6,,
RESCAND-ce9b2f316ea58f37148f4ddf,EXTLOC-b52674fbf489d173adf74df1,,
RESCAND-dad28e95aee300f2d1554f68,EXTLOC-5e5bed777b1e7f904aa60f5d,,
RESCAND-d6fd1bc74318729c18b21b83,EXTLOC-3af1a03cd1edbeb0edceeb19,,
RESCAND-861e9a5d1f48220da0a3f3e0,EXTLOC-78e210511413c3aa8e48a9f5,,
RESCAND-bd0760bb85a30624481dae72,EXTLOC-7ea89506f457a3e674604afb,,
RESCAND-1d0132af41565926197dcd59,EXTLOC-7fbedb050639144f778c5792,,
EXTCAND-3004b4a91523f4673b468eeb,EXTLOC-8390acaab693e246da8dd246,,
EXTCAND-a9f63e8bec289f26db149724,EXTLOC-780aea0d7175eb63a4676aa9,,
RESCAND-24e90b8913f5e60468ee9e18,EXTLOC-efb37b80587514d526ebcc67,,
RESCAND-d3b44bcb26d560842edb30bd,EXTLOC-c8a49431a75572ebafe354d6,,
RESCAND-3ccf2b21403db6be14207b61,EXTLOC-57a39568ca843dd10643b731,,
RESCAND-ad4166424dcff6d2ba2a0b04,EXTLOC-2f495229860d3b1a646f799a,,
RESCAND-0007fae6a70cb7d1ca2329c1,EXTLOC-f60e3c9e90aaf0956e8577ef,,
RESCAND-5ee1cd539cbbf12e8324adf2,EXTLOC-fd552e62da7077211d6e0aaf,,
RESCAND-59bb99f0305810e5b2ede1a9,EXTLOC-1fef42c5e389bdffc2fff6f2,,
RESCAND-985914e05fadceee9306dc0c,EXTLOC-a96143cf1217d114e5cfe9f9,,
RESCAND-2c7fa4e6bb81aa8b9dc1da9e,EXTLOC-93c3bf5ada71be18f4206658,,
RESCAND-e13c5644e526461909f45f78,EXTLOC-3a5bd7ee33f4a44634e60470,,
RESCAND-c31ecc32aef196c425b4b990,EXTLOC-e1cb4fde3745834ec9561cc8,,
RESCAND-f9b22cec7e2343d184ebcb48,EXTLOC-d35e10f13117202ebaa11e96,,
RESCAND-5dc16ac04c48a7eaa9153ce2,EXTLOC-7e95fba039f2b82d9689b216,,
RESCAND-c2d3a7c5bdc561342c11c867,EXTLOC-ce46f30a9cf473cc3f670744,,
RESCAND-06e8903910ac7ed935e572b1,EXTLOC-61e10ea562d1984146bde1b9,,
RESCAND-dd7704578f74851079a27176,EXTLOC-e94160f68c490305615d700c,,
RESCAND-e2a00d1edb35105a95def56c,EXTLOC-6f71e39815427677d4e3e2eb,,
RESCAND-cf7b354be0104259f52eaa9d,EXTLOC-8d438bcae086dbf8086be0f1,,
RESCAND-27106c869dc395602d5bbd12,EXTLOC-45ac4aee69d4d3c3f45c86fa,,
RESCAND-14de8f819e7511bae92aed5f,EXTLOC-4ec5412e2ff96c7e64e73af2,,
RESCAND-f6cbaface5cef18a6b740fee,EXTLOC-4e82878a69202afea3dc1c64,,
RESCAND-87c84e13f25651136afd43eb,EXTLOC-ab5305de84069610cdb963ab,,
RESCAND-396655460504a03cd8771459,EXTLOC-594ca9f9335f316e67019f08,,
RESCAND-84cd23477260eb2aec5db452,EXTLOC-d755f964a9905f02b3401953,,
RESCAND-d8d0c26dba97357938ea5e64,EXTLOC-ea86f463c8f90ebd47cb82da,,
RESCAND-4e7d10bae313d431446bc29a,EXTLOC-abbf83c88653e60d6122e5cb,,
RESCAND-8916d0824ad55137004e3b0e,EXTLOC-e75cc82e2c7e7d82c006e7a9,,
RESCAND-49912101b307e5f9631485d0,EXTLOC-63b7fefa4f218c9add4013a8,,
RESCAND-5ab66055388b01ede6cb1d28,EXTLOC-830da862d68db17d3cd4f212,,
RESCAND-a172478bd33a6cd9f4aca572,EXTLOC-93ed12a9ab56714ed33ce222,,
RESCAND-b84debac800ff8bbcdd93e3d,EXTLOC-c5e5a4c3f495d32df71608f5,,
RESCAND-d65c6d3d49fb0252e6024e63,EXTLOC-1bed21ad160a087f3cf4a23d,,
RESCAND-401f372c7f5c5182db157895,EXTLOC-0101517e16b2281b8f82bf67,,
RESCAND-93f9772d37e2af02b42cb355,EXTLOC-9c274519d05d95e696b61584,,
RESCAND-c6df30ceac866f640705c7fa,EXTLOC-6dd470fdcc42370c0b27e3f6,,
RESCAND-73edf279a13d569df82b74c9,EXTLOC-4c4f92a90c89f482861c6e27,,
RESCAND-7d54c53fe3386d9adaa9a860,EXTLOC-8d895826a2d42a8c7208ce7c,,
RESCAND-4db3889698046bb5a8d1e62f,EXTLOC-5c58e2f28141d5db53c06209,,
RESCAND-9b924429db7f7ae4dab88be8,EXTLOC-d2141f3f1adcbec762771060,,
RESCAND-93c558fe969d628314a3bcb4,EXTLOC-0069916e5aac5a37cfe9aeba,,
RESCAND-f083f784daf144d6b08ce0f9,EXTLOC-d3c04ff75bcc13e53c736c89,,
RESCAND-85401809c6c8c6df20a92a59,EXTLOC-be7150106ee342eab369dfc5,,
RESCAND-9803a3ddc612686454805929,EXTLOC-7c9b82a22a4957c528bfa847,,
RESCAND-fc7d9c695a843530d0ef8881,EXTLOC-bcce564419da0f923873cae7,,
RESCAND-5ed3db484dd8c5ec65cd4d77,EXTLOC-98adb6c8507ea9ad211d7a83,,
RESCAND-de6a90cf284450d3ee9c3429,EXTLOC-0bac2bbcd8acd6549454de2e,,
RESCAND-ee364706bdc3e21639e30e28,EXTLOC-bca7e3930c418bd8621127fa,,
RESCAND-8a7f69442d7fd6fb88917801,EXTLOC-3253c9345a2f7b53e3eacaa4,,
RESCAND-f87a8a9f86bfefd68777b2d3,EXTLOC-e48cfaf2f84b692e9b91bd4d,,
RESCAND-cd24e66be33e8bd6d5e1134b,EXTLOC-063e8d0a330f0d6eb62fee5e,,
RESCAND-7ad2f1334f37a55350142592,EXTLOC-84916aedc791fea40118a388,,
RESCAND-0d04bb1a7d2e34b78a3c5a1d,EXTLOC-089ec7875ee45d4b3d754987,,
RESCAND-938b280ff638b97987aba25d,EXTLOC-478353ad872f9f6e4e82ac1a,,
RESCAND-67fc0c8b7300f755fade685e,EXTLOC-c0230b9b280b594f3952d589,,
RESCAND-e7a7e4d47bd61a041dd664df,EXTLOC-b738a9686d56ba58674d5da1,,
RESCAND-b36bcb9b85182c97ea8e58c5,EXTLOC-efdc06e2bdc7666b4185c71e,,
EXTCAND-598d8df415d75773f122b2b4,EXTLOC-e66c391844c0ab6c55db456b,,
EXTCAND-f6d1bd02947cad31b62807fb,EXTLOC-80070974ecd23ff6ed7ff4ac,,
EXTCAND-8217bdbac47bb0ccab85ac3a,EXTLOC-e5bf2fc02d70e165d00ceaf2,,
RESCAND-bf29b50a2015991bff351283,EXTLOC-1cb2d8187bfd361e233be414,,
EXTCAND-54c48453b454e4d0594e4b41,EXTLOC-e9ed30302909d825813465e6,,
RESCAND-6828191ba1989056c12a2cae,EXTLOC-b7de95fed8b135c7fca41ff9,,
EXTCAND-db63572d646a8a7e93339f9f,EXTLOC-56ae57d51c71c5407a4c8e72,,
EXTCAND-49fbffe093d0ba9ec6f4eaf9,EXTLOC-8187fa0704757c347828417f,,
RESCAND-92aeba34a22ec85c31a15320,EXTLOC-f90d064418b78cc3e570b04a,,
RESCAND-7fec80d556ed26b95dab0d7a,EXTLOC-0de5bc76aaa709dac3ae0164,,
RESCAND-483a8f1e4d849d5e5d2f8d59,EXTLOC-e516f540e3bb9d294f6d93e2,,
RESCAND-4e5173c368c439586866475b,EXTLOC-7203c3f96236d5ef1c545215,,
RESCAND-c981af7f3c6b66ce0d17cf4d,EXTLOC-ac7946873ff8e7f4577cb670,,
RESCAND-5864ef1a0a0970b87f36a3bd,EXTLOC-c2837c325208e90ce6c031e5,,
RESCAND-26e1f7f8273b97e6009534ba,EXTLOC-6d81405e0cd38a26a1d0913b,,
RESCAND-2b81407de924cb845a7129d1,EXTLOC-6104d5aa7f5c7b8f4fe127b8,,
RESCAND-ce3b22482e84be1059941dcb,EXTLOC-4961eb69ca839c67d402dc82,,
RESCAND-8d42f912d6e154acab0aa5da,EXTLOC-8e368b04157863c1ed537276,,
RESCAND-e052df0a40e7c20ed5cb9747,EXTLOC-575c46222d4d421544085cc0,,
RESCAND-2bf3692f559744caa51bf241,EXTLOC-b1ce92a9185468455227f938,,
RESCAND-9abb07de7978636670658011,EXTLOC-6cc4a13bddf1b863d026c247,,
RESCAND-02174d1065d7cb84a11e9e31,EXTLOC-b0cc2499337df6b87a16b731,,
RESCAND-25922da30e401c2d573c62b7,EXTLOC-6d36426da9c2c93c3ff7fbd1,,
RESCAND-cde22accf704a74bb1866ebc,EXTLOC-36cd234b0fba1008340309c4,,
RESCAND-a22c945e47c828f0265d2e2e,EXTLOC-80faabde3bfc65e71b4bcc71,,
RESCAND-3f833c94de3b5163f1892372,EXTLOC-a466c5d369bb31cd38beac02,,
RESCAND-f0b528ed76f80a5a45f8fb26,EXTLOC-437efe983c1bc5d72347dff4,,
RESCAND-be64b5cd3a2427e6c7e95f84,EXTLOC-51157bd365623c37759b54b6,,
RESCAND-41350e0f200fe5bb21e5bc5e,EXTLOC-3477415b27897698d8bf945d,,
RESCAND-ff7d0ea68c2f2d4d7b946085,EXTLOC-df0d031d51ff52f59f2d5ab1,,
RESCAND-dcb29313c2fa1c37dd46a15d,EXTLOC-da881345a4d74fc2bf9987b1,,
RESCAND-de4f9b1f15c2843b8ba16e75,EXTLOC-3cc4e20d6c6b1582c0dfa39d,,
RESCAND-fbf1332d1dd7e866b5d72b3f,EXTLOC-62a86ff12f969d91fa4ab7a9,,
RESCAND-e3198955fffe521899dfae7d,EXTLOC-1e8a1d2abf1dc6122a9eb2e1,,
RESCAND-34f7d0bf432c0e537add82e8,EXTLOC-59ee5bedebd1a5cea3efe3a9,,
EXTCAND-d756cac93f0cce9c73d6eda8,EXTLOC-97975f25472bd4b1f230599f,,
RESCAND-f9186ac052d4805c08051181,EXTLOC-be0ee7f7ec868db4f82b12ba,,
RESCAND-8826616db9d4ea81551a69ec,EXTLOC-e6798b527b71c88bab4fc59b,,
RESCAND-ddc8c32d8ff0e4e7f4423042,EXTLOC-df5faef674c7499dd10e54fc,,
EXTCAND-fac88f06195a738494a6efb6,EXTLOC-5e9d1219ce1de9cee21726e0,,
RESCAND-fd90f98c2b409574b789b6ca,EXTLOC-d586df805e0b656fff2f254e,,
RESCAND-b5b76d267fa478e4040ee6d3,EXTLOC-4f85dce79fcc60b395b7b8e9,,
RESCAND-63e83b96e74507a21bef083c,EXTLOC-f14e87760d8a6ad937d2c2e8,,
RESCAND-b5633ba667021cf900c1e1c4,EXTLOC-7840f55d1be2e39d04dc00de,,
EXTCAND-e9b59ddc6f1f85ebf49dbd2b,EXTLOC-363e59cd75967c6421746304,,
EXTCAND-d1c7bacace455dcef8eb6b3b,EXTLOC-3f607397c65d24443043ad5f,,
EXTCAND-6b49f57666fbda4f8a7df6d0,EXTLOC-cde3481d6521bdb5577fc5bf,,
RESCAND-2b3ef4328f00c2dde9e12acb,EXTLOC-cdd17982101a7e3fc11869d8,,
RESCAND-ce3121a5e0adb9908fa95881,EXTLOC-89becb761ab69535ae1490b1,,
RESCAND-958058cad6b040d8ff9c9088,EXTLOC-2c23c340a7268e4c1fc2a993,,
RESCAND-57b7d4a5fefaf986bd41f9a1,EXTLOC-1e6dcfb10c7c5e8b41e0114d,,
RESCAND-3869216183784eee018fdd5d,EXTLOC-f1c6644c3bd72ef110dad506,,
RESCAND-ee0281ae2f717d9b70223db7,EXTLOC-40ebac04a178ebb66408e543,,
RESCAND-d145ae417f4c884da63c687c,EXTLOC-70dc6dde6526a7d1a51d6a0f,,
RESCAND-9e76e63b404b0a2bd8e8f0cd,EXTLOC-30a4e59182e6351089703ca8,,
RESCAND-c58e363a1e0fcc1157751506,EXTLOC-5babb47509b61902c1f40b48,,
RESCAND-6109b1857757e3c1fa4d9345,EXTLOC-8ef1d2f3a36c7853e706d501,,
RESCAND-b11af721f32fdf31f652bf25,EXTLOC-8c3faea8f743ce2f068f6926,,
RESCAND-85eef31960c4354505fe9599,EXTLOC-485119c8254d3b041667c580,,
RESCAND-dce4a20281d92e3cf5290ff3,EXTLOC-4a37a8d96fea52f463e0a447,,
RESCAND-d48d9bc314e756730adc1cbe,EXTLOC-b6930b6bac47c245e291e03b,,
RESCAND-fd6e09508777455fa266fbf0,EXTLOC-87581616269555f85a2b8dc4,,
RESCAND-971d910391d4d9a47eb1dcf7,EXTLOC-b8b1a21fbc0019a07156a2ff,,
RESCAND-c3f93443c650662c2243dafa,EXTLOC-712b60f0965977e059fe9c2e,,
RESCAND-8e4c981c3a50254fa67a897b,EXTLOC-6db438c01f1358017ee29743,,
RESCAND-dcdd5f3ed9f170c06d46cc02,EXTLOC-39d7a804dd2b33538f41ff7e,,
RESCAND-da65e613c31cc52acb6f5ff8,EXTLOC-782ee71cd1dfd33970e42026,,
RESCAND-512fbf71344ae25c68d8eb88,EXTLOC-487e0257d43967c5ac3b85c9,,
RESCAND-6d0fb87339612fa58df0b351,EXTLOC-4697eec6cb3533b501c6403d,,
RESCAND-38e5e34bd5856f4405e0f6f3,EXTLOC-c1bab4fc039a97b2d03f298c,,
RESCAND-aa80331388143376eb2e805d,EXTLOC-2416aaef66ae817cf467f078,,
RESCAND-de70f333ef8c4ee57e4f36ca,EXTLOC-2697fdfb3e1eabf8749670c7,,
RESCAND-615d8f8f03f281ad910d86c3,EXTLOC-0edd01ccabca71f82852645c,,
RESCAND-fd30614abf9f47c9aca264eb,EXTLOC-6227a225e479ea275f5caeea,,
RESCAND-da6a338052e50b7557874fef,EXTLOC-1ad5de43a6cd69522608fb50,,
RESCAND-0d47742f7fe0d8609447b304,EXTLOC-20221309058c51f4a569f94f,,
RESCAND-df98d9e247ed40e4a6b61106,EXTLOC-e90ab3273751dd31012d0312,,
RESCAND-6a036f0913d8f216c4999516,EXTLOC-6b87acf8daa8f17afaa643cb,,
RESCAND-b53bca487cfd9219dae2f067,EXTLOC-f9269314e6449f20058f6edd,,
RESCAND-70e0ca706813be75ebe08c5a,EXTLOC-9c49558d97a00dae315dff52,,
RESCAND-7c151efd96cf2940e6810911,EXTLOC-9c836d3fa4b6e89eee268e65,,
RESCAND-646dabff1452f7eb5870b2c2,EXTLOC-4272dc5050cbf7ed5ae07655,,
RESCAND-828a5511b8eb470d518419dd,EXTLOC-0f429ddea1845aa8188ff8e1,,
RESCAND-ec7e1cca3c96a0324d00d674,EXTLOC-a18397b68a01c32d49205689,,
RESCAND-532bd0ef443cf4182c52b83f,EXTLOC-5aa3755d9e0b8c95d300f359,,
RESCAND-549cf1b94478bef3c9aaaa3c,EXTLOC-2c59fe37f04077ec4b08351e,,
EXTCAND-9010905f70588f6e64c9813e,EXTLOC-25f49e5ff3081159b3f51f7b,,
RESCAND-92a69696949c1fea63cbbdcd,EXTLOC-c226f0dcc6a8bf83d1c95f9a,,
RESCAND-a0ab7c59d9acc38ec72096d5,EXTLOC-4f20f1372f6116f27826f16c,,
EXTCAND-7a8f0f17653ce1d2ee010d09,EXTLOC-d74abf2b0d278fa0d7fe4bd1,,
EXTCAND-17952b50047ad74861803fb4,EXTLOC-d009cae31e546983c09a06ee,,
RESCAND-a1c60b7641e565a230351b6b,EXTLOC-648611cb54e12c8e41516a32,,
EXTCAND-004968595cdcdd33457a0a48,EXTLOC-aca3d32c6f57f2f3f4b07f2c,,
EXTCAND-3a59d98b542bc61d140dfa4e,EXTLOC-10d4fb1ea2303a518cff7ad3,,
EXTCAND-b20e644b3242e24297347f86,EXTLOC-91597169ad5048613f13af45,,
EXTCAND-7168d2b0a0fb63cfa471a913,EXTLOC-e206245847f85237166be131,,
RESCAND-e4beb561afe204ec99cd358f,EXTLOC-9b83cffbeeddbfefd4647a9a,,
EXTCAND-43f5df2f0a133f23151fe11c,EXTLOC-9e33ccce4419f84f87ebc2a6,,
RESCAND-bba141aeba594e8135b03b99,EXTLOC-31920e915bd8b81ca177507d,,
EXTCAND-7c918ce8e82ec7006413fdbe,EXTLOC-bdaaa78418b28d78b6ea82a2,,
EXTCAND-c5ef5bf1fd9de1e8d3c47308,EXTLOC-4f7e5e8a32735c42129710ec,,
RESCAND-6914349b33cd3cc94cfcc385,EXTLOC-07ae5109471c20f47dc0420a,,
EXTCAND-3c1b36a9e87eede45a0c4679,EXTLOC-694f3787e5ae45c542126c10,,
EXTCAND-a1a652644a77f7513a31024b,EXTLOC-ecb23626b6392ca38d7ba03c,,
RESCAND-159b6a11e984a2b8319176a3,EXTLOC-86e73bd65d1be5add436f190,,
EXTCAND-0c01073a5fcd6784e4d83801,EXTLOC-99f300a39fe1a4ba0174df24,,
EXTCAND-cad57da5e351c03e976888f3,EXTLOC-7c7d1fc0633653b5e93d95b8,,
EXTCAND-3525d0c15d5acaaf9982c4ac,EXTLOC-d164eca7f327682369a46da2,,
EXTCAND-6c00f1df7e8c2d8644fce0f6,EXTLOC-71b856103c19780787833305,,
EXTCAND-cc7e130b43af6250cfb027d2,EXTLOC-095dcfcf3849548a9718bdea,,
RESCAND-7575dacfec0b6e0eb3caae92,EXTLOC-eb591f67c76c03fbb3cfa5e5,,
EXTCAND-47f42c3ce912dd5542f51950,EXTLOC-573168c9df8fea247680f573,,
RESCAND-80fcb7322e6dc73ea712732b,EXTLOC-133a5e2648b5cd5f6d23edad,,
EXTCAND-c58833af143eeda44e21f6c9,EXTLOC-2758c17a272356307d5854ab,,
EXTCAND-c6a8598402ddf416cba4a8cb,EXTLOC-a0750d4c8d7557d7808ace29,,
EXTCAND-e96861de5f47a58950df84e9,EXTLOC-fd40faf6eb39e6ab177894a3,,
EXTCAND-139756e761d15cab0ab3ce45,EXTLOC-0cae7857dffcfeebed560e44,,
RESCAND-42266cccd49b4d358e3fccb7,EXTLOC-95e101a13add9da0b3fdbb19,,
EXTCAND-6fb25b00f4114b550942e477,EXTLOC-851ab7fce970c8a399096c0e,,
RESCAND-5d0e3c25f42e76141f050e49,EXTLOC-17effe910d5cd236a127c53e,,
EXTCAND-737c38d4fe0a45bcc5b1fe53,EXTLOC-bf1c22fd4bdaf9e6689f2c35,,
RESCAND-bde494a2346506adc04f377f,EXTLOC-ebb0acd3e5315e93be97b474,,
RESCAND-25bd27a55592b62de25f8b45,EXTLOC-1b5a75e8473b698ca539ae84,,
RESCAND-612ebc5b715e9dd0623f0b22,EXTLOC-5440a5fd53b99a32d974c2b1,,
RESCAND-96616980b7a26555b24075b3,EXTLOC-44b40945100a6447c2b0874c,,
EXTCAND-7ef7feb4c7d002f62d77730e,EXTLOC-845aaf3498f808254ad661b3,,
RESCAND-b2c9c802b41d1fb8446c76fb,EXTLOC-8e91cd0fd71bce0c530e2391,,
RESCAND-267037e39edf5c4402d209bf,EXTLOC-c27f60f391cfd77b778edeb6,,
RESCAND-0a631b75833d947f4081fe25,EXTLOC-2f03134c769356404b74cb44,,
EXTCAND-0413030c0bdea7357a543116,EXTLOC-6ee513ee14a34eb61d717bbb,,
RESCAND-7e735224835fec095a2ee772,EXTLOC-6ee13b31e0911dcce1d4fbcd,,
EXTCAND-6abce92cc93f164e1165b3fd,EXTLOC-cef00e8a6f1cdfb9031c29d3,,
EXTCAND-11dcfa0a7114a33d401db12e,EXTLOC-b2f5f4c4812393e161d7dccc,,
RESCAND-d21f43f304ab56bdddebfcb7,EXTLOC-9bd953756ec097f063160cd3,,
RESCAND-a24d4a8b756b1d1cb0f7f363,EXTLOC-c1aff27edc3a3c4b8667460e,,
RESCAND-bc14696a563b1a81816125f8,EXTLOC-9be36702075f1efd45cac3ec,,
EXTCAND-0edda34d7e8e8cd7555e8d5b,EXTLOC-27f364e1852408c61bd6b475,,
RESCAND-6342fe400b414daa8933bf75,EXTLOC-be892691a8985942968c95a2,,
EXTCAND-d9ec3bdc4a38670f77e4fa35,EXTLOC-3d093e64d4baff764c75599a,,
EXTCAND-bd0299a4d1681db2dce9a597,EXTLOC-036e0ebb73924e06face98cb,,
RESCAND-f1cc98f2d9ba6969988f77cd,EXTLOC-a39f905a7ad2a5aff80f6d81,,
RESCAND-fa7c8cda78cacf85ab61d786,EXTLOC-b3946d1c783141dc70de8f34,,
EXTCAND-8518b50882267b431e30bada,EXTLOC-29a6ee9f273107209a3c37cc,,
EXTCAND-0a3494fff71864d18101e470,EXTLOC-1d9642159cb4d93ec0f630b4,,
RESCAND-c74f27860dcab2e3de9a3d70,EXTLOC-6576773281070a9e018ce2a1,,
RESCAND-87e3e732cda311a7469ac1f3,EXTLOC-4a4d7fe6d431ba9c8274a24c,,
EXTCAND-746daa9b2c3bf92478c52d5e,EXTLOC-828c5eeeb4cefdca22ce8e4f,,
EXTCAND-c77a0428d443dab9f7e0c2b5,EXTLOC-f2e3a59f48ffb016445757fe,,
EXTCAND-b8b51efba81ebf83d68ffbc3,EXTLOC-13aa9369cccf23198404176a,,
EXTCAND-ba78ea0f4a45e767073e9d2a,EXTLOC-49913ce90dac38edd562cc2c,,
RESCAND-aa36403123c3a2dba978ae4b,EXTLOC-c7973bee9da194259bc44d4f,,
RESCAND-46e4fac80784fec86184bfcb,EXTLOC-6a71e225182d3fb8749ca5cc,,
EXTCAND-b1c3e4002b71945a363f4fc8,EXTLOC-c4f8059065f72c1a47a85c4c,,
EXTCAND-7417a759b5d26f42b10a838e,EXTLOC-d1e4ec2d555eed4b83479fc7,,
EXTCAND-94abc854a0119c33865f3839,EXTLOC-6fb61205d7bae3ba3d44defa,,
EXTCAND-ab9789f795c7593aa39afd59,EXTLOC-9c0229822d155970fca0cdba,,
EXTCAND-6b43a234e144b7a54bc2f83a,EXTLOC-7cb606ff8575f45b30a936e8,,
EXTCAND-c6c942bd2305cbed01903fbe,EXTLOC-55d64f868badc589c8767507,,
RESCAND-2de5b6cc134ebf4cd16a19db,EXTLOC-c4f43fc37b4ad7b75c549c55,,
RESCAND-5e054e24c9a7500a24f0ca9f,EXTLOC-a327416c163278efdffa2a70,,
RESCAND-1d53223239f8fc03153ba631,EXTLOC-315b76a3a1339fbc6f49e181,,
RESCAND-ee12aaa65a9a478ccc7b7f5f,EXTLOC-bd2c6cc33d2c1049c042e50d,,
EXTCAND-b839b65decf7e97e6a9f7857,EXTLOC-e2141a934c928d4e0c727644,,
EXTCAND-781474c1b5542d7d5cd940bd,EXTLOC-020e4294f11928b61effbe06,,
EXTCAND-05b9852375c7937bbd44fdea,EXTLOC-60d8b5a1e66235e8b1effbbe,,
RESCAND-ed948616d10fdc84d35970f0,EXTLOC-feac7f6bf516e4b036c0b84a,,
RESCAND-9a44ba43b224c52d31559f0b,EXTLOC-134eb5fc8b8e55ab6f94dfec,,
EXTCAND-7139f5d1988b8513be147923,EXTLOC-e84ca02bceb6d8e057e260c2,,
RESCAND-94918df2b64f90f2d2afe4a7,EXTLOC-9d35e0c935fc38b6112240d1,,
RESCAND-efc0260a34989c7ebde60b81,EXTLOC-2f12a9fdbced3e8a85064ebc,,
RESCAND-f191118bac3e792b62030f94,EXTLOC-d96ac01aa9f40ba27fd65deb,,
RESCAND-07f112e7c8c47838fcebdbc8,EXTLOC-83d74c117850b732a6f5273e,,
RESCAND-88ea704dccf10c85c7f37f14,EXTLOC-a1081659d8b6d3c6ca1f1fe8,,
EXTCAND-44b31508ef54941d3edc6d8c,EXTLOC-544beb96ef2999b5014bdfd3,,
EXTCAND-bc09a8dce74f1058f748b6cc,EXTLOC-847b8fa3d0ff051df15f4f13,,
EXTCAND-b5dc63ca726e226b05e879e8,EXTLOC-d6d8ed59cdc3880bc3d2156b,,
RESCAND-d738c27bf0e1598115a7b583,EXTLOC-45b2fb674d0122f8d806c91b,,
RESCAND-c62631531a99f2dcd4e4f3d9,EXTLOC-af2a79cd0e2c72c59003053d,,
RESCAND-1e97333b26ce4f71c1385150,EXTLOC-35fae857c25d117d639adb41,,
RESCAND-a024d7dadca3bbad3158729a,EXTLOC-642a66a81e2d1b4ca563f30d,,
EXTCAND-eeedc39727697f4990f4c47c,EXTLOC-0b4329d3fbbcea4d1af82bb8,,
EXTCAND-a12c186dfb0327e24a1f0df4,EXTLOC-6336bff88866ef3622eee161,,
RESCAND-6a1fdc3ddf4d3551eb0b6c3c,EXTLOC-2d71aaae5ca4fa5c0ca2e159,,
RESCAND-55ffca4318de99a81c5390cc,EXTLOC-ed9e0117be81b70463df3c57,,
RESCAND-8469ba90ce3c12925492218a,EXTLOC-7ba32ec0991018a8198988b3,,
RESCAND-510fb86bcfeec0fafa91301c,EXTLOC-d84ffe923913971d961952d4,,
RESCAND-71a0d0944f387d86659c6ae0,EXTLOC-29c072671ee61961131ec72a,,
RESCAND-bd361ffd4c885b22981151c1,EXTLOC-3eee38a3fa7677af4ef3430d,,
RESCAND-90f7a2cd545c06bde03a19b7,EXTLOC-f74ed78c604d83d16be6a775,,
RESCAND-6a22070147bf09bf258b13d7,EXTLOC-d6a6ef43f5ee65ee177fea6f,,
EXTCAND-19ac360a0787566b2e1fa124,EXTLOC-42447e8f038975cd650b1068,,
RESCAND-cc9a0adddda6a6b123272493,EXTLOC-ca1987ac2b4680a056b35770,,
RESCAND-7aa5b22efcc25d893eef8abb,EXTLOC-16ac1f8d6d04f768889b7ab4,,
EXTCAND-8bd4327438cef3d7f40f4322,EXTLOC-5c097288cd198751638995a6,,
EXTCAND-29621660082fc657a046bf95,EXTLOC-5ef2ae6a3827b7f4922ffe88,,
RESCAND-b232b8d529bbf03544afad30,EXTLOC-9b1ff55f2582e38824d3d387,,
RESCAND-64b039dd21a597cac6d12fbf,EXTLOC-2fdb7aeed794c1ba3676b7e3,,
RESCAND-62ba2a6920c95983e77e8804,EXTLOC-4c3b3f519a360432fb42b545,,
RESCAND-bf11faaeaf59aaea9f848793,EXTLOC-c940806d32f87565e1c228a2,,
RESCAND-153fbc2a5d0f1236d49e4b15,EXTLOC-19566f994efa678bfde7a8fd,,
RESCAND-0b3057b42daabff2b39f3173,EXTLOC-697a5b81513eaba416a7f804,,
RESCAND-6750b5070ee3969a8e848454,EXTLOC-8512214a67f441320c2964e5,,
RESCAND-5d0242e31ac5dfd0ab4837a8,EXTLOC-35b65a39bfea24a68ce1ce45,,
RESCAND-26efb8f80b8155874036c1fd,EXTLOC-c4a2eeaa2fca05b4688dd194,,
EXTCAND-77f81f7c2f83d2d32e6344b5,EXTLOC-e65334200242fb9d0beacfbe,,
EXTCAND-9ffe229ced254877d3e090e9,EXTLOC-ee0b336fcdca3429d89442e6,,
RESCAND-6daf7211c7b827e9fea0f400,EXTLOC-0bbc0190f1ca6a150ed59903,,
RESCAND-e491545d7c81c6f359ac5f44,EXTLOC-6f9569ac79c42946ff7c807d,,
RESCAND-036fba5b5ffc8fb318a1eee4,EXTLOC-10401dc3f154263553629abd,,
RESCAND-b9d8f8a800c1161ceace45e8,EXTLOC-91008b187e7c0a2d70e088be,,
RESCAND-695e9a2c9e70e5bc504c3df0,EXTLOC-111a07324ec145de0ab2c754,,
EXTCAND-3bfac88a4abb941a6ed8a617,EXTLOC-619b61e4092451fabe577a72,,
RESCAND-a6e55b31dc2ab2eec1ba37a4,EXTLOC-e78df4d46ae76109ad467e13,,
RESCAND-2754977070ee813904a9ceae,EXTLOC-aeb6cfec9fb522806c1e23b9,,
RESCAND-3f78c90c0bd9a2eea70f3e4e,EXTLOC-e4c45ad0113ce769b67243d7,,
RESCAND-4252c1a7d318230a766edbab,EXTLOC-bb6fbfa59e32be9f099cd23b,,
RESCAND-7cce0e611890dba9eba9d30a,EXTLOC-ee5351141130f7859e4f32d8,,
RESCAND-31cc68047de4cfcc6c273285,EXTLOC-311f7746b6112edeaff080ad,,
RESCAND-1ec86d13aa68ae12d614be48,EXTLOC-a5f806d5d118399562e6eb20,,
RESCAND-78c5c4234d943f71ed4a0beb,EXTLOC-a56aa5fa809582a9c6b7bfd6,,
RESCAND-d86343fd582b57fbe3f735a2,EXTLOC-24e6f270ef88aa073a619f75,,
RESCAND-d100cf5b7198baf43e6e9d42,EXTLOC-61de64cd7e8a155c11c2a30b,,
RESCAND-7eeca9c798bdf0210b1d34ae,EXTLOC-a86f8fbd0b974af341416bbd,,
RESCAND-9c627a7d04e6540bb7091cf1,EXTLOC-b65c58d58f111dceefa8e547,,
RESCAND-668599b10e6c6fe4d824fda2,EXTLOC-d526ed524bb22bb9f91e5ff0,,
RESCAND-5feaffdd454105cc0076f560,EXTLOC-38b4fb6569d005cb2e5ab34d,,
RESCAND-2cefab31a375cffc2fbb8639,EXTLOC-ae3044af4c4587cefb9cdd58,,
RESCAND-c9493afb856fe7365bd66cb0,EXTLOC-5c62b01ba43d9ae3fba0b479,,
RESCAND-ff315d8c1361e6090f3acd14,EXTLOC-09da9d41ab1391eab68757b6,,
EXTCAND-c28c29eb0785ba9bbf7673b8,EXTLOC-862c8a280404369a364193c0,,
RESCAND-d90c2b6bfff713b9b1e4f9ba,EXTLOC-6f9db5702164e6b1b4659434,,
RESCAND-2aa9fc056a8b188fe273bbcb,EXTLOC-d6f6637809fa975fa8998e6d,,
RESCAND-0c3a037456e186e49537fe34,EXTLOC-4526df9bc52170c03846e6ac,,
EXTCAND-df21229faa64a4f1b5e8cf1f,EXTLOC-4c21e90f96c5541a4bc484cd,,
RESCAND-dd836a9738ede0aa1b895702,EXTLOC-de22295cd758cb3a3c603b94,,
RESCAND-6b691fa32004289aa4209e34,EXTLOC-d64e39a40b6ed2bac4f8a47d,,
RESCAND-1a1703bfb8ebe5a9e4c10739,EXTLOC-7bef9161c8528566759b16b3,,
RESCAND-56c240d5423ba2dd3df55345,EXTLOC-4aa512fe737997223b96872c,,
RESCAND-d5e9e8911c3dfc6959f77513,EXTLOC-98e3b6c7de939fe7b2c47eac,,
RESCAND-1e376579e662eeb23b464f5f,EXTLOC-1f5a0fc6c2dc4cec3b019447,,
RESCAND-64b34a06b0eb489b16105286,EXTLOC-8f2c05c2c18eb2da3c7a5980,,
RESCAND-00bec4e81661a770b408adda,EXTLOC-f911db789c406e009bd8992c,,
RESCAND-25aff20ba0bc457da44c62f5,EXTLOC-02ea83b6163c2a20f9947a96,,
EXTCAND-36ad19ef518aea24fe5add18,EXTLOC-15387f4e964aeef80b3bd758,,
RESCAND-36dfa8a87a37842d442695d5,EXTLOC-9c9a745cba4a3f1b357e4435,,
RESCAND-dc6e6c4a30dc1ba4b08628ed,EXTLOC-38358d28941154e56c59feba,,
RESCAND-14183548bb8d91a492e38b2d,EXTLOC-511882959c213bfe12995824,,
RESCAND-eaed1e7f447ca2116e1b4e7a,EXTLOC-a9dff164d3b60344928b1f19,,
RESCAND-4626e875234cb59c9ed626d0,EXTLOC-f8f2ffe65ce6c645bdff1df2,,
RESCAND-2763b546b326ca90d7ef940d,EXTLOC-a6f9beca59d8c1756ba214c5,,
RESCAND-3e501abd667ae2547fbdd8aa,EXTLOC-38a211d2399fede4d0659f59,,
RESCAND-7174e79201bcda5325afa597,EXTLOC-4059e4cb0fb3225e59390baf,,
RESCAND-16e700061d8295c193e10c1a,EXTLOC-d090374ffb9b07d4687a8c63,,
RESCAND-70e42b6a0f453bca6ba3ea85,EXTLOC-8aa3cbd6697a55c36154bc52,,
RESCAND-c36d95e9f50d7661bd8fadc3,EXTLOC-b797be5be208022853efc738,,
RESCAND-6afff5bfa68a7cc939e2de1b,EXTLOC-f713f231012a54c0afa04ec7,,
RESCAND-6541514ca21317b19c4e57cf,EXTLOC-22df0ac38f2073346fd144dc,,
RESCAND-116ae9a378eed0a195094bfc,EXTLOC-c71bc3458de5e9b13ec86c43,,
RESCAND-713b01dc52beac1bbc6235f5,EXTLOC-869c465a898c8713fff6881a,,
RESCAND-aed8f6aad86292f08be4c07f,EXTLOC-07ef46651d8c43048577841f,,
RESCAND-11588f1816a2eb60d4bda793,EXTLOC-9f1c435bb79210a2643eadbb,,
RESCAND-8d4922e97f8ec1a6bb573802,EXTLOC-d5a5d22e0b8dd7d78beddef9,,
RESCAND-899cf773be9db152a7bae774,EXTLOC-aac3ba98bfeb2904076a2239,,
RESCAND-03f6de73ae52bbfc0cbc08fb,EXTLOC-685749d72b5406e9ba894e7a,,
RESCAND-9c7a0159d510c2baf11660bf,EXTLOC-61bd491e850c5075e22d7f2e,,
RESCAND-ab77a5ab9bdcd33e9f086486,EXTLOC-9c03f01db21fec0c07ac3f45,,
RESCAND-b3571a8714c5d5b2ab7ec1aa,EXTLOC-63831675760613df552ddb4f,,
EXTCAND-c3c8614828ccdbb024035d9a,EXTLOC-88ac5939eb7ccd942a27739f,,
RESCAND-6f279f86f0aa4fa875d1e7af,EXTLOC-9fa54d883b57350ac9ce14b3,,
RESCAND-03a061fdbfee91553ce00894,EXTLOC-67c87e5543f25c9abc936fd3,,
RESCAND-fee1c2f266ba695eea93eb57,EXTLOC-5e338331962bd54b032a34d3,,
RESCAND-e91a6581ef73000c9f4a8bc4,EXTLOC-a5f72f7df9a9f78a95f7e361,,
RESCAND-d2c4119668a2ae4d8dcfa2a0,EXTLOC-e6f44dd1b7ce2c9a62b7410c,,
RESCAND-9cb9676e0e5efe9586c92bea,EXTLOC-8c9e3e2f07d0b70d216640cf,,
RESCAND-140da29dc98ec321269a924d,EXTLOC-4fcd0ba3b71fc6d90c44f337,,
RESCAND-6542e6f3ae10b2db130e408f,EXTLOC-73e99d2d992ae4007e2f9e9a,,
RESCAND-2cb5e9ab2401c945ccf3cf6b,EXTLOC-f504b8964fb8fe9587b45dab,,
RESCAND-e45497e9bf3a064113ced633,EXTLOC-8f2a2809e7557eb740924856,,
RESCAND-2bbf01a8bf362d0c322802ec,EXTLOC-5b828ef08bcc06fae976676d,,
RESCAND-7a357b7c35daf1b91277ebd8,EXTLOC-238784847acfcc2837ef8636,,
RESCAND-905a46caec111f005814c2cd,EXTLOC-7aaedb21761404ba9945c440,,
RESCAND-13d756542e8ce2451b2df13d,EXTLOC-5fc5e123fdcaf80776e068bb,,
RESCAND-444a6fff327954526e694773,EXTLOC-9e71a6b9f07db5ff0566d701,,
RESCAND-05897f34acacca64385e4ccd,EXTLOC-dd45b8b576669dbdf5b92e62,,
EXTCAND-e1db43c78d96406806ae9268,EXTLOC-4bee7a0b264bea17063232a6,,
EXTCAND-2cfb2e2e1e25081a258b78e6,EXTLOC-a1902f0a88dc8b105ef1e8ce,,
EXTCAND-9d81c992c0b4ae3d8b3e7603,EXTLOC-2f85f62f1e8f96ac6fcc5e47,,
EXTCAND-d945044676202eec98575bb0,EXTLOC-3b9eee0de7c7e07f1f63ee73,,
EXTCAND-38570e62e25d2dc66d278d8b,EXTLOC-e7a676ebdad2d5884f2d277d,,
EXTCAND-893bf2844e5a51df28e666f4,EXTLOC-86ac3563ba97af9994c9373d,,
EXTCAND-eb3ca70e0e16e629665a51b5,EXTLOC-16f34346adddf235244286ba,,
RESCAND-fd298cc795c10e2d5c1335de,EXTLOC-d99960e0e8d991e917e30104,,
EXTCAND-50b89d7e14fef3624232f60d,EXTLOC-f5dadc8aa73606523d38b070,,
RESCAND-15d637efde09b66789ee6744,EXTLOC-b681d1ad370e75079370ff9e,,
RESCAND-9af4cdce55f20c47b5dfc852,EXTLOC-3a81143e1ecd431fb4a31525,,
RESCAND-293894201a8f08f0c5ee6832,EXTLOC-477b4f044a319047c33e3941,,
RESCAND-a0e29399f09a058829987e9f,EXTLOC-591e59ab02fc9410e3c9b630,,
RESCAND-a15b1defaf6f332357f102c6,EXTLOC-57e84226b89cb547e5e4c2a8,,
EXTCAND-2fc785cd02a700cc0eb4c31b,EXTLOC-b3b54abe0db3c236d9586d0c,,
EXTCAND-0102c90df3caf1af2ece2dcc,EXTLOC-852bb3c15c8160a3b733df3b,,
RESCAND-f13cbcd277aca14d7da11af9,EXTLOC-54f8ff74118fafe3bbb81f47,,
EXTCAND-5b5249e4be8d4f07a7f9aeeb,EXTLOC-4a80d144fcf9e21eea5907d9,,
EXTCAND-ef63ed54bfb28e122771d69b,EXTLOC-d3127136a8711625b4e20d12,,
RESCAND-3339b87550a57392a0b639ee,EXTLOC-036b518ad9d7e7648c0f83ab,,
EXTCAND-d35ed6724bf5b48d552158db,EXTLOC-f6fc9d05b333fe1da3976db7,,
RESCAND-f2c1eceead2674d2be49322e,EXTLOC-3f7f18befd25a8f3d21633ee,,
RESCAND-b42b0406a6a97fe1cf99b947,EXTLOC-952b5a9ee1624557f97d1732,,
RESCAND-7ca7b394587f02be4369744c,EXTLOC-8db0401c790ae1c895396440,,
EXTCAND-d0b7b44b11d636f487bf3cea,EXTLOC-ce65d03e7d4c03f562d6b812,,
RESCAND-3e4fb01b445b85b9c5b1b32e,EXTLOC-756a5147b8cfd43edf90d5a3,,
EXTCAND-962bb8440726d3865d91ce7f,EXTLOC-ef99054357f6fbbbbaa0250c,,
RESCAND-cd050b43f496bb8396659dc9,EXTLOC-744a83d3901a1086eb5d2d3b,,
RESCAND-a71a7e0c0af79789548b6a4b,EXTLOC-5750bf67395a0f2819fb2959,,
RESCAND-4f4a6568668fd55fbaefca60,EXTLOC-3702679d3f0eedeb83afa2de,,
RESCAND-312a0595a00adbe12194d3a6,EXTLOC-a6802abcbbf8f52e76ac1f4d,,
EXTCAND-d5bd14562ba24bb996a35134,EXTLOC-42d206896036c85ee57f94e5,,
RESCAND-aa77f9011d98b4f53198130d,EXTLOC-75723bd545b9a876849b6fc3,,
RESCAND-c0b998fa9b089c7bbc91a321,EXTLOC-10d894a23d3b689d3297bfc6,,
EXTCAND-7718f3cb0ce3049604b41518,EXTLOC-8b51665af517e9a9ab96d333,,
EXTCAND-a2cdf0cedd1f495e1baa3bb3,EXTLOC-c58a29bdab4228bc8d35a10d,,
RESCAND-ae16de1bfa8e626afdc45be0,EXTLOC-0dcc7874d091611948066637,,
EXTCAND-a2d20d5ecfac08449c280d02,EXTLOC-07d413141b77be807baab974,,
RESCAND-178b6d17418be6033790a914,EXTLOC-36d015a2035b1057762054d4,,
RESCAND-bb96c01ada22515d9fb34763,EXTLOC-d33ef05f634e2550a45e82db,,
RESCAND-fef737222e827a2a54022de5,EXTLOC-0607a01f47bfb80d9ab3693f,,
RESCAND-5efd402432309239a423da19,EXTLOC-22dd9ab8745ea071f1128bec,,
EXTCAND-43912c23961e21b2d45d8310,EXTLOC-ebdbb48905790ebbeb7b9ef9,,
EXTCAND-27c0687cbf66b981e5aa4b18,EXTLOC-4d3efcd060b53a320c03f367,,
RESCAND-d9398267948b9a5950f45b62,EXTLOC-1299c85afbfa84624a77fd28,,
RESCAND-42b35d36b0d08bf22d2f1c87,EXTLOC-9a2b74e8f23f152f872bb502,,
RESCAND-bbd6279a3f35a64ef9dfcdab,EXTLOC-e12c9d6c9d946063f274557a,,
EXTCAND-a2caf0e25d8f04992b4235f3,EXTLOC-ad06e7180f96eb2144b69fe3,,
RESCAND-d59e3a746ef62946ee2142c6,EXTLOC-fcacdb480715e8809e15cc56,,
RESCAND-3b5609c83711089760a16de3,EXTLOC-1ed8d8a4ef7f9fe36c5ed15b,,
RESCAND-d347eba9fd01814228f54caa,EXTLOC-4ff1914c74f2afadc6e946e8,,
RESCAND-4e8178e83352bb2b51e8fdcf,EXTLOC-0e62cdb89d6b22ed58eebc74,,
EXTCAND-050e41fd7455db4466cfcdf2,EXTLOC-5bb94115f187be41bac4deaf,,
EXTCAND-9a61692c8cc263a936261964,EXTLOC-6ba3daeb1336574a6fd0834c,,
EXTCAND-cf46cc3845d4b158e11dbbf6,EXTLOC-89bb28d2aa4c8b4321b620d1,,
EXTCAND-e1dc4a99db440777afad767b,EXTLOC-20b5ea8e0b4bcd49007fa3e2,,
EXTCAND-e948021aec87ea410a5ffed1,EXTLOC-156bd5c17a29857c1a27f21f,,
EXTCAND-fc98f5cdf3ce21890aca9645,EXTLOC-f209c67adeff86d1fc3e63a2,,
EXTCAND-8e54076e3deb66a38a474489,EXTLOC-b27c1b2c67cb938d026458ef,,
EXTCAND-52e053d02c83e9af9a9803ef,EXTLOC-76d5fb95098f9f81ec977eaf,,
EXTCAND-8c03f034531405ce4daa6883,EXTLOC-3283a4baa667760d7a253ce6,,
EXTCAND-6ffc68b27d047e21d87c9408,EXTLOC-6304aaaf67fa6995c73573f4,,
EXTCAND-5b8e19d55ef868ab28468df4,EXTLOC-a8a4b0fd5a10a78b2246c2d5,,
RESCAND-ccdf5bcf85dab7d37c88e63b,EXTLOC-49f02be0718ca2b524e904ef,,
RESCAND-bc13f8d01984c6f772fbf40b,EXTLOC-685729b0e095347c01bf4bb9,,
EXTCAND-b29310f897291654db706c6a,EXTLOC-c87242a6077c7e51daa348de,,
RESCAND-7b84200a99acab48127853ce,EXTLOC-6d81a3d18064b829f3c7be1e,,
RESCAND-1dee26714fb006fa4d4979e8,EXTLOC-7efba4497ceabff1d50184a6,,
EXTCAND-31bd460bcfd1f04c3b35ce7a,EXTLOC-95a484a7ac6bb76fb95141c3,,
RESCAND-b17ba925891f3493e11c449c,EXTLOC-f5a7e6efb452b3ef30fedc67,,
RESCAND-31f2fcc006868b2d6f4965b9,EXTLOC-c8913284cc3c25d4dfe1843e,,
RESCAND-e015d0f4637d53c78bd9d159,EXTLOC-1bb13857192a8158565c55c2,,
RESCAND-48a7f416a3581b252631a19f,EXTLOC-0d384f44faddca364a9c6f00,,
RESCAND-1b9db6f77f4932d97fb7aebe,EXTLOC-fb023e84e210449e4e2cb342,,
RESCAND-68e8f4103e8dd31a92bd13b7,EXTLOC-883cec14ed45655124ba57fb,,
RESCAND-48f236b959b68bb25d419e56,EXTLOC-a0be0812715bccb3eeee50ef,,
RESCAND-6a7b1887e8cf28fd0ff7467b,EXTLOC-6fdad1174f161da16febc477,,
RESCAND-d779eb542284da25a875d133,EXTLOC-0d42d756466553c0a6f66520,,
RESCAND-87f14b2efecb752b2a2dc423,EXTLOC-15ae09a989be3eca395eaedd,,
RESCAND-d5df1ca0994145c9e9986fac,EXTLOC-056280be8ac914daa33c1758,,
RESCAND-e7190e9569d8272cddf5b56e,EXTLOC-de4d7eb3d3e700dba249821c,,
RESCAND-3a72de3ff9f99751de171d01,EXTLOC-4825145cd9c3b804f04e186f,,
EXTCAND-b5fd781766ff7cc7351dab36,EXTLOC-41427236ef44181ff86bbb9a,,
RESCAND-d24e76d12efc63dde5491eef,EXTLOC-4b7ed2b0eb7e067d4967720f,,
EXTCAND-96891939dbe99a7435208439,EXTLOC-dc0fdb63e7f9ff47036a3130,,
RESCAND-5d2809579476430776fca1f9,EXTLOC-0d0a4da4ed5a8164464aab8c,,
EXTCAND-e90efb9a207c4a9cd550089f,EXTLOC-2ac4a1b01cd53a661f3c1a14,,
EXTCAND-e440e89f47e29e4afb6ac0eb,EXTLOC-a0326783582d5231ef9dd3b1,,
RESCAND-e088e044e87146a7f78a0c30,EXTLOC-43d59ddc0e982f918143b43e,,
RESCAND-9474507efa361b939010f210,EXTLOC-5235da052239b449c00d6937,,
RESCAND-911fe5505dd065af8fccb40e,EXTLOC-9e5721bbfb251a762ad20693,,
EXTCAND-bbd47340d68a78f470cd2fc0,EXTLOC-38ff0a9ecac2b792e26b7752,,
EXTCAND-0100f65b3d0da64160300da3,EXTLOC-a2312ce95e5c539f1e34217a,,
RESCAND-c09094ec26d6c54ef685c633,EXTLOC-1233127704f9aff57908e36d,,
RESCAND-984be72cf37c2d655719bd2e,EXTLOC-3db3244ddeb3945eec145b31,,
EXTCAND-f3d46f18e6e3d53be25efa95,EXTLOC-f24d0b3e578b2f58946908c5,,
RESCAND-f42bdcf7f4a55bd630f72050,EXTLOC-1716985187d80914ee33e7a6,,
RESCAND-b3aff73aafa09e930c590cc3,EXTLOC-e7eafdf416f6837403be4997,,
EXTCAND-71acb4ca5f24d8f0c3611907,EXTLOC-a1889ed00540138c31bcbf2e,,
RESCAND-16310a3d04e46dda7887378c,EXTLOC-8a02fb715b3d8ec62dc6b472,,
RESCAND-fffe1248dbe87c976f1f4f87,EXTLOC-9078fd4de4a6eb2a4c3465bf,,
EXTCAND-a4a76e01c3d3baac02e373cb,EXTLOC-c764dad96864d07bfaa13686,,
EXTCAND-b1d54a631f427684874d1483,EXTLOC-39b7b8c08095d8626c774eb9,,
EXTCAND-885ff008a67cc18e725f703d,EXTLOC-375ab120a484fca90a196570,,
EXTCAND-31ef770db2854b90fe202e1a,EXTLOC-ff05523d1f159c91dec24d8c,,
EXTCAND-6adb7669a46114eaa12c5836,EXTLOC-0d3f3e69b8c2c1a52f2ba27a,,
RESCAND-f6537fe5a0503cd28168f168,EXTLOC-176cfccd29e38762bead06bb,,
EXTCAND-68a4dc90aa51b49a00e40e59,EXTLOC-bd8994cce6261ec4eb09a2eb,,
RESCAND-fae0be5d3ef00f22aba99491,EXTLOC-c97ccf699a1da90fa4655d1a,,
EXTCAND-3e31e616b21d37bc0c956791,EXTLOC-7d434261eca1d0b55b95175e,,
RESCAND-bd75073e9e45a956bfe70273,EXTLOC-d58884de6e4bc7147ca1f05f,,
EXTCAND-f5dbf2eec998e85d9bdd5fda,EXTLOC-8c20eb628854005ca00e3b1a,,
RESCAND-d1dae67fd49400f0be49e13c,EXTLOC-cf0ccd34d1ca84b07bea1877,,
EXTCAND-c7f7bee2a510f441284f9c30,EXTLOC-bab7a6ddbe3692941c2b1885,,
EXTCAND-4d550ca7764624a692d3dede,EXTLOC-b84f54f0a2478bc210ac8236,,
EXTCAND-580d1d4f652fafa5a8382c49,EXTLOC-49f12995ea607fd372a43023,,
EXTCAND-16c345d93acd055072686cc2,EXTLOC-04667f198a3a60ed69e81725,,
EXTCAND-59e8f02f8a591e5e4cbfdae1,EXTLOC-ebde0265da0407eeded5abb0,,
RESCAND-3a4a863d9403763f67785993,EXTLOC-f222813a86fd655121b2887a,,
EXTCAND-161f3a7517846f50cef97b72,EXTLOC-ab621e67b0550de6f10d1630,,
EXTCAND-7496a06a07ebe9852decc67b,EXTLOC-4bf68bf72c9f3469a86b40d0,,
EXTCAND-03706f12155e2049e4197278,EXTLOC-40d2580532d9e97edee930b5,,
RESCAND-9d0007e5ccbe98954db567af,EXTLOC-1a09f7c947e7138826c249d4,,
EXTCAND-ba02d4d151aee7aa3b817fcd,EXTLOC-87c7dacfdaa9c8f64d4b1ef5,,
EXTCAND-44717d9d7e0221c64d0516c8,EXTLOC-75d4a217cd82c80a6ce6a93a,,
EXTCAND-0930a7db969587e0a4ab31dd,EXTLOC-d9d8be57552dd0f18e6ac9e9,,
RESCAND-3a0a6ce84f5925b6052567bb,EXTLOC-74b16b6f18d2c4c9223e2156,,
EXTCAND-9535d6a42a8138ac7c38fc7a,EXTLOC-e7a9061b899d8cc78dc4a332,,
RESCAND-3eaaa5f88f4f93fff5e29757,EXTLOC-854019b70975e625bea8ddfe,,
EXTCAND-865eb5f76bb5d6c4eb7e6e71,EXTLOC-57888537e3a77a4bca1e0816,,
EXTCAND-bb9e5f74a42bddc0e1ecc24c,EXTLOC-7381c88d14ef82b940a14013,,
EXTCAND-c126e5cabf2f2fa1f70d4eb0,EXTLOC-a2b115ec7eebb6da32dc9cf8,,
EXTCAND-611033d6077bc1c871fdce39,EXTLOC-2f3df773975da1a0e1ad781b,,
EXTCAND-8bcfd9052c583a745f3f35a4,EXTLOC-f5252cfffd3a3a5b83c1a9fb,,
EXTCAND-0adb3f3f205d8bba86277b19,EXTLOC-7e373b985429b51669488247,,
EXTCAND-b7d1004dc9f9e96a1e8e184e,EXTLOC-b469a2088ed4976959f79cd6,,
EXTCAND-76a25b142cb86329e394d0d4,EXTLOC-5c3ae3edd632c5a415f09682,,
RESCAND-d09e735b8ff7f38db1fb4945,EXTLOC-0f0d93eafba0ba6654876205,,
RESCAND-5edf5e5b758621aa40910943,EXTLOC-3d1ef1c0ed7801da8d74aa2a,,
EXTCAND-850a2f35e4ae5907b70f7bd8,EXTLOC-310810aaa40a8ef8cbf2ec22,,
RESCAND-d4f3db3f8837502ee6d209ef,EXTLOC-eba9eb5b4d4f1aeed3614072,,
EXTCAND-02213289e54252545bddc218,EXTLOC-88a2768d08524f6369449da4,,
EXTCAND-cca12343bf51065f30980834,EXTLOC-25f818b61305bbe2f3f62f1c,,
EXTCAND-5bb5754880efff35a9f1a7e9,EXTLOC-b2efeec9bdb83e771dae2caf,,
EXTCAND-d331f731ba3808c49f59961c,EXTLOC-91a7fb922dfa63b4b62c226a,,
EXTCAND-5ab86828e24cabaedcb99485,EXTLOC-ef2997bbe841ebf242dcbde0,,
EXTCAND-568c2aee551af8a9b678c3a8,EXTLOC-eb9c8adfa425c0e9354f6a22,,
RESCAND-2c872c4123b1ef99365d1cae,EXTLOC-01bfc359045fbd6cc9846bec,,
EXTCAND-91da63a08e2d02b5fa4d9bd9,EXTLOC-ab5df61bef9028dd297e36d4,,
RESCAND-9c40c4c11b23a524112cbcb5,EXTLOC-1c82de80f86f43346cfbb8ae,,
EXTCAND-de54721e7d5b4f7cc8ded213,EXTLOC-f53ea495852df4644ff8f53e,,
EXTCAND-15265f91750acc8ff726744d,EXTLOC-cb1f9648fb5f3dcfefeccfce,,
EXTCAND-8d5646edb4b7391518fd3360,EXTLOC-5a707b1433d4d788f81821ca,,
RESCAND-232b9adc66ade81f512bb325,EXTLOC-9c040fa0942688cc09e1880b,,
RESCAND-abb62c284b6743515a7a76ef,EXTLOC-7ae49e3f399e561974009291,,
EXTCAND-734efa58f69cb90763c1ddb5,EXTLOC-d18d51b283ab186f5a18c6a1,,
RESCAND-01f1519cf7287efbe2092839,EXTLOC-b615b0b350d3496f751bf377,,
EXTCAND-d9f424d7bd843de8494490eb,EXTLOC-9c998ea40ed48cadf90aa57b,,
RESCAND-9f2eecde3672059412a04c12,EXTLOC-ca506f20f6f1030783da72e0,,
EXTCAND-ecb2f83e99febd1102e2e198,EXTLOC-3eb58430c18e699cffe3f7a4,,
RESCAND-1139c273aceb6197bcaa7b82,EXTLOC-d8e2cd25eac332769fe29f9e,,
EXTCAND-586d3bae5a74513a28472daf,EXTLOC-28efe416032069e3e73d7f78,,
EXTCAND-2eed7c3d3e96a7342a4fa994,EXTLOC-9b85c08d39c7b7ae505639c5,,
EXTCAND-ec45726fdd684eda2489b4ff,EXTLOC-b6fdfd8cee8252c0143fe2bf,,
EXTCAND-7cc9b82aeeea4c40844fbbf7,EXTLOC-e597335de4d0fa269594178d,,
EXTCAND-f53eefd7708a770b3a96b0ad,EXTLOC-b23d6ef7b569dda3aedac69a,,
EXTCAND-065264c64c544512a91a94f8,EXTLOC-5f706f8178ca5e3e48581dd9,,
EXTCAND-31efbb0aaaaad96d0a2530e6,EXTLOC-d41eed456b349f911eb2f5f5,,
EXTCAND-95f1916af241f16a11421317,EXTLOC-f85a0c3b05bbbe13f36a80c8,,
RESCAND-af41496e18bd2ff836f6ed2a,EXTLOC-55b5f86fc826ad4e6af1b905,,
EXTCAND-a594ac3d16b8a676fa64db84,EXTLOC-92d2433700fc0ec675de3084,,
EXTCAND-2e4b15e65f320e2c2e833ea6,EXTLOC-cbfaccaff0cbd594f475a61d,,
EXTCAND-fbd6a44f870f6403124ee999,EXTLOC-9c91fa36c593d1c8fa24fcab,,
EXTCAND-6ecc1b2af41c97f874f3baa8,EXTLOC-ca30a007c31f0788a9323239,,
EXTCAND-a3ac40a9bbc5030730fba3af,EXTLOC-16206970da27bae9dd06044c,,
EXTCAND-c5e4b45567d75fa360be0cf2,EXTLOC-085c59d26510026be11518d3,,
EXTCAND-153b22eab62ca06d517d5d11,EXTLOC-585a10fd0e15dedc418e4e98,,
RESCAND-b23d44feb699c309d676c0a4,EXTLOC-9038e30b6a2b0525560b05e7,,
EXTCAND-bbb32c1ff3f98587f7f8bf57,EXTLOC-67c2676068874c6dde572ff7,,
RESCAND-e698495aa04b5e51083cb1ff,EXTLOC-893481fb984bff5d3df35127,,
RESCAND-742e6e1cdedc2c9373afbda8,EXTLOC-98de07f6d360f0e3768e4619,,
EXTCAND-8e81b827627ce07cd26b6abe,EXTLOC-19bcb430e9bfd30ae336def4,,
EXTCAND-fca413a28ff1930885526558,EXTLOC-9af91bad62528bff5162a778,,
EXTCAND-44a58c6c4ed9cbd1fe1005af,EXTLOC-7c8fbda89873c75cccaa2f91,,
EXTCAND-da367ecb50619b59db964e49,EXTLOC-add33bb842e4cb324d6f2019,,
EXTCAND-b4923937944c86d9444b4959,EXTLOC-005e0b3c7fdd37a78bcb5186,,
EXTCAND-f66e74ddfdb5e6d96a13802b,EXTLOC-b9f613952e0800ae1e32448d,,
EXTCAND-71f5438bada95cb8daa3849e,EXTLOC-4d69255768edebcacfd66faa,,
EXTCAND-798223babff4d48589dadeba,EXTLOC-535f055f74aaee11e64c4209,,
RESCAND-e013ba22afa23b67b138be62,EXTLOC-939d128cafe17ae6760e2a8f,,
EXTCAND-7beb9e30095208823a0fbf3d,EXTLOC-1673a66edd0c1095b14ed7ad,,
RESCAND-7238886097e1f4cd65ad8238,EXTLOC-843d9d1c0ad5360e23e05684,,
RESCAND-047db6b9458998978a82482f,EXTLOC-7a11f9ab6fbd4a20aafc11b9,,
RESCAND-4863cb586368c2ca4b038163,EXTLOC-c9b18ff6d22a3b7e0ce00c21,,
RESCAND-7be298c010e3484f062875f2,EXTLOC-723eb93214a47882a2ac3a50,,
EXTCAND-6c0e438e911e73a1a23a4ee0,EXTLOC-1233bc095f7588254dc9c3b8,,
EXTCAND-98efa63d4d5956e526c6e2e4,EXTLOC-17332e818418e69fcf197ddd,,
EXTCAND-200571948681cf20a5803777,EXTLOC-fabb9b6f2be1fd238a1f7f10,,
RESCAND-92097e7236f967d3270cbdff,EXTLOC-bcba9e94ca4994881f335490,,
EXTCAND-8c643c8b1dc0c9eee2b3a17f,EXTLOC-6480d5903bb96c99e481fc8d,,
RESCAND-505b096a8f2bb13c88a45d8e,EXTLOC-ce1db9bc92b7f4d2a3789b99,,
RESCAND-882d16144a381d572c73ac76,EXTLOC-17df518f7d30bd16876268de,,
RESCAND-4a9b3179f2cd3688d0e907ba,EXTLOC-a939e53cbffcdb7e94fe3273,,
EXTCAND-110b1caaf6d89c57be141155,EXTLOC-dcaa4e5f60721158600cc3dd,,
EXTCAND-16422974c2027aa94c8b7c31,EXTLOC-ee2a0b9d2ca650abdd7441bd,,
EXTCAND-e8b7ed4459991af166b5cd2a,EXTLOC-865fc2065bfeb4b4eed273d1,,
EXTCAND-58be9d716c9b800cc2bf8ba2,EXTLOC-a63077402fe3d0398fc2e971,,
EXTCAND-e223fc143025690ace7d486d,EXTLOC-5567e42cf011f815eebc124c,,
EXTCAND-b35a6f8ab89438d17ca357ad,EXTLOC-efbab81d4fe4b34891b4065b,,
RESCAND-e9f8aa6090b931e8a23c27e1,EXTLOC-535284533905d8f73ef3fade,,
EXTCAND-49c38d5b982e485cc7f3c6e2,EXTLOC-f9fcea8516528353273a5c70,,
RESCAND-ee9ff0786a87231abf252f4d,EXTLOC-223585c0df3505a0277a1483,,
EXTCAND-47e2c292f4d080cf9da2e799,EXTLOC-9506c0f7374c5f12de23c804,,
RESCAND-c4a21fc69ff7cf498dc01cf5,EXTLOC-80ec32fff99941ed3b971a6e,,
EXTCAND-a79c8566f952b228521220ca,EXTLOC-7900ad8725f452cd22c4193c,,
EXTCAND-3049064e3689c3f289caa958,EXTLOC-3f2f32d19b275f5135183153,,
EXTCAND-09f3a4b4f0863869c2d955e5,EXTLOC-b478e7a7b96cc1729418d325,,
RESCAND-9c0b680c304fecaeb56eebd0,EXTLOC-989f4545e9f4fca414437687,,
EXTCAND-3ef91435db165e971cb92ed5,EXTLOC-5a8b74e1089d8c019f28f9d7,,
RESCAND-b2f8af1c26a8fe3fbcd48403,EXTLOC-dff44b6c92a831bbe8f25fc2,,
RESCAND-e74583f1647b0dd7f07a046e,EXTLOC-55d07049b6a55938f5908723,,
RESCAND-b372bdf8fc2cec097bfbf55c,EXTLOC-ea7edf4156365a52f16b9f8d,,
RESCAND-d9ecec7285cc1e73b20e2c97,EXTLOC-b67d302dc55d4748aa80dc8c,,
RESCAND-71bc57d6abfc1427dd7b3080,EXTLOC-b34c9ed3d4132c67a3667a34,,
EXTCAND-d8993069b5550daaa2d37115,EXTLOC-62d1608f2be73d725ca8d153,,
RESCAND-7d561076ab9643eddc2c2a24,EXTLOC-2fbc94ade2ad8d7c28bc82d9,,
RESCAND-d8af76686c707eb4ab2f76d2,EXTLOC-912533089ca84dc81bc27d83,,
RESCAND-c0b9c77b7af05fbc8903885f,EXTLOC-f8aac6da480f1a593e4ff087,,
RESCAND-1f3e6076325f9f9cf276b6c2,EXTLOC-a427872af84d3fd0987e788d,,
RESCAND-def567ae538558f9c88832a4,EXTLOC-0ad51fa7543de370eaa41b0d,,
RESCAND-9cb36625486ca5f2ec06f8c7,EXTLOC-425efece1071f68dc0348070,,
EXTCAND-62777233fd2b59f5f1c821fa,EXTLOC-b84906883675ccb1aa4515d9,,
RESCAND-8e8d556ddc7436cfeb48503a,EXTLOC-e04a45f22b62f91c8669781e,,
RESCAND-578c7faa4581c8a09fe6b3c4,EXTLOC-c323df6ac855983305cfaf69,,
RESCAND-8c0c8de18219d122d4935529,EXTLOC-7070ba6468c1d56a21f0ffe1,,
RESCAND-dfa9d0b0ea21f105357c1cc1,EXTLOC-94fa0f3e25d6b3b6e6bcaa2c,,
RESCAND-00ea4c7f4a9cad08bdb77979,EXTLOC-75958b39eac461250c3bde6a,,
RESCAND-195cf49be87c06719fbd5d8b,EXTLOC-fed84a5835584404bee1373f,,
RESCAND-1ac070f15e4fdb1f2e9170ac,EXTLOC-858a09f8811b720ba98625cd,,
RESCAND-9cfd817a0dcb8c9bef1c765c,EXTLOC-d79f60541b8d52a59a49cf08,,
RESCAND-b3e79725d0184441d8ae224b,EXTLOC-31bc909fc9a48ae490483e0c,,
RESCAND-e5f35b6891c57ab072c99175,EXTLOC-905d412dd7c8f4d96a5a76e5,,
RESCAND-aa38937ecd7bd7ed5dd46f01,EXTLOC-60caecfd4b9f535a27e88005,,
RESCAND-89413f4be682b42e0d369f7e,EXTLOC-8a00564ee75b9647296e7b1b,,
EXTCAND-3bd60e5420ba720841326e2b,EXTLOC-ff86d4194c6ad60c54c42840,,
RESCAND-475e1494cf2082a0a4274911,EXTLOC-a4d42ab67210e4c2caa3086d,,
RESCAND-7de77ea260719a1cecc70c0d,EXTLOC-5bb9d353261506fa059d043a,,
EXTCAND-419ab824d8b5dd2bb06886a4,EXTLOC-10e4012c87e09093749e7fb4,,
EXTCAND-646bcd1c91676ef6a4b595b8,EXTLOC-7de8a142d95bffb8013ed677,,
EXTCAND-733265b0a0c813aaa9380570,EXTLOC-d33c6acbcb7f906fcf357a7c,,
EXTCAND-14a3991f7c1518d62ba5092e,EXTLOC-9dd37f2fea6e1bf0180cacb3,,
EXTCAND-0f124c45965661a2799f34cb,EXTLOC-02b8c25e4c31ab9bd274568c,,
EXTCAND-e49ea82e1b29ba51d62ff210,EXTLOC-f79e5bb0cf4450b1d1645464,,
EXTCAND-330eea457e9a30cf8cd5a179,EXTLOC-836b0b9b5b8705fdab57cdd6,,
EXTCAND-1aac5ecbb44ba6eb6ca9997a,EXTLOC-1679cec50daf95526864822e,,
EXTCAND-2f474c2f390d6bc3a7afeafc,EXTLOC-f8d088eb02982e1c0c05817b,,
EXTCAND-685ee15e9276ac71983e68b8,EXTLOC-457dade63629b4c037c6f2b7,,
EXTCAND-408e97e8fcb0fb67c7047793,EXTLOC-3ad8b0691f3859eee7104ec5,,
EXTCAND-df550aa58ac40a5bcaa4fdb6,EXTLOC-dd06fe60549c3c0a9771341a,,
EXTCAND-e3cd7e8860df846ab39ccf92,EXTLOC-4f2647b00627aa924b3bf392,,
EXTCAND-8e022f561f1ca638f09e3008,EXTLOC-692bab48389bff585ecddd93,,
EXTCAND-b1bee1d829d5be499afa4414,EXTLOC-9d116016e36ce2752677f3cf,,
EXTCAND-82d32b7a08301ecd89ddaf19,EXTLOC-7d1863dd7abbc346439b0ffd,,
EXTCAND-6ec1c065a901b0cc3622eca0,EXTLOC-ec39f6fc15be02c92fab9ef7,,
EXTCAND-aefc0787bc8861358b031bdd,EXTLOC-b74dfcf4995b97847cb1acfb,,
EXTCAND-acf3cb4ab40471fa4814f9f0,EXTLOC-74962f06f61d3b1906ed81f8,,
EXTCAND-c176c84f342df5795133e724,EXTLOC-458631dac64edd2ada011337,,
EXTCAND-52fc3bdd383536e79b0a9c8f,EXTLOC-30f1189cc8831efe18e1cc39,,
RESCAND-0eab43d1e257ce17cc67eb31,EXTLOC-4d5e5ce30cfbc57a181363dc,,
RESCAND-c84586af40144b910ea6e2a1,EXTLOC-699a4004c7f569897042d3c9,,
EXTCAND-474f5773d789220507299048,EXTLOC-f6a84ae7b538b32532342f0a,,
EXTCAND-a1513736036cd0dacfd4cd66,EXTLOC-14791581637de3b4f628df66,,
EXTCAND-4eb35978c5a0739b70faa889,EXTLOC-8bb49e6a82e50f610a308e30,,
EXTCAND-ddab2bb939b68028a1be2194,EXTLOC-6e280bfb09041a7e98b88717,,
EXTCAND-a6d60e5cd063a0626baf82d9,EXTLOC-3486d6630047e0b65dee2425,,
EXTCAND-bff2f2d7ebfaff5cbccc468f,EXTLOC-531bd8d1671051e7ccea689e,,
EXTCAND-b933b17460d980fc4747e22d,EXTLOC-c303fe25ab7db55f459d7c3b,,
EXTCAND-0208d9de01aa2830a072f274,EXTLOC-509a7f21ea73227953c8d8f8,,
EXTCAND-39ac9b30a52377550fe56b1a,EXTLOC-f66d874053acd9b10feee861,,
EXTCAND-145f437bed5e60a96b618f18,EXTLOC-a039db9dc6db9bbd813a8180,,
EXTCAND-edebaf078ec10babf8f01c66,EXTLOC-2dab0579b8d1f44c5aa99e45,,
EXTCAND-fb6ae9440b678445c219c1f0,EXTLOC-437f5df24186e83e9b6e98cc,,
RESCAND-e8ea6c51c6e961032e884f9e,EXTLOC-2363eac8f030c0246c2fb128,,
EXTCAND-eb05d2d811961f343ae97d20,EXTLOC-52a80da6cbdd1ae2b81f0b37,,
RESCAND-3149b3430ebadda098d413e1,EXTLOC-caa60b59367a217877c7f972,,
RESCAND-e419a3f1e4c04f3434fd93cd,EXTLOC-49fd73fc1e99e75243a0a470,,
EXTCAND-db3c9569b1e7631fb2be8891,EXTLOC-b5c32d5165258ffbad9556d2,,
RESCAND-39fbe26905e9e289b0272719,EXTLOC-23d2c952d9e44ecf4e93f5bd,,
EXTCAND-906c3fb1d21ebab6c1350c56,EXTLOC-5569c1b2d17b63f78153231e,,
RESCAND-e19cb0c156e6499a48e3398b,EXTLOC-3b88ad4096a52ba1890f5cd3,,
EXTCAND-59f42323e3fe119cb06d4b2f,EXTLOC-2d4c67a3862fa1d773b4b26b,,
RESCAND-4f20ded18745e5fe92a872db,EXTLOC-510dbf8c6da3e0dcbe245b7e,,
EXTCAND-ebfc75db8530e324c9878e1f,EXTLOC-7ed4fb8c9e35cef1dd497641,,
EXTCAND-8def9896c1eb4bb38a227bd9,EXTLOC-3a0476d193780b817f14f7c1,,
EXTCAND-c4c230332a0719f4d4d120a7,EXTLOC-f372b4dfac46659f8e695a8e,,
EXTCAND-d8f965c49b08ef8c36e72fef,EXTLOC-d103029a4b6e2694804f531f,,
EXTCAND-a6cdc1c814819d8581bcc624,EXTLOC-921fab93a7ddfefb3fc8941a,,
EXTCAND-1d6917e4a0ee1d2c18713229,EXTLOC-75c51d6fb7d5f92deec152a5,,
RESCAND-04ebcd05e2d8a435eb9bf0b5,EXTLOC-2f7201f1032bf257d1f347ed,,
EXTCAND-ccae265fd019fcf8d20209a8,EXTLOC-01b9af05e702fbf0b306132c,,
RESCAND-7b397ed1f0519b43db98aca3,EXTLOC-8f523cc5f7502bb0a8f342b3,,
EXTCAND-e4f4d75e6bae3f132b973f31,EXTLOC-7096f59cf1d53a273a37fb97,,
EXTCAND-547754fe45098b760b2de3fa,EXTLOC-1ed6847bd68be0db3131b358,,
RESCAND-54126b6f9f5c6864e10d5e6f,EXTLOC-77852544ead82bb43e5f2670,,
EXTCAND-2661eb72dae34a1f697a9ee0,EXTLOC-30d09f362f6bf712e2af6bb3,,
RESCAND-3c64d353c8406f3f84427a39,EXTLOC-667120cb183cc18ad69c181c,,
RESCAND-0b4b7cca71e7a6c1a97bfcff,EXTLOC-c700954010b39e40206f3ba6,,
RESCAND-f81133210473d98eab4b67e5,EXTLOC-c464cc3ccd975f6c8cfaa0e0,,
EXTCAND-5e01dbd989f41f63e1d79343,EXTLOC-63ea6864482b90fe3e43a806,,
RESCAND-8d0e8b4798a34b1a65f53214,EXTLOC-b95db26afdc301745e930379,,
RESCAND-84a689efbdcdbe39fe6abd04,EXTLOC-102f0f9440e7da66f595f326,,
RESCAND-0b60de281a97413a41a6d3d1,EXTLOC-9bc2246ca1ddcb57191a4d1a,,
RESCAND-daea92b0af3dff94632fa42f,EXTLOC-eca9cb400836896b8c3c7aa4,,
RESCAND-f01c9610198b29758bb1f6fa,EXTLOC-1298f61bccf596bc8aa8bb8a,,
RESCAND-c16da864fe6d4e17c74749e7,EXTLOC-4046e86564de62b7a7b80363,,
RESCAND-e78ae2a94cacb6e2be33875a,EXTLOC-425a9dd4850b811d51bcacf7,,
RESCAND-4601be378a95de880f51b52b,EXTLOC-5fbcc76edd244456a5a1524a,,
RESCAND-3e3f9cb1465bb1008a5e9f63,EXTLOC-d0d245bb4c525a1e95ef0bca,,
RESCAND-7b9e3102c831477cfca48517,EXTLOC-1bd96dcc06f7b82601049924,,
EXTCAND-42555015da5f0462880cac81,EXTLOC-51b1a3fbbf6c64ac1e7fb4bf,,
EXTCAND-aa98a654fb61f4e2f94996e0,EXTLOC-e306ef092aa2716cc91b990e,,
RESCAND-d3031241a87bd2e94aa8e4c3,EXTLOC-c4017f325340948d15dcab3e,,
RESCAND-6dbcbf7148d278e6db3d7d7a,EXTLOC-fe21f664e4b6684d7c855578,,
EXTCAND-49746e83095085b756b82bad,EXTLOC-dfbf2b73b5430497f01447d4,,
RESCAND-84d2df581d010c7011207940,EXTLOC-9b2988d83caa656354f1c0f9,,
RESCAND-e104e4e7ca1c7744a6716e4e,EXTLOC-d2e3e0aa190322c8d060a76c,,
EXTCAND-737cdecd2361bc08268dd910,EXTLOC-f2b24d277246b026fedca988,,
RESCAND-5ee4a1f33001ae42a3da61bb,EXTLOC-d9fbed935871e6917b566dde,,
RESCAND-450030d6f8999443f46acc34,EXTLOC-5fe19b65d8385f001c044443,,
RESCAND-acb50be2d4b75f5b17b90509,EXTLOC-773d4a6120122b2332f9bf38,,
RESCAND-4ebed6c4dcdbcd6dfd0d41ff,EXTLOC-3d84449404da8b352709650c,,
RESCAND-6f0b08bf3f7db1814b5498e5,EXTLOC-ee5e6d9e1c14e0c7166b6eb5,,
RESCAND-4ea30a76c32548ec988fd980,EXTLOC-037818c0f2058af1dd4166a8,,
EXTCAND-380196d40288a78ca12a4ad9,EXTLOC-79b794731033a142b97ec5a4,,
EXTCAND-691f80ffbc45649981752ce5,EXTLOC-28c932bc17bbfe5547bd5fc3,,
EXTCAND-9da24976d1a9b88542364324,EXTLOC-0b25a6e8aff67f9530b8debf,,
RESCAND-a27f589e1410522fbc1655d4,EXTLOC-7c0c065880c731c68ee4098c,,
EXTCAND-89539c7e458fd7d0df8fc1ab,EXTLOC-750574bf4c0c014f9f9cf4e3,,
EXTCAND-25ce03b16bc7633f95bdfc67,EXTLOC-016747159981f1fd4191d7a2,,
RESCAND-2acb7ad7d14ad857f3e8bce1,EXTLOC-23adda2d837abda7ee6c88c2,,
RESCAND-bad94f2264858f5b198c8e73,EXTLOC-44b4e4529f57ff335f97d1cd,,
RESCAND-4ba85d619421a3607e10f57b,EXTLOC-b981f0aad8d64df5d885690b,,
RESCAND-2b4d94da07aa5a053a762652,EXTLOC-df12b0b077bae12d7d1a1a60,,
RESCAND-95bb5d2ffc9e02bbb3dd3fe3,EXTLOC-689447f74bc183d4eb622c0f,,
RESCAND-97c0e20cfc59271885307063,EXTLOC-a5a85aef4231093d9311b795,,
RESCAND-906de552d70b678149e490b8,EXTLOC-9dafe928c03b4fa216465eaf,,
EXTCAND-6dab7a96c724ddd691f7a9a9,EXTLOC-e69e64024bbe3e5fddb030a1,,
RESCAND-0ee089dc56fd7f6ff19b590b,EXTLOC-38b0e2fdf1fb538ac40acdec,,
EXTCAND-f37dbeaf62d87960f2688c4a,EXTLOC-02e29fadffd2ce189d57a018,,
EXTCAND-759d905e7acdee41fe1522a9,EXTLOC-89c9684cdf27b1013a2e700d,,
RESCAND-033567843010250155979b46,EXTLOC-99815717d7f2897a3c3f2c7c,,
RESCAND-321e831f293b90f79be3647d,EXTLOC-584c22bcd85888c23e719f12,,
RESCAND-ffb574d83b188bc6323e7cae,EXTLOC-314283440223ec44e19fa288,,
EXTCAND-71c7198718cfab559410f780,EXTLOC-60f3d15bff1a576f39c6f59a,,
EXTCAND-3c6bfaeda5c6c98c8fef7fe4,EXTLOC-dbabf5e9b517021cc2104631,,
RESCAND-5c42f1f559c84f47f236e84e,EXTLOC-9b64088c19ea9add5e3b1940,,
RESCAND-ed91f2d6709f6d3497997444,EXTLOC-622ff582c173558de6bb0738,,
RESCAND-c010a63fcd8b509d80e263ad,EXTLOC-6eeb235368eb06ce527eff37,,
RESCAND-be25493e4234319ce6b0ca2d,EXTLOC-6cb3a4c25baa04b41d51414e,,
RESCAND-718a96af118e2b7e7a9474b5,EXTLOC-7262702c320cac9195c81657,,
RESCAND-e8a83a418b16fbfb705e95e8,EXTLOC-1f5265a32b52d6401967a4db,,
RESCAND-69c6c56e0cebfd21338d0a46,EXTLOC-2fe15d2e23e109d021ab6dfd,,
RESCAND-c9c6234b3fbc5a4b6f3fe4e3,EXTLOC-0135fdd60175b7d7e44002e7,,
RESCAND-e85befdfb73663b8378c839e,EXTLOC-516e52215c80e98022d59cdf,,
EXTCAND-a9f93f18d9b88a1c816a46e1,EXTLOC-3da91dfdeec7bf854e35d207,,
RESCAND-b43f027964df39a217b415b3,EXTLOC-0776cf711473670d9066fe46,,
EXTCAND-a22bd0992d490108a2ab6c0f,EXTLOC-56cd491ca0b1b46a81d6d5d0,,
RESCAND-f34b5c81237766f2d389f830,EXTLOC-4fbfdefe7c55f6511e83d0ec,,
RESCAND-09b0cb5886f48c31b285ce03,EXTLOC-1778b379999fbaddef7f29e0,,
RESCAND-2ca5d976b5a7b399bc5a2921,EXTLOC-920458f24a5654ee742def0f,,
RESCAND-433e0ce949e2d81a503424c6,EXTLOC-0b42a25b4a260b0808216e8a,,
RESCAND-70b98fad0b10cd90706b31e0,EXTLOC-76bf9c0aaee22a243cb501cd,,
EXTCAND-0a22b623d43efa68cebf0f83,EXTLOC-d7b934f6e7c2f9ce78c994fb,,
EXTCAND-a027a0f4b9616059120a05d5,EXTLOC-2068a7a2baa0bea2c9ed1879,,
RESCAND-cd28169240528bbd07421f28,EXTLOC-fc3509ebf2e02b2524591e38,,
EXTCAND-02eaa5e6f4e5065a5330f593,EXTLOC-43e16ab343971db0a6bc63b0,,
RESCAND-b88253e759775318482f85c1,EXTLOC-f55261c1bef8d701f475aa11,,
RESCAND-bb1dd435d0867084438b8b40,EXTLOC-b9b4865b40a6a235c8bbea90,,
EXTCAND-a237d756bebfb6155e157607,EXTLOC-54793a6f30d36e83b707e03c,,
EXTCAND-abc2700ba04e828613451c87,EXTLOC-3f7399b77f42f678e7f00da9,,
RESCAND-8ad708225bf9e40bb7dd48d4,EXTLOC-4580d5f13830ed3e566cb4a2,,
RESCAND-37397c37e8e0e7b92099477a,EXTLOC-48ee618795323b2d81676d3d,,
RESCAND-3a82116a56f3b3f084c332f8,EXTLOC-528b981e3040f3654872ef24,,
EXTCAND-eda010bf598159e80ab701cc,EXTLOC-0d9eddc18cd59fdf5859619a,,
RESCAND-52444784ec5b112f2d851505,EXTLOC-15743e03f35aa05a18915404,,
EXTCAND-f098b83db7b47729085b5066,EXTLOC-53250e4d9663ecde069f4611,,
RESCAND-538565b1859229454b8ee437,EXTLOC-f1a1b7e5b7a71e3092a01032,,
EXTCAND-47aa82a01a33ce64864a4e68,EXTLOC-ab734a0b3ff2a1092d564fbc,,
EXTCAND-f2b47c99847404800c06a41c,EXTLOC-2b0881b90eca86a025ce2b17,,
EXTCAND-6b9414ac8d7fb54b398972f7,EXTLOC-a875ebceeb8766089056d074,,
EXTCAND-e302d2f4a8e4e5d06921fbb4,EXTLOC-bc7ac4ba4ae902ff99b39cd0,,
EXTCAND-20bf078b17c1384ef02f6604,EXTLOC-7fc1d9c0f10f93413b727c43,,
EXTCAND-7af2cea7e01f9120ee8c6f55,EXTLOC-ff4953b97950f86bd37b455a,,
RESCAND-6b6d5578da711347546b7e6d,EXTLOC-53c10edd308475413fad652f,,
RESCAND-4726354b2bd7279887cadebe,EXTLOC-062cf80bad41d6e92e7372a8,,
RESCAND-5c1fec682e326a1fa1393ca0,EXTLOC-e9f483f7e44b9c240f415a40,,
RESCAND-328d77e8b1d4cc1c06cd9cad,EXTLOC-572f36585af6dfce2eb791d3,,
EXTCAND-cf84069d0e23bac3a6ba16b8,EXTLOC-d2f6374a354def4ec3ffd0d1,,
EXTCAND-8d3ebd66ce5f60158e9f4a55,EXTLOC-31ebe2cfc2922a3dc7a15a7e,,
EXTCAND-5c47ac9ddd4433c250a60fc7,EXTLOC-63b19e3b634bcfb852aeedfa,,
RESCAND-0c02ddf9be00576a1ca33562,EXTLOC-31038599bbf2c74efb9ff327,,
EXTCAND-15e3cf06541030f0b1ffcafc,EXTLOC-340919d81ba6cebcdd067da4,,
EXTCAND-bfd4947217c588778dc3379b,EXTLOC-f8e69b50687df1e51d979ac2,,
EXTCAND-46cd32ed5df89a4bebf0db1e,EXTLOC-1373658296a3ce8f91439491,,
RESCAND-434805a426eaed542c5fc6b2,EXTLOC-1e5c78e5592ffd269b020665,,
EXTCAND-7b4c306b48041fda5b976bb7,EXTLOC-25e0e7c7b3465ff078590c04,,
RESCAND-6ca73e1f6f33501ac6245ca8,EXTLOC-0466a04bfb9b2891c5454ea8,,
RESCAND-dffaeeae2b382dc18d3849b5,EXTLOC-646de7a5a9661f5bcc8ffe96,,
EXTCAND-9666f5655b919acd019144b6,EXTLOC-b6f746c4ef9623a92e77b2b2,,
RESCAND-a778857d71b6e82ba04017be,EXTLOC-b830bbacd2f27472af77de9f,,
RESCAND-d2ee0f3ae9325eabd02273fd,EXTLOC-e49b55956eaaf82615fd0182,,
EXTCAND-d41e0ba2835a146849e47a2c,EXTLOC-a98100fe4447223e69155b8a,,
EXTCAND-206d162c1d52eae95375dcfe,EXTLOC-cce50cb67f225b475287621d,,
EXTCAND-b398454d98625364ca967546,EXTLOC-475fce2dc58648e03c0d7646,,
RESCAND-9fdc3639741f8b04672e2c07,EXTLOC-90955c659072c3d9495d602f,,
RESCAND-e64b04f1d3fcf508595b2b26,EXTLOC-fdac0cb3bea9c384fd204e36,,
EXTCAND-52b85a18f29b8078d4260fe0,EXTLOC-40023f9c49c9e92a7de3f398,,
RESCAND-e0f1ff2d02afdb0c28879196,EXTLOC-3236f688670fcd25ea68802c,,
RESCAND-698ae27037311d25b9cfc6f9,EXTLOC-f9643f415a7695c4b79991af,,
RESCAND-7c3666863c63d287e12e04e2,EXTLOC-35607e67eb8201d3ac28bfef,,
RESCAND-e8ad114892177c560d4eb327,EXTLOC-14d312388649690a17a86634,,
RESCAND-3b050ce78f01d70214f8c4ab,EXTLOC-c78a55e5ea0f3edb4e52d78a,,
RESCAND-73f8c26e3c013dd7da0212ed,EXTLOC-83b979a728cf23d9ca098115,,
RESCAND-54211292d6fad7bc976ff944,EXTLOC-4872bccfbf33f5c2c7cf2956,,
EXTCAND-ca59c9fb7d33b99c95e7f2df,EXTLOC-c70643ce918c86f73cf02dea,,
EXTCAND-faeeed83be0da2381af03f11,EXTLOC-ee88db7d6c074bdde4344f5e,,
EXTCAND-4d65ecb78a413dcb384e5c58,EXTLOC-d281400b2544494140945853,,
EXTCAND-350fc6d37139d1846b44b9f0,EXTLOC-657eae61660c32b26e0ffc0e,,
EXTCAND-e31cb3d64416c41d24dc0da4,EXTLOC-3d093e3e5314217c226c90c3,,
EXTCAND-a1b0a855d19797c8aa5b5b15,EXTLOC-34920c4e4f114bcd135350a6,,
EXTCAND-60a3cd515ea1582e3aad6579,EXTLOC-c393bebe063bc657f8a7ff0c,,
EXTCAND-fba0b6df79cb3b86b2c491d4,EXTLOC-9247f33de51a9060f82ecfc3,,
EXTCAND-1a5c2ff7902dd500c2587a24,EXTLOC-9d8d2394e8298837d6ebcb77,,
EXTCAND-df6edbe856efeff31bbbce99,EXTLOC-4aa02f66ceeff213400456f1,,
RESCAND-cc52280121179418e47765b1,EXTLOC-babb7c4c7e575010754a36ae,,
EXTCAND-71978084aa9fb61103d6d334,EXTLOC-2885c2592f6c6e8284f1d31e,,
RESCAND-9b85f1b58acf701aa1c8d3d2,EXTLOC-63881ea1803c87bff0750402,,
EXTCAND-a69210c2f7ac67538802795f,EXTLOC-026c93641f313da2959b53b5,,
EXTCAND-6f518fb052ae256b061f48a2,EXTLOC-5c2bfb15fad9ed0d0e62f54e,,
EXTCAND-01320a64f21b4cc907d08fc1,EXTLOC-c547e6aa47c02d7fe8aa5d0c,,
RESCAND-6229f6b81cfc354289d72e59,EXTLOC-0337d12090eccd4c56dce623,,
EXTCAND-a7a35d6c45cd52987f269361,EXTLOC-c561ccae0829a8789d92f122,,
EXTCAND-74aa6a0eddd702a29d137b79,EXTLOC-5d99223f8ae52c93007f865e,,
RESCAND-7cca30027336fa7aee66b545,EXTLOC-bc15c762639a80fa059ac41f,,
RESCAND-f98eb0b1c5cb2c91a993cb42,EXTLOC-a4d0cd5fc10b544129ea1c3f,,
EXTCAND-04d5c22110ba76b8c04d5c64,EXTLOC-b22a94552dbddfba3b59adcb,,
EXTCAND-b0f6dda8bd1f0a08ea81cd08,EXTLOC-4c8d982c020e18b3154c91bf,,
RESCAND-7569707a6346e2c4efe6360e,EXTLOC-0ab2618420267d8f8d126c69,,
RESCAND-4e1309cda8f43ca546a516f9,EXTLOC-814d685a7701b09f5352a932,,
RESCAND-248ca9c44a3efc44e0c1e9c2,EXTLOC-1e943e4ec43766a1d5a329f8,,
RESCAND-7e067580a4265185a0cb5147,EXTLOC-dd4d1f0d74cd7bd009f6d935,,
RESCAND-4f92134b0b09f0658d84d3ed,EXTLOC-418bb7ac22d1233f5603c3f2,,
RESCAND-b3a02f334a2dfc9fbbd68e22,EXTLOC-e6c30f554a0d1a6ee4343e36,,
RESCAND-f7c5e956979e94a6422cfef6,EXTLOC-3be97d8ae7b3fde3c6d8b5eb,,
RESCAND-ffdda7ff42f5baf183fe1cce,EXTLOC-c48c837346d5eb7adc49e2e0,,
RESCAND-8e4be7f0e72b57594f4f347a,EXTLOC-5f3a931dffb35ebdc1d94828,,
RESCAND-3e413a3dde6ab7d8aa897028,EXTLOC-bcf6456e17179324907443b1,,
RESCAND-d393f901a75f11b0d848138a,EXTLOC-4e535270bc1df28d01e7067a,,
RESCAND-c7c7385021f7ff41f8fa32a9,EXTLOC-460471340fd3dee30ede5e10,,
RESCAND-3cb623fb015435c2d678e239,EXTLOC-667cd09c9f797c5e122478c1,,
RESCAND-3c416c38b76b8d242bba3f7c,EXTLOC-d77481d3a413deaacf61b57b,,
RESCAND-42a439621031440d0e994c08,EXTLOC-c45db4ddd712323a3bbb2d96,,
RESCAND-2f90394b3c7fec331cb4ff9e,EXTLOC-f6a4b769e8e33b89c65798ea,,
EXTCAND-eeff098bf2c6fbe0e1366354,EXTLOC-d656ba087f1e7d3d4ae4cf47,,
EXTCAND-6c12872b19045a0c0a7f8a87,EXTLOC-9aa9169aa9947b2c68cab52b,,
EXTCAND-f140549c0b7d3cbd2138dd2e,EXTLOC-4103451017240597811260d4,,
EXTCAND-1bc4a168114c8d382cd2b215,EXTLOC-60cabb53608efb27116f7ba0,,
EXTCAND-f838a3323720dd29698ba2f0,EXTLOC-eaa3dcc704a43afc6381160d,,
RESCAND-8d7d84ec5387a169e1308b3d,EXTLOC-cc37ed5da1435122f452e180,,
EXTCAND-b9a9f84141e19903d6a44a16,EXTLOC-6ecec1040819d95ba54a6da2,,
RESCAND-278a9236501d2f92567f2662,EXTLOC-58800b595e5ea940afa5970a,,
RESCAND-2f8173b0123f878a54fb93fb,EXTLOC-6dc616dad9addb159eb43d21,,
RESCAND-95814b12b6f92575268f468f,EXTLOC-98eeea7e89c5037c130ef067,,
RESCAND-97cca85f8f34e810336ca00e,EXTLOC-c25c70cb613e5c0cf8757341,,
RESCAND-c2024326cd693c6475d1f53d,EXTLOC-395919096518301b2e43b888,,
RESCAND-4db5a6fb87ec644d41c5c848,EXTLOC-32389b279e9b779f6d3a77fc,,
RESCAND-36184e661e80a966647c6f60,EXTLOC-c95d7b5429432848a893bb5c,,
RESCAND-01e657833f0b6e83cf6b286b,EXTLOC-277107bd1d374d5e849532b2,,
RESCAND-92106cdcfeb577fa49949e40,EXTLOC-c77bdc93d93d609f5ec34e5d,,
RESCAND-a2206059cca9322a19660767,EXTLOC-ac9680039be15ffcdfba3e43,,
RESCAND-d0c5a141fc552c33359e0b21,EXTLOC-753f696d77ed153e509d4999,,
EXTCAND-fa4df2dbc6a7416de9668e63,EXTLOC-bd6dc370d47c9dbfc7736100,,
EXTCAND-2a82be608b99bc669b779f8f,EXTLOC-cb286f92285f47fa9e75a41e,,
RESCAND-6f1a431fcf99789d2ea977d2,EXTLOC-77a2d583040d13f26e1d9756,,
RESCAND-ef6cc5decc40bbcf0cd486ff,EXTLOC-1702129a62249cabb0ffe7f5,,
RESCAND-0aa94a196f855243e4e0bff3,EXTLOC-a97652154ea4db6772060682,,
RESCAND-263f6235945af4d4d9852ed7,EXTLOC-08bbe7ec40918b3fbbe362cf,,
RESCAND-4fdeba0b96f14b4854785636,EXTLOC-e2b528eba441af9f5a0dbd41,,
RESCAND-7d1bc21dbac5a18caea3c6b8,EXTLOC-58cfdf066052b9c6c536d721,,
RESCAND-1647770a988334709f979ac6,EXTLOC-7e30f2cf589eef9cb191daed,,
EXTCAND-263aee101e0ca085ea503808,EXTLOC-1a187de9794708f8f49a8e27,,
EXTCAND-c63a70bb73f72db147ffd060,EXTLOC-22c5dc8ff8f2feba200b6cd3,,
EXTCAND-ea3b533b0a2e4dac237135ff,EXTLOC-91996fe493e461ac4ab8bb86,,
EXTCAND-69536c5f64f7fa279c26220a,EXTLOC-2c37c6f2c16e6010d414762e,,
RESCAND-fb819c5a0169db656dc09000,EXTLOC-0943a93bf2b7270a7017810b,,
RESCAND-a22342c37dd5c5fc4997b12f,EXTLOC-6e525f3f655247221bb730e0,,
EXTCAND-1368f463acf1dc72133996e3,EXTLOC-0b269622b3644c57c1d4c623,,
RESCAND-78b143b02da2632f930241aa,EXTLOC-e60679f5bad58284cb500f1d,,
EXTCAND-80d9b08d8e36708272f10289,EXTLOC-04a41f2e853da1bef27844a8,,
EXTCAND-ce8f28bd44acc9abdd1bc613,EXTLOC-b0cee6f9c7627576a57d95d3,,
EXTCAND-415c2c6d024ac1bc04ebde50,EXTLOC-8721f974574df1d3c6559550,,
RESCAND-30fad81c0ee15df8bc350019,EXTLOC-e666473755bec95d0397177b,,
RESCAND-30b7ca47a9131748caf656eb,EXTLOC-901a298c03bea54ec68e1e7c,,
EXTCAND-7b9ac95cec50633af6fc7336,EXTLOC-64ade652d196a954ed1b8e21,,
EXTCAND-f577ee9c027e7ad3672ba7ea,EXTLOC-2aa051dcc25cd05c5f3585bf,,
RESCAND-c7f124c80b02eb7bfaa18888,EXTLOC-22958a87c1b7039faf521865,,
RESCAND-187b99452a9c08f15e093a2f,EXTLOC-849b6d41556a787ccb7f2416,,
EXTCAND-f1a212785f01fb95ef9fc33e,EXTLOC-3231e45727791a434758edba,,
EXTCAND-34e18ea4b8a34f54027a86ee,EXTLOC-8f6cbae96b2330ccc66ddfe3,,
EXTCAND-5828f71500c503e969309be3,EXTLOC-70612227d6d74342bc0de975,,
RESCAND-52d976ce89ee6acf9f32ecd2,EXTLOC-4f440165c97619d86fbc122f,,
RESCAND-9fead35235b727daf4609065,EXTLOC-21281b6325ebce4a7f7f5170,,
EXTCAND-650cbbd7200576a5279b08ca,EXTLOC-34be11577481b8c2c2633e02,,
EXTCAND-8f8d5ea9f570ec451f4cb5c8,EXTLOC-0740ba1d68509ca149cb4370,,
EXTCAND-6defd34fc8de6e0be5bdfd19,EXTLOC-c7966188c780dc7eba50314d,,
RESCAND-6484e42dcb2a703f71588748,EXTLOC-7b4bf656bb2508f0188909c8,,
EXTCAND-4ac061bc17ce7190fac0ebc2,EXTLOC-89055b215e39186a7959cbc7,,
RESCAND-037190a147a52c67525ae3df,EXTLOC-53856c375153a318d24885f6,,
RESCAND-087d1129698d99d219e6d72a,EXTLOC-4baecc016c1f90a6ca975271,,
EXTCAND-f2ab4a4ce1d9f90483c1f10b,EXTLOC-8b0952ee55d1fae3b13f7c15,,
RESCAND-67a0877a6ed51606730bf5d4,EXTLOC-c4031ce18d0674749d114db5,,
RESCAND-5adcceac82cb0f05c6fef4b9,EXTLOC-be53c284d971feb2fec92f82,,
EXTCAND-18e899f4fca8b5603cd75a65,EXTLOC-1bf69739cb7b3984971ef8d5,,
RESCAND-4125dea37a52dcbdf40a7d47,EXTLOC-c7a5ab4ad79914cfa3d7a455,,
RESCAND-a660b4fc09e4158948acf773,EXTLOC-3a2ead70a9a30ebd7320fd3e,,
EXTCAND-646daacf60606da90bb2ff15,EXTLOC-987780733cc3684f57da48ff,,
RESCAND-c5c499a10c4220cc37d4e5d6,EXTLOC-de5fad008bf34cc9585fd265,,
EXTCAND-c4bf1879c234b13634fa3b6c,EXTLOC-49b5925afaf8473f9d92c8a4,,
EXTCAND-956c2885ca28ee49ed24ff9c,EXTLOC-2088e07b40a077b7ab6f18d6,,
RESCAND-49031347f64f11d962ea9e66,EXTLOC-9651db80b80c349f136b75bf,,
RESCAND-ecf97b706854284b882d8850,EXTLOC-3c839910845b0fb4288b41c6,,
EXTCAND-9ce0724514a7e3fe6489d77a,EXTLOC-3aa0cbd95976d8017c548732,,
EXTCAND-b1d823d7c9e5ea54555fd9c0,EXTLOC-e63fe2f8f0b82bd8b3f79945,,
RESCAND-b5bcda0b0a013a7579cf820e,EXTLOC-1ab6141c27c07c3a510e0bc3,,
RESCAND-41950c6e77e42876dcd0b413,EXTLOC-6e6f5cfb112b2be267cf1ad3,,
EXTCAND-e1a402f09a181f1207b6d26e,EXTLOC-d0c2da1778509b3035f08cc3,,
EXTCAND-2424ce9d0bd28cd9962f9b67,EXTLOC-b9c32e808f13559a6c0b06b5,,
RESCAND-02c5b1cd1e381e6331135cda,EXTLOC-7d1c7d216cc566626a30ad5d,,
EXTCAND-cf3a806120bc1b4b64cb6dfd,EXTLOC-d74abca4ebbfaf2afc6fd8b8,,
EXTCAND-efd63e3e8b2b5bba067b054b,EXTLOC-252197d7cbc51434c339b287,,
EXTCAND-50bd8ee81d09de663c25050c,EXTLOC-5e0f5da628b3e0c177e14f12,,
RESCAND-d8c39508bbdafe38751a0d48,EXTLOC-07d8128541a89a927d67da3a,,
EXTCAND-923595389bd466f99bb5091a,EXTLOC-610e33f76b568340153b87b0,,
EXTCAND-1722957bf304e7ddb8eb058b,EXTLOC-5a8ee3f04258ea0027b0d352,,
EXTCAND-0d944641e36cfb68995c2378,EXTLOC-a2fcd1b5ff94af504fa10cdb,,
RESCAND-cff3bd28163fc7cd3ce2a1af,EXTLOC-47d88ce45c7391e646c2777d,,
RESCAND-fa4ce447a0425d18bdb60472,EXTLOC-a2328b75e98d4ccdc02568e4,,
EXTCAND-82740c9368451db80ad0b137,EXTLOC-892df6c9b7cf1d26b7cf2719,,
EXTCAND-4830a1d0981462a615336a48,EXTLOC-cc4a1e700244c11c87bf83a1,,
EXTCAND-9e3c1a93f78cf4e166e027f5,EXTLOC-66391ff7b670203879425dda,,
EXTCAND-d4740354f3d57788d485ea75,EXTLOC-286479ecebde272605721dc2,,
EXTCAND-85b764e50dfbb46d4afa4951,EXTLOC-f056318eafff38acce5f7eab,,
EXTCAND-4ca597197045fa4ca7a6388f,EXTLOC-08718f99ab6c25822d8317fb,,
EXTCAND-6b00b51246a4d36ccfcd7f19,EXTLOC-7fc67792852d5712dec7462e,,
EXTCAND-fe5e9bc10a1c23015f4eba1f,EXTLOC-4f087ac917d3957eaddbd9a4,,
EXTCAND-6e073a7d1eb9ed7be19d2575,EXTLOC-1ac7bf9262dd526c7eed550f,,
EXTCAND-d718e343d280b07335fe2da0,EXTLOC-2efd86a701281ca5d56684e5,,
RESCAND-275459753a92be58e2cf14e0,EXTLOC-784e7c33fb45fb765f519a54,,
EXTCAND-b47f89adf7a757142939e966,EXTLOC-455e04dd4a571fb526bb797a,,
EXTCAND-95263100d0389912b9994544,EXTLOC-a2c376cc5ecf2f8ea7daae24,,
EXTCAND-1ad4c8431ee39a67fd444129,EXTLOC-b921187752e75795f35131de,,
EXTCAND-ff6f5c259a82bb06f48e88c7,EXTLOC-a1272b5d26c70388951e60df,,
EXTCAND-3a169c3d2b40b0bbbad4ad20,EXTLOC-96d17c8f9adde7a4c726f3dd,,
RESCAND-34234dbf5ca5c57b1a54746f,EXTLOC-e0297b4bb00cdef1b49afffa,,
EXTCAND-df4da01ffa17d2e1f26260e4,EXTLOC-70088ad7a49844c314707a01,,
RESCAND-2a86181c25bb004203998844,EXTLOC-c5ec23669fd7eb352a80abab,,
EXTCAND-a40e813e3de3cba910499a27,EXTLOC-4d4d65365760dcc142210c1d,,
EXTCAND-8b1118a115cd0197c2a8146f,EXTLOC-298c50573558f2fb1d6bdd10,,
EXTCAND-040b2f0ab7400072718034bf,EXTLOC-bf2f6fff83ae9c8332440ea1,,
EXTCAND-a9869875977d68ee2fa3f874,EXTLOC-b4db197c011a724bdb599d5d,,
EXTCAND-46ff03b5519d3d1fcc043e70,EXTLOC-25b911afada11c5471fd31af,,
RESCAND-712bcd96a22248042f332428,EXTLOC-ba3d0cb5a82ccddc6679efc2,,
RESCAND-80381cfe40dd7f55a3e66828,EXTLOC-53e89622fdae3b15e2656f8a,,
EXTCAND-6b3d4033972ad8aec2b9e3e3,EXTLOC-6c3321c5845fcb43add83614,,
EXTCAND-b306c1e36df3f8af93fe68ef,EXTLOC-9f2f177c7ae050a46b40195d,,
EXTCAND-c5873fbffb7af27de77bfbcb,EXTLOC-a86252ebf42d08f87a0e403b,,
EXTCAND-fdd108f86a023b37188dfb42,EXTLOC-c604edc11baa738b3f55d7a3,,
EXTCAND-c6c654b1e73a44c5a5cb41ab,EXTLOC-e9f8e0d4ea3e0c18ed9905fd,,
EXTCAND-bedb6dd84f37fa8ff35927cc,EXTLOC-9aea78a6d14fe865807e8016,,
EXTCAND-906011a3fb5ba62aa1e10dbe,EXTLOC-6c7f6365435f322a902d3501,,
EXTCAND-3859a489e2561b1d62edcddf,EXTLOC-479b63a914aa1c7143c2a09f,,
EXTCAND-5a90e76fbc110be11716c1d6,EXTLOC-3be64b196a6e1f1db1ed57f9,,
EXTCAND-21df6ea466047a94627c92e4,EXTLOC-1e6ee18f0cd630bc095b6ad0,,
EXTCAND-6d2a6c321971dfebcfbc63be,EXTLOC-b8ee399c8d1142f3b7387c0c,,
EXTCAND-4508cd55b40749c6a3f63859,EXTLOC-0ac799ef569e7899b6cb6251,,
RESCAND-2756171dbeb51a73b614c542,EXTLOC-d0045575834e88518e881fe3,,
EXTCAND-3738085903b6caa96127e6f1,EXTLOC-09f3c2c30b0c4d99e3ff2a08,,
RESCAND-73577008464f8c2cf76365a8,EXTLOC-fee900f55ca4c14635a92a15,,
EXTCAND-fde9310fc05433efbd0148ad,EXTLOC-74214b55f182cc567539d2e3,,
RESCAND-e76f4688881100077940f24e,EXTLOC-2d45217159ca48a93cef30f4,,
RESCAND-9daebe911a56238824fb20ff,EXTLOC-d320d3e7ae16a9b97d8225aa,,
RESCAND-ff858ccdb2599c24462425b8,EXTLOC-18a12dc8ebb45599fb70f5ec,,
RESCAND-8bcc4338843d76cc49ec6227,EXTLOC-8c9609d6431814b1fd485a0e,,
RESCAND-0e84c18f959cc145b11270fc,EXTLOC-ff37897a472ca63ca23773ed,,
RESCAND-4d8719c3966ce5c87db6fb89,EXTLOC-db21cb14cd44d4e238f716b8,,
RESCAND-c754a9d5ebe400c5e13ec892,EXTLOC-a8abd3b1a35197aabf695f17,,
RESCAND-5d65dc7bb2fef824d97aba87,EXTLOC-54930151a73113adc1e4ec21,,
RESCAND-2d385c03dda214ca3ef99678,EXTLOC-5e1d1cba0ae684bf214e4edd,,
RESCAND-c94ca168e504604e060a60dd,EXTLOC-24636ce4933c32bf5d24b0d1,,
EXTCAND-7a4b56bb6330bc52e1c28567,EXTLOC-2ad8a4399302135e8926bb6c,,
RESCAND-259907d549a7241c8e4d3ebe,EXTLOC-bc9d6c43d566e3d26db2ae3b,,
RESCAND-af694e689dbff5d9e5e7ba9f,EXTLOC-8ac9b4690438b6e65318387d,,
RESCAND-a626519269e696b0d892857e,EXTLOC-294dd942136c7b243963f480,,
EXTCAND-e3a9eb8850f58df1ba99ede0,EXTLOC-bdcc1800b2971a95283c801b,,
RESCAND-8dbe6c7f64f15b8bf1c0b5ea,EXTLOC-9889c4d521a2f9ef7a827145,,
RESCAND-f2347b8823c20eb7a69f7782,EXTLOC-1ba99fab4510317666f790a5,,
RESCAND-44621e28ae293a4e54cbdb90,EXTLOC-a4bdf6c4b5993c78a4e125dc,,
RESCAND-315354705f4b9a353547dba4,EXTLOC-53367ce81052257b68b8d659,,
EXTCAND-109dbc03da884b7a5b3fdf12,EXTLOC-87a8a0f5b11c8ac90fff1978,,
EXTCAND-dde18f23606da80d4c46d0f9,EXTLOC-ebf14be40d74742c48af2340,,
RESCAND-7841739268549deff16a3df1,EXTLOC-3620a3bee21af1ee847c89ca,,
RESCAND-73d0ffe0783754b1be0dc97e,EXTLOC-340cb0321e5744e6f9af5d9f,,
EXTCAND-73ae330671e16e9a4898a572,EXTLOC-caab42dece8c0f29e881d3a6,,
RESCAND-c5de42a4f65c3bd91b639af4,EXTLOC-e30bf350b92b2a3ad4be8fd6,,
EXTCAND-3dfff6586d56419bbce4d818,EXTLOC-65292923f41ec421f8761e61,,
EXTCAND-d2d18e7eb80341d94149d87c,EXTLOC-2f7f001a38b13eb7857e15a1,,
RESCAND-41d9a35faae7ce37a4dc709f,EXTLOC-4f5717adf640c882bef1dc8d,,
RESCAND-3adaa690be9b9b376f9f84da,EXTLOC-5df31c98ddfbf04e16c83c44,,
RESCAND-ab3ed7c4fe2b9b787fe825c0,EXTLOC-f36c88aa9bce62e022ea45fc,,
RESCAND-d57b6499ed576c43179cc267,EXTLOC-afa72b3fe1b81aea3b5473c5,,
RESCAND-53b47cec6278536cab36f922,EXTLOC-817418d0538a5a302cb302be,,
EXTCAND-dc39c147b15b8d81b56ebd38,EXTLOC-b6091f032977444429492f24,,
RESCAND-607149ae7128062db8346f11,EXTLOC-bcb28f25b776b7c31cdf2519,,
EXTCAND-d6ca6d45d97f6f1f634e0a07,EXTLOC-9ab750f5c1123a620a7867b1,,
EXTCAND-75f97b4ccc4c812391647566,EXTLOC-1eef784f3ea08f2b66b2a0e2,,
EXTCAND-75898dce7596124c4064bd92,EXTLOC-3301008c797dc0a3eff18f0e,,
EXTCAND-1077aaa5231c534c1e5263a0,EXTLOC-c3b806a68278ac5933feee58,,
EXTCAND-657a54f3d394f32c6de87853,EXTLOC-5b01408255244345ed0050f2,,
EXTCAND-ffc70bebc5aaea23366dd452,EXTLOC-ce962217e0d05ee6b51d2175,,
EXTCAND-48b809be017f8cbbc4176171,EXTLOC-5f89684d90d0042ef89ed4dc,,
EXTCAND-9002546c3e71ee934558b8c9,EXTLOC-23d415e1b5db336f44f4da69,,
RESCAND-e8ad692e8dd47acda9432e46,EXTLOC-bf86cdcbbd35173b23954e02,,
EXTCAND-cb47f9dcb11fad0d0eda3a18,EXTLOC-1b4994a09baffead4b76e317,,
RESCAND-a40e4a4b96a5490e18348584,EXTLOC-7b2cc26e299f8c295260be1b,,
RESCAND-23b7b400f1421143198210c9,EXTLOC-c972642a8cfeb564564667e8,,
RESCAND-ff5168881373fdb3f0370eb3,EXTLOC-7f3dae0a968a3f5972c6e580,,
EXTCAND-c31310ac682fae072585e694,EXTLOC-77fd51a287741a3d7e077fb7,,
EXTCAND-c9b0b6992231f3ad4ed7da75,EXTLOC-180c3bce65b668c2d2dfc3ae,,
EXTCAND-8f21ff34dcafb9ae6b312095,EXTLOC-d0499895a7cd842f6762fb97,,
EXTCAND-6f797a18b9684a524359fc04,EXTLOC-8e8803b38b6c920691e5af44,,
EXTCAND-cf91ddf4745b962b024d9f29,EXTLOC-66155d95f2c1b4ce6229dd39,,
RESCAND-a0dba18250e5702684844884,EXTLOC-b17f93211a40a09bf3925fa2,,
RESCAND-684b89a7611822af2124a74e,EXTLOC-28acc93db24993835fabd2cc,,
EXTCAND-945e23b1c323348d9663f906,EXTLOC-7dbca626d13454a8c84ed7a9,,
EXTCAND-034772285f12caceb6c2ad13,EXTLOC-2fb8bcf3cfe952554d77f601,,
EXTCAND-a9134b445db4870656616a09,EXTLOC-553d6f4c6c5626101008dcef,,
EXTCAND-0766fd64e42748541e57fe48,EXTLOC-b6e13a1078170b061ef971a7,,
EXTCAND-da05c5c1f5953b3a02f87fba,EXTLOC-c6c4e05e8966fe73d3061e23,,
EXTCAND-11aa3bb75350eebe5851c018,EXTLOC-7ea47b55f23fb6d35e5a0570,,
EXTCAND-fefb48535000857e449be358,EXTLOC-33d3569498bb88c9780c027b,,
EXTCAND-61c7d16397a693a4022dc484,EXTLOC-793aea5fdde4deedbf832866,,
EXTCAND-c9bb505656a60d4bf665141f,EXTLOC-bb3016127d37948b4407b140,,
EXTCAND-1c1b35d84895140eb586473f,EXTLOC-397da5c3d8153af7027c7200,,
RESCAND-7872f13112a94e9e7dc0a951,EXTLOC-c2b6d468e7518319d91a7477,,
EXTCAND-52074af3b19aebeb816cecc2,EXTLOC-73b108945a9b49d8c5572b06,,
EXTCAND-2236c6ad92d028d3a8ae8f2d,EXTLOC-bee63ac959dc3ecf6accedcd,,
EXTCAND-7dee619057f97bb74272f107,EXTLOC-22976805c6c944224bdd0115,,
EXTCAND-0bf0699155e0e098da5d1962,EXTLOC-9e0e5b9c4aa0b9996136045d,,
EXTCAND-34f25eaf9838f279e6b2c10e,EXTLOC-9987b8bf5a686309c6be2db4,,
EXTCAND-1c0d278246378b56e9367ca0,EXTLOC-cd39cf73ad407452698c4ac0,,
EXTCAND-902184d6208d8ea8b013ab1a,EXTLOC-c32e0832cb93c1167dedb09c,,
EXTCAND-9ca368c051bb75cfbd91c9ba,EXTLOC-9e7217806f5308059a50237d,,
EXTCAND-ba6a19e86ba71f619f26b8af,EXTLOC-b7bdad9f07e59f9c235bb4b6,,
RESCAND-bbfc0d16ae6007fc566af3f7,EXTLOC-1e95652f263fe73022236c8b,,
RESCAND-1a4dea05c9dd983c6d2dec00,EXTLOC-2bf990a063681c53523e8404,,
RESCAND-bf4d6e985e6abed9b3c398a3,EXTLOC-6ae215359b4d9dd9495a6dc9,,
RESCAND-a3c093b3ba4159bc7333d217,EXTLOC-cbdf6e028ee80d6c8f9cfc10,,
RESCAND-69d1933d6fcbc21b406e67ae,EXTLOC-50673df0818ca0cdf7ee8ae2,,
RESCAND-6c3118c55c74044f4968ffab,EXTLOC-6d9e6ebccd4827b9cc4c3e6e,,
RESCAND-f038751d17ede5ce32609689,EXTLOC-8221b37c6753a37442583218,,
EXTCAND-279c3bf26f201411871f72ed,EXTLOC-cf97fad4725ed6bab6c5191a,,
RESCAND-b810c05ae4a2f1fe760e34ad,EXTLOC-4c681daddef7c193388f882c,,
EXTCAND-39168fe5bce7a2e2c2c1f522,EXTLOC-9cbdf0a8e7c4db8dfee9fa91,,
RESCAND-59032738e3c9d6a0708161e9,EXTLOC-6f020c5d62dc17297a14942b,,
RESCAND-288e30068d92bfc04c9c2a20,EXTLOC-3b73e29822f386cdccc5883f,,
RESCAND-52347ced2953b63d328f7bd4,EXTLOC-99ba5b97c2bd6d76b09aa92b,,
RESCAND-d9a8d6180d54e254de0929f6,EXTLOC-38ddb7dbac719aa11f9afb28,,
RESCAND-7277176bd3eab844f6aedfda,EXTLOC-e9d9ed56e1d8093d516807ff,,
RESCAND-44215a69d3a2f3f82259f6f7,EXTLOC-18bf248d292c85ad833305f2,,
RESCAND-6075de8b3b55850335d6f23c,EXTLOC-d05555f0ade78bd491bcbdbf,,
RESCAND-0427a94b54a38d4378672f27,EXTLOC-3b9bb0d27bc73b028b42211a,,
RESCAND-b36fff5cf8ecec3c1e13efe6,EXTLOC-b5a54c6e8e1675c1a05298d0,,
RESCAND-1dd149cccdfa82ba77d5fd4a,EXTLOC-511140a713417493a44c646a,,
RESCAND-538acdf525c855bba4dd56eb,EXTLOC-fc30444a16495f3e9af3f2e1,,
EXTCAND-b525e7eaaffd8ec22baad6f0,EXTLOC-bc7fee9a273db4d8bb47df19,,
RESCAND-c81fb743dc6bd76672da078b,EXTLOC-eee48c27e33bd1c38367a4e7,,
RESCAND-91378b2746609cd5292bca1c,EXTLOC-981f81659d3ca19c67eb8a1b,,
EXTCAND-4ee09a7ed26cada309273b8c,EXTLOC-444b3802523b545ff4a8a3d7,,
EXTCAND-a97cb2803696f350298ffa29,EXTLOC-e536bcb0c84c5f3c3683a6b8,,
EXTCAND-5d5b7b3ae6d690fe613dff57,EXTLOC-c59b28470c288f42a2367432,,
EXTCAND-7c9477de8e02a2bead0522dd,EXTLOC-fd1ce0559542a3a04107a9f6,,
EXTCAND-388772661ed562e40a05d56f,EXTLOC-92e1113bf65b3bd70d5ebe67,,
RESCAND-30638d6d85d6c63def6b74ee,EXTLOC-17db4573caeff8c20949c823,,
EXTCAND-9802a330f7e8c15f3da54aac,EXTLOC-d9f12cd14f8ef3ff5894fe98,,
RESCAND-d6792835afaabb9b50fa99d2,EXTLOC-15c185cc086345a80e265611,,
RESCAND-2f5634bb7fe5dca476f8bc01,EXTLOC-54587d515312c5b4890b881b,,
RESCAND-3ab155d8f0271b7f04dfe216,EXTLOC-d4f7d1ff01203f409314ba05,,
RESCAND-e32fcf889977af92ce45b235,EXTLOC-414dc3eca8f5099c3794927e,,
RESCAND-f25daf721858e74eed960436,EXTLOC-0013b48ff7e0ec36b6e5a6b4,,
RESCAND-a708e93e6bca37e28ae31baa,EXTLOC-ae5547243c1b09a0b10d7fe9,,
RESCAND-ee3b390d341db0f1bbd4095a,EXTLOC-77e4647d3385530d9235aca5,,
EXTCAND-da3e08ee104e5deaf2dfb178,EXTLOC-41348e41b5fad8f667703448,,
RESCAND-9edbc5b96335fc32d675588c,EXTLOC-014ab2d5943edecaa06d260a,,
RESCAND-d20a9ab118c97383c9a682c5,EXTLOC-554ad7f20ff6a7838999bb0b,,
RESCAND-4fe73f582d102db170aed371,EXTLOC-747e471b0ef53b225f66cd47,,
RESCAND-9670e796433046f6400cd193,EXTLOC-c658f7af1b44f68398997c1f,,
EXTCAND-2711b155334be0ceec55fbf4,EXTLOC-a89d3b482ee8a9a239846367,,
RESCAND-01716b2e3f87cd80a2e47af0,EXTLOC-8120576468c2b57b071f5a87,,
RESCAND-7130ffd7919f43a9f2600abd,EXTLOC-46eb17cd385af20800152ee5,,
RESCAND-10ffdc48ee968037bae2071a,EXTLOC-3e937d82cd0ce92419023932,,
EXTCAND-d5ff3e72a9c92a34c0374cb7,EXTLOC-247f5668b5e328ed2e58adc1,,
RESCAND-d4d25fab9312f4dd592ca890,EXTLOC-2eb4a894b23f0fe96b9a884d,,
RESCAND-d0e5b35e49e21b2c9f81a9b0,EXTLOC-d54397aff592fbd5910ec912,,
EXTCAND-97dcb06271299b42490e46e2,EXTLOC-757bdc781a5003cfa5c914b8,,
EXTCAND-e2d873343278b19781ef62c1,EXTLOC-a512dba975583286ca1bf341,,
EXTCAND-7815b581dd614411fc59177b,EXTLOC-f5a1cd1dc94ac3509aa038aa,,
EXTCAND-5fa8241910cf7076684bce17,EXTLOC-b804bcb964524b9cdbe5b0e4,,
EXTCAND-912455837cf86bbf8220565e,EXTLOC-75a79cb27a736b3615757f8c,,
RESCAND-0e67c7d5c1410b271dd5778a,EXTLOC-b5afbd3846f9e90899605e52,,
EXTCAND-41395c866f44f20123a1b927,EXTLOC-fcb89f4eae34cbc69999c579,,
EXTCAND-354a09d34416ace8a98f0a78,EXTLOC-7d80488cb041413e278168fa,,
EXTCAND-6d141e52373666ca22135044,EXTLOC-6c3dd7adcd5045f7e1d3f30b,,
EXTCAND-e4db105a13607d7d89feced2,EXTLOC-d1a69717c9a80b519774e034,,
RESCAND-0dd59abbe6e96cc41ac3ff33,EXTLOC-6a70ff186df7e2ed02377fbd,,
EXTCAND-d4b388c39e503c2ce89ff24d,EXTLOC-80206960694bf7dcb0437303,,
EXTCAND-1317f7bc7b97cc5f2c149235,EXTLOC-198cdcab300d1c9ca10b81e1,,
EXTCAND-89e7bd6a730a77213563d6f2,EXTLOC-8ccc4ff47fa93773d3dd4eba,,
EXTCAND-3fd0d8f1aa31873e9b2f00f8,EXTLOC-daacb20cb2fb0132773fc21e,,
EXTCAND-fd9bd3e59fc19b67d9192dbc,EXTLOC-500f204c0f07c765119d2f7b,,
EXTCAND-f8771117835131d8d2af11b6,EXTLOC-b102d07792ea48e00de7a8c6,,
EXTCAND-505037fdb744d6f8a02a9089,EXTLOC-936f024b62969f8be6559e13,,
EXTCAND-6f05a8eface4561f95b227d1,EXTLOC-6dd2452321ccc6a4d98bec48,,
RESCAND-149ed994f81c1644fdbd22f6,EXTLOC-3d450547000dd591b3e84be1,,
EXTCAND-a9963f57aac42f4972c076ae,EXTLOC-60c0ae37a25fdc1947b8ceb0,,
EXTCAND-24b9639b780ee9a71d4920ed,EXTLOC-84f90b055302db84bfbb0dd0,,
RESCAND-1f529657c1471428283b8c4f,EXTLOC-91547e164308cd72d0d40602,,
EXTCAND-2c28b4a8877358753df67b64,EXTLOC-c254dc3ce448c458c15d6af9,,
EXTCAND-4b445e157d72671d09d95a0a,EXTLOC-d2193d97e3aeb82958facf49,,
EXTCAND-9c590e499c8535cd13e55a6e,EXTLOC-0459b6fa3faeff89243647c7,,
RESCAND-ad55dfa42996320203331aad,EXTLOC-dbda26adfdfcf87aa9e85ac9,,
EXTCAND-dbf026be0e736dba8044bcb5,EXTLOC-8f6de519bb0396ab106ebc71,,
RESCAND-484b7e8b6a2dc60b91c75258,EXTLOC-8edd9c41bb8a43614496de7c,,
EXTCAND-9534cc894e5aeb8aa5bca89b,EXTLOC-321193d93a5f2723e8ff6870,,
RESCAND-db3f00d0b40382850cc84aca,EXTLOC-af8d21be73360d7c3a0e2687,,
RESCAND-146a23aeebfb3a35eb700c4d,EXTLOC-e9838fa17f515e8873286e29,,
RESCAND-2ddf9624e94b96aa36a1f2c2,EXTLOC-31fbc307ba837f449c2d82cd,,
RESCAND-3175ae6746b56fedba076f80,EXTLOC-1dbc0467929dd60eaf285e50,,
RESCAND-64237b5e35fd8bd7e016ad73,EXTLOC-386ce2390fc37bf29a042b85,,
EXTCAND-f17203866c1c5570c443c15b,EXTLOC-403a57a6f50b68dad44c7b34,,
EXTCAND-0ba61b99933a75979bb0d814,EXTLOC-a28dbcd60084e5423987eb5d,,
RESCAND-087eb292769598f99bd63f41,EXTLOC-c0f5a0443113d3f7b1e93e4c,,
EXTCAND-e691d8cf44aeb76b9f7821f4,EXTLOC-b1b29e1ff2001a1c03e9eda4,,
EXTCAND-60682c1330e4bdf217fb73f2,EXTLOC-9a8594597f2e64a729723b34,,
EXTCAND-6b9fb18ca794570f78779916,EXTLOC-181309f72e42921fbc690d09,,
RESCAND-e504d9498cad5a35259fe508,EXTLOC-9268f41e593dd77d14123a93,,
EXTCAND-aeb22cf307147e8889be6c9b,EXTLOC-9098216947f98d2d8c28c835,,
RESCAND-314f45788b69d84d0306fc08,EXTLOC-d7212cdbd07cee49ebfdec18,,
RESCAND-daea339cbd8889d7b2cc7c7c,EXTLOC-e9fb370b854876723184b794,,
RESCAND-23ddb64991b9db5a70d7734c,EXTLOC-1fa95ed33b25904f12990081,,
EXTCAND-46f412e3377b281542723666,EXTLOC-b26a97f6841bc3839f893a1c,,
EXTCAND-f998e165b5140db99a6bc021,EXTLOC-45fba05fb12973668ef350d4,,
EXTCAND-ec405ce22af02f1320af0d29,EXTLOC-6db24a33b9b27a151f5186c4,,
EXTCAND-a827ac07e472810ffc615318,EXTLOC-aed77d396c5dac1b9da79241,,
EXTCAND-a6c6c3c78180a029036bdf11,EXTLOC-357b774947bc6d203edac16b,,
EXTCAND-7c4d865f8d9b9372a7c484a6,EXTLOC-c8cbb25e82cf4f222493b142,,
RESCAND-d1eed4bf72a37b9f16ddaa7b,EXTLOC-7425d92afd07e3f4147ba745,,
RESCAND-54789f87e4a33f6b41a00a2c,EXTLOC-43751c379536576bf6d98040,,
RESCAND-3c649eb7984a666ef4b30758,EXTLOC-25d224f58be0cebf0d602a11,,
RESCAND-2b7b3b44d85261f432372192,EXTLOC-85d91ea91c8cb26d0cf71195,,
EXTCAND-69f90b14c28d49de6222e62b,EXTLOC-5f17cd3c282e67832a06ae24,,
EXTCAND-22a51224f7a269d835a8a1ae,EXTLOC-4ea212e59607b5a546e895c8,,
RESCAND-1ffe979a7b9d52274df6e4d5,EXTLOC-76a28378841ffbe37dbfa714,,
RESCAND-5d44fe4de5d9867c00fbed67,EXTLOC-c7f686b966b801cce5bd4b36,,
EXTCAND-65457a210e40802d51a0138a,EXTLOC-4e919bea8003cc639c651cb2,,
EXTCAND-64de60ff9a0d92ebed1325bf,EXTLOC-a116b7c1c7290dd36c4cbae2,,
RESCAND-5d72137cd3cd78b0942b1c94,EXTLOC-a0ef0cd4866a9c60428786ec,,
RESCAND-4c16fb52766d3a3555582c11,EXTLOC-9c9c9bda0212df126d3f8a7a,,
RESCAND-c532eb823ad5c65838f55310,EXTLOC-f04638ca85a3a708a8f130e1,,
RESCAND-53c273f0f0354d29fcf0c83c,EXTLOC-2d4968d60cdc05ee4bf4d24f,,
RESCAND-cc4b5b39c5272f41ec335f9f,EXTLOC-bdd196e79df5a4da8ed696f5,,
EXTCAND-941ae69b1036f8003760ed0d,EXTLOC-3dc97b15cdb86d60cdabb062,,
RESCAND-9f4682b91be8e4aa95201e20,EXTLOC-e3d7d28cfda1a61693c2e10e,,
RESCAND-4ac1c0800835d57bc3350ef7,EXTLOC-defb1dcf93e957accaae62f6,,
RESCAND-32ceca14802926518330c9f5,EXTLOC-b6fa3f53b7e92488a54badd5,,
EXTCAND-fed3b930c24c4cf23a4ac6f7,EXTLOC-df1785399334c2438b3388ef,,
RESCAND-e856c79bf61ba4954af7a6c2,EXTLOC-8b09ed428a6033f28279cbb1,,
EXTCAND-c2f36f02c14a46f1bfbf5c15,EXTLOC-288e398a87720776af3d4c9a,,
EXTCAND-856739fc60eab502a2af7d1e,EXTLOC-70ee26d8c5c125a29bd05cbe,,
RESCAND-e0eed2512b23deee39b3942e,EXTLOC-97bfd5b64f5be85771e25ed6,,
RESCAND-8894ab0bead50a665bdda3a8,EXTLOC-41adff9c07c24f3ba4b1586b,,
RESCAND-bec5ea0ab9f834385c074c5c,EXTLOC-96c591aa4dd41576988767c1,,
RESCAND-8d6f65ffdd5e95d04a49b211,EXTLOC-e3bca6ada8d87e346f3d5568,,
EXTCAND-7f780187f24e3ceba7e73931,EXTLOC-e1f0c8fa35531d64e8d69ad9,,
EXTCAND-e52e7ed900c14121b8f28e78,EXTLOC-64ef86146311ef0dfc633b29,,
RESCAND-7d0656786a149d60d0a58c8c,EXTLOC-ee53b2ba1aac65913eefa7f4,,
RESCAND-c0f7b3c0b8f0675f73f9364c,EXTLOC-42342b6452ee82d4a22802fb,,
EXTCAND-f80bb0c5313f1695142a4ad8,EXTLOC-7b36f1d47cdfffd45143a7e1,,
EXTCAND-71e5ed69f6a95ac0adb3f65a,EXTLOC-a14d897120f7e0c726103387,,
RESCAND-5e859611ad72e89cc3425f97,EXTLOC-92b8e347a50208f83d44981c,,
RESCAND-8d3d9590a232171a8684e78a,EXTLOC-f8c9b8c674175c73caca3fbe,,
RESCAND-050d0d42ad727f9a471c556c,EXTLOC-29cba0404adfeeb273d6ab27,,
EXTCAND-3a85c517489de1f398a521aa,EXTLOC-ea1acdb6078f3ee660c5f331,,
RESCAND-b0c211618a1edb2e34a20b14,EXTLOC-f81912e4447b5f97b0b4cfcc,,
RESCAND-96c52a499da6f77fdcb57c4e,EXTLOC-5962c03ee26f3b92dce86aae,,
EXTCAND-fd32eb44b9069c42eacce466,EXTLOC-fd28cfde86749b0b2d74303c,,
RESCAND-a9b9e80e922888e68d6d32df,EXTLOC-3a6c43ae58d56421a982e368,,
EXTCAND-d15689736bedbef5aeaa99c3,EXTLOC-732810b793ab99014698bed8,,
EXTCAND-30b437738b480a7b63802f5d,EXTLOC-9ad5c24b01bd2a7f364d84f2,,
RESCAND-989f6a62a87e39341987f6eb,EXTLOC-dedd48f0e6ca6a04262483f0,,
RESCAND-9343283ef06654bd3d0b6b23,EXTLOC-e7f6c824f422f155e956adc4,,
EXTCAND-b552436d8eb6d15dcd3d753b,EXTLOC-33f8b641b283c2f74e967552,,
RESCAND-a170ebfe1bdee7a830d6dc38,EXTLOC-86c39f799eb54f84942ce0bf,,
RESCAND-fcb77fb3b004168fd7bc82f7,EXTLOC-ceb674e32639990a59d7ea67,,
EXTCAND-45ed4f28e756ae7bfbeda3fb,EXTLOC-ed427b4e9060923fdaed57a3,,
RESCAND-e11b80caa92b6819fddd7abb,EXTLOC-a9740c4208ba684a32945931,,
RESCAND-a7424e036e031bb72cb5183c,EXTLOC-7bd05ea9cde451152e655981,,
EXTCAND-95e7e51b5ea3a2288e4e939d,EXTLOC-b4853f3b9a98d5e1fc0563ba,,
RESCAND-2a7985cedcab0a7ed35599a9,EXTLOC-2cbc30783d657563462b5259,,
RESCAND-d5fa6a5265172bce5a84fbc0,EXTLOC-7f333b16a87b1d7b59deefff,,
RESCAND-bc4aaf37c09be3da9036d5b3,EXTLOC-1d61a83fbc94b6fd9b694cce,,
RESCAND-3eb375876416285905eacb53,EXTLOC-4dea440a1771ae4e6b9d8226,,
RESCAND-4c3abf81b52ca44bf1256c1b,EXTLOC-51e9acd8c8adb58e46ab4af7,,
EXTCAND-85e142bc53b6f13573f7a143,EXTLOC-fac86ff9d07270388db61804,,
EXTCAND-3bf61ba71997a0ff20a93a2b,EXTLOC-1f159cca32e216778b2108f7,,
RESCAND-8789a9d5970a4bd5ed7eab49,EXTLOC-a7cfb029426b0cf013d6e638,,
EXTCAND-3d8fdf63af8b16d39f1a56c9,EXTLOC-2a101adcdb3ed2c6dc69bdd9,,
EXTCAND-32a9239ff4cfcba441381928,EXTLOC-9559c37a42b4464cf8a554b7,,
EXTCAND-dbb8af0903da9ed986d72e9b,EXTLOC-019631cd638a2fdba08278f4,,
EXTCAND-43ecbbad06ef9445d3644073,EXTLOC-4a54484a15d09b92b3e365be,,
EXTCAND-eadcab4f85bea48211549466,EXTLOC-7fe658c1f3cb01a32d833498,,
EXTCAND-f353c421c0b98871e35d6f40,EXTLOC-201a463e585fa43e18026bda,,
EXTCAND-c1c6f1b78260186e74e51adb,EXTLOC-0e18548e709766ae3b3f5758,,
EXTCAND-c35a34d08cc4e4fb07bf2880,EXTLOC-019f56f2607a6c6c8c437be7,,
EXTCAND-f6edd7ad051b3ea1781fb803,EXTLOC-8533151d365d89ec6c02245e,,
EXTCAND-b3a890610a376f0a74ce1a26,EXTLOC-a16e60238c6a75e9570c766b,,
EXTCAND-e1750afeee2e706d5cc398d9,EXTLOC-76d74eb44a5c1a483e58e3e9,,
RESCAND-cce1fb8f2d1b8808b97c5f36,EXTLOC-de5798968590a6be52fc595b,,
EXTCAND-e0d0bf2492ac378fad266347,EXTLOC-fca4e5037491fb781e761d85,,
EXTCAND-050260392ab9165da11ef612,EXTLOC-365f0e75acdded6a20531d3b,,
RESCAND-4299151e2b05778bdcf1c04b,EXTLOC-3ae7ee7d35767b8f9f780aab,,
EXTCAND-3ea6d1ef74761016e2b56e22,EXTLOC-25655ec4d4e4ccd845cbf065,,
RESCAND-afd4018955c4280fb26e383e,EXTLOC-2b4a24bb177b18b67d42de44,,
RESCAND-ab215acfb51effaca40d70cc,EXTLOC-26b9a78c58ee458e6b78dd39,,
EXTCAND-0e8a9d444c0ef6dc3132258c,EXTLOC-4960d587529e86a6b00cd8cb,,
EXTCAND-d073e659585afd646f7e1bab,EXTLOC-9b79c54470f5cf0d9d8d2a14,,
EXTCAND-9d51b27d01873e08b18efd2a,EXTLOC-e788a774eaebedd9d2faedb1,,
EXTCAND-638f1f2399f42800f165ff41,EXTLOC-ca10944e36dc082f6f2a69e9,,
EXTCAND-a939b17b63cfe21d4cfb71f3,EXTLOC-53ea523d599f4fb2964a89c5,,
EXTCAND-f40dc70391a842c5caab83e4,EXTLOC-ed403eeb6a72e3b6a09dee20,,
RESCAND-830ac46d378f359c747df45a,EXTLOC-4521e20220b19d7975fe8272,,
EXTCAND-b476c78607d8067d3f723f2d,EXTLOC-a1bd59290967ccc0ec7d8637,,
RESCAND-3f962ae8f7099ff74e345956,EXTLOC-78fdca874184e04c94dc5f8a,,
RESCAND-25b86ab8757000317ba6cd54,EXTLOC-0fbfb4579a87d29f16282ba4,,
EXTCAND-47c7f474b2d508ba5f5ee3b9,EXTLOC-c6b9570636c5b994a94713cf,,
EXTCAND-a5f1cfea19005da64917cb5b,EXTLOC-1611277e85468e19e842a589,,
EXTCAND-482060daf8b4d819b05abfd1,EXTLOC-a8ec11f15c8624ffd0b348ca,,
RESCAND-9ae70ca38efd11d722f07da0,EXTLOC-7500e926474720f19673e409,,
EXTCAND-0f0ac3826d78c1d5dccee9b1,EXTLOC-ffafc3c3b60210cceac68ab0,,
RESCAND-94040258a2508c6fdb69b375,EXTLOC-2c756705a96f737fced29ffd,,
EXTCAND-876a4c12d6cb1c1075755f3c,EXTLOC-c4461e310fb91f44acfc27b6,,
RESCAND-31394e985496db1c3966648e,EXTLOC-681389fdfcfc6e14dc7a5a00,,
EXTCAND-8fbb3b9a5ca420668a30bd88,EXTLOC-22fde3a26d3efe8c0ae73cc9,,
RESCAND-a68ad6a6ffd01a1d90b5ef8f,EXTLOC-e77c902d46d8587f8dff9d9e,,
EXTCAND-fd40ad03f778b155e487ed57,EXTLOC-6b77f6472811216a4172b240,,
EXTCAND-52c797c9de9f0bdc50574d2f,EXTLOC-715d52ae163b4df164a9a591,,
EXTCAND-7899d3e548a93486d681ac3c,EXTLOC-44daaf83be26439ed7f1b5a6,,
EXTCAND-3e1384b46835a2952b5aec10,EXTLOC-5e29179a0f4445cd204092f6,,
EXTCAND-c007966716912cf861c7e769,EXTLOC-2c2461e669f92bf2f1026673,,
EXTCAND-e0c36349abbabc13cb72c0e8,EXTLOC-af9857a10e702e5e353a2d07,,
RESCAND-ad97ac1ca1ef42d87fa4cbc6,EXTLOC-65935226eaaad7ca807c03c3,,
RESCAND-5218b7f1d5b46f335d5dbbc1,EXTLOC-eaf1eec11727f010378c3dde,,
EXTCAND-c8121b1f83b630a4a6c75be0,EXTLOC-129d18abf49dfdbf64051f3e,,
EXTCAND-5d03b20a2ae5d0c0681694f1,EXTLOC-6881892315f034e2f10a0f7b,,
RESCAND-74475d16b636eae3d05417c6,EXTLOC-1ce7d3c0cee1f69f4179df5a,,
RESCAND-0fc13ef9f782fdb0939d1465,EXTLOC-04d187a87ac8f4022cdaafb1,,
EXTCAND-33011467d0d812d96f2195a6,EXTLOC-c02e46ef6bc1fc42e2a9063b,,
RESCAND-670e973ddd7f0c8a9b3ac705,EXTLOC-27159252b8af0aef2c962413,,
RESCAND-308ee66f027ff64506cc29ec,EXTLOC-ff86373ec170e7a084aa671b,,
RESCAND-8c9e51e2813db1e4a4f639a0,EXTLOC-29ebb400047fdeb6f474fcba,,
RESCAND-00a6c3886726cc445f12fc6f,EXTLOC-95c14c92a2784a8d135aa805,,
RESCAND-6fd8111d6b8b3cad8075d4cb,EXTLOC-e897a3579afc2c6ca996a974,,
EXTCAND-3aa815fc7783478c6fe1c72a,EXTLOC-8f9cc976c30af7c75f16e430,,
RESCAND-833606dbf233bb1e768ffb78,EXTLOC-1760338feaccdb5a159ba114,,
RESCAND-1d454bcc075d8d6a934bfff0,EXTLOC-c48c4c132553a85ffc383f25,,
RESCAND-3ad3a90b36223cb861d79cc9,EXTLOC-e9067d354d12adb5f6870adc,,
RESCAND-a7a3737a176817553ca0f808,EXTLOC-9f0a2a5c969e72f3bd8c3449,,
EXTCAND-9029a509cbb5472d1da38cc5,EXTLOC-ca7c448979f2093d26499ccd,,
RESCAND-c2448786b6824f85cba84ec9,EXTLOC-3614cf0de66116c176b2719f,,
RESCAND-946887ab8ccab7ffd877bd90,EXTLOC-16dda5ae3948a1ca40cf1ae0,,
RESCAND-925cb95768b76613c72a98fe,EXTLOC-f34e8feaf259bb73f751a847,,
RESCAND-b5d0c8a22083d45b5137cdfe,EXTLOC-2c9461813cf0ea941ec21d33,,
RESCAND-68063b72812911d1e5f83534,EXTLOC-8f15bb13913e238b5a7bb2aa,,
RESCAND-641e0585de470633b12af149,EXTLOC-f046e05ed9d17935d2d51927,,
RESCAND-45f6a604a59f258369939b02,EXTLOC-184f3c5f2ceace41be0b5059,,
EXTCAND-511eead918662de9c6c46952,EXTLOC-1ab1baa5b04f37e7ff9978f5,,
EXTCAND-50a8025ba482486e8229bca9,EXTLOC-a5e90814f1e3d6d16a3ad3b9,,
EXTCAND-5b4cae687364ccfb8ee5aafd,EXTLOC-a4d034ab926af19e65e3efe7,,
RESCAND-11b9d90e349a035caac25486,EXTLOC-2e297ab61144c3114a87495a,,
RESCAND-034d3ad7ec437c94a8cf4e3d,EXTLOC-0e244488a8cb25ae2ba93f6a,,
RESCAND-9b50d999d503ec6ddd8eea35,EXTLOC-1ab6be3fb924cf37a817bfcc,,
RESCAND-c43abd861410988c120fba94,EXTLOC-3ea1b7a78892d75980d000b8,,
EXTCAND-da6fa792469a6d1575e45b50,EXTLOC-3a8dedaaef1230f4e86e7f46,,
RESCAND-8547292923567721115f159c,EXTLOC-ce0c4c610e48d5271869fddc,,
EXTCAND-64e9d1b3056ce4e0cf7d07d2,EXTLOC-aacaa7b0e9489289f47e01bf,,
EXTCAND-e73d48e55f28dbf4293479e9,EXTLOC-4b83ee22d9b02babe8a9b102,,
EXTCAND-5b7d7165715a411fb3bf8e8b,EXTLOC-7e1eab572767b26fea8b9fee,,
EXTCAND-696eb7428f0abb3c0d2eea38,EXTLOC-13ce83266cea48b8fbf7a4ec,,
EXTCAND-4f4f05bbe4475ca237d79c5b,EXTLOC-0d58ebf5a0c4e08ed5ccf44c,,
RESCAND-e87f8221a70e8f60417f7025,EXTLOC-2857287b260ae9c7fc9a604f,,
RESCAND-701949d6507875af7310cdea,EXTLOC-0407881245b6b17fb0b52e35,,
RESCAND-710e45a6552a731af67cfd90,EXTLOC-812fb4adbf6ae65ab85051ea,,
EXTCAND-6ea7a6df300df227dcdb6619,EXTLOC-420cc14487997a799f5ad9aa,,
RESCAND-60a6280604c09107e0c9a585,EXTLOC-964eeaea3b0734a6b34200c4,,
EXTCAND-0700d37d1d13cfd0844a19bb,EXTLOC-ce8f6980d44d909f2f10a2f3,,
RESCAND-a9abae73339dea0ad8feaeb7,EXTLOC-6ca90b6a61218871f9428cab,,
EXTCAND-299cd9710e3b7c4e49c97e6f,EXTLOC-2b59e39a9febca51ec9dc950,,
RESCAND-ba9cffe20c6f65f26570a51f,EXTLOC-00f885addb800116d65b5cf0,,
EXTCAND-eb43ba74488a723c7014d283,EXTLOC-8a75977d5c7e049fb6daccb0,,
EXTCAND-4266d156e02bbf1b5765154f,EXTLOC-de2cc9f550e17bbb3d953967,,
RESCAND-241b793911737de0ce35c1fb,EXTLOC-ebf9a627345c1d54aa69dbdd,,
EXTCAND-d947bc5079a599cda76af8a4,EXTLOC-31e66db07a2fe536b4d88826,,
EXTCAND-fce6bc7936eaf240fcd2ef89,EXTLOC-c614047993cf16126761d9fd,,
RESCAND-e1a47fa4d140f8fb715efeda,EXTLOC-cc373e1ed41cf3953f5c2ed7,,
EXTCAND-e679fc80ac13ad33ad653dc9,EXTLOC-9573dbd8194804229e500ef4,,
EXTCAND-2383d7b9bd7176b6c9bf7d7f,EXTLOC-88bbf3da9fe67f34033c92ed,,
RESCAND-9d8d4d75879393de2438a00a,EXTLOC-80d60b3aeac8378a177a3a9a,,
RESCAND-1da9430c10ca2593a06de192,EXTLOC-6bdb6af9a102289db1431cb1,,
RESCAND-674b6b400a0bf048fbbe5e6f,EXTLOC-e6fbbbefbcfdeff5c682240f,,
RESCAND-76544c16ba3b2008abc62c93,EXTLOC-7f29a16040eb3d84b4d0ce57,,
RESCAND-844e373a3f011be8e8d6bf84,EXTLOC-bcf22315048995893dfffb8f,,
RESCAND-ed78455a4f3ebe77713ef8f7,EXTLOC-eeda680c8d7924bdb5c229ab,,
RESCAND-0c0926ce4b0dab90c94b5c3f,EXTLOC-e0929827430a90f96ef5b466,,
RESCAND-53bcf2e7c22a60354cbfc44e,EXTLOC-d48a65fbe513c9af35b5418d,,
EXTCAND-0d9efcbc826349ae529b3d93,EXTLOC-18d61c4a8641fbcd7e808397,,
RESCAND-8f0deaa0903dfd5cea0fdb16,EXTLOC-0010aa576bab6b07c17b528e,,
EXTCAND-b52aee01d54b7d7f22246903,EXTLOC-8b38f3fe3c16c427d04ce6a6,,
RESCAND-b2186868d42b1f584ee30abb,EXTLOC-d72ed2fab7d57dcbbfb3d9c6,,
RESCAND-3d5c8cfb2f06adfe2e046248,EXTLOC-9cbb4270a36743c7fdde5084,,
EXTCAND-06bd175edb01a62a692b594f,EXTLOC-096129b5222eede19c1d1168,,
RESCAND-d89c25f82280883f1de38208,EXTLOC-ce0c5b6ef3770bd67795c922,,
RESCAND-9c651a924889d3a63dcda996,EXTLOC-5152c2869cb0d3b14198cd57,,
EXTCAND-4944a52f72f156923fc274f0,EXTLOC-c9a9db6dff7e2fe639a7aca7,,
EXTCAND-babb9a379c2503a8981fe414,EXTLOC-84de00da5dc6e93b6ef695ed,,
RESCAND-ad049809cffd27b2c132fa8b,EXTLOC-6d6fa45882912888f010d51c,,
RESCAND-e1eb02313823f9d6ed568dae,EXTLOC-2194f0d42d8e234178530e9e,,
RESCAND-5d931be2dcb258c1ccfa5b8c,EXTLOC-b17f54d12fd529d5126b4b4a,,
RESCAND-69b7a8287b26a308608e9c8f,EXTLOC-227d5c42e62b9b694f34b3a9,,
RESCAND-841a9d2f00389466d270da74,EXTLOC-e1d4c18322073c3590a9d53a,,
EXTCAND-2dc5ae3c2b22b916bcebd916,EXTLOC-747d14f59c5aa7bc8837f1e3,,
RESCAND-9e0b9e627ea5ef943d9a623f,EXTLOC-4f5931bf3df56d4a65dfbd50,,
EXTCAND-ef1fe4134d86384f9cfce9d0,EXTLOC-062e1e89996eb0d84b056983,,
EXTCAND-a78528040a72d63269ff840a,EXTLOC-e3a5267a9cd9789421e514c7,,
RESCAND-fe92b8dfa5d357a2bdb148be,EXTLOC-126a18f6ad7b60b2a7e0b0c8,,
RESCAND-ed1a7731741e9db3701b8584,EXTLOC-f19b0dd706d6daee91902bd4,,
EXTCAND-c46e66ab35472b1add870336,EXTLOC-d5708efd4c97e55ff841fd5f,,
RESCAND-c44d794db000e2436cd3f17c,EXTLOC-4a2014bb2cab8e2d08135386,,
EXTCAND-19a5048a6ed9e6e9e8c683d2,EXTLOC-4bf87d25e1ed6e11cdecb6a3,,
EXTCAND-7e76d9b8910aa09064d174c5,EXTLOC-e9d8ff5cd9464a5347fc684b,,
EXTCAND-1f5fe76be7d774515e3e1eff,EXTLOC-b177cd631572062271b6310b,,
RESCAND-acb97af1756226755fa5c880,EXTLOC-41e438a9a4831d14a0aee222,,
RESCAND-3a7d1f148d0b29747dc2141d,EXTLOC-b84a87910d5bacad73e9e45f,,
RESCAND-44b7a185156d07aa1dd7a6cd,EXTLOC-23204dd4da5711bdfafb7371,,
RESCAND-d19a5a0ab127af49d9db4b2e,EXTLOC-1df8de588715bf0927bd7aab,,
EXTCAND-60d2617722afd24d18dc840b,EXTLOC-a6c45bc0252e45e8a0e24932,,
RESCAND-e3df7e34fc9b33c9edf906d4,EXTLOC-96473495d932df936cb4aa65,,
EXTCAND-6a62d9757a314124f0b5dec1,EXTLOC-6c2d0ddc692de2dfdc8786d3,,
RESCAND-6b08c063ef92a4c91818e7f4,EXTLOC-504648386f8cb11cf988981f,,
EXTCAND-563837d2cac1736d2eca7018,EXTLOC-815b2e7762fd75f9c6b2786a,,
EXTCAND-e2dae589e3478910d4d51db2,EXTLOC-bddde9f5ae4df3cbc6ad08b4,,
EXTCAND-e1e970f54c7aae2894a1d401,EXTLOC-a87bc7425069a2ad371fe172,,
RESCAND-775342c0b4884481431f87e7,EXTLOC-0d95d622a7074d198d2f87b7,,
RESCAND-878b1b534d70468bed18f64e,EXTLOC-48ed917931e186809cbf1135,,
RESCAND-b8cc5ac8e3d572e7629b721c,EXTLOC-6b2bb1357ac9dd14d4669c8d,,
EXTCAND-e13b37973ca566de978afe3b,EXTLOC-85ed7f0f69daa332e6a6172f,,
EXTCAND-77208fc1d8528d7a0a011b1a,EXTLOC-f1485defe5841bd04aea6728,,
EXTCAND-fcb3603a4c714b0abf12a24c,EXTLOC-a0c08181f0e3855d44fffeb2,,
EXTCAND-87c652c896c61307d383bcca,EXTLOC-8cb4bd9c724a4da49a833bc0,,
EXTCAND-c1f744bff41fe0f8ede10d89,EXTLOC-f4f63e18995657b18109290d,,
EXTCAND-59d4e0966cf7ea57c035cce3,EXTLOC-9e94c354a4e1a19d538e2606,,
EXTCAND-1754d36c6c208ae8d06e47d9,EXTLOC-92297645c082c5f53286c0ed,,
RESCAND-32a1475c2600f2aabb703d19,EXTLOC-1c300c274af1547bf59f9238,,
EXTCAND-3cb5c19f978af648afe810b3,EXTLOC-b0c7a656a0ae9a5b1737e1ae,,
EXTCAND-0c981ed565564e3e5219c770,EXTLOC-ce145fac071bbf60ce60d587,,
RESCAND-a1ed3b16509fbbfd03ea44ed,EXTLOC-e0cf4fd93a84e6740ee568ce,,
RESCAND-fe940f1cfd2301abe278612c,EXTLOC-8cd6d43f4b37058621bde432,,
RESCAND-9731e55de4575cd6315c691b,EXTLOC-487fd5ab1e1e34c0eaea2ccf,,
RESCAND-2f7dead36b3c937bc631593b,EXTLOC-80b63c36ee212b8080c809bb,,
EXTCAND-d232d2d6a91fdf13f79bd05a,EXTLOC-ac9b342d7dfce8bfc8319d17,,
EXTCAND-f2c77786b6af92d0d761835b,EXTLOC-59c42184d8b28db53e277f0d,,
RESCAND-6d242bf708f1c8aaa500f1a9,EXTLOC-9571db6216d40d36235d6486,,
EXTCAND-6b11abbb57cd213805befe5a,EXTLOC-f4ac26ebc710bbfa32c8124a,,
EXTCAND-c01a2e3064e6e6c36fd29693,EXTLOC-8976e9d60f40887984e5fbbd,,
EXTCAND-cc3d707695d02d59fa021a94,EXTLOC-c890138f6301c489be796b99,,
EXTCAND-8c434c7e09227f537093978e,EXTLOC-8ed48be16d2464bbfd83ae7b,,
EXTCAND-0c0768326c9c5c74423bc756,EXTLOC-923cc4b35aacfac193bb03b7,,
RESCAND-230c43b355f18709f3bda28f,EXTLOC-3f72d0f5e32d8216af4aa91b,,
RESCAND-5c6ca7394c31dcae0bba5c47,EXTLOC-25416f98f07829478230d4de,,
RESCAND-d18d9a751cbe3e5210cccc31,EXTLOC-3748db0957a838a6cc2b959f,,
RESCAND-4759976c7d34ea764ddf0e93,EXTLOC-81c76c4fdb39d7ec7c2aea65,,
EXTCAND-7a3e30a6c975711d6d19307f,EXTLOC-d3088c5cdb7acb9a3d9edab8,,
EXTCAND-62cce3e0f405630311032f5a,EXTLOC-45cf50ea4c95d23e603b0bef,,
EXTCAND-358f8e5ea8aef6bfcb788668,EXTLOC-b991e0030ee0aaea58e5a0db,,
RESCAND-34f9e27bb32197795744d024,EXTLOC-58448254bea7d99749838828,,
EXTCAND-f784ee86bd6e4b31332a18c7,EXTLOC-c46ef100562686f8a5fa5911,,
EXTCAND-75e16a12110662f9fec41806,EXTLOC-8e55568ff6a1fefd3797c18d,,
EXTCAND-fbca2e8cf3c3d5587500897e,EXTLOC-cf47923b660709513cb74757,,
EXTCAND-c029e1885ec6bfca1c0e1df4,EXTLOC-1c19610a1ed0eae7af2bb320,,
EXTCAND-87b401a1bf9c58c30b1b7087,EXTLOC-c096c4b711e41c212a83daf2,,
RESCAND-b917f5de5ea035dff205bbff,EXTLOC-0532eec602c4093cbb1cf9b3,,
RESCAND-969c21542511c4c172951cc3,EXTLOC-5b894b6fb2c566352ac18e44,,
RESCAND-330f1e7ba1f36fd0531de9bc,EXTLOC-d65cf13e0b01fefb0e4c39a1,,
RESCAND-0ada44275cc6d162fac0d004,EXTLOC-966ec37880e61b04dd1803fb,,
RESCAND-58c2201853ee4c142917e6a2,EXTLOC-0ba7701fc1aaf0cef1811656,,
EXTCAND-3e76105680f773720c1b6321,EXTLOC-6da370e4378f8cc4d49f5dcf,,
EXTCAND-5779c02b541b0aae4f29fdf5,EXTLOC-7c27393e2aa6ea076e337922,,
EXTCAND-838e2959d06360781c942c9d,EXTLOC-5ab739bed1e3264ad294fa07,,
RESCAND-059bd1fbb25ee5018b0c395f,EXTLOC-85c0f1de56cdb74fb3a01132,,
EXTCAND-b4b60449a0af3732ad7200a5,EXTLOC-5c1ab3262d08ec34919ec2c9,,
RESCAND-9c52424952825bc4558f5d5f,EXTLOC-656147e6cf28b03bad7382c1,,
EXTCAND-d699e3aa504058b612d557bf,EXTLOC-abeed64c9dc9848911906552,,
RESCAND-393083831ddaa12b8ff01680,EXTLOC-4b38947d606a9e813edaba9e,,
EXTCAND-7d8a684f45f3f6db67965bda,EXTLOC-dc754516b640a8c38b442218,,
EXTCAND-a5df139e36dfd2f0c422ea9a,EXTLOC-0097f3d3272681c8dc2ec813,,
EXTCAND-b1c915ddd39e386021d2a1ec,EXTLOC-2ee4e1e1edfa5613a80b924a,,
EXTCAND-312aaf4105e5fb80d25c9b95,EXTLOC-ad49d1a43227a2e9b13540f4,,
RESCAND-e0505077b45b28890a47a910,EXTLOC-b2dbf10c3fea9e5c137b85bd,,
EXTCAND-0638d0d6170eec79a8cb658c,EXTLOC-7537e8450f33d26a4d7ef96d,,
EXTCAND-eeb8bd7f4f33c763c14877f3,EXTLOC-37188e9ec64559543fdb12e8,,
RESCAND-40d3ebc793a9b6ef11632fbb,EXTLOC-abbc913de6a43653111d14e8,,
RESCAND-222072ee493ff5c139e4ed1b,EXTLOC-69d46fa4fd3cf391f06102da,,
EXTCAND-a647332139fe0c77916dc93c,EXTLOC-5e2ced46cd8f753be31ecfaa,,
RESCAND-e971cddf7b7890e04ebe0111,EXTLOC-3f4860470e029af8e50029e9,,
RESCAND-7fa43650d1c32210e4afa076,EXTLOC-9bf4c11644d255303547789e,,
RESCAND-50ac5db7a2f84ca675053ac7,EXTLOC-c123a743ac288d23d1fc2be8,,
RESCAND-7518ad5ca388927816ce6de9,EXTLOC-96522802cc3bc97c9bc9efe6,,
EXTCAND-59c196d65f7869bdeb0df266,EXTLOC-ffab2d56909e69a71d7d6ac1,,
RESCAND-54b7144394303acc32435274,EXTLOC-63c2673b290a4825bb606869,,
RESCAND-59d436cdfb9f770449640cf9,EXTLOC-11a8ce3cc8f37e175e0dbaa9,,
EXTCAND-10a55d6284e64125b409905d,EXTLOC-16a8fc0e728def33332e9d64,,
RESCAND-ab3349e2de951baec5cfdd3a,EXTLOC-5194bec1081dbc2316279312,,
RESCAND-bab0208e9aece4b260aaa757,EXTLOC-0b73201b4c1e25543d3db5f7,,
RESCAND-55ab92b93e031a6dbd74c6fc,EXTLOC-0a3ec933eddf587e4e75d54c,,
EXTCAND-78672c988b4a9ee4e4dc9321,EXTLOC-9d8aca1c15f22fafbb2d8f2a,,
EXTCAND-61ab55afd2fb4f6a0cbe8a0b,EXTLOC-17328d0994e7dec184cc3ab6,,
RESCAND-34d70f239644609d989b26b1,EXTLOC-cc47a1d5216c16ea96c65022,,
RESCAND-a661fae8039c4b37e77d2d9a,EXTLOC-8cccb75d8668013638a778f9,,
RESCAND-3db2cf470e2e5d8e08936ac5,EXTLOC-a85d36e4e4cc2bd722e7267a,,
RESCAND-7eded831c6f889a374b2099f,EXTLOC-741811b81e1f786eefb1de3c,,
RESCAND-3ed009070699d285e3475ffd,EXTLOC-dfd11a1408b4b69c140c9701,,
RESCAND-c0597da5076ea154971a4039,EXTLOC-0770624e885b3b2db8fcd14a,,
RESCAND-3f4b669bded2fc6da54c9462,EXTLOC-61bb8f5020a632cccb75da80,,
RESCAND-5a4034e6459c8af7e69d5f5f,EXTLOC-9c2488a3eb55f5acb089d37e,,
EXTCAND-f54b8e8e604b30b02cab730d,EXTLOC-0ebc3e10c57f13e54a08b647,,
RESCAND-3a45b5f4cd91f10de24885ae,EXTLOC-bad1f7cef8172d71c6baa7c1,,
RESCAND-ff2c004d590c34c297912831,EXTLOC-6ad1e0918c1f71c4e5fc4474,,
RESCAND-a6c6a70f7de11e7fd6547351,EXTLOC-45f1683b5efa6d2566771f51,,
RESCAND-ecc50f6bfa27fb4ab7a3a102,EXTLOC-b5f01623cf4911b57d074ed1,,
RESCAND-a90390e1e06f40626072b9b7,EXTLOC-2affa6da23b9ba802ea66605,,
EXTCAND-65cb409237067d374fb60fa3,EXTLOC-9b0f2ebc41d79a4a80cd4eab,,
EXTCAND-09607beab011d2231840dc2d,EXTLOC-c56b8a32a9f26c42950a61b3,,
RESCAND-ee43884b0d2e9772d1e90b51,EXTLOC-602688050ee9cd02c38bf48a,,
EXTCAND-666aedb01dd78ae4365b7cda,EXTLOC-c6b708d3d487c45ddbac6241,,
EXTCAND-089fe14a2060c0468cd1b315,EXTLOC-cf9d640db270893a997f2e7a,,
EXTCAND-520ef0e4cd242f8c6b16c2ee,EXTLOC-5cf7aff38944c6c99583f5ad,,
EXTCAND-e0db738c29b94aca15d9d7af,EXTLOC-e7a6f2bbd28379d785c5ecb9,,
EXTCAND-7b256f5eeb4c1458df8123af,EXTLOC-62e8d3573234542ebef9b7d2,,
EXTCAND-70c62ddd2eeab7e137d58cf2,EXTLOC-a7af5df7dc70f25b513b5db5,,
EXTCAND-36c93f759e8d476e506dc5dc,EXTLOC-21ffd58474cdb20d8a61943b,,
EXTCAND-7fcac609b1e0d5c031b5f3b8,EXTLOC-ccff66b7668216c20850faa9,,
EXTCAND-9e757a91d4e09fab29006649,EXTLOC-04ddaade8a05749e40a22946,,
EXTCAND-6ac8724ce70ced3f411be9a7,EXTLOC-06e2733be4183b99d86e6652,,
EXTCAND-6b828714b3f0e304731ad8bf,EXTLOC-e8e836f49e4ab63da2a0cb63,,
EXTCAND-46598738bf481fdc90dcdcff,EXTLOC-0c38c470c0122d99589d1aa4,,
EXTCAND-b78c42adaf821a574988cbbe,EXTLOC-d587775b8da1e902968c4cb5,,
EXTCAND-7a0899c8e3e95b579c1fdd73,EXTLOC-e1fd807460c5987cf31c9e9b,,
EXTCAND-b91033a02ada5e07ec271603,EXTLOC-f8994627657f7a1fe0913993,,
EXTCAND-9aaf7a903752b50463f3d04c,EXTLOC-fde5c54b2fa57c202fc7eef3,,
EXTCAND-2feed9fd33bef3fcf8e89b5e,EXTLOC-ebd9a325a8082fa114ea4bb6,,
EXTCAND-27196c5b15a836e3139ab538,EXTLOC-eccb6695e49cae53fef0e0de,,
RESCAND-f2bfdf5f42268ff8c8f566f9,EXTLOC-114123240fc688855349a757,,
EXTCAND-996073e34d3abacb923fdf18,EXTLOC-6b96a058db35c400953e7028,,
EXTCAND-0df9a185836c19060259b13e,EXTLOC-de7462ada1e0e4fb27cf7487,,
RESCAND-ef90d0e1bec138583fd1fc75,EXTLOC-4052271d967b9d49d07cc6c6,,
EXTCAND-3b088c65788c51b2a9afabbd,EXTLOC-4f633971e38bb8a5bd156bae,,
EXTCAND-f14280e4b99066d4c7a2d185,EXTLOC-18a9b5deb302e093bc910f40,,
EXTCAND-bde870835480df693fb91136,EXTLOC-e84446e0bece5b6975535a81,,
EXTCAND-3ee321a3b69ae37fb70ece3b,EXTLOC-d02f438eee80c6bcdbf1e3ab,,
RESCAND-725088cc41e78e951add4c4a,EXTLOC-f9f0f3a63af0cfa10fe9886b,,
RESCAND-1b63c7038782170921c8d3fa,EXTLOC-4fc13c55873224b26abc649e,,
RESCAND-51f5644b1f45ff1232eaef97,EXTLOC-a2987f45940884f7dca5e527,,
RESCAND-363fab9c7b1a23209c11e3c0,EXTLOC-d20beb3b1a6b58b8ed6d340c,,
RESCAND-d47277358a5de5ab2b263e5b,EXTLOC-8f8a721b6bf1a1aeed09ae49,,
EXTCAND-0594c6755c1745254f1f70bc,EXTLOC-f54ba28f85d704c95db37c66,,
RESCAND-530cdd93223b0ce0afc21361,EXTLOC-56b00fdd66559d5cf4cac0e7,,
RESCAND-7a69f153f3385e45f6959dc5,EXTLOC-bd31449b73e010a96f614d9f,,
RESCAND-82562546de6e65dde2220898,EXTLOC-0784b887ca166d3a81e17465,,
RESCAND-991da4ba593205c319f9204d,EXTLOC-7d903a670e0afb716a4da76f,,
RESCAND-c899616d4d91490fd1ebaf1d,EXTLOC-0f19a53c91f8c6dd2bf60721,,
RESCAND-58f943b650d41e5805b956ff,EXTLOC-15324bef256dd15d01d9e0cf,,
RESCAND-fc6ac51cecc43fddb42ebbbb,EXTLOC-42419b45288af6ab921dce48,,
RESCAND-aee4cdbff4c4c4ff31878a5e,EXTLOC-247a9a0f0158df962ad9ba55,,
RESCAND-a43579382ad294d30c76782e,EXTLOC-3aa57819b03f922d1063973d,,
EXTCAND-a2d61e9c8faaef6dd1c5eeb3,EXTLOC-931e34af0aa15003e1fcc7bb,,
RESCAND-65eae1feef67b9455c0365a5,EXTLOC-57f9739e5b91ed32ef12c74c,,
EXTCAND-4a372a796cc0e24a6715de6f,EXTLOC-a9bbeb6798323e2a72b6363e,,
EXTCAND-d912233375ab465d0a995ce0,EXTLOC-5d4a155cfbbaa50ff1659f29,,
EXTCAND-771b7e5f5d7beac5d14703f3,EXTLOC-953cad2a3c60d5fdce77d471,,
EXTCAND-8a4b266dd7f196bf26f5e145,EXTLOC-8f1ddf2c5d17741ea3484d19,,
EXTCAND-6448430b7dc3cd6c04455729,EXTLOC-eca232608db65fbed7d25d2e,,
EXTCAND-581def9ab2d82f8016fe5733,EXTLOC-eeb914b47913c6d77f0b8392,,
EXTCAND-a08852366f327810f1e25dc8,EXTLOC-244074b6cbf5f716148359e0,,
RESCAND-45c3f676aee60fdc9c7102ba,EXTLOC-044acd515eead5b44cc6c0dc,,
EXTCAND-26e5d074d888f869ba9a7d73,EXTLOC-ddef7b3a7703fb8fdbd3161a,,
EXTCAND-ec35b62d4736238af92027a6,EXTLOC-2f12cf2b679c3a25a794d4ec,,
RESCAND-3ac69ad9caa65e6961d38dd3,EXTLOC-3618977a114003866b2edc59,,
RESCAND-e20f7cfe8db8f4b7ac0dfb5c,EXTLOC-268fad7fbf66424bd415ed2c,,
RESCAND-ef12559061058b235cb5d2fa,EXTLOC-504f9fe4bb7831ddbf723ef5,,
RESCAND-585ebcb3e787b565818233a8,EXTLOC-a1cca738c36589509bdb9271,,
RESCAND-0069240919492b56fe7572af,EXTLOC-e3553a11996fe6fc431436e9,,
RESCAND-37fabec809ffbdaad4eb6e09,EXTLOC-a3fbcde1d2b21bdebf7dfbc5,,
RESCAND-ae3b13df85124a472f8cf16a,EXTLOC-320eb0e89f7c99bcb2ee6cb7,,
RESCAND-7fc8612e61fa0f71b1b461b0,EXTLOC-2884189e98761047f21b58ae,,
RESCAND-0c7ac902835ad4498ae8bbc5,EXTLOC-534c77439952ea4532e8bdf8,,
RESCAND-887a4ecd8849298e1fad1955,EXTLOC-f7958590e8c2ed74715e5e72,,
EXTCAND-5ff710629e26692e490a5f13,EXTLOC-89530a225334142bab95f339,,
RESCAND-2ad9e01672b0d7060adf2ce3,EXTLOC-f61f7aebf326b4226b3dc092,,
EXTCAND-189f083a9ea63cc20877350f,EXTLOC-375f2b19ed117fea523ba741,,
EXTCAND-1bcda7872fabcdc6b48b2e9e,EXTLOC-69f5ed5ef31aaa03386c5fcb,,
EXTCAND-adec128c6329628bb2c1e8ed,EXTLOC-0105504c889c0181f1071af2,,
RESCAND-0a78017fb49cf87708f88e25,EXTLOC-246ab99446b712adbbd3709a,,
RESCAND-6d0f45557794e7cafd962ad0,EXTLOC-333e91ee8de87c24d0aad5de,,
RESCAND-64961caa717ea552d0545baa,EXTLOC-85587a8640035a59c9fff957,,
EXTCAND-c5ca61b278e6930b5df01d53,EXTLOC-6aa829236656894e309778a8,,
EXTCAND-9a3784da47215bfefc8a3cd2,EXTLOC-8e84750550165e1e2315cc61,,
EXTCAND-b0655adf79f1410c9e3639ca,EXTLOC-6d9261b3f86558c7706bd8ce,,
EXTCAND-cd7fbd0fabfacca44d071506,EXTLOC-eb01459b31e4de4da360f206,,
EXTCAND-9344963c1aeb87ea4813dcf8,EXTLOC-50977e27011cc77e7110dffd,,
EXTCAND-93510e2a692f2133d12d13bc,EXTLOC-d6872c215da0406062e7f8d6,,
EXTCAND-3f6570e990e567d93d54366b,EXTLOC-8b359740c8eb2a9127970902,,
EXTCAND-8422dcfbb67b670b33354a79,EXTLOC-b2db73eeb4cacf9dbb07afb4,,
EXTCAND-abd2af6583b4561c7a6eaf21,EXTLOC-505bba27866f8a197c84bfdd,,
EXTCAND-67fd6b24ff103e19c98e9ffb,EXTLOC-ed44c34185dcdad1daaa0827,,
EXTCAND-b62801aff5faecae81c665bb,EXTLOC-40775c2aaf0feaf6b99ffcf3,,
EXTCAND-cd030855b98cf23c83012817,EXTLOC-8e57fc3265231cfa51d8e729,,
EXTCAND-2876e007d96895ccde512a05,EXTLOC-92f63eca57fb1017204f2dcc,,
EXTCAND-f6e50c0838a51e25434ec3cf,EXTLOC-b65cbad90ceeae7a61902b9d,,
EXTCAND-33b71c4ce2d91e052dbf80fd,EXTLOC-40fe78a57a6735d3f2d69d1d,,
EXTCAND-beacc76c134a7afa17b1479e,EXTLOC-669a03005d3c03d22299a687,,
RESCAND-eb9a829c61dcccda5989f614,EXTLOC-83513f6c953ae0da70649492,,
EXTCAND-bf39ceb52eba21b40e8096bc,EXTLOC-9956e2dbc5f414a290284513,,
EXTCAND-273a8ef0ccc99d33c3c9b6c2,EXTLOC-6917d23d520274d910022e5b,,
EXTCAND-5d855c224e51620669d16d12,EXTLOC-c731e22450581111780103b0,,
EXTCAND-d6700a51b9007008e22bf653,EXTLOC-c0b382195d1f9f1f4468f5f2,,
EXTCAND-b02c172574f3d9eba6334371,EXTLOC-20f587c78c7d1a31563ca34c,,
EXTCAND-14fb3771408599cf7d80af64,EXTLOC-23ef7817bf331240fbeceeca,,
EXTCAND-c024021ee809cb03ba894d36,EXTLOC-ba9d3548a49fdb318d157969,,
EXTCAND-9297004b1ba644c09c43265a,EXTLOC-ce19d77ada1bb2b8c197810e,,
EXTCAND-50a06d4b599e1cb106842184,EXTLOC-7be97f15ed52e9f7b55dfa4f,,
EXTCAND-e460a88a77e8f0f6007db0ce,EXTLOC-52e86b08e0e4d94d86569070,,
EXTCAND-e24daf049937e806567a2b38,EXTLOC-fa2f6bef8b74c7b87e21583b,,
EXTCAND-2c189bb6eb17dd0aeb83b381,EXTLOC-f2d82b1085c3a60bda6b1f8a,,
EXTCAND-943ffa9600505f63b8542486,EXTLOC-489104e60a375cc98942b806,,
EXTCAND-3ae2028ba0b7bca6a0842471,EXTLOC-f42fb1f3806e3d63b035ee0e,,
EXTCAND-3076f47b0742fa0fcb3efba1,EXTLOC-42b95870243a98bfd7865e60,,
EXTCAND-240b46918ff7db0a1cd75549,EXTLOC-66760015bba49e57b0aa9acd,,
EXTCAND-b29375ca8c74a086c030da8b,EXTLOC-013d61b3a228a4b933adc218,,
EXTCAND-2b1cac22f4c13d4b4f96cf56,EXTLOC-3bdb2c158a7aa798575bbb3b,,
EXTCAND-05f7c4639f6bcc44691756ba,EXTLOC-4e4b03d740ef185b25d7e0a7,,
EXTCAND-367765a42585ffdefee3b9c0,EXTLOC-d28ed70dc4c2716a7265215d,,
EXTCAND-89ec19a326584382ef149bfb,EXTLOC-168e9933eb7cee85b4276c4d,,
EXTCAND-3d18c509dcbd391aa0d21c30,EXTLOC-bbb9b4962c32edac44177039,,
EXTCAND-530e8288721789f2f957b5e0,EXTLOC-21053860dd9bd79c02074115,,
EXTCAND-db97dc8724e5a47796695a1f,EXTLOC-39cce7a9c6514573412499b6,,
EXTCAND-246f7f9f4ec5d4e88cecc40f,EXTLOC-00080a27bff6e5d09bf038de,,
EXTCAND-822203e001999daab3121059,EXTLOC-4b49f325fd96e38c859c9b42,,
EXTCAND-ea57c203d1f037bbe6bb81de,EXTLOC-04b6671d72ad6ee82a36ac97,,
EXTCAND-9549eb8ab3dec914c3affbf6,EXTLOC-06e95c990f646460af21a291,,
EXTCAND-636a157b226392030ed9d5f2,EXTLOC-b155453dbf26157a9e2d195c,,
EXTCAND-7405973cd0358d4d6bcf9b22,EXTLOC-ddc2751445fbf8db2d389b3c,,
RESCAND-8c148e2a39ec2a9c95309d82,EXTLOC-63a8f1716fab3ef37a8dfce6,,
EXTCAND-d60ccf7fcf4b7382fc8910dd,EXTLOC-4279cd2f0b5e3179b99a3c98,,
RESCAND-a4f838a22f93d5c65d365d00,EXTLOC-702c615e13723c644b3b5bfe,,
RESCAND-c092fad269c7e68306129301,EXTLOC-097d6181e54b7bc82c059ae2,,
EXTCAND-8bf1d5f76aa4570f49ab2b85,EXTLOC-13ea3ca2cf908cba01a04db4,,
EXTCAND-d4574e60481ed8c2fc47ef6e,EXTLOC-5f59fb0d58a49cfc90c2a5a4,,
EXTCAND-bbb6120d71f9132f403fd363,EXTLOC-11ae2894ffe0cd2e5d7fbc87,,
EXTCAND-0cd2d1426c621545e48d4465,EXTLOC-d969777cfe24374e33832472,,
EXTCAND-6a43c5c92c6a9595e4918ec6,EXTLOC-38fefd363cfc991e123c02ac,,
RESCAND-868201b89bb9fdc01d18bb80,EXTLOC-19327dbf9e1cbdea480c24a1,,
EXTCAND-c1282cba4342b24fe4b042e0,EXTLOC-c8123e88cf055bad53c6787d,,
EXTCAND-bc3a0cd5748f655ddf20b655,EXTLOC-8af1af8765cc03d75d97665d,,
RESCAND-5a03cd282788659ed34b0e22,EXTLOC-8d3ca3fc1d34f0c12c2145a4,,
EXTCAND-de36f9909d5d985d5c189447,EXTLOC-827f99d00effa3a18c5e89e7,,
RESCAND-f9dcc95b2d240c1abe38c8c1,EXTLOC-7eea6d462bfbc447863f8743,,
RESCAND-c68e2593bdbc729902b0e56f,EXTLOC-1fd86d3e99e4165ecd45c4cd,,
RESCAND-60c76b3a32702dd5ecb27ec3,EXTLOC-8adf52700c3716c136ad4e74,,
RESCAND-7294593022184829c5b14631,EXTLOC-8b12b5ef5334e7847d467673,,
RESCAND-3d65ae70967df427f7a62344,EXTLOC-348d47ee56949f334f452589,,
EXTCAND-161a079e4e3adecaa9bac4f6,EXTLOC-1c50b9acd395a13ec8d9bdd7,,
EXTCAND-787a55a6b589763561d6c473,EXTLOC-e91df777a73ab58fd138546a,,
EXTCAND-a3d38bc2e3961940b21787a4,EXTLOC-f9f220a638d4ee9580651b3c,,
RESCAND-7b640e2b082a54c30427c6ab,EXTLOC-7af12fcb06e7a5df4916e3a4,,
RESCAND-c473907feee0fd6a5e925026,EXTLOC-fd360466b072f286ddc190d3,,
EXTCAND-d36ece7f2c39508b1ccfe3a3,EXTLOC-33574b33709dbef6661dc68e,,
EXTCAND-25a8a73583bb2ca83f8951c8,EXTLOC-177e1f389fafbdfe5bcf91d8,,
EXTCAND-eea891f46ddd59422815a3ae,EXTLOC-3fe4cab14b42672bde716402,,
EXTCAND-2797321060c30a9c63277ce8,EXTLOC-8269fdd37ffe4d92da0e2c1e,,
EXTCAND-2914c3755f4dd6dd8a628b30,EXTLOC-8db6ec555bea10d2f7f81d10,,
EXTCAND-bccda4d2cc18925f761cbf9e,EXTLOC-2939748ea0a6541d969e772e,,
EXTCAND-480c5e06f69d468c1b280548,EXTLOC-d5458ad5510448caeb92a836,,
EXTCAND-052b9a1c7a07a2d9703c4126,EXTLOC-e63ee6fa424f539d40e82fc0,,
EXTCAND-5235278519fe813257a01a7b,EXTLOC-d349c30158a196054291e857,,
EXTCAND-b8b58774e5b907847b427ca5,EXTLOC-f57ffafca802371229d45ff9,,
EXTCAND-4250ecbd721e11952bb79758,EXTLOC-78fcca642642f0a48954fccb,,
RESCAND-7b1e99eaf1a70b5445d3c382,EXTLOC-4c900c797205496a10ecffbc,,
RESCAND-8034b065d84b99b0dd5d36ed,EXTLOC-9d4ebe16c0b958355c336a97,,
EXTCAND-39f50c0ce1088b67e4abe81c,EXTLOC-29c443f647e77af44384a5ec,,
EXTCAND-703ba4ab3ffdbda63dfca49e,EXTLOC-966dda449a42ae2ae1714d53,,
EXTCAND-56e4fd8aa958086915689232,EXTLOC-fd37a25abd87caacd885758b,,
RESCAND-99d5f943a25c93935172e3ee,EXTLOC-2b394f4e5bf6fcc63987c736,,
RESCAND-5404f69668e3a4037585782f,EXTLOC-572e00100cd7a9f7f57a3e24,,
EXTCAND-96825ac3b3d5d8edb1959862,EXTLOC-b100489625c508d56231b9f6,,
RESCAND-75645387a8afd908ed630987,EXTLOC-7522cac7bfc755d0489c1801,,
EXTCAND-fb7cfae4c1af8119528c6f4f,EXTLOC-1d46af320bec62ac35f5f4f5,,
RESCAND-1dab78d6118169b0bc37d8e5,EXTLOC-565053e33e3eff5aba904468,,
EXTCAND-022eb3c708f1a5e525cdddcc,EXTLOC-49e977228be89da7dc5e3936,,
EXTCAND-4852454873356fb7df0fc1b7,EXTLOC-3ea1e25b717bb3304a42dc17,,
EXTCAND-240bbd3323eb59ecc84fd2a6,EXTLOC-cbca12abd09b999bfb6be7f2,,
EXTCAND-e7de08a419a214679a931d8e,EXTLOC-5adff4738ef7dc3cdfbb3538,,
EXTCAND-c4ed884488aa9ded464dd0bf,EXTLOC-c92ccb093ee1f4358844ac59,,
RESCAND-04dc7527cae2d66941c930e6,EXTLOC-3503eb302e208b9dcdd13d58,,
EXTCAND-174d714d62c20a314bcd8cd0,EXTLOC-c7eae90384b31b57a8f057ae,,
EXTCAND-9861faed49f8029a0b2f51d6,EXTLOC-0db31769bfc3c69daa0d9042,,
RESCAND-ec1dd07b9addcd1602ca53c5,EXTLOC-94febe7631e4b89199352b6e,,
RESCAND-eb783c6ddccf63b2597b9bf5,EXTLOC-d79e18a00f6ba91c4868cef0,,
RESCAND-6d10c3c414eb2d890d7bdfb9,EXTLOC-c5f388fbad1024bf7dd27056,,
RESCAND-dfec22df89c2a04cc0f8873a,EXTLOC-7908a78c9be80693e412773b,,
RESCAND-7d30d3dd630dd0ad977497f0,EXTLOC-2e34a21fde38d8b9e7b772d4,,
EXTCAND-3e539a53bcb752a96a6830f7,EXTLOC-7adff3a306086d9dc06562da,,
EXTCAND-2a036928d90fb0d6f1807c10,EXTLOC-73f63afc94fcf8e89dc1ced6,,
EXTCAND-1fbcb0ff4743bf1f3e4a1659,EXTLOC-5e9afba8823de285b25f30fc,,
EXTCAND-244328f1c6b213c65aa844e1,EXTLOC-e0df4205be246be6e1e9fd57,,
RESCAND-9b08ddec91bcd0d2712705db,EXTLOC-34366f7adb84c5e833f19446,,
EXTCAND-a8b6ca587300d18c79f360cc,EXTLOC-1edd0ea68cbb0cd0c28f3aa0,,
EXTCAND-2515016bfecce1d259c9e21c,EXTLOC-568dcfb08a2ab131bd77e3a3,,
EXTCAND-cd4ed9665118757e94ee98b4,EXTLOC-f0c3b330c09adfe03f1662fa,,
EXTCAND-fe8de6f19beb3daa7b87f0fb,EXTLOC-81608f5c7b9e130821fa905f,,
EXTCAND-0911fac2e8d69338b3424903,EXTLOC-ac8c2ab52a6a02838a6998ba,,
EXTCAND-98fed3be26675101f211e089,EXTLOC-96375e5e9c747bcfaf2e1884,,
EXTCAND-f749d7500093a6c8365d6a61,EXTLOC-8345777ab2e522a7896c2b8b,,
EXTCAND-8fa168201f245597a104804e,EXTLOC-435b2ab65a4c0f8b8449da9c,,
EXTCAND-60c229d7f3c80297a06bf906,EXTLOC-25eb6cd7ad74412b975ef503,,
EXTCAND-2d8f43d372dd7136676077b3,EXTLOC-c0dc4f8781d5776c8546bcb7,,
EXTCAND-e40711c5440e96d27782238c,EXTLOC-d61dc625c84561d7e191ba84,,
RESCAND-63a7a759a2dcd2cb21a7fa8e,EXTLOC-7f4defb52fef1cfae3bc4eb8,,
EXTCAND-7d4e19397917a5dbb04ad04d,EXTLOC-aeb54f46d2472dd9cfa11bd7,,
EXTCAND-7c112114fb56e1c2f4d537ff,EXTLOC-4d5507133250710661c12f2a,,
EXTCAND-69e3f897c4a921de9e6ea463,EXTLOC-6ca52d02f952e03a7fb6f505,,
RESCAND-3d76f5212b2aefba3d3dd4f3,EXTLOC-5d4b93e677e405057dd40dc3,,
EXTCAND-5589b1bbb2ad112b817b88aa,EXTLOC-0f4210f57ff636ce743af616,,
EXTCAND-0bc9f2bc168c47d3bd31b28b,EXTLOC-9ea376b74d69a119deba085f,,
EXTCAND-1e8d5211c96ba27c7873ad7e,EXTLOC-a36ba580f969fcdbef8159f6,,
EXTCAND-194d0c92b956e11744bad046,EXTLOC-da1785849138a402d4ddc03b,,
EXTCAND-c98dd43ac51628b951b6742e,EXTLOC-f076f3d709ae74e0e23d0a78,,
EXTCAND-73e60ef6d156db9a4528ddca,EXTLOC-6a06cd99d4f2d0ed104c1cf5,,
EXTCAND-5eb1c13fb33e925f2b0a0535,EXTLOC-62df1fc93bad0e7d5965f933,,
EXTCAND-b7e250bb1348fb4ebe9250c6,EXTLOC-ceb1fd56fd30a4eb153fbe33,,
EXTCAND-6573b0318614d6a515c3d7f3,EXTLOC-e5d57971fb50b4696dfd9527,,
EXTCAND-74b7ca502d6d0d6a877d12c6,EXTLOC-e4a59f3bb414576e4790b76a,,
EXTCAND-114ad64d0eb3883453fb232d,EXTLOC-a0bb367ac8605624e677e66c,,
EXTCAND-711a6e13414f0220df9754ae,EXTLOC-89dd5cf401de0267a34162bb,,
RESCAND-05804c19a56ceb972d18801d,EXTLOC-b41da24fb99467825a0ea9c0,,
EXTCAND-e7c7e199b4c4f8bfaa7f9062,EXTLOC-7925acd9ed17ecb32b00f745,,
EXTCAND-4f21074b1c550828c94901b6,EXTLOC-2477c77fcaee8f93eb5d3132,,
EXTCAND-081d1a7ea125785d7aee5a3a,EXTLOC-566b8e2239f1763f59c02b70,,
EXTCAND-27ca30e8687b390394d9a426,EXTLOC-9abe1aaef3c1a2db23b78d7f,,
EXTCAND-29b38956562dd21383e88698,EXTLOC-615fe65d7ec8bf97c8ecbd91,,
EXTCAND-aa990f222b045de3513c50e6,EXTLOC-4e15dc9853b745516b4657f0,,
EXTCAND-7d4edc481298228718540882,EXTLOC-d940c5b84f9fd4c98c7762bc,,
EXTCAND-b271bfbe140183b2e4b290a2,EXTLOC-88ac13c810adb96a2498ce82,,
EXTCAND-44db535ccac579379f7b0e6e,EXTLOC-7fc0db87de10908d5cd0ac1e,,
EXTCAND-32e30c667b99eb244cd11ad3,EXTLOC-1b8ac4da4f2fad4a3885817b,,
EXTCAND-658a0bd7cf16b68ce11f57f3,EXTLOC-e1ffc4dff60d86bc52736672,,
EXTCAND-b5d10b49ebe965a9b8a6d7d6,EXTLOC-f99d821bd3e6b8b2874fe2fd,,
RESCAND-d34b715ba4b4e5fea4c19731,EXTLOC-a7a738020736985a330de794,,
RESCAND-f10b2d6cbabc16e3deb08708,EXTLOC-c201853e120a0f093647510d,,
RESCAND-93acabea7a477b36278735f8,EXTLOC-4d82e9d5f052ca1082efeb24,,
RESCAND-19aad4a3d39b62d069bb5471,EXTLOC-48e5100c9a351d3771ad1170,,
RESCAND-5e871c550f0e8de0768d0dbb,EXTLOC-8ed6d41b8f75508692014489,,
EXTCAND-029d09f46560ff07fa2d60c4,EXTLOC-4963307972049f98a0029e51,,
EXTCAND-de3e226ff3bc96c361869991,EXTLOC-dff98c4bd9743584bcb17e8e,,
EXTCAND-24e43a882fb6015e6556578d,EXTLOC-4dd711d43f161e4cb7819a62,,
RESCAND-b98612e5c3cc78abdae046e9,EXTLOC-9eb00459497ceac9ff4bb71f,,
EXTCAND-96c85ca9f82bd007caac847a,EXTLOC-2d0e57b0de423e1284756e96,,
EXTCAND-d609d911a0ad6bd3628c6152,EXTLOC-c837ac053d8f50e9510470b5,,
EXTCAND-4751547ddbdf3fd02177ddd9,EXTLOC-71629520a782f67901e2f3f7,,
RESCAND-821eee9859fafa8047cb3d26,EXTLOC-50c0545e8a764ecd89671965,,
EXTCAND-2d93665991f0c23fceff889b,EXTLOC-129b2eed519e4f6c7e63ed83,,
RESCAND-94be02eab05be4a9020a5fff,EXTLOC-bc7ac80adf9517e68c338b61,,
EXTCAND-5a3d373ebb33e4f75412c6f3,EXTLOC-3cf5db2a6aad7388580c0d96,,
EXTCAND-c578835e5e1df6c02a22f101,EXTLOC-98dc696cb4bbadebc32269c5,,
EXTCAND-7926a50a95155630b626e0b4,EXTLOC-7fb8598c46575fe32ef8fbcf,,
EXTCAND-7ae52d46b34f66f0b16db859,EXTLOC-0fb4d19eb2590ec2f9fcdf40,,
EXTCAND-dbd6648fd55e7aead890326a,EXTLOC-36c04a33d6c3c673e27123be,,
EXTCAND-88102ea87ffdf80559e19f00,EXTLOC-e474597173e5ae2b57aa7b1b,,
EXTCAND-66a757fb8b2ef57b7f24a4fb,EXTLOC-b82a3344759682d37b16c188,,
EXTCAND-94bda92855b5a945e2a6b73c,EXTLOC-ea4ce09362aa71234961023b,,
EXTCAND-d9f7b663d5eb7a3cd9b179a7,EXTLOC-944493397ea7cb68c4e56a23,,
EXTCAND-60ec18906e12299f91a7f7c8,EXTLOC-667a91af53231899356e57d5,,
EXTCAND-33da6c1e16e11aa2401d3842,EXTLOC-5697bef31b13003d473e98be,,
EXTCAND-7ac0c24a9eb94c358f57d4c8,EXTLOC-b4c55ec300ae4cb37761a762,,
EXTCAND-0d9adbd9270af5548d6b5225,EXTLOC-c9f93c9988747c0ace37cc7f,,
EXTCAND-86028f4b28eccbdd4256766a,EXTLOC-74d210eaf015ca306a04563d,,
EXTCAND-3137e2e57f4f7835cc18b8e2,EXTLOC-4dc17514a6454e86c6e6d48c,,
EXTCAND-f5584c2ee69e05fd08c025a2,EXTLOC-66c79a3557a05b07335f022e,,
EXTCAND-75e4ef324b343d86569e3df5,EXTLOC-47d4729a47bbde5323baaf97,,
EXTCAND-d702d9f3336f0b114edb37ca,EXTLOC-5d3ed4d5deb2a821d4a40aec,,
EXTCAND-db5e7a302b53a950b487b2dc,EXTLOC-76705b863b164f9c8dc3a41d,,
EXTCAND-e44037c7df61f4da5c4a8503,EXTLOC-5154973b770c679d99985904,,
EXTCAND-456f005828fc216c3d3d5165,EXTLOC-3d4523b3a1b2e8272d6726de,,
EXTCAND-199784044bd0ca69c1b19ef5,EXTLOC-394304f62a8e5c52af55671f,,
EXTCAND-9a8e1c6c43cf28481518e26d,EXTLOC-b30f745192c67375d4311ad2,,
RESCAND-7090f20554dba20c9eda2fc2,EXTLOC-7454c78f0e71e3a5af1e30a5,,
EXTCAND-0e597441773c4987dc821503,EXTLOC-97504c3cb21b8f0c00fedeaa,,
RESCAND-3ded98391d8ed2cbf72e9254,EXTLOC-90c1efd45b09f8770111b0cd,,
RESCAND-024f0f09c94cd3d2572c0313,EXTLOC-63d59a6d527b447499a41865,,
RESCAND-ffd269dbf07ec939d4e426e2,EXTLOC-b1a4db31994848ae63699199,,
RESCAND-2514bb72e802f3b6809dacb5,EXTLOC-067a20415d63d3cfbfff7756,,
EXTCAND-6ee0b2cbfee65ae4f7ef9cb8,EXTLOC-8964ee55147fe91ba0a0ef67,,
EXTCAND-4d82cc823cef4cbfd36c1be9,EXTLOC-3fc16aa9d51aa42a204f99ba,,
RESCAND-dd97449b925e50becac34467,EXTLOC-4d4746bf3958b85126f3ca47,,
RESCAND-7d7e6fd3e0d64752e2ae32e3,EXTLOC-3dff64ab5f6bb7e1c437306c,,
RESCAND-51a4f9d97558606f18677fea,EXTLOC-8e0996480753c2a7b6012927,,
EXTCAND-87fe0c42e15dd19bcbffdd69,EXTLOC-d8bc3d041056e349609cb073,,
EXTCAND-62026b7b140c90efd61dea49,EXTLOC-8d8b9a5faa0a112865d90714,,
RESCAND-b4ae1ca70be9462c25c7f4be,EXTLOC-7c9c3dd076e16704ad5d130c,,
RESCAND-27feeb96c3411b43329d4438,EXTLOC-e2c2ae72f3b6d2173608249a,,
RESCAND-bca5458f4ba497c232481b98,EXTLOC-a580a20d6a452875b4ee4c32,,
RESCAND-eeed77cfb0f4439cda80ba1c,EXTLOC-5a38d184c23819c8486d0fbe,,
EXTCAND-363308136516914fd9802fd5,EXTLOC-42d7141dd6c62a4c49bdce16,,
EXTCAND-ccae8270665b897ff83f6fa4,EXTLOC-a1a715740b1b96ac7bbc98d1,,
EXTCAND-05a04b6f8fbce334f2b4c685,EXTLOC-06b2f2462ccaf9134151f3b4,,
EXTCAND-f739b116cd52f6b8b2be90d4,EXTLOC-148a1b9082949a6cb0a6d687,,
EXTCAND-fd01a85f39b66ad83c1f08e1,EXTLOC-7b662a04f4e48b7d047bebc7,,
EXTCAND-e0472a1087dc1fb831a65f7a,EXTLOC-e445b10d384b9180f4f3feec,,
EXTCAND-7706062febceede72d6e3440,EXTLOC-8bdccec558a5176934a503ff,,
EXTCAND-7480b320966bb8ce999645fb,EXTLOC-f4617f4928ce5086b28d4f27,,
EXTCAND-2a5550b144d4b211d3119a55,EXTLOC-7810d21e8440ae5925a82a98,,
RESCAND-67fd43f3d0136bcbc39fe6b5,EXTLOC-ae5e33f913b786148691b142,,
EXTCAND-a473948bf074e65e6c2a5248,EXTLOC-079ac6419b7f72bf20035e92,,
EXTCAND-f9f66e8f8a3803d736f6aff2,EXTLOC-bf04f5c566ecdc0a639966a5,,
RESCAND-6da2cd45f5bddaa61d3c0ce9,EXTLOC-071471f6ec929386a06380e3,,
EXTCAND-27c95e3967ae2d99c52d04d7,EXTLOC-fea1d4b2211a2545bc322f13,,
EXTCAND-7ae50f23abbaf533b78f9511,EXTLOC-1dcf37e546dff38cd3b0ead1,,
EXTCAND-cbb19be9301076a7f1bc6c37,EXTLOC-b28f97f8c0b825d232eda454,,
EXTCAND-7a6f22c6f4756c65da928f80,EXTLOC-a8ee422b9f4542bc94bda61c,,
RESCAND-879069cde6f4046bdbd6c2d8,EXTLOC-6f0f48693f94114902dded45,,
RESCAND-07e0b54a1e1f71a27a1c95fa,EXTLOC-c6949f7acc30e3941136b381,,
EXTCAND-7bc3e402818b17d3b46cab80,EXTLOC-f79b1f3c38b277733448ff4b,,
EXTCAND-db94a91158f1e79e66379e41,EXTLOC-d98f41c532c73ebc2b2300ba,,
EXTCAND-53085c3953c749f720fe12f7,EXTLOC-8c0d090b36c4a5461003d722,,
RESCAND-3038b55e5001ad10043f45a1,EXTLOC-d698ec92ccbce282c3cd0dca,,
EXTCAND-a4d6c712ca1569cd76978bf2,EXTLOC-730cf9b2a5f6bddd7bba6d2f,,
EXTCAND-c6e1ad5c5b514d7ab9dca293,EXTLOC-997f9c53f070602d5be214a8,,
EXTCAND-f272d1ea06ce3280d76cb6e4,EXTLOC-2d67bdb23693d2ae2d6299f8,,
EXTCAND-a71336680a4c0982fd31ecf5,EXTLOC-5a19af46c6ccfe3267df2f1c,,
EXTCAND-d497c17e7bb743a91cc8ad9d,EXTLOC-ccdf3aa4013e40842b427607,,
RESCAND-a7ac517d6d23c9ff329035d7,EXTLOC-197b525b9bc9f003c6df3327,,
EXTCAND-0e5ae773a21b4a32673c88b8,EXTLOC-0103241ee23a1cc40a42ea66,,
RESCAND-a083259fa0444ae880ad2f96,EXTLOC-9a06e5c97243cf5cbcf1ec1c,,
EXTCAND-ee4daf2df6f4f50e9c407b08,EXTLOC-5cdff2085e93fdceb7e73a5c,,
EXTCAND-6be12dbe7f01a4065b586817,EXTLOC-eba41b4e388f4417cf2a91f3,,
RESCAND-905d80bd8e4ff3c8c22a14cc,EXTLOC-4ffca8be528315f5ef998335,,
EXTCAND-1e6d3466174cdec942359e24,EXTLOC-fa1497f2674ec3b64d3fe65a,,
RESCAND-a581176975b1dbee630f7c24,EXTLOC-ceeeff3dbe82a635256dfef4,,
RESCAND-3bcc261a6e4a6c8b0c0ed5d4,EXTLOC-be058889af68d4ec8079f5e5,,
EXTCAND-d4374e21157ec036d7a9a796,EXTLOC-3fbaadb5089d358d8b27ebbe,,
EXTCAND-baf16024172eabe4aca1bcbf,EXTLOC-01e5b1204611bc26874ee147,,
RESCAND-0972e38177a2af1fd203e54f,EXTLOC-82aaf89466dc9793fdcbcda3,,
EXTCAND-30afe7b46bcd0a981687f384,EXTLOC-3ca845c29ac937716e111d9c,,
RESCAND-87eef66c8d4163f078a0f1c8,EXTLOC-12a865c148d80f1bd404ae95,,
EXTCAND-34328b03aab251e4599c9a79,EXTLOC-7f4e76f1b852113224f69811,,
EXTCAND-87b9d6626708b257bfa4a7b2,EXTLOC-7eb7caf853cd0821a942b57c,,
EXTCAND-312b0a655c89b67d40ed7f11,EXTLOC-4e57b1a5c0327b87b019b501,,
EXTCAND-8109b2226685626655c41d9d,EXTLOC-0eb7708e221362317219fdec,,
EXTCAND-b119051242534bbcdbf7c7b0,EXTLOC-fd4e9fdcbb7ea9c34dcef57b,,
EXTCAND-a3abd3a855edd6c1168d571d,EXTLOC-a4060add12d90727749a874d,,
EXTCAND-128f1eb6f5ef06935a410664,EXTLOC-89ee6eb1cc690689f946b16a,,
EXTCAND-3a071d98cf5d21e67f3d83db,EXTLOC-a8e57578c950a0686c162595,,
EXTCAND-dbc49b6fc43c311f03bb2d3f,EXTLOC-f3b41b7455b20f38990c049f,,
EXTCAND-530ec87ec341dbf7d5a59b5c,EXTLOC-a7de9ee89f2d501927a5f1ec,,
EXTCAND-6f910324abf10040c58ccf11,EXTLOC-863c73c7f7121881f6f7e5fa,,
EXTCAND-91acfa97fe9aa9896316fd6c,EXTLOC-c6a36a32e067731f7287b1ef,,
EXTCAND-296ff89ad8c5f88dc2d80707,EXTLOC-ce3890b9fd488f8c56e35313,,
EXTCAND-fd54ebfb3589584d65c91929,EXTLOC-e15960eacf81257708525167,,
EXTCAND-f82956595e50ac99770bba7a,EXTLOC-9ed533018bf7efb2efb2d422,,
EXTCAND-b2d9128e68900de16fdd8393,EXTLOC-7d62b454a308a6d7279104d3,,
EXTCAND-97020b28813a28108564662f,EXTLOC-c2cf6d5b21d49dac10bb8066,,
EXTCAND-31caf29ae84af3738c4ffad8,EXTLOC-a3f75058f251a2c9c58104ab,,
EXTCAND-96dfa505d0b2a0a067b340e1,EXTLOC-d7b387578d550cceb67991dd,,
EXTCAND-186d9974bb0a06baa00b6c97,EXTLOC-b9499bef3e0ed24c4edeeae8,,
EXTCAND-277c9c16437db8c898e2978b,EXTLOC-1240638cf84d041702433b30,,
EXTCAND-ccc440b354a0a5bc0b87d36a,EXTLOC-2b1f555feb46954d4c78cb92,,
EXTCAND-a5eb5df923d67a408acbefe7,EXTLOC-f819be8b33e03402972fd0de,,
EXTCAND-246bd61cfb66f1059c28572a,EXTLOC-bef24ac75bc11ab8cb1182b4,,
EXTCAND-7b4d753be5b57a233eb2e06a,EXTLOC-50d282bf208ad561813fbd07,,
EXTCAND-36f35f14b3bb16ffa26b5a35,EXTLOC-d9af07dd762e481188fe0479,,
EXTCAND-6c8cb9711a395eb09c10002f,EXTLOC-18383509f315b4dbd5c9d0b7,,
EXTCAND-e01b31c199645f9fb0e0c0cb,EXTLOC-63d156aca07664a8fd11f25d,,
EXTCAND-0e47f65de1d16ddac77f9158,EXTLOC-f21904b938bce1993be50c3f,,
EXTCAND-ab6e284ef176ddb35c6a13b6,EXTLOC-340545488b210dac352f9600,,
EXTCAND-d6d4ed2192de352df998179d,EXTLOC-c9c809b2cf9bac9ff37a751f,,
EXTCAND-269575cae40775974b3c6903,EXTLOC-a9da7cdf88416e64ade2c23b,,
EXTCAND-374e6e4335731da21bc2d805,EXTLOC-7a892adee59566c9f8699145,,
EXTCAND-aef62f17ed0ad6eeaaae933e,EXTLOC-cabd3955ab07209786c59d28,,
EXTCAND-308f1b5d36cd3497ca8fdf6c,EXTLOC-74ac898a07daa9c325ef27fe,,
RESCAND-3b3d46ca973637f7a2074c5c,EXTLOC-e37e6f1d6c9e268f4150d93c,,
EXTCAND-ff48329b4e50e2eba5221a4e,EXTLOC-e92bcaebeb99a390050744dc,,
EXTCAND-2caebaeaa0f8e8817624e700,EXTLOC-1a0cdcd0378540e11b11ad71,,
EXTCAND-51593b5976b974c3bea784dc,EXTLOC-0679b640254aa86459a5c569,,
EXTCAND-174735f3beb0228b2887aaa7,EXTLOC-437f860f94d0d97ab5417ad0,,
EXTCAND-af579997e33e7927991e1946,EXTLOC-d73fed014179972750a983b0,,
EXTCAND-61479f3171c9e2b2c9b7c602,EXTLOC-f2fce8a25c3f42f5ec9f582c,,
EXTCAND-66589c48ab1cb44ff4f67e14,EXTLOC-cb026f9f87ea47a0f59e4620,,
EXTCAND-a6f8b99892c4e0322714b9e9,EXTLOC-90b2e54508ce81ea02bf10aa,,
RESCAND-1b22145bea9bf02f44bd8106,EXTLOC-78011246f926d766547b1add,,
RESCAND-3b0a3bce768b6a68cefbd422,EXTLOC-a84063aa2938dc70f38213db,,
RESCAND-9b7914746351290125ec1814,EXTLOC-fc29aca94a220395c4edb35f,,
RESCAND-3e8ed281d7c84a18dbb05824,EXTLOC-08953c26756e643dac4552e1,,
EXTCAND-995c6bfac91fa5150f4d7087,EXTLOC-ea2a8e1145a59a5dcf8e8932,,
EXTCAND-a1768f5cadd9e1ffd864f9b0,EXTLOC-6123833a1be5d31ef07eb9d7,,
EXTCAND-608d697afe19899838a13877,EXTLOC-c994cf260130050616c046e3,,
RESCAND-a6a82aeb4d5b7cc814a59368,EXTLOC-71ba912b9d4ccadb20524d15,,
RESCAND-98893ae2d3b73fe737ba4eab,EXTLOC-4a32902b3be93281f4cbbbb7,,
EXTCAND-15b40b653e722d1b6282442e,EXTLOC-d407cca3175db9df9eece770,,
RESCAND-e9288d347eb81a94c75e3063,EXTLOC-299e39ad14e710482bf5734f,,
RESCAND-8be1bd55d99bed117ac59e11,EXTLOC-8cb1797ea0da2ada9bdca0c2,,
RESCAND-7d2ac1cef69f9a85ba5c946a,EXTLOC-e226a0bc50f9d81b6f66b339,,
RESCAND-c31831ed98ef4b5a4f8784b8,EXTLOC-05a41c70afb2e2e58957472e,,
RESCAND-4239bbbb0f56750c41917720,EXTLOC-5171643f8fe69fc8a0d63537,,
EXTCAND-f06e64a5ab1b72502d4347db,EXTLOC-21b63d6dc7031d549ffcaf93,,
RESCAND-2d860aebf6219c0ea18b5ea2,EXTLOC-98cd7aa62355fcce6206fedd,,
RESCAND-ea45d323aaaefd59aa73535f,EXTLOC-0c13915400e327f5fa316513,,
RESCAND-9b10b8442946342f86a72546,EXTLOC-959ecc39875dd04bf36fe013,,
RESCAND-09b6a9f9c2f41bc382cca6c5,EXTLOC-384ffdf724953c17a0186922,,
RESCAND-7ce0468d6ad018756aa2dcde,EXTLOC-1c568a17e143122457ab1506,,
EXTCAND-9d8b6145ef7a44d5a0b3522b,EXTLOC-853a6fdf7d38d519891ef5ab,,
EXTCAND-36f8133ef0548304132d8b94,EXTLOC-9b94ebe11a2a5ae55cbc6159,,
EXTCAND-97b6ee43a5e32ef49f45efd1,EXTLOC-8787d1cf4494ccd431be1fa6,,
EXTCAND-cf96fa8db3db91f35776057c,EXTLOC-0ab108ef50c09d4c89763d3f,,
EXTCAND-f19bd82cd053460b2aa28ff6,EXTLOC-a6ea4c1926095c578a078afc,,
EXTCAND-3626584ac0625a508de5c2ae,EXTLOC-5fbdd4c805efe0191b3e302f,,
EXTCAND-03d82afc0d283bf56e887b82,EXTLOC-ec26cba21fcbb013d66e4573,,
EXTCAND-7a0f189d605a68fc652dd5bc,EXTLOC-c58bb7bc39822663c98cecec,,
EXTCAND-8666bb1bb2e0eb82a30c1327,EXTLOC-5933e9abef9143ac960f441b,,
EXTCAND-9921c3af9d4f8f83e3519025,EXTLOC-875d3fcc29efcff9c3d4fc6d,,
EXTCAND-b804a0c60ce781cbdf9f3b71,EXTLOC-2165fd9d44dfefd1149decdb,,
EXTCAND-9b1526ff22dad32a34e4b4a0,EXTLOC-695f1b5ad20c8a2d811b1ce4,,
EXTCAND-9e3fa8a88c78fe2f50c8eea8,EXTLOC-c4b04d89f60c031045cc98a3,,
EXTCAND-d67dfe2743f2ae657372a517,EXTLOC-00c63e89bf9b6b1b24388785,,
EXTCAND-afe72c234bab13352bf5ed1a,EXTLOC-1c066f271096450b11bc5c6e,,
RESCAND-3ddacb18c00f08dee9a38b51,EXTLOC-5b601a7a9820f00f874de977,,
EXTCAND-94ed2752d6c6b728b6b98916,EXTLOC-0d75881e5f84f74352c71092,,
EXTCAND-62a3ff507a07215117bb2ee4,EXTLOC-41b78bd59ae1e27bd4f3c00a,,
EXTCAND-82c87b3a3b601784f54a500d,EXTLOC-4bc756306f69c85bdd386792,,
EXTCAND-79a2503fda4a89a8f3ab0559,EXTLOC-7b555de9a6247ed614442e56,,
EXTCAND-566858f2d7b048d08efb8cfb,EXTLOC-9414cbfa5b68a21baf85844e,,
EXTCAND-eb7286879b85f5465406fce0,EXTLOC-7c9e75ba9cafbc479b15f01e,,
EXTCAND-e614172b3d8ed74af9117a05,EXTLOC-cc2d90807a989148d3952f12,,
EXTCAND-e415da637b663ca0c1232af6,EXTLOC-c12dc322bbee9e10947df13e,,
EXTCAND-135c455a48f127dd70c9e60a,EXTLOC-357e397a89b1e457fece4dfd,,
EXTCAND-1ed19e7312b12c7652674259,EXTLOC-ebe3c642a83240b4c95170f5,,
EXTCAND-b150a5ec418cbcc45f4db375,EXTLOC-0c8f654ac69df8c1d20bbf39,,
EXTCAND-ad2be1546ddd3311b1fce6ee,EXTLOC-68da49e189b4e9f46f8af2be,,
EXTCAND-98f7dc62535469a9538a281b,EXTLOC-dbe997ecbda8a97f8877f2c7,,
EXTCAND-661b82cd9560befb5ec18c65,EXTLOC-44296214ba297e64957ffa30,,
EXTCAND-437a1d337d08fe4e8ec402c4,EXTLOC-a656b733d77646fe3019ed2e,,
EXTCAND-f2b4cd9ecd5b0e91dd7a7bce,EXTLOC-500bd024470faf8c60f9b78e,,
EXTCAND-b6259b2f3c61cacf16f7fc56,EXTLOC-ab9c41ea60157be3005f4066,,
EXTCAND-9f3b17eed71e7fb89095a175,EXTLOC-cd166acf337d4eeec48ca3c3,,
EXTCAND-64bdef6b2be797861e837a15,EXTLOC-61088b156edadf1b03ef6dc2,,
EXTCAND-13474060afdfbe305442060f,EXTLOC-ce9c4ec8eca4d5fdcf3a7ea2,,
EXTCAND-8f377fe1d19042ecdc34fb84,EXTLOC-9d76cb0df84bf0141c2a26f8,,
EXTCAND-be3882f68e21c97a5233743b,EXTLOC-da49616f1a583990188c1302,,
EXTCAND-5813a5c1892845862308fc6d,EXTLOC-3bd3081a2f5cc1b8dffd1a12,,
EXTCAND-04955fe60d4fe02598727f0d,EXTLOC-cf34cb0318f6cd891f6f4d2b,,
EXTCAND-3c0eb299b182134ebeccaf78,EXTLOC-6dca0e611492ca6550de0a64,,
EXTCAND-f1816a30dc690817cd0b6c09,EXTLOC-229efc90d3b5c3f36fdcc3ef,,
EXTCAND-e0dd51fdf7546eca1e0f9823,EXTLOC-47368f5708fd3ca4ec068d10,,
EXTCAND-ed2aa68fe2c58b85ee0e069a,EXTLOC-8ad832cc757944d9247ee40a,,
EXTCAND-05ce8471b3cc33563f87fa7b,EXTLOC-6419d9b12f4abffac4728422,,
EXTCAND-4677e17fa98b04b2f2571b5b,EXTLOC-0cae9c494a19d5ed8fd88717,,
EXTCAND-c02998699bac9379bea10d07,EXTLOC-2f5346e3c251409dddf05879,,
EXTCAND-a7fee797327efb7660dfd05d,EXTLOC-f852aa1904c12a7d3d2f5564,,
EXTCAND-03f8bdf2c5b2bc963a337d20,EXTLOC-c538482cc57f1568cef0d3ce,,
EXTCAND-834366ede7942bc890cae7cd,EXTLOC-74414d02514bcf5e4fe8e0a9,,
EXTCAND-b3dd2b9278345111810d9413,EXTLOC-f253791c935fd292e73c1faa,,
EXTCAND-9e75d33bd27c57f6c49e5c7c,EXTLOC-274e3fc5c109bd15576e6965,,
EXTCAND-ed1541539f98dda4d4cd6238,EXTLOC-b7f87a4fc558b0a9557719ed,,
EXTCAND-9ce72238d3374589945b5627,EXTLOC-968bdffb4b72c7f07d481d6c,,
EXTCAND-a22f34327188fda71a2eed50,EXTLOC-b9da6cd2b05f0a063037f7a7,,
EXTCAND-6dc692767e0be6a37ddc466e,EXTLOC-08824b34ebcc7fd9ff04826d,,
EXTCAND-0c21515a7b678a4cab95f6b0,EXTLOC-0df537a6b460ce6776a996ba,,
EXTCAND-6ad2d5c8eab764fc11c23145,EXTLOC-88125bbe672ec639b1714357,,
EXTCAND-a373479bf4bbd7cbecbece0d,EXTLOC-90513101cadf50c39efd8e23,,
EXTCAND-ff1f881299a66a1e2332b359,EXTLOC-ea773e19f2c708a6b9a1d8f5,,
EXTCAND-f395d2e3197725d1752e80c8,EXTLOC-19f68397eb2c17f64367ae63,,
EXTCAND-9504cf4a62208a50c50826c0,EXTLOC-9118daa36a8b6628050bb51a,,
EXTCAND-2a7bcca25714ae4feed56a6f,EXTLOC-d34b47d543f5176dc403a637,,
EXTCAND-1b1fbb63ad16514717304765,EXTLOC-82fd6ce6650b931b16d0e7cf,,
EXTCAND-2c70a3beb2b31f99463bc6b6,EXTLOC-3d454dcf95b48d490c376469,,
EXTCAND-41dcfa1c16ff25e0a6426f24,EXTLOC-c6c5a2ab1634d09449d99578,,
EXTCAND-5b137d4d5bdcc22e771e06a2,EXTLOC-4915d092e07d6fed6de70ebb,,
EXTCAND-01a0af9ee72e91113fa345f3,EXTLOC-ed1df50f62ce06ff26ab3383,,
EXTCAND-9d88919e5b689febb019d5fa,EXTLOC-6c3e1c79698dadc49301c723,,
EXTCAND-571fc2dc49f3acf8271423ca,EXTLOC-588121e3cc61092a116afcd4,,
EXTCAND-d95a8cada041095e392b6599,EXTLOC-0e44dd193afa8f07c4f175e0,,
EXTCAND-f10680ee083ccd07df6a2db8,EXTLOC-8252dea9f5007ecbd8c12bca,,
EXTCAND-341d7c8ff793ca6ac1958d26,EXTLOC-c72206d08ce5b631027340d3,,
EXTCAND-1601cfbac21d692a9698fae9,EXTLOC-1bce9f9e1525ab2f939afe3a,,
EXTCAND-d4d1043e89692db9d2ffcbed,EXTLOC-da8aac62824eadcaf8a92078,,
EXTCAND-193d45511913533bb9aea745,EXTLOC-9a9290617593fecb5d3a7cd7,,
EXTCAND-4b3e3aba7acae1184a5b1c0b,EXTLOC-dcd9d5053d8281410d14d30b,,
EXTCAND-b4a090d997ebe470a44c3a82,EXTLOC-ecb6a036002948e9d47fe085,,
EXTCAND-adffdd547e0da54745e7ad3b,EXTLOC-961a3258519fd0373554322e,,
EXTCAND-0d3392992119da98d367fe3c,EXTLOC-e82a8b2edcb01399aa4a9c12,,
RESCAND-02ee301e662d3f430d7cce55,EXTLOC-9249d15881f694913d2157a9,,
RESCAND-1f371e9e0fd52d5bbdf95009,EXTLOC-b9948c4bdb4cd530e750b715,,
RESCAND-a3456d9ba8fcc814d861316f,EXTLOC-9a3d65717870d7a3c1c585dc,,
RESCAND-98161df7f90f891ca6431537,EXTLOC-862116ff5f66f1376fd1585d,,
EXTCAND-166da305186d027e93a6adb0,EXTLOC-b2489466a7dc01111c2be42f,,
EXTCAND-632329c93d7f70ac571f117f,EXTLOC-407c2d29339bca2a10e4a228,,
EXTCAND-d3eaae70264c9a72a497f139,EXTLOC-213d9e385b50ea10a63263fc,,
EXTCAND-b5734479b944cd83c372e06e,EXTLOC-fd5ddd9fc750c5fb6e6a2250,,
EXTCAND-65f227bc581aeb792d040acd,EXTLOC-3a18b784cee8629bdc3b49b5,,
RESCAND-d228fb732a7cef2ea83ed336,EXTLOC-27ec4543dad5cd6eecf1b7d8,,
EXTCAND-dbf5483b5a357a2610f7137f,EXTLOC-cac01693c82a32300f3cb3ee,,
EXTCAND-d70fcd1c2c48345abcc9fc94,EXTLOC-e7fd6ed1a44e7f7e72a17d0f,,
EXTCAND-0b05b1172d82ff8afde4ec95,EXTLOC-15cf442b631a3263aef69d3c,,
RESCAND-04d7fb5b34970e533f52a52b,EXTLOC-9cdd7a1e34c510f19a6b3882,,
EXTCAND-03277271e525e7dd40faedf4,EXTLOC-969b1f3487bab4136d2ea87d,,
EXTCAND-30d8969d94a4fe33b5a237ca,EXTLOC-3cbeda6ff787c9f3cc3e3548,,
EXTCAND-9eb32f9825290cefbe26d04b,EXTLOC-5e72ce52ea74cb86a4a2236f,,
EXTCAND-f80f11b43f85d87b3b1efbab,EXTLOC-1f18887466ea5777a7e20bb5,,
EXTCAND-948a0e546c3504e7bd2fad96,EXTLOC-5b3359e3a1bdc9b64bb98d10,,
EXTCAND-a5815133d2cd3f5efcb3adf7,EXTLOC-d2dc5f72198882fa51eb66cb,,
EXTCAND-06648bc3df92be363b2de3b8,EXTLOC-d6f5788442529db6ac5a9386,,
RESCAND-20e5e99a9fd989cf226719dd,EXTLOC-23112d723a45288bf3b4e1ad,,
EXTCAND-d6eebb9302eca3c3e5a54774,EXTLOC-5bc5fedecf84af4e3ee31a31,,
EXTCAND-893f114606350bc1108ed338,EXTLOC-e167349266a953ef2c5b3ec3,,
EXTCAND-a668985bbcd1e0c79f42b2e9,EXTLOC-e5096c6251267a04e63b16e8,,
EXTCAND-4572cfa0d07c503054a48b13,EXTLOC-473c2c05fbba324b23aa2e55,,
RESCAND-47b61cfcbe0515857d3722b0,EXTLOC-4d9909d5f38866be182614cd,,
RESCAND-6615c39761b2abaa187f056b,EXTLOC-72b411e7bfa596b0972e3aeb,,
EXTCAND-0f01bd427374b83ebf1ee3f0,EXTLOC-ce15a5d2d4cddb5423aa21c2,,
EXTCAND-afca4089d7b2e751c479d2a3,EXTLOC-1e397fce0c42f7de81e8b141,,
RESCAND-0fcb5ac3fe287676e297bab4,EXTLOC-b5556d5b05fc993005c681b0,,
RESCAND-7bd547062103c6636e971120,EXTLOC-879068401caee3fdae5f2ad9,,
RESCAND-aeb76249d4f1da9329a9026a,EXTLOC-cc16ba28401b25c633476aa1,,
EXTCAND-edd0df442ca2e875ea0dfdcc,EXTLOC-fa578779123008a820307779,,
EXTCAND-5b4c97d2fb312236ba9226c1,EXTLOC-9e279817f332de5d49017b29,,
EXTCAND-5e1b93a5e5b17de41dde2b41,EXTLOC-6cc5d4b2867bae1396e3ed40,,
EXTCAND-041cebf0bb3c012c06cfcf2d,EXTLOC-bbfec2d1f058a50a86243317,,
RESCAND-1eefc00016603b3db6b9e768,EXTLOC-5fa0564f7c2dd3e692580128,,
EXTCAND-5b79c0db6291b737363d1b8e,EXTLOC-496aeadddc5e16cc9e5b9cc9,,
EXTCAND-b93a2764ae4670293cb3d1ff,EXTLOC-58a647a42c93595d0681356e,,
EXTCAND-6293f65b40f4a03a91f1dfb1,EXTLOC-23de8aa4c543faec2ae30912,,
RESCAND-0b54ad9dfe83d9c366507769,EXTLOC-58a8b426152c2b902ad6427e,,
RESCAND-419a9a9c0dca94d359d39fd1,EXTLOC-fca97769a9e7f1457ce9d4a2,,
RESCAND-53d0071436e521b6342f3efb,EXTLOC-24e2b9aebe839ad5b2ce305d,,
EXTCAND-5db4102ea2952d8e81bdef71,EXTLOC-6d0a204d721077ad287b845d,,
RESCAND-91100e0ba1b02d275fcca418,EXTLOC-2603b2a316d087e4162181eb,,
RESCAND-7a685086b33b2fac27d46d88,EXTLOC-ca51a521dab314b41faff348,,
EXTCAND-6668aef66b9fa50240a91a1f,EXTLOC-b4166a9cc20951a310156528,,
EXTCAND-1fe9b2209d040e3fb621db47,EXTLOC-bf3e2860d98a35a6be89fcb0,,
EXTCAND-8e8315932b32b529b212d5e3,EXTLOC-92e7ea8bf125a7c6d56e2d33,,
EXTCAND-2d4360b25b18ea6c2e332d71,EXTLOC-a71408f8dd29fdaf8797a431,,
EXTCAND-a0db4906331de26bf9bd5688,EXTLOC-5a5a17988709199bf4252381,,
RESCAND-b570aa44cae55fb5c7ba6d1e,EXTLOC-ffb4e6924d362f68fd285e45,,
EXTCAND-dfd6274ea51f8f811a7d5f92,EXTLOC-de0f51374ad9e63ec78e93a3,,
EXTCAND-673aaaaabd07404e1f317b44,EXTLOC-5cf871fcf8d59bad544ee880,,
EXTCAND-8274a4525c63ec46bfe3b317,EXTLOC-e491b9b024ad1082b0e1dc6f,,
RESCAND-3f9e4e6d95d36f6ba3cc29e2,EXTLOC-21819587fc82e5ba48d511ed,,
RESCAND-3c94366b922bcbab7396d1a6,EXTLOC-9f8342b8ff63809100506326,,
EXTCAND-fdf8e8d8f23d3a27c36aeb6f,EXTLOC-1e8b4d81ac59a327d4ac3039,,
EXTCAND-234a3fd49c5ab0430508c14c,EXTLOC-b1db0299417edfda1a0dd77d,,
EXTCAND-08f6d7f8f9889e5df90c32af,EXTLOC-66e1fc43a32d24a5d896febb,,
EXTCAND-03df3d7e1d38497843183c78,EXTLOC-a2829b4def026ffe32837fb2,,
EXTCAND-7c8a671d182e9d699188b34e,EXTLOC-0bf000ed2713ad58f1ca02fb,,
EXTCAND-8ca73bad67907ec72ceabcee,EXTLOC-b5d35c4ccc3948371b7a939c,,
EXTCAND-3648cbea25db22264ed0d5ce,EXTLOC-b81c3faa572408f08dcf49c2,,
EXTCAND-92abf22c6a22473359706b54,EXTLOC-d0940607bd0b715990e42cda,,
EXTCAND-a70b88f99759217665d6099e,EXTLOC-3ad344d34b34055c5683f04e,,
EXTCAND-900a5e738963b5f9b3892724,EXTLOC-4f44e2b1aa9c73b61e33301c,,
EXTCAND-15c31b67d92bd17b83fa198e,EXTLOC-62debc4d65d28ec2f72c2695,,
EXTCAND-973e483979dfd176ea3a4c75,EXTLOC-611bcd149411d9ec26ec625a,,
EXTCAND-a12fd0e65679ba31c2872995,EXTLOC-718f0945957a5edcbe70a390,,
EXTCAND-942a35152b5419e73b659aba,EXTLOC-33a56af5d30fbfe7675b7bab,,
EXTCAND-e1c8c0ca9baa5ec8681ba008,EXTLOC-ce9f07be312fe3698c70ee27,,
EXTCAND-4a2f5057a99eae65b924b635,EXTLOC-85a879a9e98e119072c882f8,,
EXTCAND-4acc77e27295838dd95ab1e2,EXTLOC-a80ed68972ff5d45b2de97c1,,
RESCAND-1ed90eda99486249ada4b0ca,EXTLOC-b1807e647e5c273ebcf07b88,,
EXTCAND-c13d86f5b31953b301e8f4ca,EXTLOC-f0396710a761828a43ccd343,,
EXTCAND-d5b29ed02857f76a764dd960,EXTLOC-0e2d34b973d50a8d576e34fe,,
EXTCAND-d15f5a294142aac0a474e19e,EXTLOC-06b1eb4c80f64b3afd42b384,,
RESCAND-cbad361bb8a11844e0a429f0,EXTLOC-ec798c6a4e49e8e225f0dbd9,,
RESCAND-5bf0b07bdca5fc6c3e9cc759,EXTLOC-54233605dd482359381bca0f,,
EXTCAND-9f85f0e972e103b93482b4f1,EXTLOC-8643d5abaf4ee31cbf9cf4cd,,
EXTCAND-557c4dfc676a6aa01a4f5c1c,EXTLOC-0298d1f189420a961446f708,,
RESCAND-63f4b98b9e3928d3623faa03,EXTLOC-62fb9ce16aaa7fdb835b1f21,,
EXTCAND-d6f3f0c2068b576fd47e9d86,EXTLOC-c8e189b87d206b978e3513ea,,
RESCAND-bce3dbfa7aff3db74cdd68f1,EXTLOC-a3c39133c22dc91865b8078e,,
EXTCAND-b01f7fad9fd377ebd6d9d500,EXTLOC-c92931f0cd9471d418b42b42,,
EXTCAND-5916d1f0489cbe2c99186c10,EXTLOC-c381cc9262b85ab811080a66,,
RESCAND-f195cdda8369b543c92bbbe9,EXTLOC-f0e4deec7cb2b29cea03ebe5,,
EXTCAND-95c10ceb96cc105c8e1a758e,EXTLOC-73f5e5ece46cacdf0d056820,,
EXTCAND-e81c263de5320e5033cb270d,EXTLOC-91a45d1d328b3b3c89dabb21,,
EXTCAND-fefc5391404435fab3122bba,EXTLOC-2dcc3695afba78d097ed4cff,,
RESCAND-e1f224b5ab709d00c2f70f7c,EXTLOC-21b4f22bb6fb0479c92c814d,,
EXTCAND-7f2c84aeb7cd72ddc18b1fbd,EXTLOC-5b99081b6853d58ad55a5a77,,
EXTCAND-929458054bdb5d52aa4ca405,EXTLOC-ecbfdff2fc1c79244a0eb6a6,,
EXTCAND-497fcc5f78f45f98dfcbbec0,EXTLOC-91c3a6a6828f84da9279c4c1,,
EXTCAND-2d98f18dff340dc5bd47180b,EXTLOC-a01a79df710df395b40742d1,,
EXTCAND-8d8afb676a134250a99e7d16,EXTLOC-d479af3bfe75bf2c7cceaa77,,
EXTCAND-3b791382efc85123cd328dbe,EXTLOC-0182dc102809e7064d0c083e,,
EXTCAND-570a6583cd7363ef17bc21f5,EXTLOC-f762b86dae3a679d915ca33f,,
EXTCAND-197583a00a5a9142911cf966,EXTLOC-aa639375d81544a656dbb34a,,
EXTCAND-67208f15824b8974156a44bf,EXTLOC-d02e85483a8e165ac822f4ff,,
EXTCAND-455439d223e968a6f76fb91e,EXTLOC-dc1e6b461147a7e3d70a4c1a,,
EXTCAND-3d7744bdb0792ad249b455aa,EXTLOC-8c05939c9b719a0b0c11c889,,
EXTCAND-182c5d245df0cf1ec5f3ffa6,EXTLOC-2c0a4ace666fe056d64de38d,,
EXTCAND-054d56d628fd04ab01a3941d,EXTLOC-45587aa4ca16ba59bd509909,,
RESCAND-276da93eccd70e61484ca061,EXTLOC-6a2b9ca290d4337e1e121ffb,,
RESCAND-832c301853f90600f0d3524b,EXTLOC-9da7d4515112037a0f6e6dc7,,
RESCAND-43cc967fe927a1c0ae13579c,EXTLOC-7bee6a846239d299fb9bd804,,
RESCAND-bcc78a1bf2a5b88ff0c09c35,EXTLOC-105c0b04e7d8c93177d5ee51,,
RESCAND-8c475a26335aae05ddee5454,EXTLOC-e141ff660826180b151f52a3,,
RESCAND-2675efd215f0db349f68bc4d,EXTLOC-a81894ac99aab6f700f62e77,,
RESCAND-99b73430cb9f32b266619743,EXTLOC-c3cb92bafb5e0506522cce71,,
EXTCAND-f1c588ce41e613c1be290790,EXTLOC-74418ded1f7bfa502ba3d4ee,,
EXTCAND-5f4ccc74dc9255333f70bda7,EXTLOC-74fade8ccc29cb018284613a,,
EXTCAND-2facd3d2a2a82c5a8a282c3b,EXTLOC-60c90df196ce960730eb2b4f,,
EXTCAND-ef068941d24b36a55d84dbe4,EXTLOC-ec6f604b255706f8f973740f,,
EXTCAND-4969a7f364116f11e78dd2c4,EXTLOC-3af2259542788aa912e053bf,,
EXTCAND-a784a0a2e10700b56f3b1051,EXTLOC-948871f3585ba1afb1a55d92,,
EXTCAND-ca57aba435361e3af74d3331,EXTLOC-b0d302615985defb4d572805,,
EXTCAND-8eecf19e5898db78b08f1919,EXTLOC-a2bc6d69b1aa0a40fe5f6c72,,
EXTCAND-b06128b71c99777bcd2045f0,EXTLOC-1fad27b637a348e14e055198,,
EXTCAND-a500aa33d53e7f91720a1ebd,EXTLOC-81dda8d894e882ee54228040,,
RESCAND-efc13b58ebefda53c0e7be1d,EXTLOC-bb8e866ed1c28ee9eba0fdd0,,
RESCAND-c9ce2405abd0896383a9eb59,EXTLOC-184350960974dd273bfaa3fa,,
RESCAND-0fdda8a10945c052d4489f49,EXTLOC-3fbbdb46fb5ff325306d6fd7,,
EXTCAND-6a4d5c90cf3d73fc73600f0b,EXTLOC-97a919d1588d94ac65b49954,,
EXTCAND-a9806fde4b37f9cb5925f4f4,EXTLOC-761ed82e5b40c3fd45e788d5,,
RESCAND-e3dbff6489aa9def060b60e7,EXTLOC-e474ff29909e2e5707d4a0ab,,
EXTCAND-1c3921b47b3699971b3e6b69,EXTLOC-2b7b2af4d0649f15b1bdd764,,
EXTCAND-2fc597a02ac4fba4c3fb1f88,EXTLOC-be5317b8db351de06edbf0f5,,
EXTCAND-d7987cab563de5e4426ef03e,EXTLOC-6fbaeb9f7b7015e58f8c6fdb,,
RESCAND-fa046083fe6ca69971a02c05,EXTLOC-c303864efc9ca43e73ecf6ee,,
RESCAND-0d5304e47510edd00bd9e72f,EXTLOC-2d41bbb96221df4aed41f3ac,,
RESCAND-6999bfeab74fd0c81fa119bd,EXTLOC-c323286f14a88f969fe5df8d,,
RESCAND-ea5e33ec41317e4fe5b6b863,EXTLOC-742743676abcdf5b51dedc65,,
EXTCAND-1430e8db527e1b87cf183537,EXTLOC-888a875a839f8c30dc501efb,,
EXTCAND-a10ca2ae32eb1e9eb8ebb6ae,EXTLOC-92bdfd43c37aa4a06fd1ac2c,,
EXTCAND-e3ce51b0d89a7ea7bea12c9b,EXTLOC-af697bb8fc469c4a8c7eb09f,,
EXTCAND-b7826c6de1520c430514f90a,EXTLOC-f6e28bdef3ed21d875e643c0,,
RESCAND-637a7ecd2e21c1f35e55755e,EXTLOC-c0a45f7364aa718f8f3bba99,,
EXTCAND-76859448a9e66992c3ffeef9,EXTLOC-33b471872bdd6410cfcb77e3,,
EXTCAND-bedf4319999829a511bc4ba6,EXTLOC-605443271bd7a7cfae99c7ef,,
RESCAND-5f9c8103acfeb5af3badce23,EXTLOC-ed6b7582740f9a9ccbb6cf09,,
EXTCAND-94ffe0d2d3d84fc1a0c09e5d,EXTLOC-f1f387bbf83997f4e6e44693,,
EXTCAND-935abda8cc38b1d2b0bd2c63,EXTLOC-628fbe71f21b4db109560e56,,
EXTCAND-27926bdab100f581514a6c5e,EXTLOC-d238d99236edb86678a24ffc,,
EXTCAND-b8edefbfba23ced37f0c3597,EXTLOC-57ec8d121251727c67bccb4f,,
EXTCAND-6adfdaec40dcb3757bcf0a23,EXTLOC-b5e9f0841cd3b1c69abe2d3e,,
EXTCAND-b808ca1b7f67d13a41e770ea,EXTLOC-66f48cffa5d47ed1719097d6,,
EXTCAND-0c5a6ce880c2aef331c7681f,EXTLOC-d0dc3f43cad4ffbed1b0ddae,,
EXTCAND-6b957f02836694ca882d6e06,EXTLOC-a3ae553fb493686c74181c32,,
EXTCAND-2eee3b5a814e1831c7d55b3d,EXTLOC-ddf1fd3a8a2828975ddcda3f,,
EXTCAND-cb85e2b838e1236fa5767d41,EXTLOC-ea5099ae1b525fc1e32e4083,,
EXTCAND-0aa2541fba0007066e3be57a,EXTLOC-80bd8565a9ba9debb0a6254c,,
EXTCAND-940c857235709bc1e01fbb71,EXTLOC-8db2a671e40cba25eb3936bf,,
EXTCAND-0996a2234be28530e81145b6,EXTLOC-8cc54c59dd8f15f160ebe429,,
EXTCAND-b80d17d8bd87de369fe6c6d5,EXTLOC-a8f8f05d9b1c6c204f1de02a,,
EXTCAND-1b0b5d4440f7fb17f9f75f14,EXTLOC-f41b04b845eb29e51f5668b4,,
EXTCAND-4b4e6b66cac145fc6462bf75,EXTLOC-f13177716a8328133079c4e7,,
RESCAND-50dcca520ec5c5d69d2c97cc,EXTLOC-572a24045e0b6a028e751f4c,,
EXTCAND-d689a18cf764c32bcddc4fe7,EXTLOC-928e0f865f81e5536eb50c02,,
EXTCAND-d86d43ad302235159230af9f,EXTLOC-87bd65eb6913e59ed36d7977,,
EXTCAND-f5c997a783e5256de17d423b,EXTLOC-867acb56f636168747a04842,,
EXTCAND-cb0e5a2d12a2fa89e1d7aaf8,EXTLOC-664e5bb79a30eac08c5865e0,,
EXTCAND-736c2f8b413fbe72a884eae5,EXTLOC-6271618af18933f19bfc1673,,
RESCAND-d9e7e08e73049596ce26c959,EXTLOC-e2d13623867ba15e924e3b05,,
EXTCAND-22866c3ee4a8a64f25ae99a7,EXTLOC-34779c92a9b0c02017f63aa2,,
RESCAND-a837f8703d7caf28c78fe7b0,EXTLOC-2b2eb0aaace270c64a230075,,
EXTCAND-07c33230f9cfc91396242aeb,EXTLOC-23a02966156b21214776aa7c,,
RESCAND-8732802b65f88a25a192894c,EXTLOC-f94c8ffedb6b9014427269bb,,
RESCAND-bb4ca2b1bdf5acc76ca63be0,EXTLOC-7b2a63d53555844a899fc9fd,,
EXTCAND-e8be70be171487443738b108,EXTLOC-e68c0ad4ce9a4a21f134ec6d,,
RESCAND-21654e86f57576c0b75c321f,EXTLOC-920fc0107f55265a5a5a4bda,,
RESCAND-a90c8b5374b609568ebbfa0a,EXTLOC-efbd3ae76718a054c39507ed,,
EXTCAND-03faf610036170b0f371b2e8,EXTLOC-db17ae1df4900df23285a820,,
EXTCAND-9692edbbb39ef586f5cd6384,EXTLOC-a6f5b5b1d5261f14e0115573,,
EXTCAND-a6980a807bf1b32c40d76c41,EXTLOC-b6de3e6e991e10cf7fcea845,,
EXTCAND-4255b32e9f6d613f9386c106,EXTLOC-b31528c3228baaadc59699f5,,
EXTCAND-0c8db0d3e7edeaf5802c4730,EXTLOC-8300af62a9d1525d1ec80801,,
EXTCAND-e5d3f1abdf0582c50a050706,EXTLOC-dd5901639faf4e08b65c7afe,,
EXTCAND-3ffaa9633902078e758ed466,EXTLOC-5e6de2d94757aa55c115c27b,,
EXTCAND-0dce5736bfac2a589531932c,EXTLOC-33bffc85637e8e062a49bac2,,
RESCAND-30bc8314fbb4cb2569a213f6,EXTLOC-2e0a855873e9df8fd3eb2dd2,,
RESCAND-288b26fda6b187d8197712f7,EXTLOC-9fa1f6b2bd67be4bebf8e977,,
EXTCAND-f1cd42e96e3e2456d705ca17,EXTLOC-c04e51f1570cb5538b6e5e96,,
EXTCAND-f05c26d50c861d8134f68b85,EXTLOC-8ad280086a8e4f8d4581da52,,
EXTCAND-1d160b2429560411a5e27bc3,EXTLOC-2a985f5b4928f3c99d2576e6,,
EXTCAND-b82296e96be0c8bdeefeb3d3,EXTLOC-cbe50dc883b8d431052a3c97,,
EXTCAND-4bdcfce9784ee785d17e3fb9,EXTLOC-d727e9d4ce7f77b89c90021a,,
RESCAND-d346bec10d5c501cc9fbe22e,EXTLOC-f8e1cdfb74e4c4ab7826d986,,
EXTCAND-566d0a0be317b1000a33bf76,EXTLOC-6f34df7b2307444032ec14b3,,
EXTCAND-22abb2019dcd36864f27d93a,EXTLOC-2bbadc76df8203167b367774,,
RESCAND-e9c39de1cc1220ff4c21683c,EXTLOC-19a94bab895e5f6f93638e35,,
EXTCAND-ee698c00609ac2f36f84c590,EXTLOC-37ff21d92dc4344f0750d15c,,
EXTCAND-cbecefe724d591d0770bf7aa,EXTLOC-81c1cf61ad71d828c8fce05f,,
EXTCAND-ad5069a6b9bc8c1234ef5cf3,EXTLOC-9fe72ea306ae3e2c58f05667,,
EXTCAND-5b48ce8376066953937f8219,EXTLOC-6e7fa7ac4783f1d7e3a5e64f,,
EXTCAND-856bc2f3b0c30007d09d06a2,EXTLOC-baa298bf5f9cb1cc4a3446f3,,
EXTCAND-7851d3286bf844b590c9a306,EXTLOC-d90aad37b5262ec210cd248f,,
RESCAND-58f1dd20da50c71131847ff6,EXTLOC-7172142f9bf7476ef8bacfad,,
RESCAND-e3d442e32a734cff269f639b,EXTLOC-53ce6a1493f19cfdb077217c,,
EXTCAND-0bf2ae135f880b715f4d472c,EXTLOC-99b9370d272336331b7124bd,,
RESCAND-958642f379d260be89026101,EXTLOC-d25437f57e260ab9aecdee1a,,
EXTCAND-91851bdb25999407603bc015,EXTLOC-e757b12a1bb2cb71e4242c1a,,
EXTCAND-3e3eea99199bbed9e111095c,EXTLOC-08e06e61c970e7dabb2db980,,
RESCAND-966a3a4c498f3cb148341c7f,EXTLOC-a5f5606fe9d76a359c8600c0,,
EXTCAND-2b0fedfa25abc2bd60c39814,EXTLOC-29dd04cb80978f7e496cdbe0,,
RESCAND-67e98eb10395951e2d950781,EXTLOC-9cd7fbc025890d27d753e871,,
EXTCAND-a36fbcbd063c9a069e50fe51,EXTLOC-8e7d678c7ef874b5660cdeb2,,
RESCAND-7af33cacbaf27149a99689e2,EXTLOC-f86c27f95ac019492235eb8d,,
RESCAND-db1e78d941ad4eb419f001b1,EXTLOC-4a82a4bd626ec1aed2918bb3,,
RESCAND-8b94de9c9ea8d8307e80e3f2,EXTLOC-7b07698cca83231b91e54bcf,,
RESCAND-761646157ba6d1cc9233f38f,EXTLOC-3d428ab44a8b76dacc50034d,,
RESCAND-230aa2d26455eee0db745dea,EXTLOC-84155276246ed5f0def86ff6,,
EXTCAND-8136e69ea85a1f1b45af0b0f,EXTLOC-04ad7dd1ebab3134549b5abc,,
EXTCAND-971bb97179a7fb17aef2a913,EXTLOC-195279e8490d07b617471750,,
EXTCAND-076559d417011362a1bc68d5,EXTLOC-7a46fad29f484abe6d3cf71c,,
EXTCAND-df71c8b05652da75cf1781f8,EXTLOC-2a4729720bf32fd633858419,,
EXTCAND-6d7f1cb443a456ba99460dab,EXTLOC-e585fba993c202c73383ac78,,
EXTCAND-800ff2fbb14a69a5e623b699,EXTLOC-4c96aa02f62dc1da8190d95a,,
EXTCAND-631aab565e0db018e32ec74a,EXTLOC-f77b4c41822e9ddfea0880ea,,
EXTCAND-2252dbebcbbfb984620343b8,EXTLOC-da9f890b89571133dbfff575,,
EXTCAND-8454819dfb40e9de69d5ed7d,EXTLOC-028bc147d8c74db62298c7eb,,
EXTCAND-9be1fcfa744a97bb93d9c840,EXTLOC-d533764983aa5a52ae8792c8,,
EXTCAND-5823900d3df9b69ba13eb2f2,EXTLOC-be6a20a3a4c4bebed2c8cfbe,,
RESCAND-25eb50a28657f195fae97de8,EXTLOC-92ce8edb66f77860484d8e14,,
EXTCAND-07e545a1caa148b67da6ab54,EXTLOC-d5e0b94395c0e76cd976e897,,
RESCAND-c2bfa82aa0cb958abbb440a0,EXTLOC-a76ecb96e726afc1ef9e443c,,
EXTCAND-d6c788df59db39743fbf85d3,EXTLOC-722556dc29d9ae0d095f10dd,,
EXTCAND-446e220a423034e903c19390,EXTLOC-4824ecde250fd7c1c6f54834,,
EXTCAND-c9f715525f8c330e6b003d48,EXTLOC-a65b429cf379a9b7b80e5800,,
EXTCAND-5d0fcea3f3046275e437d1e4,EXTLOC-f81a1548e8fe95a5676baa9e,,
EXTCAND-3f1d057f6c91d417c35c2836,EXTLOC-78793e135c68f28024685074,,
EXTCAND-4e485d733f6bc55a66a98cd2,EXTLOC-401e954de19434f67e70a89b,,
EXTCAND-faa0541bd8c0957857d858e7,EXTLOC-cabad34ba3ac77e3bcc91e70,,
RESCAND-6b76c1fbbb45b963ae21d94d,EXTLOC-bc74ae3b55ab7f4726986a4e,,
EXTCAND-060adc169d64c21d3229bd50,EXTLOC-5a63c6d44fff022f61414c31,,
EXTCAND-dab92c781da4799f2fc81cf0,EXTLOC-6e5412d73a001f0d42fc592b,,
EXTCAND-52080023f0e5ac8e58cbb36b,EXTLOC-b5df0fed02b2e59d215476ed,,
EXTCAND-dd3f16fd7732bbe181024268,EXTLOC-556e62d2825647254ff2240f,,
EXTCAND-e39500ae50fd579e2e193826,EXTLOC-a0c7488770170c1b03fe9d71,,
EXTCAND-ed5352e5b88cadf814e8339c,EXTLOC-31dfc9fe23ccefc1f1803007,,
EXTCAND-b5e5a2217b47f7b199add924,EXTLOC-42142768f0dd0e3ea53526c3,,
EXTCAND-a765c1dab3ff5834caa1446f,EXTLOC-7899df2c276b92adc00ea676,,
EXTCAND-5ec70808cf8825ec85ad1a69,EXTLOC-0c460e31331dcc87bee15073,,
EXTCAND-bacf9ae96bca6b171d32b09f,EXTLOC-5d574bd5955446413c024be9,,
EXTCAND-1d6004967780cca1b9046121,EXTLOC-158be865f226ef7019033759,,
RESCAND-c30c286fa4bc22dcd7c0c8aa,EXTLOC-79aad99cb6f6819bf15f58a2,,
EXTCAND-247335bfe07196a4cadfcc42,EXTLOC-f4f15d6407d2d055bb6f11c2,,
EXTCAND-2172b5036f9002bb0a708239,EXTLOC-7bc081693fd4bfd8f9ece0b0,,
EXTCAND-3ffda6fb10b61e78d6d518d9,EXTLOC-e88c340538d548d85a807cfd,,
EXTCAND-142b7e15d3991077efd6c44f,EXTLOC-62f2f3d55e310407e8d2aca7,,
EXTCAND-b268f8327f0e1d78a3b8980c,EXTLOC-dfbfca833b39029b8e29f3b0,,
EXTCAND-a6502084734505a1f07b8016,EXTLOC-c1fb52a1e978ab0bd19924cd,,
EXTCAND-d9e341d09a02d35c67c87a0f,EXTLOC-558d7696705df9569d34e1a2,,
RESCAND-431d79a1495523b4e2350d1b,EXTLOC-81b2e7acb226639feaace2d0,,
EXTCAND-94463585ad0b5832261b6855,EXTLOC-a29faf86bb804d6b8da3732e,,
EXTCAND-d42c93bd444d07871ccd99f8,EXTLOC-23e1071f8549a987933461b3,,
RESCAND-03c479457ae2698eaa33033c,EXTLOC-9051664cab102beed7003d2a,,
EXTCAND-87a09762a09e49158601f8ad,EXTLOC-02061053f5d283ee4a8958ee,,
EXTCAND-c43d4d0c8487449659ab7004,EXTLOC-17452bc10145b2f8fd9ca72b,,
EXTCAND-f50c1a0908a81dbca5e44ef2,EXTLOC-8af0cd86e0d82a43c0b58c0f,,
EXTCAND-3a477d850148751dff2dd091,EXTLOC-9b3178ad4f0eb7a65751427e,,
EXTCAND-bd53e1e9209df04288ff9ee0,EXTLOC-e54c2a6a7c1d6731588d7d09,,
RESCAND-e932c8d6c8a5bd61294a1d88,EXTLOC-5f904d72330ca966b6281314,,
EXTCAND-f8ff0bdac5573bb8cc11d26c,EXTLOC-175918ad0f430cbcb2a98796,,
EXTCAND-51acf1f69083221544f1e3a8,EXTLOC-f5a28fce7736becb6e46f914,,
EXTCAND-6fd289e7aa81db342672b103,EXTLOC-269f644f798ab16e2ad19151,,
EXTCAND-be5595df469e68607fdf6500,EXTLOC-ba875dd14ac325f85e7e7ee3,,
EXTCAND-8de395f106f0251e7d8b20f0,EXTLOC-05f8546d677abf49b35cc58f,,
EXTCAND-58f3ff2f4860c43b775d61b1,EXTLOC-f1f7faee2fd2f2407279cb4c,,
EXTCAND-72bb7855ba73629bd61df99c,EXTLOC-e77f4a64cc9a053bcf60fe71,,
EXTCAND-013237e03af1e4f8caeff8f9,EXTLOC-27f977363a43a326c89f9b11,,
EXTCAND-62f4e7263d087659c3038f02,EXTLOC-ca73d82cac21828fbf691c41,,
EXTCAND-39aac66cfe9f8b387b84e8ee,EXTLOC-c892a98494d519f262bfc9ce,,
EXTCAND-73afb24e9177097d0558926d,EXTLOC-33710f887428b83d38af8752,,
RESCAND-309e991618d85e1779c5ee51,EXTLOC-883d9dcc843b937acaf9254f,,
EXTCAND-392a42ea7d2d9632b68d0dc9,EXTLOC-a8ca2f5743c7dbd506047466,,
EXTCAND-3fd2b85b0eb451ed3df26863,EXTLOC-7d8641ce94a4c7418e83804a,,
EXTCAND-eeea25cb717ffd9f3b8722ac,EXTLOC-d3b73cd29ce5bb0c11990754,,
EXTCAND-436761d6b3aa395d4a772163,EXTLOC-caf5f1157497b7146577a52c,,
RESCAND-a536b3f93301f40ef60c9f44,EXTLOC-527e7841df02e92b81f0b6f7,,
RESCAND-64d46c0995c7f406194fd434,EXTLOC-9675fe24e03f0db22f5ff8bf,,
EXTCAND-a4b4e1c637d158ca6d526c69,EXTLOC-2519d806bf1a5098935b0b15,,
EXTCAND-4c3dbb691d48d2e2662f5ad5,EXTLOC-b6d2a81dc915f07eb7e102e9,,
EXTCAND-c66f3b1098b1dac1a6cb3db6,EXTLOC-2418d1d0b3c801c7c8f1227d,,
EXTCAND-19007cbef4c8688e07b6b449,EXTLOC-c05ebf80b13eb9a57875b120,,
EXTCAND-da5bc789034a7d30ab2cf154,EXTLOC-b4872111b86ee5ad6ba77df8,,
RESCAND-6a3d5c022f22a7c9cd52c0d0,EXTLOC-fbed68ccdefcfb4e7ca259b7,,
RESCAND-db154e39fc87705677201833,EXTLOC-eebdb0926e495587c7c48c45,,
RESCAND-dbf1d0cb3a8d0b3994ba7f28,EXTLOC-24a3bbabd930cef2910a03b6,,
RESCAND-224ef8c77024ca42d4056a6a,EXTLOC-b5c2863e77fc276f5d134cfe,,
RESCAND-0485c3e0da4608a7efd3b063,EXTLOC-8b86221e5d2fbe63f6040cbf,,
RESCAND-827379d4ea60e6740afa7db9,EXTLOC-cf0d4d93d91314887dc0edcd,,
RESCAND-928d169c79c804a0b23b295b,EXTLOC-4222ac0676147eaf6af6cc02,,
RESCAND-e9062539f96e76528ad179d5,EXTLOC-12d7ad481d8d54365f57cdd0,,
RESCAND-e5ac72185bde812727cbeff3,EXTLOC-e90f8f15f07fa41b17aae925,,
EXTCAND-7299554e85f4873b7fac127c,EXTLOC-5110f4160d1db3707601e9ba,,
EXTCAND-9e2d237f1edcf79c3a136d24,EXTLOC-7d02690c44453d7b6a8da53a,,
RESCAND-65f4c6f9651519802ce3748c,EXTLOC-4cc985e84d8f0644ec69fd92,,
EXTCAND-b33c34e82608880635f33de5,EXTLOC-34c9ae989a49c480aafd5f62,,
RESCAND-4977acc5d4c4a9af616ae854,EXTLOC-4eb36b3ba5eea17599468119,,
RESCAND-eef6602c66f5c8dadcb764f8,EXTLOC-4a8c55757364c1c1a060d411,,
EXTCAND-fe893c1c5b8e0d690c3c6d91,EXTLOC-868bcadbb90b600e767a7ebf,,
RESCAND-23754f41942e56966ba341b1,EXTLOC-caf32894d49c15536efada63,,
RESCAND-b0e98e0c0cb76a4741923051,EXTLOC-037f6d8d3dce15889db0ff70,,
RESCAND-274037e45bef0b11dc21f689,EXTLOC-fd767bccc0a30b75c396ceb4,,
EXTCAND-a42f9b401c83d7334d1c7086,EXTLOC-3d7a5f3dc1fe09383fccf0ff,,
EXTCAND-ed7933c302dc53534495e6b2,EXTLOC-55d2cf1e3b754488cb962fef,,
EXTCAND-7f85239e2554d232a9241d51,EXTLOC-d617150cf594859c26e7400b,,
EXTCAND-712141f737a9e5f3f7946104,EXTLOC-aff2caa51f8e91838e2dbf48,,
EXTCAND-1f166c8e358d5a5ca528efa3,EXTLOC-faec97ff3948b1a9117948b4,,
EXTCAND-38a9158129a9d34bae340be2,EXTLOC-7c770128318d39ea16628ae5,,
EXTCAND-b5dc43a322d538a290c81f00,EXTLOC-788aeca43ce56117e7b5f5e1,,
RESCAND-0b0e7c1f10cd1b94da4f9643,EXTLOC-bebc3ae1edf7a5214eda6139,,
RESCAND-31be1b4afe10769096ca1e66,EXTLOC-ec8f03070af6a3b8c2ca90a0,,
EXTCAND-bc4af6467ecf37ab5a515bae,EXTLOC-5affa19cdb55802bb183cf12,,
EXTCAND-d4da3e05c1e6fd629b404cd9,EXTLOC-eb5b824e1a8ffbb18cc70fe5,,
EXTCAND-adafd3e6437d2be07d801d0c,EXTLOC-f59b377f2cb6253133e1ca5e,,
EXTCAND-ac6eea51cb90a3bfcd063ddc,EXTLOC-5efd655eba5a69996c911c73,,
RESCAND-6f5fd2506c25b6cb0e7517ef,EXTLOC-99ea6f498fa5a377033942ac,,
EXTCAND-3cf9379052dd382e510c7d18,EXTLOC-bb5b5dd12fba9859f22c26c7,,
EXTCAND-8cbb60111dc24eb6c6a645e3,EXTLOC-d92458118e8ddca26786110d,,
EXTCAND-5def7a7e098b47c103abd56d,EXTLOC-3594942dc2742408ce3f78d4,,
EXTCAND-77704f87be087f291709a06a,EXTLOC-ebf7d93a6df5bdc5e8df1c0f,,
EXTCAND-4163e5747fc6e9a16372d0df,EXTLOC-8aeb1209b74978ebca14d09c,,
EXTCAND-f204eb7b0d9538d101840d51,EXTLOC-8f166d9147223e2a69e9f8d8,,
EXTCAND-c6cbecb09da77df384860901,EXTLOC-c3455d9dfeedecaf1c9d6ee2,,
RESCAND-f51f4aed3656f07910719b7d,EXTLOC-49969f60b5c118c584ae8b54,,
EXTCAND-d2a80489dd9420a747b5926a,EXTLOC-56b4ad1f9c0c45cdd6f4d24c,,
EXTCAND-6c301f82b790a64c4e3b6985,EXTLOC-1d3ad3e13dc4464100db4470,,
EXTCAND-e76f6a90a15daaa4ba1be446,EXTLOC-fc0dbb95c243708ab0604596,,
RESCAND-772dd00bf96599574d986c82,EXTLOC-f9cdaaa4bf25f0a09d09ded0,,
RESCAND-55bab65b7b5bf8ad7ded2ae2,EXTLOC-6dfe2ce7657a76a0a020df83,,
EXTCAND-ac90588135d3b0c2b43c492c,EXTLOC-ee7a5cc916d9e0cc7cb3f4f8,,
EXTCAND-bcab4a27f0529779daa4706e,EXTLOC-a96d69d25d24bceb8e5700f3,,
EXTCAND-b056c142ef77f75f3ece047c,EXTLOC-7b1dae0ab6d2cee99cb83b44,,
EXTCAND-f2900de75e6542ad6421e39a,EXTLOC-88c0aee471682be94b7b9147,,
EXTCAND-d24d88a9eedc32981193b64f,EXTLOC-382f90a88b99caca9a276ea1,,
EXTCAND-4b0cdf0fc63d3305a8c15c1a,EXTLOC-8816bb24e172e3b9b36a02e9,,
EXTCAND-da95d6cc23499f8d01626aa1,EXTLOC-bdf1c86f5e45a9dd1c2cb95b,,
EXTCAND-8e44e292d11139222842f915,EXTLOC-cc28687724e944df7bbf337b,,
EXTCAND-3ffca1a4c13a1f45f7957de2,EXTLOC-fcb27e0e3f7b0ea71c6a9598,,
RESCAND-4790acb472cf594fc17856b0,EXTLOC-ff4931064ff75c817d050304,,
RESCAND-f019037159268b7678ce02a5,EXTLOC-08833a03200abc55975c43c5,,
RESCAND-3b199ad1b6ba6929fa7dbf80,EXTLOC-b23906f35df0639f80e74183,,
EXTCAND-e2db38a1274d57ed1e2b55ec,EXTLOC-5415f46883031b6663f7cce4,,
RESCAND-f69603a7a19d54ead204ec1d,EXTLOC-e03f255ccaada210570f8de6,,
RESCAND-639f121969f0cd33f47111ff,EXTLOC-6bcb6ae423e16d08e7863a3b,,
EXTCAND-cdb2802ada5dca8ecd532bb9,EXTLOC-9e62557f5c0b1c8bb069209d,,
EXTCAND-74e397c0ff502d5fdfa5df08,EXTLOC-b359037017abdb4ea74ed70d,,
EXTCAND-45c26925cfb60df460b5fd42,EXTLOC-d7eaf873c8e284159520d87b,,
EXTCAND-f10309794b9d0724bc6436ba,EXTLOC-399fd85aea5fd33116f27ebc,,
EXTCAND-7e9ea0ba6011e411fbd31f2e,EXTLOC-58d6800482c35c7063fcad9d,,
RESCAND-0c66b7c225a3efe2e2dd6699,EXTLOC-881a5e5c35f21572f376defe,,
RESCAND-efc536b61744e82a06d64df6,EXTLOC-15b86c1715a6331131e22b21,,
EXTCAND-06690f5097101b2ae5812cec,EXTLOC-e128ac4d62282f8c470ea24d,,
RESCAND-d1c2e26b280dfdeead77950a,EXTLOC-e07fc84b905a4f4543b7bd67,,
EXTCAND-43c51fde0f3e6aa04ba3d8d2,EXTLOC-4c03e52b547e8016e841fb89,,
EXTCAND-3a71044d2833b6ee68f897ee,EXTLOC-bb6f123a6b8d4fda17ef0007,,
EXTCAND-f7980e79381a730a77025bf8,EXTLOC-f5f7d7177534829573bcd7ba,,
EXTCAND-64f9c39f4b8701de9f91fad3,EXTLOC-9c6be7db72605e1a299030ec,,
EXTCAND-974048da8b6857ff779fc690,EXTLOC-3415858364c6ed79c99b6800,,
RESCAND-8f1ef87e26c3b71f825b4fff,EXTLOC-14ea5eb8e3e49e0a122947df,,
EXTCAND-a04581c8716ad954a319a628,EXTLOC-8d17cb949f693933cd161e43,,
EXTCAND-a1e8731373fc242924cee771,EXTLOC-0b7585f70c5d630d7e244fc7,,
RESCAND-27a586885a8522c0189d7229,EXTLOC-c2ac46d6373f0e894379bf7b,,
RESCAND-fff5bece01045d7eff65a698,EXTLOC-2b8aea93df643d3aeea46d3e,,
EXTCAND-d2802006f7c45d0abac2eeae,EXTLOC-7d3fe588974017bbf1598f62,,
EXTCAND-ec20bc7ef5059005cb8e7042,EXTLOC-45d1babe22c88eb9b8199cc8,,
EXTCAND-94449b8848c3a0ae27e3b1fa,EXTLOC-6ec135c9074a5368c7b53984,,
EXTCAND-7e9d1a6d9306bca547bc90e3,EXTLOC-2b2f1e7a414875858d1ea4d1,,
EXTCAND-b3dbcb25c5986af7a24fc783,EXTLOC-4a7195a90f96e35eefbd653f,,
EXTCAND-555ade5cf932a01883f26835,EXTLOC-0ccabf50339239fa5b1c01ad,,
EXTCAND-a7f841a24298f59ec0f9a665,EXTLOC-fe4db5a534dba5c2777f77e4,,
EXTCAND-b61482ba943fc4e7951ef4cd,EXTLOC-e2d675d43ef8d7d5a1dbfe67,,
RESCAND-0b18afe4bdf9c718f37a9df8,EXTLOC-1857e51614193b66d69cbfca,,
RESCAND-0bc729d99e35b4c4b8e25b26,EXTLOC-7df8b8512fa0460ce4cf2b8f,,
EXTCAND-6b47e46315b32c0578bc98f3,EXTLOC-bb693c712256a1fb3ddce936,,
EXTCAND-bcc44395292eb70060b1bdbe,EXTLOC-969534609a4842821ab9da82,,
EXTCAND-15bbac0f0609886bbb64297c,EXTLOC-2bfca27693049f2493081455,,
EXTCAND-e2f176220d8e4a9ae9be5bc0,EXTLOC-214058035bb53690902f9b26,,
EXTCAND-b2ef58183ac8799b628b389b,EXTLOC-f005ff4062297f8b93977c3c,,
EXTCAND-9a32b9f735b99403c1d19518,EXTLOC-82b24a2f3fbd21e2f58cf227,,
EXTCAND-a041cf5d7e773a57ae40443f,EXTLOC-e0f7e0390d7691fe92701974,,
EXTCAND-8286381acecf33fcf1eeff71,EXTLOC-0fded7befa3cb3a4e3726b97,,
EXTCAND-41d67f3ddc7f6fc4df0e67e7,EXTLOC-ee27d8c7fc0a4f91d2558e83,,
EXTCAND-ec54a30bf98315c396f281b6,EXTLOC-3a7b3d66604c29396a662690,,
EXTCAND-829e881401125cecf4b1e149,EXTLOC-12501980dbc73bc1291e8bd1,,
RESCAND-66dc4eefc2679072ff8cb82c,EXTLOC-e2daa0ba093799f5f113340c,,
RESCAND-61ec164cc51d922df924c5e5,EXTLOC-83213557f4f91ca4b5fe910e,,
EXTCAND-ad151a1c8b9258c139200650,EXTLOC-587000290a368f053fdfb7a1,,
RESCAND-5e13c19dbe998f315b2eba6c,EXTLOC-69566d020e33474ca45ec087,,
RESCAND-6aa217df6a477ea43683496e,EXTLOC-61b46049d06ef5286acb403b,,
EXTCAND-bf0ae3f5ff86f93544130194,EXTLOC-508baa5f897d79af13ae0a5b,,
EXTCAND-7ac3210ea71051e7c386bf4b,EXTLOC-fe2a683bfb0aad9c5d2a86db,,
EXTCAND-4a07166d60e801f9b793e490,EXTLOC-4298baaf452003e02ad7da01,,
EXTCAND-72a97b3ba4d47db594dd8c8a,EXTLOC-ff7837ef33e000a45a70d96c,,
EXTCAND-29b77033b9c23c2835267a0a,EXTLOC-37e4744d12786d8bcd1d188c,,
EXTCAND-48bf49702eea96b5e214ed05,EXTLOC-30519f630b6aa1ccaf232200,,
EXTCAND-0fc99e836c0f80f853362d8d,EXTLOC-dc92381fa609b8fd6e5a7bef,,
EXTCAND-2f96e0f93e8dedb38aea7627,EXTLOC-271d75adee9cce68cec60c31,,
RESCAND-a0d99e20bd1e0e5943304542,EXTLOC-6edf7b142d67027ee8c568be,,
EXTCAND-ef68100e255ca44be7b85f52,EXTLOC-22f787daeae124459b3bc751,,
EXTCAND-0af8c982cc653814ad59990b,EXTLOC-cbeb55654f4944dd96224f6a,,
EXTCAND-6154667e93fb87c6fd0ed91e,EXTLOC-fb9871a3c3c9d46674ae787e,,
EXTCAND-a0e214b118c718cb55d001c1,EXTLOC-867e84ab6da30bab8a886d87,,
EXTCAND-7de809f875bf9ab71477efc6,EXTLOC-52647e789c009c2905c80d5a,,
EXTCAND-c3c8d19b9d907e601452a2b8,EXTLOC-1b8f01a69625727907413ecb,,
EXTCAND-6990c7b00e714753e1d0fa47,EXTLOC-c2881b90d021ab8681177015,,
EXTCAND-5e6bac0ac869cb631bf78679,EXTLOC-c0554e89f055c431798326aa,,
EXTCAND-6d968ac5caaabe3a0a8592cb,EXTLOC-b14369bfc285a119e6a86e1a,,
EXTCAND-461ccf296dd7edc459c30ee5,EXTLOC-5114c289d0f53d98fd803545,,
EXTCAND-b524074f7dac2accfc22a40b,EXTLOC-d31aa2dd155c0e99e97c16ba,,
EXTCAND-6f1dd6c30ba8a8caa1b4c7ca,EXTLOC-20e9c439a534c85051da57b9,,
EXTCAND-97b281a73185306d36bd6cb2,EXTLOC-691954dd2e5b5553d2920945,,
EXTCAND-73ee203a1c60088d43c70827,EXTLOC-1830d3c9fc61491a19ed4c0f,,
EXTCAND-4b48c0e448274dc95f32c12a,EXTLOC-3ff65bdd7edfc9a75e9065ce,,
EXTCAND-d8f2b1ff304bdf8ebdbbb95f,EXTLOC-50b1ce2c53f8af43c0e11fef,,
EXTCAND-4a8d96083e050a1cc7e02786,EXTLOC-f8aaec7263d03585919f66fb,,
RESCAND-fddea1bd0b2e5e514fe293ac,EXTLOC-2d501aa25e6608857e0782bc,,
RESCAND-cd8da627c9ff273aaaa2ec8f,EXTLOC-a4b0303e85bd1cdba28edb9c,,
EXTCAND-5683d7c5143f9f1c2a05ad31,EXTLOC-e4f5c246508dcfb0d1fbbe42,,
EXTCAND-91be826d48392c4c4361bc9a,EXTLOC-e7d4ca7c370c404cf47e2d9a,,
EXTCAND-f909447dbc9e2b761695eb32,EXTLOC-b4d154a082794a29b26789d8,,
EXTCAND-2ff079acc47cb616e92dec0f,EXTLOC-c07dc42e67a507276ba1e952,,
EXTCAND-8deb62b02d6b316fbf5b9b81,EXTLOC-6c2a333375fa194d126b1286,,
EXTCAND-e906d59b0f5f7a9a8de76f1b,EXTLOC-9a5b358f264a007e60abd42e,,
EXTCAND-bba3ddee0714e3b794d23904,EXTLOC-674aa55f4943829f623c3767,,
EXTCAND-e5ec897e7c1480439928c5a5,EXTLOC-7295138fec41070a8c578397,,
EXTCAND-70a068d756a72ffb7e0bb9d3,EXTLOC-88f65953575c9ae4ac718a6b,,
EXTCAND-4d8c4f274f8a92fcbede6928,EXTLOC-7e0cfbfc4732f8004c75ff87,,
EXTCAND-27c743d1b94115aaf7714a33,EXTLOC-226ac7ea3c407e5be2538982,,
EXTCAND-d4a129d1aa077a6aa067f0ab,EXTLOC-875f698c9e19e7baaa68168c,,
EXTCAND-5ce3959e0036bdcf623ade41,EXTLOC-f3c04daa0079fb64134a320b,,
EXTCAND-06285f66bb929a899c8220ab,EXTLOC-110bcad7fb10f719e5110012,,
EXTCAND-cb10cd3d6bf35d12842a2192,EXTLOC-ba9110cb6b2776243a633638,,
EXTCAND-b30fe67aaaa39ef6b53ebb03,EXTLOC-af2bf8405a6af99b69b404bc,,
RESCAND-45b542b8c79a777d541dd8ff,EXTLOC-c65cb4c0e930e3c4dd847c3a,,
EXTCAND-f26d311b836940f6b7ba2c74,EXTLOC-dd65f329c985d54868fd218c,,
EXTCAND-4f63741bf5c43afdb5b6b00e,EXTLOC-c2a5049220d7667fc5c22a37,,
EXTCAND-024a962c1d215bcf4e32ed37,EXTLOC-4b9a4850e0e2e69f43ea05ec,,
EXTCAND-11cfb5704602d6a8f7a4ab0e,EXTLOC-146ad32b06b14dab7def1ea4,,
RESCAND-970488a1d60f61b27351a43e,EXTLOC-deef3fe5e26af43469f6abc6,,
EXTCAND-295060f982d13e07d8742168,EXTLOC-3b4422fb4952ed0ea4e95d4f,,
EXTCAND-d527c8487c9f637db3f9228e,EXTLOC-c0b23e6abf61d051d3fd38db,,
EXTCAND-fa141e406627463c7d21c41a,EXTLOC-f64b94015793913a6a46290b,,
EXTCAND-ff559f1b68c0b059cb66dc7b,EXTLOC-0d1326655d73f011a8e65271,,
EXTCAND-eaf48c10f139906882ebf3ae,EXTLOC-991d5dc529a1dc86fa0c8320,,
RESCAND-c9f442c45efeab1ab8e11a52,EXTLOC-c97246dc3ffdd1486fea91b8,,
EXTCAND-d9244933adc8f45f1b89d476,EXTLOC-d0611c2c35ff96ecb1123250,,
EXTCAND-26ae4154e5be0a912b6f99ce,EXTLOC-ca6f2b5337d5614828d6f77f,,
EXTCAND-130e8490c469460b9ce8720e,EXTLOC-e5e507860d958652db69570f,,
EXTCAND-6aefd39659325fdb44e2e162,EXTLOC-a9bb153b3e81f4e0211faeac,,
EXTCAND-949ba2ca85d3baaf0bca74d4,EXTLOC-8686ba71c9ea7bf653a3ef84,,
EXTCAND-9a1b7ee0ad7787d1d576bc3f,EXTLOC-f25be0c4c03192083d805b95,,
EXTCAND-7e4ed501de8af82a4c5e1a26,EXTLOC-bcd180a28384c5764f4dfe5c,,
EXTCAND-904f4e7b62ba776919d243f2,EXTLOC-fc2676214925ea77ffece511,,
EXTCAND-69b5a2af77462b58d115b013,EXTLOC-0f9a0687c0bd0cc65f6025c2,,
EXTCAND-460c38e7511a362f060fd35b,EXTLOC-69c9853cf426c5ceca6d5c94,,
EXTCAND-c342d5c33ded25ac08232938,EXTLOC-ec7f36e8ece7edb48e8c4b9b,,
EXTCAND-6958c2dc74adf175e5d3013b,EXTLOC-b9d9d69c247a25c6c343ce6b,,
EXTCAND-655f42171f97031e40cfa4e2,EXTLOC-ce036d14917931b464ad215a,,
EXTCAND-4c18ab0f4daa05db227d6010,EXTLOC-f1dff09f7a352dba9db9b3ac,,
RESCAND-4d036848554492830b7a82ef,EXTLOC-de27ba1bb26df72e134bae59,,
EXTCAND-535fd4830ae680a50d5ceca2,EXTLOC-cde2ec25182f026cf4625522,,
RESCAND-0d9670c7af18ef0072c17fb4,EXTLOC-b062b31d76eab3590bdd248c,,
EXTCAND-f1643637fb32a900835c4302,EXTLOC-573be618a19f34bcbc6521d8,,
EXTCAND-0bb14f5de399c9e60840e858,EXTLOC-a2188cb19105718eb10f7930,,
EXTCAND-134c42d8428840f14e0d0318,EXTLOC-8c86b5384fb232587b7874dc,,
EXTCAND-0b73fb8ed712ac466542f5b2,EXTLOC-e5b36febaf280ed6b0f14584,,
EXTCAND-64d3510e18f373af89912e23,EXTLOC-069f29a1dcfbb426660284b6,,
EXTCAND-33b02266b6991a4a7b6be267,EXTLOC-1d2bcdd54d605448398cf9a2,,
EXTCAND-2ceb65b698ff22aa53282766,EXTLOC-8e13fa23fb26f589aab6be21,,
EXTCAND-4fac17bceb7a95067f7d0f17,EXTLOC-62498f55d063dc9e32ede7d5,,
RESCAND-5f938a53503c2860270e3759,EXTLOC-bcaa85207110d71f0e502789,,
EXTCAND-c58bd3b2ab9d5dc7a8c107a1,EXTLOC-ed0371d0e8488ee467dc6223,,
EXTCAND-fce27b649e2901de08cb7582,EXTLOC-88bb36f0870d7960915a8685,,
RESCAND-35aab4bec23973ef260b8cf0,EXTLOC-4226e419fa68d3a65a57c03a,,
EXTCAND-14693d2098d22d9dd2d6c26d,EXTLOC-3195fed2d63574c3124a1476,,
EXTCAND-4003f3e7188de734ae205cff,EXTLOC-95022a6bab6ff74decf3dc37,,
EXTCAND-96430315ba5032f86e5e5428,EXTLOC-199082a6c0a550b6c033ff2c,,
EXTCAND-f67defc6375b9e255b1d2a8e,EXTLOC-9b7e4f80f5b6a554c0ad4aa4,,
EXTCAND-f3964ffe6abb1fa2b3837d58,EXTLOC-ece12c4d1ad9a374eefc687f,,
RESCAND-ddd183b61417431b2d4653b7,EXTLOC-0f0e5660e680d625d4db6ff7,,
EXTCAND-91e94758f7ab8c2af017dea8,EXTLOC-771a5898b06c67dbfa544f21,,
EXTCAND-517e1981b51c67ab96f51220,EXTLOC-0073ad0dcdd7ecc4315ea480,,
EXTCAND-534b629e68cc116004936a21,EXTLOC-7391f89f24bb0a0778ca5eda,,
EXTCAND-0ca69f05ba90b7a830b55217,EXTLOC-82514bcf390d930f17df37ea,,
EXTCAND-796a1f068c6c3233450d9c73,EXTLOC-f43555d9a3552c261a791694,,
EXTCAND-f4d254cef8bac751677aecd8,EXTLOC-9d671b5602cde9c53e84a497,,
EXTCAND-254e5616b3ffc0df3e246b05,EXTLOC-f29cf578a778e54dff31a907,,
EXTCAND-3c2750340b3723e8ed9326d6,EXTLOC-7a88f8358d16638f87b0d900,,
RESCAND-e1c6db9ec91a94fffef09d12,EXTLOC-d7a88e4491ff9546677e2b73,,
EXTCAND-89eeab76ef243cfa500cd5a5,EXTLOC-3c3b3af7a071cb4f0515b0ba,,
EXTCAND-845ac9981ddbaeb99675fb38,EXTLOC-4efdabec6265e18ffe5a6e69,,
EXTCAND-f1391310bb988619d0aa6f7f,EXTLOC-d57949ee0b95a0579e036d0f,,
EXTCAND-c986042e00a0238b16945391,EXTLOC-0f510b097fecf751f19921be,,
EXTCAND-25b8342079f71dac40c52c4a,EXTLOC-e0a4d781f0344c7343540167,,
EXTCAND-ef1643b4079885baef2300f3,EXTLOC-a71d943449ac28f189e1ceed,,
EXTCAND-e2dbacf13fe2425b9527e3c4,EXTLOC-4e1228f0f8d8ec1d73112e3f,,
EXTCAND-11aa132237806315cc5ed035,EXTLOC-758dc26cce1697f213474fbb,,
EXTCAND-57d7bd307eeeaaa70835fd66,EXTLOC-5a7762a951099854871d3767,,
EXTCAND-68d54e2d00e96d43eb29319b,EXTLOC-68deefffd80ac2cef573d017,,
EXTCAND-63c684a67ce3eea8ebbbb446,EXTLOC-74c065d50788a78c1b0e2276,,
EXTCAND-8b8e0e30fce64489eed23fb4,EXTLOC-1173102fab93ca2ce15430a2,,
EXTCAND-d5ac8013a4dbb56fca59c41f,EXTLOC-e1640ff183c758f976533e4a,,
EXTCAND-8a7edffea34e3024717e9048,EXTLOC-04589886bf1e7595e47c11d6,,
EXTCAND-abfe31948ebb40ca842f76a4,EXTLOC-deae25253f4d1f610f5765f7,,
RESCAND-0ba33f2e77e981b48ab4dab4,EXTLOC-d77dca4628f364de8f7ef97b,,
RESCAND-009ba8ccff5e6ba327f0d1bb,EXTLOC-788357b1ccf78db98b4a6fc6,,
RESCAND-0377315d7aea68d08a99b50a,EXTLOC-48f7ae9b37072dae51b87c7a,,
RESCAND-0015a950c54e0c3be3d787c2,EXTLOC-e16ce7671f910d864a18933d,,
RESCAND-6a5e59d6a24077573875ef65,EXTLOC-509fce7d1171d926e07a57fa,,
EXTCAND-a04fc2fd210f6503c6cc9c46,EXTLOC-33bc2c8472c7ebccc3e508d7,,
RESCAND-e2a4d7363d7a990f428567c1,EXTLOC-ee5a478c22c56c775f1afa3d,,
EXTCAND-302d516d3bc59bb536f5d430,EXTLOC-305b6cb710f3af4e841165aa,,
EXTCAND-4d7634c51035d048e0fbf6d7,EXTLOC-1b1a588858df9c49b1ba9fe1,,
EXTCAND-baa5411932bd05a70c03c644,EXTLOC-976083502726805b666a4879,,
EXTCAND-340a60688c773d8d6a727c9c,EXTLOC-249e2023b5f4bd324a22d7d2,,
EXTCAND-c84a2b4910e3ca6d6f9b9584,EXTLOC-de90349f9cb6885c0377ff3c,,
EXTCAND-2099bc011494ae8bc6839e3e,EXTLOC-ed0f5e5310a31d8c94aa0027,,
EXTCAND-8f55c975ee32ac6c9bdf5581,EXTLOC-e251a01c8bf788948abb09f0,,
EXTCAND-38c39401d0b520ef8c08d0bf,EXTLOC-66eba37c2b5d8166252cec0b,,
EXTCAND-087d853cbe61da1ffcf5ef0d,EXTLOC-af404d171ca12b03e62c40a0,,
EXTCAND-a4cbe5b75a55871dae1fcf13,EXTLOC-088ef7b43435276f8ab40800,,
RESCAND-24267d5df8e11a14ec27b80d,EXTLOC-d02e241bc93ae59546a4b0d5,,
RESCAND-7bcecfe2b85603f1780293b1,EXTLOC-64edaaff2ea9c3ad203d3da4,,
RESCAND-d616cda3a0b9ab323793b17e,EXTLOC-874585774a0bf4b23f7c3c60,,
RESCAND-daef01904684064b4891e078,EXTLOC-6cb6406fb0918f5f9f703919,,
RESCAND-6ac060c550f1366dc14726ec,EXTLOC-68d3518ed94e08284993778b,,
RESCAND-4b1e38a66d342ea85b7e0404,EXTLOC-bed3fe3048c246fa71216ff4,,
RESCAND-c586dc5d3ee5eff39f67e541,EXTLOC-ee0eac9a51e7727cd2218cff,,
RESCAND-e014b984b363bcc57317937c,EXTLOC-ac704fb8a830118cba610936,,
RESCAND-1eba711e313844c2c48eb460,EXTLOC-48f20a197b5cdf4b24a44730,,
RESCAND-153acadba365f2a1fb014261,EXTLOC-58868b44186e2cb95a02e447,,
EXTCAND-41e0b1618dead19078081934,EXTLOC-804617969c96ce2d4588e1b2,,
RESCAND-a27d4f4828018673a104d30c,EXTLOC-73d8c750d74d2998654916dd,,
EXTCAND-da3f2a4edd53555fb6d57170,EXTLOC-22155ee10fbb791bf0948c81,,
RESCAND-b1a8451a750a035c8bf7ded4,EXTLOC-5d7ba509e63ab5644f9bf64c,,
RESCAND-f2c93ed81fa8dd428bcfc0f8,EXTLOC-b4edf3eb28a401113ae8593f,,
RESCAND-72f53e2c233722c5abd54187,EXTLOC-9f24c1794418620944aaac04,,
RESCAND-b6db4f03bdcefc14511e70fc,EXTLOC-42979789d20c69bafb00cc6c,,
RESCAND-2c06423a3d44cf239f7072f7,EXTLOC-90ebacf62b471c7a95fe089c,,
EXTCAND-3f7773b72a1aeb738fc28d16,EXTLOC-8c9f5f1d71480cfa837cfeed,,
EXTCAND-f4b474cc512ee434737472e4,EXTLOC-9ffba8a2e6ca04f73257fb64,,
EXTCAND-5d055c1f2e75b40f2273218e,EXTLOC-f1696ab958040a960cc1c47f,,
EXTCAND-9caec1473465ab0a22396e39,EXTLOC-ac9c236eb6ad4b24d5000d56,,
EXTCAND-8c05dd25bd32107f77cd7682,EXTLOC-e4639076b7fa81ea90526d31,,
EXTCAND-6f1c60ba100437f9d5a2dc67,EXTLOC-826305ebfe0d4cb3cdd341cf,,
EXTCAND-e5155f8c22ee554382efbd25,EXTLOC-83c10ae3570c5b4cf97546c7,,
EXTCAND-83684e6210d2fe32e6e88c85,EXTLOC-0c7453a9e657793a38dae9d3,,
RESCAND-1199fd0d209f6888c45fda45,EXTLOC-50775ff9757b3ec74f354c3a,,
RESCAND-3d0d3b050fc48b59365762f3,EXTLOC-79a4b9bee538061d80b4b9f3,,
EXTCAND-a21416c5b3c1b7bbe3844613,EXTLOC-31c4a41b58e8bac54f3f55c6,,
EXTCAND-133a04efac19e426bf88d1e8,EXTLOC-88d2beb57bcbf7e7894baf50,,
EXTCAND-ee3591cd214f3156d134f08e,EXTLOC-6f221e83de291185e551046a,,
RESCAND-0aaaaafc1517fcde66a942c5,EXTLOC-8699a2053a6f851f0d08cfd4,,
EXTCAND-36dfb4e6302cfd807b6aa20e,EXTLOC-0dac7fc0860f6abf1c8627da,,
RESCAND-4d79473810a2ab8f192cb270,EXTLOC-635007e719d540a678f3a54c,,
EXTCAND-f33188a10b5615a18b05973c,EXTLOC-c02eef1c4827ab3c47def6d6,,
RESCAND-f0937dac4eb5fc5f4651426a,EXTLOC-cc0e31aeb02f30134ce472af,,
RESCAND-033f1bcc74c5eaf909345307,EXTLOC-ddbf68933c7514b4aff9d858,,
RESCAND-67f84f68d9f5e8b0db3cbff4,EXTLOC-cac62136fd2dada91afd079e,,
RESCAND-e4d01043ea51f02e11f26043,EXTLOC-48339805285c0cca637bec80,,
RESCAND-d7ad8ebf416ec45f807d6624,EXTLOC-20ba2b228d1aa04e5531b051,,
EXTCAND-d4d46e8f23e031f96f71a4d3,EXTLOC-7077982ffb9c0f3a5b5c1fd0,,
EXTCAND-fbd2145465b572a1f58a5530,EXTLOC-b5e91604f58440e9493881c8,,
EXTCAND-a56757d8c8c37e4d5f47aa4d,EXTLOC-e0e9f72539e674599ec8c09b,,
EXTCAND-7575bae111e40cf11d674f12,EXTLOC-cdfb511e861fc3654e488d31,,
EXTCAND-86ff552ed0af5a8b847c3889,EXTLOC-772199bbfd72553ab6149615,,
RESCAND-30a6f30cad41d9328ed2f249,EXTLOC-ef6fa9b40d3246bf48e4a33c,,
EXTCAND-949f321df346f749b9573869,EXTLOC-619aca9e3caa0771af4b9f9d,,
EXTCAND-599bf8985e39cae2e06e1701,EXTLOC-17eb51ebc3800c0449ec3f0a,,
RESCAND-d4c1559ba780df81ce634690,EXTLOC-b82636574e1763cedd7380ae,,
EXTCAND-5c1ef4ca11a6a146c9f87f9e,EXTLOC-988b01987bafce870b64ca91,,
EXTCAND-fadeb57243ba8c72e2e11109,EXTLOC-1d8fd7860adb31f779aca698,,
EXTCAND-9c6ac211018ec3725dd4755e,EXTLOC-1baf487fd6e92842251b9ef7,,
EXTCAND-6da493c551ab73bcc0c22dad,EXTLOC-992bb3a10bfec995414b328a,,
EXTCAND-5f3ce75353bd29c488d4b04e,EXTLOC-2a6f02c62961e20d05e41e35,,
EXTCAND-771a278504418254cfc80c83,EXTLOC-bf197e440eae7384104a662f,,
EXTCAND-b14fe29fbe4fb2a2d98a95c4,EXTLOC-dcfd4e1de1b703e148466741,,
EXTCAND-35288b9cb233572ddf939855,EXTLOC-56198c785b0d87d0195600e2,,
RESCAND-5e6f106cf96ccecf2c370ac0,EXTLOC-725a9107b36c4442c33abe8f,,
EXTCAND-688f453ceb5ba2913f251311,EXTLOC-00aeb48a67e0a18bbfc2b9d1,,
EXTCAND-8208367520abf03464df5e51,EXTLOC-232b3295ddfd31481d9bba38,,
RESCAND-3e9563f22201d367689b1e03,EXTLOC-41833537de4f64262bae5b20,,
RESCAND-bba5e2b6f1e30d5c66bd8281,EXTLOC-a124f2813bb30ca565677ea1,,
EXTCAND-a1ab8e1e29dbfae1ba58fb2c,EXTLOC-b33fafac7cf5058c09fbd4ba,,
RESCAND-2b943836974146f10300a916,EXTLOC-4d9601ad33f3d72d07d40a74,,
EXTCAND-b5d566eff3dcadc959f469e1,EXTLOC-ec15becfba0d29fa22bff2e7,,
EXTCAND-f7848fec3c31e5d23ed9ceae,EXTLOC-8aaef3643018f22b937dc968,,
EXTCAND-2e51785e90f8579cf82e1fa5,EXTLOC-1781380c73cef5157e7302f0,,
EXTCAND-f35121872cdb3a1b8d01743c,EXTLOC-36bcdafa22164ba65a52993c,,
EXTCAND-36a3bff1160a5970efd75481,EXTLOC-e9f1e0536e334ffe85fb31f1,,
EXTCAND-063cc768109c836f7e515685,EXTLOC-2210f2789803885df0609ac5,,
EXTCAND-dcc8c17b5764c66026cf1419,EXTLOC-17b3c2d7407a1b3a67bf176a,,
EXTCAND-93d1d1d81bc22e8effbea231,EXTLOC-e9ba4d821458a91977a5b497,,
EXTCAND-201d7a272592e1069ee86387,EXTLOC-bbb25951eb90ce2351228fcc,,
EXTCAND-6cef9f7a6aab909c77e9a706,EXTLOC-d1f488d76e95d21740a1ffb8,,
EXTCAND-80834c67622417f408148f5e,EXTLOC-2e02c9a6232cc8e139d26a36,,
EXTCAND-fdeaaa2b9b6bd460ac3ca589,EXTLOC-942d023f66f50aafc0996052,,
EXTCAND-87aa60619d5480765b24e4e6,EXTLOC-4c42c4e03350226fa9d841c1,,
EXTCAND-6130e9a36f0a31d7117f0349,EXTLOC-0aa8d316c4255b530698013d,,
RESCAND-fffcb9d78b2fc347e9c7df98,EXTLOC-a150c9e0da05d7a9e46ba53d,,
RESCAND-a4863a93b1738aaed21a9d81,EXTLOC-db66e60830c7c9c9dc964265,,
EXTCAND-f72a75135b9dd79edc59fcd4,EXTLOC-79bc2f9b3d50300d2c2f60f3,,
EXTCAND-7e49aa38e16077e82f410ca8,EXTLOC-bad378abac04be249995f092,,
RESCAND-2d19e54d33c0e592efa5d3f6,EXTLOC-4e253c509754f55d59d773df,,
RESCAND-e11ac2d94ba1a167b1b9ab5a,EXTLOC-a99f50fe58f52efb34dfd631,,
RESCAND-cbea9ffffad3a33f2ff402d9,EXTLOC-55645294158b012237b8a611,,
EXTCAND-b0ada4565c1a064d87745f8d,EXTLOC-8f5d755915ffa596c3138196,,
EXTCAND-a0c648c38de98a464bef2076,EXTLOC-7bf1b8da7c2ef8fa26c73149,,
EXTCAND-d7850c6ec433c24f264c8ecc,EXTLOC-49ff639794b431022253aa8d,,
RESCAND-fec7be104ad9b587391830ec,EXTLOC-0374ad31a1470588b8b35003,,
EXTCAND-3ffc988d4ebcdddce8e4a560,EXTLOC-397b57cf0188721c2f070544,,
RESCAND-fc1412081ecd9537727d0733,EXTLOC-b2bb251f2f32dfa71099d244,,
EXTCAND-d993bd2d414b4503a773c55e,EXTLOC-3ee0246899b36de73e61f1cd,,
EXTCAND-61c0137cf9bb6841e63fe975,EXTLOC-fe387bcd3f978963dab47f84,,
EXTCAND-16e138127632e887d42dd2ff,EXTLOC-70fe70c08cb49e37a918145e,,
EXTCAND-6af7837237f1373982145827,EXTLOC-0d6cd4643346cdaf60a93486,,
EXTCAND-29d3f0a7485c42665b047a09,EXTLOC-745a64cf683c95e5564882de,,
EXTCAND-e1a34f489993957ffe76d932,EXTLOC-1ed1b47978ee0ac658c2d01b,,
EXTCAND-53feb03c7ee9e43187511c3f,EXTLOC-1cbe56b3122928b0ec3777ff,,
EXTCAND-f973e43dd932d10e0b7e4301,EXTLOC-adc67522840241d832950bf6,,
RESCAND-c9e871630402020ec9895eb9,EXTLOC-b392a4506ecd1824790c1ea3,,
EXTCAND-d980edd032042afe6ca467d6,EXTLOC-bc8423be342f433a85ca60a9,,
EXTCAND-922a843d4402619a7ba919f3,EXTLOC-8de7bf00dfe00d23bb069647,,
EXTCAND-84f083024aadea7a1719bcff,EXTLOC-10c9a649865eaae14a9db1f8,,
EXTCAND-c3b0adf49e789cf76eb262c0,EXTLOC-01cc3f271470a50683305c55,,
EXTCAND-f6a14f46fbb7f575cb3786b3,EXTLOC-467b3cf983104cd6a77f4a58,,
RESCAND-e2c1832ba87c396dc99dd52d,EXTLOC-14c4284d6878803409b92b26,,
EXTCAND-a6f0edd6ba450e432b332b35,EXTLOC-466c9e41f15693c9d219f85f,,
EXTCAND-29428070d269b74368e6fc3a,EXTLOC-b3e0847edcbbf1b94493f2c3,,
RESCAND-2c1ac6f9fe8305bf95b150fd,EXTLOC-a7e77aff464d7b4a49956cce,,
EXTCAND-43cc41d8f5bd6eca0e3a5ce1,EXTLOC-3b0bd4e15f91d3c4e314522e,,
EXTCAND-2a585b805f7231c438ec7e10,EXTLOC-da3b1529e1792e3c46d246a3,,
EXTCAND-e5baf34b532640a756d19c7c,EXTLOC-cb09a38675f89150567cec56,,
EXTCAND-aed23440d6d19a2168a93c9c,EXTLOC-63f5a310ff11ebed17bfd053,,
RESCAND-3f1d2dec840483eb10dd3cd6,EXTLOC-2b6586eb267c39bc5d1343de,,
EXTCAND-4be1e69c709f16092cd00194,EXTLOC-15353bf7cf221500dab9fb86,,
EXTCAND-b0accf05a6d8f737a9b6ad95,EXTLOC-6295b4cd8b66d05340d318ed,,
EXTCAND-450d88363faa263ffd6d46d6,EXTLOC-8ae5d629f80d006a63d04611,,
RESCAND-726f3979d7f16d0d6b181e70,EXTLOC-9fe9f2c103372080d61952da,,
EXTCAND-cb3059d4dea1238a7e85be91,EXTLOC-73c00c9c08dc532cd9d3af34,,
RESCAND-e03448ccc57df9ecbbb6c60a,EXTLOC-5ba118ebe6b66e04746188cc,,
EXTCAND-ebbd89bdcf9ed1ee2754bd43,EXTLOC-2e8a8e248a8552b9715f5632,,
EXTCAND-7cb651007d7abbcf18fddba1,EXTLOC-3888cdd39cce133007d74a1f,,
EXTCAND-013f0a6e8eb2dba0ab343bdb,EXTLOC-1c5524b1abb72dd62485debf,,
EXTCAND-dad3de7266ab9a0488cf2972,EXTLOC-b49a085a6d97f23ae2cde705,,
EXTCAND-1bca556e670f791489c0c5a2,EXTLOC-628d75bc83ef56c0e6871089,,
EXTCAND-a08b9a2344199de462172d87,EXTLOC-26198e9238e5d4fe51fe4b9b,,
RESCAND-ff1acf9acdcc202b573f3c01,EXTLOC-ea9531e702b03d5d459c09ff,,
EXTCAND-e2652d2e85775db3055a36eb,EXTLOC-3d795d0c38404de696a20289,,
EXTCAND-6b41824417ed0354e324f268,EXTLOC-6383afbb2ae34b0bdcd8577d,,
EXTCAND-4d93353833a583a02fb56243,EXTLOC-b950f3a4f7e8710acaf6a39b,,
EXTCAND-64f39888cb9859152e46c434,EXTLOC-efbce63fd745269d6c31a7c3,,
EXTCAND-24a636dfe3146c36fb36576a,EXTLOC-8ee5e964f148224d9c48ea4c,,
RESCAND-c0eb454c640bccfb99a3a0d5,EXTLOC-07082b1b3025acae1f4bae0d,,
RESCAND-f50bb45b8fd4a61f40679b44,EXTLOC-551571a076758f6f49292dfc,,
EXTCAND-3cb0240cc2494d2cb80b8082,EXTLOC-1798b73d3da4fdedb25fcd51,,
EXTCAND-c432dc6001c4e779fcf77820,EXTLOC-e7c89f22c6ef1f3f4cdf1ca5,,
RESCAND-80044584a41c14c02847a349,EXTLOC-9a4c0ecb090ae37fa45a4587,,
EXTCAND-d6b8093335d3db6688d0a62c,EXTLOC-7ad53f6cabf27fc8c469a266,,
RESCAND-07134417504597c0cad68431,EXTLOC-00b22fedc73a21f0791a2675,,
EXTCAND-a1730015def0e2c6c9e8e958,EXTLOC-89f51e2b98d1251bf9969010,,
EXTCAND-922c66fa997c2f7bd6991d1c,EXTLOC-aad69411daf070a12320e956,,
EXTCAND-a2dfac4b4d9580445873d66c,EXTLOC-5a0907e213b677401d853ec9,,
RESCAND-6a1b8df9c3e8b7f5585c89a8,EXTLOC-7825780baafd6a64490290d1,,
EXTCAND-24925980532d82ef149d5747,EXTLOC-a7290e86221da1b3f23c1f07,,
EXTCAND-40c1fbe380fb221a99c56e61,EXTLOC-8ae906ce2430b093a2e921a9,,
EXTCAND-3c3318aa768df75919f8748a,EXTLOC-21dba912346f84ba06255d5b,,
EXTCAND-d3a1a615dcfb434e5c5cf1e8,EXTLOC-2e9e722f05ae80e3793959a7,,
EXTCAND-b4736b06fbbbbee10d674c8d,EXTLOC-76b3c214b11e5d66c732aa35,,
RESCAND-48da763bc840766f5babf18b,EXTLOC-ab2acfe7a24cbaf41614d199,,
RESCAND-c940d48e2c42eccfb65b1470,EXTLOC-b9e9ec6c933dc6678d41693b,,
RESCAND-a263da40ba8961734630e2b7,EXTLOC-58aadb6148b58a3376507f87,,
RESCAND-fe79f93b6a21c35c261aae10,EXTLOC-7073caecb9c318dc4d6e2c0b,,
RESCAND-9e6e8db06c8d1a8600ff7869,EXTLOC-e9186e1ab4bb4c511569188f,,
EXTCAND-e7754d6493f14e364c891ada,EXTLOC-5eece7cc56e751f1c837d70c,,
EXTCAND-6c346ef8eeb0a0a33840f86f,EXTLOC-203778370d51bebd4c3b7ec7,,
EXTCAND-42eb790215c143de9d046d76,EXTLOC-2ad0ca2a8f7bbd08ee9926fb,,
EXTCAND-6023de0f2fda1f62509cde9f,EXTLOC-05486c02f849ca5dba7847fa,,
EXTCAND-119f5319681324bcb8f316f5,EXTLOC-6aac6d5a4cbe2613bbb47619,,
EXTCAND-468d508c6410775b0c3562c3,EXTLOC-e1bb960694429b4bb53fe601,,
EXTCAND-79f8bdcdbaa761a299680dbc,EXTLOC-6942390b0b5506df9c36a6d9,,
EXTCAND-0b90854698b58e62733fe406,EXTLOC-d830f157a740bc2f9bb7ac3c,,
EXTCAND-71d8f09f95528764ed37a326,EXTLOC-b647829ccb96a3f4ca1d0b65,,
EXTCAND-beafe6910b5c47f9e5d26b7d,EXTLOC-44c32ddde10222d889d0fb41,,
EXTCAND-9e87c4c289504c7d3ac76cc0,EXTLOC-df21a87a6a6fcbe7d85bb813,,
EXTCAND-d1df0fa5f2960ee7559c3477,EXTLOC-2b349678edf29d8980aa6925,,
EXTCAND-63b075d2586100608d6c7d5d,EXTLOC-d2b8bb6d638ea838c45198f0,,
EXTCAND-b22eda892903f870c04e933a,EXTLOC-36ff78696f796f7aa3b00ff1,,
RESCAND-dbf71db82aae7931942e300a,EXTLOC-f92ff3be5ffb463456c364bb,,
RESCAND-cd70df8e229133801ebf65e3,EXTLOC-67609a8bd8eb15ea549d784d,,
EXTCAND-add67bdaf34ff5cc6dcfba85,EXTLOC-b7bf4a9aa98f101ff7b76b71,,
EXTCAND-d03ef9a3a3b218466cd735bc,EXTLOC-75255fc3a8fc1ea3b0baa8be,,
EXTCAND-b2d15137ed81fd8a277db93f,EXTLOC-7497b1f405eb849c747f475d,,
RESCAND-0bc9d8f464584d048b43f894,EXTLOC-7e590689e8733c5797229613,,
RESCAND-9575932a54b3a12ef28119cb,EXTLOC-a92462e625053399e0c54f5a,,
EXTCAND-dbf721082d053b760991e78d,EXTLOC-a5b8ecf3ec24e6656fd5e923,,
EXTCAND-abd6e011cff2da8baba60ff8,EXTLOC-805c9b5f2921059322865c71,,
RESCAND-56fb35f0a7b1889018bfa39e,EXTLOC-4f2b75d8196f721911eda8dc,,
EXTCAND-c82d90efd3bec90254b06776,EXTLOC-09d4ee8727c8ccc398c21bc1,,
EXTCAND-a43b7b2f3c7d1a2bc8c2d447,EXTLOC-97868950a11dde133214e097,,
EXTCAND-1d38d775cd5ead9a7c7c9413,EXTLOC-51824bcdd136ed83ea31c44e,,
EXTCAND-0425efc321a72916ca398c8e,EXTLOC-700385e391e5114433810d21,,
EXTCAND-98bec2814832a800905d500d,EXTLOC-c6664f31b664673be7259736,,
EXTCAND-ef9c74c6469d3fb6494a498d,EXTLOC-cf2c3109a5a5ab16ef6a6629,,
EXTCAND-75b4c4608065ae387920bb66,EXTLOC-0baff52406abf1ba0cd1d5e0,,
EXTCAND-b7b622264e64a63b42694cc9,EXTLOC-326cc22add18aff00f22f567,,
RESCAND-aff3d62ca7debdc4366db3d7,EXTLOC-940e3d32cc2bf8c7d1ca7e51,,
EXTCAND-ecd36fc143eea4dc60473f2d,EXTLOC-5615efc81eedc1acae9bb53e,,
EXTCAND-6f1426d1c7a6d7d42b5d933d,EXTLOC-b78819fa64cff524531e0dfd,,
EXTCAND-fe3e6ce5d1ea193237d61fd1,EXTLOC-e38b16d07a6b3b8689db5bb4,,
EXTCAND-db725ef0c0641251dad41bde,EXTLOC-fe0db9f8f7dece60c26b017c,,
EXTCAND-d72ec85bfd0257550701c90f,EXTLOC-376122c6c0aa7cb6eb990991,,
EXTCAND-3842611abfa8e8dfe742f4e7,EXTLOC-087c989bd98653a6366e328d,,
EXTCAND-a08073941c24e71a83b6c64d,EXTLOC-5b29f1d3a58ed1a14fe52e1f,,
EXTCAND-6d34e210f3518f3c3c3d6fe9,EXTLOC-381f9b305a5495a0ef787b48,,
EXTCAND-baa3ac8b07213007dd570698,EXTLOC-41825c91b7aa51bbc48dcbb5,,
EXTCAND-c88a185e1887d89c06f29d5d,EXTLOC-22b029b8ce2cf259f8503ded,,
EXTCAND-7fb6e887c9393d969745afaf,EXTLOC-16c51f96639fb1e0b39822b0,,
EXTCAND-c3eae151638903214c62e68c,EXTLOC-a1d86c5361773e4344cfd15b,,
EXTCAND-d13eccf2297c109e8d0cc4d8,EXTLOC-7256e1083b3db71321566a66,,
EXTCAND-630510360271edca0879faa1,EXTLOC-f350a4eb39e43d2fd7c2a14e,,
EXTCAND-db842633a6025a565fd616e0,EXTLOC-56cba580d68c0557ca308812,,
EXTCAND-2c95be2ecbb1cf02aac269e9,EXTLOC-ccce33427be13381bcb3a470,,
EXTCAND-bdf233a6bf5846efb254c77a,EXTLOC-98f4a0f7f35147999e34d050,,
EXTCAND-f014359c86254407e94b3bb1,EXTLOC-a2f1313ba514b0ac1bb1fe8e,,
RESCAND-3a8e19a580a3a2fd02fbb7fb,EXTLOC-3e1eec71265578f4684ece4c,,
EXTCAND-110c1d5a2a91401485d9f779,EXTLOC-37b3ce08606a172ab13957db,,
EXTCAND-e9aa2a008a9d9df3c7409601,EXTLOC-5f97a169ec1c1236ba54bf72,,
RESCAND-c72fa5272ef9d88051066058,EXTLOC-d78539504d6dfa33250ec0d7,,
RESCAND-39839c88b42696075bf726a2,EXTLOC-40abf18f1c3b4f0c8d3c910b,,
EXTCAND-5022d3cf30458c9c3a8327ec,EXTLOC-1d64f5d5ecd5f3db97c83b7e,,
EXTCAND-91cd8675ab61c054264e125e,EXTLOC-a882362e437c30ae77f98df3,,
RESCAND-d0644054190567de5c478281,EXTLOC-278dce515e38ecde0766cf64,,
EXTCAND-6fdf0dff4820ca94faa4c229,EXTLOC-a41a6f159e33e0be91b51b7e,,
EXTCAND-af9e4148c6c20a8b5c4cdc90,EXTLOC-ee3dee979dedab630ce4520e,,
EXTCAND-2227e502b6702f18bd4e2937,EXTLOC-8f3da7d1d03df606940a2f87,,
RESCAND-afe0163e0b73f56ace9213f8,EXTLOC-cc46f95993516da0274142cc,,
EXTCAND-7c49b2a3d7e2b2b80fa4a8d8,EXTLOC-8a98b0155033d180330622b7,,
EXTCAND-e8db767a6589d7bb36b96b1b,EXTLOC-80007900c1269113961a3d0c,,
EXTCAND-3c6414c1ca92a95683e60513,EXTLOC-4218ed0a01918a8ed5cdab00,,
RESCAND-020b92bf4619b864f261e894,EXTLOC-fbacbfe1c154d3197a341d2f,,
EXTCAND-305432089885b03944177b3d,EXTLOC-d454841a972426dd019171ed,,
EXTCAND-cb97f497cc82e3fd10768406,EXTLOC-e8160583dbe729d483edff3b,,
EXTCAND-e1c856e2810edc22a2431c94,EXTLOC-5efe93519fd0710ad2c84235,,
EXTCAND-66c5a96e1115ad6a7559d30f,EXTLOC-99c661ccc69a8811078a4927,,
EXTCAND-5039e199616cd6b93d10b1fd,EXTLOC-7569ccc685d7a905b4651bc7,,
EXTCAND-50b7ab1dc4c4e62f43f85fa1,EXTLOC-b8f65f13c3cb2dc7c642d76a,,
EXTCAND-2fc2fa601e54066957a1393a,EXTLOC-f8273732a1e80c6927ae7fb3,,
EXTCAND-89d99347f783322eb0e855e6,EXTLOC-6313e9191bd781a3e91cc56d,,
EXTCAND-5f592208bef0c654fe587ee0,EXTLOC-369eb6ce069380edad7a73d2,,
EXTCAND-9f5eaeb176b6506c16d5d477,EXTLOC-4a6c2c48909a4d4c4debc545,,
RESCAND-47561ba342b6486912af0151,EXTLOC-377dbb38ae45e3b2857aeb57,,
EXTCAND-931ca7bc6876bd3126a3c2bc,EXTLOC-e0800f07248b06feb67ac334,,
EXTCAND-81203e038af8a10cbb42205b,EXTLOC-910c7cb1a51c06e18936122f,,
EXTCAND-9d52a5086b95e15bdfe71593,EXTLOC-ea2b2df90938d1eb36cb8668,,
EXTCAND-999aab187354c343a74b1e60,EXTLOC-bc52976a541123835281db9b,,
EXTCAND-246d0a80a63ffe667dcffb3b,EXTLOC-228edbb68ae4c5d659f8576a,,
EXTCAND-7b4685832895dd4915943082,EXTLOC-b5e3bf70e67863c63dfbda9e,,
EXTCAND-9a32c906f137718514e7e75b,EXTLOC-cd776817cdef2c167b6ed462,,
EXTCAND-6dbaefb1ec2833c728202a5a,EXTLOC-04a700b8b78a576b62c16e29,,
EXTCAND-5156924248032c4229dfbece,EXTLOC-d4e49a4246de443a47a6b9c3,,
EXTCAND-e033cd025428b0ec9a169c7e,EXTLOC-6ff84c0b517abcb606932d6a,,
EXTCAND-4403e288fa12f2989332530d,EXTLOC-6be7f717e0d3d9d5f67cc513,,
EXTCAND-6c472925ae78d53e8e8758eb,EXTLOC-bedb0e6d764fda78db1cadac,,
EXTCAND-4e0284acdd27c93eb2b37882,EXTLOC-9f37810134c521439e425b80,,
EXTCAND-32d2c1b47e0c2037ff581fb7,EXTLOC-fd8906f90cb4f76f25f971af,,
EXTCAND-6affe2fc14ecb1e1f3f7bb4f,EXTLOC-c284de7e0d426dd5819844c6,,
EXTCAND-28c79fb5f3ce6577f3f88ad1,EXTLOC-743aedd32d65495a5ff63709,,
EXTCAND-ecfbcf98e4acf1c2bf10bc4c,EXTLOC-98da9581cefbea221230ff6a,,
EXTCAND-8df664beb945812e85457776,EXTLOC-558235dac9b2173f9c26de1e,,
EXTCAND-9586cd74b0436382d57a05ed,EXTLOC-73db8721940a58e10f2f78f1,,
EXTCAND-3128bd3e55c79d2c98dfe0fb,EXTLOC-e14077a2d7ff0f45ec8c4a0f,,
EXTCAND-ce0723722657e60ce7680177,EXTLOC-4985fa7a112704d152e91ed4,,
EXTCAND-9b579e400207b03ba41734a6,EXTLOC-3a84378aa7fe900bc6fdd084,,
EXTCAND-d32d24751317b4b8df763368,EXTLOC-49804309baa0862d70e41014,,
EXTCAND-72c3f65e7018ea180f436138,EXTLOC-02f2b3ea9472cb4ebf8a17f5,,
EXTCAND-d39c136596e27dec73365104,EXTLOC-f10780f3d00801107b1ac237,,
EXTCAND-77bcaedf6d7f69629df26769,EXTLOC-70ee948b6152b72bec3c821e,,
EXTCAND-15f70637deef0f2640d9fe9d,EXTLOC-7abc9a48af9d3663fb88c54f,,
EXTCAND-c30e825cca7e5ea680eb1d5d,EXTLOC-3c916d558347ecd98ccf9336,,
EXTCAND-2004509c0a069c01edafbb69,EXTLOC-4d50d721e19a1bc8349429a1,,
EXTCAND-3836703bc06541e3caa8a512,EXTLOC-e63f9f59a06116e192a61bea,,
EXTCAND-d711344f9e3448cb03887868,EXTLOC-50f1e8a2c23c6e9ec242a47a,,
EXTCAND-a87042601263e49c2e67fc8e,EXTLOC-ccfbda59243fd9395626f87d,,
EXTCAND-31f070bcfefb7fe8714ce55b,EXTLOC-bc3fc52785003e1a5a3f005c,,
EXTCAND-beffea0899c492cb66eb2966,EXTLOC-2deccc518ac58ab6ae593e41,,
EXTCAND-0984a6aedbe4fff152634d26,EXTLOC-ce21f11aded8d6e6f8d8d375,,
RESCAND-492a46bd98942216e06a401c,EXTLOC-f7f8328c99179dfd6f5204a6,,
EXTCAND-f0d9b21745b3b9bea15a7ba7,EXTLOC-ff5038ed8023b1507d643ef3,,
RESCAND-bfeb80c65d9ee5473fa311e9,EXTLOC-0403fd7a041eb7dc5f509fd8,,
EXTCAND-7ee2bd37ed7756740e030c66,EXTLOC-5307cabd954896e19af98af6,,
RESCAND-f6b220bf3f976a66175a2976,EXTLOC-11fbe432a6352a1320b3a493,,
EXTCAND-3fb2d61ee32bab86b894e93c,EXTLOC-dc170fc6f5abf23bec9f5ba2,,
EXTCAND-b777b85459b81870f233a2a8,EXTLOC-162d5075bb86fd0a835d7450,,
EXTCAND-161dea5472de34ff3a0b3f44,EXTLOC-ce0ed83d0215fdb5c16aaf61,,
RESCAND-5094161c967775718a421bff,EXTLOC-7aede1cbd0ed31493b2d4659,,
RESCAND-63fc00469d9344fa998d012b,EXTLOC-564f63b8a61cf5a5e0153733,,
RESCAND-c44e414815984a4a8f760195,EXTLOC-69626d7cdee686dd07642c9a,,
RESCAND-d6ea963859d7e3a7f641a875,EXTLOC-266f25b77ec1b8c051e98c0f,,
RESCAND-819eab75ebc5afd735784ac1,EXTLOC-d60c4cd472bfc4c11f51b293,,
RESCAND-7f66ed42d28f067777ddedf4,EXTLOC-60b4b0d33a06bf38b48c8b90,,
RESCAND-dac29f549003dfd7ce77aabd,EXTLOC-1711c78bd09e2dc9e40a954e,,
EXTCAND-a49bf77e8872c0b9c1f2f494,EXTLOC-74a71a3a4a8f1007a3ccc1a5,,
EXTCAND-6d52d0137c4e59371a704173,EXTLOC-1ca5f603bbb7420d877aaced,,
EXTCAND-a1c5f5cacdd4f8c86a884307,EXTLOC-bdb6245c30a115b909b103de,,
RESCAND-aed5e77fb98736eb0863ba03,EXTLOC-2e3a4d035ebe4f23cab1f7a3,,
EXTCAND-8885830972876483dd7ce509,EXTLOC-4239be4276b6c4b3413b5d17,,
EXTCAND-a7a6ffdd1fae8abbc696128f,EXTLOC-953ce39987fb0475decfc901,,
EXTCAND-32165d119e7cba46ecee28bf,EXTLOC-8c4377c0f19e62c54beb8d56,,
EXTCAND-61231d6b6527659475b5ef00,EXTLOC-1493dbac3e4e45958903d1fb,,
EXTCAND-27b06b106fc49b8e4ca5cf22,EXTLOC-457d244f6d12c923c3ad62cc,,
EXTCAND-0e781724a893d3ba745c7b86,EXTLOC-44cf0ed9fe9cce3560dba2cf,,
EXTCAND-936316d754d046072fe0bdef,EXTLOC-1584ca26fbd4a6eae9938f3b,,
EXTCAND-5dc5b8363b23ae12618ac021,EXTLOC-707a37ed6e2138a38be21535,,
EXTCAND-6366dacc46fc671baadcd8b9,EXTLOC-d96ba334428fdbc1038c87ac,,
EXTCAND-1c0a5aaffdc0574ce39d3d78,EXTLOC-91190b53aeb8b26a07e8190c,,
EXTCAND-0582891ab7a62d88670026da,EXTLOC-b55b4ef6a465d3cd5371e361,,
EXTCAND-7adfe0778f26a1606337d859,EXTLOC-9ecdfb037b007e5020721541,,
EXTCAND-bf05993bfe91c4820faf8730,EXTLOC-8c0616cb763bbd8b691b81c9,,
EXTCAND-0568031898a2e855329ba1a2,EXTLOC-5fdde9e96ace560baf9458f7,,
EXTCAND-646d55950d2720c79c0004c4,EXTLOC-6d937d6173df0d1f5ed8b084,,
EXTCAND-19d7ac2e5cb22f2f79380a62,EXTLOC-5042fac982ca2c8ce225f925,,
EXTCAND-808723d45420b2ced8a937b6,EXTLOC-f578d1c5f38bc24db97e7c20,,
EXTCAND-1a6cac0712d4d7ea7acbc8b9,EXTLOC-fed0ec6ead547deb26bac048,,
EXTCAND-e8d78e75e2c866d0a765b88c,EXTLOC-e6ccf6506c6bdb4cb5b8b920,,
EXTCAND-b3290add80a34ec15878d673,EXTLOC-9883c098c5c0fcdce125ffb4,,
EXTCAND-ed81cd797ca924633667ae11,EXTLOC-743c49e0574525f87231e884,,
EXTCAND-40f5c628e5cf6154da407522,EXTLOC-ee5768fe1f4bc5ee35389ba7,,
EXTCAND-6d71684bbc55e29abd50c5a6,EXTLOC-899a877c7902ba810531ed22,,
EXTCAND-bc4f87ff42f4423c18bfe1bf,EXTLOC-334457a37f5f3a60731e2132,,
EXTCAND-5664631ebbed6256685d3554,EXTLOC-836df97b5d82ef2238221112,,
EXTCAND-041ae1c454e8ef336e890962,EXTLOC-d11db6a9823923c8fd249601,,
EXTCAND-f70c0dbf06d8aa184d99da50,EXTLOC-a16c6b0f55586d1e893ff6bb,,
RESCAND-f20b2045c6f32ee90f908ca0,EXTLOC-d9af3ce95cbe332561d20632,,
EXTCAND-83743c3fa2232f44fd97e4ac,EXTLOC-409dd7193f2ae22ef43f26de,,
EXTCAND-7f10f2e6610ffe239a6dd8a1,EXTLOC-40090de35c8349e7ba87edff,,
EXTCAND-47e191eb07e8f0e76710b8e7,EXTLOC-19ebe8521fb385a37b6d89f7,,
EXTCAND-23b4f3868ee8c3c14a983505,EXTLOC-dce263bc52332ae1504cadde,,
EXTCAND-f65136efff59e6e470673abc,EXTLOC-7a32f3eef1af1e30e3a489b4,,
EXTCAND-27fb08616b6788cf413b511b,EXTLOC-af222ce30d9ac54694522d80,,
EXTCAND-0050d2bb721858a7cd5c9797,EXTLOC-c4ee9c935781cd10bb332df7,,
EXTCAND-6d6554d8e661db450ae4940b,EXTLOC-d2de5a685c4fd5324cd0eee6,,
EXTCAND-2b9079a1276d9ca0c789c4aa,EXTLOC-bc88c235862c6771a2154593,,
EXTCAND-3623c78eccf81c08835439f8,EXTLOC-168c14124c29e781a0fb5eae,,
EXTCAND-035f74fce3c11c0892de7010,EXTLOC-d1f0128c415b79bb0a81d4e3,,
EXTCAND-408ddf336ffe8410a3a8976a,EXTLOC-8b2531fffdcc450da8e498c7,,
RESCAND-061769e0ef41d94acccdf817,EXTLOC-3fd20d0e4300dedceef8a9e3,,
EXTCAND-4fef08df15b479a6356fe543,EXTLOC-362072c64581b0017bda13d1,,
EXTCAND-779aae238294f61710eca448,EXTLOC-222d53074a4c80e47b4785d9,,
EXTCAND-5d5d98237c3a79a6029bec10,EXTLOC-443c9db2e97defb6e4c9d111,,
EXTCAND-45e8a90a2e3660c41eadd818,EXTLOC-595aa57d8e0a841b49afe62c,,
EXTCAND-80e60e3400d2516cd4c1b3a4,EXTLOC-aded148751ac65d068836d60,,
EXTCAND-e50835f17b267a281cee7fde,EXTLOC-0e1f323e78b103dcc44ea2a2,,
EXTCAND-fbd9de4d75cc9c6a16121023,EXTLOC-522a8141ecda33e9eeb28c57,,
EXTCAND-fa64d6f1c76fe778d06da4e9,EXTLOC-c6094db0e9406eb30abe90a4,,
EXTCAND-e1c06e2882760d7b3137c50d,EXTLOC-da6f2b85de895d50afc44dca,,
EXTCAND-86bcd8536dcca5eb91dd91a1,EXTLOC-871f86e062ab3dfe4dcf8f30,,
EXTCAND-027bdbcb77fd87b642199e58,EXTLOC-d7fa4a24a5119235f00d193f,,
EXTCAND-ca306641d30cdab30cfebb5f,EXTLOC-a115699621429bd43d16dddd,,
RESCAND-5e2e9e695aba0f4f416c0df8,EXTLOC-42fec29610d2ef726908a144,,
RESCAND-9f5232e6b236b3d123d90ffc,EXTLOC-683e0ddd6b761460d372b566,,
RESCAND-d444e18456a04aab51471a7f,EXTLOC-098a7ecbdad4a2296a480839,,
RESCAND-10f8252a67ac802e305ec3c8,EXTLOC-694d79ccbbcf29dc16f308da,,
EXTCAND-4b699124503f3c802cef80d0,EXTLOC-e9463fc80eba3a0f399a31d1,,
RESCAND-aa13422a3cffcde56fb694a6,EXTLOC-05efd9d063e6c471d2d526ea,,
RESCAND-b16bfa0c34473fd480055c47,EXTLOC-1b131f44d500035c73c9e4ec,,
EXTCAND-04770dbf8dd61f5fcb947647,EXTLOC-178534c9283c90acded61758,,
RESCAND-bbc81c1bf27d6a76069f4013,EXTLOC-6cad4c642f96ff09ac2a2a20,,
RESCAND-02af8b831ba702992b5883d1,EXTLOC-d385a9cdd99e697adfe591e2,,
RESCAND-7b5c20401791e5c387753b1f,EXTLOC-b9f8823779429c5889991a48,,
RESCAND-e00bfefa456a6f47810b8c06,EXTLOC-bbfff7b68ca60f3be9f53719,,
EXTCAND-996d42128ae7f1a84c86134b,EXTLOC-2d217e03c8ed3a20732d7888,,
EXTCAND-0783af143f4937b043ada2b8,EXTLOC-3a0b72cb798a8f1665e8ab0a,,
EXTCAND-7bfc50e5899346b701f27d33,EXTLOC-2719e1cadaf8732f34b1c552,,
EXTCAND-55dec40dc675a41576f79b58,EXTLOC-da3c6227cd74116adf6540e4,,
EXTCAND-a9cd5afad0b512fd69b45852,EXTLOC-52f270f74ae7a822d1c6865a,,
EXTCAND-02d234b8d147bab095d4daa6,EXTLOC-bbaa2e37407a972c8fcadac0,,
EXTCAND-970f99ee45a5c821df9aba72,EXTLOC-0f56eb74a1aae9489f7c5ea1,,
EXTCAND-095e8464993e9f2ea57141a0,EXTLOC-37384356532612dc04acb76f,,
EXTCAND-d9321f913374050f66c091a8,EXTLOC-097672245efc0d56ba3c5665,,
EXTCAND-45037868c7fddd1af17c8e58,EXTLOC-ad34470be69ed409c75e8771,,
EXTCAND-d27e0e6d0e30f96d4e1e69b0,EXTLOC-bb8750328a1a85e5a58e5a94,,
EXTCAND-537e372a2eb0e2fad190b0e9,EXTLOC-5b1421ef8b8c07ac3b22bcda,,
EXTCAND-52ed4fe4459934ddde5e04b9,EXTLOC-15d19d0b0c2629fbad618471,,
EXTCAND-a0f8287c5f4b9ca739b59750,EXTLOC-9dbd8e99b0687448db55db1a,,
EXTCAND-c9f219d434be9a6a12f9b40b,EXTLOC-21e1082f143b9bcaa82f4f68,,
EXTCAND-3abedf83a95fc1733eac8a3e,EXTLOC-d1fa8c463a950f52ddc19c82,,
EXTCAND-66ff186987b1f25cfabd932b,EXTLOC-8328cf321589406aab553569,,
EXTCAND-bdfa09e0fe6b1f4957c6f003,EXTLOC-3d48841f315e54aa0032c4cd,,
EXTCAND-c0fc3a73e0ab03f8a064a66f,EXTLOC-30bd64311b98126cc4f10de5,,
RESCAND-73fd8b08de994ae0a014149d,EXTLOC-7b1850930427425d44b12e7f,,
EXTCAND-fc635644cdfacec7c9ff1188,EXTLOC-49b7381592bf594b0ac6f705,,
EXTCAND-887cf941b798758094791b70,EXTLOC-9194ea14d2e00b91d4c4cf40,,
EXTCAND-be225699313aa9b62cc23620,EXTLOC-269352e3a423b0008c575779,,
EXTCAND-97aa10a6076581a5b717ccc7,EXTLOC-4dc7ea2cbe352cc07dd44d7f,,
EXTCAND-ce5b8cb2ad0a20cb7418c29d,EXTLOC-192dc4f39544211f28316f23,,
RESCAND-f53146bbf692b8f5b1aaafb2,EXTLOC-78849a3b28a40ef25df6850d,,
EXTCAND-bf8114a17a5d2b48bcff3e88,EXTLOC-daad363175523004c80bccf1,,
EXTCAND-a8c4fd44d08551708d8b9a64,EXTLOC-dc700fce63e8451a0ba6d4f8,,
RESCAND-8483c6b6ffcc68250825aea7,EXTLOC-da24546370e5ea5c1162113a,,
EXTCAND-84210a294153fe7d0d9d35da,EXTLOC-2511609f9fee0677db8f5bd1,,
EXTCAND-c0a90cc9d10e18de02c1264b,EXTLOC-032806e69a0df70c7f4a6fce,,
EXTCAND-3d36ffbc3acb6824c173a92c,EXTLOC-e2ea987113a519d61391aba3,,
EXTCAND-7bbc544b41961e4e4b9d19f0,EXTLOC-425496447bf0c6c9140e1568,,
RESCAND-825921d63be83bde18ddf52b,EXTLOC-084c611a6ea3fb108d51aa6f,,
EXTCAND-a97633a7af15ee869b809a51,EXTLOC-723ea0e0d7e117a256458d69,,
EXTCAND-c34d99ca2f2acee8dbe2683c,EXTLOC-9440071b11aba44121e2cb7b,,
EXTCAND-7c79ee7a1b63d6004e18563d,EXTLOC-c36c606ed3efe5f3faed0b62,,
RESCAND-bc9c39888f7f2e6773e07ac4,EXTLOC-c731809d0038f4652e928f1b,,
EXTCAND-37d0aeb2594bc344acf4f4b6,EXTLOC-d39138afc0af95a4a60d0300,,
RESCAND-b12e2fb4cef178140fe9267f,EXTLOC-97263d121dade7f646235a72,,
EXTCAND-cfa1243a70b922bbcfc068de,EXTLOC-b560bdffeab62d8ca674687e,,
RESCAND-2e41f445ec1fa1bbe28aafd6,EXTLOC-c1631fdb1a5f9501ede465ed,,
EXTCAND-a3888168b8a417e0b2697786,EXTLOC-5fe8325df0864c0e630cb426,,
EXTCAND-984b0cf45915380d7c64bb8f,EXTLOC-f447ca0c9a50645702c607d8,,
EXTCAND-0b66277049e3666fb322a5f5,EXTLOC-e6eec8c7c2c413c34ecc1afe,,
EXTCAND-c4a7015d3ff3029a54ebc64a,EXTLOC-ada002186813ee7bf3887189,,
EXTCAND-c1312309a4462dd149762500,EXTLOC-3025397fe626e38b4ca89347,,
RESCAND-9ae62faea0be853d87b631b6,EXTLOC-29717038596913e3e22a6f3f,,
EXTCAND-e87d2579d563ba4f1e47c6bc,EXTLOC-db2c0cc92eb9a3f75944419f,,
EXTCAND-72382ae90502565ae34fdfa8,EXTLOC-9d0d4ad0b99b594033783d8c,,
RESCAND-fb62d510c56d29eb696790d8,EXTLOC-cfbd0296b367f40a716436f7,,
RESCAND-14348930d5d13f58cf71b247,EXTLOC-2211a28af71ec45a07d6a7bf,,
EXTCAND-7ff2b512d772503c146701f4,EXTLOC-501dc1248d6f18512b52e7a4,,
EXTCAND-08ba85824d3671303ef16538,EXTLOC-2d44d7a2217b3fd6ec19c7be,,
RESCAND-da6b177b828c464c56881e0f,EXTLOC-019c248cade3786df6741c32,,
EXTCAND-9f5423758cbf07e5048f6437,EXTLOC-acab5c70da9904858b0d9b05,,
EXTCAND-b91bfc0a5fd910004d0e33ba,EXTLOC-c831d3f79000ce8ba99dfe01,,
EXTCAND-d0604de04979ff88e3a4273d,EXTLOC-52ca038b0e0f0d38d21f7e09,,
EXTCAND-be3b209d4f9f0562342b68ef,EXTLOC-cd748b7fa8d2627afa02be82,,
EXTCAND-4a6bca600b596705be874c01,EXTLOC-e4ef26c0897a808d4585d384,,
EXTCAND-f11571922c83198e82355f23,EXTLOC-7870fb3a320344cf78b2b0bc,,
EXTCAND-539b716e05cafd54bac5da3e,EXTLOC-4be849f4e16495f4fd93a5f5,,
EXTCAND-30dbfed1b4917d148539c648,EXTLOC-0f5706fd130698e6e100d8b6,,
EXTCAND-41fcc72108398e340ffc54ca,EXTLOC-45a49b901038e79f280dd14b,,
EXTCAND-f4bfb9d81d0cf365b9451e7f,EXTLOC-c2e58167ce7f5ba1a3fbc3c8,,
EXTCAND-adda7dee8123d7077abf76bd,EXTLOC-3441a81d38e585512be0c9a6,,
RESCAND-5fabdf4a7195d433c54158e7,EXTLOC-f820f918d9029ae18592bc24,,
EXTCAND-1cb3139c461a50797bdd39b5,EXTLOC-3ea6398970c0a4b54a19cc52,,
EXTCAND-223a1bf844b11cc75a11290b,EXTLOC-e5b0bff4c75c154c989af0ec,,
EXTCAND-e79fb2cdda0a90cddf5a3e6d,EXTLOC-8eabba95a83c00ef99715d68,,
EXTCAND-f842e1f0cd5638844978225b,EXTLOC-754046f550cfdfeb39e8572d,,
EXTCAND-949ecd14a135e6206e5239b5,EXTLOC-34a740d501d49cc323ad0a29,,
EXTCAND-cf8b6d98bda5542d0616e706,EXTLOC-6adc8b4517751137349a1cc4,,
EXTCAND-231f988ce01673517d43c28b,EXTLOC-e57aca58397e0f6d83bed746,,
EXTCAND-2a23e2130335e86cd11f72f8,EXTLOC-de0cbc339bb1d24499a105fd,,
EXTCAND-f6bf2a9aeef1a7e84227145e,EXTLOC-b19a6144b18e6823a989ef5c,,
EXTCAND-806db166292cfe25ff0ec590,EXTLOC-cfaa7bb94c0238ef4e843f0d,,
EXTCAND-1c89b0c898f9cd18d919a215,EXTLOC-1050b889c4de0dd5485ce2a0,,
EXTCAND-46b9c4d605dbbaf1b777678a,EXTLOC-177a087442e47c90ade93824,,
EXTCAND-fe7e329796af03f0329d26f1,EXTLOC-13127130c33c7982e9692d8c,,
EXTCAND-f5ff67bb9572214195e9ffb7,EXTLOC-c598295205cd8c7ec37c96db,,
EXTCAND-23e69714b245f38296782996,EXTLOC-531580108848b5a353f1bf2c,,
EXTCAND-ffb2519469ac17f78806c600,EXTLOC-49e9f172ec439d3b83ef9c0a,,
RESCAND-ba5b068299c6d4a2a2c3e0e0,EXTLOC-50015135c2aa7a378353728b,,
EXTCAND-1aacc41e4a690fdf70a99f78,EXTLOC-aa178a2402b5ad5ea170a822,,
EXTCAND-dd120eabaec51b01031d4bd6,EXTLOC-68174624cf45731c42bd4400,,
EXTCAND-1c36dbd3e94266a70a6605ae,EXTLOC-e2ed921df5b8cea0c8d5f52a,,
EXTCAND-f7c23625d35a86872fced318,EXTLOC-812a89b04dc4f490ee09f909,,
EXTCAND-5289a9cd7c5aa7a3c7b83a96,EXTLOC-91d23b2f760204f671bb651b,,
EXTCAND-ae414daa385e30494c2cd914,EXTLOC-b2480980b8f179501a4f5843,,
EXTCAND-f538514bf2ead2ea9330edba,EXTLOC-3c10653767ab70f8728ae842,,
EXTCAND-a34a0f1fd0326139e897af45,EXTLOC-1aed668816e17214d677083c,,
RESCAND-75b613ba48950c6fc8c1db35,EXTLOC-00112ef84d818a995076cfa2,,
RESCAND-c521ef2be643e155ca2de198,EXTLOC-332a4e4fcb63d4f37bae0675,,
EXTCAND-39d26230aa79d854dc66f776,EXTLOC-b8a0b8e487179b1e726fcdaa,,
RESCAND-353430c3c0d7a2d052c90eac,EXTLOC-4eeba591b28666862916891d,,
RESCAND-fe6e0edd01e6b1d0c0987e44,EXTLOC-b53099ba5abf946058bebf4d,,
RESCAND-423319c572f5cb28820e68b4,EXTLOC-ad70e54778fe51984d134286,,
RESCAND-f42d90f4b22eb373ae3ff791,EXTLOC-21996fdb8bfe13f5f5fa94dc,,
RESCAND-f3bc186ee65bfe1221540b52,EXTLOC-8ce4d9b371524b530169be5c,,
RESCAND-e71cfdb4456e18c6465867f0,EXTLOC-c6859d6dbf91f3af7e302ff6,,
RESCAND-512cabd2a55760cb58955d02,EXTLOC-ffc715339a07e25ab2e02edf,,
RESCAND-bbb1ca2c342404a2505f6390,EXTLOC-29c530480f615556bb83f17e,,
RESCAND-13373db329c4b5d2ac9a8eea,EXTLOC-3a71a3917ed33e16766d223e,,
RESCAND-388a6e22c49fc447f3b12909,EXTLOC-1fcad3ff57cd9b654834ffbe,,
RESCAND-da93fa4d68453a3ec7ef9c94,EXTLOC-891f7b5c5a19b3d6df488a5c,,
RESCAND-45868e9af3c69137d72ed3fb,EXTLOC-0d1674fa4bd76d9608cc3995,,
RESCAND-efe7b37204c5a687d1c0320c,EXTLOC-afa76856412ceb4e8c0d06b1,,
RESCAND-12adcb4e7f26a6684105b899,EXTLOC-4e723045fc54ebf18da0b9c7,,
RESCAND-24be12179eff7e3f06a5dc0c,EXTLOC-9925109c4d20292830ea20e0,,
RESCAND-48ad6a231a7d3bd9388be4d4,EXTLOC-46cc35ecc3435ce566bcabcd,,
RESCAND-7638a232f1628d269cd634da,EXTLOC-b7f4e1084a53ea7ad4762508,,
EXTCAND-9492f71368fc1fd0dc4dac1b,EXTLOC-24a50b0cef38aba3dc8077fe,,
EXTCAND-1501f01b73064b87525d1259,EXTLOC-ddec906a9934a1e68503f1b4,,
EXTCAND-0485e54dc3902d0c6052d9f8,EXTLOC-c815da92b4ba3d0aec2bc633,,
EXTCAND-b9e726c733d9293a51ae1334,EXTLOC-f9f6dd6a2e67715991913e4b,,
EXTCAND-45cd7a35476071f579cd7c25,EXTLOC-e2b568abb1fde89ec61a2082,,
EXTCAND-199d7d9589b15629fd656ab4,EXTLOC-24bf7c08966f14e73a06c77b,,
EXTCAND-452ef8a0943790312c3ae945,EXTLOC-9a4f9aca7f84366736b97366,,
EXTCAND-2f2bba5dc76e36e63a7314cb,EXTLOC-88b525f8da5b96794b5fa434,,
EXTCAND-f4435e94ee75736268edb534,EXTLOC-2261763334a4e6c6ab1a37d2,,
EXTCAND-a0d4e5d1b120ce932625200c,EXTLOC-0c70c30bcf05ef67d1af1689,,
EXTCAND-5a4c965d26c56758ca50cf46,EXTLOC-33e58618eb6692c1088ee20d,,
EXTCAND-71ca6946d340bd98482b00c4,EXTLOC-abdba9a497c6ca30c146d980,,
EXTCAND-738ff55630215c3e7199feeb,EXTLOC-d03088809aec105938cd2e28,,
EXTCAND-f476ad37adff344a477b9c90,EXTLOC-1215a3111ed18d2f598df346,,
EXTCAND-18b0638113f56e6238bfd0da,EXTLOC-2460ac075fb0945e044a785c,,
EXTCAND-4f95c364ffc50b9e7e7a30f7,EXTLOC-b8b060fd8245cebe69354f47,,
EXTCAND-a1494cecda4018f3e0cce843,EXTLOC-e835065340d36e71f94462b8,,
EXTCAND-b63834961aee16f9f4f73404,EXTLOC-564de852c100755e5b428ed7,,
RESCAND-a964417113a5702d02336691,EXTLOC-ecb315381de75d67e483d79c,,
RESCAND-2a83bcbfdb8a17f5a4e7e038,EXTLOC-9c79085fdafd645d40f466d9,,
EXTCAND-cd7015689057f743a9b54eb1,EXTLOC-0316d6a42de565abdfbb853a,,
RESCAND-76736bc8ea7cbdaed87bf245,EXTLOC-0bfd26f865091d8c98b8f972,,
EXTCAND-ae97ccf303b97346bc98062c,EXTLOC-9973aabdabdecbee2e9c3ca1,,
RESCAND-4ef5e80e12a8ead3550b1fd8,EXTLOC-37e8531f93330e6339fa675c,,
RESCAND-e5eba52835c3b1ffebe90ad0,EXTLOC-8789c3518eb1f0725b09a10f,,
RESCAND-483907d95a694c4753f049f2,EXTLOC-b85840efc7bb6ba62a8e7e5e,,
RESCAND-80cc4e9e1654de831c2d4e93,EXTLOC-e5b40d104ab481c8541035a3,,
EXTCAND-56ef6d320abbbafc6b900374,EXTLOC-2c942e4143a5712b4a6dc027,,
EXTCAND-0bf0af0d2739aa8b865dd4fd,EXTLOC-4e4fad2ae8022f5755339a1c,,
RESCAND-640d0aef8b032d66c68cdc10,EXTLOC-0677380dcb4c530ddda9391a,,
RESCAND-97fce66486f039f396b2e99b,EXTLOC-7cd1229f351ff582824cc662,,
RESCAND-3314581a82f422dec43ccab8,EXTLOC-fea270c6e873453ff8425bde,,
RESCAND-816270953ca7d5c4f90ed9a8,EXTLOC-05e946fdf790459df4c84cbb,,
RESCAND-183c56a40e426bdfc997090e,EXTLOC-b2869107a2cbe419d972d206,,
RESCAND-b439189acbf8ac9e04d2168c,EXTLOC-9502f2d35ae122c54be030d9,,
RESCAND-1ac7e2634e3179d34a7c566a,EXTLOC-0370dfd1e048da9f70fd352e,,
RESCAND-b50d03466940f9d916fb3f2d,EXTLOC-f6acb98fd293b30b6f1d3feb,,
EXTCAND-397ec79b6e80a6dc2fb81c2d,EXTLOC-45d8c8ba2bce78bcb943c2c2,,
EXTCAND-c0fca6760f607a6d2b3ef8f6,EXTLOC-ae46accba750ff17f4dc7385,,
EXTCAND-f2215a4182d3dd6fe34f7e3c,EXTLOC-8889bb8a45df84dc5bcf7d74,,
EXTCAND-9983d4be93dcf0f87b8ed3ea,EXTLOC-128f17f2e6cc959f77f257a2,,
EXTCAND-b27d2fe5ee2d432b2bd8d61e,EXTLOC-3d0da8b524b018c9789fb401,,
EXTCAND-06a75ddd1cd097fe20386c2d,EXTLOC-1f29888c1928d1e53310e49d,,
EXTCAND-9e213492f8777673549ffbbd,EXTLOC-c5f5623ffba201732ea24a11,,
RESCAND-04697d2199f2afbe382cb179,EXTLOC-4a15222cc5dcc6dff7a7ac4f,,
RESCAND-a78bb67396e8f2ed94a6f1d2,EXTLOC-d870cf9b9f383afd7d6d17b1,,
RESCAND-fcfda5143bdf3e519f5ad8a8,EXTLOC-eab004e2a37f16c3c3b9a993,,
EXTCAND-1e949fb0435fc3a78eec9412,EXTLOC-e559d7ebf72462633e1cf561,,
EXTCAND-45094d895a6ba60b362c98c6,EXTLOC-adee48423a38e1da6114b2f9,,
EXTCAND-68628d69e5adc6084c65c100,EXTLOC-8ee0ef7aac09439207663c3d,,
EXTCAND-37df7d5b5e2ba2735bb9bc5a,EXTLOC-b45a894505bed64e9a85d000,,
EXTCAND-9ab1ef503e3e25c96f1c9e2e,EXTLOC-5b8846e02b4433bf2d4e78ca,,
EXTCAND-7d81a5e690dbcea61cce8621,EXTLOC-cf6e3076dd0399ea55747f70,,
EXTCAND-e100af0dcadf967fef526f9a,EXTLOC-2ba257037a59b127173c9453,,
RESCAND-5b9b26651471ed43aaed4e49,EXTLOC-081b613e33b924442fc11dcb,,
EXTCAND-e4157ad23ef25c7a847252e2,EXTLOC-8cf2b5ca5c953240f45c43fc,,
EXTCAND-f4e84201d5037cac84c66dc0,EXTLOC-38ef1282ae478999cbab378d,,
EXTCAND-ff9c3ed0da6c6e5e7ed9cb95,EXTLOC-80c75a24468c515fe5db89db,,
EXTCAND-d148c6ae17cdd1b0fb805125,EXTLOC-e06f1f4db5a495888d1178c1,,
RESCAND-412ea8f1fef64467e7772dac,EXTLOC-c85aaa66a94ab1c5ab4bd3df,,
EXTCAND-3dbf11a26569382026b0751b,EXTLOC-d06989d72c9671d908859bf9,,
EXTCAND-c7be19c05030df9f42b39041,EXTLOC-5ecdef23204fbf6e4b1a0240,,
RESCAND-0bb2d3c84fb550c9e76ff384,EXTLOC-89b2f3ab5cdaceeb090ca5bf,,
RESCAND-35baedc062fc09202bc64172,EXTLOC-03867657ea410f852fa02374,,
RESCAND-33fa2a23b0555cfb6c317ca0,EXTLOC-48c8af6cad630d64a0e63328,,
EXTCAND-1c158cb3bfc80b05f0378b98,EXTLOC-af12acf1e8ed9e79c08dd27c,,
RESCAND-fe2e9df7860fb66bb5f30e75,EXTLOC-d062e97f040bc16e9507541a,,
EXTCAND-93df89953358ef1c7fed28b4,EXTLOC-52c61b7aedcaf650de751591,,
EXTCAND-4a6ad9b93b0762dec14690fa,EXTLOC-0e2c80e5569824f0c334b7ca,,
EXTCAND-10424d7db33d7238511b9f03,EXTLOC-1ffa4da9bb57d6244239364d,,
RESCAND-0f0f45c81b1b6aacf2370455,EXTLOC-b71bba2c5a8e6426d7e53992,,
EXTCAND-6df40417c64e08c01f35df7c,EXTLOC-76021c15cd9e03c53b943f68,,
EXTCAND-e026a5a2b07924c3a1376cce,EXTLOC-f42ff41c63b5f4b805036911,,
EXTCAND-e6a1016d34a2d2333be93437,EXTLOC-306841d3e75a54a7f3e73f17,,
EXTCAND-c6ee1b738b262dc23e151481,EXTLOC-0a36a47225e738ede254d646,,
EXTCAND-d2752c04c47f5a68853b0b4d,EXTLOC-f4e8e3062527db88ee31b0f6,,
EXTCAND-efe1035865d50284915d9e87,EXTLOC-2f5630033d1d4a8372abe0ce,,
EXTCAND-0992f1ea22183fb10f05d395,EXTLOC-05ce4d3c5c2337dbe707bed4,,
EXTCAND-e2a4127e29de5208532f219d,EXTLOC-7fb9aa362cf6c27d88ee10a7,,
EXTCAND-33844f02de3bd6076a105b1b,EXTLOC-97ba4c6271353a3bfb0556d9,,
EXTCAND-7155bb190e035faa0ceddf5b,EXTLOC-c3b7fb23cc36a0f6a863035f,,
EXTCAND-25fdd21764c82f63a054969d,EXTLOC-781d5ff640d49879e9895bc9,,
EXTCAND-e5a9defbfd5e38730b3d77c7,EXTLOC-61d1a9afd806604705bb85bd,,
EXTCAND-e2fe88fc696e665f551658c9,EXTLOC-ab8a7a071ace8e83cbd5d998,,
EXTCAND-943962d3cb2b2b66aa347a98,EXTLOC-1571f46115939e584169f3ac,,
EXTCAND-6cd255f5746a0f302eb44087,EXTLOC-9443ed1c7c0cc6b28c701f4c,,
EXTCAND-952ff2e6e01293f4e1db7fe3,EXTLOC-9a7bf1029a9e9f364a66907f,,
EXTCAND-124cbd3ea8d32c15ffdfd929,EXTLOC-c8607a2ea3bf18bb7ff99608,,
EXTCAND-114dde61db8a04b8475c3d04,EXTLOC-2feb7683979bd6f4b72c3661,,
EXTCAND-68f73c4c54b6a5bbf4bbd230,EXTLOC-95ef8505c1a152b765db5b3c,,
RESCAND-85f3a866708502ece740b990,EXTLOC-c5f905e1255e69703f59be1e,,
EXTCAND-a82717f23954fe0976b5e3e4,EXTLOC-c78fd9e13fbb069684816cb8,,
EXTCAND-c2f8230853abb2c341df2150,EXTLOC-dfdedceddad02a0309906898,,
EXTCAND-2171459df281ec049e1caa30,EXTLOC-4f51adf52eafbccbd7e32b03,,
EXTCAND-46d8da0951a6453b215f8f02,EXTLOC-fd0c32b1a7d7a8f237e1af9e,,
EXTCAND-daae2e7738670492579c75a0,EXTLOC-e22dd80852c7db0432f90b26,,
EXTCAND-08e22cfdc1a9adf5d922d426,EXTLOC-bc84f67cc8c949306c64fd6b,,
EXTCAND-0294e77dfd4f720db0354458,EXTLOC-7002aea43e2da35f95246041,,
EXTCAND-48378f74387ff19f20424abe,EXTLOC-19ce8fb3a5ab256e9e04be08,,
EXTCAND-918f4728c1e3a34d60b41e48,EXTLOC-96905a75962822ab33a13f9b,,
EXTCAND-b3fff14ba9c5e23115a50571,EXTLOC-0ac2ecf42c39ed3a3bf41a30,,
EXTCAND-d62a1ae7cd2950f4380b7f07,EXTLOC-117fc78402aaf5e42e3597de,,
EXTCAND-f26e4e6d6f940391d9aa8da8,EXTLOC-af30c53617a89468769f7f1e,,
EXTCAND-0644b21513c1a2b067d2e621,EXTLOC-c323139cb92038cc44328725,,
EXTCAND-4b83c025e736383128e9652d,EXTLOC-cf4c69bf7440be94ba4c76a7,,
EXTCAND-dd808ebecae927275985346e,EXTLOC-8c3846c805746bb64354bf55,,
EXTCAND-fa5a71167d3093d8ce0ecac4,EXTLOC-f8e65e49601efa145d84edea,,
RESCAND-1c944f45bb4c42c7c35004d1,EXTLOC-8b63da85b9cb837b17256ca0,,
RESCAND-0aaa9ec0a1a43b7e9d3bdf86,EXTLOC-563e5dd8cbbd5e93999fb028,,
EXTCAND-af255db857ef77a3f981a74a,EXTLOC-37a543eb0ac41807b85e3ec3,,
EXTCAND-b8195db3c4979a5087d740fa,EXTLOC-9e6f8c610d21a46979489aa7,,
EXTCAND-5ad46d7f89a10233ebfee1fd,EXTLOC-29a839d3542e77e3b5749d62,,
EXTCAND-2e5a0f421f5afaab8eecd04b,EXTLOC-c9c678e044f7931d86602ac9,,
EXTCAND-a8abebd160ca81bc990a28f0,EXTLOC-4ddc32ce681f55668d66b90f,,
EXTCAND-ae190230f32a323611065832,EXTLOC-c46edeaa3fd90ce8c979e2bf,,
EXTCAND-94900cec85f7ab55949e641e,EXTLOC-9d2d5bdb7bf2ed400a14007e,,
EXTCAND-923b8291ddb1d0e4d3511083,EXTLOC-1dc1bab920bffbe280a77a86,,
RESCAND-37a83c858308ebcbbf4b0f4d,EXTLOC-1539dabdcf33b2c522712496,,
RESCAND-7ae530fb02d6a00b20a2a2e9,EXTLOC-4ded51711b95d54e8d2ed7fa,,
RESCAND-382c4f69e1fe48eaa474c763,EXTLOC-00138448e1144d1411bd7e63,,
RESCAND-a3ec12f240385f5d87db4b89,EXTLOC-8db6119a2a9741ba60964a06,,
EXTCAND-7f196d4158c42062b9c17359,EXTLOC-40cb20daa11acba6c6f46c98,,
EXTCAND-3d0504da8fb433568e64209a,EXTLOC-a6c7bb32223802208f256add,,
EXTCAND-2544d4e538365f247f7438dc,EXTLOC-8af370153b5f01898cc5c749,,
EXTCAND-1a81234749bfd4b0703db001,EXTLOC-f7d324707f7adc9cbdd41cd4,,
EXTCAND-050844d6edc530e1f9d73bd4,EXTLOC-5ea35e2e0394df80e54e0ba2,,
EXTCAND-7e05f63d187682d889a9a652,EXTLOC-c44e163c0deb2dbe2119fd31,,
RESCAND-a54575521351eae68805b7d9,EXTLOC-c65202209b9b76f94c64f799,,
EXTCAND-d458c721343b8ddbfa8d0b3d,EXTLOC-6eb0339821a28d2c62d936b4,,
EXTCAND-a687ebb99e1aba61b4576610,EXTLOC-3dc3e90669dbe75bad4e820c,,
EXTCAND-7b32a0f50eed35f1ae54f065,EXTLOC-0e0ad4932c39eee7913432b0,,
RESCAND-86612c5047925ac0469b0b2b,EXTLOC-4b7141ed446ccf33ae860ace,,
RESCAND-909028d65bd61545c0de4960,EXTLOC-8854810b5d8d46bcc549cd67,,
EXTCAND-667cdbb1752805193ce50591,EXTLOC-43fb64c5fc2f3d252ec3ecd5,,
EXTCAND-1acb25b67987139f3532af43,EXTLOC-24b1a0b028861ed112bdccfb,,
EXTCAND-e9d57c50807f30aef25fcbeb,EXTLOC-621504c088e73b83b62abf4a,,
EXTCAND-239599a81b4d97ae1a1a4264,EXTLOC-adc7c54942c89c0d4b077644,,
EXTCAND-fc5350cf919c1b59cd9247a4,EXTLOC-6a09b4c7259346d7e8eda358,,
EXTCAND-7ff75bb1970898f95596b77f,EXTLOC-985185a8615c21ea298a1494,,
EXTCAND-292ed17740d270faebb70ae0,EXTLOC-67c127387b677f2350755a54,,
EXTCAND-75b82df8a0ea6bdd9b69c74e,EXTLOC-668c4f3f155888cad18758ec,,
EXTCAND-2cce0aca3a584d7701278084,EXTLOC-69a98ecc6f11206ee64b3969,,
RESCAND-6ee6d516aec096eabe4dd35c,EXTLOC-27e72afc19385cdf5987c5c6,,
RESCAND-d0a604705ac8683c8e353712,EXTLOC-bf06bd17f7a3ee85430f61c1,,
RESCAND-654f7c9839e41ec6d2a4939a,EXTLOC-7cffcf40b7304676c04f49ad,,
RESCAND-556733eece12f0dd70bb53fa,EXTLOC-bb6b548cdb9788892dc3822c,,
RESCAND-a357aa16db9faa0f70d975c2,EXTLOC-194e6d7f7d74ba21b3c03caa,,
RESCAND-b5cef23bc8f694bea9c3bae6,EXTLOC-b044b34c9a046dc3119f1787,,
EXTCAND-30a5d7740049f946a59dd24f,EXTLOC-cf52bb79ed7fc5052fcba42f,,
RESCAND-8536dc7f720856db69b3b4fe,EXTLOC-e5e7a41f478e285c59ab23bc,,
RESCAND-a57ff2effd5bae503a1eaba1,EXTLOC-94cc25975d5af4472c08b954,,
EXTCAND-9ee2204730d1fe5228f28746,EXTLOC-bd17b55b3353cd06356aa356,,
EXTCAND-78fe38eb9e04361caadee236,EXTLOC-14388a66b75b91efea3851eb,,
EXTCAND-24174fc1e410cf629a084479,EXTLOC-ed53ce34082d9f24e0541ed7,,
EXTCAND-65db0cb2fca6969c24cf230b,EXTLOC-aefc2d3c49dce24ac01f6c52,,
EXTCAND-8620c116b3a6d35acfe23447,EXTLOC-e0d1b2b8a671aa7acbc890ee,,
EXTCAND-a1506ae43868786277329cc6,EXTLOC-7ccb8fa2a924ec7173e0810c,,
EXTCAND-69fe74905f92418f4e8bf9f5,EXTLOC-70d8fb9a7c69ac501dc03740,,
RESCAND-865e665fdeaccbf1add1177b,EXTLOC-fcec583f3c0b3e98f36bca70,,
RESCAND-c413a221bb6946a446d7537a,EXTLOC-2b40a5cce00febc40a98bd1f,,
EXTCAND-251cdbc8119de6ba36610c26,EXTLOC-da94229162442d405801eec3,,
EXTCAND-ada2ea4de561f07235619133,EXTLOC-6f5971a1ad706a5f19f7592f,,
RESCAND-3ae325a80974d5903729cbd8,EXTLOC-d7e5362cf710c42ceab6efb7,,
EXTCAND-48c7567aeefa3ce6a1747d3a,EXTLOC-11d6278a8ad31d6ce8bba5a9,,
EXTCAND-35975d303bd0adea1dad0660,EXTLOC-696304c8b573b8e1fea21f66,,
EXTCAND-48bf80cc87cc7a15dd910575,EXTLOC-b713ca04d3bd74963820e141,,
RESCAND-11a0f4faa9432fee56cb8590,EXTLOC-bdae925f1acdb033db734ae6,,
RESCAND-c5944cc829ad2943f0676f4e,EXTLOC-3e683517dc2afb679b9b0b9d,,
EXTCAND-2f4bf55e47adf357b2342306,EXTLOC-3194c4a815cd7fb4a91cdf37,,
RESCAND-8a75b5f492b9057265ed407e,EXTLOC-8448da996ff3603ad1888cdd,,
EXTCAND-d467ae0f58f3d24507c1baa2,EXTLOC-9ebb56bf435836ab88dabe90,,
RESCAND-4cbaa6cc3cd69d91d99692a8,EXTLOC-e48576eb1b83c6b9aab5b051,,
RESCAND-c8df0e34b84c62121c431870,EXTLOC-2e5c1c81f7a790728fea8364,,
RESCAND-0f2291a4722573bd4d6b6381,EXTLOC-0b90353558395bad0ab92ee0,,
RESCAND-5f427b1c688a716daaebc72e,EXTLOC-005212d5a5ee5542fa8ee2a1,,
RESCAND-fb3c228af63b52c14c18a452,EXTLOC-a3a46b40ceff74fe1f7a62e5,,
RESCAND-5995e2de6eec717d5cdc7a08,EXTLOC-b82c44c51dbf91ede79df5ce,,
RESCAND-9f12fcb3848fecbc28d1b024,EXTLOC-18ebb889acf24c5f1fe12fe5,,
RESCAND-2bc725089dfb2d497f522c02,EXTLOC-2effa4e712e73010fe918ce1,,
RESCAND-73302550086e301c31e9f292,EXTLOC-b069895a9d67d86ab8c66557,,
EXTCAND-140777170ae03cc3db7a3a94,EXTLOC-cacf1e2c5b6a4b77add217b2,,
EXTCAND-e85430872f1ab65e0d206385,EXTLOC-067f3fb71b46788ea8938674,,
RESCAND-eb15ed67901b345ac344e135,EXTLOC-d84697266816480ca196fa13,,
EXTCAND-a528e73afdd5551d8dd59b4a,EXTLOC-037383fa273db1221467d654,,
RESCAND-1eea6d584a1347229a38b85f,EXTLOC-c8879d71dea4e4fbb710aee4,,
RESCAND-5ac11f92c375db6ace677542,EXTLOC-a39a5a571ae15da2354bfb15,,
RESCAND-bb1017172049f4e000b4be62,EXTLOC-8ab1a27bce039ce8eec82f5f,,
EXTCAND-4bf2ef460a91a7168e54c422,EXTLOC-e52045f79cd8b11477c42008,,
EXTCAND-bf106b7686a4707c3185db24,EXTLOC-9423b78851d2bd52cf0d7c0f,,
RESCAND-f120173caa83817ede2553f8,EXTLOC-836d671e36f2f58f464929f0,,
RESCAND-1b428477bf4d4963a31f6f4c,EXTLOC-ebdaeb52848d27fc8fd2a242,,
EXTCAND-f079b726869f9be2e5cbf64f,EXTLOC-fd09f63228c7f6ee95839c99,,
EXTCAND-442c3d83e661c9103eea1da3,EXTLOC-6d4e8f102f8e2e7ee8145f0a,,
EXTCAND-93a90446fcdd9cca340cfdfd,EXTLOC-01f7fc8996506b2d51bd2991,,
EXTCAND-1d3aa53f0e47d104a4207f19,EXTLOC-176d917c0f551f6e6b3a65d2,,
EXTCAND-f724330d8113f63b595057cd,EXTLOC-2b7f5c33021bd47cd7fe5026,,
EXTCAND-4878b0e51063f6bfa0cd3b94,EXTLOC-16153fcd19c6d0ebc0b7ee98,,
EXTCAND-f6c6a10741696d7bfc1c0466,EXTLOC-eb813ba2ec7b0749c74462b8,,
EXTCAND-49e9c27baa0205a389817512,EXTLOC-87b30139aafced2787d8dfa4,,
EXTCAND-4deccf48bbdbd2a34e4b451f,EXTLOC-009e68961c5cdceab092e1a6,,
EXTCAND-9a2d035c5f9c7c1ba9496c11,EXTLOC-46283df24300806a446204aa,,
EXTCAND-f9c5d696eed8f9a92191be4b,EXTLOC-37d78e552cb347e99f92e375,,
RESCAND-c5dc077c1f24d1fb073369a9,EXTLOC-ff266b6328a65b60def2a13a,,
EXTCAND-6a108271c163bea9b9ad2c92,EXTLOC-0443afec99620e731815d6e5,,
EXTCAND-616c3a0b39eb62ee95c7673a,EXTLOC-b2210d68c87b72164d37fa90,,
EXTCAND-aa4266193f0e2fddef7c6fc1,EXTLOC-298491ede17fad5a8b9d5d3c,,
EXTCAND-d28d6250ec45d433343f9415,EXTLOC-ac407348e876bb63eab9844b,,
EXTCAND-ca39dfdef9fb00795e64c4b3,EXTLOC-821e472df5d0668b09897f60,,
EXTCAND-a9908a30866054a7ec844ffd,EXTLOC-764c48a1343dfe3147625611,,
EXTCAND-274cc0aab6b9637fa6d04980,EXTLOC-c149871b91e01707f03a9716,,
EXTCAND-0f62b5a4f53b0e92f1eb0e18,EXTLOC-bfbef38614e1bc8566b6217f,,
RESCAND-174b0ce9d75b1f893f121843,EXTLOC-c072f31e7bdc22db54f1c68a,,
EXTCAND-9fba531caec634959ec91a90,EXTLOC-2e37a450a87873753cdfbf3c,,
EXTCAND-69cde7c3c07e4df809c9f52c,EXTLOC-002f4bfa8c1b53509448fef3,,
RESCAND-4ccaf0ac9909348d284d3bca,EXTLOC-88fe5901212afb27c0802da1,,
EXTCAND-fb340fff75c4da832890d473,EXTLOC-f2fe26d4795974c7b50c7ff5,,
EXTCAND-de90287d012d92ae080d4e0d,EXTLOC-6fbb62ee6e32ef83a495d7e9,,
EXTCAND-a9b9b7d9582e932ab0ba69a7,EXTLOC-cf2dd38305e7c3ea436820b1,,
RESCAND-e173180bd2911f6eba7a2faf,EXTLOC-18159702f15d4a5987386092,,
EXTCAND-abfe01cd681a8e086d99a2d5,EXTLOC-527e70db40853564ac7a37c9,,
EXTCAND-c7cfe502806b2ecb48762161,EXTLOC-e4203a3b45cbd9d30a64945e,,
EXTCAND-a9499807b737dbaf9c1e6081,EXTLOC-778205b83a03bcc0b4e6e590,,
EXTCAND-5e74c6e4c21fd8fcda851b0a,EXTLOC-a9e1dc3567e683dd8bb50ad9,,
EXTCAND-acce5ef88dad7e8f5e9db7ec,EXTLOC-ff850bb9660d65d67e03af1a,,
RESCAND-4337dea32093cc9df2ceedf7,EXTLOC-36bc123a079657e8e37af501,,
EXTCAND-cd49b459a79e02aee2e5095c,EXTLOC-586d2933f41e29a8b5845239,,
RESCAND-935bff8c981caadb496c1c6c,EXTLOC-dad9cb4ee16d95eab0f782bd,,
EXTCAND-f654cce9b52cdece806bc63f,EXTLOC-690af38f17361e3bbbee28c7,,
RESCAND-12cfce259f8d8b174c938b9c,EXTLOC-3030ef3343bf2905abdc35bd,,
RESCAND-8658f11015f035a016ec3a11,EXTLOC-07cb35cb2b00510125c52979,,
EXTCAND-a80489ce331e76d2453d63c1,EXTLOC-63605ac18621fb40fe49bc5a,,
EXTCAND-23fc69c857007963577cda77,EXTLOC-5d4ef155ae2edda07d8b88a9,,
EXTCAND-d62b60f04b4e7d532f6f3b0b,EXTLOC-b2ecdb4de58ef42d93cbb968,,
EXTCAND-15d6c34a0a88aaa24b24e829,EXTLOC-d2a6a45acd6412813dbc03ba,,
EXTCAND-bd131927929d96aed49c70e0,EXTLOC-c48968932c2472601afcff54,,
EXTCAND-fcf4181dff2f54ac792310fb,EXTLOC-56df80a0c4915e88e8ae9941,,
EXTCAND-aca2663aa1fc43a5f40654b2,EXTLOC-d41c9688a803f2c67241dac8,,
EXTCAND-90f52a5f21b6dbda5c9422a2,EXTLOC-fe383b38450ac23b0cde668e,,
EXTCAND-16b745711d39086ba3d24664,EXTLOC-6cc863cd4a8b874a46593ee6,,
EXTCAND-025e72bad9bad18cd0d1e7aa,EXTLOC-eb3e0a09805ef753b15a9c10,,
EXTCAND-107d79bf83ce8c5fe1df907b,EXTLOC-41335b88207cfd53a3bb069e,,
EXTCAND-8e987f0830f4d7a1c744f43b,EXTLOC-56c58c2b289f182badf9b7f1,,
EXTCAND-c13b30ff0c42cff9006acb9d,EXTLOC-19f1de23ab1a98c385116706,,
EXTCAND-7f7520647ef72d976a4f2564,EXTLOC-53f49c3ffa4a5d5520ddd683,,
EXTCAND-f5f25e157f567d756b9fe265,EXTLOC-9b97c21c9f4089fe83004bca,,
RESCAND-2a60c39a880e5f85404b85c6,EXTLOC-50cddd75fcbaaf967e9789c4,,
RESCAND-e6bbec94cdcdefd4fe417580,EXTLOC-5fa810072c4d2b9d7ba35a13,,
RESCAND-18021a91de347065df939d07,EXTLOC-383b78195432d3fc287dd4da,,
RESCAND-b2a05d9e68c26e0674b8e54f,EXTLOC-121161f0a4d55de2511f4b75,,
EXTCAND-45bf920051f023148dfb71e8,EXTLOC-bb8ee552e9e2023092414f29,,
EXTCAND-9f978aca138844a3a2bb0ce0,EXTLOC-5f5ed2e46854611791d11044,,
RESCAND-deb0cc60c7a9dca6bcf9d10e,EXTLOC-d57a9a3c0702b5c3657eb588,,
EXTCAND-51a25771cb682ddd7dbfe2a7,EXTLOC-061251e68e5eaaaf9613fd4a,,
EXTCAND-6b5b91d24eb66f4b039a18af,EXTLOC-b3c5f003c5c999d361ef54a1,,
EXTCAND-82189d661975eaae4b239ba0,EXTLOC-dab77e4f14f9503df0b05e69,,
EXTCAND-c289bee3c5c01300e72c17b9,EXTLOC-4d72241b7c1b7db872e87285,,
EXTCAND-467c00c900fa74a580f39a69,EXTLOC-36c3b5c5acbf2217eb566862,,
EXTCAND-ba32322660b2a023cfe2cb3f,EXTLOC-42a094a7e93d6037feec6914,,
EXTCAND-b4a573a6b19a2ea3e8ad16f7,EXTLOC-1340a430f92f76292192dc8f,,
RESCAND-4c57de4f14a16c88124a6df4,EXTLOC-7e858ab6fd5469103b9625ef,,
EXTCAND-63ea5cf47a332f31bd1ea44d,EXTLOC-734716f5bfef27716fa27ce4,,
EXTCAND-9aed0d90a7e511ed8dd384ce,EXTLOC-20102fcd3f657eda318746e5,,
RESCAND-6bef5f29c6681029f42f91b5,EXTLOC-8f1dd7d0a2f51bdcd9b786cd,,
EXTCAND-8067bf4ca76c0e64e5d473f5,EXTLOC-c45568194b92a4a69ec9494c,,
EXTCAND-fd500bacad02e714b05a781d,EXTLOC-46be79464f3b0d91af377310,,
RESCAND-8b729afb859092f5f382c75a,EXTLOC-0bef8641b9f3a9d5c07506ff,,
RESCAND-41a2a9b34d38e85126e55ed5,EXTLOC-c08e5ccd24c93cb4e5532bbb,,
RESCAND-eea4bae319ac24e9c00ad93a,EXTLOC-daa54996d258f014f9c98d1a,,
RESCAND-e04b8e103d6e6525c3a5e40a,EXTLOC-847ab484273be88721089fa1,,
RESCAND-f050e93cd773fd879ec290e2,EXTLOC-1737e867b02ce4bffc16628f,,
RESCAND-925e3c01d439b3af7ef19887,EXTLOC-d03b931f4d6f53f32c9212c7,,
RESCAND-d12391670c5ede8a88058d17,EXTLOC-5c9dc9e108f57aca14fbcd07,,
RESCAND-fc456385c110a871c9c5c0f8,EXTLOC-990ce614f06294258cf67ea3,,
RESCAND-dbbae2e17ac5f0a85d465d0d,EXTLOC-93c2359e56510a37c88ef8d4,,
RESCAND-5b3523c337a457632250cf01,EXTLOC-14cc9265580fb47c88b12996,,
RESCAND-da45b86996592dead4ea1c74,EXTLOC-f5b6c58e31b59095dc5e9d77,,
RESCAND-120627fa247a8aae8e03240e,EXTLOC-18da59ac8d6fe20ac5559ffd,,
EXTCAND-987649ed1240d1c1939faa88,EXTLOC-82a9ffc8c435638862e28a7f,,
RESCAND-5bff38273f908d1ef87e8ad5,EXTLOC-b0efa2de3e3b7e601eab049c,,
EXTCAND-58febe979283581dca29ea5e,EXTLOC-25bedd85b08b0ec4e5540024,,
EXTCAND-f2585e0799322385f56d9c53,EXTLOC-0bff78f782dd56dbbf43dae8,,
RESCAND-4ab8e45ec6607a035b8c8161,EXTLOC-fb9aa359a09104b2abb62870,,
RESCAND-aaffac6cd102a517ec2bedbf,EXTLOC-046882828764da4b67d26708,,
EXTCAND-bbf81e26f64181ac1bc338a3,EXTLOC-536182ef1065361f86420e91,,
EXTCAND-b3c3b2dcdd0ba327a4bafbaa,EXTLOC-949027fead24a21a15dacf73,,
EXTCAND-cdba022ec0e00eb048eb446b,EXTLOC-d063c717c3418ff4b543304e,,
RESCAND-3822e40a77384d55b8931fd9,EXTLOC-a9b5f809b5776ee8134ce403,,
RESCAND-40e4c756eceab5c6bb5bc751,EXTLOC-3b1d7df5b6c7bcd668e31fe0,,
RESCAND-cc90a1bd2c99ae55b7df0882,EXTLOC-49e24223f2c11a1fec107429,,
RESCAND-bf7a8db10c5f93095593b7f1,EXTLOC-c1dc61ed84a9627c69d64d94,,
RESCAND-e480c051a9a81fa3eb784a24,EXTLOC-563453ef14b82c0600606073,,
EXTCAND-3628012bf5729efbcac82094,EXTLOC-1b23ac892c8a59fb17300ca5,,
EXTCAND-48a01d8554dc9fd0bde36959,EXTLOC-5e09c40640d708e516f94a3a,,
RESCAND-5a9f6796e67855e63b452b51,EXTLOC-ffefb84dcb28fbdd92ca3078,,
RESCAND-7fe29da58fad51988333d229,EXTLOC-d6fe5ea9cb41c17a62bf630f,,
RESCAND-1e53379ee58e0873da86bb25,EXTLOC-b62f0d8d458e0fed023e4a66,,
RESCAND-2555e1d04f9390cf1cda911a,EXTLOC-f8b5962c32124b6576115466,,
RESCAND-26bbe3d54f8b8bb77da68c0d,EXTLOC-925d8e6b7b0cdd28c23a745e,,
EXTCAND-15b1562acd1812d80b743259,EXTLOC-fc196a1a0570951c458c2b1f,,
EXTCAND-a1bbe233371518df26270657,EXTLOC-9ad5a9112c69ae3da6598c9e,,
EXTCAND-1c95bd1a688a9659f813d406,EXTLOC-173879700661e36100e70bf5,,
RESCAND-d6319f20ea8d4714a08899bc,EXTLOC-7d93c10927bef3c9c1933f7f,,
RESCAND-0222077dab9ec80415eac54c,EXTLOC-9ccbc6a8b987242722bbd172,,
EXTCAND-b93abe4f77f75a00f380a00b,EXTLOC-a765dd2e9f348a8712e1c5e4,,
EXTCAND-e683d0db6f90d6bbc62e9a9e,EXTLOC-5d92ce454d1f48631d8d79d7,,
RESCAND-e7b5e339939e2158b69ef498,EXTLOC-b78f39bfd8876e91821349c5,,
RESCAND-e8e62cd95de3e3320a81f5f0,EXTLOC-5e05194c247af5f7a17466b0,,
EXTCAND-21130e2d3da42a32c1bda0c4,EXTLOC-dfeeff3e91cf5ff27365dcf2,,
EXTCAND-a92fa11d8e975f66fd550b3f,EXTLOC-0297401d1035231c8a7d9237,,
RESCAND-1d845d3a7e11f33673c48f2c,EXTLOC-7807bd11c4103811c9806097,,
EXTCAND-0d5d41fb1c0e1f1dffaefb84,EXTLOC-9540ed144e7aabc023a4b201,,
EXTCAND-8f4f8b18cbf507b41d32988e,EXTLOC-612deb500af1d36a0ac170eb,,
RESCAND-3f1cb2c8f31b8a3b3c65a89b,EXTLOC-828566799fb427c89a3ccc73,,
EXTCAND-1ffab681cb582133136f924e,EXTLOC-1b7e0f6a6a7a2aba5055d72a,,
RESCAND-d3817c5f817f2c49405dbb87,EXTLOC-b5123aef6ae55f67a54c63a2,,
EXTCAND-23a2c71e71035e28ef4e351e,EXTLOC-4740bc54fef6b8b2b2907ed5,,
EXTCAND-5e43542e1df56a2231dc2885,EXTLOC-9a0adf9a864b866f1c4999b4,,
EXTCAND-e4aba93668e96378e815371c,EXTLOC-73e505ba7b984f52f834652a,,
EXTCAND-258e069d484e6c3b0636761c,EXTLOC-602a495f9e151b3f53156a91,,
EXTCAND-9bd993b587463892f4a9cd4e,EXTLOC-0bfcefd4425300937f098806,,
EXTCAND-c268bfcf9ffbd1de899f262a,EXTLOC-242a191c2ab593e5f359f8ac,,
EXTCAND-c1355994fa9b04d8a4870a05,EXTLOC-5ec49afdd59e69c736ccff0b,,
EXTCAND-1f8b91fdcb3c065a0acd40e0,EXTLOC-58bd743b8a6255929939c36b,,
EXTCAND-03b093f18519549e02d5ae4a,EXTLOC-3067f4f2756f8e6fb2d4ac98,,
EXTCAND-53d1a89e8e1c976519aa613a,EXTLOC-a366a8061965939ce76463d3,,
EXTCAND-113b8cadb31f9cf087ef5076,EXTLOC-6a71ee2b323170c0c14cc4de,,
EXTCAND-78d14a05e6f7b5da5f4ec28d,EXTLOC-18770ea467d06b9ab7fe2943,,
EXTCAND-76e256e15751cca858aedf79,EXTLOC-bb923117ffcf18333f7abdf7,,
EXTCAND-5fbd27d580c7389dc7a7eb51,EXTLOC-ff123d479e658657ef1d2c18,,
RESCAND-ea91e3176c54da27ece32b2d,EXTLOC-24b4130d7b576f4c2b9791ad,,
RESCAND-653a7aa62a6a8d43b8dfcb1e,EXTLOC-b8a1d72e31ffbbd1939216d6,,
RESCAND-4e712d4704ad9618ba185438,EXTLOC-eb722d8f2b05b81f543fb1f8,,
RESCAND-4e04352051b449a5a9fad956,EXTLOC-0ec7e72a4174b3cd38b96ca4,,
RESCAND-7c7500b22a6a6c0c55419384,EXTLOC-6b68fcf24063436c17071689,,
EXTCAND-3bcabfca9b40e20a10c5b867,EXTLOC-06ff3a8cd00feee734d8d343,,
EXTCAND-edc57b95af0d3ec52f7cd7ff,EXTLOC-c81f1b9c32538acf4a566992,,
RESCAND-3d8ca4fcbfb7daf0987a4761,EXTLOC-78d210eb3a3c5542842b09df,,
EXTCAND-d8563ea65d25cc642fe22721,EXTLOC-e853830876ffe81453dd702b,,
EXTCAND-90c2f9488bc2d337f483d8ff,EXTLOC-4dcb49531a8a966eb03885c0,,
EXTCAND-c286d554007d94679bb02763,EXTLOC-6fa0fc6525a54d465eb0c283,,
EXTCAND-0be344113d0945f636ee317d,EXTLOC-e7c591d5c6166ed7246aee94,,
EXTCAND-b148090aaa44913882fa9672,EXTLOC-ac960fd1dd8489467e0d3a11,,
EXTCAND-c31a8a30d4e5c88447eb257d,EXTLOC-bbbb87964c84f3cc9c3dc37e,,
EXTCAND-f89b7cf5e7c325c0af2df085,EXTLOC-4b69a7d75e5bbc3759022adc,,
EXTCAND-f897f580e5a91abe1c6ca05b,EXTLOC-7230876339755852d73ce39a,,
EXTCAND-6de0b261c76d01e9f6d8f75d,EXTLOC-2010c83206c9a5cc840aa05a,,
EXTCAND-250762884c2744d4037074ef,EXTLOC-4eda3ac4a77c9ad78bea5863,,
EXTCAND-b2ea6fb4ad561cf8d6de86dc,EXTLOC-bc6ccd7ad41a4cf1af1d1689,,
EXTCAND-0dd03a56ede9cc4925ac6fbf,EXTLOC-d90572f751573b8ecd7ab1c9,,
EXTCAND-35e2e6be5e04059ddc3cd40e,EXTLOC-32fe63c3d4d58f0d0e56ce27,,
RESCAND-d3917ff0d3dae845ca8bc732,EXTLOC-c46cf3f37aae7c1cde408b43,,
EXTCAND-c3ad4078eab16c9589bfb86f,EXTLOC-73699df04fc9ab7a313467a7,,
RESCAND-6431bffbc43b315a4d82780c,EXTLOC-232c6ffd68b0327ffd665ba2,,
EXTCAND-4f23e4e4fc231acd69932ba2,EXTLOC-9f5e29a6b74b4508e97cfa23,,
EXTCAND-f65c4771dcca35d5c6543655,EXTLOC-d0070c8a5fe7d6ac02190bfd,,
EXTCAND-17e5f779dd48f3cca763be2c,EXTLOC-9bd35b6c67d9db5ddca31f00,,
EXTCAND-8e28fda2ca9f43dd62e488a7,EXTLOC-93a4d5c3be860083a03d281a,,
EXTCAND-aa6ce3164358e6d824dee158,EXTLOC-0d739e3366b3a730f8f35f52,,
RESCAND-f435f6b4440d3492737202d1,EXTLOC-314f59ffd1a25e0e3ebb5948,,
EXTCAND-b5e4b4ebb4041724947296b5,EXTLOC-656ae40f63c567571fe543bb,,
EXTCAND-ead61b58cd1947064e574dfe,EXTLOC-2589bbea7ab616b53bdc2502,,
EXTCAND-1b50d503f1929b122f26c66a,EXTLOC-83f1758e93da4dc845070500,,
EXTCAND-b88720c6ce3f451cbb071f2a,EXTLOC-0c1af577a7ea1a453af11dc3,,
RESCAND-06bf560f549154733b157e59,EXTLOC-d2a6668f73ac84705eab1867,,
EXTCAND-3508b627256e203be0e124f7,EXTLOC-7566e5a8075de1e495d474a5,,
EXTCAND-7b60e45e6137fa08ded18040,EXTLOC-d4b1419d173db143cb8bb6d6,,
EXTCAND-9df5d7e376f06a203cb35c06,EXTLOC-5b9c9aaa04ccc0b853c936c4,,
RESCAND-dace98a3ad40bbc9b4a491da,EXTLOC-ecd22e26d3b0eee29df573fa,,
RESCAND-af28ec9ce5024deff4b52f8c,EXTLOC-40a811d112c90e8e957f2675,,
EXTCAND-b471295465525fd2253b4e9f,EXTLOC-73a89d1d43142d29f713418e,,
EXTCAND-86ff04d7de2f21a38246d5d6,EXTLOC-ec93c82b88d7a478f36545ea,,
RESCAND-f0de05258393c668c51f787e,EXTLOC-750646443ac657d388d68b06,,
EXTCAND-a7275e4da5df7e6cf8c109cd,EXTLOC-adcc4b1e31265dfdbeec9c35,,
RESCAND-09e2fb9ca1c06e92ee26c8d5,EXTLOC-e8d376ae1bb72ad1b63cbd59,,
EXTCAND-eed592861f00b0be4e475e8f,EXTLOC-a00656e10364d7e48695634e,,
EXTCAND-72e1ec0260e9ae4cdfce08c7,EXTLOC-4fd8c6f6765f8fc0d558a7d7,,
EXTCAND-2a243a8421d5b1f1360f991b,EXTLOC-7c3fe3560636fd2a5e14151b,,
EXTCAND-b030ebc6a4538aa9414ad5a4,EXTLOC-36ae5cd7e773ec7a4df8b920,,
EXTCAND-d80784feda2171b5c431c09d,EXTLOC-39ec9b577cacbecdfe38e561,,
EXTCAND-a3d40bac0eae6c0e1f39df38,EXTLOC-b979318ed81d559b5cff3f48,,
EXTCAND-ea15a72c90ef842192ec3b2b,EXTLOC-fadf05c33e19b1d95b54491e,,
EXTCAND-a7e71539c17599127f3abf7a,EXTLOC-e07fa7cd0d969255c155bf1a,,
EXTCAND-f7e11f4b39f967bfecaa3e1f,EXTLOC-a304a96974d5ca797d321737,,
EXTCAND-68d7c69b1fb4425218da8460,EXTLOC-25520c7ecb9e47934e1f4a10,,
RESCAND-570fe4c2dae98e3d5db1611f,EXTLOC-a1294fd20b941b4887eb1f67,,
EXTCAND-aed6eb6157addc930b6c40a3,EXTLOC-a0d1ebe418aaf10e4ddd46bd,,
EXTCAND-8e85c2a8a2e8b9a5cc804f32,EXTLOC-f40e1790746282375dae534c,,
RESCAND-369ee6b691ecf3b55333cd8c,EXTLOC-e98c0ff44dcc6af9bfed2cab,,
EXTCAND-c687964164657fb85dc2eae4,EXTLOC-898efc7f89bf4b528fb7faee,,
EXTCAND-edd7bda5adf29c5755595056,EXTLOC-5429e7c29b3613f8a9670ebd,,
EXTCAND-d2d8ddd02900cac84ec8b599,EXTLOC-d4003490d05acefa606dcf0e,,
RESCAND-c19a53eb3c74a8225212c5bf,EXTLOC-f0743686c27de2c182fc1f8c,,
EXTCAND-857a845b4e467c67d9336455,EXTLOC-701598dca94e547a34fd987d,,
EXTCAND-22a0a058d030c553c04df1b3,EXTLOC-1e53e52d107829276cd837d7,,
EXTCAND-4d647db608980a7d1ead0f40,EXTLOC-58076f79071c87602d07bf16,,
EXTCAND-75671eeeeeacd8b07ab82b4d,EXTLOC-f3e05064caedb207844cfac0,,
EXTCAND-431301316e3e48a87f6b55c6,EXTLOC-e38931afbbc525e31fe84c07,,
EXTCAND-49c2a4eb91732021db4c062e,EXTLOC-f29f0fe61227f20e20d159cb,,
EXTCAND-de0c5382259b3cf68d4486fd,EXTLOC-c5aab3f6b94e644774878029,,
EXTCAND-f29ef4c647dc2ac2e97397a8,EXTLOC-dd177ad34ce10a6925de1c54,,
RESCAND-c28488b8a38d3b5da0fb2a85,EXTLOC-555c70be865f20e2411e8a8e,,
RESCAND-d2abbc5308e8fc6de9a30b85,EXTLOC-da11d1f7eabf7c2209945090,,
RESCAND-6e0d142a202f7faf7543b220,EXTLOC-06a36be93d3c6cef67e093a0,,
EXTCAND-aeec209eab6b0534d071ffa6,EXTLOC-3af351e2a06b081b3fec974a,,
RESCAND-f8f1d972140049898967e8e3,EXTLOC-68df4d570456e0eaf63cc3f9,,
RESCAND-1d7a05c25ad1e9f4bed328cc,EXTLOC-f9af9728f1417a1e78fdf5bf,,
RESCAND-1545c5ebdbd40c27159c6f06,EXTLOC-ab6fda254a45bd0e1b35fdaf,,
RESCAND-52a205ec7054811b40000435,EXTLOC-2505c61410f54660f58cdaaa,,
EXTCAND-1a17dfa2d931ddc55c2a9e30,EXTLOC-6b93264e6fa752ab6d7acaa6,,
EXTCAND-5092cefb69ad856d01de272d,EXTLOC-c3a347128545bf9ab7abebbd,,
EXTCAND-68cdfab7656914dc6c50d783,EXTLOC-cfde33807f414107200cc4bb,,
EXTCAND-bdfe7bf0cac8e691305fcabb,EXTLOC-fdb2f7708dd9b6ef09365917,,
EXTCAND-2c911c3a7aa9afad89bd8ae8,EXTLOC-c493adc6d8f633b7ad2d740a,,
EXTCAND-0f13ffe0ea565e1170316b61,EXTLOC-40b3eee885db214dc6f0600c,,
EXTCAND-2b2fefc78e358a92077b3412,EXTLOC-743036426a2d5de03a928d83,,
EXTCAND-9222fcc0642f03c29be29841,EXTLOC-654db627bb64eb90c233cac1,,
EXTCAND-9dcd451faef843edd0c217da,EXTLOC-2828a24a83a44959aa7703a7,,
EXTCAND-87903a13e876002ad76f6ba8,EXTLOC-d8b5b4a534f380b36d357d95,,
EXTCAND-7541b738ad7e1fcc5ea60a1d,EXTLOC-ffeb125ceb784a0d11539868,,
EXTCAND-a8c0c780c3a9ffaa6eb4de77,EXTLOC-021a323da5c599170e41b268,,
EXTCAND-8db5a27410a3ebd087321174,EXTLOC-5eafe56bcca15b81ff0a1df2,,
EXTCAND-58e8b44b5edfd9839ef94f47,EXTLOC-a1f039e2b8d38cd748c585de,,
RESCAND-9c15a1726767804a2a51adf4,EXTLOC-509ecdb298fc4df8023ef87b,,
RESCAND-10fff0cfe3f3efc5c749d4b6,EXTLOC-b03b3d1ab505bba42ae9468d,,
RESCAND-6a5bcf45673922823453c9d9,EXTLOC-9483d169526fa3bd85d59473,,
RESCAND-a711fb10308c5e6e447efb98,EXTLOC-75224033a7af849693ed12ff,,
RESCAND-a4ed0a40598af500d5d753c0,EXTLOC-7017cf662def046150f137ee,,
RESCAND-887159adc9a1ed03c94d611e,EXTLOC-81d0cd40e7cc3603874710d5,,
RESCAND-743965270f1bbc91c0194a42,EXTLOC-439df274db45090821b94629,,
RESCAND-4c1de6e1ff977af1af175f6c,EXTLOC-ce7d646a1304c3ac3ebf3f6f,,
RESCAND-5242ea2def8a94d760af2924,EXTLOC-3f64a6ba5e3412fd0eaee7d8,,
EXTCAND-cca3850b6d3d378e4d7b338a,EXTLOC-9cdc1514833b42d7ed9f35fe,,
EXTCAND-399405024d4473fcdd3efa7a,EXTLOC-757763449dd8694ee759e9dd,,
EXTCAND-487bd45939b9c71399b3b1b0,EXTLOC-1b9cf616ac0226d9d371e352,,
EXTCAND-40683cd4a741a578197a2674,EXTLOC-01b846b230e5396a3ae8310a,,
EXTCAND-818e019031348152a56ece94,EXTLOC-4087f33a57a8a3ad997c5955,,
EXTCAND-3e516a9230237da1d97bea41,EXTLOC-a0d3f752023e8fd70319c4c9,,
EXTCAND-2ec0b73f680c05501013e7c7,EXTLOC-4d3c760c14a9c0994b2693d4,,
EXTCAND-faa2d2cc37278316522edfcc,EXTLOC-ba6d877a0b5951b2bb075984,,
EXTCAND-f94f59018784b75676930830,EXTLOC-5c50a3932ae0a6cd7333c7a9,,
EXTCAND-c941295d9f697d83c4d3a793,EXTLOC-e9f6e0bd3a36df9c430d1e43,,
EXTCAND-3b6a981eceddb44806e57b1c,EXTLOC-a40b8671cfd96a34c8a80dde,,
EXTCAND-38d4ef4ca62fb3e99d22f8bc,EXTLOC-17dd57c0c944ef88dc7f51af,,
EXTCAND-c6910b0ae0b355cab8773b0f,EXTLOC-c8c198c24fb776e23be7cd2a,,
RESCAND-87e426de4a70734b1858313a,EXTLOC-d51763406d9cb30dc756ce07,,
RESCAND-9933e26d78296b858e5df37a,EXTLOC-e9f412826abc808febddd4fb,,
RESCAND-4a9940fa91c43719936a2214,EXTLOC-f0eb6dc9e23c8252703d7a06,,
EXTCAND-74715850ad842965a60814aa,EXTLOC-83ce41e0334e0a28151b975c,,
EXTCAND-9f0a24e3b933ee27bc5cedbc,EXTLOC-fa7398a969ed3f744db9d51d,,
RESCAND-c5e5aa59e0a820f6284a4048,EXTLOC-701288f35c2719601e505857,,
RESCAND-76b2abf592e21f13c06b5552,EXTLOC-f3425f600a6087e8eeba97bf,,
RESCAND-74b67803e62abcaaf1abe225,EXTLOC-b5adc380d021ffc7d2354f77,,
RESCAND-099fb53581019dd694510cec,EXTLOC-c9c174839965cb60b1e2e34d,,
RESCAND-5255b98eb4a00420436fe240,EXTLOC-c672f3d8c5ee19fa2706ce6c,,
EXTCAND-ab1d91d32b06ab8b4985f1d6,EXTLOC-c5de68fc091c525adba07e5c,,
EXTCAND-a7e6d8511a88a1b61a803415,EXTLOC-d6884c285cb26eac2d900f11,,
EXTCAND-b0c8f699f71a446b8ce55369,EXTLOC-c2daefcacf0ecd8603ccd923,,
EXTCAND-9df25c2fa9fa5669b411ebad,EXTLOC-5cd1c5248f0646a7156333e6,,
EXTCAND-cda4b0fb2289173b8d8eed50,EXTLOC-68b8390babfd978cb8b9c563,,
EXTCAND-420fb1c08811eee515a25040,EXTLOC-4841f861fdeaef1ad7f50f86,,
EXTCAND-e2fa4ff08cccb32f74d8314c,EXTLOC-57c4684fc0be844b8600c567,,
EXTCAND-895c59c7b78b9c148631caae,EXTLOC-ffd9b87bf6b51d1c209de595,,
EXTCAND-d755d8af1284dfd04f0f6230,EXTLOC-8f7befd62bc2030caaeeb4e2,,
EXTCAND-ec7c3be337e87b04d070cdf9,EXTLOC-f7ca941e659c093003a23f01,,
EXTCAND-3aa2cf18fe3dc8a69b0fde2f,EXTLOC-6595ba2f7cc4a42bc5a3e604,,
EXTCAND-3b34e40f1be61112dd852a77,EXTLOC-919ca1c8282617f219eeeda0,,
EXTCAND-ac31b44222760bca39143ac0,EXTLOC-423eda7f92fc55f58904c3ba,,
EXTCAND-975eef87aac8949cb73df6cf,EXTLOC-164bd44fc29676a41653db66,,
EXTCAND-1ab32ccc2eae70388ac150d6,EXTLOC-55da3d05e98ccb253b72faf1,,
RESCAND-bf12ed74629749f9d673facf,EXTLOC-3783d71e64e8d593e608465f,,
RESCAND-f11d2d6cf9a72379d54addbf,EXTLOC-15107529dc740ac0dd45d0ec,,
RESCAND-f239e9f3eb769eed19c85ce9,EXTLOC-fe999ff75cd79198997b9008,,
RESCAND-46b50ca19a3b8fd3c1f190b1,EXTLOC-6aadda2ef885afb5f691b21e,,
RESCAND-5186fcb00a7d7c41c260ad2e,EXTLOC-3a7f1523370a8ca30a49463f,,
RESCAND-30674c15deda823f06074e79,EXTLOC-d3ba107a6e0ef435769c1daf,,
EXTCAND-77c5342eed51f372bf85677c,EXTLOC-78acc23f411bd65fe8012007,,
EXTCAND-2f6ea7b6a9ef807a80950152,EXTLOC-bf280c31f7aa3a21d07eb0dd,,
EXTCAND-f4fd96e17fd2c3631e099d5c,EXTLOC-adccc67ea1140faaf3c1c3c2,,
EXTCAND-f41b04b972e5de82694f8c22,EXTLOC-4af7318bd13ad96b73fb5d4f,,
RESCAND-d0ddbd8b66cd07593411cd21,EXTLOC-75c4ea434e35876add7a0af2,,
EXTCAND-06dc9ede97a03cbac697f608,EXTLOC-5ef0503f76ecbe2331b81758,,
EXTCAND-cc8167b857cbcc5fd3a732ae,EXTLOC-826662f86fd0cfd5fda46ecc,,
EXTCAND-b23ecc1f10963c2227681ad8,EXTLOC-32455efcda35f7eacc82b042,,
EXTCAND-1e8c23cd2d9c335930b3571c,EXTLOC-10ea046147d5d6d7ca4f10d3,,
EXTCAND-49c442c8a05d1d9108cc206e,EXTLOC-576c29ca07c8ad00bd524502,,
EXTCAND-bd4498ceed5a2a3b42766292,EXTLOC-afd0cb5bbf014aa6b97f8330,,
EXTCAND-bcb8254b416fc30822ac735d,EXTLOC-d6145a1296858cf9f43adaad,,
EXTCAND-b6270527f4a693e8dd3458ac,EXTLOC-e1fdff7a05d24b89ab6b7afc,,
EXTCAND-b65aed69462bce6141e52132,EXTLOC-dc9109264d8d59ee18fd5161,,
RESCAND-4264c56b06d21d85d311fceb,EXTLOC-bda8ea09d90b19f0159178c1,,
EXTCAND-4af139e40d87430e3a3b505a,EXTLOC-6e75ca38789ab0a79ab9a63b,,
EXTCAND-7728efc33957db801e3e2ec7,EXTLOC-9aa1dc9e1f845ee7c5cc5955,,
RESCAND-112e7d8a7e4ef08947320320,EXTLOC-4b846d2945c83ac8e0c984f9,,
EXTCAND-3a8f57867b46c2206a31b50a,EXTLOC-8d86359056e6c046b57a0a7f,,
EXTCAND-94d8dcb7328aa8a0b8ce74c6,EXTLOC-6ce8311e81a668bac30af243,,
EXTCAND-ba4f1205c19a491ae314503f,EXTLOC-619788c3fa10d14ccd41990c,,
EXTCAND-1db10779d0fae25ef86c6243,EXTLOC-0649936594b1415b8fbadcba,,
EXTCAND-0a247f47e09e60dfb316dea1,EXTLOC-19f3bff154a6b68e40db7dbb,,
EXTCAND-2adf460eea992ad7e6f59f5e,EXTLOC-ad167cb36ffe32fc953e803f,,
EXTCAND-9df6b429d08bc340e581339c,EXTLOC-ed2bd677017d6b8c84887554,,
RESCAND-ede96f47f4f86aa7feb694f0,EXTLOC-89f0416024e336448ee198db,,
EXTCAND-afcdc971e5242f12bfa507ab,EXTLOC-1898f312729085a09b472d71,,
RESCAND-142a5a032ce6be36605ac86e,EXTLOC-3456c7a95ae02a80a2836f13,,
RESCAND-3ac1aaa449675a5c52be7fc7,EXTLOC-10e3723fbe8e78b6be12ee83,,
EXTCAND-074e151a5f7fc956f6502ff5,EXTLOC-bb01ed829374b858c1855ac1,,
EXTCAND-100052b729817c699e6c071f,EXTLOC-1cd74521eb9b5c67dc824680,,
EXTCAND-fa3743a2132199f8b1cca218,EXTLOC-b05076c2961f213ef2bfee17,,
EXTCAND-a77dd019deaf74f1ae466c23,EXTLOC-fee66812405fc0832950b4f9,,
EXTCAND-9a63c764a306956016c673ce,EXTLOC-0ca03d6c3b9f2dfedb3d0d77,,
EXTCAND-4a108335faa016d6fab40214,EXTLOC-892e59a22e84be48b43f4605,,
EXTCAND-642c56719ff2b2eae93550aa,EXTLOC-1262bfe69c277517ba4e72a0,,
EXTCAND-e6d6010685338b02b54a9a41,EXTLOC-1b577049ab9b051ca97aa7a4,,
EXTCAND-c500ddb73bcf66da3d94da1c,EXTLOC-23f89cc5a44a42bddfca181d,,
EXTCAND-a9eeb5cbc20fca3dde21aece,EXTLOC-68b4148199679b2e220689f5,,
RESCAND-ae756aad8ccdce26a80d0ddd,EXTLOC-8f2bdb4bccfdec4e2c26f634,,
EXTCAND-7884a6a0402624ec26a4986a,EXTLOC-0c7637001497c5804a57e798,,
RESCAND-d3042315ac0174c665ef2256,EXTLOC-a6047aef2313f741a028c2e5,,
RESCAND-9398d14d703ad5985cd9f77f,EXTLOC-1b18a17fae6f10494794a541,,
RESCAND-526416a6ae4d54d09c2c2518,EXTLOC-7abdc06b2895e04f87fdbde8,,
RESCAND-e80fe93bd40f8b6cc8df727b,EXTLOC-719a91a894c95b3820a71f1d,,
RESCAND-da1e6b89589cfe78b44ab8d1,EXTLOC-2f77c6bb4e1e97533610fd1d,,
EXTCAND-2f80b068838f49805f2b8179,EXTLOC-c2611cdc3bc2fe5b19c8859e,,
EXTCAND-5814d2c8da293f8fd34157ed,EXTLOC-6321826f6b34be243625caf3,,
EXTCAND-d00b679c79d9c6c760239a77,EXTLOC-d47a9fcea4f37b6624a8ae32,,
RESCAND-09bc8379cba4ab565d791a6e,EXTLOC-7fe3ea5766f16ac44a3a95ee,,
EXTCAND-e3c6d25615b4a7b02a3a6718,EXTLOC-42ac513f5882c9733ff335b6,,
EXTCAND-e0241b805c21f420db0796cd,EXTLOC-ced0667ca4e09252b675530f,,
EXTCAND-b50d1eae2514895f830ee2dd,EXTLOC-04bda5f5d1e1704c260749fa,,
EXTCAND-7c3e4fc67fcea451769aca4f,EXTLOC-2951622e126e41fe02c9c2af,,
EXTCAND-8a24107824f6f9fbda21e726,EXTLOC-65391edc80f94112e700043d,,
RESCAND-719d3e908fb8a31a0a581308,EXTLOC-1737d2ac6e60bbfd78713cd9,,
EXTCAND-4ee8a9a3ababb53fb7f39262,EXTLOC-cb5a25fe8a66d6f18a3d2688,,
EXTCAND-c9dd8c89c56a161482e52631,EXTLOC-b9238a02116449bad1d14d74,,
EXTCAND-76cdde45f1fdb4d1ed20f259,EXTLOC-604254aaba05839cf640c9bc,,
RESCAND-d1b96122dba8b9659c6c1b80,EXTLOC-4b85b200b830f11756ac4bcc,,
EXTCAND-64bc51f6636aa569db596fb6,EXTLOC-c23f97935c9889aed4a0175b,,
RESCAND-90d7922cc342df4fb4391a58,EXTLOC-13f0ccef474e1fbc8bcac11b,,
RESCAND-249db374656c37da1a00c78f,EXTLOC-18b3a4f29be821b5b07d6307,,
EXTCAND-2f9b02a2ec5f8581c14cbcc4,EXTLOC-7e42896390aa2e2f384f73f3,,
EXTCAND-77b87a3449b2b9331229e88f,EXTLOC-75386b696bf7b294c8b5f43d,,
EXTCAND-9ffe5ce5ccb87f2fd3d829f8,EXTLOC-1cb055d72355c805f2ca7e6f,,
RESCAND-381ff784da30634f55583524,EXTLOC-a5e15442d1e981924a2268ee,,
EXTCAND-7850c3bddb8596e5ade1c939,EXTLOC-c8d04ec8a2590bc15b3aa2c5,,
RESCAND-f2f7ec8c411103f65384ef9d,EXTLOC-7b7cd024e3f5cdf0c533444a,,
EXTCAND-383865aea5c917b9f7a4ac47,EXTLOC-01e7fdd978382eaf454a62c9,,
EXTCAND-45334cd9782e9e1b3e1650d4,EXTLOC-c533d92116c2648bbd487fcd,,
RESCAND-c263aa070648b1cb24b04971,EXTLOC-d35ea9f6d38ba06cef3809fa,,
EXTCAND-503d2f3d291a6f8b7cfd8e96,EXTLOC-b7dfd461247b691aab2164b1,,
RESCAND-ac3201d03e14d5bb79d6a2b7,EXTLOC-74e72f6a38ba43906c30298d,,
RESCAND-c1414bf45e94a0e6dcacbc59,EXTLOC-db0d4b933fbe02aadad3bd3a,,
RESCAND-c51d490949409c64379fcc4f,EXTLOC-928ded040d9c6436b6f66014,,
RESCAND-0daf7814bf1a7d0e9a11ab4c,EXTLOC-c3769c2aace76f0694ac254d,,
RESCAND-e34d6ad4f48abb258d67261e,EXTLOC-128beaacde73c6ef24c403dc,,
EXTCAND-711ab24065fecb60dd3a1e27,EXTLOC-326fe4cee9388f4fdb3c8ca2,,
EXTCAND-d27ed31583457211ca6cd6cb,EXTLOC-8e9c4104d624df5b1cde3355,,
EXTCAND-0ec8cf42b7bbde8c556f71d6,EXTLOC-71d6db69adfbbf64d5be24b2,,
EXTCAND-17fb50d53b5ba3370167b5b5,EXTLOC-86cffa6fc8c02557c62f209e,,
EXTCAND-f687fe0050df1e7e28918c56,EXTLOC-5d88cc5373eddbfafe0f89e4,,
EXTCAND-0e4b09386b1b78da7fa3269c,EXTLOC-f87c1c25e700a0f5e63aa8d8,,
EXTCAND-c73f7fd6f26e767182bf053b,EXTLOC-0eb63f3df86e10ec8244fdcc,,
EXTCAND-1c40dfcc4379844a36cf741f,EXTLOC-018c643eba7e1fd51cf42fb4,,
EXTCAND-3824c9ea7d3498bd75376ec8,EXTLOC-7bfacd32a2fef3200bc2166f,,
EXTCAND-f548700cf812641041ed07e4,EXTLOC-23563ddf50d5ab361afa568e,,
EXTCAND-6b4a71f24f71c084829666dc,EXTLOC-c43c483077086212192de40f,,
EXTCAND-dbcb40b02f4bc34444b5d67b,EXTLOC-19ee8971bcb7e2b83e97895f,,
EXTCAND-068ec15159d7b8c34b07e63c,EXTLOC-e334ab28d9f87bcec0057051,,
EXTCAND-a9b166cc3223397cb95ec05a,EXTLOC-5c72d7012454307451348705,,
EXTCAND-1afcbee759cf4fe7bf20da3f,EXTLOC-6da7ad01fe22f81da8138b41,,
EXTCAND-4c76ce58bb69656f43c17e34,EXTLOC-5a62dbd56e810687d60f8e37,,
EXTCAND-41f24c676af9cf58d52bcea6,EXTLOC-eb844d979a785c64a83fb226,,
EXTCAND-5cfa8e799d16676939c2639c,EXTLOC-d598e545448b5bd652b230f3,,
RESCAND-b4bb54abfc326528f8b3a62a,EXTLOC-a46f1455c6d19f39fec1e184,,
RESCAND-1c92b4986320974345415ca1,EXTLOC-29bbceda4c971d73fe703cb2,,
RESCAND-4def8421cdc743f62bfc0a5a,EXTLOC-c9721c972881af89a1a52eaa,,
RESCAND-b106b3d9b9fa0009ca86abff,EXTLOC-1a3afccd64953effba6c9bb5,,
RESCAND-a8df319025af92de24b4177d,EXTLOC-abf29354a51067a8dd9ca7ec,,
RESCAND-e41e006d273ccd1a948cee1a,EXTLOC-7da1fe6c81c0a0909124acdb,,
RESCAND-c6f1bd91faaff251f41f3d5c,EXTLOC-59029c5b39c0530d0fcbf74e,,
RESCAND-ab7356b8906ddb2f1e017055,EXTLOC-7c648ff8bbaa6fceda5d1a1f,,
EXTCAND-e628f37329514fb03c02d5e1,EXTLOC-375549f29566ac0d56bc84fe,,
EXTCAND-2b48e83da3dc04c16ad14ce9,EXTLOC-a1912c51788523537955f587,,
EXTCAND-cc72d89bd9e5f414464c519e,EXTLOC-315d61870629584cf160327d,,
EXTCAND-e35bc6dda58cb8d4335918b0,EXTLOC-a07120d353dbca582adf993d,,
EXTCAND-15e0348e4d845c9d0f5b2afd,EXTLOC-901292e272936c17159a8038,,
EXTCAND-8f578795198d315e3068b82c,EXTLOC-f0faaa5b872295c4d234e8fc,,
EXTCAND-2d04a457f122d0148f7ca72c,EXTLOC-af12d5ab48fc7ad410243be4,,
EXTCAND-e012b0ba82273e4235b0525e,EXTLOC-97ec890241a09ee035c04f5b,,
EXTCAND-8027aebdc93cfa069cfcc1e0,EXTLOC-80a2cc45b203b067419c641d,,
EXTCAND-4cc227c04513912dab75b401,EXTLOC-45afd988ae24fa798b6b8eb3,,
EXTCAND-84f2acf6b1fd77079ee96418,EXTLOC-e53d9bc382233cf371cf17ef,,
EXTCAND-31ad2991491a258507b92115,EXTLOC-45c3fa6c746f2f2f28bb00c1,,
EXTCAND-918865ea91d17ea259aa89aa,EXTLOC-100512e63d732a3a412e262e,,
EXTCAND-c5ccd9100e8061069d715e86,EXTLOC-d43fa6953391aa5239f02866,,
EXTCAND-88bf7823dd08f1a1acab5763,EXTLOC-9e6fd63c97866c57e685d4e1,,
EXTCAND-9c193fc2c5c13d261549a81f,EXTLOC-f38ac97e8a8c1f229999d818,,
EXTCAND-8faac87473c63468b344d15e,EXTLOC-af47d8e91795b6d0bce5af62,,
EXTCAND-6dc4bfbb403b99de40722f15,EXTLOC-2ec0665965b6b980aade2c59,,
EXTCAND-489d8e31cfcc4bcb51bd50bc,EXTLOC-e271fb63f62098684644a958,,
EXTCAND-0fde8de3c6910fc5a67cd159,EXTLOC-44497db1ce61b5f1ccb8bb6f,,
EXTCAND-77cd75ad478ff7bf740dbd0d,EXTLOC-409a13f86b5c20da12ccd664,,
EXTCAND-d8e8c6ab8db08bb511f0a529,EXTLOC-1a03d9884013c8df7faef544,,
EXTCAND-4a67d400d562c26de816dea3,EXTLOC-90356ad3297e7d345130e023,,
EXTCAND-2dcea1e125845b597eeb9211,EXTLOC-38d17e7d5edea91ce328fa8f,,
EXTCAND-98b4702a50e0802ad6c10a76,EXTLOC-82913dfa109e35a395ad28d8,,
EXTCAND-dfa2bcd58fc62179662a1067,EXTLOC-8d64a874ce2524f76e50f741,,
EXTCAND-daeb64fb46dd7b98b5dbbc66,EXTLOC-8fa5108a3e023542c6b3cdfb,,
EXTCAND-7ab9ea29c01062d6105299c8,EXTLOC-a50684ab5fcf4e018969c952,,
EXTCAND-ee3e807c9080a81d47212ce7,EXTLOC-7b383b73f718576de73cea4b,,
EXTCAND-9cac7dd30fe526a21b848b37,EXTLOC-9b4da93d094328615836d530,,
RESCAND-be45419121b2094d8eff100d,EXTLOC-39524d98a6fc8b15bdcbee4d,,
EXTCAND-17ec6bafe184a66867b16cc6,EXTLOC-2a023f7b6967687cb16272c0,,
EXTCAND-9d8b822103e715c0bb71bda5,EXTLOC-08eb76f9484db925ed192310,,
EXTCAND-a66a2927655579fcc5ecf9ba,EXTLOC-599246f26fe9b301ce35f1c2,,
EXTCAND-c98e77b4da2604f35234c5a2,EXTLOC-b9aecbb4ef7df3f5ee53253d,,
EXTCAND-2dc6b5204279b76be0dbb4cb,EXTLOC-2768b09bebe5a87845423120,,
EXTCAND-46aba0e2f9bdc803948211f3,EXTLOC-f32ec9fab0e8cfb06b608b33,,
EXTCAND-2c8c007a85df6069523f172c,EXTLOC-832d87f3de5b668613cfa992,,
EXTCAND-ab67046c11aa364f0cd956a1,EXTLOC-aeb950a4409a6014d9531778,,
EXTCAND-a7b04dd4655d8856584b1b4c,EXTLOC-089caf1a8b8e602e0824d048,,
EXTCAND-5b5aa99f7cf67d201e74e108,EXTLOC-37a8269f472c586435dc58dc,,
EXTCAND-c30edc51e4f6c36ef1b7fdb3,EXTLOC-4ed4bc0e5b0660316909fbc9,,
EXTCAND-86d56c1259d03b817dd781c4,EXTLOC-799a0b057d70cb2fb6ac9b48,,
RESCAND-613eaf430009e747802f280e,EXTLOC-faaa98dfe1ceffe5eb084e5a,,
EXTCAND-7e105db578625138e60078fb,EXTLOC-a250810efa8663f1e921447f,,
EXTCAND-c8b62ca01565698592086c51,EXTLOC-17e459b5829947aeb52f7aa0,,
EXTCAND-a3ac332ea6ff0e9f61263790,EXTLOC-3fbab39d1c0497e92198f408,,
EXTCAND-1f2187ba32e9cca1ddfd622d,EXTLOC-66923879cc64dc3a2b67cee4,,
EXTCAND-b6ad204338aabe426b48add4,EXTLOC-c8c9c91494264a078c0f61fa,,
RESCAND-d8f25f78bfacc2043c3f70d8,EXTLOC-5ebe31a66545d799cc833aeb,,
EXTCAND-ae42e51e32c5bc3caa696efe,EXTLOC-40807edc3887ff65937194b6,,
RESCAND-bbac4115e85d9692ba773534,EXTLOC-9ca2cb830434415464551965,,
EXTCAND-1e66eaa6a0d91672d40ea131,EXTLOC-4c929b4dd3f68f86bb2c512a,,
EXTCAND-ccf9694f7a315cea1594305f,EXTLOC-7d86df4e5c6fdd8c4c564749,,
RESCAND-ff700e1e5b8eb62ddfa117f1,EXTLOC-fbee4f1046d8d51c0bb5211e,,
EXTCAND-dfc3523b87d309c28a352fbe,EXTLOC-1d7bdee24f54fa606eebd032,,
EXTCAND-baa1fd8f9786b50f1ee1a48c,EXTLOC-2b8eb9e4289ab6fd40b62ecc,,
RESCAND-fd7d6dda92561356b9c96305,EXTLOC-27b0a495d8b474a26d87199f,,
RESCAND-133ecfe1ef90726bbfb22daf,EXTLOC-869b24185c1227829e0e3ad3,,
EXTCAND-bdfb5c496bcaab82a6be4a08,EXTLOC-879335b3730d20e38c781d08,,
RESCAND-984594285b15b09a4f86104a,EXTLOC-a1b34828cc4d4749d3ce348e,,
RESCAND-21e40bd631896e93e6479290,EXTLOC-864086df5a43726a57ffb19b,,
RESCAND-bd6c7ad7d6d7f325f7c2cdff,EXTLOC-0f10aaa28ebd5e8171107519,,
RESCAND-7c05817f7995368598323faa,EXTLOC-e58e36fe7a8506313447a52c,,
RESCAND-68ef3ae10abab60cf7d2b496,EXTLOC-4a5e2e9aa09c115ceceabaec,,
EXTCAND-06b9fe9938dde2ae222cc6c6,EXTLOC-5b6133ba85abe6f2c04ff3a7,,
RESCAND-dbe27adf3d0445df68d42f1a,EXTLOC-bb22d3d249d99cae40b7665c,,
RESCAND-1dcdc11c9a9371e35932b993,EXTLOC-0f89d40553b3adae37e62dde,,
RESCAND-54cd1827d5f597db667aaf9d,EXTLOC-d0b01c5dd0791bb7e2daa189,,
RESCAND-458d77e9fc815ca09bddbb8f,EXTLOC-31151cdf22c8ad677ae7b111,,
RESCAND-ed976c9354e544013a142859,EXTLOC-47f442611bc560c20b1f7a6c,,
RESCAND-1246bd2cdebd82e69d91b20d,EXTLOC-dfff66bcaefa9fac2dbf9f5c,,
RESCAND-ac51efc758a216082d50ef3a,EXTLOC-96c9bc6589acc73f3aa0f1e3,,
RESCAND-a9dbf737c24697c549f50715,EXTLOC-6dd17c2a61a85f1c263bce81,,
RESCAND-3946f8ede6ec470bd6dfcad4,EXTLOC-4ddfb8e7a997e2d748e86768,,
EXTCAND-33dd6331c1ad5c465687c32c,EXTLOC-6027e0f1755ba28c47396d86,,
RESCAND-b79bc25fedbc5a4d97c0c52e,EXTLOC-1aecef53efab202069cbb84e,,
RESCAND-ccb4ed68126c751e25fbaf4f,EXTLOC-6b7cb21a95efc667185a7544,,
EXTCAND-134345b266e72f1020284575,EXTLOC-1121b9f49c1a7fc665b3a670,,
EXTCAND-9eaf4b2b62319ee79d40c126,EXTLOC-17b550f4dc42f8ab230a3720,,
EXTCAND-a52b95bee39a822caee9132d,EXTLOC-d3ac490274f4274b6e1dd3e9,,
EXTCAND-70254f4af9f88aee4c438a3a,EXTLOC-2df10d5eb034e3da4874cfc3,,
RESCAND-f77c63a2a4d09a0cac301174,EXTLOC-bd921b76e53681aedead9b84,,
EXTCAND-123b1c3ec806e1f73a6fc812,EXTLOC-bebbd8e3fcfa2686a8272ca7,,
EXTCAND-6975f31b4bc0360d958148d0,EXTLOC-1b6499f96410c7f396660704,,
RESCAND-4b60a685cd4b078c9f03aff9,EXTLOC-5d82043b87ca56860d4ed95d,,
RESCAND-44f30520e05e75568f31628b,EXTLOC-daf0024ece68e09e4308b1a0,,
EXTCAND-d7b8c9a0eaed7a3a7a93451e,EXTLOC-951a990ac337946ef1eb5be0,,
RESCAND-7bf2a83f00a255a22538ade6,EXTLOC-57123e7ec534ff5c2d5b3262,,
RESCAND-6b3d221289d3c6bcfe4050be,EXTLOC-295957d0a2ce4a842fe42992,,
RESCAND-21f81d986d01fca3e5d86121,EXTLOC-cf1052ce6ecc0c0f422dea13,,
EXTCAND-2664ecd3e44fb2605bb9b597,EXTLOC-402e6b52d1f61df2a4dba536,,
EXTCAND-689abb75cf2c64e84c6ab9ec,EXTLOC-25b08cc2dd4f2fb1a12cf54c,,
RESCAND-aeba86e5b3a220c238286cf8,EXTLOC-833f27b4942d66ecfcccf856,,
RESCAND-b858330dfe01e5974191cec4,EXTLOC-e76d72299334d50b75512eb7,,
EXTCAND-cfc59d6ade18a576840f465c,EXTLOC-b34cb9a4d45beb977fb29305,,
RESCAND-58acaf5f8a57253c34199a10,EXTLOC-d72e3a4658ec40a32b920bf0,,
RESCAND-5eb3db7974035b16bfe7ab9d,EXTLOC-73cd1d5f48aeed59b6dad3d1,,
EXTCAND-3c8c35e109ec440e3864a840,EXTLOC-2c2783d0d0f4f9c30697ae66,,
EXTCAND-785c6ebb6aba08fbc9f6fa86,EXTLOC-04d65774dd1da18c1420205a,,
EXTCAND-777c8ace81809588b6fcfea2,EXTLOC-05f8c3b3ea7db297a8f7e578,,
EXTCAND-7ff4c7cd53bacbf5c27007d1,EXTLOC-b35a692d4baf632eb4c13e09,,
RESCAND-de99973719732ce981ce8f7a,EXTLOC-34b7c34244f22440a2d7a42d,,
RESCAND-2109ed58d8e131b1fb7d80dd,EXTLOC-5291f92418d86303f530e105,,
RESCAND-47711ba8b6e5f44962eb97ca,EXTLOC-d51549323721fcf8f797292c,,
RESCAND-430f4214e3a5c4a298049da7,EXTLOC-421dc916df272f1a047410d7,,
RESCAND-7f006a4cdd91bc9263fed8a0,EXTLOC-2b065b2c3aa69ffa667359c9,,
RESCAND-c96be391a0e4c5160be49cf1,EXTLOC-cfa97b9a8768315006f18707,,
EXTCAND-c224110224490d811cd1221b,EXTLOC-bf052b3e9f8a6bae33635955,,
EXTCAND-def049be5d2b114d703ee9ca,EXTLOC-606317c4fc09d6b800a189e9,,
EXTCAND-8671f5e1ae426b3f5bd5237a,EXTLOC-9aee55d0c02551ea1f337a7e,,
EXTCAND-3bd166d7762320d89278d477,EXTLOC-0a55d556ceb1d63948b71a60,,
RESCAND-239ef55d4c558884a043a8c8,EXTLOC-981eed56757664d7949e4a8d,,
EXTCAND-b76fa89ac6322d760882c02a,EXTLOC-53ca46b0e323f99d2de0993a,,
EXTCAND-2bf3a250fe1043bd923b9136,EXTLOC-0146309ececc4d0851edb861,,
EXTCAND-d804215405b441e71dc46590,EXTLOC-157f83b3234a6113d16339d7,,
EXTCAND-590bf0a7a66fb6c3a0a85e1b,EXTLOC-39ce3a5e7383afe4dac946a3,,
EXTCAND-1dd0e4ba5dc61e5e299d21b4,EXTLOC-3366c7830e1579b8c0c4dd3e,,
EXTCAND-23c699ad949e4e6275a8ee62,EXTLOC-1242c834a6f9e0fce68eb3aa,,
EXTCAND-7f827bc82337f9c137b8ed70,EXTLOC-4007590887d0c7ac5b81d1a5,,
EXTCAND-fb751d275d66b5683aff3f8a,EXTLOC-8ca2eeb3065a74f26a00ae57,,
EXTCAND-1374914568bfb9e7c51b9b2b,EXTLOC-f1cb4622a29c0acb1502b409,,
EXTCAND-6f119e81bfdfc053810440ca,EXTLOC-5d29720f2f13537f549f00bc,,
EXTCAND-4bca6e8da590d1d09bfadaa6,EXTLOC-8fb726e41150333bcc2c0061,,
RESCAND-9b416568159e86fe102d2774,EXTLOC-ef348595a8efca2df4cd715a,,
EXTCAND-1a78fb85fd8477d9201269b6,EXTLOC-a61dc4540dcf887f600ebb42,,
EXTCAND-e1838bc4895a1601a2fc5ebe,EXTLOC-8ea1a29fdde190cd608c3fae,,
EXTCAND-3111493fcde908774d2fd83e,EXTLOC-6b7273eca918d5b7e9e09792,,
EXTCAND-547aa3cb1b1d302800e4e27a,EXTLOC-131e3c2002954bd606dbbcb5,,
EXTCAND-6dc4fc165976b7033ab3cd71,EXTLOC-6916ae5d6a1c5fd94d4149d5,,
EXTCAND-c0985826a0c314f42751db99,EXTLOC-2d65f9fcff39a38285c03b3b,,
EXTCAND-7dff0e7943525318a01d160b,EXTLOC-ded0552c6b52c475ea1b0e6d,,
EXTCAND-2839211cfedc4da5ab03b862,EXTLOC-eb4fa804c80a02c320e526a6,,
EXTCAND-e0025a3ef241b061cfcd2feb,EXTLOC-062759a8f67ed5a76706edd1,,
RESCAND-b9cc254ee5087a57f83c5384,EXTLOC-39b31966b3d685b99f732ef8,,
RESCAND-d5f14733e7ac7bc81fa0eaef,EXTLOC-6916ac54388edaeea5a69814,,
RESCAND-1c90d378275316e01c5899cb,EXTLOC-e3f6f9d5eee2a54cc9ef6b41,,
RESCAND-bdc6a3cbd7763072dee1d379,EXTLOC-c48ef445bc4859a6bfaac55e,,
EXTCAND-c78fb10ba76a96184ec108d7,EXTLOC-9bd8ec1c29ac33fd0deb981b,,
EXTCAND-2867f923139e779260751859,EXTLOC-4fdbceeddf36158d1b885479,,
RESCAND-549aa705ca9029cbe8d40734,EXTLOC-73c93c958ddae6b75a997614,,
RESCAND-1654967fc6ecaa78fcff58f7,EXTLOC-eebf0b4509b77717d6fb9550,,
RESCAND-b6f47c1729ff84eff42b5edd,EXTLOC-e98678dfbfddfc0c06d3702b,,
RESCAND-ee3643934b9908444b494007,EXTLOC-cafe0a60635dce3f7b288a38,,
EXTCAND-7eaea50bb536fd6f8c593fbb,EXTLOC-0931ca487442c29afa508f3a,,
RESCAND-d86459a8fad31958281025bd,EXTLOC-ee5b910dba4baeec5c7fc12d,,
RESCAND-0071666f8c4f829d8ba4ba4d,EXTLOC-a79cd0672cd96feb6a5db67e,,
EXTCAND-f998fb390d29c6b1835636ac,EXTLOC-1fa5203bce9a2901ab690473,,
EXTCAND-74a17bcec642ead27a73c269,EXTLOC-42d154d072ff88e7ad216468,,
RESCAND-5f1a732ccb198fabe3053050,EXTLOC-6083cdfc0d729fd31fe14cf4,,
EXTCAND-f147204914f32926089796d7,EXTLOC-35dcc7a549665b80a9c75ea7,,
EXTCAND-c4b7341085202a7ee682b7ba,EXTLOC-d9bac066354daedaf7c2d7bf,,
EXTCAND-cf67c6f5b75242256c2e48b9,EXTLOC-08acf137fa29b541541e17df,,
EXTCAND-b4204e28e013a3e0bd1e0279,EXTLOC-144191b86a8223d0a3a478c7,,
RESCAND-1c73f19d47b8225c58625896,EXTLOC-91bf9a8889eefce5d045a2cf,,
EXTCAND-1df0d82d51beb42a996ac4e2,EXTLOC-1932cd7d4a2dabed07ec599f,,
RESCAND-62ee3620e1d7f0df379f98c7,EXTLOC-442869fa981e44e67a923ab9,,
RESCAND-03557159ab190cf9f5bee1ac,EXTLOC-0161d90c1c76d1858e76b773,,
RESCAND-26c0d25d51345dbd989c4de7,EXTLOC-4e9fea1d0f75cb8bfb91e52a,,
RESCAND-7186cbd036fce446bd6cbd41,EXTLOC-313fd3aa060d100063f9257f,,
RESCAND-7c09d0929277a07cf8d639e7,EXTLOC-e1b8d878a27bcde42d1651de,,
RESCAND-dd35a9bbfc02f7e888d9ae58,EXTLOC-9709834417fae2702865cd78,,
EXTCAND-73fc4e15d6fe6e4b20f359f9,EXTLOC-8867de0d87e9e10e80cda8da,,
EXTCAND-ee366f97611544507098fba7,EXTLOC-4c42e987a05ed868fb513104,,
RESCAND-24a57c369c2fafe4a4024b3f,EXTLOC-9e66d8ac0f2df5fc51a5471e,,
EXTCAND-d197a1d7b1d8be4015963288,EXTLOC-86ae40969d98cf7791321daa,,
RESCAND-c8cc45b1fb87ff860e3de5d9,EXTLOC-69ae0641395af380b7b998cc,,
EXTCAND-8d3468482605bfb5fce38364,EXTLOC-1e77ed3159c47744a7c141a8,,
RESCAND-48e7d89a9429532f614287d7,EXTLOC-415627ed346667b117f87c62,,
EXTCAND-7ae3db2d459e69a9d683bd20,EXTLOC-f7e0e0ba133dd49b0b1ac0f0,,
RESCAND-497de6c6a5860f863330f1b5,EXTLOC-9ec19e763c5acc63f35f9ed6,,
RESCAND-a454ce44135fee62f5ce142b,EXTLOC-bac1b8dac79b76fd3f74dcb4,,
RESCAND-e2448c0f0190d31151ace358,EXTLOC-6f2205adf4e32de23f1817e0,,
RESCAND-155d45a576ad783f09cfa4f9,EXTLOC-543a26def20cfaf612d65a95,,
RESCAND-607c5a35ca5d0c68cd892234,EXTLOC-6a2319f2382622f0a3602018,,
RESCAND-caf408eafb361df283044fb8,EXTLOC-0d0f153aaf921d254071edf3,,
RESCAND-3117a5df4892014999a6b6f3,EXTLOC-6400acdc69b438591142446d,,
RESCAND-8c1363bde44cde2f67637684,EXTLOC-cb4f4a2e4a20b791ce99e38a,,
RESCAND-fa6e2f88fbe7d0f26f491202,EXTLOC-c64ad11a8e256b60fe410196,,
RESCAND-5e8c069de75fe07108b4ae1a,EXTLOC-993c5d15f257f3769b299aa0,,
RESCAND-c6cb60e93c2cb57c66a62bc6,EXTLOC-4ff235f7f041b60912c4d30e,,
RESCAND-144cc521965b2d8fbbb51a19,EXTLOC-a3a377f937db87fec66f9004,,
RESCAND-cb2a3b3468b923b6cbe838e5,EXTLOC-45d0f926f4b226d6f0962a75,,
RESCAND-8760bef920032c47e7714156,EXTLOC-5d762014a7b2aecda76a520b,,
RESCAND-4f865950f857614c1ca2b784,EXTLOC-ac7c33a89f8c50045a9436ba,,
RESCAND-bb0b6e08dbca84f956aa42e8,EXTLOC-da5586a42f96c55854246cb2,,
EXTCAND-1438a17f3f938049cabf4340,EXTLOC-b5a30fc0f20114ddb4220ba9,,
RESCAND-1fcfcdb7b2166a003618c9c9,EXTLOC-ff690e75ec4d94b7bb18d392,,
EXTCAND-887ba837a332d51b8077c776,EXTLOC-7bf2052e70445fd07b7f6b4b,,
RESCAND-112397174cc1586a923db9af,EXTLOC-76dd2b1a877e518e651d1bcd,,
RESCAND-08901c24d1c554a16c0a32da,EXTLOC-27c11a892ba4cdfea47f849a,,
EXTCAND-abfabe55e0d27842d7d3bf62,EXTLOC-1f7a4ec6dcc753eb501c0bfd,,
RESCAND-129d040ba686eed004a8c8b7,EXTLOC-d6ec979bd88b6594db2e4a45,,
EXTCAND-4cdac85eb5f01b00dd9cea90,EXTLOC-75d84a1b6733f5dc53ff5f68,,
EXTCAND-bcc569aef0968356737c0087,EXTLOC-05abfcbf3128708a9791ae04,,
RESCAND-08d2fe7c9410d321e0328f36,EXTLOC-07e40b84c1ed8d0301793f1f,,
EXTCAND-7573d943343917338271ac1e,EXTLOC-8122a761d802e605902ffc18,,
RESCAND-0c65898830b7d2fb80958c7e,EXTLOC-a97eb54042c1cc73a6a13cab,,
RESCAND-78d6d93383ea1c25ead842cf,EXTLOC-04a8b3f934facda8f89f4bbf,,
RESCAND-90956c2bbc1c6a60bce5ef60,EXTLOC-8ce650a45b0910f62821ff1e,,
RESCAND-4e2f1ebba603b2b05d4fc454,EXTLOC-9215e4eb8e36c9340306c9d5,,
RESCAND-e724cb4e74aebac8db9cf85d,EXTLOC-f92a4ee47af84914b9297811,,
RESCAND-ab6d4d230112a08100a11c10,EXTLOC-44ee55106f564d1d220d8050,,
EXTCAND-33428755c386a8b2a81b43ea,EXTLOC-2e82c4019b9b241bc68161c0,,
EXTCAND-fc49f746324bf671f6d39d90,EXTLOC-5272c64401658505590c020c,,
RESCAND-aff6f361425f0d1df86e2971,EXTLOC-8690d5e9d2d0fc5a0c1a07ae,,
EXTCAND-12dc289541cce9947c824352,EXTLOC-88a0728b182e14ca24734214,,
RESCAND-82e8b3076e411c3cbfe607bb,EXTLOC-48b98c8255c97c1210160e60,,
RESCAND-98e897be96756caaf339c825,EXTLOC-c7ed51e1093d4b4f51b3886f,,
EXTCAND-a9ce6f804abc7cb48f054f79,EXTLOC-58dee70b057d4fb7c082b4b2,,
EXTCAND-cd38d30bc80e7b85a68e9b1a,EXTLOC-2f014efbdc9cc880ce200e90,,
RESCAND-cd84ec215909ff13858a6572,EXTLOC-f14d5302f5fb0d24a367f32f,,
RESCAND-8cf575572abf529ab13dc119,EXTLOC-577f1b42a01d21162bc5c683,,
RESCAND-42d2c795e1db83a749f883dc,EXTLOC-eecb796523dc5468f0d3e957,,
EXTCAND-5b355d669ac2e92fc24e5fd8,EXTLOC-faf0db297a5776579de4e678,,
EXTCAND-dc9ebcd3ef717f6a84b6b7bf,EXTLOC-4c422d5064311b16bf7e5f9e,,
RESCAND-af649b8c1b7ddc34754e137e,EXTLOC-b0bc6da4c755d43b2745babc,,
EXTCAND-fd9704966db573657cbaa04a,EXTLOC-1a585fca86f24b72048f853b,,
RESCAND-4263b7ae6ed684ee0970465e,EXTLOC-fcf28a5979868e773f068f82,,
RESCAND-bae7c1a78d852ba7f2f67c00,EXTLOC-f0ae927739289f481d3e3286,,
RESCAND-db1ddaa227c7720d06b3d4b3,EXTLOC-3c4e570728cf857424115a1b,,
RESCAND-94bfcefad16fa76eb02feb2f,EXTLOC-11d8efc36011db9b786021e7,,
RESCAND-2223dbf6da2dbf04ca3e21ea,EXTLOC-e34249806a2ed6b2298e91e8,,
RESCAND-a93d93fab820ef73ae1b27d6,EXTLOC-801b25ddd96fe15546cc2458,,
RESCAND-c1514c7d082332ea170aa7be,EXTLOC-0dba87a872e83d485f3325c1,,
RESCAND-dafff7b950e75765956dbe7e,EXTLOC-a0aaaeb32e79da274fec5f2f,,
EXTCAND-91b5df6faf56e187810968b0,EXTLOC-3e9c0ba02dd46b6c895007ad,,
EXTCAND-6501b6847dd3e587afd28f8a,EXTLOC-f038681540eae990d45b3f17,,
EXTCAND-b53cfc7357f8700a6cde299b,EXTLOC-da22603d26031bc7c8147e0b,,
EXTCAND-2d10cafbd59bfeb28c8467be,EXTLOC-e1de5fb17f947198354a1347,,
RESCAND-4f9f8ba913ca6fc0aedbca9a,EXTLOC-491369411aaea3cc443c2608,,
EXTCAND-0207c878b4fee5d5f7602e54,EXTLOC-b904acb4343b0ef151981a21,,
RESCAND-5e1b2e16e0c59b26e401dedd,EXTLOC-a19f4278c7ee34294a536370,,
RESCAND-70557e1146fb87749e624b19,EXTLOC-ce87e26d5dc225ea1fb8abf7,,
EXTCAND-9be38b4b6accf4fbc156d08d,EXTLOC-9f8984a860dca59021658a36,,
EXTCAND-19d268ae70dee93516553fb0,EXTLOC-c45dc46a84545f7b5e04a505,,
RESCAND-4cac9699d71268a9b70226d2,EXTLOC-27586c667942f58898fc4336,,
EXTCAND-8a288fa71d535f9f66a89bf8,EXTLOC-d52a48c8770f2349bdc93c2a,,
EXTCAND-a61a374363450880d5eb45e1,EXTLOC-e194bc33308321f6f6ac6768,,
RESCAND-038cdb5411f593d130acab5b,EXTLOC-05e48bba3ba4517d781518a9,,
RESCAND-3209326dde49a0da9dbdd42f,EXTLOC-c51bdd404b212762bdc9c1a7,,
RESCAND-9f751997b4590142bba2d15d,EXTLOC-2553bdfdc93e84080e4541ec,,
RESCAND-80b9b5d392356615e7842421,EXTLOC-29fa1ac7cddd104ad7b84b73,,
RESCAND-ef0ce545677eb55842bcec01,EXTLOC-2fec9c31645b74e4ba0f3d7e,,
RESCAND-b8d946b1a5223463c76e541d,EXTLOC-2843536b419676388de534c6,,
RESCAND-f53d358190ff945efb994819,EXTLOC-bc4990f3e0596f34abc6c356,,
RESCAND-44000f42b1338308efe076b4,EXTLOC-c49a540909e8e02a986e4603,,
RESCAND-9cf5a381815b365299b8be54,EXTLOC-d530834768741a7861e360e1,,
RESCAND-928d2f8035ae6d87d0f651b7,EXTLOC-300a15011cac44b636286ecb,,
EXTCAND-2bdd92fa82c0f7b41d1f29d9,EXTLOC-56a20acf85761af08a1e5dc0,,
RESCAND-f121f521bfdccb6b32c22817,EXTLOC-cc5ab52a92ebe02d2672f28d,,
RESCAND-e85d5841cdfa424358f73bd7,EXTLOC-4e8981d966e14773b20d48a4,,
RESCAND-c7acafee95e0a63f4b3f89ed,EXTLOC-aa4581169d8b336a39988e6b,,
RESCAND-807ff274fe6747306433cfa0,EXTLOC-7c2699ab67bcbba302478bd8,,
EXTCAND-809d500389896bc3ee8b35fd,EXTLOC-59a6d6e9cc0e52bcc29600d9,,
RESCAND-8c869e290d10d851265944b9,EXTLOC-8a9559d69c8aeda147f2030b,,
RESCAND-5facb34ebd45cda8073122a9,EXTLOC-d2218af748281c38d7943863,,
EXTCAND-ab2257efc4cfdb96adc029b3,EXTLOC-e029f0815a85b46c70c7ac6c,,
RESCAND-2637c263d561643675c603e8,EXTLOC-44b2d7224a2b85c2e2ea4e59,,
RESCAND-7056a5e8e14142cc20fb57c6,EXTLOC-6c65c4437cdc8568aaf77c5d,,
EXTCAND-9b8c2b216a6c913e93439a70,EXTLOC-6d80dd419508c2bb98284671,,
EXTCAND-0e24a6b653386e88b0df3f5f,EXTLOC-8553576e09e6fb2b83dffa58,,
EXTCAND-74ec0c5d6cd1233f67705b09,EXTLOC-5a9f87aee02e5e54364b796c,,
RESCAND-fdfe4bf9224076c0942764c6,EXTLOC-b07d1ab805d050d91d837346,,
RESCAND-867f6c254cf649b739c73b90,EXTLOC-a520eb8cd5f6820255510fd0,,
RESCAND-bb7517472265edcbe704248c,EXTLOC-a4607a88135d6d3f0e9a45a9,,
RESCAND-d3d772544a15d21a3044840d,EXTLOC-283edaf831df1f71da263847,,
RESCAND-1a4e358d1478f070726ce992,EXTLOC-7c7d7fec560d8c969e93f121,,
RESCAND-0fdb1d307ba3aad882b62c27,EXTLOC-c21ad20545bc1f66ee703ad0,,
RESCAND-5a05e8abeb4c787a30775268,EXTLOC-1463d13679dd2e61fd4454ff,,
EXTCAND-c2274745739e0759db8c12b9,EXTLOC-14e1500a017e4098aad6b764,,
EXTCAND-afec423534a67cbf242245af,EXTLOC-165ab52d24892c3eaf44d9ee,,
RESCAND-e3ac78b5c0f2f7a1b3a4a107,EXTLOC-bba84ed1150668657c74ac49,,
RESCAND-97e70ad0ebfae4c70036ad20,EXTLOC-80966810023a38e26903ce26,,
EXTCAND-2de72f0acb01a8dbb8d31a6a,EXTLOC-9ddb4f9551bf6dedbc163207,,
EXTCAND-eb980eb476aab87e2ece6141,EXTLOC-4daaacb159bff3948fb746ce,,
RESCAND-56f1967cb9aa972adf0390a9,EXTLOC-25fa1321e4c46292c113c152,,
RESCAND-1cf4c1258136a9a3bb841e0a,EXTLOC-1b8fc537a1f86ed82d0cbd0a,,
EXTCAND-b73b1f5997eafe345f31e40a,EXTLOC-6302d74f80eb5597767fa3a3,,
RESCAND-d06dfca2e5e607a650758149,EXTLOC-0f44fbdc7af2153bfc8886a8,,
RESCAND-10a0242f7cefa1428e4c71c0,EXTLOC-657014df1414aea4cfa1b67f,,
RESCAND-0a0a2dfe3ed9460620402040,EXTLOC-c051c27bee2600a1571a0cf0,,
EXTCAND-38e2d2fd1427d2a50d000d0e,EXTLOC-63e2a39d5f26d68154a36c52,,
RESCAND-4e67d305020cf2c3cfef9e34,EXTLOC-35e6b3bff54145a23cc50a6a,,
EXTCAND-fa105488f9137ce3eabd09fb,EXTLOC-7a8020b7eb355deee2e22c4a,,
RESCAND-87a3c7c0165b20854cb5ee8f,EXTLOC-6522768a93d4a97aef61d867,,
EXTCAND-64f7d980ea337314f6e2bc67,EXTLOC-01f66f836b0e73691f34a9a4,,
EXTCAND-c7eef9dda46e13ca93c1036e,EXTLOC-ab51f4d52fa6727f30bf27b6,,
EXTCAND-9b6aeb9c401140d057dc7a2a,EXTLOC-172b950b31d6743d8b7d1271,,
EXTCAND-20c991778aec5c1d1c498ada,EXTLOC-408a7d942403718697d32056,,
EXTCAND-cfd8084f7f7cd89bea832282,EXTLOC-6f587d642dde7621beabf02d,,
EXTCAND-569ec5404d576a5f8c64e7a1,EXTLOC-eeeb61ca40f831fd3b8ad856,,
RESCAND-64baa990ab558544e3ec1b96,EXTLOC-04792a058cdc667cd7d0bc92,,
EXTCAND-3cdf4d05ee84ea6506066f1a,EXTLOC-3dc72becbeaddaf1263efa08,,
RESCAND-64410ddb2f892dbed99784e8,EXTLOC-9be01c9be085fe00b4ab357f,,
RESCAND-df5f3144c55ecd9278c161f0,EXTLOC-5386d2d9c02f8f9edadfac0b,,
EXTCAND-f5f1b3fa2f3fd9d789370972,EXTLOC-f05540c94466719d38e03394,,
EXTCAND-75ccecb4ccbbbac7645d8cff,EXTLOC-9f537dc3a338b4492de7a980,,
EXTCAND-1f97008d503d2560769521b1,EXTLOC-824988b810225879bcdee2bf,,
RESCAND-c71089494a549c92f2f6991b,EXTLOC-ee7a64f3ed882c9c8374c71f,,
EXTCAND-4db3fc45a22fe1690e9a1f6a,EXTLOC-b204cce6b0174c6042183fac,,
RESCAND-3b6b966e5f35915506993283,EXTLOC-945ded397d84675d7f101ce3,,
RESCAND-988f352d358eb8be168420ae,EXTLOC-b9eb2456e709943ed367af37,,
RESCAND-db8e500a2fd70a4e4b8cad0e,EXTLOC-8584b26221245882ea13243e,,
EXTCAND-e4051403f5a816a5f1813ced,EXTLOC-1cbd3643f488c16cd39bff55,,
RESCAND-fc69f9996abd37d935b68647,EXTLOC-6b342182ca3c39e1f9bee5f1,,
RESCAND-9cf6d74dd7300e7f87ea30ae,EXTLOC-841b2bbb39fb01c09c948c54,,
RESCAND-c4d1ed8d429f9e3f75fb7478,EXTLOC-806283c8aa4e4f371217092c,,
RESCAND-3a44f83a7fe7f7c2fe2b315d,EXTLOC-12147289fb4023750cc395b3,,
EXTCAND-de0b9a4f3a45bcdca89b1147,EXTLOC-7d91fd9a6104b52621d66ed0,,
EXTCAND-9f63eaa638eb10861a4641c8,EXTLOC-e930a28d25ae5eb69467222d,,
EXTCAND-84099f9e0786e40dbe916dec,EXTLOC-bf065e9a523d00d042941ff3,,
EXTCAND-b2419f1fb876526fa0449cfa,EXTLOC-aa4e16186ce3662723b88409,,
EXTCAND-8ac86f8d9e9c5551bd8fede2,EXTLOC-ff476b85cbc24f1c5a569a58,,
EXTCAND-b415e66ce90e3faf97982bc6,EXTLOC-c5ebeaec058ef8330b0f11dd,,
EXTCAND-78e29036127e65ebdb5f5349,EXTLOC-21f275c84d00df269f5fa9f7,,
EXTCAND-809ddd8ef3f7c252b23c3902,EXTLOC-d51497163e28f2a0be70ed9b,,
EXTCAND-7191f01b0cfa1fdbe28c9526,EXTLOC-3b69c804226d43e470e553ee,,
EXTCAND-36586cda54880f9840d0b59f,EXTLOC-02daeab235050af7e237da35,,
EXTCAND-d352a9bbb0587a253e92e956,EXTLOC-b826b08a1aae2092d80c1950,,
EXTCAND-e06e6bdb1194049d8d0bd512,EXTLOC-be76b716f1dacdbe41876c52,,
EXTCAND-d65960d2d63a106797b73e5f,EXTLOC-1f7fbb0650627c32f33d1039,,
EXTCAND-423573d0f4be41caf87178d2,EXTLOC-cc377c2b8c15e12ae1083b3d,,
EXTCAND-7fe66a2cc61af4def22712dd,EXTLOC-5c58b1eda0a972a9f7daf098,,
EXTCAND-5fc707e336909e6c9b4ec05e,EXTLOC-412d63a1d5f1eae9fdf11843,,
EXTCAND-a0627eb303bcffa14c5f4282,EXTLOC-fc847db87b35792797a73de2,,
EXTCAND-5803906596fd1c0961461cc5,EXTLOC-e98fdd0262ae57b3d8e49a6d,,
EXTCAND-f08f47550433869ce3f0c420,EXTLOC-bab62c92d27d841a2b7fadf3,,
EXTCAND-ff74259b599c8f3d82482070,EXTLOC-f41f81e7619ccc64a9302dd0,,
EXTCAND-c7f5bb14fcc0c4d280e1cf2b,EXTLOC-9e6d5552b5950e93118b5ca8,,
EXTCAND-ce9a826c49cc8a3e3220c636,EXTLOC-2a04f921a2b53a9812724a15,,
EXTCAND-f7d4b6eae5a9ad7cb984352e,EXTLOC-c717a4251301d4312a632b10,,
EXTCAND-0770f3c5151b0291ea6dc37a,EXTLOC-c031954b9badc79adb273a04,,
EXTCAND-4b3f3805000bfbf1e5105a66,EXTLOC-7aaf4ca2010ce80d7ce49e6b,,
EXTCAND-203a0c38f5cec01742963a9e,EXTLOC-584945bb9520048030906439,,
EXTCAND-8ead4a72d8f193b94e533901,EXTLOC-48ec59efd2ffe9f8d622bdaa,,
EXTCAND-ff6f47022bde93f2e5a2327f,EXTLOC-bc42fb4c3134c1ccaf44e2d8,,
EXTCAND-d1069510cd3cb11dafab4f39,EXTLOC-b5806ec8392d64e3cc05c91f,,
EXTCAND-d9653324b6715dd8fdfb5546,EXTLOC-5b836418510acf1a3f3b809f,,
RESCAND-272b4887eb270674ac9a7a57,EXTLOC-01173302df285e3187411529,,
EXTCAND-a6b2f4c16e6dd606ea2ab16d,EXTLOC-ad550b481b9b8a208d969589,,
EXTCAND-7f8720fe8b92d991927309ad,EXTLOC-c0ffedebf15907784a25b14e,,
EXTCAND-453dfb67ac0c719a476bebd4,EXTLOC-a3f28e352c389a2db95546a3,,
EXTCAND-877c62d155abc9c8d849fc98,EXTLOC-2852be06dc89ede15d414078,,
EXTCAND-20dc61703636835f7ec3d6cc,EXTLOC-458d7d6499470f9ef54b8c68,,
EXTCAND-2b797479f8b61ba666fd8b9f,EXTLOC-3250b2b1f320735c4dcc2475,,
EXTCAND-66b6d2b727baa6977be04211,EXTLOC-99f9193e58ad619b537ee7d7,,
RESCAND-f2190c0cd1c4ab5544b79dd2,EXTLOC-f9ec0a0265a7914cc5b0d794,,
RESCAND-b73fba2e297724cc2dde0be6,EXTLOC-b66a084f6f0f2d5bac8556e2,,
EXTCAND-fa2d08b9395f070181cd3183,EXTLOC-25d2df0a2c27916ab7010f74,,
EXTCAND-b491ff1a2117fb4096bf014b,EXTLOC-ce4a484d7802a00ac501bb2f,,
EXTCAND-8c905825bc3c1af5e030d45d,EXTLOC-6608001c1de25982d652e8ae,,
EXTCAND-b8d05c609348ed03d9ebd660,EXTLOC-3065c275902a6a64cfb86a63,,
EXTCAND-3011fb7bbddb31493b721b1b,EXTLOC-1f3b54c1f62fb171e10db104,,
EXTCAND-7041f293bddffa53cd132eef,EXTLOC-96e78858df672407747c7fde,,
EXTCAND-c7c9fe8ab956b1fe331b64b5,EXTLOC-888528a343c916ef5e77e556,,
EXTCAND-8cb98a25ad6c989f35c6e478,EXTLOC-23d43bc79e0fedeb0058e31d,,
EXTCAND-0acc06608d7eb8ccc1484ab8,EXTLOC-c09d9720c1d8421e1dea36ad,,
RESCAND-8462bdcace29398c22213086,EXTLOC-b29bfb0e211abf9ab8e2bddc,,
EXTCAND-63dd1c41de002cf60b28439b,EXTLOC-a084d84edabb9c265a2a6c80,,
RESCAND-6b45e3df81f9ee131123a9a8,EXTLOC-142b0482441a77550712508f,,
EXTCAND-9e4545f6efc74ffe2c4ea85d,EXTLOC-dbbf5186714ef213a1565656,,
EXTCAND-5c20035d6bb1ee2fb4724b03,EXTLOC-e9fec0efd8deb1c021f4597e,,
EXTCAND-d09c378674c095bd58e3527a,EXTLOC-b69e80aedf72ca4a7cf0091b,,
EXTCAND-183edb19c85c5c86b03af1c7,EXTLOC-875b9e5e2c86193e5a7c14c9,,
EXTCAND-e9f15620d7e77cf65c3a438a,EXTLOC-9f1cc62ed517b91f02284a7a,,
EXTCAND-7a2827d9107dde25e9869394,EXTLOC-109a1cc68c65491101b7b016,,
EXTCAND-440655a68fc1f699971ec5f7,EXTLOC-931b58512495376387a84e4d,,
EXTCAND-e4044dd7fa5c072a5c8fcf89,EXTLOC-2d33db6376c02c067e02326c,,
EXTCAND-ab0f88d9d1b425f683cd0f97,EXTLOC-c9d688937bd879fe81cdc0ac,,
EXTCAND-09ec7858c8a89168dc24a248,EXTLOC-8737dcb37156af4d41496a4e,,
EXTCAND-8c0e46ede78d40ffcb790683,EXTLOC-6aaff4e0bf0ce7a8d21f3980,,
RESCAND-42acf02939f4345a4bd637d7,EXTLOC-36550b488be8f1b537ca2881,,
RESCAND-2c52eb13ac98abb32eabcaa6,EXTLOC-b9221ab8a8916a26e50b3cd9,,
EXTCAND-67627cc92e9b484b2aa1386b,EXTLOC-66a959966bb8591612a4bb7c,,
RESCAND-c94e57a0e5d6b962cf479175,EXTLOC-340859eb3760c827752adf11,,
EXTCAND-34af4599763c2561017ed906,EXTLOC-187fa72961254a0bba62f42c,,
EXTCAND-3363ed20023943a5b0f11938,EXTLOC-8c63be7212742f2645954b21,,
EXTCAND-59ed43f24dbd922e06efc05a,EXTLOC-6f89a15ff09d79fb1e385613,,
EXTCAND-9dfd35d9027938d523bba211,EXTLOC-1ffa719ceba031b5777aa648,,
EXTCAND-0b438265bb4a024f5e3a4d11,EXTLOC-3b217fbd6cebd029d7a90244,,
EXTCAND-7a2fccdb715615c767b8cc00,EXTLOC-d2f8196ee8f16fe240dbfdc5,,
EXTCAND-eebc0d2dc65a3637b9886d5b,EXTLOC-8a909381b6fb9065dc98d411,,
EXTCAND-5c0af3c377e9005032763694,EXTLOC-94de0821fe499d089041b210,,
EXTCAND-f19031c1b115db806dd6d782,EXTLOC-0e0e882384cd42b2e16c3b27,,
EXTCAND-090b8c601f949fbe9d21af9a,EXTLOC-12fba457c30848a6846009c3,,
EXTCAND-8b906f5ea286f737009a682a,EXTLOC-2d025d6e159cb7c32536bba6,,
EXTCAND-d0faaf9c700f9e65a5e907ba,EXTLOC-973c12bea61e73945ef96d40,,
EXTCAND-652127257bbabf3c5d4b0a20,EXTLOC-37d2a5f0f648c07027c45986,,
EXTCAND-9c1fb15bc44ed4cd8df5763a,EXTLOC-44c56c2a9fedeca917663ba1,,
RESCAND-0aec12e92c78a006361c5026,EXTLOC-b9205b838a3fb9b9cac1093a,,
RESCAND-220d80d880d1add124c3d3cf,EXTLOC-733f48a9377ba73089d094ea,,
EXTCAND-21eb7a3a617c69f0bdc94ba2,EXTLOC-1f0f10f96ede6243c5350b71,,
EXTCAND-562b45aa06074d5ced834840,EXTLOC-d64e159a6abfb0796204ee84,,
EXTCAND-8eb0ef2094ee859f723c004f,EXTLOC-92a0445f21e0bc6c3b8859f4,,
EXTCAND-00c45ac9de0f6cf815b32f26,EXTLOC-5119d969b99e3f5541613c20,,
EXTCAND-754befefa172aece83b31b43,EXTLOC-e5fc05706ed6092c8935d74b,,
EXTCAND-35a48018a2364696bb22871a,EXTLOC-f9fb3133059ddf4c07fd29bc,,
EXTCAND-cf6bf8b16ea4404911bf74e6,EXTLOC-4a0307309a49c963d2787121,,
EXTCAND-9f0e15e85782758e92ca4aa4,EXTLOC-84d19ee7954d30b3ff654aff,,
EXTCAND-fd850cc0b63e938e2a8e49ae,EXTLOC-4122c3181b318be42fcefe2a,,
EXTCAND-bacc50cde1b0bff9969d5270,EXTLOC-e0de7afb21f5512fb57b8363,,
EXTCAND-74465531a6e00670cd677b3e,EXTLOC-1783035d68ca1332769ace6a,,
EXTCAND-f590fe8985db24f378745bb3,EXTLOC-5f18d197075edec2671266bb,,
EXTCAND-38f36795bdf3a82677c04df4,EXTLOC-82077316b8511520c1fdd0eb,,
EXTCAND-b77da791e988745b6f0fe466,EXTLOC-0a06e6c5162c14914edcddc5,,
EXTCAND-67fde49b9a0a644991887077,EXTLOC-9f27c839c98e0c11082d8430,,
EXTCAND-215c0d622445fb3880365cf3,EXTLOC-ae98d8d15ad4ac2e2699d2a9,,
EXTCAND-93fa5acfa66ca56b3cbbf11c,EXTLOC-109d234c12dd0b8f7f253393,,
EXTCAND-1f4b91a2f976009e834cf375,EXTLOC-56c646207ed53c55e2b513ad,,
EXTCAND-60d6c42d50b07bd744201b8d,EXTLOC-b3957285b8b8c1430039b82d,,
EXTCAND-755fa86a62a1917850844293,EXTLOC-856a5a1c42733a08d0dfb355,,
EXTCAND-50558844d8e2f482ca511945,EXTLOC-a6545cfd088d55c0de1fe594,,
EXTCAND-d9b48f87db7ceac1462b1101,EXTLOC-f34e8835f30254ed8e25b90a,,
EXTCAND-0b3fe3c1a7970a4f29120147,EXTLOC-c45e1bf3f38125c747779bd6,,
EXTCAND-e5344bf696419faa4d5d67be,EXTLOC-88721a0d791998b8007fb46b,,
EXTCAND-e37f9779848e2bfcfcddcf1b,EXTLOC-7b73f86da30cc1bf376726b0,,
EXTCAND-1a2def734ebc81d78c872ab2,EXTLOC-66f11fc11e8477565f784ad3,,
EXTCAND-b23dd3e57f36cbf4ff6d9647,EXTLOC-f0fa6581e30f9455adab3d48,,
EXTCAND-9a248f051f44892a4d481cde,EXTLOC-6f5e36a698da46e362e1fab6,,
EXTCAND-c0a2ae0ebcc30d2be4db9d7c,EXTLOC-b41d1329f5c7165190fead11,,
EXTCAND-d23733d02ff9cef7f213df66,EXTLOC-10333bff1b6527c5b190e2dd,,
RESCAND-1edc2fdab41bb15f8826cb5c,EXTLOC-9c4e4d27c71c16c445c3b4a4,,
EXTCAND-b2ba2c7106943aad4e5851d2,EXTLOC-bb771af7aa7ec03ef7f222d1,,
EXTCAND-8ab3c39b9d8941eb9882ea3a,EXTLOC-0d2a2e0373d36b3dc425dff8,,
EXTCAND-d2b7e34d6a33bb4216ec9eab,EXTLOC-8c4bc78255f9931822f4697b,,
EXTCAND-3ad74ce5a2baaaca0cec3b5b,EXTLOC-afe4ec276984b0c3f18df3ff,,
RESCAND-28a002e8239fb37cc2a9b33b,EXTLOC-f8c376cd66c94f722bb6c588,,
EXTCAND-379a68960837db408e966fd6,EXTLOC-dca5ef9b9ab16b26b6e453e5,,
EXTCAND-91276a9ebab307f443c13dca,EXTLOC-da7932604fadc3b6884dd339,,
EXTCAND-5057d98338f999c884363b20,EXTLOC-00e8167d675b9a3ece48eaa7,,
EXTCAND-5a969e491083828093d14548,EXTLOC-91af8209cd47ef67b3e30a88,,
RESCAND-998db6c239c548d75dd71abf,EXTLOC-1b4a8696b2cbddfef3ef6439,,
RESCAND-8a83636265ca9da6c67765f8,EXTLOC-28b909d6ae82c6927fa7c424,,
RESCAND-d75cba7b5fb97bda9a2caa2c,EXTLOC-4ce4a7e3ddf3a81ae44f38c5,,
EXTCAND-b2212ddf960cb5d5692a2eb2,EXTLOC-da4da0474d8039cfed24154a,,
EXTCAND-473c6caafda36efc7fc417e3,EXTLOC-d2c60c7925321fb941416bf1,,
EXTCAND-40c4fef0a5be3beb467fd4f0,EXTLOC-ff320105b673d4945dc66d70,,
EXTCAND-4c23255107cbedfb5c9501aa,EXTLOC-d3c2e7604c5f63bd7ceb366b,,
EXTCAND-8d0b6e5f31ba19d6f4592ab9,EXTLOC-4a76f5e545e2d193db889b06,,
EXTCAND-7cb214bb91474e030024145a,EXTLOC-567bd3bfab73d966d4ebd485,,
EXTCAND-4d0e9dbbc2a9861b03b01cba,EXTLOC-e66532b54dc39f4468ca700e,,
EXTCAND-f7c9b9bb7d70eace8c9038f6,EXTLOC-f694f691a6bdae3ca80d11ae,,
RESCAND-77bb100f4b42f403a4a62f40,EXTLOC-71338e8998401639621e6e1d,,
RESCAND-58e709986c85692eb549f5c0,EXTLOC-5aa4d547d8cac18c0aabf5c5,,
EXTCAND-0985d8dcbc7726948cfbf883,EXTLOC-44a1b5449849dc269938f830,,
RESCAND-02ea7f381b20fc4b4e0ed457,EXTLOC-016fc5cb4a133b84613bd80c,,
EXTCAND-ab3e0c4e8002bc94776b2a61,EXTLOC-bcaeaa2348a69a295dc15686,,
RESCAND-ca6d750d71b0e1bf66276850,EXTLOC-42e6117ef3e9775774649f7f,,
EXTCAND-1d543e61c672681b58878f87,EXTLOC-e8b9eab6c972dc4d8636d664,,
EXTCAND-d22fd803ff7429e5dcc7679b,EXTLOC-2da6e8c37b63d6fddde34306,,
EXTCAND-abdd5107846484d9f6ebdf87,EXTLOC-e5ec577b3ac6eb485404dd69,,
EXTCAND-a55170b0cd1aec9bfb0f9fc2,EXTLOC-ff906630f6dbfb835d523583,,
EXTCAND-079198d82d845c666c6e7833,EXTLOC-79cd88bee70843fe6304006a,,
EXTCAND-70f5e1c8a7610915321d72a9,EXTLOC-ead4b76069bf24adedd36fbe,,
RESCAND-04feac5109fd1b501a710cff,EXTLOC-a48cbbddc42e5044b3197055,,
EXTCAND-d647632880dfea93cfc011dc,EXTLOC-30989a941bae6034bb74a2d2,,
EXTCAND-01e4c5e4627f4d4b02556dd8,EXTLOC-37dee338159449452545a084,,
EXTCAND-e17f72bcb51b103147b042b7,EXTLOC-e7e6d9f06005c6863c0f337f,,
EXTCAND-82cda631f2c2f546b573d783,EXTLOC-97189d6886eeca2497974f6c,,
EXTCAND-b38f7095e7d69e354c6959f1,EXTLOC-c5c8ab68d8533f1c11d53a10,,
EXTCAND-f63b7459b6ea374013ce9d33,EXTLOC-c0b572018ae5ef8c7c51b59a,,
EXTCAND-17e5d70643732767e6b1e895,EXTLOC-674cabe7d4f636350ea31ede,,
EXTCAND-d3414c6d046b8da5607f772e,EXTLOC-cc71b73cfc08f24c43043dcf,,
EXTCAND-8d8545de469b102289b52b15,EXTLOC-3ca6832c5830f80682400f92,,
EXTCAND-929207e16760a05f64e59c9c,EXTLOC-88c3855161ac19b5deb15d90,,
EXTCAND-bd1d5b2683864890997d05d9,EXTLOC-3461111283f64d313c1b4939,,
EXTCAND-f5e4005f88c8eb5707d8cdac,EXTLOC-b1d5eb0f5cd2d77b92fdc0b5,,
EXTCAND-563b9b6d7d7c3379e3564fdf,EXTLOC-c967f149a320e3600453d918,,
EXTCAND-e9c9ca96f63323a6e5e223e6,EXTLOC-d2cb3ef14123d6bbfc98f989,,
EXTCAND-1792de32ff333b083b810dde,EXTLOC-2982b87eb9e70f3c0a4f7bb6,,
EXTCAND-8088a7d2d32a1beb1a8a71c2,EXTLOC-aa53bfbdf91174f5a2a5dfe2,,
EXTCAND-0a9b538384c4eb145c142d53,EXTLOC-cee4c2823c8c4f3e253d68e9,,
EXTCAND-b9a58a534212f301812ccd29,EXTLOC-ac9e10fe735aa054fd00631e,,
EXTCAND-f3b466ec8f90c9a50ed204ca,EXTLOC-afba20339846a47f8c62535c,,
EXTCAND-3931f7f1795ac7c015c3e64d,EXTLOC-e1522f8470de33abc7751b2a,,
EXTCAND-457e3168c053c6d1c57cf9a4,EXTLOC-cdecf15de6f7c3a5d553f762,,
EXTCAND-29ebd4a661bbd1efb577a5b2,EXTLOC-e99e58c3ea79067f0ef99b12,,
EXTCAND-ddc7cb0ac1345a2ed4d0ddac,EXTLOC-dce182568b601d72578c0047,,
RESCAND-29e07c047d8f84751b4848c1,EXTLOC-e56718d6a4f437c82af504e6,,
EXTCAND-cb2c8d3d7509677a16dff784,EXTLOC-a1034852679c6d5fc15dcb3f,,
EXTCAND-41be5bffa04a14d836a400fa,EXTLOC-ab93ff1bc801a4091a4ff30e,,
EXTCAND-5d229edae1cec38cb4a03bf0,EXTLOC-381771cc8376fb125cc702be,,
EXTCAND-8e7d02e082bd16c7ec7c278a,EXTLOC-3dd1e3bbed6851b37c035e3e,,
EXTCAND-665bf1ae0d801ca8f151294d,EXTLOC-db8e19a3574f22898846b7ed,,
EXTCAND-e27d122dec85baee8295a834,EXTLOC-eff192ca317191d645891a06,,
EXTCAND-9c2edf75d0320c36918974cd,EXTLOC-f6fb43ba235dabf0ed7b9a39,,
RESCAND-fb8ae6271137c8e74024e732,EXTLOC-20e492083af2c564a4f60886,,
EXTCAND-9c3fec369ba2f089314caead,EXTLOC-0089a0eddc2bb491ad314a7b,,
EXTCAND-42701b0bd5eed7364b9cf171,EXTLOC-630018bb8cacbb69af0272e1,,
EXTCAND-ac762e23612fc23491bb0987,EXTLOC-485ff08f2cc3f19fff1034d4,,
EXTCAND-db0c4d2d1725af902ba2dd5f,EXTLOC-0779d7136c14908644134569,,
EXTCAND-b7fd4191e1c62e21bda2e58d,EXTLOC-c3842f650465891276211953,,
EXTCAND-ba4fb4f24d935bc7b62e2358,EXTLOC-0d511d203f36ba4035e07ff5,,
EXTCAND-9bdd3a3e30e3413d45202a88,EXTLOC-57223579edb9af34649fbfaa,,
EXTCAND-8e27df305f4932baba0e1646,EXTLOC-dca40c07d3da7a1b2080049d,,
EXTCAND-a4db771f3f069f8553ef1c7e,EXTLOC-68fe6a7fde70f9ad7fc1f316,,
EXTCAND-b672ea47b95175186592e540,EXTLOC-c139596fe1b613fa7f864f15,,
EXTCAND-ff2665b7ef1c3d44635310ab,EXTLOC-0585ae0c105043012a56850d,,
EXTCAND-3497c5f625fa2871a95be420,EXTLOC-f3c3816789a5ad111cbfad09,,
EXTCAND-eb960872eb5bcf42b14cc171,EXTLOC-6d450aebe1a3487507d05596,,
EXTCAND-03b296124b862bcd535085e4,EXTLOC-d5590dda6b42fd291447c61b,,
EXTCAND-d5c9ecec384a750a514454ce,EXTLOC-f52ed7369b104aab09963280,,
EXTCAND-9e9c03785fa05aa9eb3d219c,EXTLOC-ee18f97b3440941fda1c24ef,,
RESCAND-d40511b2328c0b1af756e9c9,EXTLOC-42abb2e313d6cf78dd95386e,,
EXTCAND-f3892aa69e29b6710cf045d7,EXTLOC-c727b677bf388bbb372269a8,,
RESCAND-5c09eb0a08f7c60f7e3d35e7,EXTLOC-58ebdc15700b55bf18d96470,,
EXTCAND-fd439e8a6966406bc67e6f57,EXTLOC-4241721b2dbfc596a066ab1b,,
EXTCAND-186c00ef6230b742bdb37eba,EXTLOC-249edf9b9e0304dde8bab740,,
EXTCAND-6b185fdbc09fcadaa6c60349,EXTLOC-bea8648a28d77445d2cfa205,,
EXTCAND-751c0d21d06a22963dede5b5,EXTLOC-1d601c9d6d98fb258043c738,,
RESCAND-7b10dd2878db5252ed11570a,EXTLOC-eb5a6ccc1fdb9354ab75741d,,
EXTCAND-cc80476cb4e491a90bcec29f,EXTLOC-624f845bc7f4438dba5a6d12,,
EXTCAND-ea87eab98adf69dc2028097c,EXTLOC-dd749682e354cb469bb5c8f1,,
RESCAND-d0c1d1dcfb8c90333e1844f6,EXTLOC-138efec1135caddd51044829,,
EXTCAND-6251ec5aaf5744fe84832f27,EXTLOC-f8b97a5b48a5de17abc34250,,
EXTCAND-9ab049b42ef14406f1694e51,EXTLOC-2996c0d44d032c86ab61a46e,,
EXTCAND-7b062a7d517130f9e3d635a2,EXTLOC-046f78224854edb7e20b2172,,
EXTCAND-effabb35dba294b1de15d9c6,EXTLOC-9cacf2e71531886b275f14a8,,
EXTCAND-72f598f55e0d3fd839c98766,EXTLOC-7d229d6b2b9a697bf46ce74e,,
EXTCAND-d7add6057cbbb1351ff1b7b2,EXTLOC-d18a9fe2d58a46b55fc56a10,,
EXTCAND-1a9aa83df819070396ee7049,EXTLOC-9655fc13b2f5bc508c332d2f,,
EXTCAND-897e87b5464e1c8d0ba17f29,EXTLOC-b478b6371a2d9d849b4b9ccc,,
EXTCAND-4ccd9bce870c2c7e452c06b1,EXTLOC-708c772b81a793501b2670bd,,
EXTCAND-62f2dc7a40d53263a61edc3a,EXTLOC-b0c563783ee151b0e9d9b8c4,,
EXTCAND-574bacd0bbc7608587d9f8ed,EXTLOC-2eaad893cc6b3d8ac17fe805,,
EXTCAND-de6f80cb60dc816f2dad3552,EXTLOC-902456bced066c5fd1f85799,,
EXTCAND-cfe8ca90ca86513dcc07935a,EXTLOC-e4705acdfaa92efbacb42cad,,
EXTCAND-e5df79c1fa2581827b9b5bba,EXTLOC-2e6d02c61d9c4b846ad99aa6,,
EXTCAND-96e4f532c5be5493a3fbb983,EXTLOC-d738d22d0abe2cfe38566b65,,
RESCAND-2988cacdcb1f3f2c875b8ecf,EXTLOC-b214cc1d4e990e82f718c2ee,,
EXTCAND-da79c3eacfd9d3aa678c80be,EXTLOC-bb4a4cccd7f1aea6c7f2a377,,
EXTCAND-e70fdabebb5ef768c152ee8e,EXTLOC-5506cc65ecf1a97f1a293a3f,,
EXTCAND-5c3a48215e022a3e3ffad7b1,EXTLOC-685fff1be529982733b84833,,
EXTCAND-de87fc14457d96fd7f523497,EXTLOC-ec6b7a1f40bfd18be2726b85,,
EXTCAND-2a877a24151b76fe710c4eea,EXTLOC-0eb7277aaf9ab6be0c325285,,
EXTCAND-2fe81b22a43c0992f976fcc8,EXTLOC-1491482c482e8b0bd44c60ce,,
EXTCAND-b3a7678e0d5233847d1b1dc9,EXTLOC-c2a7127d14f83a5f35b8aaf6,,
EXTCAND-ccc9da29f64b7de03005b6a8,EXTLOC-fc5aa8de0b47a89486b956d0,,
EXTCAND-a1c03223dd699e7abcfd2a74,EXTLOC-0baa645fc7754f062dcb2b63,,
EXTCAND-ffc2bd9ee85dd973b2098254,EXTLOC-57add975a77629b298e475e8,,
EXTCAND-7cff4eff9ad1d52d406492e0,EXTLOC-c51abc937bff081078463051,,
EXTCAND-972c7bb2aa0d59526edfdb6c,EXTLOC-0a3f4770dd6c8ac73953693e,,
EXTCAND-08c85529e3797e372b58e242,EXTLOC-9b4ad532866e7544e5578a92,,
EXTCAND-9e440a3a2651fd15785efa01,EXTLOC-520addada7ace49c91ada49e,,
EXTCAND-939bce57e5f059300f2e8899,EXTLOC-3d7b121172274678f7d492b3,,
EXTCAND-d9fa93ab1d5c4800ffdbad2a,EXTLOC-0f1019e7279bebd2283ff037,,
EXTCAND-48631f94d885311b764bc875,EXTLOC-0fe1015c168db3f6afd2c66a,,
EXTCAND-95b57b296f687f2ae384da08,EXTLOC-15afa215eb1cbf97e2d144cb,,
EXTCAND-903b0048e2db116e456142c7,EXTLOC-ce686250dc08d58356907855,,
EXTCAND-c6a887f9fe521ab02f495891,EXTLOC-3d36a682201afc98f1aaa842,,
EXTCAND-c2ccf4050a8be29b4374fb0c,EXTLOC-b13d2a8f05cc291c3aca7083,,
EXTCAND-7a6a1dfb8d4d69956d9c85d3,EXTLOC-d16fe7ca60dd61e7647ce922,,
EXTCAND-b7ce8fce166e89881cf45abd,EXTLOC-a35d3815fb7a0ced1d200e17,,
EXTCAND-50cd3392ed110e4a2618321d,EXTLOC-339ebd2383e7db6a41834899,,
EXTCAND-b5a97e4a0dd857ec2779dbee,EXTLOC-9468cf01053df0ef3ec2c3fb,,
EXTCAND-85c4d217af7c99c467c02adc,EXTLOC-462be0d04aca0564b2861150,,
EXTCAND-a6c111f5251d6b60b76befc2,EXTLOC-5f6e82408255a976db6bcf1d,,
EXTCAND-ba2dac6de76a696ae8622cee,EXTLOC-be83aab0e264f66e48ba837a,,
EXTCAND-20a3cfe823a7ee04317f5b79,EXTLOC-cb0f7c024a71372a47b6c994,,
EXTCAND-9062901efd9ae3f732bb0c64,EXTLOC-0efaf97d5833f81b2c8eb1eb,,
EXTCAND-c3e814fe3b51f7c9823d53da,EXTLOC-45e63639fa56e6a98d036e63,,
EXTCAND-f352c700cb490904293035ff,EXTLOC-6fe497943b80fdcbb30ebb88,,
EXTCAND-0626c06f91cc391e604ad637,EXTLOC-48e2956dc7805c6f2d9cb37e,,
EXTCAND-7e5e8ff5d817c7a83a6e18f5,EXTLOC-42f6c7c416b67a9c74171272,,
EXTCAND-9898f56027723e8358484f57,EXTLOC-4a446cf7023c5a9a4681379d,,
EXTCAND-53ef209eee12255848775d36,EXTLOC-35e609411104187e1f6a14f9,,
EXTCAND-0e4f31733a59f3ee858cc64f,EXTLOC-5918971dc3732b5faaee8a79,,
EXTCAND-fc06c8218ed3a27d26c4cc40,EXTLOC-c66b08afa80d4cc3e8b78f05,,
EXTCAND-08f2b4c8b31eb83f6dc51eb6,EXTLOC-9f10620787577c238b571a29,,
RESCAND-87dfba3b30ec24ca0b0ee50f,EXTLOC-0a139f22e476a68ecf886bbc,,
EXTCAND-0675f31a841eeb5e785017e4,EXTLOC-9b660dc649bc9dac60a6af7e,,
EXTCAND-3861d0b63ee8ba43064f729c,EXTLOC-4de4d9f89ce67700953dab38,,
EXTCAND-550537264261df99ebaa9d5d,EXTLOC-703865271a9641823750f65e,,
EXTCAND-de11310e190e1d1dae7d0723,EXTLOC-54a1f335e4b068825c218f50,,
EXTCAND-87894c039122fb22202f00d0,EXTLOC-90c6642e855b632e1676a418,,
EXTCAND-70b0f283ce96ad66fcf4a352,EXTLOC-08ec620416bbb3bbc23ac750,,
EXTCAND-ff66ba002d328361e1329f3d,EXTLOC-41781baf853feff6ee230d4c,,
RESCAND-0d8f50e00c45881226f5a5f3,EXTLOC-d8622b47d2b94b4390b285f8,,
EXTCAND-086547773d45d80f2e98c53e,EXTLOC-6ccae78be821ddfedffacfb5,,
EXTCAND-5e484cca71fb4684602ee054,EXTLOC-e187f2856065e1b47b70ff1c,,
EXTCAND-c4ca37552bbb90a3b67c6df2,EXTLOC-aa7e7825e56e0afdb23660d9,,
EXTCAND-007a34aa3adbbe86c91c9a3f,EXTLOC-4f627432cfdfbf78744b1f82,,
EXTCAND-b5b817c0d8e6e8c096ca41be,EXTLOC-33e6a9785e7e5c1823b17e3e,,
EXTCAND-9a1da06fe87146f6a8c20ae1,EXTLOC-773e5359d93c4792d47ff5ba,,
EXTCAND-490cd5b7d210c94316801143,EXTLOC-943ac703521b137e0676760d,,
EXTCAND-68a59ce2b21d44fb765b3925,EXTLOC-ff3a552e6d105ebb3b822645,,
EXTCAND-aa70b619c7ad6a11834ce8c7,EXTLOC-6329a3c98aa185b16e2c6940,,
EXTCAND-bdaffe9d7e94ef2530a19cb4,EXTLOC-a7c7caf65dbb006b1e45a050,,
EXTCAND-34f9a50788c0e887b8949408,EXTLOC-6c83d7ad313a76b699c28623,,
EXTCAND-e4cbc01b9ca42ea7a5d3e424,EXTLOC-b3738cf0ccd6491c604aa7e9,,
EXTCAND-6211e823f34262b814b6be3b,EXTLOC-f50d59c53db0f6ff47e5671c,,
EXTCAND-a3c0dce32ade1aaf32fb1aa6,EXTLOC-3de23233dba4792aabf5602d,,
EXTCAND-2b2e0a09f0fa9f6f4f99f396,EXTLOC-5117ea33efe1bf9dd3b0a29a,,
RESCAND-d8ff5c7e859fcfd0bc50b4e4,EXTLOC-6c3823c15e8784cccf6c51c8,,
EXTCAND-b3f95eb59450908a791844c5,EXTLOC-5eeb8e3d4ec8a49742982efa,,
EXTCAND-a54f6f1701a8c0d82353a6da,EXTLOC-07a5b34e39202a8d2d48f5d0,,
RESCAND-dbed2f136ec6d66c7ad2c567,EXTLOC-853fa879a0d1b5510968c16d,,
RESCAND-c96c7f783564fccb0a0c4b1c,EXTLOC-b49bca131cadf1fe5bee9105,,
RESCAND-0e9021e8525a3889720546df,EXTLOC-5b99627d89cc46ec949847c9,,
EXTCAND-893a79571f0cfd5b27d7fdff,EXTLOC-0ad00f09f651604b7700fb04,,
EXTCAND-9d0c67501919431e94175fd8,EXTLOC-049b025e5ffec1fd9d48836d,,
EXTCAND-d739b6ea7b0f08b5de8eb0e8,EXTLOC-8df234731b4e063f6022ecf8,,
EXTCAND-29109fecf2a767faebe517bf,EXTLOC-3c3dbb33272b8c4883bb91d5,,
EXTCAND-5cea81355d8955d277b2e9c3,EXTLOC-638275d422b44b1aaace1b1e,,
RESCAND-075eac0e20c69b4a0a95f563,EXTLOC-c863fba25985fe526aa2b29e,,
EXTCAND-4797406b8213f230863e112a,EXTLOC-ffcaa314cbf00089d40bdbab,,
EXTCAND-2c3f86bfbd77c777a40ade39,EXTLOC-89795436565bb6ed44fcc5e8,,
EXTCAND-31754af20d0447b83145cd1e,EXTLOC-57aa61c217442cc4db5bf3b9,,
EXTCAND-0d638f6c4a83f94cde7a0c59,EXTLOC-4f26cc1928198423123f0a83,,
RESCAND-8270e637c6264000b7e7872b,EXTLOC-79e5b2ac9847f5fca5e722e2,,
RESCAND-3c31d520531fb5255c4bffc9,EXTLOC-39e4965e0a3a8029deaca0ed,,
RESCAND-120aeffdfcbde5da08441488,EXTLOC-b1138f2d31e3d3daa7594e5b,,
RESCAND-bb90dd3bd0b2e037b96c7d6e,EXTLOC-01f0d5a8d2224e159a73ba31,,
RESCAND-405b92f3bffc6e12294e2bf8,EXTLOC-8946250acfee3cc3acf8037f,,
RESCAND-576e1295cfcb8a1d42d3ad23,EXTLOC-85b02b4cff06a52a8838164f,,
RESCAND-b6d1e9f690901764735a02ee,EXTLOC-ccaade392c925244e8baa275,,
RESCAND-92c9a03481cb9884b8074915,EXTLOC-ad54bbe1cdc5c92cdfd1e0b8,,
RESCAND-be10be4ba0ee7cc7de4e5bca,EXTLOC-f6f244f0bf2d6d36083e9a1d,,
RESCAND-92731621573b9ee1a4db4680,EXTLOC-2df543b0094ac7419387c140,,
RESCAND-e47b44e03636d784d02d82e3,EXTLOC-a7b120b137a602583aa93dcb,,
RESCAND-6fa16ca556c404820a601c08,EXTLOC-0c54a86e09aff91e6f39f480,,
RESCAND-ebd39525063b034a536ae086,EXTLOC-55acd0f886d426d6bb432680,,
EXTCAND-acf394b47d8bab6432be7cff,EXTLOC-3720dedc58b80b9de3ac7d00,,
RESCAND-33d022062920b5a5443a9474,EXTLOC-721d3ff90906411cc64db90d,,
RESCAND-a5e3b560d6218a0d820119eb,EXTLOC-250606400197f829266414c7,,
RESCAND-5286420a00e0b0c2a370f216,EXTLOC-dc1557ded25954770da5b59e,,
RESCAND-21b7768d53481dab63351490,EXTLOC-c96bc2198c767abf1f59db0a,,
RESCAND-8a0e4f8eb22f0a07cdf50c9c,EXTLOC-f08ea8e358e1203c7137f3b7,,
RESCAND-3b32965e6276755d320ddb58,EXTLOC-8f799033f7dc2c5c68b7d6d5,,
RESCAND-4172eb5c227e60a6e214eb48,EXTLOC-7eee09622a26246ccf6f469c,,
RESCAND-b6556d97e76c63da0ddab70c,EXTLOC-e57ad2d0543879ccddbccf04,,
RESCAND-fd1575d7bf14e4f2454534bc,EXTLOC-75929f9b18ce697c86ead10f,,
RESCAND-8a5cf5de77feee7fbe3c57d9,EXTLOC-0ca9aa4dbdedd8c3df7dd2e3,,
EXTCAND-6ecd82127639d4bdac57afc3,EXTLOC-daeda8ecaee9fb020d38a03c,,
EXTCAND-f0fdc9eb1bd5da65a5f38cb0,EXTLOC-2cbf334780322ca976ac68f0,,
RESCAND-539309c435a82ff066a41d37,EXTLOC-8e362276c7584b806d0c14f4,,
RESCAND-697ee6e133361369d5711f40,EXTLOC-118fd585a6ac25fe3a5ec391,,
RESCAND-c7455a1e02716f673fa7300e,EXTLOC-a51867dd209a0c3e2e6034ff,,
RESCAND-2392815023e66dcb5988ab5a,EXTLOC-9dd34387d29a0f6aaaddc0de,,
EXTCAND-a6b3efc49b69b88641614bd1,EXTLOC-07ad853d5fb6a3c1b327011c,,
RESCAND-1622f31df7a72bc614c01113,EXTLOC-49c907eef70891945cad0e44,,
EXTCAND-bf59d8d90542428ca289e5ec,EXTLOC-4fa87996f6e9328a82e54109,,
EXTCAND-a66fe3ea6ec3f4de70c0122f,EXTLOC-8f97051470e6d119aca4e1f3,,
EXTCAND-905204216375e64efc85d428,EXTLOC-1cfc2d45ed97177ec13ff5d9,,
RESCAND-66dc2abbc54cf93308e3e1ff,EXTLOC-e75c20ae114b3ff441698d59,,
EXTCAND-e5629ef93c5e1f0d1ef82bf8,EXTLOC-620cc86dc282b7cd3ab34f2a,,
RESCAND-f0a49916d5b6fc251ae5acd9,EXTLOC-17fa4764cdb02cb35d62fcb7,,
RESCAND-f80210a1486d0392fb43a75d,EXTLOC-df90c75e7adb52f21f60641e,,
EXTCAND-5a2a72c4b19ba09390c7be81,EXTLOC-061f8236c391b35c69962dc1,,
RESCAND-55d6aa5c1b3fcc7f2739aa6f,EXTLOC-e7b09c06c398082f6884ef5d,,
RESCAND-2998ca438c440543054b599d,EXTLOC-0b90199a6c59d87a04005059,,
EXTCAND-45bfaddb750d468071279cb9,EXTLOC-ad1d24c9a8cf9a8b0c5d4307,,
EXTCAND-5487833ee988f5fe8de8be3f,EXTLOC-2f83b97e063dd632b9c19950,,
RESCAND-9f191528be42b946b3a2b020,EXTLOC-5b52911e2eb1a2bc5a83b276,,
RESCAND-3fc4aa5eed2ca5d379f0e07f,EXTLOC-9ca5ae22675432f1c0693c93,,
EXTCAND-9ca4cd459fceb93cf74b336a,EXTLOC-912ef8b7737da09520848e74,,
RESCAND-f162801331c03b6f63b909c5,EXTLOC-55bdd812da223aabc521f9fa,,
RESCAND-3b070748dbb66ab74248e2bc,EXTLOC-126650d5da435cada8122b5c,,
EXTCAND-b908c71a9b3112ba8be56a97,EXTLOC-46dd6064beed5a6f64085a6c,,
RESCAND-e2f36620eceb0a62830c77cc,EXTLOC-9a595761b4c3b5d69d0b92e4,,
EXTCAND-506335b5a537570a47e1a808,EXTLOC-30ee7c83d81e1d95cf66eafa,,
EXTCAND-ce04fd694ca6f4cccac3c9a3,EXTLOC-098df6e8158989fd1db9dfbe,,
EXTCAND-374a4bf830291a8f27a71bc9,EXTLOC-a478d633d6ad4d852b902be7,,
EXTCAND-7a0df25eb3779555dcca4ba4,EXTLOC-0ac34caffa62ec4ba36b884d,,
RESCAND-575afce7db8eead0fee24c5d,EXTLOC-819cd3657b8d2ee40a1a25eb,,
EXTCAND-1f77b5689af738d8085365cd,EXTLOC-d4b864b39376ff218395066f,,
RESCAND-4f80216a8585f3228359038d,EXTLOC-9f234438314c35dbe2c664a0,,
RESCAND-1b6e3e584e2c1ef9a46d3efe,EXTLOC-22518248315e0733ac3c3cc1,,
RESCAND-8c10db994c15ddb9233f2f43,EXTLOC-3ce927e2a6d07ce4e1958651,,
RESCAND-5781fbd311c60cdb470a685a,EXTLOC-eaf3d1ebaedac609fad25583,,
RESCAND-b80311b8b9c94578e3f551ec,EXTLOC-77674de355dc9c4b12c2c23b,,
RESCAND-fc2037e4948847d88e36dfb1,EXTLOC-d1a08ba367460a6af453e269,,
EXTCAND-f4e0655964518f0b0f297765,EXTLOC-745ba6ac4e2058e5b8f75ee1,,
RESCAND-16b43e9fe257e2adc9726239,EXTLOC-bd33a2d27292be896498ae73,,
