verification_id,candidate_queue_row_id,candidate_queue_stable_key,municipality_id,census_gov_id,state,municipality,government_name,candidate_url,candidate_title,candidate_source_type,candidate_priority,candidate_status_before_verification,triage_bucket,duplicate_source_group_id,duplicate_group_size,duplicate_group_role,near_duplicate_candidate_key,population,state_candidate_rows_per_covered,unit_type_scouted,source_owner_type,scout_confidence,triage_score,source_wave,verification_stage
VER-4c85e6d104f266adb03f,NSCQ-DC-20260720-0001,NSCQ-DC-20260720-0001,cog_2025_124214,124214,DC,Washington,CITY OF WASHINGTON DC,https://olrcb.dc.gov/sites/default/files/dc/sites/olrcb/publication/attachments/Comp-Unit-3---FOP-MPD-FY18-FY20-Union-FOP-Salary-Schedules.pdf,Comp Unit 3 - FOP MPD FY18-FY20 Union FOP Salary Schedules,wage_schedule_or_compensation_plan,high,scheduled,high_priority_later_verify,URL-e60b4d3e85e1842254bd,1,primary,KEY-8d238d73f3514fcda26a,678972,5.0,police,city,medium,82,COORD-TIER1-WAVE1-SERIAL150-2026-07-22,candidate_lead_planned_not_verified
VER-49b9a371abd16333b148,NSCQ-DC-20260720-0004,NSCQ-DC-20260720-0004,cog_2025_124214,124214,DC,Washington,CITY OF WASHINGTON DC,https://olrcb.dc.gov/sites/default/files/dc/sites/olrcb/publication/attachments/CBA%20Comp%201-2%20w.%20Union%20Agency%20signatures%20and%20Mayor%20signature%20FY%202022-2025.pdf,Compensation Units One and Two Collective Bargaining Agreement (FY 2022-2025),cba,high,scheduled,high_priority_later_verify,URL-ce1e381944c7979c087d,1,primary,KEY-a8ddb0df942c8fd6d9f7,678972,5.0,non_safety,city,medium,91,COORD-TIER1-WAVE1-SERIAL150-2026-07-22,candidate_lead_planned_not_verified
VER-4b616d6b312ba7a9a999,NSCQ-RI-20260720-0005,NSCQ-RI-20260720-0005,cog_2025_112807,112807,RI,Warwick,CITY OF WARWICK,https://municipalfinance.ri.gov/sites/g/files/xkgbur546/files/2024-09/Warwick-Fire-Local-2748-CBA-Exp-06-30-25.pdf,"Agreement by and Between the City of Warwick and Local 2748, International Association of Fire Fighters (Fire)",cba,high,scheduled,high_priority_later_verify,URL-e7c2fc3ec3a1525f89ec,1,primary,KEY-83748cf669ad58dd6403,82999,3.375,fire,state_labor_board,medium,100,POST-PI-PARALLEL-ROUND1-LANE2-2026-07-23,candidate_lead_planned_not_verified
VER-f344fae3373d8002f347,NSCQ-RI-20260720-0009,NSCQ-RI-20260720-0009,cog_2025_209434,209434,RI,Cranston,CITY OF CRANSTON,https://municipalfinance.ri.gov/documents/contracts/Cranston_GE.pdf,"Collective Bargaining Agreement: City of Cranston and Teamsters Local Union No. 251 (Municipal Employees) for the Term July 1, 2015–June 30, 2018",cba,high,scheduled,high_priority_later_verify,URL-0884e413dbb64f64b998,1,primary,KEY-4373d4c397744ac9abca,82635,3.375,non_safety,state_labor_board,high,100,POST-PI-PARALLEL-ROUND1-LANE2-2026-07-23,candidate_lead_planned_not_verified
VER-8465da5fe8e6ed9d826f,NSCQ-RI-20260720-0012,NSCQ-RI-20260720-0012,cog_2025_174833,174833,RI,Pawtucket,CITY OF PAWTUCKET,https://pawtucketri.gov/wp-content/uploads/2025/01/Signed-1012-Contract-2024_2027.pdf,"CONTRACT BETWEEN R.I. COUNCIL 94, AFSCME, AFL-CIO LOCAL 1012 AND THE CITY OF PAWTUCKET, RHODE ISLAND (Signed 2024–2027)",cba,high,scheduled,high_priority_later_verify,URL-2c951f0c8f9652a4372b,1,primary,KEY-3baa893f106febfa1369,75321,3.375,non_safety,city,medium,100,POST-PI-PARALLEL-ROUND1-LANE2-2026-07-23,candidate_lead_planned_not_verified
VER-94f9e6a33b576b642517,NSCQ-RI-20260720-0017,NSCQ-RI-20260720-0017,cog_2025_134386,134386,RI,Woonsocket,CITY OF WOONSOCKET,https://municipalfinance.ri.gov/documents/contracts/Woonsocket_Police.pdf,"Contract Agreement for July 1, 2014 through June 30, 2019 (City of Woonsocket and International Brotherhood of Police Officers Local Number 404)",cba,high,scheduled,high_priority_later_verify,URL-ed234959cf7b923d38cc,1,primary,KEY-96fe98933eb50e89f75b,43135,3.375,police,state_labor_board,high,100,POST-PI-PARALLEL-ROUND2-3X150-LANE2-2026-07-23,candidate_lead_planned_not_verified
VER-4f696c92de1e44994a28,NSCQ-NV-20260720-0001,NSCQ-NV-20260720-0001,cog_2025_169987,169987,NV,Henderson,CITY OF HENDERSON,https://emrb.nv.gov/uploadedFiles/emrbnvgov/content/Resources/police/City%20of%20Henderson%20and%20HPSA%20Restated.pdf,"LABOR AGREEMENT BETWEEN CITY OF HENDERSON, NEVADA AND HENDERSON POLICE SUPERVISORS ASSOCIATION — JULY 1, 2014 – JUNE 30, 2018 (Amended and Restated on January 17, 2017)",cba,high,scheduled,high_priority_later_verify,URL-ac59ed87af7f00955d79,1,primary,KEY-db3c8c8366b6052db37d,337305,3.090909,police,state_labor_board,medium,100,COORD-TIER1-WAVE1-SERIAL150-2026-07-22,candidate_lead_planned_not_verified
VER-134d31654316d387a4c4,NSCQ-NV-20260720-0004,NSCQ-NV-20260720-0004,cog_2025_169987,169987,NV,Henderson,CITY OF HENDERSON,https://emrb.nv.gov/uploadedFiles/emrbnvgov/content/Resources/cities/City%20of%20Henderson.Blue%20Collar.July%201%2C%202018%20-%20June%2030%2C%202020.pdf,"City of Henderson Blue Collar — July 1, 2018 – June 30, 2020",cba,high,scheduled,high_priority_later_verify,URL-73f3ba35e803c2a79be0,1,primary,KEY-6c0080f186fe03e175e5,337305,3.090909,non_safety,state_labor_board,low,100,COORD-TIER1-WAVE1-SERIAL150-2026-07-22,candidate_lead_planned_not_verified
VER-6da2bf2d4ca6647a7611,NSCQ-NV-20260720-0009,NSCQ-NV-20260720-0009,cog_2025_169993,169993,NV,Reno,CITY OF RENO,https://emrb.nv.gov/uploadedFiles/emrbnvgov/content/Resources/police/RPSAE%202019%20to%202022%20Sgt%20CBA.pdf,Agreement Between the City of Reno and the Reno Police Supervisory and Administrative Employees Association Covering Supervisory Employees (RPSAE - Sergeants) (Contract term shown on document),cba,high,scheduled,high_priority_later_verify,URL-930a1431c2acb6d141ac,1,primary,KEY-836f963dba36a7830237,274915,3.090909,police,state_labor_board,medium,100,COORD-TIER1-WAVE1-SERIAL150-2026-07-22,candidate_lead_planned_not_verified
VER-7a44ddd62907b22f4536,NSCQ-NV-20260720-0012,NSCQ-NV-20260720-0012,cog_2025_169993,169993,NV,Reno,CITY OF RENO,https://emrb.nv.gov/uploadedFiles/emrbnvgov/content/Resources/FF/IAFF%20Local%20731%202024-2025%20CBA%281%29.pdf,Agreement Between the City of Reno and the Reno Fire Fighters Local 731 International Association of Firefighters (IAFF Local 731),cba,high,scheduled,high_priority_later_verify,URL-c5ad9493c8522b75637b,1,primary,KEY-ef76d974c1c8723080dd,274915,3.090909,fire,state_labor_board,medium,100,COORD-TIER1-WAVE1-SERIAL150-2026-07-22,candidate_lead_planned_not_verified
VER-a1123b6feee3f3008a32,NSCQ-NV-20260720-0017,NSCQ-NV-20260720-0017,cog_2025_194943,194943,NV,Carson,CITY OF CARSON CITY,https://www.carsoncity.gov/home/showpublisheddocument/86896/638285780671430000,"Collective Bargaining Agreement between Carson City and the Carson City Fire Fighters Association, Local #2251 of the International Association of Fire Fighters — regarding Supervisory Unit (Battalion Chiefs)",cba,high,scheduled,high_priority_later_verify,URL-48288e443a6eab46c9d0,1,primary,KEY-8edadda0952249bc969a,58036,3.090909,fire,city,high,100,POST-PI-PARALLEL-ROUND1-LANE1-2026-07-23,candidate_lead_planned_not_verified
VER-5b814c16139b9914cad8,NSCQ-NV-20260720-0024,NSCQ-NV-20260720-0024,cog_2025_108907,108907,NV,Mesquite,CITY OF MESQUITE,https://emrb.nv.gov/uploadedFiles/emrbnvgov/content/Resources/police/City%20of%20Mesquite%20MPOA%20CBA%202019-2022%20.pdf,Mesquite Police Officers Association - Collective Bargaining Agreement 2019-2022,cba,high,scheduled,high_priority_later_verify,URL-490fe573d7ff131d99bf,1,primary,KEY-8714867e9115fdd41756,22786,3.090909,police,state_labor_board,high,100,POST-PI-AGGRESSIVE-3X300-ATTEMPT3-LANE1-2026-07-23,candidate_lead_planned_not_verified
VER-359d21c9c145e15fd76c,NSCQ-NV-20260720-0021,NSCQ-NV-20260720-0021,cog_2025_130692,130692,NV,Elko,CITY OF ELKO,https://cms4files.revize.com/elko/10-22-2019.pdf,"Collective Bargaining Agreement (July 1, 2019 through June 30, 2022) — City of Elko and Elko Police Officers Protective Association (Nevada Association of Public Safety Officers, Communications Workers of America, AFL-CIO, Local 9110, Sergeants Unit)",cba,high,scheduled,high_priority_later_verify,URL-11bdb7891953cf6003ac,1,primary,KEY-d0d33bdef02f1f8146cb,20785,3.090909,police,city,high,100,POST-PI-PARALLEL-ROUND2-3X150-LANE2-2026-07-23,candidate_lead_planned_not_verified
VER-095347b5efe207a6f8d1,NSCQ-NV-20260720-0028,NSCQ-NV-20260720-0028,cog_2025_130690,130690,NV,Fallon,CITY OF FALLON,https://www.fallonnevada.gov/wp-content/uploads/2021/12/Op-Egnineers-City-of-Fallon-Proposed-Agreement-7-21_6-24.pdf,"Agreement Between City of Fallon and Operating Engineers Local Union No. 3 (Duration: July 1, 2021–June 30, 2024) (Includes Schedule A classifications and wage/pay provisions)",cba,high,scheduled,high_priority_later_verify,URL-aa73a671661f889db6e5,1,primary,KEY-66d001bae79d08b80380,9577,3.090909,non_safety,city,medium,97,POST-PI-AGGRESSIVE-3X300-ATTEMPT3-LANE1-2026-07-23,candidate_lead_planned_not_verified
VER-65e3941f794e1bb52446,NSCQ-HI-20260720-0001,NSCQ-HI-20260720-0001,cog_2025_183701,183701,HI,Honolulu,CITY AND COUNTY OF HONOLULU,https://ballotpedia.s3.amazonaws.com/images/5/55/Honolulu_Police_CBA_2021-2025.pdf,"SHOPO Agreement (Bargaining Unit 12, Police Officers) — 2021-2025",cba,high,scheduled,high_priority_later_verify,URL-6d48ab0c0d81a3ded7a1,1,primary,KEY-6ee701dc9e6aa64cef7e,989408,3.0,police,third_party,medium,71,COORD-TIER1-WAVE1-SERIAL150-2026-07-22,candidate_lead_planned_not_verified
VER-93e0cb4d0a1f336d81d8,NSCQ-NH-20260720-0001,NSCQ-NH-20260720-0001,cog_2025_170001,170001,NH,Manchester,CITY OF MANCHESTER,https://www.manchesternh.gov/Portals/2/Departments/human_resources/Union%20Contracts/MPPA7_1_22-6_30_26.pdf?ver=2024-11-07-124950-423,"Agreement between the City of Manchester, NH and the Manchester Police Patrolman's Association (MPPA) — July 1, 2022 to June 30, 2026",cba,high,scheduled,high_priority_later_verify,URL-dfd654a29c70d4de6ac1,1,primary,KEY-6124687b44839bc7f087,115474,2.846154,police,city,high,100,COORD-TIER1-WAVE2-SERIAL150-2026-07-22,candidate_lead_planned_not_verified
VER-198d0291d62e95144ab8,NSCQ-NH-20260720-0004,NSCQ-NH-20260720-0004,cog_2025_170001,170001,NH,Manchester,CITY OF MANCHESTER,https://www.manchesternh.gov/Portals/2/Departments/human_resources/Union%20Contracts/AFSCMEMaster7_1_22-6_30_25.pdf?ver=2024-11-07-124745-173,"Collective Bargaining Agreement between the City of Manchester and AFSCME Council 93, Local 298 — Highway, Parks & EPD — July 1, 2022 to June 30, 2025",cba,high,scheduled,high_priority_later_verify,URL-e05aa79da4f5553078d3,1,primary,KEY-8b972044e5f9e57541af,115474,2.846154,non_safety,city,medium,100,COORD-TIER1-WAVE2-SERIAL150-2026-07-22,candidate_lead_planned_not_verified
VER-911c8f6570f6d9f13e55,NSCQ-NH-20260720-0012,NSCQ-NH-20260720-0012,cog_2025_170003,170003,NH,Rochester,CITY OF ROCHESTER,https://www.rochesternh.gov/human-resources/files/2023-2027-fire-cba,Agreement between the City of Rochester and Local 1451 of the International Association of Firefighters,cba,high,scheduled,high_priority_later_verify,URL-31e8966711fc29029294,1,primary,KEY-cf875a7900139eed1d6a,33519,2.846154,fire,city,medium,100,POST-PI-PARALLEL-ROUND2-3X150-LANE2-2026-07-23,candidate_lead_planned_not_verified
VER-51c6513b8f4ff14c8175,NSCQ-NH-20260720-0015,NSCQ-NH-20260720-0015,cog_2025_202148,202148,NH,Dover,CITY OF DOVER,https://www.dover.nh.gov/Assets/government/city-operations/2document/executive/human-resources/union-information/DPA%20CBA%20July%201%202014%20-%20June%2030%202017.pdf,"DPA CBA July 1, 2014 - June 30, 2017",cba,high,scheduled,high_priority_later_verify,URL-b05601fad92db759de03,1,primary,KEY-ec9dd9270d46e5aa3cb1,33485,2.846154,police,city,medium,98,POST-PI-PARALLEL-ROUND2-3X150-LANE2-2026-07-23,candidate_lead_planned_not_verified
VER-e822633665113fd46871,NSCQ-NH-20260720-0018,NSCQ-NH-20260720-0018,cog_2025_202148,202148,NH,Dover,CITY OF DOVER,https://www.dover.nh.gov/Assets/government/city-operations/2document/executive/human-resources/union-information/AFSCME%20CBA%20July%201%202014-June%2030%202017.pdf,AFSCME CBA 7-1-14 to 6-30-17 Signed,cba,high,scheduled,high_priority_later_verify,URL-5e33160909d4e73f8d32,1,primary,KEY-79f391a45d75a75c1b2d,33485,2.846154,non_safety,city,medium,98,POST-PI-PARALLEL-ROUND2-3X150-LANE2-2026-07-23,candidate_lead_planned_not_verified
VER-86000b50687ef48c25ad,NSCQ-NH-20260720-0026,NSCQ-NH-20260720-0026,cog_2025_169998,169998,NH,Laconia,CITY OF LACONIA,https://www.laconianh.gov/AgendaCenter/ViewFile/Item/9845?fileID=14262,COMPENSATION PLAN 7/1/19 - 6/30/20,wage_schedule_or_compensation_plan,high,scheduled,high_priority_later_verify,URL-6cd76b521edd99fa9c38,1,primary,KEY-6a8631217b79dc334251,17142,2.846154,non_safety,city,high,100,POST-PI-AGGRESSIVE-3X300-ATTEMPT3-LANE1-2026-07-23,candidate_lead_planned_not_verified
VER-959f43b2b25cd0b1d92f,NSCQ-NH-20260720-0035,NSCQ-NH-20260720-0035,cog_2025_183890,183890,NH,Franklin,CITY OF FRANKLIN,https://www.franklinnh.gov/home/files/fy26-council-adopted-payscale,FY2026 Council Adopted Payscale (includes Police Department - NEPBA Local #214 pay tables),wage_schedule_or_compensation_plan,high,scheduled,high_priority_later_verify,URL-3972f7ecc343cb37b45a,2,primary,KEY-d9ebfa2b2c048108d2ce,8790,2.846154,police,city,medium,82,POST-PI-AGGRESSIVE-3X300-ATTEMPT3-LANE1-2026-07-23,candidate_lead_planned_not_verified
VER-d566611bdbf37cfa7040,NSCQ-MA-20260720-0026,NSCQ-MA-20260720-0026,cog_2025_106061,106061,MA,Springfield,CITY OF SPRINGFIELD,https://www.springfield-ma.gov/hr/fileadmin/Personnel/public/Union_Contracts/Police_Supervisors_2013-2016,Police_Supervisors_2013-2016,cba,high,scheduled,high_priority_later_verify,URL-929771fdb0b3a8b00435,1,primary,KEY-8f92f384e4cab6686027,153672,2.683333,police,city,medium,100,COORD-TIER1-WAVE1-SERIAL150-2026-07-22,candidate_lead_planned_not_verified
VER-cfba24767291ae086e81,NSCQ-MA-20260720-0029,NSCQ-MA-20260720-0029,cog_2025_106061,106061,MA,Springfield,CITY OF SPRINGFIELD,https://www.springfield-ma.gov/hr/fileadmin/Personnel/public/Union_Contracts/NAGE-_Building_Inspectors_2014-2017,NAGE-_Building_Inspectors_2014-2017,cba,high,scheduled,high_priority_later_verify,URL-ce76779ddd589d29e04f,1,primary,KEY-c7de73df3d7a82e3d71e,153672,2.683333,non_safety,city,low,87,COORD-TIER1-WAVE1-SERIAL150-2026-07-22,candidate_lead_planned_not_verified
VER-275b346c246693e96dea,NSCQ-MA-20260720-0034,NSCQ-MA-20260720-0034,cog_2025_166448,166448,MA,Cambridge,CITY OF CAMBRIDGE,https://www.cambridgema.gov/publications/documents/c/collectivebargainingagreements/publicworkssupervisors,Agreement Between City of Cambridge and Teamsters Local 25 on behalf of Public Works Supervisors,cba,high,scheduled,high_priority_later_verify,URL-2d3639f00dac1ad490cb,1,primary,KEY-cbac9a6ad43565b3cb3f,118214,2.683333,non_safety,city,high,100,COORD-TIER1-WAVE1-SERIAL150-2026-07-22,candidate_lead_planned_not_verified
VER-37cc86398ed49888885a,NSCQ-MA-20260720-0032,NSCQ-MA-20260720-0032,cog_2025_166455,166455,MA,Brockton,CITY OF BROCKTON,https://brockton.ma.us/wp-content/uploads/2019/08/FY16-FY19-BCEU-FINAL-INTEGRATION.pdf,"Agreement (July 1, 2016 - June 30, 2019) Between CITY OF BROCKTON, MASSACHUSETTS and the Massachusetts Laborers' District Council in behalf of Brockton City Employees Union (BCEU)",cba,high,scheduled,high_priority_later_verify,URL-0ac47016a47aa2d2d0cb,1,primary,KEY-8c8c43a7c5a9c88430d2,104890,2.683333,non_safety,city,medium,79,COORD-TIER1-WAVE1-SERIAL150-2026-07-22,candidate_lead_planned_not_verified
VER-e48501ac9382ed4ffd69,NSCQ-MA-20260720-0045,NSCQ-MA-20260720-0045,cog_2025_166441,166441,MA,New Bedford,CITY OF NEW BEDFORD,https://newbedford-ma.s3.amazonaws.com/wp-content/uploads/sites/45/20210830160919/AFSCME-Council-93-Local-851-Unit-A-MOA-August-12-2021.pdf,"Memorandum of Agreement between the City of New Bedford and AFSCME, Council 93, Local 851, Unit A (AFSCME-Council-93-Local-851-Unit-A-MOA-August-12-2021)",memorandum_or_settlement,high,scheduled,high_priority_later_verify,URL-cc3b93cf464404a85c5f,1,primary,KEY-660aeead6bb7478bac3c,100695,2.683333,non_safety,city,low,88,COORD-TIER1-WAVE1-SERIAL150-2026-07-22,candidate_lead_planned_not_verified
VER-04abccb55493584cf5c6,NSCQ-MA-20260720-0049,NSCQ-MA-20260720-0049,cog_2025_193465,193465,MA,Haverhill,CITY OF HAVERHILL,https://www.haverhillma.gov/media/o4whmuzk/admin-professional-fy-24-ordinance.pdf,FY-24 SALARY SCHEDULE FOR ALL DEPARTMENTS (ADMINISTRATIVE/PROFESSIONAL POSITIONS) — Ordinance (amended schedule),wage_schedule_or_compensation_plan,high,scheduled,high_priority_later_verify,URL-086fb56172273a459bbd,1,primary,KEY-555f82483d1054487fe9,67415,2.683333,non_safety,city,medium,100,COORD-TIER1-WAVE2-SERIAL150-2026-07-22,candidate_lead_planned_not_verified
VER-54148ac2f83d499ecec7,NSCQ-MA-20260720-0052,NSCQ-MA-20260720-0052,cog_2025_166450,166450,MA,Malden,CITY OF MALDEN,https://www.cityofmalden.org/DocumentCenter/View/10507/Public-Facilities-Union-CBA-07012023-06302026,"INTEGRATED COLLECTIVE BARGAINING AGREEMENT (Public Facilities) July 1, 2023 - June 30, 2026",cba,high,scheduled,high_priority_later_verify,URL-deb6006363b0e2466566,1,primary,KEY-af989cdd6464c3bea91d,65133,2.683333,non_safety,city,high,100,COORD-TIER1-WAVE2-SERIAL150-2026-07-22,candidate_lead_planned_not_verified
VER-b9ac5de94b3ce29582d6,NSCQ-MA-20260720-0067,NSCQ-MA-20260720-0067,cog_2025_185819,185819,MA,Medford,CITY OF MEDFORD,https://www.medfordma.org/fs/resource-manager/view/dfbd4e54-ca8a-451c-9ae3-d5028240abd0,"Memorandum of Agreement (MOA) — City of Medford and Medford Firefighters Union, IAFF Local 1032 (successor collective bargaining agreement amendments)",memorandum_or_settlement,high,scheduled,high_priority_later_verify,URL-de21dc15ff3666b7ac2d,1,primary,KEY-3b23cb58ec49b8a3214f,58744,2.683333,fire,city,medium,100,COORD-TIER1-WAVE2-SERIAL150-2026-07-22,candidate_lead_planned_not_verified
VER-b50fe882b5180133d71d,NSCQ-MA-20260720-0060,NSCQ-MA-20260720-0060,cog_2025_166446,166446,MA,Chicopee,CITY OF CHICOPEE,https://www.chicopeema.gov/DocumentCenter/View/14059/Chicopee-Police-Patrolmans-Union-MassCOP-Eff-712021---6302024,"Chicopee Police Patrolmen’s Union (MassCOP Local #485) Contract (Effective July 1, 2021 – June 30, 2024)",cba,high,scheduled,high_priority_later_verify,URL-0e228787eb685cde6fb9,1,primary,KEY-5f055fff0af7582a96b9,54838,2.683333,police,city,high,100,COORD-TIER1-WAVE2-SERIAL150-2026-07-22,candidate_lead_planned_not_verified
VER-b06b038f161e443acea7,NSCQ-MA-20260720-0098,NSCQ-MA-20260720-0098,cog_2025_190439,190439,MA,Attleboro,CITY OF ATTLEBORO,https://www.cityofattleboro.us/DocumentCenter/View/10812/Police-CBA-FY24-FY26,"Agreement between City of Attleboro and Attleboro Police Association (Massachusetts Coalition of Police, AFL-CIO, Local 352) — FY24-FY26",cba,high,scheduled,high_priority_later_verify,URL-91c2e43cb8dd6880900b,1,primary,KEY-3f977ffbc1e7ebe5d0d0,46654,2.683333,police,city,high,100,POST-PI-PARALLEL-ROUND1-LANE2-2026-07-23,candidate_lead_planned_not_verified
VER-1fb402c38a076e93fc88,NSCQ-MA-20260720-0092,NSCQ-MA-20260720-0092,cog_2025_166444,166444,MA,Salem,CITY OF SALEM,https://www.salemma.gov/DocumentCenter/View/6188/Patrol-MOA-through-June-30-2024-PDF,"Patrol MOA through June 30, 2024",memorandum_or_settlement,high,scheduled,high_priority_later_verify,URL-9458caa384992b4f0076,1,primary,KEY-50836e87729e2877c898,44744,2.683333,police,city,medium,91,POST-PI-PARALLEL-ROUND1-LANE2-2026-07-23,candidate_lead_planned_not_verified
VER-436db7b9692c4fa71656,NSCQ-MA-20260720-0074,NSCQ-MA-20260720-0074,cog_2025_193466,193466,MA,Leominster,CITY OF LEOMINSTER,https://leominster-ma.gov/DocumentCenter/View/4255/-Leominster-Patrol-Union-Contract-2024-2027,"Collective Bargaining Agreement (City of Leominster and Leominster Patrolmen’s Union, MassCOP Local 364 AFL-CIO)",cba,high,scheduled,high_priority_later_verify,URL-7327dab2bfed278d3ff7,1,primary,KEY-263b1def34ed7a1cb452,43627,2.683333,police,city,medium,100,POST-PI-PARALLEL-ROUND1-LANE1-2026-07-23,candidate_lead_planned_not_verified
VER-7bba917f2d57c883dcdf,NSCQ-MA-20260720-0071,NSCQ-MA-20260720-0071,cog_2025_166439,166439,MA,Pittsfield,CITY OF PITTSFIELD,https://www.pittsfieldma.gov/DocumentCenter/View/677/Police-Patrol-Officers-447-IBPO-PDF,"COLLECTIVE BARGAINING AGREEMENT BETWEEN THE CITY OF PITTSFIELD AND PITTSFIELD POLICE DEPARTMENT (Local 447, IBPO) (2019-2022)",cba,high,scheduled,high_priority_later_verify,URL-5e60e2b46f73448d79c8,1,primary,KEY-3dd215e8d94dda0f6e2d,43076,2.683333,police,city,medium,100,POST-PI-PARALLEL-ROUND1-LANE1-2026-07-23,candidate_lead_planned_not_verified
VER-c5cfebd4dde95f4a9b17,NSCQ-MA-20260720-0095,NSCQ-MA-20260720-0095,cog_2025_106052,106052,MA,Beverly,CITY OF BEVERLY,https://www.beverlyma.gov/DocumentCenter/View/5489,Agreement between the City of Beverly and the Beverly Police Benevolent Association (BPBA),cba,high,scheduled,high_priority_later_verify,URL-cc194a6307f1ceebaa7f,1,primary,KEY-102b87f57486b3f6c816,42318,2.683333,police,city,medium,88,POST-PI-PARALLEL-ROUND1-LANE2-2026-07-23,candidate_lead_planned_not_verified
VER-6ba660ac273ebf6f0b6e,NSCQ-MA-20260720-0107,NSCQ-MA-20260720-0107,cog_2025_106071,106071,MA,Woburn,CITY OF WOBURN,https://mlsa.ma.aft.org/sites/default/files/woburn_cba_for_library_staff_association_7_1_14_thru_6_30_18.pdf,"COLLECTIVE BARGAINING AGREEMENT BETWEEN THE CITY OF WOBURN/WOBURN PUBLIC LIBRARY AND THE WOBURN LIBRARY STAFF ASSOCIATION, LOCAL 4928, MASSACHUSETTS LIBRARY STAFF ASSOCIATION, AMERICAN FEDERATION OF TEACHERS, AFL-CIO",cba,high,scheduled,high_priority_later_verify,URL-442c9bdc8e7473c96de3,1,primary,KEY-c4db26de61c3daa7ebfa,41647,2.683333,non_safety,third_party,high,74,POST-PI-PARALLEL-ROUND1-LANE2-2026-07-23,candidate_lead_planned_not_verified
VER-c70f9a3d975feee09f5b,NSCQ-MA-20260720-0082,NSCQ-MA-20260720-0082,cog_2025_183910,183910,MA,Fitchburg,CITY OF FITCHBURG,https://www.fitchburgma.gov/DocumentCenter/View/20259/AFSCME-AFL-CIO-Clerical-FY24-FY26-,"Collective Bargaining Agreement / AFSCME (Clerical) Between the City of Fitchburg, MA and AFSCME / AFL-CIO (Fiscal Years 07.01.2024 – 06.30.2026)",cba,high,scheduled,high_priority_later_verify,URL-cfe5781dd737bd0c581a,1,primary,KEY-e652ca83e6f952f85b85,41579,2.683333,non_safety,city,high,100,POST-PI-PARALLEL-ROUND1-LANE2-2026-07-23,candidate_lead_planned_not_verified
VER-465fc0cc4facd55e3886,NSCQ-MA-20260720-0111,NSCQ-MA-20260720-0111,cog_2025_166451,166451,MA,Marlborough,CITY OF MARLBOROUGH,https://marlborough-ma.gov/DocumentCenter/View/455/DPW-Laborers-Salary-Table-07-01-2023-PDF,DPW Laborers Salary Table (Effective 07/01/2023) — CITY OF MARLBOROUGH SALARY TABLES,wage_schedule_or_compensation_plan,high,scheduled,high_priority_later_verify,URL-1569df0d1e42ce3b1c79,1,primary,KEY-67a3b12a5d0fd4504e12,41179,2.683333,non_safety,city,medium,100,POST-PI-PARALLEL-ROUND1-LANE2-2026-07-23,candidate_lead_planned_not_verified
VER-b8fbe734819847c6b74e,NSCQ-MA-20260720-0091,NSCQ-MA-20260720-0091,cog_2025_166447,166447,MA,Westfield,CITY OF WESTFIELD,https://www.cityofwestfield.org/DocumentCenter/View/4371,AFSCME 35 WAGE SCHEDULES (AFSCME Local 346 - 35 Hour Unit),wage_schedule_or_compensation_plan,high,scheduled,high_priority_later_verify,URL-750b92f8401757bc0c2a,1,primary,KEY-50e6fe1a9b65a077d41b,40509,2.683333,non_safety,city,medium,92,POST-PI-PARALLEL-ROUND1-LANE2-2026-07-23,candidate_lead_planned_not_verified
VER-6d4994d008df546a65ed,NSCQ-MA-20260720-0079,NSCQ-MA-20260720-0079,cog_2025_212032,212032,MA,Amherst Town,CITY OF AMHERST TOWN,https://www.amherstma.gov/DocumentCenter/View/63822/DPW-Association-signed-contract-FY-23---FY-25,"Collective Bargaining Agreement — Amherst DPW Association and Town of Amherst (Effective July 1, 2022 - June 30, 2025) (DPW Association signed contract)",cba,high,scheduled,high_priority_later_verify,URL-e96dfa371bcb19bd79b9,1,primary,KEY-496a8426e5a46773f0cf,40277,2.683333,non_safety,city,medium,91,POST-PI-PARALLEL-ROUND1-LANE2-2026-07-23,candidate_lead_planned_not_verified
VER-42bb3b70573e5a364cc2,NSCQ-MA-20260720-0115,NSCQ-MA-20260720-0115,cog_2025_128148,128148,MA,Randolph Town,CITY OF RANDOLPH TOWN,https://www.randolph-ma.gov/DocumentCenter/View/3898/IUOE-877---DPW-Union-Contract-FY-2025-2027---Signed-and-With-Attachment,"THE COLLECTIVE BARGAINING AGREEMENT BETWEEN THE TOWN OF RANDOLPH AND THE INTERNATIONAL UNION OF OPERATING ENGINEERS, LOCAL #877, AFL-CIO (DPW Union Contract)",cba,high,scheduled,high_priority_later_verify,URL-3a329f3faed8500d260c,1,primary,KEY-b0981b0ab0bf83917a7d,34487,2.683333,non_safety,city,medium,100,POST-PI-PARALLEL-ROUND1-LANE2-2026-07-23,candidate_lead_planned_not_verified
VER-f183332e21694b09eac2,NSCQ-MA-20260720-0125,NSCQ-MA-20260720-0125,cog_2025_166442,166442,MA,Gloucester,CITY OF GLOUCESTER,https://gloucester-ma.gov/DocumentCenter/View/9560/Police-Patrolmens-Contract-through-June-30-2025,MEMORANDUM OF AGREEMENT BETWEEN THE CITY OF GLOUCESTER AND THE GLOUCESTER POLICE PATROLMEN’S ASSOCIATION (MAS S/COP LOCAL 344),memorandum_or_settlement,high,scheduled,high_priority_later_verify,URL-36979ca6e8c5ca9b1523,1,primary,KEY-364a757a3b079a592310,29959,2.683333,police,city,medium,100,POST-PI-PARALLEL-ROUND2-3X150-LANE1-2026-07-23,candidate_lead_planned_not_verified
VER-28192ec2beeb10cc0cd6,NSCQ-MA-20260720-0113,NSCQ-MA-20260720-0113,cog_2025_128106,128106,MA,Northampton,CITY OF NORTHAMPTON,https://northamptonma.gov/DocumentCenter/View/10041,"Agreement between the City of Northampton and Northampton Firefighters, I.A.F.F. Local 108 (Effective date: July 1, 2022; Termination Date: June 30, 2025)",cba,high,scheduled,high_priority_later_verify,URL-72d304a00465ae8d197b,1,primary,KEY-ce889f0ef4252ba5f821,29370,2.683333,fire,city,medium,100,POST-PI-PARALLEL-ROUND1-LANE2-2026-07-23,candidate_lead_planned_not_verified
VER-b2f38b03d2ece1f598d3,NSCQ-MA-20260720-0130,NSCQ-MA-20260720-0130,cog_2025_128107,128107,MA,Melrose,CITY OF MELROSE,https://www.cityofmelrose.org/DocumentCenter/View/1519/Local-272-Clerical-FY-23-25-PDF,Collective Bargaining Agreement — Local 272 Clerical (Melrose Association of City Hall Employees) — City of Melrose,cba,high,scheduled,high_priority_later_verify,URL-76e9fc3f7dd55f32797e,1,primary,KEY-eee25a08291e370f77f1,29357,2.683333,non_safety,city,high,100,POST-PI-PARALLEL-ROUND2-3X150-LANE1-2026-07-23,candidate_lead_planned_not_verified
VER-d648fe6a969dca91811f,NSCQ-MA-20260720-0138,NSCQ-MA-20260720-0138,cog_2025_166456,166456,MA,Gardner,CITY OF GARDNER,https://gardner-ma.gov/DocumentCenter/View/10502/AFSCME-Contract-July-1-2023-to-June-30-2026-Fully-Executed,"Collective Bargaining Agreement between the City of Gardner and AFSCME Council 93, Local 1717 - City Hall Clerical and Maintenance Staff",cba,high,scheduled,high_priority_later_verify,URL-f9ea2ed6f24a4f3ccd91,1,primary,KEY-cf6749e68f0163b5d1d9,20974,2.683333,non_safety,city,high,94,POST-PI-PARALLEL-ROUND2-3X150-LANE1-2026-07-23,candidate_lead_planned_not_verified
VER-172baca4da5c054bcc7a,NSCQ-MA-20260720-0152,NSCQ-MA-20260720-0152,cog_2025_166443,166443,MA,Newburyport,CITY OF NEWBURYPORT,https://www.cityofnewburyport.com/sites/g/files/vyhlif12211/f/pages/afscme_contract_7-1-21_to_6-30-24.pdf,"Collective Bargaining Agreement (AFSCME Local 939) — July 1, 2021 to June 30, 2024",cba,high,scheduled,high_priority_later_verify,URL-9565ed0446b6f3c008eb,1,primary,KEY-0f301a0c822f6376f0ba,18731,2.683333,non_safety,city,medium,100,POST-PI-PARALLEL-ROUND2-3X150-LANE3-2026-07-23,candidate_lead_planned_not_verified
VER-833146aba871f31e8ae1,NSCQ-MA-20260720-0141,NSCQ-MA-20260720-0141,cog_2025_224809,224809,MA,Greenfield,CITY OF GREENFIELD,https://cms5.revize.com/revize/greenfield/Document_Center/Fire%20FY25-27%20EXECUTED%20CBA.pdf,Fire FY25-27 EXECUTED CBA,cba,high,scheduled,high_priority_later_verify,URL-5b5e22f5bef2ec1f236c,1,primary,KEY-7a62331f619abbbce30f,17628,2.683333,fire,city,medium,100,POST-PI-PARALLEL-ROUND2-3X150-LANE2-2026-07-23,candidate_lead_planned_not_verified
VER-91131ab0867acea7ac8c,NSCQ-MA-20260720-0154,NSCQ-MA-20260720-0154,cog_2025_224803,224803,MA,Amesbury,CITY OF AMESBURY,https://www.amesburyma.gov/DocumentCenter/View/5405,Collective Bargaining Agreement (OPEIU Integrated CBA FY23-25),cba,high,scheduled,high_priority_later_verify,URL-cbaafd5f4017d00c7a14,1,primary,KEY-2ff74bfd563d3ef281eb,17303,2.683333,non_safety,city,high,100,POST-PI-PARALLEL-ROUND2-3X150-LANE3-2026-07-23,candidate_lead_planned_not_verified
VER-a42f544b2426e1c3483d,NSCQ-MA-20260720-0022,NSCQ-MA-20260720-0022,ma_seekonk,166481,MA,Seekonk,TOWN OF SEEKONK,https://www.seekonk-ma.gov/Archive.aspx?ADID=277,Fire Unit Contract (7-1-2016 to 6-30-2019),cba,high,scheduled,high_priority_later_verify,URL-2df96a6c1acb37192d7d,1,primary,KEY-3d66a8f10edbe774494e,15725,2.683333,fire,city,medium,79,NWMS-2026-07-16-01,candidate_lead_planned_not_verified
VER-6411c281d1b3a26409c9,NSCQ-MA-20260720-0157,NSCQ-MA-20260720-0157,cog_2025_224812,224812,MA,Palmer Town,CITY OF PALMER TOWN,https://www.townofpalmer.com/vertical/sites/%7B034F9CAE-5196-4551-90C2-FBFD76374BDB%7D/uploads/UFCW_Local_1459_CBA_2016-2019_Fully_Executed_%28A3802448x7A575%29.pdf,"Collective Bargaining Agreement between Town of Palmer, Massachusetts and UFCW Local 1459 (2016-2019)",cba,high,scheduled,high_priority_later_verify,URL-4ed053d4365d3c8a7130,1,primary,KEY-aacc00bc66e970a1fb6a,12315,2.683333,non_safety,city,medium,85,POST-PI-AGGRESSIVE-3X300-ATTEMPT3-LANE1-2026-07-23,candidate_lead_planned_not_verified
VER-8ec4e147aac75e271674,NSCQ-WA-20260720-0003,NSCQ-WA-20260720-0003,wa_seattle,184255,WA,Seattle,CITY OF SEATTLE,https://www.seattle.gov/documents/opa/legislation/local17_cba_expires_12-31-2018_021916.pdf,"PROFESSIONAL AND TECHNICAL EMPLOYEES, LOCAL #17 CBA (effective January 1, 2015 through December 31, 2018)",cba,high,scheduled,high_priority_later_verify,URL-c5973238e8826a68ce2b,1,primary,KEY-a99edcff369bdcb8e9a1,755078,2.633333,non_safety,city,low,100,COORD-TIER1-WAVE1-SERIAL150-2026-07-22,candidate_lead_planned_not_verified
VER-589bf1f42ee350b8394b,NSCQ-WA-20260720-0008,NSCQ-WA-20260720-0008,cog_2025_176868,176868,WA,Tacoma,CITY OF TACOMA,https://cms.tacoma.gov/HR/Collective_Bargaining_Agreements/L6_2015_2016_Final_signed.pdf,"2015- 2016 AGREEMENT BY AND BETWEEN THE TACOMA POLICE UNION LOCAL #6, I.U.P.A. AND CITY OF TACOMA",cba,high,scheduled,high_priority_later_verify,URL-a78ca8d3b03714eafbe1,1,primary,KEY-7cfff87ff22b742de31a,222906,2.633333,police,city,high,95,COORD-TIER1-WAVE1-SERIAL150-2026-07-22,candidate_lead_planned_not_verified
VER-1683294c3474e980c354,NSCQ-WA-20260720-0012,NSCQ-WA-20260720-0012,cog_2025_114624,114624,WA,Bellevue,CITY OF BELLEVUE,https://bellevuewa.gov/sites/default/files/media/pdf_document/cba-Bellevue-Police-Management-Association-current.pdf,"Collective Bargaining Agreement; City of Bellevue & Bellevue Police Management Association (April 1, 2018 through December 31, 2021)",cba,high,scheduled,high_priority_later_verify,URL-e70eb526090c243ae4c7,1,primary,KEY-2b813d0d553e7a820023,151574,2.633333,police,city,medium,88,COORD-TIER1-WAVE1-SERIAL150-2026-07-22,candidate_lead_planned_not_verified
VER-f12bf9d6c03d6b229e04,NSCQ-WA-20260720-0021,NSCQ-WA-20260720-0021,cog_2025_176873,176873,WA,Everett,CITY OF EVERETT,https://www.everettwa.gov/DocumentCenter/View/17783/CBA---IAFF-PDF?bidId=,"COLLECTIVE BARGAINING AGREEMENT between CITY OF EVERETT and EVERETT FIREFIGHTERS, LOCAL 46 (IAFF)",cba,high,scheduled,high_priority_later_verify,URL-fde8df21a94f7d6e408c,1,primary,KEY-dab5dffa2c35a144c1d8,111180,2.633333,fire,city,medium,72,COORD-TIER1-WAVE2-SERIAL150-2026-07-22,candidate_lead_planned_not_verified
VER-a1ef6617229488d5f40b,NSCQ-WA-20260720-0026,NSCQ-WA-20260720-0026,cog_2025_136110,136110,WA,Renton,CITY OF RENTON,https://www.rentonwa.gov/UserFiles/Servers/Server_7922657/File/City%20Hall/HRRM/Employment/Union%20Contracts/2019%20-%202020%20AFSCME%20Contract%20final%20form.pdf,"AFSCME, Local 2170 Contract — CITY OF RENTON and AFSCME (2019–2020)",cba,high,scheduled,high_priority_later_verify,URL-44b00263fa741298bbad,1,primary,KEY-c2c6357900c75e9561f5,104491,2.633333,non_safety,city,medium,97,COORD-TIER1-WAVE2-SERIAL150-2026-07-22,candidate_lead_planned_not_verified
VER-51a6b6cc53e96d5618fd,NSCQ-WA-20260720-0033,NSCQ-WA-20260720-0033,cog_2025_176902,176902,WA,Yakima,CITY OF YAKIMA,https://www.yakimawa.gov/services/hr/files/2024-2026-YPPA-CBA_Executed.doc.pdf,"Yakima Police Patrolman's Association (YPPA) CBA (Executed) — January 1, 2024 - December 31, 2026",cba,high,scheduled,high_priority_later_verify,URL-e343afe447ce7e091b52,1,primary,KEY-8ef3faef626b75e3141e,96750,2.633333,police,city,medium,97,COORD-TIER1-WAVE2-SERIAL150-2026-07-22,candidate_lead_planned_not_verified
VER-6e01434c2db46ee22d32,NSCQ-WA-20260720-0037,NSCQ-WA-20260720-0037,cog_2025_205600,205600,WA,Bellingham,CITY OF BELLINGHAM,https://cob.org/wp-content/uploads/Bellingham-Lieutenants-CBA-2022-2024.pdf,2022-2024 Collective Bargaining Agreement (City of Bellingham and Fraternal Order of Police Matt Herzog Memorial Lodge #24),cba,high,scheduled,high_priority_later_verify,URL-5cbd28352291b5d770e6,1,primary,KEY-a4c1b49e5a4114735b84,94720,2.633333,police,city,medium,100,COORD-TIER1-WAVE2-SERIAL150-2026-07-22,candidate_lead_planned_not_verified
VER-b7abd4f267cc927d9319,NSCQ-WA-20260720-0040,NSCQ-WA-20260720-0040,cog_2025_176838,176838,WA,Kirkland,CITY OF KIRKLAND,https://www.kirklandwa.gov/files/sharedassets/public/hr/hr-pdfs/pseu-cba.pdf,2020 2022 Agreement (Public Safety Employees Union #519 – Kirkland Police Lieutenants Union),cba,high,scheduled,high_priority_later_verify,URL-df9a905555b1169607b3,1,primary,KEY-8aa195d24adda613cfaa,91194,2.633333,police,city,high,100,COORD-TIER1-WAVE2-SERIAL150-2026-07-22,candidate_lead_planned_not_verified
VER-f51bf059db5f258c574e,NSCQ-WA-20260720-0044,NSCQ-WA-20260720-0044,cog_2025_136101,136101,WA,Kennewick,CITY OF KENNEWICK,https://www.go2kennewick.com/DocumentCenter/View/646/Police-Officers-PDF,"Collective Bargaining Agreement Between the Kennewick Police Officers Benefit Association and the City of Kennewick, Washington (January 1, 2024 Through December 31, 2026)",cba,high,scheduled,high_priority_later_verify,URL-7797996c6f8676187940,1,primary,KEY-10cfbd320c1f68455efc,85158,2.633333,police,city,high,100,COORD-TIER1-WAVE2-SERIAL150-2026-07-22,candidate_lead_planned_not_verified
VER-d7eb8ec8fd96a630bf78,NSCQ-WA-20260720-0071,NSCQ-WA-20260720-0071,cog_2025_176845,176845,WA,Sammamish,CITY OF SAMMAMISH,https://www.sammamish.us/media/liuhmtdv/final-wsccce-coucil-2-city-of-sammamish-cba-01-01-2024-12-31-2026.pdf,"Agreement by and between the City of Sammamish and AFSCME Council 2, Local 1425 (Non-supervisory employees) — January 1, 2024 – December 31, 2026",cba,high,scheduled,high_priority_later_verify,URL-87a3f871d77e631bf5c6,1,primary,KEY-e8b57f5ffd4adb441455,65116,2.633333,non_safety,city,high,92,POST-PI-PARALLEL-ROUND1-LANE1-2026-07-23,candidate_lead_planned_not_verified
VER-44a1457ec0cf608b1f52,NSCQ-WA-20260720-0059,NSCQ-WA-20260720-0059,cog_2025_184250,184250,WA,Lakewood,CITY OF LAKEWOOD,https://cityoflakewood.us/wp-content/uploads/2023/02/Contract-Jan.-1-2023-December-31-2025.pdf,"Collective Bargaining Agreement (City of Lakewood & Lakewood Police Independent Guild) — January 1, 2023 through December 31, 2025",cba,high,scheduled,high_priority_later_verify,URL-64b8555504fce8a68766,1,primary,KEY-9cac5ec131135e9b209b,62303,2.633333,police,city,medium,97,POST-PI-PARALLEL-ROUND1-LANE1-2026-07-23,candidate_lead_planned_not_verified
VER-a218f289f7c046e7dddb,NSCQ-WA-20260720-0053,NSCQ-WA-20260720-0053,cog_2025_114647,114647,WA,Lacey,CITY OF LACEY,https://cityoflacey.org/wp-content/uploads/sites/3/2025/07/2024-2026-LPSMU-Teamsters-Full-CBA-Hyperlinked.pdf,City of Lacey and Teamsters Local 252 — Lacey Police Senior Management Union (LPSMU) (Agreement),cba,high,scheduled,high_priority_later_verify,URL-cd278784180b86df62fd,1,primary,KEY-b24a73e259a05003cc63,58326,2.633333,police,city,medium,85,POST-PI-PARALLEL-ROUND1-LANE1-2026-07-23,candidate_lead_planned_not_verified
VER-159251db30b2c537fcf6,NSCQ-WA-20260720-0057,NSCQ-WA-20260720-0057,cog_2025_176884,176884,WA,Olympia,CITY OF OLYMPIA,https://olympia.legistar.com/View.ashx?GUID=68786789-A468-4BB3-BD0A-A56F5D49D6B3&ID=6970920&M=F,AFSCME 2019-2021 Collective Bargaining Agreement between the City of Olympia and AFSCME Local 618-0,cba,high,scheduled,high_priority_later_verify,URL-9190c6aeb82ead7d6a51,1,primary,KEY-fd54d50a5e2a94e4898c,55733,2.633333,non_safety,city,high,100,POST-PI-PARALLEL-ROUND1-LANE1-2026-07-23,candidate_lead_planned_not_verified
VER-a0db6a6d6feab6552b51,NSCQ-WA-20260720-0028,NSCQ-WA-20260720-0028,cog_2025_136109,136109,WA,Bothell,CITY OF BOTHELL,https://www.bothellwa.gov/DocumentCenter/View/19902/2024-2026-BPOG-Contract?bidId=,"CONTRACT AND AGREEMENT (January 1, 2024 Through December 31, 2026) Between the City of Bothell and the Bothell Police Officers Guild",cba,high,scheduled,high_priority_later_verify,URL-71d77bca3d4237f835fe,1,primary,KEY-a45ded8db96ba14206c2,50213,2.633333,police,city,high,100,COORD-TIER1-WAVE2-SERIAL150-2026-07-22,candidate_lead_planned_not_verified
VER-7326219208277cf0b23c,NSCQ-WA-20260720-0081,NSCQ-WA-20260720-0081,cog_2025_202760,202760,WA,Lynnwood,CITY OF LYNNWOOD,https://www.lynnwoodwa.gov/files/sharedassets/public/v/1/human-resources/2024-salary-schedule-council-approved-revised-2-2024.pdf,"City of Lynnwood Full Time 2024 Salary Schedule (Council approved, revised)",wage_schedule_or_compensation_plan,high,scheduled,high_priority_later_verify,URL-67abf70a62100e700b0b,1,primary,KEY-7c1269ad39ed4f2df32f,43867,2.633333,non_safety,city,medium,88,POST-PI-PARALLEL-ROUND1-LANE1-2026-07-23,candidate_lead_planned_not_verified
VER-56db5ef4739951eff8ba,NSCQ-WA-20260720-0091,NSCQ-WA-20260720-0091,cog_2025_209741,209741,WA,Edmonds,CITY OF EDMONDS,https://www.edmondswa.gov/UserFiles/Servers/Server_16494932/File/Government/Departments/Human%20Resources/Employee%20Contracts%20and%20Policies/AFSCME/AFSCME%20Final%20Contract%202022-2024.pdf,"AFSCME CBA (January 1, 2022 through December 31, 2024)",cba,high,scheduled,high_priority_later_verify,URL-0ba4b73bf4b56453bee5,1,primary,KEY-176cb9bd147373d26f13,42701,2.633333,non_safety,city,medium,97,POST-PI-PARALLEL-ROUND1-LANE1-2026-07-23,candidate_lead_planned_not_verified
VER-f9cfb6997b426f23381b,NSCQ-WA-20260720-0099,NSCQ-WA-20260720-0099,cog_2025_176876,176876,WA,Lake Stevens,CITY OF LAKE STEVENS,https://www.lakestevenswa.gov/DocumentCenter/View/13176/Police-Guild-Commissioned-CBA-2024-2026,Police Guild Commissioned CBA (2024-2026),cba,high,scheduled,high_priority_later_verify,URL-ec3b4d0f2a5989a37c4d,1,primary,KEY-f578d31e11ed6be7ff5a,40521,2.633333,police,city,high,100,POST-PI-PARALLEL-ROUND1-LANE1-2026-07-23,candidate_lead_planned_not_verified
VER-b316117f2a72f5b521f9,NSCQ-WA-20260720-0114,NSCQ-WA-20260720-0114,cog_2025_114625,114625,WA,Issaquah,CITY OF ISSAQUAH,https://www.issaquahwa.gov/DocumentCenter/View/5094,Agreement 1/1/2023 – 12/31/2024 (CITY OF ISSAQUAH and ISSAQUAH ADMINISTRATIVE STAFF ASSOCIATION),cba,high,scheduled,high_priority_later_verify,URL-f823658ef155750a5e54,1,primary,KEY-527de292debb1fdcd1f9,38977,2.633333,non_safety,city,high,100,POST-PI-PARALLEL-ROUND1-LANE2-2026-07-23,candidate_lead_planned_not_verified
VER-3064b7b631419c1b022a,NSCQ-WA-20260720-0094,NSCQ-WA-20260720-0094,cog_2025_136129,136129,WA,Mount Vernon,CITY OF MOUNT VERNON,https://mountvernonwa.gov/DocumentCenter/View/14291/Teamster-Contract-01012022-through-12312024-Signed,Teamster-Contract 01/01/2022 through 12/31/2024 (Signed) — Parks and Public Works employees,cba,high,scheduled,high_priority_later_verify,URL-42408dd33fe1bf871b59,1,primary,KEY-2ea12480ef4983e19f89,35259,2.633333,non_safety,city,high,100,POST-PI-PARALLEL-ROUND1-LANE1-2026-07-23,candidate_lead_planned_not_verified
VER-4bc53593fbb8f87d106a,NSCQ-WA-20260720-0124,NSCQ-WA-20260720-0124,cog_2025_194187,194187,WA,Des Moines,CITY OF DES MOINES,https://www.desmoineswa.gov/common/pages/DownloadFileByUrl.aspx?key=akJFB8zq65sRwg7qlo1bimH4TlkcVUTh6A1seZPUhZ%2BB4l3qMrHKhovLQFaaAogoqKlumlQ0TIQYbHcg6StAIfZ%2FZxIwHFyLgPB3VKw7x%2FS9pgAe7A%2Bjqqi%2Fv6EYDhQv8GmuDHUsAKK3MlFnvuErFQvWX9K0CYASyt4s9OMeUlYBvlry,City of Des Moines - Index of Positions and Pay Schedule (2019 Annual Budget) [contains Teamsters Local 763 wage table entries],wage_schedule_or_compensation_plan,high,scheduled,high_priority_later_verify,URL-12afab66de3202d6255e,1,primary,KEY-b78ca45d96c562e774c6,31988,2.633333,non_safety,city,low,74,POST-PI-PARALLEL-ROUND1-LANE2-2026-07-23,candidate_lead_planned_not_verified
VER-bf19478b865daba16654,NSCQ-WA-20260720-0132,NSCQ-WA-20260720-0132,cog_2025_184252,184252,WA,Maple Valley,CITY OF MAPLE VALLEY,https://cms3.revize.com/revize/maplevalleywa/Documents/Council%20Meetings/2021/061421sm%20Business%20packet.pdf,Ordinance No. O-21-725 (Amending Appendix “L” of the 2021-2022 Biennial Budget entitled “Salary Schedule”),wage_schedule_or_compensation_plan,high,scheduled,high_priority_later_verify,URL-c39dd6c62eae54ab847e,1,primary,KEY-07d6bc5598867ade8601,28434,2.633333,non_safety,city,medium,74,POST-PI-PARALLEL-ROUND1-LANE2-2026-07-23,candidate_lead_planned_not_verified
VER-dd461d8cc10d73e78b67,NSCQ-WA-20260720-0111,NSCQ-WA-20260720-0111,cog_2025_176886,176886,WA,Tumwater,CITY OF TUMWATER,https://mccmeetingspublic.blob.core.usgovcloudapi.net/tumwater-meet-6f87e1eced934ff289948a50757573de/ITEM-Attachment-001-dcaaa8d6f604403787c6074b0418c893.pdf,Agreement between the City of Tumwater and the Tumwater Police Officers Guild (Police Guild),cba,high,scheduled,high_priority_later_verify,URL-07ce2a29db005cde7daf,1,primary,KEY-e510e165f278cb1ada90,27239,2.633333,police,city,medium,88,POST-PI-PARALLEL-ROUND1-LANE2-2026-07-23,candidate_lead_planned_not_verified
VER-7adf9b0304d772ac620f,NSCQ-WA-20260720-0118,NSCQ-WA-20260720-0118,cog_2025_176847,176847,WA,Bainbridge Island,CITY OF BAINBRIDGE ISLAND,https://bainbridgewa.gov/DocumentCenter/View/17939/Guild-2022-2024-CBA,Bainbridge Island Police Guild Collective Bargaining Agreement 2022-2024 (CBA),cba,high,scheduled,high_priority_later_verify,URL-be73df0a9ab6860d5c4a,1,primary,KEY-d87106ada50fff2e32d2,24254,2.633333,police,city,medium,97,POST-PI-PARALLEL-ROUND1-LANE2-2026-07-23,candidate_lead_planned_not_verified
VER-22cb1849d6734c3e9155,NSCQ-WA-20260720-0136,NSCQ-WA-20260720-0136,cog_2025_202758,202758,WA,Bonney Lake,CITY OF BONNEY LAKE,https://www.citybonneylake.org/UserFiles/Servers/Server_15292413/File/Human%20Resources/20210511-Bonney%20Lake%20Police%20Guild%20Agreement%202021-2023.pdf,"Collective Bargaining Agreement (City of Bonney Lake / Bonney Lake Police Guild) — January 1, 2021 Through December 31, 2023",cba,high,scheduled,high_priority_later_verify,URL-1dc3ead27d6f8f23ad43,1,primary,KEY-3034602fc04a9d5c6f68,22835,2.633333,police,city,high,88,POST-PI-PARALLEL-ROUND1-LANE2-2026-07-23,candidate_lead_planned_not_verified
VER-13b8976b7e9d33b31a6c,NSCQ-WA-20260720-0161,NSCQ-WA-20260720-0161,cog_2025_136132,136132,WA,Mill Creek,CITY OF MILL CREEK,https://millcreekwa.gov/sites/default/files/2026-01/2024-2027-comc-afscme-cba-final-executed-revised-2026.01.13.pdf,AFSCME Collective Bargaining Agreement (Local 1811-M Washington State Council of County and City Employees) between City of Mill Creek (Executed/Revised),cba,high,scheduled,high_priority_later_verify,URL-21c53611964d20f39186,1,primary,KEY-5b5d3ada85d971d4c686,20742,2.633333,non_safety,city,high,100,POST-PI-PARALLEL-ROUND2-3X150-LANE1-2026-07-23,candidate_lead_planned_not_verified
VER-e3874765a89b990fe4d6,NSCQ-WA-20260720-0172,NSCQ-WA-20260720-0172,cog_2025_205597,205597,WA,Monroe,CITY OF MONROE,https://monroewa.gov/DocumentCenter/View/14200,Public Works and Parks CBA (Collective Bargaining Agreement) — Agreement 2023-2026,cba,high,scheduled,high_priority_later_verify,URL-6b51e07b4ce681da0017,1,primary,KEY-26f1d531bcf567272e9e,19447,2.633333,non_safety,city,high,100,POST-PI-PARALLEL-ROUND2-3X150-LANE1-2026-07-23,candidate_lead_planned_not_verified
VER-402a2f49ee5796543eb4,NSCQ-WA-20260720-0181,NSCQ-WA-20260720-0181,cog_2025_176812,176812,WA,West Richland,CITY OF WEST RICHLAND,https://westrichland.org/DocumentCenter/View/2019/WRPOA--CBA-Contract--2023-2024-PDF,WRPOA - CBA Contract - 2023-2024,cba,high,scheduled,high_priority_later_verify,URL-48864a87fffd3aca729e,1,primary,KEY-23ec8fbc7cbafb9d6775,18456,2.633333,police,city,medium,87,POST-PI-PARALLEL-ROUND2-3X150-LANE2-2026-07-23,candidate_lead_planned_not_verified
VER-cffe56011ab8a1630235,NSCQ-WA-20260720-0162,NSCQ-WA-20260720-0162,cog_2025_176826,176826,WA,Aberdeen,CITY OF ABERDEEN,https://www.aberdeenwa.gov/DocumentCenter/View/2200/Final-APOG-2023-2025-Signed-CBA,Final APOG 2023-2025 Signed CBA,cba,high,scheduled,high_priority_later_verify,URL-a9892c8ef826b853cca2,1,primary,KEY-16c273ac7cf9fffdef91,17014,2.633333,police,city,medium,97,POST-PI-PARALLEL-ROUND2-3X150-LANE1-2026-07-23,candidate_lead_planned_not_verified
VER-fb3d42676d0a8c439a7a,NSCQ-WA-20260720-0183,NSCQ-WA-20260720-0183,cog_2025_136136,136136,WA,Lynden,CITY OF LYNDEN,https://www.lyndenwa.org/DocumentCenter/View/1645/Police-Officers---Fraternal-Order-of-Police-FOP-Lodge-24---January-1-2022-to-December-31-2025-PDF,"Police Officers — Fraternal Order of Police (FOP) Lodge 24 — January 1, 2022 to December 31, 2025",cba,high,scheduled,high_priority_later_verify,URL-e19fb1c9c900954241d1,1,primary,KEY-37a4facf5f7daee3c6a8,16551,2.633333,police,city,high,100,POST-PI-PARALLEL-ROUND2-3X150-LANE2-2026-07-23,candidate_lead_planned_not_verified
VER-d52e359e0aa0988ede6d,NSCQ-WA-20260720-0186,NSCQ-WA-20260720-0186,cog_2025_136136,136136,WA,Lynden,CITY OF LYNDEN,https://lyndenwa.org/DocumentCenter/View/2140/Public-Works-Unit-and-Teamsters-Local-231---January-1-2024---December-31-2026-PDF,"Public Works Unit and Teamsters Local 231 — January 1, 2024 to December 31, 2026",cba,high,scheduled,high_priority_later_verify,URL-204e31f43c48081094d1,1,primary,KEY-b80ed0f02d616957622a,16551,2.633333,non_safety,city,high,100,POST-PI-PARALLEL-ROUND2-3X150-LANE2-2026-07-23,candidate_lead_planned_not_verified
VER-bee2a1c25bb533da464c,NSCQ-WA-20260720-0187,NSCQ-WA-20260720-0187,cog_2025_194195,194195,WA,Ferndale,CITY OF FERNDALE,https://ferndale.civicweb.net/document/10420,Collective Bargaining Agreement - City of Ferndale Police Department and Ferndale Police Guild,cba,high,scheduled,high_priority_later_verify,URL-bbb460ec5f5001f16739,1,primary,KEY-4007a98931b6d06017e7,15992,2.633333,police,city,medium,91,POST-PI-PARALLEL-ROUND2-3X150-LANE2-2026-07-23,candidate_lead_planned_not_verified
VER-7bfdbdcd8c8193992c9d,NSCQ-WA-20260720-0224,NSCQ-WA-20260720-0224,cog_2025_114630,114630,WA,Snoqualmie,CITY OF SNOQUALMIE,https://mccmeetingspublic.blob.core.usgovcloudapi.net/snoqualmwa-meet-a7be2ec494ea4e3982139f70cb907b20/ITEM-Attachment-001-583a10ff6a5240eab301193e1cc78bba.pdf,Collective Bargaining Agreement (City of Snoqualmie and Snoqualmie Police Association) 2024-2026,cba,high,scheduled,high_priority_later_verify,URL-50d345e0ad451dfd0894,1,primary,KEY-c7e17dba00a05eb4cafd,13465,2.633333,police,city,medium,100,POST-PI-PARALLEL-ROUND2-3X150-LANE3-2026-07-23,candidate_lead_planned_not_verified
VER-70cc7cb01563a79b0b0e,NSCQ-WA-20260720-0201,NSCQ-WA-20260720-0201,cog_2025_176869,176869,WA,Edgewood,CITY OF EDGEWOOD,https://www.edgewoodwa.gov/DocumentCenter/View/2534/2022-Final-Published-Budget?bidId=,2022 Final Published Budget (Ordinance No. 21-0621 — Adopting the Budget and Salary Schedule for the 2022 Fiscal Year; Section 2: 2022 Salary Schedule adopted by reference as Exhibit A),wage_schedule_or_compensation_plan,high,scheduled,high_priority_later_verify,URL-a44128844034f35ec1a6,1,primary,KEY-78938a8f3758bd05b469,13257,2.633333,non_safety,city,medium,80,POST-PI-PARALLEL-ROUND2-3X150-LANE2-2026-07-23,candidate_lead_planned_not_verified
VER-1b55ace9d077b19b1f5a,NSCQ-WA-20260720-0229,NSCQ-WA-20260720-0229,cog_2025_114632,114632,WA,Lake Forest Park,CITY OF LAKE FOREST PARK,https://www.cityoflfp.gov/ArchiveCenter/ViewFile/Item/2345,City of Lake Forest Park 2022-2024 Collective Bargaining Agreement (by and between City of Lake Forest Park and Teamsters Local Union No. 117),cba,high,scheduled,high_priority_later_verify,URL-b172aa7d0816c255ca06,1,primary,KEY-ad01587b3c21a3f384bf,13006,2.633333,non_safety,city,medium,88,POST-PI-PARALLEL-ROUND2-3X150-LANE3-2026-07-23,candidate_lead_planned_not_verified
VER-4a74cb3244b377d27d62,NSCQ-WA-20260720-0191,NSCQ-WA-20260720-0191,cog_2025_202759,202759,WA,Sedro-Woolley,CITY OF SEDRO WOOLLEY,https://cms5.revize.com/revize/cityofsedrowoolley/Governing%20Bodies/Council/Packets/2023/20230111_SWCC_Meeting_Packet.pdf,"Resolution 1114-23 - Amending the Salary Schedule for Non-Represented Employees (Attachment A: Updated Non-Represented Employee Salary Schedule) (Effective January 1, 2023)",ordinance_or_policy,high,scheduled,high_priority_later_verify,URL-be88d4946ddd4507c24e,1,primary,KEY-dddbaa3974e6fb3fe0c1,12940,2.633333,non_safety,city,medium,85,POST-PI-PARALLEL-ROUND2-3X150-LANE2-2026-07-23,candidate_lead_planned_not_verified
VER-19c99bd921fa521933fe,NSCQ-WA-20260720-0218,NSCQ-WA-20260720-0218,cog_2025_184246,184246,WA,Cheney,CITY OF CHENEY,https://www.cityofcheney.org/AgendaCenter/ViewFile/Item/6261?fileID=11398,Cheney Police Guild collective bargaining agreement (duration clause shown; appears to include wage/fringe discussion),cba,high,scheduled,high_priority_later_verify,URL-6d7c2114f48cb4fb86e3,1,primary,KEY-1b20807a1f28b69e3fdc,12620,2.633333,police,city,medium,97,POST-PI-PARALLEL-ROUND2-3X150-LANE3-2026-07-23,candidate_lead_planned_not_verified
VER-820b6b1f594f515e6b17,NSCQ-WA-20260720-0203,NSCQ-WA-20260720-0203,cog_2025_209738,209738,WA,Gig Harbor,CITY OF GIG HARBOR,https://www.gigharborwa.gov/DocumentCenter/View/2663/2023-2025-Police-Teamsters-Local-Union-No117-CBA?bidId=,"Collective Bargaining Agreement (City of Gig Harbor and Teamsters Local Union No. 117) — January 1, 2023 to December 31, 2025",cba,high,scheduled,high_priority_later_verify,URL-2fbd93b696600e12eeb5,1,primary,KEY-301ee630a0d4017bb44b,12604,2.633333,police,city,high,100,POST-PI-PARALLEL-ROUND2-3X150-LANE3-2026-07-23,candidate_lead_planned_not_verified
VER-fa0eb4e756c353ebbd49,NSCQ-WA-20260720-0232,NSCQ-WA-20260720-0232,cog_2025_187887,187887,WA,Sumner,CITY OF SUMNER,https://sumnerwa.gov/wp-content/uploads/2022/11/2022-2024TeamstersAgreement.pdf,Agreement 2022-2024 — General Teamsters Local 313 / Affiliated with International Brotherhood of Teamsters and City of Sumner,cba,high,scheduled,high_priority_later_verify,URL-3a56a2c48156ab653c39,1,primary,KEY-993481097806f34d2bcd,10853,2.633333,non_safety,city,low,89,POST-PI-PARALLEL-ROUND2-3X150-LANE3-2026-07-23,candidate_lead_planned_not_verified
VER-4dec280e8a642237595a,NSCQ-WA-20260720-0235,NSCQ-WA-20260720-0235,cog_2025_176870,176870,WA,Fife,CITY OF FIFE,https://www.fifewa.gov/DocumentCenter/View/166/IAMAW-2020-to-2022-PDF,COLLECTIVE BARGAINING AGREEMENT CITY OF FIFE – I.A.M.A.W. (Term: 2020–2022),cba,high,scheduled,high_priority_later_verify,URL-ac7034ac8318618c811c,1,primary,KEY-82c5cb0384c2ac026537,10723,2.633333,non_safety,city,high,100,POST-PI-PARALLEL-ROUND2-3X150-LANE3-2026-07-23,candidate_lead_planned_not_verified
VER-5d1b47d20fade3230c7b,NSCQ-WA-20260720-0214,NSCQ-WA-20260720-0214,cog_2025_209740,209740,WA,Burlington,CITY OF BURLINGTON,https://burlingtonwa.gov/DocumentCenter/View/6651/2023-2025-IAFF-L4111-CBA-25-wage-grid,2023-2025 IAFF L4111 CBA-25 wage grid,wage_schedule_or_compensation_plan,high,scheduled,high_priority_later_verify,URL-899618ab3e86da22de99,1,primary,KEY-095d88c51ba0fa5c0a8b,10358,2.633333,fire,city,medium,76,POST-PI-PARALLEL-ROUND2-3X150-LANE3-2026-07-23,candidate_lead_planned_not_verified
VER-39a5e5fd4e3fb7ef9cf8,NSCQ-WA-20260720-0227,NSCQ-WA-20260720-0227,cog_2025_205585,205585,WA,Woodland,CITY OF WOODLAND,https://www.ci.woodland.wa.us/media/4086,"Collective Bargaining Agreement (City of Woodland / Woodland Police Officers’ Association), January 1, 2013 – December 31, 2017",cba,high,scheduled,high_priority_later_verify,URL-193da591a420fa1323a6,1,primary,KEY-393bb37b48e802331f0f,6493,2.633333,police,city,medium,78,POST-PI-PARALLEL-ROUND2-3X150-LANE3-2026-07-23,candidate_lead_planned_not_verified
VER-4c1869427a463a8fcd3b,NSCQ-OR-20260720-0004,NSCQ-OR-20260720-0004,or_portland,211254,OR,Portland,CITY OF PORTLAND,https://www.portland.gov/bhr/employee-relations/labor-relations/documents/2022-2026-collective-bargaining-agreement-laborers/download,City of Portland - LiUNA Local 483 Labor Agreement 07-01-2022 to 06-30-2026,cba,high,scheduled,high_priority_later_verify,URL-dda85d3f852274f4d62d,1,primary,KEY-df6ab0af278d8761ea1e,630498,2.608696,non_safety,city,medium,100,COORD-TIER1-WAVE1-SERIAL150-2026-07-22,candidate_lead_planned_not_verified
VER-327917497c58230d0ab9,NSCQ-OR-20260720-0010,NSCQ-OR-20260720-0010,cog_2025_133222,133222,OR,Eugene,CITY OF EUGENE,https://www.eugene-or.gov/Archive/ViewFile/Item/6289,"COLLECTIVE BARGAINING AGREEMENT Between The Cities of Eugene and Springfield and The International Association of Fire Fighters, Local 851 (IAFF Contract through June 30, 2018)",cba,high,scheduled,high_priority_later_verify,URL-856261e23adb4a84d663,1,primary,KEY-7c2de9b969585f611051,177899,2.608696,fire,city,medium,79,COORD-TIER1-WAVE1-SERIAL150-2026-07-22,candidate_lead_planned_not_verified
VER-180bd036302d30dbc4b0,NSCQ-OR-20260720-0007,NSCQ-OR-20260720-0007,cog_2025_205218,205218,OR,Salem,CITY OF SALEM,https://www.cityofsalem.net/home/showpublisheddocument/24939/638690787445530000,COLLECTIVE BARGAINING (AFSCME FY2024/2025 – FY2026/2027),cba,high,scheduled,high_priority_later_verify,URL-e9c391bc6909b2a61cd3,1,primary,KEY-11cd172c66fc63d54403,177432,2.608696,non_safety,city,low,98,COORD-TIER1-WAVE1-SERIAL150-2026-07-22,candidate_lead_planned_not_verified
VER-f339393fe39fa414c8b4,NSCQ-OR-20260720-0021,NSCQ-OR-20260720-0021,cog_2025_211253,211253,OR,Hillsboro,CITY OF HILLSBORO,https://www.hillsboro-oregon.gov/home/showpublisheddocument/10490/638929272155770000,City of Hillsboro and Local 2210 International Association of Firefighters – Battalion Chiefs and Assistant Fire Marshal Unit Collective Bargaining Agreement (2025-2027 Contract),cba,high,scheduled,high_priority_later_verify,URL-36a1c4951c4215e3ccf5,1,primary,KEY-eeaeaeee4dbb3b94038a,107730,2.608696,fire,city,medium,78,COORD-TIER1-WAVE2-SERIAL150-2026-07-22,candidate_lead_planned_not_verified
VER-016708545cca70e1504c,NSCQ-OR-20260720-0028,NSCQ-OR-20260720-0028,cog_2025_173706,173706,OR,Beaverton,CITY OF BEAVERTON,https://seiu503.org/wp-content/uploads/2025/03/2024-2027-City-of-Beaverton-SEIU-CBA.pdf,"Collective Bargaining Agreement (July 1, 2024 – June 30, 2027) — City of Beaverton and SEIU Local 503",cba,high,scheduled,high_priority_later_verify,URL-f2a6bc27ba308b34a81b,1,primary,KEY-b4d67181d9b4c3e824b3,96945,2.608696,non_safety,union,high,90,COORD-TIER1-WAVE2-SERIAL150-2026-07-22,candidate_lead_planned_not_verified
VER-3a56d30e7ebae1fc4617,NSCQ-OR-20260720-0031,NSCQ-OR-20260720-0031,cog_2025_191291,191291,OR,Medford,CITY OF MEDFORD,https://www.medfordoregon.gov/files/assets/public/v/1/human-resources/documents/bargaining-agreements/iaff-labor-agreement-2023-2026-w_loas.docx.pdf,2023-2026 Agreement Between The City of Medford & IAFF Local 824,cba,high,scheduled,high_priority_later_verify,URL-9ceaf7bea12dc63c07cd,1,primary,KEY-2c777f5c6a53cf5d81d6,85098,2.608696,fire,city,medium,100,COORD-TIER1-WAVE2-SERIAL150-2026-07-22,candidate_lead_planned_not_verified
VER-899bab626d43e8db64ca,NSCQ-OR-20260720-0041,NSCQ-OR-20260720-0041,cog_2025_133202,133202,OR,Corvallis,CITY OF CORVALLIS,https://apps.corvallisoregon.gov/webdocs/showdoc.aspx?docID=3833826,"Agreement Between The City of Corvallis, Oregon and AFSCME Local 2975, Council 75 (Effective July 1, 2023 Through June 30, 2026)",cba,high,scheduled,high_priority_later_verify,URL-b26175458d83bc648a15,1,primary,KEY-e04b534554b53d9abcc0,61087,2.608696,non_safety,city,high,100,POST-PI-PARALLEL-ROUND1-LANE1-2026-07-23,candidate_lead_planned_not_verified
VER-a61fc595127bb0b51a23,NSCQ-OR-20260720-0033,NSCQ-OR-20260720-0033,cog_2025_133204,133204,OR,Lake Oswego,CITY OF LAKE OSWEGO,https://www.ci.oswego.or.us/sites/default/files/fileattachments/LOPOA%20Contract%202022%20-%202025%20FINAL_0.pdf,Lake Oswego Police Officers’ Association Collective Bargaining Agreement (LOPOA CBA),cba,high,scheduled,high_priority_later_verify,URL-f630a3c32130aa94078a,1,primary,KEY-0d47284ebcb5683d862a,39924,2.608696,police,city,medium,100,POST-PI-PARALLEL-ROUND1-LANE1-2026-07-23,candidate_lead_planned_not_verified
VER-4785689ed72fdab310b6,NSCQ-OR-20260720-0036,NSCQ-OR-20260720-0036,cog_2025_133204,133204,OR,Lake Oswego,CITY OF LAKE OSWEGO,https://www.ci.oswego.or.us/sites/default/files/fileattachments/MGMT%20CONF%20Compensation%20Plan%202025-26_0.pdf,City of Lake Oswego Compensation Plan (Mgmt/Conf) – includes listed classifications and step pay rates,wage_schedule_or_compensation_plan,high,scheduled,high_priority_later_verify,URL-f2925f8fe0de817fe3a1,1,primary,KEY-a4193d916f1ca5defbb8,39924,2.608696,non_safety,city,medium,100,POST-PI-PARALLEL-ROUND1-LANE1-2026-07-23,candidate_lead_planned_not_verified
VER-09b20b8e51d1ba1c6a04,NSCQ-OR-20260720-0052,NSCQ-OR-20260720-0052,cog_2025_202433,202433,OR,Keizer,CITY OF KEIZER,https://www.keizeror.gov/DocumentCenter/View/1831/KPA-CBA-2023-to-2026-PDF,Collective Bargaining Agreement Between CITY OF KEIZER and Keizer Police Association (KPA) — CBA 2023–2026,cba,high,scheduled,high_priority_later_verify,URL-139192afb95f8bbf0523,1,primary,KEY-cbd0678296285cff49e6,38564,2.608696,police,city,high,73,POST-PI-PARALLEL-ROUND1-LANE1-2026-07-23,candidate_lead_planned_not_verified
VER-ac2efe89027d6239e44a,NSCQ-OR-20260720-0060,NSCQ-OR-20260720-0060,cog_2025_209203,209203,OR,Woodburn,CITY OF WOODBURN,https://www.woodburn-or.gov/sites/default/files/fileattachments/human_resources/page/16408/cba_2022_2024_executed.pdf,Collective Bargaining Agreement Between City of Woodburn and Woodburn Police Association (Term: Effective 2022-2024),cba,high,scheduled,high_priority_later_verify,URL-5d19aabdf57dbd651be5,1,primary,KEY-9cab77f91bf81d9af8f8,29033,2.608696,police,city,medium,91,POST-PI-PARALLEL-ROUND1-LANE1-2026-07-23,candidate_lead_planned_not_verified
VER-c01ce5ef001948fa30ee,NSCQ-OR-20260720-0043,NSCQ-OR-20260720-0043,cog_2025_111622,111622,OR,Tualatin,CITY OF TUALATIN,https://www.tualatinoregon.gov/sites/default/files/fileattachments/human_resources/page/5240/tpoa_-s_cba_2024-2026_final_w_signatures.pdf,Collective Bargaining Agreement Between Tualatin Police Officers' Association and the City of Tualatin (2024-2026) [Final with Signatures],cba,high,scheduled,high_priority_later_verify,URL-9b36e2ffd581582ee8cf,1,primary,KEY-e3adfe21feb7cd38d941,27383,2.608696,police,city,high,94,POST-PI-PARALLEL-ROUND1-LANE1-2026-07-23,candidate_lead_planned_not_verified
VER-cba07f8defebe18fb76e,NSCQ-OR-20260720-0075,NSCQ-OR-20260720-0075,cog_2025_173707,173707,OR,Forest Grove,CITY OF FOREST GROVE,https://www.forestgrove-or.gov/DocumentCenter/View/411/2023-to-2026-American-Federation-of-State-County-and-Municipal-Employees-PDF,"Agreement Between the City of Forest Grove and City of Forest Grove Employees Local 3786 (Affiliated with AFSCME Council 75) — July 1, 2023 to June 30, 2026",cba,high,scheduled,high_priority_later_verify,URL-50c33390e7c5d2f655fe,1,primary,KEY-e177c729f1e4e8861d59,26799,2.608696,non_safety,city,high,100,POST-PI-PARALLEL-ROUND1-LANE1-2026-07-23,candidate_lead_planned_not_verified
VER-42021c2a1e9eb683ec54,NSCQ-OR-20260720-0068,NSCQ-OR-20260720-0068,cog_2025_173649,173649,OR,Roseburg,CITY OF ROSEBURG,https://roseburgor.gov/storage/app/media/ADM/Human%20Resources/RPEA%20Agreement%202024-2027%20Final.pdf,Agreement Between the City of Roseburg and the Roseburg Police Employees Association (2024-2027),cba,high,scheduled,high_priority_later_verify,URL-3c0a4ca586fe47ef74d0,1,primary,KEY-f2d4abde04dd73336260,23861,2.608696,police,city,high,100,POST-PI-PARALLEL-ROUND1-LANE1-2026-07-23,candidate_lead_planned_not_verified
VER-e18c345d49b72dfd6045,NSCQ-OR-20260720-0081,NSCQ-OR-20260720-0081,cog_2025_111601,111601,OR,Ashland,CITY OF ASHLAND,https://ashlandoregon.gov/DocumentCenter/View/3985/2025-2028-IBEW-Clerical-Bargaining-Agreement-PDF?bidId=,"Agreement between the City of Ashland, Oregon (Clerical/Technical) and Local Union No. 659, IBEW (effective retro to 7/1/2025; through 6/30/2028)",cba,high,scheduled,high_priority_later_verify,URL-4ab52858dad44142b133,1,primary,KEY-debe42a95060c80ae625,21061,2.608696,non_safety,city,high,75,POST-PI-PARALLEL-ROUND1-LANE1-2026-07-23,candidate_lead_planned_not_verified
VER-406b541b0682f3acfbed,NSCQ-OR-20260720-0083,NSCQ-OR-20260720-0083,cog_2025_173670,173670,OR,Lebanon,CITY OF LEBANON,https://www.lebanonoregon.gov/DocumentCenter/View/537/AFSCME---Effective-2023-to-2026-PDF,AFSCME - Effective 2023 to 2026 (Collective Bargaining Contract),cba,high,scheduled,high_priority_later_verify,URL-60e3321f767471abf377,1,primary,KEY-5e75d78918fd9c463503,19726,2.608696,non_safety,city,medium,85,POST-PI-PARALLEL-ROUND1-LANE1-2026-07-23,candidate_lead_planned_not_verified
VER-c9e3993787939c2f94b2,NSCQ-OR-20260720-0089,NSCQ-OR-20260720-0089,cog_2025_173658,173658,OR,Central Point,CITY OF CENTRAL POINT,https://www.centralpointoregon.gov/DocumentCenter/View/143/Teamsters-Contract---General-Services-Bargaining-Unit-7-1-21---6-30-25-PDF,COLLECTIVE BARGAINING AGREEMENT (City of Central Point & Teamsters Local 223) General Service Bargaining Unit,cba,high,scheduled,high_priority_later_verify,URL-483d68cceafb6158862d,1,primary,KEY-84fb540b31fd324285e6,19171,2.608696,non_safety,city,medium,97,POST-PI-PARALLEL-ROUND1-LANE2-2026-07-23,candidate_lead_planned_not_verified
VER-a567abc53d362a6890cb,NSCQ-OR-20260720-0086,NSCQ-OR-20260720-0086,cog_2025_173694,173694,OR,Pendleton,CITY OF PENDLETON,https://www.pendletonor.gov/media/9961,Pendleton Fire Fighters Union Local No. 2296 Contract (2020-2023),cba,high,scheduled,high_priority_later_verify,URL-2489e133af9bc828df0e,1,primary,KEY-d344af7f744b2ca2e9c6,17289,2.608696,fire,city,medium,100,POST-PI-PARALLEL-ROUND1-LANE2-2026-07-23,candidate_lead_planned_not_verified
VER-a9dd0d63279c1d530a70,NSCQ-OR-20260720-0120,NSCQ-OR-20260720-0120,cog_2025_209205,209205,OR,Troutdale,CITY OF TROUTDALE,https://www.troutdaleoregon.gov/media/12126,"Agreement between City of Troutdale and City of Troutdale Employees Union (Local 3132, AFSCME Council 75) 2021-2024",cba,high,scheduled,high_priority_later_verify,URL-012124d67036225a52e9,1,primary,KEY-02fe3039a7c39e275308,15717,2.608696,non_safety,city,medium,83,POST-PI-PARALLEL-ROUND2-3X150-LANE1-2026-07-23,candidate_lead_planned_not_verified
VER-8ec3ff9541c6767a6eb7,NSCQ-OR-20260720-0100,NSCQ-OR-20260720-0100,cog_2025_173637,173637,OR,St. Helens,CITY OF ST HELENS,https://www.sthelensoregon.gov/sites/default/files/fileattachments/administration/page/19981/union_police_2020-2025.pdf,"Collective Bargaining Agreement City of St. Helens and St. Helens Police Association (July 1, 2020 – June 31, 2025)",cba,high,scheduled,high_priority_later_verify,URL-c6ce58cefd7de4eaa23f,1,primary,KEY-d4b290ab66faf70c1b57,14437,2.608696,police,city,high,94,POST-PI-PARALLEL-ROUND1-LANE2-2026-07-23,candidate_lead_planned_not_verified
VER-2a2eab7c3a9bd4157007,NSCQ-OR-20260720-0114,NSCQ-OR-20260720-0114,cog_2025_111592,111592,OR,Sandy,CITY OF SANDY,https://www.ci.sandy.or.us/sites/default/files/fileattachments/human_resources/page/13011/general_services_salary_range_7.2024-_6.30.2025_.pdf,City of Sandy - General Services Salary Schedule / Range - FY 7/1/2024-6/30/2025 [PDF],wage_schedule_or_compensation_plan,high,scheduled,high_priority_later_verify,URL-c7d197999fd0e411659a,1,primary,KEY-308e9064642980213a90,12946,2.608696,non_safety,city,medium,97,POST-PI-PARALLEL-ROUND2-3X150-LANE1-2026-07-23,candidate_lead_planned_not_verified
VER-3923d75258e530c88f99,NSCQ-OR-20260720-0111,NSCQ-OR-20260720-0111,cog_2025_111610,111610,OR,Ontario,CITY OF ONTARIO,https://www.ontariooregon.org/uploads/1/2/2/6/122600994/non_rep_wages_7_1_21.pdf,"City of Ontario Classification and Compensation Summary — Non-Represented Employees — July 1, 2021",wage_schedule_or_compensation_plan,high,scheduled,high_priority_later_verify,URL-bfa7fe277aaa4e50f2a6,1,primary,KEY-2dfb426c0934dfd7f5d0,11866,2.608696,non_safety,city,medium,100,POST-PI-PARALLEL-ROUND2-3X150-LANE1-2026-07-23,candidate_lead_planned_not_verified
VER-2db8dde8851743516906,NSCQ-OR-20260720-0124,NSCQ-OR-20260720-0124,cog_2025_209200,209200,OR,Newport,CITY OF NEWPORT,https://cdd.newportoregon.gov/dept/adm/hr/documents/NEA_Bargaining_Agreement_090922.pdf,"Agreement Between the Newport Employees' Association & the City of Newport (Expires June 30, 2025)",cba,high,scheduled,high_priority_later_verify,URL-ac8c0220ca9a5169e9e7,1,primary,KEY-437b6765d94142cd0c10,10489,2.608696,non_safety,city,medium,84,POST-PI-PARALLEL-ROUND2-3X150-LANE1-2026-07-23,candidate_lead_planned_not_verified
VER-bb50f641a5ddcddd4f91,NSCQ-OR-20260720-0127,NSCQ-OR-20260720-0127,cog_2025_191288,191288,OR,Baker City,CITY OF BAKER CITY,https://www.bakercity.com/DocumentCenter/View/2279/City-of-Baker-City-and-BCFA-2022-2024-CBA,City of Baker City and BCFA 2022-2024 CBA (Labor Contract) (signed PDF),cba,high,scheduled,high_priority_later_verify,URL-0fe1330e33401acb2906,1,primary,KEY-c2f295bf9398f4b8722c,10225,2.608696,fire,city,high,100,POST-PI-PARALLEL-ROUND2-3X150-LANE1-2026-07-23,candidate_lead_planned_not_verified
VER-51b102e3b0e18ecb0cee,NSCQ-OR-20260720-0145,NSCQ-OR-20260720-0145,cog_2025_173672,173672,OR,Sweet Home,CITY OF SWEET HOME,https://www.sweethomeor.gov/media/15881,City of Sweet Home and AFSCME Council 75 - Local 3337 (General Employees) Collective Bargaining Agreement (2019-2023),cba,high,scheduled,high_priority_later_verify,URL-2e6822cc795e8547549d,1,primary,KEY-96937e9c46a435770bf2,10206,2.608696,non_safety,city,medium,85,POST-PI-PARALLEL-ROUND2-3X150-LANE2-2026-07-23,candidate_lead_planned_not_verified
VER-801e3af62b46a08520a8,NSCQ-OR-20260720-0130,NSCQ-OR-20260720-0130,cog_2025_173640,173640,OR,North Bend,CITY OF NORTH BEND,https://www.northbendoregon.gov/apps/municipalboards/attachment/view.ashx?attachmentid=1982&meetingid=2557,COLLECTIVE BARGAINING AGREEMENT (2024–2027 CITY OF NORTH BEND AND NORTH BEND PROFESSIONAL FIREFIGHTERS IAFF LOCAL 2406),cba,high,scheduled,high_priority_later_verify,URL-ef083b1171938e43268a,1,primary,KEY-b28984b132dec23f5667,10054,2.608696,fire,city,medium,100,POST-PI-PARALLEL-ROUND2-3X150-LANE1-2026-07-23,candidate_lead_planned_not_verified
VER-764099dc53eec5d97dd9,NSCQ-OR-20260720-0134,NSCQ-OR-20260720-0134,cog_2025_205213,205213,OR,Astoria,CITY OF ASTORIA,https://www.astoria.gov/Assets/dept_1/pm/pdf/res%2017-34%20salary%20res.pdf,"Resolution 17-34: A Basic Compensation Plan (includes Police Union (sworn) wage schedule, Stability Pay)",wage_schedule_or_compensation_plan,high,scheduled,high_priority_later_verify,URL-15bbd296b7b9f040a02d,3,primary,KEY-7b9432301182fd7269bf,9986,2.608696,police,city,medium,98,POST-PI-PARALLEL-ROUND2-3X150-LANE1-2026-07-23,candidate_lead_planned_not_verified
VER-6833c20cfa86ce422246,NSCQ-OR-20260720-0153,NSCQ-OR-20260720-0153,cog_2025_173650,173650,OR,Sutherlin,CITY OF SUTHERLIN,https://files.municipalone.com/sutherlin-or/ccpkt3.12.18.pdf,Sutherlin Police Officers’ Association Agreement (Police CBA) — City of Sutherlin,cba,high,scheduled,high_priority_later_verify,URL-6bc9f48812a0db9f66ac,1,primary,KEY-741e87d62fd1cb7e78bb,8652,2.608696,police,city,high,94,POST-PI-PARALLEL-ROUND2-3X150-LANE2-2026-07-23,candidate_lead_planned_not_verified
VER-d4311c1e8661ff531ce5,NSCQ-OR-20260720-0164,NSCQ-OR-20260720-0164,cog_2025_205214,205214,OR,Scappoose,CITY OF SCAPPOOSE,https://www.scappoose.gov/sites/default/files/fileattachments/city_hall/page/681/fy_2019-2020_adopted_budget.pdf,"City of Scappoose adopted budget FY 2019-2020 — City of Scappoose Compensation Schedule (includes non-safety job classes such as office administrators, public works roles, treatment plant supervisor, etc.)",wage_schedule_or_compensation_plan,high,scheduled,high_priority_later_verify,URL-d26a6da5a9ab0857ab69,1,primary,KEY-93f467bb53e5cadf045c,8259,2.608696,non_safety,city,medium,88,POST-PI-PARALLEL-ROUND2-3X150-LANE2-2026-07-23,candidate_lead_planned_not_verified
VER-1b3b6742226dc57b2528,NSCQ-OR-20260720-0168,NSCQ-OR-20260720-0168,cog_2025_209211,209211,OR,Umatilla,CITY OF UMATILLA,https://www.umatilla.gov/sites/default/files/fileattachments/city_council/meeting/packets/7007/05.04.2021_packet_fro_public.pdf,"Bargaining Agreement between City of Umatilla and Umatilla Public Safety Association (effective July 1, 2021 – June 30, 2024) (attached to Resolution 48-2021)",cba,high,scheduled,high_priority_later_verify,URL-358048b5408e274cd92b,1,primary,KEY-85f1424a52a9809e8ae9,7755,2.608696,police,city,medium,97,POST-PI-PARALLEL-ROUND2-3X150-LANE3-2026-07-23,candidate_lead_planned_not_verified
VER-9189c8268469707a581e,NSCQ-OR-20260720-0171,NSCQ-OR-20260720-0171,cog_2025_193963,193963,OR,Madras,CITY OF MADRAS,https://www.madras.gov/DocumentCenter/View/355/City-of-Madras-Adopted-FY-2023-24-Budget,"City of Madras, Oregon Adopted Budget FY2023-2024 (Personnel Salary Adjustments for non-represented employees)",wage_schedule_or_compensation_plan,high,scheduled,high_priority_later_verify,URL-3f358abd3605be14a110,1,primary,KEY-71eccef236f96072ddf2,7744,2.608696,non_safety,city,medium,97,POST-PI-PARALLEL-ROUND2-3X150-LANE3-2026-07-23,candidate_lead_planned_not_verified
VER-aabc4c1163a99c3423a2,NSCQ-OR-20260720-0179,NSCQ-OR-20260720-0179,cog_2025_211252,211252,OR,Brookings,CITY OF BROOKINGS,https://brookings.or.us/AgendaCenter/ViewFile/Agenda/_10032022-1321,CITY OF BROOKINGS (POLICE) AND Brookings Police Association — COLLECTIVE BARGAINING AGREEMENT,cba,high,scheduled,high_priority_later_verify,URL-5bfff16d5145adbda1bd,1,primary,KEY-5a0364ae3414562b3407,6672,2.608696,police,city,medium,97,POST-PI-PARALLEL-ROUND2-3X150-LANE3-2026-07-23,candidate_lead_planned_not_verified
VER-1ba197814da59e78cec6,NSCQ-CT-20260720-0004,NSCQ-CT-20260720-0004,cog_2025_225767,225767,CT,Stamford,CITY OF STAMFORD,https://www.stamfordct.gov/home/showpublisheddocument/2275/637673867258970000,"Collective Bargaining Agreement Between The Stamford Police Association and The City of Stamford (July 1, 2019 to June 30, 2022)",cba,high,scheduled,high_priority_later_verify,URL-f967c965359862f5fa54,1,primary,KEY-35580bf6dc468ed6e60f,136226,2.583333,police,city,medium,100,COORD-TIER1-WAVE1-SERIAL150-2026-07-22,candidate_lead_planned_not_verified
VER-4c86ad3cf9ebc36376ae,NSCQ-CT-20260720-0007,NSCQ-CT-20260720-0007,cog_2025_161447,161447,CT,New Haven,CITY OF NEW HAVEN,https://ojp-content.s3.us-east-2.amazonaws.com/NHI/Old/BaseImages/2019/09/Tom/Police_Union_Contract.pdf,"Agreement for Six Year (July 1, 2016 – June 30, 2022) Successor Collective Bargaining Agreement Between the City of New Haven and Elm City Local of the Connecticut Alliance of City Police Officers",cba,high,scheduled,high_priority_later_verify,URL-32533ea52d7bce578601,1,primary,KEY-50e444697fbd27c447f6,135319,2.583333,police,third_party,medium,74,COORD-TIER1-WAVE1-SERIAL150-2026-07-22,candidate_lead_planned_not_verified
VER-9e3c4705e0889fff6532,NSCQ-CT-20260720-0011,NSCQ-CT-20260720-0011,ct_hartford,161441,CT,Hartford,CITY OF HARTFORD,https://www.hartfordct.gov/files/assets/public/v/1/human-resources/hr-documents/march-2025/hartford-police-union-contract-07012022-06302026.pdf,Hartford Police Union Contract (07/01/2022 - 06/30/2026),cba,high,scheduled,high_priority_later_verify,URL-43ed4d9124f160de0dd2,1,primary,KEY-7b64a5aff2aa06a51c9d,119669,2.583333,police,city,medium,100,COORD-TIER1-WAVE2-SERIAL150-2026-07-22,candidate_lead_planned_not_verified
VER-57c94c7f25cd90b57f03,NSCQ-CT-20260720-0014,NSCQ-CT-20260720-0014,ct_hartford,161441,CT,Hartford,CITY OF HARTFORD,https://www.hartfordct.gov/files/assets/public/v/1/human-resources/hr-documents/hmea-cba-july-1-2023-june-30-2027.pdf,Hartford Municipal Employees Association (HMEA) Contract (07/01/2023 - 06/30/2027),cba,high,scheduled,high_priority_later_verify,URL-20de7e64c23bdef27d23,1,primary,KEY-e4bf610dc6b00e818669,119669,2.583333,non_safety,city,medium,100,COORD-TIER1-WAVE2-SERIAL150-2026-07-22,candidate_lead_planned_not_verified
VER-78bced32868f7dc094b9,NSCQ-CT-20260720-0017,NSCQ-CT-20260720-0017,cog_2025_101696,101696,CT,Waterbury,CITY OF WATERBURY,https://waterburyct.org/filestorage/103431/106857/106879/FIRE_Union_IAFF_CBA_2021-2025_-_Fully_Executed_Agreement_8.25.2022_%28Searchable%29.pdf,"Firefighters Agreement between the City of Waterbury, Connecticut and Local 1339, International Association of Fire Fighters (Fully Executed)",cba,high,scheduled,high_priority_later_verify,URL-4f8e7aece067232692d3,1,primary,KEY-a50d037f4ea42e0e86a9,114990,2.583333,fire,city,medium,100,COORD-TIER1-WAVE2-SERIAL150-2026-07-22,candidate_lead_planned_not_verified
VER-2d9fc01aa97c3f409ead,NSCQ-CT-20260720-0020,NSCQ-CT-20260720-0020,cog_2025_124039,124039,CT,Norwalk,CITY OF NORWALK,https://norwalkct.gov/DocumentCenter/View/38670/Fire_CBA_2024_2029,"AGREEMENT — LOCAL 830, INTERNATIONAL ASSOCIATION OF FIREFIGHTERS, AFL-CIO (JULY 1, 2024 – JUNE 30, 2029) — includes wage schedule",cba,high,scheduled,high_priority_later_verify,URL-fa43ca14d9a41be85739,1,primary,KEY-f7cd08329cfe8936d916,92458,2.583333,fire,city,medium,100,COORD-TIER1-WAVE2-SERIAL150-2026-07-22,candidate_lead_planned_not_verified
VER-22c88a1bd5eccfe41ea3,NSCQ-CT-20260720-0023,NSCQ-CT-20260720-0023,cog_2025_161438,161438,CT,Danbury,CITY OF DANBURY,https://danbury-ct.gov/DocumentCenter/View/5213/Fire-Local-801-CBA-2024-2028-Revised-Aug-2025,"Agreement between THE CITY OF DANBURY and LOCAL 801 (International Association of Fire Fighters, AFL-CIO) — 2024-2028 Contract",cba,high,scheduled,high_priority_later_verify,URL-a22389014ac571c2d403,1,primary,KEY-97d455409b472d4d152e,86124,2.583333,fire,city,high,100,COORD-TIER1-WAVE2-SERIAL150-2026-07-22,candidate_lead_planned_not_verified
VER-acc0932833646266dfe2,NSCQ-CT-20260720-0029,NSCQ-CT-20260720-0029,cog_2025_161440,161440,CT,Bristol,CITY OF BRISTOL,https://www.bristolct.gov/DocumentCenter/View/49775,AGREEMENT BETWEEN THE CITY OF BRISTOL AND BRISTOL PROFESSIONALS & SUPERVISORS ASSOCIATION (NUTMEG INDEPENDENT LABOR),cba,high,scheduled,high_priority_later_verify,URL-159b9332c45eb924f75c,1,primary,KEY-906ccaa2a5317289509e,61601,2.583333,non_safety,city,high,94,POST-PI-PARALLEL-ROUND1-LANE1-2026-07-23,candidate_lead_planned_not_verified
VER-0b402f95f9707a895938,NSCQ-CT-20260720-0061,NSCQ-CT-20260720-0061,cog_2025_161470,161470,CT,Manchester,TOWN OF MANCHESTER,https://www.manchesterct.gov/files/assets/public/v/1/human-resources/documents/contracts/new-folder/fire-2023-2025.pdf,"Agreement Between Town of Manchester and Local 1579, International Association of Firefighters, AFL-CIO (July 1, 2023 - June 30, 2025)",cba,high,scheduled,high_priority_later_verify,URL-086bbd5f95eded5f22c0,1,primary,KEY-9921742a700224fd845a,59408,2.583333,fire,city,medium,100,POST-PI-AGGRESSIVE-3X300-ATTEMPT3-LANE3-2026-07-23,candidate_lead_planned_not_verified
VER-d270ac539490f6bfc2b3,NSCQ-CT-20260720-0036,NSCQ-CT-20260720-0036,cog_2025_161448,161448,CT,West Haven,CITY OF WEST HAVEN,https://www.cityofwesthaven.com/DocumentCenter/View/3803/AFSCME-Local-681-PDF,"West Haven City Employees Local 681, Council 4, AFSCME — and The City of West Haven (Final Contract) (with Appendix D wage schedules)",cba,high,scheduled,high_priority_later_verify,URL-c0e599f4777080e6f3ac,1,primary,KEY-4b75093b472bc79da95b,54790,2.583333,non_safety,city,medium,100,POST-PI-PARALLEL-ROUND1-LANE1-2026-07-23,candidate_lead_planned_not_verified
VER-ebccc531e8d12ed61bfa,NSCQ-CT-20260720-0039,NSCQ-CT-20260720-0039,cog_2025_193131,193131,CT,Middletown,CITY OF MIDDLETOWN,https://www.middletownct.gov/DocumentCenter/View/825/2017-2022-AFSCME-Local-466-Contract-PDF,2017-2022 AFSCME Local 466 Contract (City of Middletown),cba,high,scheduled,high_priority_later_verify,URL-b529d24f69bad316bd8a,1,primary,KEY-048c4f28a6110684ade1,47984,2.583333,non_safety,city,medium,100,POST-PI-PARALLEL-ROUND1-LANE1-2026-07-23,candidate_lead_planned_not_verified
VER-ded41cbdeff77e4b4ee7,NSCQ-CT-20260720-0046,NSCQ-CT-20260720-0046,cog_2025_161443,161443,CT,Torrington,CITY OF TORRINGTON,https://www.torringtonct.gov/DocumentCenter/View/376/Police-Union-Contract-July-1-2023-to-June-30-2026-PDF,"Agreement Between City of Torrington, Connecticut and Torrington Police Union, Fraternal Order of Police Lodge 52 (Police Union Contract)",cba,high,scheduled,high_priority_later_verify,URL-b366b8ffd73e611db891,1,primary,KEY-22ec29e16e1c4043e6f3,35550,2.583333,police,city,high,100,POST-PI-PARALLEL-ROUND1-LANE1-2026-07-23,candidate_lead_planned_not_verified
VER-dece6a8a835f01019b57,NSCQ-CT-20260720-0054,NSCQ-CT-20260720-0054,cog_2025_184662,184662,CT,Derby,CITY OF DERBY,https://www.derbyct.gov/media/Contracts/DPW%20-%20Collective%20Bargaining%20Agreement%20-%2007-01-2021%20through%2006-30-2025.pdf,DPW - Collective Bargaining Agreement - 07-01-2021 through 06-30-2025,cba,high,scheduled,high_priority_later_verify,URL-a06ddf81c2fb1da21ed6,1,primary,KEY-090f8195c37eaa3a2414,12406,2.583333,non_safety,city,medium,85,POST-PI-PARALLEL-ROUND2-3X150-LANE1-2026-07-23,candidate_lead_planned_not_verified
VER-52c8fc3ebb2533edfc3f,NSCQ-CA-20260720-0001,NSCQ-CA-20260720-0001,ca_los_angeles,161174,CA,Los Angeles,CITY OF LOS ANGELES,https://cao.lacity.gov/content/MOUs/MOU25-24.pdf,"Memorandum of Understanding No. 25 (Police Officers, Captain and Above Representation Unit) (MOU25-24)",cba,high,scheduled,high_priority_later_verify,URL-3cce37c6c5a94145262b,1,primary,KEY-cb0b88d9971491a8306b,3820914,2.546053,police,city,high,94,CA25-2026-07-20,candidate_lead_planned_not_verified
VER-0d2eb10e9e8f896beba8,NSCQ-CA-20260720-0008,NSCQ-CA-20260720-0008,cog_2025_207598,207598,CA,San Diego,CITY OF SAN DIEGO,https://www.sandiego.gov/sites/default/files/legacy/humanresources/pdf/poafy14.pdf,Memorandum of Understanding (San Diego Police Officers Association) [Police Officers Association (POA) MOU],cba,high,scheduled,high_priority_later_verify,URL-ce4d026d5b4660a3cec1,1,primary,KEY-d40adf1b4ac06e49bafd,1388320,2.546053,police,city,high,94,CA25-2026-07-20,candidate_lead_planned_not_verified
VER-9d57a99a64dae57f24fc,NSCQ-CA-20260720-0011,NSCQ-CA-20260720-0011,cog_2025_161258,161258,CA,San Francisco,CITY AND COUNTY OF SAN FRANCISCO,https://sfgov.legistar.com/View.ashx?GUID=1166C64E-0416-47A8-B7DA-099CA61DC290&ID=6257536&M=F,Memorandum of Understanding Between City and County of San Francisco and San Francisco Police Officers' Association (Units P-1 and P-2A) — 2018-2021,cba,high,scheduled,high_priority_later_verify,URL-1b701773408cf09412aa,1,primary,KEY-3431292c893df0771b8d,808988,2.546053,police,city,high,94,CA25-2026-07-20,candidate_lead_planned_not_verified
VER-f5b4b6ad299914fa671a,NSCQ-CA-20260720-0014,NSCQ-CA-20260720-0014,cog_2025_189636,189636,CA,Fresno,CITY OF FRESNO,https://www.fresno.gov/wp-content/uploads/2024/02/Unit-4-FPOA-Basic-Non-Supervisory-Police.pdf,City of Fresno and Fresno Police Officers Association (FPOA) (Non-Supervisory Police - Unit 4) Basic MOU,cba,high,scheduled,high_priority_later_verify,URL-1655ed58eba69e45030b,1,primary,KEY-e3f506aa773c3c9e064d,545716,2.546053,police,city,medium,97,CA25-2026-07-20,candidate_lead_planned_not_verified
VER-be5f66426f52a344d0e2,NSCQ-CA-20260720-0017,NSCQ-CA-20260720-0017,cog_2025_161173,161173,CA,Long Beach,CITY OF LONG BEACH,https://www.longbeach.gov/globalassets/hr/media-library/documents/about-us/what-we-do/labor-relations/poa/final-poa-mou-2009-2014/,"Memorandum of Understanding Between the City of Long Beach and the Long Beach Police Officers’ Association (LBPOA) — October 1, 2009 to September 30, 2014",cba,high,scheduled,high_priority_later_verify,URL-dfaee076558d0bdfad35,1,primary,KEY-f305a6cdc3e66cf6341b,449468,2.546053,police,city,medium,86,CA25-2026-07-20,candidate_lead_planned_not_verified
VER-67c0aa0908a4ca3fafd3,NSCQ-CA-20260720-0020,NSCQ-CA-20260720-0020,cog_2025_161173,161173,CA,Long Beach,CITY OF LONG BEACH,https://www.longbeach.gov/globalassets/hr/media-library/documents/about-us/what-we-do/labor-relations/seiu/seiu-mou-proposal---11-14-2020-version,"Memorandum of Understanding Between the City of Long Beach and Service Employees International Union (SEIU Local 721) — October 1, 2019 to September 30, 2023",memorandum_or_settlement,high,scheduled,high_priority_later_verify,URL-859615dde0bcdd272d53,1,primary,KEY-c3a3060c9538af7cb973,449468,2.546053,non_safety,city,medium,91,CA25-2026-07-20,candidate_lead_planned_not_verified
VER-e3de8556db4187df766e,NSCQ-CA-20260720-0023,NSCQ-CA-20260720-0023,cog_2025_183825,183825,CA,Bakersfield,CITY OF BAKERSFIELD,https://www.seiu521.org/wp-content/uploads/2020/10/Res-179-19-Amend-4-Reopener-Supplemental-TA-10-8-2020.pdf,Amendment No. 4 to Resolution No. 179-19 — Approving Memorandum of Understanding for Employees of the Blue and White Collar Units and Adopting Salary Schedule and Related Benefits,memorandum_or_settlement,high,scheduled,high_priority_later_verify,URL-2b0a418cd0252da75e42,1,primary,KEY-6e69e4e76e75509a8244,413381,2.546053,non_safety,union,low,76,CA25-2026-07-20,candidate_lead_planned_not_verified
VER-e62129300b164f040d84,NSCQ-CA-20260720-0026,NSCQ-CA-20260720-0026,cog_2025_183836,183836,CA,Anaheim,CITY OF ANAHEIM,https://records.anaheim.net/CityClerk/DocView.aspx?dbid=0&id=1390661&repo=CITYOFANAHEIM,"Memorandum of Understanding between the Anaheim Municipal Employees Association, Clerical Employees and the City of Anaheim",cba,high,scheduled,high_priority_later_verify,URL-9914ff9067f43b4ef3ed,1,primary,KEY-3bff1f2b6c215d6bebdd,340512,2.546053,non_safety,city,medium,86,CA25-2026-07-20,candidate_lead_planned_not_verified
VER-96277e44c041274ab7a1,NSCQ-CA-20260720-0029,NSCQ-CA-20260720-0029,cog_2025_207594,207594,CA,Riverside,CITY OF RIVERSIDE,https://riversideca.gov/human/sites/riversideca.human/files/pdf/Employee-labor-relations/Mou/RCFA%20MOU%202023-25_finalJuly2024%20-%20090325_1.pdf,"Comprehensive Memorandum of Understanding (Fire Unit) — Riverside Firefighters’ Association, Inc. and City of Riverside",cba,high,scheduled,high_priority_later_verify,URL-131b54a1bd6cad7a71bb,1,primary,KEY-90d0d5354e31f3130910,318858,2.546053,fire,city,medium,91,CA25-2026-07-20,candidate_lead_planned_not_verified
VER-82a5b773483ee38a38b7,NSCQ-CA-20260720-0067,NSCQ-CA-20260720-0067,cog_2025_100711,100711,CA,Santa Ana,CITY OF SANTA ANA,https://publicdocs.santa-ana.org/WebLink/1/doc/137880/Page2.aspx,"Memorandum of Understanding Between the City of Santa Ana and the Santa Ana Police Officers Association (City of Santa Ana’s Last, Best and Final Offer – September 8, 2022) ",cba,high,scheduled,high_priority_later_verify,URL-6ca75e4fb84cb3ff2f1d,1,primary,KEY-03164448de019805c2d2,310539,2.546053,police,city,medium,79,SERIALIZED-STAGE1-W01-CA25.2-2026-07-21,candidate_lead_planned_not_verified
VER-fc76be42594816ebc2ca,NSCQ-CA-20260720-0032,NSCQ-CA-20260720-0032,cog_2025_211212,211212,CA,Chula Vista,CITY OF CHULA VISTA,https://www.chulavistaca.gov/home/showpublisheddocument/25978/638168202058670000,"Memorandum of Understanding Between the City of Chula Vista and Chula Vista Police Officer's Association (POA) — May 4, 2021 – June 30, 2024",cba,high,scheduled,high_priority_later_verify,URL-da0d167067539b9dd2b9,1,primary,KEY-a5766445257fe6399757,274333,2.546053,police,city,medium,91,CA25-2026-07-20,candidate_lead_planned_not_verified
VER-8d41a394e3824052ffae,NSCQ-CA-20260720-0131,NSCQ-CA-20260720-0131,cog_2025_193115,193115,CA,San Bernardino,CITY OF SAN BERNARDINO,https://sanbernardino.gov/DocumentCenter/View/4854/Side-Letter-Agreement-Between-the-City-and-the-General-Unit-Employees-PDF,SIDE LETTER TO THE MEMORANDUM OF UNDERSTANDING BETWEEN THE CITY OF SAN BERNARDINO (“CITY”) AND THE INTERNATIONAL UNION OF OPERATING ENGINEERS (“UNION”) REPRESENTING THE GENERAL UNIT EMPLOYEES,memorandum_or_settlement,high,scheduled,high_priority_later_verify,URL-1ef1ed598e67d031dbbf,1,primary,KEY-4689194e242da57e028c,223728,2.546053,non_safety,city,medium,71,COORD-SERIAL150-2026-07-21,candidate_lead_planned_not_verified
VER-634427f46c5908961e8a,NSCQ-CA-20260720-0040,NSCQ-CA-20260720-0040,cog_2025_207610,207610,CA,Modesto,CITY OF MODESTO,https://www.modestogov.com/DocumentCenter/View/862,Memorandum of Understanding by and between the City of Modesto and the Modesto City Employees' Association (MCEA),cba,high,scheduled,high_priority_later_verify,URL-d2f2c5c6b3f0927b5a8b,1,primary,KEY-e7d65be4bb1d926dfcc3,218915,2.546053,non_safety,city,medium,91,CA25-2026-07-20,candidate_lead_planned_not_verified
VER-7357c136a12075904220,NSCQ-CA-20260720-0070,NSCQ-CA-20260720-0070,cog_2025_100709,100709,CA,Huntington Beach,CITY OF HUNTINGTON BEACH,https://huntingtonbeach.legistar.com/View.ashx?GUID=37C5ECF5-A97A-4B4A-966B-ED47769370F7&ID=12118761&M=F,Memorandum of Understanding Between Huntington Beach Police Management Association and City of Huntington Beach,cba,high,scheduled,high_priority_later_verify,URL-615e45d5e44f9da00eff,1,primary,KEY-cbd0bc1cc6787c1ab76f,192129,2.546053,police,city,high,82,SERIALIZED-STAGE1-W01-CA25.2-2026-07-21,candidate_lead_planned_not_verified
VER-c7605057649499fd247d,NSCQ-CA-20260720-0073,NSCQ-CA-20260720-0073,cog_2025_161170,161170,CA,Glendale,CITY OF GLENDALE,https://www.glendaleca.gov/home/showpublisheddocument/76612/638681262612630000,"Glendale Firefighters’ Association Memorandum of Understanding July 1, 2024 – June 30, 2027",cba,high,scheduled,high_priority_later_verify,URL-e3a9ffaca356dae303fe,1,primary,KEY-924652bd7c669dbc9236,187050,2.546053,fire,city,high,94,SERIALIZED-STAGE1-W01-CA25.2-2026-07-21,candidate_lead_planned_not_verified
VER-7cc0ed00a5e58470d539,NSCQ-CA-20260720-0076,NSCQ-CA-20260720-0076,cog_2025_161246,161246,CA,Ontario,CITY OF ONTARIO,https://content.ontarioca.gov/sites/default/files/migrated-files/FFA%20MOU%202023-2027%20FINAL%20w%20Appendix%20INT.pdf,Memorandum of Understanding Between Ontario Professional Firefighters Association Local 1430 I.A.F.F. And City of Ontario,cba,high,scheduled,high_priority_later_verify,URL-5fe416717dbb0aaaba15,1,primary,KEY-423d966e4d85626b2d35,182457,2.546053,fire,city,medium,91,SERIALIZED-STAGE1-W01-CA25.2-2026-07-21,candidate_lead_planned_not_verified
VER-dde9556e255366ee7a01,NSCQ-CA-20260720-0079,NSCQ-CA-20260720-0079,cog_2025_200728,200728,CA,Elk Grove,CITY OF ELK GROVE,https://elkgrove.gov/sites/default/files/city-files/City%20Government/City%20Clerk/City%20Council%202023/Attachments/06-28-23-7-5.pdf,"Memorandum of Understanding Between Elk Grove Police Officers Association and City of Elk Grove (Effective July 1, 2023 through June 30, 2027)",cba,high,scheduled,high_priority_later_verify,URL-65ba63db434b6951944e,1,primary,KEY-f38cb7264314064d0bc4,178444,2.546053,police,city,high,80,SERIALIZED-STAGE1-W01-CA25.2-2026-07-21,candidate_lead_planned_not_verified
VER-389fc702d67fd23f1e98,NSCQ-CA-20260720-0043,NSCQ-CA-20260720-0043,cog_2025_161287,161287,CA,Santa Rosa,CITY OF SANTA ROSA,https://www.srcity.org/DocumentCenter/View/19866/Unit-3-Memorandum-of-Understanding-2017---2020-Searchable-PDF,Memorandum of Understanding (Unit #3 – Maintenance) 2017–2020,cba,high,scheduled,high_priority_later_verify,URL-6ef4765e110a193ad48a,1,primary,KEY-bacbd802c2f990407703,175845,2.546053,non_safety,city,medium,91,CA25-2026-07-20,candidate_lead_planned_not_verified
VER-2aa0f067fc14e6dce20f,NSCQ-CA-20260720-0082,NSCQ-CA-20260720-0082,cog_2025_161256,161256,CA,Oceanside,CITY OF OCEANSIDE,https://www.ci.oceanside.ca.us/home/showpublisheddocument/15574/638706361196130000,Memorandum of Understanding between the City of Oceanside and the Oceanside City Employees' Association (OCEA),memorandum_or_settlement,high,scheduled,high_priority_later_verify,URL-aa913d1451f973981396,1,primary,KEY-dadaaf62e980d1881f11,170020,2.546053,non_safety,city,medium,91,SERIALIZED-STAGE1-W01-CA25.2-2026-07-21,candidate_lead_planned_not_verified
VER-af22e7d10bfb640644a8,NSCQ-CA-20260720-0136,NSCQ-CA-20260720-0136,cog_2025_183832,183832,CA,Palmdale,CITY OF PALMDALE,https://www.cityofpalmdaleca.gov/DocumentCenter/View/601/Side-Letter-of-Agreement-08-07-2018-PDF,"Side Letter of Agreement Between the City of Palmdale and the California Teamsters Local 911 (A-5873) — August 7, 2018",memorandum_or_settlement,high,scheduled,high_priority_later_verify,URL-911d0b202f1e08944c88,1,primary,KEY-445d666ce27dd39a8778,161404,2.546053,non_safety,city,medium,71,COORD-SERIAL150-2026-07-21,candidate_lead_planned_not_verified
VER-87c5cfc1bc108bfc2825,NSCQ-CA-20260720-0088,NSCQ-CA-20260720-0088,cog_2025_207593,207593,CA,Corona,CITY OF CORONA,https://corona.legistar.com/View.ashx?GUID=1EBD680B-21A2-4775-B1CF-8684EAF98584&ID=10972983&M=F,Side Letter of Agreement Modifying the 2021-2024 Memorandum of Understanding Between the City of Corona and the Corona Public Service Employees Association (CPSEA),memorandum_or_settlement,high,scheduled,high_priority_later_verify,URL-5b4afda511facecebbb5,1,primary,KEY-687ae16a936e4cbc84dd,160238,2.546053,non_safety,city,medium,88,SERIALIZED-STAGE1-W01-CA25.2-2026-07-21,candidate_lead_planned_not_verified
VER-bbccffa0c1f5fefb024d,NSCQ-CA-20260720-0089,NSCQ-CA-20260720-0089,cog_2025_123137,123137,CA,Roseville,CITY OF ROSEVILLE,https://www.roseville.ca.gov/Documents/Departments/Human%20Resources/MOUs/rpa.pdf?t=202604151907260,Memorandum of Understanding (RPA) — Roseville Police Association,cba,high,scheduled,high_priority_later_verify,URL-d4216d7737306db33f21,1,primary,KEY-5d31aa07b5653310451a,159135,2.546053,police,city,medium,91,SERIALIZED-STAGE1-W01-CA25.2-2026-07-21,candidate_lead_planned_not_verified
VER-0fae665011e0106d11f9,NSCQ-CA-20260720-0092,NSCQ-CA-20260720-0092,cog_2025_161123,161123,CA,Hayward,CITY OF HAYWARD,https://hayward-ca.gov/sites/default/files/pdf/hr/Hayward-Police-Officers-Association-July-2024-Dec-2029.pdf,HAYWARD POLICE OFFICERS' ASSOCIATION Memorandum of Understanding,memorandum_or_settlement,high,scheduled,high_priority_later_verify,URL-8c809731c88b8e480e05,1,primary,KEY-798cf3cb3ac811ff4064,155675,2.546053,police,city,high,100,SERIALIZED-STAGE1-W01-CA25.2-2026-07-21,candidate_lead_planned_not_verified
VER-0da90b87ed5894bf8ec7,NSCQ-CA-20260720-0095,NSCQ-CA-20260720-0095,cog_2025_161281,161281,CA,Sunnyvale,CITY OF SUNNYVALE,https://sunnyvaleca.legistar.com/View.ashx?GUID=2AD566D4-A0FC-4FEA-9ABF-8D0A0F41D7B5&ID=9023291&M=F,"Memorandum of Understanding between the City of Sunnyvale and the Public Safety Officers Association (Attachment 2) — January 1, 2021 – December 31, 2024",cba,high,scheduled,high_priority_later_verify,URL-6f0db0e9b4e0ad848bdb,1,primary,KEY-334a40effdba7ba10f8f,151967,2.546053,police,city,high,82,SERIALIZED-STAGE1-W01-CA25.2-2026-07-21,candidate_lead_planned_not_verified
VER-88c50160785245ddd108,NSCQ-CA-20260720-0099,NSCQ-CA-20260720-0099,cog_2025_161179,161179,CA,Pomona,CITY OF POMONA,https://www.pomonaca.gov/home/showpublisheddocument/7192/638664777223230000,"Memorandum of Understanding on wages, hours, and working conditions between the City of Pomona and the Pomona Police Officers’ Association, Inc. (PPOA)",cba,high,scheduled,high_priority_later_verify,URL-3aa5f98f758b79fe62e7,1,primary,KEY-a53f4dbadda3d180bf19,145502,2.546053,police,city,medium,79,SERIALIZED-STAGE1-W01-CA25.2-2026-07-21,candidate_lead_planned_not_verified
VER-efa6830c76e7c91f2d88,NSCQ-CA-20260720-0101,NSCQ-CA-20260720-0101,cog_2025_161218,161218,CA,Fullerton,CITY OF FULLERTON,https://www.cityoffullerton.com/home/showpublisheddocument/7315/638369447591670000,"Fullerton Municipal Employees Federation (FMEF) Agreement (July 1, 2023 through June 30, 2027)",cba,high,scheduled,high_priority_later_verify,URL-fe4a22c3a31e49a18143,1,primary,KEY-8b736e44b0c4fadf455b,139250,2.546053,non_safety,city,high,88,SERIALIZED-STAGE1-W01-CA25.2-2026-07-21,candidate_lead_planned_not_verified
VER-8cbbac6dc275a55bb415,NSCQ-CA-20260720-0139,NSCQ-CA-20260720-0139,cog_2025_161220,161220,CA,Orange,CITY OF ORANGE,https://citydocs.cityoforange.org/WebLink/edoc/244044866/RES-11037%20Letter%20of%20Understanding%20For%20Police%20Association.pdf?dbid=0&repo=CityofOrange,"RESOLUTION NO. 11037; Letter of Understanding between the City of Orange and the City of Orange Police Association (COPA) (effective July 1, 2017 through June 30, 2019)",memorandum_or_settlement,high,scheduled,high_priority_later_verify,URL-cb59b08c0154c3ed2391,1,primary,KEY-a86fe81510c4642a3af4,138337,2.546053,police,city,medium,97,COORD-SERIAL150-2026-07-21,candidate_lead_planned_not_verified
VER-1669bffc3b62aa57755c,NSCQ-CA-20260720-0142,NSCQ-CA-20260720-0142,cog_2025_161220,161220,CA,Orange,CITY OF ORANGE,https://citydocs.cityoforange.org/WebLink/edoc/244044905/RES-10995%20Memorandum%20For%20Orange%20City%20Fire%20Fighters.pdf?dbid=0&repo=CityofOrange,"RESOLUTION NO. 10995; Memorandum of Understanding between the City of Orange and the Orange City Fire Fighters, Inc., Local 2384 (IAFF) (effective July 1, 2015 through June 30, 2017)",cba,high,scheduled,high_priority_later_verify,URL-cb63078a5f68ebc3e976,1,primary,KEY-1dac25d2308bcd9e61f0,138337,2.546053,fire,city,medium,92,COORD-SERIAL150-2026-07-21,candidate_lead_planned_not_verified
VER-6f79aec34e22a84a87de,NSCQ-CA-20260720-0107,NSCQ-CA-20260720-0107,cog_2025_207582,207582,CA,Pasadena,CITY OF PASADENA,https://www.cityofpasadena.net/human-resources/wp-content/uploads/sites/22/AFSCME-MOU.pdf,Memorandum of Understanding (Local 858 AFSCME) — City of Pasadena,cba,high,scheduled,high_priority_later_verify,URL-79437db41cbdb8cd79b0,1,primary,KEY-75891cf7e9a16c51fa60,133560,2.546053,non_safety,city,medium,91,SERIALIZED-STAGE1-W01-CA25.2-2026-07-21,candidate_lead_planned_not_verified
VER-8a208624e27f10189ef8,NSCQ-CA-20260720-0110,NSCQ-CA-20260720-0110,cog_2025_161280,161280,CA,Santa Clara,CITY OF SANTA CLARA,https://www.santaclaraca.gov/home/showpublisheddocument/80014/639100508086270000,Memorandum of Understanding – Unit # 4 (12/2021 – 6/2025),cba,high,scheduled,high_priority_later_verify,URL-2fddcb472b095fe21d49,1,primary,KEY-0496003ef65cd8fbc532,131062,2.546053,non_safety,city,low,89,SERIALIZED-STAGE1-W01-CA25.2-2026-07-21,candidate_lead_planned_not_verified
VER-06b890f1803dafddb8a3,NSCQ-CA-20260720-0115,NSCQ-CA-20260720-0115,cog_2025_203966,203966,CA,Clovis,CITY OF CLOVIS,https://cityofclovis.com/wp-content/uploads/2021/01/CPWEA-MOU-2022-2025.pdf,CPWEA MOU 2022-2025,cba,high,scheduled,high_priority_later_verify,URL-e8033a9bc67ba571c4c2,1,primary,KEY-b64199486b9e2aebc654,125826,2.546053,non_safety,city,medium,91,SERIALIZED-STAGE1-W01-CA25.2-2026-07-21,candidate_lead_planned_not_verified
VER-4535886f3b61ecbaba51,NSCQ-CA-20260720-0049,NSCQ-CA-20260720-0049,cog_2025_207608,207608,CA,Vallejo,CITY OF VALLEJO,https://vallejoca.hosted.civiclive.com/common/pages/GetFile.ashx?key=iEE5AU6%2F,City of Vallejo CAMP Agreement 07/01/24 - 06/30/26,cba,high,scheduled,high_priority_later_verify,URL-fd326485fa0817058fdb,1,primary,KEY-915f64ab2ef07168db51,122807,2.546053,non_safety,city,low,72,CA25-2026-07-20,candidate_lead_planned_not_verified
VER-3efff7b6290613843fa0,NSCQ-CA-20260720-0058,NSCQ-CA-20260720-0058,cog_2025_123092,123092,CA,Berkeley,CITY OF BERKELEY,https://berkeleyca.gov/sites/default/files/documents/Memorandum-of-Understading-City-Berkeley-Fire-Fighters-Association_0.pdf,"Memorandum of Agreement between City of Berkeley and Berkeley Fire Fighters Association, I.A.F.F. Local 1227",cba,high,scheduled,high_priority_later_verify,URL-f4b124a218a238e803d3,1,primary,KEY-fcd8fd1ae8443b334762,118962,2.546053,fire,city,high,100,CA25-2026-07-20,candidate_lead_planned_not_verified
VER-b769e3897052f438d294,NSCQ-CA-20260720-0148,NSCQ-CA-20260720-0148,cog_2025_123096,123096,CA,Antioch,CITY OF ANTIOCH,https://www.antiochca.gov/fc/human-resources/document-warehouse/Antioch%20Public%20Works%20Employees%20Association%20MOU%204-1-17%20to%205-31-22.pdf,Antioch Public Works Employees Association MOU (4-1-17 to 5-31-22),cba,high,scheduled,high_priority_later_verify,URL-7833a43d32bd7e0034aa,1,primary,KEY-0b16d312e0711e6b562d,117096,2.546053,non_safety,city,medium,79,COORD-SERIAL150-2026-07-21,candidate_lead_planned_not_verified
VER-fa475403e36d3e00d6e9,NSCQ-CA-20260720-0152,NSCQ-CA-20260720-0152,cog_2025_222204,222204,CA,Menifee,CITY OF MENIFEE,https://www.menifee.ca.gov/DocumentCenter/View/21914/PMA-2024---2027,"MEMORANDUM OF UNDERSTANDING Between City of Menifee And The Menifee Police Management Association — July 1, 2024 – June 30, 2027",cba,high,scheduled,high_priority_later_verify,URL-e27c114e93694c5f2071,1,primary,KEY-41b9ae15db7152b9e053,113433,2.546053,police,city,medium,71,COORD-SERIAL150-2026-07-21,candidate_lead_planned_not_verified
VER-a56e596bb1d2b764d480,NSCQ-CA-20260720-0155,NSCQ-CA-20260720-0155,cog_2025_100719,100719,CA,Murrieta,CITY OF MURRIETA,https://www.murrietaca.gov/DocumentCenter/View/14568/MFA-MOU-2023-2026,Memorandum of Understanding (MOU) — Murrieta Firefighters Association (MFA) / Firefighters-Engineers-Captains,cba,high,scheduled,high_priority_later_verify,URL-a69b6d9386002c293522,1,primary,KEY-5f46f1f47f524bf0bd18,111878,2.546053,fire,city,high,100,COORD-SERIAL150-2026-07-21,candidate_lead_planned_not_verified
VER-b810f4ee233bf61f1dac,NSCQ-CA-20260720-0159,NSCQ-CA-20260720-0159,cog_2025_161273,161273,CA,Santa Maria,CITY OF SANTA MARIA,https://www.cityofsantamaria.org/home/showpublisheddocument/29126/638447229360700000,MEMORANDUM OF UNDERSTANDING FOR CY 2024-2025 FULL & PART-TIME GENERAL EMPLOYEES,cba,high,scheduled,high_priority_later_verify,URL-7596bcb6e8eaf3d89abb,1,primary,KEY-6f9f96be0239040f074c,109987,2.546053,non_safety,city,medium,79,COORD-SERIAL150-2026-07-21,candidate_lead_planned_not_verified
VER-b4a30fb97bab86395a01,NSCQ-CA-20260720-0162,NSCQ-CA-20260720-0162,cog_2025_161300,161300,CA,San Buenaventura (Ventura),CITY OF SAN BUENAVENTURA,https://www.cityofventura.ca.gov/DocumentCenter/View/350/Fire-Management-Unit-MOU-PDF?bidId=,Memorandum of Understanding (MOU) - Ventura Fire Management Association (VFMA) (Fire Management Unit),cba,high,scheduled,high_priority_later_verify,URL-5f22f12b68c4fcbb8d0f,1,primary,KEY-7e164fb9071df655ffbc,109058,2.546053,fire,city,medium,97,COORD-SERIAL150-2026-07-21,candidate_lead_planned_not_verified
VER-128e2a445fc9558a1bea,NSCQ-CA-20260720-0165,NSCQ-CA-20260720-0165,cog_2025_183829,183829,CA,Downey,CITY OF DOWNEY,https://www.downeyca.org/home/showpublisheddocument/10128/639063395175100000,Memorandum of Understanding between the City of Downey and the Downey Firemen's Association,cba,high,scheduled,high_priority_later_verify,URL-c5fdff80d82ef3418d81,1,primary,KEY-692c0bb6a67a77959241,108816,2.546053,fire,city,medium,72,COORD-SERIAL150-2026-07-21,candidate_lead_planned_not_verified
VER-b7bec1d260f8a224f54c,NSCQ-CA-20260720-0169,NSCQ-CA-20260720-0169,cog_2025_211207,211207,CA,Costa Mesa,CITY OF COSTA MESA,https://www.costamesaca.gov/home/showpublisheddocument/62180/639039851714730000,MEMORANDUM OF UNDERSTANDING — Between The Representative of the Costa Mesa City Employees Association And the City of Costa Mesa,cba,high,scheduled,high_priority_later_verify,URL-0f3f0d6eb4903259c282,1,primary,KEY-d33677c7b7839158f91c,108354,2.546053,non_safety,city,medium,72,COORD-SERIAL150-2026-07-21,candidate_lead_planned_not_verified
VER-f13e1275c336058a3cad,NSCQ-CA-20260720-0174,NSCQ-CA-20260720-0174,cog_2025_100689,100689,CA,West Covina,CITY OF WEST COVINA,https://www.westcovina.gov/DocumentCenter/View/1034/West-Covina-Firefighters-Association-IAFF-Local-3226---MOU-2022---2025-PDF,"Memorandum of Understanding between Representatives of Management for the City of West Covina and West Covina Firefighters' Association, I.A.F.F., Local 3226",cba,high,scheduled,high_priority_later_verify,URL-41c886d44ceb911eae9e,1,primary,KEY-74fdc50431bb79204766,105617,2.546053,fire,city,high,94,COORD-SERIAL150-2026-07-21,candidate_lead_planned_not_verified
VER-0496a151e6ac3affe4ee,NSCQ-CA-20260720-0181,NSCQ-CA-20260720-0181,cog_2025_183842,183842,CA,El Cajon,CITY OF EL CAJON,https://www.elcajon.gov/home/showpublisheddocument/29197/638880922878630000,MEMORANDUM OF UNDERSTANDING BETWEEN CITY OF EL CAJON AND EL CAJON POLICE OFFICERS' ASSOCIATION MANAGEMENT GROUP,cba,high,scheduled,high_priority_later_verify,URL-f3fe69b876912bcc67b8,1,primary,KEY-01ebab83998a7d9f8189,102991,2.546053,police,city,medium,91,COORD-SERIAL150-2026-07-21,candidate_lead_planned_not_verified
VER-0920deb78e9dee9e4c7f,NSCQ-CA-20260720-0184,NSCQ-CA-20260720-0184,cog_2025_123110,123110,CA,Inglewood,CITY OF INGLEWOOD,https://www.cityofinglewood.org/DocumentCenter/View/18165/IPOA-MOU-2022-2025-FINAL-APPROVED-16AUG22,IPOA MOU 2022-2025 FINAL APPROVED 16AUG22,memorandum_or_settlement,high,scheduled,high_priority_later_verify,URL-b8298fe531f553007aef,1,primary,KEY-79121b1eb8def229603f,102865,2.546053,police,city,medium,79,COORD-SERIAL150-2026-07-21,candidate_lead_planned_not_verified
VER-8620fb7267fbfc8e8512,NSCQ-CA-20260720-0188,NSCQ-CA-20260720-0188,cog_2025_161286,161286,CA,Vacaville,CITY OF VACAVILLE,https://www.cityofvacaville.gov/home/showpublisheddocument/21629/639005240065830000,Memorandum of Understanding between the City of Vacaville and the Vacaville Police Officers Association,cba,high,scheduled,high_priority_later_verify,URL-cdbf9875bfb303bb51d7,1,primary,KEY-b03b4296ec56050f64cf,102526,2.546053,police,city,medium,72,COORD-SERIAL150-2026-07-21,candidate_lead_planned_not_verified
VER-72963032dc3ae4edef8b,NSCQ-CA-20260720-0191,NSCQ-CA-20260720-0191,cog_2025_123157,123157,CA,San Mateo,CITY OF SAN MATEO,https://www.cityofsanmateo.org/DocumentCenter/View/4154,Police Unit Memorandum of Understanding (MOU) 2024–2027,cba,high,scheduled,high_priority_later_verify,URL-6c2c24264b782f1fd9c2,1,primary,KEY-6762ca17fb9e06322b7f,101327,2.546053,police,city,high,82,COORD-SERIAL150-2026-07-21,candidate_lead_planned_not_verified
VER-a04e0088fbd7e772f3b7,NSCQ-CA-20260720-0051,NSCQ-CA-20260720-0051,cog_2025_161130,161130,CA,Chico,CITY OF CHICO,https://chico.ca.us/documents/Departments/Human-Resources--Risk-Management/Human-Resources/Labor-AgreementsSalary-Tables/2021iaff_mou_signed_0.pdf,"Memorandum of Understanding Between City of Chico and the International Association of Fire Fighters (IAFF) Regarding Pay, Hours and Other Terms and Conditions of Employment for July 1, 2021 Through June 30, 2025 (2022 IAFF MOU)",cba,high,scheduled,high_priority_later_verify,URL-b14b0e82fb8ef2229d30,1,primary,KEY-3f318e3cda084c2e995e,101301,2.546053,fire,city,medium,91,CA25-2026-07-20,candidate_lead_planned_not_verified
VER-b1e1076615636c1d962f,NSCQ-CA-20260720-0199,NSCQ-CA-20260720-0199,cog_2025_123117,123117,CA,Norwalk,CITY OF NORWALK,https://cms3.revize.com/revize/norwalkca/Documents/Departments%20%26%20Services/Human%20Resources/Memorandum%20of%20Understanding%20(MOUs)%2F/NCEA%20MOU%202022-2025.pdf,Memorandum of Understanding Between the City of Norwalk and the Norwalk City Employees Association (General & Hourly Units) (NCEA MOU 2022-2025),cba,high,scheduled,high_priority_later_verify,URL-b00c894fe07360477705,1,primary,KEY-d3abbf72c321145dd832,98078,2.546053,non_safety,city,medium,71,COORD-SERIAL150-2026-07-21,candidate_lead_planned_not_verified
VER-43e71f26010a7144d8ad,NSCQ-CA-20260720-0205,NSCQ-CA-20260720-0205,cog_2025_123126,123126,CA,Merced,CITY OF MERCED,https://www.cityofmerced.gov/home/showpublisheddocument/16003/638666536461370000,Memorandum of Understanding Between The City of Merced and Merced Association of City Employees (M.A.C.E.),cba,high,scheduled,high_priority_later_verify,URL-811e61c212c58c053db2,1,primary,KEY-809311a86d9ab50ad41b,93692,2.546053,non_safety,city,medium,91,COORD-SERIAL150-2026-07-21,candidate_lead_planned_not_verified
VER-2ef530c98d24a4240f86,NSCQ-CA-20260720-0209,NSCQ-CA-20260720-0209,cog_2025_100718,100718,CA,Indio,CITY OF INDIO,https://www.indio.org/home/showpublisheddocument/5047/638614712634770000,"INDIO CITY EMPLOYEES’ ASSOCIATION (ICEA) COMPREHENSIVE MEMORANDUM OF UNDERSTANDING (July 1, 2024 – June 30, 2027)",memorandum_or_settlement,high,scheduled,high_priority_later_verify,URL-cf16d34c0b28aae9db90,1,primary,KEY-b6656fbd874368b0f76f,93057,2.546053,non_safety,city,high,88,COORD-SERIAL150-2026-07-21,candidate_lead_planned_not_verified
VER-8fac1a8f8d9685c3749d,NSCQ-CA-20260720-0212,NSCQ-CA-20260720-0212,cog_2025_123139,123139,CA,Hemet,CITY OF HEMET,https://ca-hemet.civicplus.com/DocumentCenter/View/10282/Hemet_SEIU_MOU_2024-2026,"Memorandum of Understanding BETWEEN CITY OF HEMET and THE NON-SAFETY UNIT (GENERAL EMPLOYEES) OF SERVICE EMPLOYEES INTERNATIONAL UNION LOCAL 721 (effective July 1, 2024 through June 30, 2026)",memorandum_or_settlement,high,scheduled,high_priority_later_verify,URL-149bf145f42aadb692ef,1,primary,KEY-5c47575ebc3d1020d7f6,92368,2.546053,non_safety,city,high,100,COORD-SERIAL150-2026-07-21,candidate_lead_planned_not_verified
VER-b55ffd2c035b2cccd957,NSCQ-CA-20260720-0217,NSCQ-CA-20260720-0217,cog_2025_161259,161259,CA,Manteca,CITY OF MANTECA,https://www.manteca.gov/home/showpublisheddocument/9465/639185827212170000,Memorandum of Understanding Between the City of Manteca and the Manteca Firefighters IAFF Local 1874,cba,high,scheduled,high_priority_later_verify,URL-3fdc6f2b7a00c4d8bb74,1,primary,KEY-18114a32e5522594010a,91059,2.546053,fire,city,high,75,COORD-SERIAL150-2026-07-21,candidate_lead_planned_not_verified
VER-2111d08da45f53b9ce79,NSCQ-CA-20260720-0224,NSCQ-CA-20260720-0224,cog_2025_201366,201366,CA,Santa Monica,CITY OF SANTA MONICA,https://www.santamonica.gov/media/HR/SMPOA_MOU_2022-2025.pdf,"Memorandum of Understanding (MOU) between City of Santa Monica, California and Santa Monica Police Officers Association, 2022-2025",memorandum_or_settlement,high,scheduled,high_priority_later_verify,URL-dede1ad7ef2574d8f4bc,1,primary,KEY-3e24e43d65044933a4f3,89922,2.546053,police,city,high,82,COORD-SERIAL150-2026-07-21,candidate_lead_planned_not_verified
VER-2e8b5a2df326162059c0,NSCQ-CA-20260720-0054,NSCQ-CA-20260720-0054,cog_2025_161272,161272,CA,Santa Barbara,CITY OF SANTA BARBARA,https://santabarbaraca.gov/sites/default/files/documents/Human%20Resources/MOUs/SB%20Police%20Officers%20Association.pdf,MEMORANDUM OF UNDERSTANDING BETWEEN THE CITY OF SANTA BARBARA AND THE SANTA BARBARA POLICE OFFICERS ASSOCIATION,cba,high,scheduled,high_priority_later_verify,URL-7e9e6ffaf19acba9e032,1,primary,KEY-877b0ee068aab9394f9a,86499,2.546053,police,city,medium,100,CA25-2026-07-20,candidate_lead_planned_not_verified
VER-1f2f2a6764dc1f37bc0e,NSCQ-CA-20260720-0228,NSCQ-CA-20260720-0228,cog_2025_207596,207596,CA,Citrus Heights,CITY OF CITRUS HEIGHTS,https://www.citrusheights.net/DocumentCenter/View/22301/CHPOA-MOU-Oct-2023---June-2026,CHPOA MOU Oct 2023 - June 2026,cba,high,scheduled,high_priority_later_verify,URL-a83b24f305c6a5208ed5,1,primary,KEY-91620a139af850fc4bb4,86239,2.546053,police,city,medium,71,COORD-SERIAL150-2026-07-21,candidate_lead_planned_not_verified
VER-b57295b23ce31f529bfe,NSCQ-CA-20260720-0232,NSCQ-CA-20260720-0232,cog_2025_123094,123094,CA,San Leandro,CITY OF SAN LEANDRO,https://www.sanleandro.org/DocumentCenter/View/1431/SLMO-Memorandum-of-Understanding-2023---June-2028-PDF,Memorandum of Understanding (San Leandro Management Organization),cba,high,scheduled,high_priority_later_verify,URL-adfa482d9c1e51ff0a04,1,primary,KEY-e667f5a77dc759f4994e,85784,2.546053,non_safety,city,low,77,COORD-SERIAL150-2026-07-21,candidate_lead_planned_not_verified
VER-f6d055e925750b216e37,NSCQ-CA-20260720-0238,NSCQ-CA-20260720-0238,cog_2025_161184,161184,CA,Whittier,CITY OF WHITTIER,https://www.cityofwhittier.org/home/showpublisheddocument/9056/638261473914700000,"Comprehensive Memorandum of Understanding (Representatives of CITY OF WHITTIER, CALIFORNIA and WHITTIER POLICE OFFICERS’ ASSOCIATION)",memorandum_or_settlement,high,scheduled,high_priority_later_verify,URL-4aeb1287e0b59ac1e689,1,primary,KEY-0c3ebebbd78cb247382d,84143,2.546053,police,city,medium,91,COORD-SERIAL150-WAVE2-2026-07-22,candidate_lead_planned_not_verified
VER-12117233841095516e34,NSCQ-CA-20260720-0241,NSCQ-CA-20260720-0241,cog_2025_100681,100681,CA,Hawthorne,CITY OF HAWTHORNE,https://www.cityofhawthorne.org/home/showpublisheddocument/7254/638633860562770000,"MEMORANDUM OF UNDERSTANDING BETWEEN THE CITY OF HAWTHORNE AND THE HAWTHORNE POLICE OFFICERS' ASSOCIATION (HPOA) — EFFECTIVE JULY 27, 2024 through JUNE 30, 2027",cba,high,scheduled,high_priority_later_verify,URL-8c7688dd7a0ef5fff26d,1,primary,KEY-012c0ebb6e5bab87dbd1,83364,2.546053,police,city,high,88,COORD-SERIAL150-WAVE2-2026-07-22,candidate_lead_planned_not_verified
VER-e7f846a3b90860642a46,NSCQ-CA-20260720-0247,NSCQ-CA-20260720-0247,cog_2025_123133,123133,CA,Newport Beach,CITY OF NEWPORT BEACH,https://www.lris.com/wp-content/uploads/contracts/newportbeach_ca_police.pdf,Memorandum of Understanding (NBPA MOU 2018-2021),cba,high,scheduled,high_priority_later_verify,URL-2e90b28a2f9e50ab8792,1,primary,KEY-5e58e9a8ed96c13cd4f6,82637,2.546053,police,third_party,medium,83,COORD-SERIAL150-WAVE2-2026-07-22,candidate_lead_planned_not_verified
VER-9174ea4cb8bcd22e1520,NSCQ-CA-20260720-0252,NSCQ-CA-20260720-0252,cog_2025_161279,161279,CA,Mountain View,CITY OF MOUNTAIN VIEW,https://www.mountainview.gov/home/showpublisheddocument/11490/638846348669830000,"Memorandum of Understanding between the City of Mountain View and Mountain View Police Officers Association (Sworn and Nonsworn Units) — July 1, 2024 to June 30, 2027",cba,high,scheduled,high_priority_later_verify,URL-977a8631a980a5371c94,1,primary,KEY-dc03e83acc09c4a792d3,81785,2.546053,police,city,medium,91,COORD-SERIAL150-WAVE2-2026-07-22,candidate_lead_planned_not_verified
VER-afa3e90df107345037ea,NSCQ-CA-20260720-0255,NSCQ-CA-20260720-0255,cog_2025_100736,100736,CA,Redwood City,CITY OF REDWOOD,https://meetings.redwoodcity.org/AgendaOnline/Documents/ViewDocument/ATTACHMENT%20A%20-%20POA%20MOU%202021-2024%20TA.PDF.pdf?documentType=Agenda&isSection=false&itemId=8701&meetingId=2414&publishId=13801,"MEMORANDUM OF UNDERSTANDING BETWEEN THE CITY OF REDWOOD CITY AND REDWOOD CITY POLICE OFFICERS ASSOCIATION (SEPTEMBER 1, 2018 - AUGUST 29, 2021; AUGUST 30, 2021 – AUGUST 25, 2024)",cba,high,scheduled,high_priority_later_verify,URL-f9dc611525dd49b410b5,1,primary,KEY-9bfc03cab18b64955976,80996,2.546053,police,city,medium,79,COORD-SERIAL150-WAVE2-2026-07-22,candidate_lead_planned_not_verified
VER-eb6e46580afe05708786,NSCQ-CA-20260720-0259,NSCQ-CA-20260720-0259,cog_2025_100673,100673,CA,Alhambra,CITY OF ALHAMBRA,https://www.cityofalhambra.org/DocumentCenter/View/2348/2021-2024-APOA-MOU-PDF,Memorandum of Understanding Between the City of Alhambra and the Alhambra Police Officers’ Association for Fiscal Years 2021 Through 2024,cba,high,scheduled,high_priority_later_verify,URL-9948e297422bc33f7660,1,primary,KEY-beb01d8f3af6ebe1bb68,79776,2.546053,police,city,high,100,COORD-SERIAL150-WAVE2-2026-07-22,candidate_lead_planned_not_verified
VER-9fe55e149d440888d427,NSCQ-CA-20260720-0264,NSCQ-CA-20260720-0264,cog_2025_161247,161247,CA,Upland,CITY OF UPLAND,https://www.uplandca.gov/Documents/Government/Join%20Our%20Team/MOUs%20and%20Benefits%20Summaries/UPMA%20MOU%207.1.23%20to%206.30.27%20Searchable.pdf?t=202602101140080,MEMORANDUM OF UNDERSTANDING (MOU) — Upland Police Management Association,memorandum_or_settlement,high,scheduled,high_priority_later_verify,URL-413fd24ab42cdcb651a8,1,primary,KEY-45a9add80106b6d68daf,78699,2.546053,police,city,medium,91,COORD-SERIAL150-WAVE2-2026-07-22,candidate_lead_planned_not_verified
VER-466c77a5cd6aa6dc5217,NSCQ-CA-20260720-0267,NSCQ-CA-20260720-0267,cog_2025_123135,123135,CA,Tustin,CITY OF TUSTIN,https://tustin.granicus.com/MetaViewer.php?clip_id=2021&meta_id=128489&view_id=5,Memorandum of Understanding (City of Tustin and Tustin Police Support Services Association) — TPSSA MOU 2021-2024,cba,high,scheduled,high_priority_later_verify,URL-2952d094f8b58b88464a,1,primary,KEY-42d7421b40e3ac6414aa,77704,2.546053,police,city,high,94,COORD-SERIAL150-WAVE2-2026-07-22,candidate_lead_planned_not_verified
VER-313e0c97f84cd1509b5b,NSCQ-CA-20260720-0271,NSCQ-CA-20260720-0271,cog_2025_123130,123130,CA,Napa,CITY OF NAPA,https://www.cityofnapa.org/DocumentCenter/View/332/MUNPD-Agreement-C2014-075-Effective-January-1-2014-to-December-31-2015-PDF,"MUNPD Agreement C2014-075 — Effective January 1, 2014 to December 31, 2015 (PDF)",memorandum_or_settlement,high,scheduled,high_priority_later_verify,URL-9174a67e6f497e0f74b1,1,primary,KEY-2a49101691ef215674fe,77492,2.546053,police,city,medium,74,COORD-SERIAL150-WAVE2-2026-07-22,candidate_lead_planned_not_verified
VER-ccc65857527dc06695db,NSCQ-CA-20260720-0274,NSCQ-CA-20260720-0274,cog_2025_123130,123130,CA,Napa,CITY OF NAPA,https://www.cityofnapa.org/DocumentCenter/View/320/NCFA-Agreement-Number-C2014-430-Effective-July-1-2013-through-June-30-2015-PDF,"NCFA Agreement Number C2014-430 — Effective July 1, 2013 through June 30, 2015 (PDF)",memorandum_or_settlement,high,scheduled,high_priority_later_verify,URL-b9c2f091983d3d6dc7af,1,primary,KEY-152b0170216f2f527583,77492,2.546053,fire,city,high,95,COORD-SERIAL150-WAVE2-2026-07-22,candidate_lead_planned_not_verified
VER-fa7597ca77dee08ca10f,NSCQ-CA-20260720-0277,NSCQ-CA-20260720-0277,cog_2025_211982,211982,CA,Milpitas,CITY OF MILPITAS,https://www.milpitas.gov/DocumentCenter/View/796/International-Association-of-Firefighters-IAFF-2024-2027?bidId=,Memorandum of Understanding between the City of Milpitas and IAFF Local 1699 (07/01/2024–06/20/2027),memorandum_or_settlement,high,scheduled,high_priority_later_verify,URL-c48ba6a37bf68011bda7,1,primary,KEY-00f326a107ab91fe5cef,77321,2.546053,fire,city,high,100,COORD-SERIAL150-WAVE2-2026-07-22,candidate_lead_planned_not_verified
VER-5e7f5d422fa2ae3ac3ce,NSCQ-CA-20260720-0281,NSCQ-CA-20260720-0281,cog_2025_161122,161122,CA,Alameda,CITY OF ALAMEDA,https://www.alamedaca.gov/files/sharedassets/public/hr/mou-2022-2025-apoa-redlined.pdf,MOU-City of Alameda & Alameda Police Officers Association (11-1-15 to 12-18-2021) [redlined],cba,high,scheduled,high_priority_later_verify,URL-0f3e2da68a29f9244a74,1,primary,KEY-d7df0451608c70ea345c,75353,2.546053,police,city,medium,82,COORD-SERIAL150-WAVE2-2026-07-22,candidate_lead_planned_not_verified
VER-4c39e7350e23337c4c93,NSCQ-CA-20260720-0284,NSCQ-CA-20260720-0284,cog_2025_161122,161122,CA,Alameda,CITY OF ALAMEDA,https://www.alamedaca.gov/files/sharedassets/public/v/1/hr/labor-contract-accordion/acea-mou-2022-2025.pdf,"MOU – City of Alameda & Alameda City Employees Association (7-1-2022 – June 30, 2025)",cba,high,scheduled,high_priority_later_verify,URL-a96fc90467804519eb27,1,primary,KEY-b1a1ab764713f4731f07,75353,2.546053,non_safety,city,medium,82,COORD-SERIAL150-WAVE2-2026-07-22,candidate_lead_planned_not_verified
VER-3ea813f5849ab219fe7f,NSCQ-CA-20260720-0289,NSCQ-CA-20260720-0289,cog_2025_161231,161231,CA,Rocklin,CITY OF ROCKLIN,https://www.rocklin.ca.us/sites/main/files/file-attachments/poa_mou_07.22-06.25.pdf?1657216895=,"Memorandum of Understanding (Negotiated MOU) between City of Rocklin and Rocklin Police Officers' Association; July 1, 2022 - June 30, 2025 (with updated Police Salary Schedules)",memorandum_or_settlement,high,scheduled,high_priority_later_verify,URL-6f9cae75a957699859b8,1,primary,KEY-6da748ad7a486fdc0309,73472,2.546053,police,city,medium,85,COORD-SERIAL150-WAVE2-2026-07-22,candidate_lead_planned_not_verified
VER-7c4899d0d3dee7d330c0,NSCQ-CA-20260720-0292,NSCQ-CA-20260720-0292,cog_2025_161235,161235,CA,Lake Elsinore,CITY OF LAKE ELSINORE,https://www.lake-elsinore.org/ArchiveCenter/ViewFile/Item/94,MEMORANDUM OF UNDERSTANDING (MOU) 2021-2026 / EXHIBIT A (LIUNA Union Local 777),cba,high,scheduled,high_priority_later_verify,URL-31aa5df93655c48ddef8,1,primary,KEY-5013a22e0f4b11f3ecc9,73028,2.546053,non_safety,city,medium,89,COORD-SERIAL150-WAVE2-2026-07-22,candidate_lead_planned_not_verified
VER-0a024faf69bc62a85e00,NSCQ-CA-20260720-0295,NSCQ-CA-20260720-0295,cog_2025_100723,100723,CA,Redlands,CITY OF REDLANDS,https://www.teamsters1932.org/app/uploads/2023/10/REDLANDS-GENERAL-UNIT-MOU_2023-2026.pdf,Memorandum of Understanding (MOU) (Teamsters Local #1932 General Unit) (CITY OF REDLANDS × TEAMSTERS LOCAL #1932),cba,high,scheduled,high_priority_later_verify,URL-1bed3761a8a21b46f996,1,primary,KEY-880afa2c63f47fd4043e,72556,2.546053,non_safety,union,medium,99,COORD-SERIAL150-WAVE2-2026-07-22,candidate_lead_planned_not_verified
VER-23082d9272223bd286a8,NSCQ-CA-20260720-0298,NSCQ-CA-20260720-0298,cog_2025_161290,161290,CA,Turlock,CITY OF TURLOCK,https://cityofturlock.org/_pdf/hrwebmou.asp?id=153,"Turlock Firefighters, Local #2434 — 2024-2025 Successor MOU Labor Negotiations (Tentative Agreement; March 12, 2025)",memorandum_or_settlement,high,scheduled,high_priority_later_verify,URL-2a469fb7628a975f8d47,1,primary,KEY-6a2797efe544b3265dfd,72100,2.546053,fire,city,medium,94,COORD-SERIAL150-WAVE2-2026-07-22,candidate_lead_planned_not_verified
VER-d6522e90f265816c9284,NSCQ-CA-20260720-0302,NSCQ-CA-20260720-0302,cog_2025_183821,183821,CA,Walnut Creek,CITY OF WALNUT CREEK,https://walnutcreek.granicus.com/MetaViewer.php?clip_id=1662&meta_id=77795&view_id=12,"Memorandum of Understanding between the City of Walnut Creek and the Walnut Creek Police Officers Association (August 1, 2012 – July 31, 2015)",cba,high,scheduled,high_priority_later_verify,URL-ddb58ebdcf7187b0d9e6,1,primary,KEY-85367ddbfa6f3c67c41f,69152,2.546053,police,city,medium,86,COORD-SERIAL150-WAVE2-2026-07-22,candidate_lead_planned_not_verified
VER-79bbf35524380b1af00f,NSCQ-CA-20260720-0305,NSCQ-CA-20260720-0305,cog_2025_161164,161164,CA,Baldwin Park,CITY OF BALDWIN PARK,https://baldwinparkpolice.com/DocumentCenter/View/529,"City of Baldwin Park Memorandum of Understanding (July 1, 2021 Through and Including June 30, 2024) by and between the Baldwin Park Police Association and the City of Baldwin Park",memorandum_or_settlement,high,scheduled,high_priority_later_verify,URL-df67186250194a0e3d4e,1,primary,KEY-88c2ce0792842f7e50de,68806,2.546053,police,city,medium,91,COORD-SERIAL150-WAVE2-2026-07-22,candidate_lead_planned_not_verified
VER-2bd70835789e701c1378,NSCQ-CA-20260720-0308,NSCQ-CA-20260720-0308,cog_2025_161292,161292,CA,Yuba City,CITY OF YUBA CITY,https://cdnsm5-hosted.civiclive.com/UserFiles/Servers/Server_239174/File/Human%20Resources/Viewing%20Bargaining%20Group%20Agreement/Fire%20MOU%20-FINAL.pdf,Fire MOU - FINAL,cba,high,scheduled,high_priority_later_verify,URL-d40e01b1f71fc9826df9,1,primary,KEY-16eef5948274e4a20523,68666,2.546053,fire,city,high,100,COORD-SERIAL150-WAVE2-2026-07-22,candidate_lead_planned_not_verified
VER-5204b13f9ab46de12cb8,NSCQ-CA-20260720-0311,NSCQ-CA-20260720-0311,cog_2025_161201,161201,CA,Madera,CITY OF MADERA,https://www.madera.gov/wp-content/uploads/2021/07/MPOA-MOU-7-1-21-thorugh-6-30-25-Signed_Searchable.pdf,MPOA MOU 7/1/21 through 6/30/25 (Signed Searchable),cba,high,scheduled,high_priority_later_verify,URL-e9ddf5db664de0cffa3a,1,primary,KEY-86f55e319720831c79b8,68079,2.546053,police,city,medium,91,COORD-SERIAL150-WAVE2-2026-07-22,candidate_lead_planned_not_verified
VER-021308893ffff16429c3,NSCQ-CA-20260720-0314,NSCQ-CA-20260720-0314,cog_2025_100688,100688,CA,Redondo Beach,CITY OF REDONDO BEACH,https://cms2.revize.com/revize/redondobeachca/Human%20Resources/Documents/MOUs/Fire%20MOU-2024-7-1%20thru%202028-6-30-Signed.pdf?t=202602191834390,"Fire MOU (RBFA-FMU) — July 1, 2024 – June 30, 2028",cba,high,scheduled,high_priority_later_verify,URL-ea54c31c37dd63af80d9,1,primary,KEY-2c2c666341284989d18d,67749,2.546053,fire,city,high,100,COORD-SERIAL150-WAVE2-2026-07-22,candidate_lead_planned_not_verified
VER-d4893d9cc2ffc6a8bd71,NSCQ-CA-20260720-0319,NSCQ-CA-20260720-0319,cog_2025_123153,123153,CA,Lodi,CITY OF LODI,https://www.lodi.gov/DocumentCenter/View/231/Maintenance-and-Operators-Unit-Memorandum-of-Understanding---2023-to-2025-PDF,"Maintenance & Operators Unit Memorandum of Understanding — January 1, 2023 to December 31, 2025",cba,high,scheduled,high_priority_later_verify,URL-2da8f1d2f96e9a510b76,1,primary,KEY-7471050c09c3ee9862e4,67679,2.546053,non_safety,city,high,100,COORD-SERIAL150-WAVE2-2026-07-22,candidate_lead_planned_not_verified
VER-2d76303783833dc3508e,NSCQ-CA-20260720-0061,NSCQ-CA-20260720-0061,cog_2025_123159,123159,CA,Palo Alto,CITY OF PALO ALTO,https://www.paloalto.gov/files/assets/public/human-resources/compensation/labor-agreements/pma_moa_october-1-2018_june-30-2021.pdf,Memorandum of Agreement — City of Palo Alto and Palo Alto Police Management Association,cba,high,scheduled,high_priority_later_verify,URL-c20402bd923dcc94a74b,1,primary,KEY-053035ce65db70e979dc,65882,2.546053,police,city,medium,97,CA25-2026-07-20,candidate_lead_planned_not_verified
VER-f581917156e894b386d3,NSCQ-CA-20260720-0125,NSCQ-CA-20260720-0125,cog_2025_161303,161303,CA,Davis,CITY OF DAVIS,https://documents.cityofdavis.org/Media/Default/Documents/PDF/CityCouncil/CouncilMeetings/Agendas/2024/2024-05-07/03I-Fire-General-Unit-and-Management-MOU.pdf,MOU Fire Department General Unit 7/1/23 to 12/31/24 (includes Fire Management Unit Local 3494 7/1/23 to 12/31/24),cba,high,scheduled,high_priority_later_verify,URL-2fa44bad6d3751ebfeeb,1,primary,KEY-d3543aa17a3d33f22b0a,65832,2.546053,fire,city,medium,97,SERIALIZED-STAGE1-W01-CA25.2-2026-07-21,candidate_lead_planned_not_verified
VER-7d45c807ad36b82167c3,NSCQ-CA-20260720-0321,NSCQ-CA-20260720-0321,cog_2025_183859,183859,CA,Union City,CITY OF UNION CITY,https://unioncity.novusagenda.com/agendapublic/AttachmentViewer.ashx?AttachmentID=7434&ItemID=3214,MEMORANDUM OF UNDERSTANDING — UNION CITY POLICE OFFICERS' ASSOCIATION,memorandum_or_settlement,high,scheduled,high_priority_later_verify,URL-a1c91b560d7016c575b5,1,primary,KEY-2c5b09dcaf63cd9bd713,65414,2.546053,police,city,medium,83,COORD-SERIAL150-WAVE2-2026-07-22,candidate_lead_planned_not_verified
VER-1bd5f1b5e8ea9c32cc61,NSCQ-CA-20260720-0325,NSCQ-CA-20260720-0325,cog_2025_161175,161175,CA,Lynwood,CITY OF LYNWOOD,https://lynwoodca.gov/DocumentCenter/View/1294/LEMG-MOU-2023-2027,LEMG MOU 2023-2027,memorandum_or_settlement,high,scheduled,high_priority_later_verify,URL-18f374a346ae501a61e0,1,primary,KEY-13dc8c74ed1ba92bea24,63234,2.546053,non_safety,city,medium,83,COORD-SERIAL150-WAVE2-2026-07-22,candidate_lead_planned_not_verified
VER-cd7c268231d2479abd89,NSCQ-CA-20260720-0328,NSCQ-CA-20260720-0328,cog_2025_193116,193116,CA,South San Francisco,CITY OF SOUTH SAN FRANCISCO,https://www.ssfca.gov/files/assets/public/v/1/human-resources/documents/iaff-mou-20222025-signe.pdf,"Memorandum of Understanding between the City of South San Francisco and the IAFF, Local 1507",cba,high,scheduled,high_priority_later_verify,URL-736aa5595c4e7ac160df,1,primary,KEY-cbafdf9342a4763d0657,63123,2.546053,fire,city,high,100,COORD-SERIAL150-WAVE2-2026-07-22,candidate_lead_planned_not_verified
VER-c64cfa1db778f1e753b8,NSCQ-CA-20260720-0331,NSCQ-CA-20260720-0331,cog_2025_183838,183838,CA,Laguna Niguel,CITY OF LAGUNA NIGUEL,https://cityoflagunaniguel.org/DocumentCenter/View/24820/2023-2027-Middle-Management-Professional-Supervisory-Unit-MOU,"Memorandum of Understanding Between Orange County Employees Association and City of Laguna Niguel—Middle Management, Professional and Supervisory Unit",memorandum_or_settlement,high,scheduled,high_priority_later_verify,URL-33bef1b45c668a257977,1,primary,KEY-a7dfa926e6fb07f40fab,62899,2.546053,non_safety,city,medium,83,COORD-SERIAL150-WAVE2-2026-07-22,candidate_lead_planned_not_verified
VER-fb09d5947fdf5502483d,NSCQ-CA-20260720-0334,NSCQ-CA-20260720-0334,cog_2025_161295,161295,CA,Porterville,CITY OF PORTERVILLE,https://cms9files.revize.com/PortervilleCA/Document_Center/Department/Administrative/MOUs%20and%20Contracts/PCEA%20Comp%20MOU%202022-2025.pdf,PCEA Comp MOU 2022-2025,memorandum_or_settlement,high,scheduled,high_priority_later_verify,URL-fc05253cabe7c25c0c25,1,primary,KEY-f5ff328082a9337bd326,62876,2.546053,non_safety,city,medium,100,COORD-SERIAL150-WAVE2-2026-07-22,candidate_lead_planned_not_verified
VER-bd3a9429ec13fd45372d,NSCQ-CA-20260720-0338,NSCQ-CA-20260720-0338,cog_2025_183849,183849,CA,Santa Cruz,CITY OF SANTA CRUZ,https://www.santacruzca.gov/files/assets/city/v/1/hr/documents/mous-salaries-and-benefits/seiu_20222025_moupdf_1.pdf,"2022-2025 MEMORANDUM OF UNDERSTANDING (CITY OF SANTA CRUZ AND CITY OF SANTA CRUZ SERVICE EMPLOYEES, S.E.I.U., LOCAL 521)",cba,high,scheduled,high_priority_later_verify,URL-d8a1a6de0779f107ec05,1,primary,KEY-25edd535b77d643050f1,61501,2.546053,non_safety,city,high,88,COORD-SERIAL150-WAVE2-2026-07-22,candidate_lead_planned_not_verified
VER-e1e1e1e9b379d0200b47,NSCQ-CA-20260720-0341,NSCQ-CA-20260720-0341,cog_2025_123167,123167,CA,Woodland,CITY OF WOODLAND,https://www.cityofwoodland.gov/DocumentCenter/View/342/WCEA-General-Services-PDF,WCEA General Services Memorandum of Understanding (PDF),cba,high,scheduled,high_priority_later_verify,URL-1635c257c6b202fa9c08,1,primary,KEY-62506a6f36f020dfb3d8,61123,2.546053,non_safety,city,medium,88,COORD-SERIAL150-WAVE2-2026-07-22,candidate_lead_planned_not_verified
VER-15403bc41816f7d581ba,NSCQ-CA-20260720-0347,NSCQ-CA-20260720-0347,cog_2025_211213,211213,CA,La Mesa,CITY OF LA MESA,https://pub-lamesa.escribemeetings.com/filestream.ashx?DocumentId=12323,SIDE LETTER AGREEMENT AMENDING THE 2020-2024 MEMORANDUM OF UNDERSTANDING BETWEEN THE CITY OF LA MESA AND THE LA MESA POLICE OFFICERS’ ASSOCIATION,memorandum_or_settlement,high,scheduled,high_priority_later_verify,URL-e2cf967e4091100cef0d,1,primary,KEY-9005137ed86d97772047,60537,2.546053,police,city,medium,88,COORD-SERIAL150-WAVE2-2026-07-22,candidate_lead_planned_not_verified
VER-e27f5ec7632a05054a33,NSCQ-CA-20260720-0493,NSCQ-CA-20260720-0493,cog_2025_123152,123152,CA,Santee,CITY OF SANTEE,https://www.cityofsanteeca.gov/documents/human-resources/salary-schedule-fy-24-25.pdf,"HOURLY, GENERAL AND MANAGEMENT SALARY SCHEDULE (Effective January 1, 2025)",wage_schedule_or_compensation_plan,high,scheduled,high_priority_later_verify,URL-a86bbc06b5c718e07538,1,primary,KEY-b72e65a7b19cdc75a7ec,59478,2.546053,non_safety,city,low,70,POST-PI-AGGRESSIVE-3X300-ATTEMPT3-LANE1-2026-07-23,candidate_lead_planned_not_verified
VER-c96ae0ba88ccb329de73,NSCQ-CA-20260720-0362,NSCQ-CA-20260720-0362,cog_2025_183853,183853,CA,Petaluma,CITY OF PETALUMA,https://petaluma.granicus.com/MetaViewer.php?clip_id=3448&meta_id=508482&view_id=31,"July 1, 2021 – June 30, 2023 City of Petaluma / IAFF Unit 7 MOU (International Association of Fire Fighters, Local 1415)",cba,high,scheduled,high_priority_later_verify,URL-a09022cd9ead5d479a2a,1,primary,KEY-3af83e75ec57f1754e54,58800,2.546053,fire,city,high,100,POST-PI-PARALLEL-ROUND2-3X150-LANE2-2026-07-23,candidate_lead_planned_not_verified
VER-9d654b439bcb554a7346,NSCQ-CA-20260720-0405,NSCQ-CA-20260720-0405,cog_2025_207592,207592,CA,Beaumont,CITY OF BEAUMONT,https://www.beaumontca.gov/DocumentCenter/View/40030,"Side Letter #6 to the 2022-2026 Memorandum of Understanding between the City of Beaumont and Beaumont Police Officers' Association (BPOA) — Effective Jan 4, 2022 through Jun 30, 2026",memorandum_or_settlement,high,scheduled,high_priority_later_verify,URL-5dce141f997277c5977c,1,primary,KEY-723aa149f8bb1429875f,58463,2.546053,police,city,medium,97,POST-PI-AGGRESSIVE-3X300-ATTEMPT3-LANE1-2026-07-23,candidate_lead_planned_not_verified
VER-4ba5fa0a1afd07af0139,NSCQ-CA-20260720-0406,NSCQ-CA-20260720-0406,cog_2025_161276,161276,CA,Gilroy,CITY OF GILROY,https://www.cityofgilroy.org/DocumentCenter/View/16582/GPOA-MOU-July-2025---June-2028-v2-LM-DRAFT?bidId=,"Memorandum of Understanding (GPOA) — July 1, 2018/2025? through June 30, 2022/2028 (Police Unit)",cba,high,scheduled,high_priority_later_verify,URL-a49d823e32c07e537d40,1,primary,KEY-725f7b8df646a6282550,58250,2.546053,police,city,medium,100,POST-PI-AGGRESSIVE-3X300-ATTEMPT3-LANE1-2026-07-23,candidate_lead_planned_not_verified
VER-08dd6ef3728625104cdd,NSCQ-CA-20260720-0468,NSCQ-CA-20260720-0468,cog_2025_100726,100726,CA,Highland,CITY OF HIGHLAND,https://www.highlandca.gov/DocumentCenter/View/3248/Employee-Salary-Benefit-Disclosure-Effective-07-1-23-2023-2024-PDF,Employee Salary and Benefit Disclosure (Effective 07/1/23) / City Salaries Website 2025-2026 (PDF),wage_schedule_or_compensation_plan,high,scheduled,high_priority_later_verify,URL-6d46d65ee31c197e34c1,1,primary,KEY-a590780bd7f2c9bd1f6a,56202,2.546053,non_safety,city,medium,83,POST-PI-AGGRESSIVE-3X300-ATTEMPT3-LANE1-2026-07-23,candidate_lead_planned_not_verified
VER-b0b009cd347785b13ac0,NSCQ-CA-20260720-0500,NSCQ-CA-20260720-0500,cog_2025_161226,161226,CA,Fountain Valley,CITY OF FOUNTAIN VALLEY,https://www.fountainvalley.gov/DocumentCenter/View/20467/Firefighters-Association-MOU-2024-2027,Firefighters Association MOU 2024-2027,memorandum_or_settlement,high,scheduled,high_priority_later_verify,URL-16ad0e386fed88810895,1,primary,KEY-dee275e35a5bccceabbc,55468,2.546053,fire,city,medium,88,POST-PI-AGGRESSIVE-3X300-ATTEMPT3-LANE2-2026-07-23,candidate_lead_planned_not_verified
VER-1d324c9080ad61a8e307,NSCQ-CA-20260720-0532,NSCQ-CA-20260720-0532,cog_2025_123150,123150,CA,National City,CITY OF NATIONAL CITY,https://www.nationalcityca.gov/home/showpublisheddocument/35430/638943293688170000,Compensation Plan (City of National City) — Salary Schedule / Compensation Plan (article references salary ranges and steps),wage_schedule_or_compensation_plan,high,scheduled,high_priority_later_verify,URL-e1e2ec1bde97e37ee7ee,1,primary,KEY-81dc8c6256df64590899,55236,2.546053,non_safety,city,low,72,POST-PI-AGGRESSIVE-3X300-ATTEMPT3-LANE2-2026-07-23,candidate_lead_planned_not_verified
VER-1b12bc629a915334e8cb,NSCQ-CA-20260720-0399,NSCQ-CA-20260720-0399,cog_2025_123108,123108,CA,Arcadia,CITY OF ARCADIA,https://www.arcadiaca.gov/Document%20Center/Government/City%20Clerk/Agenda%20and%20Minutes/2024/Packet/2024-09-24_Special_CC_Meeting_Agenda%20%281%29.pdf?t=202512220452190,"CITY OF ARCADIA — 2024-09-24 Special CC Meeting Agenda (Resolution No. 7597 approving Memorandum of Understanding for employees represented by the Arcadia Fire Fighters’ Association for July 1, 2024 through June 30, 2027)",cba,high,scheduled,high_priority_later_verify,URL-522dcb7c70cd96ae4c88,2,primary,KEY-9dea42a3a21dd1263652,54157,2.546053,fire,city,medium,100,POST-PI-AGGRESSIVE-3X300-ATTEMPT3-LANE1-2026-07-23,candidate_lead_planned_not_verified
VER-79120e4c81295299141a,NSCQ-CA-20260720-0400,NSCQ-CA-20260720-0400,cog_2025_123108,123108,CA,Arcadia,CITY OF ARCADIA,https://www.arcadiaca.gov/Document%20Center/Government/City%20Clerk/Agenda%20and%20Minutes/2024/Packet/2024-09-24_Special_CC_Meeting_Agenda%20%281%29.pdf?t=202512220452190,"CITY OF ARCADIA — 2024-09-24 Special CC Meeting Agenda (Resolution No. 7594 approving Memorandum of Understanding for employees represented by the Arcadia City Employees’ Association for July 1, 2024 through June 30, 2027)",cba,high,scheduled,high_priority_later_verify,URL-522dcb7c70cd96ae4c88,2,linked_duplicate,KEY-767768243a58c0a18d43,54157,2.546053,non_safety,city,medium,100,POST-PI-AGGRESSIVE-3X300-ATTEMPT3-LANE1-2026-07-23,candidate_lead_planned_not_verified
VER-11366c524b427470c094,NSCQ-CA-20260720-0441,NSCQ-CA-20260720-0441,cog_2025_203973,203973,CA,Cathedral City,CITY OF CATHEDRAL,https://www.joincathedralcity.org/wp-content/uploads/2024/02/Cathedral-City-CCFMA-MOU_01.01.23-12.31.25-rev.-09.2023Letter.pdf,"Memorandum of Understanding (CCFMA) January 1, 2023– December 31, 2025 rev. 9.2023",cba,high,scheduled,high_priority_later_verify,URL-b85531935522185dda69,1,primary,KEY-88e3b6354413da785c56,52356,2.546053,fire,third_party,medium,83,POST-PI-AGGRESSIVE-3X300-ATTEMPT3-LANE1-2026-07-23,candidate_lead_planned_not_verified
VER-9153c83996ac245bd883,NSCQ-CA-20260720-0535,NSCQ-CA-20260720-0535,cog_2025_161221,161221,CA,Placentia,CITY OF PLACENTIA,https://placentia.org/DocumentCenter/View/11416,"COMPENSATION PLAN (Unrepresented Mid-Management and Executive Management Employees); July 1, 2023 – June 30, 2025 (No. MGT 23-25; Adopted July 11, 2023, Resolution No. R-2023-56)",wage_schedule_or_compensation_plan,high,scheduled,high_priority_later_verify,URL-27e0f62b3145a72a305d,1,primary,KEY-21e200e422b4717f46d9,52192,2.546053,non_safety,city,medium,100,POST-PI-AGGRESSIVE-3X300-ATTEMPT3-LANE2-2026-07-23,candidate_lead_planned_not_verified
VER-8ad9e2d9c1607ca1e869,NSCQ-CA-20260720-0367,NSCQ-CA-20260720-0367,cog_2025_203968,203968,CA,Delano,CITY OF DELANO,https://www.cityofdelano.org/ArchiveCenter/ViewFile/Item/2733,"CONTRACT BETWEEN CITY OF DELANO AND DELANO POLICE OFFICERS ASSOCIATION (Agreement No. 2022- / July 01, 2022 to June 30, 2025)",cba,high,scheduled,high_priority_later_verify,URL-1c799c241457a54bb33e,2,primary,KEY-a9c23ee2739c2cf0f5d1,51500,2.546053,police,city,medium,82,POST-PI-PARALLEL-ROUND2-3X150-LANE2-2026-07-23,candidate_lead_planned_not_verified
VER-0e589fd6a88f49bfa220,NSCQ-CA-20260720-0368,NSCQ-CA-20260720-0368,cog_2025_203968,203968,CA,Delano,CITY OF DELANO,https://www.cityofdelano.org/ArchiveCenter/ViewFile/Item/2733,AGREEMENT BETWEEN THE DELANO CITY EMPLOYEE’S ASSOCIATION (MISCELLANEOUS EMPLOYEES) AND THE CITY OF DELANO (Miscellaneous MOU 2022-25 / term clause visible),cba,high,scheduled,high_priority_later_verify,URL-1c799c241457a54bb33e,2,linked_duplicate,KEY-a263020ea12c6acf9726,51500,2.546053,non_safety,city,medium,82,POST-PI-PARALLEL-ROUND2-3X150-LANE2-2026-07-23,candidate_lead_planned_not_verified
VER-e4ed2bd67f433554cfe3,NSCQ-CA-20260720-0431,NSCQ-CA-20260720-0431,cog_2025_123120,123120,CA,Rosemead,CITY OF ROSEMEAD,https://cityofrosemead.granicus.com/MetaViewer.php?clip_id=2528&meta_id=183283&view_id=2,2021 – 2023 MOU City of Rosemead & AFSCME Local 321,memorandum_or_settlement,high,scheduled,high_priority_later_verify,URL-b7b163d4c9771bf4848a,1,primary,KEY-c2d056a4781f09593d74,49305,2.546053,non_safety,city,high,86,POST-PI-AGGRESSIVE-3X300-ATTEMPT3-LANE1-2026-07-23,candidate_lead_planned_not_verified
VER-ac97c3c31951c16dcba0,NSCQ-CA-20260720-0124,NSCQ-CA-20260720-0124,cog_2025_161261,161261,CA,San Luis Obispo,CITY OF SAN LUIS OBISPO,https://www.slocity.org/home/showpublisheddocument/37660/638877374595670000,Exhibit A to Resolution - Successor MOU for SLOCEA (San Luis Obispo City Employees’ Association),memorandum_or_settlement,high,scheduled,high_priority_later_verify,URL-f7ebbef9617e5836c403,1,primary,KEY-0dd09aa764445d69a8d6,49244,2.546053,non_safety,city,medium,91,SERIALIZED-STAGE1-W01-CA25.2-2026-07-21,candidate_lead_planned_not_verified
VER-85f81b7e623e45c92fb3,NSCQ-CA-20260720-0434,NSCQ-CA-20260720-0434,cog_2025_161167,161167,CA,Covina,CITY OF COVINA,https://covinaca.gov/wp-content/uploads/2025/07/PAC-MOU-7.1.2024-to-6.30.2028-Side-letter.pdf,"Memorandum of Understanding Between the City of Covina and the Police Association of Covina (PAC) — Effective July 1, 2024 through June 30, 2028 (+ side letters included in combined posting URL)",cba,high,scheduled,high_priority_later_verify,URL-9cd79dc38a4e61f260b9,1,primary,KEY-5090207ee3094e16a620,48728,2.546053,police,city,high,94,POST-PI-AGGRESSIVE-3X300-ATTEMPT3-LANE1-2026-07-23,candidate_lead_planned_not_verified
VER-7dac28a8bea18148bd7b,NSCQ-CA-20260720-0567,NSCQ-CA-20260720-0567,cog_2025_123131,123131,CA,Brea,CITY OF BREA,https://www.cityofbrea.gov/DocumentCenter/View/427,Memorandum of Understanding between the City of Brea and the Brea City Employees’ Association (BCEA) (Salary and Wage Plan / Exhibits B–E Salary Tables),cba,high,scheduled,high_priority_later_verify,URL-497e4d6089cb46a9f78e,1,primary,KEY-67738391ba1ffb8289d0,48479,2.546053,non_safety,city,high,100,POST-PI-AGGRESSIVE-3X300-ATTEMPT3-LANE2-2026-07-23,candidate_lead_planned_not_verified
VER-b78c43cb9c470a6084cb,NSCQ-CA-20260720-0443,NSCQ-CA-20260720-0443,cog_2025_161163,161163,CA,Azusa,CITY OF AZUSA,https://www.azusaca.gov/DocumentCenter/View/49836,"Memorandum of Understanding Between the City of Azusa and the Azusa Police Officers Association (APOA) — Effective July 1, 2024 through June 30, 2028",cba,high,scheduled,high_priority_later_verify,URL-9f8718894acc4129003a,1,primary,KEY-e33e63d767051846623f,48272,2.546053,police,city,high,100,POST-PI-AGGRESSIVE-3X300-ATTEMPT3-LANE1-2026-07-23,candidate_lead_planned_not_verified
VER-d78c29c5c25edd415c49,NSCQ-CA-20260720-0584,NSCQ-CA-20260720-0584,cog_2025_100729,100729,CA,Poway,CITY OF POWAY,https://www.poway.org/DocumentCenter/View/6995,"Poway Firefighters' Association (PFA) Salary Schedule (Fire SGde) — Fire Salary Schedule FY21 - FY27 (effective July 1, 2022)",wage_schedule_or_compensation_plan,high,scheduled,high_priority_later_verify,URL-923ef58371b936e0679e,1,primary,KEY-a993d205374135a3a5e3,48051,2.546053,fire,city,medium,76,POST-PI-AGGRESSIVE-3X300-ATTEMPT3-LANE2-2026-07-23,candidate_lead_planned_not_verified
VER-3fc16ddb1b2b1af98af4,NSCQ-CA-20260720-0459,NSCQ-CA-20260720-0459,cog_2025_196025,196025,CA,Oakley,CITY OF OAKLEY,https://d3n9y02raazwpg.cloudfront.net/oakley/ac139b12-3c29-11ec-a798-0050569183fa-cd570418-cb00-4b7a-9e50-80f71e682aee-1652998893.pdf,"Oakley Police Officers Association Memorandum of Understanding through June 30, 2027 (with attached Salary Schedule effective first full pay period in July 2022)",cba,high,scheduled,high_priority_later_verify,URL-c123ab146f0cce860e1f,1,primary,KEY-adb9c8cc7022e5f166d9,45761,2.546053,police,city,medium,88,POST-PI-AGGRESSIVE-3X300-ATTEMPT3-LANE1-2026-07-23,candidate_lead_planned_not_verified
VER-384842a64da6c0c2a49f,NSCQ-CA-20260720-0374,NSCQ-CA-20260720-0374,cog_2025_123162,123162,CA,Rohnert Park,CITY OF ROHNERT PARK,https://cityofrohnertpark.hosted.civiclive.com/common/pages/DisplayFile.aspx?itemId=4553271,"RESOLUTION NO. 2014-091 (Rohnert Park) — Exhibit A: RPPSOA Tentative Agreement on a Three Year Proposal (June 30, 2014) / “2014 MOA NEGOTIATIONS”",cba,high,scheduled,high_priority_later_verify,URL-6b8fe8e81775cf11e054,1,primary,KEY-023ac18600362c26b39a,44546,2.546053,police,city,high,95,POST-PI-PARALLEL-ROUND2-3X150-LANE3-2026-07-23,candidate_lead_planned_not_verified
VER-14662e5725b1cba9e8bc,NSCQ-CA-20260720-0480,NSCQ-CA-20260720-0480,cog_2025_161278,161278,CA,Morgan Hill,CITY OF MORGAN HILL,https://www.morganhill.ca.gov/DocumentCenter/View/24122/AFSCME-Salary-Schedule-2019-2021-eff-123018,AFSCME Salary Schedule 2019-2021 effective 12.30.18,wage_schedule_or_compensation_plan,high,scheduled,high_priority_later_verify,URL-787a4ed537a278df1257,1,primary,KEY-9ced2ea25e9d1a6418f0,44478,2.546053,non_safety,city,medium,82,POST-PI-AGGRESSIVE-3X300-ATTEMPT3-LANE1-2026-07-23,candidate_lead_planned_not_verified
VER-7dffc8a915a2387dd419,NSCQ-CA-20260720-0366,NSCQ-CA-20260720-0366,cog_2025_183824,183824,CA,El Centro,CITY OF EL CENTRO,https://www.cityofelcentro.org/DocumentCenter/View/1866/Firefighters-Association-,RESOLUTION NO. 26- 50 — Firefighters’ Association MOU (Memorandum of Understanding) between CITY OF EL CENTRO and EL CENTRO FIREFIGHTERS’ ASSOCIATION,cba,high,scheduled,high_priority_later_verify,URL-a6a3d7b047d5777e78a4,1,primary,KEY-91691bc440c8f77b03c1,43772,2.546053,fire,city,medium,72,POST-PI-PARALLEL-ROUND2-3X150-LANE2-2026-07-23,candidate_lead_planned_not_verified
VER-f3eaf1e6e23847447790,NSCQ-CA-20260720-0411,NSCQ-CA-20260720-0411,cog_2025_161271,161271,CA,Lompoc,CITY OF LOMPOC,https://www.cityoflompoc.com/home/showpublisheddocument/38173/639039731991170000,Compensation Plan for City of Lompoc Unrepresented Employees,wage_schedule_or_compensation_plan,high,scheduled,high_priority_later_verify,URL-da3062ab3921b2584407,1,primary,KEY-5d0d815aa5421b2d5e30,43045,2.546053,non_safety,city,low,92,POST-PI-AGGRESSIVE-3X300-ATTEMPT3-LANE1-2026-07-23,candidate_lead_planned_not_verified
VER-16856be84d173d294f88,NSCQ-CA-20260720-0394,NSCQ-CA-20260720-0394,cog_2025_161265,161265,CA,San Bruno,CITY OF SAN BRUNO,https://www.sanbruno.ca.gov/DocumentCenter/View/4209,"MEMORANDUM OF UNDERSTANDING — Teamsters Local 856, IBT POLICE",cba,high,scheduled,high_priority_later_verify,URL-dc70f66ff0cd07a41706,1,primary,KEY-1d7376f36a000d993e6e,41327,2.546053,police,city,medium,72,POST-PI-AGGRESSIVE-3X300-ATTEMPT3-LANE1-2026-07-23,candidate_lead_planned_not_verified
VER-e21d3d24c7da275bdcfd,NSCQ-CA-20260720-0397,NSCQ-CA-20260720-0397,cog_2025_161265,161265,CA,San Bruno,CITY OF SAN BRUNO,https://www.sanbruno.ca.gov/DocumentCenter/View/5975,Unrepresented Compensation Plan — Pilot Program,wage_schedule_or_compensation_plan,high,scheduled,high_priority_later_verify,URL-5a1bed534cea01348ddc,1,primary,KEY-0267bc1e948ca142ff66,41327,2.546053,non_safety,city,medium,100,POST-PI-AGGRESSIVE-3X300-ATTEMPT3-LANE1-2026-07-23,candidate_lead_planned_not_verified
VER-c330c1dbc93d25248067,NSCQ-CA-20260720-0514,NSCQ-CA-20260720-0514,cog_2025_207599,207599,CA,Lathrop,CITY OF LATHROP,https://www.ci.lathrop.ca.us/sites/default/files/fileattachments/human_resources/page/5770/07_06_24_grade_step_table_reso_24-5542.pdf,Grade-Step Table (Salary Schedule) — Adopted by Resolution 24-5542 (Eff. 7/06/2024),wage_schedule_or_compensation_plan,high,scheduled,high_priority_later_verify,URL-1af71b0b888f5d72472c,1,primary,KEY-8bebb0e559110f44dc21,39857,2.546053,non_safety,city,medium,88,POST-PI-AGGRESSIVE-3X300-ATTEMPT3-LANE2-2026-07-23,candidate_lead_planned_not_verified
VER-369298115256076c8591,NSCQ-CA-20260720-0505,NSCQ-CA-20260720-0505,cog_2025_100677,100677,CA,Culver City,CITY OF CULVER CITY,https://www.culvercity.org/files/assets/public/documents/human-resources/mous/2021-2023/culver-city-employees-association-2021-2023.pdf,Master Memorandum of Understanding (CCEA) 2021-2023,cba,high,scheduled,high_priority_later_verify,URL-a3b49c9fca7e70e1c6ee,1,primary,KEY-6bbb65889ef30134b148,39041,2.546053,non_safety,city,medium,99,POST-PI-AGGRESSIVE-3X300-ATTEMPT3-LANE2-2026-07-23,candidate_lead_planned_not_verified
VER-167b2fa7e23af2e475a8,NSCQ-CA-20260720-0372,NSCQ-CA-20260720-0372,cog_2025_161153,161153,CA,Calexico,CITY OF CALEXICO,https://www.calexico.ca.gov/vertical/sites/%7B342ED706-1EBB-4FDE-BD1E-9543BAD44C09%7D/uploads/Calexico_Municipal_Employees_Association_Term_07012024_-_06302025.pdf,"Memorandum Of Understanding (CMEA) July 1, 2024 Through June 30, 2025",cba,high,scheduled,high_priority_later_verify,URL-7539fc6669a47217cdb6,1,primary,KEY-5626ff00fcb55c701143,38224,2.546053,non_safety,city,high,100,POST-PI-PARALLEL-ROUND2-3X150-LANE3-2026-07-23,candidate_lead_planned_not_verified
VER-d8ea5032aec4fe812535,NSCQ-CA-20260720-0523,NSCQ-CA-20260720-0523,cog_2025_161180,161180,CA,San Gabriel,CITY OF SAN GABRIEL,https://sangabrielcity.com/DocumentCenter/View/23936/PMG_2025-2027-MOU_Final_091625_v2,"MEMORANDUM OF UNDERSTANDING CITY OF SAN GABRIEL & SAN GABRIEL POLICE MANAGEMENT GROUP (PMG) — Term: July 1, 2025 – June 30, 2027",cba,high,scheduled,high_priority_later_verify,URL-d35362e660ad273953b3,1,primary,KEY-4e09d3959cac05375e3a,37732,2.546053,police,city,high,75,POST-PI-AGGRESSIVE-3X300-ATTEMPT3-LANE2-2026-07-23,candidate_lead_planned_not_verified
VER-525df6fbc2ec4bf85b62,NSCQ-CA-20260720-0526,NSCQ-CA-20260720-0526,cog_2025_161180,161180,CA,San Gabriel,CITY OF SAN GABRIEL,https://sangabrielcity.com/DocumentCenter/View/3851,"MEMORANDUM OF UNDERSTANDING BETWEEN CITY OF SAN GABRIEL AND SAN GABRIEL FIRE MANAGEMENT GROUP (FMG) — Effective June 28, 2014 to June 30, 2017",cba,high,scheduled,high_priority_later_verify,URL-5fb3657c048d597aaa1a,1,primary,KEY-dc53bb0e550b77d6f679,37732,2.546053,fire,city,high,100,POST-PI-AGGRESSIVE-3X300-ATTEMPT3-LANE2-2026-07-23,candidate_lead_planned_not_verified
VER-0d82ffafffcd345295ff,NSCQ-CA-20260720-0649,NSCQ-CA-20260720-0649,cog_2025_161250,161250,CA,Montclair,CITY OF MONTCLAIR,https://storage.googleapis.com/proudcity/montclairca/uploads/2021/08/MFFA-MOU-2021-26-Rev.-06.2021.pdf,Montclair Fire Fighters Association MOU 2021-26,cba,high,scheduled,high_priority_later_verify,URL-fc41d6b5cf41f66dc325,1,primary,KEY-481c853b048bb9668241,37545,2.546053,fire,city,medium,100,POST-PI-AGGRESSIVE-3X300-ATTEMPT3-LANE2-2026-07-23,candidate_lead_planned_not_verified
VER-b6eb93b54983237f8f6f,NSCQ-CA-20260720-0539,NSCQ-CA-20260720-0539,cog_2025_161176,161176,CA,Monrovia,CITY OF MONROVIA,https://www.monroviaca.gov/home/showpublisheddocument/28827/637910834733330000,FY 2022–2027 Memorandum of Understanding (Appendix G – Monrovia Police Officers’ Association),memorandum_or_settlement,high,scheduled,high_priority_later_verify,URL-7ad2cb99f2d3e6e90e3c,3,primary,KEY-5a3df045e10d12ff0a7e,36768,2.546053,police,city,medium,100,POST-PI-AGGRESSIVE-3X300-ATTEMPT3-LANE2-2026-07-23,candidate_lead_planned_not_verified
VER-f959a8bfd4ee0ad4a6c4,NSCQ-CA-20260720-0540,NSCQ-CA-20260720-0540,cog_2025_161176,161176,CA,Monrovia,CITY OF MONROVIA,https://www.monroviaca.gov/home/showpublisheddocument/28827/637910834733330000,FY 2022–2027 Memorandum of Understanding (Appendix A – Monrovia Firefighters’ Association),memorandum_or_settlement,high,scheduled,high_priority_later_verify,URL-7ad2cb99f2d3e6e90e3c,3,linked_duplicate,KEY-1c31df5613b538f0fa88,36768,2.546053,fire,city,medium,100,POST-PI-AGGRESSIVE-3X300-ATTEMPT3-LANE2-2026-07-23,candidate_lead_planned_not_verified
VER-01fd10e0b54ea17cb1eb,NSCQ-CA-20260720-0541,NSCQ-CA-20260720-0541,cog_2025_161176,161176,CA,Monrovia,CITY OF MONROVIA,https://www.monroviaca.gov/home/showpublisheddocument/28827/637910834733330000,FY 2022–2027 Memorandum of Understanding (Appendix B – Monrovia Municipal Employees’ Association),memorandum_or_settlement,high,scheduled,high_priority_later_verify,URL-7ad2cb99f2d3e6e90e3c,3,linked_duplicate,KEY-b978f812fedb5337f0c1,36768,2.546053,non_safety,city,medium,100,POST-PI-AGGRESSIVE-3X300-ATTEMPT3-LANE2-2026-07-23,candidate_lead_planned_not_verified
VER-ad1aec02c230b4271b71,NSCQ-CA-20260720-0589,NSCQ-CA-20260720-0589,cog_2025_193119,193119,CA,Moorpark,CITY OF MOORPARK,https://www.moorparkca.gov/DocumentCenter/View/16660/Salary-Plan-for-Competitive-and-Non-Competitive-Employees-Updated-July-2024?bidId=,"Salary Plan, July 17, 2024 (City Council Resolution No. 2024-4263) (Competitive and Non-Competitive Employees)",wage_schedule_or_compensation_plan,high,scheduled,high_priority_later_verify,URL-3e424f3de678895f3c0b,1,primary,KEY-f3df9efaf523dc89023c,35543,2.546053,non_safety,city,medium,77,POST-PI-AGGRESSIVE-3X300-ATTEMPT3-LANE2-2026-07-23,candidate_lead_planned_not_verified
VER-ae6a86e1037dcd45dde9,NSCQ-CA-20260720-0585,NSCQ-CA-20260720-0585,cog_2025_161139,161139,CA,Pleasant Hill,CITY OF PLEASANT HILL,https://www.phillca.gov/DocumentCenter/View/4639,"Memorandum of Understanding BETWEEN THE PLEASANT HILL POLICE ASSOCIATION AND THE CITY OF PLEASANT HILL (July 1, 2023 to June 30, 2026)",cba,high,scheduled,high_priority_later_verify,URL-cc33747a2db72d50f210,1,primary,KEY-1f30b0bed1c5fd825df9,33802,2.546053,police,city,high,100,POST-PI-AGGRESSIVE-3X300-ATTEMPT3-LANE2-2026-07-23,candidate_lead_planned_not_verified
VER-7ec0c0603723b4119d51,NSCQ-CA-20260720-0607,NSCQ-CA-20260720-0607,cog_2025_161239,161239,CA,Desert Hot Springs,CITY OF DESERT HOT SPRINGS,https://storage.googleapis.com/proudcity/deserthotspringsca/2023/09/Salary-Schedule-Updated-4-4-2024.pdf,City of Desert Hot Springs Salary Schedule-Department Heads / Salary Schedule-POA / Salary Schedule-Desert Hot Springs Employees Union / Salary Schedule-Desert Hot Springs Non-Represented (7/1/2023),wage_schedule_or_compensation_plan,high,scheduled,high_priority_later_verify,URL-2e5440a7ed61901d142e,1,primary,KEY-09771cdea8053bf26ec1,33438,2.546053,non_safety,city,medium,85,POST-PI-AGGRESSIVE-3X300-ATTEMPT3-LANE2-2026-07-23,candidate_lead_planned_not_verified
VER-64cec024388c6bd43ffc,NSCQ-CA-20260720-0494,NSCQ-CA-20260720-0494,cog_2025_213288,213288,CA,Goleta,CITY OF GOLETA,https://www.cityofgoleta.org/home/showpublisheddocument/30457/638496367702670000,"Memorandum of Understanding Between the City of Goleta and Service Employees International Union, Local 620 Regarding Miscellaneous Bargaining Unit",cba,high,scheduled,high_priority_later_verify,URL-4edb85a6ebd8743582e2,1,primary,KEY-7a3b60a2ef73e127ca24,32665,2.546053,non_safety,city,high,92,POST-PI-AGGRESSIVE-3X300-ATTEMPT3-LANE2-2026-07-23,candidate_lead_planned_not_verified
VER-af85f6980f4c957a49da,NSCQ-CA-20260720-0626,NSCQ-CA-20260720-0626,cog_2025_161277,161277,CA,Los Gatos,TOWN OF LOS GATOS,https://weblink.losgatosca.gov/WebLink/0/edoc/1744837/Redlined%20Los%20Gatos%20-%20LGPOA%20MOU%202022-2023%20FINAL.pdf,"Los Gatos Police Officers’ Association Memorandum of Understanding (Comprehensive MOU) on Salaries, Fringe Benefits and Working Conditions",cba,high,scheduled,high_priority_later_verify,URL-2fc88dc930ecf86f5cd2,1,primary,KEY-55b1f6aa3acb11a3e5d2,32216,2.546053,police,city,medium,97,POST-PI-AGGRESSIVE-3X300-ATTEMPT3-LANE2-2026-07-23,candidate_lead_planned_not_verified
VER-81f9d24d6d13ba1e0a7c,NSCQ-CA-20260720-0467,NSCQ-CA-20260720-0467,cog_2025_100738,100738,CA,Foster City,CITY OF FOSTER CITY,https://www.fostercity.org/DocumentCenter/View/3000/FY-2023-2024-Pay-Plan-Effective-7-1-2023-PDF,"FY 2023-2024 Pay Plan (Exhibit A) - Effective July 1, 2023 (includes AFSCME General Unit/AFSCME Maintenance Unit and other non-safety civilian classifications)",wage_schedule_or_compensation_plan,high,scheduled,high_priority_later_verify,URL-71694d37c49b0985bdb0,1,primary,KEY-11d85cf817bc7df53b3f,32180,2.546053,non_safety,city,high,91,POST-PI-AGGRESSIVE-3X300-ATTEMPT3-LANE1-2026-07-23,candidate_lead_planned_not_verified
VER-117413c5da6defb8f2b9,NSCQ-CA-20260720-0601,NSCQ-CA-20260720-0601,cog_2025_203970,203970,CA,Bell,CITY OF BELL,https://bellca.prelive.opencities.com/files/assets/city/v/1/human-resources/documents/bpoa-mou-20202021-resoluti.pdf,"Resolution No. 2021-34 (Exhibit A: Memorandum of Understanding Between the City of Bell and the Bell Police Officers Association for the Period of July 1, 2020 Through June 30, 2021)",cba,high,scheduled,high_priority_later_verify,URL-3c7681c63417b7f98bc2,1,primary,KEY-473962496a6ff24b314c,31864,2.546053,police,city,medium,97,POST-PI-AGGRESSIVE-3X300-ATTEMPT3-LANE2-2026-07-23,candidate_lead_planned_not_verified
VER-cc6801d358f68eb378c8,NSCQ-CA-20260720-0641,NSCQ-CA-20260720-0641,cog_2025_161301,161301,CA,Santa Paula,CITY OF SANTA PAULA,https://www.spcity.org/DocumentCenter/View/1159/Reso-7082--SEIU-MOU-for-Contract-YR-2017-2020,Resolution No. 7082 — Memorandum of Understanding (MOU) for Contract Year 2017-2020 (SEIU Local 721),cba,high,scheduled,high_priority_later_verify,URL-50bd6dd7625f00518477,1,primary,KEY-aca13eec426955eaf067,31792,2.546053,non_safety,city,high,100,POST-PI-AGGRESSIVE-3X300-ATTEMPT3-LANE2-2026-07-23,candidate_lead_planned_not_verified
VER-7717b7b9cc11f81078ef,NSCQ-CA-20260720-0473,NSCQ-CA-20260720-0473,cog_2025_161264,161264,CA,Menlo Park,CITY OF MENLO PARK,https://menlopark.gov/files/sharedassets/public/v/1/administrative-services/documents/human-resources/labor-agreements/management-compensation-plan-september-2024.pdf,"City of Menlo Park Unrepresented Management Compensation Plan (Effective September 8, 2024)",wage_schedule_or_compensation_plan,high,scheduled,high_priority_later_verify,URL-504a0ff363697dba5c83,1,primary,KEY-19fddaa8892f2914a163,31690,2.546053,non_safety,city,medium,97,POST-PI-AGGRESSIVE-3X300-ATTEMPT3-LANE1-2026-07-23,candidate_lead_planned_not_verified
VER-53f3d6f9600238386e26,NSCQ-CA-20260720-0637,NSCQ-CA-20260720-0637,cog_2025_161233,161233,CA,Banning,CITY OF BANNING,https://banningca.gov/DocumentCenter/View/14443/2024-06-11_MOU_IBEW-General-2022-2024,MEMORANDUM OF UNDERSTANDING (IBEW - GENERAL) between the City of Banning and International Brotherhood of Electrical Workers - Local 47,cba,high,scheduled,high_priority_later_verify,URL-ed841924e0cbf8d40e95,1,primary,KEY-c5226bfa92ce3a96a514,31680,2.546053,non_safety,city,high,100,POST-PI-AGGRESSIVE-3X300-ATTEMPT3-LANE2-2026-07-23,candidate_lead_planned_not_verified
VER-e19cfb1cb09f81365df4,NSCQ-CA-20260720-0615,NSCQ-CA-20260720-0615,cog_2025_161136,161136,CA,San Pablo,CITY OF SAN PABLO,https://www.sanpabloca.gov/Archive.aspx?ADID=2634,"Memorandum of Understanding Between City of San Pablo and The Association of Intermediate Employees — July 1, 2017 Through June 30, 2021",cba,high,scheduled,high_priority_later_verify,URL-d610e22a72a9e46351da,1,primary,KEY-6baa1d9d0232b977b65f,31249,2.546053,non_safety,city,high,100,POST-PI-AGGRESSIVE-3X300-ATTEMPT3-LANE2-2026-07-23,candidate_lead_planned_not_verified
VER-abf3fba182d864f3e779,NSCQ-CA-20260720-0456,NSCQ-CA-20260720-0456,cog_2025_207600,207600,CA,El Paso de Robles (Paso Robles),CITY OF EL PASO DE ROBLES,https://www.prcity.com/Archive.aspx?ADID=1551,"SEIU MOU – 2020 (Memorandum of Understanding between the City of El Paso de Robles and the Paso Robles City Employees' Association, Local 620, Service Employees International Union)",cba,high,scheduled,high_priority_later_verify,URL-dde0d0544d11a53c7c36,1,primary,KEY-47bd1f6f4fd6be66c463,31134,2.546053,non_safety,city,medium,100,POST-PI-AGGRESSIVE-3X300-ATTEMPT3-LANE1-2026-07-23,candidate_lead_planned_not_verified
VER-c0e4e19bc54d4794280d,NSCQ-CA-20260720-0733,NSCQ-CA-20260720-0733,cog_2025_161224,161224,CA,Laguna Hills,CITY OF LAGUNA HILLS,https://www.lagunahillsca.gov/DocumentCenter/View/8122/2023-2025-LHCEA-MOU,Memorandum of Understanding (City of Laguna Hills and the Laguna Hills City Employees Association),cba,high,scheduled,high_priority_later_verify,URL-1e9179c95872c003e959,1,primary,KEY-5af83ae4b7f21df7f907,30243,2.546053,non_safety,city,high,92,POST-PI-AGGRESSIVE-3X300-ATTEMPT3-LANE3-2026-07-23,candidate_lead_planned_not_verified
VER-5e20d38f885dd10efba2,NSCQ-CA-20260720-0664,NSCQ-CA-20260720-0664,cog_2025_100742,100742,CA,Los Altos,CITY OF LOS ALTOS,https://www.losaltosca.gov/DocumentCenter/View/325/Peace-Officers-Association-March-27-2023-through-June-30-2028-and-Side-Letter-March-27-2023-to-June-30-2030-and-Side-Letters-PDF,"Memorandum of Understanding (MOU) BETWEEN CITY OF LOS ALTOS AND LOS ALTOS PEACE OFFICERS ASSOCIATION (March 2023 - June 30, 2028) and Side Letters",cba,high,scheduled,high_priority_later_verify,URL-da5a14f456f0fb6bd293,1,primary,KEY-915d024e24e0f8103f9e,29990,2.546053,police,city,medium,79,POST-PI-AGGRESSIVE-3X300-ATTEMPT3-LANE2-2026-07-23,candidate_lead_planned_not_verified
VER-f083f2113401b00ba372,NSCQ-CA-20260720-0498,NSCQ-CA-20260720-0498,cog_2025_161262,161262,CA,Burlingame,CITY OF BURLINGAME,https://burlingame.org/DocumentCenter/View/1084/Police-Officers-Association-2023-2025,Police Officers Association 2023-2025 (Memorandum of Understanding),cba,high,scheduled,high_priority_later_verify,URL-6438b25f76fe0a721aa2,1,primary,KEY-d27a26e37354cfc57db9,29910,2.546053,police,city,high,94,POST-PI-AGGRESSIVE-3X300-ATTEMPT3-LANE2-2026-07-23,candidate_lead_planned_not_verified
VER-1ca961d2927fccb10065,NSCQ-CA-20260720-0449,NSCQ-CA-20260720-0449,cog_2025_100700,100700,CA,Monterey,CITY OF MONTEREY,https://agendas.monterey.gov/OnBaseAgendaOnline/Documents/DownloadFileBytes/Council_Regular_Meeting_5802_Agenda_Packet_8_6_2024_4_00_00_PM.pdf?documentType=5&isAttachment=True&meetingId=5802,Memorandum of Understanding (MOU) between the City of Monterey and the Monterey Police Association (Exhibit A – MPA MOU 7/1/24 – 6/30/27),cba,high,scheduled,high_priority_later_verify,URL-6b62c80af0dd0979856d,1,primary,KEY-67d9ff4e230ee685e19c,29116,2.546053,police,city,medium,94,POST-PI-AGGRESSIVE-3X300-ATTEMPT3-LANE1-2026-07-23,candidate_lead_planned_not_verified
VER-8fbf708252b7ae3c3798,NSCQ-CA-20260720-0595,NSCQ-CA-20260720-0595,cog_2025_183862,183862,CA,Suisun City,CITY OF SUISUN CITY,https://www.suisun.com/files/sharedassets/suisuncity/v/1/departments/human-resources/mous-amp-contracts/2021-23/2021-82___mou_scea_july_1_2021_-_june_30_2023_complete_2021_08_17.pdf,Suisun City Employees’ Association (SCEA) MOU 2021-23 (Resolution 2021-82),cba,high,scheduled,high_priority_later_verify,URL-456eb5f939a84c0e2f7e,1,primary,KEY-8a7aa133071610001bf4,28743,2.546053,non_safety,city,medium,100,POST-PI-AGGRESSIVE-3X300-ATTEMPT3-LANE2-2026-07-23,candidate_lead_planned_not_verified
VER-09528788ad18769d9bee,NSCQ-CA-20260720-0536,NSCQ-CA-20260720-0536,cog_2025_183847,183847,CA,East Palo Alto,CITY OF EAST PALO ALTO,https://www.cityofepa.org/sites/default/files/fileattachments/human_resources/page/4571/exhibit_c-_police_officers_association_poa_mou_for_fy_2024-27_clean_version.pdf,Memorandum of Understanding (Three Year Agreement) — City of East Palo Alto & East Palo Alto Police Officers' Association,cba,high,scheduled,high_priority_later_verify,URL-2a2cfa0aa387dd3a2010,1,primary,KEY-934959510c45aaa05bf5,28216,2.546053,police,city,high,100,POST-PI-AGGRESSIVE-3X300-ATTEMPT3-LANE2-2026-07-23,candidate_lead_planned_not_verified
VER-c1894d77f0a2dc962dd9,NSCQ-CA-20260720-0518,NSCQ-CA-20260720-0518,cog_2025_161158,161158,CA,Ridgecrest,CITY OF RIDGECREST,https://www.ridgecrest-ca.gov/DocumentCenter/View/6721/PEAR-MOU-FY2022-,"MEMORANDUM OF UNDERSTANDING (City of Ridgecrest & Police Employees Association of Ridgecrest, Incorporated) — Term of Agreement: July 1, 2021 through June 30, 2022",memorandum_or_settlement,high,scheduled,high_priority_later_verify,URL-0c3172462783257c9e05,1,primary,KEY-69cff3ade731c71273c2,28088,2.546053,police,city,high,100,POST-PI-AGGRESSIVE-3X300-ATTEMPT3-LANE2-2026-07-23,candidate_lead_planned_not_verified
VER-1cd94ef25d67eb5d0937,NSCQ-CA-20260720-0544,NSCQ-CA-20260720-0544,cog_2025_123107,123107,CA,Wasco,CITY OF WASCO,https://www.cityofwasco.org/DocumentCenter/View/2712/MOU-WPOA-7_1_2024-thru-6_30_2026,"Memorandum of Understanding Between the City of Wasco and Wasco Police Officers Association (WPOA) — July 1, 2024 thru June 30, 2026",memorandum_or_settlement,high,scheduled,high_priority_later_verify,URL-b4b0288c973f655e7bbd,1,primary,KEY-e4b9734f8e3febe9e210,26917,2.546053,police,city,high,94,POST-PI-AGGRESSIVE-3X300-ATTEMPT3-LANE2-2026-07-23,candidate_lead_planned_not_verified
VER-fe6045ab76cb3a4f7fea,NSCQ-CA-20260720-0677,NSCQ-CA-20260720-0677,cog_2025_123097,123097,CA,Hercules,CITY OF HERCULES,https://hercules.legistar.com/View.ashx?GUID=3781a583-53fe-4d91-b1df-bcf5cb0161d6&ID=151401&M=AO&N=QWdlbmRhIEl0ZW0gWElJLjMsIEF0dGFjaCAyIC0gUmVkbGluZSBWZXJzaW9u,"Memorandum of Understanding for Police Officers’ Association of the City of Hercules (Effective July 1, 2024 through June 30, 2025)",cba,high,scheduled,high_priority_later_verify,URL-3ccde14d8546c5e93386,1,primary,KEY-ac77f33411540fdeb149,26582,2.546053,police,city,high,94,POST-PI-AGGRESSIVE-3X300-ATTEMPT3-LANE3-2026-07-23,candidate_lead_planned_not_verified
VER-fedbdefc15bd9b2ecda0,NSCQ-CA-20260720-0631,NSCQ-CA-20260720-0631,cog_2025_161285,161285,CA,Benicia,CITY OF BENICIA,https://www.ci.benicia.ca.us/vertical/sites/%7BF991A639-AAED-4E1A-9735-86EA195E2C8D%7D/uploads/0-BFA_MOU_2021-2026_with_side_letters_updated_9-30-25.pdf,Memorandum of Understanding (BFA) — City of Benicia and Benicia Firefighters’ Association,cba,high,scheduled,high_priority_later_verify,URL-d6147ddcd78c66a2b40b,1,primary,KEY-9ef4b53e4c2fe1b8ecca,26429,2.546053,fire,city,medium,100,POST-PI-AGGRESSIVE-3X300-ATTEMPT3-LANE2-2026-07-23,candidate_lead_planned_not_verified
VER-3824243bbc853472a4ca,NSCQ-CA-20260720-0507,NSCQ-CA-20260720-0507,cog_2025_100666,100666,CA,Sanger,CITY OF SANGER,https://www.ci.sanger.ca.us/DocumentCenter/View/2369/Sanger-Firefighters-Association-MOU-2021-2024,Sanger Firefighters Association Memorandum of Understanding (MOU) (2021-2024),cba,high,scheduled,high_priority_later_verify,URL-9d6c61b42e04cdcea80b,1,primary,KEY-2f0aa62f059ec915929d,26343,2.546053,fire,city,low,100,POST-PI-AGGRESSIVE-3X300-ATTEMPT3-LANE2-2026-07-23,candidate_lead_planned_not_verified
VER-e07c21fe2593d8860a24,NSCQ-CA-20260720-0673,NSCQ-CA-20260720-0673,cog_2025_161288,161288,CA,Windsor,TOWN OF WINDSOR,https://www.townofwindsor.ca.gov/DocumentCenter/View/27401/Town-of-Windsor---Teamsters-Local-No-856-2022-2025-MOU,Town of Windsor — Teamsters Local No. 856 — 2022–2025 Memorandum of Understanding (MOU),memorandum_or_settlement,high,scheduled,high_priority_later_verify,URL-ff8adcca7e3700193554,1,primary,KEY-596b239c00750f59d0fe,25828,2.546053,non_safety,city,high,92,POST-PI-AGGRESSIVE-3X300-ATTEMPT3-LANE2-2026-07-23,candidate_lead_planned_not_verified
VER-db2c9d88a9cc6a45e067,NSCQ-CA-20260720-0129,NSCQ-CA-20260720-0129,cog_2025_161150,161150,CA,Eureka,CITY OF EUREKA,https://www.eurekaca.gov/DocumentCenter/View/1503/Teamsters-Local-137-MOU-2024-2027-PDF,Memorandum of Understanding (Teamsters Local 137 MOU 2024-2027),memorandum_or_settlement,high,scheduled,high_priority_later_verify,URL-38c6bb7cea47458d2a01,1,primary,KEY-093ecae53167bc5d5acf,25734,2.546053,non_safety,city,medium,79,SERIALIZED-STAGE1-W01-CA25.2-2026-07-21,candidate_lead_planned_not_verified
VER-4ee72f442df2cded4754,NSCQ-CA-20260720-0708,NSCQ-CA-20260720-0708,cog_2025_100656,100656,CA,El Cerrito,CITY OF EL CERRITO,https://elcerrito.gov/DocumentCenter/View/14435/915-ECPEA-MOU-2020-2022,Memorandum of Understanding Between the City of El Cerrito and the El Cerrito Police Employees’ Association,cba,high,scheduled,high_priority_later_verify,URL-b750004e64a8209bd3c8,1,primary,KEY-a7256391951ac5121fc9,25552,2.546053,police,city,high,100,POST-PI-AGGRESSIVE-3X300-ATTEMPT3-LANE3-2026-07-23,candidate_lead_planned_not_verified
VER-5ca27b6e0296bb89cc69,NSCQ-CA-20260720-0682,NSCQ-CA-20260720-0682,cog_2025_211632,211632,CA,Riverbank,CITY OF RIVERBANK,https://www.riverbank.org/DocumentCenter/View/4596/2024-07-Misc_2025-01-MM-and-Exec_Compensation-Plan_Updated-2025-01-21,"COMPENSATION PLAN — City of Riverbank (Miscellaneous Bargaining Unit & Mid-Management Employee Association) (Effective July 12, 2024; also Effective January 10, 2025 for Mid-Management)",wage_schedule_or_compensation_plan,high,scheduled,high_priority_later_verify,URL-dcbaa95049af65db1bdf,1,primary,KEY-4b428066c71c1ad129e5,25001,2.546053,non_safety,city,medium,83,POST-PI-AGGRESSIVE-3X300-ATTEMPT3-LANE3-2026-07-23,candidate_lead_planned_not_verified
VER-0239289aa82c6687cf9b,NSCQ-CA-20260720-0520,NSCQ-CA-20260720-0520,cog_2025_183860,183860,CA,Soledad,CITY OF SOLEDAD,https://cityofsoledad.com/wp-content/uploads/2024/06/FY-2024-2025-Budget.pdf,"FY 2024-2025 Budget Presentation — Exhibit ""C"" Section One of Classification and Compensation Plan",wage_schedule_or_compensation_plan,high,scheduled,high_priority_later_verify,URL-56d699532fc8aafa5d93,1,primary,KEY-ed26007ebe2122cba234,23947,2.546053,non_safety,city,medium,74,POST-PI-AGGRESSIVE-3X300-ATTEMPT3-LANE2-2026-07-23,candidate_lead_planned_not_verified
VER-50e8139e95d2a0f4fd80,NSCQ-CA-20260720-0730,NSCQ-CA-20260720-0730,cog_2025_211218,211218,CA,San Fernando,CITY OF SAN FERNANDO,https://www.sanfernando.gov/files/assets/public/v/1/government/documents/human-resources/mous/contract-no-2210-mou-sf-police-officers-association-sfpoa-jan-1-2024-to-june-30-2028-11-6-2023.pdf,"Contract No. 2210 - MOU SF Police Officers' Association (SFPOA) (Jan 1, 2024 to June 30, 2028) (11-6-2023)",cba,high,scheduled,high_priority_later_verify,URL-4a701d2d7e4f3d270d59,1,primary,KEY-db2239e0d677a3fa1a45,23364,2.546053,police,city,high,100,POST-PI-AGGRESSIVE-3X300-ATTEMPT3-LANE3-2026-07-23,candidate_lead_planned_not_verified
VER-45fbaae766186d70faac,NSCQ-CA-20260720-0549,NSCQ-CA-20260720-0549,cog_2025_207590,207590,CA,Marina,CITY OF MARINA,https://www.cityofmarina.org/Archive.aspx?ADID=13630,"Memorandum of Understanding Between the City of Marina and Marina Police Officers' Association (MPOA) — July 1, 2023 through June 30, 2025",cba,high,scheduled,high_priority_later_verify,URL-a1e5d26bf62609717763,1,primary,KEY-35b9bc3db339b173c423,22833,2.546053,police,city,high,100,POST-PI-AGGRESSIVE-3X300-ATTEMPT3-LANE2-2026-07-23,candidate_lead_planned_not_verified
VER-7bc7685b7b635a3eaec9,NSCQ-CA-20260720-0652,NSCQ-CA-20260720-0652,cog_2025_203974,203974,CA,Millbrae,CITY OF MILLBRAE,https://www.ci.millbrae.ca.us/DocumentCenter/View/1963,CITY OF MILLBRAE SALARY SCHEDULES — TEAMSTERS LOCAL 856 MISCELLANEOUS UNIT / SANITATION UNIT (SALARY SCHEDULE),wage_schedule_or_compensation_plan,high,scheduled,high_priority_later_verify,URL-8b6d02c0678e7597cee3,1,primary,KEY-9fe2a96cbfe892124c67,22087,2.546053,non_safety,city,medium,84,POST-PI-AGGRESSIVE-3X300-ATTEMPT3-LANE2-2026-07-23,candidate_lead_planned_not_verified
VER-a1e15bcf9d315cbd71d6,NSCQ-CA-20260720-0721,NSCQ-CA-20260720-0721,cog_2025_161155,161155,CA,Imperial,CITY OF IMPERIAL,https://www.cityofimperial.org/sites/default/files/agendas/council/CC09-17-25_Item-C4.pdf,"Resolution 2025-50 - Establishing Benefits for MSPC Unrepresented Employees (with Exhibit A salary schedule for FY 2023-2024, FY 2024-2025, FY 2025-2026)",wage_schedule_or_compensation_plan,high,scheduled,high_priority_later_verify,URL-d1e6f4e406961573be87,1,primary,KEY-80396bdd9d9dde3715ca,21591,2.546053,non_safety,city,medium,82,POST-PI-AGGRESSIVE-3X300-ATTEMPT3-LANE3-2026-07-23,candidate_lead_planned_not_verified
VER-9635807faf496cc7ba11,NSCQ-CA-20260720-0590,NSCQ-CA-20260720-0590,cog_2025_193113,193113,CA,Greenfield,CITY OF GREENFIELD,https://www.greenfieldca.gov/DocumentCenter/View/281,2019 - 2023 Greenfield Police Officers Association - Memorandum of Understanding (PDF),memorandum_or_settlement,high,scheduled,high_priority_later_verify,URL-858e6da477c8b3ecd609,1,primary,KEY-f1a1ba9e3ceb2aad4730,20634,2.546053,police,city,medium,90,POST-PI-AGGRESSIVE-3X300-ATTEMPT3-LANE2-2026-07-23,candidate_lead_planned_not_verified
VER-63a889c08ab155d0c388,NSCQ-CA-20260720-0593,NSCQ-CA-20260720-0593,cog_2025_193113,193113,CA,Greenfield,CITY OF GREENFIELD,https://www.greenfieldca.gov/DocumentCenter/View/284,2022 - 2025 Service Employees' International Union Local 521 - Memorandum of Understanding (PDF),memorandum_or_settlement,high,scheduled,high_priority_later_verify,URL-204620494c2dff13b5ba,1,primary,KEY-64eb5f4e0d68567d693b,20634,2.546053,non_safety,city,medium,90,POST-PI-AGGRESSIVE-3X300-ATTEMPT3-LANE2-2026-07-23,candidate_lead_planned_not_verified
VER-0fb340e236c54f76b265,NSCQ-CA-20260720-0760,NSCQ-CA-20260720-0760,cog_2025_161198,161198,CA,Lomita,CITY OF LOMITA,https://lomitacity.com/wp-content/uploads/2021/10/MOUs_Administrative_Unit-2018-2022.pdf,Attachment 1A — Memorandum of Understanding between the City of Lomita and the Administrative Unit of the Lomita City Employees Association (MOU — Administrative Unit 2018-2022),cba,high,scheduled,high_priority_later_verify,URL-9a825d7cb126ca8740c0,1,primary,KEY-b56a9f6cc99fbf9ac1bd,19782,2.546053,non_safety,unknown,medium,77,POST-PI-AGGRESSIVE-3X300-ATTEMPT3-LANE3-2026-07-23,candidate_lead_planned_not_verified
VER-e4a64bee57a79981172a,NSCQ-CA-20260720-0774,NSCQ-CA-20260720-0774,cog_2025_161199,161199,CA,La Cañada Flintridge,CITY OF LA CANADA FLINTRIDGE,https://lacanadaflintridge-ca.granicus.com/MetaViewer.php?clip_id=1405&meta_id=47546&view_id=4,"CITY COUNCIL AGENDA REPORT (Oct 15, 2024) — Adoption of a Resolution Establishing Salary Ranges for Fiscal Year 2024-25 (effective July 1, 2024) [includes attached Salary Resolution table]",wage_schedule_or_compensation_plan,high,scheduled,high_priority_later_verify,URL-e938aeac45be9a573a75,1,primary,KEY-5ca2d1d2bdbc8667540e,19538,2.546053,non_safety,city,medium,80,POST-PI-AGGRESSIVE-3X300-ATTEMPT3-LANE3-2026-07-23,candidate_lead_planned_not_verified
VER-72f5e45a9259e9c63e24,NSCQ-CA-20260720-0699,NSCQ-CA-20260720-0699,cog_2025_183820,183820,CA,Oroville,CITY OF OROVILLE,https://www.orovilleca.gov/DocumentCenter/View/142/December-23-2024-Master-Salary-Schedule-for-All-Positions-PDF,"City of Oroville Master Salary Schedule (for All Positions) — Revised: December 23, 2024 (Approved by Council: 02/18/2025)",wage_schedule_or_compensation_plan,high,scheduled,high_priority_later_verify,URL-0b3f53cb5aaf925589c8,1,primary,KEY-1154c57d201117492925,19449,2.546053,non_safety,city,low,95,POST-PI-AGGRESSIVE-3X300-ATTEMPT3-LANE3-2026-07-23,candidate_lead_planned_not_verified
VER-46cca072e61c55ea7b9d,NSCQ-CA-20260720-0752,NSCQ-CA-20260720-0752,cog_2025_123161,123161,CA,Dixon,CITY OF DIXON,https://www.cityofdixonca.gov/media/HumanResources/Employee%20Benefits/MOUs/Dixon%20Professional%20Firefighters%20Association%20%28DPFA%29%20%28PDF%29.pdf,Memorandum of Understanding Between the City of Dixon and the Dixon Professional Firefighters Association Local 4665,cba,high,scheduled,high_priority_later_verify,URL-62339b0e534981c2b234,1,primary,KEY-163757af95587e7bf2c5,19309,2.546053,fire,city,high,100,POST-PI-AGGRESSIVE-3X300-ATTEMPT3-LANE3-2026-07-23,candidate_lead_planned_not_verified
VER-5dbae882191f4d78e04f,NSCQ-CA-20260720-0692,NSCQ-CA-20260720-0692,cog_2025_183844,183844,CA,Arroyo Grande,CITY OF ARROYO GRANDE,https://agpd.org/DocumentCenter/View/1356/Police-Officers-Association-Memorandum-of-Understanding-PDF,Police Officers Association Memorandum of Understanding (MOU) (2023/24 – 2026/27),memorandum_or_settlement,high,scheduled,high_priority_later_verify,URL-4363eee2d865dd4f298c,1,primary,KEY-748495a2d6b029a4b874,18243,2.546053,police,city,high,94,POST-PI-AGGRESSIVE-3X300-ATTEMPT3-LANE3-2026-07-23,candidate_lead_planned_not_verified
VER-cc6b7c837251c8e77d19,NSCQ-CA-20260720-0714,NSCQ-CA-20260720-0714,cog_2025_161143,161143,CA,Kerman,CITY OF KERMAN,https://cityofkerman.net/DocumentCenter/View/1428/Miscellaneous-Employees-MOU-PDF,Memorandum of Understanding (MOU) City of Kerman and Kerman Miscellaneous Employees Association (KMEA) (KMEA MOU 2024-2027),cba,high,scheduled,high_priority_later_verify,URL-8ccf85aff34aa8cc0ffd,1,primary,KEY-1ae6ae9875abe5efcdb9,17238,2.546053,non_safety,city,high,94,POST-PI-AGGRESSIVE-3X300-ATTEMPT3-LANE3-2026-07-23,candidate_lead_planned_not_verified
VER-4157fa4a40d793ed674f,NSCQ-CA-20260720-0647,NSCQ-CA-20260720-0647,cog_2025_193107,193107,CA,Clearlake,CITY OF CLEARLAKE,https://www.clearlake.ca.us/DocumentCenter/View/2345/MOU---MMA-2024-2026pdf,"Memorandum of Understanding Between City of Clearlake and Middle Management Association (Covering the Period of July 1, 2024 Through June 30, 2026)",cba,high,scheduled,high_priority_later_verify,URL-6426d8e05d90499bbdd0,1,primary,KEY-060866532c8e9c79b2d6,16481,2.546053,non_safety,city,medium,97,POST-PI-AGGRESSIVE-3X300-ATTEMPT3-LANE2-2026-07-23,candidate_lead_planned_not_verified
VER-74e08fe5837ef587cc16,NSCQ-CA-20260720-0659,NSCQ-CA-20260720-0659,cog_2025_183834,183834,CA,Ukiah,CITY OF UKIAH,https://cityofukiah.com/wp-content/uploads/2022/06/Fire-Unit-Summary-MOU-2018-2021.pdf,FIRE UNIT CLASSIFICATION LIST / MOU Summary 2018-2021,wage_schedule_or_compensation_plan,high,scheduled,high_priority_later_verify,URL-1e3fc11f238ad9b78b89,1,primary,KEY-5ec6f4d9b4816336d909,16072,2.546053,fire,city,low,92,POST-PI-AGGRESSIVE-3X300-ATTEMPT3-LANE2-2026-07-23,candidate_lead_planned_not_verified
VER-d808271e6bd17e79c04a,NSCQ-CA-20260720-0737,NSCQ-CA-20260720-0737,cog_2025_207589,207589,CA,Pacific Grove,CITY OF PACIFIC GROVE,https://files.cityofpacificgrove.org/Document_Center/Departments/Human%20resources/Salaries%2C%20Benefits%2C%20and%20MOUs/Memoranda%20of%20Understanding/MEA%20MOU%202023-2026%20Final%20-%20signed.pdf,"MEMORANDUM OF UNDERSTANDING MANAGEMENT EMPLOYEES ASSOCIATION (July 1, 2023 – June 30, 2026)",cba,high,scheduled,high_priority_later_verify,URL-576fa7833329bd3f3600,1,primary,KEY-9d9911d2f06a7e4b57f8,14757,2.546053,non_safety,city,high,100,POST-PI-AGGRESSIVE-3X300-ATTEMPT3-LANE3-2026-07-23,candidate_lead_planned_not_verified
VER-7f43608ff86c3eae4965,NSCQ-CA-20260720-0705,NSCQ-CA-20260720-0705,cog_2025_123164,123164,CA,Red Bluff,CITY OF RED BLUFF,https://cms5.revize.com/revize/redbluff/Departments/human%20resources/Employee%20Groups%20MOU/Fire%20Unit%20MOU%207.1.2024-6.30.2026.pdf,"Fire Unit Memorandum of Understanding (MOU) — July 1, 2024 to June 30, 2026",cba,high,scheduled,high_priority_later_verify,URL-f56ec79c655e9982fca8,1,primary,KEY-36a75df8bf0bdf978b5b,14413,2.546053,fire,city,high,100,POST-PI-AGGRESSIVE-3X300-ATTEMPT3-LANE3-2026-07-23,candidate_lead_planned_not_verified
VER-04f9fd1a240837f7abbc,NSCQ-CA-20260720-0717,NSCQ-CA-20260720-0717,cog_2025_183835,183835,CA,Grass Valley,CITY OF GRASS VALLEY,https://www.grassvalleyca.gov/sites/main/files/file-attachments/citywide_salary_schedule_updated_07.01.22.pdf?1759421046=,City of Grass Valley Salary Schedule (Citywide Salary Schedule) — FY 2024-2025,wage_schedule_or_compensation_plan,high,scheduled,high_priority_later_verify,URL-e9ac6a287192189d7da6,1,primary,KEY-1336f6fef709f296a649,14074,2.546053,non_safety,city,medium,91,POST-PI-AGGRESSIVE-3X300-ATTEMPT3-LANE3-2026-07-23,candidate_lead_planned_not_verified
VER-4441761b069046b3d922,NSCQ-CA-20260720-0746,NSCQ-CA-20260720-0746,cog_2025_213243,213243,CA,Susanville,CITY OF SUSANVILLE,https://www.cityofsusanville.gov/DocumentCenter/View/337/2024-to-2027-Administrative-Unit-PDF,Memorandum of Understanding (MOU): City of Susanville and Administrative Unit,cba,high,scheduled,high_priority_later_verify,URL-92c5adeee8f85068e00f,1,primary,KEY-7438a6197f4c320642f7,12689,2.546053,non_safety,city,high,94,POST-PI-AGGRESSIVE-3X300-ATTEMPT3-LANE3-2026-07-23,candidate_lead_planned_not_verified
VER-84a0a2d81565f23cc039,NSCQ-CA-20260720-0750,NSCQ-CA-20260720-0750,cog_2025_207611,207611,CA,Marysville,CITY OF MARYSVILLE,https://www.marysville.ca.us/_files/ugd/dbead1_a7147903b7194b9da4c01b8a2365f141.pdf,Memorandum of Understanding (MOU) between City of Marysville and General Miscellaneous Unit represented by Teamsters Local 137,cba,high,scheduled,high_priority_later_verify,URL-76f568f79faa7c67eb83,1,primary,KEY-dba7b4ce89d8d1787003,12674,2.546053,non_safety,city,medium,72,POST-PI-AGGRESSIVE-3X300-ATTEMPT3-LANE3-2026-07-23,candidate_lead_planned_not_verified
VER-88e86967a6ec52f3ac34,NSCQ-MT-20260720-0006,NSCQ-MT-20260720-0006,cog_2025_169464,169464,MT,Missoula,CITY OF MISSOULA,https://mt-missoula3.civicplus.com/DocumentCenter/View/53277/Building-Inspectors---MFPE,Collective Bargaining Agreement (Building Inspectors) — MFPE,cba,high,scheduled,high_priority_later_verify,URL-8c86d6bd57b9f2fb2b34,1,primary,KEY-9e0e233ae78742ce2f08,77757,2.52381,non_safety,city,high,100,POST-PI-PARALLEL-ROUND1-LANE2-2026-07-23,candidate_lead_planned_not_verified
VER-b4d5fe5449f7c84320e5,NSCQ-MT-20260720-0009,NSCQ-MT-20260720-0009,cog_2025_208664,208664,MT,Great Falls,CITY OF GREAT FALLS,https://greatfallsmt.gov/DocumentCenter/View/1243/International-Association-of-Fire-Fighters-Agreement-July-1-2023---June-30-2025,"AGREEMENT BETWEEN CITY OF GREAT FALLS, MONTANA AND INTERNATIONAL ASSOCIATION OF FIRE FIGHTERS LOCAL #8",cba,high,scheduled,high_priority_later_verify,URL-e7b5b57a5be736d4a488,1,primary,KEY-b61f40a7d13453e1c742,60422,2.52381,fire,city,high,100,POST-PI-PARALLEL-ROUND1-LANE2-2026-07-23,candidate_lead_planned_not_verified
VER-6627cfc8c280c114d08b,NSCQ-MT-20260720-0018,NSCQ-MT-20260720-0018,cog_2025_169457,169457,MT,Helena,CITY OF HELENA,https://erd.dli.mt.gov/_docs/labor-standards/collective-bargaining/BOPA/12125-City-of-Helena-and-IAFF-Fact-Finding-Decision.pdf,"In the Matter of Factfinding Between City of Helena, Montana and International Association of Fire Fighters, Local 448 (Factfinding Decision)",factfinding,high,scheduled,high_priority_later_verify,URL-af6bae45b3fc770199b6,1,primary,KEY-6b41854038cdb2ec377a,34464,2.52381,fire,state_labor_board,medium,77,POST-PI-PARALLEL-ROUND2-3X150-LANE2-2026-07-23,candidate_lead_planned_not_verified
VER-f3da8362ea71c1e6ea01,NSCQ-MT-20260720-0022,NSCQ-MT-20260720-0022,cog_2025_190755,190755,MT,Kalispell,CITY OF KALISPELL,https://www.kalispell.com/DocumentCenter/View/1803/AFSCME-Contract-July-2023---June-2026,AFSCME-Contract-July-2023---June-2026 (Collective Bargaining Agreement),cba,high,scheduled,high_priority_later_verify,URL-1723364c36727c19a496,1,primary,KEY-fce07f8a2b0664d9923d,29886,2.52381,non_safety,city,medium,100,POST-PI-PARALLEL-ROUND2-3X150-LANE3-2026-07-23,candidate_lead_planned_not_verified
VER-1be61f9144fc77e9b702,NSCQ-MT-20260720-0028,NSCQ-MT-20260720-0028,cog_2025_130006,130006,MT,Havre,CITY OF HAVRE,https://erd.dli.mt.gov/_docs/labor-standards/collective-bargaining/BOPA/20200229-Recommendation-IAFF-HAVRE-FF.pdf,"IAFF & Havre FF: Findings and Recommendations (Factfinding) — BOPA No. 20200229 (issued Dec 22, 2020)",factfinding,high,scheduled,high_priority_later_verify,URL-3bc266703b6e775b0ea0,1,primary,KEY-ad8323882af44fa12ce7,9330,2.52381,fire,state_labor_board,high,100,POST-PI-AGGRESSIVE-3X300-ATTEMPT3-LANE1-2026-07-23,candidate_lead_planned_not_verified
VER-a0fa4170904b7839f0a5,NSCQ-MT-20260720-0042,NSCQ-MT-20260720-0042,cog_2025_208669,208669,MT,Whitefish,CITY OF WHITEFISH,https://www.mfpe.org/wp-content/uploads/2019/06/City-of-Whitefish-Police-June-30-2021.pdf,Collective Bargaining Agreement (Whitefish Police Unit) between the City of Whitefish and the Montana Public Employees Association,cba,high,scheduled,high_priority_later_verify,URL-a7c3afccff47c5c3ab27,1,primary,KEY-537342695d49658ebcae,9163,2.52381,police,union,high,90,POST-PI-AGGRESSIVE-3X300-ATTEMPT3-LANE1-2026-07-23,candidate_lead_planned_not_verified
VER-2e0eb5688ee0738530d3,NSCQ-MT-20260720-0033,NSCQ-MT-20260720-0033,cog_2025_108119,108119,MT,Livingston,CITY OF LIVINGSTON,https://www.livingstonmontana.org/sites/default/files/fileattachments/human_resources/page/2300/afscme_2021-2027_df.pdf,AFSCME Local 2711A Collective Bargaining Agreement (City of Livingston),cba,high,scheduled,high_priority_later_verify,URL-7cff6b2f714152760eff,1,primary,KEY-4ac5a0fe4cdc9f623099,8908,2.52381,non_safety,city,medium,85,POST-PI-AGGRESSIVE-3X300-ATTEMPT3-LANE1-2026-07-23,candidate_lead_planned_not_verified
VER-4a37c22dcc9e746a4878,NSCQ-MT-20260720-0053,NSCQ-MT-20260720-0053,cog_2025_169446,169446,MT,Columbia Falls,CITY OF COLUMBIA FALLS,https://www.cityofcolumbiafalls.org/media/4206,RESOLUTION NO. 1923A — 2024-2025 SALARY/BENEFITS (includes non-union Wage Schedule; also references non-union firefighters/EMT on Exhibit C),wage_schedule_or_compensation_plan,high,scheduled,high_priority_later_verify,URL-9649c8f057916fd2b7db,1,primary,KEY-157f80ac31d51fd48598,5723,2.52381,non_safety,city,medium,88,POST-PI-AGGRESSIVE-3X300-ATTEMPT3-LANE3-2026-07-23,candidate_lead_planned_not_verified
VER-835da11fa8721132b4b5,NSCQ-MT-20260720-0048,NSCQ-MT-20260720-0048,cog_2025_202112,202112,MT,Dillon,CITY OF DILLON,https://www.mfpe.org/wp-content/uploads/2023/02/Dillon-Police-Officers-Association-July-2022-June-2023.pdf,Dillon Police Officers' Association Agreement (Dillon Police Department),cba,high,scheduled,high_priority_later_verify,URL-1ffbe20be747ea1ad06d,1,primary,KEY-0d66da04bed37d55ffcc,4176,2.52381,police,union,medium,87,POST-PI-AGGRESSIVE-3X300-ATTEMPT3-LANE3-2026-07-23,candidate_lead_planned_not_verified
VER-ab8dbb4e913f27366ee2,NSCQ-MT-20260720-0051,NSCQ-MT-20260720-0051,cog_2025_202112,202112,MT,Dillon,CITY OF DILLON,https://www.mfpe.org/wp-content/uploads/2019/06/City-of-Dillon-June-30-2019.pdf,"Dillon City Employees Unit Agreement (July 1, 2018 - June 30, 2019)",cba,high,scheduled,high_priority_later_verify,URL-ec728f98d97a1b6d0802,1,primary,KEY-f1165cc7ce5968aa6295,4176,2.52381,non_safety,union,medium,87,POST-PI-AGGRESSIVE-3X300-ATTEMPT3-LANE3-2026-07-23,candidate_lead_planned_not_verified
VER-f6cc454c422a8e9efda4,NSCQ-OH-20260720-0007,NSCQ-OH-20260720-0007,cog_2025_209096,209096,OH,Akron,CITY OF AKRON,https://dam.assets.ohio.gov/image/upload/serb.ohio.gov/PDF/Contracts/2018/18-MED-10-1006.pdf,"SALARY PLAN - CSP (Civil Service Personnel Association) — City of Akron, Ohio (Ordinance-based pay schedule)",wage_schedule_or_compensation_plan,high,scheduled,high_priority_later_verify,URL-cef7e58152ee125832ac,1,primary,KEY-d6abd54e4b719ebf0e9f,188701,2.493902,non_safety,state_labor_board,medium,98,COORD-TIER1-WAVE1-SERIAL150-2026-07-22,candidate_lead_planned_not_verified
VER-3b1b5de74304cdaf512f,NSCQ-OH-20260720-0003,NSCQ-OH-20260720-0003,cog_2025_172543,172543,OH,Dayton,CITY OF DAYTON,https://www.daytonohio.gov/DocumentCenter/View/687/International-Association-of-Firefighters-Contract-PDF,"International Association of Firefighters, Local 136 Agreement (City of Dayton)",cba,high,scheduled,high_priority_later_verify,URL-a9d9bd5b8cee00d976a3,1,primary,KEY-21bb5309ff31d0a85833,135512,2.493902,fire,city,high,100,COORD-TIER1-WAVE1-SERIAL150-2026-07-22,candidate_lead_planned_not_verified
VER-97df240af5db6bd63f67,NSCQ-OH-20260720-0031,NSCQ-OH-20260720-0031,cog_2025_194867,194867,OH,Parma,CITY OF PARMA,https://dam.assets.ohio.gov/image/upload/serb.ohio.gov/PDF/Contracts/2017/17-MED-10-1331.pdf,"A LABOR AGREEMENT (City of Parma and IAFF Local 639) — Firefighters — Duration of Agreement; Effective Jan 1, 2018 through Dec 31, 2020",cba,high,scheduled,high_priority_later_verify,URL-1eebb6d22718e76defd1,1,primary,KEY-0ac9a997522389539b18,78951,2.493902,fire,state_labor_board,high,100,POST-PI-PARALLEL-ROUND1-LANE1-2026-07-23,candidate_lead_planned_not_verified
VER-6ca29bdba3ca62c5935f,NSCQ-OH-20260720-0815,NSCQ-OH-20260720-0815,cog_2025_172760,172760,OH,West Chester,TOWNSHIP OF WEST CHESTER,https://dam.assets.ohio.gov/image/upload/serb.ohio.gov/PDF/Contracts/2017/17-MED-10-1380.pdf,Employment Agreement — Between THE BOARD OF WEST CHESTER TOWNSHIP TRUSTEES and West Chester Township Professional Fire Fighters Association Butler County IAFF #3518,cba,high,scheduled,high_priority_later_verify,URL-f910e4979b5ba86a5ce4,1,primary,KEY-95bcea1d52c09ca24901,65642,2.493902,fire,state_labor_board,medium,100,POST-PI-AGGRESSIVE-3X300-ATTEMPT3-LANE3-2026-07-23,candidate_lead_planned_not_verified
VER-019f3deaf03a286dbf47,NSCQ-OH-20260720-0039,NSCQ-OH-20260720-0039,cog_2025_209074,209074,OH,Lorain,CITY OF LORAIN,https://dam.assets.ohio.gov/image/upload/serb.ohio.gov/PDF/Addendums/2016/16-MED-08-0827.pdf,"Memorandum of Understanding (Addendum) between the City of Lorain, Ohio and the Fraternal Order of Police, Lodge 3 (Patrolmen; Sergeants & Above) (Article 31 - Wages modification)",memorandum_or_settlement,high,scheduled,high_priority_later_verify,URL-5bcc0b0b6bfcf447b2a3,1,primary,KEY-abba3ddbe303ebfe7829,65337,2.493902,police,state_labor_board,medium,97,POST-PI-PARALLEL-ROUND1-LANE1-2026-07-23,candidate_lead_planned_not_verified
VER-05cee5a948d91f7d4127,NSCQ-OH-20260720-0046,NSCQ-OH-20260720-0046,cog_2025_172315,172315,OH,Hamilton,CITY OF HAMILTON,https://www.hamilton-oh.gov/s/Complete_with_DocuSign_FOP_Rank_and_File_Cle.pdf,"COLLECTIVE BARGAINING AGREEMENT BY AND BETWEEN CITY OF HAMILTON, OHIO AND FRATERNAL ORDER OF POLICE LODGE 38 RANK AND FILE UNIT (POLICE OFFICERS AND DETECTIVES)",cba,high,scheduled,high_priority_later_verify,URL-070bf50e334dbf36dada,1,primary,KEY-1c3d5c56ac36a50f9df7,62997,2.493902,police,city,high,100,POST-PI-PARALLEL-ROUND1-LANE1-2026-07-23,candidate_lead_planned_not_verified
VER-5b26be3306a5865f21e1,NSCQ-OH-20260720-0049,NSCQ-OH-20260720-0049,cog_2025_172315,172315,OH,Hamilton,CITY OF HAMILTON,https://www.hamilton-oh.gov/s/Schedule-D-2-Amended-3-2024.pdf,SCHEDULE D-2-Amended-3-2024 (ALPHABETICAL INDEX OF CLASSIFICATIONS SALARY AND HOURLY: SCHEDULE D-2),wage_schedule_or_compensation_plan,high,scheduled,high_priority_later_verify,URL-d3ec8733ccedfa103510,1,primary,KEY-ab661e517f6b06dd52c2,62997,2.493902,non_safety,city,low,76,POST-PI-PARALLEL-ROUND1-LANE1-2026-07-23,candidate_lead_planned_not_verified
VER-52c9c5f33b6f85f388be,NSCQ-OH-20260720-0806,NSCQ-OH-20260720-0806,cog_2025_172898,172898,OH,Green,TOWNSHIP OF GREEN,https://dam.assets.ohio.gov/image/upload/serb.ohio.gov/PDF/Contracts/2018/18-CON-05-1005.pdf,Collective Bargaining Agreement — Green Township Maintenance Employees Association,cba,high,scheduled,high_priority_later_verify,URL-6ae11a75ae31eac9b61a,1,primary,KEY-c7b4046e59cdae12a32f,59626,2.493902,non_safety,state_labor_board,medium,91,POST-PI-AGGRESSIVE-3X300-ATTEMPT3-LANE3-2026-07-23,candidate_lead_planned_not_verified
VER-c39660a2b0f958e5d75c,NSCQ-OH-20260720-0010,NSCQ-OH-20260720-0010,cog_2025_172520,172520,OH,Youngstown,CITY OF YOUNGSTOWN,https://dam.assets.ohio.gov/image/upload/serb.ohio.gov/PDF/Contracts/2020/20-MED-02-0149.pdf,Collective Bargaining Agreement (City of Youngstown and International Association of Fire Fighters (IAFF) Local 312),cba,high,scheduled,high_priority_later_verify,URL-6258cca842ee2c233428,1,primary,KEY-824871767daf807ac4f0,59108,2.493902,fire,state_labor_board,high,100,COORD-TIER1-WAVE2-SERIAL150-2026-07-22,candidate_lead_planned_not_verified
VER-2a6d2815eeed86ce7cbf,NSCQ-OH-20260720-0043,NSCQ-OH-20260720-0043,cog_2025_172329,172329,OH,Springfield,CITY OF SPRINGFIELD,https://dam.assets.ohio.gov/image/upload/serb.ohio.gov/PDF/Contracts/2022/22-MED-09-0793.pdf,"Collective Bargaining Agreement Between The City of Springfield, Ohio and the Springfield Police Patrolmen's Association",cba,high,scheduled,high_priority_later_verify,URL-4eafef89fb271149cc28,1,primary,KEY-d97dc2379071e1cbd878,58082,2.493902,police,state_labor_board,medium,100,POST-PI-PARALLEL-ROUND1-LANE1-2026-07-23,candidate_lead_planned_not_verified
VER-052ed5ceda6e7e179082,NSCQ-OH-20260720-0011,NSCQ-OH-20260720-0011,cog_2025_172545,172545,OH,Kettering,CITY OF KETTERING,https://dam.assets.ohio.gov/image/upload/serb.ohio.gov/PDF/Contracts/2020/20-MED-09-0992.pdf,"Collective Bargaining Agreement between City of Kettering, Ohio and Kettering Police Supervisors’ Association",cba,high,scheduled,high_priority_later_verify,URL-17b156f5054c80291ec8,1,primary,KEY-19ad623f81dfc85c05a1,56876,2.493902,police,state_labor_board,medium,100,COORD-TIER1-WAVE2-SERIAL150-2026-07-22,candidate_lead_planned_not_verified
VER-40b82d3928e5387da029,NSCQ-OH-20260720-0800,NSCQ-OH-20260720-0800,cog_2025_139569,139569,OH,Plain,TOWNSHIP OF PLAIN,https://dam.assets.ohio.gov/image/upload/serb.ohio.gov/PDF/Contracts/2022/22-MED-01-0045.pdf,Collective Bargaining Agreement (Plain Township Professional Firefighters Association; International Association of Fire Fighters Local 2967),cba,high,scheduled,high_priority_later_verify,URL-19eacc3352b0ad814374,1,primary,KEY-c525135b8bd1274f92d8,53189,2.493902,fire,state_labor_board,medium,89,POST-PI-AGGRESSIVE-3X300-ATTEMPT3-LANE3-2026-07-23,candidate_lead_planned_not_verified
VER-61ebdd36ea48b21e7f8c,NSCQ-OH-20260720-0052,NSCQ-OH-20260720-0052,cog_2025_194850,194850,OH,Elyria,CITY OF ELYRIA,https://dam.assets.ohio.gov/image/upload/serb.ohio.gov/PDF/Contracts/2018/18-MED-09-0953.pdf,"COLLECTIVE BARGAINING AGREEMENT — City of Elyria & Elyria Local #474 International Association of Fire Fighters (SERB Case No. 18-MED-09-0953) — Effective January 1, 2019 to December 31, 2019",cba,high,scheduled,high_priority_later_verify,URL-e650347353de5f6f2b95,1,primary,KEY-65fde2f8180277311dce,53117,2.493902,fire,state_labor_board,medium,100,POST-PI-PARALLEL-ROUND1-LANE1-2026-07-23,candidate_lead_planned_not_verified
VER-acae831b07a958bf8830,NSCQ-OH-20260720-0014,NSCQ-OH-20260720-0014,cog_2025_110707,110707,OH,Middletown,CITY OF MIDDLETOWN,https://dam.assets.ohio.gov/image/upload/serb.ohio.gov/PDF/Contracts/2019/19-MED-01-0060.pdf,CONTRACT BETWEEN THE CITY OF MIDDLETOWN AND F.O.P. – LODGE #36 (PATROL OFFICER’S BARGAINING UNIT),cba,high,scheduled,high_priority_later_verify,URL-bf727df4acb9537a7a5e,1,primary,KEY-4d5beea52c0e9ecb8646,51478,2.493902,police,state_labor_board,medium,87,COORD-TIER1-WAVE2-SERIAL150-2026-07-22,candidate_lead_planned_not_verified
VER-05364a8d5cc1bf957620,NSCQ-OH-20260720-0801,NSCQ-OH-20260720-0801,cog_2025_209128,209128,OH,Sylvania,TOWNSHIP OF SYLVANIA,https://dam.assets.ohio.gov/image/upload/serb.ohio.gov/PDF/Contracts/2019/19-MED-10-1085.pdf,Collective Bargaining Agreement (Ohio Patrolmen’s Benevolent Association OPBA) — Sylvania Township Police,cba,high,scheduled,high_priority_later_verify,URL-b3e4b637de86997b527a,1,primary,KEY-f72a61e781465dbbae4f,50759,2.493902,police,state_labor_board,medium,100,POST-PI-AGGRESSIVE-3X300-ATTEMPT3-LANE3-2026-07-23,candidate_lead_planned_not_verified
VER-1ac6c914683d7110e6f2,NSCQ-OH-20260720-0064,NSCQ-OH-20260720-0064,cog_2025_172627,172627,OH,Cuyahoga Falls,CITY OF CUYAHOGA FALLS,https://dam.assets.ohio.gov/image/upload/serb.ohio.gov/PDF/Contracts/2021/21-MED-02-0165.pdf,"Collective Bargaining Agreement between City of Cuyahoga Falls, Ohio and Ohio Patrolmen's Benevolent Association (OPBA) (Police Department)",cba,high,scheduled,high_priority_later_verify,URL-91c10c7411507055a9db,1,primary,KEY-fc17fa83fb9967bf5f6c,50742,2.493902,police,state_labor_board,medium,100,POST-PI-PARALLEL-ROUND1-LANE1-2026-07-23,candidate_lead_planned_not_verified
VER-c97ec37760239a060c33,NSCQ-OH-20260720-0808,NSCQ-OH-20260720-0808,cog_2025_209121,209121,OH,Violet,TOWNSHIP OF VIOLET,https://dam.assets.ohio.gov/image/upload/serb.ohio.gov/PDF/Contracts/2021/21-MED-10-1430.pdf,Violet Township and IAFF Local 3558 – Final CBA for 2022-2024,cba,high,scheduled,high_priority_later_verify,URL-ca2a8a141764385e0d29,1,primary,KEY-648e1f9a4c23e2afb296,49171,2.493902,fire,state_labor_board,high,80,POST-PI-AGGRESSIVE-3X300-ATTEMPT3-LANE3-2026-07-23,candidate_lead_planned_not_verified
VER-47dbf3181c559b12f377,NSCQ-OH-20260720-0019,NSCQ-OH-20260720-0019,cog_2025_110737,110737,OH,Dublin,CITY OF DUBLIN,https://dublinohio.s3.us-east-2.amazonaws.com/Human-Resources/Non-Union-Compensation-Plan.pdf,AN ORDINANCE AMENDING ORDINANCE 98-96 (“COMPENSATION PLAN”) TO INCORPORATE THE RECOMMENDATIONS OF THE CITY’S CLASSIFICATION & COMPENSATION STUDY (Non-Union Personnel Compensation Plan),wage_schedule_or_compensation_plan,high,scheduled,high_priority_later_verify,URL-8e84750550165e1e2315,1,primary,KEY-f812e06bab4352b4dac4,48923,2.493902,non_safety,city,medium,80,COORD-TIER1-WAVE2-SERIAL150-2026-07-22,candidate_lead_planned_not_verified
VER-c88a54aa52b6f2ce9ead,NSCQ-OH-20260720-0057,NSCQ-OH-20260720-0057,cog_2025_205123,205123,OH,Euclid,CITY OF EUCLID,https://dam.assets.ohio.gov/image/upload/serb.ohio.gov/PDF/Contracts/2020/20-MED-09-1010.pdf,Collective Bargaining Agreement — City of Euclid and Teamsters Local No. 436 (Parks & Recreation Maintenance; Animal Control Officers),cba,high,scheduled,high_priority_later_verify,URL-e5b2d4d8a31f62910a4c,1,primary,KEY-1c03f0529110daf208f0,48212,2.493902,non_safety,state_labor_board,high,100,POST-PI-PARALLEL-ROUND1-LANE1-2026-07-23,candidate_lead_planned_not_verified
VER-e29497c2e84ffad1e0f3,NSCQ-OH-20260720-0062,NSCQ-OH-20260720-0062,cog_2025_110801,110801,OH,Mansfield,CITY OF MANSFIELD,https://dam.assets.ohio.gov/image/upload/serb.ohio.gov/PDF/Contracts/2021/21-MED-01-0014.pdf,Collective Bargaining Agreement — City of Mansfield and AFSCME (Local No. 3088; Ohio Council 8),cba,high,scheduled,high_priority_later_verify,URL-d0d3a57c3a7fce668c78,1,primary,KEY-bb166294d1c49b91819d,47711,2.493902,non_safety,state_labor_board,medium,100,POST-PI-PARALLEL-ROUND1-LANE1-2026-07-23,candidate_lead_planned_not_verified
VER-0ed7fc01c6e2771f31e1,NSCQ-OH-20260720-0068,NSCQ-OH-20260720-0068,cog_2025_194858,194858,OH,Mentor,CITY OF MENTOR,https://dam.assets.ohio.gov/image/upload/serb.ohio.gov/PDF/Contracts/2021/21-CON-05-1286.pdf,Collective Bargaining Agreement between the City of Mentor and Mentor Part-time Firefighters' Association,cba,high,scheduled,high_priority_later_verify,URL-6fcca60a97c0413bc360,1,primary,KEY-2b500235c9c88b0029e4,46929,2.493902,fire,state_labor_board,medium,100,POST-PI-PARALLEL-ROUND1-LANE1-2026-07-23,candidate_lead_planned_not_verified
VER-6f8d82936d268a0414c7,NSCQ-OH-20260720-0809,NSCQ-OH-20260720-0809,cog_2025_191193,191193,OH,Miami,TOWNSHIP OF MIAMI,https://dam.assets.ohio.gov/image/upload/serb.ohio.gov/PDF/Contracts/2021/21-MED-09-1073.pdf,"Collective Bargaining Agreement (Sergeants) — Miami Township Board of Trustees, Clermont County, Ohio and Fraternal Order of Police, Ohio Labor Council, Inc.",cba,high,scheduled,high_priority_later_verify,URL-124eb009f5a77dfcd1eb,1,primary,KEY-6dfebb02e354a6cada6e,44686,2.493902,police,state_labor_board,high,94,POST-PI-AGGRESSIVE-3X300-ATTEMPT3-LANE3-2026-07-23,candidate_lead_planned_not_verified
VER-e6a8ef3acc9cec71128f,NSCQ-OH-20260720-0073,NSCQ-OH-20260720-0073,cog_2025_212239,212239,OH,Cleveland Heights,CITY OF CLEVELAND HEIGHTS,https://dam.assets.ohio.gov/image/upload/serb.ohio.gov/PDF/Contracts/2023/23-MED-12-1140.pdf,Collective Bargaining Agreement (Agreement) — City of Cleveland Heights and Ohio Patrolmen's Benevolent Association (Classified Police Officers; Unclassified Service Basic Patrol Officers),cba,high,scheduled,high_priority_later_verify,URL-d8e65263cd80620ca6f6,1,primary,KEY-9e0c543d62a962c7543c,43908,2.493902,police,state_labor_board,high,100,POST-PI-PARALLEL-ROUND1-LANE1-2026-07-23,candidate_lead_planned_not_verified
VER-165574bb29f427f336a8,NSCQ-OH-20260720-0076,NSCQ-OH-20260720-0076,cog_2025_212239,212239,OH,Cleveland Heights,CITY OF CLEVELAND HEIGHTS,https://dam.assets.ohio.gov/image/upload/serb.ohio.gov/PDF/Contracts/2022/22-MED-01-0014.pdf,Collective Bargaining Agreement (Agreement) — City of Cleveland Heights and Laborers' Local 860 / Laborers' International Union of North America (Department of Public Works classifications; includes Wages article/attachments),cba,high,scheduled,high_priority_later_verify,URL-f53d969beec8f6ff0014,1,primary,KEY-0aaf3d306abc06aa0de2,43908,2.493902,non_safety,state_labor_board,medium,98,POST-PI-PARALLEL-ROUND1-LANE1-2026-07-23,candidate_lead_planned_not_verified
VER-8609b88663e9d3e24864,NSCQ-OH-20260720-0082,NSCQ-OH-20260720-0082,cog_2025_202328,202328,OH,Grove City,CITY OF GROVE,https://dam.assets.ohio.gov/image/upload/serb.ohio.gov/PDF/Contracts/2021/21-MED-10-1365.pdf,"Collective Bargaining Agreement between City of Grove City and Fraternal Order of Police, Capital City Lodge No. 9",cba,high,scheduled,high_priority_later_verify,URL-2bf9d0baa3aeba8ab863,1,primary,KEY-0656984e47cabc600982,42782,2.493902,police,state_labor_board,medium,85,POST-PI-PARALLEL-ROUND1-LANE1-2026-07-23,candidate_lead_planned_not_verified
VER-e5ae853d653ae6c99c2a,NSCQ-OH-20260720-0079,NSCQ-OH-20260720-0079,cog_2025_132431,132431,OH,Lancaster,CITY OF LANCASTER,https://dam.assets.ohio.gov/image/upload/serb.ohio.gov/PDF/Contracts/2020/20-MED-07-0710.pdf,Lancaster PD Police Officers Collective Bargaining Agreement (Patrol Officers) — expires 10/31/2023,cba,high,scheduled,high_priority_later_verify,URL-d066009cc90853d6cc1f,1,primary,KEY-bf42a875528c423a4d65,41422,2.493902,police,state_labor_board,high,100,POST-PI-PARALLEL-ROUND1-LANE1-2026-07-23,candidate_lead_planned_not_verified
VER-d3908f237b0761acb969,NSCQ-OH-20260720-0026,NSCQ-OH-20260720-0026,cog_2025_172406,172406,OH,Reynoldsburg,CITY OF REYNOLDSBURG,https://dam.assets.ohio.gov/image/upload/serb.ohio.gov/PDF/Contracts/2021/21-MED-10-1353.pdf,"CONTRACT BETWEEN THE CITY OF REYNOLDSBURG AND THE OHIO PATROLMEN’S BENEVOLENT ASSOCIATION (JANUARY 1, 2022 THROUGH DECEMBER 31, 2024) — 2022-2024 Tentative Agreement",cba,high,scheduled,high_priority_later_verify,URL-fc8305cc52bb1d05541f,1,primary,KEY-1dab36a6bf832ae7b383,41220,2.493902,police,state_labor_board,high,100,POST-PI-PARALLEL-ROUND1-LANE1-2026-07-23,candidate_lead_planned_not_verified
VER-734adcf26f806ec05fc2,NSCQ-OH-20260720-0086,NSCQ-OH-20260720-0086,cog_2025_172441,172441,OH,Findlay,CITY OF FINDLAY,https://dam.assets.ohio.gov/image/upload/serb.ohio.gov/PDF/Contracts/2022/22-CON-04-1026.pdf,"Collective Bargaining Agreement Between THE CITY OF FINDLAY, OHIO and THE INTERNATIONAL ASSOCIATION OF FIREFIGHTERS LOCAL 381, AFL-CIO (Effective January 1, 2022; Expires December 31, 2024)",cba,high,scheduled,high_priority_later_verify,URL-b7721923da3b43c5d955,1,primary,KEY-ceef827e8468a100f010,40139,2.493902,fire,state_labor_board,high,94,POST-PI-PARALLEL-ROUND1-LANE1-2026-07-23,candidate_lead_planned_not_verified
VER-8ac8899d1cdd107bc819,NSCQ-OH-20260720-0097,NSCQ-OH-20260720-0097,cog_2025_172636,172636,OH,Warren,CITY OF WARREN,https://dam.assets.ohio.gov/image/upload/serb.ohio.gov/PDF/Contracts/2019/19-MED-09-1001.pdf,"Collective Bargaining Agreement — City of Warren, Ohio and AFSCME Ohio Council 8, AFL-CIO (AFSCME Local 2501)",cba,high,scheduled,high_priority_later_verify,URL-ab26f7206ce623b94543,1,primary,KEY-4fd5a6a23258971701dd,38751,2.493902,non_safety,state_labor_board,medium,100,POST-PI-PARALLEL-ROUND1-LANE1-2026-07-23,candidate_lead_planned_not_verified
VER-1fa38e2ed46905b46d6e,NSCQ-OH-20260720-0038,NSCQ-OH-20260720-0038,cog_2025_110739,110739,OH,Westerville,CITY OF WESTERVILLE,https://dam.assets.ohio.gov/image/upload/serb.ohio.gov/PDF/FF_Reports/2018/18-MED-08-0701.pdf,"Fact Finding/Conciliation Award (Hybrid fact-finding/conciliation), International Association of Firefighters, Local 3480 v. City of Westerville",factfinding,high,scheduled,high_priority_later_verify,URL-4d3e008c8361fbf29934,1,primary,KEY-d3216ea5855bbad50030,37958,2.493902,fire,state_labor_board,low,81,POST-PI-PARALLEL-ROUND1-LANE1-2026-07-23,candidate_lead_planned_not_verified
VER-3da7438536a42a0eae54,NSCQ-OH-20260720-0090,NSCQ-OH-20260720-0090,cog_2025_193883,193883,OH,North Ridgeville,CITY OF NORTH RIDGEVILLE,https://dam.assets.ohio.gov/image/upload/serb.ohio.gov/PDF/Contracts/2021/21-MED-08-0988.pdf,Collective Bargaining Agreement (OPBA) - City of North Ridgeville,cba,high,scheduled,high_priority_later_verify,URL-da7c627a2d1cce9cffd5,1,primary,KEY-a1390ab444fe18d77f14,37058,2.493902,police,state_labor_board,high,100,POST-PI-PARALLEL-ROUND1-LANE1-2026-07-23,candidate_lead_planned_not_verified
VER-1113506fd3160a5ca751,NSCQ-OH-20260720-0112,NSCQ-OH-20260720-0112,cog_2025_194847,194847,OH,Upper Arlington,CITY OF UPPER ARLINGTON,https://dam.assets.ohio.gov/image/upload/serb.ohio.gov/PDF/Contracts/2014/14-MED-09-1196.pdf,Collective Bargaining Agreement (Upper Arlington Police Dispatchers 2014-2017),cba,high,scheduled,high_priority_later_verify,URL-5fc28a3bfa2a63537497,1,primary,KEY-74fe6b980e3bfd755eb9,35743,2.493902,police,state_labor_board,medium,100,POST-PI-PARALLEL-ROUND1-LANE1-2026-07-23,candidate_lead_planned_not_verified
VER-8dc69e2c51535a96629c,NSCQ-OH-20260720-0115,NSCQ-OH-20260720-0115,cog_2025_194847,194847,OH,Upper Arlington,CITY OF UPPER ARLINGTON,https://dam.assets.ohio.gov/image/upload/serb.ohio.gov/PDF/Contracts/2017/17-MED-09-1072.pdf,Collective Bargaining Agreement (Teamsters Local Union No. 284),cba,high,scheduled,high_priority_later_verify,URL-6980eb940965feda39db,1,primary,KEY-55dd47de5a2a0be7e3d2,35743,2.493902,non_safety,state_labor_board,medium,100,POST-PI-PARALLEL-ROUND1-LANE1-2026-07-23,candidate_lead_planned_not_verified
VER-344fbb7c18451d3acfda,NSCQ-OH-20260720-0124,NSCQ-OH-20260720-0124,cog_2025_209101,209101,OH,Mason,CITY OF MASON,https://dam.assets.ohio.gov/image/upload/serb.ohio.gov/PDF/Contracts/2020/20-MED-02-0142.pdf,"Collective Bargaining Agreement (City of Mason, Ohio and Mason Police Association) — Patrol Officers",cba,high,scheduled,high_priority_later_verify,URL-f0d550e7471cd73c4146,1,primary,KEY-a5f1da91b849917a8d02,35660,2.493902,police,state_labor_board,high,100,POST-PI-PARALLEL-ROUND1-LANE1-2026-07-23,candidate_lead_planned_not_verified
VER-7addf22b8a7101c2da79,NSCQ-OH-20260720-0103,NSCQ-OH-20260720-0103,cog_2025_172523,172523,OH,Marion,CITY OF MARION,https://dam.assets.ohio.gov/image/upload/serb.ohio.gov/PDF/Contracts/2017/17-MED-04-0564.pdf,Collective Bargaining Agreement between the City of Marion and the International Association of Fire Fighters (IAFF) Local 379,cba,high,scheduled,high_priority_later_verify,URL-f79c8cff3db30d070ad0,1,primary,KEY-c1f2529e4dcd1021d6a6,35531,2.493902,fire,state_labor_board,high,100,POST-PI-PARALLEL-ROUND1-LANE1-2026-07-23,candidate_lead_planned_not_verified
VER-1378793dbf886b082d17,NSCQ-OH-20260720-0105,NSCQ-OH-20260720-0105,cog_2025_132483,132483,OH,Brunswick,CITY OF BRUNSWICK,https://dam.assets.ohio.gov/image/upload/serb.ohio.gov/PDF/Contracts/2019/19-MED-09-0829.pdf,"Collective Bargaining Agreement (Fraternal Order of Police Lodge #15, Patrol Officers) — extended",cba,high,scheduled,high_priority_later_verify,URL-ca2a7c4cc8cee5878cc0,1,primary,KEY-fa33a80a24ce1e7540b2,35072,2.493902,police,state_labor_board,medium,91,POST-PI-PARALLEL-ROUND1-LANE1-2026-07-23,candidate_lead_planned_not_verified
VER-dd44c80f58c95fa94601,NSCQ-OH-20260720-0108,NSCQ-OH-20260720-0108,cog_2025_132483,132483,OH,Brunswick,CITY OF BRUNSWICK,https://dam.assets.ohio.gov/image/upload/serb.ohio.gov/PDF/Contracts/2016/16-MED-09-1057.pdf,Collective Bargaining Agreement (International Brotherhood of Teamsters Local 52 — Division of Streets) — 3-year term,cba,high,scheduled,high_priority_later_verify,URL-67eb7e8e05cf228f3a14,1,primary,KEY-75bc6eec7d4f401b22cb,35072,2.493902,non_safety,state_labor_board,medium,85,POST-PI-PARALLEL-ROUND1-LANE1-2026-07-23,candidate_lead_planned_not_verified
VER-7a2b8825ed081c323a8c,NSCQ-OH-20260720-0111,NSCQ-OH-20260720-0111,cog_2025_186920,186920,OH,Lima,CITY OF LIMA,https://dam.assets.ohio.gov/image/upload/serb.ohio.gov/PDF/Contracts/2019/19-MED-09-1018.pdf,"Collective Bargaining Agreement - City of Lima, Ohio and AFSCME Ohio Council 8, Local 1002",cba,high,scheduled,high_priority_later_verify,URL-9a9418505167bebcdd73,1,primary,KEY-9171bda680f42f30dc77,34794,2.493902,non_safety,state_labor_board,medium,100,POST-PI-PARALLEL-ROUND1-LANE1-2026-07-23,candidate_lead_planned_not_verified
VER-d4129d06599cc3416558,NSCQ-OH-20260720-0117,NSCQ-OH-20260720-0117,cog_2025_194959,194959,OH,Westlake,CITY OF WESTLAKE,https://dam.assets.ohio.gov/image/upload/serb.ohio.gov/PDF/Contracts/2021/21-MED-10-1468.pdf,Collective Bargaining Agreement (Final Agreement) — City of Westlake and Ohio Patrolman's Benevolent Association (OPBA),cba,high,scheduled,high_priority_later_verify,URL-74e9b7793109c83bf319,1,primary,KEY-598b5573a3c9a15bbfa4,33972,2.493902,police,state_labor_board,medium,100,POST-PI-PARALLEL-ROUND1-LANE1-2026-07-23,candidate_lead_planned_not_verified
VER-60a3363bee809c6347a3,NSCQ-OH-20260720-0120,NSCQ-OH-20260720-0120,cog_2025_194959,194959,OH,Westlake,CITY OF WESTLAKE,https://dam.assets.ohio.gov/image/upload/serb.ohio.gov/PDF/Conciliation_Awards/2013/13-MED-03-0380.pdf,"Final Offer Settlement Award — City of Westlake, Ohio and Westlake Firefighters Association, IAFF Local 1814 (SERB Case No. 2013-MED-03-0380)",arbitration_award,high,scheduled,high_priority_later_verify,URL-318bfd8a3d5cc4de22c8,1,primary,KEY-5b7d4dcbb366465b1793,33972,2.493902,fire,state_labor_board,low,100,POST-PI-PARALLEL-ROUND1-LANE1-2026-07-23,candidate_lead_planned_not_verified
VER-8fff664f41dc2a76d22b,NSCQ-OH-20260720-0131,NSCQ-OH-20260720-0131,cog_2025_172631,172631,OH,Stow,CITY OF STOW,https://dam.assets.ohio.gov/image/upload/serb.ohio.gov/PDF/Contracts/2021/21-MED-12-1614.pdf,Stow-OPBA Patrol Agreement - 2022-2024,cba,high,scheduled,high_priority_later_verify,URL-4eb14341ec3154c306ed,1,primary,KEY-65982a8063d57ccb5c94,33957,2.493902,police,state_labor_board,high,100,POST-PI-PARALLEL-ROUND1-LANE1-2026-07-23,candidate_lead_planned_not_verified
VER-08d7bf56e8d4164a332f,NSCQ-OH-20260720-0133,NSCQ-OH-20260720-0133,cog_2025_132418,132418,OH,North Olmsted,CITY OF NORTH OLMSTED,https://dam.assets.ohio.gov/image/upload/serb.ohio.gov/PDF/Contracts/2020/20-MED-04-0549.pdf,Collective Bargaining Agreement (Fire Department),cba,high,scheduled,high_priority_later_verify,URL-e80830606ca99c1cf98a,1,primary,KEY-699f5bb4a5d95543e89d,31538,2.493902,fire,state_labor_board,medium,91,POST-PI-PARALLEL-ROUND1-LANE1-2026-07-23,candidate_lead_planned_not_verified
VER-c5022cc763583c4a0b62,NSCQ-OH-20260720-0136,NSCQ-OH-20260720-0136,cog_2025_132418,132418,OH,North Olmsted,CITY OF NORTH OLMSTED,https://dam.assets.ohio.gov/image/upload/serb.ohio.gov/PDF/Contracts/2020/20-MED-08-0789.pdf,Collective Bargaining Agreement (Service Unit),cba,high,scheduled,high_priority_later_verify,URL-3811ea53a25eef5c7be3,1,primary,KEY-c4180089bf521150d000,31538,2.493902,non_safety,state_labor_board,medium,91,POST-PI-PARALLEL-ROUND1-LANE1-2026-07-23,candidate_lead_planned_not_verified
VER-b139e4b13cecdf0796ac,NSCQ-OH-20260720-0143,NSCQ-OH-20260720-0143,cog_2025_132419,132419,OH,North Royalton,CITY OF NORTH ROYALTON,https://dam.assets.ohio.gov/image/upload/serb.ohio.gov/PDF/Contracts/2020/20-MED-10-1267.pdf,"Collective Bargaining Agreement (City of North Royalton and International Association of Fire Fighters, AFL-CIO, Local 2156) — SERB",cba,high,scheduled,high_priority_later_verify,URL-aabf1e398886b7e28826,1,primary,KEY-ae94ab2963125a0d09b7,30687,2.493902,fire,state_labor_board,high,100,POST-PI-PARALLEL-ROUND1-LANE1-2026-07-23,candidate_lead_planned_not_verified
VER-728d48bc6693fd129392,NSCQ-OH-20260720-0146,NSCQ-OH-20260720-0146,cog_2025_191188,191188,OH,Bowling Green,CITY OF BOWLING GREEN,https://dam.assets.ohio.gov/image/upload/serb.ohio.gov/PDF/Contracts/2024/24-MED-02-0158.pdf,"Agreement Between The City of Bowling Green, Ohio and The Bowling Green Police Patrolman's Association (OPBA) (June 18, 2024 - June 17, 2027)",cba,high,scheduled,high_priority_later_verify,URL-37de9e19d437054f0e7f,1,primary,KEY-69a36ca670b92786531d,30384,2.493902,police,state_labor_board,high,100,POST-PI-PARALLEL-ROUND1-LANE1-2026-07-23,candidate_lead_planned_not_verified
VER-830e481d901fcbc3506f,NSCQ-OH-20260720-0155,NSCQ-OH-20260720-0155,cog_2025_172361,172361,OH,Garfield Heights,CITY OF GARFIELD HEIGHTS,https://dam.assets.ohio.gov/image/upload/serb.ohio.gov/PDF/Contracts/2017/17-MED-09-1127.pdf,"Collective Bargaining Agreement (City of Garfield Heights and Fraternal Order of Police, Lodge 67)",cba,high,scheduled,high_priority_later_verify,URL-10c6734ea32e97f61edd,1,primary,KEY-f4b7ac450a4958fbe743,28900,2.493902,police,state_labor_board,medium,91,POST-PI-PARALLEL-ROUND1-LANE1-2026-07-23,candidate_lead_planned_not_verified
VER-17952de47218cb703d2e,NSCQ-OH-20260720-0158,NSCQ-OH-20260720-0158,cog_2025_172370,172370,OH,Shaker Heights,CITY OF SHAKER HEIGHTS,https://dam.assets.ohio.gov/image/upload/serb.ohio.gov/PDF/Contracts/2021/21-MED-10-1320.pdf,Collective Bargaining Agreement (OPBA) - City of Shaker Heights and Ohio Patrolmen's Benevolent Association,cba,high,scheduled,high_priority_later_verify,URL-35702c92338d89160a4c,1,primary,KEY-0fbb6efa5b9b2c039484,28541,2.493902,police,state_labor_board,medium,100,POST-PI-PARALLEL-ROUND1-LANE1-2026-07-23,candidate_lead_planned_not_verified
VER-7cf7217b1aabf5a3e8bd,NSCQ-OH-20260720-0166,NSCQ-OH-20260720-0166,cog_2025_172647,172647,OH,Marysville,CITY OF MARYSVILLE,https://dam.assets.ohio.gov/image/upload/serb.ohio.gov/PDF/Contracts/2019/19-MED-07-0626.pdf,City of Marysville & Local FOP/OLC – 2020-2022; Collective Bargaining Agreement,cba,high,scheduled,high_priority_later_verify,URL-d46efc4554ca4f6a2030,1,primary,KEY-444b22684852600dc2da,28423,2.493902,police,state_labor_board,high,100,POST-PI-PARALLEL-ROUND1-LANE2-2026-07-23,candidate_lead_planned_not_verified
VER-f049ac97a4cddb8258d4,NSCQ-OH-20260720-0161,NSCQ-OH-20260720-0161,cog_2025_132510,132510,OH,Kent,CITY OF KENT,https://www.kentohio.gov/media/hywlr2ik/2023-101-fop-police-officer-bargaining-agreement.pdf,"2023-101 Exhibit 'A' Kent FOPOLC Officer Contract (Police Officer) — Effective November 1, 2023 through October 31, 2026",cba,high,scheduled,high_priority_later_verify,URL-8e4e60b413ff4a441d14,1,primary,KEY-b45522432d962a9eeb92,27601,2.493902,police,city,high,100,POST-PI-PARALLEL-ROUND1-LANE2-2026-07-23,candidate_lead_planned_not_verified
VER-1e5f88d7b2499c13689a,NSCQ-OH-20260720-0174,NSCQ-OH-20260720-0174,cog_2025_132530,132530,OH,Green,CITY OF GREEN,https://dam.assets.ohio.gov/image/upload/serb.ohio.gov/PDF/Contracts/2016/16-MED-09-0944.pdf,"Collective Bargaining Agreement (City of Green, IAFF Local 2964) — January 1, 2017 to December 31, 2019",cba,high,scheduled,high_priority_later_verify,URL-a7651e999912a0ef9d9c,1,primary,KEY-4c7daad666a177f0a1e7,27338,2.493902,fire,state_labor_board,medium,85,POST-PI-PARALLEL-ROUND1-LANE2-2026-07-23,candidate_lead_planned_not_verified
VER-af5e59e59365ddbdfd3e,NSCQ-OH-20260720-0165,NSCQ-OH-20260720-0165,cog_2025_212237,212237,OH,Wooster,CITY OF WOOSTER,https://dam.assets.ohio.gov/image/upload/serb.ohio.gov/PDF/Contracts/2021/21-MED-11-1503.pdf,"Agreement by and between Wooster Employees Association and the City of Wooster, Ohio",cba,high,scheduled,high_priority_later_verify,URL-e88838148fe430433a68,1,primary,KEY-09b815637861474ed91c,27030,2.493902,non_safety,state_labor_board,medium,85,POST-PI-PARALLEL-ROUND1-LANE2-2026-07-23,candidate_lead_planned_not_verified
VER-bba02f9306991072657f,NSCQ-OH-20260720-0182,NSCQ-OH-20260720-0182,cog_2025_209082,209082,OH,Troy,CITY OF TROY,https://troyohio.gov/DocumentCenter/View/7076/SERB-Fact-Finding-Posting,"SERB Fact Finder Report and Recommendation (Fact Finding) - City of Troy, OH vs IAFF, Local 1638 (Economic provisions include wages; date of report and hearing shown)",factfinding,high,scheduled,high_priority_later_verify,URL-09644e69c2f572731bff,1,primary,KEY-e88c785ecde1a952133d,26848,2.493902,fire,state_labor_board,medium,89,POST-PI-PARALLEL-ROUND1-LANE2-2026-07-23,candidate_lead_planned_not_verified
VER-be328aa39b5538d3c790,NSCQ-OH-20260720-0171,NSCQ-OH-20260720-0171,cog_2025_193882,193882,OH,Avon Lake,CITY OF AVON LAKE,https://dam.assets.ohio.gov/image/upload/serb.ohio.gov/PDF/Contracts/2023/23-MED-04-0382.pdf,"Agreement Between the City of Avon Lake and United Steel, Paper and Forestry, Rubber, Manufacturing, Energy, Allied-Industrial and Service Workers International Union (AFL-CIO & CLC), Local 836-1",cba,high,scheduled,high_priority_later_verify,URL-ae441cf3615d2dcd3738,1,primary,KEY-6dd6d4ee6406bf954a3d,25942,2.493902,non_safety,state_labor_board,medium,100,POST-PI-PARALLEL-ROUND1-LANE2-2026-07-23,candidate_lead_planned_not_verified
VER-2fdd0902e0b6829606df,NSCQ-OH-20260720-0088,NSCQ-OH-20260720-0088,cog_2025_193885,193885,OH,Centerville,CITY OF CENTERVILLE,https://www.centervilleohio.gov/DocumentCenter/View/1681/Resolution-44-24-Pollice-Officers-OPBA-Agreement-PDF,"Resolution 44-24 Approving Negotiated Collective Bargaining Agreement with OPBA (Police Officers) — Attachment A: Collective Bargaining Agreement (Jan 1, 2024–Dec 31, 2026)",cba,high,scheduled,high_priority_later_verify,URL-315cf161eeb77a68350b,1,primary,KEY-2429603cdefe47c2e0e9,25754,2.493902,police,city,high,94,POST-PI-PARALLEL-ROUND1-LANE1-2026-07-23,candidate_lead_planned_not_verified
VER-cb091ae1373c569c4962,NSCQ-OH-20260720-0222,NSCQ-OH-20260720-0222,cog_2025_194848,194848,OH,Xenia,CITY OF XENIA,https://dam.assets.ohio.gov/image/upload/serb.ohio.gov/PDF/Contracts/2020/20-MED-10-1316.pdf,Collective Bargaining Agreement (Xenia Police Officer’s Association) — “Xenia Blue 2021-2023”,cba,high,scheduled,high_priority_later_verify,URL-fb1253ef5cb7bffb77d1,1,primary,KEY-e58280cb5f8fa23ef9cc,25725,2.493902,police,state_labor_board,high,100,POST-PI-PARALLEL-ROUND1-LANE2-2026-07-23,candidate_lead_planned_not_verified
VER-90673bfc08baffbf2ee4,NSCQ-OH-20260720-0178,NSCQ-OH-20260720-0178,cog_2025_209073,209073,OH,Avon,CITY OF AVON,https://www.cityofavon.com/DocumentCenter/View/10791/Exhibit-A-to-Ordinance-No-85-24---AG-City-of-Avon-FOP-Dispatch-Legislative-Exp-12_2026-strikethrough-version,"Exhibit A to Ordinance No. 85-24 — Agreement Between the City of Avon and the Fraternal Order of Police, Ohio Labor Council, Inc. (Dispatch Unit) (SERB Case No. 2023-MED-12-1132)",cba,high,scheduled,high_priority_later_verify,URL-7c89a26c9b6131eb6ff9,1,primary,KEY-40e215cd44731a4ff1aa,25403,2.493902,police,city,high,94,POST-PI-PARALLEL-ROUND1-LANE2-2026-07-23,candidate_lead_planned_not_verified
VER-60e8da8c0fbda5f99085,NSCQ-OH-20260720-0072,NSCQ-OH-20260720-0072,cog_2025_110734,110734,OH,Pickerington,CITY OF PICKERINGTON,https://dam.assets.ohio.gov/image/upload/serb.ohio.gov/PDF/Contracts/2021/21-MED-09-1154.pdf,Collective Bargaining Agreement (Included: All Public Safety Dispatchers) Between the City of Pickerington and AFSCME (Local No. 1822),cba,high,scheduled,high_priority_later_verify,URL-8c404d1f0a2d4dcf5725,1,primary,KEY-ed5f2afc44aa12ab689f,25256,2.493902,non_safety,state_labor_board,medium,91,POST-PI-PARALLEL-ROUND1-LANE1-2026-07-23,candidate_lead_planned_not_verified
VER-d804500fd33fbb38ea6f,NSCQ-OH-20260720-0187,NSCQ-OH-20260720-0187,cog_2025_110778,110778,OH,Wadsworth,CITY OF WADSWORTH,https://dam.assets.ohio.gov/image/upload/serb.ohio.gov/PDF/Contracts/2021/21-MED-10-1338.pdf,Collective Bargaining Agreement (City of Wadsworth and Ohio Patrolmen's Benevolent Association),cba,high,scheduled,high_priority_later_verify,URL-91baa3661d4f79e234e5,1,primary,KEY-d7a0de6e19b5b5aca069,24709,2.493902,police,state_labor_board,high,100,POST-PI-PARALLEL-ROUND1-LANE2-2026-07-23,candidate_lead_planned_not_verified
VER-8729c70753ed38d3e9b8,NSCQ-OH-20260720-0191,NSCQ-OH-20260720-0191,cog_2025_110697,110697,OH,Athens,CITY OF ATHENS,https://dam.assets.ohio.gov/image/upload/serb.ohio.gov/PDF/Contracts/2011/11-MED-09-1159.pdf,"Agreement Between the City of Athens, Ohio and the Fraternal Order of Police, Ohio Labor Council (Patrol Officers, Communication Officers, Lieutenants) — Case Nos. 11-MED-09-1157, 11-MED-09-1158, 11-MED-09-1159-0",cba,high,scheduled,high_priority_later_verify,URL-36a406beca8431c44ceb,1,primary,KEY-fcdc19b6b65366876294,24673,2.493902,police,state_labor_board,medium,100,POST-PI-PARALLEL-ROUND1-LANE2-2026-07-23,candidate_lead_planned_not_verified
VER-084ed5a3e06955d159b8,NSCQ-OH-20260720-0194,NSCQ-OH-20260720-0194,cog_2025_110697,110697,OH,Athens,CITY OF ATHENS,https://dam.assets.ohio.gov/image/upload/serb.ohio.gov/PDF/Contracts/2018/18-MED-07-0607.pdf,"Collective Bargaining Agreement — City of Athens, Ohio and AFSCME Local No. 2403(2) / Ohio Council 8 — Code Enforcement Division (Code Inspector and Administrative Assistant) — 18-MED-07-0607",cba,high,scheduled,high_priority_later_verify,URL-2a28314601f8b20c5b3b,1,primary,KEY-45a835f5f9777f436776,24673,2.493902,non_safety,state_labor_board,high,100,POST-PI-PARALLEL-ROUND1-LANE2-2026-07-23,candidate_lead_planned_not_verified
VER-9aad9ccbc7c01d97ee18,NSCQ-OH-20260720-0199,NSCQ-OH-20260720-0199,cog_2025_132501,132501,OH,Zanesville,CITY OF ZANESVILLE,https://dam.assets.ohio.gov/image/upload/serb.ohio.gov/PDF/Addendums/2021/21-CON-08-1802A.pdf,"Addendum to Collective Bargaining Agreement (2023 Wages, Longevity, and Leave Buyback) - City of Zanesville / IAFF & ZPFOA",memorandum_or_settlement,high,scheduled,high_priority_later_verify,URL-95f116b931a8beba6359,1,primary,KEY-2444da93abd723709a5c,24651,2.493902,fire,state_labor_board,medium,100,POST-PI-PARALLEL-ROUND1-LANE2-2026-07-23,candidate_lead_planned_not_verified
VER-aab7b5f6723ccc090c5e,NSCQ-OH-20260720-0213,NSCQ-OH-20260720-0213,cog_2025_172625,172625,OH,Barberton,CITY OF BARBERTON,https://dam.assets.ohio.gov/image/upload/serb.ohio.gov/PDF/Contracts/2021/21-MED-10-1471.pdf,Collective Bargaining Agreement — City of Barberton and AFSCME (Local 265 / Ohio Council 8) (SERB Contract 21-MED-10-1471),cba,high,scheduled,high_priority_later_verify,URL-0ab0fb29fe54e9e6bc92,1,primary,KEY-98c04453517c34a35444,24563,2.493902,non_safety,state_labor_board,medium,100,POST-PI-PARALLEL-ROUND1-LANE2-2026-07-23,candidate_lead_planned_not_verified
VER-cafc6a9c2dbe66ba1fa0,NSCQ-OH-20260720-0251,NSCQ-OH-20260720-0251,cog_2025_225835,225835,OH,Riverside,CITY OF RIVERSIDE,https://dam.assets.ohio.gov/image/upload/serb.ohio.gov/PDF/Contracts/2020/20-MED-09-1018.pdf,"Collective Bargaining Agreement between Fraternal Order of Police, Lodge #161 (Police Officers) and City of Riverside",cba,high,scheduled,high_priority_later_verify,URL-0155281b3d135188390c,1,primary,KEY-5b1408a04c3b17499660,24340,2.493902,police,state_labor_board,medium,89,POST-PI-PARALLEL-ROUND1-LANE2-2026-07-23,candidate_lead_planned_not_verified
VER-94e3e14c6797af8b5eae,NSCQ-OH-20260720-0204,NSCQ-OH-20260720-0204,cog_2025_193875,193875,OH,Sandusky,CITY OF SANDUSKY,https://dam.assets.ohio.gov/image/upload/serb.ohio.gov/PDF/Contracts/2021/21-MED-08-0912.pdf,"2022-2024 Agreement Between AFSCME, Ohio Council 8, local 1519 and City of Sandusky",cba,high,scheduled,high_priority_later_verify,URL-875379906a5a5f07af0e,1,primary,KEY-0b66d5cacb4c85b3f611,24241,2.493902,non_safety,state_labor_board,medium,100,POST-PI-PARALLEL-ROUND1-LANE2-2026-07-23,candidate_lead_planned_not_verified
VER-a2fb0d813cc4f7b08041,NSCQ-OH-20260720-0208,NSCQ-OH-20260720-0208,cog_2025_110725,110725,OH,Solon,CITY OF SOLON,https://dam.assets.ohio.gov/image/upload/serb.ohio.gov/PDF/Contracts/2018/18-MED-10-1069.pdf,"Collective Bargaining Agreement by and between the City of Solon, Ohio and the Ohio Patrolmen’s Benevolent Association (Patrolmen) — SERB Case #18-MED-10-1069",cba,high,scheduled,high_priority_later_verify,URL-dfc8f0e8df0460fb8de0,1,primary,KEY-b38f6fb556dcb01d7fd6,23702,2.493902,police,state_labor_board,medium,100,POST-PI-PARALLEL-ROUND1-LANE2-2026-07-23,candidate_lead_planned_not_verified
VER-8f6a321779b1c360dad8,NSCQ-OH-20260720-0211,NSCQ-OH-20260720-0211,cog_2025_110725,110725,OH,Solon,CITY OF SOLON,https://dam.assets.ohio.gov/image/upload/serb.ohio.gov/PDF/Contracts/2021/21-MED-09-1036.pdf,Collective Bargaining Agreement between the City of Solon and International Brotherhood of Teamsters Local 436 for Water Reclamation Department — SERB Case #2021-MED-09-1036,cba,high,scheduled,high_priority_later_verify,URL-9c6c941454bb85dd447c,1,primary,KEY-c95949924f71266d60b8,23702,2.493902,non_safety,state_labor_board,medium,100,POST-PI-PARALLEL-ROUND1-LANE2-2026-07-23,candidate_lead_planned_not_verified
VER-756aa2f4a0e0f7bbe552,NSCQ-OH-20260720-0219,NSCQ-OH-20260720-0219,cog_2025_132416,132416,OH,Maple Heights,CITY OF MAPLE HEIGHTS,https://dam.assets.ohio.gov/image/upload/serb.ohio.gov/PDF/Contracts/2013/13-MED-10-1451.pdf,Collective Bargaining Agreement — City of Maple Heights and International Brotherhood of Teamsters Local Union No. 507 (Truck Driver & Laborer),cba,high,scheduled,high_priority_later_verify,URL-f509b72b0d3dd885ba32,1,primary,KEY-64a3e3cd8c07d243e086,22984,2.493902,non_safety,state_labor_board,high,95,POST-PI-PARALLEL-ROUND1-LANE2-2026-07-23,candidate_lead_planned_not_verified
VER-dcb147b3ebf7aae9a1bd,NSCQ-OH-20260720-0278,NSCQ-OH-20260720-0278,cog_2025_132494,132494,OH,Trotwood,CITY OF TROTWOOD,https://dam.assets.ohio.gov/image/upload/serb.ohio.gov/PDF/Conciliation_Awards/2015/15-MED-11-1220.pdf,"Award of the Conciliator — Factfinding/Conciliation (IAFF Local 4024) between City of Trotwood and IAFF, Local Union 4024",unknown,high,scheduled,high_priority_later_verify,URL-c490dd21c40e6c807e03,1,primary,KEY-795c41a1d2e17389ce27,22940,2.493902,fire,state_labor_board,medium,88,POST-PI-PARALLEL-ROUND1-LANE2-2026-07-23,candidate_lead_planned_not_verified
VER-8921abcead74974a8ad5,NSCQ-OH-20260720-0274,NSCQ-OH-20260720-0274,cog_2025_172318,172318,OH,Oxford,CITY OF OXFORD,https://dam.assets.ohio.gov/image/upload/serb.ohio.gov/PDF/Contracts/2019/19-MED-12-1336.pdf,Collective Bargaining Agreement (Police Sergeants and Lieutenants) — City of Oxford and the Oxford Police Sergeants and Lieutenants,cba,high,scheduled,high_priority_later_verify,URL-deeb9c24ee5c7198b849,1,primary,KEY-40d30a49c66228a968cc,22340,2.493902,police,state_labor_board,medium,91,POST-PI-PARALLEL-ROUND1-LANE2-2026-07-23,candidate_lead_planned_not_verified
VER-85da3c30684ccfcc69b0,NSCQ-OH-20260720-0227,NSCQ-OH-20260720-0227,cog_2025_172600,172600,OH,Chillicothe,CITY OF CHILLICOTHE,https://dam.assets.ohio.gov/image/upload/serb.ohio.gov/PDF/Contracts/2023/23-MED-12-1129.pdf,"Agreement Between the City of Chillicothe and IAFF, Local 300 — Effective April 1, 2024; Expires March 31, 2027 (Fire and EMS)",cba,high,scheduled,high_priority_later_verify,URL-231e7b960cb887b65a4d,1,primary,KEY-cfb7808eeb5fb2322962,21895,2.493902,fire,state_labor_board,medium,100,POST-PI-PARALLEL-ROUND1-LANE2-2026-07-23,candidate_lead_planned_not_verified
VER-dcbffed352b08f0d1581,NSCQ-OH-20260720-0094,NSCQ-OH-20260720-0094,cog_2025_110810,110810,OH,Alliance,CITY OF ALLIANCE,https://dam.assets.ohio.gov/image/upload/serb.ohio.gov/PDF/Contracts/2024/24-MED-04-0564.pdf,"Collective Bargaining Agreement (City of Alliance, Ohio) — Local #480, International Association of Fire Fighters (Alliance Professional Fire Fighters Association, Local #480)",cba,high,scheduled,high_priority_later_verify,URL-4e750edef61db54bf7e3,1,primary,KEY-294f9d1e680c2d24b4c5,21525,2.493902,fire,state_labor_board,high,100,POST-PI-PARALLEL-ROUND1-LANE1-2026-07-23,candidate_lead_planned_not_verified
VER-d1ddeaee96ee46da800f,NSCQ-OH-20260720-0240,NSCQ-OH-20260720-0240,cog_2025_194854,194854,OH,South Euclid,CITY OF SOUTH EUCLID,https://dam.assets.ohio.gov/image/upload/serb.ohio.gov/PDF/Contracts/2020/20-MED-12-1419.pdf,"Collective Bargaining Agreement (City of South Euclid and City of South Euclid Fire Fighters Association, Local 1065)",cba,high,scheduled,high_priority_later_verify,URL-802f6eb35248b3e78c11,1,primary,KEY-31f7ca4446731f22f7b6,21264,2.493902,fire,state_labor_board,high,100,POST-PI-PARALLEL-ROUND1-LANE2-2026-07-23,candidate_lead_planned_not_verified
VER-7bd92f58e535d42dd2fc,NSCQ-OH-20260720-0243,NSCQ-OH-20260720-0243,cog_2025_209046,209046,OH,Rocky River,CITY OF ROCKY RIVER,https://dam.assets.ohio.gov/image/upload/serb.ohio.gov/PDF/Contracts/2018/18-MED-10-1047.pdf,"OHIO PATROLMEN'S BENEVOLENT ASSOCIATION, PATROLMEN BARGAINING UNIT, ROCKY RIVER POLICE DIVISION AND THE CITY OF ROCKY RIVER, OHIO (2019-2021)",cba,high,scheduled,high_priority_later_verify,URL-99e3debb923453e71b62,1,primary,KEY-d9497a6338e836466a0c,21236,2.493902,police,state_labor_board,medium,100,POST-PI-PARALLEL-ROUND1-LANE2-2026-07-23,candidate_lead_planned_not_verified
VER-496844d072bc3f7b6b22,NSCQ-OH-20260720-0246,NSCQ-OH-20260720-0246,cog_2025_209046,209046,OH,Rocky River,CITY OF ROCKY RIVER,https://dam.assets.ohio.gov/image/upload/serb.ohio.gov/PDF/Contracts/2018/18-MED-10-1131.pdf,Collective Bargaining Agreement — CITY OF ROCKY RIVER and TEAMSTERS LOCAL UNION 436 (2019-2021) [Service Division / Recreation Department scope indicated within document],cba,high,scheduled,high_priority_later_verify,URL-9a4b9fe4778be6943393,1,primary,KEY-73deb089b28c0c801b2d,21236,2.493902,non_safety,state_labor_board,medium,100,POST-PI-PARALLEL-ROUND1-LANE2-2026-07-23,candidate_lead_planned_not_verified
VER-8e8d2a6136153d46101e,NSCQ-OH-20260720-0281,NSCQ-OH-20260720-0281,cog_2025_172535,172535,OH,Piqua,CITY OF PIQUA,https://dam.assets.ohio.gov/image/upload/serb.ohio.gov/PDF/Contracts/2019/19-MED-09-0836.pdf,"AGREEMENT BY AND BETWEEN THE CITY OF PIQUA AND THE FRATERNAL ORDER OF POLICE, OHIO LABOR COUNCIL, INC. (PATROL OFFICERS) (Case 2019-MED-09-0836)",cba,high,scheduled,high_priority_later_verify,URL-b3a40408207bc23c17de,1,primary,KEY-75e99695950f63234d32,20747,2.493902,police,state_labor_board,medium,100,POST-PI-PARALLEL-ROUND1-LANE2-2026-07-23,candidate_lead_planned_not_verified
VER-7feced2369e1c2e1e806,NSCQ-OH-20260720-0255,NSCQ-OH-20260720-0255,cog_2025_172367,172367,OH,Parma Heights,CITY OF PARMA HEIGHTS,https://dam.assets.ohio.gov/image/upload/serb.ohio.gov/PDF/Contracts/2020/20-MED-09-0990.pdf,Collective Bargaining Agreement (CITY OF PARMA HEIGHTS / Ohio Patrolmen’s Benevolent Association [Patrolmen]),cba,high,scheduled,high_priority_later_verify,URL-6bb827c2db0f41fefbd3,1,primary,KEY-9e58d5da2bf2e0a0505f,20431,2.493902,police,state_labor_board,medium,100,POST-PI-PARALLEL-ROUND1-LANE2-2026-07-23,candidate_lead_planned_not_verified
VER-37460da65f139e310ea7,NSCQ-OH-20260720-0258,NSCQ-OH-20260720-0258,cog_2025_172615,172615,OH,Sidney,CITY OF SIDNEY,https://dam.assets.ohio.gov/image/upload/serb.ohio.gov/PDF/Contracts/2024/24-CON-02-2179.pdf,Agreement by and Between the City of Sidney and Ohio Patrolmen's Benevolent Association (O.P.B.A) Patrol Officers,cba,high,scheduled,high_priority_later_verify,URL-c6aef437a8c81715a978,1,primary,KEY-5c17bdbf0160317841c7,20309,2.493902,police,state_labor_board,high,100,POST-PI-PARALLEL-ROUND1-LANE2-2026-07-23,candidate_lead_planned_not_verified
VER-189485465d5048de6a57,NSCQ-OH-20260720-0262,NSCQ-OH-20260720-0262,cog_2025_172615,172615,OH,Sidney,CITY OF SIDNEY,https://dam.assets.ohio.gov/image/upload/serb.ohio.gov/PDF/Contracts/2020/20-MED-09-1080.pdf,"Agreement by and Between the City of Sidney, Ohio and AFSCME, Ohio Council Eight, Local 2429",cba,high,scheduled,high_priority_later_verify,URL-4d460e13cee7c5d10670,1,primary,KEY-895b8cfb2ca69a9ce03b,20309,2.493902,non_safety,state_labor_board,medium,100,POST-PI-PARALLEL-ROUND1-LANE2-2026-07-23,candidate_lead_planned_not_verified
VER-9238ca3891317f0cf279,NSCQ-OH-20260720-0287,NSCQ-OH-20260720-0287,cog_2025_194851,194851,OH,Forest Park,CITY OF FOREST PARK,https://dam.assets.ohio.gov/image/upload/serb.ohio.gov/PDF/Contracts/2018/18-MED-10-1145.pdf,"AGREEMENT BETWEEN CITY OF FOREST PARK and TRUCK DRIVERS, CHAUFFEURS, and HELPERS LOCAL UNION NO. 100 (Public Works Employees) (International Brotherhood of Teamsters)",cba,high,scheduled,high_priority_later_verify,URL-abac565cb28bd8b02cab,1,primary,KEY-59994df3b7d405e59a84,19839,2.493902,non_safety,state_labor_board,medium,97,POST-PI-PARALLEL-ROUND1-LANE2-2026-07-23,candidate_lead_planned_not_verified
VER-7194919cfcbfbaeba1e2,NSCQ-OH-20260720-0264,NSCQ-OH-20260720-0264,cog_2025_205124,205124,OH,Mayfield Heights,CITY OF MAYFIELD HEIGHTS,https://dam.assets.ohio.gov/image/upload/serb.ohio.gov/PDF/Contracts/2020/20-MED-10-1143.pdf,"Agreement Between the City of Mayfield Heights, Ohio and the Ohio Patrolmen’s Benevolent Association (OPBA) (Sergeants and Lieutenants) — SERB Case No. 2020-MED-10-1143",cba,high,scheduled,high_priority_later_verify,URL-6de48f587f4966833703,1,primary,KEY-9b589259c5e399fbd9c3,19793,2.493902,police,state_labor_board,medium,100,POST-PI-PARALLEL-ROUND1-LANE2-2026-07-23,candidate_lead_planned_not_verified
VER-c4e1259c906a61839e7b,NSCQ-OH-20260720-0288,NSCQ-OH-20260720-0288,cog_2025_209054,209054,OH,Whitehall,CITY OF WHITEHALL,https://dam.assets.ohio.gov/image/upload/serb.ohio.gov/PDF/Contracts/2016/16-MED-09-0866.pdf,Collective Bargaining Agreement (2017-2019) — City of Whitehall & FOP/OLC (full-time police),cba,high,scheduled,high_priority_later_verify,URL-33385514a80feec6b172,1,primary,KEY-0ae494d30ecec6920877,19727,2.493902,police,state_labor_board,medium,97,POST-PI-PARALLEL-ROUND1-LANE2-2026-07-23,candidate_lead_planned_not_verified
VER-9c7178fe5f6be900c902,NSCQ-OH-20260720-0267,NSCQ-OH-20260720-0267,cog_2025_110774,110774,OH,Oregon,CITY OF OREGON,https://dam.assets.ohio.gov/image/upload/serb.ohio.gov/PDF/Contracts/2021/21-MED-04-0625.pdf,"Collective Bargaining Agreement (OPPA) — City of Oregon, Ohio and Oregon Police Patrolmen's Association",cba,high,scheduled,high_priority_later_verify,URL-6075678eccb796e70173,1,primary,KEY-e407ae5f0a530078ddf8,19711,2.493902,police,state_labor_board,medium,100,POST-PI-PARALLEL-ROUND1-LANE2-2026-07-23,candidate_lead_planned_not_verified
VER-006f1f1e39e0698465ff,NSCQ-OH-20260720-0270,NSCQ-OH-20260720-0270,cog_2025_205122,205122,OH,Broadview Heights,CITY OF BROADVIEW HEIGHTS,https://dam.assets.ohio.gov/image/upload/serb.ohio.gov/PDF/Contracts/2020/20-MED-09-1047.pdf,"Labor Agreement Between THE CITY OF BROADVIEW HEIGHTS and THE FRATERNAL ORDER OF POLICE, PARMA LODGE NUMBER 15 (Patrol Officers) (Effective: January 1, 2021; Expires: December 31, 2023)",cba,high,scheduled,high_priority_later_verify,URL-2105f60fcabafb0bf177,1,primary,KEY-1023a982a8657a210b0f,19634,2.493902,police,state_labor_board,medium,100,POST-PI-PARALLEL-ROUND1-LANE2-2026-07-23,candidate_lead_planned_not_verified
VER-9bf6a725905a24877d6b,NSCQ-OH-20260720-0148,NSCQ-OH-20260720-0148,cog_2025_205144,205144,OH,Springboro,CITY OF SPRINGBORO,https://dam.assets.ohio.gov/image/upload/serb.ohio.gov/PDF/Contracts/2018/18-MED-09-0829.pdf,2019-2021 Final Agreement Between City of Springboro and OPBA,cba,high,scheduled,high_priority_later_verify,URL-4cef0121c021b2a4ea21,1,primary,KEY-dc3a08f6862a677b2c88,19475,2.493902,police,state_labor_board,medium,83,POST-PI-PARALLEL-ROUND1-LANE1-2026-07-23,candidate_lead_planned_not_verified
VER-4c33cd0890126cda27c6,NSCQ-OH-20260720-0292,NSCQ-OH-20260720-0292,cog_2025_194855,194855,OH,Sylvania,CITY OF SYLVANIA,https://dam.assets.ohio.gov/image/upload/serb.ohio.gov/PDF/Contracts/2021/21-MED-09-1089.pdf,"Collective Bargaining Agreement Between City of Sylvania and Sylvania Police Command Officer’s Association (SPCOA) (Represented by the Fraternal Order of Police, Ohio Labor Council, Inc.)",cba,high,scheduled,high_priority_later_verify,URL-8932312a4b3932ac1a57,1,primary,KEY-e4f83fd34cf9581289e9,19035,2.493902,police,state_labor_board,medium,91,POST-PI-PARALLEL-ROUND1-LANE2-2026-07-23,candidate_lead_planned_not_verified
VER-afbb17fe9f2454a9dee9,NSCQ-OH-20260720-0295,NSCQ-OH-20260720-0295,cog_2025_132388,132388,OH,Ashland,CITY OF ASHLAND,https://dam.assets.ohio.gov/image/upload/serb.ohio.gov/PDF/Contracts/2024/24-MED-10-1246.pdf,Collective Bargaining Agreement (City of Ashland & Ohio Patrolmen's Benevolent Association),cba,high,scheduled,high_priority_later_verify,URL-0fe2939b2d000d3d2256,1,primary,KEY-60a9ac25280d83a7a36b,18718,2.493902,police,state_labor_board,medium,78,POST-PI-PARALLEL-ROUND2-3X150-LANE1-2026-07-23,candidate_lead_planned_not_verified
VER-c849d3e17f780718c979,NSCQ-OH-20260720-0306,NSCQ-OH-20260720-0306,cog_2025_110766,110766,OH,Pataskala,CITY OF PATASKALA,https://dam.assets.ohio.gov/image/upload/serb.ohio.gov/PDF/FF_Reports/2020/20-MED-09-0983.pdf,"Fact-Finding Report (Findings and Recommendations) in the matter of Fraternal Order of Police, Ohio Labor Council, Inc. and City of Pataskala (February 23, 2021)",factfinding,high,scheduled,high_priority_later_verify,URL-eb6a1e9298ac29d5ffa6,1,primary,KEY-bd79ec7181deac7c0a54,18346,2.493902,police,state_labor_board,medium,97,POST-PI-PARALLEL-ROUND2-3X150-LANE1-2026-07-23,candidate_lead_planned_not_verified
VER-e32c024c44097e8ce1bb,NSCQ-OH-20260720-0309,NSCQ-OH-20260720-0309,cog_2025_110766,110766,OH,Pataskala,CITY OF PATASKALA,https://www.cityofpataskalaohio.gov/wp-content/uploads/2023/08/Resolution-2023-067-Establishing-the-2023-2025-Pay-Matrix-non-union-employees-1.pdf,Resolution 2023-067 Establishing the 2023-2025 Pay Matrix for non-union employees (and reflecting negotiated bargaining unit effects),wage_schedule_or_compensation_plan,high,scheduled,high_priority_later_verify,URL-a20b2ddd1976b77c57bb,1,primary,KEY-b6c0684098e53782982f,18346,2.493902,non_safety,city,medium,97,POST-PI-PARALLEL-ROUND2-3X150-LANE1-2026-07-23,candidate_lead_planned_not_verified
VER-318c059c07a3a7cd88ce,NSCQ-OH-20260720-0139,NSCQ-OH-20260720-0139,cog_2025_132529,132529,OH,Tallmadge,CITY OF TALLMADGE,https://www.tallmadgeoh.gov/DocumentCenter/View/5934/2024-75?bidId=,"Ordinance 2024-75 (IAFF CBA) — IAFF Local No. 2764 — Effective Jan 1, 2025; Expires Dec 31, 2027",cba,high,scheduled,high_priority_later_verify,URL-d39b83ea9c2ad3e0eebd,1,primary,KEY-c891c75e782fe509ed9e,18317,2.493902,fire,city,medium,82,POST-PI-PARALLEL-ROUND1-LANE1-2026-07-23,candidate_lead_planned_not_verified
VER-9ebe751c6ac39b2235be,NSCQ-OH-20260720-0347,NSCQ-OH-20260720-0347,cog_2025_132532,132532,OH,Niles,CITY OF NILES,https://dam.assets.ohio.gov/image/upload/serb.ohio.gov/PDF/Contracts/2014/14-MED-09-1277.pdf,Collective Bargaining Agreement (City of Niles & International Association of Fire Fighters / Local 320),cba,high,scheduled,high_priority_later_verify,URL-37941a307841a080b196,1,primary,KEY-1d81ee4082ea84f1dfec,18256,2.493902,fire,state_labor_board,medium,100,POST-PI-PARALLEL-ROUND2-3X150-LANE1-2026-07-23,candidate_lead_planned_not_verified
VER-32d7dccae4dc9ee67ad3,NSCQ-OH-20260720-0315,NSCQ-OH-20260720-0315,cog_2025_132467,132467,OH,Steubenville,CITY OF STEUBENVILLE,https://dam.assets.ohio.gov/image/upload/serb.ohio.gov/PDF/Contracts/2021/21-CON-03-1221.pdf,"Contract Between City of Steubenville, Ohio, and Steubenville Fire Fighters Union Local No. 228, I.A.F.F., O.A.P.F.F., AFL-CIO (SERB Contract document, PDF title page)",cba,high,scheduled,high_priority_later_verify,URL-9795c71c79da3d7db302,1,primary,KEY-bb30f549870a8731f6aa,18064,2.493902,fire,state_labor_board,medium,100,POST-PI-PARALLEL-ROUND2-3X150-LANE1-2026-07-23,candidate_lead_planned_not_verified
VER-f0079a18838426b55551,NSCQ-OH-20260720-0318,NSCQ-OH-20260720-0318,cog_2025_172356,172356,OH,Brook Park,CITY OF BROOK PARK,https://dam.assets.ohio.gov/image/upload/serb.ohio.gov/PDF/Contracts/2023/23-MED-08-0622.pdf,"Collective Bargaining Agreement — City of Brook Park and Brook Park Firefighters Association, Local 1141 (IAFF)",cba,high,scheduled,high_priority_later_verify,URL-6dc40e2c2e2a34ce6a2c,1,primary,KEY-f53d830c0bd9204406f1,18063,2.493902,fire,state_labor_board,high,100,POST-PI-PARALLEL-ROUND2-3X150-LANE1-2026-07-23,candidate_lead_planned_not_verified
VER-8135c3af0b7304d5a400,NSCQ-OH-20260720-0322,NSCQ-OH-20260720-0322,cog_2025_132413,132413,OH,Berea,CITY OF BEREA,https://dam.assets.ohio.gov/image/upload/serb.ohio.gov/PDF/Contracts/2023/23-MED-05-0448.pdf,"Collective Bargaining Agreement (Fraternal Order of Police, Lodge 15 - Secretaries within the Police Department) — City of Berea, Ohio",cba,high,scheduled,high_priority_later_verify,URL-0bcf46511ffa7d42ad5c,1,primary,KEY-af3aabb8dcbbc46dd523,17922,2.493902,non_safety,state_labor_board,medium,97,POST-PI-PARALLEL-ROUND2-3X150-LANE1-2026-07-23,candidate_lead_planned_not_verified
VER-33da8809f64d42b6149e,NSCQ-OH-20260720-0331,NSCQ-OH-20260720-0331,cog_2025_194856,194856,OH,Ashtabula,CITY OF ASHTABULA,https://dam.assets.ohio.gov/image/upload/serb.ohio.gov/PDF/Contracts/2022/22-MED-09-0839.pdf,"Collective Bargaining Agreement (City of Ashtabula, Ohio) and Local #165, International Association of Firefighters (AFL-CIO-CLC)",cba,high,scheduled,high_priority_later_verify,URL-422b4b966dee1b55600e,1,primary,KEY-a9087b5767f431edc773,17785,2.493902,fire,state_labor_board,medium,97,POST-PI-PARALLEL-ROUND2-3X150-LANE1-2026-07-23,candidate_lead_planned_not_verified
VER-a36c4faca4e80f3cb325,NSCQ-OH-20260720-0334,NSCQ-OH-20260720-0334,cog_2025_172581,172581,OH,Aurora,CITY OF AURORA,https://dam.assets.ohio.gov/image/upload/serb.ohio.gov/PDF/Contracts/2024/24-CON-04-1956.pdf,"Agreement between the City of Aurora, Ohio and Aurora City Fire Fighters, Local 2488, International Association of Fire Fighters (IAFF)",cba,high,scheduled,high_priority_later_verify,URL-6c950b81179ced120eb1,1,primary,KEY-2f1825aeacc1b91b3626,17717,2.493902,fire,state_labor_board,medium,97,POST-PI-PARALLEL-ROUND2-3X150-LANE1-2026-07-23,candidate_lead_planned_not_verified
VER-53420eae19d892351cdd,NSCQ-OH-20260720-0337,NSCQ-OH-20260720-0337,cog_2025_132526,132526,OH,North Canton,CITY OF NORTH CANTON,https://northcantonohio.gov/DocumentCenter/View/5883/Resolution-No-042-2022-Service-Workers-CBA,Resolution 42 - 2022 (approving collective bargaining agreement between the City of North Canton and the North Canton Service Employees) (Exhibit A) (Service Employees CBA),cba,high,scheduled,high_priority_later_verify,URL-c226cd1ba6dec5a82dfe,1,primary,KEY-528789813fefbf118d95,17637,2.493902,non_safety,city,medium,97,POST-PI-PARALLEL-ROUND2-3X150-LANE1-2026-07-23,candidate_lead_planned_not_verified
VER-f3ccd8750f0ffb885736,NSCQ-OH-20260720-0340,NSCQ-OH-20260720-0340,cog_2025_132521,132521,OH,Tiffin,CITY OF TIFFIN,https://dam.assets.ohio.gov/image/upload/serb.ohio.gov/PDF/Contracts/2016/16-MED-09-0850.pdf,"Agreement — AFSCME Local 583 Ohio Council 8 — and the City of Tiffin — Effective January 1, 2017 Through December 31, 2019",cba,high,scheduled,high_priority_later_verify,URL-6323e0bd9ba55ab06b82,1,primary,KEY-c18aff831670c077346a,17603,2.493902,non_safety,state_labor_board,high,100,POST-PI-PARALLEL-ROUND2-3X150-LANE1-2026-07-23,candidate_lead_planned_not_verified
VER-e3a104ab88192e561835,NSCQ-OH-20260720-0343,NSCQ-OH-20260720-0343,cog_2025_172605,172605,OH,Portsmouth,CITY OF PORTSMOUTH,https://dam.assets.ohio.gov/image/upload/serb.ohio.gov/PDF/FF_Reports/2019/19-MED-10-1202.pdf,Report and Recommendations of the Fact-Finder (Firefighters) - City of Portsmouth & IAFF Local 9,factfinding,high,scheduled,high_priority_later_verify,URL-16c4a3dcb257b123fa49,1,primary,KEY-6b10ea34501e8d669ce5,17555,2.493902,fire,state_labor_board,medium,100,POST-PI-PARALLEL-ROUND2-3X150-LANE1-2026-07-23,candidate_lead_planned_not_verified
VER-50a02680c22acc6d9087,NSCQ-OH-20260720-0349,NSCQ-OH-20260720-0349,cog_2025_172641,172641,OH,New Philadelphia,CITY OF NEW PHILADELPHIA,https://dam.assets.ohio.gov/image/upload/serb.ohio.gov/PDF/Contracts/2021/21-MED-09-1075.pdf,"Collective Bargaining Agreement (Police Department) — City of New Philadelphia (FOP/Ohio Labor Council, Inc.)",cba,high,scheduled,high_priority_later_verify,URL-754ea0770f0681c46be4,1,primary,KEY-e236fdf09fdf0c3bfb1e,17440,2.493902,police,state_labor_board,high,94,POST-PI-PARALLEL-ROUND2-3X150-LANE1-2026-07-23,candidate_lead_planned_not_verified
VER-d82f2cfc56be6261f798,NSCQ-OH-20260720-0355,NSCQ-OH-20260720-0355,cog_2025_191172,191172,OH,Eastlake,CITY OF EASTLAKE,https://dam.assets.ohio.gov/image/upload/serb.ohio.gov/PDF/Contracts/2019/19-MED-10-1107.pdf,"AGREEMENT BETWEEN THE CITY OF EASTLAKE AND THE INTERNATIONAL ASSOCIATION OF FIRE FIGHTERS (IAFF) LOCAL 2860, AFL-CIO",cba,high,scheduled,high_priority_later_verify,URL-42040bb8e5e8f73bb366,1,primary,KEY-3bb6bfc780629c16a261,17363,2.493902,fire,state_labor_board,medium,100,POST-PI-PARALLEL-ROUND2-3X150-LANE1-2026-07-23,candidate_lead_planned_not_verified
VER-8c54f43a82bec1e98dc7,NSCQ-OH-20260720-0363,NSCQ-OH-20260720-0363,cog_2025_172382,172382,OH,Defiance,CITY OF DEFIANCE,https://dam.assets.ohio.gov/image/upload/serb.ohio.gov/PDF/Contracts/2016/16-MED-04-0421.pdf,"Agreement Between the City of Defiance, Ohio and A.F.S.C.M.E. Local #2213",cba,high,scheduled,high_priority_later_verify,URL-d97fbc5428c483345c82,1,primary,KEY-2943c8bb9fe1d3328dbe,17043,2.493902,non_safety,state_labor_board,low,89,POST-PI-PARALLEL-ROUND2-3X150-LANE1-2026-07-23,candidate_lead_planned_not_verified
VER-82b0b9d0680dea5a0786,NSCQ-OH-20260720-0366,NSCQ-OH-20260720-0366,cog_2025_172360,172360,OH,Fairview Park,CITY OF FAIRVIEW PARK,https://dam.assets.ohio.gov/image/upload/serb.ohio.gov/PDF/Contracts/2016/16-MED-09-1006.pdf,"Collective Bargaining Agreement — City of Fairview Park, Ohio and IAFF Local 1057",cba,high,scheduled,high_priority_later_verify,URL-370dbe3ec8083589504a,1,primary,KEY-3e3cc1a0b3e186ade827,16785,2.493902,fire,state_labor_board,medium,100,POST-PI-PARALLEL-ROUND2-3X150-LANE1-2026-07-23,candidate_lead_planned_not_verified
VER-060f1051163883130ec2,NSCQ-OH-20260720-0375,NSCQ-OH-20260720-0375,cog_2025_172478,172478,OH,Mount Vernon,CITY OF MOUNT VERNON,https://dam.assets.ohio.gov/image/upload/serb.ohio.gov/PDF/Contracts/2021/21-MED-01-0075.pdf,"AGREEMENT between THE CITY OF MOUNT VERNON and the IAFF (Mount Vernon Firefighters and Paramedics Local 3712) — Effective Jan 1, 2021 to June 30, 2022; duration clause and wage-setting language",cba,high,scheduled,high_priority_later_verify,URL-f8e2817455bf190625b1,1,primary,KEY-0631061718a47eb4b2fd,16551,2.493902,fire,state_labor_board,medium,97,POST-PI-PARALLEL-ROUND2-3X150-LANE1-2026-07-23,candidate_lead_planned_not_verified
VER-33df0d595f0437e5cc91,NSCQ-OH-20260720-0378,NSCQ-OH-20260720-0378,cog_2025_172603,172603,OH,Fremont,CITY OF FREMONT,https://dam.assets.ohio.gov/image/upload/serb.ohio.gov/PDF/Contracts/2019/19-MED-10-1232.pdf,Memorandum of Understanding (City of Fremont and IAFF Local 328) — Firefighters — SERB PDF Contract,cba,high,scheduled,high_priority_later_verify,URL-8a7843a317528956c909,1,primary,KEY-870d8bbda17ba084817c,15812,2.493902,fire,state_labor_board,high,100,POST-PI-PARALLEL-ROUND2-3X150-LANE1-2026-07-23,candidate_lead_planned_not_verified
VER-da592bf4e3cf781afd3e,NSCQ-OH-20260720-0384,NSCQ-OH-20260720-0384,cog_2025_172365,172365,OH,Middleburg Heights,CITY OF MIDDLEBURG HEIGHTS,https://dam.assets.ohio.gov/image/upload/serb.ohio.gov/PDF/Contracts/2019/19-MED-10-1231.pdf,"Collective Bargaining Agreement — City of Middleburg Heights, Ohio and Local Association of Public Service Workers (Service Department)",cba,high,scheduled,high_priority_later_verify,URL-5dfb20be876c2cce9700,1,primary,KEY-dfad2f7164ce4c66d6df,15597,2.493902,non_safety,state_labor_board,medium,91,POST-PI-PARALLEL-ROUND2-3X150-LANE1-2026-07-23,candidate_lead_planned_not_verified
VER-77edf9ce73088435579d,NSCQ-OH-20260720-0386,NSCQ-OH-20260720-0386,cog_2025_172576,172576,OH,Circleville,CITY OF CIRCLEVILLE,https://dam.assets.ohio.gov/image/upload/serb.ohio.gov/PDF/Contracts/2017/17-MED-10-1274.pdf,"2018-2020 Final Agreement Between City of Circleville and OPBA (Police Communications Officers/Jailers, Parking Enforcement Officer, and Police Patrol Officers)",cba,high,scheduled,high_priority_later_verify,URL-2e64a5926067c5604a7f,1,primary,KEY-a6720c898960b1533352,14452,2.493902,police,state_labor_board,high,100,POST-PI-PARALLEL-ROUND2-3X150-LANE1-2026-07-23,candidate_lead_planned_not_verified
VER-2994a0f180ac346d7328,NSCQ-OH-20260720-0389,NSCQ-OH-20260720-0389,cog_2025_172576,172576,OH,Circleville,CITY OF CIRCLEVILLE,https://dam.assets.ohio.gov/image/upload/serb.ohio.gov/PDF/Contracts/2024/24-MED-04-0515.pdf,"Collective Bargaining Agreement by and between City of Circleville, Ohio and The Non-Uniformed Employees Organization (NUEO) (Effective May 12, 2024 - May 8, 2027)",cba,high,scheduled,high_priority_later_verify,URL-dae4cdf0da79804f527d,1,primary,KEY-0f3025b82ea1bda67b1f,14452,2.493902,non_safety,state_labor_board,high,100,POST-PI-PARALLEL-ROUND2-3X150-LANE1-2026-07-23,candidate_lead_planned_not_verified
VER-0a5242b166565f8a886d,NSCQ-OH-20260720-0392,NSCQ-OH-20260720-0392,cog_2025_172399,172399,OH,Washington Court House,CITY OF WASHINGTON COURT HOUSE,https://dam.assets.ohio.gov/image/upload/serb.ohio.gov/PDF/Contracts/2019/19-MED-05-0551.pdf,Collective Bargaining Agreement — International Association of Fire Fighters Local 699 — City of Washington Court House (SERB Case No. 2019-MED-05-0551),cba,high,scheduled,high_priority_later_verify,URL-9f97920d1a5fc9756ae8,1,primary,KEY-00ef111105e18d6aac18,14412,2.493902,fire,state_labor_board,medium,100,POST-PI-PARALLEL-ROUND2-3X150-LANE2-2026-07-23,candidate_lead_planned_not_verified
VER-55ab32058cfadceeb03c,NSCQ-OH-20260720-0396,NSCQ-OH-20260720-0396,cog_2025_132472,132472,OH,Willowick,CITY OF WILLOWICK,https://dam.assets.ohio.gov/image/upload/serb.ohio.gov/PDF/FF_Reports/2018/18-MED-08-0689.pdf,"Fact-Finding Report — City of Willowick and Fraternal Order of Police (issues include wages) (report dated 2019; agreement language discusses term to Dec. 31, 2021)",factfinding,high,scheduled,high_priority_later_verify,URL-89f75d704be5380abbee,1,primary,KEY-4c19ece3aa277c8e1ab0,14123,2.493902,police,state_labor_board,medium,100,POST-PI-PARALLEL-ROUND2-3X150-LANE2-2026-07-23,candidate_lead_planned_not_verified
VER-66be8053165ed7360524,NSCQ-OH-20260720-0401,NSCQ-OH-20260720-0401,cog_2025_110768,110768,OH,Bellefontaine,CITY OF BELLEFONTAINE,https://dam.assets.ohio.gov/image/upload/serb.ohio.gov/PDF/Contracts/2017/17-MED-09-1104.pdf,2018-2020 Agreement Between City of Bellefontaine and IAFF 351,cba,high,scheduled,high_priority_later_verify,URL-b67f37d8ef0a0cfe318d,1,primary,KEY-6ed44b23814155f33dba,14073,2.493902,fire,state_labor_board,medium,90,POST-PI-PARALLEL-ROUND2-3X150-LANE2-2026-07-23,candidate_lead_planned_not_verified
VER-e3a3e4f6436fee66a573,NSCQ-OH-20260720-0411,NSCQ-OH-20260720-0411,cog_2025_172354,172354,OH,Brecksville,CITY OF BRECKSVILLE,https://dam.assets.ohio.gov/image/upload/serb.ohio.gov/PDF/FF_Reports/2022/22-MED-09-1018.pdf,Fact-Finding Report — SERB Case No. 2022-MED-09-1018 (OPBA / City of Brecksville),factfinding,high,scheduled,high_priority_later_verify,URL-9455ebaa2f3770aaa886,1,primary,KEY-bd32c08bb729983f46d4,13850,2.493902,police,state_labor_board,high,100,POST-PI-PARALLEL-ROUND2-3X150-LANE2-2026-07-23,candidate_lead_planned_not_verified
VER-f40434714e7913547e6e,NSCQ-OH-20260720-0438,NSCQ-OH-20260720-0438,cog_2025_209098,209098,OH,New Franklin,CITY OF NEW FRANKLIN,https://dam.assets.ohio.gov/image/upload/serb.ohio.gov/PDF/Contracts/2021/21-MED-06-0799.pdf,Collective Bargaining Agreement between City of New Franklin and Ohio Patrolmen’s Benevolent Association (Patrol/Corporal and Sergeant/Lieutenant Units),cba,high,scheduled,high_priority_later_verify,URL-3b8befc8686d0dff1752,1,primary,KEY-a05a055372be7d58aa3c,13788,2.493902,police,state_labor_board,high,94,POST-PI-PARALLEL-ROUND2-3X150-LANE2-2026-07-23,candidate_lead_planned_not_verified
VER-a4bc4d43127497612860,NSCQ-OH-20260720-0478,NSCQ-OH-20260720-0478,cog_2025_172319,172319,OH,Trenton,CITY OF TRENTON,https://trentonoh.gov/DocumentCenter/View/70/2023-to-2025-Patrol-Collective-Bargaining-Agreement-PDF,OPBA and City of Trenton Patrol Officers Final Agreement 2023-2025,cba,high,scheduled,high_priority_later_verify,URL-3a73dea16274d2192a13,1,primary,KEY-d4c98c5b92e8e855dbae,13758,2.493902,police,city,medium,85,POST-PI-PARALLEL-ROUND2-3X150-LANE2-2026-07-23,candidate_lead_planned_not_verified
VER-b1556910a1dea081f659,NSCQ-OH-20260720-0419,NSCQ-OH-20260720-0419,cog_2025_172351,172351,OH,Beachwood,CITY OF BEACHWOOD,https://dam.assets.ohio.gov/image/upload/serb.ohio.gov/PDF/Contracts/2023/23-MED-08-0595.pdf,"Collective Bargaining Agreement Between CITY OF BEACHWOOD, OHIO and Laborers' International Union of North America, Local 860 (Public Works) (Effective November 1, 2023 through October 31, 2026)",cba,high,scheduled,high_priority_later_verify,URL-5d255c1b7dd2097f72e4,1,primary,KEY-2f3fe78b6f805ba58ec0,13734,2.493902,non_safety,state_labor_board,high,100,POST-PI-PARALLEL-ROUND2-3X150-LANE2-2026-07-23,candidate_lead_planned_not_verified
VER-bfa764a425215a3e41b2,NSCQ-OH-20260720-0422,NSCQ-OH-20260720-0422,cog_2025_110723,110723,OH,Lyndhurst,CITY OF LYNDHURST,https://dam.assets.ohio.gov/image/upload/serb.ohio.gov/PDF/Contracts/2020/20-MED-10-1146.pdf,Collective Bargaining Agreement — City of Lyndhurst (Firefighters Local 1676),cba,high,scheduled,high_priority_later_verify,URL-e3c5f9bf11e092fd4876,1,primary,KEY-1c391a6324b996c5f58a,13641,2.493902,fire,state_labor_board,medium,100,POST-PI-PARALLEL-ROUND2-3X150-LANE2-2026-07-23,candidate_lead_planned_not_verified
VER-67a8570cac52a1e3d4bc,NSCQ-OH-20260720-0427,NSCQ-OH-20260720-0427,cog_2025_191174,191174,OH,Maumee,CITY OF MAUMEE,https://www.maumee.org/DocumentCenter/View/1157/Salaries-Compensation-Benefits-Terms-and-Conditions-of-Employment-of-Administrative-Support-Personnel-PDF,"Salaries, Compensation, Benefits, Terms and Conditions of Employment of Administrative Support Personnel (Administrative Support Personnel; Ordinance 044-2023 Amended 12.2.2024)",ordinance_or_policy,high,scheduled,high_priority_later_verify,URL-646603d78663a9c20800,1,primary,KEY-a133b81601fa71568262,13633,2.493902,non_safety,city,medium,94,POST-PI-PARALLEL-ROUND2-3X150-LANE2-2026-07-23,candidate_lead_planned_not_verified
VER-3be5b193502f4fe26bb0,NSCQ-OH-20260720-0431,NSCQ-OH-20260720-0431,cog_2025_172372,172372,OH,Warrensville Heights,CITY OF WARRENSVILLE HEIGHTS,https://dam.assets.ohio.gov/image/upload/serb.ohio.gov/PDF/Contracts/2021/21-MED-10-1385.pdf,"Collective Bargaining Agreement between City of Warrensville Heights, Ohio and Local 25-M of the Graphic Communications Conference of the International Brotherhood of Teamsters of District Council 3",cba,high,scheduled,high_priority_later_verify,URL-e8b31480aacad960b092,1,primary,KEY-5465ddd1507161cd3cfc,13388,2.493902,non_safety,state_labor_board,medium,97,POST-PI-PARALLEL-ROUND2-3X150-LANE2-2026-07-23,candidate_lead_planned_not_verified
VER-a4ac00312d0f0a2b5876,NSCQ-OH-20260720-0434,NSCQ-OH-20260720-0434,cog_2025_172359,172359,OH,East Cleveland,CITY OF EAST CLEVELAND,https://dam.assets.ohio.gov/image/upload/serb.ohio.gov/PDF/FF_Reports/2023/23-MED-09-0803.pdf,Fact-Finding Report — City of East Cleveland / IAFF (Firefighters) (Fact Finder Thomas J. Nowel) (SERB Fact-Finding Report),factfinding,high,scheduled,high_priority_later_verify,URL-fbb378df1190734b67ea,1,primary,KEY-b34ad1f882fc10e84a43,13352,2.493902,fire,state_labor_board,medium,91,POST-PI-PARALLEL-ROUND2-3X150-LANE2-2026-07-23,candidate_lead_planned_not_verified
VER-25534a171669d441395b,NSCQ-OH-20260720-0488,NSCQ-OH-20260720-0488,cog_2025_172544,172544,OH,Englewood,CITY OF ENGLEWOOD,https://dam.assets.ohio.gov/image/upload/serb.ohio.gov/PDF/Contracts/2021/21-MED-11-1562.pdf,"Collective Bargaining Agreement (Firefighters/Paramedics) — International Association of Firefighters (IAFF) and City of Englewood, Ohio",cba,high,scheduled,high_priority_later_verify,URL-d72b945f17a1c20dc091,1,primary,KEY-7568f16e91589fadedd2,13249,2.493902,fire,state_labor_board,medium,97,POST-PI-PARALLEL-ROUND2-3X150-LANE3-2026-07-23,candidate_lead_planned_not_verified
VER-538204f640d7850d442c,NSCQ-OH-20260720-0495,NSCQ-OH-20260720-0495,cog_2025_132491,132491,OH,Clayton,CITY OF CLAYTON,https://clayton.oh.us/DocumentCenter/View/3375/Firefighter-Contract-2019-2022,Firefighter Contract 2019-2022,cba,high,scheduled,high_priority_later_verify,URL-d122eec2ca9ff6ba31f6,1,primary,KEY-1f51cea77fe6c351dcbb,13222,2.493902,fire,city,low,95,POST-PI-PARALLEL-ROUND2-3X150-LANE3-2026-07-23,candidate_lead_planned_not_verified
VER-6f3e433969e70d7b76f7,NSCQ-OH-20260720-0437,NSCQ-OH-20260720-0437,cog_2025_213199,213199,OH,University Heights,CITY OF UNIVERSITY HEIGHTS,https://www.universityheights.com/wp-content/uploads/2021/04/Council-Packet-for-05.03.2021.pdf,City of University Heights Council Packet for 05.03.2021 (includes manual section stating a City Council-established Compensation Plan with wage ranges/grades and that compensation for employees covered by collective bargaining agreements is paid per the applicable CBA),wage_schedule_or_compensation_plan,high,scheduled,high_priority_later_verify,URL-2eaa8cd088028b3cf732,1,primary,KEY-f10199c1540e6643744f,13203,2.493902,non_safety,city,medium,88,POST-PI-PARALLEL-ROUND2-3X150-LANE2-2026-07-23,candidate_lead_planned_not_verified
VER-ff88b2211e50d08fc3c3,NSCQ-OH-20260720-0441,NSCQ-OH-20260720-0441,cog_2025_186953,186953,OH,Marietta,CITY OF MARIETTA,https://dam.assets.ohio.gov/image/upload/serb.ohio.gov/PDF/Contracts/2020/20-MED-07-0706.pdf,"Collective Bargaining Agreement (Agreement between the City of Marietta, Ohio and the Fraternal Order of Police, Ohio Labor Council, Inc.)",cba,high,scheduled,high_priority_later_verify,URL-95948c500cf6639430b0,1,primary,KEY-c9f4d3a6ece00ff7057c,13090,2.493902,police,state_labor_board,medium,100,POST-PI-PARALLEL-ROUND2-3X150-LANE2-2026-07-23,candidate_lead_planned_not_verified
VER-65a82215b73c4907d5d6,NSCQ-OH-20260720-0232,NSCQ-OH-20260720-0232,cog_2025_194852,194852,OH,Fostoria,CITY OF FOSTORIA,https://dam.assets.ohio.gov/image/upload/serb.ohio.gov/PDF/Contracts/2019/19-MED-10-1109.pdf,"AGREEMENT BETWEEN THE CITY OF FOSTORIA AND OHIO PATROLMEN’S BENEVOLENT ASSOCIATION REGULAR, FULL–TIME PATROL OFFICERS AND DETECTIVES",cba,high,scheduled,high_priority_later_verify,URL-fdb294b5165f14e0fa08,1,primary,KEY-779710741dd898f2dc6f,13039,2.493902,police,state_labor_board,high,100,POST-PI-PARALLEL-ROUND1-LANE2-2026-07-23,candidate_lead_planned_not_verified
VER-c5385b5c3db0d7fc671c,NSCQ-OH-20260720-0447,NSCQ-OH-20260720-0447,cog_2025_110817,110817,OH,Dover,CITY OF DOVER,https://dam.assets.ohio.gov/image/upload/serb.ohio.gov/PDF/Contracts/2020/20-MED-09-0973.pdf,"Collective Bargaining Agreement (City of Dover, OH & Fraternal Order of Police, Lodge 4 - Dover Division) — Effective January 01, 2021 Through December 31, 2023",cba,high,scheduled,high_priority_later_verify,URL-0fba88c34ec3bce54f01,1,primary,KEY-b99cc0c3890c25a9ab50,12985,2.493902,police,state_labor_board,medium,91,POST-PI-PARALLEL-ROUND2-3X150-LANE2-2026-07-23,candidate_lead_planned_not_verified
VER-176e39c08192c36f5977,NSCQ-OH-20260720-0450,NSCQ-OH-20260720-0450,cog_2025_205132,205132,OH,Amherst,CITY OF AMHERST,https://dam.assets.ohio.gov/image/upload/serb.ohio.gov/PDF/Contracts/2022/22-MED-09-0966.pdf,Amherst OPBA (Full-Time Dispatchers) Collective Bargaining Agreement,cba,high,scheduled,high_priority_later_verify,URL-975c7a1371d2e169e4e3,1,primary,KEY-c9f2ef79f5bf4f5a48a7,12928,2.493902,police,state_labor_board,high,94,POST-PI-PARALLEL-ROUND2-3X150-LANE2-2026-07-23,candidate_lead_planned_not_verified
VER-dea90c23bbd40c6db972,NSCQ-OH-20260720-0469,NSCQ-OH-20260720-0469,cog_2025_172400,172400,OH,Bexley,CITY OF BEXLEY,https://dam.assets.ohio.gov/image/upload/serb.ohio.gov/PDF/Contracts/2023/23-MED-10-0979.pdf,2024–2026 Final CBA Between City of Bexley and Fraternal Order of Police Capital City Lodge No. 9,cba,high,scheduled,high_priority_later_verify,URL-20c1987c6e0884a28f69,1,primary,KEY-77cb46b791940005a233,12785,2.493902,police,state_labor_board,high,100,POST-PI-PARALLEL-ROUND2-3X150-LANE2-2026-07-23,candidate_lead_planned_not_verified
VER-d2bac1cb5ca4258709aa,NSCQ-OH-20260720-0472,NSCQ-OH-20260720-0472,cog_2025_172400,172400,OH,Bexley,CITY OF BEXLEY,https://dam.assets.ohio.gov/image/upload/serb.ohio.gov/PDF/Contracts/2021/21-MED-07-0851.pdf,2022-2024 Agreement Between City of Bexley and Ohio Council 8 AFSCME AFL-CIO and Local 3838 AFSCME,cba,high,scheduled,high_priority_later_verify,URL-c9091732d7726ee43543,1,primary,KEY-821ce61c3794939954c6,12785,2.493902,non_safety,state_labor_board,high,100,POST-PI-PARALLEL-ROUND2-3X150-LANE2-2026-07-23,candidate_lead_planned_not_verified
VER-adde6dacd07057e8e71d,NSCQ-OH-20260720-0454,NSCQ-OH-20260720-0454,cog_2025_110719,110719,OH,Bedford,CITY OF BEDFORD,https://dam.assets.ohio.gov/image/upload/serb.ohio.gov/PDF/Contracts/2023/23-MED-08-0643.pdf,"CONTRACT BETWEEN THE CITY OF BEDFORD, OHIO AND OHIO COUNCIL 8 AND LOCAL 2007 AMERICAN FEDERATION OF STATE, COUNTY AND MUNICIPAL EMPLOYEES, AFL-CIO (EFFECTIVE: JANUARY 1, 2024; EXPIRES: DECEMBER 31, 2026)",cba,high,scheduled,high_priority_later_verify,URL-6d891be7a3607600f21d,1,primary,KEY-e445c9e5169c6fc153ca,12767,2.493902,non_safety,state_labor_board,medium,100,POST-PI-PARALLEL-ROUND2-3X150-LANE2-2026-07-23,candidate_lead_planned_not_verified
VER-a08567d742808dcc350c,NSCQ-OH-20260720-0457,NSCQ-OH-20260720-0457,cog_2025_110728,110728,OH,Greenville,CITY OF GREENVILLE,https://dam.assets.ohio.gov/image/upload/serb.ohio.gov/PDF/Contracts/2021/21-MED-09-1166.pdf,"Collective Bargaining Agreement (City of Greenville, Ohio) and Greenville Firefighters Local 1101",cba,high,scheduled,high_priority_later_verify,URL-7263cefac966604d7fec,1,primary,KEY-35f06b2a1a0467d2d0c0,12696,2.493902,fire,state_labor_board,medium,100,POST-PI-PARALLEL-ROUND2-3X150-LANE2-2026-07-23,candidate_lead_planned_not_verified
VER-57eac6ddada228cd33fe,NSCQ-OH-20260720-0464,NSCQ-OH-20260720-0464,cog_2025_186937,186937,OH,Wickliffe,CITY OF WICKLIFFE,https://dam.assets.ohio.gov/image/upload/serb.ohio.gov/PDF/Contracts/2021/21-MED-09-1110.pdf,"Collective Bargaining Agreement (City of Wickliffe, Ohio) — International Association of City of Wickliffe, Ohio Firefighters, Local 1536",cba,high,scheduled,high_priority_later_verify,URL-9f78fd3079dc1411a901,1,primary,KEY-5f59150fc8047e22cc0d,12616,2.493902,fire,state_labor_board,medium,100,POST-PI-PARALLEL-ROUND2-3X150-LANE2-2026-07-23,candidate_lead_planned_not_verified
VER-5eff244df8030e9c1b25,NSCQ-OH-20260720-0468,NSCQ-OH-20260720-0468,cog_2025_202327,202327,OH,Wilmington,CITY OF WILMINGTON,https://dam.assets.ohio.gov/image/upload/serb.ohio.gov/PDF/Contracts/2021/21-MED-09-1071.pdf,Collective Bargaining Agreement (City of Wilmington) & FOP (dispatcher/communications unit) — 21-MED-09-1071,cba,high,scheduled,high_priority_later_verify,URL-92e5565b1c524d95305a,1,primary,KEY-5f2e2a58a63c60014e22,12600,2.493902,police,state_labor_board,medium,85,POST-PI-PARALLEL-ROUND2-3X150-LANE2-2026-07-23,candidate_lead_planned_not_verified
VER-d3c9901437af1831cd2c,NSCQ-OH-20260720-0475,NSCQ-OH-20260720-0475,cog_2025_191156,191156,OH,Conneaut,CITY OF CONNEAUT,https://dam.assets.ohio.gov/image/upload/serb.ohio.gov/PDF/Contracts/2018/18-MED-06-0582.pdf,Collective Bargaining Agreement (IAFF Local 651) - City of Conneaut,cba,high,scheduled,high_priority_later_verify,URL-485cb02b4f846fbccfe0,1,primary,KEY-58c72610b1b805d76273,12360,2.493902,fire,state_labor_board,medium,100,POST-PI-PARALLEL-ROUND2-3X150-LANE2-2026-07-23,candidate_lead_planned_not_verified
VER-a01fd3aa12ffe05a3ce0,NSCQ-OH-20260720-0498,NSCQ-OH-20260720-0498,cog_2025_132531,132531,OH,Macedonia,CITY OF MACEDONIA,https://www.macedonia.oh.us/home/showpublisheddocument/1786/638459399526400000,"Ordinance No. 20 - 2024 — Establishing the Current Compensation Schedule for the Non-Union Employees of the City of Macedonia, Ohio (includes compensation range tables effective Jan 1, 2023 and Jan 1, 2024)",ordinance_or_policy,high,scheduled,high_priority_later_verify,URL-acd816bcb6861642709d,1,primary,KEY-a1348f5b7bb8a2a244fb,12025,2.493902,non_safety,city,high,85,POST-PI-PARALLEL-ROUND2-3X150-LANE3-2026-07-23,candidate_lead_planned_not_verified
VER-f998cad1f700450e7131,NSCQ-OH-20260720-0301,NSCQ-OH-20260720-0301,cog_2025_194844,194844,OH,Salem,CITY OF SALEM,https://dam.assets.ohio.gov/image/upload/serb.ohio.gov/PDF/Contracts/2017/17-MED-04-0508.pdf,"Collective Bargaining Agreement — City of Salem, Ohio & Local #560 Utilities Workers Union of America, AFL-CIO (Salem Utility Workers)",cba,high,scheduled,high_priority_later_verify,URL-05b18165bcd421be6559,1,primary,KEY-0623bc3eefd0d1375aef,11715,2.493902,non_safety,state_labor_board,medium,97,POST-PI-PARALLEL-ROUND2-3X150-LANE1-2026-07-23,candidate_lead_planned_not_verified
VER-956de94c2b0016ec59a7,NSCQ-OH-20260720-0482,NSCQ-OH-20260720-0482,cog_2025_172346,172346,OH,Bucyrus,CITY OF BUCYRUS,https://dam.assets.ohio.gov/image/upload/serb.ohio.gov/PDF/Contracts/2020/20-MED-09-1029.pdf,"Bucyrus P.O. Dispatch, Patrol, Lieutenant, Captain — Collective Bargaining Agreement",cba,high,scheduled,high_priority_later_verify,URL-d0f4486793b7ccddef26,1,primary,KEY-83ac8148b05931274adc,11542,2.493902,police,state_labor_board,low,77,POST-PI-PARALLEL-ROUND2-3X150-LANE2-2026-07-23,candidate_lead_planned_not_verified
VER-4b6b9133c467e493915e,NSCQ-OH-20260720-0312,NSCQ-OH-20260720-0312,cog_2025_110815,110815,OH,Norton,CITY OF NORTON,https://www.cityofnorton.org/documentcenter/view/1484,ORDINANCE NO. 102-2018 — MEMORANDUM OF UNDERSTANDING (AFSCME Office and Clerical Unit of the City),memorandum_or_settlement,high,scheduled,high_priority_later_verify,URL-eb6af74c895e7377d668,1,primary,KEY-cd8b03bd6c7a3161a5ed,11398,2.493902,non_safety,city,medium,70,POST-PI-PARALLEL-ROUND2-3X150-LANE1-2026-07-23,candidate_lead_planned_not_verified
VER-39f617fbc055f946c1fa,NSCQ-OH-20260720-0501,NSCQ-OH-20260720-0501,cog_2025_205118,205118,OH,Urbana,CITY OF URBANA,https://dam.assets.ohio.gov/image/upload/serb.ohio.gov/PDF/Contracts/2021/21-MED-10-1435.pdf,"URBANA P.D. & FOP, OHIO LABOR COUNCIL PATROL 2022-2024",cba,high,scheduled,high_priority_later_verify,URL-0ff8118f7c5c14bf9626,1,primary,KEY-0b5c9ced7bb0d738169b,11161,2.493902,police,state_labor_board,high,100,POST-PI-PARALLEL-ROUND2-3X150-LANE3-2026-07-23,candidate_lead_planned_not_verified
VER-e311f03315016e81a73b,NSCQ-OH-20260720-0506,NSCQ-OH-20260720-0506,cog_2025_172345,172345,OH,Coshocton,CITY OF COSHOCTON,https://dam.assets.ohio.gov/image/upload/serb.ohio.gov/PDF/Contracts/2018/18-MED-04-0431.pdf,Collective Bargaining Agreement (City of Coshocton & AFSCME Local 2551 / Ohio Council 8),cba,high,scheduled,high_priority_later_verify,URL-ce847ca4bb3d4c41ee79,1,primary,KEY-b810d28f8dc45e160523,11091,2.493902,non_safety,state_labor_board,high,86,POST-PI-PARALLEL-ROUND2-3X150-LANE3-2026-07-23,candidate_lead_planned_not_verified
VER-160b481a6ab3717fb8cd,NSCQ-OH-20260720-0524,NSCQ-OH-20260720-0524,cog_2025_172439,172439,OH,Springdale,CITY OF SPRINGDALE,https://dam.assets.ohio.gov/image/upload/serb.ohio.gov/PDF/Contracts/2021/21-MED-10-1485.pdf,"2022-2024 Agreement between IAFF, Local 4027 and City of Springdale",cba,high,scheduled,high_priority_later_verify,URL-59f1c5061ea08f12b70c,1,primary,KEY-b02e6ccf51ae39a70276,11073,2.493902,fire,state_labor_board,medium,91,POST-PI-PARALLEL-ROUND2-3X150-LANE3-2026-07-23,candidate_lead_planned_not_verified
VER-4da3c4a79766f0e94230,NSCQ-OH-20260720-0510,NSCQ-OH-20260720-0510,cog_2025_194845,194845,OH,Van Wert,CITY OF VAN WERT,https://dam.assets.ohio.gov/image/upload/serb.ohio.gov/PDF/Contracts/2019/19-MED-12-1325.pdf,"Collective Bargaining Agreement (City of Van Wert, Ohio) — AFSCME Ohio Council 8, Local 3767",cba,high,scheduled,high_priority_later_verify,URL-df69971b8c9a39059bdc,1,primary,KEY-c294b203ea66a3fa0558,11040,2.493902,non_safety,state_labor_board,high,100,POST-PI-PARALLEL-ROUND2-3X150-LANE3-2026-07-23,candidate_lead_planned_not_verified
VER-818d95a0f0141ffeb3bc,NSCQ-OH-20260720-0516,NSCQ-OH-20260720-0516,cog_2025_191176,191176,OH,Celina,CITY OF CELINA,https://dam.assets.ohio.gov/image/upload/serb.ohio.gov/PDF/Contracts/2020/20-MED-06-0653.pdf,"Collective Bargaining Agreement (Sergeants) — City of Celina, Ohio and Fraternal Order of Police, Ohio Labor Council, Inc.",cba,high,scheduled,high_priority_later_verify,URL-d06f7688e3a201306afb,1,primary,KEY-2d2f191612be49a65983,10885,2.493902,police,state_labor_board,high,100,POST-PI-PARALLEL-ROUND2-3X150-LANE3-2026-07-23,candidate_lead_planned_not_verified
VER-733fece53c5a30b46b6d,NSCQ-OH-20260720-0539,NSCQ-OH-20260720-0539,cog_2025_172435,172435,OH,Montgomery,CITY OF MONTGOMERY,https://dam.assets.ohio.gov/image/upload/serb.ohio.gov/PDF/Contracts/2022/22-MED-03-0256.pdf,"Collective Bargaining Agreement — City of Montgomery, Ohio and Fraternal Order of Police, Ohio Labor Council, Inc.",cba,high,scheduled,high_priority_later_verify,URL-502e420fc42bd6a60f75,1,primary,KEY-61f158df27bd47561e80,10801,2.493902,police,state_labor_board,medium,100,POST-PI-PARALLEL-ROUND2-3X150-LANE3-2026-07-23,candidate_lead_planned_not_verified
VER-8990a360e11dd56ec362,NSCQ-OH-20260720-0542,NSCQ-OH-20260720-0542,cog_2025_172435,172435,OH,Montgomery,CITY OF MONTGOMERY,https://dam.assets.ohio.gov/image/upload/serb.ohio.gov/PDF/Contracts/2017/17-MED-05-0660.pdf,"Collective Bargaining Agreement — City of Montgomery, Ohio and American Federation of State County And Municipal Employees (AFSCME Ohio Council 8, AFL-CIO)",cba,high,scheduled,high_priority_later_verify,URL-91bf589c11778e39f6bb,1,primary,KEY-5529db29fbe932cbdf48,10801,2.493902,non_safety,state_labor_board,medium,100,POST-PI-PARALLEL-ROUND2-3X150-LANE3-2026-07-23,candidate_lead_planned_not_verified
VER-80f1637818690d6f77b9,NSCQ-OH-20260720-0526,NSCQ-OH-20260720-0526,cog_2025_172352,172352,OH,Bedford Heights,CITY OF BEDFORD HEIGHTS,https://dam.assets.ohio.gov/image/upload/serb.ohio.gov/PDF/Contracts/2022/22-MED-09-0827.pdf,"Collective Bargaining Agreement (Fire Cadets, Fire Fighters, Fire Fighter Paramedics, Lieutenants and Captains)",cba,high,scheduled,high_priority_later_verify,URL-4c6356bd999b75dcdd84,1,primary,KEY-e1af4bda4252a5b91358,10721,2.493902,fire,state_labor_board,medium,100,POST-PI-PARALLEL-ROUND2-3X150-LANE3-2026-07-23,candidate_lead_planned_not_verified
VER-8fbf5dcff485d7fd4973,NSCQ-OH-20260720-0357,NSCQ-OH-20260720-0357,cog_2025_172390,172390,OH,Vermilion,CITY OF VERMILION,https://dam.assets.ohio.gov/image/upload/serb.ohio.gov/PDF/Contracts/2019/19-MED-10-1081.pdf,"Collective Bargaining Agreement (City of Vermilion and Ohio Patrolmen's Benevolent Association) — Term of Agreement January 1, 2020 to December 31, 2022",cba,high,scheduled,high_priority_later_verify,URL-4d89d3273c004e27c2b9,1,primary,KEY-217fe5df333e6d95dbd4,10704,2.493902,police,state_labor_board,medium,85,POST-PI-PARALLEL-ROUND2-3X150-LANE1-2026-07-23,candidate_lead_planned_not_verified
VER-269e8e8ff339cbac3dd2,NSCQ-OH-20260720-0531,NSCQ-OH-20260720-0531,cog_2025_110765,110765,OH,Heath,CITY OF HEATH,https://dam.assets.ohio.gov/image/upload/serb.ohio.gov/PDF/Contracts/2020/20-MED-01-0006.pdf,"Negotiated Agreement Between AFSCME, Ohio Council 8, AFL-CIO, AFSCME Local 3439 (The City of Heath Employees Union) and The City of Heath (Effective April 1, 2020 through March 31, 2023)",cba,high,scheduled,high_priority_later_verify,URL-ab232b1049cc05e672e3,1,primary,KEY-ac122bbedcc5fed9d091,10693,2.493902,non_safety,state_labor_board,medium,91,POST-PI-PARALLEL-ROUND2-3X150-LANE3-2026-07-23,candidate_lead_planned_not_verified
VER-afc38686e5503b1d6a6c,NSCQ-OH-20260720-0534,NSCQ-OH-20260720-0534,cog_2025_132477,132477,OH,London,CITY OF LONDON,https://dam.assets.ohio.gov/image/upload/serb.ohio.gov/PDF/Contracts/2021/21-MED-09-1151.pdf,Collective Bargaining Agreement (City of London + AFSCME Local 1428 - Street Workers/Street Maintenance Unit) - Ohio Public Sector (SERB) PDF,cba,high,scheduled,high_priority_later_verify,URL-d12880de62320f1ad480,1,primary,KEY-3a2470a6927ce2b5c78a,10533,2.493902,non_safety,state_labor_board,medium,100,POST-PI-PARALLEL-ROUND2-3X150-LANE3-2026-07-23,candidate_lead_planned_not_verified
VER-a2ce05e57286855637cf,NSCQ-OH-20260720-0537,NSCQ-OH-20260720-0537,cog_2025_172369,172369,OH,Richmond Heights,CITY OF RICHMOND HEIGHTS,https://richmondheightsohio.org/DocumentCenter/View/1675/Ordinance-Number-79---2013-PDF,"Ordinance Number 79-2013 (AN ORDINANCE FIXING THE SALARY, COMPENSATION, ... fringe benefits of certain City employees ... for 2014)",ordinance_or_policy,high,scheduled,high_priority_later_verify,URL-c7605d40e0aa527c94c5,1,primary,KEY-5130f528624b5da1ea39,10509,2.493902,non_safety,city,medium,83,POST-PI-PARALLEL-ROUND2-3X150-LANE3-2026-07-23,candidate_lead_planned_not_verified
VER-207f4e582e990fd177f1,NSCQ-OH-20260720-0555,NSCQ-OH-20260720-0555,cog_2025_202336,202336,OH,Tipp City,CITY OF TIPP CITY,https://www.tippcityohio.gov/DocumentCenter/View/1644/Draft-Chapter-37-and-Pay-Scale-Ordinances-PDF,Ordinance Updating Chapter 37 Exhibits 'A' of the Codified Ordinances of the City of Tipp City: Pay and Benefit Schedules for All City Employees Not Covered by a Collective Bargaining Agreement (Revised 3/14/2023; Exhibit A includes 2022-2024 hourly and bi-weekly rates for managerial and non-bargaining unit employees),wage_schedule_or_compensation_plan,high,scheduled,high_priority_later_verify,URL-1ffdd27c47d9054c2117,1,primary,KEY-0afcf9b1bf740faf3d04,10484,2.493902,non_safety,city,medium,82,POST-PI-PARALLEL-ROUND2-3X150-LANE3-2026-07-23,candidate_lead_planned_not_verified
VER-b5fc8db30f05863539e1,NSCQ-OH-20260720-0549,NSCQ-OH-20260720-0549,cog_2025_172436,172436,OH,Reading,CITY OF READING,https://dam.assets.ohio.gov/image/upload/serb.ohio.gov/PDF/Contracts/2020/20-MED-10-1238.pdf,"Collective Bargaining Agreement (AFSCME Local 1093-1 and City of Reading, Ohio)",cba,high,scheduled,high_priority_later_verify,URL-971a8a8697dc8f265acd,1,primary,KEY-7200223a2e5fb4262247,10380,2.493902,non_safety,state_labor_board,medium,91,POST-PI-PARALLEL-ROUND2-3X150-LANE3-2026-07-23,candidate_lead_planned_not_verified
VER-19106f5ab90c6eb8ccc6,NSCQ-OH-20260720-0370,NSCQ-OH-20260720-0370,cog_2025_132412,132412,OH,Galion,CITY OF GALION,https://dam.assets.ohio.gov/image/upload/serb.ohio.gov/PDF/Contracts/2016/16-MED-09-1025.pdf,"Collective Bargaining Agreement (City of Galion) and Local #435 of the International Association of Firefighters, AFL-CIO",cba,high,scheduled,high_priority_later_verify,URL-40d48ec2137b9c55ac65,1,primary,KEY-3daa4a8d7677d1ce45e9,10293,2.493902,fire,state_labor_board,medium,100,POST-PI-PARALLEL-ROUND2-3X150-LANE1-2026-07-23,candidate_lead_planned_not_verified
VER-44a83f7a11fc7004483b,NSCQ-OH-20260720-0373,NSCQ-OH-20260720-0373,cog_2025_132412,132412,OH,Galion,CITY OF GALION,https://dam.assets.ohio.gov/image/upload/serb.ohio.gov/PDF/Contracts/2019/19-MED-07-0609.pdf,"Agreement II (City of Galion) and Local No. 2243, Council 8, AFSCME, AFL-CIO (Case# 2019-MED-07-0609)",cba,high,scheduled,high_priority_later_verify,URL-967bb0eff71281932d5c,1,primary,KEY-eb59d39b65cd78661446,10293,2.493902,non_safety,state_labor_board,medium,100,POST-PI-PARALLEL-ROUND2-3X150-LANE1-2026-07-23,candidate_lead_planned_not_verified
VER-19e47f4e92c110f129ac,NSCQ-OH-20260720-0546,NSCQ-OH-20260720-0546,cog_2025_172491,172491,OH,Ironton,CITY OF IRONTON,https://dam.assets.ohio.gov/image/upload/serb.ohio.gov/PDF/Contracts/2020/20-MED-01-0081.pdf,"Collective Bargaining Agreement (City of Ironton and AFSCME Local 771, Ohio Council 8)",cba,high,scheduled,high_priority_later_verify,URL-2024b19f9f17dfa5c8fc,1,primary,KEY-0ad7b4f85b512c8c9a32,10187,2.493902,non_safety,state_labor_board,medium,100,POST-PI-PARALLEL-ROUND2-3X150-LANE3-2026-07-23,candidate_lead_planned_not_verified
VER-5e8a8400468678bcc8ae,NSCQ-OH-20260720-0558,NSCQ-OH-20260720-0558,cog_2025_193877,193877,OH,Cambridge,CITY OF CAMBRIDGE,https://dam.assets.ohio.gov/image/upload/serb.ohio.gov/PDF/Contracts/2018/18-MED-11-1193.pdf,Collective Bargaining Agreement (City of Cambridge and AFSCME Local 2316),cba,high,scheduled,high_priority_later_verify,URL-efc8f3caba91e34c25fc,1,primary,KEY-085a7d1e69b17532b4a9,9969,2.493902,non_safety,state_labor_board,high,100,POST-PI-PARALLEL-ROUND2-3X150-LANE3-2026-07-23,candidate_lead_planned_not_verified
VER-b39d0fc7789279da1ab1,NSCQ-OH-20260720-0562,NSCQ-OH-20260720-0562,cog_2025_172487,172487,OH,Willoughby Hills,CITY OF WILLOUGHBY HILLS,https://dam.assets.ohio.gov/image/upload/serb.ohio.gov/PDF/Contracts/2020/20-MED-04-0517.pdf,Collective Bargaining Agreement — City of Willoughby Hills & Willoughby Hills Fire Fighters Local #3149 (IAFF),cba,high,scheduled,high_priority_later_verify,URL-3a88c0d8cdcb26d62906,1,primary,KEY-330c4ea543a304d0c6f6,9954,2.493902,fire,state_labor_board,medium,100,POST-PI-PARALLEL-ROUND2-3X150-LANE3-2026-07-23,candidate_lead_planned_not_verified
VER-39081bccd8c5d9785699,NSCQ-OH-20260720-0591,NSCQ-OH-20260720-0591,cog_2025_110776,110776,OH,Struthers,CITY OF STRUTHERS,https://dam.assets.ohio.gov/image/upload/serb.ohio.gov/PDF/Contracts/2017/17-CON-04-1522.pdf,"Agreement Between the City of Struthers and Fraternal Order of Police Lodge No. 41, Unit B (Captains Unit)",cba,high,scheduled,high_priority_later_verify,URL-9c655f4d0101d49f5406,1,primary,KEY-09725a8bcf99a16e1a1c,9916,2.493902,police,state_labor_board,medium,100,POST-PI-AGGRESSIVE-3X300-ATTEMPT3-LANE1-2026-07-23,candidate_lead_planned_not_verified
VER-860598bce635fa867be3,NSCQ-OH-20260720-0566,NSCQ-OH-20260720-0566,cog_2025_209042,209042,OH,East Liverpool,CITY OF EAST LIVERPOOL,https://dam.assets.ohio.gov/image/upload/serb.ohio.gov/PDF/Contracts/2022/22-CON-01-0410.pdf,East Liverpool - FOP Patrol - 2022-2024 CBA - FINAL (11.5.21),cba,high,scheduled,high_priority_later_verify,URL-30a97e865c3662acdf80,1,primary,KEY-5560ae955d568d9d04b8,9705,2.493902,police,state_labor_board,medium,91,POST-PI-PARALLEL-ROUND2-3X150-LANE3-2026-07-23,candidate_lead_planned_not_verified
VER-b8a4205201708dad8690,NSCQ-OH-20260720-0569,NSCQ-OH-20260720-0569,cog_2025_172622,172622,OH,Louisville,CITY OF LOUISVILLE,https://dam.assets.ohio.gov/image/upload/serb.ohio.gov/PDF/Contracts/2020/20-MED-10-1136.pdf,"OPBA Collective Bargaining Agreement (Patrolmen) — City of Louisville, Ohio",cba,high,scheduled,high_priority_later_verify,URL-25da91e5a24260806da8,1,primary,KEY-80d9eb8446254096c102,9700,2.493902,police,state_labor_board,high,94,POST-PI-PARALLEL-ROUND2-3X150-LANE3-2026-07-23,candidate_lead_planned_not_verified
VER-591fedea505896a3e101,NSCQ-OH-20260720-0584,NSCQ-OH-20260720-0584,cog_2025_209100,209100,OH,Girard,CITY OF GIRARD,https://dam.assets.ohio.gov/image/upload/serb.ohio.gov/PDF/Contracts/2021/21-MED-09-1013.pdf,"Collective Bargaining Agreement (City of Girard, Ohio) between the City and the International Association of Fire Fighters (IAFF), Girard Local 1220",cba,high,scheduled,high_priority_later_verify,URL-b0c9c98091c1f4091abf,1,primary,KEY-077978ae1ebbe3d2bab8,9469,2.493902,fire,state_labor_board,medium,100,POST-PI-AGGRESSIVE-3X300-ATTEMPT3-LANE1-2026-07-23,candidate_lead_planned_not_verified
VER-8371226dd80540767e5d,NSCQ-OH-20260720-0606,NSCQ-OH-20260720-0606,cog_2025_212981,212981,OH,North College Hill,CITY OF NORTH COLLEGE HILL,https://dam.assets.ohio.gov/image/upload/serb.ohio.gov/PDF/Contracts/2022/22-CON-06-0988.pdf,"AGREEMENT BETWEEN THE CITY OF NORTH COLLEGE HILL, OHIO AND THE AFSCME OHIO COUNCIL 8 - NORTH COLLEGE HILL FIREFIGHTERS BARGAINING UNIT, LOCAL 2372 (For Part-Time Firefighters and Lieutenants) - Collective Bargaining Agreement",cba,high,scheduled,high_priority_later_verify,URL-d41cee304523cc815242,1,primary,KEY-f96c3a7e1a4409008d5c,9463,2.493902,fire,state_labor_board,medium,100,POST-PI-AGGRESSIVE-3X300-ATTEMPT3-LANE1-2026-07-23,candidate_lead_planned_not_verified
VER-c5f97458299d9534d169,NSCQ-OH-20260720-0609,NSCQ-OH-20260720-0609,cog_2025_110748,110748,OH,Madeira,CITY OF MADEIRA,https://dam.assets.ohio.gov/image/upload/serb.ohio.gov/PDF/FF_Reports/2022/22-MED-09-0871.pdf,Fact-Finding Report (SERB Case No. 2022-MED-09-0871) — City of Madeira vs. Ohio Patrolmen’s Benevolent Association,factfinding,high,scheduled,high_priority_later_verify,URL-b6f3f933755ce25859c1,1,primary,KEY-57cd75c0a343160f2e53,9423,2.493902,police,state_labor_board,medium,97,POST-PI-AGGRESSIVE-3X300-ATTEMPT3-LANE1-2026-07-23,candidate_lead_planned_not_verified
VER-8df615a131acc785ca89,NSCQ-OH-20260720-0675,NSCQ-OH-20260720-0675,cog_2025_194865,194865,OH,Oakwood,CITY OF OAKWOOD,https://dam.assets.ohio.gov/image/upload/serb.ohio.gov/PDF/Contracts/2022/22-MED-09-1060.pdf,"Agreement between the City of Oakwood, Ohio and City of Oakwood Chapter of the Ohio Council 8, Dayton Public Service Union, Local 101, AFSCME",cba,high,scheduled,high_priority_later_verify,URL-550bac1bb726205af838,1,primary,KEY-a9f4d51c356926fb36cd,9378,2.493902,non_safety,state_labor_board,medium,91,POST-PI-AGGRESSIVE-3X300-ATTEMPT3-LANE1-2026-07-23,candidate_lead_planned_not_verified
VER-bbcc2a3a3c1118201ac0,NSCQ-OH-20260720-0616,NSCQ-OH-20260720-0616,cog_2025_186940,186940,OH,Sheffield Lake,CITY OF SHEFFIELD LAKE,https://dam.assets.ohio.gov/image/upload/serb.ohio.gov/PDF/Contracts/2019/19-MED-09-0849.pdf,"Collective Bargaining Agreement (City of Sheffield Lake and AFSCME) — Effective Jan 1, 2020 through Dec 31, 2022 (Appendix A Wages 2020-2022)",cba,high,scheduled,high_priority_later_verify,URL-75d7171f7b92c0ee2d19,1,primary,KEY-1e3d2519b32e861c5565,8965,2.493902,non_safety,state_labor_board,medium,91,POST-PI-AGGRESSIVE-3X300-ATTEMPT3-LANE1-2026-07-23,candidate_lead_planned_not_verified
VER-3301a43ed8b6adaa0efd,NSCQ-OH-20260720-0648,NSCQ-OH-20260720-0648,cog_2025_172403,172403,OH,Grandview Heights,CITY OF GRANDVIEW HEIGHTS,https://grandviewheights.gov/Archive/ViewFile/Item/3247,"Agreement between the City of Grandview Heights, Ohio and Local Union 1792, International Association of Firefighters AFL-CIO (Fire Collective Bargaining Agreement)",cba,high,scheduled,high_priority_later_verify,URL-50cf1eeec065160c9466,1,primary,KEY-c171cc653d79b8fbbb2a,8841,2.493902,fire,city,medium,100,POST-PI-AGGRESSIVE-3X300-ATTEMPT3-LANE1-2026-07-23,candidate_lead_planned_not_verified
VER-da3e42504f4fadbe700f,NSCQ-OH-20260720-0576,NSCQ-OH-20260720-0576,cog_2025_132457,132457,OH,Napoleon,CITY OF NAPOLEON,https://dam.assets.ohio.gov/image/upload/serb.ohio.gov/PDF/FF_Reports/2013/13-MED-10-1283.pdf,"State SERB Statutory Fact Finding Report — City of Napoleon & Napoleon Police Officers Association (Local 240, IUPA) (Successor to initial CBA term Dec 1, 2010 to Nov 30, 2013)",factfinding,high,scheduled,high_priority_later_verify,URL-1a0fc18b615e7cddfb23,1,primary,KEY-c7b0d2b26756df72fbae,8750,2.493902,police,state_labor_board,low,100,POST-PI-AGGRESSIVE-3X300-ATTEMPT3-LANE1-2026-07-23,candidate_lead_planned_not_verified
VER-e0986c2c113cb05679ef,NSCQ-OH-20260720-0624,NSCQ-OH-20260720-0624,cog_2025_132446,132446,OH,Wyoming,CITY OF WYOMING,https://wyomingohio.gov/DocumentCenter/View/327/Fraternal-Order-of-Police-Contract-PDF,FOP Contract January 1 2022 to December 31 2024,cba,high,scheduled,high_priority_later_verify,URL-35e7fd90ff49ec7e6d66,1,primary,KEY-2c856858ffde5426a7be,8672,2.493902,police,city,high,100,POST-PI-AGGRESSIVE-3X300-ATTEMPT3-LANE1-2026-07-23,candidate_lead_planned_not_verified
VER-638e5cd2c84d97aedd76,NSCQ-OH-20260720-0733,NSCQ-OH-20260720-0733,cog_2025_172366,172366,OH,Olmsted Falls,CITY OF OLMSTED FALLS,https://cms4files1.revize.com/olmstedfalls/2023%20Legislation/Exh%20A%20-%2049-2023%20-%20Redlined%20Olmsted%20Falls%20-%20AFSCME%20CBA%202024-2026%20%28MVR%20Nov%2028%202023%29.pdf,"AN AGREEMENT between THE CITY OF OLMSTED FALLS and AFSCME (Ohio Council 8, Local 2681) — EFFECTIVE: January 1, 2024 through December 31, 2026",cba,high,scheduled,high_priority_later_verify,URL-37d486841eb6e510d3aa,1,primary,KEY-0ea9f441be84b5d48063,8587,2.493902,non_safety,city,high,100,POST-PI-AGGRESSIVE-3X300-ATTEMPT3-LANE1-2026-07-23,candidate_lead_planned_not_verified
VER-53bb2ac09841ec4d8bb6,NSCQ-OH-20260720-0629,NSCQ-OH-20260720-0629,cog_2025_209056,209056,OH,Cheviot,CITY OF CHEVIOT,https://dam.assets.ohio.gov/image/upload/serb.ohio.gov/PDF/Contracts/2022/22-MED-03-0202.pdf,"Collective Bargaining Agreement — City of Cheviot and Cheviot Professional Firefighters (CPF) — through May 31, 2025 (auto-renew unless notice)",cba,high,scheduled,high_priority_later_verify,URL-0c8a370b1b8149898ca0,1,primary,KEY-1a2055413d7ad5c4ad29,8565,2.493902,fire,state_labor_board,medium,100,POST-PI-AGGRESSIVE-3X300-ATTEMPT3-LANE1-2026-07-23,candidate_lead_planned_not_verified
VER-b213279df44fd0ad3da2,NSCQ-OH-20260720-0736,NSCQ-OH-20260720-0736,cog_2025_110722,110722,OH,Highland Heights,CITY OF HIGHLAND HEIGHTS,https://dam.assets.ohio.gov/image/upload/serb.ohio.gov/PDF/Contracts/2021/21-MED-09-1241.pdf,"Collective Bargaining Agreement between City of Highland Heights, Ohio and Laborers' Local 860, NW Laborers International Union of North America",cba,high,scheduled,high_priority_later_verify,URL-6c225af2e58117b03b22,1,primary,KEY-a7956c9a30eeeadf6947,8537,2.493902,non_safety,state_labor_board,medium,91,POST-PI-AGGRESSIVE-3X300-ATTEMPT3-LANE1-2026-07-23,candidate_lead_planned_not_verified
VER-3487ebcae0132a03b274,NSCQ-OH-20260720-0601,NSCQ-OH-20260720-0601,cog_2025_172668,172668,OH,Orrville,CITY OF ORRVILLE,https://dam.assets.ohio.gov/image/upload/serb.ohio.gov/PDF/Contracts/2021/21-MED-10-1464.pdf,"Collective Bargaining Agreement — City of Orrville and The United City Workers (UCW) (Effective January 1, 2022 – December 31, 2024)",cba,high,scheduled,high_priority_later_verify,URL-63efa05bc5b890a69825,1,primary,KEY-91b47cf1f523c6e8db69,8422,2.493902,non_safety,state_labor_board,medium,97,POST-PI-AGGRESSIVE-3X300-ATTEMPT3-LANE1-2026-07-23,candidate_lead_planned_not_verified
VER-670276fdf669dca1c3dc,NSCQ-OH-20260720-0587,NSCQ-OH-20260720-0587,cog_2025_110796,110796,OH,Eaton,CITY OF EATON,https://dam.assets.ohio.gov/image/upload/serb.ohio.gov/PDF/FF_Reports/2016/16-MED-03-0257.pdf,"FACT-FINDING REPORT (City of Eaton and Fraternal Order of Police, Ohio Labor Council, Inc.)",factfinding,high,scheduled,high_priority_later_verify,URL-6d1123358d06522dd05c,1,primary,KEY-972f2fec6dc97e78e6b2,8301,2.493902,police,state_labor_board,medium,84,POST-PI-AGGRESSIVE-3X300-ATTEMPT3-LANE1-2026-07-23,candidate_lead_planned_not_verified
VER-49b4c6271805af776381,NSCQ-OH-20260720-0461,NSCQ-OH-20260720-0461,cog_2025_193879,193879,OH,Bellevue,CITY OF BELLEVUE,https://dam.assets.ohio.gov/image/upload/serb.ohio.gov/PDF/Contracts/2024/24-MED-05-0613.pdf,Collective Bargaining Agreement (City of Bellevue & Ohio Patrolmen's Benevolent Association) — PATROL OFFICERS,cba,high,scheduled,high_priority_later_verify,URL-a1ca8b845fbb2c34e35a,1,primary,KEY-a2240be6c7b4fe1d4177,8164,2.493902,police,state_labor_board,medium,100,POST-PI-PARALLEL-ROUND2-3X150-LANE2-2026-07-23,candidate_lead_planned_not_verified
VER-02a05201803e949ae440,NSCQ-OH-20260720-0597,NSCQ-OH-20260720-0597,cog_2025_110752,110752,OH,Kenton,CITY OF KENTON,https://dam.assets.ohio.gov/image/upload/serb.ohio.gov/PDF/Contracts/2018/18-MED-09-0895.pdf,Collective Bargaining Agreement - Kenton Fire Department,cba,high,scheduled,high_priority_later_verify,URL-84ad03bd8f6212d577a7,1,primary,KEY-7f5e0c88dc615f535aec,7840,2.493902,fire,state_labor_board,medium,100,POST-PI-AGGRESSIVE-3X300-ATTEMPT3-LANE1-2026-07-23,candidate_lead_planned_not_verified
VER-0ae98a135d40c15d73d0,NSCQ-OH-20260720-0631,NSCQ-OH-20260720-0631,cog_2025_132479,132479,OH,Campbell,CITY OF CAMPBELL,https://dam.assets.ohio.gov/image/upload/serb.ohio.gov/PDF/Contracts/2020/20-MED-05-0567.pdf,"Collective Bargaining Agreement (FOP / Ohio Labor Council, Inc. – Detective Sergeants & Lieutenants) – City of Campbell, Ohio",cba,high,scheduled,high_priority_later_verify,URL-c5c2a6c206db61e6b1fb,1,primary,KEY-a441905f7d1587dcf040,7745,2.493902,police,state_labor_board,medium,100,POST-PI-AGGRESSIVE-3X300-ATTEMPT3-LANE1-2026-07-23,candidate_lead_planned_not_verified
VER-eb4655b9aa920d790270,NSCQ-OH-20260720-0695,NSCQ-OH-20260720-0695,cog_2025_172632,172632,OH,Fairlawn,CITY OF FAIRLAWN,https://dam.assets.ohio.gov/image/upload/serb.ohio.gov/PDF/Contracts/2019/19-MED-09-0870.pdf,"Agreement between the City of Fairlawn and the Fraternal Order of Police, Ohio Labor Council, Inc. (Sergeants) (January 1, 2020 through December 31, 2022)",cba,high,scheduled,high_priority_later_verify,URL-3470d81e940979cc44ee,1,primary,KEY-3ab7d5467400042c2690,7682,2.493902,police,state_labor_board,medium,100,POST-PI-AGGRESSIVE-3X300-ATTEMPT3-LANE1-2026-07-23,candidate_lead_planned_not_verified
VER-503bd082f281ae733607,NSCQ-OH-20260720-0634,NSCQ-OH-20260720-0634,cog_2025_172516,172516,OH,Canfield,CITY OF CANFIELD,https://dam.assets.ohio.gov/image/upload/serb.ohio.gov/PDF/Contracts/2015/15-MED-10-1079.pdf,City of Canfield: 2016-2017 Police Department Collective Bargaining Agreement,cba,high,scheduled,high_priority_later_verify,URL-866ac3effefa0548a49a,1,primary,KEY-eb188bc46678c0045195,7610,2.493902,police,state_labor_board,medium,92,POST-PI-AGGRESSIVE-3X300-ATTEMPT3-LANE1-2026-07-23,candidate_lead_planned_not_verified
VER-275732fdd9d9e43308ae,NSCQ-OH-20260720-0619,NSCQ-OH-20260720-0619,cog_2025_194842,194842,OH,Hubbard,CITY OF HUBBARD,https://dam.assets.ohio.gov/image/upload/serb.ohio.gov/PDF/Contracts/2017/17-MED-10-1362.pdf,"Collective Bargaining Agreement between the City of Hubbard, Ohio and AFSCME Ohio Council 8, AFL-CIO, Local 1256 (SERB Case No. 2017-MED-10-1362)",cba,high,scheduled,high_priority_later_verify,URL-2088e36db80654e1c2aa,1,primary,KEY-b3b0e54a09a1b4857d73,7568,2.493902,non_safety,state_labor_board,medium,91,POST-PI-AGGRESSIVE-3X300-ATTEMPT3-LANE1-2026-07-23,candidate_lead_planned_not_verified
VER-a5e22b63edf9dc5bc174,NSCQ-OH-20260720-0760,NSCQ-OH-20260720-0760,cog_2025_209044,209044,OH,Independence,CITY OF INDEPENDENCE,https://dam.assets.ohio.gov/image/upload/serb.ohio.gov/PDF/Contracts/2018/18-MED-08-0663.pdf,"Collective Bargaining Agreement Between the City of Independence and American Federation of State, County and Municipal Employees, Ohio Council 8, and Local 2339",cba,high,scheduled,high_priority_later_verify,URL-44ad77ce1f30de555e50,1,primary,KEY-89f9993e9124e3e5433b,7481,2.493902,non_safety,state_labor_board,medium,100,POST-PI-AGGRESSIVE-3X300-ATTEMPT3-LANE2-2026-07-23,candidate_lead_planned_not_verified
VER-069bad1686f48217a7b2,NSCQ-OH-20260720-0677,NSCQ-OH-20260720-0677,cog_2025_205126,205126,OH,Bellbrook,CITY OF BELLBROOK,https://dam.assets.ohio.gov/image/upload/serb.ohio.gov/PDF/Contracts/2017/17-MED-04-0490.pdf,"Bellbrook 8-1-2017-7-31-2020 (collective bargaining agreement) - Fraternal Order of Police, Ohio Labor Council, Inc.",cba,high,scheduled,high_priority_later_verify,URL-668615628c2eab37748c,1,primary,KEY-19a27294f187e77f96db,7409,2.493902,police,state_labor_board,medium,91,POST-PI-AGGRESSIVE-3X300-ATTEMPT3-LANE1-2026-07-23,candidate_lead_planned_not_verified
VER-31f23a13760340cca3b1,NSCQ-OH-20260720-0611,NSCQ-OH-20260720-0611,cog_2025_132460,132460,OH,Logan,CITY OF LOGAN,https://dam.assets.ohio.gov/image/upload/serb.ohio.gov/PDF/Contracts/2022/22-MED-03-0219.pdf,Logan City and OPBA CBA Final 7.19.22 lbq (Collective Bargaining Agreement),cba,high,scheduled,high_priority_later_verify,URL-8b7ee025f955e54d8c15,1,primary,KEY-d108cfe8ef9b049fbfc2,7166,2.493902,police,state_labor_board,medium,100,POST-PI-AGGRESSIVE-3X300-ATTEMPT3-LANE1-2026-07-23,candidate_lead_planned_not_verified
VER-8edad24aa1f952bbe6e9,NSCQ-OH-20260720-0708,NSCQ-OH-20260720-0708,cog_2025_172482,172482,OH,Mentor-on-the-Lake,CITY OF MENTOR ON THE LAKE,https://dam.assets.ohio.gov/image/upload/serb.ohio.gov/PDF/Contracts/2016/16-MED-04-0553.pdf,"Collective Bargaining Agreement (City of Mentor-on-the-Lake and Ohio Patrolmen's Benevolent Association - Part-time Patrol Officers), 16-MED-04-0553",cba,high,scheduled,high_priority_later_verify,URL-344aa3246303f5f31f9d,1,primary,KEY-d1c93c08a39f65a58b75,7084,2.493902,police,state_labor_board,medium,97,POST-PI-AGGRESSIVE-3X300-ATTEMPT3-LANE1-2026-07-23,candidate_lead_planned_not_verified
VER-db32bdc6f8ef93044f19,NSCQ-OH-20260720-0637,NSCQ-OH-20260720-0637,cog_2025_172633,172633,OH,Cortland,CITY OF CORTLAND,https://www.cortlandoh.gov/wp-content/uploads/O-32-21-Police-Union-Contract-2021-1.pdf,AN AGREEMENT BETWEEN THE CITY OF CORTLAND AND THE OHIO PATROLMEN’S BENEVOLENT ASSOCIATION (OPBA) — Three-Year Contract (Ordinance O-32-21),cba,high,scheduled,high_priority_later_verify,URL-1e957d609fa7fd1f5587,1,primary,KEY-ca5d0821b93fa53e87d7,7062,2.493902,police,city,high,100,POST-PI-AGGRESSIVE-3X300-ATTEMPT3-LANE1-2026-07-23,candidate_lead_planned_not_verified
VER-e8d1f4851851292728c2,NSCQ-OH-20260720-0519,NSCQ-OH-20260720-0519,cog_2025_172284,172284,OH,Delphos,CITY OF DELPHOS,https://dam.assets.ohio.gov/image/upload/serb.ohio.gov/PDF/Contracts/2019/19-MED-10-1075.pdf,FINAL Agreement Between City of Delphos and Ohio Patrolmen's Benevolent Association (Patrolmen & Sergeants),cba,high,scheduled,high_priority_later_verify,URL-95b2fd9d50713b723dd5,1,primary,KEY-ae5539abaf7db95da722,7061,2.493902,police,state_labor_board,high,100,POST-PI-PARALLEL-ROUND2-3X150-LANE3-2026-07-23,candidate_lead_planned_not_verified
VER-86e6acee1025cc81ae7c,NSCQ-OH-20260720-0721,NSCQ-OH-20260720-0721,cog_2025_172488,172488,OH,Kirtland,CITY OF KIRTLAND,https://dam.assets.ohio.gov/image/upload/serb.ohio.gov/PDF/Contracts/2022/22-CON-03-1283.pdf,Collective Bargaining Agreement between the City of Kirtland and the Kirtland Professional Firefighters Association Local 3735,cba,high,scheduled,high_priority_later_verify,URL-19268f94b4ddbd342787,1,primary,KEY-094af213a8f4b94723ab,6896,2.493902,fire,state_labor_board,medium,74,POST-PI-AGGRESSIVE-3X300-ATTEMPT3-LANE1-2026-07-23,candidate_lead_planned_not_verified
VER-634c48a0112781cf1af1,NSCQ-OH-20260720-0774,NSCQ-OH-20260720-0774,cog_2025_172368,172368,OH,Pepper Pike,CITY OF PEPPER PIKE,https://dam.assets.ohio.gov/image/upload/serb.ohio.gov/PDF/Contracts/2016/16-MED-10-1120.pdf,Collective Bargaining Agreement between City of Pepper Pike and Ohio Patrolmen’s Benevolent Association (Sergeants),cba,high,scheduled,high_priority_later_verify,URL-09714034e8bef42a0a78,1,primary,KEY-8ed3a9b80b83457b73e6,6823,2.493902,police,state_labor_board,medium,91,POST-PI-AGGRESSIVE-3X300-ATTEMPT3-LANE2-2026-07-23,candidate_lead_planned_not_verified
VER-e2adce3e2e4380799611,NSCQ-OH-20260720-0777,NSCQ-OH-20260720-0777,cog_2025_172368,172368,OH,Pepper Pike,CITY OF PEPPER PIKE,https://dam.assets.ohio.gov/image/upload/serb.ohio.gov/PDF/FF_Reports/2013/13-MED-09-0988.pdf,Fact-Finding Report (SERB) — City of Pepper Pike vs. Ohio Patrolmen’s Benevolent Association (and related dispute context including firefighters),factfinding,high,scheduled,high_priority_later_verify,URL-478fd9916c07e0317022,1,primary,KEY-a9d0be7de9e4881665d0,6823,2.493902,unclear,state_labor_board,low,84,POST-PI-AGGRESSIVE-3X300-ATTEMPT3-LANE2-2026-07-23,candidate_lead_planned_not_verified
VER-a0a06082706a16c4893d,NSCQ-OH-20260720-0681,NSCQ-OH-20260720-0681,cog_2025_172388,172388,OH,Huron,CITY OF HURON,https://dam.assets.ohio.gov/image/upload/serb.ohio.gov/PDF/Contracts/2018/18-MED-04-0415.pdf,"CITY OF HURON PATROL COLLECTIVE BARGAINING AGREEMENT (F.O.P., OHIO LABOR COUNCIL, INC.)",cba,high,scheduled,high_priority_later_verify,URL-e0a5f7690511ce71bb63,1,primary,KEY-394e60f667c3caa79d78,6685,2.493902,police,state_labor_board,high,100,POST-PI-AGGRESSIVE-3X300-ATTEMPT3-LANE1-2026-07-23,candidate_lead_planned_not_verified
VER-6fec975398349015aae3,NSCQ-OH-20260720-0684,NSCQ-OH-20260720-0684,cog_2025_172388,172388,OH,Huron,CITY OF HURON,https://dam.assets.ohio.gov/image/upload/serb.ohio.gov/PDF/Contracts/2021/21-MED-10-1384.pdf,Collective Bargaining Agreement (AFSCME Local 2024 / Ohio Council 8) — Service/Maintenance/Clerical unit,cba,high,scheduled,high_priority_later_verify,URL-5f35a92bbceab8fffa55,1,primary,KEY-83ddaca2b43c077a181a,6685,2.493902,non_safety,state_labor_board,medium,100,POST-PI-AGGRESSIVE-3X300-ATTEMPT3-LANE1-2026-07-23,candidate_lead_planned_not_verified
VER-8ed06afe784ec6457be2,NSCQ-OH-20260720-0621,NSCQ-OH-20260720-0621,cog_2025_110835,110835,OH,Upper Sandusky,CITY OF UPPER SANDUSKY,https://dam.assets.ohio.gov/image/upload/serb.ohio.gov/PDF/Contracts/2019/19-MED-10-1103.pdf,"Agreement Between The City of Upper Sandusky and the International Union of Police Associations, AFL-CIO Local #32 (Police Officers and Lieutenants) — SERB Case Nos. 2019-MED-10-1103 / 2019-MED-10-1104",cba,high,scheduled,high_priority_later_verify,URL-219d6952071deb3948dd,1,primary,KEY-b27e6786c4746381af53,6647,2.493902,police,state_labor_board,medium,91,POST-PI-AGGRESSIVE-3X300-ATTEMPT3-LANE1-2026-07-23,candidate_lead_planned_not_verified
VER-c92be7411c965d0284aa,NSCQ-OH-20260720-0640,NSCQ-OH-20260720-0640,cog_2025_132541,132541,OH,Belpre,CITY OF BELPRE,https://dam.assets.ohio.gov/image/upload/serb.ohio.gov/PDF/Contracts/2019/19-MED-08-0698.pdf,"City of Belpre and UFCW, Local 400 — Final Agreement (Police Department)",cba,high,scheduled,high_priority_later_verify,URL-1c438e940edc71f48472,1,primary,KEY-3f3a9fe6e8e075653b75,6614,2.493902,police,state_labor_board,medium,97,POST-PI-AGGRESSIVE-3X300-ATTEMPT3-LANE1-2026-07-23,candidate_lead_planned_not_verified
VER-8542c136fb8c4278e50d,NSCQ-OH-20260720-0755,NSCQ-OH-20260720-0755,cog_2025_194853,194853,OH,Moraine,CITY OF MORAINE,https://www.moraine.oh.us/pdf/Guides/CBA%20-%20Patrol%20-%202018-2021.pdf,"Agreement Between the City of Moraine, Ohio and the Moraine Police Association (Patrol) [collective bargaining agreement]",cba,high,scheduled,high_priority_later_verify,URL-f385d83264687d145ec3,1,primary,KEY-b2c5d13d94b56a74403f,6586,2.493902,police,city,medium,100,POST-PI-AGGRESSIVE-3X300-ATTEMPT3-LANE2-2026-07-23,candidate_lead_planned_not_verified
VER-6a46f2f41dbffbbcf30e,NSCQ-OH-20260720-0571,NSCQ-OH-20260720-0571,cog_2025_172332,172332,OH,Milford,CITY OF MILFORD,https://dam.assets.ohio.gov/image/upload/serb.ohio.gov/PDF/Contracts/2020/20-MED-04-0450.pdf,"Collective Bargaining Agreement between the City of Milford, Ohio and the Fraternal Order of Police, Ohio Labor Council, Inc. (Representing Patrol Officers) — SERB Case No. 2020-MED-04-0450",cba,high,scheduled,high_priority_later_verify,URL-271a706ab64597f16363,1,primary,KEY-0f73a4288c6399f56a0e,6445,2.493902,police,state_labor_board,medium,85,POST-PI-PARALLEL-ROUND2-3X150-LANE3-2026-07-23,candidate_lead_planned_not_verified
VER-32c172c8e75f9b017410,NSCQ-OH-20260720-0669,NSCQ-OH-20260720-0669,cog_2025_212236,212236,OH,Clyde,CITY OF CLYDE,https://dam.assets.ohio.gov/image/upload/serb.ohio.gov/PDF/Contracts/2020/20-MED-09-0887.pdf,"Agreement Between the City of Clyde and AFSCME, AFL-CIO, Local 1940, Ohio Council 8 (Bargaining Units ""B"" ""C"" and ""D"")",cba,high,scheduled,high_priority_later_verify,URL-43883f64e5ac0887ee73,1,primary,KEY-86f5390eb0504d110ee8,6337,2.493902,police,state_labor_board,medium,97,POST-PI-AGGRESSIVE-3X300-ATTEMPT3-LANE1-2026-07-23,candidate_lead_planned_not_verified
VER-d7f49dc65317516cf36a,NSCQ-OH-20260720-0661,NSCQ-OH-20260720-0661,cog_2025_110830,110830,OH,Rossford,CITY OF ROSSFORD,https://dam.assets.ohio.gov/image/upload/serb.ohio.gov/PDF/Contracts/2021/21-MED-10-1427.pdf,"Collective Bargaining Agreement (Command Officers) - City of Rossford, Ohio and Ohio Patrolmen's Benevolent Association",cba,high,scheduled,high_priority_later_verify,URL-a8cdf5778cc9d24bf034,1,primary,KEY-0232ca0e434ea8e0b3c6,6333,2.493902,police,state_labor_board,medium,91,POST-PI-AGGRESSIVE-3X300-ATTEMPT3-LANE1-2026-07-23,candidate_lead_planned_not_verified
VER-a5d84892e8592563589b,NSCQ-OH-20260720-0676,NSCQ-OH-20260720-0676,cog_2025_110764,110764,OH,Granville,VILLAGE OF GRANVILLE,https://www.granville.oh.us/s/Council-packet-071724-bj6a.pdf,Council Packet (07/17/24) — Resolution 2024-49 approving Memorandum of Agreement amending the FOP collective bargaining agreement (police wage schedule amendment),memorandum_or_settlement,high,scheduled,high_priority_later_verify,URL-a41e4e71939893799beb,1,primary,KEY-24475df7dca1255ba3b9,6281,2.493902,police,city,medium,83,POST-PI-AGGRESSIVE-3X300-ATTEMPT3-LANE1-2026-07-23,candidate_lead_planned_not_verified
VER-48f9a35026a7dc24e5b4,NSCQ-OH-20260720-0672,NSCQ-OH-20260720-0672,cog_2025_212982,212982,OH,Willard,CITY OF WILLARD,https://dam.assets.ohio.gov/image/upload/serb.ohio.gov/PDF/Contracts/2020/20-MED-08-0826.pdf,"Collective Bargaining Agreement (City of Willard and Fraternal Order of Police, Ohio Labor Council, Inc.)",cba,high,scheduled,high_priority_later_verify,URL-dc68ae46592e4c7f721d,1,primary,KEY-50698aba8ec786f2762d,6122,2.493902,police,state_labor_board,medium,91,POST-PI-AGGRESSIVE-3X300-ATTEMPT3-LANE1-2026-07-23,candidate_lead_planned_not_verified
VER-01af5067f095bfd1e583,NSCQ-OH-20260720-0589,NSCQ-OH-20260720-0589,cog_2025_110822,110822,OH,Rittman,CITY OF RITTMAN,https://dam.assets.ohio.gov/image/upload/serb.ohio.gov/PDF/Contracts/2020/20-MED-08-0804.pdf,"Collective Bargaining Agreement (City of Rittman, OH and Ohio Council 8 and Local 3307 (AFSCME))",cba,high,scheduled,high_priority_later_verify,URL-6d7de31133d33992c3a6,1,primary,KEY-8db502f3af7befed7e66,6105,2.493902,non_safety,state_labor_board,medium,97,POST-PI-AGGRESSIVE-3X300-ATTEMPT3-LANE1-2026-07-23,candidate_lead_planned_not_verified
VER-761a23d44e14f26f5f5b,NSCQ-OH-20260720-0653,NSCQ-OH-20260720-0653,cog_2025_172309,172309,OH,Martins Ferry,CITY OF MARTINS FERRY,https://dam.assets.ohio.gov/image/upload/serb.ohio.gov/PDF/Contracts/2019/19-MED-02-0119.pdf,"Collective Bargaining Agreement Between the City of Martins Ferry, Ohio and AFSCME Ohio Council 8, Local 1260 (Effective May 1, 2019 through April 30, 2022)",cba,high,scheduled,high_priority_later_verify,URL-44f43cbae134fb254654,1,primary,KEY-1fdb7912aa9151eca1a3,6076,2.493902,non_safety,state_labor_board,medium,100,POST-PI-AGGRESSIVE-3X300-ATTEMPT3-LANE1-2026-07-23,candidate_lead_planned_not_verified
VER-36fc2586a42f331f7a45,NSCQ-OH-20260720-0700,NSCQ-OH-20260720-0700,cog_2025_172511,172511,OH,Waterville,CITY OF WATERVILLE,https://dam.assets.ohio.gov/image/upload/serb.ohio.gov/PDF/Contracts/2020/20-MED-09-0884.pdf,"Agreement Between the City of Waterville, Ohio and Ohio Patrolmen’s Benevolent Association (Patrol Unit) (Effective January 1, 2021 Through December 31, 2023)",cba,high,scheduled,high_priority_later_verify,URL-7ab3da3d1f2f1bbb0362,1,primary,KEY-a5517018746658eea5be,6003,2.493902,police,state_labor_board,high,100,POST-PI-AGGRESSIVE-3X300-ATTEMPT3-LANE1-2026-07-23,candidate_lead_planned_not_verified
VER-8a7bc348e12afaf73ec1,NSCQ-OH-20260720-0657,NSCQ-OH-20260720-0657,cog_2025_191180,191180,OH,Port Clinton,CITY OF PORT CLINTON,https://dam.assets.ohio.gov/image/upload/serb.ohio.gov/PDF/Contracts/2017/17-MED-12-1476.pdf,"Agreement by and between the City of Port Clinton, Ohio and the Fraternal Order of Police Lodge #79 (Patrol / Dispatch / Sergeants)",cba,high,scheduled,high_priority_later_verify,URL-2c9a77126809db58646c,1,primary,KEY-3346a7c859b85f2a3b79,5933,2.493902,police,state_labor_board,medium,85,POST-PI-AGGRESSIVE-3X300-ATTEMPT3-LANE1-2026-07-23,candidate_lead_planned_not_verified
VER-0a782beac246c7dbae52,NSCQ-OH-20260720-0746,NSCQ-OH-20260720-0746,cog_2025_194860,194860,OH,Groveport,CITY OF GROVEPORT,https://dam.assets.ohio.gov/image/upload/serb.ohio.gov/PDF/Contracts/2021/21-MED-04-0516.pdf,"Agreement between CITY OF GROVEPORT and FRATERNAL ORDER OF POLICE, CAPITAL CITY LODGE NO. 9 (EFFECTIVE JULY 1, 2021 THROUGH JUNE 30, 2024)",cba,high,scheduled,high_priority_later_verify,URL-525a91b29c8658a43164,1,primary,KEY-55a9ec1a4b98a59ecaa8,5806,2.493902,police,state_labor_board,high,92,POST-PI-AGGRESSIVE-3X300-ATTEMPT3-LANE1-2026-07-23,candidate_lead_planned_not_verified
VER-5d2dc2f4cf484a14a186,NSCQ-OH-20260720-0726,NSCQ-OH-20260720-0726,cog_2025_202333,202333,OH,Grafton,VILLAGE OF GRAFTON,https://dam.assets.ohio.gov/image/upload/serb.ohio.gov/PDF/Contracts/2019/19-MED-10-1092.pdf,Collective Bargaining Agreement — Village of Grafton and Ohio Patrolmen's Benevolent Association (Full-Time Police Officers),cba,high,scheduled,high_priority_later_verify,URL-25458b744602548e0b85,1,primary,KEY-210feed53dbd408c46a0,5773,2.493902,police,state_labor_board,medium,88,POST-PI-AGGRESSIVE-3X300-ATTEMPT3-LANE1-2026-07-23,candidate_lead_planned_not_verified
VER-87f550955daf46e2227e,NSCQ-OH-20260720-0685,NSCQ-OH-20260720-0685,cog_2025_209066,209066,OH,Wellston,CITY OF WELLSTON,https://dam.assets.ohio.gov/image/upload/serb.ohio.gov/PDF/Contracts/2015/15-MED-06-0606.pdf,"Collective Bargaining Agreement (multiple unit including Police Officers, Sergeants, and Communications/Dispatchers) — City of Wellston and Teamsters Local 637",cba,high,scheduled,high_priority_later_verify,URL-5976c35a409218d8842f,1,primary,KEY-b8e8b24534a97f4d5a83,5457,2.493902,police,state_labor_board,medium,91,POST-PI-AGGRESSIVE-3X300-ATTEMPT3-LANE1-2026-07-23,candidate_lead_planned_not_verified
VER-2db0c1eecb8e3650b1e9,NSCQ-OH-20260720-0745,NSCQ-OH-20260720-0745,cog_2025_110747,110747,OH,Deer Park,CITY OF DEER PARK,https://dam.assets.ohio.gov/image/upload/serb.ohio.gov/PDF/Contracts/2021/21-MED-09-1183.pdf,"Collective Bargaining Agreement — City of Deer Park (Service Department & Tax Clerks) (Teamsters Local 100, IBT)",cba,high,scheduled,high_priority_later_verify,URL-6cce5c1dfaa36df87de5,1,primary,KEY-d5cfbcb90b8c9475dee9,5336,2.493902,non_safety,state_labor_board,medium,91,POST-PI-AGGRESSIVE-3X300-ATTEMPT3-LANE1-2026-07-23,candidate_lead_planned_not_verified
VER-accdf04572661e576c49,NSCQ-OH-20260720-0689,NSCQ-OH-20260720-0689,cog_2025_172445,172445,OH,Ada,VILLAGE OF ADA,https://dam.assets.ohio.gov/image/upload/serb.ohio.gov/PDF/Contracts/2023/23-MED-03-0195.pdf,"Collective Bargaining Agreement (Village of Ada, Ohio) — Fraternal Order of Police, Ohio Labor Council, Inc.",cba,high,scheduled,high_priority_later_verify,URL-d26bd0b4cb1748346328,1,primary,KEY-a2715040b8fef1f4081f,5302,2.493902,police,state_labor_board,high,92,POST-PI-AGGRESSIVE-3X300-ATTEMPT3-LANE1-2026-07-23,candidate_lead_planned_not_verified
VER-54b7f0169c800f25298d,NSCQ-OH-20260720-0716,NSCQ-OH-20260720-0716,cog_2025_172689,172689,OH,Northwood,CITY OF NORTHWOOD,https://dam.assets.ohio.gov/image/upload/serb.ohio.gov/PDF/Contracts/2019/19-MED-03-0230.pdf,"Sergeants Contract 2019-2022 (City of Northwood / FOP-Ohio Labor Council, Inc.)",cba,high,scheduled,high_priority_later_verify,URL-202f49b5fd768a0b10c3,1,primary,KEY-323dbbf7bd8df938d460,5211,2.493902,police,state_labor_board,medium,97,POST-PI-AGGRESSIVE-3X300-ATTEMPT3-LANE1-2026-07-23,candidate_lead_planned_not_verified
VER-29439823b9691ddbedbf,NSCQ-OH-20260720-0712,NSCQ-OH-20260720-0712,cog_2025_186952,186952,OH,Uhrichsville,CITY OF UHRICHSVILLE,https://dam.assets.ohio.gov/image/upload/serb.ohio.gov/PDF/Contracts/2021/21-MED-09-1185.pdf,"Collective Bargaining Agreement (City of Uhrichsville and Fraternal Order of Police, Ohio Labor Council, Inc.)",cba,high,scheduled,high_priority_later_verify,URL-84cd898e95892be8d55b,1,primary,KEY-df8c52e9253445df8949,5155,2.493902,police,state_labor_board,high,100,POST-PI-AGGRESSIVE-3X300-ATTEMPT3-LANE1-2026-07-23,candidate_lead_planned_not_verified
VER-65c7e70d54abee943cfa,NSCQ-OH-20260720-0715,NSCQ-OH-20260720-0715,cog_2025_186952,186952,OH,Uhrichsville,CITY OF UHRICHSVILLE,https://dam.assets.ohio.gov/image/upload/serb.ohio.gov/PDF/Contracts/2018/18-MED-10-1157.pdf,"Collective Bargaining Agreement (City of Uhrichsville and Uhrichsville Professional Firefighters Local #4265, International Association of Fire Fighters)",cba,high,scheduled,high_priority_later_verify,URL-af5a87968245af303a8e,1,primary,KEY-50fd12bbecf97f60f622,5155,2.493902,fire,state_labor_board,medium,100,POST-PI-AGGRESSIVE-3X300-ATTEMPT3-LANE1-2026-07-23,candidate_lead_planned_not_verified
VER-40c0ae67e7f48bd51631,NSCQ-OH-20260720-0706,NSCQ-OH-20260720-0706,cog_2025_172310,172310,OH,St. Clairsville,CITY OF ST CLAIRSVILLE,https://dam.assets.ohio.gov/image/upload/serb.ohio.gov/PDF/Contracts/2020/20-MED-03-0218.pdf,"Collective Bargaining Agreement — City of St. Clairsville and American Federation of State, County and Municipal Employees, Local 3393 (AFL-CIO) ",cba,high,scheduled,high_priority_later_verify,URL-517e624e5e36da81c206,1,primary,KEY-9c2efa86cc675b40e9a9,4973,2.493902,non_safety,state_labor_board,high,100,POST-PI-AGGRESSIVE-3X300-ATTEMPT3-LANE1-2026-07-23,candidate_lead_planned_not_verified
VER-8c0e5f7f1039030d4527,NSCQ-OH-20260720-0739,NSCQ-OH-20260720-0739,cog_2025_132394,132394,OH,Nelsonville,CITY OF NELSONVILLE,https://dam.assets.ohio.gov/image/upload/serb.ohio.gov/PDF/FF_Reports/2015/15-MED-09-0863.pdf,"Fact-Finding Report (Police bargaining units: Police Captain, Police Sergeant, Full-time and Part-time Police Officers) — OPBA and City of Nelsonville (Case 15-MED-09-0863)",factfinding,high,scheduled,high_priority_later_verify,URL-264d12f6456a4d08fc98,1,primary,KEY-38af8b6631211921c602,4518,2.493902,police,state_labor_board,medium,98,POST-PI-AGGRESSIVE-3X300-ATTEMPT3-LANE1-2026-07-23,candidate_lead_planned_not_verified
VER-86255bf4c386ee8511cc,NSCQ-OH-20260720-0778,NSCQ-OH-20260720-0778,cog_2025_132475,132475,OH,Sheffield,VILLAGE OF SHEFFIELD,https://virteomdevcdn.blob.core.windows.net/site-sheffieldvillage-2-com/uploaded_media/sheffieldvillage_com/Modules/glmod_Document-Manager/2710__1574266017.pdf,Ordinance No. 2710: An Ordinance Adopting a Collective Bargaining Agreement by and Between the Village of Sheffield and the International Association of Firefighters Local 4275,cba,high,scheduled,high_priority_later_verify,URL-49347ac41f6e97a9987b,1,primary,KEY-880b847125ac0fa18913,4471,2.493902,fire,city,medium,83,POST-PI-AGGRESSIVE-3X300-ATTEMPT3-LANE2-2026-07-23,candidate_lead_planned_not_verified
VER-4f91420e7cd86d03c3e1,NSCQ-OH-20260720-0786,NSCQ-OH-20260720-0786,cog_2025_172437,172437,OH,St. Bernard,VILLAGE OF ST BERNARD,https://www.cityofstbernard.org/Portals/cityofstbernard/Documents/Ord%20%26%20%20Res/Ord%2039%2C%202024.pdf,"Ordinance No. 39, 2024 — Terms of Employment (Police) [includes impasse mediation + binding resolution clause]",cba,high,scheduled,high_priority_later_verify,URL-74ab250750e9b1d67796,1,primary,KEY-eb415ebfd2282301b0b4,3938,2.493902,police,city,medium,91,POST-PI-AGGRESSIVE-3X300-ATTEMPT3-LANE3-2026-07-23,candidate_lead_planned_not_verified
VER-db1f82d8cd8b94722203,NSCQ-OH-20260720-0793,NSCQ-OH-20260720-0793,cog_2025_132442,132442,OH,Amberley,VILLAGE OF AMBERLEY,https://www.amberleyvillage.org/sites/g/files/vyhlif8491/f/pages/ordinance_2022-03_establishing_compensation_for_village_employees_0.pdf,Ordinance No. 2022-3 — Ordinance Establishing Compensation for Village Employees and Declaring an Emergency,ordinance_or_policy,high,scheduled,high_priority_later_verify,URL-6a830c607fb95c9cc248,1,primary,KEY-bd2aee104ca74f7db92c,3805,2.493902,non_safety,city,medium,74,POST-PI-AGGRESSIVE-3X300-ATTEMPT3-LANE3-2026-07-23,candidate_lead_planned_not_verified
VER-f850335417272e1fecaa,NSCQ-OH-20260720-0769,NSCQ-OH-20260720-0769,cog_2025_110695,110695,OH,Loudonville,VILLAGE OF LOUDONVILLE,https://loudonville-oh.diligent.community/document/67c241db-a38b-41e5-a623-aa2e46bc4c2c/,"Ordinance No. 13-2024: AN ORDINANCE REVISING BASE SALARIES FOR THE VARIOUS PERSONNEL AND DEPARTMENTS FOR THE VILLAGE OF LOUDONVILLE, OHIO, DURING THE CALENDAR YEAR 2024 AND THEREAFTER, AND DECLARING EMERGENCY",wage_schedule_or_compensation_plan,high,scheduled,high_priority_later_verify,URL-2701a2873accdec3fc39,1,primary,KEY-4a7a0f7c326cd7032177,2775,2.493902,non_safety,city,medium,83,POST-PI-AGGRESSIVE-3X300-ATTEMPT3-LANE2-2026-07-23,candidate_lead_planned_not_verified
VER-e54fd7bad2970ae2ad6f,NSCQ-IL-20260720-0004,NSCQ-IL-20260720-0004,il_chicago,162236,IL,Chicago,CITY OF CHICAGO,https://ilrb.illinois.gov/content/dam/soi/en/web/ilrb/arbitration/documents/City%20of%20Chicago%20-%20FOP%20Lodge%207%20Interest%20Arbitration%20Award%20%28L-MA-18-016%29.pdf,City of Chicago - FOP Lodge 7 Interest Arbitration Award (L-MA-18-016),arbitration_award,high,scheduled,high_priority_later_verify,URL-b8dd9910000ffcb8d971,1,primary,KEY-4e7a2e5ed595d1c69f90,2664452,2.422764,police,state_labor_board,medium,92,IL25-2026-07-20,candidate_lead_planned_not_verified
VER-af90445a49c2bfcdac43,NSCQ-IL-20260720-0019,NSCQ-IL-20260720-0019,cog_2025_162690,162690,IL,Joliet,CITY OF JOLIET,https://www.jolietfirefighters.org/wp-content/uploads/2024/01/FINAL-2020-2024-Local-44-CBA-FINAL.pdf,"Collective Bargaining Agreement (City of Joliet and Joliet Fire Fighters, IAFF Local 44)",cba,high,scheduled,high_priority_later_verify,URL-228405113c6696818808,1,primary,KEY-e0e537733bfefcd98923,150489,2.422764,fire,union,high,81,IL25-2026-07-20,candidate_lead_planned_not_verified
VER-2928ffeff267cad9b198,NSCQ-IL-20260720-0007,NSCQ-IL-20260720-0007,il_rockford,102882,IL,Rockford,CITY OF ROCKFORD,https://rockfordil.gov/DocumentCenter/View/275/PBPA-Unit-6-PDF,"COLLECTIVE BARGAINING AGREEMENT between UNIT SIX OF THE POLICE BENEVOLENT AND PROTECTIVE ASSOCIATION (PB&PA Unit 6) and CITY OF ROCKFORD, ILLINOIS",cba,high,scheduled,high_priority_later_verify,URL-f19d05eecce17832658a,1,primary,KEY-51adb8e683bcbdfb48ea,146120,2.422764,police,city,medium,100,IL25-2026-07-20,candidate_lead_planned_not_verified
VER-86e14eea880df8244327,NSCQ-IL-20260720-0023,NSCQ-IL-20260720-0023,cog_2025_102716,102716,IL,Elgin,CITY OF ELGIN,https://elginil.gov/DocumentCenter/View/47959/SEIU-Clerical-Technical-Agreement-2011-2016,"SEIU Clerical/Technical Employee Group/SEIU Municipal Division, Local 73 — Clerical/Technical Agreement (Between the City of Elgin and SEIU Local 73)",cba,high,scheduled,high_priority_later_verify,URL-c976a0d5697615501380,1,primary,KEY-20fbb8d544bda8c49db8,113310,2.422764,non_safety,city,medium,100,IL25-2026-07-20,candidate_lead_planned_not_verified
VER-ac9a0d01e88edec766da,NSCQ-IL-20260720-0012,NSCQ-IL-20260720-0012,il_springfield,162629,IL,Springfield,CITY OF SPRINGFIELD,https://www.springfield.il.us/Departments/HumanResources/Documents/CollectiveBargainingAgreements/IUOECWLP965CBA20202025.pdf,CBA (IUOE Local 965 / CWLP) — Rates of Pay Agreement,cba,high,scheduled,high_priority_later_verify,URL-f250ce72e8154ddd8837,1,primary,KEY-20c8036c1097d31cee06,112544,2.422764,non_safety,city,low,80,IL25-2026-07-20,candidate_lead_planned_not_verified
VER-ce4ab8795fa96251abd5,NSCQ-IL-20260720-0026,NSCQ-IL-20260720-0026,cog_2025_193205,193205,IL,Peoria,CITY OF PEORIA,https://peoriagov.org/Archive.aspx?ADID=893,PEORIA FIREFIGHTERS UNION LOCAL 50 AND CITY OF PEORIA COLLECTIVE BARGAINING AGREEMENT,cba,high,scheduled,high_priority_later_verify,URL-2418f99b8c6cc1dcb881,1,primary,KEY-75fb22ae78f24603151a,110460,2.422764,fire,city,medium,86,IL25-2026-07-20,candidate_lead_planned_not_verified
VER-a5eb8f5eba42fdf865c1,NSCQ-IL-20260720-0030,NSCQ-IL-20260720-0030,cog_2025_124969,124969,IL,Waukegan,CITY OF WAUKEGAN,https://www.waukeganil.gov/DocumentCenter/View/9192,"Agreement between the City of Waukegan, Illinois and Waukegan Police Benevolent Labor Committee Unit #42",cba,high,scheduled,high_priority_later_verify,URL-848f29741e6cb3a11d41,1,primary,KEY-5c719d8a6c0b391571e2,87642,2.422764,police,city,medium,91,IL25-2026-07-20,candidate_lead_planned_not_verified
VER-5a126b811da0bdf21e7c,NSCQ-IL-20260720-0040,NSCQ-IL-20260720-0040,cog_2025_212610,212610,IL,Schaumburg,VILLAGE OF SCHAUMBURG,https://www.villageofschaumburg.com/home/showpublisheddocument/760/637180652429930000,"MEMORANDUM OF AGREEMENT Between VILLAGE OF SCHAUMBURG, ILLINOIS and METROPOLITAN ALLIANCE POLICE SCHAUMBURG CHAPTER NO. 195",cba,high,scheduled,high_priority_later_verify,URL-b662618591263f71abaf,1,primary,KEY-dc21f81606e7fd882835,75750,2.422764,police,city,high,100,IL25-2026-07-20,candidate_lead_planned_not_verified
VER-967bc2b5fd99c39a5a80,NSCQ-IL-20260720-0043,NSCQ-IL-20260720-0043,cog_2025_212610,212610,IL,Schaumburg,VILLAGE OF SCHAUMBURG,https://www.villageofschaumburg.com/home/showpublisheddocument/2308/637249632152800000,"COLLECTIVE BARGAINING AGREEMENT BETWEEN VILLAGE OF SCHAUMBURG, ILLINOIS AND INTERNATIONAL UNION OF OPERATING ENGINEERS, LOCAL 150",cba,high,scheduled,high_priority_later_verify,URL-c53b63968cb1978afc37,1,primary,KEY-eb69084bfa83ad17dac8,75750,2.422764,non_safety,city,medium,100,IL25-2026-07-20,candidate_lead_planned_not_verified
VER-8383e655716661311e0c,NSCQ-IL-20260720-0077,NSCQ-IL-20260720-0077,cog_2025_162229,162229,IL,Arlington Heights,VILLAGE OF ARLINGTON HEIGHTS,https://cms2.revize.com/revize/arlington/Transparency/Collective%20Bargaining%20Agreements/Police/2011%20-%202014%20Police%20Contract.pdf,2011 - 2014 Police Contract,cba,high,scheduled,high_priority_later_verify,URL-5985f576fb317fde567d,1,primary,KEY-dc51292103369590d892,74495,2.422764,police,city,medium,74,IL25.2-2026-07-20,candidate_lead_planned_not_verified
VER-261929a630c9464e38ca,NSCQ-IL-20260720-0044,NSCQ-IL-20260720-0044,cog_2025_211686,211686,IL,Bolingbrook,VILLAGE OF BOLINGBROOK,https://www.bolingbrook.gov/vertical/sites/%7B55EB27CA-CA9F-40A5-A0EF-1E4EEF52F39E%7D/uploads/21-027_MAP_3.pdf,"Ordinance approving negotiated agreement between Metropolitan Alliance of Police Bolingbrook Chapter #3 and the Village of Bolingbrook (May 1, 2018 - April 30, 2023)",cba,high,scheduled,high_priority_later_verify,URL-98c86affa79496d365e7,1,primary,KEY-8b6c761ec8ad2e23e075,74088,2.422764,police,city,high,100,IL25-2026-07-20,candidate_lead_planned_not_verified
VER-015250be517009314cfc,NSCQ-IL-20260720-0047,NSCQ-IL-20260720-0047,cog_2025_211686,211686,IL,Bolingbrook,VILLAGE OF BOLINGBROOK,https://www.bolingbrook.gov/vertical/sites/%7B55EB27CA-CA9F-40A5-A0EF-1E4EEF52F39E%7D/uploads/20201110101945132.pdf,ORDINANCE 20-055: APPROVING 2020-2024 NEGOTIATED LABOR CONTRACT BETWEEN THE VILLAGE OF BOLINGBROOK AND THE BOLINGBROOK FIREFIGHTERS ASSOCIATION LOCAL 3005 OF THE INTERNATIONAL ASSOCIATION OF FIREFIGHTERS AFL-CIO-CLC,cba,high,scheduled,high_priority_later_verify,URL-c969bf8e74ecad7fa59e,1,primary,KEY-adbf53422258379bcd81,74088,2.422764,fire,city,medium,100,IL25-2026-07-20,candidate_lead_planned_not_verified
VER-e86caf79163a49a13a12,NSCQ-IL-20260720-0033,NSCQ-IL-20260720-0033,cog_2025_194713,194713,IL,Decatur,CITY OF DECATUR,https://www.decaturil.gov/DocumentCenter/View/364/Decatur-PBPALC-2020-2024-PDF,"Collective Bargaining Agreement between Decatur Police Benevolent and Protective Association Labor Committee and the City of Decatur, Illinois",cba,high,scheduled,high_priority_later_verify,URL-4e99c1aa73d62f5fbe7e,1,primary,KEY-6e337a78fa622c3c8128,68670,2.422764,police,city,high,100,IL25-2026-07-20,candidate_lead_planned_not_verified
VER-a8c4173f3e6373174a4c,NSCQ-IL-20260720-0036,NSCQ-IL-20260720-0036,cog_2025_194713,194713,IL,Decatur,CITY OF DECATUR,https://www.decaturil.gov/DocumentCenter/View/366/AFSCME-Local-268---2023-2024-PDF,AFSCME Local 268 Contract 2023-2024,cba,high,scheduled,high_priority_later_verify,URL-bef1aad5a68a007f0eb1,1,primary,KEY-d7ce6600116b0b8ced94,68670,2.422764,non_safety,city,medium,97,IL25-2026-07-20,candidate_lead_planned_not_verified
VER-a133631567f82fa3d202,NSCQ-IL-20260720-0050,NSCQ-IL-20260720-0050,cog_2025_207782,207782,IL,Palatine,VILLAGE OF PALATINE,https://www.palatine.il.us/DocumentCenter/View/356,"Labor Contract Between Village of Palatine, Illinois and Palatine Fraternal Order of Police, Labor Council, Lodge No. 158",cba,high,scheduled,high_priority_later_verify,URL-c2dd6f5fe80936974ab9,1,primary,KEY-a214432471144c5a2d8d,64869,2.422764,police,city,medium,74,IL25-2026-07-20,candidate_lead_planned_not_verified
VER-cf65f1854206466aa0d3,NSCQ-IL-20260720-0057,NSCQ-IL-20260720-0057,cog_2025_162239,162239,IL,Des Plaines,CITY OF DES PLAINES,https://www.desplainesil.gov/files/assets/city/v/1/hr/policies-and-contracts/union-contracts/mecca-contract-2024.pdf,"Collective Bargaining Agreement between the City of Des Plaines and Municipal Employees City Coordinating Association of Des Plaines (MECCA) — January 1, 2020 - December 31, 2024",cba,high,scheduled,high_priority_later_verify,URL-5bfec4715a7e267ba940,1,primary,KEY-88755d56ba42e070893e,58010,2.422764,non_safety,city,high,80,IL25-2026-07-20,candidate_lead_planned_not_verified
VER-12da27c6ecad78d47d24,NSCQ-IL-20260720-0082,NSCQ-IL-20260720-0082,cog_2025_124891,124891,IL,Oak Lawn,VILLAGE OF OAK LAWN,https://cms2.revize.com/revize/villageofoaklawn/Document%20Center/Agenda%20%26%20minutes/Board%20of%20Trustees/Regular%20Meeting/2023/Agenda/Board%20of%20Trustees%20Regular%20Meeting%20Packet%202023-10%20%28May%2023%29_Redacted.pdf,"Collective Bargaining Agreement (Oak Lawn Professional Firefighters Association Local 3405, I.A.F.F.)",cba,high,scheduled,high_priority_later_verify,URL-4910d32e2f03abcdb03b,1,primary,KEY-7b5a85a4b522cb710c68,55734,2.422764,fire,city,medium,91,IL25.2-2026-07-20,candidate_lead_planned_not_verified
VER-cdfb9155fbcde7566fa1,NSCQ-IL-20260720-0087,NSCQ-IL-20260720-0087,cog_2025_162258,162258,IL,Mount Prospect,VILLAGE OF MOUNT PROSPECT,https://docs.mountprospect.org/WebLink/DocView.aspx?dbid=0&id=2180940&repo=VOMP,Negotiated Agreement between the Village of Mount Prospect and the Metropolitan Alliance of Police Mount Prospect Sergeants Chapter #85,cba,high,scheduled,high_priority_later_verify,URL-8dc07aeba508c2d85735,1,primary,KEY-cbc6f950bcf415ead3c4,54298,2.422764,police,city,high,74,IL25.2-2026-07-20,candidate_lead_planned_not_verified
VER-5f84cf7f26d34c42e94a,NSCQ-IL-20260720-0089,NSCQ-IL-20260720-0089,cog_2025_124909,124909,IL,Wheaton,CITY OF WHEATON,https://wheaton.il.us/DocumentCenter/View/5094,2017 - 2020 MAP Local 450 Collective Bargaining Agreement - Signed by Both Parties,cba,high,scheduled,high_priority_later_verify,URL-4baf4958332b792b9027,1,primary,KEY-bffcccf7ceaf1f0a77d8,52938,2.422764,police,city,medium,91,IL25.2-2026-07-20,candidate_lead_planned_not_verified
VER-b4890cd1f8640f716d10,NSCQ-IL-20260720-0092,NSCQ-IL-20260720-0092,cog_2025_124909,124909,IL,Wheaton,CITY OF WHEATON,https://wheaton.il.us/DocumentCenter/View/15842/2021---2026-Local-150-Collective-Bargaining-Agreement-PDF,2021 - 2026 Local 150 Collective Bargaining Agreement,cba,high,scheduled,high_priority_later_verify,URL-b437026890a91a4cb7d9,1,primary,KEY-6bf19aa5f911fa1414b1,52938,2.422764,non_safety,city,medium,91,IL25.2-2026-07-20,candidate_lead_planned_not_verified
VER-8b1ceb235e28feb7e83b,NSCQ-IL-20260720-0097,NSCQ-IL-20260720-0097,cog_2025_162277,162277,IL,Hoffman Estates,VILLAGE OF HOFFMAN ESTATES,https://www.hoffmanestates.org/Documents/Government/Departments/Human%20Resources%20Management/Compensation%20and%20Benefits/FD-Local-2061-Collective-Bargaining-Agreement-2021-2023.pdf?t=202509191049130,Collective Bargaining Labor Agreement (Local #2061) Between Local 2061 ... and The Village of Hoffman Estates ...,cba,high,scheduled,high_priority_later_verify,URL-5adddda7e96325a2411a,1,primary,KEY-467b9940bca563d427e9,50179,2.422764,fire,city,medium,91,IL25.2-2026-07-20,candidate_lead_planned_not_verified
VER-9815de3901ff10a41c48,NSCQ-IL-20260720-0103,NSCQ-IL-20260720-0103,cog_2025_162295,162295,IL,Downers Grove,VILLAGE OF DOWNERS GROVE,https://cdn.downers.us/public/docs/laborContracts/PW_2024-2028.pdf,Collective Bargaining Agreement Local 150 for 2024-2028 | Village of Downers Grove,cba,high,scheduled,high_priority_later_verify,URL-53aafd3a6f8048e4c4f9,1,primary,KEY-499831aa384ce85ee094,49706,2.422764,non_safety,city,medium,76,IL25.2-2026-07-20,candidate_lead_planned_not_verified
VER-c193e540b78f70cabc07,NSCQ-IL-20260720-0106,NSCQ-IL-20260720-0106,cog_2025_204271,204271,IL,Glenview,VILLAGE OF GLENVIEW,https://glenview.granicus.com/MetaViewer.php?clip_id=2682&meta_id=117896&view_id=2,2023-2027 Agreement (Agreement between the Village of Glenview and the Metropolitan Alliance of Police (MAP) Glenview Chapter #156 for the Glenview Police Officers),cba,high,scheduled,high_priority_later_verify,URL-027c81272ebefc9248f6,1,primary,KEY-149b30ee550e51bf8869,46904,2.422764,police,city,high,100,IL25.2-2026-07-20,candidate_lead_planned_not_verified
VER-9c7d5a87d62b38e948c6,NSCQ-IL-20260720-0109,NSCQ-IL-20260720-0109,cog_2025_162296,162296,IL,Elmhurst,CITY OF ELMHURST,https://ilrb.illinois.gov/content/dam/soi/en/web/ilrb/arbitration/documents/s-ma-18-300arbaward.pdf,"Illinois Labor Relations Board Interest Arbitration Opinion and Award (City of Elmhurst, IL and Elmhurst Professional Firefighters Association, Local 3541) – S-MA-18-300",arbitration_award,high,scheduled,high_priority_later_verify,URL-824a9ef20112b5580801,1,primary,KEY-c4062134204d53ee0ef6,45336,2.422764,fire,state_labor_board,medium,71,IL25.2-2026-07-20,candidate_lead_planned_not_verified
VER-e3cb34f6bda6badb9150,NSCQ-IL-20260720-0151,NSCQ-IL-20260720-0151,cog_2025_194697,194697,IL,Lombard,VILLAGE OF LOMBARD,https://villageoflombard.org/DocumentCenter/View/1196,"Agreement between the Village of Lombard and Lombard Firefighters' Union, Local 3009",cba,high,scheduled,high_priority_later_verify,URL-bcc11bcfe551ff9f2179,1,primary,KEY-bb0beee0d50fec9b603a,43779,2.422764,fire,city,medium,91,IL25.3-2026-07-20,candidate_lead_planned_not_verified
VER-bcebc4bc237467c20de1,NSCQ-IL-20260720-0154,NSCQ-IL-20260720-0154,cog_2025_194697,194697,IL,Lombard,VILLAGE OF LOMBARD,https://villageoflombard.org/DocumentCenter/View/1195,"Agreement Between the Village of Lombard and SEIU Local 73, Service Employees International Union, CTW",cba,high,scheduled,high_priority_later_verify,URL-ad079d213bccf6642366,1,primary,KEY-c5768841074a521d9f65,43779,2.422764,non_safety,city,medium,91,IL25.3-2026-07-20,candidate_lead_planned_not_verified
VER-aa4ccf656c8063119fb1,NSCQ-IL-20260720-0066,NSCQ-IL-20260720-0066,cog_2025_125047,125047,IL,Moline,CITY OF MOLINE,https://moline.il.us/DocumentCenter/View/10355/lntemational-Association-of-Firefighters-IAFF-Labor-Agreement-2022-2024,"International Association of Firefighters (IAFF) Labor Agreement, Local #581 — January 1, 2022 - December 31, 2024",cba,high,scheduled,high_priority_later_verify,URL-8edf363639a198065ece,1,primary,KEY-8fad256625fe3147c397,41965,2.422764,fire,city,high,100,IL25-2026-07-20,candidate_lead_planned_not_verified
VER-ffd3dd8d6acc74942825,NSCQ-IL-20260720-0110,NSCQ-IL-20260720-0110,cog_2025_102873,102873,IL,Romeoville,VILLAGE OF ROMEOVILLE,https://www.romeoville.org/DocumentCenter/View/5903/Police-Union-Contract,Agreement Between Village of Romeoville and Metropolitan Alliance of Police (Romeoville Chapter),cba,high,scheduled,high_priority_later_verify,URL-b22562ebad94cf4425f0,1,primary,KEY-75cf7f3e850f8975fd29,40955,2.422764,police,city,medium,91,IL25.2-2026-07-20,candidate_lead_planned_not_verified
VER-550514c675c73d8b7fdf,NSCQ-IL-20260720-0064,NSCQ-IL-20260720-0064,cog_2025_125051,125051,IL,Belleville,CITY OF BELLEVILLE,https://www.belleville.net/DocumentCenter/View/12253/UNION-CONTRACT_FIREFIGHTERS-LOCAL-53-IAFF_2024-2027pdf,"Collective Bargaining Agreement between The City of Belleville and Belleville Firefighters Local No. 53, IAFF",cba,high,scheduled,high_priority_later_verify,URL-71b51a3cf269d8721bad,1,primary,KEY-00fe58fee891b8fddef2,40726,2.422764,fire,city,high,94,IL25-2026-07-20,candidate_lead_planned_not_verified
VER-d268fe3ff588e4e49ba7,NSCQ-IL-20260720-0118,NSCQ-IL-20260720-0118,cog_2025_102649,102649,IL,DeKalb,CITY OF DE KALB,https://www.cityofdekalb.com/DocumentCenter/View/5523/IAFF-Contract-from-July-1-2017-to-December-31-2020,"IAFF Contract from July 1, 2017 to December 31, 2020",cba,high,scheduled,high_priority_later_verify,URL-3deb0eee9af183c40f83,1,primary,KEY-5a16be8cc4f336dc0edc,40211,2.422764,fire,city,high,100,IL25.2-2026-07-20,candidate_lead_planned_not_verified
VER-7df595954a344d5b7515,NSCQ-IL-20260720-0220,NSCQ-IL-20260720-0220,cog_2025_102592,102592,IL,Bartlett,VILLAGE OF BARTLETT,https://www.bartlettil.gov/home/showpublisheddocument/4792/636231806763100000,"Collective Bargaining Agreement (Public Works Unit) - May 1, 2016 through April 30, 2019",cba,high,scheduled,high_priority_later_verify,URL-9e10a24df39a118312e5,1,primary,KEY-b7cb73475b1a53ea9b03,39992,2.422764,non_safety,city,high,82,COORD-SERIAL150-WAVE2-2026-07-22,candidate_lead_planned_not_verified
VER-c9a6ac1b2859ed6cf7c6,NSCQ-IL-20260720-0076,NSCQ-IL-20260720-0076,cog_2025_162174,162174,IL,Quincy,CITY OF QUINCY,https://ilrb.illinois.gov/content/dam/soi/en/web/ilrb/arbitration/documents/S-MA-21-273_arb_award.pdf,Interest Arbitration Award — PBLC Local Unit 12 (Patrol Officers and Supervisors) vs. City of Quincy (ILRB Case Nos. S-MA-21-273 & S-MA-21-274),arbitration_award,high,scheduled,high_priority_later_verify,URL-c6f955ff6c380d05e1ae,1,primary,KEY-bb2df29b081d172bb3cc,38803,2.422764,police,state_labor_board,high,91,IL25-2026-07-20,candidate_lead_planned_not_verified
VER-fc2e1dd8d4658e8f1538,NSCQ-IL-20260720-0157,NSCQ-IL-20260720-0157,cog_2025_124895,124895,IL,Park Ridge,CITY OF PARK RIDGE,https://cms9files.revize.com/parkridgeil/ICOPS%20FINAL%202023-2025.pdf,COLLECTIVE BARGAINING AGREEMENT (ICOPS FINAL 2023-2025),cba,high,scheduled,high_priority_later_verify,URL-09be9c1faaa0b400027a,1,primary,KEY-c42c280916ec0d2b6f9a,37897,2.422764,police,city,medium,91,IL25.3-2026-07-20,candidate_lead_planned_not_verified
VER-8b7a3121714736a8abbc,NSCQ-IL-20260720-0121,NSCQ-IL-20260720-0121,cog_2025_162404,162404,IL,Carpentersville,VILLAGE OF CARPENTERSVILLE,https://cville.org/Archive.aspx?ADID=524,"AGREEMENT between VILLAGE OF CARPENTERSVILLE and METROPOLITAN ALLIANCE OF POLICE, CHAPTER #378 (PATROL OFFICERS)",cba,high,scheduled,high_priority_later_verify,URL-7a7ab6342d94e22bb4dd,1,primary,KEY-965b48fc1afe73841a2a,37099,2.422764,police,city,high,100,IL25.2-2026-07-20,candidate_lead_planned_not_verified
VER-d6ae815c1f11fe5ce070,NSCQ-IL-20260720-0125,NSCQ-IL-20260720-0125,cog_2025_162404,162404,IL,Carpentersville,VILLAGE OF CARPENTERSVILLE,https://www.cville.org/Archive/ViewFile/Item/487,"AGREEMENT Between VILLAGE OF CARPENTERSVILLE and METROPOLITAN ALLIANCE OF POLICE, CHAPTER #390 (CIVILIANS)",cba,high,scheduled,high_priority_later_verify,URL-5c43368e1014596afd11,1,primary,KEY-a19a3b7440db1db50509,37099,2.422764,non_safety,city,high,100,IL25.2-2026-07-20,candidate_lead_planned_not_verified
VER-430d29495fa4280f9831,NSCQ-IL-20260720-0142,NSCQ-IL-20260720-0142,cog_2025_162602,162602,IL,Rock Island,CITY OF ROCK ISLAND,https://www.rigov.org/DocumentCenter/View/759,"COLLECTIVE BARGAINING AGREEMENT - Rock Island Firefighters Association, IAFF Local 26, AFL-CIO CLC and the City of Rock Island, Illinois",cba,high,scheduled,high_priority_later_verify,URL-eb875fd13678817c8214,1,primary,KEY-3f40e7099ed302e0a087,36132,2.422764,fire,city,high,94,IL25.2-2026-07-20,candidate_lead_planned_not_verified
VER-2316ab15dd07f679a589,NSCQ-IL-20260720-0165,NSCQ-IL-20260720-0165,cog_2025_194701,194701,IL,Northbrook,VILLAGE OF NORTHBROOK,https://www.northbrook.il.us/DocumentCenter/View/570,"Northbrook Professional Fire Fighters Agreement (May 1, 2015– April 30, 2018)",cba,high,scheduled,high_priority_later_verify,URL-154d696ad162505532cb,1,primary,KEY-43c1847f0a9fa6139d03,33977,2.422764,fire,city,medium,91,IL25.3-2026-07-20,candidate_lead_planned_not_verified
VER-96a767befe8bc9665a59,NSCQ-IL-20260720-0225,NSCQ-IL-20260720-0225,cog_2025_102670,102670,IL,Woodridge,VILLAGE OF WOODRIDGE,https://cms9files.revize.com/woodridgeil/Document%20Center/Communications/HR/Executed%20MAP%20639%20Contract-RES-2024-27.pdf,"2024 Contract Executed by MAP (Resolution No. RES-2024-27) — AGREEMENT BETWEEN THE VILLAGE OF WOODRIDGE AND THE METROPOLITAN ALLIANCE OF POLICE, WOODRIDGE CIVILIANS CHAPTER #639",cba,high,scheduled,high_priority_later_verify,URL-7fc30e5767bfc14c9963,1,primary,KEY-0be2b1022bf0a20b17a2,33566,2.422764,non_safety,city,high,94,COORD-SERIAL150-WAVE2-2026-07-22,candidate_lead_planned_not_verified
VER-96df2e934d684119f2c9,NSCQ-IL-20260720-0226,NSCQ-IL-20260720-0226,cog_2025_162304,162304,IL,Glendale Heights,VILLAGE OF GLENDALE HEIGHTS,https://www.glendaleheights.org/DocumentCenter/View/394/FOP---Patrol-PDF,COLLECTIVE BARGAINING AGREEMENT (Patrol),cba,high,scheduled,high_priority_later_verify,URL-b7f09db3e8631934a83a,1,primary,KEY-d765b911fbbc6f4139ad,32409,2.422764,police,city,high,88,COORD-SERIAL150-WAVE2-2026-07-22,candidate_lead_planned_not_verified
VER-125b39149297a3192e2c,NSCQ-IL-20260720-0127,NSCQ-IL-20260720-0127,cog_2025_162651,162651,IL,Pekin,CITY OF PEKIN,https://www.ci.pekin.il.us/DocumentCenter/View/442/PBLC-May-2015---April-2019-PDF,Agreement Between City of Pekin and Pekin Police Benevolent Labor Committee (PBLC),cba,high,scheduled,high_priority_later_verify,URL-23e3d2b5103e43039edb,1,primary,KEY-ec866bbbfafcdace3124,31126,2.422764,police,city,medium,91,IL25.2-2026-07-20,candidate_lead_planned_not_verified
VER-940dae716df37711b97c,NSCQ-IL-20260720-0130,NSCQ-IL-20260720-0130,cog_2025_162651,162651,IL,Pekin,CITY OF PEKIN,https://www.ci.pekin.il.us/DocumentCenter/View/1010/Teamsters-General-Unit-through-April-30-2028-PDF,"Articles of Agreement Between City of Pekin, Illinois and Teamsters, Chauffeurs and Helpers Local Union No. 627 (General Employee Unit)",cba,high,scheduled,high_priority_later_verify,URL-c3696fb7c9ff30f433ee,1,primary,KEY-0c52f1e858f41d29501b,31126,2.422764,non_safety,city,low,84,IL25.2-2026-07-20,candidate_lead_planned_not_verified
VER-9a0f4b6072ccbe98289d,NSCQ-IL-20260720-0178,NSCQ-IL-20260720-0178,cog_2025_124967,124967,IL,Highland Park,CITY OF HIGHLAND PARK,https://icops.org/wp-content/uploads/Highland-Park-Patrol-Exp.-12-31-24.pdf,"Agreement between THE CITY OF HIGHLAND PARK, ILLINOIS and ILLINOIS COUNCIL OF POLICE (January 1, 2022 – December 31, 2024)",cba,high,scheduled,high_priority_later_verify,URL-b9683f119cc3c6bf1c2c,1,primary,KEY-484d774464079773248d,30272,2.422764,police,union,medium,87,IL25.3-2026-07-20,candidate_lead_planned_not_verified
VER-23f87399aa67a3b8a706,NSCQ-IL-20260720-0228,NSCQ-IL-20260720-0228,cog_2025_162428,162428,IL,Gurnee,VILLAGE OF GURNEE,https://www.gurnee.il.us/docs/default-source/human-resources/union-contracts/fop-police-contract-5-1-23-to-4-30-27.pdf?sfvrsn=70714bb1_6,"FOP Police Agreement (May 1, 2023 to April 30, 2027)",cba,high,scheduled,high_priority_later_verify,URL-ddaeee62aec051f629d4,1,primary,KEY-e382a45b0b539255e1d2,30193,2.422764,police,city,high,100,COORD-SERIAL150-WAVE2-2026-07-22,candidate_lead_planned_not_verified
VER-077dd9eafcdb66ebdc4d,NSCQ-IL-20260720-0232,NSCQ-IL-20260720-0232,cog_2025_102755,102755,IL,Algonquin,VILLAGE OF ALGONQUIN,https://www.algonquin.org/egov/apps/document/center.egov?id=5099&view=item,"Collective Bargaining Agreement (International Union of Operating Engineers, Local 150) – Public Works Employees",cba,high,scheduled,high_priority_later_verify,URL-324dc9db642ef6f30b68,1,primary,KEY-bee30d78e5fc86155a2c,30134,2.422764,non_safety,city,medium,82,COORD-SERIAL150-WAVE2-2026-07-22,candidate_lead_planned_not_verified
VER-ce2dc00db42f61820401,NSCQ-IL-20260720-0147,NSCQ-IL-20260720-0147,cog_2025_162420,162420,IL,Galesburg,CITY OF GALESBURG,https://cms7files.revize.com/galesburg/Document_Center/Department/Administration/Human%20Resources/Documents/IAFF%20Contract%20eff%2010162023.pdf,Agreement between City of Galesburg and IAFF Local No. 555 (Amended) - Contract effective 10/16/2023,cba,high,scheduled,high_priority_later_verify,URL-f4284b4b4f10669593b1,1,primary,KEY-838c0b7f0dbddc2ecf5b,29130,2.422764,fire,city,medium,91,IL25.2-2026-07-20,candidate_lead_planned_not_verified
VER-79ac375e73f935758227,NSCQ-IL-20260720-0134,NSCQ-IL-20260720-0134,cog_2025_102859,102859,IL,Danville,CITY OF DANVILLE,https://www.cityofdanville.org/DocumentCenter/View/129/Laborers-Local-703-Contract-2021-2024-Laborers-Local-703-Contract-PDF,Laborers Local 703 Contract (2021-2024) (Public Works Laborers/Police Mechanic) (Resolution No. 2022-13),cba,high,scheduled,high_priority_later_verify,URL-bcd571b6c09cb909e958,1,primary,KEY-393a7d6ba6605d64ccdf,28206,2.422764,non_safety,city,medium,91,IL25.2-2026-07-20,candidate_lead_planned_not_verified
VER-41764b7344acb4ed8b02,NSCQ-IL-20260720-0239,NSCQ-IL-20260720-0239,cog_2025_162270,162270,IL,Wilmette,VILLAGE OF WILMETTE,https://www.wilmette.gov/DocumentCenter/View/596/Firefighters---Wilmette-Professional-Firefighters-Union-Local-5411-January-1-2023-to-December-31-2025-PDF,"Agreement Between The Village of Wilmette, Illinois and Wilmette Professional Firefighters Union, Local 5411, I.A.F.F., A.F.L.-C.I.O (January 1, 2023 - December 31, 2025)",cba,high,scheduled,high_priority_later_verify,URL-741437c4acbe110c3535,1,primary,KEY-d8c29b5e58779518d7f0,27026,2.422764,fire,city,medium,82,COORD-SERIAL150-WAVE2-2026-07-22,candidate_lead_planned_not_verified
VER-523d5d00cb06b2aee158,NSCQ-IL-20260720-0186,NSCQ-IL-20260720-0186,cog_2025_162513,162513,IL,Edwardsville,CITY OF EDWARDSVILLE,https://www.cityofedwardsville.com/DocumentCenter/View/528,"Collective Bargaining Agreement Between City of Edwardsville and Laborers’ International Union of North America Local 397 of Edwardsville, Illinois and Vicinity — on Behalf of the Employees of the City Clerk’s and Collector’s Offices",cba,high,scheduled,high_priority_later_verify,URL-e93783e661514670b4ba,1,primary,KEY-ba50b69e14d0e52b3c1e,26698,2.422764,non_safety,city,medium,82,IL25.3-2026-07-20,candidate_lead_planned_not_verified
VER-30a1db2f08db4af87a87,NSCQ-IL-20260720-0244,NSCQ-IL-20260720-0244,cog_2025_207872,207872,IL,Lockport,CITY OF LOCKPORT,https://www.cityoflockport.net/DocumentCenter/View/6247/MAP-75-Union-Contract-2023-2027,Negotiated Agreement between the Metropolitan Alliance of Police Lockport Police Chapter #75 and the City of Lockport,cba,high,scheduled,high_priority_later_verify,URL-7d53b3d8e10b3625feb4,1,primary,KEY-2172e35f075db5e17688,26537,2.422764,police,city,medium,91,COORD-SERIAL150-WAVE2-2026-07-22,candidate_lead_planned_not_verified
VER-c9bfabaecf59e70e032e,NSCQ-IL-20260720-0246,NSCQ-IL-20260720-0246,cog_2025_194708,194708,IL,Woodstock,CITY OF WOODSTOCK,https://www.woodstockil.gov/DocumentCenter/View/357/Ill-Fraternal-Order-of-Police-Labor-Council-Woodstock-Lodge-Number-191---Unit-A-PDF,COLLECTIVE BARGAINING AGREEMENT - UNIT A – POLICE OFFICERS (Illinois Fraternal Order of Police Labor Council / Woodstock Lodge #191),cba,high,scheduled,high_priority_later_verify,URL-f5f114aa8ccd157e366f,1,primary,KEY-689f9f5cdb100c6c3a46,25699,2.422764,police,city,medium,79,COORD-SERIAL150-WAVE2-2026-07-22,candidate_lead_planned_not_verified
VER-2fb161e40c6bbd040d79,NSCQ-IL-20260720-0188,NSCQ-IL-20260720-0188,cog_2025_162180,162180,IL,Belvidere,CITY OF BELVIDERE,https://www.belvidereil.gov/wp-content/uploads/2023/09/2022-22_A_Resolution_Authorizing_The_Mayor_To_Execute_And_The_Clerk_To_Attest_A_Collective_Bargaining_Agreement_With_The_International_Association_Of_Fire_Fighters_Local_1569_AFL-CIO-CLC_2022-2026-1.pdf,International Association of Fire Fighters Local #1569 AFL-CIO-CLC 2022-2026,cba,high,scheduled,high_priority_later_verify,URL-76abf5296b7ad3efd213,1,primary,KEY-d4fc0c1b1b480e8b1618,25297,2.422764,fire,city,high,100,IL25.3-2026-07-20,candidate_lead_planned_not_verified
VER-1dadad51085af139f2c0,NSCQ-IL-20260720-0249,NSCQ-IL-20260720-0249,cog_2025_193190,193190,IL,West Chicago,CITY OF WEST CHICAGO,https://westchicago.org/wp-content/uploads/2023/01/2022-R-0078.pdf,"Collective Bargaining Agreement (City of West Chicago / International Union of Operating Engineers, Local 150) — 2022-2024",cba,high,scheduled,high_priority_later_verify,URL-6663fe6c357ee2236926,1,primary,KEY-cfb54d52a1ad987007c0,25116,2.422764,non_safety,city,medium,79,COORD-SERIAL150-WAVE2-2026-07-22,candidate_lead_planned_not_verified
VER-f341e16c085c7fa9d3da,NSCQ-IL-20260720-0213,NSCQ-IL-20260720-0213,cog_2025_125004,125004,IL,Alton,CITY OF ALTON,https://www.cityofaltonil.gov/wp-content/uploads/2022/09/Teamster-2022.2026.pdf,"Chauffeurs, Teamsters, Warehousemen and Helpers Local Union No. 525 Memorandum of Understanding (City of Alton, IL) (Apr 1, 2022 – Mar 31, 2026)",cba,high,scheduled,high_priority_later_verify,URL-d5e5e81ed76708dc7cf4,1,primary,KEY-edd13eb3cb1f37fdbfa8,25006,2.422764,non_safety,city,medium,91,IL25.3-2026-07-20,candidate_lead_planned_not_verified
VER-ac049ca8e9e6fa5206c3,NSCQ-IL-20260720-0252,NSCQ-IL-20260720-0252,cog_2025_162417,162417,IL,Yorkville,CITY OF YORKVILLE,https://www.yorkville.il.us/Archive.aspx?ADID=6611,Memorandum of Understanding (MOU) by and between the United City of Yorkville and the Illinois Fraternal Order of Police Labor Council — for Patrol Officers (wage/insurance revisions),memorandum_or_settlement,high,scheduled,high_priority_later_verify,URL-72cf3a1452fdd10172be,1,primary,KEY-ab02045a441fe1ba45e6,24693,2.422764,police,city,medium,88,COORD-SERIAL150-WAVE2-2026-07-22,candidate_lead_planned_not_verified
VER-061d79cff599fe1c50af,NSCQ-IL-20260720-0256,NSCQ-IL-20260720-0256,cog_2025_124970,124970,IL,Zion,CITY OF ZION,https://www.cityofzion.com/wp-content/uploads/2025/10/FOP-Patrol-contract-001-2023-2026.pdf,Illinois FOP Labor Council and City of Zion - Patrol Officers Collective Bargaining Agreement,cba,high,scheduled,high_priority_later_verify,URL-d275a17a6cf055dfa468,1,primary,KEY-4dda4b75a8ead7295d96,24206,2.422764,police,city,medium,91,COORD-SERIAL150-WAVE2-2026-07-22,candidate_lead_planned_not_verified
VER-1a1567a20cb7cbfababc,NSCQ-IL-20260720-0144,NSCQ-IL-20260720-0144,cog_2025_162707,162707,IL,Loves Park,CITY OF LOVES PARK,https://cityoflovespark.com/wp-content/uploads/minutes-agendas-newsletters/CCPackets_2019-04-29.pdf,Collective Bargaining Agreement Between The City of Loves Park and The Illinois Fraternal Order of Police Labor Council Lodge #187,cba,high,scheduled,high_priority_later_verify,URL-1e14c2f799d06be0b89b,1,primary,KEY-7ebc73ac0213e8bb4691,23335,2.422764,police,city,medium,79,IL25.2-2026-07-20,candidate_lead_planned_not_verified
VER-e928f04df7845a3577cf,NSCQ-IL-20260720-0216,NSCQ-IL-20260720-0216,cog_2025_162263,162263,IL,Rolling Meadows,CITY OF ROLLING MEADOWS,https://www.cityrm.org/DocumentCenter/View/3607/AFSCME-Union-Contract-Exp-123123,"Agreement Between City of Rolling Meadows and American Federation of State, County and Municipal Employees (AFSCME), Council 31, AFL-CIO",cba,high,scheduled,high_priority_later_verify,URL-9c88c20643c4165bb849,1,primary,KEY-329eab68d47cfa57de1a,23329,2.422764,non_safety,city,low,90,IL25.3-2026-07-20,candidate_lead_planned_not_verified
VER-207168f6a9bbd090e2db,NSCQ-IL-20260720-0266,NSCQ-IL-20260720-0266,cog_2025_162255,162255,IL,Maywood,VILLAGE OF MAYWOOD,https://cms2.revize.com/revize/maywoodil/_news/Document_Center/Services/Village%20Clerk/Resolutions/2022/R-2022-38.pdf,"AGREEMENT BETWEEN THE ILLINOIS COUNCIL OF POLICE AND THE VILLAGE OF MAYWOOD — SERGEANT CHAPTER — May 1, 2019 through April 30, 2024",cba,high,scheduled,high_priority_later_verify,URL-7ab463dd5d6550e1829a,1,primary,KEY-eee27ab998149c91e434,22880,2.422764,police,city,medium,91,COORD-SERIAL150-WAVE2-2026-07-22,candidate_lead_planned_not_verified
VER-dba8eb7a0b4c00fa6b85,NSCQ-IL-20260720-0199,NSCQ-IL-20260720-0199,cog_2025_125069,125069,IL,East Peoria,CITY OF EAST PEORIA,https://www.cityofeastpeoria.com/DocumentCenter/View/2622/Policemens-Benevolent-Labor-Committee-Contract-2022-2026-PDF,Policemen's Benevolent Labor Committee Contract 2022-2026,cba,high,scheduled,high_priority_later_verify,URL-0949dca5489ecaf564ea,1,primary,KEY-69b6e86a4eedc62605a0,22012,2.422764,police,city,medium,91,IL25.3-2026-07-20,candidate_lead_planned_not_verified
VER-b65822df7065d1341461,NSCQ-IL-20260720-0272,NSCQ-IL-20260720-0272,cog_2025_189920,189920,IL,Villa Park,VILLAGE OF VILLA PARK,https://www.invillapark.com/DocumentCenter/View/9263/FOP-Contract-2021-to-2025-PDF,Illinois FOP Labor Council and VILLAGE OF VILLA PARK PATROL,cba,high,scheduled,high_priority_later_verify,URL-26ca2027b3f824a23d3e,1,primary,KEY-76f6f93a99ddf2b53141,21727,2.422764,police,city,medium,100,COORD-SERIAL150-WAVE2-2026-07-22,candidate_lead_planned_not_verified
VER-78cc299308e503eaff2e,NSCQ-IL-20260720-0275,NSCQ-IL-20260720-0275,cog_2025_189920,189920,IL,Villa Park,VILLAGE OF VILLA PARK,https://www.invillapark.com/DocumentCenter/View/2564/AFSCME-Contract-2015-to-2017PDF,"Agreement between VILLAGE OF VILLA PARK and Local 964, American Federation of State, County and Municipal Employees, Council 31, AFL-CIO (May 1, 2015 to April 30, 2017)",cba,high,scheduled,high_priority_later_verify,URL-db810c9009beea6da658,1,primary,KEY-e2fb9727a8da87c4378f,21727,2.422764,non_safety,city,medium,98,COORD-SERIAL150-WAVE2-2026-07-22,candidate_lead_planned_not_verified
VER-d26b80f7a794e9e8eb98,NSCQ-IL-20260720-0069,NSCQ-IL-20260720-0069,cog_2025_162380,162380,IL,Carbondale,CITY OF CARBONDALE,https://www.explorecarbondale.com/DocumentCenter/View/3030/Police-Patrol-Officers-Contract-May-2024-through-April-2029-PDF,Police Patrol Officers Contract May 2024 through April 2029,cba,high,scheduled,high_priority_later_verify,URL-31b4210cae7c2012a9f8,1,primary,KEY-c243fb599a430fc477af,21592,2.422764,police,city,high,94,IL25-2026-07-20,candidate_lead_planned_not_verified
VER-439bffdd65f7e1c8994c,NSCQ-IL-20260720-0279,NSCQ-IL-20260720-0279,cog_2025_162232,162232,IL,Blue Island,CITY OF BLUE ISLAND,https://www.blueisland.org/DocumentCenter/View/383,"Illinois FOP Labor Council Representing Patrol Officers, Corporals, and Sergeants — Agreement (May 1, 2014 to December 31, 2017)",cba,high,scheduled,high_priority_later_verify,URL-14c0bd19c1edcc58aaa2,1,primary,KEY-d2e656a9aba01df9f972,21494,2.422764,police,city,medium,98,COORD-SERIAL150-WAVE2-2026-07-22,candidate_lead_planned_not_verified
VER-f5b24d42484160cddee9,NSCQ-IL-20260720-0282,NSCQ-IL-20260720-0282,cog_2025_162232,162232,IL,Blue Island,CITY OF BLUE ISLAND,https://www.blueisland.org/DocumentCenter/View/381,"AFSCME Council 31, Local 1172 — Blue Island Public Works and Police Civilians (May 1, 2011 to April 30, 2014)",cba,high,scheduled,high_priority_later_verify,URL-7a2a5ebc4f7a1a7f0069,1,primary,KEY-9661312bfb28a0e88db4,21494,2.422764,non_safety,city,medium,98,COORD-SERIAL150-WAVE2-2026-07-22,candidate_lead_planned_not_verified
VER-838a77f0cb7597d49b5b,NSCQ-IL-20260720-0286,NSCQ-IL-20260720-0286,cog_2025_194695,194695,IL,Geneva,CITY OF GENEVA,https://www.geneva.il.us/Archive.aspx?ADID=1234,"Agreement Between The City of Geneva And Local Union 196 International Brotherhood of Electrical Workers (May 1, 2014 – April 30, 2017)",cba,high,scheduled,high_priority_later_verify,URL-bb4fbec989bf41f22bac,1,primary,KEY-5e4a84d45fab98770322,21129,2.422764,non_safety,city,medium,98,COORD-SERIAL150-WAVE2-2026-07-22,candidate_lead_planned_not_verified
VER-4a91681e65e817b4ebbb,NSCQ-IL-20260720-0290,NSCQ-IL-20260720-0290,cog_2025_212210,212210,IL,Frankfort,VILLAGE OF FRANKFORT,https://cms9files.revize.com/frankfortil/documents/resolutions/2023-23-23-res.pdf,Collective Bargaining Agreement (Illinois FOP Labor Council) (Resolution No. 23-23 attachment),cba,high,scheduled,high_priority_later_verify,URL-74dcf95aab80e0bd30f5,1,primary,KEY-574c2cc3bf8eb2444e3f,20907,2.422764,police,city,high,100,COORD-SERIAL150-WAVE2-2026-07-22,candidate_lead_planned_not_verified
VER-a34fd070c15b9cb4bbce,NSCQ-IL-20260720-0203,NSCQ-IL-20260720-0203,cog_2025_125046,125046,IL,East Moline,CITY OF EAST MOLINE,https://www.eastmoline.com/DocumentCenter/View/7093/2021-2024-IAFF-CONTRACT,"Collective Bargaining Agreement — International Association of Fire Fighters Local 929, AFL-CIO-CLC",cba,high,scheduled,high_priority_later_verify,URL-62125f468c996e93988a,1,primary,KEY-65a1b51f91842c9faf13,20806,2.422764,fire,city,medium,91,IL25.3-2026-07-20,candidate_lead_planned_not_verified
VER-424a5dcf303da29984c1,NSCQ-IL-20260720-0294,NSCQ-IL-20260720-0294,cog_2025_162432,162432,IL,Libertyville,VILLAGE OF LIBERTYVILLE,https://www.libertyville.com/DocumentCenter/View/23053/fop_sgt-2021-2025,"Agreement between VILLAGE OF LIBERTYVILLE and ILLINOIS FRATERNAL ORDER OF POLICE LABOR COUNCIL/LODGE 33 (Effective May 1, 2021 through April 30, 2025)",cba,high,scheduled,high_priority_later_verify,URL-29a5741c38108b220514,1,primary,KEY-991ee77f753d253e664a,20332,2.422764,police,city,medium,91,COORD-SERIAL150-WAVE2-2026-07-22,candidate_lead_planned_not_verified
VER-8fffa541903048864175,NSCQ-IL-20260720-0190,NSCQ-IL-20260720-0190,cog_2025_194703,194703,IL,Ottawa,CITY OF OTTAWA,https://www.cityofottawa.org/DocumentCenter/View/135/Police-Benevolent-Labor-Committee--Collective-Bargaining-Agreement--May-1-2022-to-April-30-2025-PDF,"Collective Bargaining Agreement Between the City of Ottawa, Illinois and the Police Benevolent Labor Committee (Patrol Officers and Sergeants of the Ottawa, Illinois Police Department) — 1 May 2022 to 30 April 2025",cba,high,scheduled,high_priority_later_verify,URL-479db89ca39c68d6b077,1,primary,KEY-29de348b7e12904cc140,18752,2.422764,police,city,medium,97,IL25.3-2026-07-20,candidate_lead_planned_not_verified
VER-2840ae06f98c34ee253f,NSCQ-IL-20260720-0205,NSCQ-IL-20260720-0205,cog_2025_162287,162287,IL,Sycamore,CITY OF SYCAMORE,https://www.cityofsycamore.com/Archive/ViewFile/Item/110,An Agreement Between the City of Sycamore and Illinois FOP Labor Council (Serg[e]ants and Patrol Officers),cba,high,scheduled,high_priority_later_verify,URL-d28ebef21d3de95b42e1,1,primary,KEY-1d0d3aadfa0e5c7269e4,18682,2.422764,police,city,medium,91,IL25.3-2026-07-20,candidate_lead_planned_not_verified
VER-a63ee9eb1ab93690ed26,NSCQ-IL-20260720-0208,NSCQ-IL-20260720-0208,cog_2025_162287,162287,IL,Sycamore,CITY OF SYCAMORE,https://www.cityofsycamore.com/DocumentCenter/View/750/IAFF-Local-3046-2023-2025,IAFF Local 3046 Collective Bargaining Agreement (City of Sycamore),cba,high,scheduled,high_priority_later_verify,URL-012637beed9e2149a695,1,primary,KEY-d8ac5111c0af0adcfa51,18682,2.422764,fire,city,medium,91,IL25.3-2026-07-20,candidate_lead_planned_not_verified
VER-bbc22c30494e2ae23f6c,NSCQ-IL-20260720-0193,NSCQ-IL-20260720-0193,cog_2025_125027,125027,IL,Jacksonville,CITY OF JACKSONVILLE,https://cms6.revize.com/revize/jacksonvilleil/departments/human_resources/docs/IAFF%20637%20Captains%202020-2024.pdf,"CONTRACT BETWEEN JACKSONVILLE FIRE FIGHTERS CAPTAINS' COMMITTEE AND THE CITY OF JACKSONVILLE, ILLINOIS (Effective 01/01/2020 - 12/31/2024)",cba,high,scheduled,high_priority_later_verify,URL-94a22dcbd2a523522ff2,1,primary,KEY-a1430a104bfbfbd22b6d,17237,2.422764,fire,city,medium,79,IL25.3-2026-07-20,candidate_lead_planned_not_verified
VER-e0daf2cf3a49e5cfd153,NSCQ-IL-20260720-0196,NSCQ-IL-20260720-0196,cog_2025_194698,194698,IL,Marion,CITY OF MARION,https://demo.cityofmarionil.gov/wp-content/uploads/2021/11/Marion-City-2019-2022.pdf,Collective Bargaining Agreement (Police) 2019-2022,cba,high,scheduled,high_priority_later_verify,URL-8a69f41c945dc6c09523,1,primary,KEY-a017a69111812ee509d3,16852,2.422764,police,city,medium,91,IL25.3-2026-07-20,candidate_lead_planned_not_verified
VER-84bf8ee5e704fd1a8bf8,NSCQ-ME-20260720-0008,NSCQ-ME-20260720-0008,cog_2025_166166,166166,ME,Bangor,CITY OF BANGOR,https://www.maine.gov/mlrb/sites/maine.gov.mlrb/files/inline-files/publicworks.bangor.airport_mechanics.2022-2025.pdf,"Collective Bargaining Agreement (Aircraft Mechanics) — City of Bangor, Maine and AFSCME (Airport Mechanics) — effective July 1, 2022 to June 30, 2025",cba,high,scheduled,high_priority_later_verify,URL-c917a41a6ad1920ad8fe,1,primary,KEY-7e30f8f8fef8264bc2ac,31628,2.3,non_safety,state_labor_board,medium,91,POST-PI-AGGRESSIVE-3X300-ATTEMPT3-LANE1-2026-07-23,candidate_lead_planned_not_verified
VER-0598d2494ddc712b2154,NSCQ-ME-20260720-0022,NSCQ-ME-20260720-0022,cog_2025_166162,166162,ME,Westbrook,CITY OF WESTBROOK,https://www.maine.gov/mlrb/sites/maine.gov.mlrb/files/inline-files/fire_amb.westbrook.2024-2027.pdf,Agreement Between City of Westbrook and Westbrook Fire/Rescue (Fire & Ambulance Unit) (cover to cover CBA),cba,high,scheduled,high_priority_later_verify,URL-78f8af13e3adc71c896c,1,primary,KEY-91106a42f09fad2a9762,20564,2.3,fire,state_labor_board,medium,100,POST-PI-AGGRESSIVE-3X300-ATTEMPT3-LANE1-2026-07-23,candidate_lead_planned_not_verified
VER-e34ea1b77206a7b1e6b5,NSCQ-ME-20260720-0029,NSCQ-ME-20260720-0029,cog_2025_166164,166164,ME,Waterville,CITY OF WATERVILLE,https://ecode360.com/39780127,Article III: Position Classification and Compensation Plan — § 56-3.1 (Classification and compensation) and related provisions,wage_schedule_or_compensation_plan,high,scheduled,high_priority_later_verify,URL-2460ac075fb0945e044a,1,primary,KEY-7200a31026be2011acd2,16823,2.3,non_safety,city,medium,94,POST-PI-AGGRESSIVE-3X300-ATTEMPT3-LANE1-2026-07-23,candidate_lead_planned_not_verified
VER-2dee46a2e44f876cc36c,NSCQ-ME-20260720-0040,NSCQ-ME-20260720-0040,cog_2025_127887,127887,ME,Old Town,CITY OF OLD TOWN,https://www.maine.gov/mlrb/sites/maine.gov.mlrb/files/inline-files/fire_amb.old_.town_.2023-25.pdf,"Agreement Between The City of Old Town and Professional Firefighters of Old Town, International Association of Firefighters, AFL-CIO, Local 1655 (July 1, 2022–June 30, 2025)",cba,high,scheduled,high_priority_later_verify,URL-f95976f36a03dddbdb9a,1,primary,KEY-ce09c889fc19e2654a93,7431,2.3,fire,state_labor_board,medium,83,POST-PI-AGGRESSIVE-3X300-ATTEMPT3-LANE2-2026-07-23,candidate_lead_planned_not_verified
VER-24fb0211d24c63264d10,NSCQ-ME-20260720-0046,NSCQ-ME-20260720-0046,cog_2025_166163,166163,ME,Gardiner,CITY OF GARDINER,https://www.maine.gov/mlrb/sites/maine.gov.mlrb/files/inline-files/admin.gardiner_1.pdf,"GENERAL UNIT JULY 1, 2021– JUNE 30, 2024 AGREEMENT BETWEEN THE CITY OF GARDINER AND LOCAL 2011 (GENERAL UNIT) COUNCIL NO. 93 AMERICAN FEDERATION OF STATE, COUNTY AND MUNICIPAL EMPLOYEES (AFL-CIO)",cba,high,scheduled,high_priority_later_verify,URL-3546ffdb5081104691fb,1,primary,KEY-637dcc416ee3ea335c29,6159,2.3,non_safety,state_labor_board,high,100,POST-PI-AGGRESSIVE-3X300-ATTEMPT3-LANE3-2026-07-23,candidate_lead_planned_not_verified
VER-2d028a0576d77ca36f0d,NSCQ-MI-20260720-0006,NSCQ-MI-20260720-0006,cog_2025_185901,185901,MI,Grand Rapids,CITY OF GRAND RAPIDS,https://www.grandrapidsmi.gov/files/assets/public/departments/administrative-services/files/labor-union-contracts/grpoa-contract-2019-2022.pdf,Grand Rapids Police Officers Association Officer & Sergeant Unit Agreement,cba,high,scheduled,high_priority_later_verify,URL-34c7d9575104d1e34e56,1,primary,KEY-71905ea92a8ab6408b8c,196608,2.273973,police,city,medium,85,COORD-TIER1-WAVE1-SERIAL150-2026-07-22,candidate_lead_planned_not_verified
VER-fce021681b8e23bde206,NSCQ-MI-20260720-0012,NSCQ-MI-20260720-0012,cog_2025_190480,190480,MI,Ann Arbor,CITY OF ANN ARBOR,https://www2.a2gov.org/HRWebshare/Union%20Contracts/AFSCME%20Contract.pdf,Contract between the City of Ann Arbor and AFSCME Local 369 (AFSCME-Human Resources/Labor 10/14/2022),cba,high,scheduled,high_priority_later_verify,URL-0663f155978eb8795db3,1,primary,KEY-6bb608a0a91b9071e9aa,119381,2.273973,non_safety,city,medium,100,COORD-TIER1-WAVE2-SERIAL150-2026-07-22,candidate_lead_planned_not_verified
VER-fc2c3aab9383bd510846,NSCQ-MI-20260720-0019,NSCQ-MI-20260720-0019,cog_2025_166823,166823,MI,Livonia,CITY OF LIVONIA,https://ci.livonia.mi.us/DocumentCenter/View/209/AFSCME-Union-Local-192-Contract-12-01-2022-to-11-30-2025-PDF?bidId=,Agreement between the City of Livonia and Union Local 192 (AFSCME) (collective bargaining agreement),cba,high,scheduled,high_priority_later_verify,URL-3e93aa26a4bbbbb704cb,1,primary,KEY-dce2c91d1572c77e9023,92185,2.273973,non_safety,city,medium,100,COORD-TIER1-WAVE2-SERIAL150-2026-07-22,candidate_lead_planned_not_verified
VER-7e3bb69025ac4385ea04,NSCQ-MI-20260720-0023,NSCQ-MI-20260720-0023,cog_2025_128329,128329,MI,Troy,CITY OF TROY,https://cms6.revize.com/revize/citytroymi/Departments/Human%20Resources/TFSOA%20Contract%202024-2029%20FINAL.pdf,"TFSOA Contract 2024-2029 FINAL (CITY OF TROY, MICHIGAN and TROY FIRE STAFF OFFICERS ASSOCIATION)",cba,high,scheduled,high_priority_later_verify,URL-46e0a5b5b42b483f2173,1,primary,KEY-f0d40fe8d265b7f749db,87339,2.273973,fire,city,medium,82,COORD-TIER1-WAVE2-SERIAL150-2026-07-22,candidate_lead_planned_not_verified
VER-db38fca82bfad229e1e7,NSCQ-MI-20260720-0028,NSCQ-MI-20260720-0028,cog_2025_166666,166666,MI,Flint,CITY OF FLINT,https://www.cityofflint.com/wp-content/uploads/2022/07/Local1600.pdf,"Collective Bargaining Agreement between the City of Flint and AFSCME Council 25, Local 1600 (July 1, 2014 through June 30, 2016)",cba,high,scheduled,high_priority_later_verify,URL-52c5cf642df832fd5ad9,1,primary,KEY-e85c2813c257a00b238f,79661,2.273973,non_safety,city,medium,92,POST-PI-PARALLEL-ROUND1-LANE1-2026-07-23,candidate_lead_planned_not_verified
VER-13683bb6c70d21c20797,NSCQ-MI-20260720-0039,NSCQ-MI-20260720-0039,cog_2025_106350,106350,MI,Wyoming,CITY OF WYOMING,https://www.wyomingmi.gov/Portals/0/Human%20Resources/Transparency%20Reporting/Contracts/2023-2026%20Police%20Command%20Contract.pdf,Employment Contract Between Police Officers Labor Council Wyoming Command Division and City of Wyoming,cba,high,scheduled,high_priority_later_verify,URL-70c60214c7a505394a94,1,primary,KEY-673dee552f81fd26bea4,77451,2.273973,police,city,medium,100,POST-PI-PARALLEL-ROUND1-LANE1-2026-07-23,candidate_lead_planned_not_verified
VER-2f8c7001fd813574cb3f,NSCQ-MI-20260720-0031,NSCQ-MI-20260720-0031,cog_2025_166770,166770,MI,Rochester Hills,CITY OF ROCHESTER HILLS,https://cms9files.revize.com/rochesterhillsmi/HR/UnionContracts/2022-2025AFSCME1917CBA.pdf,"BARGAINING AGREEMENT (Effective January 1, 2022 Through December 31, 2025)",cba,high,scheduled,high_priority_later_verify,URL-7436a617df6fb8fca5fa,1,primary,KEY-b808b903ac9914c61fcc,76002,2.273973,non_safety,city,medium,97,POST-PI-PARALLEL-ROUND1-LANE1-2026-07-23,candidate_lead_planned_not_verified
VER-dc1712dfc56c3152077d,NSCQ-MI-20260720-0033,NSCQ-MI-20260720-0033,cog_2025_212224,212224,MI,Kalamazoo,CITY OF KALAMAZOO,https://www.kalamazoocity.org/files/assets/public/v/3/human-resources/benefits-amp-contracts/kpsoa-2022-2026_for-print.pdf,KP SOA 2022-2026 Agreement (for-print) — Appendix A (Wages),cba,high,scheduled,high_priority_later_verify,URL-eb22b4dd602570dd49fa,1,primary,KEY-f05b53716d05ccc90d5e,73126,2.273973,police,city,medium,97,POST-PI-PARALLEL-ROUND1-LANE1-2026-07-23,candidate_lead_planned_not_verified
VER-44f549aded55c62312cb,NSCQ-MI-20260720-0048,NSCQ-MI-20260720-0048,cog_2025_106387,106387,MI,Novi,CITY OF NOVI,https://cityofnovi.org/media/bqajynoj/251201matter1.pdf,Labor Agreement between the City of Novi and the Police Officers Labor Council (POLC) (with effective period and operative wage terms),cba,high,scheduled,high_priority_later_verify,URL-525360cb24abca803c24,1,primary,KEY-4d6abfce2acf0fad38ac,66314,2.273973,police,city,medium,94,POST-PI-PARALLEL-ROUND1-LANE1-2026-07-23,candidate_lead_planned_not_verified
VER-d5227c3cc6688999d23a,NSCQ-MI-20260720-0055,NSCQ-MI-20260720-0055,cog_2025_166829,166829,MI,Taylor,CITY OF TAYLOR,https://cityoftaylor.com/DocumentCenter/View/11653/Police-Command-Contract-July-2022-June-2027,Police Command Contract July 2022-June 2027,cba,high,scheduled,high_priority_later_verify,URL-49baafbd8470b4d67b03,1,primary,KEY-6a62688657e5164136bb,61241,2.273973,police,city,high,100,POST-PI-PARALLEL-ROUND1-LANE1-2026-07-23,candidate_lead_planned_not_verified
VER-04a022264227c47bd0ce,NSCQ-MI-20260720-0058,NSCQ-MI-20260720-0058,cog_2025_166829,166829,MI,Taylor,CITY OF TAYLOR,https://cityoftaylor.com/DocumentCenter/View/12554/1128-Contract-11-22-24,1128 Contract 11 22 24,cba,high,scheduled,high_priority_later_verify,URL-e38e610677c20b79c0c3,1,primary,KEY-b7636cea8e94ec915cbb,61241,2.273973,non_safety,city,high,100,POST-PI-PARALLEL-ROUND1-LANE1-2026-07-23,candidate_lead_planned_not_verified
VER-b729ca9af3272e4001eb,NSCQ-MI-20260720-0052,NSCQ-MI-20260720-0052,cog_2025_166767,166767,MI,Royal Oak,CITY OF ROYAL OAK,https://www.romi.gov/DocumentCenter/View/36154/Police-Officers-Association-2021-2024-Contract---Signed-PDF,Police Officers Association 2021-2024 Contract - Signed,cba,high,scheduled,high_priority_later_verify,URL-a06a2bf6963f1b7afbf9,1,primary,KEY-e593adce272f87a5b967,57452,2.273973,police,city,medium,97,POST-PI-PARALLEL-ROUND1-LANE1-2026-07-23,candidate_lead_planned_not_verified
VER-42ecb6fd244d3a339bbf,NSCQ-MI-20260720-0066,NSCQ-MI-20260720-0066,cog_2025_166713,166713,MI,Kentwood,CITY OF KENTWOOD,https://cms6.revize.com/revize/kentwoodmi/document_center/city%20departments/human%20resources/KPFFU%20CBA%202022-2025.pdf,KPFFU CBA 2022–2025 (Agreement between City of Kentwood and Kentwood Professional Fire Fighters Union Local 3174),cba,high,scheduled,high_priority_later_verify,URL-4446a00092914f69f8ce,1,primary,KEY-3096de2191020839d6ef,53987,2.273973,fire,city,high,100,POST-PI-PARALLEL-ROUND1-LANE1-2026-07-23,candidate_lead_planned_not_verified
VER-16ebae488a650c4faad7,NSCQ-MI-20260720-0068,NSCQ-MI-20260720-0068,cog_2025_166705,166705,MI,Portage,CITY OF PORTAGE,https://www.portagemi.gov/DocumentCenter/View/213/IAFF-Labor-Agreement-PDF,"Agreement between City of Portage and Local No. 1467 International Association of Firefighters (Portage Firefighters Association) — (Effective July 1, 2024, through June 30, 2027)",cba,high,scheduled,high_priority_later_verify,URL-53bc77e916a6ea26e3a7,1,primary,KEY-fd1aaa1045a128e49fb3,49302,2.273973,fire,city,medium,91,POST-PI-PARALLEL-ROUND1-LANE1-2026-07-23,candidate_lead_planned_not_verified
VER-873195aa47f6a9bdba52,NSCQ-MI-20260720-0015,NSCQ-MI-20260720-0015,cog_2025_166689,166689,MI,East Lansing,CITY OF EAST LANSING,https://www.cityofeastlansing.com/DocumentCenter/View/16066/Final-Contract-IAFF-712024-to-06302026-PDF,"Collective Bargaining Agreement (East Lansing Fire Fighters IAFF Local 1609 and City of East Lansing, Michigan) — Effective July 1, 2024 - June 30, 2026",cba,high,scheduled,high_priority_later_verify,URL-c7e72f2234071657a1ac,1,primary,KEY-f76fff717e638e6c5408,48528,2.273973,fire,city,medium,100,COORD-TIER1-WAVE2-SERIAL150-2026-07-22,candidate_lead_planned_not_verified
VER-38ca0890ebdf4668ee5d,NSCQ-MI-20260720-0070,NSCQ-MI-20260720-0070,cog_2025_106395,106395,MI,Saginaw,CITY OF SAGINAW,https://www.saginaw-mi.com/DocumentCenter/View/93/POAM-CONTRACT-2022-2026,"City of Saginaw and POAM Collective Bargaining Agreement (Effective July 1, 2022 through June 30, 2026)",cba,high,scheduled,high_priority_later_verify,URL-2359130c8b28bc4b35f1,1,primary,KEY-c7edaf3dc4f01c9ca8f3,43185,2.273973,police,city,high,100,POST-PI-PARALLEL-ROUND1-LANE2-2026-07-23,candidate_lead_planned_not_verified
VER-c5be088b5ac23cfe5200,NSCQ-MI-20260720-0024,NSCQ-MI-20260720-0024,cog_2025_128316,128316,MI,Midland,CITY OF MIDLAND,https://mi-midland.civicplus.com/DocumentCenter/View/24892/POAM-Contract-2021-24-FINAL,Police Officers Association of Michigan (POAM) - Midland Collective Bargaining Agreement,cba,high,scheduled,high_priority_later_verify,URL-9ab7c8daa2916ec50438,1,primary,KEY-097dfd093fe181efdf08,42663,2.273973,police,city,medium,100,COORD-TIER1-WAVE2-SERIAL150-2026-07-22,candidate_lead_planned_not_verified
VER-7a7c12e63cdf8741b99e,NSCQ-MI-20260720-0027,NSCQ-MI-20260720-0027,cog_2025_128316,128316,MI,Midland,CITY OF MIDLAND,https://cityofmidlandmi.gov/DocumentCenter/View/17736/MMEA-Contract?bidId=,Midland Municipal Employees Association (MMEA) - Collective Bargaining Agreement,cba,high,scheduled,high_priority_later_verify,URL-c4f25230fd55f9225740,1,primary,KEY-a4a8a7220275d691a452,42663,2.273973,non_safety,city,medium,100,COORD-TIER1-WAVE2-SERIAL150-2026-07-22,candidate_lead_planned_not_verified
VER-b9128d421d16276cad94,NSCQ-MI-20260720-0074,NSCQ-MI-20260720-0074,cog_2025_194783,194783,MI,Muskegon,CITY OF MUSKEGON,https://muskegon-mi.gov/documents/view/75/5668/,"Local #370 Fire Fighters Union Contracts City of Muskegon (AFL-CIO) — January 1, 2024 through June 30, 2028",cba,high,scheduled,high_priority_later_verify,URL-e725a393b80f139b5da5,1,primary,KEY-ffcf0cae1456c54939e2,37183,2.273973,fire,city,medium,100,POST-PI-PARALLEL-ROUND1-LANE2-2026-07-23,candidate_lead_planned_not_verified
VER-5f07319ed7b0c6784537,NSCQ-MI-20260720-0081,NSCQ-MI-20260720-0081,cog_2025_208307,208307,MI,Eastpointe,CITY OF EASTPOINTE,https://cms9files.revize.com/eastpointemi/Patrol%20Contract%202023-2026.pdf,Patrol Contract 2023-2026 (Signature Copy),cba,high,scheduled,high_priority_later_verify,URL-47fd05e6ba201f14b53d,1,primary,KEY-36d54df57cc13a5870f1,33676,2.273973,police,city,medium,83,POST-PI-PARALLEL-ROUND1-LANE2-2026-07-23,candidate_lead_planned_not_verified
VER-cbcf5978230b7468bab0,NSCQ-MI-20260720-0085,NSCQ-MI-20260720-0085,cog_2025_208284,208284,MI,Bay City,CITY OF BAY CITY,https://www.baycitymi.gov/DocumentCenter/View/3027/International-Association-of-Firefighters-Local-116-2018---2021,International Association of Fire Fighters Local #116 Collective Bargaining Agreement (City of Bay City),cba,high,scheduled,high_priority_later_verify,URL-2e2b6d1e17b82fe03c06,1,primary,KEY-4df98370ce868c92adc5,32082,2.273973,fire,city,high,100,POST-PI-PARALLEL-ROUND1-LANE2-2026-07-23,candidate_lead_planned_not_verified
VER-df7f36ac86e13b79dcd3,NSCQ-MI-20260720-0078,NSCQ-MI-20260720-0078,cog_2025_208299,208299,MI,Jackson,CITY OF JACKSON,https://www.cityofjackson.org/DocumentCenter/View/11967/Revised-POLC-NS-Contract-2021-2026-Approved-12024,"LABOR AGREEMENT — City of Jackson and Police Officers Labor Council, Jackson Non-Supervisory Unit (POLC-NS) — July 1, 2021 through June 30, 2026 (Last Revised 1/1/2024)",cba,high,scheduled,high_priority_later_verify,URL-7d94fd9993b4daece519,1,primary,KEY-b0b990ab57404f11226a,30854,2.273973,police,city,high,100,POST-PI-PARALLEL-ROUND1-LANE2-2026-07-23,candidate_lead_planned_not_verified
VER-e2f4445b23b34ac10fb9,NSCQ-MI-20260720-0091,NSCQ-MI-20260720-0091,cog_2025_166764,166764,MI,Oak Park,CITY OF OAK PARK,https://www.oakparkmi.gov/media/documents/poam-2021-2024-public-safety-officers-1.pdf,Police Officers Association of Michigan (POAM) Public Safety Officers 2021 - 2024 Agreement,cba,high,scheduled,high_priority_later_verify,URL-e33a45c8fffb645995fc,1,primary,KEY-0b5d62d1903afd6e5802,29023,2.273973,police,city,medium,91,POST-PI-PARALLEL-ROUND2-3X150-LANE1-2026-07-23,candidate_lead_planned_not_verified
VER-f6c069b5c6271a831b84,NSCQ-MI-20260720-0089,NSCQ-MI-20260720-0089,cog_2025_166792,166792,MI,Port Huron,CITY OF PORT HURON,https://cms9files.revize.com/porthuronminw/Documents/Government/Departments/Human%20Resources/Collective%20Agreements/Fire%20Contract%202022.pdf,Agreement Between the City of Port Huron and Local 354 of the Port Huron Fire Fighters Association (AFL-CIO) — Collective Bargaining Agreement,cba,high,scheduled,high_priority_later_verify,URL-ad64dd4f6d104cd8c321,1,primary,KEY-658cd90ef8a8f6a34a3d,28383,2.273973,fire,city,medium,85,POST-PI-PARALLEL-ROUND2-3X150-LANE1-2026-07-23,candidate_lead_planned_not_verified
VER-a8d12c88d8ddf1f885a3,NSCQ-MI-20260720-0103,NSCQ-MI-20260720-0103,cog_2025_208332,208332,MI,Allen Park,CITY OF ALLEN PARK,https://cms3.revize.com/revize/allenparkmi/Documents/Departments/Human%20Resources%20and%20Risk%20Management/Employees/Collective%20Bargaining/APPOA-Contract-2023-FINAL-VERSION.pdf,"Agreement Between The City of Allen Park and Allen Park Police Officers Association (APPOA) — July 1, 2019 to June 30, 2023",cba,high,scheduled,high_priority_later_verify,URL-2960922970d82556ad3c,1,primary,KEY-5ef5e7c6a3925a5242d0,27528,2.273973,police,city,medium,91,POST-PI-PARALLEL-ROUND2-3X150-LANE1-2026-07-23,candidate_lead_planned_not_verified
VER-75f221b12dc3874bd57f,NSCQ-MI-20260720-0107,NSCQ-MI-20260720-0107,cog_2025_194791,194791,MI,Hamtramck,CITY OF HAMTRAMCK,https://hamtramckcity.gov/wp-content/uploads/2024/09/Tentative-Agreement-FD-8.7.2024.pdf,"Tentative Agreement (Execution Copy 8/7/2024): Agreement between City of Hamtramck and City of Hamtramck Fire Department (January 1, 2024 through December 31, 2027)",memorandum_or_settlement,high,scheduled,high_priority_later_verify,URL-faab74b0c80df74a77a8,1,primary,KEY-a39f3e5c807e2836aa2a,27339,2.273973,fire,city,low,92,POST-PI-PARALLEL-ROUND2-3X150-LANE1-2026-07-23,candidate_lead_planned_not_verified
VER-661a204d00d918b15942,NSCQ-MI-20260720-0100,NSCQ-MI-20260720-0100,cog_2025_166774,166774,MI,Auburn Hills,CITY OF AUBURN HILLS,https://www.auburnhills.org/wp-content/uploads/2025/07/AFSCME-CBA-2024-2027-FINAL-as-Signed.pdf,AFSCME Contract 2024-2027 (as signed) — Auburn Hills (Current Contract listing on City HR Collective Bargaining Agreements page),cba,high,scheduled,high_priority_later_verify,URL-abd476956a5d7767d08e,1,primary,KEY-a53ddc7492e47d4bd9b6,25597,2.273973,non_safety,city,medium,90,POST-PI-PARALLEL-ROUND2-3X150-LANE1-2026-07-23,candidate_lead_planned_not_verified
VER-95d86b1be6bbb98826ec,NSCQ-MI-20260720-0110,NSCQ-MI-20260720-0110,cog_2025_225800,225800,MI,Inkster,CITY OF INKSTER,https://www.cityofinkstermi.gov/Archive.aspx?ADID=130,"Inkster/COAM — Agreement Between the City of Inkster and Command Officers Association of Michigan (for the Unit of Corporals, Sergeants, and Lieutenants) (Effective July 1, 2024 through June 30, 2026)",cba,high,scheduled,high_priority_later_verify,URL-1edf06c7db747aecdbf2,1,primary,KEY-1e17df300e148bd7d487,25056,2.273973,police,city,medium,97,POST-PI-PARALLEL-ROUND2-3X150-LANE1-2026-07-23,candidate_lead_planned_not_verified
VER-c26eb6bc55309b11f67a,NSCQ-MI-20260720-0112,NSCQ-MI-20260720-0112,cog_2025_106428,106428,MI,Romulus,CITY OF ROMULUS,https://www.romulusgov.com/DocumentCenter/View/268/AFSCME-2024-2028-PDF,AFSCME Michigan Local 1917 (Romulus D.P.W.) Agreement,cba,high,scheduled,high_priority_later_verify,URL-8d37681e75fa7d712521,1,primary,KEY-ce4d2fe75355983d24e7,24702,2.273973,non_safety,city,medium,91,POST-PI-PARALLEL-ROUND2-3X150-LANE1-2026-07-23,candidate_lead_planned_not_verified
VER-6923aefd66c105d8d8ac,NSCQ-MI-20260720-0115,NSCQ-MI-20260720-0115,cog_2025_185927,185927,MI,Wyandotte,CITY OF WYANDOTTE,https://www.wyandottemi.gov/DocumentCenter/View/498/POAM-Police-and-Fire-Dispatchers--Effective-January-1-2025-Through-December-31-2028-PDF,Agreement Between the City of Wyandotte and Police Officers Association of Michigan (Police and Fire Dispatcher Bargaining Unit),cba,high,scheduled,high_priority_later_verify,URL-900ea2f8d8e90c96eead,1,primary,KEY-ca0c2da1b4de420984eb,24057,2.273973,police,city,medium,72,POST-PI-PARALLEL-ROUND2-3X150-LANE2-2026-07-23,candidate_lead_planned_not_verified
VER-0b3678ef0124c07e1ba3,NSCQ-MI-20260720-0118,NSCQ-MI-20260720-0118,cog_2025_128311,128311,MI,Marquette,CITY OF MARQUETTE,https://www.marquettemi.gov/wp-content/uploads/2021/03/Firefighters-CBA-2020-2023-FINAL-signed-1.pdf,Collective Bargaining Agreement (Firefighters) — Local 643,cba,high,scheduled,high_priority_later_verify,URL-4e332230d5566b847da0,1,primary,KEY-cee343170d66e7d542f7,21079,2.273973,fire,city,medium,100,POST-PI-PARALLEL-ROUND2-3X150-LANE2-2026-07-23,candidate_lead_planned_not_verified
VER-a88b085f82467698688a,NSCQ-MI-20260720-0130,NSCQ-MI-20260720-0130,cog_2025_208302,208302,MI,Adrian,CITY OF ADRIAN,https://cms8.revize.com/revize/adrianmi/APEA%20Contract%202022-2026.pdf,"COLLECTIVE BARGAINING AGREEMENT between CITY OF ADRIAN and THE TECHNICAL, PROFESSIONAL AND OFFICE WORKERS ASSOCIATION OF MICHIGAN (TPOAM-APEA) (Effective July 5, 2022; Expires June 30, 2026)",cba,high,scheduled,high_priority_later_verify,URL-360d4db7db17ce1125be,1,primary,KEY-a18e3c3b9f6ca1d88cc0,20238,2.273973,non_safety,city,medium,100,POST-PI-PARALLEL-ROUND2-3X150-LANE2-2026-07-23,candidate_lead_planned_not_verified
VER-5c6e41b4855ade37ade4,NSCQ-MI-20260720-0135,NSCQ-MI-20260720-0135,cog_2025_208331,208331,MI,Ypsilanti,CITY OF YPSILANTI,https://www.cityofypsilanti.com/DocumentCenter/View/3207/COAM-Contract-2021-to-2024?bidId=,Agreement Between the City of Ypsilanti and Command Officers' Association of Michigan (COAM) — 2021-2024,cba,high,scheduled,high_priority_later_verify,URL-39488b728fec28fd5295,1,primary,KEY-a1d24077d2eaf6b93c76,19393,2.273973,police,city,high,100,POST-PI-PARALLEL-ROUND2-3X150-LANE2-2026-07-23,candidate_lead_planned_not_verified
VER-8bc9191b4398c428985c,NSCQ-MI-20260720-0142,NSCQ-MI-20260720-0142,cog_2025_166708,166708,MI,Grandville,CITY OF GRANDVILLE,https://cms9files.revize.com/grandvillemi/Rank%20%26%20File%207.1.21-6.30.24%20with%20LOUs.pdf,COLLECTIVE BARGAINING AGREEMENT BETWEEN CITY OF GRANDVILLE AND POLICE OFFICERS LABOR COUNCIL (Rank & File Unit) 2021-2024 (with LOUs),cba,high,scheduled,high_priority_later_verify,URL-526eff4f7e635f038b52,1,primary,KEY-840f83fb2b58a3eec5c9,16682,2.273973,police,city,medium,91,POST-PI-PARALLEL-ROUND2-3X150-LANE3-2026-07-23,candidate_lead_planned_not_verified
VER-e10014672a210fe97eab,NSCQ-MI-20260720-0160,NSCQ-MI-20260720-0160,cog_2025_194790,194790,MI,Grosse Pointe Woods,CITY OF GROSSE POINTE WOODS,https://mccmeetingspublic.blob.core.usgovcloudapi.net/groptwdsmi-meet-2c7f79f292bc422d9ab2f44f5d932813/ITEM-Attachment-001-d2484e9f091c4af199e90e9a5a7c5bf1.pdf,Memorandum of Agreement Regarding K-9 Officer Compensation (CITY OF GROSSE POINTE WOODS; Employer) — between City and Michigan Fraternal Order of Police Labor Council,memorandum_or_settlement,high,scheduled,high_priority_later_verify,URL-3b61570efc4e9f9f099d,1,primary,KEY-3a04103bc09b30429d66,15854,2.273973,police,city,medium,89,POST-PI-PARALLEL-ROUND2-3X150-LANE3-2026-07-23,candidate_lead_planned_not_verified
VER-f1de76f4459ab54d1dc4,NSCQ-MI-20260720-0152,NSCQ-MI-20260720-0152,cog_2025_201924,201924,MI,Owosso,CITY OF OWOSSO,https://www.ci.owosso.mi.us/Portals/0/Files/Documents/2024%20Police%20Patrol%20Contract.pdf,2024 Police Patrol Contract (Letter of Understanding + CBA Termination/Modification; includes wages/retirement-related operative language),cba,high,scheduled,high_priority_later_verify,URL-543191de6abd5864b933,1,primary,KEY-01c61acd37c2e5021a26,14581,2.273973,police,city,medium,100,POST-PI-PARALLEL-ROUND2-3X150-LANE3-2026-07-23,candidate_lead_planned_not_verified
VER-c3ff67281a87658a1eb0,NSCQ-MI-20260720-0157,NSCQ-MI-20260720-0157,cog_2025_128269,128269,MI,Coldwater,CITY OF COLDWATER,https://ecode360.com/CO3508/document/753080574.pdf,"AGREEMENT NO. A24-12 — AGREEMENT between CITY OF COLDWATER and POLICE OFFICERS LABOR COUNCIL, COLDWATER POLICE UNIT - COMMAND",cba,high,scheduled,high_priority_later_verify,URL-a5e63f3f59f5d0ef2449,1,primary,KEY-b3b129b5b7144525a5a1,14439,2.273973,police,city,medium,97,POST-PI-PARALLEL-ROUND2-3X150-LANE3-2026-07-23,candidate_lead_planned_not_verified
VER-c75f83b81e4a3eea5fed,NSCQ-MI-20260720-0162,NSCQ-MI-20260720-0162,cog_2025_194775,194775,MI,Sault Ste. Marie,CITY OF SAULT STE MARIE,https://www.saultcity.com/media/5896,Agreement Between City of Sault Ste Marie and Police Officers Labor Council — Sault Ste Marie Police Patrol Unit,cba,high,scheduled,high_priority_later_verify,URL-a3847729b2650c4473c2,1,primary,KEY-ae4b72444e96378f0c11,13320,2.273973,police,city,medium,100,POST-PI-AGGRESSIVE-3X300-ATTEMPT3-LANE3-2026-07-23,candidate_lead_planned_not_verified
VER-b7a25df2eb740b455934,NSCQ-AK-20260720-0003,NSCQ-AK-20260720-0003,cog_2025_194463,194463,AK,Anchorage,MUNICIPALITY OF ANCHORAGE,https://www.muni.org/departments/employee_relations/letters%20of%20agreement/iaff%20cba%202009-2014.pdf,Labor Contract,cba,high,scheduled,high_priority_later_verify,URL-4465d2869bb144c91591,1,primary,KEY-7383ce64b93286e9e69c,286075,2.230769,fire,city,medium,100,COORD-TIER1-WAVE1-SERIAL150-2026-07-22,candidate_lead_planned_not_verified
VER-107d4126d69d0b4243ac,NSCQ-AK-20260720-0006,NSCQ-AK-20260720-0006,cog_2025_100216,100216,AK,Fairbanks,CITY OF FAIRBANKS,https://files.aptuitivcdn.com/K9gxWNkmZ2-1856/docs/ordinances/ord_6241_amending_schedule_a_of_city_afl-cio_crafts_council_cba.pdf.pdf,Ordinance No. 6241 – Amending Schedule A of the Collective Bargaining Agreement between the City of Fairbanks and the Fairbanks AFL-CIO Crafts Council (includes wage/package rate changes and schedule tables),wage_schedule_or_compensation_plan,high,scheduled,high_priority_later_verify,URL-f34d6b97e7bdaebf3ad5,1,primary,KEY-42771294e3b3f6d4a26a,31856,2.230769,non_safety,city,medium,94,POST-PI-PARALLEL-ROUND2-3X150-LANE2-2026-07-23,candidate_lead_planned_not_verified
VER-dbbfcb8438e1aa936c24,NSCQ-AK-20260720-0009,NSCQ-AK-20260720-0009,cog_2025_160762,160762,AK,Juneau,CITY AND BOROUGH OF JUNEAU,https://juneau.org/wp-content/uploads/2023/03/MEBA-Whole-CBA-22-25-Final.pdf,MEBA Bargaining Agreement 2022-2025 (Whole CBA Final) — MEBA (and unrepresented/related pay references),cba,high,scheduled,high_priority_later_verify,URL-28f4db4014baf386cfec,1,primary,KEY-047e6e3c189dd7650b8b,31555,2.230769,non_safety,city,medium,100,POST-PI-PARALLEL-ROUND2-3X150-LANE2-2026-07-23,candidate_lead_planned_not_verified
VER-6470cff7ca953eb28287,NSCQ-AK-20260720-0014,NSCQ-AK-20260720-0014,cog_2025_160787,160787,AK,Sitka,CITY AND BOROUGH OF SITKA,https://www.psea.net/images/documents/contracts/PSEA_CBA_2019-22_After_Assembly1.pdf,City and Borough of Sitka and PSEA — Collective Bargaining Agreement (Sitka Police Department),cba,high,scheduled,high_priority_later_verify,URL-96041cda6dd4c219679d,1,primary,KEY-c3c6bf02949e08087dae,8282,2.230769,police,union,medium,87,POST-PI-AGGRESSIVE-3X300-ATTEMPT3-LANE1-2026-07-23,candidate_lead_planned_not_verified
VER-4535592c759a54cbde82,NSCQ-AK-20260720-0021,NSCQ-AK-20260720-0021,cog_2025_193066,193066,AK,Palmer,CITY OF PALMER,https://www.palmerak.org/media/14611,"CITY OF PALMER PAY PLAN — January 1, 2023 (employee compensation pay plan)",wage_schedule_or_compensation_plan,high,scheduled,high_priority_later_verify,URL-620aa758424132b1ad11,1,primary,KEY-0bcc9c63b918c2434ab5,6378,2.230769,non_safety,city,medium,83,POST-PI-AGGRESSIVE-3X300-ATTEMPT3-LANE2-2026-07-23,candidate_lead_planned_not_verified
VER-da2f78a845a8ff70a216,NSCQ-AK-20260720-0028,NSCQ-AK-20260720-0028,cog_2025_160764,160764,AK,Soldotna,CITY OF SOLDOTNA,https://www.psea.net/images/documents/contracts/PSEA_Soldotna_2022-2025_Contract_signed.pdf,"Collective Bargaining Agreement Between THE CITY OF SOLDOTNA, ALASKA And THE PUBLIC SAFETY EMPLOYEES ASSOCIATION (July 01, 2022 - June 30, 2025)",cba,high,scheduled,high_priority_later_verify,URL-ddba442c3050adb70ed9,1,primary,KEY-8cd00d13421193bf1cce,4577,2.230769,police,union,high,90,POST-PI-AGGRESSIVE-3X300-ATTEMPT3-LANE3-2026-07-23,candidate_lead_planned_not_verified
VER-12f5d9775be494d166f5,NSCQ-DE-20260720-0003,NSCQ-DE-20260720-0003,cog_2025_207645,207645,DE,Dover,CITY OF DOVER,https://www.cityofdover.gov/media/AFCSME%20Agreement%207.1.24%20-%206.30.27%20FINAL.pdf,AFCSME Agreement 7.1.24 - 6.30.27 FINAL,cba,high,scheduled,high_priority_later_verify,URL-1081930d6c6526f80248,1,primary,KEY-79c6c40c1f796bcda3f0,39894,2.125,non_safety,city,medium,97,POST-PI-PARALLEL-ROUND2-3X150-LANE3-2026-07-23,candidate_lead_planned_not_verified
VER-85e77ec8c8f81471d036,NSCQ-DE-20260720-0010,NSCQ-DE-20260720-0010,cog_2025_161538,161538,DE,Milford,CITY OF MILFORD,https://cityofmilford.com/DocumentCenter/View/5247,"International Brotherhood of Electrical Workers (IBEW), Local Union 126 (2024-2027) — Collective Bargaining Agreement",cba,high,scheduled,high_priority_later_verify,URL-27967a4e45267607aada,1,primary,KEY-61bf243de7b850194706,13289,2.125,non_safety,city,medium,88,POST-PI-AGGRESSIVE-3X300-ATTEMPT3-LANE1-2026-07-23,candidate_lead_planned_not_verified
VER-2adb2cab8620d078f02b,NSCQ-DE-20260720-0013,NSCQ-DE-20260720-0013,cog_2025_161525,161525,DE,Smyrna,TOWN OF SMYRNA,https://www.smyrna.delaware.gov/DocumentCenter/View/1273,Collective Bargaining Agreement (AFSCME Council 81 Local 2466) — Town of Smyrna,cba,high,scheduled,high_priority_later_verify,URL-cb6549e01704c6a4767a,1,primary,KEY-df3f7439217669cb4902,13277,2.125,non_safety,union,medium,81,POST-PI-AGGRESSIVE-3X300-ATTEMPT3-LANE1-2026-07-23,candidate_lead_planned_not_verified
VER-175431cd40489b6d29f8,NSCQ-IA-20260720-0004,NSCQ-IA-20260720-0004,cog_2025_208056,208056,IA,Des Moines,CITY OF DES MOINES,https://cms2.revize.com/revize/desmoines/document_center/Human%20resources/CIPEC%20Contract%2007.01.2021%20-%2006.30.2024.pdf,CIPEC Contract 07.01.2021 - 06.30.2024 (Central Iowa Public Employees Council; Trades),cba,high,scheduled,high_priority_later_verify,URL-2d2e40fc0da0c2f875f3,1,primary,KEY-6e6c3fac7b0cd9c2a0bc,210381,2.083333,non_safety,city,medium,100,COORD-TIER1-WAVE1-SERIAL150-2026-07-22,candidate_lead_planned_not_verified
VER-cc7f02893d7d401100a0,NSCQ-IA-20260720-0010,NSCQ-IA-20260720-0010,cog_2025_164470,164470,IA,Cedar Rapids,CITY OF CEDAR RAPIDS,https://cms8.revize.com/revize/cedarrapids/Firefighters%20-%20Final%20Signed.pdf,"Agreement between City of Cedar Rapids and Cedar Rapids Association of Firefighters, Local No. 11 (July 1, 2019 - June 30, 2022)",cba,high,scheduled,high_priority_later_verify,URL-f5a3cb8ba7bd9af4454e,1,primary,KEY-ed6e647554f8fa76fdfb,135958,2.083333,fire,city,medium,100,COORD-TIER1-WAVE1-SERIAL150-2026-07-22,candidate_lead_planned_not_verified
VER-0c3681330e16473c6e05,NSCQ-IA-20260720-0013,NSCQ-IA-20260720-0013,cog_2025_208060,208060,IA,Davenport,CITY OF DAVENPORT,https://cdnsm5-hosted2.civiclive.com/UserFiles/Servers/Server_88752/File/Departments/Human%20Resources/Contracts/Fire%20Contract%202023-2027.pdf,"Agreement between City of Davenport, Iowa and Davenport Association of Professional Firefighters, Local #17 of International Association of Firefighters AFL-CIO, CLC",cba,high,scheduled,high_priority_later_verify,URL-5d912a30d869cc93ee93,1,primary,KEY-24f7d0e82582d1afbe31,100354,2.083333,fire,third_party,medium,71,COORD-TIER1-WAVE2-SERIAL150-2026-07-22,candidate_lead_planned_not_verified
VER-0d8e015228e8e7f7f001,NSCQ-IA-20260720-0018,NSCQ-IA-20260720-0018,cog_2025_164452,164452,IA,Iowa City,CITY OF IOWA CITY,https://www.icgov.org/home/showpublisheddocument/646/638137136914600000,"Agreement with the City of Iowa City and the Iowa City Library Board of Trustees with Johnson County Area Public Employees, AFSCME, Local #183",cba,high,scheduled,high_priority_later_verify,URL-746cd407e72f2015a2eb,1,primary,KEY-8f031aefc1af3f9617fa,75678,2.083333,non_safety,city,high,100,POST-PI-PARALLEL-ROUND1-LANE1-2026-07-23,candidate_lead_planned_not_verified
VER-433f6c2a7442c2c12ca3,NSCQ-IA-20260720-0021,NSCQ-IA-20260720-0021,cog_2025_164569,164569,IA,Ames,CITY OF AMES,https://extranet.cityofames.org/myhr/documents/2020/07/police-contract-20-23.pdf/,"Agreement City of Ames and Public, Professional and Maintenance Employees (Police Department) — Local 2003 (Effective July 1, 2024 – June 30, 2027)",cba,high,scheduled,high_priority_later_verify,URL-a14c940b1806e567ecde,1,primary,KEY-c9b0b9a234c5509b4a47,65686,2.083333,police,city,high,100,POST-PI-PARALLEL-ROUND1-LANE2-2026-07-23,candidate_lead_planned_not_verified
VER-e3a355ebfd440cd75298,NSCQ-IA-20260720-0015,NSCQ-IA-20260720-0015,cog_2025_104460,104460,IA,Urbandale,CITY OF URBANDALE,https://www.urbandale.org/DocumentCenter/View/15656/Fire-Agreement-2024-2027-Signed,Fire Agreement 2024-2027 Signed,cba,high,scheduled,high_priority_later_verify,URL-6d60a3a79ab6de194dd4,1,primary,KEY-7f5f388979afcfa982b6,46729,2.083333,fire,city,medium,100,COORD-TIER1-WAVE2-SERIAL150-2026-07-22,candidate_lead_planned_not_verified
VER-1f90f2e77cf71711e5a9,NSCQ-IA-20260720-0034,NSCQ-IA-20260720-0034,cog_2025_164472,164472,IA,Marion,CITY OF MARION,https://cityofmarion.civicweb.net/document/58000/Resolution%20approving%20collective%20bargaining%20agre.pdf?handle=11A530BC37F34C6A89795B48E93784BC,"Resolution approving collective bargaining agreement with Local 1937 International Association of Firefighters (IAFF) (July 1, 2022 – June 30, 2024) (Marion-IAF Contract 6 14 22 AGREEMENT)",cba,high,scheduled,high_priority_later_verify,URL-9fa879c696349595c547,1,primary,KEY-66ebcf5d91d39fc70365,42213,2.083333,fire,city,high,97,POST-PI-PARALLEL-ROUND2-3X150-LANE1-2026-07-23,candidate_lead_planned_not_verified
VER-941d228392c59ccba5b0,NSCQ-IA-20260720-0038,NSCQ-IA-20260720-0038,cog_2025_104470,104470,IA,Bettendorf,CITY OF BETTENDORF,https://cms8.revize.com/revize/bettendorfia/Document%20Center/Departments/Human%20Resources/Policies/AFSCME%20General%20Agreement%20with%20Transit%20Addendum%2024-28%20Contract.pdf,"Agreement between the City of Bettendorf and AFSCME Council 61 — City General Unit (July 1, 2024 to June 30, 2028) with Transit Addendum",cba,high,scheduled,high_priority_later_verify,URL-bd2d10ad745bd130b02e,1,primary,KEY-1d1a6f170d6f17738585,39858,2.083333,non_safety,city,medium,100,POST-PI-PARALLEL-ROUND2-3X150-LANE1-2026-07-23,candidate_lead_planned_not_verified
VER-830f35b70e9a2d2060bd,NSCQ-IA-20260720-0041,NSCQ-IA-20260720-0041,cog_2025_184217,184217,IA,Marshalltown,CITY OF MARSHALLTOWN,https://www.marshalltown-ia.gov/DocumentCenter/View/9908/PPME-Contract-2024---2028,"City of Marshalltown, Iowa & Local 2003 IUPAT - Public Works (Engineering/Sewer/Street/Utility) (7/1/24-6/30/28)",cba,high,scheduled,high_priority_later_verify,URL-bee05643cce7c84e9d6e,1,primary,KEY-742b1b198deef5da2f46,27574,2.083333,non_safety,city,medium,100,POST-PI-PARALLEL-ROUND2-3X150-LANE2-2026-07-23,candidate_lead_planned_not_verified
VER-80fac60361527f8ac183,NSCQ-IA-20260720-0046,NSCQ-IA-20260720-0046,cog_2025_164601,164601,IA,Fort Dodge,CITY OF FORT DODGE,https://www.fortdodgeiowa.org/egov/apps/document/center.egov?id=14532&view=item,"Collective Bargaining Agreement Between The City of Fort Dodge And Public Professional and Maintenance Employees Local Union 2003, IUPAT Police",cba,high,scheduled,high_priority_later_verify,URL-59be223aa239dd353da7,1,primary,KEY-95f42091dc3431cdc44f,24591,2.083333,police,city,high,100,POST-PI-PARALLEL-ROUND2-3X150-LANE2-2026-07-23,candidate_lead_planned_not_verified
VER-d7a9e9c7c00e8a027614,NSCQ-IA-20260720-0050,NSCQ-IA-20260720-0050,cog_2025_126595,126595,IA,Clinton,CITY OF CLINTON,https://www.cityofclintoniowa.gov/DocumentCenter/View/501/Fire-Union-Contract-2021-2026-PDF,"AGREEMENT BETWEEN CITY OF CLINTON, IOWA AND INTERNATIONAL ASSOCIATION OF FIREFIGHTERS, LOCAL NO. 609, AFL-CIO — JULY 1, 2021 TO JUNE 30, 2026",cba,high,scheduled,high_priority_later_verify,URL-a75edf8957b683644507,1,primary,KEY-84b9596b5095bf0520b7,24239,2.083333,fire,city,medium,100,POST-PI-PARALLEL-ROUND2-3X150-LANE3-2026-07-23,candidate_lead_planned_not_verified
VER-ff2ca4f4d8626a9cd22b,NSCQ-IA-20260720-0062,NSCQ-IA-20260720-0062,cog_2025_164445,164445,IA,Newton,CITY OF NEWTON,https://www.newtongov.org/DocumentCenter/View/12313/City-of-Newton--Teamsters-Local-120---2024---2029-Agreement-,City of Newton & Teamsters Local 120 — 2024 — 2029 Agreement,cba,high,scheduled,high_priority_later_verify,URL-b8e8a0b95f7dc271e445,1,primary,KEY-2ee794c024f3c94888a1,15645,2.083333,non_safety,city,medium,88,POST-PI-AGGRESSIVE-3X300-ATTEMPT3-LANE2-2026-07-23,candidate_lead_planned_not_verified
VER-d81d69db67354a2d5af0,NSCQ-IA-20260720-0069,NSCQ-IA-20260720-0069,cog_2025_164300,164300,IA,Boone,CITY OF BOONE,https://www.boonegov.com/egov/documents/1639779048_83563.pdf,"Boone Police Department Bargaining Unit Contract (July 1, 2022 through June 30, 2025)",cba,high,scheduled,high_priority_later_verify,URL-a833b3349ece80e00641,1,primary,KEY-95eb08de102ab5bf10b3,12416,2.083333,police,city,medium,100,POST-PI-AGGRESSIVE-3X300-ATTEMPT3-LANE3-2026-07-23,candidate_lead_planned_not_verified
VER-3e71af8b9e03a707eabe,NSCQ-IA-20260720-0074,NSCQ-IA-20260720-0074,cog_2025_201766,201766,IA,Oskaloosa,CITY OF OSKALOOSA,https://www.oskaloosaiowa.org/AgendaCenter/ViewFile/Item/10959?fileID=28378,"ASSIGNED PAY GRADES (CITY OF OSKALOOSA, IOWA) Effective July 1, 2023 for FY July 1, 2023 - June 30, 2024",wage_schedule_or_compensation_plan,high,scheduled,high_priority_later_verify,URL-a0d6abf46063409c5260,1,primary,KEY-28daf6167ac01c48d732,11448,2.083333,non_safety,city,high,100,POST-PI-AGGRESSIVE-3X300-ATTEMPT3-LANE3-2026-07-23,candidate_lead_planned_not_verified
VER-583a7647de5f824b5a24,NSCQ-NE-20260720-0005,NSCQ-NE-20260720-0005,cog_2025_169646,169646,NE,Lincoln,CITY OF LINCOLN,https://www.lincoln.ne.gov/files/sharedassets/public/v/1/hr/class-and-comp/city-contracts/iaff-2023-2026-signed-contract.pdf,IAFF Agreement,cba,high,scheduled,high_priority_later_verify,URL-b69a6e85544f623d2901,1,primary,KEY-a8824f1b01fc09bbbb9a,294757,2.066667,fire,city,high,100,COORD-TIER1-WAVE1-SERIAL150-2026-07-22,candidate_lead_planned_not_verified
VER-8907d38ee1e6de8bb5ff,NSCQ-NE-20260720-0010,NSCQ-NE-20260720-0010,cog_2025_186394,186394,NE,Kearney,CITY OF KEARNEY,https://cityofkearney.org/DocumentCenter/View/36220/Personnel-Summary,"2021-2022 City of Kearney Pay Plan (Effective October 1, 2021)",wage_schedule_or_compensation_plan,high,scheduled,high_priority_later_verify,URL-a8ecca28ebd462f23811,1,primary,KEY-5b5a9973f46f548dd7ff,34362,2.066667,non_safety,city,medium,77,POST-PI-PARALLEL-ROUND2-3X150-LANE2-2026-07-23,candidate_lead_planned_not_verified
VER-83be46e23421c0983b1a,NSCQ-NE-20260720-0016,NSCQ-NE-20260720-0016,cog_2025_184189,184189,NE,Columbus,CITY OF COLUMBUS,https://www.columbusne.us/DocumentCenter/View/3198/2019-2020-Annual-Budget---Section-8?bidId=,2019 - 2020 Budget Pay Plan (Proposed Pay Plan Ordinance 2019-20; Ordinance No. 19-____) — Pay Scale Table (includes classifications such as Library Assistant; Customer Service Account Clerk; Office Associate; etc.),ordinance_or_policy,high,scheduled,high_priority_later_verify,URL-125baec76bfafd30ef03,1,primary,KEY-4cc4b4a619b63b47ed60,24464,2.066667,non_safety,city,medium,74,POST-PI-PARALLEL-ROUND2-3X150-LANE3-2026-07-23,candidate_lead_planned_not_verified
VER-11d2b4eeff05cc6f3269,NSCQ-NE-20260720-0021,NSCQ-NE-20260720-0021,cog_2025_108463,108463,NE,Papillion,CITY OF PAPILLION,https://www.papillion.org/DocumentCenter/View/11363/F4-R23-0029-IAFF-Agreement,International Association of Fire Fighters (IAFF) Agreement (City of Papillion) — Resolution R23-0029 (adopts agreement),cba,high,scheduled,high_priority_later_verify,URL-0a45afe3f9d79be854dd,1,primary,KEY-9e88d946e73a53be7f3b,23791,2.066667,fire,city,medium,100,POST-PI-AGGRESSIVE-3X300-ATTEMPT3-LANE2-2026-07-23,candidate_lead_planned_not_verified
VER-7032ed19063e30b5538c,NSCQ-NE-20260720-0030,NSCQ-NE-20260720-0030,cog_2025_208724,208724,NE,La Vista,CITY OF LAVISTA,https://cityoflavista.org/DocumentCenter/View/23119/Agenda-Item-B,Collective Bargaining Agreement (La Vista Fraternal Order of Police Lodge No. 28) - Amended (included in City Council packet/ordinance amendments),cba,high,scheduled,high_priority_later_verify,URL-a76c826bc6b3c7b6f736,1,primary,KEY-ba882d2c5f1350eeba9d,16346,2.066667,police,city,high,100,POST-PI-AGGRESSIVE-3X300-ATTEMPT3-LANE3-2026-07-23,candidate_lead_planned_not_verified
VER-80b07eaec5c275537c64,NSCQ-NE-20260720-0025,NSCQ-NE-20260720-0025,cog_2025_208729,208729,NE,Scottsbluff,CITY OF SCOTTSBLUFF,https://agendamanagement.blob.core.windows.net/agenda-1004-public/meeting/133846/20230905-12_6.pdf,"Pay Plan for officers and employees of the City of Scottsbluff, Nebraska employed in Classified Positions (Pay Schedule / Classification Plan) — approved September 5, 2023; effective September 25, 2023",wage_schedule_or_compensation_plan,high,scheduled,high_priority_later_verify,URL-1b3a62732eafdaaf5a14,1,primary,KEY-329c55f12ee608e6a5d2,14305,2.066667,non_safety,city,medium,100,POST-PI-AGGRESSIVE-3X300-ATTEMPT3-LANE3-2026-07-23,candidate_lead_planned_not_verified
VER-8346ffc460dc1ea3b1c3,NSCQ-NE-20260720-0028,NSCQ-NE-20260720-0028,cog_2025_169606,169606,NE,Beatrice,CITY OF BEATRICE,https://www.beatrice.ne.gov/media/hycf5ylr/firefighters_union_local_no_1098_contract_-_2021-2027.pdf,"Firefighters Union Local No. 1098 Contract (2021-2027) — Union Contract (City of Beatrice, Nebraska)",cba,high,scheduled,high_priority_later_verify,URL-67cef85a9635a4e5dd1c,1,primary,KEY-4ad889901962a4ab38f5,12262,2.066667,fire,city,high,100,POST-PI-AGGRESSIVE-3X300-ATTEMPT3-LANE3-2026-07-23,candidate_lead_planned_not_verified
VER-047940c96f64dbdf5963,NSCQ-SD-20260720-0002,NSCQ-SD-20260720-0002,cog_2025_184196,184196,SD,Sioux Falls,CITY OF SIOUX FALLS,https://www.siouxfalls.gov/files/assets/public/v/1/human-resources/labor-contracts/iaff-fire-labor-contract-2024-2025.pdf,Agreement Between The City of Sioux Fall (sic) and Local #814 International Association of Firefighters,cba,high,scheduled,high_priority_later_verify,URL-69b0852f3391b31ff4cf,1,primary,KEY-7cd29e5bd46e909d4b57,206410,2.055556,fire,city,high,100,COORD-TIER1-WAVE1-SERIAL150-2026-07-22,candidate_lead_planned_not_verified
VER-4ae8089fc7013fb92efe,NSCQ-SD-20260720-0008,NSCQ-SD-20260720-0008,cog_2025_209465,209465,SD,Aberdeen,CITY OF ABERDEEN,https://www.aberdeen.sd.us/DocumentCenter/View/10273/FOP-Union-Contract-2025-and-2026?bidId=,Collective Bargaining Agreement for 2025 & 2026 (Negotiated 2024) — City of Aberdeen and F.O.P. Lodge #4 Labor Council,cba,high,scheduled,high_priority_later_verify,URL-61cdcd61eeb7eebaf87d,1,primary,KEY-146f98ce34350452aa60,28110,2.055556,police,city,medium,97,POST-PI-PARALLEL-ROUND2-3X150-LANE3-2026-07-23,candidate_lead_planned_not_verified
VER-8a02837ffd7f905f0809,NSCQ-SD-20260720-0015,NSCQ-SD-20260720-0015,cog_2025_175035,175035,SD,Watertown,CITY OF WATERTOWN,https://watertown.civicweb.net/document/47819/Approval%20of%20Resolution%20No.%2023-02%20-%20Classificati.pdf?handle=D9770CDABF01480F9D311C821A1BE98D,"Resolution No. 23-02 (Exempt Salary Resolution) — Classification and Salaries for Certain City of Watertown Employees (Period Commencing January 1, 2023) (includes wage matrix coverage for categories including AFSCME/WPOA/IAFF and other employees not covered by a collective bargaining agreement)",wage_schedule_or_compensation_plan,high,scheduled,high_priority_later_verify,URL-d3cbbf864dfcb9362aa7,1,primary,KEY-c86e48cae15e4542e286,23230,2.055556,non_safety,city,medium,76,POST-PI-AGGRESSIVE-3X300-ATTEMPT3-LANE1-2026-07-23,candidate_lead_planned_not_verified
VER-8980d1f71c5af7a21e4a,NSCQ-SD-20260720-0018,NSCQ-SD-20260720-0018,cog_2025_209494,209494,SD,Yankton,CITY OF YANKTON,https://www.cityofyankton.org/home/showpublisheddocument/460/638258924231000000,2023 SALARY RANGE PER JOB CLASS (City of Yankton) — includes non-safety job classes and salary range minimum/maximum,wage_schedule_or_compensation_plan,high,scheduled,high_priority_later_verify,URL-b601bf38fd6bcacb7e94,1,primary,KEY-24e9bc39657f4cf37c62,15630,2.055556,non_safety,city,high,94,POST-PI-AGGRESSIVE-3X300-ATTEMPT3-LANE1-2026-07-23,candidate_lead_planned_not_verified
VER-2e1c3f8de0650c873b1e,NSCQ-SD-20260720-0021,NSCQ-SD-20260720-0021,cog_2025_212778,212778,SD,Mitchell,CITY OF MITCHELL,https://www.cityofmitchellsd.gov/AgendaCenter/ViewFile/Item/14765?fileID=21104,RESOLUTION #R2022-73 — A RESOLUTION APPROVING THE 2023 COMPENSATION PLAN FOR THE CITY OF MITCHELL,wage_schedule_or_compensation_plan,high,scheduled,high_priority_later_verify,URL-e271003932495a271fc2,1,primary,KEY-50f36e7113eeadaba683,15621,2.055556,non_safety,city,medium,91,POST-PI-AGGRESSIVE-3X300-ATTEMPT3-LANE1-2026-07-23,candidate_lead_planned_not_verified
VER-e404447fc9ec1870bf88,NSCQ-SD-20260720-0029,NSCQ-SD-20260720-0029,cog_2025_112998,112998,SD,Sturgis,CITY OF STURGIS,https://www.sturgis-sd.gov/media/Departments/Finance/Resolutions/2020%20Resolutions/Resolution%202020-01%20-%20Salaries%20%20Wages.pdf,Resolution 2020-01 - Salaries Wages,wage_schedule_or_compensation_plan,high,scheduled,high_priority_later_verify,URL-8c54a0aecf1deefc1b58,1,primary,KEY-16afc8162a16b45c7372,7067,2.055556,non_safety,city,medium,89,POST-PI-AGGRESSIVE-3X300-ATTEMPT3-LANE2-2026-07-23,candidate_lead_planned_not_verified
VER-d04e41fc1183d65132d3,NSCQ-SD-20260720-0036,NSCQ-SD-20260720-0036,cog_2025_134583,134583,SD,Madison,CITY OF MADISON,https://www.cityofmadisonsd.gov/DocumentCenter/View/648/Resolution-No-2021-29-Employee-Compensation-2022---Final-PDF,RESOLUTION NO. 2021-29 — Employee Compensation 2022,wage_schedule_or_compensation_plan,high,scheduled,high_priority_later_verify,URL-aaf15c16c7c524db929f,1,primary,KEY-cae4ca54655dc64c71a9,6091,2.055556,non_safety,city,medium,100,POST-PI-AGGRESSIVE-3X300-ATTEMPT3-LANE2-2026-07-23,candidate_lead_planned_not_verified
VER-c41c05d7238fa7351049,NSCQ-NY-20260720-0014,NSCQ-NY-20260720-0014,cog_2025_194805,194805,NY,New York,CITY OF NEW YORK,https://www.nyc.gov/assets/olr/downloads/pdf/collectivebargaining/ufoa-fire-officers-executed-contract-2011-2018.pdf,"EXECUTED CONTRACT: FIRE OFFCIERS; TERM: MARCH 20, 2011 TO MARCH 19, 2018",cba,high,scheduled,high_priority_later_verify,URL-6d87d7069e409553c761,1,primary,KEY-10a9235e243d58144cbe,8258035,1.985714,fire,city,medium,91,NY25-2026-07-20,candidate_lead_planned_not_verified
VER-82bcecb8a952f973c6d4,NSCQ-NY-20260720-0005,NSCQ-NY-20260720-0005,ny_rochester,131239,NY,Rochester,CITY OF ROCHESTER,https://www.cityofrochester.gov/sites/default/files/2024-06/IAFF%20CBA%207.1.21-6.30.26.pdf,IAFF CBA 7.1.21-6.30.26,cba,high,scheduled,high_priority_later_verify,URL-4c7013b63fe1fc176ce1,1,primary,KEY-7910f406eb1ffd764f99,207274,1.985714,fire,city,high,94,NY25-2026-07-20,candidate_lead_planned_not_verified
VER-dad9489e2efaf5126aaf,NSCQ-NY-20260720-0009,NSCQ-NY-20260720-0009,ny_syracuse,170582,NY,Syracuse,CITY OF SYRACUSE,https://www.nyspffa.org/main/wp-content/uploads/2020/12/SYRACUSE-L-280-20.pdf,"2018-2020 LABOR AGREEMENT (City of Syracuse and Syracuse Fire Fighters Association Local 280, IAFF)",cba,high,scheduled,high_priority_later_verify,URL-113aef4c0c6b04f0782e,1,primary,KEY-babe063f8d66bf469594,145560,1.985714,fire,union,medium,87,NY25-2026-07-20,candidate_lead_planned_not_verified
VER-f7ae92830be70f69566a,NSCQ-NY-20260720-0017,NSCQ-NY-20260720-0017,cog_2025_194800,194800,NY,Utica,CITY OF UTICA,https://www.nyspffa.org/main/wp-content/uploads/2013/07/UTICA-L-32-18.pdf,"AGREEMENT Between CITY OF UTICA, NEW YORK and LOCAL 32 INTERNATIONAL ASSOCIATION OF FIRE FIGHTERS A.F.L. - C.I.O. - C.L.C. UTICA PROFESSIONAL FIRE FIGHTERS ASSOCIATION for the period April 1, 2013 through March 31, 2018",cba,high,scheduled,high_priority_later_verify,URL-4866295c70120081653b,1,primary,KEY-eb11ca54f5ef85ad0903,63607,1.985714,fire,union,high,96,NY25-2026-07-20,candidate_lead_planned_not_verified
VER-720331519d2bf47d1bd4,NSCQ-NY-20260720-0025,NSCQ-NY-20260720-0025,cog_2025_170449,170449,NY,Binghamton,CITY OF BINGHAMTON,https://www.binghamton-ny.gov/home/showpublisheddocument/5003/637813760052800000,"Collective Bargaining Agreement By and Between the City of Binghamton and the Binghamton Police Benevolent Association, Inc. (From January 1, 2020 - December 31, 2024)",cba,high,scheduled,high_priority_later_verify,URL-0c3a54a71f40650bf2d6,1,primary,KEY-532b48e98f8e30a2a904,46727,1.985714,police,city,high,92,NY25-2026-07-20,candidate_lead_planned_not_verified
VER-75cf9f8dc8253e8f616b,NSCQ-NY-20260720-0066,NSCQ-NY-20260720-0066,cog_2025_131248,131248,NY,Long Beach,CITY OF LONG BEACH,https://www.longbeachny.gov/vertical/sites/%7BC3C1054A-3D3A-41B3-8896-814D00B86D2A%7D/uploads/COA_CBA_%28fully-executed_4.8.2022%29%281%29.pdf,"Agreement Made Between the City of Long Beach and the Commanding Officers Association of Long Beach, New York, Inc. — April 12, 2013 to June 30, 2025",cba,high,scheduled,high_priority_later_verify,URL-067d85771196cc7f44ae,1,primary,KEY-5c3a4f2632aba8202e32,34595,1.985714,police,city,medium,100,POST-PI-AGGRESSIVE-3X300-ATTEMPT3-LANE1-2026-07-23,candidate_lead_planned_not_verified
VER-9a60f39cb2e738bf0a8f,NSCQ-NY-20260720-0063,NSCQ-NY-20260720-0063,cog_2025_109563,109563,NY,Spring Valley,VILLAGE OF SPRING VALLEY,https://perb.ny.gov/impasse-between-civil-service-employees-association-inc-local-1000-afscme-afl-cio-v-village-spring,Report and Recommendations of Fact Finder (Successor CBA successor negotiations; wage proposal & schedule increases),factfinding,high,scheduled,high_priority_later_verify,URL-9c52203c024afe054de5,1,primary,KEY-5e53fb42b6942d8e2df4,32969,1.985714,non_safety,state_labor_board,high,100,POST-PI-AGGRESSIVE-3X300-ATTEMPT3-LANE1-2026-07-23,candidate_lead_planned_not_verified
VER-7048b954d5f1bcebf5e4,NSCQ-NY-20260720-0034,NSCQ-NY-20260720-0034,cog_2025_208858,208858,NY,Ithaca,CITY OF ITHACA,https://www.cityofithaca.org/DocumentCenter/View/13294/CSEA-Administrative-Unit-2020-2024_,"Agreement Between the City of Ithaca and the Civil Service Employees Association, Inc., Local 1000, AFSCME, AFL-CIO (CSEA Administrative Unit)",cba,high,scheduled,high_priority_later_verify,URL-87c2b691414fb067ef02,1,primary,KEY-545c465548fd03783b1e,32724,1.985714,non_safety,city,medium,85,NY25-2026-07-20,candidate_lead_planned_not_verified
VER-7e3b28c3dba9c5aae0ef,NSCQ-NY-20260720-0030,NSCQ-NY-20260720-0030,cog_2025_211394,211394,NY,Middletown,CITY OF MIDDLETOWN,https://www.middletownny.gov/DocumentCenter/View/3069,C/Middletown PBA Final 2023-2027 Agreement (12/22/2022),cba,high,scheduled,high_priority_later_verify,URL-ca6bdf594827868ac026,1,primary,KEY-b589fd8dbf84de973158,30152,1.985714,police,city,medium,91,NY25-2026-07-20,candidate_lead_planned_not_verified
VER-4d8fc75ea6758a0f4449,NSCQ-NY-20260720-0071,NSCQ-NY-20260720-0071,cog_2025_190967,190967,NY,North Tonawanda,CITY OF NORTH TONAWANDA,https://www.northtonawanda.gov/documents/Budgets/2019%20Budget.pdf,2019 Budget Report — Salary Schedule: Bargaining Units (contains wage/compensation schedule numbers for non-safety bargaining classifications and states bargaining unit contract expiration years),wage_schedule_or_compensation_plan,high,scheduled,high_priority_later_verify,URL-7b973bf601779dac5dd1,1,primary,KEY-1b36e704ac1ac177ae31,30031,1.985714,non_safety,city,medium,100,POST-PI-AGGRESSIVE-3X300-ATTEMPT3-LANE1-2026-07-23,candidate_lead_planned_not_verified
VER-defb72b403751a01a284,NSCQ-NY-20260720-0037,NSCQ-NY-20260720-0037,cog_2025_212227,212227,NY,Saratoga Springs,CITY OF SARATOGA SPRINGS,https://www.saratogaspringsny.gov/DocumentCenter/View/10927/2019-2023-Firefighters-Union-contract-fully-executed,2019-2023 Firefighters CBA,cba,high,scheduled,high_priority_later_verify,URL-8b2673d83659ddb58154,1,primary,KEY-b5fff825225140357b9f,28544,1.985714,fire,city,medium,91,NY25-2026-07-20,candidate_lead_planned_not_verified
VER-90370778f7228711fb9f,NSCQ-NY-20260720-0047,NSCQ-NY-20260720-0047,cog_2025_194806,194806,NY,Jamestown,CITY OF JAMESTOWN,https://www.jamestownny.gov/wp-content/uploads/2023/07/16-24-CBA.pdf,"Agreement, City of Jamestown, New York and Kendall Club Police Benevolent Association, Inc. (Collective Bargaining Agreement)",cba,high,scheduled,high_priority_later_verify,URL-2bcbadcb26bf50f7ca91,1,primary,KEY-6242747b0f3be69d2607,27965,1.985714,police,city,medium,79,NY25-2026-07-20,candidate_lead_planned_not_verified
VER-d155c13cce3e30260782,NSCQ-NY-20260720-0049,NSCQ-NY-20260720-0049,cog_2025_131211,131211,NY,Elmira,CITY OF ELMIRA,https://d3n9y02raazwpg.cloudfront.net/cityofelmira/d08578ce-9a94-11ee-a93d-0050569183fa-d8f3b0d5-b4c3-4db1-a6ce-4e95ccb15868-1709827738.pdf,"Memorandum of Agreement (MOA) between City of Elmira, New York and Police Benevolent Association of Elmira, Inc. (PBA) — salary increases and amendments to expired CBA",memorandum_or_settlement,high,scheduled,high_priority_later_verify,URL-a0738b89696c2ef428ba,1,primary,KEY-38e4b58e9c888094d41e,26176,1.985714,police,city,medium,79,NY25-2026-07-20,candidate_lead_planned_not_verified
VER-0e56f9a2993a060dbe8b,NSCQ-NY-20260720-0055,NSCQ-NY-20260720-0055,cog_2025_170460,170460,NY,Auburn,CITY OF AUBURN,https://www.auburnny.gov/DocumentCenter/View/437/CSEA-Union-Contract-PDF,"AGREEMENT by and between CITY OF AUBURN and CSEA, Inc, LOCAL 1000 AFSCME, AFL-CIO (July 1, 2023 - June 30, 2028)",cba,high,scheduled,high_priority_later_verify,URL-c06b693f77b77e0fcafe,1,primary,KEY-147935c8ab625fb9d890,25983,1.985714,non_safety,city,medium,100,NY25-2026-07-20,candidate_lead_planned_not_verified
VER-1c4e2060056a1c16bcd5,NSCQ-NY-20260720-0043,NSCQ-NY-20260720-0043,cog_2025_109582,109582,NY,Kingston,CITY OF KINGSTON,https://kingston-ny.gov/filestorage/8399/8469/8485/37807/Signed_PBA_Contract_2023_FINAL.pdf,"Collective Bargaining Agreement (Final - 04.20.23) between the City of Kingston and the Kingston P.B.A. Union, Inc.",cba,high,scheduled,high_priority_later_verify,URL-9ad59326b4c82d6fd985,1,primary,KEY-4130d52e4e48985d9386,23777,1.985714,police,city,medium,91,NY25-2026-07-20,candidate_lead_planned_not_verified
VER-959ddc0f0f4b5abdef15,NSCQ-NY-20260720-0082,NSCQ-NY-20260720-0082,cog_2025_131244,131244,NY,Garden City,VILLAGE OF GARDEN CITY,https://perb.ny.gov/impasse-between-inc-village-garden-city-and-csea-inc-local-882-afscme-afl-cio,"In the matter of the Fact-finding -between- INC VILLAGE OF GARDEN CITY -and- CSEA, INC. LOCAL 882 AFSCME, AFL-CIO (Findings and Recommendations)",factfinding,high,scheduled,high_priority_later_verify,URL-c2503972d5640a55c66e,1,primary,KEY-8a640691909fd7b457ad,22835,1.985714,non_safety,state_labor_board,medium,89,POST-PI-AGGRESSIVE-3X300-ATTEMPT3-LANE2-2026-07-23,candidate_lead_planned_not_verified
VER-05511cc9dd1b8c134131,NSCQ-NY-20260720-0096,NSCQ-NY-20260720-0096,cog_2025_194808,194808,NY,Lockport,CITY OF LOCKPORT,https://lockportny.gov/wp-content/uploads/2022/07/AFSCME-Wage-Plan.pdf,APPENDIX B. AFSCME WAGE PLAN (table shows 2021-2026 values and percentage tiers),wage_schedule_or_compensation_plan,high,scheduled,high_priority_later_verify,URL-430dd1ffe73f64561a6a,1,primary,KEY-f97ce778afc4f321a465,20436,1.985714,non_safety,city,low,82,POST-PI-AGGRESSIVE-3X300-ATTEMPT3-LANE2-2026-07-23,candidate_lead_planned_not_verified
VER-0dcc67a3545754a0ecac,NSCQ-NY-20260720-0090,NSCQ-NY-20260720-0090,cog_2025_208814,208814,NY,Plattsburgh,CITY OF PLATTSBURGH,https://cityofplattsburgh-ny.gov/sites/cityofplattsburgh.com/files/human-resources/FINAL%20MLD%20Plattsburgh%20Agreement%202022-2027.pdf,Final MLD Plattsburgh Agreement 2022-2027 (IBEW 1249),cba,high,scheduled,high_priority_later_verify,URL-3e9b4d5c2479e24789a3,1,primary,KEY-6728da54b53b20ee3d25,19867,1.985714,non_safety,city,medium,100,POST-PI-AGGRESSIVE-3X300-ATTEMPT3-LANE2-2026-07-23,candidate_lead_planned_not_verified
VER-ecb3bacc21881fb57098,NSCQ-NY-20260720-0100,NSCQ-NY-20260720-0100,cog_2025_208815,208815,NY,Cortland,CITY OF CORTLAND,https://www.cortlandny.gov/DocumentCenter/View/1005,"COLLECTIVE BARGAINING AGREEMENT By and Between CITY OF CORTLAND and CORTLAND POLICE BENEVOLENT ASSOCIATION, INC.",cba,high,scheduled,high_priority_later_verify,URL-083df484069c90270823,1,primary,KEY-aea8c0e88e8216ee427a,17276,1.985714,police,city,high,94,POST-PI-AGGRESSIVE-3X300-ATTEMPT3-LANE2-2026-07-23,candidate_lead_planned_not_verified
VER-f0a0a0ec633c3fbd222f,NSCQ-NY-20260720-0129,NSCQ-NY-20260720-0129,cog_2025_193776,193776,NY,Rye,CITY OF RYE,https://www.ryeny.gov/home/showpublisheddocument/20396/638983650275870000,"City of Rye, NY Annual Budget for Fiscal Year Ending December 31, 2026 — Police Pay Plan (Rates Effective January 1, 2026) (pay grade pay plan for sworn police; terms and conditions established by City Council ratified agreement)",wage_schedule_or_compensation_plan,high,scheduled,high_priority_later_verify,URL-9e6f5f6bb2f17992432d,3,primary,KEY-3f6533711ec609aeab57,16202,1.985714,police,city,high,100,POST-PI-AGGRESSIVE-3X300-ATTEMPT3-LANE3-2026-07-23,candidate_lead_planned_not_verified
VER-b33167a29f72b29bcc58,NSCQ-NY-20260720-0130,NSCQ-NY-20260720-0130,cog_2025_193776,193776,NY,Rye,CITY OF RYE,https://www.ryeny.gov/home/showpublisheddocument/20396/638983650275870000,"City of Rye, NY Annual Budget for Fiscal Year Ending December 31, 2026 — Fire Pay Plan (Rates Effective January 1, 2026) (pay plan for firefighters; terms and conditions established by City Council ratified agreement)",wage_schedule_or_compensation_plan,high,scheduled,high_priority_later_verify,URL-9e6f5f6bb2f17992432d,3,linked_duplicate,KEY-0988c246a9c86891d93c,16202,1.985714,fire,city,high,100,POST-PI-AGGRESSIVE-3X300-ATTEMPT3-LANE3-2026-07-23,candidate_lead_planned_not_verified
VER-c75a3c83a7c8634480c8,NSCQ-NY-20260720-0131,NSCQ-NY-20260720-0131,cog_2025_193776,193776,NY,Rye,CITY OF RYE,https://www.ryeny.gov/home/showpublisheddocument/20396/638983650275870000,"City of Rye, NY Annual Budget for Fiscal Year Ending December 31, 2026 — CSEA Pay Plan (Public Works Unit) / Pay Grade Minimum Maximum (rates effective January 1, 2026; terms and conditions established by City Council ratified agreement)",wage_schedule_or_compensation_plan,high,scheduled,high_priority_later_verify,URL-9e6f5f6bb2f17992432d,3,linked_duplicate,KEY-cf1c2b506e882efc772c,16202,1.985714,non_safety,city,medium,100,POST-PI-AGGRESSIVE-3X300-ATTEMPT3-LANE3-2026-07-23,candidate_lead_planned_not_verified
VER-9eaf3be24bd404bf91d6,NSCQ-NY-20260720-0117,NSCQ-NY-20260720-0117,cog_2025_109501,109501,NY,Kenmore,VILLAGE OF KENMORE,https://kenmoreny.gov/wp-content/uploads/2024/02/15-16Budget.pdf,Village of Kenmore Adopted Budget 2015-16 — Schedule of Salaries and Wages (Schedule 5),wage_schedule_or_compensation_plan,high,scheduled,high_priority_later_verify,URL-2206b5d455914a700e56,2,primary,KEY-852039b432547d4c394e,14916,1.985714,non_safety,city,medium,86,POST-PI-AGGRESSIVE-3X300-ATTEMPT3-LANE3-2026-07-23,candidate_lead_planned_not_verified
VER-2038402961f1b5165179,NSCQ-NY-20260720-0114,NSCQ-NY-20260720-0114,cog_2025_208860,208860,NY,Glens Falls,CITY OF GLENS FALLS,https://www.cityofglensfallsny.gov/ArchiveCenter/ViewFile/Item/3043,"Memorandum of Agreement between the Police Benevolent Association (PBA) and the City of Glens Falls for the term of January 1, 2024, to December 31, 2027",memorandum_or_settlement,high,scheduled,high_priority_later_verify,URL-f561d7fb0797fb2becdb,1,primary,KEY-5d0f053f95d30b5f02ae,14507,1.985714,police,city,medium,100,POST-PI-AGGRESSIVE-3X300-ATTEMPT3-LANE3-2026-07-23,candidate_lead_planned_not_verified
VER-20cadd6edc1f6e1eed7e,NSCQ-NY-20260720-0135,NSCQ-NY-20260720-0135,cog_2025_170457,170457,NY,Olean,CITY OF OLEAN,https://www.nyspffa.org/main/wp-content/uploads/2024/05/OLEAN-L-1796-26.pdf,"Agreement Between CITY OF OLEAN, NEW YORK and OLEAN PROFESSIONAL FIRE FIGHTERS ASSOCIATION, AFL-CIO, I.A.F.F. LOCAL 1796",cba,high,scheduled,high_priority_later_verify,URL-e36645312935f3cde43b,1,primary,KEY-609d68435f2b62fe463d,13650,1.985714,fire,union,medium,79,POST-PI-AGGRESSIVE-3X300-ATTEMPT3-LANE3-2026-07-23,candidate_lead_planned_not_verified
VER-107139590e6781eaed24,NSCQ-VT-20260720-0006,NSCQ-VT-20260720-0006,cog_2025_114404,114404,VT,Barre,CITY OF BARRE,https://www.barrecity.org/client_media/files/HR/Employee%20Portal/CBAs/FOP%207-1-21%20-%206-30-24.pdf,POLICE (Fraternal Order of Police Lodge 004) CBA (Reduced) 7-1-21 to 6-30-24,cba,high,scheduled,high_priority_later_verify,URL-f158ab79aed4961a2e19,1,primary,KEY-f84e6aef92d159f64a68,8387,1.875,police,city,medium,87,POST-PI-AGGRESSIVE-3X300-ATTEMPT3-LANE2-2026-07-23,candidate_lead_planned_not_verified
VER-a0e8f469623df5a86c67,NSCQ-VT-20260720-0014,NSCQ-VT-20260720-0014,cog_2025_176548,176548,VT,Winooski,CITY OF WINOOSKI,https://www.winooskivt.gov/DocumentCenter/View/980/FOP-Executed-Contract-2021-to-2024pdf,"Agreement Between CITY OF WINOOSKI and Winooski Police Association (Fraternal Order of Police, Lodge 005) — Effective July 1, 2021–June 30, 2024",cba,high,scheduled,high_priority_later_verify,URL-314c77855306a4c79a2a,1,primary,KEY-d25b54b4e9489f8b4e7a,8251,1.875,police,city,high,94,POST-PI-AGGRESSIVE-3X300-ATTEMPT3-LANE2-2026-07-23,candidate_lead_planned_not_verified
VER-c88654768d3b929a7907,NSCQ-WI-20260720-0002,NSCQ-WI-20260720-0002,cog_2025_136562,136562,WI,Milwaukee,CITY OF MILWAUKEE,https://city.milwaukee.gov/ImageLibrary/Groups/derAuthors/Policies/2020-2023MPALaborAgreement.pdf,"AGREEMENT Between CITY OF MILWAUKEE and THE MILWAUKEE POLICE ASSOCIATION, LOCAL #21, I.U.P.A., AFL-CIO",cba,high,scheduled,high_priority_later_verify,URL-d369584003e1bd8d2db2,1,primary,KEY-d9f9c18d2576b64655cd,561385,1.754098,police,city,high,100,COORD-TIER1-WAVE1-SERIAL150-2026-07-22,candidate_lead_planned_not_verified
VER-fc79452cf4c406b7c643,NSCQ-WI-20260720-0005,NSCQ-WI-20260720-0005,wi_madison,209777,WI,Madison,CITY OF MADISON,https://www.cityofmadison.com/human-resources/documents/contracts/AMPS2016-17.pdf,"Agreement between the City of Madison and Association of Madison Police Supervisors for the period January 1, 2016 to December 31, 2017",cba,high,scheduled,high_priority_later_verify,URL-ed0e5f71885acafc9667,1,primary,KEY-2894dfc358f3e8213edc,280305,1.754098,police,city,medium,92,COORD-TIER1-WAVE1-SERIAL150-2026-07-22,candidate_lead_planned_not_verified
VER-d4ddf68e6bd148724aae,NSCQ-WI-20260720-0013,NSCQ-WI-20260720-0013,cog_2025_177090,177090,WI,Green Bay,CITY OF GREEN BAY,https://www.greenbaywi.gov/DocumentCenter/View/304/Fire-Fighter-Agreement-PDF,"Fire Fighter Agreement — City of Green Bay and Local 141 (International Association of Fire Fighters, AFL-CIO)",cba,high,scheduled,high_priority_later_verify,URL-7d2faa01757e4a6d9071,1,primary,KEY-d333f45eb3cd67df85ff,105744,1.754098,fire,city,high,100,COORD-TIER1-WAVE2-SERIAL150-2026-07-22,candidate_lead_planned_not_verified
VER-d0fcd038898f0cb7ad50,NSCQ-WI-20260720-0017,NSCQ-WI-20260720-0017,cog_2025_177163,177163,WI,Kenosha,CITY OF KENOSHA,https://www.kenosha.org/L414%202023-2025%20Labor%20Agreement.pdf,Labor Agreement — City of Kenosha and Local 414 (Kenosha Fire Fighters IAFF) (2023-2025),cba,high,scheduled,high_priority_later_verify,URL-ea757ddd0e4bca48a3f7,1,primary,KEY-b7901d427967adc96570,98211,1.754098,fire,city,low,95,COORD-TIER1-WAVE2-SERIAL150-2026-07-22,candidate_lead_planned_not_verified
VER-fc5ec5d7180f39fd3508,NSCQ-WI-20260720-0008,NSCQ-WI-20260720-0008,cog_2025_194227,194227,WI,Appleton,CITY OF APPLETON,https://allthingsappleton.com/wp-content/uploads/2022/10/Fire-Fighter-Contract-2023.pdf,Fire Fighter Contract 2023 (Agreement text effective 1/1/2023 to 12/31/2025; includes “TERM OF AGREEMENT” and Exhibit wage schedules),cba,high,scheduled,high_priority_later_verify,URL-2190b77e98daf9d72e49,1,primary,KEY-fa336c930463b174eb49,74719,1.754098,fire,third_party,medium,74,COORD-TIER1-WAVE1-SERIAL150-2026-07-22,candidate_lead_planned_not_verified
VER-ef22ca35bf4742fc6505,NSCQ-WI-20260720-0027,NSCQ-WI-20260720-0027,cog_2025_177288,177288,WI,Oshkosh,CITY OF OSHKOSH,https://www.oshkoshwi.gov/WebLink/DocView.aspx?id=1234483,"2025 Full-Time and Part-Time Non-Represented Pay Schedule – Benefited (effective Dec 29, 2024)",wage_schedule_or_compensation_plan,high,scheduled,high_priority_later_verify,URL-6337429d5a26984f76b1,1,primary,KEY-a21eea2b5ca75548897a,66184,1.754098,non_safety,city,low,74,POST-PI-PARALLEL-ROUND1-LANE2-2026-07-23,candidate_lead_planned_not_verified
VER-9e5bd832f00b5c8af1d2,NSCQ-WI-20260720-0023,NSCQ-WI-20260720-0023,cog_2025_177224,177224,WI,Janesville,CITY OF JANESVILLE,https://janesville.granicus.com/MetaViewer.php?clip_id=3806&meta_id=140941&view_id=2,"Resolution Approving Proposed 2023–2025 Labor Agreement by and Between the City of Janesville and Teamsters, Local No. 695 (attached labor agreement)",cba,high,scheduled,high_priority_later_verify,URL-32448dead4ca3cb930cc,1,primary,KEY-b3f9894d9bb7927ddfb7,66102,1.754098,non_safety,city,medium,94,POST-PI-PARALLEL-ROUND1-LANE1-2026-07-23,candidate_lead_planned_not_verified
VER-4e8a5cbe6ef0deaabd73,NSCQ-WI-20260720-0031,NSCQ-WI-20260720-0031,cog_2025_177192,177192,WI,West Allis,CITY OF WEST ALLIS,https://westalliswi.legistar.com/View.ashx?GUID=7F51711C-63A5-4B98-875E-872B78629D7D&ID=9321464&M=F,"Resolution accepting the Arbitrator’s decision in the matter of the Interest Arbitration between the West Allis Professional Firefighter's Association, Local 342 (WAPFFA) and the City of West Allis for the 2020-2021 Collective Bargaining Agreement (R-2021-0248) — attachment (resolution PDF)",arbitration_award,high,scheduled,high_priority_later_verify,URL-8bdb71a250f61db4a9f0,1,primary,KEY-12fe0561918f9a1d25a5,58874,1.754098,fire,city,medium,100,POST-PI-PARALLEL-ROUND1-LANE2-2026-07-23,candidate_lead_planned_not_verified
VER-577d236e46acfacc069a,NSCQ-WI-20260720-0034,NSCQ-WI-20260720-0034,cog_2025_205657,205657,WI,La Crosse,CITY OF LA CROSSE,https://cityoflacrosse.legistar.com/View.ashx?GUID=E5278284-1CC7-4B2D-AED3-13E32A092CAF&ID=12669596&M=F,2024 - 2026 Agreement Between the City of La Crosse and the La Crosse Professional Police Non-Supervisors Association,cba,high,scheduled,high_priority_later_verify,URL-8d9e1247e2bce7df53ac,1,primary,KEY-66c184ec8390190871ac,51327,1.754098,police,city,high,100,POST-PI-PARALLEL-ROUND1-LANE2-2026-07-23,candidate_lead_planned_not_verified
VER-9d58ec2e0e34dd12f336,NSCQ-WI-20260720-0038,NSCQ-WI-20260720-0038,cog_2025_177249,177249,WI,Sheboygan,CITY OF SHEBOYGAN,https://mccmeetingspublic.blob.core.usgovcloudapi.net/sheboygnwi-meet-a0cd60e8178e4c5f86ab0852dded9d02/ITEM-Attachment-001-eed89803ba65465b9738640de031fbd1.pdf,"City of Sheboygan/Local 483 Contract (IAFF, Local 483)",cba,high,scheduled,high_priority_later_verify,URL-7c2322dbb2bf6928b8b0,1,primary,KEY-324b9834c291e27d771a,49686,1.754098,fire,city,medium,100,POST-PI-PARALLEL-ROUND1-LANE2-2026-07-23,candidate_lead_planned_not_verified
VER-700e0bd8788d569d4266,NSCQ-WI-20260720-0040,NSCQ-WI-20260720-0040,cog_2025_177141,177141,WI,Fond du Lac,CITY OF FOND DU LAC,https://www.fdl.wi.gov/hr/wp-content/uploads/sites/12/2019/01/Fond_du_Lac_Police_2017__2018_11082017135543.pdf,"Working Conditions Agreement between the CITY OF FOND DU LAC and the FOND DU LAC PROFESSIONAL POLICE ASSOCIATION, LOCAL 12",cba,high,scheduled,high_priority_later_verify,URL-adff0bfe22271ae83202,1,primary,KEY-869bce0612944db98a94,44300,1.754098,police,union,high,100,POST-PI-PARALLEL-ROUND1-LANE2-2026-07-23,candidate_lead_planned_not_verified
VER-2a8a5a3a114618c80bd6,NSCQ-WI-20260720-0049,NSCQ-WI-20260720-0049,cog_2025_115121,115121,WI,Brookfield,CITY OF BROOKFIELD,https://www.ci.brookfield.wi.us/DocumentCenter/View/13495/Professional-Firefighters-Association-Contract,Professional Firefighters Association Contract (Collective Bargaining Agreement) — City of Brookfield,cba,high,scheduled,high_priority_later_verify,URL-ad486e29fadef708565b,1,primary,KEY-7222b7077a1230297e11,41884,1.754098,fire,city,high,100,POST-PI-PARALLEL-ROUND2-3X150-LANE1-2026-07-23,candidate_lead_planned_not_verified
VER-6945bf7f90cc0fc0297d,NSCQ-WI-20260720-0054,NSCQ-WI-20260720-0054,cog_2025_177270,177270,WI,Menomonee Falls,VILLAGE OF MENOMONEE FALLS,https://werc.wi.gov/grievance_awards/6647.pdf,"Village of Menomonee Falls (Fire Department), WERC MA-12203 (Arbitration Award) (International Association of Fire Fighters (IAFF) Local Union No. 3879 and Village of Menomonee Falls)",arbitration_award,high,scheduled,high_priority_later_verify,URL-d8a07a7329cc7979e932,1,primary,KEY-a25f352befe35472c572,39700,1.754098,fire,state_labor_board,low,78,POST-PI-PARALLEL-ROUND2-3X150-LANE1-2026-07-23,candidate_lead_planned_not_verified
VER-55d207c41e06cc2ceb37,NSCQ-WI-20260720-0058,NSCQ-WI-20260720-0058,cog_2025_194229,194229,WI,Beloit,CITY OF BELOIT,https://www.beloitwi.gov/vertical/sites/%7B662E25CC-A6A0-4B38-B151-A18A081D6A0A%7D/uploads/BPSA_CBA_%28Final_Signed%29_2021_-_2022_12-7-2020.pdf,AN AGREEMENT BETWEEN THE CITY OF BELOIT AND BELOIT POLICE SUPERVISORY ASSOCIATION (BPSA) (Final Signed),cba,high,scheduled,high_priority_later_verify,URL-abb1be699fdfea1d55c8,1,primary,KEY-f8f45cdf231858dfd426,36342,1.754098,police,city,medium,97,POST-PI-PARALLEL-ROUND2-3X150-LANE1-2026-07-23,candidate_lead_planned_not_verified
VER-a52022db5cc845cbc7d6,NSCQ-WI-20260720-0060,NSCQ-WI-20260720-0060,cog_2025_202819,202819,WI,Manitowoc,CITY OF MANITOWOC,https://www.manitowoc.org/DocumentCenter/View/31463/2021-2023-Police-Contract?bidId=,Agreement (1/1/2021 – 12/31/2023) between CITY OF MANITOWOC and the Wisconsin Professional Police Association (Law Enforcement Employee Relations Division) – Manitowoc Police Department Employees,cba,high,scheduled,high_priority_later_verify,URL-26a9020b43bd184d871e,1,primary,KEY-08ef0974575d509534b5,34568,1.754098,police,city,medium,100,POST-PI-PARALLEL-ROUND2-3X150-LANE1-2026-07-23,candidate_lead_planned_not_verified
VER-55dd49adf86df0c95566,NSCQ-WI-20260720-0071,NSCQ-WI-20260720-0071,cog_2025_184090,184090,WI,Fitchburg,CITY OF FITCHBURG,https://www.fitchburgwi.gov/DocumentCenter/View/23235/2022-2024-CBA-IAFF-Final-Signed,2022-2024 CBA IAFF Final Signed,cba,high,scheduled,high_priority_later_verify,URL-6c4ba2a600a378b5268c,1,primary,KEY-76232b9f11d6f302ae76,32284,1.754098,fire,city,medium,97,POST-PI-PARALLEL-ROUND2-3X150-LANE1-2026-07-23,candidate_lead_planned_not_verified
VER-80872ec0836897b49c35,NSCQ-WI-20260720-0083,NSCQ-WI-20260720-0083,cog_2025_209785,209785,WI,Superior,CITY OF SUPERIOR,https://www.superiorwi.gov/DocumentCenter/View/16361/Contract272026-2027FINAL-with-signatures?bidId=,"City of Superior Police, Local No. 27 Union Contract (with signatures)",cba,high,scheduled,high_priority_later_verify,URL-0db96d5ce8b2530d6acc,1,primary,KEY-cb9794f75fd6e6f82fc8,26423,1.754098,police,city,medium,72,POST-PI-PARALLEL-ROUND2-3X150-LANE2-2026-07-23,candidate_lead_planned_not_verified
VER-c34680c1144c49b82eb0,NSCQ-WI-20260720-0092,NSCQ-WI-20260720-0092,cog_2025_136569,136569,WI,Mequon,CITY OF MEQUON,https://www.cityofmequonwi.gov/media/1761,"RFP (Compensation Study of Non-Represented Positions) — City of Mequon, Wisconsin (FY2022 Employee Compensation Plan; includes job pay grades/pay ranges and library wage ranges)",wage_schedule_or_compensation_plan,high,scheduled,high_priority_later_verify,URL-09547e88c4b801c5feaa,1,primary,KEY-442a70ec323d9f601cce,25489,1.754098,non_safety,city,medium,83,POST-PI-PARALLEL-ROUND2-3X150-LANE2-2026-07-23,candidate_lead_planned_not_verified
VER-665fe08dba088e6e0119,NSCQ-WI-20260720-0095,NSCQ-WI-20260720-0095,cog_2025_217659,217659,WI,Caledonia,VILLAGE OF CALEDONIA,https://caledonia-wi.gov/sites/default/files/2024-102%20-%20Wage%20Scale%20REvision.pdf,RESOLUTION NO. 2024.102 — 2024-2025 Wage Scale Revision,wage_schedule_or_compensation_plan,high,scheduled,high_priority_later_verify,URL-d452eb628bbf1505cf18,1,primary,KEY-653cd9571b68bb13258f,25326,1.754098,non_safety,city,medium,91,POST-PI-PARALLEL-ROUND2-3X150-LANE2-2026-07-23,candidate_lead_planned_not_verified
VER-057fa6c831ec5eacb06f,NSCQ-WI-20260720-0102,NSCQ-WI-20260720-0102,cog_2025_205650,205650,WI,Middleton,CITY OF MIDDLETON,https://cityofmiddleton.us/DocumentCenter/View/13970/Classification_and_Compensation_Plan_and_Policy,Classification and Compensation Plan and Policy,wage_schedule_or_compensation_plan,high,scheduled,high_priority_later_verify,URL-d46bc2a6f68a6a8619e4,1,primary,KEY-0c8170247b715120e96c,22967,1.754098,non_safety,city,medium,80,POST-PI-PARALLEL-ROUND2-3X150-LANE3-2026-07-23,candidate_lead_planned_not_verified
VER-fe8abd0f16258eaca2f5,NSCQ-WI-20260720-0104,NSCQ-WI-20260720-0104,cog_2025_177264,177264,WI,Germantown,VILLAGE OF GERMANTOWN,https://werc.wi.gov/grievance_awards/7882.pdf,Arbitration Award (Award No. 7882; Village of Germantown) — firefighter/EMT wage-rate & benefits dispute (Appendix A referenced),arbitration_award,high,scheduled,high_priority_later_verify,URL-1b05d6abac0675c34232,1,primary,KEY-1af4b5b98a5891bbcd2e,21020,1.754098,fire,state_labor_board,medium,92,POST-PI-PARALLEL-ROUND2-3X150-LANE3-2026-07-23,candidate_lead_planned_not_verified
VER-5b27ec29ca992353acd4,NSCQ-WI-20260720-0108,NSCQ-WI-20260720-0108,cog_2025_177169,177169,WI,Onalaska,CITY OF ONALASKA,https://cms3.revize.com/revize/onalaska/Documents/Departments/Human%20Resources/Labor%20Relations/SORD%202023-25%20FINAL%20with%20LOU%20at%20end.pdf,2023-2025 Agreement between City of Onalaska and SORD (Wisconsin Professional Police Association Supervisor Officers Relations Division) / Onalaska Supervisors Police Association,cba,high,scheduled,high_priority_later_verify,URL-598b3db17ee50402e422,1,primary,KEY-83e7cd03fdcf29c95a9e,19018,1.754098,police,city,medium,91,POST-PI-PARALLEL-ROUND2-3X150-LANE3-2026-07-23,candidate_lead_planned_not_verified
VER-a2d68f3ba5a6b51cb641,NSCQ-WI-20260720-0110,NSCQ-WI-20260720-0110,cog_2025_115128,115128,WI,Wisconsin Rapids,CITY OF WISCONSIN RAPIDS,https://www.wirapids.gov/DocumentCenter/View/213/2022-Through-2024-WRPPA-PDF?bidId=,Labor Agreement (WRPPA) — 2022 Through 2024,cba,high,scheduled,high_priority_later_verify,URL-82cf84c5c27795bdee95,1,primary,KEY-c53aa4fa5d7e40aa1a09,18670,1.754098,police,city,high,100,POST-PI-PARALLEL-ROUND2-3X150-LANE3-2026-07-23,candidate_lead_planned_not_verified
VER-c5689e544471690df0cb,NSCQ-WI-20260720-0166,NSCQ-WI-20260720-0166,cog_2025_209809,209809,WI,Cudahy,CITY OF CUDAHY,https://cms9files1.revize.com/cudahywi/October%203%2C%202023%20CC%20Packet.pdf,Fire Union Contract 2023-2025 (Local #1801 IAFF AFL-CIO) — includes memorandum of agreement and wages,cba,high,scheduled,high_priority_later_verify,URL-692c0e4f856cb70d5812,1,primary,KEY-5d1f9a54d441270c945b,17706,1.754098,fire,city,high,100,POST-PI-AGGRESSIVE-3X300-ATTEMPT3-LANE2-2026-07-23,candidate_lead_planned_not_verified
VER-80a2ff05e5095ec0a970,NSCQ-WI-20260720-0080,NSCQ-WI-20260720-0080,cog_2025_136566,136566,WI,Kaukauna,CITY OF KAUKAUNA,https://werc.wi.gov/grievance_awards/7467.pdf,"Kaukauna Fire Department, WERC MA-14169 (Arbitration Award)",arbitration_award,high,scheduled,high_priority_later_verify,URL-923cddada636a47fff68,1,primary,KEY-d1bff4de6002f5d12af1,17493,1.754098,fire,state_labor_board,low,75,POST-PI-PARALLEL-ROUND2-3X150-LANE2-2026-07-23,candidate_lead_planned_not_verified
VER-cd7008529a05c16835d4,NSCQ-WI-20260720-0119,NSCQ-WI-20260720-0119,cog_2025_177124,177124,WI,Beaver Dam,CITY OF BEAVER DAM,https://werc.wi.gov/interest_awards/mia34654.pdf,"Beaver Dam, City of (Police Association), Dec. No. 34654-A (Morrison, 09-21-14)",arbitration_award,high,scheduled,high_priority_later_verify,URL-80ae5bd7c004de1e3fb4,1,primary,KEY-01d08cf39cd495a51872,16531,1.754098,police,state_labor_board,medium,92,POST-PI-AGGRESSIVE-3X300-ATTEMPT3-LANE1-2026-07-23,candidate_lead_planned_not_verified
VER-ec7c2f2761c08d0640f2,NSCQ-WI-20260720-0088,NSCQ-WI-20260720-0088,cog_2025_115120,115120,WI,Hartford,CITY OF HARTFORD,https://www.ci.hartford.wi.us/AgendaCenter/ViewFile/Agenda/_10082024-949,"Side Letter of Agreement Between CITY OF HARTFORD and CITY OF HARTFORD POLICE ASSOCIATION, LOCAL #464 — Peer Support Officer Flex Time Condition",memorandum_or_settlement,high,scheduled,high_priority_later_verify,URL-a69ecc4d315f8252771f,1,primary,KEY-d81e32cc483762534286,15894,1.754098,police,city,medium,80,POST-PI-PARALLEL-ROUND2-3X150-LANE2-2026-07-23,candidate_lead_planned_not_verified
VER-f4f7c89c4e09d5913846,NSCQ-WI-20260720-0189,NSCQ-WI-20260720-0189,cog_2025_177188,177188,WI,Greendale,VILLAGE OF GREENDALE,https://werc.wi.gov/interest_awards/38430-C.pdf,Interest Arbitration Award: The Greendale Professional Police Association & Village of Greendale (Case 585 0000 MIA; Dec. 38430-C),arbitration_award,high,scheduled,high_priority_later_verify,URL-1020e92a621b51fc3a85,1,primary,KEY-7dadf052d0691b01df4c,14472,1.754098,police,state_labor_board,medium,91,POST-PI-AGGRESSIVE-3X300-ATTEMPT3-LANE3-2026-07-23,candidate_lead_planned_not_verified
VER-efc794da1ce8166e37b6,NSCQ-WI-20260720-0208,NSCQ-WI-20260720-0208,cog_2025_177187,177187,WI,Glendale,CITY OF GLENDALE,https://www.glendale-wi.gov/DocumentCenter/View/4493/Pay-Classification-Plan,2024 Classification Pay Plan,wage_schedule_or_compensation_plan,high,scheduled,high_priority_later_verify,URL-ac9f0db7ed8c5f42a8e1,1,primary,KEY-173585906729c96aa0e8,12919,1.754098,non_safety,city,medium,71,POST-PI-AGGRESSIVE-3X300-ATTEMPT3-LANE3-2026-07-23,candidate_lead_planned_not_verified
VER-35400dd7485e74c06afa,NSCQ-WI-20260720-0138,NSCQ-WI-20260720-0138,cog_2025_205671,205671,WI,Baraboo,CITY OF BARABOO,https://baraboowi.gov/uploads/dm/9325/Employee_Performance_Appraisal_and_Pay_Plan_Policy,Employee Performance Appraisal Process & Pay Plan Implementation Policy,ordinance_or_policy,high,scheduled,high_priority_later_verify,URL-1aad9ed42983a6d91891,1,primary,KEY-c6aef6bb8d6ec4335c35,12554,1.754098,non_safety,city,low,74,POST-PI-AGGRESSIVE-3X300-ATTEMPT3-LANE2-2026-07-23,candidate_lead_planned_not_verified
VER-a529975932acf20d117b,NSCQ-WI-20260720-0176,NSCQ-WI-20260720-0176,cog_2025_177273,177273,WI,Sussex,VILLAGE OF SUSSEX,https://www.sussexwi.gov/home/showpublisheddocument/3446/638061905551870000,"Village of Sussex, Wisconsin Personnel Policy and Procedures Manual (Appendix A – Wage Scale)",wage_schedule_or_compensation_plan,high,scheduled,high_priority_later_verify,URL-670f2d6ee3c1fa2f4eb9,1,primary,KEY-1f12948e49ed20bbdc0a,12162,1.754098,non_safety,city,medium,83,POST-PI-AGGRESSIVE-3X300-ATTEMPT3-LANE2-2026-07-23,candidate_lead_planned_not_verified
VER-4bbcf2040447ea114203,NSCQ-WI-20260720-0150,NSCQ-WI-20260720-0150,cog_2025_115067,115067,WI,Platteville,CITY OF PLATTEVILLE,https://www.platteville.org/sites/default/files/fileattachments/ordinance/52867/res_20-29_2021_salaries.pdf,RESOLUTION NO. 20-29 — Authorizing the Salaries and Rates of Pay of Employees* for the Year 2021,wage_schedule_or_compensation_plan,high,scheduled,high_priority_later_verify,URL-25879a0bf41089b29e5a,1,primary,KEY-3a7692ced5ebd5688baa,11128,1.754098,non_safety,city,medium,89,POST-PI-AGGRESSIVE-3X300-ATTEMPT3-LANE2-2026-07-23,candidate_lead_planned_not_verified
VER-c3f9733d5ffc7c25042b,NSCQ-WI-20260720-0155,NSCQ-WI-20260720-0155,cog_2025_177182,177182,WI,Marinette,CITY OF MARINETTE,https://werc.wi.gov/interest_awards/mia30771.pdf,"Arbitration Opinion and Award — City of Marinette (Firefighters), Case 92, No. 62466, MIA-2534, Decision No. 30771-A",arbitration_award,high,scheduled,high_priority_later_verify,URL-3665d6777860a942699f,1,primary,KEY-7858b393255ce5a583ad,11045,1.754098,fire,state_labor_board,medium,77,POST-PI-AGGRESSIVE-3X300-ATTEMPT3-LANE2-2026-07-23,candidate_lead_planned_not_verified
VER-2e029472d05f42a554ce,NSCQ-WI-20260720-0171,NSCQ-WI-20260720-0171,cog_2025_136525,136525,WI,Portage,CITY OF PORTAGE,https://www.portagewi.gov/documents/548/2024-2025_Fire_Contract.pdf,2024-2025 Fire Contract (CITY OF PORTAGE) — I.A.F.F. UNION LOCAL NO. 2775,cba,high,scheduled,high_priority_later_verify,URL-898cacfa650fd807b805,1,primary,KEY-57d84b5540c4d2843e85,10126,1.754098,fire,city,medium,83,POST-PI-AGGRESSIVE-3X300-ATTEMPT3-LANE2-2026-07-23,candidate_lead_planned_not_verified
VER-f0d7a80512418ff602a9,NSCQ-WI-20260720-0184,NSCQ-WI-20260720-0184,cog_2025_177175,177175,WI,Merrill,CITY OF MERRILL,https://ci.merrill.wi.us/vertical/sites/%7B10520143-FEEF-422D-84FA-B3B856D26677%7D/uploads/2026-28_MPD_Union_Signed_Contract.pdf,Agreement Between the City of Merrill and the Merrill Professional Police Association (2026-2028),cba,high,scheduled,high_priority_later_verify,URL-9a945dd9765893768958,1,primary,KEY-d02ea9b993a58b5dc0dc,9089,1.754098,police,city,medium,72,POST-PI-AGGRESSIVE-3X300-ATTEMPT3-LANE3-2026-07-23,candidate_lead_planned_not_verified
VER-1c4dded203978dbaa1e1,NSCQ-WI-20260720-0188,NSCQ-WI-20260720-0188,cog_2025_177086,177086,WI,Rice Lake,CITY OF RICE LAKE,https://werc.wi.gov/interest_awards/mia34680.pdf,"Rice Lake, City of (Police), Dec. No. 34680-A (MIA-3087) (Interest Arbitration Award)",arbitration_award,high,scheduled,high_priority_later_verify,URL-f476390d74e43e13ea39,1,primary,KEY-77053827422f669f6b1c,9012,1.754098,police,state_labor_board,medium,78,POST-PI-AGGRESSIVE-3X300-ATTEMPT3-LANE3-2026-07-23,candidate_lead_planned_not_verified
VER-791c743db582d982574d,NSCQ-KS-20260720-0001,NSCQ-KS-20260720-0001,cog_2025_201810,201810,KS,Wichita,CITY OF WICHITA,https://www.wichita.gov/DocumentCenter/View/9192/2024-to-2026-FOP-Contract---EFF-December-21-2024-through-December-18-2026-PDF,"2024 to 2026 FOP Contract - EFF December 21, 2024 through December 18, 2026",cba,high,scheduled,high_priority_later_verify,URL-ecdae754b0b3fa982ffa,1,primary,KEY-ac837006d194b54a5bfd,396119,1.708333,police,city,medium,91,COORD-TIER1-WAVE1-SERIAL150-2026-07-22,candidate_lead_planned_not_verified
VER-a8bb2d9af7ecec7e42ec,NSCQ-KS-20260720-0008,NSCQ-KS-20260720-0008,cog_2025_164885,164885,KS,Topeka,CITY OF TOPEKA,https://topeka.novusagenda.com/agendapublic/AttachmentViewer.ashx?AttachmentID=33949&ItemID=16882,AMENDMENT NO. 1 TO CITY OF TOPEKA CONTRACT NO. 49772 (2023) - Teamsters Local No. 696,memorandum_or_settlement,high,scheduled,high_priority_later_verify,URL-2f018fd537c3fd04ffea,1,primary,KEY-c5a9b403752b0eb79b87,125475,1.708333,non_safety,city,low,92,COORD-TIER1-WAVE2-SERIAL150-2026-07-22,candidate_lead_planned_not_verified
VER-c9bbeb77da506c190181,NSCQ-KS-20260720-0012,NSCQ-KS-20260720-0012,cog_2025_184274,184274,KS,Lawrence,CITY OF LAWRENCE,https://assets.lawrenceks.gov/agendas/cc/2015/07-14-15/mou_iaff_agreement.pdf,"Memorandum of Understanding Between the City of Lawrence, Kansas and Local 1596 — 2016–2019",cba,high,scheduled,high_priority_later_verify,URL-6ffa93acbe2839a7a755,1,primary,KEY-9004da67ab1b3ab161d9,96207,1.708333,fire,city,medium,100,COORD-TIER1-WAVE2-SERIAL150-2026-07-22,candidate_lead_planned_not_verified
