PP0001LS
LAST INCREASE

MOBILE CIVIL SERVICE
MOBILE, ALABAMA
PAY PLAN FOR ALL JURISDICTIONS
COMPLETE TO 06/23/2026

10/11/2025 2.5% BLANKET
10/05/2024 2.5% BLANKET
08/14/2021 2.5% BLANKET
01/04/2025 2.5% BLANKET
05/02/2026 2.5% BLANKET
10/19/2024 3.5% BLANKET
05/17/2025 10% BLANKET
12/16/2023 2.5% BLANKET
10/08/2016 5.0% BLANKET
12/28/2024 2.5% BLANKET
06/03/2023 5.0% BLANKET
07/19/2025 5.0% BLANKET
10/04/2025 2.5% BLANKET
01/24/2026 2.5% BLANKET
10/22/2022 5.0% BLANKET
03/15/2026 5% BLANKET
06/25/2025 10% BLANKET
10/06/2024 2.5% BLANKET
06/14/2025 2.5% BLANKET
10/04/2025 2.5% BLANKET
06/14/2025 5% BLANKET
01/04/2025 2.5% Blanket
10/19/2024 3.5% BLANKET
10/05/2024 2.5% BLANKET
10/11/2025 2.5% BLANKET

01 MOBILE COUNTY
02 CITY OF MOBILE
03 CITY OF PRICHARD (Public Safety classes= 5%)
04 CITY OF CHICKASAW
05 CITY OF SARALAND
06 CITY OF CITRONELLE
07 CITY OF BAYOU LA BATRE
09 CITY OF SATSUMA
10 TOWN OF MT VERNON
11 MOBILE WATER & SEWER
12 MOBILE COUNTY HEALTH DEPARTMENT
13 MOBILE HOUSING AUTHORITY
14 MOBILE COUNTY EMERGENCY MANAGEMENT AGENCY
15 MOBILE CIVIL SERVICE OFFICE
16 PRICHARD WATER WORKS & SEWER BOARD
17 SARALAND WATER WORKS & SEWER BOARD
19 RACING COMMISSION
20 MOBILE PUBLIC LIBRARY
21 CITY OF CREOLA
22 UTILITIES BD OF THE CITY OF BAYOU LA BATRE
24 CITY OF SATSUMA WATER & SEWER BOARD
25 UTILITIES BD OF THE CITY OF CHICKASAW
70 CITRONELLE- PUBLIC SAFETY CLASSES TABLE AD-009
80 CITY OF MOBILE- PUBLIC SAFETY TABLE AJ-013
90 MOBILE COUNTY- LAW ENFORCEMENT- TABLE AL-009

06/14/2024 2.5% BLANKET
11/23/2024 TABLE UPGRADE
12/28/2024 2.5% BLANKET

60 CREOLA- PUBLIC SAFETY CLASSES TABLE AK
50 MT VERNON- PUBLIC SAFETY CLASSES TABLE BW
40 MAWSS FIELD OPERATIONS

PP0001LS
JUR
CDE PLN SQ#

CLASS
CODE

CLASSIFICATION TITLE

MOBILE CIVIL SERVICE AS OF 06/23/2026
PAGE
1
(RATES SHOWN IN WHOLE DOLLARS)
GRD/
A
B
C
D
E
F
G
H
I
J
K
L
M
N
O
P
Q
R
S
T
RNG
________________________________________________________________________________________________________________________
A
A.5
B
B.5
C
C.5
D
D.5
E
E.5
F
F.5
G
G.5
H
H.5
I
I.5
J

PP0001LS
JUR
CDE PLN SQ#

CLASS
CODE

CLASSIFICATION TITLE

MOBILE CIVIL SERVICE AS OF 06/23/2026
PAGE
2
(RATES SHOWN IN WHOLE DOLLARS)
GRD/
A
B
C
D
E
F
G
H
I
J
K
L
M
N
O
P
Q
R
S
T
RNG
________________________________________________________________________________________________________________________
A
A.5
B
B.5
C
C.5
D
D.5
E
E.5
F
F.5
G
G.5
H
H.5
I
I.5
J

CLERICAL
09
10
16
21
22
11
01
03
11
12
13
15
16
01
02
03
01
02
01
11
20
01
02
03
06

AL
BC
AM
BM
AO
AO
AL
OR
AQ
AM
AQ
AI
AM
AL
AF
OR
AL
AF
AL
AO
AF
AL
AF
OR
BK

000 001140
CLERICAL AIDE
000 001140
CLERICAL AIDE
000 001140
CLERICAL AIDE
000 001140
CLERICAL AIDE
000 001140 + CLERICAL AIDE
000 001141
FLEX STAFFER
005 001150
UTILITY CLERK
000 001150
UTILITY CLERK
000 001150
UTILITY CLERK
000 001150
UTILITY CLERK
000 001150
UTILITY CLERK
000 001150 + UTILITY CLERK
000 001150
UTILITY CLERK
005 001170
MAIL CLERK
009 001170
MAIL CLERK
000 001170
MAIL CLERK
005 001180
MAIL OPERATIONS SUPERVISR
004 001180
MAIL OPERATIONS SUPERVISR
005 001280
MESSENGER
000 001280
MESSENGER
010 001280
MESSENGER
005 001295
INFORMATION CLERK
009 001295
INFORMATION CLERK
000 001295
INFORMATION CLERK
000 001295
INFORMATION CLERK

8.0
8.0
8.0
8.0
8.0
6.0
8.0
33.0
8.0
8.0
8.0
8.0
8.0
8.0
8.0
35.0
12.0
12.0
7.0
7.0
7.0
8.0
8.0
33.0
8.0

2633
1942
2699
2189
2836
2569
2979
1429
2979
2699
2979
2445
2699
2979
2841
1576
3630
3059
2836
2699
2771
2979
2841
1429
2156

2699
1990
2767
2243
2907
2633
3054
1465
3054
2767
3054
2506
2767
3054
2912
1615
3721
3136
2907
2767
2841
3054
2912
1465
2210

2767
2040
2836
2300
2979
2699
3130
1501
3130
2836
3130
2569
2836
3130
2985
1655
3814
3214
2979
2836
2912
3130
2985
1501
2265

2836
2091
2907
2357
3054
2767
3209
1538
3209
2907
3209
2633
2907
3209
3059
1696
3909
3294
3054
2907
2985
3209
3059
1538
2322

2907
2144
2979
2416
3130
2836
3289
1576
3289
2979
3289
2699
2979
3289
3136
1738
4007
3377
3130
2979
3059
3289
3136
1576
2380

2979
2197
3054
2476
3209
2907
3371
1615
3371
3054
3371
2767
3054
3371
3214
1781
4107
3461
3209
3054
3136
3371
3214
1615
2440

3054
2252
3130
2538
3289
2979
3455
1655
3455
3130
3455
2836
3130
3455
3294
1824
4210
3548
3289
3130
3214
3455
3294
1655
2501

3130
2308
3209
2602
3371
3054
3542
1696
3542
3209
3542
2907
3209
3542
3377
1870
4315
3637
3371
3209
3294
3542
3377
1696
2563

3209
2366
3289
2667
3455
3130
3630
1738
3630
3289
3630
2979
3289
3630
3461
1916
4423
3727
3455
3289
3377
3630
3461
1738
2627

3289
2425
3371
2733
3542
3209
3721
1781
3721
3371
3721
3054
3371
3721
3548
1964
4534
3821
3542
3371
3461
3721
3548
1781
2693

3371
2486
3455
2802
3630
3289
3814
1824
3814
3455
3814
3130
3455
3814
3637
2011
4647
3916
3630
3455
3548
3814
3637
1824
2760

3455
2548
3542
2872
3721
3371
3909
1870
3909
3542
3909
3208
3542
3909
3727
2062
4763
4014
3721
3542
3637
3909
3727
1870
2829

3542
2612
3630
2944
3814
3455
4007
1916
4007
3630
4007
3289
3630
4007
3821
2112
4882
4114
3814
3630
3727
4007
3821
1916
2900

3630
2677
3721
3017
3909
3542
4107
1964
4107
3721
4107
3371
3721
4107
3916
2165
5005
4217
3909
3721
3821
4107
3916
1964
2972

3721
2744
3814
3093
4007
3630
4210
2011
4210
3814
4210
3455
3814
4210
4014
2218
5130
4323
4007
3814
3916
4210
4014
2011
3047

3814
2813
3909
3170
4107
3721
4315
2062
4315
3909
4315
3542
3909
4315
4114
2273
5258
4431
4107
3909
4014
4315
4114
2062
3123

3909
2883
4007
3249
4210
3814
4423
2112
4423
4007
4423
3630
4007
4423
4217
2328
5389
4542
4210
4007
4114
4423
4217
2112
3201

4007
2955
4107
3331
4315
3909
4534
2165
4534
4107
4534
3721
4107
4534
4323
2387
5524
4655
4315
4107
4217
4534
4323
2165
3281

4107
3029
4210
3414
4423
4007
4647
2218
4647
4210
4647
3814
4210
4647
4431
2445
5662
4772
4423
4210
4323
4647
4431
2218
3363

4210
3105
4315
3499
4534
4107
4763
4763
4315
4763
3909
4315
4763
4542
5804
4891
4534
4315
4431
4763
4542
3447

PP0001LS
JUR
CDE PLN SQ#
11
12
03
01
02
01
02
01
02
03
02
02
02
01
03
01
01
01
02
03
04
05
11
12
13
14
15
16
20
01
02
03
05
06
11
12
13
14
15
16
20

AO
AM
OR
AL
AF
AL
AF
AL
AF
OR
AF
AF
AF
AL
OR
AL
AL
AL
AF
OR
OR
AO
AO
AM
AQ
AT
AI
AM
AF
AL
AF
OR
AO
BK
AO
AM
AQ
AT
AI
AM
AF

CLASS
CODE

CLASSIFICATION TITLE

000 001295
INFORMATION CLERK
000 001295 + INFORMATION CLERK
000 001320
INFORMATION RECEPTIONIST
005 001325
ELECTIONS SPECIALIST
005 001325
ELECTIONS SPECIALIST
005 001330
COMMUNICATION CTR SPEC I
007 001330
COMMUNICATION CTR SPEC I
005 001332
COMMUNICATION CTR SPEC II
005 001332
COMMUNICATION CTR SPEC II
000 001332
COMMUNICATION CTR SPEC II
007 001333
CALL CENTER REPRESENT I
004 001334
CALL CENTER REPRESENT II
004 001336
311 PROGRAM MANAGER
005 001400
RECORDS SPECIALIST I
000 001400
RECORDS SPECIALIST I
005 001401
RECORDS SPECIALIST II
005 001420
RECORDS SUPERVISOR
005 001700
SECRETARY I
005 001700
SECRETARY I
000 001700
SECRETARY I
000 001700
SECRETARY I
000 001700
SECRETARY I
000 001700
SECRETARY I
000 001700
SECRETARY I
000 001700
SECRETARY I
000 001700
SECRETARY I
000 001700
SECRETARY I
000 001700
SECRETARY I
005 001700
SECRETARY I
005 001750
SECRETARY II
004 001750
SECRETARY II
000 001750
SECRETARY II
000 001750
SECRETARY II
000 001750
SECRETARY II
000 001750
SECRETARY II
000 001750
SECRETARY II
000 001750
SECRETARY II
000 001750
SECRETARY II
000 001750
SECRETARY II
000 001750
SECRETARY II
004 001750
SECRETARY II

MOBILE CIVIL SERVICE AS OF 06/23/2026
PAGE
3
(RATES SHOWN IN WHOLE DOLLARS)
GRD/
A
B
C
D
E
F
G
H
I
J
K
L
M
N
O
P
Q
R
S
T
RNG
________________________________________________________________________________________________________________________
A
A.5
B
B.5
C
C.5
D
D.5
E
E.5
F
F.5
G
G.5
H
H.5
I
I.5
J
8.0
8.0
33.0
10.0
10.0
9.0
9.0
10.0
10.0
37.0
9.0
11.0
21.0
10.0
36.0
11.0
12.0
10.0
10.0
36.0
39.0
10.0
10.0
10.0
10.0
10.0
10.0
10.0
10.0
11.0
11.0
38.0
11.0
11.0
11.0
11.0
11.0
11.0
11.0
11.0
11.0

2836
2699
1429
3289
2841
3130
2841
3289
2841
1738
2841
2912
5013
3289
1655
3455
3630
3289
2841
1655
1916
3130
3130
2979
3289
3542
2699
2979
2841
3455
2912
1824
3289
2501
3289
3130
3455
3721
2836
3130
2912

2907
2767
1465
3371
2912
3209
2912
3371
2912
1781
2912
2985
5139
3371
1696
3542
3721
3371
2912
1696
1964
3209
3209
3054
3371
3630
2767
3054
2912
3542
2985
1870
3371
2563
3371
3209
3542
3814
2907
3209
2985

2979
2836
1501
3455
2985
3289
2985
3455
2985
1824
2985
3059
5267
3455
1738
3630
3814
3455
2985
1738
2011
3289
3289
3130
3455
3721
2836
3130
2985
3630
3059
1916
3455
2627
3455
3289
3630
3909
2979
3289
3059

3054
2907
1538
3542
3059
3371
3059
3542
3059
1870
3059
3136
5399
3542
1781
3721
3909
3542
3059
1781
2062
3371
3371
3209
3542
3814
2907
3209
3059
3721
3136
1964
3542
2693
3542
3371
3721
4007
3054
3371
3136

3130
2979
1576
3630
3136
3455
3136
3630
3136
1916
3136
3214
5534
3630
1824
3814
4007
3630
3136
1824
2112
3455
3455
3289
3630
3909
2979
3289
3136
3814
3214
2011
3630
2760
3630
3455
3814
4107
3130
3455
3214

3209
3054
1615
3721
3214
3542
3214
3721
3214
1964
3214
3294
5672
3721
1870
3909
4107
3721
3214
1870
2165
3542
3542
3371
3721
4007
3054
3371
3214
3909
3294
2062
3721
2829
3721
3542
3909
4210
3208
3542
3294

3289
3130
1655
3814
3294
3630
3294
3814
3294
2011
3294
3377
5814
3814
1916
4007
4210
3814
3294
1916
2218
3630
3630
3455
3814
4107
3130
3455
3294
4007
3377
2112
3814
2900
3814
3630
4007
4315
3289
3630
3377

3371
3209
1696
3909
3377
3721
3377
3909
3377
2062
3377
3461
5959
3909
1964
4107
4315
3909
3377
1964
2273
3721
3721
3542
3909
4210
3208
3542
3377
4107
3461
2165
3909
2972
3909
3721
4107
4423
3371
3721
3461

3455
3289
1738
4007
3461
3814
3461
4007
3461
2112
3461
3548
6108
4007
2011
4210
4423
4007
3461
2011
2328
3814
3814
3630
4007
4315
3289
3630
3461
4210
3548
2218
4007
3047
4007
3814
4210
4534
3455
3814
3548

3542
3371
1781
4107
3548
3909
3548
4107
3548
2165
3548
3637
6261
4107
2062
4315
4534
4107
3548
2062
2387
3909
3909
3721
4107
4423
3371
3721
3548
4315
3637
2273
4107
3123
4107
3909
4315
4647
3542
3909
3637

3630
3455
1824
4210
3637
4007
3637
4210
3637
2218
3637
3727
6417
4210
2112
4423
4647
4210
3637
2112
2445
4007
4007
3814
4210
4534
3455
3814
3637
4423
3727
2328
4210
3201
4210
4007
4423
4763
3630
4007
3727

3721
3542
1870
4315
3727
4107
3727
4315
3727
2273
3727
3821
6578
4315
2165
4534
4763
4315
3727
2165
2506
4107
4107
3909
4315
4647
3542
3909
3727
4534
3821
2387
4315
3281
4315
4107
4534
4883
3721
4107
3821

3814
3630
1916
4423
3821
4210
3821
4423
3821
2328
3821
3916
6742
4423
2218
4647
4882
4423
3821
2218
2567
4210
4210
4007
4423
4763
3630
4007
3821
4647
3916
2445
4423
3363
4423
4210
4647
5005
3814
4210
3916

3909
3721
1964
4534
3916
4315
3916
4534
3916
2387
3916
4014
6911
4534
2273
4763
5005
4534
3916
2273
2631
4315
4315
4107
4534
4883
3721
4107
3916
4763
4014
2506
4534
3447
4534
4315
4763
5130
3909
4315
4014

4007
3814
2011
4647
4014
4423
4014
4647
4014
2445
4014
4114
7084
4647
2328
4882
5130
4647
4014
2328
2696
4423
4423
4210
4647
5005
3814
4210
4014
4882
4114
2567
4647
3533
4647
4423
4883
5258
4007
4423
4114

4107
3909
2062
4763
4114
4534
4114
4763
4114
2506
4114
4217
7261
4763
2387
5005
5258
4763
4114
2387
2763
4534
4534
4315
4763
5130
3909
4315
4114
5005
4217
2631
4763
3622
4763
4534
5005
5389
4107
4534
4217

4210
4007
2112
4882
4217
4647
4217
4882
4217
2567
4217
4323
7442
4882
2445
5130
5389
4882
4217
2445
2830
4647
4647
4423
4883
5258
4007
4423
4217
5130
4323
2696
4883
3712
4883
4647
5130
5524
4210
4647
4323

4315
4107
2165
5005
4323
4763
4323
5005
4323
2631
4323
4431
7628
5005
2506
5258
5524
5005
4323
2506
2901
4763
4763
4534
5005
5389
4107
4534
4323
5258
4431
2763
5005
3805
5005
4763
5258
5662
4315
4763
4431

4423
4210
2218
5130
4431
4882
4431
5130
4431
2696
4431
4542
7819
5130
2567
5389
5662
5130
4431
2567
2972
4883
4883
4647
5130
5524
4210
4647
4431
5389
4542
2830
5130
3900
5130
4883
5389
5804
4423
4883
4542

4534
4315
5258
4542
5005
4542
5258
4542
4542
4655
8015
5258
5524
5804
5258
4542
5005
5005
4763
5258
5662
4315
4763
4542
5524
4655
5258
3998
5258
5005
5524
5949
4534
5005
4655

PP0001LS
JUR
CDE PLN SQ#
01
02
11
12
14
15
01
02
11
05
02
10
12
15
02
01
11
01
01

AL
AF
AO
AM
AT
AI
AL
AF
AO
AO
AF
BC
AM
AI
AF
AL
AO
AL
AL

CLASS
CODE

005 001755
004 001755
000 001755
000 001755
000 001755
000 001755
005 001756
004 001756
000 001756
000 001757
004 001795
000 001795
000 001795
000 001795
004 001810
005 001820
000 001830
005 001840
005 001850

CLASSIFICATION TITLE

MOBILE CIVIL SERVICE AS OF 06/23/2026
PAGE
4
(RATES SHOWN IN WHOLE DOLLARS)
GRD/
A
B
C
D
E
F
G
H
I
J
K
L
M
N
O
P
Q
R
S
T
RNG
________________________________________________________________________________________________________________________
A
A.5
B
B.5
C
C.5
D
D.5
E
E.5
F
F.5
G
G.5
H
H.5
I
I.5
J

SECRETARY III
SECRETARY III
SECRETARY III
SECRETARY III
SECRETARY III
SECRETARY III
ADMINISTRATIVE SUPP ASST
ADMINISTRATIVE SUPP ASST
ADMINISTRATIVE SUPP ASST
ADMIN SUPPORT ASST-SAR PD
EXECUTIVE SECRETARY
EXECUTIVE SECRETARY
EXECUTIVE SECRETARY
EXECUTIVE SECRETARY
LEGAL SECRETARY
COURT REPORTER II
RECORDING SECRETARY-MAWSS
ASST RECORDING SECRETARY
RECORDING SEC-CO COMM

13.0
13.0
13.0
13.0
13.0
13.0
18.0
18.0
15.0
15.0
14.0
17.0
15.0
14.0
14.0
19.0
18.0
15.0
18.0

3814
3214
3630
3455
4107
3130
4882
4114
4007
4007
3377
3029
3814
3289
3377
5130
4647
4210
4882

3909
3294
3721
3542
4210
3208
5005
4217
4107
4107
3461
3105
3909
3371
3461
5258
4763
4315
5005

4007
3377
3814
3630
4315
3289
5130
4323
4210
4210
3548
3182
4007
3455
3548
5389
4883
4423
5130

4107
3461
3909
3721
4423
3371
5258
4431
4315
4315
3637
3262
4107
3542
3637
5524
5005
4534
5258

4210
3548
4007
3814
4534
3455
5389
4542
4423
4423
3727
3343
4210
3630
3727
5662
5130
4647
5389

4315
3637
4107
3909
4647
3542
5524
4655
4534
4534
3821
3427
4315
3721
3821
5804
5258
4763
5524

4423
3727
4210
4007
4763
3630
5662
4772
4647
4647
3916
3513
4423
3814
3916
5949
5389
4882
5662

4534
3821
4315
4107
4883
3721
5804
4891
4763
4763
4014
3601
4534
3909
4014
6098
5524
5005
5804

4647
3916
4423
4210
5005
3814
5949
5013
4883
4883
4114
3691
4647
4007
4114
6250
5662
5130
5949

4763
4014
4534
4315
5130
3909
6098
5139
5005
5005
4217
3783
4763
4107
4217
6406
5804
5258
6098

4882
4114
4647
4423
5258
4007
6250
5267
5130
5130
4323
3877
4883
4210
4323
6567
5949
5389
6250

5005
4217
4763
4534
5389
4107
6406
5399
5258
5258
4431
3974
5005
4315
4431
6731
6098
5524
6406

5130
4323
4883
4647
5524
4210
6567
5534
5389
5389
4542
4074
5130
4423
4542
6899
6250
5662
6567

5258
4431
5005
4763
5662
4315
6731
5672
5524
5524
4655
4176
5258
4534
4655
7071
6406
5804
6731

5389
4542
5130
4883
5804
4423
6899
5814
5662
5662
4772
4280
5389
4647
4772
7248
6567
5949
6899

5524
4655
5258
5005
5949
4534
7071
5959
5804
5804
4891
4387
5524
4763
4891
7429
6731
6098
7071

5662
4772
5389
5130
6098
4647
7248
6108
5949
5949
5013
4497
5662
4882
5013
7615
6899
6250
7248

5804
4891
5524
5258
6250
4763
7429
6261
6098
6098
5139
4609
5804
5004
5139
7806
7072
6406
7429

5949
5013
5662
5389
6406
4882
7615
6417
6250
6250
5267
4724
5949
5130
5267
8001
7248
6567
7615

6098
5139
5804
5524
6567
5004
7806
6578
6406
6406
5399
4843
6098
5258
5399
8201
7430
6731
7806

10.0
12.0
18.0
21.0

2699
2979
4007
4882

2767
3054
4107
5004

2836
3130
4210
5130

2907
3208
4315
5258

2979
3289
4423
5389

3054
3371
4534
5524

3130
3455
4647
5662

3208
3542
4763
5804

3289
3630
4882
5949

3371
3721
5004
6097

3455
3814
5130
6250

3542
3909
5258
6406

3630
4007
5389
6566

3721
4107
5524
6731

3814
4210
5662
6899

3909
4315
5804
7071

4007
4423
5949
7248

4107
4534
6097
7429

4210
4647
6250
7615

4315
4763
6406
7805

19.0
20.0
21.0
12.0
12.0
17.0
20.0
19.0
19.0
19.0
19.0
20.0
24.0

4210
4423
4882
3289
2979
3916
4542
5130
4883
4647
5130
5389
6566

4315
4534
5004
3371
3054
4014
4655
5258
5005
4763
5258
5524
6731

4423
4647
5130
3455
3130
4114
4772
5389
5130
4883
5389
5662
6899

4534
4763
5258
3542
3208
4217
4891
5524
5258
5005
5524
5804
7071

4647
4882
5389
3630
3289
4323
5013
5662
5389
5130
5662
5949
7248

4763
5004
5524
3721
3371
4431
5139
5804
5524
5258
5804
6098
7429

4882
5130
5662
3814
3455
4542
5267
5949
5662
5389
5949
6250
7615

5004
5258
5804
3909
3542
4655
5399
6098
5804
5524
6098
6406
7805

5130
5389
5949
4007
3630
4772
5534
6250
5949
5662
6250
6567
8001

5258
5524
6097
4107
3721
4891
5672
6406
6098
5804
6406
6731
8201

5389
5662
6250
4210
3814
5013
5814
6567
6250
5949
6567
6899
8406

5524
5804
6406
4315
3909
5139
5959
6731
6406
6098
6731
7071
8616

5662
5949
6566
4423
4007
5267
6108
6899
6567
6250
6899
7248
8831

5804
6097
6731
4534
4107
5399
6261
7071
6731
6406
7072
7429
9052

5949
6250
6899
4647
4210
5534
6417
7248
6899
6567
7248
7615
9278

6097
6406
7071
4763
4315
5672
6578
7429
7072
6731
7430
7806
9510

6250
6566
7248
4883
4423
5814
6742
7615
7248
6899
7615
8001
9748

6406 6566 6731
6731 6899 7071
7429 7615 7805
5005 5130 5258
4534 4647 4763
5959 6108 6261
6911 7084 7261
7806 8001 8201
7430 7615 7806
7072 7248 7430
7806 8001 8201
8201 8406 8616
9992 10242 10498

ADMINISTRATIVE
15
15
15
15
15
15
15
15
15
12
15
20
02
01
11
12
13
01
15

AI
AI
AI
AI
AI
AI
AI
AI
AI
AM
AI
AF
AF
AL
AO
AM
AQ
AL
AI

000 002020 + JOB ANALYST
000 002025
PERS CLASS/ASSESS INTERN
000 002027
PERSONNEL TECHNICIAN
000 002030
EXAMINATION DEVELOPER
000 002038
PERSONNEL ASSESS SPECIAL
000 002045 + TEST TECHNICIAN
000 002050
PERS CL/ASSESS ANALYST I
000 002070
PERS CL/ASSESS ANALYST II
000 002079
TRAINING OFFICER
000 002081
TRAINING ASSISTANT
000 002081
TRAINING ASSISTANT
004 002082
LIBRARY TRAINING OFFICER
004 002083
TRAINING & COMP OFF-COM
005 002084
TRAINING MANAGER
000 002084
TRAINING MANAGER
000 002084
TRAINING MANAGER
000 002084
TRAINING MANAGER
005 002085
TRAINING & COMPLIANCE OFF
000 002090
HUMAN RESOURCE MANAGER

PP0001LS
JUR
CDE PLN SQ#
15
10
21
10
21
01
02
02
03
04
05
06
07
09
21
03
04
05
06
07
09
21
02
01
01
02
03
11
12
13
16
20
11
01
12
13
20
11
11
01
11

AI
BC
BM
BC
BM
AL
AF
AF
OR
OR
AO
BK
BL
AL
BM
OR
OR
AO
BK
BL
AL
BM
AF
AL
AL
AF
OR
AO
AM
AQ
AM
AF
AO
AL
AM
AQ
AF
AO
AO
AL
AO

CLASS
CODE

000 002095
000 002200
000 002200
000 002210
000 002210
005 002298
004 002300
004 002350
000 002370
000 002400
000 002400
000 002400
000 002400
000 002400
000 002400
000 002450
000 002450
000 002450
000 002450
000 002450
000 002450
000 002450
004 002456
005 002457
005 002458
004 002458
000 002458
000 002458
000 002458
000 002458
000 002458
004 002458
000 002459
005 002460
000 002460
000 002460
004 002460
000 002461
000 002462
005 002463
000 002463

CLASSIFICATION TITLE

MOBILE CIVIL SERVICE AS OF 06/23/2026
PAGE
5
(RATES SHOWN IN WHOLE DOLLARS)
GRD/
A
B
C
D
E
F
G
H
I
J
K
L
M
N
O
P
Q
R
S
T
RNG
________________________________________________________________________________________________________________________
A
A.5
B
B.5
C
C.5
D
D.5
E
E.5
F
F.5
G
G.5
H
H.5
I
I.5
J

PERSONNEL ASSESSMENT MGR
TOWN CLERK
TOWN CLERK
ASST TOWN CLERK
ASST TOWN CLERK
LICENSE OPERATIONS ADMIN
ASST CITY CLERK (MOBILE)
CITY CLERK (MOBILE)
CITY CLERK- CITY OF PRICH
CITY CLERK
CITY CLERK
CITY CLERK
CITY CLERK
CITY CLERK
CITY CLERK
ASST CITY CLERK
ASST CITY CLERK
ASST CITY CLERK
ASST CITY CLERK
ASST CITY CLERK
ASST CITY CLERK
ASST CITY CLERK
HUMAN RESOURCES MGR- COM
HUMAN RESOURCES ASSISTANT
HUMAN RESOURCES COORD
HUMAN RESOURCES COORD
HUMAN RESOURCES COORD
HUMAN RESOURCES COORD
HUMAN RESOURCES COORD
HUMAN RESOURCES COORD
HUMAN RESOURCES COORD
HUMAN RESOURCES COORD
DEP DIR HUMAN RESRC-MAWSS
HUMAN RESOURCES OFFICER
HUMAN RESOURCES OFFICER
HUMAN RESOURCES OFFICER
HUMAN RESOURCES OFFICER
DIR HUMAN RESOURCES-MAWSS
DIR ADMIN SERV & CUST EXP
EMPLOYEE RELATIONS MGR
EMPLOYEE RELATIONS MGR

24.0
17.0
17.0
12.0
12.0
20.0
23.0
27.0
51.0
52.0
21.0
19.0
19.0
19.0
19.0
45.0
46.0
16.0
12.0
12.0
14.0
12.0
21.0
12.0
18.0
18.0
49.0
18.0
18.0
18.0
18.0
18.0
20.0
21.0
21.0
21.0
21.0
22.0
26.0
19.0
20.0

6566
3029
3414
2366
2667
5389
6108
9068
3440
3612
5662
3712
4173
4534
3768
2567
2696
4210
2627
2953
3542
2667
5013
3630
4882
4114
3120
4647
4423
4883
4423
4114
5130
5949
5389
5949
5013
6250
9279
5130
5130

6731
3105
3499
2425
2733
5524
6261
9295
3526
3703
5804
3805
4278
4647
3863
2631
2763
4315
2693
3027
3630
2733
5139
3721
5005
4217
3198
4763
4534
5005
4534
4217
5258
6098
5524
6098
5139
6406
9511
5258
5258

6899
3182
3587
2486
2802
5662
6417
9527
3612
3793
5949
3900
4385
4763
3959
2696
2830
4423
2760
3103
3721
2802
5267
3814
5130
4323
3276
4883
4647
5130
4647
4323
5389
6250
5662
6250
5267
6567
9748
5389
5389

7071 7248 7429 7615 7805 8001 8201 8406 8616 8831 9052 9278 9510 9748 9992 10242 10498
3262 3343 3427 3513 3601 3691 3783 3877 3974 4074 4176 4280 4387 4497 4609 4724 4843
3676 3768 3863 3959 4058 4160 4264 4370 4479 4591 4706 4824 4945 5068 5195 5325 5458
2548 2612 2677 2744 2813 2883 2955 3029 3105 3182 3262 3343 3427 3513 3601 3691 3783
2872 2944 3017 3093 3170 3249 3331 3414 3499 3587 3676 3768 3863 3959 4058 4160 4264
5804 5949 6098 6250 6406 6567 6731 6899 7071 7248 7429 7615 7806 8001 8201 8406 8616
6578 6742 6911 7084 7261 7442 7628 7819 8015 8215 8420 8631 8847 9068 9295 9527 9765
9765 10009 10260 10516 10779 11048 11325 11608 11898 12196 12500 12813 13133 13462 13798 14143 14497
3703 3793 3888 3982 4082 4182 4286 4391 4500 4610 4725 4841 4962 5083 5210 5337
3888 3982 4082 4182 4286 4391 4500 4610 4725 4841 4962 5083 5210 5337 5470 5604
6098 6250 6406 6567 6731 6899 7072 7248 7430 7615 7806 8001 8201 8406 8616 8832 9052
3998 4098 4200 4305 4413 4523 4636 4752 4871 4993 5118 5246 5377 5511 5649 5790 5935
4494 4607 4722 4840 4961 5085 5212 5342 5476 5613 5753 5897 6044 6195 6350 6509 6672
4882 5005 5130 5258 5389 5524 5662 5804 5949 6098 6250 6406 6567 6731 6899 7071 7248
4058 4160 4264 4370 4479 4591 4706 4824 4945 5068 5195 5325 5458 5594 5734 5878 6025
2763 2830 2901 2972 3046 3120 3198 3276 3358 3440 3526 3612 3703 3793 3888 3982
2901 2972 3046 3120 3198 3276 3358 3440 3526 3612 3703 3793 3888 3982 4082 4182
4534 4647 4763 4883 5005 5130 5258 5389 5524 5662 5804 5949 6098 6250 6406 6567 6731
2829 2900 2972 3047 3123 3201 3281 3363 3447 3533 3622 3712 3805 3900 3998 4098 4200
3180 3260 3342 3425 3511 3599 3688 3781 3875 3972 4071 4173 4278 4385 4494 4607 4722
3814 3909 4007 4107 4210 4315 4423 4534 4647 4763 4882 5005 5130 5258 5389 5524 5662
2872 2944 3017 3093 3170 3249 3331 3414 3499 3587 3676 3768 3863 3959 4058 4160 4264
5399 5534 5672 5814 5959 6108 6261 6417 6578 6742 6911 7084 7261 7442 7628 7819 8015
3909 4007 4107 4210 4315 4423 4534 4647 4763 4882 5005 5130 5258 5389 5524 5662 5804
5258 5389 5524 5662 5804 5949 6098 6250 6406 6567 6731 6899 7071 7248 7429 7615 7806
4431 4542 4655 4772 4891 5013 5139 5267 5399 5534 5672 5814 5959 6108 6261 6417 6578
3358 3440 3526 3612 3703 3793 3888 3982 4082 4182 4286 4391 4500 4610 4725 4841
5005 5130 5258 5389 5524 5662 5804 5949 6098 6250 6406 6567 6731 6899 7072 7248 7430
4763 4883 5005 5130 5258 5389 5524 5662 5804 5949 6098 6250 6406 6567 6731 6899 7072
5258 5389 5524 5662 5804 5949 6098 6250 6406 6567 6731 6899 7072 7248 7430 7615 7806
4763 4883 5005 5130 5258 5389 5524 5662 5804 5949 6098 6250 6406 6567 6731 6899 7072
4431 4542 4655 4772 4891 5013 5139 5267 5399 5534 5672 5814 5959 6108 6261 6417 6578
5524 5662 5804 5949 6098 6250 6406 6567 6731 6899 7072 7248 7430 7615 7806 8001 8201
6406 6567 6731 6899 7071 7248 7429 7615 7806 8001 8201 8406 8616 8831 9052 9279 9511
5804 5949 6098 6250 6406 6567 6731 6899 7072 7248 7430 7615 7806 8001 8201 8406 8616
6406 6567 6731 6899 7072 7248 7430 7615 7806 8001 8201 8406 8616 8832 9052 9279 9511
5399 5534 5672 5814 5959 6108 6261 6417 6578 6742 6911 7084 7261 7442 7628 7819 8015
6731 6899 7072 7248 7430 7615 7806 8001 8201 8406 8616 8832 9052 9279 9511 9748 9992
9992 10242 10498 10761 11030 11305 11588 11878 12175 12479 12791 13111 13439 13775 14119 14472 14834
5524 5662 5804 5949 6098 6250 6406 6567 6731 6899 7071 7248 7429 7615 7806 8001 8201
5524 5662 5804 5949 6098 6250 6406 6567 6731 6899 7072 7248 7430 7615 7806 8001 8201

PP0001LS
JUR
CDE PLN SQ#
12
01
02
11
12
12
11
12
01
02
11
12
11
02
01
02
01
01
11
02
03
11
01
01
02
03
04
05
06
07
09
10
11
12
13
14
15
16
17
19
20

AM
AL
AF
AO
AM
AM
AO
AM
AL
AF
AO
AM
AO
AF
AL
AF
AL
AL
AO
AF
OR
AO
AL
AL
AF
OR
OR
AO
BK
BL
AL
BC
AO
AM
AQ
AT
AI
AM
AV
AF
AF

CLASS
CODE

000 002464
005 002465
004 002465
000 002465
000 002465
000 002466
000 002467
000 002467
005 002468
004 002468
000 002468
000 002468
000 002469
004 002470
005 002471
004 002471
005 002472
005 002473
000 002474
004 002475
000 002476
000 002478
005 002479
005 002482
007 002482
000 002482
000 002482
000 002482
000 002482
000 002482
000 002482
000 002482
000 002482
000 002482
000 002482
000 002482
000 002482
000 002482
000 002482
004 002482
007 002482

CLASSIFICATION TITLE

MOBILE CIVIL SERVICE AS OF 06/23/2026
PAGE
6
(RATES SHOWN IN WHOLE DOLLARS)
GRD/
A
B
C
D
E
F
G
H
I
J
K
L
M
N
O
P
Q
R
S
T
RNG
________________________________________________________________________________________________________________________
A
A.5
B
B.5
C
C.5
D
D.5
E
E.5
F
F.5
G
G.5
H
H.5
I
I.5
J

RECRUITMENT MANAGER
EMPLOYEE BENEFITS MANAGER
EMPLOYEE BENEFITS MANAGER
EMPLOYEE BENEFITS MANAGER
EMPLOYEE BENEFITS MANAGER
HUMAN RESOURCES MGR- MCHD
SAFETY MANAGER
SAFETY MANAGER
SAFETY COORDINATOR
SAFETY COORDINATOR
SAFETY COORDINATOR
SAFETY COORDINATOR
SAFETY & SECURITY SPECIAL
DIR OF HUMAN RESOURCE-COM
DEP DIR HUMAN RESOURCES
DEP DIR HUMAN RESOURCES
DIR OF HUMAN RESOURCES-MC
EMPLOYEE BENEFITS MGR-MCO
HUMAN RESOURCE SERV MGR
DIR OF SAFETY & PERFORM
DIR HUMAN RESOURCES-PRICH
SAFETY MANAGER - MAWSS
HUMAN RES INFO SYS ANLYST
OFFICE ASSISTANT I
OFFICE ASSISTANT I
OFFICE ASSISTANT I
OFFICE ASSISTANT I
OFFICE ASSISTANT I
OFFICE ASSISTANT I
OFFICE ASSISTANT I
OFFICE ASSISTANT I
OFFICE ASSISTANT I
OFFICE ASSISTANT I
OFFICE ASSISTANT I
OFFICE ASSISTANT I
OFFICE ASSISTANT I
OFFICE ASSISTANT I
OFFICE ASSISTANT I
OFFICE ASSISTANT I
OFFICE ASSISTANT I
OFFICE ASSISTANT I

19.0
19.0
19.0
19.0
19.0
19.0
20.0
19.0
16.0
19.0
16.0
16.0
18.0
26.0
23.0
23.0
26.0
20.0
20.0
22.0
60.0
20.0
21.0
9.0
9.0
39.0
36.0
9.0
9.0
9.0
9.0
9.0
9.0
9.0
9.0
9.0
9.0
9.0
9.0
9.0
9.0

4647
5130
4323
4883
4647
4647
5130
4647
4423
4323
4210
4007
4647
8215
7248
6108
9748
5389
5130
5534
5337
5130
5949
3130
2841
1916
1655
2979
2265
2547
2767
2040
2979
2836
3130
3371
2569
2836
3455
2638
2841

4763 4883 5005 5130 5258 5389 5524 5662 5804 5949 6098 6250 6406 6567 6731 6899 7072 7248 7430
5258 5389 5524 5662 5804 5949 6098 6250 6406 6567 6731 6899 7071 7248 7429 7615 7806 8001 8201
4431 4542 4655 4772 4891 5013 5139 5267 5399 5534 5672 5814 5959 6108 6261 6417 6578 6742 6911
5005 5130 5258 5389 5524 5662 5804 5949 6098 6250 6406 6567 6731 6899 7072 7248 7430 7615 7806
4763 4883 5005 5130 5258 5389 5524 5662 5804 5949 6098 6250 6406 6567 6731 6899 7072 7248 7430
4763 4883 5005 5130 5258 5389 5524 5662 5804 5949 6098 6250 6406 6567 6731 6899 7072 7248 7430
5258 5389 5524 5662 5804 5949 6098 6250 6406 6567 6731 6899 7072 7248 7430 7615 7806 8001 8201
4763 4883 5005 5130 5258 5389 5524 5662 5804 5949 6098 6250 6406 6567 6731 6899 7072 7248 7430
4534 4647 4763 4882 5005 5130 5258 5389 5524 5662 5804 5949 6098 6250 6406 6567 6731 6899 7071
4431 4542 4655 4772 4891 5013 5139 5267 5399 5534 5672 5814 5959 6108 6261 6417 6578 6742 6911
4315 4423 4534 4647 4763 4883 5005 5130 5258 5389 5524 5662 5804 5949 6098 6250 6406 6567 6731
4107 4210 4315 4423 4534 4647 4763 4883 5005 5130 5258 5389 5524 5662 5804 5949 6098 6250 6406
4763 4883 5005 5130 5258 5389 5524 5662 5804 5949 6098 6250 6406 6567 6731 6899 7072 7248 7430
8420 8631 8847 9068 9295 9527 9765 10009 10260 10516 10779 11048 11325 11608 11898 12196 12500 12813 13133
7429 7615 7806 8001 8201 8406 8616 8831 9052 9279 9511 9748 9992 10242 10498 10760 11029 11305 11588
6261 6417 6578 6742 6911 7084 7261 7442 7628 7819 8015 8215 8420 8631 8847 9068 9295 9527 9765
9992 10242 10498 10760 11029 11305 11588 11877 12174 12479 12791 13111 13438 13774 14119 14472 14833 15204 15584
5524 5662 5804 5949 6098 6250 6406 6567 6731 6899 7071 7248 7429 7615 7806 8001 8201 8406 8616
5258 5389 5524 5662 5804 5949 6098 6250 6406 6567 6731 6899 7072 7248 7430 7615 7806 8001 8201
5672 5814 5959 6108 6261 6417 6578 6742 6911 7084 7261 7442 7628 7819 8015 8215 8420 8631 8847
5470 5604 5744 5884 6031 6178 6333 6487 6649 6811 6982 7152 7331 7510 7697 7885 8082 8279
5258 5389 5524 5662 5804 5949 6098 6250 6406 6567 6731 6899 7072 7248 7430 7615 7806 8001 8201
6098 6250 6406 6567 6731 6899 7071 7248 7429 7615 7806 8001 8201 8406 8616 8831 9052 9279 9511
3209 3289 3371 3455 3542 3630 3721 3814 3909 4007 4107 4210 4315 4423 4534 4647 4763 4882 5005
2912 2985 3059 3136 3214 3294 3377 3461 3548 3637 3727 3821 3916 4014 4114 4217 4323 4431 4542
1964 2011 2062 2112 2165 2218 2273 2328 2387 2445 2506 2567 2631 2696 2763 2830 2901 2972
1696 1738 1781 1824 1870 1916 1964 2011 2062 2112 2165 2218 2273 2328 2387 2445 2506 2567
3054 3130 3209 3289 3371 3455 3542 3630 3721 3814 3909 4007 4107 4210 4315 4423 4534 4647 4763
2322 2380 2440 2501 2563 2627 2693 2760 2829 2900 2972 3047 3123 3201 3281 3363 3447 3533 3622
2610 2676 2742 2811 2881 2953 3027 3103 3180 3260 3342 3425 3511 3599 3688 3781 3875 3972 4071
2836 2907 2979 3054 3130 3209 3289 3371 3455 3542 3630 3721 3814 3909 4007 4107 4210 4315 4423
2091 2144 2197 2252 2308 2366 2425 2486 2548 2612 2677 2744 2813 2883 2955 3029 3105 3182 3262
3054 3130 3209 3289 3371 3455 3542 3630 3721 3814 3909 4007 4107 4210 4315 4423 4534 4647 4763
2907 2979 3054 3130 3209 3289 3371 3455 3542 3630 3721 3814 3909 4007 4107 4210 4315 4423 4534
3209 3289 3371 3455 3542 3630 3721 3814 3909 4007 4107 4210 4315 4423 4534 4647 4763 4883 5005
3455 3542 3630 3721 3814 3909 4007 4107 4210 4315 4423 4534 4647 4763 4883 5005 5130 5258 5389
2633 2699 2767 2836 2907 2979 3054 3130 3208 3289 3371 3455 3542 3630 3721 3814 3909 4007 4107
2907 2979 3054 3130 3209 3289 3371 3455 3542 3630 3721 3814 3909 4007 4107 4210 4315 4423 4534
3542 3630 3721 3814 3909 4007 4107 4210 4315 4423 4534 4647 4763 4883 5005 5130 5258 5389 5524
2704 2771 2841 2912 2985 3059 3136 3214 3294 3377 3461 3548 3637 3727 3821 3916 4014 4114 4217
2912 2985 3059 3136 3214 3294 3377 3461 3548 3637 3727 3821 3916 4014 4114 4217 4323 4431 4542

PP0001LS
JUR
CDE PLN SQ#
21
22
24
01
02
03
04
05
06
07
09
11
12
13
14
15
16
17
19
20
21
22
24
01
02
03
05
09
11
12
13
14
15
16
17
19
20
22
24
01
01

BM
AO
AG
AL
AF
OR
OR
AO
BK
BL
AL
AO
AM
AQ
AT
AI
AM
AV
AF
AF
BM
AO
AG
AL
AF
OR
AO
AL
AO
AM
AQ
AT
AI
AM
AV
AF
AF
AO
AG
AL
AL

CLASS
CODE

000 002482
000 002482
000 002482
005 002485
005 002485
000 002485
000 002485
000 002485
000 002485
000 002485
000 002485
000 002485
000 002485
000 002485
000 002485
000 002485
000 002485
000 002485
004 002485
005 002485
000 002485
000 002485
000 002485
005 002488
004 002488
000 002488
000 002488
000 002488
000 002488
000 002488
000 002488
000 002488
000 002488
000 002488
000 002488
004 002488
004 002488
000 002488
000 002488
005 002489
005 002490

CLASSIFICATION TITLE

MOBILE CIVIL SERVICE AS OF 06/23/2026
PAGE
7
(RATES SHOWN IN WHOLE DOLLARS)
GRD/
A
B
C
D
E
F
G
H
I
J
K
L
M
N
O
P
Q
R
S
T
RNG
________________________________________________________________________________________________________________________
A
A.5
B
B.5
C
C.5
D
D.5
E
E.5
F
F.5
G
G.5
H
H.5
I
I.5
J

OFFICE ASSISTANT I
OFFICE ASSISTANT I
OFFICE ASSISTANT I
OFFICE ASSISTANT II
OFFICE ASSISTANT II
OFFICE ASSISTANT II
OFFICE ASSISTANT II
OFFICE ASSISTANT II
OFFICE ASSISTANT II
OFFICE ASSISTANT II
OFFICE ASSISTANT II
OFFICE ASSISTANT II
OFFICE ASSISTANT II
OFFICE ASSISTANT II
OFFICE ASSISTANT II
OFFICE ASSISTANT II
OFFICE ASSISTANT II
OFFICE ASSISTANT II
OFFICE ASSISTANT II
OFFICE ASSISTANT II
OFFICE ASSISTANT II
OFFICE ASSISTANT II
OFFICE ASSISTANT II
OFFICE ASSISTANT III
OFFICE ASSISTANT III
OFFICE ASSISTANT III
OFFICE ASSISTANT III
OFFICE ASSISTANT III
OFFICE ASSISTANT III
OFFICE ASSISTANT III
OFFICE ASSISTANT III
OFFICE ASSISTANT III
OFFICE ASSISTANT III
OFFICE ASSISTANT III
OFFICE ASSISTANT III
OFFICE ASSISTANT III
OFFICE ASSISTANT III
OFFICE ASSISTANT III
OFFICE ASSISTANT III
LICENSE CLERK
TAG/TITLE/LICENSE SPEC I

9.0
9.0
9.0
10.0
10.0
37.0
39.0
10.0
10.0
10.0
10.0
10.0
10.0
10.0
10.0
10.0
10.0
10.0
10.0
10.0
10.0
10.0
10.0
12.0
12.0
38.0
12.0
12.0
12.0
12.0
12.0
12.0
12.0
12.0
12.0
12.0
12.0
12.0
12.0
9.0
10.0

2300
2979
2447
3289
2841
1738
1916
3130
2380
2676
2907
3130
2979
3289
3542
2699
2979
3630
2771
2841
2416
3130
2571
3630
3059
1824
3455
3209
3455
3289
3630
3909
2979
3289
4007
3059
3059
3455
2837
3130
3289

2357
3054
2508
3371
2912
1781
1964
3209
2440
2742
2979
3209
3054
3371
3630
2767
3054
3721
2841
2912
2476
3209
2635
3721
3136
1870
3542
3289
3542
3371
3721
4007
3054
3371
4107
3136
3136
3542
2908
3209
3371

2416
3130
2571
3455
2985
1824
2011
3289
2501
2811
3054
3289
3130
3455
3721
2836
3130
3814
2912
2985
2538
3289
2701
3814
3214
1916
3630
3371
3630
3455
3814
4107
3130
3455
4210
3214
3214
3630
2981
3289
3455

2476
3209
2635
3542
3059
1870
2062
3371
2563
2881
3130
3371
3209
3542
3814
2907
3209
3909
2985
3059
2602
3371
2768
3909
3294
1964
3721
3455
3721
3542
3909
4210
3208
3542
4315
3294
3294
3721
3056
3371
3542

2538
3289
2701
3630
3136
1916
2112
3455
2627
2953
3209
3455
3289
3630
3909
2979
3289
4007
3059
3136
2667
3455
2837
4007
3377
2011
3814
3542
3814
3630
4007
4315
3289
3630
4423
3377
3377
3814
3132
3455
3630

2602
3371
2768
3721
3214
1964
2165
3542
2693
3027
3289
3542
3371
3721
4007
3054
3371
4107
3136
3214
2733
3542
2908
4107
3461
2062
3909
3630
3909
3721
4107
4423
3371
3721
4534
3461
3461
3909
3210
3542
3721

2667
3455
2837
3814
3294
2011
2218
3630
2760
3103
3371
3630
3455
3814
4107
3130
3455
4210
3214
3294
2802
3630
2981
4210
3548
2112
4007
3721
4007
3814
4210
4534
3455
3814
4647
3548
3548
4007
3291
3630
3814

2733
3542
2908
3909
3377
2062
2273
3721
2829
3180
3455
3721
3542
3909
4210
3208
3542
4315
3294
3377
2872
3721
3056
4315
3637
2165
4107
3814
4107
3909
4315
4647
3542
3909
4763
3637
3637
4107
3373
3721
3909

2802
3630
2981
4007
3461
2112
2328
3814
2900
3260
3542
3814
3630
4007
4315
3289
3630
4423
3377
3461
2944
3814
3132
4423
3727
2218
4210
3909
4210
4007
4423
4763
3630
4007
4883
3727
3727
4210
3457
3814
4007

2872
3721
3056
4107
3548
2165
2387
3909
2972
3342
3630
3909
3721
4107
4423
3371
3721
4534
3461
3548
3017
3909
3210
4534
3821
2273
4315
4007
4315
4107
4534
4883
3721
4107
5005
3821
3821
4315
3544
3909
4107

2944
3814
3132
4210
3637
2218
2445
4007
3047
3425
3721
4007
3814
4210
4534
3455
3814
4647
3548
3637
3093
4007
3291
4647
3916
2328
4423
4107
4423
4210
4647
5005
3814
4210
5130
3916
3916
4423
3632
4007
4210

3017
3909
3210
4315
3727
2273
2506
4107
3123
3511
3814
4107
3909
4315
4647
3542
3909
4763
3637
3727
3170
4107
3373
4763
4014
2387
4534
4210
4534
4315
4763
5130
3909
4315
5258
4014
4014
4534
3723
4107
4315

3093
4007
3291
4423
3821
2328
2567
4210
3201
3599
3909
4210
4007
4423
4763
3630
4007
4883
3727
3821
3249
4210
3457
4882
4114
2445
4647
4315
4647
4423
4883
5258
4007
4423
5389
4114
4114
4647
3816
4210
4423

3170
4107
3373
4534
3916
2387
2631
4315
3281
3688
4007
4315
4107
4534
4883
3721
4107
5005
3821
3916
3331
4315
3544
5005
4217
2506
4763
4423
4763
4534
5005
5389
4107
4534
5524
4217
4217
4763
3912
4315
4534

3249
4210
3457
4647
4014
2445
2696
4423
3363
3781
4107
4423
4210
4647
5005
3814
4210
5130
3916
4014
3414
4423
3632
5130
4323
2567
4883
4534
4883
4647
5130
5524
4210
4647
5662
4323
4323
4883
4009
4423
4647

3331
4315
3544
4763
4114
2506
2763
4534
3447
3875
4210
4534
4315
4763
5130
3909
4315
5258
4014
4114
3499
4534
3723
5258
4431
2631
5005
4647
5005
4763
5258
5662
4315
4763
5804
4431
4431
5005
4110
4534
4763

3414
4423
3632
4882
4217
2567
2830
4647
3533
3972
4315
4647
4423
4883
5258
4007
4423
5389
4114
4217
3587
4647
3816
5389
4542
2696
5130
4763
5130
4883
5389
5804
4423
4883
5949
4542
4542
5130
4212
4647
4882

3499
4534
3723
5005
4323
2631
2901
4763
3622
4071
4423
4763
4534
5005
5389
4107
4534
5524
4217
4323
3676
4763
3912
5524
4655
2763
5258
4882
5258
5005
5524
5949
4534
5005
6098
4655
4655
5258
4318
4763
5005

3587
4647
3816
5130
4431
2696
2972
4883
3712
4173
4534
4883
4647
5130
5524
4210
4647
5662
4323
4431
3768
4883
4009
5662
4772
2830
5389
5005
5389
5130
5662
6098
4647
5130
6250
4772
4772
5389
4426
4882
5130

3676
4763
3912
5258
4542
5005
3805
4278
4647
5005
4763
5258
5662
4315
4763
5804
4431
4542
3863
5005
4110
5804
4891
5524
5130
5524
5258
5804
6250
4763
5258
6406
4891
4891
5524
4536
5005
5258

PP0001LS
JUR
CDE PLN SQ#
01
01
01
02
13
16
17
20
22
24
02
01
01
13
02
02
01
03
11
12
13
20
21
12
02
01
01
02
03
01
01
02
02
03
06
03
01
01
11
02
02

AL
AL
AL
AF
AQ
AM
AV
AF
AO
AG
AF
AL
AL
AQ
AF
AF
AL
OR
AO
AM
AQ
AF
BM
AM
AF
AL
AL
AF
OR
AL
AL
AF
AF
OR
BK
OR
AL
AL
AO
AF
AF

CLASS
CODE

CLASSIFICATION TITLE

005 002491
TAG/TITLE/LICENSE SPEC II
005 002492
TAG/TITLE/LICENS SPEC III
005 002500
OFFICE MANAGER
004 002500
OFFICE MANAGER
000 002500
OFFICE MANAGER
000 002500
OFFICE MANAGER
000 002500
OFFICE MANAGER
004 002500
OFFICE MANAGER
000 002500
OFFICE MANAGER
000 002500
OFFICE MANAGER
004 002501
OFFICE MANAGER-CTY OF MOB
005 002502
OFFICE MGR-LEG DELEGATION
005 002510
ADMINISTRATIVE OFFICE MGR
000 002550
PROGRAM MANAGEMENT ANAL
004 002560
BUSINESS MANAGER-MUN CRT
004 002575
OPERATIONS MANAGER
005 002600
ADMIN ASST
000 002600
ADMIN ASST
000 002600
ADMIN ASST
000 002600 + ADMIN ASST
000 002600
ADMIN ASST
004 002600
ADMIN ASST
000 002600
ADMIN ASST
000 002610
PUB HLTH ADMIN SUPP SPEC
004 002612
REAL ESTATE RESEARCH SPEC
005 002617
LEGISLATIVE ASSISTANT
005 002618
LEGISLATIVE LIAISON
004 002625
MUN COURT OFFICER
000 002625
MUN COURT OFFICER
005 002635
ADMIN SERVICES MANAGER
005 002636
ADMIN SERVICES MGR-MCSOMJ
007 002645
CITY COUNCIL AIDE
004 002650
PENSIONS COORDINATOR
000 002700
SENIOR CITIZENS PROG DIR
000 002700
SENIOR CITIZENS PROG DIR
000 002760
PUB REL & GRANTS COORD
005 002799
DIR OF GRANTS MGMNT-MCSO
005 002800
DIR OF GRANTS MANAGEMENT
000 002801
DIR OF FINANCE - MAWSS
004 002803
DIR OF GRANTS MGMT- COM
004 002850
EXECUTIVE ASSISTANT

MOBILE CIVIL SERVICE AS OF 06/23/2026
PAGE
8
(RATES SHOWN IN WHOLE DOLLARS)
GRD/
A
B
C
D
E
F
G
H
I
J
K
L
M
N
O
P
Q
R
S
T
RNG
________________________________________________________________________________________________________________________
A
A.5
B
B.5
C
C.5
D
D.5
E
E.5
F
F.5
G
G.5
H
H.5
I
I.5
J
11.0
13.0
14.0
14.0
14.0
14.0
14.0
14.0
14.0
16.0
18.0
16.0
18.0
20.0
19.0
21.0
16.0
44.0
16.0
16.0
16.0
16.0
16.0
16.0
16.0
12.0
14.0
12.0
37.0
21.0
20.0
9.0
19.0
38.0
13.0
44.0
26.0
26.0
25.0
25.0
17.0

3455
3814
4007
3377
4007
3630
4423
3377
3814
3457
4114
4423
4882
5389
4323
5013
4423
2445
4210
4007
4423
3727
3249
4007
3727
3630
4007
3059
1738
5949
5389
2841
4323
1824
2760
2445
9748
9748
8406
7442
3916

3542 3630 3721 3814 3909 4007 4107 4210 4315 4423 4534 4647 4763 4882 5005 5130 5258 5389 5524
3909 4007 4107 4210 4315 4423 4534 4647 4763 4882 5005 5130 5258 5389 5524 5662 5804 5949 6098
4107 4210 4315 4423 4534 4647 4763 4882 5005 5130 5258 5389 5524 5662 5804 5949 6098 6250 6406
3461 3548 3637 3727 3821 3916 4014 4114 4217 4323 4431 4542 4655 4772 4891 5013 5139 5267 5399
4107 4210 4315 4423 4534 4647 4763 4883 5005 5130 5258 5389 5524 5662 5804 5949 6098 6250 6406
3721 3814 3909 4007 4107 4210 4315 4423 4534 4647 4763 4883 5005 5130 5258 5389 5524 5662 5804
4534 4647 4763 4883 5005 5130 5258 5389 5524 5662 5804 5949 6098 6250 6406 6567 6731 6899 7072
3461 3548 3637 3727 3821 3916 4014 4114 4217 4323 4431 4542 4655 4772 4891 5013 5139 5267 5399
3909 4007 4107 4210 4315 4423 4534 4647 4763 4883 5005 5130 5258 5389 5524 5662 5804 5949 6098
3544 3632 3723 3816 3912 4009 4110 4212 4318 4426 4536 4650 4766 4885 5007 5133 5261 5392 5527
4217 4323 4431 4542 4655 4772 4891 5013 5139 5267 5399 5534 5672 5814 5959 6108 6261 6417 6578
4534 4647 4763 4882 5005 5130 5258 5389 5524 5662 5804 5949 6098 6250 6406 6567 6731 6899 7071
5005 5130 5258 5389 5524 5662 5804 5949 6098 6250 6406 6567 6731 6899 7071 7248 7429 7615 7806
5524 5662 5804 5949 6098 6250 6406 6567 6731 6899 7072 7248 7430 7615 7806 8001 8201 8406 8616
4431 4542 4655 4772 4891 5013 5139 5267 5399 5534 5672 5814 5959 6108 6261 6417 6578 6742 6911
5139 5267 5399 5534 5672 5814 5959 6108 6261 6417 6578 6742 6911 7084 7261 7442 7628 7819 8015
4534 4647 4763 4882 5005 5130 5258 5389 5524 5662 5804 5949 6098 6250 6406 6567 6731 6899 7071
2506 2567 2631 2696 2763 2830 2901 2972 3046 3120 3198 3276 3358 3440 3526 3612 3703 3793
4315 4423 4534 4647 4763 4883 5005 5130 5258 5389 5524 5662 5804 5949 6098 6250 6406 6567 6731
4107 4210 4315 4423 4534 4647 4763 4883 5005 5130 5258 5389 5524 5662 5804 5949 6098 6250 6406
4534 4647 4763 4883 5005 5130 5258 5389 5524 5662 5804 5949 6098 6250 6406 6567 6731 6899 7072
3821 3916 4014 4114 4217 4323 4431 4542 4655 4772 4891 5013 5139 5267 5399 5534 5672 5814 5959
3331 3414 3499 3587 3676 3768 3863 3959 4058 4160 4264 4370 4479 4591 4706 4824 4945 5068 5195
4107 4210 4315 4423 4534 4647 4763 4883 5005 5130 5258 5389 5524 5662 5804 5949 6098 6250 6406
3821 3916 4014 4114 4217 4323 4431 4542 4655 4772 4891 5013 5139 5267 5399 5534 5672 5814 5959
3721 3814 3909 4007 4107 4210 4315 4423 4534 4647 4763 4882 5005 5130 5258 5389 5524 5662 5804
4107 4210 4315 4423 4534 4647 4763 4882 5005 5130 5258 5389 5524 5662 5804 5949 6098 6250 6406
3136 3214 3294 3377 3461 3548 3637 3727 3821 3916 4014 4114 4217 4323 4431 4542 4655 4772 4891
1781 1824 1870 1916 1964 2011 2062 2112 2165 2218 2273 2328 2387 2445 2506 2567 2631 2696
6098 6250 6406 6567 6731 6899 7071 7248 7429 7615 7806 8001 8201 8406 8616 8831 9052 9279 9511
5524 5662 5804 5949 6098 6250 6406 6567 6731 6899 7071 7248 7429 7615 7806 8001 8201 8406 8616
2912 2985 3059 3136 3214 3294 3377 3461 3548 3637 3727 3821 3916 4014 4114 4217 4323 4431 4542
4431 4542 4655 4772 4891 5013 5139 5267 5399 5534 5672 5814 5959 6108 6261 6417 6578 6742 6911
1870 1916 1964 2011 2062 2112 2165 2218 2273 2328 2387 2445 2506 2567 2631 2696 2763 2830
2829 2900 2972 3047 3123 3201 3281 3363 3447 3533 3622 3712 3805 3900 3998 4098 4200 4305 4413
2506 2567 2631 2696 2763 2830 2901 2972 3046 3120 3198 3276 3358 3440 3526 3612 3703 3793
9992 10242 10498 10760 11029 11305 11588 11877 12174 12479 12791 13111 13438 13774 14119 14472 14833 15204 15584
9992 10242 10498 10760 11029 11305 11588 11877 12174 12479 12791 13111 13438 13774 14119 14472 14833 15204 15584
8616 8832 9052 9279 9511 9748 9992 10242 10498 10761 11030 11305 11588 11878 12175 12479 12791 13111 13439
7628 7819 8015 8215 8420 8631 8847 9068 9295 9527 9765 10009 10260 10516 10779 11048 11325 11608 11898
4014 4114 4217 4323 4431 4542 4655 4772 4891 5013 5139 5267 5399 5534 5672 5814 5959 6108 6261

PP0001LS
JUR
CDE PLN SQ#
05
09
15
13
15
01
01
01
01
02
01
01
01
01
01
02
01
01
01
01
01
01
01
01

AO
AL
AI
AQ
AI
AL
AL
AL
AL
AF
AL
AL
AL
AL
AL
AF
AL
AL
AL
AL
AL
AL
AL
AL

CLASS
CODE

000 002850
000 002850
000 002850
000 002851
000 002855
005 002856
005 002863
005 002864
005 002865
004 002867
005 002869
005 002870
005 002871
005 002880
005 002885
004 002886
005 002890
005 002900
005 002950
005 002964
005 002975
005 002980
005 002982
005 002984

CLASSIFICATION TITLE

MOBILE CIVIL SERVICE AS OF 06/23/2026
PAGE
9
(RATES SHOWN IN WHOLE DOLLARS)
GRD/
A
B
C
D
E
F
G
H
I
J
K
L
M
N
O
P
Q
R
S
T
RNG
________________________________________________________________________________________________________________________
A
A.5
B
B.5
C
C.5
D
D.5
E
E.5
F
F.5
G
G.5
H
H.5
I
I.5
J

EXECUTIVE ASSISTANT
EXECUTIVE ASSISTANT
EXECUTIVE ASSISTANT
EXECUTIVE ASSISTANT- MHA
EXECUTIVE COORDINATOR
EXECUTIVE COORDINATR-MCSO
DIGITAL CONTENT MANAGER
MULTIMEDIA MANAGER
MGR OF PUB AFFRS/COMM SVS
PUB RELATIONS OFF- MUSEUM
RECORDS & INFORMATION MGR
DIR PUB AFFAIR&COMM SERV
DEP DIR PUB AFFR/COMM SVS
DIR OF SUPPORT SERVICES
DIR OF PUBLIC SERVICES
DEP DIR OF PUBLIC SERVICE
DIR MARKETNG/ECONOMIC DEV
DEP COUNTY ADMINISTRATOR
COUNTY ADMINISTRATOR
ADMIN-REVENUE COMMISSION
DEP REVENUE COMMISSIONER
DEP LICENSE COMMISSIONER
CHIEF CLERK- OPERATIONS
ASST CHIEF CLERK-LIC COMM

17.0 4423 4534 4647 4763 4883 5005 5130 5258 5389 5524 5662 5804 5949 6098 6250 6406 6567 6731 6899 7072
19.0 4534 4647 4763 4882 5005 5130 5258 5389 5524 5662 5804 5949 6098 6250 6406 6567 6731 6899 7071 7248
18.0 4007 4107 4210 4315 4423 4534 4647 4763 4882 5004 5130 5258 5389 5524 5662 5804 5949 6097 6250 6406
19.0 5130 5258 5389 5524 5662 5804 5949 6098 6250 6406 6567 6731 6899 7072 7248 7430 7615 7806 8001 8201
18.0 4007 4107 4210 4315 4423 4534 4647 4763 4882 5004 5130 5258 5389 5524 5662 5804 5949 6097 6250 6406
20.0 5389 5524 5662 5804 5949 6098 6250 6406 6567 6731 6899 7071 7248 7429 7615 7806 8001 8201 8406 8616
21.0 5949 6098 6250 6406 6567 6731 6899 7071 7248 7429 7615 7806 8001 8201 8406 8616 8831 9052 9279 9511
21.0 5949 6098 6250 6406 6567 6731 6899 7071 7248 7429 7615 7806 8001 8201 8406 8616 8831 9052 9279 9511
21.0 5949 6098 6250 6406 6567 6731 6899 7071 7248 7429 7615 7806 8001 8201 8406 8616 8831 9052 9279 9511
18.0 4114 4217 4323 4431 4542 4655 4772 4891 5013 5139 5267 5399 5534 5672 5814 5959 6108 6261 6417 6578
19.0 5130 5258 5389 5524 5662 5804 5949 6098 6250 6406 6567 6731 6899 7071 7248 7429 7615 7806 8001 8201
25.0 8831 9052 9279 9511 9748 9992 10242 10498 10760 11029 11305 11588 11877 12174 12479 12791 13111 13438 13774 14119
23.0 7248 7429 7615 7806 8001 8201 8406 8616 8831 9052 9279 9511 9748 9992 10242 10498 10760 11029 11305 11588
24.0 8001 8201 8406 8616 8831 9052 9279 9511 9748 9992 10242 10498 10760 11029 11305 11588 11877 12174 12479 12791
25.0 8831 9052 9279 9511 9748 9992 10242 10498 10760 11029 11305 11588 11877 12174 12479 12791 13111 13438 13774 14119
24.0 6742 6911 7084 7261 7442 7628 7819 8015 8215 8420 8631 8847 9068 9295 9527 9765 10009 10260 10516 10779
25.0 8831 9052 9279 9511 9748 9992 10242 10498 10760 11029 11305 11588 11877 12174 12479 12791 13111 13438 13774 14119
30.0 14472 14833 15204 15584 15974 16373 16783 17202 17632 18073 18525 18988 19463 19949 20448 20959 21483 22021 22571 23135
31.0 15974 16373 16783 17202 17632 18073 18525 18988 19463 19949 20448 20959 21483 22021 22571 23135 23714 24307 24914 25537
24.0 8001 8201 8406 8616 8831 9052 9279 9511 9748 9992 10242 10498 10760 11029 11305 11588 11877 12174 12479 12791
24.0 8001 8201 8406 8616 8831 9052 9279 9511 9748 9992 10242 10498 10760 11029 11305 11588 11877 12174 12479 12791
26.0 9748 9992 10242 10498 10760 11029 11305 11588 11877 12174 12479 12791 13111 13438 13774 14119 14472 14833 15204 15584
23.0 7248 7429 7615 7806 8001 8201 8406 8616 8831 9052 9279 9511 9748 9992 10242 10498 10760 11029 11305 11588
16.0 4423 4534 4647 4763 4882 5005 5130 5258 5389 5524 5662 5804 5949 6098 6250 6406 6567 6731 6899 7071

DATA PROCESSING
01
02
11
12
01
11
12
01
01
02
01
02
13
15

AL
AF
AO
AM
AL
AO
AM
AL
AL
AF
AL
AF
AQ
AI

005 003120
USER SUPPORT TECH I
004 003120
USER SUPPORT TECH I
000 003120
USER SUPPORT TECH I
000 003120
USER SUPPORT TECH I
005 003125
USER SUPPORT TECH II
000 003125
USER SUPPORT TECH II
000 003125
USER SUPPORT TECH II
005 003130
COMMUNICATIONS DB/N TECH
005 003140
TELECOMM SYSTEMS COORD
004 003141
VOICE/DATA TECHNICIAN
005 003160
COMP SUPPORT COORD
004 003160 + COMP SUPPORT COORD
000 003160
COMP SUPPORT COORD
000 003160
COMP SUPPORT COORD

13.0
13.0
13.0
13.0
14.0
14.0
14.0
12.0
14.0
20.0
15.0
14.0
14.0
15.0

3814
3214
3630
3455
4007
3814
3630
3630
4007
4542
4210
3377
4007
3455

3909
3294
3721
3542
4107
3909
3721
3721
4107
4655
4315
3461
4107
3542

4007
3377
3814
3630
4210
4007
3814
3814
4210
4772
4423
3548
4210
3630

4107
3461
3909
3721
4315
4107
3909
3909
4315
4891
4534
3637
4315
3721

4210
3548
4007
3814
4423
4210
4007
4007
4423
5013
4647
3727
4423
3814

4315
3637
4107
3909
4534
4315
4107
4107
4534
5139
4763
3821
4534
3909

4423
3727
4210
4007
4647
4423
4210
4210
4647
5267
4882
3916
4647
4007

4534
3821
4315
4107
4763
4534
4315
4315
4763
5399
5005
4014
4763
4107

4647
3916
4423
4210
4882
4647
4423
4423
4882
5534
5130
4114
4883
4210

4763
4014
4534
4315
5005
4763
4534
4534
5005
5672
5258
4217
5005
4315

4882
4114
4647
4423
5130
4883
4647
4647
5130
5814
5389
4323
5130
4423

5005
4217
4763
4534
5258
5005
4763
4763
5258
5959
5524
4431
5258
4534

5130
4323
4883
4647
5389
5130
4883
4882
5389
6108
5662
4542
5389
4647

5258
4431
5005
4763
5524
5258
5005
5005
5524
6261
5804
4655
5524
4763

5389
4542
5130
4883
5662
5389
5130
5130
5662
6417
5949
4772
5662
4882

5524
4655
5258
5005
5804
5524
5258
5258
5804
6578
6098
4891
5804
5004

5662
4772
5389
5130
5949
5662
5389
5389
5949
6742
6250
5013
5949
5130

5804
4891
5524
5258
6098
5804
5524
5524
6098
6911
6406
5139
6098
5258

5949
5013
5662
5389
6250
5949
5662
5662
6250
7084
6567
5267
6250
5389

6098
5139
5804
5524
6406
6098
5804
5804
6406
7261
6731
5399
6406
5524

PP0001LS
JUR
CDE PLN SQ#
13
01
11
01
02
13
02
12
02
11
01
11
12
13
15
16
20
03
11
11
01
01
03
11
12
14
15
16
01
11
12
13
15
16
20
01
02
12
20
01
12

AQ
AL
AO
AL
AF
AQ
AF
AM
AF
AO
AL
AO
AM
AQ
AI
AM
AF
OR
AO
AO
AL
AL
OR
AO
AM
AT
AI
AM
AL
AO
AM
AQ
AI
AM
AF
AL
AF
AM
AF
AL
AM

CLASS
CODE

CLASSIFICATION TITLE

000 003161
SOFTWARE SPECIALIST- MHA
005 003165
USER SUPPORT COORD
000 003165
USER SUPPORT COORD
005 003171 + TECHNICAL SUPPORT ASSIST
004 003175
HELP DESK COORDINATOR
000 003175
HELP DESK COORDINATOR
004 003176
HELP DESK MANAGER
000 003176
HELP DESK MANAGER
004 003180 + INFORMATION SYS PROJ MGR
000 003180
INFORMATION SYS PROJ MGR
005 003200
COMPUTER TECHNICIAN
000 003200 + COMPUTER TECHNICIAN
000 003200
COMPUTER TECHNICIAN
000 003200
COMPUTER TECHNICIAN
000 003200
COMPUTER TECHNICIAN
000 003200
COMPUTER TECHNICIAN
004 003200
COMPUTER TECHNICIAN
000 003250
COMPUTER OPERATOR II
000 003287
ASSET MGMNT SYSTEMS MGR
000 003289
MAINTENANCE MGNT SYS CORD
005 003290
PROGRAMMER/ANAL TRAINEE
005 003300
PROGRAMMER ANALYST I
000 003300
PROGRAMMER ANALYST I
000 003300
PROGRAMMER ANALYST I
000 003300
PROGRAMMER ANALYST I
000 003300 + PROGRAMMER ANALYST I
000 003300
PROGRAMMER ANALYST I
000 003300 + PROGRAMMER ANALYST I
005 003350
PROGRAMMER ANALYST II
000 003350
PROGRAMMER ANALYST II
000 003350
PROGRAMMER ANALYST II
000 003350
PROGRAMMER ANALYST II
000 003350
PROGRAMMER ANALYST II
000 003350 + PROGRAMMER ANALYST II
004 003350
PROGRAMMER ANALYST II
005 003355
DATABASE ANALYST I
004 003355
DATABASE ANALYST I
000 003355
DATABASE ANALYST I
004 003355
DATABASE ANALYST I
005 003358
DATABASE ANALYST II
000 003358
DATABASE ANALYST II

MOBILE CIVIL SERVICE AS OF 06/23/2026
PAGE
10
(RATES SHOWN IN WHOLE DOLLARS)
GRD/
A
B
C
D
E
F
G
H
I
J
K
L
M
N
O
P
Q
R
S
T
RNG
________________________________________________________________________________________________________________________
A
A.5
B
B.5
C
C.5
D
D.5
E
E.5
F
F.5
G
G.5
H
H.5
I
I.5
J
20.0
16.0
16.0
19.0
17.0
15.0
22.0
18.0
22.0
21.0
12.0
12.0
12.0
12.0
12.0
12.0
12.0
35.0
20.0
17.0
10.0
17.0
44.0
17.0
17.0
17.0
19.0
17.0
19.0
19.0
19.0
19.0
20.0
19.0
19.0
17.0
17.0
17.0
17.0
20.0
19.0

5389
4423
4210
5130
3916
4210
5534
4423
5534
5662
3630
3455
3289
3630
2979
3289
3059
1576
5130
4423
3289
4647
2445
4423
4210
5005
4210
4210
5130
4883
4647
5130
4423
4647
4323
4647
3916
4210
3916
5389
4647

5524
4534
4315
5258
4014
4315
5672
4534
5672
5804
3721
3542
3371
3721
3054
3371
3136
1615
5258
4534
3371
4763
2506
4534
4315
5130
4315
4315
5258
5005
4763
5258
4534
4763
4431
4763
4014
4315
4014
5524
4763

5662
4647
4423
5389
4114
4423
5814
4647
5814
5949
3814
3630
3455
3814
3130
3455
3214
1655
5389
4647
3455
4882
2567
4647
4423
5258
4423
4423
5389
5130
4883
5389
4647
4883
4542
4882
4114
4423
4114
5662
4883

5804
4763
4534
5524
4217
4534
5959
4763
5959
6098
3909
3721
3542
3909
3208
3542
3294
1696
5524
4763
3542
5005
2631
4763
4534
5389
4534
4534
5524
5258
5005
5524
4763
5005
4655
5005
4217
4534
4217
5804
5005

5949
4882
4647
5662
4323
4647
6108
4883
6108
6250
4007
3814
3630
4007
3289
3630
3377
1738
5662
4883
3630
5130
2696
4883
4647
5524
4647
4647
5662
5389
5130
5662
4882
5130
4772
5130
4323
4647
4323
5949
5130

6098
5005
4763
5804
4431
4763
6261
5005
6261
6406
4107
3909
3721
4107
3371
3721
3461
1781
5804
5005
3721
5258
2763
5005
4763
5662
4763
4763
5804
5524
5258
5804
5004
5258
4891
5258
4431
4763
4431
6098
5258

6250
5130
4883
5949
4542
4883
6417
5130
6417
6567
4210
4007
3814
4210
3455
3814
3548
1824
5949
5130
3814
5389
2830
5130
4883
5804
4882
4883
5949
5662
5389
5949
5130
5389
5013
5389
4542
4883
4542
6250
5389

6406
5258
5005
6098
4655
5005
6578
5258
6578
6731
4315
4107
3909
4315
3542
3909
3637
1870
6098
5258
3909
5524
2901
5258
5005
5949
5004
5005
6098
5804
5524
6098
5258
5524
5139
5524
4655
5005
4655
6406
5524

6567
5389
5130
6250
4772
5130
6742
5389
6742
6899
4423
4210
4007
4423
3630
4007
3727
1916
6250
5389
4007
5662
2972
5389
5130
6098
5130
5130
6250
5949
5662
6250
5389
5662
5267
5662
4772
5130
4772
6567
5662

6731
5524
5258
6406
4891
5258
6911
5524
6911
7072
4534
4315
4107
4534
3721
4107
3821
1964
6406
5524
4107
5804
3046
5524
5258
6250
5258
5258
6406
6098
5804
6406
5524
5804
5399
5804
4891
5258
4891
6731
5804

6899
5662
5389
6567
5013
5389
7084
5662
7084
7248
4647
4423
4210
4647
3814
4210
3916
2011
6567
5662
4210
5949
3120
5662
5389
6406
5389
5389
6567
6250
5949
6567
5662
5949
5534
5949
5013
5389
5013
6899
5949

7072
5804
5524
6731
5139
5524
7261
5804
7261
7430
4763
4534
4315
4763
3909
4315
4014
2062
6731
5804
4315
6098
3198
5804
5524
6567
5524
5524
6731
6406
6098
6731
5804
6098
5672
6098
5139
5524
5139
7071
6098

7248
5949
5662
6899
5267
5662
7442
5949
7442
7615
4882
4647
4423
4883
4007
4423
4114
2112
6899
5949
4423
6250
3276
5949
5662
6731
5662
5662
6899
6567
6250
6899
5949
6250
5814
6250
5267
5662
5267
7248
6250

7430
6098
5804
7071
5399
5804
7628
6098
7628
7806
5005
4763
4534
5005
4107
4534
4217
2165
7072
6098
4534
6406
3358
6098
5804
6899
5804
5804
7071
6731
6406
7072
6097
6406
5959
6406
5399
5804
5399
7429
6406

7615
6250
5949
7248
5534
5949
7819
6250
7819
8001
5130
4883
4647
5130
4210
4647
4323
2218
7248
6250
4647
6567
3440
6250
5949
7072
5949
5949
7248
6899
6567
7248
6250
6567
6108
6567
5534
5949
5534
7615
6567

7806
6406
6098
7429
5672
6098
8015
6406
8015
8201
5258
5005
4763
5258
4315
4763
4431
2273
7430
6406
4763
6731
3526
6406
6098
7248
6097
6098
7429
7072
6731
7430
6406
6731
6261
6731
5672
6098
5672
7806
6731

8001
6567
6250
7615
5814
6250
8215
6567
8215
8406
5389
5130
4883
5389
4423
4883
4542
2328
7615
6567
4882
6899
3612
6567
6250
7430
6250
6250
7615
7248
6899
7615
6566
6899
6417
6899
5814
6250
5814
8001
6899

8201
6731
6406
7806
5959
6406
8420
6731
8420
8616
5524
5258
5005
5524
4534
5005
4655
2387
7806
6731
5005
7071
3703
6731
6406
7615
6406
6406
7806
7430
7072
7806
6731
7072
6578
7071
5959
6406
5959
8201
7072

8406
6899
6567
8001
6108
6567
8631
6899
8631
8832
5662
5389
5130
5662
4647
5130
4772
2445
8001
6899
5130
7248
3793
6899
6567
7806
6566
6567
8001
7615
7248
8001
6899
7248
6742
7248
6108
6567
6108
8406
7248

8616
7071
6731
8201
6261
6731
8847
7072
8847
9052
5804
5524
5258
5804
4763
5258
4891
8201
7072
5258
7429
7072
6731
8001
6731
6731
8201
7806
7430
8201
7071
7430
6911
7429
6261
6731
6261
8616
7430

PP0001LS
JUR
CDE PLN SQ#
20
01
01
02
01
03
05
11
12
13
01
11
12
01
02
02
11
12
13
01
02
12
01
02
11
01
01
02
01
02
13
05
01
02
11
01
11
01
02
11
01

AF
AL
AL
AF
AL
OR
AO
AO
AM
AQ
AL
AO
AM
AL
AF
AF
AO
AM
AQ
AL
AF
AM
AL
AF
AO
AL
AL
AF
AL
AF
AQ
AO
AL
AF
AO
AL
AO
AL
AF
AO
AL

CLASS
CODE

CLASSIFICATION TITLE

004 003358
DATABASE ANALYST II
005 003359
DATABASE ANALYST III
005 003371
INFO TECH BUS PROC ANALYS
004 003371
INFO TECH BUS PROC ANALYS
005 003372
SYSTEM SUPP SPECIALIST I
000 003372
SYSTEM SUPP SPECIALIST I
000 003372
SYSTEM SUPP SPECIALIST I
000 003372
SYSTEM SUPP SPECIALIST I
000 003372
SYSTEM SUPP SPECIALIST I
000 003372
SYSTEM SUPP SPECIALIST I
005 003373
IT DOCUMENT MGR/TECH WRTR
000 003375
SYSTEM SUPP SPECIALIST II
000 003375
SYSTEM SUPP SPECIALIST II
005 003381
NETWORK SECURITY MANAGER
004 003381
NETWORK SECURITY MANAGER
004 003382
NETWORK COORDINATOR
000 003382
NETWORK COORDINATOR
000 003382
NETWORK COORDINATOR
000 003382
NETWORK COORDINATOR
005 003383
NETWORK SECURITY ANALYST
004 003383
NETWORK SECURITY ANALYST
000 003383
NETWORK SECURITY ANALYST
005 003384
NETWORK SPECIALIST I
004 003384
NETWORK SPECIALIST I
000 003384
NETWORK SPECIALIST I
005 003385 + SHERIFFS NETWORK ADMIN
005 003386
NETWORK SPECIALIST II
004 003386
NETWORK SPECIALIST II
005 003387
NETWRK/TECHNICAL SERV MGR
004 003387 + NETWRK/TECHNICAL SERV MGR
000 003388
NETWORK/WEBSITE ANALYST
000 003389
NETWRK/TECH SERV MGR-SARA
005 003390
GIS TECHNICIAN I
004 003390
GIS TECHNICIAN I
000 003390
GIS TECHNICIAN I
005 003392
GIS TECHNICIAN II
000 003392
GIS TECHNICIAN II
005 003394
GIS ANALYST I
004 003394
GIS ANALYST I
000 003394
GIS ANALYST I
005 003396
GIS ANALYST II

MOBILE CIVIL SERVICE AS OF 06/23/2026
PAGE
11
(RATES SHOWN IN WHOLE DOLLARS)
GRD/
A
B
C
D
E
F
G
H
I
J
K
L
M
N
O
P
Q
R
S
T
RNG
________________________________________________________________________________________________________________________
A
A.5
B
B.5
C
C.5
D
D.5
E
E.5
F
F.5
G
G.5
H
H.5
I
I.5
J
19.0
21.0
22.0
22.0
20.0
46.0
18.0
18.0
18.0
18.0
21.0
20.0
20.0
22.0
23.0
21.0
19.0
19.0
19.0
21.0
21.0
21.0
20.0
19.0
19.0
20.0
21.0
21.0
22.0
22.0
20.0
21.0
14.0
14.0
14.0
16.0
16.0
18.0
18.0
18.0
21.0

4323
5949
6567
5534
5389
2696
4647
4647
4423
4883
5949
5130
4883
6567
6108
5013
4883
4647
5130
5949
5013
5389
5389
4323
4883
5389
5949
5013
6567
5534
5389
5662
4007
3377
3814
4423
4210
4882
4114
4647
5949

4431
6098
6731
5672
5524
2763
4763
4763
4534
5005
6098
5258
5005
6731
6261
5139
5005
4763
5258
6098
5139
5524
5524
4431
5005
5524
6098
5139
6731
5672
5524
5804
4107
3461
3909
4534
4315
5005
4217
4763
6098

4542
6250
6899
5814
5662
2830
4883
4883
4647
5130
6250
5389
5130
6899
6417
5267
5130
4883
5389
6250
5267
5662
5662
4542
5130
5662
6250
5267
6899
5814
5662
5949
4210
3548
4007
4647
4423
5130
4323
4883
6250

4655
6406
7071
5959
5804
2901
5005
5005
4763
5258
6406
5524
5258
7071
6578
5399
5258
5005
5524
6406
5399
5804
5804
4655
5258
5804
6406
5399
7071
5959
5804
6098
4315
3637
4107
4763
4534
5258
4431
5005
6406

4772
6567
7248
6108
5949
2972
5130
5130
4883
5389
6567
5662
5389
7248
6742
5534
5389
5130
5662
6567
5534
5949
5949
4772
5389
5949
6567
5534
7248
6108
5949
6250
4423
3727
4210
4882
4647
5389
4542
5130
6567

4891
6731
7429
6261
6098
3046
5258
5258
5005
5524
6731
5804
5524
7429
6911
5672
5524
5258
5804
6731
5672
6098
6098
4891
5524
6098
6731
5672
7429
6261
6098
6406
4534
3821
4315
5005
4763
5524
4655
5258
6731

5013
6899
7615
6417
6250
3120
5389
5389
5130
5662
6899
5949
5662
7615
7084
5814
5662
5389
5949
6899
5814
6250
6250
5013
5662
6250
6899
5814
7615
6417
6250
6567
4647
3916
4423
5130
4883
5662
4772
5389
6899

5139
7071
7806
6578
6406
3198
5524
5524
5258
5804
7071
6098
5804
7806
7261
5959
5804
5524
6098
7071
5959
6406
6406
5139
5804
6406
7071
5959
7806
6578
6406
6731
4763
4014
4534
5258
5005
5804
4891
5524
7071

5267
7248
8001
6742
6567
3276
5662
5662
5389
5949
7248
6250
5949
8001
7442
6108
5949
5662
6250
7248
6108
6567
6567
5267
5949
6567
7248
6108
8001
6742
6567
6899
4882
4114
4647
5389
5130
5949
5013
5662
7248

5399
7429
8201
6911
6731
3358
5804
5804
5524
6098
7429
6406
6098
8201
7628
6261
6098
5804
6406
7429
6261
6731
6731
5399
6098
6731
7429
6261
8201
6911
6731
7072
5005
4217
4763
5524
5258
6098
5139
5804
7429

5534
7615
8406
7084
6899
3440
5949
5949
5662
6250
7615
6567
6250
8406
7819
6417
6250
5949
6567
7615
6417
6899
6899
5534
6250
6899
7615
6417
8406
7084
6899
7248
5130
4323
4883
5662
5389
6250
5267
5949
7615

5672
7806
8616
7261
7071
3526
6098
6098
5804
6406
7806
6731
6406
8616
8015
6578
6406
6098
6731
7806
6578
7072
7071
5672
6406
7071
7806
6578
8616
7261
7072
7430
5258
4431
5005
5804
5524
6406
5399
6098
7806

5814
8001
8831
7442
7248
3612
6250
6250
5949
6567
8001
6899
6567
8831
8215
6742
6567
6250
6899
8001
6742
7248
7248
5814
6567
7248
8001
6742
8831
7442
7248
7615
5389
4542
5130
5949
5662
6567
5534
6250
8001

5959
8201
9052
7628
7429
3703
6406
6406
6098
6731
8201
7072
6731
9052
8420
6911
6731
6406
7072
8201
6911
7430
7429
5959
6731
7429
8201
6911
9052
7628
7430
7806
5524
4655
5258
6098
5804
6731
5672
6406
8201

6108
8406
9279
7819
7615
3793
6567
6567
6250
6899
8406
7248
6899
9279
8631
7084
6899
6567
7248
8406
7084
7615
7615
6108
6899
7615
8406
7084
9279
7819
7615
8001
5662
4772
5389
6250
5949
6899
5814
6567
8406

6261
8616
9511
8015
7806
3888
6731
6731
6406
7072
8616
7430
7072
9511
8847
7261
7072
6731
7430
8616
7261
7806
7806
6261
7072
7806
8616
7261
9511
8015
7806
8201
5804
4891
5524
6406
6098
7071
5959
6731
8616

6417
8831
9748
8215
8001
3982
6899
6899
6567
7248
8831
7615
7248
9748
9068
7442
7248
6899
7615
8831
7442
8001
8001
6417
7248
8001
8831
7442
9748
8215
8001
8406
5949
5013
5662
6567
6250
7248
6108
6899
8831

6578 6742 6911
9052 9279 9511
9992 10242 10498
8420 8631 8847
8201 8406 8616
4082 4182
7072 7248 7430
7072 7248 7430
6731 6899 7072
7430 7615 7806
9052 9279 9511
7806 8001 8201
7430 7615 7806
9992 10242 10498
9295 9527 9765
7628 7819 8015
7430 7615 7806
7072 7248 7430
7806 8001 8201
9052 9279 9511
7628 7819 8015
8201 8406 8616
8201 8406 8616
6578 6742 6911
7430 7615 7806
8201 8406 8616
9052 9279 9511
7628 7819 8015
9992 10242 10498
8420 8631 8847
8201 8406 8616
8616 8832 9052
6098 6250 6406
5139 5267 5399
5804 5949 6098
6731 6899 7071
6406 6567 6731
7429 7615 7806
6261 6417 6578
7072 7248 7430
9052 9279 9511

PP0001LS
JUR
CDE PLN SQ#
02
11
01
02
01
02
11
01
02
01
11
12
13
15
01
11
12
02
02
11
01
01
02
12
02
01
11
20
01
13
01
02
01
02
11
12
01
02
01
02

AF
AO
AL
AF
AL
AF
AO
AL
AF
AL
AO
AM
AQ
AI
AL
AO
AM
AF
AF
AO
AL
AL
AF
AM
AF
AL
AO
AF
AL
AQ
AL
AF
AL
AF
AO
AM
AL
AF
AL
AF

CLASS
CODE

CLASSIFICATION TITLE

004 003396
GIS ANALYST II
000 003396
GIS ANALYST II
005 003397
GIS ANALYST III
004 003397
GIS ANALYST III
005 003398
GIS MANAGER
004 003398
GIS MANAGER
000 003398
GIS MANAGER
005 003399
GEOGRAPHIC INFO SYS ADMIN
004 003399
GEOGRAPHIC INFO SYS ADMIN
005 003400
INFORMATION SYSTEMS MGR
000 003400
INFORMATION SYSTEMS MGR
000 003400
INFORMATION SYSTEMS MGR
000 003400
INFORMATION SYSTEMS MGR
000 003400
INFORMATION SYSTEMS MGR
005 003415
INFORMATION SYSTEMS ADMIN
000 003415
INFORMATION SYSTEMS ADMIN
000 003416
DATABASE ADMINISTRTR-MCHD
004 003417
DATA CENTER ADMINISTRATOR
004 003418
DATABASE ADMINISTRATOR
000 003418
DATABASE ADMINISTRATOR
005 003419
SHERIFFS DATABASE SYS INV
005 003420
MANAGER-SYSTEMS & PROG
004 003421
DATA SYSTEMS ADMINISTRATR
000 003421
DATA SYSTEMS ADMINISTRATR
004 003422
DATA SYSTEMS COORDINATOR
005 003430
COMP SYSTEMS MANAGER
000 003430
COMP SYSTEMS MANAGER
004 003430
COMP SYSTEMS MANAGER
005 003432
SHERIFFS INFO TECH MGR
000 003457
CHIEF INFORMATION OFF-MHA
005 003458
CHIEF INFO SYS & TECH OFF
004 003459
CHIEF TECHNOLOGY OFFICER
005 003460
INFORMATION TECH DIRECTOR
004 003460
INFORMATION TECH DIRECTOR
000 003460
INFORMATION TECH DIRECTOR
000 003460
INFORMATION TECH DIRECTOR
005 003461
INFORMATION TECH DEP DIR
004 003461
INFORMATION TECH DEP DIR
005 003462 + INFO TECH DEP DIR - GIS
004 003462
INFO TECH DEP DIR - GIS

MOBILE CIVIL SERVICE AS OF 06/23/2026
PAGE
12
(RATES SHOWN IN WHOLE DOLLARS)
GRD/
A
B
C
D
E
F
G
H
I
J
K
L
M
N
O
P
Q
R
S
T
RNG
________________________________________________________________________________________________________________________
A
A.5
B
B.5
C
C.5
D
D.5
E
E.5
F
F.5
G
G.5
H
H.5
I
I.5
J
21.0 5013 5139 5267 5399 5534 5672 5814 5959 6108 6261 6417 6578 6742 6911 7084 7261 7442 7628 7819 8015
20.0 5130 5258 5389 5524 5662 5804 5949 6098 6250 6406 6567 6731 6899 7072 7248 7430 7615 7806 8001 8201
22.0 6567 6731 6899 7071 7248 7429 7615 7806 8001 8201 8406 8616 8831 9052 9279 9511 9748 9992 10242 10498
22.0 5534 5672 5814 5959 6108 6261 6417 6578 6742 6911 7084 7261 7442 7628 7819 8015 8215 8420 8631 8847
23.0 7248 7429 7615 7806 8001 8201 8406 8616 8831 9052 9279 9511 9748 9992 10242 10498 10760 11029 11305 11588
22.0 5534 5672 5814 5959 6108 6261 6417 6578 6742 6911 7084 7261 7442 7628 7819 8015 8215 8420 8631 8847
22.0 6250 6406 6567 6731 6899 7072 7248 7430 7615 7806 8001 8201 8406 8616 8832 9052 9279 9511 9748 9992
22.0 6567 6731 6899 7071 7248 7429 7615 7806 8001 8201 8406 8616 8831 9052 9279 9511 9748 9992 10242 10498
22.0 5534 5672 5814 5959 6108 6261 6417 6578 6742 6911 7084 7261 7442 7628 7819 8015 8215 8420 8631 8847
21.0 5949 6098 6250 6406 6567 6731 6899 7071 7248 7429 7615 7806 8001 8201 8406 8616 8831 9052 9279 9511
23.0 6899 7072 7248 7430 7615 7806 8001 8201 8406 8616 8832 9052 9279 9511 9748 9992 10242 10498 10761 11030
23.0 6567 6731 6899 7072 7248 7430 7615 7806 8001 8201 8406 8616 8832 9052 9279 9511 9748 9992 10242 10498
21.0 5949 6098 6250 6406 6567 6731 6899 7072 7248 7430 7615 7806 8001 8201 8406 8616 8832 9052 9279 9511
22.0 5389 5524 5662 5804 5949 6097 6250 6406 6566 6731 6899 7071 7248 7429 7615 7805 8001 8201 8406 8616
20.0 5389 5524 5662 5804 5949 6098 6250 6406 6567 6731 6899 7071 7248 7429 7615 7806 8001 8201 8406 8616
20.0 5130 5258 5389 5524 5662 5804 5949 6098 6250 6406 6567 6731 6899 7072 7248 7430 7615 7806 8001 8201
21.0 5389 5524 5662 5804 5949 6098 6250 6406 6567 6731 6899 7072 7248 7430 7615 7806 8001 8201 8406 8616
22.0 5534 5672 5814 5959 6108 6261 6417 6578 6742 6911 7084 7261 7442 7628 7819 8015 8215 8420 8631 8847
22.0 5534 5672 5814 5959 6108 6261 6417 6578 6742 6911 7084 7261 7442 7628 7819 8015 8215 8420 8631 8847
21.0 5662 5804 5949 6098 6250 6406 6567 6731 6899 7072 7248 7430 7615 7806 8001 8201 8406 8616 8832 9052
20.0 5389 5524 5662 5804 5949 6098 6250 6406 6567 6731 6899 7071 7248 7429 7615 7806 8001 8201 8406 8616
21.0 5949 6098 6250 6406 6567 6731 6899 7071 7248 7429 7615 7806 8001 8201 8406 8616 8831 9052 9279 9511
21.0 5013 5139 5267 5399 5534 5672 5814 5959 6108 6261 6417 6578 6742 6911 7084 7261 7442 7628 7819 8015
21.0 5389 5524 5662 5804 5949 6098 6250 6406 6567 6731 6899 7072 7248 7430 7615 7806 8001 8201 8406 8616
18.0 4114 4217 4323 4431 4542 4655 4772 4891 5013 5139 5267 5399 5534 5672 5814 5959 6108 6261 6417 6578
23.0 7248 7429 7615 7806 8001 8201 8406 8616 8831 9052 9279 9511 9748 9992 10242 10498 10760 11029 11305 11588
21.0 5662 5804 5949 6098 6250 6406 6567 6731 6899 7072 7248 7430 7615 7806 8001 8201 8406 8616 8832 9052
23.0 6108 6261 6417 6578 6742 6911 7084 7261 7442 7628 7819 8015 8215 8420 8631 8847 9068 9295 9527 9765
22.0 6567 6731 6899 7071 7248 7429 7615 7806 8001 8201 8406 8616 8831 9052 9279 9511 9748 9992 10242 10498
23.0 7248 7430 7615 7806 8001 8201 8406 8616 8832 9052 9279 9511 9748 9992 10242 10498 10761 11030 11305 11588
27.0 10760 11029 11305 11588 11877 12174 12479 12791 13111 13438 13774 14119 14472 14833 15204 15584 15974 16373 16783 17202
27.0 9068 9295 9527 9765 10009 10260 10516 10779 11048 11325 11608 11898 12196 12500 12813 13133 13462 13798 14143 14497
25.0 8831 9052 9279 9511 9748 9992 10242 10498 10760 11029 11305 11588 11877 12174 12479 12791 13111 13438 13774 14119
25.0 7442 7628 7819 8015 8215 8420 8631 8847 9068 9295 9527 9765 10009 10260 10516 10779 11048 11325 11608 11898
24.0 7615 7806 8001 8201 8406 8616 8832 9052 9279 9511 9748 9992 10242 10498 10761 11030 11305 11588 11878 12175
23.0 6567 6731 6899 7072 7248 7430 7615 7806 8001 8201 8406 8616 8832 9052 9279 9511 9748 9992 10242 10498
24.0 8001 8201 8406 8616 8831 9052 9279 9511 9748 9992 10242 10498 10760 11029 11305 11588 11877 12174 12479 12791
23.0 6108 6261 6417 6578 6742 6911 7084 7261 7442 7628 7819 8015 8215 8420 8631 8847 9068 9295 9527 9765
24.0 8001 8201 8406 8616 8831 9052 9279 9511 9748 9992 10242 10498 10760 11029 11305 11588 11877 12174 12479 12791
23.0 6108 6261 6417 6578 6742 6911 7084 7261 7442 7628 7819 8015 8215 8420 8631 8847 9068 9295 9527 9765

PP0001LS
JUR
CDE PLN SQ#

CLASS
CODE

CLASSIFICATION TITLE

MOBILE CIVIL SERVICE AS OF 06/23/2026
PAGE
13
(RATES SHOWN IN WHOLE DOLLARS)
GRD/
A
B
C
D
E
F
G
H
I
J
K
L
M
N
O
P
Q
R
S
T
RNG
________________________________________________________________________________________________________________________
A
A.5
B
B.5
C
C.5
D
D.5
E
E.5
F
F.5
G
G.5
H
H.5
I
I.5
J

ACCOUNTING AND FISCAL
01
01
03
04
05
11
12
13
16
22
01
04
05
11
12
13
20
22
02
11
01
02
03
10
11
12
13
15
16
20
01
02
03
11
12
13
16
20
02

AL
AL
OR
OR
AO
AO
AM
AQ
AM
AO
AL
OR
AO
AO
AM
AQ
AF
AO
AF
AO
AL
AF
OR
BC
AO
AM
AQ
AI
AM
AF
AL
AF
OR
AO
AM
AQ
AM
AF
AF

005 004049
005 004050
000 004050
000 004050
000 004050
000 004050
000 004050
000 004050
000 004050
000 004050
005 004100
000 004100
000 004100
000 004100
000 004100
000 004100
005 004100
000 004100
004 004155
000 004157
005 004160
004 004160
000 004160
000 004160
000 004160
000 004160
000 004160
000 004160
000 004160
004 004160
005 004161
004 004161
000 004161
000 004161
000 004161
000 004161
000 004161
004 004161
004 004162

FISCAL CLERK-LICENSE COMM
FISCAL CLERK I
FISCAL CLERK I
FISCAL CLERK I
FISCAL CLERK I
FISCAL CLERK I
FISCAL CLERK I
FISCAL CLERK I
FISCAL CLERK I
FISCAL CLERK I
FISCAL CLERK II
FISCAL CLERK II
FISCAL CLERK II
FISCAL CLERK II
FISCAL CLERK II
FISCAL CLERK II
FISCAL CLERK II
FISCAL CLERK II
EMER MED SERV BILL SUPV
UTILITY BILLING SUPERVISR
ACCOUNTANT I
ACCOUNTANT I
ACCOUNTANT I
ACCOUNTANT I
ACCOUNTANT I
ACCOUNTANT I
ACCOUNTANT I
ACCOUNTANT I
ACCOUNTANT I
ACCOUNTANT I
ACCOUNTANT II
ACCOUNTANT II
ACCOUNTANT II
ACCOUNTANT II
ACCOUNTANT II
ACCOUNTANT II
ACCOUNTANT II
ACCOUNTANT II
ACCOUNTANT III

9.0
9.0
35.0
36.0
9.0
12.0
9.0
9.0
9.0
9.0
10.0
39.0
10.0
14.0
10.0
10.0
10.0
10.0
15.0
19.0
17.0
18.0
46.0
18.0
17.0
17.0
17.0
18.0
17.0
17.0
19.0
20.0
51.0
19.0
19.0
19.0
19.0
19.0
21.0

3130
3130
1576
1655
2979
3455
2836
3130
2836
2979
3289
1916
3130
3814
2979
3289
2841
3130
3548
4883
4647
4114
2696
3182
4423
4210
4647
4007
4210
3916
5130
4542
3440
4883
4647
5130
4647
4323
5013

3209
3209
1615
1696
3054
3542
2907
3209
2907
3054
3371
1964
3209
3909
3054
3371
2912
3209
3637
5005
4763
4217
2763
3262
4534
4315
4763
4107
4315
4014
5258
4655
3526
5005
4763
5258
4763
4431
5139

3289
3289
1655
1738
3130
3630
2979
3289
2979
3130
3455
2011
3289
4007
3130
3455
2985
3289
3727
5130
4882
4323
2830
3343
4647
4423
4883
4210
4423
4114
5389
4772
3612
5130
4883
5389
4883
4542
5267

3371
3371
1696
1781
3209
3721
3054
3371
3054
3209
3542
2062
3371
4107
3209
3542
3059
3371
3821
5258
5005
4431
2901
3427
4763
4534
5005
4315
4534
4217
5524
4891
3703
5258
5005
5524
5005
4655
5399

3455
3455
1738
1824
3289
3814
3130
3455
3130
3289
3630
2112
3455
4210
3289
3630
3136
3455
3916
5389
5130
4542
2972
3513
4883
4647
5130
4423
4647
4323
5662
5013
3793
5389
5130
5662
5130
4772
5534

3542
3542
1781
1870
3371
3909
3209
3542
3209
3371
3721
2165
3542
4315
3371
3721
3214
3542
4014
5524
5258
4655
3046
3601
5005
4763
5258
4534
4763
4431
5804
5139
3888
5524
5258
5804
5258
4891
5672

3630
3630
1824
1916
3455
4007
3289
3630
3289
3455
3814
2218
3630
4423
3455
3814
3294
3630
4114
5662
5389
4772
3120
3691
5130
4883
5389
4647
4883
4542
5949
5267
3982
5662
5389
5949
5389
5013
5814

3721
3721
1870
1964
3542
4107
3371
3721
3371
3542
3909
2273
3721
4534
3542
3909
3377
3721
4217
5804
5524
4891
3198
3783
5258
5005
5524
4763
5005
4655
6098
5399
4082
5804
5524
6098
5524
5139
5959

3814
3814
1916
2011
3630
4210
3455
3814
3455
3630
4007
2328
3814
4647
3630
4007
3461
3814
4323
5949
5662
5013
3276
3877
5389
5130
5662
4882
5130
4772
6250
5534
4182
5949
5662
6250
5662
5267
6108

3909
3909
1964
2062
3721
4315
3542
3909
3542
3721
4107
2387
3909
4763
3721
4107
3548
3909
4431
6098
5804
5139
3358
3974
5524
5258
5804
5004
5258
4891
6406
5672
4286
6098
5804
6406
5804
5399
6261

4007
4007
2011
2112
3814
4423
3630
4007
3630
3814
4210
2445
4007
4883
3814
4210
3637
4007
4542
6250
5949
5267
3440
4074
5662
5389
5949
5130
5389
5013
6567
5814
4391
6250
5949
6567
5949
5534
6417

4107
4107
2062
2165
3909
4534
3721
4107
3721
3909
4315
2506
4107
5005
3909
4315
3727
4107
4655
6406
6098
5399
3526
4176
5804
5524
6098
5258
5524
5139
6731
5959
4500
6406
6098
6731
6098
5672
6578

4210
4210
2112
2218
4007
4647
3814
4210
3814
4007
4423
2567
4210
5130
4007
4423
3821
4210
4772
6567
6250
5534
3612
4280
5949
5662
6250
5389
5662
5267
6899
6108
4610
6567
6250
6899
6250
5814
6742

4315
4315
2165
2273
4107
4763
3909
4315
3909
4107
4534
2631
4315
5258
4107
4534
3916
4315
4891
6731
6406
5672
3703
4387
6098
5804
6406
5524
5804
5399
7071
6261
4725
6731
6406
7072
6406
5959
6911

4423
4423
2218
2328
4210
4883
4007
4423
4007
4210
4647
2696
4423
5389
4210
4647
4014
4423
5013
6899
6567
5814
3793
4497
6250
5949
6567
5662
5949
5534
7248
6417
4841
6899
6567
7248
6567
6108
7084

4534
4534
2273
2387
4315
5005
4107
4534
4107
4315
4763
2763
4534
5524
4315
4763
4114
4534
5139
7072
6731
5959
3888
4609
6406
6098
6731
5804
6098
5672
7429
6578
4962
7072
6731
7430
6731
6261
7261

4647
4647
2328
2445
4423
5130
4210
4647
4210
4423
4882
2830
4647
5662
4423
4883
4217
4647
5267
7248
6899
6108
3982
4724
6567
6250
6899
5949
6250
5814
7615
6742
5083
7248
6899
7615
6899
6417
7442

4763
4763
2387
2506
4534
5258
4315
4763
4315
4534
5005
2901
4763
5804
4534
5005
4323
4763
5399
7430
7071
6261
4082
4843
6731
6406
7072
6097
6406
5959
7806
6911
5210
7430
7072
7806
7072
6578
7628

4882
4882
2445
2567
4647
5389
4423
4883
4423
4647
5130
2972
4883
5949
4647
5130
4431
4883
5534
7615
7248
6417
4182
4964
6899
6567
7248
6250
6567
6108
8001
7084
5337
7615
7248
8001
7248
6742
7819

5005
5005
4763
5524
4534
5005
4534
4763
5258
5005
6098
4763
5258
4542
5005
5672
7806
7429
6578
5088
7072
6731
7430
6406
6731
6261
8201
7261
7806
7430
8201
7430
6911
8015

PP0001LS
JUR
CDE PLN SQ#
01
01
02
11
13
01
02
01
01
02
11
12
13
01
02
03
11
12
13
16
17
20
20
01
02
03
11
12
16
01
02
03
11
12
13
02
01
04
12
22
01

AL
AL
AF
AO
AQ
AL
AF
AL
AL
AF
AO
AM
AQ
AL
AF
OR
AO
AM
AQ
AM
AV
AF
AF
AL
AF
OR
AO
AM
AM
AL
AF
OR
AO
AM
AQ
AF
AL
OR
AM
AO
AL

CLASS
CODE

CLASSIFICATION TITLE

005 004163
ACCOUNTING ASSISTANT
005 004165
ESTATE AUDITOR-PROB CRT
004 004170
INTERNAL AUDITOR
000 004170
INTERNAL AUDITOR
000 004170 + INTERNAL AUDITOR
005 004175
CAPITAL PROJECTS ADMIN
004 004175
CAPITAL PROJECTS ADMIN
005 004177
FINANCIAL ADMIN - PROB CT
005 004183
DEPUTY COMPTROLLER
004 004183
DEPUTY COMPTROLLER
000 004183
DEPUTY COMPTROLLER
000 004183
DEPUTY COMPTROLLER
000 004183
DEPUTY COMPTROLLER
005 004185
COMPTROLLER
004 004185
COMPTROLLER
000 004185
COMPTROLLER
000 004185
COMPTROLLER
000 004185
COMPTROLLER
000 004185
COMPTROLLER
000 004185
COMPTROLLER
000 004185
COMPTROLLER
004 004185
COMPTROLLER
004 004187
LIBRARY FINANCE OFFICER
005 004200
FISCAL OFFICER I
004 004200
FISCAL OFFICER I
000 004200
FISCAL OFFICER I
000 004200
FISCAL OFFICER I
000 004200 + FISCAL OFFICER I
000 004200
FISCAL OFFICER I
005 004250
FISCAL OFFICER II
004 004250
FISCAL OFFICER II
000 004250
FISCAL OFFICER II
000 004250
FISCAL OFFICER II
000 004250 + FISCAL OFFICER II
000 004250 + FISCAL OFFICER II
004 004255
LAND BANK COORDINATOR
005 004260 + FISCAL CLERK III
000 004260
FISCAL CLERK III
000 004260
FISCAL CLERK III
000 004260
FISCAL CLERK III
005 004270
FISCAL SERVICES MGR

MOBILE CIVIL SERVICE AS OF 06/23/2026
PAGE
14
(RATES SHOWN IN WHOLE DOLLARS)
GRD/
A
B
C
D
E
F
G
H
I
J
K
L
M
N
O
P
Q
R
S
T
RNG
________________________________________________________________________________________________________________________
A
A.5
B
B.5
C
C.5
D
D.5
E
E.5
F
F.5
G
G.5
H
H.5
I
I.5
J
12.0
19.0
21.0
21.0
21.0
24.0
23.0
25.0
21.0
23.0
21.0
21.0
21.0
24.0
26.0
53.0
23.0
24.0
24.0
23.0
23.0
23.0
23.0
14.0
15.0
38.0
14.0
14.0
14.0
17.0
17.0
40.0
17.0
17.0
17.0
16.0
12.0
42.0
11.0
12.0
18.0

3630
5130
5013
5662
5949
8001
6108
8831
5949
6108
5662
5389
5949
8001
8215
3793
6899
7248
8001
6567
8001
6108
6108
4007
3548
1824
3814
3630
3630
4647
3916
2011
4423
4210
4647
3727
3630
2218
3130
3455
4882

3721
5258
5139
5804
6098
8201
6261
9052
6098
6261
5804
5524
6098
8201
8420
3888
7072
7430
8201
6731
8201
6261
6261
4107
3637
1870
3909
3721
3721
4763
4014
2062
4534
4315
4763
3821
3721
2273
3209
3542
5005

3814
5389
5267
5949
6250
8406
6417
9279
6250
6417
5949
5662
6250
8406
8631
3982
7248
7615
8406
6899
8406
6417
6417
4210
3727
1916
4007
3814
3814
4882
4114
2112
4647
4423
4883
3916
3814
2328
3289
3630
5130

3909
5524
5399
6098
6406
8616
6578
9511
6406
6578
6098
5804
6406
8616
8847
4082
7430
7806
8616
7072
8616
6578
6578
4315
3821
1964
4107
3909
3909
5005
4217
2165
4763
4534
5005
4014
3909
2387
3371
3721
5258

4007
5662
5534
6250
6567
8831
6742
9748
6567
6742
6250
5949
6567
8831
9068
4182
7615
8001
8832
7248
8832
6742
6742
4423
3916
2011
4210
4007
4007
5130
4323
2218
4883
4647
5130
4114
4007
2445
3455
3814
5389

4107 4210 4315 4423 4534 4647 4763 4882 5005 5130 5258 5389 5524 5662 5804
5804 5949 6098 6250 6406 6567 6731 6899 7071 7248 7429 7615 7806 8001 8201
5672 5814 5959 6108 6261 6417 6578 6742 6911 7084 7261 7442 7628 7819 8015
6406 6567 6731 6899 7072 7248 7430 7615 7806 8001 8201 8406 8616 8832 9052
6731 6899 7072 7248 7430 7615 7806 8001 8201 8406 8616 8832 9052 9279 9511
9052 9279 9511 9748 9992 10242 10498 10760 11029 11305 11588 11877 12174 12479 12791
6911 7084 7261 7442 7628 7819 8015 8215 8420 8631 8847 9068 9295 9527 9765
9992 10242 10498 10760 11029 11305 11588 11877 12174 12479 12791 13111 13438 13774 14119
6731 6899 7071 7248 7429 7615 7806 8001 8201 8406 8616 8831 9052 9279 9511
6911 7084 7261 7442 7628 7819 8015 8215 8420 8631 8847 9068 9295 9527 9765
6406 6567 6731 6899 7072 7248 7430 7615 7806 8001 8201 8406 8616 8832 9052
6098 6250 6406 6567 6731 6899 7072 7248 7430 7615 7806 8001 8201 8406 8616
6731 6899 7072 7248 7430 7615 7806 8001 8201 8406 8616 8832 9052 9279 9511
9052 9279 9511 9748 9992 10242 10498 10760 11029 11305 11588 11877 12174 12479 12791
9295 9527 9765 10009 10260 10516 10779 11048 11325 11608 11898 12196 12500 12813 13133
4286 4391 4500 4610 4725 4841 4962 5083 5210 5337 5470 5604 5744 5884
7806 8001 8201 8406 8616 8832 9052 9279 9511 9748 9992 10242 10498 10761 11030
8201 8406 8616 8832 9052 9279 9511 9748 9992 10242 10498 10761 11030 11305 11588
9052 9279 9511 9748 9992 10242 10498 10761 11030 11305 11588 11878 12175 12479 12791
7430 7615 7806 8001 8201 8406 8616 8832 9052 9279 9511 9748 9992 10242 10498
9052 9279 9511 9748 9992 10242 10498 10761 11030 11305 11588 11878 12175 12479 12791
6911 7084 7261 7442 7628 7819 8015 8215 8420 8631 8847 9068 9295 9527 9765
6911 7084 7261 7442 7628 7819 8015 8215 8420 8631 8847 9068 9295 9527 9765
4534 4647 4763 4882 5005 5130 5258 5389 5524 5662 5804 5949 6098 6250 6406
4014 4114 4217 4323 4431 4542 4655 4772 4891 5013 5139 5267 5399 5534 5672
2062 2112 2165 2218 2273 2328 2387 2445 2506 2567 2631 2696 2763 2830
4315 4423 4534 4647 4763 4883 5005 5130 5258 5389 5524 5662 5804 5949 6098
4107 4210 4315 4423 4534 4647 4763 4883 5005 5130 5258 5389 5524 5662 5804
4107 4210 4315 4423 4534 4647 4763 4883 5005 5130 5258 5389 5524 5662 5804
5258 5389 5524 5662 5804 5949 6098 6250 6406 6567 6731 6899 7071 7248 7429
4431 4542 4655 4772 4891 5013 5139 5267 5399 5534 5672 5814 5959 6108 6261
2273 2328 2387 2445 2506 2567 2631 2696 2763 2830 2901 2972 3046 3120
5005 5130 5258 5389 5524 5662 5804 5949 6098 6250 6406 6567 6731 6899 7072
4763 4883 5005 5130 5258 5389 5524 5662 5804 5949 6098 6250 6406 6567 6731
5258 5389 5524 5662 5804 5949 6098 6250 6406 6567 6731 6899 7072 7248 7430
4217 4323 4431 4542 4655 4772 4891 5013 5139 5267 5399 5534 5672 5814 5959
4107 4210 4315 4423 4534 4647 4763 4882 5005 5130 5258 5389 5524 5662 5804
2506 2567 2631 2696 2763 2830 2901 2972 3046 3120 3198 3276 3358 3440
3542 3630 3721 3814 3909 4007 4107 4210 4315 4423 4534 4647 4763 4883 5005
3909 4007 4107 4210 4315 4423 4534 4647 4763 4883 5005 5130 5258 5389 5524
5524 5662 5804 5949 6098 6250 6406 6567 6731 6899 7071 7248 7429 7615 7806

PP0001LS
JUR
CDE PLN SQ#
14
16
01
01
02
13
12
13
01
03
05
01
02
11
02
02
01
02
05
16
01
02
03
11
01
01
01
02
01
02
01
02
02
03
11
01
02
12
14
15
01

AT
AM
AL
AL
AF
AQ
AM
AQ
AL
OR
AO
AL
AF
AO
AF
AF
AL
AF
AO
AM
AL
AF
OR
AO
AL
AL
AL
AF
AL
AF
AL
AF
AF
OR
AO
AL
AF
AM
AT
AI
AL

CLASS
CODE

000 004270
000 004270
005 004272
005 004290
004 004290
000 004330
000 004335
000 004340
005 004345
000 004345
000 004347
005 004355
004 004355
000 004355
004 004362
004 004363
005 004364
004 004364
000 004364
000 004364
005 004365
004 004365
000 004365
000 004366
005 004367
005 004370
005 004372
004 004374
005 004380
004 004382
005 004383
004 004383
004 004385
000 004385
000 004385
005 004386
004 004386
000 004386
000 004386
000 004388
005 004389

CLASSIFICATION TITLE

MOBILE CIVIL SERVICE AS OF 06/23/2026
PAGE
15
(RATES SHOWN IN WHOLE DOLLARS)
GRD/
A
B
C
D
E
F
G
H
I
J
K
L
M
N
O
P
Q
R
S
T
RNG
________________________________________________________________________________________________________________________
A
A.5
B
B.5
C
C.5
D
D.5
E
E.5
F
F.5
G
G.5
H
H.5
I
I.5
J

FISCAL SERVICES MGR
FISCAL SERVICES MGR
FISCAL SERVICES MGR-L COM
INVESTMENT & TREASURY OFF
INVESTMENT & TREASURY OFF
CHIEF ADMIN OFFICER- MHA
CHIEF FINANCIAL OFF-MCHD
CHIEF FINANCIAL OFF- MHA
DIR OF FINANCE
DIR OF FINANCE
DIR OF FINANCE - SARALAND
DEPUTY FINANCE DIRECTOR
DEPUTY FINANCE DIRECTOR
DEPUTY FINANCE DIRECTOR
DIRECTOR OF PENSIONS
DEP DIRECTOR OF PAYROLL
PAYROLL SPECIALIST
PAYROLL SPECIALIST
PAYROLL SPECIALIST
PAYROLL SPECIALIST
PAYROLL MANAGER
PAYROLL MANAGER
PAYROLL MANAGER
PAYROLL ADMINISTRTR-MAWSS
PAYROLL MANAGER-MCSO
DEP REVENUE OFFICER
REVENUE ENFORC/AUDIT MGR
REVENUE MANAGER
REVENUE OFFICER
REVENUE DIRECTOR
REVENUE EXAMINER
REVENUE EXAMINER
EMPLOYEE BENEFITS COORD
EMPLOYEE BENEFITS COORD
EMPLOYEE BENEFITS COORD
EMPLOYEE BENEFITS SPECIAL
EMPLOYEE BENEFITS SPECIAL
EMPLOYEE BENEFITS SPECIAL
EMPLOYEE BENEFITS SPECIAL
ACCTING/PAYROLL MGR-MCPB
RISK MANAGEMENT SPECIALST

18.0 5258 5389 5524 5662 5804 5949 6098 6250 6406 6567 6731 6899 7072 7248 7430 7615 7806 8001 8201 8406
18.0 4423 4534 4647 4763 4883 5005 5130 5258 5389 5524 5662 5804 5949 6098 6250 6406 6567 6731 6899 7072
16.0 4423 4534 4647 4763 4882 5005 5130 5258 5389 5524 5662 5804 5949 6098 6250 6406 6567 6731 6899 7071
21.0 5949 6098 6250 6406 6567 6731 6899 7071 7248 7429 7615 7806 8001 8201 8406 8616 8831 9052 9279 9511
21.0 5013 5139 5267 5399 5534 5672 5814 5959 6108 6261 6417 6578 6742 6911 7084 7261 7442 7628 7819 8015
24.0 8001 8201 8406 8616 8832 9052 9279 9511 9748 9992 10242 10498 10761 11030 11305 11588 11878 12175 12479 12791
24.0 7248 7430 7615 7806 8001 8201 8406 8616 8832 9052 9279 9511 9748 9992 10242 10498 10761 11030 11305 11588
28.0 11878 12175 12479 12791 13111 13439 13775 14119 14472 14834 15205 15585 15974 16374 16783 17203 17633 18074 18525 18989
28.0 11877 12174 12479 12791 13111 13438 13774 14119 14472 14833 15204 15584 15974 16373 16783 17202 17632 18073 18525 18988
54.0 3982 4082 4182 4286 4391 4500 4610 4725 4841 4962 5083 5210 5337 5470 5604 5744 5884 6031 6178
21.0 5662 5804 5949 6098 6250 6406 6567 6731 6899 7072 7248 7430 7615 7806 8001 8201 8406 8616 8832 9052
26.0 9748 9992 10242 10498 10760 11029 11305 11588 11877 12174 12479 12791 13111 13438 13774 14119 14472 14833 15204 15584
27.0 9068 9295 9527 9765 10009 10260 10516 10779 11048 11325 11608 11898 12196 12500 12813 13133 13462 13798 14143 14497
23.0 6899 7072 7248 7430 7615 7806 8001 8201 8406 8616 8832 9052 9279 9511 9748 9992 10242 10498 10761 11030
25.0 7442 7628 7819 8015 8215 8420 8631 8847 9068 9295 9527 9765 10009 10260 10516 10779 11048 11325 11608 11898
23.0 6108 6261 6417 6578 6742 6911 7084 7261 7442 7628 7819 8015 8215 8420 8631 8847 9068 9295 9527 9765
14.0 4007 4107 4210 4315 4423 4534 4647 4763 4882 5005 5130 5258 5389 5524 5662 5804 5949 6098 6250 6406
15.0 3548 3637 3727 3821 3916 4014 4114 4217 4323 4431 4542 4655 4772 4891 5013 5139 5267 5399 5534 5672
14.0 3814 3909 4007 4107 4210 4315 4423 4534 4647 4763 4883 5005 5130 5258 5389 5524 5662 5804 5949 6098
14.0 3630 3721 3814 3909 4007 4107 4210 4315 4423 4534 4647 4763 4883 5005 5130 5258 5389 5524 5662 5804
19.0 5130 5258 5389 5524 5662 5804 5949 6098 6250 6406 6567 6731 6899 7071 7248 7429 7615 7806 8001 8201
21.0 5013 5139 5267 5399 5534 5672 5814 5959 6108 6261 6417 6578 6742 6911 7084 7261 7442 7628 7819 8015
51.5 3526 3612 3703 3793 3888 3982 4082 4182 4286 4391 4500 4610 4725 4841 4962 5083 5210 5337 5470
18.0 4647 4763 4883 5005 5130 5258 5389 5524 5662 5804 5949 6098 6250 6406 6567 6731 6899 7072 7248 7430
19.0 5130 5258 5389 5524 5662 5804 5949 6098 6250 6406 6567 6731 6899 7071 7248 7429 7615 7806 8001 8201
19.0 5130 5258 5389 5524 5662 5804 5949 6098 6250 6406 6567 6731 6899 7071 7248 7429 7615 7806 8001 8201
21.0 5949 6098 6250 6406 6567 6731 6899 7071 7248 7429 7615 7806 8001 8201 8406 8616 8831 9052 9279 9511
21.0 5013 5139 5267 5399 5534 5672 5814 5959 6108 6261 6417 6578 6742 6911 7084 7261 7442 7628 7819 8015
20.0 5389 5524 5662 5804 5949 6098 6250 6406 6567 6731 6899 7071 7248 7429 7615 7806 8001 8201 8406 8616
25.0 7442 7628 7819 8015 8215 8420 8631 8847 9068 9295 9527 9765 10009 10260 10516 10779 11048 11325 11608 11898
11.0 3455 3542 3630 3721 3814 3909 4007 4107 4210 4315 4423 4534 4647 4763 4882 5005 5130 5258 5389 5524
13.0 3214 3294 3377 3461 3548 3637 3727 3821 3916 4014 4114 4217 4323 4431 4542 4655 4772 4891 5013 5139
18.0 4114 4217 4323 4431 4542 4655 4772 4891 5013 5139 5267 5399 5534 5672 5814 5959 6108 6261 6417 6578
39.0 1916 1964 2011 2062 2112 2165 2218 2273 2328 2387 2445 2506 2567 2631 2696 2763 2830 2901 2972
15.0 4007 4107 4210 4315 4423 4534 4647 4763 4883 5005 5130 5258 5389 5524 5662 5804 5949 6098 6250 6406
14.0 4007 4107 4210 4315 4423 4534 4647 4763 4882 5005 5130 5258 5389 5524 5662 5804 5949 6098 6250 6406
14.0 3377 3461 3548 3637 3727 3821 3916 4014 4114 4217 4323 4431 4542 4655 4772 4891 5013 5139 5267 5399
13.0 3455 3542 3630 3721 3814 3909 4007 4107 4210 4315 4423 4534 4647 4763 4883 5005 5130 5258 5389 5524
14.0 4315 4423 4534 4647 4763 4883 5005 5130 5258 5389 5524 5662 5804 5949 6098 6250 6406 6567 6731 6899
21.0 4882 5004 5130 5258 5389 5524 5662 5804 5949 6097 6250 6406 6566 6731 6899 7071 7248 7429 7615 7805
14.0 4007 4107 4210 4315 4423 4534 4647 4763 4882 5005 5130 5258 5389 5524 5662 5804 5949 6098 6250 6406

PP0001LS
JUR
CDE PLN SQ#
01
11
01
02
11
02
01
02
02
02
13
01
02
01
01
01
01
01
01
02
01
02
01
02
03
01
01
01
01
01
01
01
01
01
01
01
01

AL
AO
AL
AF
AO
AF
AL
AF
AF
AF
AQ
AL
AF
AL
AL
AL
AL
AL
AL
AF
AL
AF
AL
AF
OR
AL
AL
AL
AL
AL
AL
AL
AL
AL
AL
AL
AL

CLASS
CODE

005 004390
000 004390
005 004392
004 004392
000 004392
004 004393
005 004395
004 004396
004 004400
004 004420
000 004421
005 004450
004 004450
005 004453
005 004455
005 004459
005 004460
005 004465
005 004466
004 004480
005 004485
004 004485
005 004500
004 004500
000 004500
005 004501
005 004550
005 004570
005 004580
005 004585
005 004590
005 004650
005 004700
005 004760
005 004765
005 004770
005 004780

CLASSIFICATION TITLE

MOBILE CIVIL SERVICE AS OF 06/23/2026
PAGE
16
(RATES SHOWN IN WHOLE DOLLARS)
GRD/
A
B
C
D
E
F
G
H
I
J
K
L
M
N
O
P
Q
R
S
T
RNG
________________________________________________________________________________________________________________________
A
A.5
B
B.5
C
C.5
D
D.5
E
E.5
F
F.5
G
G.5
H
H.5
I
I.5
J

RISK MANAGEMENT COORD
RISK MANAGEMENT COORD
RISK MANAGER
RISK MANAGER
RISK MANAGER
DIR OF RISK MANAGEMENT
CASUALTY CLAIMS ADJUSTER
RESILIENCE MANAGER
BUDGET ANALYST
FINANCIAL ANALYST
FINANCIAL ANALYST- MHA
BUDGET OFFICER
BUDGET OFFICER
COMPLIANCE & POLICY OFF I
COMPLIANCE & POLICY OFFII
TAX AUDITOR SUPPORT SPEC
TAX AUDITOR I
TAX AUDITOR II
TAX AUDITOR III
FIELD AUDITOR II
FIELD AUDITOR I
FIELD AUDITOR I
LICENSE INVESTIGATOR
LICENSE INVESTIGATOR
LICENSE INVESTIGATOR
LICENSE INVESTIGATOR II
REVENUE LICENSE OFFICER
TOBACCO TAX COLLECTOR
LAND REDEMPTION COORD-REV
REVENUE COORDINATOR
COLLECTION SUPV- REV COMM
PROPERTY APPRAISER I
PROPERTY APPRAISER II
PROPERTY EVAL ANALYST
PROPERTY MAINT COORD
CHIEF TAX AUDITOR
CHIEF PROPERTY APPRAISER

18.0
17.0
21.0
21.0
21.0
24.0
15.0
22.0
17.0
19.0
19.0
23.0
23.0
21.0
23.0
15.0
17.0
19.0
21.0
20.0
17.0
18.0
14.0
15.0
42.0
15.0
16.0
18.0
18.0
21.0
18.0
17.0
19.0
21.0
23.0
23.0
23.0

4882
4423
5949
5013
5662
6742
4210
5534
3916
4323
5130
7248
6108
5949
7248
4210
4647
5130
5949
4542
4647
4114
4007
3548
2218
4210
4423
4882
4882
5949
4882
4647
5130
5949
7248
7248
7248

5005
4534
6098
5139
5804
6911
4315
5672
4014
4431
5258
7429
6261
6098
7429
4315
4763
5258
6098
4655
4763
4217
4107
3637
2273
4315
4534
5005
5005
6098
5005
4763
5258
6098
7429
7429
7429

5130
4647
6250
5267
5949
7084
4423
5814
4114
4542
5389
7615
6417
6250
7615
4423
4882
5389
6250
4772
4882
4323
4210
3727
2328
4423
4647
5130
5130
6250
5130
4882
5389
6250
7615
7615
7615

5258
4763
6406
5399
6098
7261
4534
5959
4217
4655
5524
7806
6578
6406
7806
4534
5005
5524
6406
4891
5005
4431
4315
3821
2387
4534
4763
5258
5258
6406
5258
5005
5524
6406
7806
7806
7806

5389
4883
6567
5534
6250
7442
4647
6108
4323
4772
5662
8001
6742
6567
8001
4647
5130
5662
6567
5013
5130
4542
4423
3916
2445
4647
4882
5389
5389
6567
5389
5130
5662
6567
8001
8001
8001

5524
5005
6731
5672
6406
7628
4763
6261
4431
4891
5804
8201
6911
6731
8201
4763
5258
5804
6731
5139
5258
4655
4534
4014
2506
4763
5005
5524
5524
6731
5524
5258
5804
6731
8201
8201
8201

5662
5130
6899
5814
6567
7819
4882
6417
4542
5013
5949
8406
7084
6899
8406
4882
5389
5949
6899
5267
5389
4772
4647
4114
2567
4882
5130
5662
5662
6899
5662
5389
5949
6899
8406
8406
8406

5804
5258
7071
5959
6731
8015
5005
6578
4655
5139
6098
8616
7261
7071
8616
5005
5524
6098
7071
5399
5524
4891
4763
4217
2631
5005
5258
5804
5804
7071
5804
5524
6098
7071
8616
8616
8616

5949
5389
7248
6108
6899
8215
5130
6742
4772
5267
6250
8831
7442
7248
8831
5130
5662
6250
7248
5534
5662
5013
4882
4323
2696
5130
5389
5949
5949
7248
5949
5662
6250
7248
8831
8831
8831

6098
5524
7429
6261
7072
8420
5258
6911
4891
5399
6406
9052
7628
7429
9052
5258
5804
6406
7429
5672
5804
5139
5005
4431
2763
5258
5524
6098
6098
7429
6098
5804
6406
7429
9052
9052
9052

6250
5662
7615
6417
7248
8631
5389
7084
5013
5534
6567
9279
7819
7615
9279
5389
5949
6567
7615
5814
5949
5267
5130
4542
2830
5389
5662
6250
6250
7615
6250
5949
6567
7615
9279
9279
9279

6406
5804
7806
6578
7430
8847
5524
7261
5139
5672
6731
9511
8015
7806
9511
5524
6098
6731
7806
5959
6098
5399
5258
4655
2901
5524
5804
6406
6406
7806
6406
6098
6731
7806
9511
9511
9511

6567
5949
8001
6742
7615
9068
5662
7442
5267
5814
6899
9748
8215
8001
9748
5662
6250
6899
8001
6108
6250
5534
5389
4772
2972
5662
5949
6567
6567
8001
6567
6250
6899
8001
9748
9748
9748

6731 6899 7071 7248 7429 7615 7806
6098 6250 6406 6567 6731 6899 7072
8201 8406 8616 8831 9052 9279 9511
6911 7084 7261 7442 7628 7819 8015
7806 8001 8201 8406 8616 8832 9052
9295 9527 9765 10009 10260 10516 10779
5804 5949 6098 6250 6406 6567 6731
7628 7819 8015 8215 8420 8631 8847
5399 5534 5672 5814 5959 6108 6261
5959 6108 6261 6417 6578 6742 6911
7072 7248 7430 7615 7806 8001 8201
9992 10242 10498 10760 11029 11305 11588
8420 8631 8847 9068 9295 9527 9765
8201 8406 8616 8831 9052 9279 9511
9992 10242 10498 10760 11029 11305 11588
5804 5949 6098 6250 6406 6567 6731
6406 6567 6731 6899 7071 7248 7429
7071 7248 7429 7615 7806 8001 8201
8201 8406 8616 8831 9052 9279 9511
6261 6417 6578 6742 6911 7084 7261
6406 6567 6731 6899 7071 7248 7429
5672 5814 5959 6108 6261 6417 6578
5524 5662 5804 5949 6098 6250 6406
4891 5013 5139 5267 5399 5534 5672
3046 3120 3198 3276 3358 3440
5804 5949 6098 6250 6406 6567 6731
6098 6250 6406 6567 6731 6899 7071
6731 6899 7071 7248 7429 7615 7806
6731 6899 7071 7248 7429 7615 7806
8201 8406 8616 8831 9052 9279 9511
6731 6899 7071 7248 7429 7615 7806
6406 6567 6731 6899 7071 7248 7429
7071 7248 7429 7615 7806 8001 8201
8201 8406 8616 8831 9052 9279 9511
9992 10242 10498 10760 11029 11305 11588
9992 10242 10498 10760 11029 11305 11588
9992 10242 10498 10760 11029 11305 11588

2985

3059

3136

3214

3294

3377

3461

3548

3637

3727

3821

3916

4014

STORES REPRODUCTION & PURCHASING
02

AF

004 005050

VEHICULAR/EQUIP PARTS SP

11.0

2912

4114

4217

4323

4431

4542

4655

PP0001LS
JUR
CDE PLN SQ#
01
02
12
02
01
02
03
11
01
12
01
01
01
02
01
02
12
20
12
01
02
11
12
13
01
02
03
11
12
13
01
12
12
01
02
12
13
13
01
02
11

AL
AF
AM
AF
AL
AF
OR
AO
AL
AM
AL
AL
AL
AF
AL
AF
AM
AF
AM
AL
AF
AO
AM
AQ
AL
AF
OR
AO
AM
AQ
AL
AM
AM
AL
AF
AM
AQ
AQ
AL
AF
AO

CLASS
CODE

CLASSIFICATION TITLE

005 005100
SUPPLY CLERK I
007 005100
SUPPLY CLERK I
000 005100
SUPPLY CLERK I
005 005101
SUPPLY CLERK II
005 005150
PARTS CLERK
005 005150 + PARTS CLERK
000 005150
PARTS CLERK
000 005170
SUPPLY SUPV-MOB AREA W&SS
005 005300
MAPPING CLERK I
000 005300 + MAPPING CLERK I
005 005302
MAPPING CLERK II
005 005303
MAPPING CLERK III
005 005400
RECORDS/ARCHIVES COORD
004 005400 + RECORDS/ARCHIVES COORD
005 005450
GRAPHIC ARTIST
004 005450
GRAPHIC ARTIST
000 005450
GRAPHIC ARTIST
004 005450
GRAPHIC ARTIST
000 005460
GRAPHIC COMM SPECIALIST
005 005500
BUYER I
004 005500
BUYER I
000 005500
BUYER I
000 005500
BUYER I
000 005500
BUYER I
005 005550
BUYER II
004 005550
BUYER II
000 005550
BUYER II
000 005550
BUYER II
000 005550
BUYER II
000 005550
BUYER II
005 005551
BUYER III
000 005551 + BUYER III
000 005552
BUYER III - MCHD
005 005600
PURCHASING AGENT
004 005600
PURCHASING AGENT
000 005600
PURCHASING AGENT
000 005600
PURCHASING AGENT
000 005601
CHIEF PROCUREMENT OFF-MHA
005 005602
CHIEF PROCUREMENT OFFICER
004 005700
SUPPLIER DIVERSTY PRG MGR
000 005700
SUPPLIER DIVERSTY PRG MGR

MOBILE CIVIL SERVICE AS OF 06/23/2026
PAGE
17
(RATES SHOWN IN WHOLE DOLLARS)
GRD/
A
B
C
D
E
F
G
H
I
J
K
L
M
N
O
P
Q
R
S
T
RNG
________________________________________________________________________________________________________________________
A
A.5
B
B.5
C
C.5
D
D.5
E
E.5
F
F.5
G
G.5
H
H.5
I
I.5
J
9.0
9.0
9.0
10.0
10.0
10.0
37.0
16.0
10.0
10.0
12.0
14.0
19.0
11.0
14.0
14.0
14.0
14.0
16.0
14.0
17.0
14.0
14.0
14.0
16.0
19.0
36.0
16.0
16.0
16.0
19.0
18.0
18.0
21.0
23.0
21.0
21.0
23.0
23.0
19.0
20.0

3130
2841
2836
2841
3289
2841
1738
4210
3289
2979
3630
4007
5130
2912
4007
3377
3630
3377
4007
4007
3916
3814
3630
4007
4423
4323
1655
4210
4007
4423
5130
4423
4423
5949
6108
5389
5949
7248
7248
4323
5130

3209
2912
2907
2912
3371
2912
1781
4315
3371
3054
3721
4107
5258
2985
4107
3461
3721
3461
4107
4107
4014
3909
3721
4107
4534
4431
1696
4315
4107
4534
5258
4534
4534
6098
6261
5524
6098
7430
7429
4431
5258

3289
2985
2979
2985
3455
2985
1824
4423
3455
3130
3814
4210
5389
3059
4210
3548
3814
3548
4210
4210
4114
4007
3814
4210
4647
4542
1738
4423
4210
4647
5389
4647
4647
6250
6417
5662
6250
7615
7615
4542
5389

3371
3059
3054
3059
3542
3059
1870
4534
3542
3209
3909
4315
5524
3136
4315
3637
3909
3637
4315
4315
4217
4107
3909
4315
4763
4655
1781
4534
4315
4763
5524
4763
4763
6406
6578
5804
6406
7806
7806
4655
5524

3455
3136
3130
3136
3630
3136
1916
4647
3630
3289
4007
4423
5662
3214
4423
3727
4007
3727
4423
4423
4323
4210
4007
4423
4882
4772
1824
4647
4423
4883
5662
4883
4883
6567
6742
5949
6567
8001
8001
4772
5662

3542
3214
3209
3214
3721
3214
1964
4763
3721
3371
4107
4534
5804
3294
4534
3821
4107
3821
4534
4534
4431
4315
4107
4534
5005
4891
1870
4763
4534
5005
5804
5005
5005
6731
6911
6098
6731
8201
8201
4891
5804

3630
3294
3289
3294
3814
3294
2011
4883
3814
3455
4210
4647
5949
3377
4647
3916
4210
3916
4647
4647
4542
4423
4210
4647
5130
5013
1916
4883
4647
5130
5949
5130
5130
6899
7084
6250
6899
8406
8406
5013
5949

3721
3377
3371
3377
3909
3377
2062
5005
3909
3542
4315
4763
6098
3461
4763
4014
4315
4014
4763
4763
4655
4534
4315
4763
5258
5139
1964
5005
4763
5258
6098
5258
5258
7071
7261
6406
7072
8616
8616
5139
6098

3814
3461
3455
3461
4007
3461
2112
5130
4007
3630
4423
4882
6250
3548
4882
4114
4423
4114
4883
4882
4772
4647
4423
4883
5389
5267
2011
5130
4883
5389
6250
5389
5389
7248
7442
6567
7248
8832
8831
5267
6250

3909
3548
3542
3548
4107
3548
2165
5258
4107
3721
4534
5005
6406
3637
5005
4217
4534
4217
5005
5005
4891
4763
4534
5005
5524
5399
2062
5258
5005
5524
6406
5524
5524
7429
7628
6731
7430
9052
9052
5399
6406

4007
3637
3630
3637
4210
3637
2218
5389
4210
3814
4647
5130
6567
3727
5130
4323
4647
4323
5130
5130
5013
4883
4647
5130
5662
5534
2112
5389
5130
5662
6567
5662
5662
7615
7819
6899
7615
9279
9279
5534
6567

4107
3727
3721
3727
4315
3727
2273
5524
4315
3909
4763
5258
6731
3821
5258
4431
4763
4431
5258
5258
5139
5005
4763
5258
5804
5672
2165
5524
5258
5804
6731
5804
5804
7806
8015
7072
7806
9511
9511
5672
6731

4210
3821
3814
3821
4423
3821
2328
5662
4423
4007
4882
5389
6899
3916
5389
4542
4883
4542
5389
5389
5267
5130
4883
5389
5949
5814
2218
5662
5389
5949
6899
5949
5949
8001
8215
7248
8001
9748
9748
5814
6899

4315 4423 4534 4647 4763 4882 5005
3916 4014 4114 4217 4323 4431 4542
3909 4007 4107 4210 4315 4423 4534
3916 4014 4114 4217 4323 4431 4542
4534 4647 4763 4882 5005 5130 5258
3916 4014 4114 4217 4323 4431 4542
2387 2445 2506 2567 2631 2696
5804 5949 6098 6250 6406 6567 6731
4534 4647 4763 4882 5005 5130 5258
4107 4210 4315 4423 4534 4647 4763
5005 5130 5258 5389 5524 5662 5804
5524 5662 5804 5949 6098 6250 6406
7071 7248 7429 7615 7806 8001 8201
4014 4114 4217 4323 4431 4542 4655
5524 5662 5804 5949 6098 6250 6406
4655 4772 4891 5013 5139 5267 5399
5005 5130 5258 5389 5524 5662 5804
4655 4772 4891 5013 5139 5267 5399
5524 5662 5804 5949 6098 6250 6406
5524 5662 5804 5949 6098 6250 6406
5399 5534 5672 5814 5959 6108 6261
5258 5389 5524 5662 5804 5949 6098
5005 5130 5258 5389 5524 5662 5804
5524 5662 5804 5949 6098 6250 6406
6098 6250 6406 6567 6731 6899 7071
5959 6108 6261 6417 6578 6742 6911
2273 2328 2387 2445 2506 2567
5804 5949 6098 6250 6406 6567 6731
5524 5662 5804 5949 6098 6250 6406
6098 6250 6406 6567 6731 6899 7072
7071 7248 7429 7615 7806 8001 8201
6098 6250 6406 6567 6731 6899 7072
6098 6250 6406 6567 6731 6899 7072
8201 8406 8616 8831 9052 9279 9511
8420 8631 8847 9068 9295 9527 9765
7430 7615 7806 8001 8201 8406 8616
8201 8406 8616 8832 9052 9279 9511
9992 10242 10498 10761 11030 11305 11588
9992 10242 10498 10760 11029 11305 11588
5959 6108 6261 6417 6578 6742 6911
7072 7248 7430 7615 7806 8001 8201

PP0001LS
JUR
CDE PLN SQ#
02

AF

CLASS
CODE

004 005710

CLASSIFICATION TITLE

MOBILE CIVIL SERVICE AS OF 06/23/2026
PAGE
18
(RATES SHOWN IN WHOLE DOLLARS)
GRD/
A
B
C
D
E
F
G
H
I
J
K
L
M
N
O
P
Q
R
S
T
RNG
________________________________________________________________________________________________________________________
A
A.5
B
B.5
C
C.5
D
D.5
E
E.5
F
F.5
G
G.5
H
H.5
I
I.5
J

SMALL BUSINESS DEV MANAGR

19.0

4323

4431

4542

4655

4772

4891

5013

5139

5267

5399

5534

5672

5814

5959

12.0
37.0
10.0
10.0
10.0
12.0
13.0
12.0
12.0
11.0
16.0
16.0
18.0
18.0
16.0
18.0
13.0
15.0
13.0
50.5
15.0
23.0
19.0
24.0
22.0
12.0
20.0
44.0
15.0
41.0
42.0
12.0
12.0
12.0
12.0
12.0
12.0

3059
1738
3130
2676
2907
3630
3214
3455
3630
3455
4423
3727
4882
4114
3727
4114
3814
3548
3630
3358
4210
7248
5130
6742
5534
3059
4542
2445
3548
2112
2218
3455
2627
2953
3209
2366
2667

3136
1781
3209
2742
2979
3721
3294
3542
3721
3542
4534
3821
5005
4217
3821
4217
3909
3637
3721
3440
4315
7429
5258
6911
5672
3136
4655
2506
3637
2165
2273
3542
2693
3027
3289
2425
2733

3214
1824
3289
2811
3054
3814
3377
3630
3814
3630
4647
3916
5130
4323
3916
4323
4007
3727
3814
3526
4423
7615
5389
7084
5814
3214
4772
2567
3727
2218
2328
3630
2760
3103
3371
2486
2802

3294
1870
3371
2881
3130
3909
3461
3721
3909
3721
4763
4014
5258
4431
4014
4431
4107
3821
3909
3612
4534
7806
5524
7261
5959
3294
4891
2631
3821
2273
2387
3721
2829
3180
3455
2548
2872

3377
1916
3455
2953
3209
4007
3548
3814
4007
3814
4882
4114
5389
4542
4114
4542
4210
3916
4007
3703
4647
8001
5662
7442
6108
3377
5013
2696
3916
2328
2445
3814
2900
3260
3542
2612
2944

3461
1964
3542
3027
3289
4107
3637
3909
4107
3909
5005
4217
5524
4655
4217
4655
4315
4014
4107
3793
4763
8201
5804
7628
6261
3461
5139
2763
4014
2387
2506
3909
2972
3342
3630
2677
3017

3548
2011
3630
3103
3371
4210
3727
4007
4210
4007
5130
4323
5662
4772
4323
4772
4423
4114
4210
3888
4882
8406
5949
7819
6417
3548
5267
2830
4114
2445
2567
4007
3047
3425
3721
2744
3093

3637
2062
3721
3180
3455
4315
3821
4107
4315
4107
5258
4431
5804
4891
4431
4891
4534
4217
4315
3982
5005
8616
6098
8015
6578
3637
5399
2901
4217
2506
2631
4107
3123
3511
3814
2813
3170

3727
2112
3814
3260
3542
4423
3916
4210
4423
4210
5389
4542
5949
5013
4542
5013
4647
4323
4423
4082
5130
8831
6250
8215
6742
3727
5534
2972
4323
2567
2696
4210
3201
3599
3909
2883
3249

3821
2165
3909
3342
3630
4534
4014
4315
4534
4315
5524
4655
6098
5139
4655
5139
4763
4431
4534
4182
5258
9052
6406
8420
6911
3821
5672
3046
4431
2631
2763
4315
3281
3688
4007
2955
3331

3916
2218
4007
3425
3721
4647
4114
4423
4647
4423
5662
4772
6250
5267
4772
5267
4882
4542
4647
4286
5389
9279
6567
8631
7084
3916
5814
3120
4542
2696
2830
4423
3363
3781
4107
3029
3414

4014
2273
4107
3511
3814
4763
4217
4534
4763
4534
5804
4891
6406
5399
4891
5399
5005
4655
4763
4391
5524
9511
6731
8847
7261
4014
5959
3198
4655
2763
2901
4534
3447
3875
4210
3105
3499

4114
2328
4210
3599
3909
4882
4323
4647
4882
4647
5949
5013
6567
5534
5013
5534
5130
4772
4883
4500
5662
9748
6899
9068
7442
4114
6108
3276
4772
2830
2972
4647
3533
3972
4315
3182
3587

4217 4323 4431 4542 4655 4772 4891
2387 2445 2506 2567 2631 2696
4315 4423 4534 4647 4763 4883 5005
3688 3781 3875 3972 4071 4173 4278
4007 4107 4210 4315 4423 4534 4647
5005 5130 5258 5389 5524 5662 5804
4431 4542 4655 4772 4891 5013 5139
4763 4883 5005 5130 5258 5389 5524
5005 5130 5258 5389 5524 5662 5804
4763 4882 5005 5130 5258 5389 5524
6098 6250 6406 6567 6731 6899 7071
5139 5267 5399 5534 5672 5814 5959
6731 6899 7071 7248 7429 7615 7806
5672 5814 5959 6108 6261 6417 6578
5139 5267 5399 5534 5672 5814 5959
5672 5814 5959 6108 6261 6417 6578
5258 5389 5524 5662 5804 5949 6098
4891 5013 5139 5267 5399 5534 5672
5005 5130 5258 5389 5524 5662 5804
4610 4725 4841 4962 5083 5210
5804 5949 6098 6250 6406 6567 6731
9992 10242 10498 10760 11029 11305 11588
7071 7248 7429 7615 7806 8001 8201
9295 9527 9765 10009 10260 10516 10779
7628 7819 8015 8215 8420 8631 8847
4217 4323 4431 4542 4655 4772 4891
6261 6417 6578 6742 6911 7084 7261
3358 3440 3526 3612 3703 3793
4891 5013 5139 5267 5399 5534 5672
2901 2972 3046 3120 3198 3276
3046 3120 3198 3276 3358 3440
4763 4883 5005 5130 5258 5389 5524
3622 3712 3805 3900 3998 4098 4200
4071 4173 4278 4385 4494 4607 4722
4423 4534 4647 4763 4882 5005 5130
3262 3343 3427 3513 3601 3691 3783
3676 3768 3863 3959 4058 4160 4264

6108

6261

6417

6578

6742

6911

JUDICIAL AND LEGAL
02
03
05
07
09
01
02
05
01
01
01
02
01
02
02
02
01
02
05
04
01
01
01
02
02
02
02
03
02
03
04
05
06
07
09
10
21

AF
OR
AO
BL
AL
AL
AF
AO
AL
AL
AL
AF
AL
AF
AF
AF
AL
AF
AO
OR
AL
AL
AL
AF
AF
AF
AF
OR
AF
OR
OR
AO
BK
BL
AL
BC
BM

004 006050
000 006050
000 006050
000 006050
000 006050
005 006100
004 006100
000 006100
005 006105
005 006120
005 006132
004 006132
005 006133
004 006133
004 006134
004 006135
005 006150
004 006150
000 006150
000 006165
005 006180
005 006183
005 006190
004 006210
004 006211
004 006220
004 006230
000 006230
004 006250
000 006250
000 006250
000 006250
000 006250
000 006250
000 006250
000 006250
000 006250

COURT CLERK I
COURT CLERK I
COURT CLERK I
COURT CLERK I
COURT CLERK I
COURT CLERK II
COURT CLERK II
COURT CLERK II
HISTORICAL RECORDS TECH
COURT CLERK-PROBATE COURT
PARALEGAL I
PARALEGAL I
PARALEGAL II
PARALEGAL II
PARALEGAL I-COM
PARALEGAL II-COM
COURT CLERK III
COURT CLERK III
COURT CLERK III
COURT CLERK-CHICKASAW
COURT REPORTER I
COURT REPORTER III-PROB
COURT ACCOUNTS DEPT DIR
COURT ADMINISTRATOR
DEP COURT ADMINISTRATR
BAILIFF-MUNICIPAL COURT
MAGISTRATE SUPV
MAGISTRATE SUPV
MAGISTRATE I
MAGISTRATE I
MAGISTRATE I
MAGISTRATE I
MAGISTRATE I
MAGISTRATE I
MAGISTRATE I
MAGISTRATE I
MAGISTRATE I

PP0001LS
JUR
CDE PLN SQ#
02
03
06
21
02
05
01
01
01
01
01
01
01
01
02
02
01
01
01
01
01
01
01
02
02
02
01
01
01
01
01
01
01
01
01
01
01
01
01
01
01

AF
OR
BK
BM
AF
AO
AL
AL
AL
AL
AL
AL
AL
AL
AF
AF
AL
AL
AL
AL
AL
AL
AL
AF
AF
AF
AL
AL
AL
AL
AL
AL
AL
AL
AL
AL
AL
AL
AL
AL
AL

CLASS
CODE

CLASSIFICATION TITLE

004 006251
MAGISTRATE II
000 006251
MAGISTRATE II
000 006251
MAGISTRATE II
000 006251
MAGISTRATE II
004 006260
COURT OPERATIONS SUPV
000 006260
COURT OPERATIONS SUPV
005 006270
CHIEF CLERK-PROBATE COURT
005 006273
CHIEF DEP CLERK- PROBATE
005 006274
CHIEF OF STAFF-PROBATE CT
005 006275
CHIEF DEPUTY-REVENUE COMM
005 006276
ELECTIONS/REC/ARCH ADM-PC
005 006277
JUDICIAL ADMIN-PROBATE CT
005 006290
JUDICIAL COORDINATOR-PROB
005 006291
JUVENILE COURT PSYCHOLGST
004 006310
PROBATION OFFICER
004 006320
PROBATION SUPERVISOR
005 006410
STAFF/PROG DEV COORD
005 006411
TRANSITIONAL PROGRAM COOR
005 006450
DIR OF JUV DETENTION SVCS
005 006451
DIR OF JUV COURT SRVCS
005 006470
COURT THERAPIST
005 006500
JUVENILE COURT OFFICER
005 006501
CHIEF SECURITY OFF-JUV CT
004 006570
FAM INTERVENT TEAM SPEC
004 006575
FAM INTERVENT TEAM SUPV
004 006580
VICTIM ADVOCATE
005 006600 + YOUTH DET OFFICER I
005 006650
YOUTH DET OFFICER II
005 006652
YOUTH DET OFFICER III
005 006660
YOUTH SERV OFFICER I
005 006670
YOUTH SERV OFFICER II
005 006680
YOUTH SERV OFFICER III
005 006681
JUVENILE DETENTION OFFICR
005 006682
JUVENILE DETENTION COORD
005 006683
JUVENILE DETENTION SUPV
005 006700
SUPT OF DETENTION
005 006705
ASST SUPT OF DETENTION
005 006730
ASST CRT ACCTS DEPT ADMIN
005 006750
JUDICIAL SUP-INVEST/RECOV
008 006770
WARRANT OFFICER I
008 006776
WARRANT OFFICER II

MOBILE CIVIL SERVICE AS OF 06/23/2026
PAGE
19
(RATES SHOWN IN WHOLE DOLLARS)
GRD/
A
B
C
D
E
F
G
H
I
J
K
L
M
N
O
P
Q
R
S
T
RNG
________________________________________________________________________________________________________________________
A
A.5
B
B.5
C
C.5
D
D.5
E
E.5
F
F.5
G
G.5
H
H.5
I
I.5
J
17.0
42.0
14.0
14.0
19.0
17.0
26.0
26.0
26.0
26.0
25.0
25.0
19.0
22.0
18.0
22.0
21.0
20.0
26.0
24.0
21.0
12.0
15.0
19.0
19.0
17.0
12.0
13.0
16.0
15.0
16.0
19.0
12.0
14.0
16.0
23.0
21.0
14.0
14.0
13.0
14.0

3916
2218
2900
2944
4323
4423
9748
9748
9748
9748
8831
8831
5130
6567
4114
5534
5949
5389
9748
8001
5949
3630
4210
4323
4323
3916
3630
3814
4423
4210
4423
5130
3630
4007
4423
7248
5949
4007
4007
4107
4315

4014 4114 4217 4323 4431 4542 4655 4772 4891 5013 5139 5267 5399 5534 5672 5814 5959 6108 6261
2273 2328 2387 2445 2506 2567 2631 2696 2763 2830 2901 2972 3046 3120 3198 3276 3358 3440
2972 3047 3123 3201 3281 3363 3447 3533 3622 3712 3805 3900 3998 4098 4200 4305 4413 4523 4636
3017 3093 3170 3249 3331 3414 3499 3587 3676 3768 3863 3959 4058 4160 4264 4370 4479 4591 4706
4431 4542 4655 4772 4891 5013 5139 5267 5399 5534 5672 5814 5959 6108 6261 6417 6578 6742 6911
4534 4647 4763 4883 5005 5130 5258 5389 5524 5662 5804 5949 6098 6250 6406 6567 6731 6899 7072
9992 10242 10498 10760 11029 11305 11588 11877 12174 12479 12791 13111 13438 13774 14119 14472 14833 15204 15584
9992 10242 10498 10760 11029 11305 11588 11877 12174 12479 12791 13111 13438 13774 14119 14472 14833 15204 15584
9992 10242 10498 10760 11029 11305 11588 11877 12174 12479 12791 13111 13438 13774 14119 14472 14833 15204 15584
9992 10242 10498 10760 11029 11305 11588 11877 12174 12479 12791 13111 13438 13774 14119 14472 14833 15204 15584
9052 9279 9511 9748 9992 10242 10498 10760 11029 11305 11588 11877 12174 12479 12791 13111 13438 13774 14119
9052 9279 9511 9748 9992 10242 10498 10760 11029 11305 11588 11877 12174 12479 12791 13111 13438 13774 14119
5258 5389 5524 5662 5804 5949 6098 6250 6406 6567 6731 6899 7071 7248 7429 7615 7806 8001 8201
6731 6899 7071 7248 7429 7615 7806 8001 8201 8406 8616 8831 9052 9279 9511 9748 9992 10242 10498
4217 4323 4431 4542 4655 4772 4891 5013 5139 5267 5399 5534 5672 5814 5959 6108 6261 6417 6578
5672 5814 5959 6108 6261 6417 6578 6742 6911 7084 7261 7442 7628 7819 8015 8215 8420 8631 8847
6098 6250 6406 6567 6731 6899 7071 7248 7429 7615 7806 8001 8201 8406 8616 8831 9052 9279 9511
5524 5662 5804 5949 6098 6250 6406 6567 6731 6899 7071 7248 7429 7615 7806 8001 8201 8406 8616
9992 10242 10498 10760 11029 11305 11588 11877 12174 12479 12791 13111 13438 13774 14119 14472 14833 15204 15584
8201 8406 8616 8831 9052 9279 9511 9748 9992 10242 10498 10760 11029 11305 11588 11877 12174 12479 12791
6098 6250 6406 6567 6731 6899 7071 7248 7429 7615 7806 8001 8201 8406 8616 8831 9052 9279 9511
3721 3814 3909 4007 4107 4210 4315 4423 4534 4647 4763 4882 5005 5130 5258 5389 5524 5662 5804
4315 4423 4534 4647 4763 4882 5005 5130 5258 5389 5524 5662 5804 5949 6098 6250 6406 6567 6731
4431 4542 4655 4772 4891 5013 5139 5267 5399 5534 5672 5814 5959 6108 6261 6417 6578 6742 6911
4431 4542 4655 4772 4891 5013 5139 5267 5399 5534 5672 5814 5959 6108 6261 6417 6578 6742 6911
4014 4114 4217 4323 4431 4542 4655 4772 4891 5013 5139 5267 5399 5534 5672 5814 5959 6108 6261
3721 3814 3909 4007 4107 4210 4315 4423 4534 4647 4763 4882 5005 5130 5258 5389 5524 5662 5804
3909 4007 4107 4210 4315 4423 4534 4647 4763 4882 5005 5130 5258 5389 5524 5662 5804 5949 6098
4534 4647 4763 4882 5005 5130 5258 5389 5524 5662 5804 5949 6098 6250 6406 6567 6731 6899 7071
4315 4423 4534 4647 4763 4882 5005 5130 5258 5389 5524 5662 5804 5949 6098 6250 6406 6567 6731
4534 4647 4763 4882 5005 5130 5258 5389 5524 5662 5804 5949 6098 6250 6406 6567 6731 6899 7071
5258 5389 5524 5662 5804 5949 6098 6250 6406 6567 6731 6899 7071 7248 7429 7615 7806 8001 8201
3721 3814 3909 4007 4107 4210 4315 4423 4534 4647 4763 4882 5005 5130 5258 5389 5524 5662 5804
4107 4210 4315 4423 4534 4647 4763 4882 5005 5130 5258 5389 5524 5662 5804 5949 6098 6250 6406
4534 4647 4763 4882 5005 5130 5258 5389 5524 5662 5804 5949 6098 6250 6406 6567 6731 6899 7071
7429 7615 7806 8001 8201 8406 8616 8831 9052 9279 9511 9748 9992 10242 10498 10760 11029 11305 11588
6098 6250 6406 6567 6731 6899 7071 7248 7429 7615 7806 8001 8201 8406 8616 8831 9052 9279 9511
4107 4210 4315 4423 4534 4647 4763 4882 5005 5130 5258 5389 5524 5662 5804 5949 6098 6250 6406
4107 4210 4315 4423 4534 4647 4763 4882 5005 5130 5258 5389 5524 5662 5804 5949 6098 6250 6406
4210 4315 4423 4534 4647 4763 4882 5005 5130 5258 5389 5524 5662 5804 5949 6098 6250 6406 6567
4423 4534 4647 4763 4882 5005 5130 5258 5389 5524 5662 5804 5949 6098 6250 6406 6567 6731 6899

PP0001LS
JUR
CDE PLN SQ#
01
01
01
01
01
01
11
01
01
01
01
02
01

AL
AL
AL
AL
AL
AL
AO
AL
AL
AL
AL
AF
AL

CLASS
CODE

008 006778
005 006800
005 006850
005 006855
005 006885
005 006889
000 006889
005 006925
005 006926
005 006927
005 006930
004 006930
005 006940

CLASSIFICATION TITLE

MOBILE CIVIL SERVICE AS OF 06/23/2026
PAGE
20
(RATES SHOWN IN WHOLE DOLLARS)
GRD/
A
B
C
D
E
F
G
H
I
J
K
L
M
N
O
P
Q
R
S
T
RNG
________________________________________________________________________________________________________________________
A
A.5
B
B.5
C
C.5
D
D.5
E
E.5
F
F.5
G
G.5
H
H.5
I
I.5
J

CHIEF WARRANT OFFICER
COURT INVESTIGATOR
COURT INVESTIGATOR II
CHIEF COURT INVESTIGATOR
ATTORNEY
SENIOR ATTORNEY
SENIOR ATTORNEY
SUPV-CIVIL PROCEEDINGS
CIVIL DIVISION MANAGER
CIVIL DIVISION DIRECTOR
RECORDING SUPERVISOR
RECORDING SUPERVISOR
ADMIN ASST-PROB CRT

18.0
16.0
17.0
18.0
22.0
23.0
26.0
14.0
20.0
23.0
19.0
16.0
25.0

5258
4423
4647
4882
6567
7248
9279
4007
5389
7248
5130
3727
8831

5389
4534
4763
5005
6731
7429
9511
4107
5524
7429
5258
3821
9052

5524
4647
4882
5130
6899
7615
9748
4210
5662
7615
5389
3916
9279

5662 5804 5949 6098 6250 6406 6567 6731 6899 7071 7248 7429 7615 7806 8001 8201 8406
4763 4882 5005 5130 5258 5389 5524 5662 5804 5949 6098 6250 6406 6567 6731 6899 7071
5005 5130 5258 5389 5524 5662 5804 5949 6098 6250 6406 6567 6731 6899 7071 7248 7429
5258 5389 5524 5662 5804 5949 6098 6250 6406 6567 6731 6899 7071 7248 7429 7615 7806
7071 7248 7429 7615 7806 8001 8201 8406 8616 8831 9052 9279 9511 9748 9992 10242 10498
7806 8001 8201 8406 8616 8831 9052 9279 9511 9748 9992 10242 10498 10760 11029 11305 11588
9992 10242 10498 10761 11030 11305 11588 11878 12175 12479 12791 13111 13439 13775 14119 14472 14834
4315 4423 4534 4647 4763 4882 5005 5130 5258 5389 5524 5662 5804 5949 6098 6250 6406
5804 5949 6098 6250 6406 6567 6731 6899 7071 7248 7429 7615 7806 8001 8201 8406 8616
7806 8001 8201 8406 8616 8831 9052 9279 9511 9748 9992 10242 10498 10760 11029 11305 11588
5524 5662 5804 5949 6098 6250 6406 6567 6731 6899 7071 7248 7429 7615 7806 8001 8201
4014 4114 4217 4323 4431 4542 4655 4772 4891 5013 5139 5267 5399 5534 5672 5814 5959
9511 9748 9992 10242 10498 10760 11029 11305 11588 11877 12174 12479 12791 13111 13438 13774 14119

10.0
12.0
12.0
26.0
20.0
17.0
12.0
21.0
14.0
12.0
14.0
20.0

2771
3630
3059
8215
4542
3916
3059
5013
3377
3059
3377
4542

2841
3721
3136
8420
4655
4014
3136
5139
3461
3136
3461
4655

2912
3814
3214
8631
4772
4114
3214
5267
3548
3214
3548
4772

2985
3909
3294
8847
4891
4217
3294
5399
3637
3294
3637
4891

3059
4007
3377
9068
5013
4323
3377
5534
3727
3377
3727
5013

3136
4107
3461
9295
5139
4431
3461
5672
3821
3461
3821
5139

3214
4210
3548
9527
5267
4542
3548
5814
3916
3548
3916
5267

3294 3377 3461 3548 3637 3727 3821 3916 4014 4114 4217 4323 4431
4315 4423 4534 4647 4763 4882 5005 5130 5258 5389 5524 5662 5804
3637 3727 3821 3916 4014 4114 4217 4323 4431 4542 4655 4772 4891
9765 10009 10260 10516 10779 11048 11325 11608 11898 12196 12500 12813 13133
5399 5534 5672 5814 5959 6108 6261 6417 6578 6742 6911 7084 7261
4655 4772 4891 5013 5139 5267 5399 5534 5672 5814 5959 6108 6261
3637 3727 3821 3916 4014 4114 4217 4323 4431 4542 4655 4772 4891
5959 6108 6261 6417 6578 6742 6911 7084 7261 7442 7628 7819 8015
4014 4114 4217 4323 4431 4542 4655 4772 4891 5013 5139 5267 5399
3637 3727 3821 3916 4014 4114 4217 4323 4431 4542 4655 4772 4891
4014 4114 4217 4323 4431 4542 4655 4772 4891 5013 5139 5267 5399
5399 5534 5672 5814 5959 6108 6261 6417 6578 6742 6911 7084 7261

9.0
9.0
9.0
9.0
44.0
10.0
10.0
10.0
4.0
4.0

2040
2265
2547
2040
2445
2380
2907
2144
1770
2841

2091
2322
2610
2091
2506
2440
2979
2197
1814
2912

2144
2380
2676
2144
2567
2501
3054
2252
1859
2985

2197
2440
2742
2197
2631
2563
3130
2308
1906
3059

2252
2501
2811
2252
2696
2627
3209
2366
1953
3136

2308
2563
2881
2308
2763
2693
3289
2425
2002
3214

2366
2627
2953
2366
2830
2760
3371
2486
2052
3294

2425
2693
3027
2425
2901
2829
3455
2548
2104
3377

RACING COMMISSION
19
01
02
19
19
19
19
19
19
19
19
19

AF
AL
AF
AF
AF
AF
AF
AF
AF
AF
AF
AF

004 008050
005 008051
004 008051
004 008100
004 008200
004 008250
004 008260
004 008270
004 008280
004 008300
004 008350
004 008360

VETERINARIAN ASSISTANT
VETERINARY TECHNICIAN
VETERINARY TECHNICIAN
VETERINARIAN
RACING COMMISSION JUDGE
ASST RACING COMM JUDGE
RACING COMMISSION COORD
SIMULCAST OFFICIAL
SIMULCAST ASSISTANT
RACING INSPECTOR I
RACING INSPECTOR II
CHIEF RACING INSPECTOR
LIBRARY

10
06
07
10
04
06
09
10
06
20

BC
BK
BL
BC
OR
BK
AL
BC
BK
AF

000 009019
000 009021
000 009021
000 009021
000 009022
000 009022
000 009022
000 009022
000 009060
017 009060

LIBRARY ASST-MT VERNON
LIBRARY ASSISTANT
LIBRARY ASSISTANT
LIBRARY ASSISTANT
LIBRARY OPERATIONS COORD
LIBRARY OPERATIONS COORD
LIBRARY OPERATIONS COORD
LIBRARY OPERATIONS COORD
LIBRARY PAGE
LIBRARY PAGE

2486
2760
3103
2486
2972
2900
3542
2612
2156
3461

2548
2829
3180
2548
3046
2972
3630
2677
2210
3548

2612
2900
3260
2612
3120
3047
3721
2744
2265
3637

2677
2972
3342
2677
3198
3123
3814
2813
2322
3727

2744
3047
3425
2744
3276
3201
3909
2883
2380
3821

2813
3123
3511
2813
3358
3281
4007
2955
2440
3916

2883
3201
3599
2883
3440
3363
4107
3029
2501
4014

2955
3281
3688
2955
3526
3447
4210
3105
2563
4114

3029
3363
3781
3029
3612
3533
4315
3182
2627
4217

3105
3447
3875
3105
3703
3622
4423
3262
2693
4323

3182
3533
3972
3182
3793
3712
4534
3343
2760
4431

3262
3622
4071
3262
3805
4647
3427
2829
4542

PP0001LS
JUR
CDE PLN SQ#
20
20
20
20
20
20
20
20
20
01
02
16
20
20

AF
AF
AF
AF
AF
AF
AF
AF
AF
AL
AF
AM
AF
AF

CLASS
CODE

004 009200
004 009202
004 009250
004 009300
004 009350
004 009400
004 009500
004 009600
004 009650
005 009700
004 009700
000 009700
004 009700
004 009800

CLASSIFICATION TITLE

MOBILE CIVIL SERVICE AS OF 06/23/2026
PAGE
21
(RATES SHOWN IN WHOLE DOLLARS)
GRD/
A
B
C
D
E
F
G
H
I
J
K
L
M
N
O
P
Q
R
S
T
RNG
________________________________________________________________________________________________________________________
A
A.5
B
B.5
C
C.5
D
D.5
E
E.5
F
F.5
G
G.5
H
H.5
I
I.5
J

LIBRARY ASSOCIATE I
LIBRARY ASSOCIATE II
LIBRARY HISTORIAN
LIBRARIAN I
LIBRARIAN II
LIBRARIAN III
LIBRARIAN IV
LIBRARY DIRECTOR
LIBRARY BUSINESS MANAGER
PUB RELATIONS OFFICER
PUB RELATIONS OFFICER
PUB RELATIONS OFFICER
PUB RELATIONS OFFICER
LIBRARY MAINT MECHANIC

12.0
14.0
19.0
17.0
19.0
21.0
23.0
27.0
18.0
18.0
18.0
18.0
18.0
13.0

3059
3377
4323
3916
4323
5013
6108
9068
4114
4882
4114
4423
4114
3214

3136
3461
4431
4014
4431
5139
6261
9295
4217
5005
4217
4534
4217
3294

3214
3548
4542
4114
4542
5267
6417
9527
4323
5130
4323
4647
4323
3377

3294 3377 3461 3548 3637 3727 3821 3916 4014 4114 4217 4323 4431 4542 4655 4772 4891
3637 3727 3821 3916 4014 4114 4217 4323 4431 4542 4655 4772 4891 5013 5139 5267 5399
4655 4772 4891 5013 5139 5267 5399 5534 5672 5814 5959 6108 6261 6417 6578 6742 6911
4217 4323 4431 4542 4655 4772 4891 5013 5139 5267 5399 5534 5672 5814 5959 6108 6261
4655 4772 4891 5013 5139 5267 5399 5534 5672 5814 5959 6108 6261 6417 6578 6742 6911
5399 5534 5672 5814 5959 6108 6261 6417 6578 6742 6911 7084 7261 7442 7628 7819 8015
6578 6742 6911 7084 7261 7442 7628 7819 8015 8215 8420 8631 8847 9068 9295 9527 9765
9765 10009 10260 10516 10779 11048 11325 11608 11898 12196 12500 12813 13133 13462 13798 14143 14497
4431 4542 4655 4772 4891 5013 5139 5267 5399 5534 5672 5814 5959 6108 6261 6417 6578
5258 5389 5524 5662 5804 5949 6098 6250 6406 6567 6731 6899 7071 7248 7429 7615 7806
4431 4542 4655 4772 4891 5013 5139 5267 5399 5534 5672 5814 5959 6108 6261 6417 6578
4763 4883 5005 5130 5258 5389 5524 5662 5804 5949 6098 6250 6406 6567 6731 6899 7072
4431 4542 4655 4772 4891 5013 5139 5267 5399 5534 5672 5814 5959 6108 6261 6417 6578
3461 3548 3637 3727 3821 3916 4014 4114 4217 4323 4431 4542 4655 4772 4891 5013 5139

33.0
33.5
8.0
8.0
8.0
8.0
8.0
34.0
35.5
9.0
9.0
9.0
9.0
9.0
10.0
11.0
10.0
8.0
33.0
34.5
8.0
8.0
8.0
10.0

1429
1465
2836
2156
2424
2633
2189
1501
1615
2979
2265
2547
2040
2300
3130
2811
2144
2841
1429
1538
2836
2424
2979
2841

1465
1501
2907
2210
2484
2699
2243
1538
1655
3054
2322
2610
2091
2357
3209
2881
2197
2912
1465
1576
2907
2484
3054
2912

1501
1538
2979
2265
2547
2767
2300
1576
1696
3130
2380
2676
2144
2416
3289
2953
2252
2985
1501
1615
2979
2547
3130
2985

1538
1576
3054
2322
2610
2836
2357
1615
1738
3209
2440
2742
2197
2476
3371
3027
2308
3059
1538
1655
3054
2610
3209
3059

PARKS AND RECREATION
03
04
05
06
07
09
21
03
04
05
06
07
10
21
05
07
10
02
03
04
05
07
13
02

OR
OR
AO
BK
BL
AL
BM
OR
OR
AO
BK
BL
BC
BM
AO
BL
BC
AF
OR
OR
AO
BL
AQ
AF

000 010050
SENIOR CITIZENS AIDE I
000 010050
SENIOR CITIZENS AIDE I
000 010050
SENIOR CITIZENS AIDE I
000 010050
SENIOR CITIZENS AIDE I
000 010050
SENIOR CITIZENS AIDE I
000 010050
SENIOR CITIZENS AIDE I
000 010050
SENIOR CITIZENS AIDE I
000 010060
SENIOR CITIZENS AIDE II
000 010060
SENIOR CITIZENS AIDE II
000 010060
SENIOR CITIZENS AIDE II
000 010060
SENIOR CITIZENS AIDE II
000 010060
SENIOR CITIZENS AIDE II
000 010060
SENIOR CITIZENS AIDE II
000 010060
SENIOR CITIZENS AIDE II
000 010065
COMMUNITY CENTR PROG SUPV
000 010065
COMMUNITY CENTR PROG SUPV
000 010065
COMMUNITY CENTR PROG SUPV
009 010100
RECREATION LEADER I
000 010100
RECREATION LEADER I
000 010100
RECREATION LEADER I
000 010100
RECREATION LEADER I
000 010100 + RECREATION LEADER I
000 010100 + RECREATION LEADER I
005 010150
RECREATION LEADER II

1576
1615
3130
2380
2676
2907
2416
1655
1781
3289
2501
2811
2252
2538
3455
3103
2366
3136
1576
1696
3130
2676
3289
3136

1615
1655
3209
2440
2742
2979
2476
1696
1824
3371
2563
2881
2308
2602
3542
3180
2425
3214
1615
1738
3209
2742
3371
3214

1655
1696
3289
2501
2811
3054
2538
1738
1870
3455
2627
2953
2366
2667
3630
3260
2486
3294
1655
1781
3289
2811
3455
3294

1696
1738
3371
2563
2881
3130
2602
1781
1916
3542
2693
3027
2425
2733
3721
3342
2548
3377
1696
1824
3371
2881
3542
3377

1738
1781
3455
2627
2953
3209
2667
1824
1964
3630
2760
3103
2486
2802
3814
3425
2612
3461
1738
1870
3455
2953
3630
3461

1781
1824
3542
2693
3027
3289
2733
1870
2011
3721
2829
3180
2548
2872
3909
3511
2677
3548
1781
1916
3542
3027
3721
3548

1824
1870
3630
2760
3103
3371
2802
1916
2062
3814
2900
3260
2612
2944
4007
3599
2744
3637
1824
1964
3630
3103
3814
3637

1870
1916
3721
2829
3180
3455
2872
1964
2112
3909
2972
3342
2677
3017
4107
3688
2813
3727
1870
2011
3721
3180
3909
3727

1916
1964
3814
2900
3260
3542
2944
2011
2165
4007
3047
3425
2744
3093
4210
3781
2883
3821
1916
2062
3814
3260
4007
3821

1964
2011
3909
2972
3342
3630
3017
2062
2218
4107
3123
3511
2813
3170
4315
3875
2955
3916
1964
2112
3909
3342
4107
3916

2011
2062
4007
3047
3425
3721
3093
2112
2273
4210
3201
3599
2883
3249
4423
3972
3029
4014
2011
2165
4007
3425
4210
4014

2062
2112
4107
3123
3511
3814
3170
2165
2328
4315
3281
3688
2955
3331
4534
4071
3105
4114
2062
2218
4107
3511
4315
4114

2112
2165
4210
3201
3599
3909
3249
2218
2387
4423
3363
3781
3029
3414
4647
4173
3182
4217
2112
2273
4210
3599
4423
4217

2165
2218
4315
3281
3688
4007
3331
2273
2445
4534
3447
3875
3105
3499
4763
4278
3262
4323
2165
2328
4315
3688
4534
4323

2218
2273
4423
3363
3781
4107
3414
2328
2506
4647
3533
3972
3182
3587
4883
4385
3343
4431
2218
2387
4423
3781
4647
4431

4534
3447
3875
4210
3499
4763
3622
4071
3262
3676
5005
4494
3427
4542
4534
3875
4763
4542

PP0001LS
JUR
CDE PLN SQ#
03
04
05
01
02
06
01
02
03
02
02
01
02
06
02
03
06
03
06
01
02
03
02
03
01
02
01
02
03
02
03
06
02
03
04
05
02
02
01
01
01

OR
OR
AO
AL
AF
BK
AL
AF
OR
AF
AF
AL
AF
BK
AF
OR
BK
OR
BK
AL
AF
OR
AF
OR
AL
AF
AL
AF
OR
AF
OR
BK
AF
OR
OR
AO
AF
AF
AL
AL
AL

CLASS
CODE

CLASSIFICATION TITLE

000 010150
RECREATION LEADER II
000 010150
RECREATION LEADER II
000 010150
RECREATION LEADER II
005 010151
GOLF COURSE SUPT-MOB CNTY
004 010152
GOLF COURSE SUPERINTENDNT
000 010152
GOLF COURSE SUPERINTENDNT
005 010153
ASST GOLF COURSE SUPT
004 010153
ASST GOLF COURSE SUPT
000 010153
ASST GOLF COURSE SUPT
004 010154
GOLF PROFESSIONAL
004 010155
ASST GOLF PROFESSIONAL
005 010157
GOLF PROFESSIONL-MOB CNTY
004 010158
GOLF COURSE MAINT SUPV
000 010158
GOLF COURSE MAINT SUPV
011 010160
GOLF COURSE ATTENDANT I
000 010160
GOLF COURSE ATTENDANT I
000 010160
GOLF COURSE ATTENDANT I
000 010165
GOLF COURSE ATTENDANT II
000 010165
GOLF COURSE ATTENDANT II
005 010166
GOLF COURSE WORKER I
007 010166
GOLF COURSE WORKER I
000 010166
GOLF COURSE WORKER I
005 010167
GOLF COURSE WORKER II
000 010167
GOLF COURSE WORKER II
005 010168
GOLF COURSE RANGER
013 010168
GOLF COURSE RANGER
005 010200
SPORTS COORDINATOR I
004 010200
SPORTS COORDINATOR I
000 010200 + SPORTS COORDINATOR I
004 010225
SPORTS COORDINATOR II
000 010225
SPORTS COORDINATOR II
000 010225
SPORTS COORDINATOR II
004 010250
ACTIVITIES SPECIALIST I
000 010250
ACTIVITIES SPECIALIST I
000 010250
ACTIVITIES SPECIALIST I
000 010250 + ACTIVITIES SPECIALIST I
004 010252
ACTIVITIES SPECIALIST II
004 010260
THERAPEUTIC REC SPEC
005 010280
ATHLETIC FIELD MAINT SUPV
005 010285
ATHLETIC FIELD ATTNDNT II
005 010290
ATHLETIC FIELD ATTNDNT I

MOBILE CIVIL SERVICE AS OF 06/23/2026
PAGE
22
(RATES SHOWN IN WHOLE DOLLARS)
GRD/
A
B
C
D
E
F
G
H
I
J
K
L
M
N
O
P
Q
R
S
T
RNG
________________________________________________________________________________________________________________________
A
A.5
B
B.5
C
C.5
D
D.5
E
E.5
F
F.5
G
G.5
H
H.5
I
I.5
J
34.0
36.0
10.0
20.0
23.0
22.0
16.0
20.0
40.0
23.0
20.0
21.0
13.0
13.0
7.0
33.0
7.0
34.0
10.0
9.0
9.0
33.0
10.0
35.0
5.0
6.0
13.0
13.0
33.0
15.0
35.0
15.0
13.0
33.0
34.5
13.0
15.0
16.0
16.0
11.0
9.0

1501
1655
3130
5389
6108
4752
4423
4542
2011
6108
4542
5949
3214
2760
2841
1429
2052
1501
2380
3130
2841
1429
2841
1576
2569
2841
3814
3214
1429
3548
1576
3047
3214
1429
1538
3630
3548
3727
4423
3455
3130

1538
1696
3209
5524
6261
4871
4534
4655
2062
6261
4655
6098
3294
2829
2912
1465
2104
1538
2440
3209
2912
1465
2912
1615
2633
2912
3909
3294
1465
3637
1615
3123
3294
1465
1576
3721
3637
3821
4534
3542
3209

1576
1738
3289
5662
6417
4993
4647
4772
2112
6417
4772
6250
3377
2900
2985
1501
2156
1576
2501
3289
2985
1501
2985
1655
2699
2985
4007
3377
1501
3727
1655
3201
3377
1501
1615
3814
3727
3916
4647
3630
3289

1615
1781
3371
5804
6578
5118
4763
4891
2165
6578
4891
6406
3461
2972
3059
1538
2210
1615
2563
3371
3059
1538
3059
1696
2767
3059
4107
3461
1538
3821
1696
3281
3461
1538
1655
3909
3821
4014
4763
3721
3371

1655
1824
3455
5949
6742
5246
4882
5013
2218
6742
5013
6567
3548
3047
3136
1576
2265
1655
2627
3455
3136
1576
3136
1738
2836
3136
4210
3548
1576
3916
1738
3363
3548
1576
1696
4007
3916
4114
4882
3814
3455

1696
1870
3542
6098
6911
5377
5005
5139
2273
6911
5139
6731
3637
3123
3214
1615
2322
1696
2693
3542
3214
1615
3214
1781
2907
3214
4315
3637
1615
4014
1781
3447
3637
1615
1738
4107
4014
4217
5005
3909
3542

1738
1916
3630
6250
7084
5511
5130
5267
2328
7084
5267
6899
3727
3201
3294
1655
2380
1738
2760
3630
3294
1655
3294
1824
2979
3294
4423
3727
1655
4114
1824
3533
3727
1655
1781
4210
4114
4323
5130
4007
3630

1781
1964
3721
6406
7261
5649
5258
5399
2387
7261
5399
7071
3821
3281
3377
1696
2440
1781
2829
3721
3377
1696
3377
1870
3054
3377
4534
3821
1696
4217
1870
3622
3821
1696
1824
4315
4217
4431
5258
4107
3721

1824
2011
3814
6567
7442
5790
5389
5534
2445
7442
5534
7248
3916
3363
3461
1738
2501
1824
2900
3814
3461
1738
3461
1916
3130
3461
4647
3916
1738
4323
1916
3712
3916
1738
1870
4423
4323
4542
5389
4210
3814

1870
2062
3909
6731
7628
5935
5524
5672
2506
7628
5672
7429
4014
3447
3548
1781
2563
1870
2972
3909
3548
1781
3548
1964
3209
3548
4763
4014
1781
4431
1964
3805
4014
1781
1916
4534
4431
4655
5524
4315
3909

1916
2112
4007
6899
7819
6083
5662
5814
2567
7819
5814
7615
4114
3533
3637
1824
2627
1916
3047
4007
3637
1824
3637
2011
3289
3637
4882
4114
1824
4542
2011
3900
4114
1824
1964
4647
4542
4772
5662
4423
4007

1964
2165
4107
7071
8015
6235
5804
5959
2631
8015
5959
7806
4217
3622
3727
1870
2693
1964
3123
4107
3727
1870
3727
2062
3371
3727
5005
4217
1870
4655
2062
3998
4217
1870
2011
4763
4655
4891
5804
4534
4107

2011
2218
4210
7248
8215
6391
5949
6108
2696
8215
6108
8001
4323
3712
3821
1916
2760
2011
3201
4210
3821
1916
3821
2112
3455
3821
5130
4323
1916
4772
2112
4098
4323
1916
2062
4883
4772
5013
5949
4647
4210

2062
2273
4315
7429
8420
6551
6098
6261
2763
8420
6261
8201
4431
3805
3916
1964
2829
2062
3281
4315
3916
1964
3916
2165
3542
3916
5258
4431
1964
4891
2165
4200
4431
1964
2112
5005
4891
5139
6098
4763
4315

2112
2328
4423
7615
8631
6715
6250
6417
2830
8631
6417
8406
4542
3900
4014
2011
2900
2112
3363
4423
4014
2011
4014
2218
3630
4014
5389
4542
2011
5013
2218
4305
4542
2011
2165
5130
5013
5267
6250
4882
4423

2165
2387
4534
7806
8847
6883
6406
6578
2901
8847
6578
8616
4655
3998
4114
2062
2972
2165
3447
4534
4114
2062
4114
2273
3721
4114
5524
4655
2062
5139
2273
4413
4655
2062
2218
5258
5139
5399
6406
5005
4534

2218
2445
4647
8001
9068
7055
6567
6742
2972
9068
6742
8831
4772
4098
4217
2112
3047
2218
3533
4647
4217
2112
4217
2328
3814
4217
5662
4772
2112
5267
2328
4523
4772
2112
2273
5389
5267
5534
6567
5130
4647

2273
2506
4763
8201
9295
7231
6731
6911
3046
9295
6911
9052
4891
4200
4323
2165
3123
2273
3622
4763
4323
2165
4323
2387
3909
4323
5804
4891
2165
5399
2387
4636
4891
2165
2328
5524
5399
5672
6731
5258
4763

2328
2567
4883
8406
9527
7412
6899
7084
3120
9527
7084
9279
5013
4305
4431
2218
3201
2328
3712
4882
4431
2218
4431
2445
4007
4431
5949
5013
2218
5534
2445
4752
5013
2218
2387
5662
5534
5814
6899
5389
4882

5005
8616
9765
7597
7071
7261
9765
7261
9511
5139
4413
4542
3281
3805
5005
4542
4542
4107
4542
6098
5139
5672
4871
5139
5804
5672
5959
7071
5524
5005

PP0001LS
JUR
CDE PLN SQ#
04
01
02
03
10
02
02
02
02
02
02
02
01
02
05
13
02
02
02
01
04
02
02
02
02
02
02
02
02
20
02
03
04
05
02
03
02
02
02
02
02

OR
AL
AF
OR
BC
AF
AF
AF
AF
AF
AF
AF
AL
AF
AO
AQ
AF
AF
AF
AL
OR
AF
AF
AF
AF
AF
AF
AF
AF
AF
AF
OR
OR
AO
AF
OR
AF
AF
AF
AF
AF

CLASS
CODE

CLASSIFICATION TITLE

000 010290
ATHLETIC FIELD ATTNDNT I
005 010300
RECREATION FACILITY SUPV
004 010300
RECREATION FACILITY SUPV
000 010300
RECREATION FACILITY SUPV
000 010300
RECREATION FACILITY SUPV
004 010360
TENNIS CENTERS SUPERNTEND
004 010362
TENNIS CENTER ASST MGR
009 010364
TENNIS CENTER ATT I
005 010366
TENNIS CENTER ATT II
004 010368
ASST TENNIS PROFESSIONAL
004 010369
TENNIS PROFESSIONAL
004 010370
DIR TENNIS & TOURN PROMO
005 010400
RECREATION PROGRAM SUPV
004 010400
RECREATION PROGRAM SUPV
000 010400
RECREATION PROGRAM SUPV
000 010400 + RECREATION PROGRAM SUPV
004 010405
ATHLETIC PROGRAM SUPERVSR
004 010410
DIR OF PARKS & RECREATION
004 010411
DEP DIR OF PLANNING/ADMIN
005 010412
PARKS & REC ADMINISTRATOR
000 010415
RECREATION DIRECTOR-CHICK
004 010431
DIR MOBILE FILM OFFICE
004 010432
ASST DIR MOBILE FILM OFF
004 010433
FILM OFF LOCATION COORD
004 010445
EVENTS MANAGER
004 010446
EVENTS COORDINATOR- COM
004 010447
ASSISTANT EVENTS MANAGER
004 010448
ASST EVENTS COORDINATOR
004 010449
SPECIAL EVENTS COORD
004 010449
SPECIAL EVENTS COORD
004 010450
RECREATION SUPERINTENDENT
000 010450
RECREATION SUPERINTENDENT
000 010450
RECREATION SUPERINTENDENT
000 010450
RECREATION SUPERINTENDENT
004 010460
COMMUNITY ACTIVITIES SUPV
000 010460
COMMUNITY ACTIVITIES SUPV
004 010465
COMMUNITY ACTIVITIES COOR
004 010468
ASST COMM ACTIVITIES COOR
004 010475
CEMETERY MANAGER
004 010490
URBAN FORESTRY COORD
004 010494
DEP DIR OF URBAN FORESTRY

MOBILE CIVIL SERVICE AS OF 06/23/2026
PAGE
23
(RATES SHOWN IN WHOLE DOLLARS)
GRD/
A
B
C
D
E
F
G
H
I
J
K
L
M
N
O
P
Q
R
S
T
RNG
________________________________________________________________________________________________________________________
A
A.5
B
B.5
C
C.5
D
D.5
E
E.5
F
F.5
G
G.5
H
H.5
I
I.5
J
37.0
11.0
14.0
36.0
11.0
20.0
12.0
8.0
10.0
13.0
20.0
22.0
17.0
17.0
17.0
17.0
17.0
24.0
24.0
23.0
47.0
21.0
19.0
17.0
21.0
17.0
18.0
15.0
17.0
16.0
21.0
43.0
47.0
20.0
17.0
44.0
16.0
12.0
16.0
18.0
23.0

1738
3455
3377
1655
2252
4542
3059
2841
2841
3214
4542
5534
4647
3916
4423
4647
3916
6742
6742
7248
2830
5013
4323
3916
5013
3916
4114
3548
3916
3727
5013
2328
2830
5130
3916
2445
3727
3059
3727
4114
6108

1781
3542
3461
1696
2308
4655
3136
2912
2912
3294
4655
5672
4763
4014
4534
4763
4014
6911
6911
7429
2901
5139
4431
4014
5139
4014
4217
3637
4014
3821
5139
2387
2901
5258
4014
2506
3821
3136
3821
4217
6261

1824
3630
3548
1738
2366
4772
3214
2985
2985
3377
4772
5814
4882
4114
4647
4883
4114
7084
7084
7615
2972
5267
4542
4114
5267
4114
4323
3727
4114
3916
5267
2445
2972
5389
4114
2567
3916
3214
3916
4323
6417

1870
3721
3637
1781
2425
4891
3294
3059
3059
3461
4891
5959
5005
4217
4763
5005
4217
7261
7261
7806
3046
5399
4655
4217
5399
4217
4431
3821
4217
4014
5399
2506
3046
5524
4217
2631
4014
3294
4014
4431
6578

1916
3814
3727
1824
2486
5013
3377
3136
3136
3548
5013
6108
5130
4323
4883
5130
4323
7442
7442
8001
3120
5534
4772
4323
5534
4323
4542
3916
4323
4114
5534
2567
3120
5662
4323
2696
4114
3377
4114
4542
6742

1964
3909
3821
1870
2548
5139
3461
3214
3214
3637
5139
6261
5258
4431
5005
5258
4431
7628
7628
8201
3198
5672
4891
4431
5672
4431
4655
4014
4431
4217
5672
2631
3198
5804
4431
2763
4217
3461
4217
4655
6911

2011
4007
3916
1916
2612
5267
3548
3294
3294
3727
5267
6417
5389
4542
5130
5389
4542
7819
7819
8406
3276
5814
5013
4542
5814
4542
4772
4114
4542
4323
5814
2696
3276
5949
4542
2830
4323
3548
4323
4772
7084

2062
4107
4014
1964
2677
5399
3637
3377
3377
3821
5399
6578
5524
4655
5258
5524
4655
8015
8015
8616
3358
5959
5139
4655
5959
4655
4891
4217
4655
4431
5959
2763
3358
6098
4655
2901
4431
3637
4431
4891
7261

2112
4210
4114
2011
2744
5534
3727
3461
3461
3916
5534
6742
5662
4772
5389
5662
4772
8215
8215
8831
3440
6108
5267
4772
6108
4772
5013
4323
4772
4542
6108
2830
3440
6250
4772
2972
4542
3727
4542
5013
7442

2165
4315
4217
2062
2813
5672
3821
3548
3548
4014
5672
6911
5804
4891
5524
5804
4891
8420
8420
9052
3526
6261
5399
4891
6261
4891
5139
4431
4891
4655
6261
2901
3526
6406
4891
3046
4655
3821
4655
5139
7628

2218
4423
4323
2112
2883
5814
3916
3637
3637
4114
5814
7084
5949
5013
5662
5949
5013
8631
8631
9279
3612
6417
5534
5013
6417
5013
5267
4542
5013
4772
6417
2972
3612
6567
5013
3120
4772
3916
4772
5267
7819

2273
4534
4431
2165
2955
5959
4014
3727
3727
4217
5959
7261
6098
5139
5804
6098
5139
8847
8847
9511
3703
6578
5672
5139
6578
5139
5399
4655
5139
4891
6578
3046
3703
6731
5139
3198
4891
4014
4891
5399
8015

2328
4647
4542
2218
3029
6108
4114
3821
3821
4323
6108
7442
6250
5267
5949
6250
5267
9068
9068
9748
3793
6742
5814
5267
6742
5267
5534
4772
5267
5013
6742
3120
3793
6899
5267
3276
5013
4114
5013
5534
8215

2387 2445 2506 2567 2631 2696
4763 4882 5005 5130 5258 5389 5524
4655 4772 4891 5013 5139 5267 5399
2273 2328 2387 2445 2506 2567
3105 3182 3262 3343 3427 3513 3601
6261 6417 6578 6742 6911 7084 7261
4217 4323 4431 4542 4655 4772 4891
3916 4014 4114 4217 4323 4431 4542
3916 4014 4114 4217 4323 4431 4542
4431 4542 4655 4772 4891 5013 5139
6261 6417 6578 6742 6911 7084 7261
7628 7819 8015 8215 8420 8631 8847
6406 6567 6731 6899 7071 7248 7429
5399 5534 5672 5814 5959 6108 6261
6098 6250 6406 6567 6731 6899 7072
6406 6567 6731 6899 7072 7248 7430
5399 5534 5672 5814 5959 6108 6261
9295 9527 9765 10009 10260 10516 10779
9295 9527 9765 10009 10260 10516 10779
9992 10242 10498 10760 11029 11305 11588
3888 3982 4082 4182 4286 4391
6911 7084 7261 7442 7628 7819 8015
5959 6108 6261 6417 6578 6742 6911
5399 5534 5672 5814 5959 6108 6261
6911 7084 7261 7442 7628 7819 8015
5399 5534 5672 5814 5959 6108 6261
5672 5814 5959 6108 6261 6417 6578
4891 5013 5139 5267 5399 5534 5672
5399 5534 5672 5814 5959 6108 6261
5139 5267 5399 5534 5672 5814 5959
6911 7084 7261 7442 7628 7819 8015
3198 3276 3358 3440 3526 3612
3888 3982 4082 4182 4286 4391
7072 7248 7430 7615 7806 8001 8201
5399 5534 5672 5814 5959 6108 6261
3358 3440 3526 3612 3703 3793
5139 5267 5399 5534 5672 5814 5959
4217 4323 4431 4542 4655 4772 4891
5139 5267 5399 5534 5672 5814 5959
5672 5814 5959 6108 6261 6417 6578
8420 8631 8847 9068 9295 9527 9765

PP0001LS
JUR
CDE PLN SQ#
01
02
09
02
02
02
02
06
02
20
02
02
02
02
02
02
02
02
02
02
02
02
02
02
02
02
02
02
02
02
02
02
02
02
02
02
02
02
02
02
02

AL
AF
AL
AF
AF
AF
AF
BK
AF
AF
AF
AF
AF
AF
AF
AF
AF
AF
AF
AF
AF
AF
AF
AF
AF
AF
AF
AF
AF
AF
AF
AF
AF
AF
AF
AF
AF
AF
AF
AF
AF

CLASS
CODE

CLASSIFICATION TITLE

005 010515
PARKS OPERATIONS COORD
004 010515
PARKS OPERATIONS COORD
000 010515
PARKS OPERATIONS COORD
004 010540
LANDSCAPE SERVICES SUPV
004 010550
ASST PARKS SUPERINTENDENT
004 010555
ASST RECREATION SUPT
004 010600
PARKS SUPERINTENDENT
000 010600
PARKS SUPERINTENDENT
004 010605
MEDIA MARKETING SPECIALST
004 010605
MEDIA MARKETING SPECIALST
004 010606
CREATIVE DIR-NAT MAR MUSM
004 010608
MEDIA PRODUCTN SPECIALIST
004 010610
ASST ARCHIVIST
004 010620
ARCHIVIST
004 010640 + RESEARCH HISTORIAN
004 010643
VOLUNTEER PROGRAM MANAGER
004 010645
VOLUNTEER COORDINATOR
004 010646
VISITOR SERVICES MANAGER
005 010647
VISITOR SERVICES ASSIST
004 010648
MANAGER OF OPERATIONS
004 010650
MANAGER-CURATORIAL AFFAIR
004 010660
ASST DIR- MOB MUSEUM ART
004 010700
EXEC DIR OF MUSEUM OF ART
004 010710
REGISTRAR-FINE ARTS MUSM
004 010713
SENIOR CURATOR
004 010715
CURATOR OF COLLECT REGSTR
004 010717
CHIEF CURATOR ART/AUD ENG
004 010722
CURATOR OF COLLECTIONS
004 010725 + CURATOR OF HISTORY
004 010726
SENIOR PREPARATOR
004 010727
CURATOR OF EDUCATION
004 010728
CURATOR OF ART EDUCATION
004 010729
COORD OF ART EDUCATION
004 010730
EXHIBIT TECHNICIAN
004 010735
MUSEUM DESIGNER
004 010740
MUSEUM TECHNICIAN
004 010742
MUSEUM FACILITIES TECH
004 010745
WELCOME CENTER ATTENDANT
009 010750
MUSEUM GUARD
004 010753
ASST MUSEUM GUARD SUPV
004 010754
MUSEUM GUARD SUPERVISOR

MOBILE CIVIL SERVICE AS OF 06/23/2026
PAGE
24
(RATES SHOWN IN WHOLE DOLLARS)
GRD/
A
B
C
D
E
F
G
H
I
J
K
L
M
N
O
P
Q
R
S
T
RNG
________________________________________________________________________________________________________________________
A
A.5
B
B.5
C
C.5
D
D.5
E
E.5
F
F.5
G
G.5
H
H.5
I
I.5
J
17.0
17.0
11.0
19.0
20.0
20.0
21.0
16.0
17.0
16.0
24.0
18.0
16.0
19.0
17.0
18.0
16.0
21.0
10.0
18.0
21.0
22.0
24.0
16.0
21.0
19.0
22.0
19.0
19.0
19.0
19.0
19.0
17.0
12.0
17.0
12.0
14.0
10.0
8.0
12.0
14.0

4647
3916
3054
4323
4542
4542
5013
3201
3916
3727
6742
4114
3727
4323
3916
4114
3727
5013
2841
4114
5013
5534
6742
3727
5013
4323
5534
4323
4323
4323
4323
4323
3916
3059
3916
3059
3377
2771
2841
3059
3377

4763
4014
3130
4431
4655
4655
5139
3281
4014
3821
6911
4217
3821
4431
4014
4217
3821
5139
2912
4217
5139
5672
6911
3821
5139
4431
5672
4431
4431
4431
4431
4431
4014
3136
4014
3136
3461
2841
2912
3136
3461

4882
4114
3209
4542
4772
4772
5267
3363
4114
3916
7084
4323
3916
4542
4114
4323
3916
5267
2985
4323
5267
5814
7084
3916
5267
4542
5814
4542
4542
4542
4542
4542
4114
3214
4114
3214
3548
2912
2985
3214
3548

5005
4217
3289
4655
4891
4891
5399
3447
4217
4014
7261
4431
4014
4655
4217
4431
4014
5399
3059
4431
5399
5959
7261
4014
5399
4655
5959
4655
4655
4655
4655
4655
4217
3294
4217
3294
3637
2985
3059
3294
3637

5130
4323
3371
4772
5013
5013
5534
3533
4323
4114
7442
4542
4114
4772
4323
4542
4114
5534
3136
4542
5534
6108
7442
4114
5534
4772
6108
4772
4772
4772
4772
4772
4323
3377
4323
3377
3727
3059
3136
3377
3727

5258
4431
3455
4891
5139
5139
5672
3622
4431
4217
7628
4655
4217
4891
4431
4655
4217
5672
3214
4655
5672
6261
7628
4217
5672
4891
6261
4891
4891
4891
4891
4891
4431
3461
4431
3461
3821
3136
3214
3461
3821

5389
4542
3542
5013
5267
5267
5814
3712
4542
4323
7819
4772
4323
5013
4542
4772
4323
5814
3294
4772
5814
6417
7819
4323
5814
5013
6417
5013
5013
5013
5013
5013
4542
3548
4542
3548
3916
3214
3294
3548
3916

5524
4655
3630
5139
5399
5399
5959
3805
4655
4431
8015
4891
4431
5139
4655
4891
4431
5959
3377
4891
5959
6578
8015
4431
5959
5139
6578
5139
5139
5139
5139
5139
4655
3637
4655
3637
4014
3294
3377
3637
4014

5662
4772
3721
5267
5534
5534
6108
3900
4772
4542
8215
5013
4542
5267
4772
5013
4542
6108
3461
5013
6108
6742
8215
4542
6108
5267
6742
5267
5267
5267
5267
5267
4772
3727
4772
3727
4114
3377
3461
3727
4114

5804
4891
3814
5399
5672
5672
6261
3998
4891
4655
8420
5139
4655
5399
4891
5139
4655
6261
3548
5139
6261
6911
8420
4655
6261
5399
6911
5399
5399
5399
5399
5399
4891
3821
4891
3821
4217
3461
3548
3821
4217

5949
5013
3909
5534
5814
5814
6417
4098
5013
4772
8631
5267
4772
5534
5013
5267
4772
6417
3637
5267
6417
7084
8631
4772
6417
5534
7084
5534
5534
5534
5534
5534
5013
3916
5013
3916
4323
3548
3637
3916
4323

6098
5139
4007
5672
5959
5959
6578
4200
5139
4891
8847
5399
4891
5672
5139
5399
4891
6578
3727
5399
6578
7261
8847
4891
6578
5672
7261
5672
5672
5672
5672
5672
5139
4014
5139
4014
4431
3637
3727
4014
4431

6250
5267
4107
5814
6108
6108
6742
4305
5267
5013
9068
5534
5013
5814
5267
5534
5013
6742
3821
5534
6742
7442
9068
5013
6742
5814
7442
5814
5814
5814
5814
5814
5267
4114
5267
4114
4542
3727
3821
4114
4542

6406
5399
4210
5959
6261
6261
6911
4413
5399
5139
9295
5672
5139
5959
5399
5672
5139
6911
3916
5672
6911
7628
9295
5139
6911
5959
7628
5959
5959
5959
5959
5959
5399
4217
5399
4217
4655
3821
3916
4217
4655

6567
5534
4315
6108
6417
6417
7084
4523
5534
5267
9527
5814
5267
6108
5534
5814
5267
7084
4014
5814
7084
7819
9527
5267
7084
6108
7819
6108
6108
6108
6108
6108
5534
4323
5534
4323
4772
3916
4014
4323
4772

6731 6899 7071 7248 7429
5672 5814 5959 6108 6261
4423 4534 4647 4763 4882
6261 6417 6578 6742 6911
6578 6742 6911 7084 7261
6578 6742 6911 7084 7261
7261 7442 7628 7819 8015
4636 4752 4871 4993 5118
5672 5814 5959 6108 6261
5399 5534 5672 5814 5959
9765 10009 10260 10516 10779
5959 6108 6261 6417 6578
5399 5534 5672 5814 5959
6261 6417 6578 6742 6911
5672 5814 5959 6108 6261
5959 6108 6261 6417 6578
5399 5534 5672 5814 5959
7261 7442 7628 7819 8015
4114 4217 4323 4431 4542
5959 6108 6261 6417 6578
7261 7442 7628 7819 8015
8015 8215 8420 8631 8847
9765 10009 10260 10516 10779
5399 5534 5672 5814 5959
7261 7442 7628 7819 8015
6261 6417 6578 6742 6911
8015 8215 8420 8631 8847
6261 6417 6578 6742 6911
6261 6417 6578 6742 6911
6261 6417 6578 6742 6911
6261 6417 6578 6742 6911
6261 6417 6578 6742 6911
5672 5814 5959 6108 6261
4431 4542 4655 4772 4891
5672 5814 5959 6108 6261
4431 4542 4655 4772 4891
4891 5013 5139 5267 5399
4014 4114 4217 4323 4431
4114 4217 4323 4431 4542
4431 4542 4655 4772 4891
4891 5013 5139 5267 5399

PP0001LS
JUR
CDE PLN SQ#
02
01
01
09
10
02
03
04
02
03
04
06
02
04
02
03
04
06
02
01
01
06
07
02
02
02
02
02
03
04
02

AF
AL
AL
AL
BC
AF
OR
OR
AF
OR
OR
BK
AF
OR
AF
OR
OR
BK
AF
AL
AL
BK
BL
AF
AF
AF
AF
AF
OR
OR
AF

CLASS
CODE

CLASSIFICATION TITLE

004 010756
MUSEUM SECURITY & FAC MGR
005 010760
PARK RANGER I
005 010770
PARK RANGER II
000 010775
PARKS WORKER
000 010775
PARKS WORKER
013 010810
POOL ATTENDANT
000 010810 + POOL ATTENDANT
000 010810
POOL ATTENDANT
011 010820
POOL GUARD
000 010820 + POOL GUARD
000 010820
POOL GUARD
000 010820 + POOL GUARD
007 010830
POOL ASSISTANT MANAGER
000 010830
POOL ASSISTANT MANAGER
004 010840
POOL MANAGER
000 010840 + POOL MANAGER
000 010840 + POOL MANAGER
000 010840 + POOL MANAGER
004 010841
POOL MAINTENANCE COORD
005 010845
AQUATICS DIRECTOR
005 010850
COUNTY PARKS/WILDLIFE MGR
000 010856
CAMPGROUND ATTENDANT
000 010858
CONCESSION STAND ATTENDNT
004 010861 + HISTORIC MUSEUMS ASST DIR
004 010863
HISTORIC MUSEUMS EXEC DIR
004 010865 + REGISTRAR-MUSEUM OF MOB
004 010867
MUSEUM ATTENDANT SUPV
009 010869
MUSEUM ATTENDANT
000 010910 + AUDITORIUM MANAGER-PRIC
000 010915
AUDITORIUM/CIV CTR ATT-CK
009 010940
TOUR GUIDE-NATL MAR MUSM

MOBILE CIVIL SERVICE AS OF 06/23/2026
PAGE
25
(RATES SHOWN IN WHOLE DOLLARS)
GRD/
A
B
C
D
E
F
G
H
I
J
K
L
M
N
O
P
Q
R
S
T
RNG
________________________________________________________________________________________________________________________
A
A.5
B
B.5
C
C.5
D
D.5
E
E.5
F
F.5
G
G.5
H
H.5
I
I.5
J
16.0
12.0
14.0
8.0
8.0
6.0
33.0
33.5
7.0
34.0
38.0
7.0
9.0
35.0
12.0
34.0
35.5
12.0
12.0
21.0
19.0
7.0
2.0
22.0
24.0
16.0
12.0
8.0
42.0
34.5
8.0

3727
3630
4007
2633
1942
2841
1429
1465
2841
1501
1824
2052
2841
1576
3059
1501
1615
2627
3059
5949
5130
2052
1802
5534
6742
3727
3059
2841
2218
1538
2841

3821
3721
4107
2699
1990
2912
1465
1501
2912
1538
1870
2104
2912
1615
3136
1538
1655
2693
3136
6098
5258
2104
1847
5672
6911
3821
3136
2912
2273
1576
2912

3916
3814
4210
2767
2040
2985
1501
1538
2985
1576
1916
2156
2985
1655
3214
1576
1696
2760
3214
6250
5389
2156
1893
5814
7084
3916
3214
2985
2328
1615
2985

4014
3909
4315
2836
2091
3059
1538
1576
3059
1615
1964
2210
3059
1696
3294
1615
1738
2829
3294
6406
5524
2210
1941
5959
7261
4014
3294
3059
2387
1655
3059

4114
4007
4423
2907
2144
3136
1576
1615
3136
1655
2011
2265
3136
1738
3377
1655
1781
2900
3377
6567
5662
2265
1989
6108
7442
4114
3377
3136
2445
1696
3136

4217
4107
4534
2979
2197
3214
1615
1655
3214
1696
2062
2322
3214
1781
3461
1696
1824
2972
3461
6731
5804
2322
2039
6261
7628
4217
3461
3214
2506
1738
3214

4323
4210
4647
3054
2252
3294
1655
1696
3294
1738
2112
2380
3294
1824
3548
1738
1870
3047
3548
6899
5949
2380
2090
6417
7819
4323
3548
3294
2567
1781
3294

4431
4315
4763
3130
2308
3377
1696
1738
3377
1781
2165
2440
3377
1870
3637
1781
1916
3123
3637
7071
6098
2440
2142
6578
8015
4431
3637
3377
2631
1824
3377

4542
4423
4882
3209
2366
3461
1738
1781
3461
1824
2218
2501
3461
1916
3727
1824
1964
3201
3727
7248
6250
2501
2196
6742
8215
4542
3727
3461
2696
1870
3461

4655
4534
5005
3289
2425
3548
1781
1824
3548
1870
2273
2563
3548
1964
3821
1870
2011
3281
3821
7429
6406
2563
2251
6911
8420
4655
3821
3548
2763
1916
3548

4772
4647
5130
3371
2486
3637
1824
1870
3637
1916
2328
2627
3637
2011
3916
1916
2062
3363
3916
7615
6567
2627
2307
7084
8631
4772
3916
3637
2830
1964
3637

4891
4763
5258
3455
2548
3727
1870
1916
3727
1964
2387
2693
3727
2062
4014
1964
2112
3447
4014
7806
6731
2693
2365
7261
8847
4891
4014
3727
2901
2011
3727

5013
4882
5389
3542
2612
3821
1916
1964
3821
2011
2445
2760
3821
2112
4114
2011
2165
3533
4114
8001
6899
2760
2424
7442
9068
5013
4114
3821
2972
2062
3821

5139
5005
5524
3630
2677
3916
1964
2011
3916
2062
2506
2829
3916
2165
4217
2062
2218
3622
4217
8201
7071
2829
2484
7628
9295
5139
4217
3916
3046
2112
3916

5267
5130
5662
3721
2744
4014
2011
2062
4014
2112
2567
2900
4014
2218
4323
2112
2273
3712
4323
8406
7248
2900
2547
7819
9527
5267
4323
4014
3120
2165
4014

5399 5534 5672 5814 5959
5258 5389 5524 5662 5804
5804 5949 6098 6250 6406
3814 3909 4007 4107 4210
2813 2883 2955 3029 3105
4114 4217 4323 4431 4542
2062 2112 2165 2218
2112 2165 2218 2273
4114 4217 4323 4431 4542
2165 2218 2273 2328
2631 2696 2763 2830
2972 3047 3123 3201 3281
4114 4217 4323 4431 4542
2273 2328 2387 2445
4431 4542 4655 4772 4891
2165 2218 2273 2328
2328 2387 2445 2506
3805 3900 3998 4098 4200
4431 4542 4655 4772 4891
8616 8831 9052 9279 9511
7429 7615 7806 8001 8201
2972 3047 3123 3201 3281
2610 2676 2742 2811 2881
8015 8215 8420 8631 8847
9765 10009 10260 10516 10779
5399 5534 5672 5814 5959
4431 4542 4655 4772 4891
4114 4217 4323 4431 4542
3198 3276 3358 3440
2218 2273 2328 2387
4114 4217 4323 4431 4542

3371
3294
3209
3909
3294
3721
4315

3455
3377
3289
4007
3377
3814
4423

3542
3461
3371
4107
3461
3909
4534

3630
3548
3455
4210
3548
4007
4647

3721
3637
3542
4315
3637
4107
4763

3814
3727
3630
4423
3727
4210
4882

3909
3821
3721
4534
3821
4315
5005

4007
3916
3814
4647
3916
4423
5130

4107
4014
3909
4763
4014
4534
5258

4210
4114
4007
4882
4114
4647
5389

4315
4217
4107
5005
4217
4763
5524

4423
4323
4210
5130
4323
4883
5662

4534
4431
4315
5258
4431
5005
5804

ENGINEERING PLANNING & COMMUNITY DEVELOPMENT
01
02
11
01
02
11
01

AL
AF
AO
AL
AF
AO
AL

005 011080
004 011080
000 011080
005 011100
004 011100
000 011100
005 011150

COOPERATIVE ED STUDENT
COOPERATIVE ED STUDENT
COOPERATIVE ED STUDENT
ENGINEERING TECH I
ENGINEERING TECH I
ENGINEERING TECH I
ENGINEERING TECH II

9.0
12.0
9.0
12.0
12.0
12.0
14.0

3130
3059
2979
3630
3059
3455
4007

3209
3136
3054
3721
3136
3542
4107

3289
3214
3130
3814
3214
3630
4210

4647
4542
4423
5389
4542
5130
5949

4763
4655
4534
5524
4655
5258
6098

4882
4772
4647
5662
4772
5389
6250

5005
4891
4763
5804
4891
5524
6406

PP0001LS
JUR
CDE PLN SQ#
02
11
01
02
11
01
02
11
01
02
02
01
01
02
11
01
02
11
02
01
02
05
11
01
01
01
01
02
02
11
02
01
01
01
01
01
01
02
02
02
02

AF
AO
AL
AF
AO
AL
AF
AO
AL
AF
AF
AL
AL
AF
AO
AL
AF
AO
AF
AL
AF
AO
AO
AL
AL
AL
AL
AF
AF
AO
AF
AL
AL
AL
AL
AL
AL
AF
AF
AF
AF

CLASS
CODE

CLASSIFICATION TITLE

004 011150
ENGINEERING TECH II
000 011150
ENGINEERING TECH II
005 011200
ENGINEERING TECH III
004 011200
ENGINEERING TECH III
000 011200
ENGINEERING TECH III
005 011250
ENGINEERING TECH IV
004 011250
ENGINEERING TECH IV
000 011250
ENGINEERING TECH IV
005 011255
PROFESSIONAL LAND SURVEYR
004 011255
PROFESSIONAL LAND SURVEYR
004 011260
BLDG CONST ESTIMATOR
005 011265
CERTIFIED BRIDGE INSPECTR
005 011280
ENGINEER II
004 011280
ENGINEER II
000 011280
ENGINEER II
005 011300
ENGINEER I
004 011300
ENGINEER I
000 011300
ENGINEER I
004 011310
ENERGY ENVIRONMENTAL SPEC
005 011350
ENGINEER III
004 011350
ENGINEER III
000 011350
ENGINEER III
000 011350
ENGINEER III
005 011362 + DESIGN ENGINEERING MGR
005 011363 + ECONOMIC DEV ENGINEER MGR
005 011364 + CONSTRUCTION ENGINEER MGR
005 011366
ENGINEERING MANAGER
004 011366
ENGINEERING MANAGER
004 011367
CAPITAL IMPROV PROJCT MGR
000 011368
DIR PLANNING & MARKET DEV
004 011370
ASST CITY ENGINEER
005 011400
CO ENGINEER/PUB WORK DIR
005 011401
COUNTY ENGINEER
005 011402
PUBLIC WORKS DIR-MOB CNTY
005 011410 + DEP PW DIR/ASST CO ENGINE
005 011411
ASST COUNTY ENGINEER
005 011412
DEP PUBLIC WORKS DIRECTOR
004 011420
ASST DIR-ARCHITECT ENG
004 011425
PROJECT ASSISTANT
004 011430
PROJECT MANAGER II
004 011435
SENIOR PROJECT MANAGER

MOBILE CIVIL SERVICE AS OF 06/23/2026
PAGE
26
(RATES SHOWN IN WHOLE DOLLARS)
GRD/
A
B
C
D
E
F
G
H
I
J
K
L
M
N
O
P
Q
R
S
T
RNG
________________________________________________________________________________________________________________________
A
A.5
B
B.5
C
C.5
D
D.5
E
E.5
F
F.5
G
G.5
H
H.5
I
I.5
J
14.0 3377 3461 3548 3637 3727 3821 3916 4014 4114 4217 4323 4431 4542 4655 4772 4891 5013 5139 5267 5399
14.0 3814 3909 4007 4107 4210 4315 4423 4534 4647 4763 4883 5005 5130 5258 5389 5524 5662 5804 5949 6098
17.0 4647 4763 4882 5005 5130 5258 5389 5524 5662 5804 5949 6098 6250 6406 6567 6731 6899 7071 7248 7429
17.0 3916 4014 4114 4217 4323 4431 4542 4655 4772 4891 5013 5139 5267 5399 5534 5672 5814 5959 6108 6261
17.0 4423 4534 4647 4763 4883 5005 5130 5258 5389 5524 5662 5804 5949 6098 6250 6406 6567 6731 6899 7072
20.0 5389 5524 5662 5804 5949 6098 6250 6406 6567 6731 6899 7071 7248 7429 7615 7806 8001 8201 8406 8616
20.0 4542 4655 4772 4891 5013 5139 5267 5399 5534 5672 5814 5959 6108 6261 6417 6578 6742 6911 7084 7261
20.0 5130 5258 5389 5524 5662 5804 5949 6098 6250 6406 6567 6731 6899 7072 7248 7430 7615 7806 8001 8201
22.0 6567 6731 6899 7071 7248 7429 7615 7806 8001 8201 8406 8616 8831 9052 9279 9511 9748 9992 10242 10498
22.0 5534 5672 5814 5959 6108 6261 6417 6578 6742 6911 7084 7261 7442 7628 7819 8015 8215 8420 8631 8847
16.0 3727 3821 3916 4014 4114 4217 4323 4431 4542 4655 4772 4891 5013 5139 5267 5399 5534 5672 5814 5959
20.0 5389 5524 5662 5804 5949 6098 6250 6406 6567 6731 6899 7071 7248 7429 7615 7806 8001 8201 8406 8616
22.0 6567 6731 6899 7071 7248 7429 7615 7806 8001 8201 8406 8616 8831 9052 9279 9511 9748 9992 10242 10498
22.0 5534 5672 5814 5959 6108 6261 6417 6578 6742 6911 7084 7261 7442 7628 7819 8015 8215 8420 8631 8847
22.0 6250 6406 6567 6731 6899 7072 7248 7430 7615 7806 8001 8201 8406 8616 8832 9052 9279 9511 9748 9992
21.0 5949 6098 6250 6406 6567 6731 6899 7071 7248 7429 7615 7806 8001 8201 8406 8616 8831 9052 9279 9511
21.0 5013 5139 5267 5399 5534 5672 5814 5959 6108 6261 6417 6578 6742 6911 7084 7261 7442 7628 7819 8015
21.0 5662 5804 5949 6098 6250 6406 6567 6731 6899 7072 7248 7430 7615 7806 8001 8201 8406 8616 8832 9052
22.0 5534 5672 5814 5959 6108 6261 6417 6578 6742 6911 7084 7261 7442 7628 7819 8015 8215 8420 8631 8847
25.0 8831 9052 9279 9511 9748 9992 10242 10498 10760 11029 11305 11588 11877 12174 12479 12791 13111 13438 13774 14119
25.0 7442 7628 7819 8015 8215 8420 8631 8847 9068 9295 9527 9765 10009 10260 10516 10779 11048 11325 11608 11898
23.0 6899 7072 7248 7430 7615 7806 8001 8201 8406 8616 8832 9052 9279 9511 9748 9992 10242 10498 10761 11030
23.0 6899 7072 7248 7430 7615 7806 8001 8201 8406 8616 8832 9052 9279 9511 9748 9992 10242 10498 10761 11030
26.0 9748 9992 10242 10498 10760 11029 11305 11588 11877 12174 12479 12791 13111 13438 13774 14119 14472 14833 15204 15584
26.0 9748 9992 10242 10498 10760 11029 11305 11588 11877 12174 12479 12791 13111 13438 13774 14119 14472 14833 15204 15584
26.0 9748 9992 10242 10498 10760 11029 11305 11588 11877 12174 12479 12791 13111 13438 13774 14119 14472 14833 15204 15584
26.0 9748 9992 10242 10498 10760 11029 11305 11588 11877 12174 12479 12791 13111 13438 13774 14119 14472 14833 15204 15584
26.0 8215 8420 8631 8847 9068 9295 9527 9765 10009 10260 10516 10779 11048 11325 11608 11898 12196 12500 12813 13133
26.0 8215 8420 8631 8847 9068 9295 9527 9765 10009 10260 10516 10779 11048 11325 11608 11898 12196 12500 12813 13133
26.0 9279 9511 9748 9992 10242 10498 10761 11030 11305 11588 11878 12175 12479 12791 13111 13439 13775 14119 14472 14834
28.0 10009 10260 10516 10779 11048 11325 11608 11898 12196 12500 12813 13133 13462 13798 14143 14497 14859 15231 15611 16002
30.0 14472 14833 15204 15584 15974 16373 16783 17202 17632 18073 18525 18988 19463 19949 20448 20959 21483 22021 22571 23135
29.0 13111 13438 13774 14119 14472 14833 15204 15584 15974 16373 16783 17202 17632 18073 18525 18988 19463 19949 20448 20959
29.0 13111 13438 13774 14119 14472 14833 15204 15584 15974 16373 16783 17202 17632 18073 18525 18988 19463 19949 20448 20959
29.0 13111 13438 13774 14119 14472 14833 15204 15584 15974 16373 16783 17202 17632 18073 18525 18988 19463 19949 20448 20959
28.0 11877 12174 12479 12791 13111 13438 13774 14119 14472 14833 15204 15584 15974 16373 16783 17202 17632 18073 18525 18988
28.0 11877 12174 12479 12791 13111 13438 13774 14119 14472 14833 15204 15584 15974 16373 16783 17202 17632 18073 18525 18988
23.0 6108 6261 6417 6578 6742 6911 7084 7261 7442 7628 7819 8015 8215 8420 8631 8847 9068 9295 9527 9765
18.0 4114 4217 4323 4431 4542 4655 4772 4891 5013 5139 5267 5399 5534 5672 5814 5959 6108 6261 6417 6578
24.0 6742 6911 7084 7261 7442 7628 7819 8015 8215 8420 8631 8847 9068 9295 9527 9765 10009 10260 10516 10779
26.0 8215 8420 8631 8847 9068 9295 9527 9765 10009 10260 10516 10779 11048 11325 11608 11898 12196 12500 12813 13133

PP0001LS
JUR
CDE PLN SQ#
02
02
02
01
02
13
02
02
01
02
13
02
02
02
02
01
01
02
13
02
02
02
02
01
01
01
02
02
02
01
02
01
02
05
01
02
05
01
02
05
02

AF
AF
AF
AL
AF
AQ
AF
AF
AL
AF
AQ
AF
AF
AF
AF
AL
AL
AF
AQ
AF
AF
AF
AF
AL
AL
AL
AF
AF
AF
AL
AF
AL
AF
AO
AL
AF
AO
AL
AF
AO
AF

CLASS
CODE

CLASSIFICATION TITLE

004 011450
ARCHITECTURAL ENGINEER
004 011451
PROJECT MANAGER I
004 011452
DEP DIR OF ARCH ENGINEER
005 011455
ARCHITECT
004 011455
ARCHITECT
000 011455 + ARCHITECT
004 011460
WORK ORDER COORD
004 011465
ARCHITECTURAL TECH
005 011470
CONSTRUCTION CONTRACT ADM
004 011470
CONSTRUCTION CONTRACT ADM
000 011470
CONSTRUCTION CONTRACT ADM
004 011475
SERVICE DESIGNER
004 011480
PERFORMANCE ANALYST
004 011485
DIR OF PERF & IMPROVEMENT
004 011500
DIR OF ARCHITECTURAL ENG
005 011550
RIGHT-OF-WAY AGENT
005 011560
PESTICIDE TECHNICIAN
004 011560
PESTICIDE TECHNICIAN
000 011565
PEST EXTERMINATOR
004 011600
TRAFFIC ANALYST
004 011620
TRAFFIC TECHNICIAN I
004 011625
TRAFFIC TECHNICIAN II
007 011630
TRAFFIC MAINT WORKER
005 011635
TRAFFIC SIGN FABRICATOR I
005 011637
TRAFFIC SIGN FABRICATR II
005 011640
TRAFFIC MANAGER
004 011650
ASST TRAF ENGINEERING DIR
004 011670
TRAFFIC ENGINEERING DIR
005 011740
PLANNING AIDE
005 011750
PLANNING TECHNICIAN
004 011750
PLANNING TECHNICIAN
005 011800
PLANNER I
004 011800
PLANNER I
000 011800
PLANNER I
005 011850
PLANNER II
004 011850
PLANNER II
000 011850
PLANNER II
005 011860
PRINCIPAL PLANNER I
004 011860
PRINCIPAL PLANNER I
000 011860
PRINCIPAL PLANNER I
004 011861
PRINCIPAL PLANNER II

MOBILE CIVIL SERVICE AS OF 06/23/2026
PAGE
27
(RATES SHOWN IN WHOLE DOLLARS)
GRD/
A
B
C
D
E
F
G
H
I
J
K
L
M
N
O
P
Q
R
S
T
RNG
________________________________________________________________________________________________________________________
A
A.5
B
B.5
C
C.5
D
D.5
E
E.5
F
F.5
G
G.5
H
H.5
I
I.5
J
22.0 5534 5672 5814 5959 6108 6261 6417 6578 6742 6911 7084 7261 7442 7628 7819 8015 8215 8420 8631 8847
22.0 5534 5672 5814 5959 6108 6261 6417 6578 6742 6911 7084 7261 7442 7628 7819 8015 8215 8420 8631 8847
24.0 6742 6911 7084 7261 7442 7628 7819 8015 8215 8420 8631 8847 9068 9295 9527 9765 10009 10260 10516 10779
23.0 7248 7429 7615 7806 8001 8201 8406 8616 8831 9052 9279 9511 9748 9992 10242 10498 10760 11029 11305 11588
23.0 6108 6261 6417 6578 6742 6911 7084 7261 7442 7628 7819 8015 8215 8420 8631 8847 9068 9295 9527 9765
21.0 5949 6098 6250 6406 6567 6731 6899 7072 7248 7430 7615 7806 8001 8201 8406 8616 8832 9052 9279 9511
18.0 4114 4217 4323 4431 4542 4655 4772 4891 5013 5139 5267 5399 5534 5672 5814 5959 6108 6261 6417 6578
17.0 3916 4014 4114 4217 4323 4431 4542 4655 4772 4891 5013 5139 5267 5399 5534 5672 5814 5959 6108 6261
22.0 6567 6731 6899 7071 7248 7429 7615 7806 8001 8201 8406 8616 8831 9052 9279 9511 9748 9992 10242 10498
22.0 5534 5672 5814 5959 6108 6261 6417 6578 6742 6911 7084 7261 7442 7628 7819 8015 8215 8420 8631 8847
22.0 6567 6731 6899 7072 7248 7430 7615 7806 8001 8201 8406 8616 8832 9052 9279 9511 9748 9992 10242 10498
21.0 5013 5139 5267 5399 5534 5672 5814 5959 6108 6261 6417 6578 6742 6911 7084 7261 7442 7628 7819 8015
20.0 4542 4655 4772 4891 5013 5139 5267 5399 5534 5672 5814 5959 6108 6261 6417 6578 6742 6911 7084 7261
24.0 6742 6911 7084 7261 7442 7628 7819 8015 8215 8420 8631 8847 9068 9295 9527 9765 10009 10260 10516 10779
27.0 9068 9295 9527 9765 10009 10260 10516 10779 11048 11325 11608 11898 12196 12500 12813 13133 13462 13798 14143 14497
17.0 4647 4763 4882 5005 5130 5258 5389 5524 5662 5804 5949 6098 6250 6406 6567 6731 6899 7071 7248 7429
12.0 3630 3721 3814 3909 4007 4107 4210 4315 4423 4534 4647 4763 4882 5005 5130 5258 5389 5524 5662 5804
12.0 3059 3136 3214 3294 3377 3461 3548 3637 3727 3821 3916 4014 4114 4217 4323 4431 4542 4655 4772 4891
12.0 3630 3721 3814 3909 4007 4107 4210 4315 4423 4534 4647 4763 4883 5005 5130 5258 5389 5524 5662 5804
19.0 4323 4431 4542 4655 4772 4891 5013 5139 5267 5399 5534 5672 5814 5959 6108 6261 6417 6578 6742 6911
11.0 2912 2985 3059 3136 3214 3294 3377 3461 3548 3637 3727 3821 3916 4014 4114 4217 4323 4431 4542 4655
13.0 3214 3294 3377 3461 3548 3637 3727 3821 3916 4014 4114 4217 4323 4431 4542 4655 4772 4891 5013 5139
9.0 2841 2912 2985 3059 3136 3214 3294 3377 3461 3548 3637 3727 3821 3916 4014 4114 4217 4323 4431 4542
10.0 3289 3371 3455 3542 3630 3721 3814 3909 4007 4107 4210 4315 4423 4534 4647 4763 4882 5005 5130 5258
12.0 3630 3721 3814 3909 4007 4107 4210 4315 4423 4534 4647 4763 4882 5005 5130 5258 5389 5524 5662 5804
22.0 6567 6731 6899 7071 7248 7429 7615 7806 8001 8201 8406 8616 8831 9052 9279 9511 9748 9992 10242 10498
27.0 9068 9295 9527 9765 10009 10260 10516 10779 11048 11325 11608 11898 12196 12500 12813 13133 13462 13798 14143 14497
28.0 10009 10260 10516 10779 11048 11325 11608 11898 12196 12500 12813 13133 13462 13798 14143 14497 14859 15231 15611 16002
10.0 2841 2912 2985 3059 3136 3214 3294 3377 3461 3548 3637 3727 3821 3916 4014 4114 4217 4323 4431 4542
13.0 3814 3909 4007 4107 4210 4315 4423 4534 4647 4763 4882 5005 5130 5258 5389 5524 5662 5804 5949 6098
13.0 3214 3294 3377 3461 3548 3637 3727 3821 3916 4014 4114 4217 4323 4431 4542 4655 4772 4891 5013 5139
17.0 4647 4763 4882 5005 5130 5258 5389 5524 5662 5804 5949 6098 6250 6406 6567 6731 6899 7071 7248 7429
17.0 3916 4014 4114 4217 4323 4431 4542 4655 4772 4891 5013 5139 5267 5399 5534 5672 5814 5959 6108 6261
17.0 4423 4534 4647 4763 4883 5005 5130 5258 5389 5524 5662 5804 5949 6098 6250 6406 6567 6731 6899 7072
19.0 5130 5258 5389 5524 5662 5804 5949 6098 6250 6406 6567 6731 6899 7071 7248 7429 7615 7806 8001 8201
19.0 4323 4431 4542 4655 4772 4891 5013 5139 5267 5399 5534 5672 5814 5959 6108 6261 6417 6578 6742 6911
19.0 4883 5005 5130 5258 5389 5524 5662 5804 5949 6098 6250 6406 6567 6731 6899 7072 7248 7430 7615 7806
21.0 5949 6098 6250 6406 6567 6731 6899 7071 7248 7429 7615 7806 8001 8201 8406 8616 8831 9052 9279 9511
21.0 5013 5139 5267 5399 5534 5672 5814 5959 6108 6261 6417 6578 6742 6911 7084 7261 7442 7628 7819 8015
20.0 5130 5258 5389 5524 5662 5804 5949 6098 6250 6406 6567 6731 6899 7072 7248 7430 7615 7806 8001 8201
22.0 5534 5672 5814 5959 6108 6261 6417 6578 6742 6911 7084 7261 7442 7628 7819 8015 8215 8420 8631 8847

PP0001LS
JUR
CDE PLN SQ#
02
07
03
06
09
20
02
02
03
03
02
02
02
02
01
02
01
01
02
03
01
02
03
01
02
13
02
13
01
02
01
02
13

AF
BL
OR
BK
AL
AF
AF
AF
OR
OR
AF
AF
AF
AF
AL
AF
AL
AL
AF
OR
AL
AF
OR
AL
AF
AQ
AF
AQ
AL
AF
AL
AF
AQ

CLASS
CODE

CLASSIFICATION TITLE

004 011870
URBAN DESIGNER
000 011910
COMMUNITY CTR MANAGER-BLB
000 011915
COMMUNITY CENTER COORD
000 011915
COMMUNITY CENTER COORD
000 011915
COMMUNITY CENTER COORD
004 011945
HISTORIAN ASSOCIATE
004 011950 + HISTORIC DEVELOPMENT DIR
004 011957
COMMUNITY DEVELOP PLANNER
000 011957
COMMUNITY DEVELOP PLANNER
000 011958
COMM SERVICES PROGRAM MGR
004 011960
DEP DIR OF HISTORIC DEV
004 011970
ARCH HISTORIAN/SURVEY I
004 011975
ARCH HISTORIAN/SURVEY II
004 011977
ARCH HISTORIAN/SURVEY III
005 011991
GOVT RELATIONS DIR- MCSO
004 012005
DIR OF PROGS & PROJ MGMNT
005 012013
OPIOID PROGRAM SPECIALIST
005 012014
GRANTS COMPLIANCE MANAGER
004 012014
GRANTS COMPLIANCE MANAGER
000 012015
INFORMATION PLANNER
005 012016
DEP DIR OF GRANTS MGMNT
004 012016 + DEP DIR OF GRANTS MGMNT
000 012016
DEP DIR OF GRANTS MGMNT
005 012017
GRANTS DEVELOPER
004 012017
GRANTS DEVELOPER
000 012017
GRANTS DEVELOPER
004 012018
COMMUNITY SERV ANALYST
000 012018
COMMUNITY SERV ANALYST
005 012019
GRANTS MANAGEMENT COORD
004 012019 + GRANTS MANAGEMENT COORD
005 012029
COMM PLAN/DEV PROG SPEC
004 012029
COMM PLAN/DEV PROG SPEC
000 012029
COMM PLAN/DEV PROG SPEC

MOBILE CIVIL SERVICE AS OF 06/23/2026
PAGE
28
(RATES SHOWN IN WHOLE DOLLARS)
GRD/
A
B
C
D
E
F
G
H
I
J
K
L
M
N
O
P
Q
R
S
T
RNG
________________________________________________________________________________________________________________________
A
A.5
B
B.5
C
C.5
D
D.5
E
E.5
F
F.5
G
G.5
H
H.5
I
I.5
J
21.0
15.0
38.0
13.0
13.0
12.0
23.0
17.0
46.0
51.0
23.0
17.0
19.0
21.0
26.0
27.0
17.0
22.0
23.0
44.0
23.0
23.0
50.0
16.0
19.0
16.0
14.0
14.0
19.0
19.0
17.0
17.0
17.0

5013
3425
1824
2760
3371
3059
6108
3916
2696
3440
6108
3916
4323
5013
9748
9068
4647
6567
6108
2445
7248
6108
3276
4423
4323
4423
3377
4007
5130
4323
4647
3916
4647

5139 5267 5399 5534 5672 5814 5959 6108 6261 6417 6578 6742 6911 7084 7261 7442 7628 7819 8015
3511 3599 3688 3781 3875 3972 4071 4173 4278 4385 4494 4607 4722 4840 4961 5085 5212 5342 5476
1870 1916 1964 2011 2062 2112 2165 2218 2273 2328 2387 2445 2506 2567 2631 2696 2763 2830
2829 2900 2972 3047 3123 3201 3281 3363 3447 3533 3622 3712 3805 3900 3998 4098 4200 4305 4413
3455 3542 3630 3721 3814 3909 4007 4107 4210 4315 4423 4534 4647 4763 4882 5005 5130 5258 5389
3136 3214 3294 3377 3461 3548 3637 3727 3821 3916 4014 4114 4217 4323 4431 4542 4655 4772 4891
6261 6417 6578 6742 6911 7084 7261 7442 7628 7819 8015 8215 8420 8631 8847 9068 9295 9527 9765
4014 4114 4217 4323 4431 4542 4655 4772 4891 5013 5139 5267 5399 5534 5672 5814 5959 6108 6261
2763 2830 2901 2972 3046 3120 3198 3276 3358 3440 3526 3612 3703 3793 3888 3982 4082 4182
3526 3612 3703 3793 3888 3982 4082 4182 4286 4391 4500 4610 4725 4841 4962 5083 5210 5337
6261 6417 6578 6742 6911 7084 7261 7442 7628 7819 8015 8215 8420 8631 8847 9068 9295 9527 9765
4014 4114 4217 4323 4431 4542 4655 4772 4891 5013 5139 5267 5399 5534 5672 5814 5959 6108 6261
4431 4542 4655 4772 4891 5013 5139 5267 5399 5534 5672 5814 5959 6108 6261 6417 6578 6742 6911
5139 5267 5399 5534 5672 5814 5959 6108 6261 6417 6578 6742 6911 7084 7261 7442 7628 7819 8015
9992 10242 10498 10760 11029 11305 11588 11877 12174 12479 12791 13111 13438 13774 14119 14472 14833 15204 15584
9295 9527 9765 10009 10260 10516 10779 11048 11325 11608 11898 12196 12500 12813 13133 13462 13798 14143 14497
4763 4882 5005 5130 5258 5389 5524 5662 5804 5949 6098 6250 6406 6567 6731 6899 7071 7248 7429
6731 6899 7071 7248 7429 7615 7806 8001 8201 8406 8616 8831 9052 9279 9511 9748 9992 10242 10498
6261 6417 6578 6742 6911 7084 7261 7442 7628 7819 8015 8215 8420 8631 8847 9068 9295 9527 9765
2506 2567 2631 2696 2763 2830 2901 2972 3046 3120 3198 3276 3358 3440 3526 3612 3703 3793
7429 7615 7806 8001 8201 8406 8616 8831 9052 9279 9511 9748 9992 10242 10498 10760 11029 11305 11588
6261 6417 6578 6742 6911 7084 7261 7442 7628 7819 8015 8215 8420 8631 8847 9068 9295 9527 9765
3358 3440 3526 3612 3703 3793 3888 3982 4082 4182 4286 4391 4500 4610 4725 4841 4962 5083
4534 4647 4763 4882 5005 5130 5258 5389 5524 5662 5804 5949 6098 6250 6406 6567 6731 6899 7071
4431 4542 4655 4772 4891 5013 5139 5267 5399 5534 5672 5814 5959 6108 6261 6417 6578 6742 6911
4534 4647 4763 4883 5005 5130 5258 5389 5524 5662 5804 5949 6098 6250 6406 6567 6731 6899 7072
3461 3548 3637 3727 3821 3916 4014 4114 4217 4323 4431 4542 4655 4772 4891 5013 5139 5267 5399
4107 4210 4315 4423 4534 4647 4763 4883 5005 5130 5258 5389 5524 5662 5804 5949 6098 6250 6406
5258 5389 5524 5662 5804 5949 6098 6250 6406 6567 6731 6899 7071 7248 7429 7615 7806 8001 8201
4431 4542 4655 4772 4891 5013 5139 5267 5399 5534 5672 5814 5959 6108 6261 6417 6578 6742 6911
4763 4882 5005 5130 5258 5389 5524 5662 5804 5949 6098 6250 6406 6567 6731 6899 7071 7248 7429
4014 4114 4217 4323 4431 4542 4655 4772 4891 5013 5139 5267 5399 5534 5672 5814 5959 6108 6261
4763 4883 5005 5130 5258 5389 5524 5662 5804 5949 6098 6250 6406 6567 6731 6899 7072 7248 7430

16.0
16.0
16.0
42.0
47.0

3727
4423
3727
2218
2830

3821
4534
3821
2273
2901

INSPECTIONS
02
01
02
03
04

AF
AL
AF
OR
OR

004 012045
005 012050
004 012050
000 012050
000 012050

HISTORIC PRESERVATN INSP
BLDG INSPECTOR I
BLDG INSPECTOR I
BLDG INSPECTOR I
BLDG INSPECTOR I

3916
4647
3916
2328
2972

4014
4763
4014
2387
3046

4114
4882
4114
2445
3120

4217
5005
4217
2506
3198

4323
5130
4323
2567
3276

4431
5258
4431
2631
3358

4542
5389
4542
2696
3440

4655
5524
4655
2763
3526

4772
5662
4772
2830
3612

4891
5804
4891
2901
3703

5013
5949
5013
2972
3793

5139
6098
5139
3046
3888

5267
6250
5267
3120
3982

5399
6406
5399
3198
4082

5534
6567
5534
3276
4182

5672
6731
5672
3358
4286

5814
6899
5814
3440
4391

5959
7071
5959

PP0001LS
JUR
CDE PLN SQ#
05
06
07
09
13
21
01
02
03
04
05
07
09
13
21
02
04
04
06
07
10
21
04
04
01
02
05
21
01
02
03
05
21
01
02
05
02
01
02
01
02

AO
BK
BL
AL
AQ
BM
AL
AF
OR
OR
AO
BL
AL
AQ
BM
AF
OR
OR
BK
BL
BC
BM
OR
OR
AL
AF
AO
BM
AL
AF
OR
AO
BM
AL
AF
AO
AF
AL
AF
AL
AF

CLASS
CODE

CLASSIFICATION TITLE

000 012050
BLDG INSPECTOR I
000 012050
BLDG INSPECTOR I
000 012050
BLDG INSPECTOR I
000 012050
BLDG INSPECTOR I
000 012050
BLDG INSPECTOR I
000 012050
BLDG INSPECTOR I
005 012100
BLDG INSPECTOR II
004 012100
BLDG INSPECTOR II
000 012100
BLDG INSPECTOR II
000 012100
BLDG INSPECTOR II
000 012100
BLDG INSPECTOR II
000 012100
BLDG INSPECTOR II
000 012100
BLDG INSPECTOR II
000 012100 + BLDG INSPECTOR II
000 012100
BLDG INSPECTOR II
004 012105
BLDG INSPECTOR III
000 012115
DEP CODE INSPECTOR-CHICK
000 012120
CODE INSPECTOR
000 012120
CODE INSPECTOR
000 012120
CODE INSPECTOR
000 012120
CODE INSPECTOR
000 012120
CODE INSPECTOR
000 012125
CODE INSPECTOR-CHICKASAW
000 012130
CHIEF CODE ENFORCEMNT OFF
005 012150
CHIEF BUILDING INSPECTOR
004 012150
CHIEF BUILDING INSPECTOR
000 012150
CHIEF BUILDING INSPECTOR
000 012150
CHIEF BUILDING INSPECTOR
005 012200
ELECTRICAL INSPECTOR I
004 012200
ELECTRICAL INSPECTOR I
000 012200
ELECTRICAL INSPECTOR I
000 012200
ELECTRICAL INSPECTOR I
000 012200
ELECTRICAL INSPECTOR I
005 012250
ELECTRICAL INSPECTOR II
004 012250
ELECTRICAL INSPECTOR II
000 012250
ELECTRICAL INSPECTOR II
004 012255
ELECTRICAL INSPECTOR III
005 012300
CHIEF ELEC INSPECTOR
004 012300
CHIEF ELEC INSPECTOR
005 012350
PLUMBING INSPECTOR II
004 012350
PLUMBING INSPECTOR II

MOBILE CIVIL SERVICE AS OF 06/23/2026
PAGE
29
(RATES SHOWN IN WHOLE DOLLARS)
GRD/
A
B
C
D
E
F
G
H
I
J
K
L
M
N
O
P
Q
R
S
T
RNG
________________________________________________________________________________________________________________________
A
A.5
B
B.5
C
C.5
D
D.5
E
E.5
F
F.5
G
G.5
H
H.5
I
I.5
J
16.0
16.0
16.0
16.0
16.0
16.0
17.0
17.0
44.0
46.0
17.0
17.0
17.0
17.0
17.0
18.0
48.0
44.0
19.0
16.0
16.0
16.0
44.0
49.0
19.0
19.0
19.0
19.0
16.0
16.0
42.0
16.0
16.0
17.0
17.0
17.0
18.0
19.0
19.0
17.0
17.0

4210
3201
3599
3909
4423
3249
4647
3916
2445
2696
4423
3781
4107
4647
3414
4114
2972
2445
3712
3599
2883
3249
2445
3120
5130
4323
4883
3768
4423
3727
2218
4210
3249
4647
3916
4423
4114
5130
4323
4647
3916

4315
3281
3688
4007
4534
3331
4763
4014
2506
2763
4534
3875
4210
4763
3499
4217
3046
2506
3805
3688
2955
3331
2506
3198
5258
4431
5005
3863
4534
3821
2273
4315
3331
4763
4014
4534
4217
5258
4431
4763
4014

4423
3363
3781
4107
4647
3414
4882
4114
2567
2830
4647
3972
4315
4883
3587
4323
3120
2567
3900
3781
3029
3414
2567
3276
5389
4542
5130
3959
4647
3916
2328
4423
3414
4882
4114
4647
4323
5389
4542
4882
4114

4534
3447
3875
4210
4763
3499
5005
4217
2631
2901
4763
4071
4423
5005
3676
4431
3198
2631
3998
3875
3105
3499
2631
3358
5524
4655
5258
4058
4763
4014
2387
4534
3499
5005
4217
4763
4431
5524
4655
5005
4217

4647
3533
3972
4315
4883
3587
5130
4323
2696
2972
4883
4173
4534
5130
3768
4542
3276
2696
4098
3972
3182
3587
2696
3440
5662
4772
5389
4160
4882
4114
2445
4647
3587
5130
4323
4883
4542
5662
4772
5130
4323

4763
3622
4071
4423
5005
3676
5258
4431
2763
3046
5005
4278
4647
5258
3863
4655
3358
2763
4200
4071
3262
3676
2763
3526
5804
4891
5524
4264
5005
4217
2506
4763
3676
5258
4431
5005
4655
5804
4891
5258
4431

4883
3712
4173
4534
5130
3768
5389
4542
2830
3120
5130
4385
4763
5389
3959
4772
3440
2830
4305
4173
3343
3768
2830
3612
5949
5013
5662
4370
5130
4323
2567
4883
3768
5389
4542
5130
4772
5949
5013
5389
4542

5005
3805
4278
4647
5258
3863
5524
4655
2901
3198
5258
4494
4882
5524
4058
4891
3526
2901
4413
4278
3427
3863
2901
3703
6098
5139
5804
4479
5258
4431
2631
5005
3863
5524
4655
5258
4891
6098
5139
5524
4655

5130
3900
4385
4763
5389
3959
5662
4772
2972
3276
5389
4607
5005
5662
4160
5013
3612
2972
4523
4385
3513
3959
2972
3793
6250
5267
5949
4591
5389
4542
2696
5130
3959
5662
4772
5389
5013
6250
5267
5662
4772

5258
3998
4494
4882
5524
4058
5804
4891
3046
3358
5524
4722
5130
5804
4264
5139
3703
3046
4636
4494
3601
4058
3046
3888
6406
5399
6098
4706
5524
4655
2763
5258
4058
5804
4891
5524
5139
6406
5399
5804
4891

5389
4098
4607
5005
5662
4160
5949
5013
3120
3440
5662
4840
5258
5949
4370
5267
3793
3120
4752
4607
3691
4160
3120
3982
6567
5534
6250
4824
5662
4772
2830
5389
4160
5949
5013
5662
5267
6567
5534
5949
5013

5524
4200
4722
5130
5804
4264
6098
5139
3198
3526
5804
4961
5389
6098
4479
5399
3888
3198
4871
4722
3783
4264
3198
4082
6731
5672
6406
4945
5804
4891
2901
5524
4264
6098
5139
5804
5399
6731
5672
6098
5139

5662
4305
4840
5258
5949
4370
6250
5267
3276
3612
5949
5085
5524
6250
4591
5534
3982
3276
4993
4840
3877
4370
3276
4182
6899
5814
6567
5068
5949
5013
2972
5662
4370
6250
5267
5949
5534
6899
5814
6250
5267

5804
4413
4961
5389
6098
4479
6406
5399
3358
3703
6098
5212
5662
6406
4706
5672
4082
3358
5118
4961
3974
4479
3358
4286
7071
5959
6731
5195
6098
5139
3046
5804
4479
6406
5399
6098
5672
7071
5959
6406
5399

5949
4523
5085
5524
6250
4591
6567
5534
3440
3793
6250
5342
5804
6567
4824
5814
4182
3440
5246
5085
4074
4591
3440
4391
7248
6108
6899
5325
6250
5267
3120
5949
4591
6567
5534
6250
5814
7248
6108
6567
5534

6098
4636
5212
5662
6406
4706
6731
5672
3526
3888
6406
5476
5949
6731
4945
5959
4286
3526
5377
5212
4176
4706
3526
4500
7429
6261
7072
5458
6406
5399
3198
6098
4706
6731
5672
6406
5959
7429
6261
6731
5672

6250
4752
5342
5804
6567
4824
6899
5814
3612
3982
6567
5613
6098
6899
5068
6108
4391
3612
5511
5342
4280
4824
3612
4610
7615
6417
7248
5594
6567
5534
3276
6250
4824
6899
5814
6567
6108
7615
6417
6899
5814

6406
4871
5476
5949
6731
4945
7071
5959
3703
4082
6731
5753
6250
7072
5195
6261
4500
3703
5649
5476
4387
4945
3703
4725
7806
6578
7430
5734
6731
5672
3358
6406
4945
7071
5959
6731
6261
7806
6578
7071
5959

6567
4993
5613
6098
6899
5068
7248
6108
3793
4182
6899
5897
6406
7248
5325
6417
4610
3793
5790
5613
4497
5068
3793
4841
8001
6742
7615
5878
6899
5814
3440
6567
5068
7248
6108
6899
6417
8001
6742
7248
6108

6731
5118
5753
6250
7072
5195
7429
6261
7072
6044
6567
7430
5458
6578
5935
5753
4609
5195
8201
6911
7806
6025
7071
5959
6731
5195
7429
6261
7072
6578
8201
6911
7429
6261

PP0001LS
JUR
CDE PLN SQ#
12
02
01
02
12
01
02
01
02
05
01
02
02
01
02
02
05
02
02
02
01
01
02
05
02
02
05
02
02
05
01
02
02
01
03
05
02

AM
AF
AL
AF
AM
AL
AF
AL
AF
AO
AL
AF
AF
AL
AF
AF
AO
AF
AF
AF
AL
AL
AF
AO
AF
AF
AO
AF
AF
AO
AL
AF
AF
AL
OR
AO
AF

CLASS
CODE

CLASSIFICATION TITLE

000 012350
PLUMBING INSPECTOR II
004 012355
PLUMBING INSPECTOR III
005 012400
PLUMBING INSPECTOR I
004 012400
PLUMBING INSPECTOR I
000 012400
PLUMBING INSPECTOR I
005 012450
CHIEF PLUMBING INSPECTOR
004 012450
CHIEF PLUMBING INSPECTOR
005 012550
MECHANICAL INSPECTOR I
004 012550
MECHANICAL INSPECTOR I
000 012550
MECHANICAL INSPECTOR I
005 012600
MECHANICAL INSPECTOR II
004 012600
MECHANICAL INSPECTOR II
004 012601
MECHANICAL INSPECTOR III
005 012610
CHIEF MECHANICAL INSPECTR
004 012610
CHIEF MECHANICAL INSPECTR
004 012612
CHIEF OF CENTRAL PERMIT
000 012612
CHIEF OF CENTRAL PERMIT
004 012615
DEP DIR PERMITTING & DEV
004 012620
CHIEF PROP MAINT INSPECT
004 012625
DEP DIR OF MUN ENFORCEMNT
005 012660
COMBINATION INSPECTOR
005 012685
PERMIT TECHNICIAN I
004 012685
PERMIT TECHNICIAN I
000 012685
PERMIT TECHNICIAN I
004 012690
PERMIT TECHNICIAN II
004 012700
ZONING TECHNICIAN
000 012700
ZONING TECHNICIAN
004 012755
ZONING INSPECTOR II
004 012760
ZONING INSPECTOR I
000 012760
ZONING INSPECTOR I
005 012850
DEP DIR OF INSPECTION SVC
004 012850
DEP DIR OF INSPECTION SVC
004 012880
DEP DIR OF PLANNING
005 012900
INSPECTION SERVICES DIR
000 012900
INSPECTION SERVICES DIR
000 012900
INSPECTION SERVICES DIR
004 012940 + DIR OF URBAN DEVELOPMENT

MOBILE CIVIL SERVICE AS OF 06/23/2026
PAGE
30
(RATES SHOWN IN WHOLE DOLLARS)
GRD/
A
B
C
D
E
F
G
H
I
J
K
L
M
N
O
P
Q
R
S
T
RNG
________________________________________________________________________________________________________________________
A
A.5
B
B.5
C
C.5
D
D.5
E
E.5
F
F.5
G
G.5
H
H.5
I
I.5
J
17.0
18.0
16.0
16.0
16.0
19.0
19.0
16.0
16.0
16.0
17.0
17.0
18.0
19.0
19.0
19.0
16.0
23.0
19.0
23.0
18.0
14.0
14.0
14.0
16.0
13.0
13.0
16.0
14.0
14.0
23.0
23.0
23.0
25.0
50.0
21.0
25.0

4210
4114
4423
3727
4007
5130
4323
4423
3727
4210
4647
3916
4114
5130
4323
4323
4210
6108
4323
6108
4882
4007
3377
3814
3727
3214
3630
3727
3377
3814
7248
6108
6108
8831
3276
5662
7442

4315
4217
4534
3821
4107
5258
4431
4534
3821
4315
4763
4014
4217
5258
4431
4431
4315
6261
4431
6261
5005
4107
3461
3909
3821
3294
3721
3821
3461
3909
7429
6261
6261
9052
3358
5804
7628

4423
4323
4647
3916
4210
5389
4542
4647
3916
4423
4882
4114
4323
5389
4542
4542
4423
6417
4542
6417
5130
4210
3548
4007
3916
3377
3814
3916
3548
4007
7615
6417
6417
9279
3440
5949
7819

4534
4431
4763
4014
4315
5524
4655
4763
4014
4534
5005
4217
4431
5524
4655
4655
4534
6578
4655
6578
5258
4315
3637
4107
4014
3461
3909
4014
3637
4107
7806
6578
6578
9511
3526
6098
8015

4647
4542
4882
4114
4423
5662
4772
4882
4114
4647
5130
4323
4542
5662
4772
4772
4647
6742
4772
6742
5389
4423
3727
4210
4114
3548
4007
4114
3727
4210
8001
6742
6742
9748
3612
6250
8215

4763 4883 5005 5130 5258 5389 5524 5662 5804 5949 6098 6250 6406 6567 6731
4655 4772 4891 5013 5139 5267 5399 5534 5672 5814 5959 6108 6261 6417 6578
5005 5130 5258 5389 5524 5662 5804 5949 6098 6250 6406 6567 6731 6899 7071
4217 4323 4431 4542 4655 4772 4891 5013 5139 5267 5399 5534 5672 5814 5959
4534 4647 4763 4883 5005 5130 5258 5389 5524 5662 5804 5949 6098 6250 6406
5804 5949 6098 6250 6406 6567 6731 6899 7071 7248 7429 7615 7806 8001 8201
4891 5013 5139 5267 5399 5534 5672 5814 5959 6108 6261 6417 6578 6742 6911
5005 5130 5258 5389 5524 5662 5804 5949 6098 6250 6406 6567 6731 6899 7071
4217 4323 4431 4542 4655 4772 4891 5013 5139 5267 5399 5534 5672 5814 5959
4763 4883 5005 5130 5258 5389 5524 5662 5804 5949 6098 6250 6406 6567 6731
5258 5389 5524 5662 5804 5949 6098 6250 6406 6567 6731 6899 7071 7248 7429
4431 4542 4655 4772 4891 5013 5139 5267 5399 5534 5672 5814 5959 6108 6261
4655 4772 4891 5013 5139 5267 5399 5534 5672 5814 5959 6108 6261 6417 6578
5804 5949 6098 6250 6406 6567 6731 6899 7071 7248 7429 7615 7806 8001 8201
4891 5013 5139 5267 5399 5534 5672 5814 5959 6108 6261 6417 6578 6742 6911
4891 5013 5139 5267 5399 5534 5672 5814 5959 6108 6261 6417 6578 6742 6911
4763 4883 5005 5130 5258 5389 5524 5662 5804 5949 6098 6250 6406 6567 6731
6911 7084 7261 7442 7628 7819 8015 8215 8420 8631 8847 9068 9295 9527 9765
4891 5013 5139 5267 5399 5534 5672 5814 5959 6108 6261 6417 6578 6742 6911
6911 7084 7261 7442 7628 7819 8015 8215 8420 8631 8847 9068 9295 9527 9765
5524 5662 5804 5949 6098 6250 6406 6567 6731 6899 7071 7248 7429 7615 7806
4534 4647 4763 4882 5005 5130 5258 5389 5524 5662 5804 5949 6098 6250 6406
3821 3916 4014 4114 4217 4323 4431 4542 4655 4772 4891 5013 5139 5267 5399
4315 4423 4534 4647 4763 4883 5005 5130 5258 5389 5524 5662 5804 5949 6098
4217 4323 4431 4542 4655 4772 4891 5013 5139 5267 5399 5534 5672 5814 5959
3637 3727 3821 3916 4014 4114 4217 4323 4431 4542 4655 4772 4891 5013 5139
4107 4210 4315 4423 4534 4647 4763 4883 5005 5130 5258 5389 5524 5662 5804
4217 4323 4431 4542 4655 4772 4891 5013 5139 5267 5399 5534 5672 5814 5959
3821 3916 4014 4114 4217 4323 4431 4542 4655 4772 4891 5013 5139 5267 5399
4315 4423 4534 4647 4763 4883 5005 5130 5258 5389 5524 5662 5804 5949 6098
8201 8406 8616 8831 9052 9279 9511 9748 9992 10242 10498 10760 11029 11305 11588
6911 7084 7261 7442 7628 7819 8015 8215 8420 8631 8847 9068 9295 9527 9765
6911 7084 7261 7442 7628 7819 8015 8215 8420 8631 8847 9068 9295 9527 9765
9992 10242 10498 10760 11029 11305 11588 11877 12174 12479 12791 13111 13438 13774 14119
3703 3793 3888 3982 4082 4182 4286 4391 4500 4610 4725 4841 4962 5083
6406 6567 6731 6899 7072 7248 7430 7615 7806 8001 8201 8406 8616 8832 9052
8420 8631 8847 9068 9295 9527 9765 10009 10260 10516 10779 11048 11325 11608 11898

7442

7628

7819

8015

8215

8420

LABOR TRADES AND SUPERVISION
02

AF

004 012950

DIR OF CITY PLANNING

25.0

8631

8847

9068

9295

9527

9765 10009 10260 10516 10779 11048 11325 11608 11898

PP0001LS
JUR
CDE PLN SQ#
02
03
01
03
12
13
01
02
12
01
15
21
01
01
02
03
05
07
11
12
13
14
15
16
20
02
04
02
01
02
03
04
07
11
12
15
16
20
12
12
04

AF
OR
AL
OR
AM
AQ
AL
AF
AM
AL
AI
BM
AL
AL
AF
OR
AO
BL
AO
AM
AQ
AT
AI
AM
AF
AF
OR
AF
AL
AF
OR
OR
BL
AO
AM
AI
AM
AF
AM
AM
OR

CLASS
CODE

CLASSIFICATION TITLE

009 013030
SURVEILLANCE SYS MONITOR
000 013030
SURVEILLANCE SYS MONITOR
005 013050
SECURITY GUARD
000 013050
SECURITY GUARD
000 013050
SECURITY GUARD
000 013050
SECURITY GUARD
005 013070
CUSTODIAL SUPERVISOR
004 013070
CUSTODIAL SUPERVISOR
000 013070
CUSTODIAL SUPERVISOR
005 013085
UTILITY WORKER
000 013085
UTILITY WORKER
000 013085
UTILITY WORKER
005 013090
CUSTODIAL OPERATIONS MGR
005 013100
CUSTODIAL WORKER I
013 013100
CUSTODIAL WORKER I
000 013100
CUSTODIAL WORKER I
000 013100
CUSTODIAL WORKER I
000 013100
CUSTODIAL WORKER I
000 013100
CUSTODIAL WORKER I
000 013100
CUSTODIAL WORKER I
000 013100
CUSTODIAL WORKER I
000 013100
CUSTODIAL WORKER I
000 013100 + CUSTODIAL WORKER I
000 013100
CUSTODIAL WORKER I
013 013100
CUSTODIAL WORKER I
007 013110
TREE TRIMMER I
000 013110
TREE TRIMMER I
004 013120
TREE TRIMMER II
005 013150
CUSTODIAL WORKER II
009 013150
CUSTODIAL WORKER II
000 013150 + CUSTODIAL WORKER II
000 013150 + CUSTODIAL WORKER II
000 013150 + CUSTODIAL WORKER II
000 013150
CUSTODIAL WORKER II
000 013150
CUSTODIAL WORKER II
000 013150
CUSTODIAL WORKER II
000 013150 + CUSTODIAL WORKER II
009 013150
CUSTODIAL WORKER II
000 013151
PUB HLTH CUSTODIAL WRKR I
000 013152
PUB HLTH CUSTODIAL WRKRII
000 013160
CUSTODIAL MECHANIC

MOBILE CIVIL SERVICE AS OF 06/23/2026
PAGE
31
(RATES SHOWN IN WHOLE DOLLARS)
GRD/
A
B
C
D
E
F
G
H
I
J
K
L
M
N
O
P
Q
R
S
T
RNG
________________________________________________________________________________________________________________________
A
A.5
B
B.5
C
C.5
D
D.5
E
E.5
F
F.5
G
G.5
H
H.5
I
I.5
J
8.0
33.0
7.0
34.0
7.0
7.0
11.0
11.0
11.0
9.0
9.0
9.0
14.0
6.0
6.0
33.0
6.0
6.0
6.0
6.0
6.0
6.0
6.0
6.0
6.0
9.0
38.0
12.0
8.0
8.0
34.0
33.5
7.0
7.0
7.0
8.0
7.0
8.0
9.0
10.0
36.0

2841
1429
2836
1501
2569
2836
3455
2912
3130
3130
2569
2300
4007
2699
2841
1429
2569
2196
2569
2445
2699
2907
2215
2445
2841
2841
1824
3059
2979
2841
1501
1465
2307
2699
2569
2445
2569
2841
2836
2979
1655

2912
1465
2907
1538
2633
2907
3542
2985
3209
3209
2633
2357
4107
2767
2912
1465
2633
2251
2633
2506
2767
2979
2271
2506
2912
2912
1870
3136
3054
2912
1538
1501
2365
2767
2633
2506
2633
2912
2907
3054
1696

2985
1501
2979
1576
2699
2979
3630
3059
3289
3289
2699
2416
4210
2836
2985
1501
2699
2307
2699
2569
2836
3054
2327
2569
2985
2985
1916
3214
3130
2985
1576
1538
2424
2836
2699
2569
2699
2985
2979
3130
1738

3059
1538
3054
1615
2767
3054
3721
3136
3371
3371
2767
2476
4315
2907
3059
1538
2767
2365
2767
2633
2907
3130
2386
2633
3059
3059
1964
3294
3209
3059
1615
1576
2484
2907
2767
2633
2767
3059
3054
3209
1781

3136
1576
3130
1655
2836
3130
3814
3214
3455
3455
2836
2538
4423
2979
3136
1576
2836
2424
2836
2699
2979
3209
2445
2699
3136
3136
2011
3377
3289
3136
1655
1615
2547
2979
2836
2699
2836
3136
3130
3289
1824

3214
1615
3209
1696
2907
3209
3909
3294
3542
3542
2907
2602
4534
3054
3214
1615
2907
2484
2907
2767
3054
3289
2506
2767
3214
3214
2062
3461
3371
3214
1696
1655
2610
3054
2907
2767
2907
3214
3209
3371
1870

3294
1655
3289
1738
2979
3289
4007
3377
3630
3630
2979
2667
4647
3130
3294
1655
2979
2547
2979
2836
3130
3371
2569
2836
3294
3294
2112
3548
3455
3294
1738
1696
2676
3130
2979
2836
2979
3294
3289
3455
1916

3377
1696
3371
1781
3054
3371
4107
3461
3721
3721
3054
2733
4763
3209
3377
1696
3054
2610
3054
2907
3209
3455
2633
2907
3377
3377
2165
3637
3542
3377
1781
1738
2742
3209
3054
2907
3054
3377
3371
3542
1964

3461
1738
3455
1824
3130
3455
4210
3548
3814
3814
3130
2802
4882
3289
3461
1738
3130
2676
3130
2979
3289
3542
2699
2979
3461
3461
2218
3727
3630
3461
1824
1781
2811
3289
3130
2979
3130
3461
3455
3630
2011

3548
1781
3542
1870
3209
3542
4315
3637
3909
3909
3208
2872
5005
3371
3548
1781
3209
2742
3209
3054
3371
3630
2767
3054
3548
3548
2273
3821
3721
3548
1870
1824
2881
3371
3209
3054
3209
3548
3542
3721
2062

3637
1824
3630
1916
3289
3630
4423
3727
4007
4007
3289
2944
5130
3455
3637
1824
3289
2811
3289
3130
3455
3721
2836
3130
3637
3637
2328
3916
3814
3637
1916
1870
2953
3455
3289
3130
3289
3637
3630
3814
2112

3727
1870
3721
1964
3371
3721
4534
3821
4107
4107
3371
3017
5258
3542
3727
1870
3371
2881
3371
3209
3542
3814
2907
3209
3727
3727
2387
4014
3909
3727
1964
1916
3027
3542
3371
3208
3371
3727
3721
3909
2165

3821
1916
3814
2011
3455
3814
4647
3916
4210
4210
3455
3093
5389
3630
3821
1916
3455
2953
3455
3289
3630
3909
2979
3289
3821
3821
2445
4114
4007
3821
2011
1964
3103
3630
3455
3289
3455
3821
3814
4007
2218

3916
1964
3909
2062
3542
3909
4763
4014
4315
4315
3542
3170
5524
3721
3916
1964
3542
3027
3542
3371
3721
4007
3054
3371
3916
3916
2506
4217
4107
3916
2062
2011
3180
3721
3542
3371
3542
3916
3909
4107
2273

4014
2011
4007
2112
3630
4007
4882
4114
4423
4423
3630
3249
5662
3814
4014
2011
3630
3103
3630
3455
3814
4107
3130
3455
4014
4014
2567
4323
4210
4014
2112
2062
3260
3814
3630
3455
3630
4014
4007
4210
2328

4114
2062
4107
2165
3721
4107
5005
4217
4534
4534
3721
3331
5804
3909
4114
2062
3721
3180
3721
3542
3909
4210
3208
3542
4114
4114
2631
4431
4315
4114
2165
2112
3342
3909
3721
3542
3721
4114
4107
4315
2387

4217
2112
4210
2218
3814
4210
5130
4323
4647
4647
3814
3414
5949
4007
4217
2112
3814
3260
3814
3630
4007
4315
3289
3630
4217
4217
2696
4542
4423
4217
2218
2165
3425
4007
3814
3630
3814
4217
4210
4423
2445

4323
2165
4315
2273
3909
4315
5258
4431
4763
4763
3909
3499
6098
4107
4323
2165
3909
3342
3909
3721
4107
4423
3371
3721
4323
4323
2763
4655
4534
4323
2273
2218
3511
4107
3909
3721
3909
4323
4315
4534
2506

4431
2218
4423
2328
4007
4423
5389
4542
4883
4882
4007
3587
6250
4210
4431
2218
4007
3425
4007
3814
4210
4534
3455
3814
4431
4431
2830
4772
4647
4431
2328
2273
3599
4210
4007
3814
4007
4431
4423
4647
2567

4542
4534
4107
4534
5524
4655
5005
5005
4107
3676
6406
4315
4542
4107
3511
4107
3909
4315
4647
3542
3909
4542
4542
4891
4763
4542
3688
4315
4107
3909
4107
4542
4534
4763

PP0001LS
JUR
CDE PLN SQ#
11
11
02
12
20
01
01
07
01
03
01
01
01
02
03
04
05
06
07
09
10
11
12
13
16
17
20
21
22
24
25
05
11
01
02
03
04
05
06
07
09

AO
AO
AF
AM
AF
AL
AL
BL
AL
OR
AL
AL
AL
AF
OR
OR
AO
BK
BL
AL
BC
AQ
AM
AQ
AM
AV
AF
BM
AO
AG
CD
AO
AO
AL
AF
OR
OR
AO
BK
BL
AL

CLASS
CODE

CLASSIFICATION TITLE

000 013168
MAINT CLERK/DISPATCH SUPV
000 013169
MAINTENANCE CLERK/DISPAT
007 013170
CLERK/DRIVER
000 013170
CLERK/DRIVER
007 013170
CLERK/DRIVER
008 013180
INMATE WORK SUPERVISOR I
008 013185
INMATE WORK SUPERVISOR II
000 013188
WORK PROGRAM COORD
005 013200
FOOD SERVICE WORKER
000 013200
FOOD SERVICE WORKER
005 013240
FOOD SERVICE ASST SUPV
005 013260
FOOD SERVICE SUPERVISOR
005 013290
PUBLIC SERVICE TRAINEE
011 013290
PUBLIC SERVICE TRAINEE
000 013290
PUBLIC SERVICE TRAINEE
000 013290
PUBLIC SERVICE TRAINEE
000 013290
PUBLIC SERVICE TRAINEE
000 013290
PUBLIC SERVICE TRAINEE
000 013290
PUBLIC SERVICE TRAINEE
000 013290
PUBLIC SERVICE TRAINEE
000 013290
PUBLIC SERVICE TRAINEE
000 013290
PUBLIC SERVICE TRAINEE
000 013290
PUBLIC SERVICE TRAINEE
000 013290
PUBLIC SERVICE TRAINEE
000 013290
PUBLIC SERVICE TRAINEE
000 013290
PUBLIC SERVICE TRAINEE
011 013290
PUBLIC SERVICE TRAINEE
000 013290
PUBLIC SERVICE TRAINEE
000 013290
PUBLIC SERVICE TRAINEE
000 013290
PUBLIC SERVICE TRAINEE
000 013290
PUBLIC SERVICE TRAINEE
000 013291 + PUB SERV TRAIN-SPLASH PAD
000 013292 + PUB SERV TRAINEE - INTERN
005 013300
PUB SERVICE WORKER I
009 013300
PUB SERVICE WORKER I
000 013300
PUB SERVICE WORKER I
000 013300
PUB SERVICE WORKER I
000 013300
PUB SERVICE WORKER I
000 013300
PUB SERVICE WORKER I
000 013300
PUB SERVICE WORKER I
000 013300
PUB SERVICE WORKER I

MOBILE CIVIL SERVICE AS OF 06/23/2026
PAGE
32
(RATES SHOWN IN WHOLE DOLLARS)
GRD/
A
B
C
D
E
F
G
H
I
J
K
L
M
N
O
P
Q
R
S
T
RNG
________________________________________________________________________________________________________________________
A
A.5
B
B.5
C
C.5
D
D.5
E
E.5
F
F.5
G
G.5
H
H.5
I
I.5
J
15.0
10.0
9.0
9.0
9.0
12.0
13.0
10.0
6.0
33.0
10.0
14.0
5.0
6.0
32.5
34.5
3.0

6.0
7.0
6.0
7.0
6.0
10.0
5.0
6.0
8.0
8.0
36.0
36.0
8.0
8.0
8.0
8.0

4007 4107 4210
3130 3209 3289
2841 2912 2985
2836 2907 2979
2841 2912 2985
3909 4007 4107
4107 4210 4315
2676 2742 2811
2699 2767 2836
1429 1465 1501
3289 3371 3455
4007 4107 4210
2569 MAXIMUM
2704 2771 2841
1395 MAXIMUM
1538 MAXIMUM
2215 MAXIMUM
1300 MAXIMUM
1623 MAXIMUM
1686 MAXIMUM
1759 MAXIMUM
2836 MAXIMUM
2445 MAXIMUM
2836 MAXIMUM
2011 MAXIMUM
1779 MAXIMUM
2704 MAXIMUM
1041 MAXIMUM
1655 MAXIMUM
2571 MAXIMUM
1716 MAXIMUM
$8.25 /hr
2569 2633 2699
2979 3054 3130
2841 2912 2985
1655 1696 1738
1655 1696 1738
2836 2907 2979
2156 2210 2265
2424 2484 2547
2633 2699 2767

4315
3371
3059
3054
3059
4210
4423
2881
2907
1538
3542
4315

4423
3455
3136
3130
3136
4315
4534
2953
2979
1576
3630
4423

4534
3542
3214
3209
3214
4423
4647
3027
3054
1615
3721
4534

4647
3630
3294
3289
3294
4534
4763
3103
3130
1655
3814
4647

4763
3721
3377
3371
3377
4647
4882
3180
3209
1696
3909
4763

4883
3814
3461
3455
3461
4763
5005
3260
3289
1738
4007
4882

5005
3909
3548
3542
3548
4882
5130
3342
3371
1781
4107
5005

5130
4007
3637
3630
3637
5005
5258
3425
3455
1824
4210
5130

5258
4107
3727
3721
3727
5130
5389
3511
3542
1870
4315
5258

5389
4210
3821
3814
3821
5258
5524
3599
3630
1916
4423
5389

5524
4315
3916
3909
3916
5389
5662
3688
3721
1964
4534
5524

5662
4423
4014
4007
4014
5524
5804
3781
3814
2011
4647
5662

5804
4534
4114
4107
4114
5662
5949
3875
3909
2062
4763
5804

5949
4647
4217
4210
4217
5804
6098
3972
4007
2112
4882
5949

6098
4763
4323
4315
4323
5949
6250
4071
4107
2165
5005
6098

6250
4883
4431
4423
4431
6098
6406
4173
4210
2218
5130
6250

6406
5005
4542
4534
4542
6250
6567
4278
4315

2912

2985

3059

3136

3214

3294

3377

3461

3548

3637

3727

3821

3916

4014

4114

4217

4323

2767
3209
3059
1781
1781
3054
2322
2610
2836

2836
3289
3136
1824
1824
3130
2380
2676
2907

2907
3371
3214
1870
1870
3209
2440
2742
2979

2979
3455
3294
1916
1916
3289
2501
2811
3054

3054
3542
3377
1964
1964
3371
2563
2881
3130

3130
3630
3461
2011
2011
3455
2627
2953
3209

3209
3721
3548
2062
2062
3542
2693
3027
3289

3289
3814
3637
2112
2112
3630
2760
3103
3371

3371
3909
3727
2165
2165
3721
2829
3180
3455

3455
4007
3821
2218
2218
3814
2900
3260
3542

3542
4107
3916
2273
2273
3909
2972
3342
3630

3630
4210
4014
2328
2328
4007
3047
3425
3721

3721
4315
4114
2387
2387
4107
3123
3511
3814

3814
4423
4217
2445
2445
4210
3201
3599
3909

3909
4534
4323
2506
2506
4315
3281
3688
4007

4007
4647
4431
2567
2567
4423
3363
3781
4107

4107
4763
4542

5258
6406

4534
3447
3875
4210

PP0001LS
JUR
CDE PLN SQ#
10
11
12
13
16
17
21
22
24
25
01
02
03
04
05
06
07
09
10
11
12
13
16
17
21
22
24
25
01
02
03
05
10
11
16
21
01
02
12
11
11

BC
AQ
AM
AQ
AM
AV
BM
AO
AG
CD
AL
AF
OR
OR
AO
BK
BL
AL
BC
AQ
AM
AQ
AM
AV
BM
AO
AG
CD
AL
AF
OR
AO
BC
AQ
AM
BM
AL
AF
AM
AO
AO

CLASS
CODE

CLASSIFICATION TITLE

000 013300
PUB SERVICE WORKER I
000 013300
PUB SERVICE WORKER I
000 013300
PUB SERVICE WORKER I
000 013300
PUB SERVICE WORKER I
000 013300
PUB SERVICE WORKER I
000 013300
PUB SERVICE WORKER I
000 013300
PUB SERVICE WORKER I
000 013300
PUB SERVICE WORKER I
000 013300
PUB SERVICE WORKER I
000 013300
PUB SERVICE WORKER I
005 013350
PUB SERVICE WORKER II
005 013350
PUB SERVICE WORKER II
000 013350
PUB SERVICE WORKER II
000 013350
PUB SERVICE WORKER II
000 013350
PUB SERVICE WORKER II
000 013350
PUB SERVICE WORKER II
000 013350
PUB SERVICE WORKER II
000 013350
PUB SERVICE WORKER II
000 013350
PUB SERVICE WORKER II
000 013350
PUB SERVICE WORKER II
000 013350
PUB SERVICE WORKER II
000 013350
PUB SERVICE WORKER II
000 013350
PUB SERVICE WORKER II
000 013350
PUB SERVICE WORKER II
000 013350
PUB SERVICE WORKER II
000 013350
PUB SERVICE WORKER II
000 013350
PUB SERVICE WORKER II
000 013350
PUB SERVICE WORKER II
005 013400
PUB SERVICE WORKER III
004 013400
PUB SERVICE WORKER III
000 013400 + PUB SERVICE WORKER III
000 013400
PUB SERVICE WORKER III
000 013400
PUB SERVICE WORKER III
000 013400
PUB SERVICE WORKER III
000 013400
PUB SERVICE WORKER III
000 013400
PUB SERVICE WORKER III
005 013405
IRRIGATION TECHNICIAN
004 013405
IRRIGATION TECHNICIAN
000 013406
PUB HEALTH WAREHOUSE MGR
000 013421
CUSTOMER SERVICE REP I
000 013422
CUSTOMER SERVICE REP II

MOBILE CIVIL SERVICE AS OF 06/23/2026
PAGE
33
(RATES SHOWN IN WHOLE DOLLARS)
GRD/
A
B
C
D
E
F
G
H
I
J
K
L
M
N
O
P
Q
R
S
T
RNG
________________________________________________________________________________________________________________________
A
A.5
B
B.5
C
C.5
D
D.5
E
E.5
F
F.5
G
G.5
H
H.5
I
I.5
J
8.0
8.0
8.0
8.0
8.0
8.0
8.0
8.0
8.0
8.0
10.0
10.0
38.0
38.0
10.0
10.0
10.0
10.0
10.0
10.0
10.0
10.0
10.0
10.0
10.0
10.0
10.0
10.0
12.0
12.0
38.0
12.0
12.0
12.0
12.0
12.0
12.0
12.0
15.0
12.0
14.0

1942
2979
2699
2979
2699
3289
2189
2836
2329
1990
3289
2841
1824
1824
3130
2380
2676
2907
2144
3289
2979
3289
2979
3630
2416
3130
2571
2197
3630
3059
1824
3455
2366
3630
3289
2667
3630
3059
3814
3455
3814

1990
3054
2767
3054
2767
3371
2243
2907
2387
2040
3371
2912
1870
1870
3209
2440
2742
2979
2197
3371
3054
3371
3054
3721
2476
3209
2635
2252
3721
3136
1870
3542
2425
3721
3371
2733
3721
3136
3909
3542
3909

2040
3130
2836
3130
2836
3455
2300
2979
2447
2091
3455
2985
1916
1916
3289
2501
2811
3054
2252
3455
3130
3455
3130
3814
2538
3289
2701
2308
3814
3214
1916
3630
2486
3814
3455
2802
3814
3214
4007
3630
4007

2091
3209
2907
3209
2907
3542
2357
3054
2508
2144
3542
3059
1964
1964
3371
2563
2881
3130
2308
3542
3209
3542
3209
3909
2602
3371
2768
2366
3909
3294
1964
3721
2548
3909
3542
2872
3909
3294
4107
3721
4107

2144
3289
2979
3289
2979
3630
2416
3130
2571
2197
3630
3136
2011
2011
3455
2627
2953
3209
2366
3630
3289
3630
3289
4007
2667
3455
2837
2425
4007
3377
2011
3814
2612
4007
3630
2944
4007
3377
4210
3814
4210

2197
3371
3054
3371
3054
3721
2476
3209
2635
2252
3721
3214
2062
2062
3542
2693
3027
3289
2425
3721
3371
3721
3371
4107
2733
3542
2908
2486
4107
3461
2062
3909
2677
4107
3721
3017
4107
3461
4315
3909
4315

2252
3455
3130
3455
3130
3814
2538
3289
2701
2308
3814
3294
2112
2112
3630
2760
3103
3371
2486
3814
3455
3814
3455
4210
2802
3630
2981
2548
4210
3548
2112
4007
2744
4210
3814
3093
4210
3548
4423
4007
4423

2308
3542
3209
3542
3209
3909
2602
3371
2768
2366
3909
3377
2165
2165
3721
2829
3180
3455
2548
3909
3542
3909
3542
4315
2872
3721
3056
2612
4315
3637
2165
4107
2813
4315
3909
3170
4315
3637
4534
4107
4534

2366
3630
3289
3630
3289
4007
2667
3455
2837
2425
4007
3461
2218
2218
3814
2900
3260
3542
2612
4007
3630
4007
3630
4423
2944
3814
3132
2677
4423
3727
2218
4210
2883
4423
4007
3249
4423
3727
4647
4210
4647

2425
3721
3371
3721
3371
4107
2733
3542
2908
2486
4107
3548
2273
2273
3909
2972
3342
3630
2677
4107
3721
4107
3721
4534
3017
3909
3210
2744
4534
3821
2273
4315
2955
4534
4107
3331
4534
3821
4763
4315
4763

2486
3814
3455
3814
3455
4210
2802
3630
2981
2548
4210
3637
2328
2328
4007
3047
3425
3721
2744
4210
3814
4210
3814
4647
3093
4007
3291
2813
4647
3916
2328
4423
3029
4647
4210
3414
4647
3916
4883
4423
4883

2548
3909
3542
3909
3542
4315
2872
3721
3056
2612
4315
3727
2387
2387
4107
3123
3511
3814
2813
4315
3909
4315
3909
4763
3170
4107
3373
2883
4763
4014
2387
4534
3105
4763
4315
3499
4763
4014
5005
4534
5005

2612
4007
3630
4007
3630
4423
2944
3814
3132
2677
4423
3821
2445
2445
4210
3201
3599
3909
2883
4423
4007
4423
4007
4883
3249
4210
3457
2955
4882
4114
2445
4647
3182
4883
4423
3587
4882
4114
5130
4647
5130

2677
4107
3721
4107
3721
4534
3017
3909
3210
2744
4534
3916
2506
2506
4315
3281
3688
4007
2955
4534
4107
4534
4107
5005
3331
4315
3544
3029
5005
4217
2506
4763
3262
5005
4534
3676
5005
4217
5258
4763
5258

2744
4210
3814
4210
3814
4647
3093
4007
3291
2813
4647
4014
2567
2567
4423
3363
3781
4107
3029
4647
4210
4647
4210
5130
3414
4423
3632
3105
5130
4323
2567
4883
3343
5130
4647
3768
5130
4323
5389
4883
5389

2813
4315
3909
4315
3909
4763
3170
4107
3373
2883
4763
4114
2631
2631
4534
3447
3875
4210
3105
4763
4315
4763
4315
5258
3499
4534
3723
3182
5258
4431
2631
5005
3427
5258
4763
3863
5258
4431
5524
5005
5524

2883
4423
4007
4423
4007
4883
3249
4210
3457
2955
4882
4217
2696
2696
4647
3533
3972
4315
3182
4883
4423
4883
4423
5389
3587
4647
3816
3262
5389
4542
2696
5130
3513
5389
4883
3959
5389
4542
5662
5130
5662

2955
4534
4107
4534
4107
5005
3331
4315
3544
3029
5005
4323
2763
2763
4763
3622
4071
4423
3262
5005
4534
5005
4534
5524
3676
4763
3912
3343
5524
4655
2763
5258
3601
5524
5005
4058
5524
4655
5804
5258
5804

3029
4647
4210
4647
4210
5130
3414
4423
3632
3105
5130
4431
2830
2830
4883
3712
4173
4534
3343
5130
4647
5130
4647
5662
3768
4883
4009
3427
5662
4772
2830
5389
3691
5662
5130
4160
5662
4772
5949
5389
5949

3105
4763
4315
4763
4315
5258
3499
4534
3723
3182
5258
4542
5005
3805
4278
4647
3427
5258
4763
5258
4763
5804
3863
5005
4110
3513
5804
4891
5524
3783
5804
5258
4264
5804
4891
6098
5524
6098

PP0001LS
JUR
CDE PLN SQ#
11
11
16
02
11
02
02
01
02
03
04
05
06
07
09
10
11
16
24
25
01
02
03
11
01
02
03
04
05
06
07
09
11
16
22
24
25
01
02
03
04

AO
AO
AM
AF
AO
AF
AF
AL
AF
OR
OR
AO
BK
BL
AL
BC
AQ
AM
AG
CD
AL
AF
OR
AQ
AL
AF
OR
OR
AO
BK
BL
AL
AQ
AM
AO
AG
CD
AL
AF
OR
OR

CLASS
CODE

CLASSIFICATION TITLE

000 013430
CUSTOMER OPERATIONS MGR
000 013432
CUSTOMER SERV ASST MGR
000 013433
CUST SERV & BILLING SUPV
004 013434
CUSTOMER SERVICE SUPV
000 013435
CUSTOMER SERV SUPV-MAWSS
007 013440
UTILITY LOCATION TECH
004 013445
IMPOUND WRECKER DRIVER
005 013450
EQUIPMENT OPERATOR I
004 013450
EQUIPMENT OPERATOR I
000 013450
EQUIPMENT OPERATOR I
000 013450
EQUIPMENT OPERATOR I
000 013450
EQUIPMENT OPERATOR I
000 013450
EQUIPMENT OPERATOR I
000 013450
EQUIPMENT OPERATOR I
000 013450
EQUIPMENT OPERATOR I
000 013450
EQUIPMENT OPERATOR I
000 013450
EQUIPMENT OPERATOR I
000 013450
EQUIPMENT OPERATOR I
000 013450
EQUIPMENT OPERATOR I
000 013450
EQUIPMENT OPERATOR I
005 013495
EQUIPMENT OPERATOR TRAIN
007 013495 + EQUIPMENT OPERATOR TRAIN
000 013495
EQUIPMENT OPERATOR TRAIN
000 013495
EQUIPMENT OPERATOR TRAIN
005 013500
EQUIPMENT OPERATOR II
004 013500
EQUIPMENT OPERATOR II
000 013500
EQUIPMENT OPERATOR II
000 013500
EQUIPMENT OPERATOR II
000 013500
EQUIPMENT OPERATOR II
000 013500
EQUIPMENT OPERATOR II
000 013500
EQUIPMENT OPERATOR II
000 013500
EQUIPMENT OPERATOR II
000 013500
EQUIPMENT OPERATOR II
000 013500
EQUIPMENT OPERATOR II
000 013500
EQUIPMENT OPERATOR II
000 013500
EQUIPMENT OPERATOR II
000 013500
EQUIPMENT OPERATOR II
005 013550
EQUIPMENT OPERATOR III
004 013550
EQUIPMENT OPERATOR III
000 013550
EQUIPMENT OPERATOR III
000 013550
EQUIPMENT OPERATOR III

MOBILE CIVIL SERVICE AS OF 06/23/2026
PAGE
34
(RATES SHOWN IN WHOLE DOLLARS)
GRD/
A
B
C
D
E
F
G
H
I
J
K
L
M
N
O
P
Q
R
S
T
RNG
________________________________________________________________________________________________________________________
A
A.5
B
B.5
C
C.5
D
D.5
E
E.5
F
F.5
G
G.5
H
H.5
I
I.5
J
23.0
20.0
14.0
16.0
16.0
9.0
15.0
10.0
11.0
38.0
40.0
10.0
10.0
10.0
10.0
10.0
10.0
10.0
10.0
10.0
9.0
9.0
36.0
9.0
11.0
12.0
39.0
43.0
11.0
11.0
11.0
11.0
11.0
11.0
11.0
11.0
11.0
13.0
14.0
48.0
47.0

6899
5130
3630
3727
4210
2841
3548
3289
2912
1824
2011
3130
2380
2676
2907
2144
3289
2979
2571
2197
3130
2841
1655
3130
3455
3059
1916
2328
3289
2501
2811
3054
3455
3130
3289
2701
2308
3814
3377
2972
2830

7072
5258
3721
3821
4315
2912
3637
3371
2985
1870
2062
3209
2440
2742
2979
2197
3371
3054
2635
2252
3209
2912
1696
3209
3542
3136
1964
2387
3371
2563
2881
3130
3542
3209
3371
2768
2366
3909
3461
3046
2901

7248
5389
3814
3916
4423
2985
3727
3455
3059
1916
2112
3289
2501
2811
3054
2252
3455
3130
2701
2308
3289
2985
1738
3289
3630
3214
2011
2445
3455
2627
2953
3209
3630
3289
3455
2837
2425
4007
3548
3120
2972

7430
5524
3909
4014
4534
3059
3821
3542
3136
1964
2165
3371
2563
2881
3130
2308
3542
3209
2768
2366
3371
3059
1781
3371
3721
3294
2062
2506
3542
2693
3027
3289
3721
3371
3542
2908
2486
4107
3637
3198
3046

7615
5662
4007
4114
4647
3136
3916
3630
3214
2011
2218
3455
2627
2953
3209
2366
3630
3289
2837
2425
3455
3136
1824
3455
3814
3377
2112
2567
3630
2760
3103
3371
3814
3455
3630
2981
2548
4210
3727
3276
3120

7806
5804
4107
4217
4763
3214
4014
3721
3294
2062
2273
3542
2693
3027
3289
2425
3721
3371
2908
2486
3542
3214
1870
3542
3909
3461
2165
2631
3721
2829
3180
3455
3909
3542
3721
3056
2612
4315
3821
3358
3198

8001
5949
4210
4323
4883
3294
4114
3814
3377
2112
2328
3630
2760
3103
3371
2486
3814
3455
2981
2548
3630
3294
1916
3630
4007
3548
2218
2696
3814
2900
3260
3542
4007
3630
3814
3132
2677
4423
3916
3440
3276

8201
6098
4315
4431
5005
3377
4217
3909
3461
2165
2387
3721
2829
3180
3455
2548
3909
3542
3056
2612
3721
3377
1964
3721
4107
3637
2273
2763
3909
2972
3342
3630
4107
3721
3909
3210
2744
4534
4014
3526
3358

8406
6250
4423
4542
5130
3461
4323
4007
3548
2218
2445
3814
2900
3260
3542
2612
4007
3630
3132
2677
3814
3461
2011
3814
4210
3727
2328
2830
4007
3047
3425
3721
4210
3814
4007
3291
2813
4647
4114
3612
3440

8616
6406
4534
4655
5258
3548
4431
4107
3637
2273
2506
3909
2972
3342
3630
2677
4107
3721
3210
2744
3909
3548
2062
3909
4315
3821
2387
2901
4107
3123
3511
3814
4315
3909
4107
3373
2883
4763
4217
3703
3526

8832
6567
4647
4772
5389
3637
4542
4210
3727
2328
2567
4007
3047
3425
3721
2744
4210
3814
3291
2813
4007
3637
2112
4007
4423
3916
2445
2972
4210
3201
3599
3909
4423
4007
4210
3457
2955
4882
4323
3793
3612

9052
6731
4763
4891
5524
3727
4655
4315
3821
2387
2631
4107
3123
3511
3814
2813
4315
3909
3373
2883
4107
3727
2165
4107
4534
4014
2506
3046
4315
3281
3688
4007
4534
4107
4315
3544
3029
5005
4431
3888
3703

9279
6899
4883
5013
5662
3821
4772
4423
3916
2445
2696
4210
3201
3599
3909
2883
4423
4007
3457
2955
4210
3821
2218
4210
4647
4114
2567
3120
4423
3363
3781
4107
4647
4210
4423
3632
3105
5130
4542
3982
3793

9511
7072
5005
5139
5804
3916
4891
4534
4014
2506
2763
4315
3281
3688
4007
2955
4534
4107
3544
3029
4315
3916
2273
4315
4763
4217
2631
3198
4534
3447
3875
4210
4763
4315
4534
3723
3182
5258
4655
4082
3888

9748
7248
5130
5267
5949
4014
5013
4647
4114
2567
2830
4423
3363
3781
4107
3029
4647
4210
3632
3105
4423
4014
2328
4423
4882
4323
2696
3276
4647
3533
3972
4315
4883
4423
4647
3816
3262
5389
4772
4182
3982

9992 10242 10498 10761 11030
7430 7615 7806 8001 8201
5258 5389 5524 5662 5804
5399 5534 5672 5814 5959
6098 6250 6406 6567 6731
4114 4217 4323 4431 4542
5139 5267 5399 5534 5672
4763 4882 5005 5130 5258
4217 4323 4431 4542 4655
2631 2696 2763 2830
2901 2972 3046 3120
4534 4647 4763 4883 5005
3447 3533 3622 3712 3805
3875 3972 4071 4173 4278
4210 4315 4423 4534 4647
3105 3182 3262 3343 3427
4763 4883 5005 5130 5258
4315 4423 4534 4647 4763
3723 3816 3912 4009 4110
3182 3262 3343 3427 3513
4534 4647 4763 4882 5005
4114 4217 4323 4431 4542
2387 2445 2506 2567
4534 4647 4763 4883 5005
5005 5130 5258 5389 5524
4431 4542 4655 4772 4891
2763 2830 2901 2972
3358 3440 3526 3612
4763 4883 5005 5130 5258
3622 3712 3805 3900 3998
4071 4173 4278 4385 4494
4423 4534 4647 4763 4882
5005 5130 5258 5389 5524
4534 4647 4763 4883 5005
4763 4883 5005 5130 5258
3912 4009 4110 4212 4318
3343 3427 3513 3601 3691
5524 5662 5804 5949 6098
4891 5013 5139 5267 5399
4286 4391 4500 4610
4082 4182 4286 4391

PP0001LS
JUR
CDE PLN SQ#
05
06
07
09
11
13
25
01
01
02
03
11
12
13
20
01
02
01
02
01
03
01
02
10
01
02
03
05
06
11
12
13
21
01
02
05
06
11
12
01
02

AO
BK
BL
AL
AQ
AQ
CD
AL
AL
AF
OR
AO
AM
AQ
AF
AL
AF
AL
AF
AL
OR
AL
AF
BC
AL
AF
OR
AO
BK
AO
AM
AQ
BM
AL
AF
AO
BK
AO
AM
AL
AF

CLASS
CODE

CLASSIFICATION TITLE

000 013550
EQUIPMENT OPERATOR III
000 013550
EQUIPMENT OPERATOR III
000 013550
EQUIPMENT OPERATOR III
000 013550
EQUIPMENT OPERATOR III
000 013550
EQUIPMENT OPERATOR III
000 013550
EQUIPMENT OPERATOR III
000 013550
EQUIPMENT OPERATOR III
005 013556
LATTICE BOOM CRANE OPER
005 013650
BLDG MAINT SUPERVISOR
004 013650
BLDG MAINT SUPERVISOR
000 013650
BLDG MAINT SUPERVISOR
000 013650
BLDG MAINT SUPERVISOR
000 013650
BLDG MAINT SUPERVISOR
000 013650 + BLDG MAINT SUPERVISOR
004 013651
BLDG MAINT SUPERVISOR-LIB
005 013656
SERVICE CONTRACT TECH
004 013656
SERVICE CONTRACT TECH
005 013658
SERVICE CONTRACT ADMIN
004 013658
SERVICE CONTRACT ADMIN
005 013659
VEHICULAR EQUIP SERV WRTR
000 013660
APPRENTICE
005 013680
GOLF COURSE MAINT MECH
004 013680
GOLF COURSE MAINT MECH
000 013695
MAINT MECHANIC-MT VERNON
005 013697
MAINTENANCE MECHANIC I
004 013697
MAINTENANCE MECHANIC I
000 013697
MAINTENANCE MECHANIC I
000 013697
MAINTENANCE MECHANIC I
000 013697
MAINTENANCE MECHANIC I
000 013697
MAINTENANCE MECHANIC I
000 013697
MAINTENANCE MECHANIC I
000 013697
MAINTENANCE MECHANIC I
000 013697
MAINTENANCE MECHANIC I
005 013698
MAINTENANCE MECHANIC II
004 013698
MAINTENANCE MECHANIC II
000 013698
MAINTENANCE MECHANIC II
000 013698
MAINTENANCE MECHANIC II
000 013698
MAINTENANCE MECHANIC II
000 013698
MAINTENANCE MECHANIC II
005 013730
AUTO SERVICE WORKER II
005 013730
AUTO SERVICE WORKER II

MOBILE CIVIL SERVICE AS OF 06/23/2026
PAGE
35
(RATES SHOWN IN WHOLE DOLLARS)
GRD/
A
B
C
D
E
F
G
H
I
J
K
L
M
N
O
P
Q
R
S
T
RNG
________________________________________________________________________________________________________________________
A
A.5
B
B.5
C
C.5
D
D.5
E
E.5
F
F.5
G
G.5
H
H.5
I
I.5
J
13.0
13.0
13.0
13.0
13.0
13.0
13.0
15.0
16.0
16.0
35.0
16.0
16.0
16.0
13.0
12.0
14.0
17.0
17.0
12.0
33.0
15.0
12.0
12.0
12.0
12.0
38.0
12.0
12.0
12.0
12.0
12.0
12.0
14.0
14.0
14.0
14.0
14.0
14.0
10.0
10.0

3630
2760
3103
3371
3814
3814
2548
4210
4423
3727
1576
4210
4007
4423
3214
3630
3377
4647
3916
3630
1429
4210
3059
2366
3630
3059
1824
3455
2627
3455
3289
3630
2667
4007
3377
3814
2900
3814
3630
3289
2841

3721
2829
3180
3455
3909
3909
2612
4315
4534
3821
1615
4315
4107
4534
3294
3721
3461
4763
4014
3721
1465
4315
3136
2425
3721
3136
1870
3542
2693
3542
3371
3721
2733
4107
3461
3909
2972
3909
3721
3371
2912

3814
2900
3260
3542
4007
4007
2677
4423
4647
3916
1655
4423
4210
4647
3377
3814
3548
4882
4114
3814
1501
4423
3214
2486
3814
3214
1916
3630
2760
3630
3455
3814
2802
4210
3548
4007
3047
4007
3814
3455
2985

3909
2972
3342
3630
4107
4107
2744
4534
4763
4014
1696
4534
4315
4763
3461
3909
3637
5005
4217
3909
1538
4534
3294
2548
3909
3294
1964
3721
2829
3721
3542
3909
2872
4315
3637
4107
3123
4107
3909
3542
3059

4007
3047
3425
3721
4210
4210
2813
4647
4882
4114
1738
4647
4423
4883
3548
4007
3727
5130
4323
4007
1576
4647
3377
2612
4007
3377
2011
3814
2900
3814
3630
4007
2944
4423
3727
4210
3201
4210
4007
3630
3136

4107
3123
3511
3814
4315
4315
2883
4763
5005
4217
1781
4763
4534
5005
3637
4107
3821
5258
4431
4107
1615
4763
3461
2677
4107
3461
2062
3909
2972
3909
3721
4107
3017
4534
3821
4315
3281
4315
4107
3721
3214

4210
3201
3599
3909
4423
4423
2955
4882
5130
4323
1824
4883
4647
5130
3727
4210
3916
5389
4542
4210
1655
4882
3548
2744
4210
3548
2112
4007
3047
4007
3814
4210
3093
4647
3916
4423
3363
4423
4210
3814
3294

4315
3281
3688
4007
4534
4534
3029
5005
5258
4431
1870
5005
4763
5258
3821
4315
4014
5524
4655
4315
1696
5005
3637
2813
4315
3637
2165
4107
3123
4107
3909
4315
3170
4763
4014
4534
3447
4534
4315
3909
3377

4423
3363
3781
4107
4647
4647
3105
5130
5389
4542
1916
5130
4883
5389
3916
4423
4114
5662
4772
4423
1738
5130
3727
2883
4423
3727
2218
4210
3201
4210
4007
4423
3249
4882
4114
4647
3533
4647
4423
4007
3461

4534
3447
3875
4210
4763
4763
3182
5258
5524
4655
1964
5258
5005
5524
4014
4534
4217
5804
4891
4534
1781
5258
3821
2955
4534
3821
2273
4315
3281
4315
4107
4534
3331
5005
4217
4763
3622
4763
4534
4107
3548

4647
3533
3972
4315
4883
4883
3262
5389
5662
4772
2011
5389
5130
5662
4114
4647
4323
5949
5013
4647
1824
5389
3916
3029
4647
3916
2328
4423
3363
4423
4210
4647
3414
5130
4323
4883
3712
4883
4647
4210
3637

4763
3622
4071
4423
5005
5005
3343
5524
5804
4891
2062
5524
5258
5804
4217
4763
4431
6098
5139
4763
1870
5524
4014
3105
4763
4014
2387
4534
3447
4534
4315
4763
3499
5258
4431
5005
3805
5005
4763
4315
3727

4883
3712
4173
4534
5130
5130
3427
5662
5949
5013
2112
5662
5389
5949
4323
4882
4542
6250
5267
4882
1916
5662
4114
3182
4882
4114
2445
4647
3533
4647
4423
4883
3587
5389
4542
5130
3900
5130
4883
4423
3821

5005
3805
4278
4647
5258
5258
3513
5804
6098
5139
2165
5804
5524
6098
4431
5005
4655
6406
5399
5005
1964
5804
4217
3262
5005
4217
2506
4763
3622
4763
4534
5005
3676
5524
4655
5258
3998
5258
5005
4534
3916

5130
3900
4385
4763
5389
5389
3601
5949
6250
5267
2218
5949
5662
6250
4542
5130
4772
6567
5534
5130
2011
5949
4323
3343
5130
4323
2567
4883
3712
4883
4647
5130
3768
5662
4772
5389
4098
5389
5130
4647
4014

5258
3998
4494
4882
5524
5524
3691
6098
6406
5399
2273
6098
5804
6406
4655
5258
4891
6731
5672
5258
2062
6098
4431
3427
5258
4431
2631
5005
3805
5005
4763
5258
3863
5804
4891
5524
4200
5524
5258
4763
4114

5389
4098
4607
5005
5662
5662
3783
6250
6567
5534
2328
6250
5949
6567
4772
5389
5013
6899
5814
5389
2112
6250
4542
3513
5389
4542
2696
5130
3900
5130
4883
5389
3959
5949
5013
5662
4305
5662
5389
4882
4217

5524
4200
4722
5130
5804
5804
3877
6406
6731
5672
2387
6406
6098
6731
4891
5524
5139
7071
5959
5524
2165
6406
4655
3601
5524
4655
2763
5258
3998
5258
5005
5524
4058
6098
5139
5804
4413
5804
5524
5005
4323

5662
4305
4840
5258
5949
5949
3974
6567
6899
5814
2445
6567
6250
6899
5013
5662
5267
7248
6108
5662
2218
6567
4772
3691
5662
4772
2830
5389
4098
5389
5130
5662
4160
6250
5267
5949
4523
5949
5662
5130
4431

5804
4413
4961
5389
6098
6098
4074
6731
7071
5959
6731
6406
7072
5139
5804
5399
7429
6261
5804
6731
4891
3783
5804
4891
5524
4200
5524
5258
5804
4264
6406
5399
6098
4636
6098
5804
5258
4542

PP0001LS
JUR
CDE PLN SQ#
03
05
07
11
01
02
07
11
01
02
03
04
05
07
09
11
01
03
04
05
06
07
11
12
13
16
01
02
05
11
01
02
05
11
01
02
05
11
01
02
03

OR
AO
BL
AO
AL
AF
BL
AO
AL
AF
OR
OR
AO
BL
AL
AO
AL
OR
OR
AO
BK
BL
AO
AM
AQ
AM
AL
AF
AO
AO
AL
AF
AO
AO
AL
AF
AO
AO
AL
AF
OR

CLASS
CODE

000 013730
000 013730
000 013730
000 013730
005 013735
004 013735
000 013735
000 013735
005 013740
007 013740
000 013740
000 013740
000 013740
000 013740
000 013740
000 013740
005 013750
000 013750
000 013750
000 013750
000 013750
000 013750
000 013750
000 013750
000 013750
000 013750
005 013751
004 013751
000 013751
000 013751
005 013752
004 013752
000 013752
000 013752
005 013753
004 013753
000 013753
000 013753
005 013760
004 013760
000 013760

CLASSIFICATION TITLE

MOBILE CIVIL SERVICE AS OF 06/23/2026
PAGE
36
(RATES SHOWN IN WHOLE DOLLARS)
GRD/
A
B
C
D
E
F
G
H
I
J
K
L
M
N
O
P
Q
R
S
T
RNG
________________________________________________________________________________________________________________________
A
A.5
B
B.5
C
C.5
D
D.5
E
E.5
F
F.5
G
G.5
H
H.5
I
I.5
J

AUTO SERVICE WORKER II
AUTO SERVICE WORKER II
AUTO SERVICE WORKER II
AUTO SERVICE WORKER II
VEHICULAR/EQUIP MECH TRAN
VEHICULAR/EQUIP MECH TRAN
VEHICULAR/EQUIP MECH TRAN
VEHICULAR/EQUIP MECH TRAN
AUTO SERVICE WORKER I
AUTO SERVICE WORKER I
AUTO SERVICE WORKER I
AUTO SERVICE WORKER I
AUTO SERVICE WORKER I
AUTO SERVICE WORKER I
AUTO SERVICE WORKER I
AUTO SERVICE WORKER I
VEHICULAR/EQUIPMENT MECH
VEHICULAR/EQUIPMENT MECH
VEHICULAR/EQUIPMENT MECH
VEHICULAR/EQUIPMENT MECH
VEHICULAR/EQUIPMENT MECH
VEHICULAR/EQUIPMENT MECH
VEHICULAR/EQUIPMENT MECH
VEHICULAR/EQUIPMENT MECH
VEHICULAR/EQUIPMENT MECH
VEHICULAR/EQUIPMENT MECH
VEHICULAR EQUIP MECH I
VEHICULAR EQUIP MECH I
VEHICULAR EQUIP MECH I
VEHICULAR EQUIP MECH I
VEHICULAR EQUIP MECH II
VEHICULAR EQUIP MECH II
VEHICULAR EQUIP MECH II
VEHICULAR EQUIP MECH II
VEHICULAR EQUIP MECH III
VEHICULAR EQUIP MECH III
VEHICULAR EQUIP MECH III
VEHICULAR EQUIP MECH III
BODY/PAINT MECHANIC I
BODY/PAINT MECHANIC I
BODY/PAINT MECHANIC I

38.0
10.0
10.0
10.0
11.0
12.0
12.0
12.0
9.0
9.0
35.0
37.0
9.0
9.0
9.0
9.0
14.0
41.0
47.0
14.0
14.0
14.0
14.0
14.0
14.0
14.0
14.0
14.0
14.0
14.0
15.0
15.0
15.0
15.0
16.0
16.0
16.0
16.0
14.0
14.0
41.0

1824
3130
2676
3130
3455
3059
2953
3455
3130
2841
1576
1738
2979
2547
2767
2979
4007
2112
2830
3814
2900
3260
3814
3630
4007
3630
4007
3377
3814
3814
4210
3548
4007
4007
4423
3727
4210
4210
4007
3377
2112

1870
3209
2742
3209
3542
3136
3027
3542
3209
2912
1615
1781
3054
2610
2836
3054
4107
2165
2901
3909
2972
3342
3909
3721
4107
3721
4107
3461
3909
3909
4315
3637
4107
4107
4534
3821
4315
4315
4107
3461
2165

1916
3289
2811
3289
3630
3214
3103
3630
3289
2985
1655
1824
3130
2676
2907
3130
4210
2218
2972
4007
3047
3425
4007
3814
4210
3814
4210
3548
4007
4007
4423
3727
4210
4210
4647
3916
4423
4423
4210
3548
2218

1964
3371
2881
3371
3721
3294
3180
3721
3371
3059
1696
1870
3209
2742
2979
3209
4315
2273
3046
4107
3123
3511
4107
3909
4315
3909
4315
3637
4107
4107
4534
3821
4315
4315
4763
4014
4534
4534
4315
3637
2273

2011
3455
2953
3455
3814
3377
3260
3814
3455
3136
1738
1916
3289
2811
3054
3289
4423
2328
3120
4210
3201
3599
4210
4007
4423
4007
4423
3727
4210
4210
4647
3916
4423
4423
4882
4114
4647
4647
4423
3727
2328

2062
3542
3027
3542
3909
3461
3342
3909
3542
3214
1781
1964
3371
2881
3130
3371
4534
2387
3198
4315
3281
3688
4315
4107
4534
4107
4534
3821
4315
4315
4763
4014
4534
4534
5005
4217
4763
4763
4534
3821
2387

2112
3630
3103
3630
4007
3548
3425
4007
3630
3294
1824
2011
3455
2953
3209
3455
4647
2445
3276
4423
3363
3781
4423
4210
4647
4210
4647
3916
4423
4423
4882
4114
4647
4647
5130
4323
4883
4883
4647
3916
2445

2165
3721
3180
3721
4107
3637
3511
4107
3721
3377
1870
2062
3542
3027
3289
3542
4763
2506
3358
4534
3447
3875
4534
4315
4763
4315
4763
4014
4534
4534
5005
4217
4763
4763
5258
4431
5005
5005
4763
4014
2506

2218
3814
3260
3814
4210
3727
3599
4210
3814
3461
1916
2112
3630
3103
3371
3630
4882
2567
3440
4647
3533
3972
4647
4423
4883
4423
4882
4114
4647
4647
5130
4323
4883
4883
5389
4542
5130
5130
4882
4114
2567

2273
3909
3342
3909
4315
3821
3688
4315
3909
3548
1964
2165
3721
3180
3455
3721
5005
2631
3526
4763
3622
4071
4763
4534
5005
4534
5005
4217
4763
4763
5258
4431
5005
5005
5524
4655
5258
5258
5005
4217
2631

2328
4007
3425
4007
4423
3916
3781
4423
4007
3637
2011
2218
3814
3260
3542
3814
5130
2696
3612
4883
3712
4173
4883
4647
5130
4647
5130
4323
4883
4883
5389
4542
5130
5130
5662
4772
5389
5389
5130
4323
2696

2387
4107
3511
4107
4534
4014
3875
4534
4107
3727
2062
2273
3909
3342
3630
3909
5258
2763
3703
5005
3805
4278
5005
4763
5258
4763
5258
4431
5005
5005
5524
4655
5258
5258
5804
4891
5524
5524
5258
4431
2763

2445
4210
3599
4210
4647
4114
3972
4647
4210
3821
2112
2328
4007
3425
3721
4007
5389
2830
3793
5130
3900
4385
5130
4883
5389
4883
5389
4542
5130
5130
5662
4772
5389
5389
5949
5013
5662
5662
5389
4542
2830

2506
4315
3688
4315
4763
4217
4071
4763
4315
3916
2165
2387
4107
3511
3814
4107
5524
2901
3888
5258
3998
4494
5258
5005
5524
5005
5524
4655
5258
5258
5804
4891
5524
5524
6098
5139
5804
5804
5524
4655
2901

2567
4423
3781
4423
4882
4323
4173
4883
4423
4014
2218
2445
4210
3599
3909
4210
5662
2972
3982
5389
4098
4607
5389
5130
5662
5130
5662
4772
5389
5389
5949
5013
5662
5662
6250
5267
5949
5949
5662
4772
2972

2631
4534
3875
4534
5005
4431
4278
5005
4534
4114
2273
2506
4315
3688
4007
4315
5804
3046
4082
5524
4200
4722
5524
5258
5804
5258
5804
4891
5524
5524
6098
5139
5804
5804
6406
5399
6098
6098
5804
4891
3046

2696
4647
3972
4647
5130
4542
4385
5130
4647
4217
2328
2567
4423
3781
4107
4423
5949
3120
4182
5662
4305
4840
5662
5389
5949
5389
5949
5013
5662
5662
6250
5267
5949
5949
6567
5534
6250
6250
5949
5013
3120

2763
4763
4071
4763
5258
4655
4494
5258
4763
4323
2387
2631
4534
3875
4210
4534
6098
3198
4286
5804
4413
4961
5804
5524
6098
5524
6098
5139
5804
5804
6406
5399
6098
6098
6731
5672
6406
6406
6098
5139
3198

2830
4883
4173
4883
5389
4772
4607
5389
4882
4431
2445
2696
4647
3972
4315
4647
6250
3276
4391
5949
4523
5085
5949
5662
6250
5662
6250
5267
5949
5949
6567
5534
6250
6250
6899
5814
6567
6567
6250
5267
3276

5005
4278
5005
5524
4891
4722
5524
5005
4542
4763
4071
4423
4763
6406
6098
4636
5212
6098
5804
6406
5804
6406
5399
6098
6098
6731
5672
6406
6406
7071
5959
6731
6731
6406
5399

PP0001LS
JUR
CDE PLN SQ#
01
01
02
02
02
01
02
03
04
05
11
13
01
02
01
02
11
01
02
01
02
03
02
11
01
02
01
02
11
02
01
01
01
01
01
01
02
01
02
01
02

AL
AL
AF
AF
AF
AL
AF
OR
OR
AO
AO
AQ
AL
AF
AL
AF
AO
AL
AF
AL
AF
OR
AF
AO
AL
AF
AL
AF
AO
AF
AL
AL
AL
AL
AL
AL
AF
AL
AF
AL
AF

CLASS
CODE

CLASSIFICATION TITLE

005 013761
BODY/PAINT MECHANIC II
005 013762
BODY & PAINT MECH TRAINEE
004 013762
BODY & PAINT MECH TRAINEE
004 013770
SHEET METAL MECHANIC
004 013790
BODY & PAINT SUPERVISOR
005 013800
VEHICULAR/EQUIP MECH SUPV
004 013800
VEHICULAR/EQUIP MECH SUPV
000 013800
VEHICULAR/EQUIP MECH SUPV
000 013800
VEHICULAR/EQUIP MECH SUPV
000 013800
VEHICULAR/EQUIP MECH SUPV
000 013800
VEHICULAR/EQUIP MECH SUPV
000 013800
VEHICULAR/EQUIP MECH SUPV
005 013805
MACHINIST
004 013810
TIRE SHOP SUPERVISOR
005 013850
GARAGE SUPERVISOR
004 013850
GARAGE SUPERVISOR
000 013850
GARAGE SUPERVISOR
005 013875
PARTS MANAGER
004 013875
PARTS MANAGER
005 013880
AUTO PARTS BUYER
004 013880 + AUTO PARTS BUYER
000 013880
AUTO PARTS BUYER
004 013882
FLEET MAINTENANCE COORD
000 013882
FLEET MAINTENANCE COORD
005 013883
FLEET SUPERVISOR
004 013887
DEP DIR OF FLEET MANAGMNT
005 013890
EQUIPMENT SERV MANAGER
004 013890
EQUIPMENT SERV MANAGER
000 013890
EQUIPMENT SERV MANAGER
004 013895
MOTOR POOL MANAGER
005 013900
VOTING MACHINE TECH I
005 013910
VOTING MACHINE TECH II
005 013950
ASST SUPT VOTING SYS MGMT
005 013955
SUPT VOTING SYSTEM MGMNT
005 013960
ELECTIONS/ACCOUNTING MGR
005 013970
COORD-ABSENTEE BALLOT OFF
004 014040
WELDER SUPERVISOR
005 014045
WELDER TRAINEE
004 014045
WELDER TRAINEE
005 014050
WELDER I
004 014050
WELDER I

MOBILE CIVIL SERVICE AS OF 06/23/2026
PAGE
37
(RATES SHOWN IN WHOLE DOLLARS)
GRD/
A
B
C
D
E
F
G
H
I
J
K
L
M
N
O
P
Q
R
S
T
RNG
________________________________________________________________________________________________________________________
A
A.5
B
B.5
C
C.5
D
D.5
E
E.5
F
F.5
G
G.5
H
H.5
I
I.5
J
15.0
12.0
12.0
14.0
17.0
17.0
17.0
44.0
44.5
17.0
17.0
17.0
14.0
15.0
19.0
19.0
19.0
17.0
17.0
14.0
14.0
37.0
16.0
16.0
20.0
24.0
21.0
21.0
20.0
22.0
12.0
14.0
16.0
19.0
22.0

4210
3630
3059
3377
3916
4647
3916
2445
2506
4423
4423
4647
4007
3548
5130
4323
4883
4647
3916
4007
3377
1738
3727
4210
5389
6742
5949
5013
5130
5534
3630
4007
4423
5130
6567

15.0
12.0
12.0
13.0
13.0

3548
3630
3059
3814
3214

4315 4423 4534 4647 4763
3721 3814 3909 4007 4107
3136 3214 3294 3377 3461
3461 3548 3637 3727 3821
4014 4114 4217 4323 4431
4763 4882 5005 5130 5258
4014 4114 4217 4323 4431
2506 2567 2631 2696 2763
2567 2631 2696 2763 2830
4534 4647 4763 4883 5005
4534 4647 4763 4883 5005
4763 4883 5005 5130 5258
4107 4210 4315 4423 4534
3637 3727 3821 3916 4014
5258 5389 5524 5662 5804
4431 4542 4655 4772 4891
5005 5130 5258 5389 5524
4763 4882 5005 5130 5258
4014 4114 4217 4323 4431
4107 4210 4315 4423 4534
3461 3548 3637 3727 3821
1781 1824 1870 1916 1964
3821 3916 4014 4114 4217
4315 4423 4534 4647 4763
5524 5662 5804 5949 6098
6911 7084 7261 7442 7628
6098 6250 6406 6567 6731
5139 5267 5399 5534 5672
5258 5389 5524 5662 5804
5672 5814 5959 6108 6261
3721 3814 3909 4007 4107
4107 4210 4315 4423 4534
4534 4647 4763 4882 5005
5258 5389 5524 5662 5804
6731 6899 7071 7248 7429
$6026.82/MONTHLY MIN/MAX
3637 3727 3821 3916 4014
3721 3814 3909 4007 4107
3136 3214 3294 3377 3461
3909 4007 4107 4210 4315
3294 3377 3461 3548 3637

4882
4210
3548
3916
4542
5389
4542
2830
2901
5130
5130
5389
4647
4114
5949
5013
5662
5389
4542
4647
3916
2011
4323
4883
6250
7819
6899
5814
5949
6417
4210
4647
5130
5949
7615

5005
4315
3637
4014
4655
5524
4655
2901
2972
5258
5258
5524
4763
4217
6098
5139
5804
5524
4655
4763
4014
2062
4431
5005
6406
8015
7071
5959
6098
6578
4315
4763
5258
6098
7806

5130
4423
3727
4114
4772
5662
4772
2972
3046
5389
5389
5662
4882
4323
6250
5267
5949
5662
4772
4882
4114
2112
4542
5130
6567
8215
7248
6108
6250
6742
4423
4882
5389
6250
8001

5258
4534
3821
4217
4891
5804
4891
3046
3120
5524
5524
5804
5005
4431
6406
5399
6098
5804
4891
5005
4217
2165
4655
5258
6731
8420
7429
6261
6406
6911
4534
5005
5524
6406
8201

5389
4647
3916
4323
5013
5949
5013
3120
3198
5662
5662
5949
5130
4542
6567
5534
6250
5949
5013
5130
4323
2218
4772
5389
6899
8631
7615
6417
6567
7084
4647
5130
5662
6567
8406

5524
4763
4014
4431
5139
6098
5139
3198
3276
5804
5804
6098
5258
4655
6731
5672
6406
6098
5139
5258
4431
2273
4891
5524
7071
8847
7806
6578
6731
7261
4763
5258
5804
6731
8616

5662
4882
4114
4542
5267
6250
5267
3276
3358
5949
5949
6250
5389
4772
6899
5814
6567
6250
5267
5389
4542
2328
5013
5662
7248
9068
8001
6742
6899
7442
4882
5389
5949
6899
8831

5804
5005
4217
4655
5399
6406
5399
3358
3440
6098
6098
6406
5524
4891
7071
5959
6731
6406
5399
5524
4655
2387
5139
5804
7429
9295
8201
6911
7072
7628
5005
5524
6098
7071
9052

5949
5130
4323
4772
5534
6567
5534
3440
3526
6250
6250
6567
5662
5013
7248
6108
6899
6567
5534
5662
4772
2445
5267
5949
7615
9527
8406
7084
7248
7819
5130
5662
6250
7248
9279

6098 6250 6406 6567 6731
5258 5389 5524 5662 5804
4431 4542 4655 4772 4891
4891 5013 5139 5267 5399
5672 5814 5959 6108 6261
6731 6899 7071 7248 7429
5672 5814 5959 6108 6261
3526 3612 3703 3793
3612 3703 3793 3888
6406 6567 6731 6899 7072
6406 6567 6731 6899 7072
6731 6899 7072 7248 7430
5804 5949 6098 6250 6406
5139 5267 5399 5534 5672
7429 7615 7806 8001 8201
6261 6417 6578 6742 6911
7072 7248 7430 7615 7806
6731 6899 7071 7248 7429
5672 5814 5959 6108 6261
5804 5949 6098 6250 6406
4891 5013 5139 5267 5399
2506 2567 2631 2696
5399 5534 5672 5814 5959
6098 6250 6406 6567 6731
7806 8001 8201 8406 8616
9765 10009 10260 10516 10779
8616 8831 9052 9279 9511
7261 7442 7628 7819 8015
7430 7615 7806 8001 8201
8015 8215 8420 8631 8847
5258 5389 5524 5662 5804
5804 5949 6098 6250 6406
6406 6567 6731 6899 7071
7429 7615 7806 8001 8201
9511 9748 9992 10242 10498

4114
4210
3548
4423
3727

4217
4315
3637
4534
3821

4323
4423
3727
4647
3916

4431
4534
3821
4763
4014

4542
4647
3916
4882
4114

4655
4763
4014
5005
4217

4772
4882
4114
5130
4323

4891
5005
4217
5258
4431

5013
5130
4323
5389
4542

5139
5258
4431
5524
4655

5267
5389
4542
5662
4772

5399
5524
4655
5804
4891

5534
5662
4772
5949
5013

5672
5804
4891
6098
5139

PP0001LS
JUR
CDE PLN SQ#
11
01
02
11
02
03
04
02
01
02
04
12
13
01
02
12
02
02
01
02
03
04
05
12
13
01
02
02
02
01
02
13
01
02
06
12
13
01
01
02
01

AO
AL
AF
AO
AF
OR
OR
AF
AL
AF
OR
AM
AQ
AL
AF
AM
AF
AF
AL
AF
OR
OR
AO
AM
AQ
AL
AF
AF
AF
AL
AF
AQ
AL
AF
BK
AM
AQ
AL
AL
AF
AL

CLASS
CODE

CLASSIFICATION TITLE

000 014050 + WELDER I
005 014051
WELDER II
004 014051
WELDER II
000 014060
MECHANIC WELDER
004 014100
MASON
000 014100
MASON
000 014100
MASON
004 014130
TILE SETTER
005 014150
PAINTER I
004 014150
PAINTER I
000 014150
PAINTER I
000 014150
PAINTER I
000 014150
PAINTER I
005 014155
PAINTER II
004 014155
PAINTER II
000 014155
PAINTER II
004 014200
PAINTER SUPERVISOR
004 014220
ROOFER
005 014250
CARPENTER I
004 014250
CARPENTER I
000 014250 + CARPENTER I
000 014250
CARPENTER I
000 014250
CARPENTER I
000 014250 + CARPENTER I
000 014250
CARPENTER I
005 014255
CARPENTER II
004 014255
CARPENTER II
004 014300
CARPENTER SUPERVISOR
004 014320
MECH MAINT SUPERVISOR
005 014345
ASST BLDG MAINT SUPT
004 014345
ASST BLDG MAINT SUPT
000 014345
ASST BLDG MAINT SUPT
005 014350
BLDG MAINT SUPERINTENDENT
004 014350
BLDG MAINT SUPERINTENDENT
000 014350
BLDG MAINT SUPERINTENDENT
000 014350
BLDG MAINT SUPERINTENDENT
000 014350
BLDG MAINT SUPERINTENDENT
005 014355
DIR OF FACILITIES & MAINT
005 014356
DEP DIR FACILITIES &MAINT
004 014360
FACILITIES MAINT DIRECTOR
005 014370
LOCKSMITH

MOBILE CIVIL SERVICE AS OF 06/23/2026
PAGE
38
(RATES SHOWN IN WHOLE DOLLARS)
GRD/
A
B
C
D
E
F
G
H
I
J
K
L
M
N
O
P
Q
R
S
T
RNG
________________________________________________________________________________________________________________________
A
A.5
B
B.5
C
C.5
D
D.5
E
E.5
F
F.5
G
G.5
H
H.5
I
I.5
J
13.0 3630 3721 3814 3909 4007 4107 4210 4315 4423 4534 4647 4763 4883 5005 5130 5258 5389 5524 5662 5804
14.0 4007 4107 4210 4315 4423 4534 4647 4763 4882 5005 5130 5258 5389 5524 5662 5804 5949 6098 6250 6406
14.0 3377 3461 3548 3637 3727 3821 3916 4014 4114 4217 4323 4431 4542 4655 4772 4891 5013 5139 5267 5399
14.0 3814 3909 4007 4107 4210 4315 4423 4534 4647 4763 4883 5005 5130 5258 5389 5524 5662 5804 5949 6098
13.0 3214 3294 3377 3461 3548 3637 3727 3821 3916 4014 4114 4217 4323 4431 4542 4655 4772 4891 5013 5139
35.0 1576 1615 1655 1696 1738 1781 1824 1870 1916 1964 2011 2062 2112 2165 2218 2273 2328 2387 2445
43.0 2328 2387 2445 2506 2567 2631 2696 2763 2830 2901 2972 3046 3120 3198 3276 3358 3440 3526 3612
14.0 3377 3461 3548 3637 3727 3821 3916 4014 4114 4217 4323 4431 4542 4655 4772 4891 5013 5139 5267 5399
13.0 3814 3909 4007 4107 4210 4315 4423 4534 4647 4763 4882 5005 5130 5258 5389 5524 5662 5804 5949 6098
13.0 3214 3294 3377 3461 3548 3637 3727 3821 3916 4014 4114 4217 4323 4431 4542 4655 4772 4891 5013 5139
42.0 2218 2273 2328 2387 2445 2506 2567 2631 2696 2763 2830 2901 2972 3046 3120 3198 3276 3358 3440
12.0 3289 3371 3455 3542 3630 3721 3814 3909 4007 4107 4210 4315 4423 4534 4647 4763 4883 5005 5130 5258
12.0 3630 3721 3814 3909 4007 4107 4210 4315 4423 4534 4647 4763 4883 5005 5130 5258 5389 5524 5662 5804
14.0 4007 4107 4210 4315 4423 4534 4647 4763 4882 5005 5130 5258 5389 5524 5662 5804 5949 6098 6250 6406
14.0 3377 3461 3548 3637 3727 3821 3916 4014 4114 4217 4323 4431 4542 4655 4772 4891 5013 5139 5267 5399
14.0 3630 3721 3814 3909 4007 4107 4210 4315 4423 4534 4647 4763 4883 5005 5130 5258 5389 5524 5662 5804
15.0 3548 3637 3727 3821 3916 4014 4114 4217 4323 4431 4542 4655 4772 4891 5013 5139 5267 5399 5534 5672
13.0 3214 3294 3377 3461 3548 3637 3727 3821 3916 4014 4114 4217 4323 4431 4542 4655 4772 4891 5013 5139
13.0 3814 3909 4007 4107 4210 4315 4423 4534 4647 4763 4882 5005 5130 5258 5389 5524 5662 5804 5949 6098
13.0 3214 3294 3377 3461 3548 3637 3727 3821 3916 4014 4114 4217 4323 4431 4542 4655 4772 4891 5013 5139
35.0 1576 1615 1655 1696 1738 1781 1824 1870 1916 1964 2011 2062 2112 2165 2218 2273 2328 2387 2445
43.0 2328 2387 2445 2506 2567 2631 2696 2763 2830 2901 2972 3046 3120 3198 3276 3358 3440 3526 3612
13.0 3630 3721 3814 3909 4007 4107 4210 4315 4423 4534 4647 4763 4883 5005 5130 5258 5389 5524 5662 5804
13.0 3455 3542 3630 3721 3814 3909 4007 4107 4210 4315 4423 4534 4647 4763 4883 5005 5130 5258 5389 5524
13.0 3814 3909 4007 4107 4210 4315 4423 4534 4647 4763 4883 5005 5130 5258 5389 5524 5662 5804 5949 6098
14.0 4007 4107 4210 4315 4423 4534 4647 4763 4882 5005 5130 5258 5389 5524 5662 5804 5949 6098 6250 6406
14.0 3377 3461 3548 3637 3727 3821 3916 4014 4114 4217 4323 4431 4542 4655 4772 4891 5013 5139 5267 5399
16.0 3727 3821 3916 4014 4114 4217 4323 4431 4542 4655 4772 4891 5013 5139 5267 5399 5534 5672 5814 5959
16.0 3727 3821 3916 4014 4114 4217 4323 4431 4542 4655 4772 4891 5013 5139 5267 5399 5534 5672 5814 5959
21.0 5949 6098 6250 6406 6567 6731 6899 7071 7248 7429 7615 7806 8001 8201 8406 8616 8831 9052 9279 9511
21.0 5013 5139 5267 5399 5534 5672 5814 5959 6108 6261 6417 6578 6742 6911 7084 7261 7442 7628 7819 8015
18.0 4883 5005 5130 5258 5389 5524 5662 5804 5949 6098 6250 6406 6567 6731 6899 7072 7248 7430 7615 7806
22.0 6567 6731 6899 7071 7248 7429 7615 7806 8001 8201 8406 8616 8831 9052 9279 9511 9748 9992 10242 10498
22.0 5534 5672 5814 5959 6108 6261 6417 6578 6742 6911 7084 7261 7442 7628 7819 8015 8215 8420 8631 8847
22.0 4752 4871 4993 5118 5246 5377 5511 5649 5790 5935 6083 6235 6391 6551 6715 6883 7055 7231 7412 7597
20.0 4883 5005 5130 5258 5389 5524 5662 5804 5949 6098 6250 6406 6567 6731 6899 7072 7248 7430 7615 7806
21.0 5949 6098 6250 6406 6567 6731 6899 7072 7248 7430 7615 7806 8001 8201 8406 8616 8832 9052 9279 9511
27.0 10760 11029 11305 11588 11877 12174 12479 12791 13111 13438 13774 14119 14472 14833 15204 15584 15974 16373 16783 17202
26.0 9748 9992 10242 10498 10760 11029 11305 11588 11877 12174 12479 12791 13111 13438 13774 14119 14472 14833 15204 15584
24.0 6742 6911 7084 7261 7442 7628 7819 8015 8215 8420 8631 8847 9068 9295 9527 9765 10009 10260 10516 10779
13.0 3814 3909 4007 4107 4210 4315 4423 4534 4647 4763 4882 5005 5130 5258 5389 5524 5662 5804 5949 6098

PP0001LS
JUR
CDE PLN SQ#
02
01
02
05
12
01
01
02
01
02
13
01
02
02
01
01
02
04
13
01
02
02
01
02
11
01
02
03
04
11
13
16
01
02
11
02
02
01
02
03
11

AF
AL
AF
AO
AM
AL
AL
AF
AL
AF
AQ
AL
AF
AF
AL
AL
AF
OR
AQ
AL
AF
AF
AL
AF
AO
AL
AF
OR
OR
AO
AQ
AM
AL
AF
AO
AF
AF
AL
AF
OR
AO

CLASS
CODE

CLASSIFICATION TITLE

004 014370
LOCKSMITH
005 014380
PUB BUILDINGS SUPERVISOR
004 014380
PUB BUILDINGS SUPERVISOR
000 014380
PUB BUILDINGS SUPERVISOR
000 014380 + PUB BUILDINGS SUPERVISOR
005 014385
CORRECTIONS BUILDINGS SUP
005 014398
HEATING/AC MECHANIC TRAIN
004 014398
HEATING/AC MECHANIC TRAIN
005 014400
HEATING/AC MECHANIC I
004 014400
HEATING/AC MECHANIC I
000 014400
HEATING/AC MECHANIC I
005 014405
HEATING/AC MECHANIC II
004 014405
HEATING/AC MECHANIC II
004 014450
HEATING/AC MECHANIC SUPV
005 014499
PLUMBER TRAINEE
005 014500
PLUMBER I
004 014500
PLUMBER I
000 014500
PLUMBER I
000 014500
PLUMBER I
005 014505
PLUMBER II
004 014505
PLUMBER II
004 014510
PLUMBER SUPERVISOR
005 014548
ELECTRICIAN TRAINEE
004 014548
ELECTRICIAN TRAINEE
000 014548
ELECTRICIAN TRAINEE
005 014550
ELECTRICIAN I
004 014550
ELECTRICIAN I
000 014550
ELECTRICIAN I
000 014550
ELECTRICIAN I
000 014550
ELECTRICIAN I
000 014550
ELECTRICIAN I
000 014550
ELECTRICIAN I
005 014551
ELECTRICIAN II
004 014551
ELECTRICIAN II
000 014551
ELECTRICIAN II
004 014600
ELECTRICAL SUPERVISOR
004 014650
ELECTRICAL SUPERINTENDENT
005 014700
ELECTRONIC TECHNICIAN
004 014700
ELECTRONIC TECHNICIAN
000 014700
ELECTRONIC TECHNICIAN
000 014700
ELECTRONIC TECHNICIAN

MOBILE CIVIL SERVICE AS OF 06/23/2026
PAGE
39
(RATES SHOWN IN WHOLE DOLLARS)
GRD/
A
B
C
D
E
F
G
H
I
J
K
L
M
N
O
P
Q
R
S
T
RNG
________________________________________________________________________________________________________________________
A
A.5
B
B.5
C
C.5
D
D.5
E
E.5
F
F.5
G
G.5
H
H.5
I
I.5
J
13.0
17.0
17.0
20.0
16.0
19.0
12.0
12.0
14.0
14.0
14.0
15.0
15.0
16.0
12.0
14.0
14.0
43.0
13.0
15.0
15.0
16.0
12.0
12.0
12.0
14.0
14.0
41.0
43.0
14.0
14.0
14.0
16.0
16.0
16.0
19.0
22.0
14.0
14.0
36.0
14.0

3214
4647
3916
5130
4007
5130
3630
3059
4007
3377
4007
4210
3548
3727
3630
4007
3377
2328
3814
4210
3548
3727
3630
3059
3455
4007
3377
2112
2328
3814
4007
3630
4423
3727
4210
4323
5534
4007
3377
1655
3814

3294
4763
4014
5258
4107
5258
3721
3136
4107
3461
4107
4315
3637
3821
3721
4107
3461
2387
3909
4315
3637
3821
3721
3136
3542
4107
3461
2165
2387
3909
4107
3721
4534
3821
4315
4431
5672
4107
3461
1696
3909

3377
4882
4114
5389
4210
5389
3814
3214
4210
3548
4210
4423
3727
3916
3814
4210
3548
2445
4007
4423
3727
3916
3814
3214
3630
4210
3548
2218
2445
4007
4210
3814
4647
3916
4423
4542
5814
4210
3548
1738
4007

3461
5005
4217
5524
4315
5524
3909
3294
4315
3637
4315
4534
3821
4014
3909
4315
3637
2506
4107
4534
3821
4014
3909
3294
3721
4315
3637
2273
2506
4107
4315
3909
4763
4014
4534
4655
5959
4315
3637
1781
4107

3548
5130
4323
5662
4423
5662
4007
3377
4423
3727
4423
4647
3916
4114
4007
4423
3727
2567
4210
4647
3916
4114
4007
3377
3814
4423
3727
2328
2567
4210
4423
4007
4882
4114
4647
4772
6108
4423
3727
1824
4210

3637
5258
4431
5804
4534
5804
4107
3461
4534
3821
4534
4763
4014
4217
4107
4534
3821
2631
4315
4763
4014
4217
4107
3461
3909
4534
3821
2387
2631
4315
4534
4107
5005
4217
4763
4891
6261
4534
3821
1870
4315

3727
5389
4542
5949
4647
5949
4210
3548
4647
3916
4647
4882
4114
4323
4210
4647
3916
2696
4423
4882
4114
4323
4210
3548
4007
4647
3916
2445
2696
4423
4647
4210
5130
4323
4883
5013
6417
4647
3916
1916
4423

3821
5524
4655
6098
4763
6098
4315
3637
4763
4014
4763
5005
4217
4431
4315
4763
4014
2763
4534
5005
4217
4431
4315
3637
4107
4763
4014
2506
2763
4534
4763
4315
5258
4431
5005
5139
6578
4763
4014
1964
4534

3916
5662
4772
6250
4883
6250
4423
3727
4882
4114
4883
5130
4323
4542
4423
4882
4114
2830
4647
5130
4323
4542
4423
3727
4210
4882
4114
2567
2830
4647
4883
4423
5389
4542
5130
5267
6742
4882
4114
2011
4647

4014
5804
4891
6406
5005
6406
4534
3821
5005
4217
5005
5258
4431
4655
4534
5005
4217
2901
4763
5258
4431
4655
4534
3821
4315
5005
4217
2631
2901
4763
5005
4534
5524
4655
5258
5399
6911
5005
4217
2062
4763

4114
5949
5013
6567
5130
6567
4647
3916
5130
4323
5130
5389
4542
4772
4647
5130
4323
2972
4883
5389
4542
4772
4647
3916
4423
5130
4323
2696
2972
4883
5130
4647
5662
4772
5389
5534
7084
5130
4323
2112
4883

4217
6098
5139
6731
5258
6731
4763
4014
5258
4431
5258
5524
4655
4891
4763
5258
4431
3046
5005
5524
4655
4891
4763
4014
4534
5258
4431
2763
3046
5005
5258
4763
5804
4891
5524
5672
7261
5258
4431
2165
5005

4323
6250
5267
6899
5389
6899
4882
4114
5389
4542
5389
5662
4772
5013
4882
5389
4542
3120
5130
5662
4772
5013
4882
4114
4647
5389
4542
2830
3120
5130
5389
4883
5949
5013
5662
5814
7442
5389
4542
2218
5130

4431
6406
5399
7072
5524
7071
5005
4217
5524
4655
5524
5804
4891
5139
5005
5524
4655
3198
5258
5804
4891
5139
5005
4217
4763
5524
4655
2901
3198
5258
5524
5005
6098
5139
5804
5959
7628
5524
4655
2273
5258

4542
6567
5534
7248
5662
7248
5130
4323
5662
4772
5662
5949
5013
5267
5130
5662
4772
3276
5389
5949
5013
5267
5130
4323
4883
5662
4772
2972
3276
5389
5662
5130
6250
5267
5949
6108
7819
5662
4772
2328
5389

4655
6731
5672
7430
5804
7429
5258
4431
5804
4891
5804
6098
5139
5399
5258
5804
4891
3358
5524
6098
5139
5399
5258
4431
5005
5804
4891
3046
3358
5524
5804
5258
6406
5399
6098
6261
8015
5804
4891
2387
5524

4772
6899
5814
7615
5949
7615
5389
4542
5949
5013
5949
6250
5267
5534
5389
5949
5013
3440
5662
6250
5267
5534
5389
4542
5130
5949
5013
3120
3440
5662
5949
5389
6567
5534
6250
6417
8215
5949
5013
2445
5662

4891
7071
5959
7806
6098
7806
5524
4655
6098
5139
6098
6406
5399
5672
5524
6098
5139
3526
5804
6406
5399
5672
5524
4655
5258
6098
5139
3198
3526
5804
6098
5524
6731
5672
6406
6578
8420
6098
5139
2506
5804

5013
7248
6108
8001
6250
8001
5662
4772
6250
5267
6250
6567
5534
5814
5662
6250
5267
3612
5949
6567
5534
5814
5662
4772
5389
6250
5267
3276
3612
5949
6250
5662
6899
5814
6567
6742
8631
6250
5267
2567
5949

5139
7429
6261
8201
6406
8201
5804
4891
6406
5399
6406
6731
5672
5959
5804
6406
5399
6098
6731
5672
5959
5804
4891
5524
6406
5399
6098
6406
5804
7071
5959
6731
6911
8847
6406
5399
6098

PP0001LS
JUR
CDE PLN SQ#
02
11
02
01
02
01
01
01
01
01
01
02
03
04
05
06
09
10
11
16
22
01
02
03
04
05
06
07
09
10
11
13
16
21
22
01
02
03
04
05
07

AF
AO
AF
AL
AF
AL
AL
AL
AL
AL
AL
AF
OR
OR
AO
BK
AL
BC
AQ
AM
AO
AL
AF
OR
OR
AO
BK
BL
AL
BC
AQ
AQ
AM
BM
AO
AL
AF
OR
OR
AO
BL

CLASS
CODE

CLASSIFICATION TITLE

004 014740
FIELD SERVICE TECHNICIAN
000 014740
FIELD SERVICE TECHNICIAN
004 014750
ELECTRONIC TECH SUPV
005 014755
TELECOMMUNICATION TECH I
004 014755 + TELECOMMUNICATION TECH I
005 014770
ELECTRONIC SYS ANALYST I
005 014772
ELECTRONIC SYS ANALYST II
005 014775
ELECTRONIC SYS ANAL SUPV
005 014776
ELECTRONIC SYSTEMS MGR
005 014779
DIR OF PUBLIC SAFETY COMM
005 014800
CREW CHIEF
004 014800
CREW CHIEF
000 014800
CREW CHIEF
000 014800
CREW CHIEF
000 014800
CREW CHIEF
000 014800
CREW CHIEF
000 014800
CREW CHIEF
000 014800
CREW CHIEF
000 014800
CREW CHIEF
000 014800 + CREW CHIEF
000 014800
CREW CHIEF
005 014850
PUB SERV SUPERVISOR I
004 014850
PUB SERV SUPERVISOR I
000 014850
PUB SERV SUPERVISOR I
000 014850
PUB SERV SUPERVISOR I
000 014850
PUB SERV SUPERVISOR I
000 014850
PUB SERV SUPERVISOR I
000 014850
PUB SERV SUPERVISOR I
000 014850
PUB SERV SUPERVISOR I
000 014850
PUB SERV SUPERVISOR I
000 014850
PUB SERV SUPERVISOR I
000 014850
PUB SERV SUPERVISOR I
000 014850
PUB SERV SUPERVISOR I
000 014850
PUB SERV SUPERVISOR I
000 014850 + PUB SERV SUPERVISOR I
005 014900
PUB SERV SUPERVISOR II
004 014900
PUB SERV SUPERVISOR II
000 014900
PUB SERV SUPERVISOR II
000 014900
PUB SERV SUPERVISOR II
000 014900
PUB SERV SUPERVISOR II
000 014900
PUB SERV SUPERVISOR II

MOBILE CIVIL SERVICE AS OF 06/23/2026
PAGE
40
(RATES SHOWN IN WHOLE DOLLARS)
GRD/
A
B
C
D
E
F
G
H
I
J
K
L
M
N
O
P
Q
R
S
T
RNG
________________________________________________________________________________________________________________________
A
A.5
B
B.5
C
C.5
D
D.5
E
E.5
F
F.5
G
G.5
H
H.5
I
I.5
J
14.0
14.0
19.0
15.0
15.0
14.0
17.0
19.0
21.0
26.0
14.0
15.0
43.0
41.0
14.0
14.0
14.0
14.0
14.0
14.0
14.0
16.0
17.0
45.0
47.0
16.0
16.0
16.0
16.0
16.0
16.0
16.0
16.0
16.0
16.0
18.0
18.0
50.0
50.0
17.0
17.0

3377
3814
4323
4210
3548
4007
4647
5130
5949
9748
4007
3548
2328
2112
3814
2900
3542
2612
4007
3630
3814
4423
3916
2567
2830
4210
3201
3599
3909
2883
4423
4423
4007
3249
4210
4882
4114
3276
3276
4423
3781

3461 3548 3637 3727 3821 3916 4014 4114 4217 4323 4431 4542 4655 4772 4891 5013 5139 5267 5399
3909 4007 4107 4210 4315 4423 4534 4647 4763 4883 5005 5130 5258 5389 5524 5662 5804 5949 6098
4431 4542 4655 4772 4891 5013 5139 5267 5399 5534 5672 5814 5959 6108 6261 6417 6578 6742 6911
4315 4423 4534 4647 4763 4882 5005 5130 5258 5389 5524 5662 5804 5949 6098 6250 6406 6567 6731
3637 3727 3821 3916 4014 4114 4217 4323 4431 4542 4655 4772 4891 5013 5139 5267 5399 5534 5672
4107 4210 4315 4423 4534 4647 4763 4882 5005 5130 5258 5389 5524 5662 5804 5949 6098 6250 6406
4763 4882 5005 5130 5258 5389 5524 5662 5804 5949 6098 6250 6406 6567 6731 6899 7071 7248 7429
5258 5389 5524 5662 5804 5949 6098 6250 6406 6567 6731 6899 7071 7248 7429 7615 7806 8001 8201
6098 6250 6406 6567 6731 6899 7071 7248 7429 7615 7806 8001 8201 8406 8616 8831 9052 9279 9511
9992 10242 10498 10760 11029 11305 11588 11877 12174 12479 12791 13111 13438 13774 14119 14472 14833 15204 15584
4107 4210 4315 4423 4534 4647 4763 4882 5005 5130 5258 5389 5524 5662 5804 5949 6098 6250 6406
3637 3727 3821 3916 4014 4114 4217 4323 4431 4542 4655 4772 4891 5013 5139 5267 5399 5534 5672
2387 2445 2506 2567 2631 2696 2763 2830 2901 2972 3046 3120 3198 3276 3358 3440 3526 3612
2165 2218 2273 2328 2387 2445 2506 2567 2631 2696 2763 2830 2901 2972 3046 3120 3198 3276
3909 4007 4107 4210 4315 4423 4534 4647 4763 4883 5005 5130 5258 5389 5524 5662 5804 5949 6098
2972 3047 3123 3201 3281 3363 3447 3533 3622 3712 3805 3900 3998 4098 4200 4305 4413 4523 4636
3630 3721 3814 3909 4007 4107 4210 4315 4423 4534 4647 4763 4882 5005 5130 5258 5389 5524 5662
2677 2744 2813 2883 2955 3029 3105 3182 3262 3343 3427 3513 3601 3691 3783 3877 3974 4074 4176
4107 4210 4315 4423 4534 4647 4763 4883 5005 5130 5258 5389 5524 5662 5804 5949 6098 6250 6406
3721 3814 3909 4007 4107 4210 4315 4423 4534 4647 4763 4883 5005 5130 5258 5389 5524 5662 5804
3909 4007 4107 4210 4315 4423 4534 4647 4763 4883 5005 5130 5258 5389 5524 5662 5804 5949 6098
4534 4647 4763 4882 5005 5130 5258 5389 5524 5662 5804 5949 6098 6250 6406 6567 6731 6899 7071
4014 4114 4217 4323 4431 4542 4655 4772 4891 5013 5139 5267 5399 5534 5672 5814 5959 6108 6261
2631 2696 2763 2830 2901 2972 3046 3120 3198 3276 3358 3440 3526 3612 3703 3793 3888 3982
2901 2972 3046 3120 3198 3276 3358 3440 3526 3612 3703 3793 3888 3982 4082 4182 4286 4391
4315 4423 4534 4647 4763 4883 5005 5130 5258 5389 5524 5662 5804 5949 6098 6250 6406 6567 6731
3281 3363 3447 3533 3622 3712 3805 3900 3998 4098 4200 4305 4413 4523 4636 4752 4871 4993 5118
3688 3781 3875 3972 4071 4173 4278 4385 4494 4607 4722 4840 4961 5085 5212 5342 5476 5613 5753
4007 4107 4210 4315 4423 4534 4647 4763 4882 5005 5130 5258 5389 5524 5662 5804 5949 6098 6250
2955 3029 3105 3182 3262 3343 3427 3513 3601 3691 3783 3877 3974 4074 4176 4280 4387 4497 4609
4534 4647 4763 4883 5005 5130 5258 5389 5524 5662 5804 5949 6098 6250 6406 6567 6731 6899 7072
4534 4647 4763 4883 5005 5130 5258 5389 5524 5662 5804 5949 6098 6250 6406 6567 6731 6899 7072
4107 4210 4315 4423 4534 4647 4763 4883 5005 5130 5258 5389 5524 5662 5804 5949 6098 6250 6406
3331 3414 3499 3587 3676 3768 3863 3959 4058 4160 4264 4370 4479 4591 4706 4824 4945 5068 5195
4315 4423 4534 4647 4763 4883 5005 5130 5258 5389 5524 5662 5804 5949 6098 6250 6406 6567 6731
5005 5130 5258 5389 5524 5662 5804 5949 6098 6250 6406 6567 6731 6899 7071 7248 7429 7615 7806
4217 4323 4431 4542 4655 4772 4891 5013 5139 5267 5399 5534 5672 5814 5959 6108 6261 6417 6578
3358 3440 3526 3612 3703 3793 3888 3982 4082 4182 4286 4391 4500 4610 4725 4841 4962 5083
3358 3440 3526 3612 3703 3793 3888 3982 4082 4182 4286 4391 4500 4610 4725 4841 4962 5083
4534 4647 4763 4883 5005 5130 5258 5389 5524 5662 5804 5949 6098 6250 6406 6567 6731 6899 7072
3875 3972 4071 4173 4278 4385 4494 4607 4722 4840 4961 5085 5212 5342 5476 5613 5753 5897 6044

PP0001LS
JUR
CDE PLN SQ#

CLASS
CODE

CLASSIFICATION TITLE

MOBILE CIVIL SERVICE AS OF 06/23/2026
PAGE
41
(RATES SHOWN IN WHOLE DOLLARS)
GRD/
A
B
C
D
E
F
G
H
I
J
K
L
M
N
O
P
Q
R
S
T
RNG
________________________________________________________________________________________________________________________
A
A.5
B
B.5
C
C.5
D
D.5
E
E.5
F
F.5
G
G.5
H
H.5
I
I.5
J

09
11
16
01
01
03
02
03
05
01
01
01

AL
AQ
AM
AL
AL
OR
AF
OR
AO
AL
AL
AL

000 014900
PUB SERV SUPERVISOR II
000 014900
PUB SERV SUPERVISOR II
000 014900
PUB SERV SUPERVISOR II
005 014905
DIVISION TRANSPORT SUPT
005 014930
PUB WORKS ASST SUPT
000 014930
PUB WORKS ASST SUPT
004 014950 + PUB WORKS SUPERINTENDENT
000 014950
PUB WORKS SUPERINTENDENT
000 014950
PUB WORKS SUPERINTENDENT
005 014955
PUB WORKS SUPT-MOBILE CO
005 014956
ENVIRONMENTAL GRANTS ADMN
005 014957
DIR ENVIRON GRANTS MGMNT

17.0
18.0
17.0
21.0
24.0
50.0
21.0
53.0
21.0
26.0
23.0
25.0

4107
4883
4210
5949
8001
3276
5013
3793
5662
9748
7248
8831

4210 4315 4423 4534 4647 4763 4882 5005 5130 5258 5389 5524 5662 5804 5949 6098 6250 6406 6567
5005 5130 5258 5389 5524 5662 5804 5949 6098 6250 6406 6567 6731 6899 7072 7248 7430 7615 7806
4315 4423 4534 4647 4763 4883 5005 5130 5258 5389 5524 5662 5804 5949 6098 6250 6406 6567 6731
6098 6250 6406 6567 6731 6899 7071 7248 7429 7615 7806 8001 8201 8406 8616 8831 9052 9279 9511
8201 8406 8616 8831 9052 9279 9511 9748 9992 10242 10498 10760 11029 11305 11588 11877 12174 12479 12791
3358 3440 3526 3612 3703 3793 3888 3982 4082 4182 4286 4391 4500 4610 4725 4841 4962 5083
5139 5267 5399 5534 5672 5814 5959 6108 6261 6417 6578 6742 6911 7084 7261 7442 7628 7819 8015
3888 3982 4082 4182 4286 4391 4500 4610 4725 4841 4962 5083 5210 5337 5470 5604 5744 5884
5804 5949 6098 6250 6406 6567 6731 6899 7072 7248 7430 7615 7806 8001 8201 8406 8616 8832 9052
9992 10242 10498 10760 11029 11305 11588 11877 12174 12479 12791 13111 13438 13774 14119 14472 14833 15204 15584
7429 7615 7806 8001 8201 8406 8616 8831 9052 9279 9511 9748 9992 10242 10498 10760 11029 11305 11588
9052 9279 9511 9748 9992 10242 10498 10760 11029 11305 11588 11877 12174 12479 12791 13111 13438 13774 14119

01
01
01
01
01
02
01
01
01
01
01
02
02
02
01
12
13
16
03
01
02
03
04
05
10
13

AL
AL
AL
AL
AL
AF
AL
AL
AL
AL
AL
AF
AF
AF
AL
AM
AQ
AM
OR
AL
AF
OR
OR
AO
BC
AQ

005 014958
ENVIRONMENTAL SERV DIR
005 014959
ENVIRONMENTL ADMINISTRATR
005 014960 + SOLID WASTE DISPOSAL COOR
005 014961
DEP ENVIRONMENTL SERV DIR
005 014962
ENVIRONMENTAL SPEC I
004 014962
ENVIRONMENTAL SPEC I
005 014963
ENV ENF SOLID WASTE OFF
005 014964
ENVIRONMENTAL SPEC II
005 014966
ENVIRONMENTAL GRANTS SPEC
005 014967
ENVIRONMENTAL TECHNICIAN
005 014968
ENVIRONMENTAL MANAGER
004 014969
ENVIRONMENTL MGR-CITY MOB
004 014970
PUB WORKS DIRECTOR
004 014972
CITY ENGINEER
005 014980
INVENTORY SPECIALIST
000 014980
INVENTORY SPECIALIST
000 014980
INVENTORY SPECIALIST
000 014980
INVENTORY SPECIALIST
000 014984
LAND USE/ENVIRONMTL INSP
005 014985
ENVIRONMENTAL PAT OFF I
005 014985
ENVIRONMENTAL PAT OFF I
000 014985
ENVIRONMENTAL PAT OFF I
000 014985
ENVIRONMENTAL PAT OFF I
000 014985
ENVIRONMENTAL PAT OFF I
000 014985
ENVIRONMENTAL PAT OFF I
000 014985
ENVIRONMENTAL PAT OFF I

28.0 11877 12174 12479 12791 13111 13438 13774 14119 14472 14833 15204 15584 15974 16373 16783 17202 17632 18073 18525 18988
23.0 7248 7429 7615 7806 8001 8201 8406 8616 8831 9052 9279 9511 9748 9992 10242 10498 10760 11029 11305 11588
18.0 4882 5005 5130 5258 5389 5524 5662 5804 5949 6098 6250 6406 6567 6731 6899 7071 7248 7429 7615 7806
27.0 10760 11029 11305 11588 11877 12174 12479 12791 13111 13438 13774 14119 14472 14833 15204 15584 15974 16373 16783 17202
19.0 5130 5258 5389 5524 5662 5804 5949 6098 6250 6406 6567 6731 6899 7071 7248 7429 7615 7806 8001 8201
19.0 4323 4431 4542 4655 4772 4891 5013 5139 5267 5399 5534 5672 5814 5959 6108 6261 6417 6578 6742 6911
19.0 5130 5258 5389 5524 5662 5804 5949 6098 6250 6406 6567 6731 6899 7071 7248 7429 7615 7806 8001 8201
20.0 5389 5524 5662 5804 5949 6098 6250 6406 6567 6731 6899 7071 7248 7429 7615 7806 8001 8201 8406 8616
20.0 5389 5524 5662 5804 5949 6098 6250 6406 6567 6731 6899 7071 7248 7429 7615 7806 8001 8201 8406 8616
13.0 3814 3909 4007 4107 4210 4315 4423 4534 4647 4763 4882 5005 5130 5258 5389 5524 5662 5804 5949 6098
21.0 5949 6098 6250 6406 6567 6731 6899 7071 7248 7429 7615 7806 8001 8201 8406 8616 8831 9052 9279 9511
21.0 5013 5139 5267 5399 5534 5672 5814 5959 6108 6261 6417 6578 6742 6911 7084 7261 7442 7628 7819 8015
28.0 10009 10260 10516 10779 11048 11325 11608 11898 12196 12500 12813 13133 13462 13798 14143 14497 14859 15231 15611 16002
29.0 11048 11325 11608 11898 12196 12500 12813 13133 13462 13798 14143 14497 14859 15231 15611 16002 16402 16812 17232 17663
12.0 3630 3721 3814 3909 4007 4107 4210 4315 4423 4534 4647 4763 4882 5005 5130 5258 5389 5524 5662 5804
12.0 3289 3371 3455 3542 3630 3721 3814 3909 4007 4107 4210 4315 4423 4534 4647 4763 4883 5005 5130 5258
12.0 3630 3721 3814 3909 4007 4107 4210 4315 4423 4534 4647 4763 4883 5005 5130 5258 5389 5524 5662 5804
12.0 3289 3371 3455 3542 3630 3721 3814 3909 4007 4107 4210 4315 4423 4534 4647 4763 4883 5005 5130 5258
42.0 2218 2273 2328 2387 2445 2506 2567 2631 2696 2763 2830 2901 2972 3046 3120 3198 3276 3358 3440
10.0 3289 3371 3455 3542 3630 3721 3814 3909 4007 4107 4210 4315 4423 4534 4647 4763 4882 5005 5130 5258
10.0 2841 2912 2985 3059 3136 3214 3294 3377 3461 3548 3637 3727 3821 3916 4014 4114 4217 4323 4431 4542
36.0 1655 1696 1738 1781 1824 1870 1916 1964 2011 2062 2112 2165 2218 2273 2328 2387 2445 2506 2567
41.0 2112 2165 2218 2273 2328 2387 2445 2506 2567 2631 2696 2763 2830 2901 2972 3046 3120 3198 3276
10.0 3130 3209 3289 3371 3455 3542 3630 3721 3814 3909 4007 4107 4210 4315 4423 4534 4647 4763 4883 5005
10.0 2144 2197 2252 2308 2366 2425 2486 2548 2612 2677 2744 2813 2883 2955 3029 3105 3182 3262 3343 3427
10.0 3289 3371 3455 3542 3630 3721 3814 3909 4007 4107 4210 4315 4423 4534 4647 4763 4883 5005 5130 5258

PP0001LS
JUR
CDE PLN SQ#
01
02
03
01
03

AL
AF
OR
AL
OR

CLASS
CODE

005 014995
004 014995
000 014995
005 014997
000 014997

CLASSIFICATION TITLE

MOBILE CIVIL SERVICE AS OF 06/23/2026
PAGE
42
(RATES SHOWN IN WHOLE DOLLARS)
GRD/
A
B
C
D
E
F
G
H
I
J
K
L
M
N
O
P
Q
R
S
T
RNG
________________________________________________________________________________________________________________________
A
A.5
B
B.5
C
C.5
D
D.5
E
E.5
F
F.5
G
G.5
H
H.5
I
I.5
J

ENVIRONMENTAL PAT OFF II
ENVIRONMENTAL PAT OFF II
ENVIRONMENTAL PAT OFF II
ENVIRONMENTAL ENFORCE MGR
ENVIRONMENTAL ENFORCE MGR

12.0
12.0
38.0
21.0
51.0

3630
3059
1824
5949
3440

3721
3136
1870
6098
3526

3814
3214
1916
6250
3612

3909
3294
1964
6406
3703

4007
3377
2011
6567
3793

4107
3461
2062
6731
3888

4210
3548
2112
6899
3982

4315
3637
2165
7071
4082

16.0
16.0
11.0
10.0
10.0
11.0
13.0
16.0
12.0
16.0
16.0
14.0
16.0
14.0
16.0
18.0
25.0
8.0
8.0
10.0
10.0
16.0
14.0
17.0
25.0
24.0
25.0
20.0
12.0
14.0
12.0
14.0
16.0

4423
4423
3289
3289
2979
3455
3814
4210
3455
4210
3457
3814
4210
4007
4210
4883
8406
2836
2699
3130
2979
4423
3630
4647
8406
7615
8406
5130
3289
4423
2837
3630
4883

4534
4534
3371
3371
3054
3542
3909
4315
3542
4315
3544
3909
4315
4107
4315
5005
8616
2907
2767
3209
3054
4534
3721
4763
8616
7806
8616
5258
3371
4534
2908
3721
5005

4647
4647
3455
3455
3130
3630
4007
4423
3630
4423
3632
4007
4423
4210
4423
5130
8832
2979
2836
3289
3130
4647
3814
4883
8832
8001
8832
5389
3455
4647
2981
3814
5130

4763
4763
3542
3542
3209
3721
4107
4534
3721
4534
3723
4107
4534
4315
4534
5258
9052
3054
2907
3371
3209
4763
3909
5005
9052
8201
9052
5524
3542
4763
3056
3909
5258

4882
4883
3630
3630
3289
3814
4210
4647
3814
4647
3816
4210
4647
4423
4647
5389
9279
3130
2979
3455
3289
4883
4007
5130
9279
8406
9279
5662
3630
4883
3132
4007
5389

5005
5005
3721
3721
3371
3909
4315
4763
3909
4763
3912
4315
4763
4534
4763
5524
9511
3209
3054
3542
3371
5005
4107
5258
9511
8616
9511
5804
3721
5005
3210
4107
5524

5130
5130
3814
3814
3455
4007
4423
4883
4007
4883
4009
4423
4883
4647
4883
5662
9748
3289
3130
3630
3455
5130
4210
5389
9748
8832
9748
5949
3814
5130
3291
4210
5662

5258 5389 5524 5662 5804 5949 6098 6250 6406 6567 6731 6899 7071
5258 5389 5524 5662 5804 5949 6098 6250 6406 6567 6731 6899 7072
3909 4007 4107 4210 4315 4423 4534 4647 4763 4883 5005 5130 5258
3909 4007 4107 4210 4315 4423 4534 4647 4763 4883 5005 5130 5258
3542 3630 3721 3814 3909 4007 4107 4210 4315 4423 4534 4647 4763
4107 4210 4315 4423 4534 4647 4763 4883 5005 5130 5258 5389 5524
4534 4647 4763 4883 5005 5130 5258 5389 5524 5662 5804 5949 6098
5005 5130 5258 5389 5524 5662 5804 5949 6098 6250 6406 6567 6731
4107 4210 4315 4423 4534 4647 4763 4883 5005 5130 5258 5389 5524
5005 5130 5258 5389 5524 5662 5804 5949 6098 6250 6406 6567 6731
4110 4212 4318 4426 4536 4650 4766 4885 5007 5133 5261 5392 5527
4534 4647 4763 4883 5005 5130 5258 5389 5524 5662 5804 5949 6098
5005 5130 5258 5389 5524 5662 5804 5949 6098 6250 6406 6567 6731
4763 4883 5005 5130 5258 5389 5524 5662 5804 5949 6098 6250 6406
5005 5130 5258 5389 5524 5662 5804 5949 6098 6250 6406 6567 6731
5804 5949 6098 6250 6406 6567 6731 6899 7072 7248 7430 7615 7806
9992 10242 10498 10761 11030 11305 11588 11878 12175 12479 12791 13111 13439
3371 3455 3542 3630 3721 3814 3909 4007 4107 4210 4315 4423 4534
3209 3289 3371 3455 3542 3630 3721 3814 3909 4007 4107 4210 4315
3721 3814 3909 4007 4107 4210 4315 4423 4534 4647 4763 4883 5005
3542 3630 3721 3814 3909 4007 4107 4210 4315 4423 4534 4647 4763
5258 5389 5524 5662 5804 5949 6098 6250 6406 6567 6731 6899 7072
4315 4423 4534 4647 4763 4883 5005 5130 5258 5389 5524 5662 5804
5524 5662 5804 5949 6098 6250 6406 6567 6731 6899 7072 7248 7430
9992 10242 10498 10761 11030 11305 11588 11878 12175 12479 12791 13111 13439
9052 9279 9511 9748 9992 10242 10498 10761 11030 11305 11588 11878 12175
9992 10242 10498 10761 11030 11305 11588 11878 12175 12479 12791 13111 13439
6098 6250 6406 6567 6731 6899 7072 7248 7430 7615 7806 8001 8201
3909 4007 4107 4210 4315 4423 4534 4647 4763 4883 5005 5130 5258
5258 5389 5524 5662 5804 5949 6098 6250 6406 6567 6731 6899 7072
3373 3457 3544 3632 3723 3816 3912 4009 4110 4212 4318 4426 4536
4315 4423 4534 4647 4763 4883 5005 5130 5258 5389 5524 5662 5804
5804 5949 6098 6250 6406 6567 6731 6899 7072 7248 7430 7615 7806

4423
3727
2218
7248
4182

4534
3821
2273
7429
4286

4647
3916
2328
7615
4391

4763
4014
2387
7806
4500

4882
4114
2445
8001
4610

5005
4217
2506
8201
4725

5130
4323
2567
8406
4841

5258
4431
2631
8616
4962

5389
4542
2696
8831
5083

5524
4655
2763
9052
5210

5662
4772
2830
9279
5337

5804
4891
9511

WATER AND SEWER
01
13
11
11
16
11
11
11
11
11
24
11
11
11
11
11
11
11
16
11
16
11
16
11
11
11
11
11
16
17
24
16
17

AL
AQ
AO
AQ
AM
AQ
AQ
AO
AO
AO
AG
AO
AO
AQ
AO
AQ
AO
AO
AM
AO
AM
AQ
AM
AQ
AO
AO
AO
AO
AM
AV
AG
AM
AV

005 015015
WAREHOUSE MANAGER
000 015015
WAREHOUSE MANAGER
000 015025
MAWSS REPAIR&SERV WORKER
000 015040
METER REPAIR TECH I
000 015040
METER REPAIR TECH I
000 015045
METER REPAIR TECH II
000 015046
METER REPAIR TECH III
000 015048
METER REP/BKFLOW PREV SUP
000 015101
ADV MTR INFRASTRUC TECH I
000 015102
SCADA COMMUNICATIONS TECH
000 015102
SCADA COMMUNICATIONS TECH
000 015103
ADV MTR INFRASTR TECH II
000 015104
ADV MTR INFRASTRUCTR SUPV
000 015107
WATER/SWR CONST PROJ ASST
000 015110
WATR/SWR CONST PROJ COORD
000 015112
WATER/SWR CONST PROJ MGR
000 015115
WATER/SEWER CONST ENG MGR
000 015120 + WATER SERV WORKER I
000 015120
WATER SERV WORKER I
000 015130 + WATER SERV WORKER II
000 015130
WATER SERV WORKER II
000 015142
WATER SERV SUPV I
000 015142
WATER SERV SUPV I
000 015152
WATER SERV SUPV II
000 015154
DISTRIBUTION SYS&REC MGR
000 015156
PLANNING & ENGINEER MGR
000 015158
WATER & SEWER ENGINER MGR
000 015159
METER OPERATIONS MANAGER
000 015160 + WATER SERV OPERATOR I
000 015160
WATER SERV OPERATOR I
000 015160
WATER SERV OPERATOR I
000 015170 + WATER SERV OPERATOR II
000 015170
WATER SERV OPERATOR II

PP0001LS
JUR
CDE PLN SQ#
24
11
11
16
11
11
10
11
16
17
22
24
11
16
17
22
16
22
11
11
16
17
22
24
11
16
11
22
11
11
11
04
25
11
11
11
11
11
11
17
04

AG
AO
AO
AM
AO
AO
BC
AO
AM
AV
AO
AG
AO
AM
AV
AO
AM
AO
AO
AO
AM
AV
AO
AG
AO
AM
AO
AO
AO
AO
AO
OR
CD
AO
AO
AO
AO
AO
AO
AV
OR

CLASS
CODE

000 015170
000 015175
000 015180
000 015180
000 015182
000 015185
000 015195
000 015200
000 015200
000 015200
000 015200
000 015200
000 015250
000 015250
000 015250
000 015250
000 015300
000 015300
000 015301
000 015305
000 015305
000 015305
000 015305
000 015305
000 015310
000 015310
000 015315
000 015317
000 015319
000 015320
000 015325
000 015330
000 015330
000 015335
000 015336
000 015337
000 015340
000 015341
000 015345
000 015345
000 015350

CLASSIFICATION TITLE

MOBILE CIVIL SERVICE AS OF 06/23/2026
PAGE
43
(RATES SHOWN IN WHOLE DOLLARS)
GRD/
A
B
C
D
E
F
G
H
I
J
K
L
M
N
O
P
Q
R
S
T
RNG
________________________________________________________________________________________________________________________
A
A.5
B
B.5
C
C.5
D
D.5
E
E.5
F
F.5
G
G.5
H
H.5
I
I.5
J

WATER SERV OPERATOR II
WATER QUALITY SPECIALIST
PRETREATMENT SPECIAL I
PRETREATMENT SPECIAL I
PRETREATMENT SPECIAL II
PRETREATMENT SUPV
WATER SERV MON-MT VERNON
TREATMENT PLANT OPER I
TREATMENT PLANT OPER I
TREATMENT PLANT OPER I
TREATMENT PLANT OPER I
TREATMENT PLANT OPER I
TREATMENT PLANT OPER II
TREATMENT PLANT OPER II
TREATMENT PLANT OPER II
TREATMENT PLANT OPER II
TREATMENT PLANT OPER III
TREATMENT PLANT OPER III
TREATMENT PLT OP III-MAWS
TREATMENT PLT OPR TRAINEE
TREATMENT PLT OPR TRAINEE
TREATMENT PLT OPR TRAINEE
TREATMENT PLT OPR TRAINEE
TREATMENT PLT OPR TRAINEE
CHIEF TREAT PLANT OPER
CHIEF TREAT PLANT OPER
WATER & SEWER OPER MGR
OPERATIONS & MAINT SUPV
ENVIRONMENTL SERV OPR MGR
REGULATORY COMP OFFICER
FLOW MONITOR DATA ANALYST
SEWER MAINTENANCE SUPV
SEWER MAINTENANCE SUPV
RAW WATER TECHNICIAN ASST
RAW WATER TECHNICIAN I
RAW WATER TECHNICIAN II
RAW WATER TECHNICIAN SUPV
HYDRANT SERVICE TECH
LIFT STATION MECH ASST
LIFT STATION MECH ASST
LIFT STATION MECHANIC I

14.0
17.0
13.0
12.0
14.0
20.0
14.0
14.0
12.0
14.0
12.0
12.0
16.0
14.0
16.0
14.0
16.0
16.0
19.0
12.0
10.0
11.0
11.0
11.0
21.0
18.0
22.0
18.0
23.0
20.0
19.0
45.0
18.0
11.0
14.0
15.0
20.0
12.0
11.0
11.0
40.0

3132
4423
3630
3289
3814
5130
2612
3814
3289
4423
3455
2837
4210
3630
4883
3814
4007
4210
4883
3455
2979
3814
3289
2701
5662
4423
6250
4647
6899
5130
4883
2567
3262
3289
3814
4007
5130
3455
3289
3814
2011

3210
4534
3721
3371
3909
5258
2677
3909
3371
4534
3542
2908
4315
3721
5005
3909
4107
4315
5005
3542
3054
3909
3371
2768
5804
4534
6406
4763
7072
5258
5005
2631
3343
3371
3909
4107
5258
3542
3371
3909
2062

3291
4647
3814
3455
4007
5389
2744
4007
3455
4647
3630
2981
4423
3814
5130
4007
4210
4423
5130
3630
3130
4007
3455
2837
5949
4647
6567
4883
7248
5389
5130
2696
3427
3455
4007
4210
5389
3630
3455
4007
2112

3373
4763
3909
3542
4107
5524
2813
4107
3542
4763
3721
3056
4534
3909
5258
4107
4315
4534
5258
3721
3209
4107
3542
2908
6098
4763
6731
5005
7430
5524
5258
2763
3513
3542
4107
4315
5524
3721
3542
4107
2165

3457
4883
4007
3630
4210
5662
2883
4210
3630
4883
3814
3132
4647
4007
5389
4210
4423
4647
5389
3814
3289
4210
3630
2981
6250
4883
6899
5130
7615
5662
5389
2830
3601
3630
4210
4423
5662
3814
3630
4210
2218

3544
5005
4107
3721
4315
5804
2955
4315
3721
5005
3909
3210
4763
4107
5524
4315
4534
4763
5524
3909
3371
4315
3721
3056
6406
5005
7072
5258
7806
5804
5524
2901
3691
3721
4315
4534
5804
3909
3721
4315
2273

3632
5130
4210
3814
4423
5949
3029
4423
3814
5130
4007
3291
4883
4210
5662
4423
4647
4883
5662
4007
3455
4423
3814
3132
6567
5130
7248
5389
8001
5949
5662
2972
3783
3814
4423
4647
5949
4007
3814
4423
2328

3723
5258
4315
3909
4534
6098
3105
4534
3909
5258
4107
3373
5005
4315
5804
4534
4763
5005
5804
4107
3542
4534
3909
3210
6731
5258
7430
5524
8201
6098
5804
3046
3877
3909
4534
4763
6098
4107
3909
4534
2387

3816
5389
4423
4007
4647
6250
3182
4647
4007
5389
4210
3457
5130
4423
5949
4647
4883
5130
5949
4210
3630
4647
4007
3291
6899
5389
7615
5662
8406
6250
5949
3120
3974
4007
4647
4883
6250
4210
4007
4647
2445

3912
5524
4534
4107
4763
6406
3262
4763
4107
5524
4315
3544
5258
4534
6098
4763
5005
5258
6098
4315
3721
4763
4107
3373
7072
5524
7806
5804
8616
6406
6098
3198
4074
4107
4763
5005
6406
4315
4107
4763
2506

4009
5662
4647
4210
4883
6567
3343
4883
4210
5662
4423
3632
5389
4647
6250
4883
5130
5389
6250
4423
3814
4883
4210
3457
7248
5662
8001
5949
8832
6567
6250
3276
4176
4210
4883
5130
6567
4423
4210
4883
2567

4110
5804
4763
4315
5005
6731
3427
5005
4315
5804
4534
3723
5524
4763
6406
5005
5258
5524
6406
4534
3909
5005
4315
3544
7430
5804
8201
6098
9052
6731
6406
3358
4280
4315
5005
5258
6731
4534
4315
5005
2631

4212
5949
4883
4423
5130
6899
3513
5130
4423
5949
4647
3816
5662
4883
6567
5130
5389
5662
6567
4647
4007
5130
4423
3632
7615
5949
8406
6250
9279
6899
6567
3440
4387
4423
5130
5389
6899
4647
4423
5130
2696

4318
6098
5005
4534
5258
7072
3601
5258
4534
6098
4763
3912
5804
5005
6731
5258
5524
5804
6731
4763
4107
5258
4534
3723
7806
6098
8616
6406
9511
7072
6731
3526
4497
4534
5258
5524
7072
4763
4534
5258
2763

4426
6250
5130
4647
5389
7248
3691
5389
4647
6250
4883
4009
5949
5130
6899
5389
5662
5949
6899
4883
4210
5389
4647
3816
8001
6250
8832
6567
9748
7248
6899
3612
4609
4647
5389
5662
7248
4883
4647
5389
2830

4536 4650 4766 4885 5007
6406 6567 6731 6899 7072
5258 5389 5524 5662 5804
4763 4883 5005 5130 5258
5524 5662 5804 5949 6098
7430 7615 7806 8001 8201
3783 3877 3974 4074 4176
5524 5662 5804 5949 6098
4763 4883 5005 5130 5258
6406 6567 6731 6899 7072
5005 5130 5258 5389 5524
4110 4212 4318 4426 4536
6098 6250 6406 6567 6731
5258 5389 5524 5662 5804
7072 7248 7430 7615 7806
5524 5662 5804 5949 6098
5804 5949 6098 6250 6406
6098 6250 6406 6567 6731
7072 7248 7430 7615 7806
5005 5130 5258 5389 5524
4315 4423 4534 4647 4763
5524 5662 5804 5949 6098
4763 4883 5005 5130 5258
3912 4009 4110 4212 4318
8201 8406 8616 8832 9052
6406 6567 6731 6899 7072
9052 9279 9511 9748 9992
6731 6899 7072 7248 7430
9992 10242 10498 10761 11030
7430 7615 7806 8001 8201
7072 7248 7430 7615 7806
3703 3793 3888 3982
4724 4843 4964 5088 5215
4763 4883 5005 5130 5258
5524 5662 5804 5949 6098
5804 5949 6098 6250 6406
7430 7615 7806 8001 8201
5005 5130 5258 5389 5524
4763 4883 5005 5130 5258
5524 5662 5804 5949 6098
2901 2972 3046 3120

PP0001LS
JUR
CDE PLN SQ#
11
16
17
25
11
17
11
11
11
11
11
16
17
11
11
11
16
17
17
11
01
02
11
11
11
11
11
24
24
17
17
16
11
16
22
16
22

AO
AM
AV
CD
AO
AV
AO
AO
AO
AO
AO
AM
AV
AQ
AQ
AQ
AM
AV
AV
AO
AL
AF
AO
AO
AO
AO
AO
AG
AG
AV
AV
AM
AQ
AM
AO
AM
AO

CLASS
CODE

000 015350
000 015350
000 015350
000 015350
000 015355
000 015355
000 015360
000 015361
000 015362
000 015365
000 015400
000 015400
000 015400
000 015402
000 015410
000 015412
000 015415
000 015430
000 015435
000 015450
005 015485
004 015485
000 015485
000 015488
000 015490
000 015519
000 015520
000 015529
000 015580
000 015595
000 015600
000 015650
000 015700
000 015700
000 015700
000 015705
000 015710

CLASSIFICATION TITLE

MOBILE CIVIL SERVICE AS OF 06/23/2026
PAGE
44
(RATES SHOWN IN WHOLE DOLLARS)
GRD/
A
B
C
D
E
F
G
H
I
J
K
L
M
N
O
P
Q
R
S
T
RNG
________________________________________________________________________________________________________________________
A
A.5
B
B.5
C
C.5
D
D.5
E
E.5
F
F.5
G
G.5
H
H.5
I
I.5
J

LIFT STATION MECHANIC I
LIFT STATION MECHANIC I
LIFT STATION MECHANIC I
LIFT STATION MECHANIC I
LIFT STATION MECHANIC II
LIFT STATION MECHANIC II
MAINTENANCE TECH ASSIST
MAINTENANCE TECHNICIAN I
MAINTENANCE TECHNICIAN II
MAINTENANCE TECH SUPV
LIFT STATION MECH SUPV
LIFT STATION MECH SUPV
LIFT STATION MECH SUPV
WATER SERV CONST INSP AST
WATER SERV CONST INSP
WATER SERV CHIEF CON INSP
WATER & SEWER INSPECTOR
SEWER SUPERINTENDENT-SARA
ASST SEWER SUPT- SARALAND
WATER & SEWER ADMIN
PUBLIC AFFAIRS MANAGER
PUBLIC AFFAIRS MANAGER
PUBLIC AFFAIRS MANAGER
WATER/SEWER ASST DIR-ADMN
WATER & SEWER ASST DIR
DIR FIELD OPER/ LOGISTICS
WATER & SEWER DIR
WATER & SEWER DIR-SATSUMA
WATER & SEWER SUPV-SAT
UTILITIES DIR - SARALAND
WATER WORKS SUPT-SARALAND
WATER & SEWER SUPT -PRICH
WATER & SEWER OPER SUPV
WATER & SEWER OPER SUPV
WATER & SEWER OPER SUPV
WATER & SEWER OPER MGR-PR
WATER & SEWER DIRECTR-BLB

14.0 3814 3909 4007 4107 4210 4315 4423 4534 4647 4763 4883 5005 5130 5258 5389 5524 5662 5804 5949 6098
12.0 3289 3371 3455 3542 3630 3721 3814 3909 4007 4107 4210 4315 4423 4534 4647 4763 4883 5005 5130 5258
14.0 4423 4534 4647 4763 4883 5005 5130 5258 5389 5524 5662 5804 5949 6098 6250 6406 6567 6731 6899 7072
12.0 2425 2486 2548 2612 2677 2744 2813 2883 2955 3029 3105 3182 3262 3343 3427 3513 3601 3691 3783 3877
15.0 4007 4107 4210 4315 4423 4534 4647 4763 4883 5005 5130 5258 5389 5524 5662 5804 5949 6098 6250 6406
16.0 4883 5005 5130 5258 5389 5524 5662 5804 5949 6098 6250 6406 6567 6731 6899 7072 7248 7430 7615 7806
11.0 3289 3371 3455 3542 3630 3721 3814 3909 4007 4107 4210 4315 4423 4534 4647 4763 4883 5005 5130 5258
14.0 3814 3909 4007 4107 4210 4315 4423 4534 4647 4763 4883 5005 5130 5258 5389 5524 5662 5804 5949 6098
16.0 4210 4315 4423 4534 4647 4763 4883 5005 5130 5258 5389 5524 5662 5804 5949 6098 6250 6406 6567 6731
19.0 4883 5005 5130 5258 5389 5524 5662 5804 5949 6098 6250 6406 6567 6731 6899 7072 7248 7430 7615 7806
20.0 5130 5258 5389 5524 5662 5804 5949 6098 6250 6406 6567 6731 6899 7072 7248 7430 7615 7806 8001 8201
16.0 4007 4107 4210 4315 4423 4534 4647 4763 4883 5005 5130 5258 5389 5524 5662 5804 5949 6098 6250 6406
20.0 5949 6098 6250 6406 6567 6731 6899 7072 7248 7430 7615 7806 8001 8201 8406 8616 8832 9052 9279 9511
11.0 3455 3542 3630 3721 3814 3909 4007 4107 4210 4315 4423 4534 4647 4763 4883 5005 5130 5258 5389 5524
16.0 4423 4534 4647 4763 4883 5005 5130 5258 5389 5524 5662 5804 5949 6098 6250 6406 6567 6731 6899 7072
20.0 5389 5524 5662 5804 5949 6098 6250 6406 6567 6731 6899 7072 7248 7430 7615 7806 8001 8201 8406 8616
14.0 3630 3721 3814 3909 4007 4107 4210 4315 4423 4534 4647 4763 4883 5005 5130 5258 5389 5524 5662 5804
19.0 5662 5804 5949 6098 6250 6406 6567 6731 6899 7072 7248 7430 7615 7806 8001 8201 8406 8616 8832 9052
17.0 5130 5258 5389 5524 5662 5804 5949 6098 6250 6406 6567 6731 6899 7072 7248 7430 7615 7806 8001 8201
22.0 6250 6406 6567 6731 6899 7072 7248 7430 7615 7806 8001 8201 8406 8616 8832 9052 9279 9511 9748 9992
21.0 5949 6098 6250 6406 6567 6731 6899 7071 7248 7429 7615 7806 8001 8201 8406 8616 8831 9052 9279 9511
21.0 5013 5139 5267 5399 5534 5672 5814 5959 6108 6261 6417 6578 6742 6911 7084 7261 7442 7628 7819 8015
21.0 5662 5804 5949 6098 6250 6406 6567 6731 6899 7072 7248 7430 7615 7806 8001 8201 8406 8616 8832 9052
27.0 10242 10498 10761 11030 11305 11588 11878 12175 12479 12791 13111 13439 13775 14119 14472 14834 15205 15585 15974 16374
27.0 10242 10498 10761 11030 11305 11588 11878 12175 12479 12791 13111 13439 13775 14119 14472 14834 15205 15585 15974 16374
26.0 9279 9511 9748 9992 10242 10498 10761 11030 11305 11588 11878 12175 12479 12791 13111 13439 13775 14119 14472 14834
30.0 13775 14119 14472 14834 15205 15585 15974 16374 16783 17203 17633 18074 18525 18989 19463 19950 20449 20960 21484 22021
24.0 6254 6410 6570 6734 6903 7075 7252 7434 7619 7810 8005 8205 8411 8621 8836 9057 9284 9516 9754 9998
21.0 4650 4766 4885 5007 5133 5261 5392 5527 5665 5807 5952 6101 6254 6410 6570 6734 6903 7075 7252 7434
23.0 8001 8201 8406 8616 8832 9052 9279 9511 9748 9992 10242 10498 10761 11030 11305 11588 11878 12175 12479 12791
21.0 6567 6731 6899 7072 7248 7430 7615 7806 8001 8201 8406 8616 8832 9052 9279 9511 9748 9992 10242 10498
25.0 8001 8201 8406 8616 8832 9052 9279 9511 9748 9992 10242 10498 10761 11030 11305 11588 11878 12175 12479 12791
20.0 5389 5524 5662 5804 5949 6098 6250 6406 6567 6731 6899 7072 7248 7430 7615 7806 8001 8201 8406 8616
19.0 4647 4763 4883 5005 5130 5258 5389 5524 5662 5804 5949 6098 6250 6406 6567 6731 6899 7072 7248 7430
19.0 4883 5005 5130 5258 5389 5524 5662 5804 5949 6098 6250 6406 6567 6731 6899 7072 7248 7430 7615 7806
22.0 5949 6098 6250 6406 6567 6731 6899 7072 7248 7430 7615 7806 8001 8201 8406 8616 8832 9052 9279 9511
24.0 7615 7806 8001 8201 8406 8616 8832 9052 9279 9511 9748 9992 10242 10498 10761 11030 11305 11588 11878 12175

PUBLIC SAFETY
01

AL

005 016000

SCHOOL TRAF OFFICER

11.0

3455

3542

3630

3721

3814

3909

4007

4107

4210

4315

4423

4534

4647

4763

4882

5005

5130

5258

5389

5524

PP0001LS
JUR
CDE PLN SQ#
03
04
05
06
09
01
02
02
02
02
02
02
04
04
05
09
10
21
05
09
10
21
05
10
01
10
01
02
03
06
07
01
02
03
06
07
01
01
01
02
03

OR
OR
AO
BK
AL
AL
AF
AF
AF
AF
AF
AF
OR
OR
AO
AL
BC
AK
AO
AL
BC
AK
AO
BC
AL
BC
AL
AF
OR
BK
BL
AL
AF
OR
BK
BL
AL
AL
AL
AF
OR

CLASS
CODE

CLASSIFICATION TITLE

000 016000 & SCHOOL TRAF OFFICER
000 016000
SCHOOL TRAF OFFICER
000 016000
SCHOOL TRAF OFFICER
000 016000
SCHOOL TRAF OFFICER
000 016000
SCHOOL TRAF OFFICER
005 016015
COMM RESOURCE OFFICER
004 016015
COMM RESOURCE OFFICER
004 016018
COMM RESOURCE OFFICER SUP
004 016020
MUN ENFORCEMENT OFFICER I
004 016021
MUN ENFORCEMENT OFFICR II
004 016025
MUN ENFORCEMENT SUPV
004 016027
MUN ENFORCEMNT PROG COORD
000 016040
JAILER I
000 016044
JAILER/DISPATCHER I
000 016044
JAILER/DISPATCHER I
000 016044
JAILER/DISPATCHER I
000 016044
JAILER/DISPATCHER I
000 016044
JAILER/DISPATCHER I
000 016046
JAILER/DISPATCHER II
000 016046
JAILER/DISPATCHER II
000 016046
JAILER/DISPATCHER II
000 016046
JAILER/DISPATCHER II
000 016048
JAILER/DISPATCHER SUPV
000 016048
JAILER/DISPATCHER SUPV
005 016055 + METRO JAIL WARDEN
000 016095 + POLICE DISPATCHER
005 016100
PUB SAFETY DISPATCHER I
004 016100
PUB SAFETY DISPATCHER I
000 016100
PUB SAFETY DISPATCHER I
000 016100
PUB SAFETY DISPATCHER I
000 016100
PUB SAFETY DISPATCHER I
005 016120
PUB SAFETY DISPATCHER II
004 016120
PUB SAFETY DISPATCHER II
000 016120
PUB SAFETY DISPATCHER II
000 016120
PUB SAFETY DISPATCHER II
000 016120
PUB SAFETY DISPATCHER II
005 016130
CENTRAL CONTROL SPECIAL
005 016140
CENTRAL CONTROL SUPV
005 016150
COMMUNICATIONS OFFICER
004 016150
COMMUNICATIONS OFFICER
000 016150
COMMUNICATIONS OFFICER

MOBILE CIVIL SERVICE AS OF 06/23/2026
PAGE
45
(RATES SHOWN IN WHOLE DOLLARS)
GRD/
A
B
C
D
E
F
G
H
I
J
K
L
M
N
O
P
Q
R
S
T
RNG
________________________________________________________________________________________________________________________
A
A.5
B
B.5
C
C.5
D
D.5
E
E.5
F
F.5
G
G.5
H
H.5
I
I.5
J
32.5 1395 1429 1465 1501 1538 1576 1615 1655 1696 1738 1781 1824 1870 1916 1964 2011 2062 2112 2165
24.0
921
944
968
992 1016 1041 1067 1093 1120 1148 1176 1205 1235 1266 1297 1329 1361 1395 1429
1.0 2007 2057 2109 2161 2215 2271 2327 2386 2445 2506 2569 2633 2699 2767 2836 2907 2979 3054 3130 3209
5.0 1859 1906 1953 2002 2052 2104 2156 2210 2265 2322 2380 2440 2501 2563 2627 2693 2760 2829 2900 2972
4.0 2161 2215 2271 2327 2386 2445 2506 2569 2633 2699 2767 2836 2907 2979 3054 3130 3209 3289 3371 3455
11.0 3455 3542 3630 3721 3814 3909 4007 4107 4210 4315 4423 4534 4647 4763 4882 5005 5130 5258 5389 5524
12.0 3059 3136 3214 3294 3377 3461 3548 3637 3727 3821 3916 4014 4114 4217 4323 4431 4542 4655 4772 4891
14.0 3377 3461 3548 3637 3727 3821 3916 4014 4114 4217 4323 4431 4542 4655 4772 4891 5013 5139 5267 5399
12.0 3059 3136 3214 3294 3377 3461 3548 3637 3727 3821 3916 4014 4114 4217 4323 4431 4542 4655 4772 4891
14.0 3377 3461 3548 3637 3727 3821 3916 4014 4114 4217 4323 4431 4542 4655 4772 4891 5013 5139 5267 5399
17.0 3916 4014 4114 4217 4323 4431 4542 4655 4772 4891 5013 5139 5267 5399 5534 5672 5814 5959 6108 6261
21.0 5013 5139 5267 5399 5534 5672 5814 5959 6108 6261 6417 6578 6742 6911 7084 7261 7442 7628 7819 8015
38.0 1824 1870 1916 1964 2011 2062 2112 2165 2218 2273 2328 2387 2445 2506 2567 2631 2696 2763 2830
43.0 2328 2387 2445 2506 2567 2631 2696 2763 2830 2901 2972 3046 3120 3198 3276 3358 3440 3526 3612
9.0 2979 3054 3130 3209 3289 3371 3455 3542 3630 3721 3814 3909 4007 4107 4210 4315 4423 4534 4647 4763
9.0 2767 2836 2907 2979 3054 3130 3209 3289 3371 3455 3542 3630 3721 3814 3909 4007 4107 4210 4315 4423
10.0 2144 2197 2252 2308 2366 2425 2486 2548 2612 2677 2744 2813 2883 2955 3029 3105 3182 3262 3343 3427
9.0 2699 2767 2836 2907 2979 3054 3130 3209 3289 3371 3455 3542 3630 3721 3814 3909 4007 4107 4210 4315
10.0 3130 3209 3289 3371 3455 3542 3630 3721 3814 3909 4007 4107 4210 4315 4423 4534 4647 4763 4883 5005
10.0 2907 2979 3054 3130 3209 3289 3371 3455 3542 3630 3721 3814 3909 4007 4107 4210 4315 4423 4534 4647
11.0 2252 2308 2366 2425 2486 2548 2612 2677 2744 2813 2883 2955 3029 3105 3182 3262 3343 3427 3513 3601
10.0 2836 2907 2979 3054 3130 3209 3289 3371 3455 3542 3630 3721 3814 3909 4007 4107 4210 4315 4423 4534
12.0 3455 3542 3630 3721 3814 3909 4007 4107 4210 4315 4423 4534 4647 4763 4883 5005 5130 5258 5389 5524
12.0 2366 2425 2486 2548 2612 2677 2744 2813 2883 2955 3029 3105 3182 3262 3343 3427 3513 3601 3691 3783
30.0 14472 14833 15204 15584 15974 16373 16783 17202 17632 18073 18525 18988 19463 19949 20448 20959 21483 22021 22571 23135
9.0 2040 2091 2144 2197 2252 2308 2366 2425 2486 2548 2612 2677 2744 2813 2883 2955 3029 3105 3182 3262
11.0 3455 3542 3630 3721 3814 3909 4007 4107 4210 4315 4423 4534 4647 4763 4882 5005 5130 5258 5389 5524
16.0 3727 3821 3916 4014 4114 4217 4323 4431 4542 4655 4772 4891 5013 5139 5267 5399 5534 5672 5814 5959
42.5 2273 2328 2387 2445 2506 2567 2631 2696 2763 2830 2901 2972 3046 3120 3198 3276 3358 3440 3526
11.0 2501 2563 2627 2693 2760 2829 2900 2972 3047 3123 3201 3281 3363 3447 3533 3622 3712 3805 3900 3998
11.0 2811 2881 2953 3027 3103 3180 3260 3342 3425 3511 3599 3688 3781 3875 3972 4071 4173 4278 4385 4494
12.0 3630 3721 3814 3909 4007 4107 4210 4315 4423 4534 4647 4763 4882 5005 5130 5258 5389 5524 5662 5804
18.0 4114 4217 4323 4431 4542 4655 4772 4891 5013 5139 5267 5399 5534 5672 5814 5959 6108 6261 6417 6578
38.0 1824 1870 1916 1964 2011 2062 2112 2165 2218 2273 2328 2387 2445 2506 2567 2631 2696 2763 2830
12.0 2627 2693 2760 2829 2900 2972 3047 3123 3201 3281 3363 3447 3533 3622 3712 3805 3900 3998 4098 4200
12.0 2953 3027 3103 3180 3260 3342 3425 3511 3599 3688 3781 3875 3972 4071 4173 4278 4385 4494 4607 4722
12.0 3630 3721 3814 3909 4007 4107 4210 4315 4423 4534 4647 4763 4882 5005 5130 5258 5389 5524 5662 5804
13.0 3814 3909 4007 4107 4210 4315 4423 4534 4647 4763 4882 5005 5130 5258 5389 5524 5662 5804 5949 6098
13.0 3814 3909 4007 4107 4210 4315 4423 4534 4647 4763 4882 5005 5130 5258 5389 5524 5662 5804 5949 6098
20.0 4542 4655 4772 4891 5013 5139 5267 5399 5534 5672 5814 5959 6108 6261 6417 6578 6742 6911 7084 7261
41.0 2112 2165 2218 2273 2328 2387 2445 2506 2567 2631 2696 2763 2830 2901 2972 3046 3120 3198 3276

PP0001LS
JUR
CDE PLN SQ#
06
07
02
01
02
01
02
02
01
02
02
05
01
02
01
02
15
02
02
02
02
02
02
02
02
01
03
02
04
06
10
04
04
04
04
04
21
10
01
02
03

BK
BL
AF
AL
AF
AL
AF
AF
AL
AF
AF
AO
AL
AF
AL
AF
AI
AF
AF
AF
AF
AF
AF
AF
AF
AL
OR
AF
OR
BK
BW
OR
OR
OR
OR
OR
AK
BX
AL
AJ
OR

CLASS
CODE

CLASSIFICATION TITLE

000 016150
COMMUNICATIONS OFFICER
000 016150
COMMUNICATIONS OFFICER
004 016210
CHIEF CLERK-POLICE RECRDS
005 016220
CRIMINAL INVEST ANALYST
004 016220
CRIMINAL INVEST ANALYST
005 016221
CRIMINAL INVEST ANAL MGR
004 016221
CRIMINAL INVEST ANAL MGR
004 016225
INVESTIGATOR-OPR
005 016230
CHAPLAIN
004 016230
CHAPLAIN
004 016231
PUB SAFETY WELLNES PRGMGR
000 016235
COMMUNITY COUNSELOR
005 016242
POLICE FLEET COORD
004 016242
POLICE FLEET COORD
005 016244
TRAINING SPECIALIST
004 016244
TRAINING SPECIALIST
000 016244
TRAINING SPECIALIST
004 016247
FINGERPRINT EXAMINER
004 016248
CRIME SCENE TECHNICIAN I
004 016249
CRIME SCENE TECHNICIAN II
004 016251
NIBIN SPECIALIST
004 016252
SENIOR CYBER SPECIALIST
004 016253
CYBER COORDINATOR
004 016254
CYBER SPECIALIST
004 016270
PROPERTY & EVIDENCE COORD
005 016275
PROPERTY & EVIDENCE TECH
000 016275
PROPERTY & EVIDENCE TECH
004 016360
PARK POLICE OFFICER
000 016370
PARK PATROL OFFICER
000 016375
POLICE OFFICER-AUXILIARY
000 016375 + POLICE OFFICER-AUXILIARY
000 016400 @ PUB SAFETY OFFICER
000 016420 @ PUB SAFETY CORPORAL
000 016450 @ PUB SAFETY LIEUTENANT
000 016460
PUB SAFETY CAPTAIN
000 016470 @+PUBLIC SAFETY DIRECTOR
000 016470
PUBLIC SAFETY DIRECTOR
000 016519
LAW ENFORCEMENT CADET-MTV
005 016520
LAW ENFORCEMENT CADET
013 016520 @ LAW ENFORCEMENT CADET
000 016520 @ LAW ENFORCEMENT CADET

MOBILE CIVIL SERVICE AS OF 06/23/2026
PAGE
46
(RATES SHOWN IN WHOLE DOLLARS)
GRD/
A
B
C
D
E
F
G
H
I
J
K
L
M
N
O
P
Q
R
S
T
RNG
________________________________________________________________________________________________________________________
A
A.5
B
B.5
C
C.5
D
D.5
E
E.5
F
F.5
G
G.5
H
H.5
I
I.5
J
13.0
13.0
17.0
16.0
16.0
21.0
21.0
22.0
17.0
16.0
23.0
16.0
16.0
16.0
15.0
16.0
15.0
17.0
15.0
19.0
15.0
18.0
21.0
16.0
13.0
13.0
42.5
13.0
38.0
10.0
12.0
45.0
47.0
52.0
53.0
56.0
23.0
10.0
9.0
7.0
33.0

2760
3103
3916
4423
3727
5949
5013
5534
4647
3727
6108
4210
4423
3727
4210
3727
3455
3916
3548
4323
3548
4114
5013
3727
3214
3814
2273
3214
1824
2380
3299
2567
2830
3612
3793
4391
6250
2742
3130
3185
1429

2829
3180
4014
4534
3821
6098
5139
5672
4763
3821
6261
4315
4534
3821
4315
3821
3542
4014
3637
4431
3637
4217
5139
3821
3294
3909
2328
3294
1870
2440
3382
2631
2901
3703
3888
4500
6406
2811
3209
3264
1465

2900
3260
4114
4647
3916
6250
5267
5814
4882
3916
6417
4423
4647
3916
4423
3916
3630
4114
3727
4542
3727
4323
5267
3916
3377
4007
2387
3377
1916
2501
3466
2696
2972
3793
3982
4610
6567
2881
3289
3346
1501

2972
3342
4217
4763
4014
6406
5399
5959
5005
4014
6578
4534
4763
4014
4534
4014
3721
4217
3821
4655
3821
4431
5399
4014
3461
4107
2445
3461
1964
2563
3553
2763
3046
3888
4082
4725
6731
2953
3371
3429
1538

3047
3425
4323
4882
4114
6567
5534
6108
5130
4114
6742
4647
4882
4114
4647
4114
3814
4323
3916
4772
3916
4542
5534
4114
3548
4210
2506
3548
2011
2627
3642
2830
3120
3982
4182
4841
6899
3027
3455
3515
1576

3123
3511
4431
5005
4217
6731
5672
6261
5258
4217
6911
4763
5005
4217
4763
4217
3909
4431
4014
4891
4014
4655
5672
4217
3637
4315
2567
3637
2062
2693
3733
2901
3198
4082
4286
4962
7071
3103
3542
3603
1615

3201
3599
4542
5130
4323
6899
5814
6417
5389
4323
7084
4883
5130
4323
4882
4323
4007
4542
4114
5013
4114
4772
5814
4323
3727
4423
2631
3727
2112
2760
3826
2972
3276
4182
4391
5083
7248
3181
3630
3693
1655

3281
3688
4655
5258
4431
7071
5959
6578
5524
4431
7261
5005
5258
4431
5005
4431
4107
4655
4217
5139
4217
4891
5959
4431
3821
4534
2696
3821
2165
2829
3922
3046
3358
4286
4500
5210
7429
3260
3721
3786
1696

3363
3781
4772
5389
4542
7248
6108
6742
5662
4542
7442
5130
5389
4542
5130
4542
4210
4772
4323
5267
4323
5013
6108
4542
3916
4647
2763
3916
2218
2900
4020
3120
3440
4391
4610
5337
7615
3342
3814
3880
1738

3447
3875
4891
5524
4655
7429
6261
6911
5804
4655
7628
5258
5524
4655
5258
4655
4315
4891
4431
5399
4431
5139
6261
4655
4014
4763
2830
4014
2273
2972
4121
3198
3526
4500
4725
5470
7806
3425
3909
3977
1781

3533
3972
5013
5662
4772
7615
6417
7084
5949
4772
7819
5389
5662
4772
5389
4772
4423
5013
4542
5534
4542
5267
6417
4772
4114
4882
2901
4114
2328
3047
4224
3276
3612
4610
4841
5604
8001
3511
4007
4077
1824

3622
4071
5139
5804
4891
7806
6578
7261
6098
4891
8015
5524
5804
4891
5524
4891
4534
5139
4655
5672
4655
5399
6578
4891
4217
5005
2972
4217
2387
3123
4329
3358
3703
4725
4962
5744
8201
3599
4107
4179
1870

3712
4173
5267
5949
5013
8001
6742
7442
6250
5013
8215
5662
5949
5013
5662
5013
4647
5267
4772
5814
4772
5534
6742
5013
4323
5130
3046
4323
2445
3201
4437
3440
3793
4841
5083
5884
8406
3688
4210
4283
1916

3805
4278
5399
6098
5139
8201
6911
7628
6406
5139
8420
5804
6098
5139
5804
5139
4763
5399
4891
5959
4891
5672
6911
5139
4431
5258
3120
4431
2506
3281
4548
3526
3888
4962
5210
6031
8616
3781
4315
4390
1964

3900
4385
5534
6250
5267
8406
7084
7819
6567
5267
8631
5949
6250
5267
5949
5267
4882
5534
5013
6108
5013
5814
7084
5267
4542
5389
3198
4542
2567
3363
4662
3612
3982
5083
5337
6178
8831
3875
4423
4500
2011

3998
4494
5672
6406
5399
8616
7261
8015
6731
5399
8847
6098
6406
5399
6098
5399
5004
5672
5139
6261
5139
5959
7261
5399
4655
5524
3276
4655
2631
3447
4779
3703
4082
5210
5470
6333
9052
3972
4534
4612
2062

4098
4607
5814
6567
5534
8831
7442
8215
6899
5534
9068
6250
6567
5534
6250
5534
5130
5814
5267
6417
5267
6108
7442
5534
4772
5662
3358
4772
2696
3533
4898
3793
4182
5337
5604
6487
9279
4071
4647
4728
2112

4200
4722
5959
6731
5672
9052
7628
8420
7071
5672
9295
6406
6731
5672
6406
5672
5258
5959
5399
6578
5399
6261
7628
5672
4891
5804
3440
4891
2763
3622
5021
3888
4286
5470
5744
6649
9510
4173
4763
4846
2165

4305
4840
6108
6899
5814
9279
7819
8631
7248
5814
9527
6567
6899
5814
6567
5814
5389
6108
5534
6742
5534
6417
7819
5814
5013
5949
3526
5013
2830
3712
5146
3982
4391
5604
5884
6811
9748
4278
4882
4967
2218

4413
4961
6261
7071
5959
9511
8015
8847
7429
5959
9765
6731
7071
5959
6731
5959
5524
6261
5672
6911
5672
6578
8015
5959
5139
6098
5139
3805
5275

9992
4385
5005
5091

PP0001LS
JUR
CDE PLN SQ#
02
02
03
04
05
06
07
09
10
21
02
02
02
03
04
05
06
07
09
10
21
02
02
03
04
05
06
07
09
10
21
02
02
02
03
04
05
06
07
09
10

AJ
AJ
OR
OR
AO
AD
BL
AL
BW
AK
AJ
AJ
AJ
OR
OR
AO
AD
BL
AL
BW
AK
AJ
AJ
OR
OR
AO
AD
BL
AL
BW
AK
AJ
AJ
AJ
OR
OR
AO
AD
BL
AL
BW

CLASS
CODE

CLASSIFICATION TITLE

013 016535
POLICE CORPORAL - SWAT
013 016540 @ POLICE OFFICER
000 016540 @ POLICE OFFICER
000 016540 @ POLICE OFFICER
000 016540 @ POLICE OFFICER
009 016540 @ POLICE OFFICER
000 016540 @ POLICE OFFICER
000 016540 @ POLICE OFFICER
000 016540 @ POLICE OFFICER
000 016540 @ POLICE OFFICER
013 016541
POLICE MOTORCYCLE-OFFICER
013 016550
POLICE OFFICER - SWAT
013 016570 @ POLICE CORPORAL
000 016570 @ POLICE CORPORAL
000 016570
POLICE CORPORAL
000 016570 @ POLICE CORPORAL
008 016570 @ POLICE CORPORAL
000 016570 @ POLICE CORPORAL
000 016570 @ POLICE CORPORAL
000 016570 @ POLICE CORPORAL
000 016570 @ POLICE CORPORAL
013 016571
POLICE MOTORCYCL-CORPORAL
013 016600 @ POLICE SERGEANT
000 016600 @ POLICE SERGEANT
000 016600
POLICE SERGEANT
000 016600 @ POLICE SERGEANT
008 016600 @ POLICE SERGEANT
000 016600 @ POLICE SERGEANT
000 016600 @ POLICE SERGEANT
000 016600 @ POLICE SERGEANT
000 016600 @ POLICE SERGEANT
013 016610
POLICE SERGEANT - SWAT
013 016612
POLICE MOTORCYCL-SERGEANT
013 016670 @ POLICE LIEUTENANT
000 016670 @ POLICE LIEUTENANT
000 016670
POLICE LIEUTENANT
000 016670 @ POLICE LIEUTENANT
005 016670 + POLICE LIEUTENANT
000 016670 @ POLICE LIEUTENANT
000 016670 @ POLICE LIEUTENANT
000 016670 @ POLICE LIEUTENANT

MOBILE CIVIL SERVICE AS OF 06/23/2026
PAGE
47
(RATES SHOWN IN WHOLE DOLLARS)
GRD/
A
B
C
D
E
F
G
H
I
J
K
L
M
N
O
P
Q
R
S
T
RNG
________________________________________________________________________________________________________________________
A
A.5
B
B.5
C
C.5
D
D.5
E
E.5
F
F.5
G
G.5
H
H.5
I
I.5
J
16.0
13.0
48.0
51.0
13.0
13.0
13.0
13.0
13.0
13.0
14.0
14.0
15.0
50.0
52.0
15.0
15.0
15.0
15.0
15.0
15.0
16.0
17.0
52.0
54.0
17.0
17.0
17.0
17.0
17.0
17.0
18.0
18.0
19.0
54.0
55.0
19.0
19.0
19.0
19.0
19.0

4967
4283
2972
3440
3630
3447
3103
3371
3466
3289
4500
4500
4728
3276
3612
4007
3676
3425
3721
3826
3630
4967
5219
3612
3982
4423
4058
3781
4107
4224
4007
5483
5483
5760
3982
4182
4883
4160
4173
4534
4662

5091
4390
3046
3526
3721
3533
3180
3455
3553
3371
4612
4612
4846
3358
3703
4107
3768
3511
3814
3922
3721
5091
5349
3703
4082
4534
4160
3875
4210
4329
4107
5620
5620
5904
4082
4286
5005
4264
4278
4647
4779

5219
4500
3120
3612
3814
3622
3260
3542
3642
3455
4728
4728
4967
3440
3793
4210
3863
3599
3909
4020
3814
5219
5483
3793
4182
4647
4264
3972
4315
4437
4210
5760
5760
6052
4182
4391
5130
4370
4385
4763
4898

5349
4612
3198
3703
3909
3712
3342
3630
3733
3542
4846
4846
5091
3526
3888
4315
3959
3688
4007
4121
3909
5349
5620
3888
4286
4763
4370
4071
4423
4548
4315
5904
5904
6203
4286
4500
5258
4479
4494
4882
5021

5483
4728
3276
3793
4007
3805
3425
3721
3826
3630
4967
4967
5219
3612
3982
4423
4058
3781
4107
4224
4007
5483
5760
3982
4391
4883
4479
4173
4534
4662
4423
6052
6052
6358
4391
4610
5389
4591
4607
5005
5146

5620
4846
3358
3888
4107
3900
3511
3814
3922
3721
5091
5091
5349
3703
4082
4534
4160
3875
4210
4329
4107
5620
5904
4082
4500
5005
4591
4278
4647
4779
4534
6203
6203
6517
4500
4725
5524
4706
4722
5130
5275

5760
4967
3440
3982
4210
3998
3599
3909
4020
3814
5219
5219
5483
3793
4182
4647
4264
3972
4315
4437
4210
5760
6052
4182
4610
5130
4706
4385
4763
4898
4647
6358
6358
6680
4610
4841
5662
4824
4840
5258
5407

5904
5091
3526
4082
4315
4098
3688
4007
4121
3909
5349
5349
5620
3888
4286
4763
4370
4071
4423
4548
4315
5904
6203
4286
4725
5258
4824
4494
4882
5021
4763
6517
6517
6847
4725
4962
5804
4945
4961
5389
5542

6052
5219
3612
4182
4423
4200
3781
4107
4224
4007
5483
5483
5760
3982
4391
4883
4479
4173
4534
4662
4423
6052
6358
4391
4841
5389
4945
4607
5005
5146
4882
6680
6680
7019
4841
5083
5949
5068
5085
5524
5680

6203
5349
3703
4286
4534
4305
3875
4210
4329
4107
5620
5620
5904
4082
4500
5005
4591
4278
4647
4779
4534
6203
6517
4500
4962
5524
5068
4722
5130
5275
5005
6847
6847
7194
4962
5210
6098
5195
5212
5662
5822

6358
5483
3793
4391
4647
4413
3972
4315
4437
4210
5760
5760
6052
4182
4610
5130
4706
4385
4763
4898
4647
6358
6680
4610
5083
5662
5195
4840
5258
5407
5130
7019
7019
7374
5083
5337
6250
5325
5342
5804
5968

6517
5620
3888
4500
4763
4523
4071
4423
4548
4315
5904
5904
6203
4286
4725
5258
4824
4494
4882
5021
4763
6517
6847
4725
5210
5804
5325
4961
5389
5542
5258
7194
7194
7558
5210
5470
6406
5458
5476
5949
6117

6680
5760
3982
4610
4883
4636
4173
4534
4662
4423
6052
6052
6358
4391
4841
5389
4945
4607
5005
5146
4882
6680
7019
4841
5337
5949
5458
5085
5524
5680
5389
7374
7374
7747
5337
5604
6567
5594
5613
6098
6270

6847
5904
4082
4725
5005
4752
4278
4647
4779
4534
6203
6203
6517
4500
4962
5524
5068
4722
5130
5275
5005
6847
7194
4962
5470
6098
5594
5212
5662
5822
5524
7558
7558
7941
5470
5744
6731
5734
5753
6250
6427

7019
6052
4182
4841
5130
4871
4385
4763
4898
4647
6358
6358
6680
4610
5083
5662
5195
4840
5258
5407
5130
7019
7374
5083
5604
6250
5734
5342
5804
5968
5662
7747
7747
8139
5604
5884
6899
5878
5897
6406
6588

7194
6203
4286
4962
5258
4993
4494
4882
5021
4763
6517
6517
6847
4725
5210
5804
5325
4961
5389
5542
5258
7194
7558
5210
5744
6406
5878
5476
5949
6117
5804
7941
7941
8343
5744
6031
7072
6025
6044
6567
6752

7374
6358
4391
5083
5389
5118
4607
5005
5146
4882
6680
6680
7019
4841
5337
5949
5458
5085
5524
5680
5389
7374
7747
5337
5884
6567
6025
5613
6098
6270
5949
8139
8139
8552
5884
6178
7248
6175
6195
6731
6921

7558
6517
4500
5210
5524
5246
4722
5130
5275
5005
6847
6847
7194
4962
5470
6098
5594
5212
5662
5822
5524
7558
7941
5470
6031
6731
6175
5753
6250
6427
6098
8343
8343
8765
6031
6333
7430
6330
6350
6899
7094

7747
6680
4610
5337
5662
5377
4840
5258
5407
5130
7019
7019
7374
5083
5604
6250
5734
5342
5804
5968
5662
7747
8139
5604
6178
6899
6330
5897
6406
6588
6250
8552
8552
8985
6178
6487
7615
6488
6509
7071
7272

7941
6847
5804
5511
4961
5389
5542
5258
7194
7194
7558
6406
5878
5476
5949
6117
5804
7941
8343
7072
6488
6044
6567
6752
6406
8765
8765
9209
7806
6650
6672
7248
7453

PP0001LS
JUR
CDE PLN SQ#
21
02
02
02
03
04
05
07
09
04
05
02
02
03
05
06
07
09
10
21
04
05
06
07
05
02
03
02
02
01
01
01
01
01
01
01
01
01
01
01
03

AK
AJ
AJ
AJ
OR
OR
AO
BL
AL
OR
AO
AF
AJ
OR
AO
AD
BL
AL
BC
AK
OR
AO
AD
BL
AO
AJ
OR
AF
AF
AL
AL
AL
AL
AL
AL
AL
AL
AL
AL
AL
OR

CLASS
CODE

CLASSIFICATION TITLE

000 016670 @ POLICE LIEUTENANT
013 016672
POLICE MOTRCYCL-LIEUTENNT
013 016680
POLICE LIEUTENANT - SWAT
013 016700 @ POLICE CAPTAIN
000 016700 @ POLICE CAPTAIN
000 016700
POLICE CAPTAIN
000 016700 @ POLICE CAPTAIN
000 016700 @ POLICE CAPTAIN
000 016700 @ POLICE CAPTAIN
000 016704
SCHOOL RESOURCE OFFICER
000 016705
SCHOOL RESOURCE CHIEF OFF
004 016729
DIR OF OFFICE PROF RESP
013 016730 @ POLICE MAJOR
000 016750 @ POLICE CHIEF
000 016750 @ POLICE CHIEF
008 016750 @ POLICE CHIEF
000 016750 @ POLICE CHIEF
000 016750
POLICE CHIEF
000 016750
POLICE CHIEF
000 016750 @ POLICE CHIEF
000 016751
POLICE CHIEF-CHICKASAW
000 016780 @ ASSISTANT POLICE CHIEF
008 016780 @ ASSISTANT POLICE CHIEF
000 016780
ASSISTANT POLICE CHIEF
000 016781
ASST POLICE CHIEF-SARALND
013 016785 @ DEP POLICE CHIEF
000 016795 @ POLICE ADMIN OFFICER -PRI
004 016796
DIR GULF COAST TECH CTR
004 016797
DEP DIRECTOR OF GCTC
009 016820 @ DEPUTY SHERIFF
005 016876
CRIME SCENE TECH I-MCSO
005 016877
CRIME SCENE TECH II-MCSO
009 016880 @ SHERIFFS CORPORAL
008 016900 @ SHERIFFS SERGEANT
009 016920 @ SHERIFFS LIEUTENANT
009 016940 @ SHERIFFS CAPTAIN
009 016941
SHERIFFS MAJOR
005 016968
MOB CO SHERIFFS OFF CADET
005 016969
CORRECTIONS CADET
009 016970
CORRECTIONS OFFICER
000 016970
CORRECTIONS OFFICER

MOBILE CIVIL SERVICE AS OF 06/23/2026
PAGE
48
(RATES SHOWN IN WHOLE DOLLARS)
GRD/
A
B
C
D
E
F
G
H
I
J
K
L
M
N
O
P
Q
R
S
T
RNG
________________________________________________________________________________________________________________________
A
A.5
B
B.5
C
C.5
D
D.5
E
E.5
F
F.5
G
G.5
H
H.5
I
I.5
J
19.0
20.0
20.0
21.0
56.0
57.0
21.0
21.0
21.0
51.0
21.0
26.0
23.0
54.5
23.0
23.0
23.0
22.0
23.0
23.0
65.0
22.0
22.0
22.0
22.0
24.0
57.5
25.0
23.0
13.0
15.0
19.0
15.0
18.0
20.0
21.0
23.0
9.0
9.0
12.0
36.0

4423
6052
6052
6680
4391
4610
5662
4840
5258
3440
5662
8215
8139
4082
6899
6330
5897
5804
4724
6250
6811
6250
5734
5342
6250
8985
4725
7442
6108
4210
4210
5130
4647
5258
5949
6567
8001
3130
3130
4007
1655

4534
6203
6203
6847
4500
4725
5804
4961
5389
3526
5804
8420
8343
4182
7072
6488
6044
5949
4843
6406
6982
6406
5878
5476
6406
9209
4841
7628
6261
4315
4315
5258
4763
5389
6098
6731
8201
3209
3209
4107
1696

4647
6358
6358
7019
4610
4841
5949
5085
5524
3612
5949
8631
8552
4286
7248
6650
6195
6098
4964
6567
7152
6567
6025
5613
6567
9439
4962
7819
6417
4423
4423
5389
4882
5524
6250
6899
8406
3289
3289
4210
1738

4763
6517
6517
7194
4725
4962
6098
5212
5662
3703
6098
8847
8765
4391
7430
6816
6350
6250
5088
6731
7331
6731
6175
5753
6731
9675
5083
8015
6578
4534
4534
5524
5005
5662
6406
7071
8616
3371
3371
4315
1781

4882 5005 5130 5258 5389 5524 5662 5804 5949 6098 6250 6406 6567 6731 6899 7071
6680 6847 7019 7194 7374 7558 7747 7941 8139 8343 8552 8765 8985 9209 9439 9675
6680 6847 7019 7194 7374 7558 7747 7941 8139 8343 8552 8765 8985 9209 9439 9675
7374 7558 7747 7941 8139 8343 8552 8765 8985 9209 9439 9675 9917 10165 10419 10680
4841 4962 5083 5210 5337 5470 5604 5744 5884 6031 6178 6333 6487 6649 6811
5083 5210 5337 5470 5604 5744 5884 6031 6178 6333 6487 6649 6811 6982 7152
6250 6406 6567 6731 6899 7072 7248 7430 7615 7806 8001 8201 8406 8616 8832 9052
5342 5476 5613 5753 5897 6044 6195 6350 6509 6672 6839 7010 7185 7365 7549 7737
5804 5949 6098 6250 6406 6567 6731 6899 7071 7248 7429 7615 7806 8001 8201 8406
3793 3888 3982 4082 4182 4286 4391 4500 4610 4725 4841 4962 5083 5210 5337
6250 6406 6567 6731 6899 7072 7248 7430 7615 7806 8001 8201 8406 8616 8832 9052
9068 9295 9527 9765 10009 10260 10516 10779 11048 11325 11608 11898 12196 12500 12813 13133
8985 9209 9439 9675 9917 10165 10419 10680 10947 11221 11501 11789 12083 12385 12695 13012
4500 4610 4725 4841 4962 5083 5210 5337 5470 5604 5744 5884 6031 6178 6333
7615 7806 8001 8201 8406 8616 8832 9052 9279 9511 9748 9992 10242 10498 10761 11030
6987 7161 7340 7524 7712 7905 8102 8305 8513 8726 8944 9167 9396 9631 9872 10119
6509 6672 6839 7010 7185 7365 7549 7737 7931 8129 8332 8541 8754 8973 9197 9427
6406 6567 6731 6899 7071 7248 7429 7615 7806 8001 8201 8406 8616 8831 9052 9279
5215 5345 5479 5616 5756 5900 6048 6199 6354 6513 6676 6843 7014 7189 7369 7553
6899 7071 7248 7429 7615 7806 8001 8201 8406 8616 8831 9052 9279 9510 9748 9992
7510 7697 7885 8082 8279 8486 8693 8911 9128 9356 9584 9824 10064 10315 10567
6899 7072 7248 7430 7615 7806 8001 8201 8406 8616 8832 9052 9279 9511 9748 9992
6330 6488 6650 6816 6987 7161 7340 7524 7712 7905 8102 8305 8513 8726 8944 9167
5897 6044 6195 6350 6509 6672 6839 7010 7185 7365 7549 7737 7931 8129 8332 8541
6899 7072 7248 7430 7615 7806 8001 8201 8406 8616 8832 9052 9279 9511 9748 9992
9917 10165 10419 10680 10947 11221 11501 11789 12083 12385 12695 13012 13338 13671 14013 14363
5210 5337 5470 5604 5744 5884 6031 6178 6333 6487 6649 6811 6982 7152 7331
8215 8420 8631 8847 9068 9295 9527 9765 10009 10260 10516 10779 11048 11325 11608 11898
6742 6911 7084 7261 7442 7628 7819 8015 8215 8420 8631 8847 9068 9295 9527 9765
4647 4763 4882 5005 5130 5258 5389 5524 5662 5804 5949 6098 6250 6406 6567 6731
4647 4763 4882 5005 5130 5258 5389 5524 5662 5804 5949 6098 6250 6406 6567 6731
5662 5804 5949 6098 6250 6406 6567 6731 6899 7071 7248 7429 7615 7806 8001 8201
5130 5258 5389 5524 5662 5804 5949 6098 6250 6406 6567 6731 6899 7071 7248 7429
5804 5949 6098 6250 6406 6567 6731 6899 7071 7248 7429 7615 7806 8001 8201 8406
6567 6731 6899 7071 7248 7429 7615 7806 8001 8201 8406 8616 8831 9052 9279 9511
7248 7429 7615 7806 8001 8201 8406 8616 8831 9052 9279 9511 9748 9992 10242 10498
8831 9052 9279 9511 9748 9992 10242 10498 10760 11029 11305 11588 11877 12174 12479 12791
3455 3542 3630 3721 3814 3909 4007 4107 4210 4315 4423 4534 4647 4763 4882 5005
3455 3542 3630 3721 3814 3909 4007 4107 4210 4315 4423 4534 4647 4763 4882 5005
4423 4534 4647 4763 4882 5005 5130 5258 5389 5524 5662 5804 5949 6098 6250 6406
1824 1870 1916 1964 2011 2062 2112 2165 2218 2273 2328 2387 2445 2506 2567

PP0001LS
JUR
CDE PLN SQ#
01
01
01
01
01
01
03
02
03
04
05
07
09
10
02
02
05
02
03
05
07
09
04
02
03
04
05
07
09
02
03
05
05
04
04
02
03
02
02
07
03

AL
AL
AL
AL
AL
AL
OR
AJ
OR
OR
AO
BL
AL
BC
AJ
AJ
AO
AJ
OR
AO
BL
AL
OR
AJ
OR
OR
AO
BL
AL
AJ
OR
AO
AO
OR
OR
AF
OR
AJ
AJ
BL
OR

CLASS
CODE

CLASSIFICATION TITLE

008 016975
CORRECTIONS CAPTAIN
008 016976
CORRECTIONS MAJOR
005 016977 + DEPUTY WARDEN
009 016980
CORRECTIONS CORPORAL
008 016985
CORRECTIONS SERGEANT
008 016987
CORRECTIONS LIEUTENANT
000 016990
CORRECTIONS WARDEN
013 017000 @ FIREFIGHTER
000 017000 @ FIREFIGHTER
000 017000 @ FIREFIGHTER
000 017000 @ FIREFIGHTER
000 017000
FIREFIGHTER
000 017000 @ FIREFIGHTER
000 017000 @ FIREFIGHTER
013 017010
PARAMEDIC
013 017040
PARAMEDIC CADET
000 017041
PARAMEDIC CADET-SARALAND
013 017045 @ FIRE SERV DRIVER
000 017045 @ FIRE SERV DRIVER
000 017045 @ FIRE SERV DRIVER
000 017045
FIRE SERV DRIVER
000 017045
FIRE SERV DRIVER
000 017050 @ FIREFIGHTER-DRIVER
013 017100 @ FIRE SERV CAPTAIN
000 017100 @ FIRE SERV CAPTAIN
000 017100 @ FIRE SERV CAPTAIN
000 017100 @ FIRE SERV CAPTAIN
000 017100
FIRE SERV CAPTAIN
000 017100 @ FIRE SERV CAPTAIN
013 017150 @ FIRE SERV DISTRICT CHIEF
000 017150 @ FIRE SERV DISTRICT CHIEF
000 017150 + FIRE SERV DISTRICT CHIEF
000 017151
FIRE SERV BATTALION CHIEF
000 017152
FIREMEDIC BAT CHIEF-CHICK
000 017169
FIRE ADMINISTRATOR-CHICK
004 017170 + FIRE ADMINISTRATOR
000 017170
FIRE ADMINISTRATOR
013 017200 @ DEP FIRE SERV CHIEF
013 017220 @ ASST FIRE SERV CHIEF
000 017222
FIRE SERV ASST CHIEF
000 017250 @ FIRE SERV CHIEF

MOBILE CIVIL SERVICE AS OF 06/23/2026
PAGE
49
(RATES SHOWN IN WHOLE DOLLARS)
GRD/
A
B
C
D
E
F
G
H
I
J
K
L
M
N
O
P
Q
R
S
T
RNG
________________________________________________________________________________________________________________________
A
A.5
B
B.5
C
C.5
D
D.5
E
E.5
F
F.5
G
G.5
H
H.5
I
I.5
J
21.0
23.0
24.0
13.0
15.0
19.0
39.0
13.0
48.0
51.0
13.0
13.0
13.0
13.0
11.0
7.0
9.0
15.0
50.0
15.0
15.0
15.0
52.0
17.0
52.0
54.0
17.0
17.0
17.0
21.0
56.0
20.0
20.0
55.0
53.0
22.0
51.5
23.0
24.0
22.0
54.5

6406
7806
8001
4210
4534
5524
1916
4283
2972
3440
3630
3103
3371
2486
3880
3185
2979
4728
3276
4007
3425
3721
3612
5219
3612
3982
4423
3781
4107
6680
4391
5130
5130
4182
3793
5534
3526
8139
8985
5342
4082

6567
8001
8201
4315
4647
5662
1964
4390
3046
3526
3721
3180
3455
2548
3977
3264
3054
4846
3358
4107
3511
3814
3703
5349
3703
4082
4534
3875
4210
6847
4500
5258
5258
4286
3888
5672
3612
8343
9209
5476
4182

6731
8201
8406
4423
4763
5804
2011
4500
3120
3612
3814
3260
3542
2612
4077
3346
3130
4967
3440
4210
3599
3909
3793
5483
3793
4182
4647
3972
4315
7019
4610
5389
5389
4391
3982
5814
3703
8552
9439
5613
4286

6899
8406
8616
4534
4882
5949
2062
4612
3198
3703
3909
3342
3630
2677
4179
3429
3209
5091
3526
4315
3688
4007
3888
5620
3888
4286
4763
4071
4423
7194
4725
5524
5524
4500
4082
5959
3793
8765
9675
5753
4391

7071 7248 7429 7615 7806 8001 8201 8406 8616 8831 9052 9279 9511 9748 9992 10242
8616 8831 9052 9279 9511 9748 9992 10242 10498 10760 11029 11305 11588 11877 12174 12479
8831 9052 9279 9511 9748 9992 10242 10498 10760 11029 11305 11588 11877 12174 12479 12791
4647 4763 4882 5005 5130 5258 5389 5524 5662 5804 5949 6098 6250 6406 6567 6731
5005 5130 5258 5389 5524 5662 5804 5949 6098 6250 6406 6567 6731 6899 7071 7248
6098 6250 6406 6567 6731 6899 7071 7248 7429 7615 7806 8001 8201 8406 8616 8831
2112 2165 2218 2273 2328 2387 2445 2506 2567 2631 2696 2763 2830 2901 2972
4728 4846 4967 5091 5219 5349 5483 5620 5760 5904 6052 6203 6358 6517 6680 6847
3276 3358 3440 3526 3612 3703 3793 3888 3982 4082 4182 4286 4391 4500 4610
3793 3888 3982 4082 4182 4286 4391 4500 4610 4725 4841 4962 5083 5210 5337
4007 4107 4210 4315 4423 4534 4647 4763 4883 5005 5130 5258 5389 5524 5662 5804
3425 3511 3599 3688 3781 3875 3972 4071 4173 4278 4385 4494 4607 4722 4840 4961
3721 3814 3909 4007 4107 4210 4315 4423 4534 4647 4763 4882 5005 5130 5258 5389
2744 2813 2883 2955 3029 3105 3182 3262 3343 3427 3513 3601 3691 3783 3877 3974
4283 4390 4500 4612 4728 4846 4967 5091 5219 5349 5483 5620 5760 5904 6052 6203
3515 3603 3693 3786 3880 3977 4077 4179 4283 4390 4500 4612 4728 4846 4967 5091
3289 3371 3455 3542 3630 3721 3814 3909 4007 4107 4210 4315 4423 4534 4647 4763
5219 5349 5483 5620 5760 5904 6052 6203 6358 6517 6680 6847 7019 7194 7374 7558
3612 3703 3793 3888 3982 4082 4182 4286 4391 4500 4610 4725 4841 4962 5083
4423 4534 4647 4763 4883 5005 5130 5258 5389 5524 5662 5804 5949 6098 6250 6406
3781 3875 3972 4071 4173 4278 4385 4494 4607 4722 4840 4961 5085 5212 5342 5476
4107 4210 4315 4423 4534 4647 4763 4882 5005 5130 5258 5389 5524 5662 5804 5949
3982 4082 4182 4286 4391 4500 4610 4725 4841 4962 5083 5210 5337 5470 5604
5760 5904 6052 6203 6358 6517 6680 6847 7019 7194 7374 7558 7747 7941 8139 8343
3982 4082 4182 4286 4391 4500 4610 4725 4841 4962 5083 5210 5337 5470 5604
4391 4500 4610 4725 4841 4962 5083 5210 5337 5470 5604 5744 5884 6031 6178
4883 5005 5130 5258 5389 5524 5662 5804 5949 6098 6250 6406 6567 6731 6899 7072
4173 4278 4385 4494 4607 4722 4840 4961 5085 5212 5342 5476 5613 5753 5897 6044
4534 4647 4763 4882 5005 5130 5258 5389 5524 5662 5804 5949 6098 6250 6406 6567
7374 7558 7747 7941 8139 8343 8552 8765 8985 9209 9439 9675 9917 10165 10419 10680
4841 4962 5083 5210 5337 5470 5604 5744 5884 6031 6178 6333 6487 6649 6811
5662 5804 5949 6098 6250 6406 6567 6731 6899 7072 7248 7430 7615 7806 8001 8201
5662 5804 5949 6098 6250 6406 6567 6731 6899 7072 7248 7430 7615 7806 8001 8201
4610 4725 4841 4962 5083 5210 5337 5470 5604 5744 5884 6031 6178 6333 6487
4182 4286 4391 4500 4610 4725 4841 4962 5083 5210 5337 5470 5604 5744 5884
6108 6261 6417 6578 6742 6911 7084 7261 7442 7628 7819 8015 8215 8420 8631 8847
3888 3982 4082 4182 4286 4391 4500 4610 4725 4841 4962 5083 5210 5337 5470
8985 9209 9439 9675 9917 10165 10419 10680 10947 11221 11501 11789 12083 12385 12695 13012
9917 10165 10419 10680 10947 11221 11501 11789 12083 12385 12695 13012 13338 13671 14013 14363
5897 6044 6195 6350 6509 6672 6839 7010 7185 7365 7549 7737 7931 8129 8332 8541
4500 4610 4725 4841 4962 5083 5210 5337 5470 5604 5744 5884 6031 6178 6333

PP0001LS
JUR
CDE PLN SQ#
05
07
09
21
05
02
03
05
03
02
03
02
02
02
03
05
02
02
02
01
02
03
04
05
09
01
02
03
05
01
02
01
02
01
02
01
01
02
02
02
02

AO
BL
AL
BM
AO
AF
OR
AO
OR
AF
OR
AJ
AJ
AJ
OR
AO
AF
AF
AF
AL
AF
OR
OR
AO
AL
AL
AF
OR
AO
AL
AF
AL
AF
AL
AF
AL
AL
AF
AF
AF
AF

CLASS
CODE

CLASSIFICATION TITLE

000 017252 @ FIRE CHIEF
000 017252
FIRE CHIEF
000 017252
FIRE CHIEF
000 017252
FIRE CHIEF
000 017255 @ DEP FIRE SERV CHIEF-SARA
004 017350 @+FIRE SERV INSPECTOR
000 017350 @ FIRE SERV INSPECTOR
000 017350 @ FIRE SERV INSPECTOR
000 017351
FIRE PREVENTION INSPECTOR
004 017450 @+FIRE SERV MARSHAL
000 017450 @ FIRE SERV MARSHAL
013 017530
FIREMEDIC CAPTAIN
013 017535
FIREMEDIC DRIVER
013 017540 @ FIREMEDIC
000 017540 @ FIREMEDIC
000 017540 @ FIREMEDIC
004 017545 @ FIRE EQUIPMENT TECH I
004 017546
FIRE EQUIPMENT TECH II
004 017547
FIRE PLANS EXAMINER
005 017550
ANIMAL CONTROL OFFICER I
004 017550
ANIMAL CONTROL OFFICER I
000 017550
ANIMAL CONTROL OFFICER I
000 017550
ANIMAL CONTROL OFFICER I
000 017550
ANIMAL CONTROL OFFICER I
000 017550
ANIMAL CONTROL OFFICER I
005 017570
ANIMAL CONTROL OFFICER II
004 017570
ANIMAL CONTROL OFFICER II
000 017570 + ANIMAL CONTROL OFFICER II
000 017570
ANIMAL CONTROL OFFICER II
005 017575
KENNEL TECHNICIAN I
005 017575
KENNEL TECHNICIAN I
005 017576
KENNEL TECHNICIAN II
004 017576
KENNEL TECHNICIAN II
005 017585
ANIMAL PLACEMENT SPECIAL
005 017585
ANIMAL PLACEMENT SPECIAL
005 017639
ANIMAL SERV ADMINISTRATOR
005 017640
ANIMAL SHELTER SUPERVISOR
004 017640
ANIMAL SHELTER SUPERVISOR
004 017641
ANIMAL SERV FLD OPER MGR
004 017642
ANIMAL SERV SHLTR OPR MGR
004 017645
ASST ANIMAL SHELTER SUPV

MOBILE CIVIL SERVICE AS OF 06/23/2026
PAGE
50
(RATES SHOWN IN WHOLE DOLLARS)
GRD/
A
B
C
D
E
F
G
H
I
J
K
L
M
N
O
P
Q
R
S
T
RNG
________________________________________________________________________________________________________________________
A
A.5
B
B.5
C
C.5
D
D.5
E
E.5
F
F.5
G
G.5
H
H.5
I
I.5
J
23.0
23.0
22.0
22.0
21.0
16.0
51.0
16.0
47.0
21.0
50.5
18.0
16.0
14.0
43.5
14.0
14.0
15.0
22.0
10.0
12.0
37.0
40.0
10.0
10.0
11.0
13.0
38.0
11.0
10.0
10.0
11.0
11.0
10.0
10.0
23.0
19.0
19.0
21.0
21.0
15.0

6899
5897
5804
4824
5662
3727
3440
4210
2830
5013
3358
5483
4967
4500
2387
3814
3377
3548
5534
3289
3059
1738
2011
3130
2907
3455
3214
1824
3289
3289
2841
3455
2912
3289
2841
7248
5130
4323
5013
5013
3548

7072
6044
5949
4945
5804
3821
3526
4315
2901
5139
3440
5620
5091
4612
2445
3909
3461
3637
5672
3371
3136
1781
2062
3209
2979
3542
3294
1870
3371
3371
2912
3542
2985
3371
2912
7429
5258
4431
5139
5139
3637

7248
6195
6098
5068
5949
3916
3612
4423
2972
5267
3526
5760
5219
4728
2506
4007
3548
3727
5814
3455
3214
1824
2112
3289
3054
3630
3377
1916
3455
3455
2985
3630
3059
3455
2985
7615
5389
4542
5267
5267
3727

7430
6350
6250
5195
6098
4014
3703
4534
3046
5399
3612
5904
5349
4846
2567
4107
3637
3821
5959
3542
3294
1870
2165
3371
3130
3721
3461
1964
3542
3542
3059
3721
3136
3542
3059
7806
5524
4655
5399
5399
3821

7615
6509
6406
5325
6250
4114
3793
4647
3120
5534
3703
6052
5483
4967
2631
4210
3727
3916
6108
3630
3377
1916
2218
3455
3209
3814
3548
2011
3630
3630
3136
3814
3214
3630
3136
8001
5662
4772
5534
5534
3916

7806
6672
6567
5458
6406
4217
3888
4763
3198
5672
3793
6203
5620
5091
2696
4315
3821
4014
6261
3721
3461
1964
2273
3542
3289
3909
3637
2062
3721
3721
3214
3909
3294
3721
3214
8201
5804
4891
5672
5672
4014

8001
6839
6731
5594
6567
4323
3982
4883
3276
5814
3888
6358
5760
5219
2763
4423
3916
4114
6417
3814
3548
2011
2328
3630
3371
4007
3727
2112
3814
3814
3294
4007
3377
3814
3294
8406
5949
5013
5814
5814
4114

8201
7010
6899
5734
6731
4431
4082
5005
3358
5959
3982
6517
5904
5349
2830
4534
4014
4217
6578
3909
3637
2062
2387
3721
3455
4107
3821
2165
3909
3909
3377
4107
3461
3909
3377
8616
6098
5139
5959
5959
4217

8406
7185
7071
5878
6899
4542
4182
5130
3440
6108
4082
6680
6052
5483
2901
4647
4114
4323
6742
4007
3727
2112
2445
3814
3542
4210
3916
2218
4007
4007
3461
4210
3548
4007
3461
8831
6250
5267
6108
6108
4323

8616
7365
7248
6025
7072
4655
4286
5258
3526
6261
4182
6847
6203
5620
2972
4763
4217
4431
6911
4107
3821
2165
2506
3909
3630
4315
4014
2273
4107
4107
3548
4315
3637
4107
3548
9052
6406
5399
6261
6261
4431

8832
7549
7429
6175
7248
4772
4391
5389
3612
6417
4286
7019
6358
5760
3046
4883
4323
4542
7084
4210
3916
2218
2567
4007
3721
4423
4114
2328
4210
4210
3637
4423
3727
4210
3637
9279
6567
5534
6417
6417
4542

9052
7737
7615
6330
7430
4891
4500
5524
3703
6578
4391
7194
6517
5904
3120
5005
4431
4655
7261
4315
4014
2273
2631
4107
3814
4534
4217
2387
4315
4315
3727
4534
3821
4315
3727
9511
6731
5672
6578
6578
4655

9279
7931
7806
6488
7615
5013
4610
5662
3793
6742
4500
7374
6680
6052
3198
5130
4542
4772
7442
4423
4114
2328
2696
4210
3909
4647
4323
2445
4423
4423
3821
4647
3916
4423
3821
9748
6899
5814
6742
6742
4772

9511 9748 9992 10242 10498 10761 11030
8129 8332 8541 8754 8973 9197 9427
8001 8201 8406 8616 8831 9052 9279
6650 6816 6987 7161 7340 7524 7712
7806 8001 8201 8406 8616 8832 9052
5139 5267 5399 5534 5672 5814 5959
4725 4841 4962 5083 5210 5337
5804 5949 6098 6250 6406 6567 6731
3888 3982 4082 4182 4286 4391
6911 7084 7261 7442 7628 7819 8015
4610 4725 4841 4962 5083 5210
7558 7747 7941 8139 8343 8552 8765
6847 7019 7194 7374 7558 7747 7941
6203 6358 6517 6680 6847 7019 7194
3276 3358 3440 3526 3612 3703
5258 5389 5524 5662 5804 5949 6098
4655 4772 4891 5013 5139 5267 5399
4891 5013 5139 5267 5399 5534 5672
7628 7819 8015 8215 8420 8631 8847
4534 4647 4763 4882 5005 5130 5258
4217 4323 4431 4542 4655 4772 4891
2387 2445 2506 2567 2631 2696
2763 2830 2901 2972 3046 3120
4315 4423 4534 4647 4763 4883 5005
4007 4107 4210 4315 4423 4534 4647
4763 4882 5005 5130 5258 5389 5524
4431 4542 4655 4772 4891 5013 5139
2506 2567 2631 2696 2763 2830
4534 4647 4763 4883 5005 5130 5258
4534 4647 4763 4882 5005 5130 5258
3916 4014 4114 4217 4323 4431 4542
4763 4882 5005 5130 5258 5389 5524
4014 4114 4217 4323 4431 4542 4655
4534 4647 4763 4882 5005 5130 5258
3916 4014 4114 4217 4323 4431 4542
9992 10242 10498 10760 11029 11305 11588
7071 7248 7429 7615 7806 8001 8201
5959 6108 6261 6417 6578 6742 6911
6911 7084 7261 7442 7628 7819 8015
6911 7084 7261 7442 7628 7819 8015
4891 5013 5139 5267 5399 5534 5672

PP0001LS
JUR
CDE PLN SQ#
02
01
02
03
05
01
14
14
14
14
14
14
14
14
02

AF
AL
AF
OR
AO
AL
AT
AT
AT
AT
AT
AT
AT
AT
AF

CLASS
CODE

CLASSIFICATION TITLE

004 017646
DIR OF ANIMAL SERVICES
005 017650
ANIMAL RESOURCE SUPV
004 017650
ANIMAL RESOURCE SUPV
000 017650
ANIMAL RESOURCE SUPV
000 017650
ANIMAL RESOURCE SUPV
005 017680
COUNTY HUMANE OFFICER
000 017700
EMER PREP ELECTRONICS OFF
000 017705
EMER MGT/HM SEC ELE COORD
000 017710
EMER PREP PLAN&OPR OFF I
000 017712
EMER PREP PLAN&OPR OFF II
000 017714
EMER MGT/HOME SEC DIR P&O
000 017750
EMER PREP TRNG&EXERC OFF
000 017790
EMER MGT/HOME SEC DEP DIR
000 017800
EMER MGT/HOMELAND SEC DIR
004 017820 @ QUARTERMASTER

MOBILE CIVIL SERVICE AS OF 06/23/2026
PAGE
51
(RATES SHOWN IN WHOLE DOLLARS)
GRD/
A
B
C
D
E
F
G
H
I
J
K
L
M
N
O
P
Q
R
S
T
RNG
________________________________________________________________________________________________________________________
A
A.5
B
B.5
C
C.5
D
D.5
E
E.5
F
F.5
G
G.5
H
H.5
I
I.5
J
24.0 6742 6911 7084 7261 7442 7628 7819 8015 8215 8420 8631 8847 9068 9295 9527 9765 10009 10260 10516 10779
14.0 4007 4107 4210 4315 4423 4534 4647 4763 4882 5005 5130 5258 5389 5524 5662 5804 5949 6098 6250 6406
14.0 3377 3461 3548 3637 3727 3821 3916 4014 4114 4217 4323 4431 4542 4655 4772 4891 5013 5139 5267 5399
44.5 2506 2567 2631 2696 2763 2830 2901 2972 3046 3120 3198 3276 3358 3440 3526 3612 3703 3793 3888
14.0 3814 3909 4007 4107 4210 4315 4423 4534 4647 4763 4883 5005 5130 5258 5389 5524 5662 5804 5949 6098
19.0 5130 5258 5389 5524 5662 5804 5949 6098 6250 6406 6567 6731 6899 7071 7248 7429 7615 7806 8001 8201
16.0 4763 4883 5005 5130 5258 5389 5524 5662 5804 5949 6098 6250 6406 6567 6731 6899 7072 7248 7430 7615
18.0 5258 5389 5524 5662 5804 5949 6098 6250 6406 6567 6731 6899 7072 7248 7430 7615 7806 8001 8201 8406
16.0 4763 4883 5005 5130 5258 5389 5524 5662 5804 5949 6098 6250 6406 6567 6731 6899 7072 7248 7430 7615
18.0 5258 5389 5524 5662 5804 5949 6098 6250 6406 6567 6731 6899 7072 7248 7430 7615 7806 8001 8201 8406
21.0 6406 6567 6731 6899 7072 7248 7430 7615 7806 8001 8201 8406 8616 8832 9052 9279 9511 9748 9992 10242
16.0 4763 4883 5005 5130 5258 5389 5524 5662 5804 5949 6098 6250 6406 6567 6731 6899 7072 7248 7430 7615
24.0 8616 8832 9052 9279 9511 9748 9992 10242 10498 10761 11030 11305 11588 11878 12175 12479 12791 13111 13439 13775
26.0 10498 10761 11030 11305 11588 11878 12175 12479 12791 13111 13439 13775 14119 14472 14834 15205 15585 15974 16374 16783
19.0 4323 4431 4542 4655 4772 4891 5013 5139 5267 5399 5534 5672 5814 5959 6108 6261 6417 6578 6742 6911

PUBLIC HOUSING
13
13
13
01
01
02
02
13
13
01
02
02
13
13
13
13
13
02
07
13
13
13
13

AQ
AQ
AQ
AL
AL
AF
AF
AQ
AQ
AL
AF
AF
AQ
AQ
AQ
AQ
AQ
AF
BL
AQ
AQ
AQ
AQ

000 018010
000 018020
000 018030
005 018290
005 018291
004 018330
004 018331
000 018332
000 018333
005 018350
004 018350
004 018360
000 018651
000 018652
000 018659
000 018702
000 018703
004 018725
000 018872
000 018884
000 018940
000 018945
000 018950

HOUSING MANAGER I
HOUSING MANAGER II
HOUSING MANAGER III
PROPERTY AGENT I
PROPERTY AGENT II
DIR OF REAL EST/ASSET MGM
DEP DIR REAL EST/ASSET MG
COMPLIANCE ANALYST- MHA
HCV OPER & COMPL MGR-MHA
REAL ESTATE OFFICER
REAL ESTATE OFFICER
REHABILITATION SPECIALIST
HOUSING PROG SERVICE SPEC
RESIDENT SERVICES DIR-MHA
RESIDENT SERV COORD-MHA
HOUSING SPECIALIST I
HOUSING SPECIALIST II
HOUSING LOAN SPECIALIST
HOUSING COORDINATOR
CHIEF DEVELOPMENT OFF-MHA
CHIEF ASSET OFFICER - MHA
CHIEF OPERATING OFF- MHA
CHIEF EXECUTIVE OFF -MHA

16.0 4423 4534 4647 4763 4883 5005 5130 5258 5389 5524 5662 5804 5949 6098 6250 6406 6567 6731 6899 7072
17.0 4647 4763 4883 5005 5130 5258 5389 5524 5662 5804 5949 6098 6250 6406 6567 6731 6899 7072 7248 7430
18.0 4883 5005 5130 5258 5389 5524 5662 5804 5949 6098 6250 6406 6567 6731 6899 7072 7248 7430 7615 7806
17.0 4647 4763 4882 5005 5130 5258 5389 5524 5662 5804 5949 6098 6250 6406 6567 6731 6899 7071 7248 7429
19.0 5130 5258 5389 5524 5662 5804 5949 6098 6250 6406 6567 6731 6899 7071 7248 7429 7615 7806 8001 8201
28.0 10009 10260 10516 10779 11048 11325 11608 11898 12196 12500 12813 13133 13462 13798 14143 14497 14859 15231 15611 16002
25.0 7442 7628 7819 8015 8215 8420 8631 8847 9068 9295 9527 9765 10009 10260 10516 10779 11048 11325 11608 11898
17.0 4647 4763 4883 5005 5130 5258 5389 5524 5662 5804 5949 6098 6250 6406 6567 6731 6899 7072 7248 7430
21.0 5949 6098 6250 6406 6567 6731 6899 7072 7248 7430 7615 7806 8001 8201 8406 8616 8832 9052 9279 9511
21.0 5949 6098 6250 6406 6567 6731 6899 7071 7248 7429 7615 7806 8001 8201 8406 8616 8831 9052 9279 9511
24.0 6742 6911 7084 7261 7442 7628 7819 8015 8215 8420 8631 8847 9068 9295 9527 9765 10009 10260 10516 10779
17.0 3916 4014 4114 4217 4323 4431 4542 4655 4772 4891 5013 5139 5267 5399 5534 5672 5814 5959 6108 6261
15.0 4210 4315 4423 4534 4647 4763 4883 5005 5130 5258 5389 5524 5662 5804 5949 6098 6250 6406 6567 6731
23.0 7248 7430 7615 7806 8001 8201 8406 8616 8832 9052 9279 9511 9748 9992 10242 10498 10761 11030 11305 11588
21.0 5949 6098 6250 6406 6567 6731 6899 7072 7248 7430 7615 7806 8001 8201 8406 8616 8832 9052 9279 9511
12.0 3630 3721 3814 3909 4007 4107 4210 4315 4423 4534 4647 4763 4883 5005 5130 5258 5389 5524 5662 5804
14.0 4007 4107 4210 4315 4423 4534 4647 4763 4883 5005 5130 5258 5389 5524 5662 5804 5949 6098 6250 6406
16.0 3727 3821 3916 4014 4114 4217 4323 4431 4542 4655 4772 4891 5013 5139 5267 5399 5534 5672 5814 5959
17.0 3781 3875 3972 4071 4173 4278 4385 4494 4607 4722 4840 4961 5085 5212 5342 5476 5613 5753 5897 6044
26.0 9748 9992 10242 10498 10761 11030 11305 11588 11878 12175 12479 12791 13111 13439 13775 14119 14472 14834 15205 15585
25.0 8832 9052 9279 9511 9748 9992 10242 10498 10761 11030 11305 11588 11878 12175 12479 12791 13111 13439 13775 14119
29.0 13111 13439 13775 14119 14472 14834 15205 15585 15974 16374 16783 17203 17633 18074 18525 18989 19463 19950 20449 20960
32.0 17633 18074 18525 18989 19463 19950 20449 20960 21484 22021 22571 23136 23714 24307 24915 25538 26176 26830 27501 28189

PP0001LS
JUR
CDE PLN SQ#
13

AQ

CLASS
CODE

000 018960

CLASSIFICATION TITLE

MOBILE CIVIL SERVICE AS OF 06/23/2026
PAGE
52
(RATES SHOWN IN WHOLE DOLLARS)
GRD/
A
B
C
D
E
F
G
H
I
J
K
L
M
N
O
P
Q
R
S
T
RNG
________________________________________________________________________________________________________________________
A
A.5
B
B.5
C
C.5
D
D.5
E
E.5
F
F.5
G
G.5
H
H.5
I
I.5
J

PROGRAM COOR-SEC 8 HSG

21.0

5949

6098

6250

6406

6567

6731

6899

7072

7248

7430

7615

7806

8001

8201

8406

8616

8832

9052

9279

9511

10.0
6.0
12.0
20.0
13.0
19.0
16.0
17.0
18.0
20.0
21.0
15.0
10.0
9.0
8.0
12.0
11.0
11.0
14.0
16.0
15.0
15.0
16.0
16.0
21.0
15.0
16.0
17.0
18.0
21.0
19.0
18.0
15.0
16.0
17.0
6.0
8.0

2979
2445
3289
4883
3455
4647
4007
4210
4423
4883
5389
3814
3130
2836
2699
3455
3130
3130
3814
4210
3814
4210
4007
4423
5389
3814
4007
4210
4423
5389
4647
4423
3814
4007
4210
2445
2699

3054
2506
3371
5005
3542
4763
4107
4315
4534
5005
5524
3909
3209
2907
2767
3542
3209
3209
3909
4315
3909
4315
4107
4534
5524
3909
4107
4315
4534
5524
4763
4534
3909
4107
4315
2506
2767

3130
2569
3455
5130
3630
4883
4210
4423
4647
5130
5662
4007
3289
2979
2836
3630
3289
3289
4007
4423
4007
4423
4210
4647
5662
4007
4210
4423
4647
5662
4883
4647
4007
4210
4423
2569
2836

3209
2633
3542
5258
3721
5005
4315
4534
4763
5258
5804
4107
3371
3054
2907
3721
3371
3371
4107
4534
4107
4534
4315
4763
5804
4107
4315
4534
4763
5804
5005
4763
4107
4315
4534
2633
2907

3289
2699
3630
5389
3814
5130
4423
4647
4883
5389
5949
4210
3455
3130
2979
3814
3455
3455
4210
4647
4210
4647
4423
4883
5949
4210
4423
4647
4883
5949
5130
4883
4210
4423
4647
2699
2979

3371
2767
3721
5524
3909
5258
4534
4763
5005
5524
6098
4315
3542
3209
3054
3909
3542
3542
4315
4763
4315
4763
4534
5005
6098
4315
4534
4763
5005
6098
5258
5005
4315
4534
4763
2767
3054

3455
2836
3814
5662
4007
5389
4647
4883
5130
5662
6250
4423
3630
3289
3130
4007
3630
3630
4423
4883
4423
4883
4647
5130
6250
4423
4647
4883
5130
6250
5389
5130
4423
4647
4883
2836
3130

3542
2907
3909
5804
4107
5524
4763
5005
5258
5804
6406
4534
3721
3371
3209
4107
3721
3721
4534
5005
4534
5005
4763
5258
6406
4534
4763
5005
5258
6406
5524
5258
4534
4763
5005
2907
3209

3630
2979
4007
5949
4210
5662
4883
5130
5389
5949
6567
4647
3814
3455
3289
4210
3814
3814
4647
5130
4647
5130
4883
5389
6567
4647
4883
5130
5389
6567
5662
5389
4647
4883
5130
2979
3289

3721
3054
4107
6098
4315
5804
5005
5258
5524
6098
6731
4763
3909
3542
3371
4315
3909
3909
4763
5258
4763
5258
5005
5524
6731
4763
5005
5258
5524
6731
5804
5524
4763
5005
5258
3054
3371

3814
3130
4210
6250
4423
5949
5130
5389
5662
6250
6899
4883
4007
3630
3455
4423
4007
4007
4883
5389
4883
5389
5130
5662
6899
4883
5130
5389
5662
6899
5949
5662
4883
5130
5389
3130
3455

3909
3209
4315
6406
4534
6098
5258
5524
5804
6406
7072
5005
4107
3721
3542
4534
4107
4107
5005
5524
5005
5524
5258
5804
7072
5005
5258
5524
5804
7072
6098
5804
5005
5258
5524
3209
3542

4007
3289
4423
6567
4647
6250
5389
5662
5949
6567
7248
5130
4210
3814
3630
4647
4210
4210
5130
5662
5130
5662
5389
5949
7248
5130
5389
5662
5949
7248
6250
5949
5130
5389
5662
3289
3630

4107
3371
4534
6731
4763
6406
5524
5804
6098
6731
7430
5258
4315
3909
3721
4763
4315
4315
5258
5804
5258
5804
5524
6098
7430
5258
5524
5804
6098
7430
6406
6098
5258
5524
5804
3371
3721

4210
3455
4647
6899
4883
6567
5662
5949
6250
6899
7615
5389
4423
4007
3814
4883
4423
4423
5389
5949
5389
5949
5662
6250
7615
5389
5662
5949
6250
7615
6567
6250
5389
5662
5949
3455
3814

4315
3542
4763
7072
5005
6731
5804
6098
6406
7072
7806
5524
4534
4107
3909
5005
4534
4534
5524
6098
5524
6098
5804
6406
7806
5524
5804
6098
6406
7806
6731
6406
5524
5804
6098
3542
3909

4423
3630
4883
7248
5130
6899
5949
6250
6567
7248
8001
5662
4647
4210
4007
5130
4647
4647
5662
6250
5662
6250
5949
6567
8001
5662
5949
6250
6567
8001
6899
6567
5662
5949
6250
3630
4007

4534
3721
5005
7430
5258
7072
6098
6406
6731
7430
8201
5804
4763
4315
4107
5258
4763
4763
5804
6406
5804
6406
6098
6731
8201
5804
6098
6406
6731
8201
7072
6731
5804
6098
6406
3721
4107

4647
3814
5130
7615
5389
7248
6250
6567
6899
7615
8406
5949
4883
4423
4210
5389
4883
4883
5949
6567
5949
6567
6250
6899
8406
5949
6250
6567
6899
8406
7248
6899
5949
6250
6567
3814
4210

4763
3909
5258
7806
5524
7430
6406
6731
7072
7806
8616
6098
5005
4534
4315
5524
5005
5005
6098
6731
6098
6731
6406
7072
8616
6098
6406
6731
7072
8616
7430
7072
6098
6406
6731
3909
4315

PUBLIC HEALTH
12
12
12
12
12
12
12
12
12
12
12
12
11
12
16
11
12
16
11
11
12
13
12
13
12
12
12
12
12
12
12
12
12
12
12
12
12

AM
AM
AM
AM
AM
AM
AM
AM
AM
AM
AM
AM
AO
AM
AM
AO
AM
AM
AO
AO
AM
AQ
AM
AQ
AM
AM
AM
AM
AM
AM
AM
AM
AM
AM
AM
AM
AM

000 019005
000 019027
000 019050
000 019090
000 019091
000 019095
000 019100
000 019120
000 019150
000 019160
000 019165
000 019200
000 019220
000 019220
000 019220
000 019225
000 019225
000 019225
000 019226
000 019230
000 019300
000 019300
000 019310
000 019310
000 019320
000 019330
000 019350
000 019370
000 019375
000 019410
000 019430
000 019440
000 019450
000 019470
000 019475
000 019500
000 019510

FAMILY SUPPORT WORKER
PUB HEALTH AIDE
LICENSED PRACTICAL NURSE
PUB HLTH PERF IMPRV COORD
PUB HEALTH PERF IMPR ASST
CLINICAL RISK MANAGER
PUB HEALTH NURSE I
PUB HEALTH NURSE II
PUB HEALTH NURSE III
PUB HEALTH NURSE IV
PUBLIC HEALTH NURSING DIR
RADIOLOGY TECHNOLOGIST
LABORATORY TECHNICIAN I
LABORATORY TECHNICIAN I
LABORATORY TECHNICIAN I
LABORATORY TECHNICIAN II
LABORATORY TECHNICIAN II
LABORATORY TECHNICIAN II
LABORATORY TECHNICIAN III
LABORATORY MANAGER
SOCIAL SERVICE WORKER I
SOCIAL SERVICE WORKER I
SOCIAL SERVICE WORKER II
SOCIAL SERVICE WORKER II
DIR OF SOCIAL SERVICES
NUTRITIONIST ASSOCIATE
NUTRITIONIST I
NUTRITIONIST II
NUTRITIONIST III
DIR OF NUTRITION SERVICES
INFECTIOUS DISEAS PRG MGR
COMMUNICABLE DIS SP SUPV
COMMUNICABLE DIS SPEC I
COMMUNICABLE DIS SPEC II
COMMUNICABLE DIS SPEC III
VECTOR CONTROL ATTENDANT
VECTOR CONTROL INSP I

PP0001LS
JUR
CDE PLN SQ#
12
12
12
12
12
12
12
12
12
12
12
12
12
12
12
01
02
03
12
12
12
12
12
12
12
12
12
12
12
12
12
12
12
12

AM
AM
AM
AM
AM
AM
AM
AM
AM
AM
AM
AM
AM
AM
AM
AL
AF
OR
AM
AM
AM
AM
AM
AM
AM
AM
AM
AM
AM
AM
AM
AM
AM
AM

CLASS
CODE

000 019520
000 019560
000 019600
000 019620
000 019630
000 019780
000 019790
000 019810
000 019840
000 019890
000 019891
000 019900
000 019910
000 019930
000 019932
005 019935
004 019935
000 019935
000 019935
000 019951
000 019952
000 019953
000 019954
000 019955
000 019969
000 019990
000 019991
000 019999
000 020050
000 020100
000 020101
000 020200
000 020210
000 020215

CLASSIFICATION TITLE

MOBILE CIVIL SERVICE AS OF 06/23/2026
PAGE
53
(RATES SHOWN IN WHOLE DOLLARS)
GRD/
A
B
C
D
E
F
G
H
I
J
K
L
M
N
O
P
Q
R
S
T
RNG
________________________________________________________________________________________________________________________
A
A.5
B
B.5
C
C.5
D
D.5
E
E.5
F
F.5
G
G.5
H
H.5
I
I.5
J

VECTOR CONTROL INSP II
ENVIRONMENTAL HLTH SP I
ENVIRONMENTAL HLTH SP II
ENVIRONMENTAL HLTH SP III
ENVIRONMENTAL HLTH SP SUP
VECTOR CONT ENTOMOLOGIST
VECTOR CONTROL AREA MNGR
DENTAL ASSISTANT
DENTAL HYGIENIST
FETAL/INFANT MORT PGM COR
VITAL RECORDS REGISTRAR
PUB HEALTH EDUCATOR I
PUB HEALTH EDUCATOR II
PUB HEALTH ADMIN I
PUB HEALTH ADMIN II
PUB INFORMATION OFFICER
PUB INFORMATION OFFICER
PUB INFORMATION OFFICER
PUB INFORMATION OFFICER
MEDICAL BILLING SPEC I
MEDICAL BILLING SPEC II
MEDICAL BILLING ASST MGR
MEDICAL BILLING MANAGER
IMMUNIZATION CLERK
PAYER ENROLLMNT SPECIALST
PUB HEALTH BUREAU DIR
PUB HLTH DEP DIR-FAM HLTH
PUB HEALTH DIR
ASST HEALTH OFFICER
HEALTH OFFICER
MEDICAL DIRECTOR
PUB HLTH SOCIAL WORKER I
PUB HLTH SOCIAL WORKER II
PUB HLTH SOCIAL WORKR III

10.0 2979 3054 3130 3209 3289 3371 3455 3542 3630 3721 3814 3909 4007 4107 4210 4315 4423 4534 4647 4763
15.0 3814 3909 4007 4107 4210 4315 4423 4534 4647 4763 4883 5005 5130 5258 5389 5524 5662 5804 5949 6098
16.0 4007 4107 4210 4315 4423 4534 4647 4763 4883 5005 5130 5258 5389 5524 5662 5804 5949 6098 6250 6406
17.0 4210 4315 4423 4534 4647 4763 4883 5005 5130 5258 5389 5524 5662 5804 5949 6098 6250 6406 6567 6731
18.0 4423 4534 4647 4763 4883 5005 5130 5258 5389 5524 5662 5804 5949 6098 6250 6406 6567 6731 6899 7072
18.0 4423 4534 4647 4763 4883 5005 5130 5258 5389 5524 5662 5804 5949 6098 6250 6406 6567 6731 6899 7072
17.0 4210 4315 4423 4534 4647 4763 4883 5005 5130 5258 5389 5524 5662 5804 5949 6098 6250 6406 6567 6731
8.0 2699 2767 2836 2907 2979 3054 3130 3209 3289 3371 3455 3542 3630 3721 3814 3909 4007 4107 4210 4315
13.0 3455 3542 3630 3721 3814 3909 4007 4107 4210 4315 4423 4534 4647 4763 4883 5005 5130 5258 5389 5524
18.0 4423 4534 4647 4763 4883 5005 5130 5258 5389 5524 5662 5804 5949 6098 6250 6406 6567 6731 6899 7072
14.0 3630 3721 3814 3909 4007 4107 4210 4315 4423 4534 4647 4763 4883 5005 5130 5258 5389 5524 5662 5804
15.0 3814 3909 4007 4107 4210 4315 4423 4534 4647 4763 4883 5005 5130 5258 5389 5524 5662 5804 5949 6098
16.0 4007 4107 4210 4315 4423 4534 4647 4763 4883 5005 5130 5258 5389 5524 5662 5804 5949 6098 6250 6406
20.0 4883 5005 5130 5258 5389 5524 5662 5804 5949 6098 6250 6406 6567 6731 6899 7072 7248 7430 7615 7806
21.0 5389 5524 5662 5804 5949 6098 6250 6406 6567 6731 6899 7072 7248 7430 7615 7806 8001 8201 8406 8616
16.0 4423 4534 4647 4763 4882 5005 5130 5258 5389 5524 5662 5804 5949 6098 6250 6406 6567 6731 6899 7071
16.0 3727 3821 3916 4014 4114 4217 4323 4431 4542 4655 4772 4891 5013 5139 5267 5399 5534 5672 5814 5959
42.0 2218 2273 2328 2387 2445 2506 2567 2631 2696 2763 2830 2901 2972 3046 3120 3198 3276 3358 3440
16.0 4007 4107 4210 4315 4423 4534 4647 4763 4883 5005 5130 5258 5389 5524 5662 5804 5949 6098 6250 6406
10.0 2979 3054 3130 3209 3289 3371 3455 3542 3630 3721 3814 3909 4007 4107 4210 4315 4423 4534 4647 4763
11.0 3130 3209 3289 3371 3455 3542 3630 3721 3814 3909 4007 4107 4210 4315 4423 4534 4647 4763 4883 5005
19.0 4647 4763 4883 5005 5130 5258 5389 5524 5662 5804 5949 6098 6250 6406 6567 6731 6899 7072 7248 7430
21.0 5389 5524 5662 5804 5949 6098 6250 6406 6567 6731 6899 7072 7248 7430 7615 7806 8001 8201 8406 8616
8.0 2699 2767 2836 2907 2979 3054 3130 3209 3289 3371 3455 3542 3630 3721 3814 3909 4007 4107 4210 4315
15.0 3814 3909 4007 4107 4210 4315 4423 4534 4647 4763 4883 5005 5130 5258 5389 5524 5662 5804 5949 6098
23.0 6567 6731 6899 7072 7248 7430 7615 7806 8001 8201 8406 8616 8832 9052 9279 9511 9748 9992 10242 10498
24.0 7248 7430 7615 7806 8001 8201 8406 8616 8832 9052 9279 9511 9748 9992 10242 10498 10761 11030 11305 11588
25.0 8001 8201 8406 8616 8832 9052 9279 9511 9748 9992 10242 10498 10761 11030 11305 11588 11878 12175 12479 12791
28.0 10761 11030 11305 11588 11878 12175 12479 12791 13111 13439 13775 14119 14472 14834 15205 15585 15974 16374 16783 17203
32.0 15974 16374 16783 17203 17633 18074 18525 18989 19463 19950 20449 20960 21484 22021 22571 23136 23714 24307 24915 25538
31.0 14472 14834 15205 15585 15974 16374 16783 17203 17633 18074 18525 18989 19463 19950 20449 20960 21484 22021 22571 23136
16.0 4007 4107 4210 4315 4423 4534 4647 4763 4883 5005 5130 5258 5389 5524 5662 5804 5949 6098 6250 6406
17.0 4210 4315 4423 4534 4647 4763 4883 5005 5130 5258 5389 5524 5662 5804 5949 6098 6250 6406 6567 6731
18.0 4423 4534 4647 4763 4883 5005 5130 5258 5389 5524 5662 5804 5949 6098 6250 6406 6567 6731 6899 7072

PP0001LS
JUR
CDE PLN SQ#

CLASS
CODE

CLASSIFICATION TITLE

MOBILE CIVIL SERVICE AS OF 06/23/2026
PAGE
54
(RATES SHOWN IN WHOLE DOLLARS)
GRD/
A
B
C
D
E
F
G
H
I
J
K
L
M
N
O
P
Q
R
S
T
RNG
________________________________________________________________________________________________________________________
A
A.5
B
B.5
C
C.5
D
D.5
E
E.5
F
F.5
G
G.5
H
H.5
I
I.5
J

--

SPECIAL NOTES --

+
#
&
@
%
>
~

NO AUTHORIZED POSITIONS FOR THIS CLASSIFICATION IN THIS JURISDICTION
FULLTIME POSITION IS 9 GRADES HIGHER
SUPERNUMERARY POSITIONS ARE 1 RANGE HIGHER
ELIGIBLE FOR INCENTIVE PAY IN ACCORDANCE WITH PB POLICY
SUPERNUMERARY POSITIONS ARE 1 GRADE HIGHER
PART-TIME=FLAT RATE - $248.80 BI-WEEKLY
PART-TIME POSITIONS $50 A MTH AND 1/2 BUILDING PERMIT FEE
