source_rating_id,retained_source_id,source_review_id,candidate_id,municipality,state,region,source_type,source_family,cba_non_cba_hint,priority_bucket,span_count_rated,quantitative_span_count_rated,qualitative_span_count_rated,strongest_claim_readiness_bucket,strongest_downstream_use_bucket,strongest_mechanism_type,strongest_mechanism_strength_level,has_direct_quantitative_compensation_support,has_qualitative_mechanism_support,has_mixed_quant_qual_support,has_safety_side_relevance,has_non_safety_side_relevance,has_comparison_potential,has_growth_continuity_potential,has_non_base_compensation_evidence,has_bargaining_or_dispute_process_evidence,source_claim_use_rating,source_rating_confidence,source_rating_rationale,quarantine_flag,quarantine_reason,packet_ids_used,rating_lane_id,claim_boundary,global_analysis_readiness,ingestion_status,codification_status,normalization_status,matching_status,source_locator_lineage
BRMGRS-20260802-b3b32e2adb8d0e50613407f3,RMSRD-20260802-26bd9161ad16b91e0ddc,RMSRD-20260802-26bd9161ad16b91e0ddc,BRM5C-BRM5-20260731-07373-02,Clarendon,TX,South,pdf,other_local_government_pay_policy,non_cba_or_unresolved_hint,medium_priority_verification_ready,31,15,16,quantitative_direct_text_claim_ready,core_finding_candidate,quant_overtime_or_holiday_rate,central,true,true,true,false,false,false,false,true,false,core_finding_candidate,0.8568,Aggregated 31 schema-valid bounded span ratings; strongest claim bucket quantitative_direct_text_claim_ready and downstream use core_finding_candidate.,false,,BRMGRP-20260802-dca7ec435482a4c2588b12af,gabriel_rating_lane_002,"bounded documentary rating only; not ingested or codified; no pay normalization, wage-gap estimate, national prevalence, treatment effect, or final causal claim; global analysis readiness remains false",false,not_ingested,not_codified,not_normalized,not_matched,"{""candidate_id"": ""BRM5C-BRM5-20260731-07373-02"", ""final"": ""https://cityofclarendontx.com/documents/451/Employee_Handbook_5.21.2026_OCR.pdf"", ""original"": ""https://cityofclarendontx.com/documents/451/Employee_Handbook_5.21.2026_OCR.pdf"", ""scout_target_id"": ""BRM5-20260731-07373""}"
BRMGRS-20260802-c0aa47ec3971c9aeb2867f8f,RMSRD-20260802-d64a1d1f6fdf054846f8,RMSRD-20260802-d64a1d1f6fdf054846f8,BRM5C-BRM5-20260731-02775-02,Medford,WI,Midwest,pdf,cba,cba_arbitration_factfinding_hint,high_priority_verification_ready,28,15,13,quantitative_direct_text_claim_ready,core_finding_candidate,qual_other_pay_setting_mechanism,central,true,true,true,true,false,false,false,true,true,core_finding_candidate,0.8779,Aggregated 28 schema-valid bounded span ratings; strongest claim bucket quantitative_direct_text_claim_ready and downstream use core_finding_candidate.,false,,BRMGRP-20260802-fa782064c1fee0988a9b1190,gabriel_rating_lane_002,"bounded documentary rating only; not ingested or codified; no pay normalization, wage-gap estimate, national prevalence, treatment effect, or final causal claim; global analysis readiness remains false",false,not_ingested,not_codified,not_normalized,not_matched,"{""candidate_id"": ""BRM5C-BRM5-20260731-02775-02"", ""final"": ""https://citymedfordwi.civicweb.net/document/178479/Ratification_%202026-2028%20Police%20Association%20Loca.pdf"", ""original"": ""https://citymedfordwi.civicweb.net/document/178479/Ratification_%202026-2028%20Police%20Association%20Loca.pdf?handle=B9673C1C75D746E5AA58F2E5D04B39C7"", ""scout_target_id"": ""BRM5-20260731-02775""}"
BRMGRS-20260802-78d2f69dd30ad008112ec369,RMSRD-20260802-6968531e274a148f7d4e,RMSRD-20260802-6968531e274a148f7d4e,BRM5C-BRM5-20260731-05046-02,Baxter,MN,Midwest,pdf,cba,cba_arbitration_factfinding_hint,medium_priority_verification_ready,27,12,15,quantitative_direct_text_claim_ready,core_finding_candidate,quant_stipend_or_premium,moderate,true,true,true,true,false,false,false,true,true,core_finding_candidate,0.8622,Aggregated 27 schema-valid bounded span ratings; strongest claim bucket quantitative_direct_text_claim_ready and downstream use core_finding_candidate.,false,,BRMGRP-20260802-c3fb3ae2f2bb09123f5e69e7,gabriel_rating_lane_002,"bounded documentary rating only; not ingested or codified; no pay normalization, wage-gap estimate, national prevalence, treatment effect, or final causal claim; global analysis readiness remains false",false,not_ingested,not_codified,not_normalized,not_matched,"{""candidate_id"": ""BRM5C-BRM5-20260731-05046-02"", ""final"": ""https://static1.squarespace.com/static/66b147b5fbc8bf54fa5072be/t/6723970b97e4e117adfca55c/1730385675756/ActiveContract%2B-%2BBaxter%2BSergeants%2B-%2B12-31-2025.pdf"", ""original"": ""https://static1.squarespace.com/static/66b147b5fbc8bf54fa5072be/t/6723970b97e4e117adfca55c/1730385675756/ActiveContract%2B-%2BBaxter%2BSergeants%2B-%2B12-31-2025.pdf"", ""scout_target_id"": ""BRM5-20260731-05046""}"
BRMGRS-20260802-af9814fac755cf8cd13f1bd0,RMSRD-20260802-8ffdb8c79d8734849574,RMSRD-20260802-8ffdb8c79d8734849574,BRM5C-BRM5-20260731-09954-02,Wooster,OH,Midwest,pdf,cba,cba_arbitration_factfinding_hint,high_priority_verification_ready,27,13,14,quantitative_direct_text_claim_ready,core_finding_candidate,quant_overtime_or_holiday_rate,strong,true,true,true,false,false,false,false,true,true,core_finding_candidate,0.8615,Aggregated 27 schema-valid bounded span ratings; strongest claim bucket quantitative_direct_text_claim_ready and downstream use core_finding_candidate.,false,,BRMGRP-20260802-1018b9b95dd72bfc9004e3b4,gabriel_rating_lane_002,"bounded documentary rating only; not ingested or codified; no pay normalization, wage-gap estimate, national prevalence, treatment effect, or final causal claim; global analysis readiness remains false",false,not_ingested,not_codified,not_normalized,not_matched,"{""candidate_id"": ""BRM5C-BRM5-20260731-09954-02"", ""final"": ""https://dam.assets.ohio.gov/image/upload/serb.ohio.gov/PDF/Contracts/2021/21-MED-11-1499.pdf"", ""original"": ""https://dam.assets.ohio.gov/image/upload/serb.ohio.gov/PDF/Contracts/2021/21-MED-11-1499.pdf"", ""scout_target_id"": ""BRM5-20260731-09954""}"
BRMGRS-20260802-24fe484ee6f8126834f4c65c,RMSRD-20260802-2aa810a441fb353f9a85,RMSRD-20260802-2aa810a441fb353f9a85,BRM5C-BRM5-20260731-06907-01,Conewago,PA,Northeast,pdf,cba,cba_arbitration_factfinding_hint,high_priority_verification_ready,27,11,16,mixed_quant_qual_claim_ready,core_finding_candidate,qual_other_pay_setting_mechanism,central,true,true,true,true,false,false,false,true,true,core_finding_candidate,0.8519,Aggregated 27 schema-valid bounded span ratings; strongest claim bucket mixed_quant_qual_claim_ready and downstream use core_finding_candidate.,false,,BRMGRP-20260802-1987250af664f6672aceb7c6,gabriel_rating_lane_002,"bounded documentary rating only; not ingested or codified; no pay normalization, wage-gap estimate, national prevalence, treatment effect, or final causal claim; global analysis readiness remains false",false,not_ingested,not_codified,not_normalized,not_matched,"{""candidate_id"": ""BRM5C-BRM5-20260731-06907-01"", ""final"": ""https://conewagotwp.us/wp-content/uploads/2024/08/PD-CBA-2022-2025-1.pdf"", ""original"": ""https://conewagotwp.us/wp-content/uploads/2024/08/PD-CBA-2022-2025-1.pdf"", ""scout_target_id"": ""BRM5-20260731-06907""}"
BRMGRS-20260802-ffcb03eadddf7646e339ee86,RMSRD-20260802-b068f8bdc7faddf4696d,RMSRD-20260802-b068f8bdc7faddf4696d,BRM5C-BRM5-20260731-05046-01,Baxter,MN,Midwest,pdf,wage_schedule,non_cba_or_unresolved_hint,medium_priority_verification_ready,27,11,16,quantitative_direct_text_claim_ready,core_finding_candidate,quant_stipend_or_premium,central,true,true,true,true,false,false,false,true,true,core_finding_candidate,0.8593,Aggregated 27 schema-valid bounded span ratings; strongest claim bucket quantitative_direct_text_claim_ready and downstream use core_finding_candidate.,false,,BRMGRP-20260802-b4d675a4eda9fd7938c8d536,gabriel_rating_lane_002,"bounded documentary rating only; not ingested or codified; no pay normalization, wage-gap estimate, national prevalence, treatment effect, or final causal claim; global analysis readiness remains false",false,not_ingested,not_codified,not_normalized,not_matched,"{""candidate_id"": ""BRM5C-BRM5-20260731-05046-01"", ""final"": ""https://static1.squarespace.com/static/66b147b5fbc8bf54fa5072be/t/672396fd63e74c54fa3a1fe2/1730385662138/ActiveContract%2B-%2BBaxter%2BPD%2BOfficers%2B12-31-2025.pdf"", ""original"": ""https://static1.squarespace.com/static/66b147b5fbc8bf54fa5072be/t/672396fd63e74c54fa3a1fe2/1730385662138/ActiveContract%2B-%2BBaxter%2BPD%2BOfficers%2B12-31-2025.pdf"", ""scout_target_id"": ""BRM5-20260731-05046""}"
BRMGRS-20260802-2f411e6f5059fcdd8208a088,RMSRD-20260802-44b8b9011755f7b396ab,RMSRD-20260802-44b8b9011755f7b396ab,BRM5C-BRM5-20260731-06188-01,Warren,OH,Midwest,pdf,cba,cba_arbitration_factfinding_hint,high_priority_verification_ready,26,11,15,mixed_quant_qual_claim_ready,core_finding_candidate,quant_stipend_or_premium,moderate,true,true,true,true,false,false,false,true,true,core_finding_candidate,0.8515,Aggregated 26 schema-valid bounded span ratings; strongest claim bucket mixed_quant_qual_claim_ready and downstream use core_finding_candidate.,false,,BRMGRP-20260802-f1eb01976d022bbecb4d9a52,gabriel_rating_lane_002,"bounded documentary rating only; not ingested or codified; no pay normalization, wage-gap estimate, national prevalence, treatment effect, or final causal claim; global analysis readiness remains false",false,not_ingested,not_codified,not_normalized,not_matched,"{""candidate_id"": ""BRM5C-BRM5-20260731-06188-01"", ""final"": ""https://dam.assets.ohio.gov/image/upload/serb.ohio.gov/PDF/Contracts/2019/19-MED-10-1056.pdf"", ""original"": ""https://dam.assets.ohio.gov/image/upload/serb.ohio.gov/PDF/Contracts/2019/19-MED-10-1056.pdf"", ""scout_target_id"": ""BRM5-20260731-06188""}"
BRMGRS-20260802-e63451aa89641ceee59114af,RMSRD-20260802-e8cbb6ee86ecb44ddd96,RMSRD-20260802-e8cbb6ee86ecb44ddd96,BRM5C-BRM5-20260731-09677-03,Bedford,OH,Midwest,pdf,cba,cba_arbitration_factfinding_hint,high_priority_verification_ready,26,13,13,quantitative_direct_text_claim_ready,core_finding_candidate,quant_salary_schedule_table,moderate,true,true,true,false,false,false,false,true,true,core_finding_candidate,0.8615,Aggregated 26 schema-valid bounded span ratings; strongest claim bucket quantitative_direct_text_claim_ready and downstream use core_finding_candidate.,false,,BRMGRP-20260802-46cd14b866adde517fec8500,gabriel_rating_lane_002,"bounded documentary rating only; not ingested or codified; no pay normalization, wage-gap estimate, national prevalence, treatment effect, or final causal claim; global analysis readiness remains false",false,not_ingested,not_codified,not_normalized,not_matched,"{""candidate_id"": ""BRM5C-BRM5-20260731-09677-03"", ""final"": ""https://dam.assets.ohio.gov/image/upload/serb.ohio.gov/PDF/Contracts/2020/20-MED-08-0794.pdf"", ""original"": ""https://dam.assets.ohio.gov/image/upload/serb.ohio.gov/PDF/Contracts/2020/20-MED-08-0794.pdf"", ""scout_target_id"": ""BRM5-20260731-09677""}"
BRMGRS-20260802-1f24a82b95062a9c6be47db5,RMSRD-20260802-9828cd1c51e897ef4f04,RMSRD-20260802-9828cd1c51e897ef4f04,BRM5C-BRM5-20260731-17324-02,Ohio,OH,Midwest,pdf,factfinding_report,cba_arbitration_factfinding_hint,high_priority_verification_ready,26,16,10,mixed_quant_qual_claim_ready,core_finding_candidate,quant_retroactive_pay_or_lump_sum,moderate,true,true,true,false,false,false,false,true,true,core_finding_candidate,0.8823,Aggregated 26 schema-valid bounded span ratings; strongest claim bucket mixed_quant_qual_claim_ready and downstream use core_finding_candidate.,false,,BRMGRP-20260802-c5161fbb7ffa71d73f8a7484,gabriel_rating_lane_002,"bounded documentary rating only; not ingested or codified; no pay normalization, wage-gap estimate, national prevalence, treatment effect, or final causal claim; global analysis readiness remains false",false,not_ingested,not_codified,not_normalized,not_matched,"{""candidate_id"": ""BRM5C-BRM5-20260731-17324-02"", ""final"": ""https://dam.assets.ohio.gov/image/upload/serb.ohio.gov/PDF/FF_Reports/2024/24-MED-10-1275.pdf"", ""original"": ""https://dam.assets.ohio.gov/image/upload/serb.ohio.gov/PDF/FF_Reports/2024/24-MED-10-1275.pdf"", ""scout_target_id"": ""BRM5-20260731-17324""}"
BRMGRS-20260802-78c219ce2050a9983d81a193,RMSRD-20260802-c11b5b5ad0c1f1261639,RMSRD-20260802-c11b5b5ad0c1f1261639,BRM5C-BRM5-20260731-01052-01,Bloomfield,MI,Midwest,pdf,wage_schedule,non_cba_or_unresolved_hint,high_priority_verification_ready,26,12,14,qualitative_mechanism_claim_ready,core_finding_candidate,quant_overtime_or_holiday_rate,central,false,true,false,false,false,false,false,true,true,core_finding_candidate,0.8508,Aggregated 26 schema-valid bounded span ratings; strongest claim bucket qualitative_mechanism_claim_ready and downstream use core_finding_candidate.,false,,BRMGRP-20260802-43f1fa0b54f489eb6d0b7a0f,gabriel_rating_lane_002,"bounded documentary rating only; not ingested or codified; no pay normalization, wage-gap estimate, national prevalence, treatment effect, or final causal claim; global analysis readiness remains false",false,not_ingested,not_codified,not_normalized,not_matched,"{""candidate_id"": ""BRM5C-BRM5-20260731-01052-01"", ""final"": ""https://bloomfieldtwp.org/media/seud03zj/general-employees-contract-2026-2028_signature-copy-20260427.pdf"", ""original"": ""https://www.bloomfieldtwp.org/media/seud03zj/general-employees-contract-2026-2028_signature-copy-20260427.pdf"", ""scout_target_id"": ""BRM5-20260731-01052""}"
BRMGRS-20260802-7b75046536a18e3052ca5424,RMSRD-20260802-a32fe1e11d582fecdfec,RMSRD-20260802-a32fe1e11d582fecdfec,BRM5C-BRM5-20260731-15626-01,Morgan,IN,Midwest,pdf,budget_or_pay_plan,non_cba_or_unresolved_hint,medium_priority_verification_ready,25,15,10,mixed_quant_qual_claim_ready,core_finding_candidate,qual_ordinance_or_council_adoption,moderate,true,true,true,false,false,false,false,true,false,core_finding_candidate,0.8880,Aggregated 25 schema-valid bounded span ratings; strongest claim bucket mixed_quant_qual_claim_ready and downstream use core_finding_candidate.,false,,BRMGRP-20260802-2320d57e2033dab6d493b3a9,gabriel_rating_lane_002,"bounded documentary rating only; not ingested or codified; no pay normalization, wage-gap estimate, national prevalence, treatment effect, or final causal claim; global analysis readiness remains false",false,not_ingested,not_codified,not_normalized,not_matched,"{""candidate_id"": ""BRM5C-BRM5-20260731-15626-01"", ""final"": ""https://portercountyin.gov/ArchiveCenter/ViewFile/Item/1844"", ""original"": ""https://www.portercountyin.gov/Archive.aspx?ADID=1844"", ""scout_target_id"": ""BRM5-20260731-15626""}"
BRMGRS-20260802-7eefee100a207a0463bd240d,RMSRD-20260802-9a733cc3cc4226b22696,RMSRD-20260802-9a733cc3cc4226b22696,BRM5C-BRM5-20260731-15136-01,Charleston,IL,Midwest,pdf,cba,cba_arbitration_factfinding_hint,high_priority_verification_ready,25,12,13,mixed_quant_qual_claim_ready,supporting_example_candidate,quant_other_compensation_value,moderate,true,true,true,true,false,false,false,true,true,supporting_example_candidate,0.8584,Aggregated 25 schema-valid bounded span ratings; strongest claim bucket mixed_quant_qual_claim_ready and downstream use supporting_example_candidate.,false,,BRMGRP-20260802-af94dc7ea442f5145a401fa5,gabriel_rating_lane_002,"bounded documentary rating only; not ingested or codified; no pay normalization, wage-gap estimate, national prevalence, treatment effect, or final causal claim; global analysis readiness remains false",false,not_ingested,not_codified,not_normalized,not_matched,"{""candidate_id"": ""BRM5C-BRM5-20260731-15136-01"", ""final"": ""https://public.destinyhosted.com/charldocs/2021/CC/20210216_260/2932_Charleston_2021-2025_%28CC_02-16-2021%29.pdf"", ""original"": ""https://public.destinyhosted.com/charldocs/2021/CC/20210216_260/2932_Charleston_2021-2025_%28CC_02-16-2021%29.pdf"", ""scout_target_id"": ""BRM5-20260731-15136""}"
BRMGRS-20260802-ef72e06df6f3d8d1220d52ad,RMSRD-20260802-8f66c375b648c8d0a665,RMSRD-20260802-8f66c375b648c8d0a665,BRM5C-BRM5-20260731-05053-01,Belle Plaine,MN,Midwest,pdf,cba,cba_arbitration_factfinding_hint,high_priority_verification_ready,25,15,10,quantitative_direct_text_claim_ready,core_finding_candidate,quant_salary_schedule_table,central,true,true,true,true,false,false,false,true,true,core_finding_candidate,0.8640,Aggregated 25 schema-valid bounded span ratings; strongest claim bucket quantitative_direct_text_claim_ready and downstream use core_finding_candidate.,false,,BRMGRP-20260802-f1040a6ab93b4f90ae2d6ca1,gabriel_rating_lane_002,"bounded documentary rating only; not ingested or codified; no pay normalization, wage-gap estimate, national prevalence, treatment effect, or final causal claim; global analysis readiness remains false",false,not_ingested,not_codified,not_normalized,not_matched,"{""candidate_id"": ""BRM5C-BRM5-20260731-05053-01"", ""final"": ""https://static1.squarespace.com/static/66b147b5fbc8bf54fa5072be/t/676ae6394e9a7e2c68a22004/1735059002659/ActiveContract+-+Belle+Plaine+PD+12-31-2027.pdf"", ""original"": ""https://www.lels.org/s/ActiveContract-Belle-Plaine-PD-12-31-2027.pdf"", ""scout_target_id"": ""BRM5-20260731-05053""}"
BRMGRS-20260802-8d9b1eb310b502a59fe36d96,RMSRD-20260802-228b738d826fb162e722,RMSRD-20260802-228b738d826fb162e722,BRM5C-BRM5-20260731-02286-01,Hocking,OH,Midwest,pdf,cba,cba_arbitration_factfinding_hint,high_priority_verification_ready,25,10,15,quantitative_direct_text_claim_ready,core_finding_candidate,quant_longevity_or_service_pay,central,true,true,true,false,true,false,false,true,true,core_finding_candidate,0.8600,Aggregated 25 schema-valid bounded span ratings; strongest claim bucket quantitative_direct_text_claim_ready and downstream use core_finding_candidate.,false,,BRMGRP-20260802-97f68508115466a7c46c7229,gabriel_rating_lane_002,"bounded documentary rating only; not ingested or codified; no pay normalization, wage-gap estimate, national prevalence, treatment effect, or final causal claim; global analysis readiness remains false",false,not_ingested,not_codified,not_normalized,not_matched,"{""candidate_id"": ""BRM5C-BRM5-20260731-02286-01"", ""final"": ""https://dam.assets.ohio.gov/image/upload/serb.ohio.gov/PDF/Contracts/2019/19-MED-09-0787.pdf"", ""original"": ""https://dam.assets.ohio.gov/image/upload/serb.ohio.gov/PDF/Contracts/2019/19-MED-09-0787.pdf"", ""scout_target_id"": ""BRM5-20260731-02286""}"
BRMGRS-20260802-86a5a1124b02c913708f11ac,RMSRD-20260802-b8b856129328a07bfd85,RMSRD-20260802-b8b856129328a07bfd85,BRM5C-BRM5-20260731-13407-02,Athens,OH,Midwest,pdf,cba,cba_arbitration_factfinding_hint,high_priority_verification_ready,25,10,15,quantitative_direct_text_claim_ready,mechanism_summary_candidate,quant_position_classification_pay_band,moderate,true,true,true,true,false,false,false,true,true,mechanism_summary_candidate,0.8520,Aggregated 25 schema-valid bounded span ratings; strongest claim bucket quantitative_direct_text_claim_ready and downstream use mechanism_summary_candidate.,false,,BRMGRP-20260802-4dbbb5098fd12cdd469087b7,gabriel_rating_lane_002,"bounded documentary rating only; not ingested or codified; no pay normalization, wage-gap estimate, national prevalence, treatment effect, or final causal claim; global analysis readiness remains false",false,not_ingested,not_codified,not_normalized,not_matched,"{""candidate_id"": ""BRM5C-BRM5-20260731-13407-02"", ""final"": ""https://dam.assets.ohio.gov/image/upload/serb.ohio.gov/PDF/Contracts/2023/23-MED-09-0867.pdf"", ""original"": ""https://dam.assets.ohio.gov/image/upload/serb.ohio.gov/PDF/Contracts/2023/23-MED-09-0867.pdf"", ""scout_target_id"": ""BRM5-20260731-13407""}"
BRMGRS-20260802-8fec7cc246c50a5ea0a58181,RMSRD-20260802-dacf5dda4b797a7d59fa,RMSRD-20260802-dacf5dda4b797a7d59fa,BRM5C-BRM5-20260731-13755-02,Huron,SD,Midwest,pdf,cba,cba_arbitration_factfinding_hint,medium_priority_verification_ready,25,8,17,quantitative_direct_text_claim_ready,supporting_example_candidate,quant_step_schedule_progression,moderate,true,true,true,false,false,false,false,true,true,supporting_example_candidate,0.8576,Aggregated 25 schema-valid bounded span ratings; strongest claim bucket quantitative_direct_text_claim_ready and downstream use supporting_example_candidate.,false,,BRMGRP-20260802-a30fb4a51eff432c1602e53a,gabriel_rating_lane_002,"bounded documentary rating only; not ingested or codified; no pay normalization, wage-gap estimate, national prevalence, treatment effect, or final causal claim; global analysis readiness remains false",false,not_ingested,not_codified,not_normalized,not_matched,"{""candidate_id"": ""BRM5C-BRM5-20260731-13755-02"", ""final"": ""https://huronsd.civicweb.net/document/258245"", ""original"": ""https://huronsd.civicweb.net/document/258245"", ""scout_target_id"": ""BRM5-20260731-13755""}"
BRMGRS-20260802-df20d1afa1a6dbc1cc7a2773,RMSRD-20260802-d79976c7765051ba1a12,RMSRD-20260802-d79976c7765051ba1a12,BRM5C-BRM5-20260731-10409-01,Broome,NY,Northeast,pdf,other_local_government_pay_policy,non_cba_or_unresolved_hint,high_priority_verification_ready,25,14,11,quantitative_direct_text_claim_ready,core_finding_candidate,quant_cpi_indexed_adjustment,central,true,true,true,false,false,false,false,true,false,core_finding_candidate,0.8688,Aggregated 25 schema-valid bounded span ratings; strongest claim bucket quantitative_direct_text_claim_ready and downstream use core_finding_candidate.,false,,BRMGRP-20260802-01cfdfcccd534b606f1a626a,gabriel_rating_lane_002,"bounded documentary rating only; not ingested or codified; no pay normalization, wage-gap estimate, national prevalence, treatment effect, or final causal claim; global analysis readiness remains false",false,not_ingested,not_codified,not_normalized,not_matched,"{""candidate_id"": ""BRM5C-BRM5-20260731-10409-01"", ""final"": ""https://broomecountyny.gov/sites/default/files/dept/legis/11072024-adopted%20resos.pdf"", ""original"": ""https://broomecountyny.gov/sites/default/files/dept/legis/11072024-adopted%20resos.pdf"", ""scout_target_id"": ""BRM5-20260731-10409""}"
BRMGRS-20260802-a9e7c04f066d3867637e8b45,RMSRD-20260802-752efa52e33e6f5338da,RMSRD-20260802-752efa52e33e6f5338da,BRM5C-BRM5-20260731-15528-01,Clear Lake,IN,Midwest,pdf,wage_schedule,non_cba_or_unresolved_hint,high_priority_verification_ready,25,10,15,quantitative_direct_text_claim_ready,core_finding_candidate,qual_ordinance_or_council_adoption,central,true,true,true,true,false,false,false,true,false,core_finding_candidate,0.8760,Aggregated 25 schema-valid bounded span ratings; strongest claim bucket quantitative_direct_text_claim_ready and downstream use core_finding_candidate.,false,,BRMGRP-20260802-55ff96606a2a3b370d793708,gabriel_rating_lane_002,"bounded documentary rating only; not ingested or codified; no pay normalization, wage-gap estimate, national prevalence, treatment effect, or final causal claim; global analysis readiness remains false",false,not_ingested,not_codified,not_normalized,not_matched,"{""candidate_id"": ""BRM5C-BRM5-20260731-15528-01"", ""final"": ""https://townofclearlake.org/wp-content/uploads/2025/05/05.20.2025.pdf"", ""original"": ""https://townofclearlake.org/wp-content/uploads/2025/05/05.20.2025.pdf"", ""scout_target_id"": ""BRM5-20260731-15528""}"
BRMGRS-20260802-c5c09c4486e96082593d955c,RMSRD-20260802-dac8b4f02a867733495e,RMSRD-20260802-dac8b4f02a867733495e,BRM5C-BRM5-20260731-08339-01,Halstead,KS,Midwest,pdf,budget_or_pay_plan,non_cba_or_unresolved_hint,high_priority_verification_ready,24,14,10,quantitative_direct_text_claim_ready,core_finding_candidate,quant_allowance_or_reimbursement,moderate,true,true,true,false,false,false,false,true,false,core_finding_candidate,0.8733,Aggregated 24 schema-valid bounded span ratings; strongest claim bucket quantitative_direct_text_claim_ready and downstream use core_finding_candidate.,false,,BRMGRP-20260802-811372a827af125894cf8cfc,gabriel_rating_lane_002,"bounded documentary rating only; not ingested or codified; no pay normalization, wage-gap estimate, national prevalence, treatment effect, or final causal claim; global analysis readiness remains false",false,not_ingested,not_codified,not_normalized,not_matched,"{""candidate_id"": ""BRM5C-BRM5-20260731-08339-01"", ""final"": ""https://core-docs.s3.us-east-1.amazonaws.com/documents/asset/uploaded_file/4874/COH/5139723/12.23.2024-_Packet.pdf"", ""original"": ""https://core-docs.s3.us-east-1.amazonaws.com/documents/asset/uploaded_file/4874/COH/5139723/12.23.2024-_Packet.pdf"", ""scout_target_id"": ""BRM5-20260731-08339""}"
BRMGRS-20260802-6348541d8cd738a1ef59c97e,RMSRD-20260802-8f9e92f6149272f5fa41,RMSRD-20260802-8f9e92f6149272f5fa41,BRM5C-BRM5-20260731-12267-04,Bay,MI,Midwest,pdf,cba,cba_arbitration_factfinding_hint,high_priority_verification_ready,24,11,13,quantitative_direct_text_claim_ready,supporting_example_candidate,quant_overtime_or_holiday_rate,moderate,false,true,false,false,false,false,false,true,false,supporting_example_candidate,0.8508,Aggregated 24 schema-valid bounded span ratings; strongest claim bucket quantitative_direct_text_claim_ready and downstream use supporting_example_candidate.,false,,BRMGRP-20260802-dcc0e4f547db5bd28a0d8cd8,gabriel_rating_lane_002,"bounded documentary rating only; not ingested or codified; no pay normalization, wage-gap estimate, national prevalence, treatment effect, or final causal claim; global analysis readiness remains false",false,not_ingested,not_codified,not_normalized,not_matched,"{""candidate_id"": ""BRM5C-BRM5-20260731-12267-04"", ""final"": ""https://baycitymi.gov/DocumentCenter/View/5914/International-Association-of-Firefighters-Local-116-2026---2029"", ""original"": ""https://www.baycitymi.gov/DocumentCenter/View/5914/International-Association-of-Firefighters-Local-116-2026---2029"", ""scout_target_id"": ""BRM5-20260731-12267""}"
BRMGRS-20260802-4d6cab88ef9afc6f40f8eb98,RMSRD-20260802-0fac5f9d61d7e439e56b,RMSRD-20260802-0fac5f9d61d7e439e56b,BRM5C-BRM5-20260731-02334-01,Milford,OH,Midwest,pdf,cba,cba_arbitration_factfinding_hint,high_priority_verification_ready,24,9,15,mixed_quant_qual_claim_ready,core_finding_candidate,qual_collective_bargaining,central,true,true,true,true,false,false,false,true,true,core_finding_candidate,0.8608,Aggregated 24 schema-valid bounded span ratings; strongest claim bucket mixed_quant_qual_claim_ready and downstream use core_finding_candidate.,false,,BRMGRP-20260802-e838c8bdbce948aaffd06d16,gabriel_rating_lane_002,"bounded documentary rating only; not ingested or codified; no pay normalization, wage-gap estimate, national prevalence, treatment effect, or final causal claim; global analysis readiness remains false",false,not_ingested,not_codified,not_normalized,not_matched,"{""candidate_id"": ""BRM5C-BRM5-20260731-02334-01"", ""final"": ""https://dam.assets.ohio.gov/image/upload/serb.ohio.gov/PDF/Contracts/2021/21-MED-04-0593.pdf"", ""original"": ""https://dam.assets.ohio.gov/image/upload/serb.ohio.gov/PDF/Contracts/2021/21-MED-04-0593.pdf"", ""scout_target_id"": ""BRM5-20260731-02334""}"
BRMGRS-20260802-5feb5a1c80793ddbf12b1d6d,RMSRD-20260802-7679be28daa43d85640e,RMSRD-20260802-7679be28daa43d85640e,BRM5C-BRM5-20260731-02206-04,Butler,OH,Midwest,pdf,cba,cba_arbitration_factfinding_hint,high_priority_verification_ready,24,12,12,quantitative_direct_text_claim_ready,core_finding_candidate,quant_position_classification_pay_band,moderate,true,true,true,false,false,false,false,true,true,core_finding_candidate,0.8583,Aggregated 24 schema-valid bounded span ratings; strongest claim bucket quantitative_direct_text_claim_ready and downstream use core_finding_candidate.,false,,BRMGRP-20260802-02354ad611def69c10572454,gabriel_rating_lane_002,"bounded documentary rating only; not ingested or codified; no pay normalization, wage-gap estimate, national prevalence, treatment effect, or final causal claim; global analysis readiness remains false",false,not_ingested,not_codified,not_normalized,not_matched,"{""candidate_id"": ""BRM5C-BRM5-20260731-02206-04"", ""final"": ""https://dam.assets.ohio.gov/image/upload/serb.ohio.gov/PDF/Contracts/2012/12-MED-10-1304.pdf"", ""original"": ""https://dam.assets.ohio.gov/image/upload/serb.ohio.gov/PDF/Contracts/2012/12-MED-10-1304.pdf"", ""scout_target_id"": ""BRM5-20260731-02206""}"
BRMGRS-20260802-1ef5ab54ae62c29ca30ed121,RMSRD-20260802-27f3de61a0982c0d5678,RMSRD-20260802-27f3de61a0982c0d5678,BRM5C-BRM5-20260731-06799-02,Pleasant Valley,NY,Northeast,pdf,factfinding_report,cba_arbitration_factfinding_hint,high_priority_verification_ready,24,10,14,quantitative_direct_text_claim_ready,core_finding_candidate,quant_percentage_raise_or_cola,moderate,true,true,true,false,false,false,false,true,true,core_finding_candidate,0.8642,Aggregated 24 schema-valid bounded span ratings; strongest claim bucket quantitative_direct_text_claim_ready and downstream use core_finding_candidate.,false,,BRMGRP-20260802-3bef90e53db6dc8496e485bf,gabriel_rating_lane_002,"bounded documentary rating only; not ingested or codified; no pay normalization, wage-gap estimate, national prevalence, treatment effect, or final causal claim; global analysis readiness remains false",false,not_ingested,not_codified,not_normalized,not_matched,"{""candidate_id"": ""BRM5C-BRM5-20260731-06799-02"", ""final"": ""https://perb.ny.gov/system/files/documents/2024/05/m2010-266.pdf"", ""original"": ""https://perb.ny.gov/system/files/documents/2024/05/m2010-266.pdf"", ""scout_target_id"": ""BRM5-20260731-06799""}"
BRMGRS-20260802-f126ea3466178560d51a3e56,RMSRD-20260802-4cb6c81c48cd2d710837,RMSRD-20260802-4cb6c81c48cd2d710837,BRM5C-BRM5-20260731-17210-03,Elyria,OH,Midwest,pdf,salary_ordinance,non_cba_or_unresolved_hint,high_priority_verification_ready,24,9,15,quantitative_direct_text_claim_ready,core_finding_candidate,quant_overtime_or_holiday_rate,moderate,true,true,true,true,false,false,false,true,true,core_finding_candidate,0.8650,Aggregated 24 schema-valid bounded span ratings; strongest claim bucket quantitative_direct_text_claim_ready and downstream use core_finding_candidate.,false,,BRMGRP-20260802-da6da391e96ada5fcc1ca460,gabriel_rating_lane_002,"bounded documentary rating only; not ingested or codified; no pay normalization, wage-gap estimate, national prevalence, treatment effect, or final causal claim; global analysis readiness remains false",false,not_ingested,not_codified,not_normalized,not_matched,"{""candidate_id"": ""BRM5C-BRM5-20260731-17210-03"", ""final"": ""https://dam.assets.ohio.gov/image/upload/serb.ohio.gov/PDF/Contracts/2019/19-MED-09-0921.pdf"", ""original"": ""https://dam.assets.ohio.gov/image/upload/serb.ohio.gov/PDF/Contracts/2019/19-MED-09-0921.pdf"", ""scout_target_id"": ""BRM5-20260731-17210""}"
BRMGRS-20260802-38d539cafa950cb360503bb5,RMSRD-20260802-140f03e590c2296ef4f5,RMSRD-20260802-140f03e590c2296ef4f5,BRM5C-BRM5-20260731-02402-03,Salem,OH,Midwest,pdf,wage_schedule,non_cba_or_unresolved_hint,high_priority_verification_ready,24,10,14,mixed_quant_qual_claim_ready,core_finding_candidate,quant_overtime_or_holiday_rate,moderate,true,true,true,false,false,false,false,true,true,core_finding_candidate,0.8642,Aggregated 24 schema-valid bounded span ratings; strongest claim bucket mixed_quant_qual_claim_ready and downstream use core_finding_candidate.,false,,BRMGRP-20260802-14e573480c01ebf4f46077cf,gabriel_rating_lane_002,"bounded documentary rating only; not ingested or codified; no pay normalization, wage-gap estimate, national prevalence, treatment effect, or final causal claim; global analysis readiness remains false",false,not_ingested,not_codified,not_normalized,not_matched,"{""candidate_id"": ""BRM5C-BRM5-20260731-02402-03"", ""final"": ""https://dam.assets.ohio.gov/image/upload/serb.ohio.gov/PDF/Contracts/2020/20-MED-03-0211.pdf"", ""original"": ""https://dam.assets.ohio.gov/image/upload/serb.ohio.gov/PDF/Contracts/2020/20-MED-03-0211.pdf"", ""scout_target_id"": ""BRM5-20260731-02402""}"
BRMGRS-20260802-be13ea0a64e13db21aba67dd,RMSRD-20260802-8e604ae7aa398309c25c,RMSRD-20260802-8e604ae7aa398309c25c,BRM5C-BRM5-20260731-17322-02,Northfield Center,OH,Midwest,pdf,agenda_packet_or_minutes,non_cba_or_unresolved_hint,medium_priority_verification_ready,23,12,11,quantitative_direct_text_claim_ready,supporting_example_candidate,quant_cpi_indexed_adjustment,weak,true,true,true,false,false,false,false,true,false,supporting_example_candidate,0.8713,Aggregated 23 schema-valid bounded span ratings; strongest claim bucket quantitative_direct_text_claim_ready and downstream use supporting_example_candidate.,false,,BRMGRP-20260802-0688b28cfc45eb9a4132158d,gabriel_rating_lane_002,"bounded documentary rating only; not ingested or codified; no pay normalization, wage-gap estimate, national prevalence, treatment effect, or final causal claim; global analysis readiness remains false",false,not_ingested,not_codified,not_normalized,not_matched,"{""candidate_id"": ""BRM5C-BRM5-20260731-17322-02"", ""final"": ""https://northfieldcenter.com/wp-content/uploads/2020/12/2020-12-28-Board-of-Trustees-Special-Meeting.pdf"", ""original"": ""https://www.northfieldcenter.com/wp-content/uploads/2020/12/2020-12-28-Board-of-Trustees-Special-Meeting.pdf"", ""scout_target_id"": ""BRM5-20260731-17322""}"
BRMGRS-20260802-b6c343190742ad5e24a83b41,RMSRD-20260802-9c6a8889b3275eff23e1,RMSRD-20260802-9c6a8889b3275eff23e1,BRM5C-BRM5-20260731-17911-01,Corning,NY,Northeast,pdf,arbitration_award,cba_arbitration_factfinding_hint,high_priority_verification_ready,23,10,13,quantitative_direct_text_claim_ready,core_finding_candidate,quant_percentage_raise_or_cola,moderate,true,true,true,false,false,false,false,true,true,core_finding_candidate,0.8817,Aggregated 23 schema-valid bounded span ratings; strongest claim bucket quantitative_direct_text_claim_ready and downstream use core_finding_candidate.,false,,BRMGRP-20260802-e6e0659c2ab4dbd597c010d8,gabriel_rating_lane_002,"bounded documentary rating only; not ingested or codified; no pay normalization, wage-gap estimate, national prevalence, treatment effect, or final causal claim; global analysis readiness remains false",false,not_ingested,not_codified,not_normalized,not_matched,"{""candidate_id"": ""BRM5C-BRM5-20260731-17911-01"", ""final"": ""https://perb.ny.gov/system/files/documents/2024/03/ia82-038-award-8-5-83.pdf"", ""original"": ""https://perb.ny.gov/system/files/documents/2024/03/ia82-038-award-8-5-83.pdf"", ""scout_target_id"": ""BRM5-20260731-17911""}"
BRMGRS-20260802-c020300303ef9b20602655f0,RMSRD-20260802-e2dbde9497480a18076f,RMSRD-20260802-e2dbde9497480a18076f,BRM5C-BRM5-20260731-10961-01,Upper Uwchlan,PA,Northeast,pdf,budget_or_pay_plan,non_cba_or_unresolved_hint,high_priority_verification_ready,23,17,6,quantitative_direct_text_claim_ready,supporting_example_candidate,quant_percentage_raise_or_cola,weak,true,false,false,false,false,false,false,true,false,supporting_example_candidate,0.9061,Aggregated 23 schema-valid bounded span ratings; strongest claim bucket quantitative_direct_text_claim_ready and downstream use supporting_example_candidate.,false,,BRMGRP-20260802-0c36a635fe084cd475fa6016,gabriel_rating_lane_002,"bounded documentary rating only; not ingested or codified; no pay normalization, wage-gap estimate, national prevalence, treatment effect, or final causal claim; global analysis readiness remains false",false,not_ingested,not_codified,not_normalized,not_matched,"{""candidate_id"": ""BRM5C-BRM5-20260731-10961-01"", ""final"": ""https://upperuwchlan-pa.gov/ArchiveCenter/ViewFile/Item/1764"", ""original"": ""https://www.upperuwchlan-pa.gov/ArchiveCenter/ViewFile/Item/1764"", ""scout_target_id"": ""BRM5-20260731-10961""}"
BRMGRS-20260802-f95307f8712e014bc2a1dc83,RMSRD-20260802-b21df213bc974ea071b3,RMSRD-20260802-b21df213bc974ea071b3,BRM5C-BRM5-20260731-08622-01,Hart,MI,Midwest,pdf,cba,cba_arbitration_factfinding_hint,high_priority_verification_ready,23,11,12,quantitative_direct_text_claim_ready,core_finding_candidate,qual_ordinance_or_council_adoption,moderate,true,true,true,false,false,false,false,true,true,core_finding_candidate,0.8678,Aggregated 23 schema-valid bounded span ratings; strongest claim bucket quantitative_direct_text_claim_ready and downstream use core_finding_candidate.,false,,BRMGRP-20260802-f85798c9ea46562ac4de5120,gabriel_rating_lane_002,"bounded documentary rating only; not ingested or codified; no pay normalization, wage-gap estimate, national prevalence, treatment effect, or final causal claim; global analysis readiness remains false",false,not_ingested,not_codified,not_normalized,not_matched,"{""candidate_id"": ""BRM5C-BRM5-20260731-08622-01"", ""final"": ""https://cityofhart.org/documents/packet_CC_06_09_26_SUEYV.pdf"", ""original"": ""https://cityofhart.org/documents/packet_CC_06_09_26_SUEYV.pdf"", ""scout_target_id"": ""BRM5-20260731-08622""}"
BRMGRS-20260802-12c43c8277346df0929fbcb5,RMSRD-20260802-76d4113fc2706513f96b,RMSRD-20260802-76d4113fc2706513f96b,BRM5C-BRM5-20260731-02208-02,Caledonia,OH,Midwest,pdf,cba,cba_arbitration_factfinding_hint,medium_priority_verification_ready,23,7,16,quantitative_direct_text_claim_ready,core_finding_candidate,qual_grievance_arbitration,central,true,true,true,false,false,false,false,true,true,core_finding_candidate,0.8626,Aggregated 23 schema-valid bounded span ratings; strongest claim bucket quantitative_direct_text_claim_ready and downstream use core_finding_candidate.,false,,BRMGRP-20260802-6955ed3918a88f0dfef3a774,gabriel_rating_lane_002,"bounded documentary rating only; not ingested or codified; no pay normalization, wage-gap estimate, national prevalence, treatment effect, or final causal claim; global analysis readiness remains false",false,not_ingested,not_codified,not_normalized,not_matched,"{""candidate_id"": ""BRM5C-BRM5-20260731-02208-02"", ""final"": ""https://dam.assets.ohio.gov/image/upload/serb.ohio.gov/PDF/Contracts/2016/16-MED-09-1067.pdf"", ""original"": ""https://dam.assets.ohio.gov/image/upload/serb.ohio.gov/PDF/Contracts/2016/16-MED-09-1067.pdf"", ""scout_target_id"": ""BRM5-20260731-02208""}"
BRMGRS-20260802-240efad8d956b78a91df73d0,RMSRD-20260802-09fda0ae1b716e8dcc7d,RMSRD-20260802-09fda0ae1b716e8dcc7d,BRM5C-BRM5-20260731-18058-01,Webb,NY,Northeast,pdf,wage_schedule,non_cba_or_unresolved_hint,high_priority_verification_ready,23,11,12,quantitative_direct_text_claim_ready,core_finding_candidate,quant_salary_schedule_table,weak,true,true,true,false,false,false,false,true,true,core_finding_candidate,0.8722,Aggregated 23 schema-valid bounded span ratings; strongest claim bucket quantitative_direct_text_claim_ready and downstream use core_finding_candidate.,false,,BRMGRP-20260802-e2e1862a8b8c45450e8c0b5a,gabriel_rating_lane_002,"bounded documentary rating only; not ingested or codified; no pay normalization, wage-gap estimate, national prevalence, treatment effect, or final causal claim; global analysis readiness remains false",false,not_ingested,not_codified,not_normalized,not_matched,"{""candidate_id"": ""BRM5C-BRM5-20260731-18058-01"", ""final"": ""https://seethroughny.net/contracts/TownofWebb_P_2023.pdf"", ""original"": ""https://www.seethroughny.net/contracts/TownofWebb_P_2023.pdf"", ""scout_target_id"": ""BRM5-20260731-18058""}"
BRMGRS-20260802-9102d78769036143f05bdbef,RMSRD-20260802-cbf2e5543dc62cfc636a,RMSRD-20260802-cbf2e5543dc62cfc636a,BRM5C-BRM5-20260731-10550-01,Shelter Island,NY,Northeast,pdf,arbitration_award,cba_arbitration_factfinding_hint,high_priority_verification_ready,22,9,13,quantitative_direct_text_claim_ready,core_finding_candidate,qual_other_pay_setting_mechanism,moderate,true,true,true,true,false,false,false,true,false,core_finding_candidate,0.8745,Aggregated 22 schema-valid bounded span ratings; strongest claim bucket quantitative_direct_text_claim_ready and downstream use core_finding_candidate.,false,,BRMGRP-20260802-6692ab948f81a513c4fb5b2d,gabriel_rating_lane_002,"bounded documentary rating only; not ingested or codified; no pay normalization, wage-gap estimate, national prevalence, treatment effect, or final causal claim; global analysis readiness remains false",false,not_ingested,not_codified,not_normalized,not_matched,"{""candidate_id"": ""BRM5C-BRM5-20260731-10550-01"", ""final"": ""https://perb.ny.gov/system/files/documents/2024/03/ia95-005-award-2-6-97.pdf"", ""original"": ""https://perb.ny.gov/town-shelter-island-and-shelter-island-police-benevolent-association-0"", ""scout_target_id"": ""BRM5-20260731-10550""}"
BRMGRS-20260802-ab169279593adfe98ca4fb44,RMSRD-20260802-7d2c896351ae7c2b5211,RMSRD-20260802-7d2c896351ae7c2b5211,BRM5C-BRM5-20260731-10482-01,Kinderhook,NY,Northeast,pdf,cba,cba_arbitration_factfinding_hint,high_priority_verification_ready,22,10,12,quantitative_direct_text_claim_ready,core_finding_candidate,quant_allowance_or_reimbursement,moderate,true,false,false,false,false,false,false,true,true,core_finding_candidate,0.8509,Aggregated 22 schema-valid bounded span ratings; strongest claim bucket quantitative_direct_text_claim_ready and downstream use core_finding_candidate.,false,,BRMGRP-20260802-da25e2afd4e8999f3b287a67,gabriel_rating_lane_002,"bounded documentary rating only; not ingested or codified; no pay normalization, wage-gap estimate, national prevalence, treatment effect, or final causal claim; global analysis readiness remains false",false,not_ingested,not_codified,not_normalized,not_matched,"{""candidate_id"": ""BRM5C-BRM5-20260731-10482-01"", ""final"": ""https://cf003.cdn.4science.cloud/4s-assetstore-prod--cornell--ecommons/11/28/70/112870935494163133025735980898933143862"", ""original"": ""https://ecommons.cornell.edu/server/api/core/bitstreams/b6a41ddb-6a09-4a6c-a834-c8492f58fd7b/content"", ""scout_target_id"": ""BRM5-20260731-10482""}"
BRMGRS-20260802-dd9e854a940649db3a7f67b7,RMSRD-20260802-f9eaf5779b927aabbb6b,RMSRD-20260802-f9eaf5779b927aabbb6b,BRM5C-BRM5-20260731-17216-03,Franklin,OH,Midwest,pdf,cba,cba_arbitration_factfinding_hint,high_priority_verification_ready,22,10,12,mixed_quant_qual_claim_ready,core_finding_candidate,qual_position_classification_or_civil_service_structure,moderate,true,true,true,false,false,false,false,true,true,core_finding_candidate,0.8691,Aggregated 22 schema-valid bounded span ratings; strongest claim bucket mixed_quant_qual_claim_ready and downstream use core_finding_candidate.,false,,BRMGRP-20260802-72c4b7d83b5ed8f4e70d8949,gabriel_rating_lane_002,"bounded documentary rating only; not ingested or codified; no pay normalization, wage-gap estimate, national prevalence, treatment effect, or final causal claim; global analysis readiness remains false",false,not_ingested,not_codified,not_normalized,not_matched,"{""candidate_id"": ""BRM5C-BRM5-20260731-17216-03"", ""final"": ""https://dam.assets.ohio.gov/image/upload/serb.ohio.gov/PDF/Contracts/2020/20-MED-10-1281.pdf"", ""original"": ""https://dam.assets.ohio.gov/image/upload/serb.ohio.gov/PDF/Contracts/2020/20-MED-10-1281.pdf"", ""scout_target_id"": ""BRM5-20260731-17216""}"
BRMGRS-20260802-cc3115a02da00f048e317abb,RMSRD-20260802-a4714ee5d8ce43f06c4c,RMSRD-20260802-a4714ee5d8ce43f06c4c,BRM5C-BRM5-20260731-00221-02,Farmer City,IL,Midwest,html,other_local_government_pay_policy,non_cba_or_unresolved_hint,medium_priority_verification_ready,22,10,12,quantitative_direct_text_claim_ready,core_finding_candidate,qual_ordinance_or_council_adoption,central,true,true,true,false,false,false,false,true,false,core_finding_candidate,0.8645,Aggregated 22 schema-valid bounded span ratings; strongest claim bucket quantitative_direct_text_claim_ready and downstream use core_finding_candidate.,false,,BRMGRP-20260802-525511ee2df18d6840ec8e58,gabriel_rating_lane_002,"bounded documentary rating only; not ingested or codified; no pay normalization, wage-gap estimate, national prevalence, treatment effect, or final causal claim; global analysis readiness remains false",false,not_ingested,not_codified,not_normalized,not_matched,"{""candidate_id"": ""BRM5C-BRM5-20260731-00221-02"", ""final"": ""https://cityoffarmercity.org/administration"", ""original"": ""https://cityoffarmercity.org/administration/"", ""scout_target_id"": ""BRM5-20260731-00221""}"
BRMGRS-20260802-90e6edf71300972ca6e73900,RMSRD-20260802-715738d2bb0d746d82c4,RMSRD-20260802-715738d2bb0d746d82c4,BRM5C-BRM5-20260731-14636-01,Sewickley,PA,Northeast,pdf,wage_schedule,non_cba_or_unresolved_hint,medium_priority_verification_ready,22,12,10,quantitative_direct_text_claim_ready,core_finding_candidate,quant_percentage_raise_or_cola,moderate,true,true,true,true,false,false,false,true,true,core_finding_candidate,0.8627,Aggregated 22 schema-valid bounded span ratings; strongest claim bucket quantitative_direct_text_claim_ready and downstream use core_finding_candidate.,false,,BRMGRP-20260802-7c301546bfaae97de8e2ce47,gabriel_rating_lane_002,"bounded documentary rating only; not ingested or codified; no pay normalization, wage-gap estimate, national prevalence, treatment effect, or final causal claim; global analysis readiness remains false",false,not_ingested,not_codified,not_normalized,not_matched,"{""candidate_id"": ""BRM5C-BRM5-20260731-14636-01"", ""final"": ""https://sewickleyborough.org/Archive/ViewFile/Item/78"", ""original"": ""https://www.sewickleyborough.org/Archive/ViewFile/Item/78"", ""scout_target_id"": ""BRM5-20260731-14636""}"
BRMGRS-20260802-3530a7be27dddd34e7652f54,RMSRD-20260802-343a0d214cb26d662f41,RMSRD-20260802-343a0d214cb26d662f41,BRM5C-BRM5-20260731-02290-04,Jackson,OH,Midwest,pdf,arbitration_award,cba_arbitration_factfinding_hint,high_priority_verification_ready,21,5,16,quantitative_direct_text_claim_ready,supporting_example_candidate,quant_overtime_or_holiday_rate,central,true,true,true,false,false,false,false,true,true,supporting_example_candidate,0.8600,Aggregated 21 schema-valid bounded span ratings; strongest claim bucket quantitative_direct_text_claim_ready and downstream use supporting_example_candidate.,false,,BRMGRP-20260802-4e2bf27bd24b3c10cff07320,gabriel_rating_lane_002,"bounded documentary rating only; not ingested or codified; no pay normalization, wage-gap estimate, national prevalence, treatment effect, or final causal claim; global analysis readiness remains false",false,not_ingested,not_codified,not_normalized,not_matched,"{""candidate_id"": ""BRM5C-BRM5-20260731-02290-04"", ""final"": ""https://dam.assets.ohio.gov/image/upload/serb.ohio.gov/PDF/FF_Reports/2019/19-MED-06-0573.pdf"", ""original"": ""https://dam.assets.ohio.gov/image/upload/serb.ohio.gov/PDF/FF_Reports/2019/19-MED-06-0573.pdf"", ""scout_target_id"": ""BRM5-20260731-02290""}"
BRMGRS-20260802-b94ed40f1c489698afd0ad0f,RMSRD-20260802-0838cc386f5237c78b58,RMSRD-20260802-0838cc386f5237c78b58,BRM5C-BRM5-20260731-11542-01,Louisville,IL,Midwest,html,budget_or_pay_plan,non_cba_or_unresolved_hint,high_priority_verification_ready,21,8,13,quantitative_direct_text_claim_ready,supporting_example_candidate,quant_retroactive_pay_or_lump_sum,weak,true,false,false,true,false,false,false,true,true,supporting_example_candidate,0.8619,Aggregated 21 schema-valid bounded span ratings; strongest claim bucket quantitative_direct_text_claim_ready and downstream use supporting_example_candidate.,false,,BRMGRP-20260802-fc6fa2c6d5abfb2f29e94597,gabriel_rating_lane_002,"bounded documentary rating only; not ingested or codified; no pay normalization, wage-gap estimate, national prevalence, treatment effect, or final causal claim; global analysis readiness remains false",false,not_ingested,not_codified,not_normalized,not_matched,"{""candidate_id"": ""BRM5C-BRM5-20260731-11542-01"", ""final"": ""https://louisvilleil.com/municipal-code"", ""original"": ""https://louisvilleil.com/municipal-code/"", ""scout_target_id"": ""BRM5-20260731-11542""}"
BRMGRS-20260802-a3c760ad26b4f0701df9f013,RMSRD-20260802-afb55b9cbeccfa549acf,RMSRD-20260802-afb55b9cbeccfa549acf,BRM5C-BRM5-20260731-14008-01,Minong,WI,Midwest,pdf,budget_or_pay_plan,non_cba_or_unresolved_hint,high_priority_verification_ready,21,14,7,quantitative_direct_text_claim_ready,core_finding_candidate,quant_percentage_raise_or_cola,central,true,true,true,true,false,true,false,true,true,core_finding_candidate,0.8895,Aggregated 21 schema-valid bounded span ratings; strongest claim bucket quantitative_direct_text_claim_ready and downstream use core_finding_candidate.,false,,BRMGRP-20260802-feb6671976f123e100418e17,gabriel_rating_lane_002,"bounded documentary rating only; not ingested or codified; no pay normalization, wage-gap estimate, national prevalence, treatment effect, or final causal claim; global analysis readiness remains false",false,not_ingested,not_codified,not_normalized,not_matched,"{""candidate_id"": ""BRM5C-BRM5-20260731-14008-01"", ""final"": ""https://villageofminong.org/wp-content/uploads/2019/01/JAN-DEC-2025-MINUTES-FINAL-FOR-WEB-POSTING-1.pdf"", ""original"": ""https://villageofminong.org/wp-content/uploads/2019/01/JAN-DEC-2025-MINUTES-FINAL-FOR-WEB-POSTING-1.pdf"", ""scout_target_id"": ""BRM5-20260731-14008""}"
BRMGRS-20260802-ab07980563f5a92c8ae1636a,RMSRD-20260802-c27369fedd6757acf1ed,RMSRD-20260802-c27369fedd6757acf1ed,BRM5C-BRM5-20260731-05125-03,Duluth,MN,Midwest,pdf,cba,cba_arbitration_factfinding_hint,high_priority_verification_ready,21,11,10,mixed_quant_qual_claim_ready,core_finding_candidate,quant_percentage_raise_or_cola,moderate,true,true,true,false,false,false,false,true,false,core_finding_candidate,0.8733,Aggregated 21 schema-valid bounded span ratings; strongest claim bucket mixed_quant_qual_claim_ready and downstream use core_finding_candidate.,false,,BRMGRP-20260802-a0a4b738f99f5bfa85658bab,gabriel_rating_lane_002,"bounded documentary rating only; not ingested or codified; no pay normalization, wage-gap estimate, national prevalence, treatment effect, or final causal claim; global analysis readiness remains false",false,not_ingested,not_codified,not_normalized,not_matched,"{""candidate_id"": ""BRM5C-BRM5-20260731-05125-03"", ""final"": ""https://duluthmn.gov/media/ivafcawu/2025-2027-basic.pdf"", ""original"": ""https://duluthmn.gov/media/ivafcawu/2025-2027-basic.pdf"", ""scout_target_id"": ""BRM5-20260731-05125""}"
BRMGRS-20260802-19d47993a7513b74934cf64f,RMSRD-20260802-2d1648bf3570bbac6ed4,RMSRD-20260802-2d1648bf3570bbac6ed4,BRM5C-BRM5-20260731-13407-03,Athens,OH,Midwest,pdf,cba,cba_arbitration_factfinding_hint,high_priority_verification_ready,21,12,9,quantitative_direct_text_claim_ready,core_finding_candidate,quant_position_classification_pay_band,central,true,true,true,false,false,false,false,false,true,core_finding_candidate,0.8867,Aggregated 21 schema-valid bounded span ratings; strongest claim bucket quantitative_direct_text_claim_ready and downstream use core_finding_candidate.,false,,BRMGRP-20260802-2e4fbe0e833dc8fd9aa79fbd,gabriel_rating_lane_002,"bounded documentary rating only; not ingested or codified; no pay normalization, wage-gap estimate, national prevalence, treatment effect, or final causal claim; global analysis readiness remains false",false,not_ingested,not_codified,not_normalized,not_matched,"{""candidate_id"": ""BRM5C-BRM5-20260731-13407-03"", ""final"": ""https://dam.assets.ohio.gov/image/upload/serb.ohio.gov/PDF/Contracts/2024/24-MED-05-0648.pdf"", ""original"": ""https://dam.assets.ohio.gov/image/upload/serb.ohio.gov/PDF/Contracts/2024/24-MED-05-0648.pdf"", ""scout_target_id"": ""BRM5-20260731-13407""}"
BRMGRS-20260802-7a49c46d69e33db0795f55d7,RMSRD-20260802-c3b1e11d7396495402c6,RMSRD-20260802-c3b1e11d7396495402c6,BRM5C-BRM5-20260731-06196-05,Washington,OH,Midwest,pdf,cba,cba_arbitration_factfinding_hint,high_priority_verification_ready,21,10,11,mixed_quant_qual_claim_ready,core_finding_candidate,quant_longevity_or_service_pay,central,true,true,true,true,false,false,false,true,true,core_finding_candidate,0.8790,Aggregated 21 schema-valid bounded span ratings; strongest claim bucket mixed_quant_qual_claim_ready and downstream use core_finding_candidate.,false,,BRMGRP-20260802-4b62bf9c9fb43f6c1699d32b,gabriel_rating_lane_002,"bounded documentary rating only; not ingested or codified; no pay normalization, wage-gap estimate, national prevalence, treatment effect, or final causal claim; global analysis readiness remains false",false,not_ingested,not_codified,not_normalized,not_matched,"{""candidate_id"": ""BRM5C-BRM5-20260731-06196-05"", ""final"": ""https://dam.assets.ohio.gov/image/upload/serb.ohio.gov/PDF/Contracts/2022/22-MED-03-0292.pdf"", ""original"": ""https://dam.assets.ohio.gov/image/upload/serb.ohio.gov/PDF/Contracts/2022/22-MED-03-0292.pdf"", ""scout_target_id"": ""BRM5-20260731-06196""}"
BRMGRS-20260802-9cbb3d6a233bf5eeb6242528,RMSRD-20260802-0c325fba833d138e2c71,RMSRD-20260802-0c325fba833d138e2c71,BRM5C-BRM5-20260731-14177-03,Elmira,NY,Northeast,pdf,civil_service_or_hr_pay_plan,non_cba_or_unresolved_hint,high_priority_verification_ready,21,3,18,qualitative_mechanism_claim_ready,mechanism_summary_candidate,qual_mou_or_settlement,moderate,false,true,false,false,false,false,false,true,true,mechanism_summary_candidate,0.8571,Aggregated 21 schema-valid bounded span ratings; strongest claim bucket qualitative_mechanism_claim_ready and downstream use mechanism_summary_candidate.,false,,BRMGRP-20260802-a2442d9b8688f9611f8f68bf,gabriel_rating_lane_002,"bounded documentary rating only; not ingested or codified; no pay normalization, wage-gap estimate, national prevalence, treatment effect, or final causal claim; global analysis readiness remains false",false,not_ingested,not_codified,not_normalized,not_matched,"{""candidate_id"": ""BRM5C-BRM5-20260731-14177-03"", ""final"": ""https://d3n9y02raazwpg.cloudfront.net/cityofelmira/b206158e-8df0-11ed-9024-0050569183fa-ac35a5f0-ac44-4d79-9290-2e26ac1d98b1-1701379648.pdf"", ""original"": ""https://d3n9y02raazwpg.cloudfront.net/cityofelmira/b206158e-8df0-11ed-9024-0050569183fa-ac35a5f0-ac44-4d79-9290-2e26ac1d98b1-1701379648.pdf"", ""scout_target_id"": ""BRM5-20260731-14177""}"
BRMGRS-20260802-4e31997c1f43bc8f70c57338,RMSRD-20260802-ad23caf30e0a8ff5a865,RMSRD-20260802-ad23caf30e0a8ff5a865,BRM5C-BRM5-20260731-06176-01,Union,OH,Midwest,pdf,mou_or_memorandum,non_cba_or_unresolved_hint,high_priority_verification_ready,21,8,13,quantitative_direct_text_claim_ready,core_finding_candidate,quant_percentage_raise_or_cola,moderate,true,true,true,false,false,false,false,true,true,core_finding_candidate,0.8667,Aggregated 21 schema-valid bounded span ratings; strongest claim bucket quantitative_direct_text_claim_ready and downstream use core_finding_candidate.,false,,BRMGRP-20260802-629c13962376e870a457b7d0,gabriel_rating_lane_002,"bounded documentary rating only; not ingested or codified; no pay normalization, wage-gap estimate, national prevalence, treatment effect, or final causal claim; global analysis readiness remains false",false,not_ingested,not_codified,not_normalized,not_matched,"{""candidate_id"": ""BRM5C-BRM5-20260731-06176-01"", ""final"": ""https://dam.assets.ohio.gov/image/upload/serb.ohio.gov/PDF/Contracts/2014/14-MED-10-1401.pdf"", ""original"": ""https://dam.assets.ohio.gov/image/upload/serb.ohio.gov/PDF/Contracts/2014/14-MED-10-1401.pdf"", ""scout_target_id"": ""BRM5-20260731-06176""}"
BRMGRS-20260802-ec76ea083bdd1658b5ccfa1c,RMSRD-20260802-3932d33eecf3a9d6f10b,RMSRD-20260802-3932d33eecf3a9d6f10b,BRM5C-BRM5-20260731-07816-02,Montgomery,IL,Midwest,pdf,wage_schedule,non_cba_or_unresolved_hint,high_priority_verification_ready,21,14,7,mixed_quant_qual_claim_ready,core_finding_candidate,quant_other_compensation_value,moderate,true,true,true,false,false,false,false,false,false,core_finding_candidate,0.8705,Aggregated 21 schema-valid bounded span ratings; strongest claim bucket mixed_quant_qual_claim_ready and downstream use core_finding_candidate.,false,,BRMGRP-20260802-943a67534381df30aedbeb19,gabriel_rating_lane_002,"bounded documentary rating only; not ingested or codified; no pay normalization, wage-gap estimate, national prevalence, treatment effect, or final causal claim; global analysis readiness remains false",false,not_ingested,not_codified,not_normalized,not_matched,"{""candidate_id"": ""BRM5C-BRM5-20260731-07816-02"", ""final"": ""https://montgomeryil.org/AgendaCenter/ViewFile/Agenda/_03232026-810"", ""original"": ""https://www.montgomeryil.org/AgendaCenter/ViewFile/Agenda/_03232026-810"", ""scout_target_id"": ""BRM5-20260731-07816""}"
BRMGRS-20260802-456afe9806bfd84033babb1d,RMSRD-20260802-a761a685b319292bdeac,RMSRD-20260802-a761a685b319292bdeac,BRM5C-BRM5-20260731-05964-03,Chester,OH,Midwest,pdf,wage_schedule,non_cba_or_unresolved_hint,medium_priority_verification_ready,21,7,14,quantitative_direct_text_claim_ready,core_finding_candidate,quant_overtime_or_holiday_rate,moderate,true,true,true,false,false,false,false,true,true,core_finding_candidate,0.8676,Aggregated 21 schema-valid bounded span ratings; strongest claim bucket quantitative_direct_text_claim_ready and downstream use core_finding_candidate.,false,,BRMGRP-20260802-9658902b0198bf4523e66d5f,gabriel_rating_lane_002,"bounded documentary rating only; not ingested or codified; no pay normalization, wage-gap estimate, national prevalence, treatment effect, or final causal claim; global analysis readiness remains false",false,not_ingested,not_codified,not_normalized,not_matched,"{""candidate_id"": ""BRM5C-BRM5-20260731-05964-03"", ""final"": ""https://dam.assets.ohio.gov/image/upload/serb.ohio.gov/PDF/Contracts/2021/21-MED-11-1509.pdf"", ""original"": ""https://dam.assets.ohio.gov/image/upload/serb.ohio.gov/PDF/Contracts/2021/21-MED-11-1509.pdf"", ""scout_target_id"": ""BRM5-20260731-05964""}"
BRMGRS-20260802-5b67a098e220639121f8625d,RMSRD-20260802-aad71784f8bf593a93fb,RMSRD-20260802-aad71784f8bf593a93fb,BRM5C-BRM5-20260731-06448-01,Franklin,WI,Midwest,pdf,wage_schedule,cba_arbitration_factfinding_hint,high_priority_verification_ready,21,8,13,quantitative_direct_text_claim_ready,supporting_example_candidate,qual_other_pay_setting_mechanism,moderate,true,true,true,true,false,false,false,false,true,supporting_example_candidate,0.8619,Aggregated 21 schema-valid bounded span ratings; strongest claim bucket quantitative_direct_text_claim_ready and downstream use supporting_example_candidate.,false,,BRMGRP-20260802-9749a4409d1bc55729c0e78b,gabriel_rating_lane_002,"bounded documentary rating only; not ingested or codified; no pay normalization, wage-gap estimate, national prevalence, treatment effect, or final causal claim; global analysis readiness remains false",false,not_ingested,not_codified,not_normalized,not_matched,"{""candidate_id"": ""BRM5C-BRM5-20260731-06448-01"", ""final"": ""https://werc.wi.gov/interest_awards/mia_pre-99_vol_1_of_1/mia19790.pdf"", ""original"": ""https://werc.wi.gov/interest_awards/mia_pre-99_vol_1_of_1/mia19790.pdf"", ""scout_target_id"": ""BRM5-20260731-06448""}"
BRMGRS-20260802-b36c44782f6a52ebec0d3391,RMSRD-20260802-3589cb62649444364994,RMSRD-20260802-3589cb62649444364994,BRM5C-BRM5-20260731-11457-02,Geneva,IL,Midwest,pdf,budget_or_pay_plan,non_cba_or_unresolved_hint,medium_priority_verification_ready,20,4,16,mixed_quant_qual_claim_ready,core_finding_candidate,qual_other_pay_setting_mechanism,central,true,true,true,true,false,false,false,false,true,core_finding_candidate,0.8560,Aggregated 20 schema-valid bounded span ratings; strongest claim bucket mixed_quant_qual_claim_ready and downstream use core_finding_candidate.,false,,BRMGRP-20260802-30ee2cf62684bdaa2078a204,gabriel_rating_lane_002,"bounded documentary rating only; not ingested or codified; no pay normalization, wage-gap estimate, national prevalence, treatment effect, or final causal claim; global analysis readiness remains false",false,not_ingested,not_codified,not_normalized,not_matched,"{""candidate_id"": ""BRM5C-BRM5-20260731-11457-02"", ""final"": ""https://geneva.il.us/ArchiveCenter/ViewFile/Item/2564"", ""original"": ""https://www.geneva.il.us/ArchiveCenter/ViewFile/Item/2564"", ""scout_target_id"": ""BRM5-20260731-11457""}"
BRMGRS-20260802-8375a68ac741ccfaa469aa36,RMSRD-20260802-8150c953a2dca447a8e8,RMSRD-20260802-8150c953a2dca447a8e8,BRM5C-BRM5-20260731-03013-02,Little Falls,NY,Northeast,pdf,cba,cba_arbitration_factfinding_hint,high_priority_verification_ready,20,7,13,directional_hint_only,local_context_candidate,quant_overtime_or_holiday_rate,weak,false,true,false,false,false,false,false,true,true,local_context_candidate,0.8530,Aggregated 20 schema-valid bounded span ratings; strongest claim bucket directional_hint_only and downstream use local_context_candidate.,false,,BRMGRP-20260802-472ae84a4b9050b627332955,gabriel_rating_lane_002,"bounded documentary rating only; not ingested or codified; no pay normalization, wage-gap estimate, national prevalence, treatment effect, or final causal claim; global analysis readiness remains false",false,not_ingested,not_codified,not_normalized,not_matched,"{""candidate_id"": ""BRM5C-BRM5-20260731-03013-02"", ""final"": ""https://cf003.cdn.4science.cloud/4s-assetstore-prod--cornell--ecommons/12/06/25/120625468761073100797522996258179273878"", ""original"": ""https://ecommons.cornell.edu/bitstreams/c1506b22-fec8-4a58-aada-ecabb31511ca/download"", ""scout_target_id"": ""BRM5-20260731-03013""}"
BRMGRS-20260802-a8a6625ec52742a98dc5bd92,RMSRD-20260802-70d51b669a9bf81c5061,RMSRD-20260802-70d51b669a9bf81c5061,BRM5C-BRM5-20260731-02419-02,Springfield,OH,Midwest,pdf,cba,cba_arbitration_factfinding_hint,high_priority_verification_ready,20,11,9,quantitative_direct_text_claim_ready,core_finding_candidate,qual_strike_no_strike_or_labor_dispute_process,central,true,true,true,true,false,false,false,false,true,core_finding_candidate,0.8790,Aggregated 20 schema-valid bounded span ratings; strongest claim bucket quantitative_direct_text_claim_ready and downstream use core_finding_candidate.,false,,BRMGRP-20260802-6470e505312c858e72faa4b1,gabriel_rating_lane_002,"bounded documentary rating only; not ingested or codified; no pay normalization, wage-gap estimate, national prevalence, treatment effect, or final causal claim; global analysis readiness remains false",false,not_ingested,not_codified,not_normalized,not_matched,"{""candidate_id"": ""BRM5C-BRM5-20260731-02419-02"", ""final"": ""https://dam.assets.ohio.gov/image/upload/serb.ohio.gov/PDF/Contracts/2017/17-MED-08-0862.pdf"", ""original"": ""https://dam.assets.ohio.gov/image/upload/serb.ohio.gov/PDF/Contracts/2017/17-MED-08-0862.pdf"", ""scout_target_id"": ""BRM5-20260731-02419""}"
BRMGRS-20260802-1c6fae18df16708aafc3b4a4,RMSRD-20260802-b07a3d472c93bed56fc0,RMSRD-20260802-b07a3d472c93bed56fc0,BRM5C-BRM5-20260731-02244-02,Dublin,OH,Midwest,pdf,cba,cba_arbitration_factfinding_hint,high_priority_verification_ready,20,10,10,mixed_quant_qual_claim_ready,core_finding_candidate,qual_other_pay_setting_mechanism,central,true,true,true,true,false,false,false,true,false,core_finding_candidate,0.8850,Aggregated 20 schema-valid bounded span ratings; strongest claim bucket mixed_quant_qual_claim_ready and downstream use core_finding_candidate.,false,,BRMGRP-20260802-2fbabe2a9b6e091ea18a1b50,gabriel_rating_lane_002,"bounded documentary rating only; not ingested or codified; no pay normalization, wage-gap estimate, national prevalence, treatment effect, or final causal claim; global analysis readiness remains false",false,not_ingested,not_codified,not_normalized,not_matched,"{""candidate_id"": ""BRM5C-BRM5-20260731-02244-02"", ""final"": ""https://dam.assets.ohio.gov/image/upload/serb.ohio.gov/PDF/Contracts/2016/16-MED-10-1178.pdf"", ""original"": ""https://dam.assets.ohio.gov/image/upload/serb.ohio.gov/PDF/Contracts/2016/16-MED-10-1178.pdf"", ""scout_target_id"": ""BRM5-20260731-02244""}"
BRMGRS-20260802-cf2606973246e187c230bb9e,RMSRD-20260802-536bc2f048122982049e,RMSRD-20260802-536bc2f048122982049e,BRM5C-BRM5-20260731-09074-01,Plainview,MN,Midwest,pdf,mou_or_memorandum,non_cba_or_unresolved_hint,high_priority_verification_ready,20,7,13,quantitative_direct_text_claim_ready,core_finding_candidate,qual_retroactivity_or_implementation_timing,moderate,true,true,true,true,false,false,false,true,true,core_finding_candidate,0.8830,Aggregated 20 schema-valid bounded span ratings; strongest claim bucket quantitative_direct_text_claim_ready and downstream use core_finding_candidate.,false,,BRMGRP-20260802-842598042db11657a114bd05,gabriel_rating_lane_002,"bounded documentary rating only; not ingested or codified; no pay normalization, wage-gap estimate, national prevalence, treatment effect, or final causal claim; global analysis readiness remains false",false,not_ingested,not_codified,not_normalized,not_matched,"{""candidate_id"": ""BRM5C-BRM5-20260731-09074-01"", ""final"": ""https://core-docs.s3.amazonaws.com/documents/asset/uploaded_file/4194/Plainview/3435741/02242020-SCCM.pdf"", ""original"": ""https://core-docs.s3.amazonaws.com/documents/asset/uploaded_file/4194/Plainview/3435741/02242020-SCCM.pdf"", ""scout_target_id"": ""BRM5-20260731-09074""}"
BRMGRS-20260802-56ac3cb4c44b6e0f2d10047b,RMSRD-20260802-b77b97bbeca02261cca9,RMSRD-20260802-b77b97bbeca02261cca9,BRM5C-BRM5-20260731-08515-01,Allegan,MI,Midwest,pdf,other_local_government_pay_policy,non_cba_or_unresolved_hint,high_priority_verification_ready,20,11,9,quantitative_direct_text_claim_ready,supporting_example_candidate,quant_overtime_or_holiday_rate,weak,true,true,true,false,false,false,false,true,false,supporting_example_candidate,0.8790,Aggregated 20 schema-valid bounded span ratings; strongest claim bucket quantitative_direct_text_claim_ready and downstream use supporting_example_candidate.,false,,BRMGRP-20260802-a7ecaefbe2cfe37d6fea8fed,gabriel_rating_lane_002,"bounded documentary rating only; not ingested or codified; no pay normalization, wage-gap estimate, national prevalence, treatment effect, or final causal claim; global analysis readiness remains false",false,not_ingested,not_codified,not_normalized,not_matched,"{""candidate_id"": ""BRM5C-BRM5-20260731-08515-01"", ""final"": ""https://cms7files.revize.com/alleganmi/document_center/Governments/Municipal%20Policy/municipalpolicy.pdf"", ""original"": ""https://cms7files.revize.com/alleganmi/document_center/Governments/Municipal%20Policy/municipalpolicy.pdf"", ""scout_target_id"": ""BRM5-20260731-08515""}"
BRMGRS-20260802-6b77a98a8f930c2f26f3a620,RMSRD-20260802-ee0a51877cdf2b70c269,RMSRD-20260802-ee0a51877cdf2b70c269,BRM5C-BRM5-20260731-16102-01,Ingham,MI,Midwest,pdf,wage_schedule,non_cba_or_unresolved_hint,high_priority_verification_ready,20,15,5,mixed_quant_qual_claim_ready,core_finding_candidate,qual_market_recruitment_retention_pressure,central,true,true,true,false,false,false,false,false,false,core_finding_candidate,0.8800,Aggregated 20 schema-valid bounded span ratings; strongest claim bucket mixed_quant_qual_claim_ready and downstream use core_finding_candidate.,false,,BRMGRP-20260802-8bae9a01dadf75ce57ec7d90,gabriel_rating_lane_002,"bounded documentary rating only; not ingested or codified; no pay normalization, wage-gap estimate, national prevalence, treatment effect, or final causal claim; global analysis readiness remains false",false,not_ingested,not_codified,not_normalized,not_matched,"{""candidate_id"": ""BRM5C-BRM5-20260731-16102-01"", ""final"": ""https://cclp.us/wp-content/uploads/ICSO-LE-CBA-FINAL-12-27-24-12-31-27.pdf"", ""original"": ""https://cclp.us/wp-content/uploads/ICSO-LE-CBA-FINAL-12-27-24-12-31-27.pdf"", ""scout_target_id"": ""BRM5-20260731-16102""}"
BRMGRS-20260802-d5ee58839d567e3f84a47272,RMSRD-20260802-679d3f1a12b8d2002753,RMSRD-20260802-679d3f1a12b8d2002753,BRM5C-BRM5-20260731-13660-01,Union,OH,Midwest,pdf,wage_schedule,non_cba_or_unresolved_hint,high_priority_verification_ready,20,6,14,quantitative_direct_text_claim_ready,core_finding_candidate,qual_collective_bargaining,central,true,true,true,false,false,false,false,true,true,core_finding_candidate,0.8640,Aggregated 20 schema-valid bounded span ratings; strongest claim bucket quantitative_direct_text_claim_ready and downstream use core_finding_candidate.,false,,BRMGRP-20260802-3cffee6ff413bc01282a9bf2,gabriel_rating_lane_002,"bounded documentary rating only; not ingested or codified; no pay normalization, wage-gap estimate, national prevalence, treatment effect, or final causal claim; global analysis readiness remains false",false,not_ingested,not_codified,not_normalized,not_matched,"{""candidate_id"": ""BRM5C-BRM5-20260731-13660-01"", ""final"": ""https://dam.assets.ohio.gov/image/upload/serb.ohio.gov/PDF/Contracts/2020/20-MED-10-1190.pdf"", ""original"": ""https://dam.assets.ohio.gov/image/upload/serb.ohio.gov/PDF/Contracts/2020/20-MED-10-1190.pdf"", ""scout_target_id"": ""BRM5-20260731-13660""}"
BRMGRS-20260802-685909a5f53eae32d6e9daff,RMSRD-20260802-3089cc5710629ecd3468,RMSRD-20260802-3089cc5710629ecd3468,BRM5C-BRM5-20260731-03400-01,Rye,PA,Northeast,pdf,agenda_packet_or_minutes,non_cba_or_unresolved_hint,medium_priority_verification_ready,19,14,5,quantitative_direct_text_claim_ready,core_finding_candidate,quant_salary_schedule_table,moderate,true,true,true,false,false,false,false,true,false,core_finding_candidate,0.8874,Aggregated 19 schema-valid bounded span ratings; strongest claim bucket quantitative_direct_text_claim_ready and downstream use core_finding_candidate.,false,,BRMGRP-20260802-3a9516e03c33cb43b6921782,gabriel_rating_lane_002,"bounded documentary rating only; not ingested or codified; no pay normalization, wage-gap estimate, national prevalence, treatment effect, or final causal claim; global analysis readiness remains false",false,not_ingested,not_codified,not_normalized,not_matched,"{""candidate_id"": ""BRM5C-BRM5-20260731-03400-01"", ""final"": ""https://ryetwp.com/wp-content/uploads/2022/07/2020-Meeting-Minutes.pdf"", ""original"": ""https://ryetwp.com/wp-content/uploads/2022/07/2020-Meeting-Minutes.pdf"", ""scout_target_id"": ""BRM5-20260731-03400""}"
BRMGRS-20260802-139c8d44db8d6130035c9563,RMSRD-20260802-a3dbbe76c422b4791c70,RMSRD-20260802-a3dbbe76c422b4791c70,BRM5C-BRM5-20260731-03977-01,Ford Heights,IL,Midwest,pdf,arbitration_award,cba_arbitration_factfinding_hint,high_priority_verification_ready,19,15,4,quantitative_direct_text_claim_ready,core_finding_candidate,quant_retroactive_pay_or_lump_sum,central,true,true,true,true,false,false,false,false,false,core_finding_candidate,0.9021,Aggregated 19 schema-valid bounded span ratings; strongest claim bucket quantitative_direct_text_claim_ready and downstream use core_finding_candidate.,false,,BRMGRP-20260802-daae09fb879d1df80763d145,gabriel_rating_lane_002,"bounded documentary rating only; not ingested or codified; no pay normalization, wage-gap estimate, national prevalence, treatment effect, or final causal claim; global analysis readiness remains false",false,not_ingested,not_codified,not_normalized,not_matched,"{""candidate_id"": ""BRM5C-BRM5-20260731-03977-01"", ""final"": ""https://ilrb.illinois.gov/content/dam/soi/en/web/ilrb/decisions/decisionorders/documents/S-CA-09-055-C%20RDO.pdf"", ""original"": ""https://ilrb.illinois.gov/content/dam/soi/en/web/ilrb/decisions/decisionorders/documents/S-CA-09-055-C%20RDO.pdf"", ""scout_target_id"": ""BRM5-20260731-03977""}"
BRMGRS-20260802-4dcc661948b9a47811024176,RMSRD-20260802-b9f5cab85ed38417aa73,RMSRD-20260802-b9f5cab85ed38417aa73,BRM5C-BRM5-20260731-06652-03,Amsterdam,NY,Northeast,pdf,arbitration_award,cba_arbitration_factfinding_hint,medium_priority_verification_ready,19,7,12,quantitative_direct_text_claim_ready,core_finding_candidate,qual_budget_or_fiscal_constraint,moderate,true,true,true,false,false,false,false,true,true,core_finding_candidate,0.8684,Aggregated 19 schema-valid bounded span ratings; strongest claim bucket quantitative_direct_text_claim_ready and downstream use core_finding_candidate.,false,,BRMGRP-20260802-264e0421654dc841e4809ad2,gabriel_rating_lane_002,"bounded documentary rating only; not ingested or codified; no pay normalization, wage-gap estimate, national prevalence, treatment effect, or final causal claim; global analysis readiness remains false",false,not_ingested,not_codified,not_normalized,not_matched,"{""candidate_id"": ""BRM5C-BRM5-20260731-06652-03"", ""final"": ""https://perb.ny.gov/system/files/documents/2024/03/ia78-001-award-5-17-79.pdf"", ""original"": ""https://perb.ny.gov/local-294-international-brotherhood-teamsters-chauffeurs-warehousemen-and-helpers-america"", ""scout_target_id"": ""BRM5-20260731-06652""}"
BRMGRS-20260802-9f46d44f85c618800de7c0f6,RMSRD-20260802-937a4952f13ea5bb793b,RMSRD-20260802-937a4952f13ea5bb793b,BRM5C-BRM5-20260731-13937-01,Franklin,WI,Midwest,pdf,arbitration_award,cba_arbitration_factfinding_hint,high_priority_verification_ready,19,6,13,mixed_quant_qual_claim_ready,core_finding_candidate,quant_longevity_or_service_pay,moderate,true,true,true,false,false,false,false,true,true,core_finding_candidate,0.8695,Aggregated 19 schema-valid bounded span ratings; strongest claim bucket mixed_quant_qual_claim_ready and downstream use core_finding_candidate.,false,,BRMGRP-20260802-c0c4be018a681e9d4600af62,gabriel_rating_lane_002,"bounded documentary rating only; not ingested or codified; no pay normalization, wage-gap estimate, national prevalence, treatment effect, or final causal claim; global analysis readiness remains false",false,not_ingested,not_codified,not_normalized,not_matched,"{""candidate_id"": ""BRM5C-BRM5-20260731-13937-01"", ""final"": ""https://werc.wi.gov/interest_awards/mia32579.pdf"", ""original"": ""https://werc.wi.gov/interest_awards/mia32579.pdf"", ""scout_target_id"": ""BRM5-20260731-13937""}"
BRMGRS-20260802-c18ab24bb344185eb374e40a,RMSRD-20260802-0ea5a30c329bc54b0774,RMSRD-20260802-0ea5a30c329bc54b0774,BRM5C-BRM5-20260731-13541-03,Lebanon,OH,Midwest,pdf,cba,cba_arbitration_factfinding_hint,high_priority_verification_ready,19,10,9,quantitative_direct_text_claim_ready,core_finding_candidate,qual_position_classification_or_civil_service_structure,central,true,true,true,false,false,false,false,true,true,core_finding_candidate,0.8863,Aggregated 19 schema-valid bounded span ratings; strongest claim bucket quantitative_direct_text_claim_ready and downstream use core_finding_candidate.,false,,BRMGRP-20260802-22de72f8c337a0dccb618080,gabriel_rating_lane_002,"bounded documentary rating only; not ingested or codified; no pay normalization, wage-gap estimate, national prevalence, treatment effect, or final causal claim; global analysis readiness remains false",false,not_ingested,not_codified,not_normalized,not_matched,"{""candidate_id"": ""BRM5C-BRM5-20260731-13541-03"", ""final"": ""https://cms8.revize.com/revize/lebanonoh/City%20Council%20Meeting%20Packets/2024/Council%20Packet%20-%20Jan%209.pdf"", ""original"": ""https://cms8.revize.com/revize/lebanonoh/City%20Council%20Meeting%20Packets/2024/Council%20Packet%20-%20Jan%209.pdf"", ""scout_target_id"": ""BRM5-20260731-13541""}"
BRMGRS-20260802-875b1f271c10e82cd47e7cfa,RMSRD-20260802-a81903547c3f65f42376,RMSRD-20260802-a81903547c3f65f42376,BRM5C-BRM5-20260731-02267-04,Green,OH,Midwest,pdf,cba,cba_arbitration_factfinding_hint,high_priority_verification_ready,19,9,10,quantitative_direct_text_claim_ready,core_finding_candidate,quant_position_classification_pay_band,weak,true,true,true,false,false,false,false,false,true,core_finding_candidate,0.8716,Aggregated 19 schema-valid bounded span ratings; strongest claim bucket quantitative_direct_text_claim_ready and downstream use core_finding_candidate.,false,,BRMGRP-20260802-319f11e8898d6b5213b9e012,gabriel_rating_lane_002,"bounded documentary rating only; not ingested or codified; no pay normalization, wage-gap estimate, national prevalence, treatment effect, or final causal claim; global analysis readiness remains false",false,not_ingested,not_codified,not_normalized,not_matched,"{""candidate_id"": ""BRM5C-BRM5-20260731-02267-04"", ""final"": ""https://dam.assets.ohio.gov/image/upload/serb.ohio.gov/PDF/Contracts/2016/16-MED-01-0038.pdf"", ""original"": ""https://dam.assets.ohio.gov/image/upload/serb.ohio.gov/PDF/Contracts/2016/16-MED-01-0038.pdf"", ""scout_target_id"": ""BRM5-20260731-02267""}"
BRMGRS-20260802-768c0b4e0d6057fafa1e7cff,RMSRD-20260802-5e9dc1d6cc48b4647eaf,RMSRD-20260802-5e9dc1d6cc48b4647eaf,BRM5C-BRM5-20260731-09677-01,Bedford,OH,Midwest,pdf,factfinding_report,cba_arbitration_factfinding_hint,high_priority_verification_ready,19,12,7,quantitative_direct_text_claim_ready,core_finding_candidate,qual_collective_bargaining,weak,true,true,true,true,false,false,false,true,true,core_finding_candidate,0.9053,Aggregated 19 schema-valid bounded span ratings; strongest claim bucket quantitative_direct_text_claim_ready and downstream use core_finding_candidate.,false,,BRMGRP-20260802-92ad6c161159949c637fb30b,gabriel_rating_lane_002,"bounded documentary rating only; not ingested or codified; no pay normalization, wage-gap estimate, national prevalence, treatment effect, or final causal claim; global analysis readiness remains false",false,not_ingested,not_codified,not_normalized,not_matched,"{""candidate_id"": ""BRM5C-BRM5-20260731-09677-01"", ""final"": ""https://dam.assets.ohio.gov/image/upload/serb.ohio.gov/PDF/FF_Reports/2013/13-MED-08-0943.pdf"", ""original"": ""https://dam.assets.ohio.gov/image/upload/serb.ohio.gov/PDF/FF_Reports/2013/13-MED-08-0943.pdf"", ""scout_target_id"": ""BRM5-20260731-09677""}"
BRMGRS-20260802-97e10be082b79453ec067b52,RMSRD-20260802-41c6a751fd2f72df7854,RMSRD-20260802-41c6a751fd2f72df7854,BRM5C-BRM5-20260731-09933-02,Warren,OH,Midwest,pdf,mou_or_memorandum,non_cba_or_unresolved_hint,medium_priority_verification_ready,19,7,12,quantitative_direct_text_claim_ready,core_finding_candidate,quant_other_compensation_value,moderate,true,true,true,false,false,false,false,true,true,core_finding_candidate,0.8684,Aggregated 19 schema-valid bounded span ratings; strongest claim bucket quantitative_direct_text_claim_ready and downstream use core_finding_candidate.,false,,BRMGRP-20260802-62f036f837b4b1a25a6222f5,gabriel_rating_lane_002,"bounded documentary rating only; not ingested or codified; no pay normalization, wage-gap estimate, national prevalence, treatment effect, or final causal claim; global analysis readiness remains false",false,not_ingested,not_codified,not_normalized,not_matched,"{""candidate_id"": ""BRM5C-BRM5-20260731-09933-02"", ""final"": ""https://dam.assets.ohio.gov/image/upload/serb.ohio.gov/PDF/Contracts/2016/16-MED-09-0969.pdf"", ""original"": ""https://dam.assets.ohio.gov/image/upload/serb.ohio.gov/PDF/Contracts/2016/16-MED-09-0969.pdf"", ""scout_target_id"": ""BRM5-20260731-09933""}"
BRMGRS-20260802-91675ace91c40522b785d902,RMSRD-20260802-9c4f568a17c5843830f1,RMSRD-20260802-9c4f568a17c5843830f1,BRM5C-BRM5-20260731-04238-01,Urbana,IL,Midwest,pdf,wage_schedule,non_cba_or_unresolved_hint,medium_priority_verification_ready,19,4,15,quantitative_direct_text_claim_ready,core_finding_candidate,qual_position_classification_or_civil_service_structure,weak,true,true,true,true,false,false,false,false,true,core_finding_candidate,0.8768,Aggregated 19 schema-valid bounded span ratings; strongest claim bucket quantitative_direct_text_claim_ready and downstream use core_finding_candidate.,false,,BRMGRP-20260802-ed9c7e82ce78448d4e1938fe,gabriel_rating_lane_002,"bounded documentary rating only; not ingested or codified; no pay normalization, wage-gap estimate, national prevalence, treatment effect, or final causal claim; global analysis readiness remains false",false,not_ingested,not_codified,not_normalized,not_matched,"{""candidate_id"": ""BRM5C-BRM5-20260731-04238-01"", ""final"": ""https://mccmeetings.blob.core.usgovcloudapi.net/urbanail-pubu/MEET-Packet-e18763c98638444ea81bc3e276ad0e26.pdf"", ""original"": ""https://mccmeetings.blob.core.usgovcloudapi.net/urbanail-pubu/MEET-Packet-e18763c98638444ea81bc3e276ad0e26.pdf"", ""scout_target_id"": ""BRM5-20260731-04238""}"
BRMGRS-20260802-c68e9ebdb9778573423f20c2,RMSRD-20260802-6c72e5c71faba30d79fe,RMSRD-20260802-6c72e5c71faba30d79fe,BRM5C-BRM5-20260731-06193-02,Washington,OH,Midwest,pdf,wage_schedule,non_cba_or_unresolved_hint,high_priority_verification_ready,19,8,11,quantitative_direct_text_claim_ready,core_finding_candidate,qual_other_pay_setting_mechanism,central,true,true,true,true,false,false,true,true,true,core_finding_candidate,0.8726,Aggregated 19 schema-valid bounded span ratings; strongest claim bucket quantitative_direct_text_claim_ready and downstream use core_finding_candidate.,false,,BRMGRP-20260802-fbc2f02c11fb708aaa6501c5,gabriel_rating_lane_002,"bounded documentary rating only; not ingested or codified; no pay normalization, wage-gap estimate, national prevalence, treatment effect, or final causal claim; global analysis readiness remains false",false,not_ingested,not_codified,not_normalized,not_matched,"{""candidate_id"": ""BRM5C-BRM5-20260731-06193-02"", ""final"": ""https://dam.assets.ohio.gov/image/upload/serb.ohio.gov/PDF/Contracts/2018/18-MED-12-1223.pdf"", ""original"": ""https://dam.assets.ohio.gov/image/upload/serb.ohio.gov/PDF/Contracts/2018/18-MED-12-1223.pdf"", ""scout_target_id"": ""BRM5-20260731-06193""}"
BRMGRS-20260802-d64be542c00d64a70acab29f,RMSRD-20260802-19b858b4fca675131e7d,RMSRD-20260802-19b858b4fca675131e7d,BRM5C-BRM5-20260731-04223-03,Taylorville,IL,Midwest,pdf,agenda_packet_or_minutes,non_cba_or_unresolved_hint,high_priority_verification_ready,18,10,8,quantitative_direct_text_claim_ready,core_finding_candidate,qual_ordinance_or_council_adoption,central,true,true,true,true,false,false,false,false,false,core_finding_candidate,0.8878,Aggregated 18 schema-valid bounded span ratings; strongest claim bucket quantitative_direct_text_claim_ready and downstream use core_finding_candidate.,false,,BRMGRP-20260802-d8d1385537bd99fd9853dce0,gabriel_rating_lane_002,"bounded documentary rating only; not ingested or codified; no pay normalization, wage-gap estimate, national prevalence, treatment effect, or final causal claim; global analysis readiness remains false",false,not_ingested,not_codified,not_normalized,not_matched,"{""candidate_id"": ""BRM5C-BRM5-20260731-04223-03"", ""final"": ""https://taylorville.net/wp-content/uploads/COUNCIL2020agen.pdf"", ""original"": ""https://taylorville.net/wp-content/uploads/COUNCIL2020agen.pdf"", ""scout_target_id"": ""BRM5-20260731-04223""}"
BRMGRS-20260802-c7faaeffc7062dbeb204f1c1,RMSRD-20260802-d742162988835968b97d,RMSRD-20260802-d742162988835968b97d,BRM5C-BRM5-20260731-06184-02,Wadsworth,OH,Midwest,pdf,arbitration_award,cba_arbitration_factfinding_hint,high_priority_verification_ready,18,15,3,mixed_quant_qual_claim_ready,core_finding_candidate,quant_step_schedule_progression,moderate,true,true,true,true,false,true,false,false,false,core_finding_candidate,0.9156,Aggregated 18 schema-valid bounded span ratings; strongest claim bucket mixed_quant_qual_claim_ready and downstream use core_finding_candidate.,false,,BRMGRP-20260802-3de5df25573e8ccd7420cba4,gabriel_rating_lane_002,"bounded documentary rating only; not ingested or codified; no pay normalization, wage-gap estimate, national prevalence, treatment effect, or final causal claim; global analysis readiness remains false",false,not_ingested,not_codified,not_normalized,not_matched,"{""candidate_id"": ""BRM5C-BRM5-20260731-06184-02"", ""final"": ""https://dam.assets.ohio.gov/image/upload/serb.ohio.gov/PDF/FF_Reports/2018/18-MED-09-0935.pdf"", ""original"": ""https://dam.assets.ohio.gov/image/upload/serb.ohio.gov/PDF/FF_Reports/2018/18-MED-09-0935.pdf"", ""scout_target_id"": ""BRM5-20260731-06184""}"
BRMGRS-20260802-e39fdac3483914d4c8fa748c,RMSRD-20260802-30b1d2fb433aa1a781b4,RMSRD-20260802-30b1d2fb433aa1a781b4,BRM5C-BRM5-20260731-18616-01,Jonestown,TX,South,pdf,budget_or_pay_plan,non_cba_or_unresolved_hint,high_priority_verification_ready,18,12,6,quantitative_direct_text_claim_ready,core_finding_candidate,quant_budget_or_pay_plan_amount,moderate,true,false,false,true,false,false,false,true,false,core_finding_candidate,0.8744,Aggregated 18 schema-valid bounded span ratings; strongest claim bucket quantitative_direct_text_claim_ready and downstream use core_finding_candidate.,false,,BRMGRP-20260802-7312fe710b5aeef241ec5e92,gabriel_rating_lane_002,"bounded documentary rating only; not ingested or codified; no pay normalization, wage-gap estimate, national prevalence, treatment effect, or final causal claim; global analysis readiness remains false",false,not_ingested,not_codified,not_normalized,not_matched,"{""candidate_id"": ""BRM5C-BRM5-20260731-18616-01"", ""final"": ""https://jonestown.org/uploads/fy2022-2023-adopted_budget.pdf"", ""original"": ""https://jonestown.org/uploads/fy2022-2023-adopted_budget.pdf"", ""scout_target_id"": ""BRM5-20260731-18616""}"
BRMGRS-20260802-b3fbbbe674c498ebc6aa406e,RMSRD-20260802-345faa6b093ae8868948,RMSRD-20260802-345faa6b093ae8868948,BRM5C-BRM5-20260731-18048-01,Tuscarora,NY,Northeast,pdf,cba,cba_arbitration_factfinding_hint,medium_priority_verification_ready,18,8,10,quantitative_direct_text_claim_ready,core_finding_candidate,quant_retroactive_pay_or_lump_sum,weak,true,true,true,false,false,false,false,true,true,core_finding_candidate,0.8622,Aggregated 18 schema-valid bounded span ratings; strongest claim bucket quantitative_direct_text_claim_ready and downstream use core_finding_candidate.,false,,BRMGRP-20260802-7bc11a17ddaf05bc1ebd766f,gabriel_rating_lane_002,"bounded documentary rating only; not ingested or codified; no pay normalization, wage-gap estimate, national prevalence, treatment effect, or final causal claim; global analysis readiness remains false",false,not_ingested,not_codified,not_normalized,not_matched,"{""candidate_id"": ""BRM5C-BRM5-20260731-18048-01"", ""final"": ""https://cf003.cdn.4science.cloud/4s-assetstore-prod--cornell--ecommons/11/90/61/119061361688446835892823603112271130576"", ""original"": ""https://ecommons.cornell.edu/bitstreams/9f2dee7d-6c43-4af2-a923-9ed98d3d091f/download"", ""scout_target_id"": ""BRM5-20260731-18048""}"
BRMGRS-20260802-5aca6852955ce3fd6ff9c998,RMSRD-20260802-0a22e627d6fc59d59538,RMSRD-20260802-0a22e627d6fc59d59538,BRM5C-BRM5-20260731-06196-04,Washington,OH,Midwest,pdf,cba,cba_arbitration_factfinding_hint,high_priority_verification_ready,18,6,12,quantitative_direct_text_claim_ready,core_finding_candidate,quant_other_compensation_value,moderate,true,true,true,true,false,false,false,false,true,core_finding_candidate,0.8811,Aggregated 18 schema-valid bounded span ratings; strongest claim bucket quantitative_direct_text_claim_ready and downstream use core_finding_candidate.,false,,BRMGRP-20260802-922eaa71fbaa177a7b040b91,gabriel_rating_lane_002,"bounded documentary rating only; not ingested or codified; no pay normalization, wage-gap estimate, national prevalence, treatment effect, or final causal claim; global analysis readiness remains false",false,not_ingested,not_codified,not_normalized,not_matched,"{""candidate_id"": ""BRM5C-BRM5-20260731-06196-04"", ""final"": ""https://dam.assets.ohio.gov/image/upload/serb.ohio.gov/PDF/Contracts/2021/21-MED-12-1581.pdf"", ""original"": ""https://dam.assets.ohio.gov/image/upload/serb.ohio.gov/PDF/Contracts/2021/21-MED-12-1581.pdf"", ""scout_target_id"": ""BRM5-20260731-06196""}"
BRMGRS-20260802-0dccac81cc5a25d7a7bf9fcc,RMSRD-20260802-03e2759c9734230e3f3c,RMSRD-20260802-03e2759c9734230e3f3c,BRM5C-BRM5-20260731-13479-03,Fairfield,OH,Midwest,pdf,factfinding_report,cba_arbitration_factfinding_hint,medium_priority_verification_ready,18,15,3,quantitative_direct_text_claim_ready,core_finding_candidate,qual_other_pay_setting_mechanism,central,true,true,true,true,false,false,true,false,false,core_finding_candidate,0.9211,Aggregated 18 schema-valid bounded span ratings; strongest claim bucket quantitative_direct_text_claim_ready and downstream use core_finding_candidate.,false,,BRMGRP-20260802-9643e167b79f417d187a5c8d,gabriel_rating_lane_002,"bounded documentary rating only; not ingested or codified; no pay normalization, wage-gap estimate, national prevalence, treatment effect, or final causal claim; global analysis readiness remains false",false,not_ingested,not_codified,not_normalized,not_matched,"{""candidate_id"": ""BRM5C-BRM5-20260731-13479-03"", ""final"": ""https://dam.assets.ohio.gov/image/upload/serb.ohio.gov/PDF/FF_Reports/2017/17-MED-12-1492.pdf"", ""original"": ""https://dam.assets.ohio.gov/image/upload/serb.ohio.gov/PDF/FF_Reports/2017/17-MED-12-1492.pdf"", ""scout_target_id"": ""BRM5-20260731-13479""}"
BRMGRS-20260802-e452a34c5cd78b34a087fa61,RMSRD-20260802-8c94ca7055d56ef376d7,RMSRD-20260802-8c94ca7055d56ef376d7,BRM5C-BRM5-20260731-06522-01,Mineral Point,WI,Midwest,pdf,mou_or_memorandum,non_cba_or_unresolved_hint,high_priority_verification_ready,18,11,7,quantitative_direct_text_claim_ready,core_finding_candidate,quant_longevity_or_service_pay,moderate,true,true,true,false,true,false,false,true,true,core_finding_candidate,0.8644,Aggregated 18 schema-valid bounded span ratings; strongest claim bucket quantitative_direct_text_claim_ready and downstream use core_finding_candidate.,false,,BRMGRP-20260802-697e788e68b4bcdb3ec3802c,gabriel_rating_lane_002,"bounded documentary rating only; not ingested or codified; no pay normalization, wage-gap estimate, national prevalence, treatment effect, or final causal claim; global analysis readiness remains false",false,not_ingested,not_codified,not_normalized,not_matched,"{""candidate_id"": ""BRM5C-BRM5-20260731-06522-01"", ""final"": ""https://cdn.townweb.com/cityofmineralpoint.com/wp-content/uploads/2022/12/12.05.22-Personnel-Committee-packet.pdf"", ""original"": ""https://cdn.townweb.com/cityofmineralpoint.com/wp-content/uploads/2022/12/12.05.22-Personnel-Committee-packet.pdf"", ""scout_target_id"": ""BRM5-20260731-06522""}"
BRMGRS-20260802-5130129f9cadf381dcbecf5e,RMSRD-20260802-02c34325dff986c012aa,RMSRD-20260802-02c34325dff986c012aa,BRM5C-BRM5-20260731-05998-02,Franklin,OH,Midwest,pdf,other_local_government_pay_policy,non_cba_or_unresolved_hint,high_priority_verification_ready,18,8,10,mixed_quant_qual_claim_ready,core_finding_candidate,qual_market_recruitment_retention_pressure,moderate,true,true,true,true,true,false,false,true,true,core_finding_candidate,0.8844,Aggregated 18 schema-valid bounded span ratings; strongest claim bucket mixed_quant_qual_claim_ready and downstream use core_finding_candidate.,false,,BRMGRP-20260802-20542c1494647a29f23dc076,gabriel_rating_lane_002,"bounded documentary rating only; not ingested or codified; no pay normalization, wage-gap estimate, national prevalence, treatment effect, or final causal claim; global analysis readiness remains false",false,not_ingested,not_codified,not_normalized,not_matched,"{""candidate_id"": ""BRM5C-BRM5-20260731-05998-02"", ""final"": ""https://cms2.revize.com/revize/franklinoh/Document%20Center/Department/Government/City%20Council/Legislation/Resolutions/2023/R-23-86%20Pay%20Rates%202024.pdf"", ""original"": ""https://cms2.revize.com/revize/franklinoh/Document%20Center/Department/Government/City%20Council/Legislation/Resolutions/2023/R-23-86%20Pay%20Rates%202024.pdf"", ""scout_target_id"": ""BRM5-20260731-05998""}"
BRMGRS-20260802-3f69ee135f346ae9ba3746c1,RMSRD-20260802-4d054e8e04503cf8dce4,RMSRD-20260802-4d054e8e04503cf8dce4,BRM5C-BRM5-20260731-12284-02,Bloomfield,MI,Midwest,pdf,wage_schedule,non_cba_or_unresolved_hint,high_priority_verification_ready,18,13,5,quantitative_direct_text_claim_ready,core_finding_candidate,quant_step_schedule_progression,moderate,false,true,true,true,false,false,false,false,true,core_finding_candidate,0.8844,Aggregated 18 schema-valid bounded span ratings; strongest claim bucket quantitative_direct_text_claim_ready and downstream use core_finding_candidate.,false,,BRMGRP-20260802-9f570f2ddd6019015161187a,gabriel_rating_lane_002,"bounded documentary rating only; not ingested or codified; no pay normalization, wage-gap estimate, national prevalence, treatment effect, or final causal claim; global analysis readiness remains false",false,not_ingested,not_codified,not_normalized,not_matched,"{""candidate_id"": ""BRM5C-BRM5-20260731-12284-02"", ""final"": ""https://bloomfieldtwp.org/media/s15fxgoa/final-2025-2028-bt-iaff-local-3045-contract-102925-signed.pdf"", ""original"": ""https://www.bloomfieldtwp.org/media/s15fxgoa/final-2025-2028-bt-iaff-local-3045-contract-102925-signed.pdf"", ""scout_target_id"": ""BRM5-20260731-12284""}"
BRMGRS-20260802-9bda3fa703bc9791377ac9dd,RMSRD-20260802-c49b59a240f97b8b12f0,RMSRD-20260802-c49b59a240f97b8b12f0,BRM5C-BRM5-20260731-13438-03,Bucyrus,OH,Midwest,pdf,wage_schedule,non_cba_or_unresolved_hint,high_priority_verification_ready,18,12,6,quantitative_direct_text_claim_ready,core_finding_candidate,qual_strike_no_strike_or_labor_dispute_process,moderate,true,true,true,false,false,false,false,false,true,core_finding_candidate,0.8856,Aggregated 18 schema-valid bounded span ratings; strongest claim bucket quantitative_direct_text_claim_ready and downstream use core_finding_candidate.,false,,BRMGRP-20260802-467abe91cad17b56851d3996,gabriel_rating_lane_002,"bounded documentary rating only; not ingested or codified; no pay normalization, wage-gap estimate, national prevalence, treatment effect, or final causal claim; global analysis readiness remains false",false,not_ingested,not_codified,not_normalized,not_matched,"{""candidate_id"": ""BRM5C-BRM5-20260731-13438-03"", ""final"": ""https://dam.assets.ohio.gov/image/upload/serb.ohio.gov/PDF/Contracts/2022/22-MED-08-0723.pdf"", ""original"": ""https://dam.assets.ohio.gov/image/upload/serb.ohio.gov/PDF/Contracts/2022/22-MED-08-0723.pdf"", ""scout_target_id"": ""BRM5-20260731-13438""}"
BRMGRS-20260802-2e2837ddc7693bac7b658951,RMSRD-20260802-6dc356482062838c02b5,RMSRD-20260802-6dc356482062838c02b5,BRM5C-BRM5-20260731-11926-01,Spurgeon,IN,Midwest,pdf,budget_or_pay_plan,non_cba_or_unresolved_hint,high_priority_verification_ready,17,7,10,quantitative_direct_text_claim_ready,core_finding_candidate,quant_allowance_or_reimbursement,moderate,true,true,true,false,false,false,false,true,true,core_finding_candidate,0.8576,Aggregated 17 schema-valid bounded span ratings; strongest claim bucket quantitative_direct_text_claim_ready and downstream use core_finding_candidate.,false,,BRMGRP-20260802-8044f3978d181498a36e23e0,gabriel_rating_lane_002,"bounded documentary rating only; not ingested or codified; no pay normalization, wage-gap estimate, national prevalence, treatment effect, or final causal claim; global analysis readiness remains false",false,not_ingested,not_codified,not_normalized,not_matched,"{""candidate_id"": ""BRM5C-BRM5-20260731-11926-01"", ""final"": ""https://ind15rpc.org/wp-content/themes/region15/codes/spurgeon/Spurgeon-Title1.pdf"", ""original"": ""https://www.ind15rpc.org/wp-content/themes/region15/codes/spurgeon/Spurgeon-Title1.pdf"", ""scout_target_id"": ""BRM5-20260731-11926""}"
BRMGRS-20260802-129fa618fe02885cdda51358,RMSRD-20260802-d79bc693ca869e1cb1e5,RMSRD-20260802-d79bc693ca869e1cb1e5,BRM5C-BRM5-20260731-06756-01,Locke,NY,Northeast,pdf,civil_service_or_hr_pay_plan,non_cba_or_unresolved_hint,medium_priority_verification_ready,17,4,13,qualitative_mechanism_claim_ready,core_finding_candidate,quant_position_classification_pay_band,moderate,false,true,false,true,false,false,false,false,false,core_finding_candidate,0.8553,Aggregated 17 schema-valid bounded span ratings; strongest claim bucket qualitative_mechanism_claim_ready and downstream use core_finding_candidate.,false,,BRMGRP-20260802-587c71d2deb819f4d4e49c2a,gabriel_rating_lane_002,"bounded documentary rating only; not ingested or codified; no pay normalization, wage-gap estimate, national prevalence, treatment effect, or final causal claim; global analysis readiness remains false",false,not_ingested,not_codified,not_normalized,not_matched,"{""candidate_id"": ""BRM5C-BRM5-20260731-06756-01"", ""final"": ""https://cayugacounty.gov/DocumentCenter/View/15432/Cayuga-County-Civil-Service-Rules--Appendices-PDF"", ""original"": ""https://www.cayugacounty.us/DocumentCenter/View/15432/Cayuga-County-Civil-Service-Rules--Appendices-PDF"", ""scout_target_id"": ""BRM5-20260731-06756""}"
BRMGRS-20260802-be8b6f0149eaeb096aa08458,RMSRD-20260802-7c54af8e9bbf2c340562,RMSRD-20260802-7c54af8e9bbf2c340562,BRM5C-BRM5-20260731-18045-02,Ticonderoga,NY,Northeast,pdf,mou_or_memorandum,non_cba_or_unresolved_hint,high_priority_verification_ready,17,7,10,quantitative_direct_text_claim_ready,core_finding_candidate,qual_mou_or_settlement,weak,true,true,true,true,false,false,false,true,true,core_finding_candidate,0.8929,Aggregated 17 schema-valid bounded span ratings; strongest claim bucket quantitative_direct_text_claim_ready and downstream use core_finding_candidate.,false,,BRMGRP-20260802-ddeb6a4e6f6bb4405279fe26,gabriel_rating_lane_002,"bounded documentary rating only; not ingested or codified; no pay normalization, wage-gap estimate, national prevalence, treatment effect, or final causal claim; global analysis readiness remains false",false,not_ingested,not_codified,not_normalized,not_matched,"{""candidate_id"": ""BRM5C-BRM5-20260731-18045-02"", ""final"": ""https://townofticonderoga.gov/wp-content/uploads/RTB-Mtg-5-18-2026-PH-Moratorium-BESS-1.pdf"", ""original"": ""https://townofticonderoga.gov/wp-content/uploads/RTB-Mtg-5-18-2026-PH-Moratorium-BESS-1.pdf"", ""scout_target_id"": ""BRM5-20260731-18045""}"
BRMGRS-20260802-aa7f2bde1c8b817f705aa993,RMSRD-20260802-5405747eccad0c95d5c5,RMSRD-20260802-5405747eccad0c95d5c5,BRM5C-BRM5-20260731-01039-01,Arlington,MI,Midwest,pdf,personnel_policy,non_cba_or_unresolved_hint,high_priority_verification_ready,17,5,12,qualitative_mechanism_claim_ready,supporting_example_candidate,quant_allowance_or_reimbursement,moderate,false,true,false,false,false,false,false,true,false,supporting_example_candidate,0.8541,Aggregated 17 schema-valid bounded span ratings; strongest claim bucket qualitative_mechanism_claim_ready and downstream use supporting_example_candidate.,false,,BRMGRP-20260802-11a7175888bd2dd1372c5c88,gabriel_rating_lane_002,"bounded documentary rating only; not ingested or codified; no pay normalization, wage-gap estimate, national prevalence, treatment effect, or final causal claim; global analysis readiness remains false",false,not_ingested,not_codified,not_normalized,not_matched,"{""candidate_id"": ""BRM5C-BRM5-20260731-01039-01"", ""final"": ""https://arlingtontownship.com/wp-content/uploads/2021/09/Arlington_Township_Personnel_Policy_Handbook.pdf"", ""original"": ""https://www.arlingtontownship.com/wp-content/uploads/2021/09/Arlington_Township_Personnel_Policy_Handbook.pdf"", ""scout_target_id"": ""BRM5-20260731-01039""}"
BRMGRS-20260802-7e44e8654df0662d04dd8ff8,RMSRD-20260802-c762311db5770875ff57,RMSRD-20260802-c762311db5770875ff57,BRM5C-BRM5-20260731-17681-03,Greenfield,WI,Midwest,pdf,wage_schedule,non_cba_or_unresolved_hint,medium_priority_verification_ready,17,12,5,quantitative_direct_text_claim_ready,core_finding_candidate,quant_percentage_raise_or_cola,moderate,true,true,true,false,false,false,false,false,false,core_finding_candidate,0.8871,Aggregated 17 schema-valid bounded span ratings; strongest claim bucket quantitative_direct_text_claim_ready and downstream use core_finding_candidate.,false,,BRMGRP-20260802-9cc073d6bae23c0eae2e7853,gabriel_rating_lane_002,"bounded documentary rating only; not ingested or codified; no pay normalization, wage-gap estimate, national prevalence, treatment effect, or final causal claim; global analysis readiness remains false",false,not_ingested,not_codified,not_normalized,not_matched,"{""candidate_id"": ""BRM5C-BRM5-20260731-17681-03"", ""final"": ""https://werc.wi.gov/interest_awards/int30685.pdf"", ""original"": ""https://werc.wi.gov/interest_awards/int30685.pdf"", ""scout_target_id"": ""BRM5-20260731-17681""}"
BRMGRS-20260802-b9e543c91933b26b74a8f15d,RMSRD-20260802-a4418482f74a6ed3985b,RMSRD-20260802-a4418482f74a6ed3985b,BRM5C-BRM5-20260731-14966-01,Andrew,IA,Midwest,pdf,budget_or_pay_plan,non_cba_or_unresolved_hint,high_priority_verification_ready,16,7,9,quantitative_direct_text_claim_ready,core_finding_candidate,qual_ordinance_or_council_adoption,moderate,true,true,true,false,false,false,false,true,true,core_finding_candidate,0.8700,Aggregated 16 schema-valid bounded span ratings; strongest claim bucket quantitative_direct_text_claim_ready and downstream use core_finding_candidate.,false,,BRMGRP-20260802-3dbc8e1f761218d43d9001cc,gabriel_rating_lane_002,"bounded documentary rating only; not ingested or codified; no pay normalization, wage-gap estimate, national prevalence, treatment effect, or final causal claim; global analysis readiness remains false",false,not_ingested,not_codified,not_normalized,not_matched,"{""candidate_id"": ""BRM5C-BRM5-20260731-14966-01"", ""final"": ""https://andrewia.com/documents/526/CODE_OF_ORDINANCES.pdf"", ""original"": ""https://andrewia.com/documents/526/CODE_OF_ORDINANCES.pdf"", ""scout_target_id"": ""BRM5-20260731-14966""}"
BRMGRS-20260802-abf0da8429582530d3cc2dee,RMSRD-20260802-f4e50dda0a691f416861,RMSRD-20260802-f4e50dda0a691f416861,BRM5C-BRM5-20260731-18321-02,North Cornwall,PA,Northeast,pdf,cba,cba_arbitration_factfinding_hint,medium_priority_verification_ready,16,5,11,mixed_quant_qual_claim_ready,mechanism_summary_candidate,quant_allowance_or_reimbursement,moderate,true,true,true,true,false,false,false,true,true,mechanism_summary_candidate,0.8600,Aggregated 16 schema-valid bounded span ratings; strongest claim bucket mixed_quant_qual_claim_ready and downstream use mechanism_summary_candidate.,false,,BRMGRP-20260802-e6b83bb898e2c24b0928298e,gabriel_rating_lane_002,"bounded documentary rating only; not ingested or codified; no pay normalization, wage-gap estimate, national prevalence, treatment effect, or final causal claim; global analysis readiness remains false",false,not_ingested,not_codified,not_normalized,not_matched,"{""candidate_id"": ""BRM5C-BRM5-20260731-18321-02"", ""final"": ""https://nctown.org/wp-content/uploads/2022/10/North-Cornwall-Township-Fire-Study-Report.pdf"", ""original"": ""https://www.nctown.org/wp-content/uploads/2022/10/North-Cornwall-Township-Fire-Study-Report.pdf"", ""scout_target_id"": ""BRM5-20260731-18321""}"
BRMGRS-20260802-f64b87df381833a4c7a192e7,RMSRD-20260802-146df7b5c7c5fcc728cf,RMSRD-20260802-146df7b5c7c5fcc728cf,BRM5C-BRM5-20260731-11808-01,Gentryville,IN,Midwest,pdf,other_local_government_pay_policy,non_cba_or_unresolved_hint,medium_priority_verification_ready,16,8,8,quantitative_direct_text_claim_ready,core_finding_candidate,quant_other_compensation_value,moderate,true,true,true,false,false,false,false,true,false,core_finding_candidate,0.8625,Aggregated 16 schema-valid bounded span ratings; strongest claim bucket quantitative_direct_text_claim_ready and downstream use core_finding_candidate.,false,,BRMGRP-20260802-cb07a58405088c30a0e88a4b,gabriel_rating_lane_002,"bounded documentary rating only; not ingested or codified; no pay normalization, wage-gap estimate, national prevalence, treatment effect, or final causal claim; global analysis readiness remains false",false,not_ingested,not_codified,not_normalized,not_matched,"{""candidate_id"": ""BRM5C-BRM5-20260731-11808-01"", ""final"": ""https://ind15rpc.org/wp-content/themes/region15/codes/gentryville/Gentryville-Title1.pdf"", ""original"": ""https://www.ind15rpc.org/wp-content/themes/region15/codes/gentryville/Gentryville-Title1.pdf"", ""scout_target_id"": ""BRM5-20260731-11808""}"
BRMGRS-20260802-b446f17a4246650fa5ef14b4,RMSRD-20260802-ab5a3bb574cb47e1a34f,RMSRD-20260802-ab5a3bb574cb47e1a34f,BRM5C-BRM5-20260731-10394-02,Annsville,NY,Northeast,pdf,wage_schedule,non_cba_or_unresolved_hint,high_priority_verification_ready,16,10,6,quantitative_direct_text_claim_ready,core_finding_candidate,quant_cpi_indexed_adjustment,moderate,true,true,true,false,false,false,false,false,true,core_finding_candidate,0.8850,Aggregated 16 schema-valid bounded span ratings; strongest claim bucket quantitative_direct_text_claim_ready and downstream use core_finding_candidate.,false,,BRMGRP-20260802-fe95369eabc73c240413d09a,gabriel_rating_lane_002,"bounded documentary rating only; not ingested or codified; no pay normalization, wage-gap estimate, national prevalence, treatment effect, or final causal claim; global analysis readiness remains false",false,not_ingested,not_codified,not_normalized,not_matched,"{""candidate_id"": ""BRM5C-BRM5-20260731-10394-02"", ""final"": ""https://perb.ny.gov/system/files/documents/2024/05/m2011-269.pdf"", ""original"": ""https://perb.ny.gov/impasse-between-annsville-town-and-teamsters-local-182"", ""scout_target_id"": ""BRM5-20260731-10394""}"
BRMGRS-20260802-5338c5cd6439d08438b9bf41,RMSRD-20260802-4b71256af100bf021896,RMSRD-20260802-4b71256af100bf021896,BRM5C-BRM5-20260731-14438-01,Eldred,PA,Northeast,html,agenda_packet_or_minutes,non_cba_or_unresolved_hint,medium_priority_verification_ready,15,9,6,quantitative_direct_text_claim_ready,core_finding_candidate,quant_overtime_or_holiday_rate,moderate,true,true,true,false,false,false,false,true,false,core_finding_candidate,0.8747,Aggregated 15 schema-valid bounded span ratings; strongest claim bucket quantitative_direct_text_claim_ready and downstream use core_finding_candidate.,false,,BRMGRP-20260802-f0ca0f55d3607913fcdddd1f,gabriel_rating_lane_002,"bounded documentary rating only; not ingested or codified; no pay normalization, wage-gap estimate, national prevalence, treatment effect, or final causal claim; global analysis readiness remains false",false,not_ingested,not_codified,not_normalized,not_matched,"{""candidate_id"": ""BRM5C-BRM5-20260731-14438-01"", ""final"": ""https://eldredborough.jimdofree.com/minutes"", ""original"": ""https://eldredborough.jimdofree.com/minutes/"", ""scout_target_id"": ""BRM5-20260731-14438""}"
BRMGRS-20260802-b538813ddb9f55de9b49eacf,RMSRD-20260802-7082b46ec4f1d218e13b,RMSRD-20260802-7082b46ec4f1d218e13b,BRM5C-BRM5-20260731-04330-01,Franklin,IN,Midwest,pdf,budget_or_pay_plan,non_cba_or_unresolved_hint,high_priority_verification_ready,15,8,7,quantitative_direct_text_claim_ready,core_finding_candidate,quant_longevity_or_service_pay,weak,true,true,true,false,false,false,false,true,false,core_finding_candidate,0.8893,Aggregated 15 schema-valid bounded span ratings; strongest claim bucket quantitative_direct_text_claim_ready and downstream use core_finding_candidate.,false,,BRMGRP-20260802-08a7822ba6bf13527251813b,gabriel_rating_lane_002,"bounded documentary rating only; not ingested or codified; no pay normalization, wage-gap estimate, national prevalence, treatment effect, or final causal claim; global analysis readiness remains false",false,not_ingested,not_codified,not_normalized,not_matched,"{""candidate_id"": ""BRM5C-BRM5-20260731-04330-01"", ""final"": ""https://franklin.in.gov/egov/documents/1708436842_10086.pdf"", ""original"": ""https://www.franklin.in.gov/egov/documents/1708436842_10086.pdf"", ""scout_target_id"": ""BRM5-20260731-04330""}"
BRMGRS-20260802-6873372c11ecdb322aa6c275,RMSRD-20260802-729dc431c7ec60c55a7d,RMSRD-20260802-729dc431c7ec60c55a7d,BRM5C-BRM5-20260731-04785-02,Bay Mills,MI,Midwest,pdf,civil_service_or_hr_pay_plan,non_cba_or_unresolved_hint,high_priority_verification_ready,15,5,10,qualitative_mechanism_claim_ready,core_finding_candidate,quant_overtime_or_holiday_rate,central,false,true,false,false,false,false,false,true,false,core_finding_candidate,0.8533,Aggregated 15 schema-valid bounded span ratings; strongest claim bucket qualitative_mechanism_claim_ready and downstream use core_finding_candidate.,false,,BRMGRP-20260802-ebe05181fa797986584a042b,gabriel_rating_lane_002,"bounded documentary rating only; not ingested or codified; no pay normalization, wage-gap estimate, national prevalence, treatment effect, or final causal claim; global analysis readiness remains false",false,not_ingested,not_codified,not_normalized,not_matched,"{""candidate_id"": ""BRM5C-BRM5-20260731-04785-02"", ""final"": ""https://baymills.org/_files/ugd/869f65_ee95514ab62f43c495e51a5710875afc.pdf"", ""original"": ""https://www.baymills.org/_files/ugd/869f65_ee95514ab62f43c495e51a5710875afc.pdf"", ""scout_target_id"": ""BRM5-20260731-04785""}"
BRMGRS-20260802-6c19e1ca70f4435f763f4624,RMSRD-20260802-6fab627be0d496a3ed66,RMSRD-20260802-6fab627be0d496a3ed66,BRM5C-BRM5-20260731-04935-01,Morton,MI,Midwest,pdf,other_local_government_pay_policy,non_cba_or_unresolved_hint,medium_priority_verification_ready,15,3,12,quantitative_direct_text_claim_ready,core_finding_candidate,quant_position_classification_pay_band,central,true,true,true,false,false,false,false,true,true,core_finding_candidate,0.8627,Aggregated 15 schema-valid bounded span ratings; strongest claim bucket quantitative_direct_text_claim_ready and downstream use core_finding_candidate.,false,,BRMGRP-20260802-f19ae335bc6b570349922479,gabriel_rating_lane_002,"bounded documentary rating only; not ingested or codified; no pay normalization, wage-gap estimate, national prevalence, treatment effect, or final causal claim; global analysis readiness remains false",false,not_ingested,not_codified,not_normalized,not_matched,"{""candidate_id"": ""BRM5C-BRM5-20260731-04935-01"", ""final"": ""https://mortontownship.org/wp-content/uploads/2021/04/Policy-Manual-updated-April-13-2021.pdf"", ""original"": ""https://mortontownship.org/wp-content/uploads/2021/04/Policy-Manual-updated-April-13-2021.pdf"", ""scout_target_id"": ""BRM5-20260731-04935""}"
BRMGRS-20260802-174bd5c0b347b16b6648857c,RMSRD-20260802-d7623f7fd7ac381e833c,RMSRD-20260802-d7623f7fd7ac381e833c,BRM5C-BRM5-20260731-14088-01,Union,WI,Midwest,pdf,personnel_policy,non_cba_or_unresolved_hint,high_priority_verification_ready,15,5,10,quantitative_direct_text_claim_ready,supporting_example_candidate,quant_allowance_or_reimbursement,weak,true,false,false,false,false,false,false,true,false,supporting_example_candidate,0.8600,Aggregated 15 schema-valid bounded span ratings; strongest claim bucket quantitative_direct_text_claim_ready and downstream use supporting_example_candidate.,false,,BRMGRP-20260802-a801462dcdb6a1d78607b344,gabriel_rating_lane_002,"bounded documentary rating only; not ingested or codified; no pay normalization, wage-gap estimate, national prevalence, treatment effect, or final causal claim; global analysis readiness remains false",false,not_ingested,not_codified,not_normalized,not_matched,"{""candidate_id"": ""BRM5C-BRM5-20260731-14088-01"", ""final"": ""https://townofunionec.com/assets/files/2019/04/town_union_code_393750c3-ea2e-447d-acb1-cc7e6d1bad64.pdf"", ""original"": ""https://www.townofunionec.com/assets/files/2019/04/town_union_code_393750c3-ea2e-447d-acb1-cc7e6d1bad64.pdf"", ""scout_target_id"": ""BRM5-20260731-14088""}"
BRMGRS-20260802-e775c4cc44f8faa7f95f3e83,RMSRD-20260802-3ba3b1adce6929353359,RMSRD-20260802-3ba3b1adce6929353359,BRM5C-BRM5-20260731-10447-01,Evans Mills,NY,Northeast,pdf,agenda_packet_or_minutes,non_cba_or_unresolved_hint,high_priority_verification_ready,14,11,3,quantitative_direct_text_claim_ready,core_finding_candidate,qual_budget_or_fiscal_constraint,central,true,true,true,false,false,false,false,false,true,core_finding_candidate,0.9014,Aggregated 14 schema-valid bounded span ratings; strongest claim bucket quantitative_direct_text_claim_ready and downstream use core_finding_candidate.,false,,BRMGRP-20260802-952905609a0d9d8c1498b794,gabriel_rating_lane_002,"bounded documentary rating only; not ingested or codified; no pay normalization, wage-gap estimate, national prevalence, treatment effect, or final causal claim; global analysis readiness remains false",false,not_ingested,not_codified,not_normalized,not_matched,"{""candidate_id"": ""BRM5C-BRM5-20260731-10447-01"", ""final"": ""https://a563717b-9cc7-4180-8fb4-c2dc95e07bf3.filesusr.com/ugd/272ab3_7a1b5cd86eb84df390d6d18de8b28e90.pdf"", ""original"": ""https://a563717b-9cc7-4180-8fb4-c2dc95e07bf3.filesusr.com/ugd/272ab3_7a1b5cd86eb84df390d6d18de8b28e90.pdf"", ""scout_target_id"": ""BRM5-20260731-10447""}"
BRMGRS-20260802-38b008e6b1a97f5ddb0e29df,RMSRD-20260802-25aac8cd50a26de33597,RMSRD-20260802-25aac8cd50a26de33597,BRM5C-BRM5-20260731-04475-01,Wabash,IN,Midwest,pdf,budget_or_pay_plan,non_cba_or_unresolved_hint,high_priority_verification_ready,14,7,7,quantitative_direct_text_claim_ready,core_finding_candidate,qual_ordinance_or_council_adoption,weak,true,false,false,false,false,false,false,true,false,core_finding_candidate,0.8857,Aggregated 14 schema-valid bounded span ratings; strongest claim bucket quantitative_direct_text_claim_ready and downstream use core_finding_candidate.,false,,BRMGRP-20260802-88abd4e076847652ebfb5f71,gabriel_rating_lane_002,"bounded documentary rating only; not ingested or codified; no pay normalization, wage-gap estimate, national prevalence, treatment effect, or final causal claim; global analysis readiness remains false",false,not_ingested,not_codified,not_normalized,not_matched,"{""candidate_id"": ""BRM5C-BRM5-20260731-04475-01"", ""final"": ""https://cityofwabash.com/egov/documents/1766158876_99841.pdf"", ""original"": ""https://www.cityofwabash.com/egov/apps/document/center.egov?id=1676&view=item"", ""scout_target_id"": ""BRM5-20260731-04475""}"
BRMGRS-20260802-076a44550c7b8e7e81154a42,RMSRD-20260802-cec60bdeade1ce6411e2,RMSRD-20260802-cec60bdeade1ce6411e2,BRM5C-BRM5-20260731-16649-01,White Earth,MN,Midwest,pdf,other_local_government_pay_policy,non_cba_or_unresolved_hint,high_priority_verification_ready,14,3,11,qualitative_mechanism_claim_ready,supporting_example_candidate,quant_overtime_or_holiday_rate,moderate,false,true,false,false,false,false,false,true,false,supporting_example_candidate,0.8557,Aggregated 14 schema-valid bounded span ratings; strongest claim bucket qualitative_mechanism_claim_ready and downstream use supporting_example_candidate.,false,,BRMGRP-20260802-7e98a9ce529fe5d00a4dbba3,gabriel_rating_lane_002,"bounded documentary rating only; not ingested or codified; no pay normalization, wage-gap estimate, national prevalence, treatment effect, or final causal claim; global analysis readiness remains false",false,not_ingested,not_codified,not_normalized,not_matched,"{""candidate_id"": ""BRM5C-BRM5-20260731-16649-01"", ""final"": ""https://whiteearth.com/media/pages/divisions/human-resources/forms/b4d7c937ee-1727377111/employee-handbook-03.16.22.pdf"", ""original"": ""https://whiteearth.com/media/pages/divisions/human-resources/forms/b4d7c937ee-1727377111/employee-handbook-03.16.22.pdf"", ""scout_target_id"": ""BRM5-20260731-16649""}"
BRMGRS-20260802-018ef44d267ec396deb08e51,RMSRD-20260802-1a7796fed890eea41d46,RMSRD-20260802-1a7796fed890eea41d46,BRM5C-BRM5-20260731-15145-04,Colona,IL,Midwest,pdf,wage_schedule,non_cba_or_unresolved_hint,high_priority_verification_ready,14,6,8,quantitative_direct_text_claim_ready,core_finding_candidate,qual_ordinance_or_council_adoption,moderate,true,true,true,false,false,false,false,true,true,core_finding_candidate,0.8657,Aggregated 14 schema-valid bounded span ratings; strongest claim bucket quantitative_direct_text_claim_ready and downstream use core_finding_candidate.,false,,BRMGRP-20260802-fd8580a9e0fcbdae20389bbb,gabriel_rating_lane_002,"bounded documentary rating only; not ingested or codified; no pay normalization, wage-gap estimate, national prevalence, treatment effect, or final causal claim; global analysis readiness remains false",false,not_ingested,not_codified,not_normalized,not_matched,"{""candidate_id"": ""BRM5C-BRM5-20260731-15145-04"", ""final"": ""https://colonail.com/vertical/sites/%7BFC142F78-E9D2-49AE-8B50-7910B5B74E0C%7D/uploads/12.22.25_Packet.pdf"", ""original"": ""https://www.colonail.com/vertical/sites/%7BFC142F78-E9D2-49AE-8B50-7910B5B74E0C%7D/uploads/12.22.25_Packet.pdf"", ""scout_target_id"": ""BRM5-20260731-15145""}"
BRMGRS-20260802-30eb8eae7885a1191277d92d,RMSRD-20260802-7d393da34942037515f0,RMSRD-20260802-7d393da34942037515f0,BRM5C-BRM5-20260731-17882-01,Big Flats,NY,Northeast,pdf,agenda_packet_or_minutes,non_cba_or_unresolved_hint,high_priority_verification_ready,13,8,5,quantitative_direct_text_claim_ready,core_finding_candidate,quant_overtime_or_holiday_rate,central,true,true,true,false,false,false,false,true,false,core_finding_candidate,0.8785,Aggregated 13 schema-valid bounded span ratings; strongest claim bucket quantitative_direct_text_claim_ready and downstream use core_finding_candidate.,false,,BRMGRP-20260802-675d98165a527301b45c6ede,gabriel_rating_lane_002,"bounded documentary rating only; not ingested or codified; no pay normalization, wage-gap estimate, national prevalence, treatment effect, or final causal claim; global analysis readiness remains false",false,not_ingested,not_codified,not_normalized,not_matched,"{""candidate_id"": ""BRM5C-BRM5-20260731-17882-01"", ""final"": ""https://cms8.revize.com/revize/townofbigflatsny/Minutes/2025/Organizational%20Minutes%20January%202%2C%202025.pdf"", ""original"": ""https://cms8.revize.com/revize/townofbigflatsny/Minutes/2025/Organizational%20Minutes%20January%202%2C%202025.pdf"", ""scout_target_id"": ""BRM5-20260731-17882""}"
BRMGRS-20260802-0bce5c22ecaea5b317c6730e,RMSRD-20260802-371bc3789b12f85667d9,RMSRD-20260802-371bc3789b12f85667d9,BRM5C-BRM5-20260731-17697-02,Jefferson,WI,Midwest,pdf,arbitration_award,cba_arbitration_factfinding_hint,high_priority_verification_ready,13,3,10,quantitative_direct_text_claim_ready,supporting_example_candidate,qual_retroactivity_or_implementation_timing,moderate,true,true,true,false,false,false,false,true,true,supporting_example_candidate,0.8554,Aggregated 13 schema-valid bounded span ratings; strongest claim bucket quantitative_direct_text_claim_ready and downstream use supporting_example_candidate.,false,,BRMGRP-20260802-a9e9bda988a1f20eac4126e7,gabriel_rating_lane_002,"bounded documentary rating only; not ingested or codified; no pay normalization, wage-gap estimate, national prevalence, treatment effect, or final causal claim; global analysis readiness remains false",false,not_ingested,not_codified,not_normalized,not_matched,"{""candidate_id"": ""BRM5C-BRM5-20260731-17697-02"", ""final"": ""https://werc.wi.gov/grievance_awards/7923.pdf"", ""original"": ""https://werc.wi.gov/grievance_awards/7923.pdf"", ""scout_target_id"": ""BRM5-20260731-17697""}"
BRMGRS-20260802-49814cab8b01c6622a7f23f5,RMSRD-20260802-6e09d6a4f2e29f2de62d,RMSRD-20260802-6e09d6a4f2e29f2de62d,BRM5C-BRM5-20260731-18041-01,Summerhill,NY,Northeast,pdf,budget_or_pay_plan,non_cba_or_unresolved_hint,high_priority_verification_ready,13,7,6,quantitative_direct_text_claim_ready,supporting_example_candidate,quant_overtime_or_holiday_rate,moderate,true,true,true,false,false,false,false,true,false,supporting_example_candidate,0.8569,Aggregated 13 schema-valid bounded span ratings; strongest claim bucket quantitative_direct_text_claim_ready and downstream use supporting_example_candidate.,false,,BRMGRP-20260802-77947c73af827de35d5cde67,gabriel_rating_lane_002,"bounded documentary rating only; not ingested or codified; no pay normalization, wage-gap estimate, national prevalence, treatment effect, or final causal claim; global analysis readiness remains false",false,not_ingested,not_codified,not_normalized,not_matched,"{""candidate_id"": ""BRM5C-BRM5-20260731-18041-01"", ""final"": ""https://cayugacounty.gov/DocumentCenter/View/24317/Town-of-Summerhill-Employee-Handbook-PDF"", ""original"": ""https://www.cayugacounty.gov/DocumentCenter/View/24317/Town-of-Summerhill-Employee-Handbook-PDF"", ""scout_target_id"": ""BRM5-20260731-18041""}"
BRMGRS-20260802-34fa41411e7822c94bb883c8,RMSRD-20260802-c906c268be8f41707afc,RMSRD-20260802-c906c268be8f41707afc,BRM5C-BRM5-20260731-07406-01,Kemah,TX,South,pdf,budget_or_pay_plan,non_cba_or_unresolved_hint,medium_priority_verification_ready,13,8,5,mixed_quant_qual_claim_ready,supporting_example_candidate,quant_cpi_indexed_adjustment,moderate,true,true,true,false,false,false,false,true,true,supporting_example_candidate,0.8862,Aggregated 13 schema-valid bounded span ratings; strongest claim bucket mixed_quant_qual_claim_ready and downstream use supporting_example_candidate.,false,,BRMGRP-20260802-ecc3c24ba7cb2513ec25bd52,gabriel_rating_lane_002,"bounded documentary rating only; not ingested or codified; no pay normalization, wage-gap estimate, national prevalence, treatment effect, or final causal claim; global analysis readiness remains false",false,not_ingested,not_codified,not_normalized,not_matched,"{""candidate_id"": ""BRM5C-BRM5-20260731-07406-01"", ""final"": ""https://kemahtx.gov/AgendaCenter/ViewFile/Agenda/_06192024-835"", ""original"": ""https://www.kemahtx.gov/AgendaCenter/ViewFile/Agenda/_06192024-835"", ""scout_target_id"": ""BRM5-20260731-07406""}"
BRMGRS-20260802-9c73fc833204be8a176f735d,RMSRD-20260802-7b7c30d01a06c210d699,RMSRD-20260802-7b7c30d01a06c210d699,BRM5C-BRM5-20260731-08563-01,Clarksville,MI,Midwest,pdf,other_local_government_pay_policy,non_cba_or_unresolved_hint,medium_priority_verification_ready,13,4,9,weak_or_not_supported,exclude_or_write_off,quant_allowance_or_reimbursement,weak,false,false,false,false,false,false,false,true,false,exclude_or_write_off,0.8538,Aggregated 13 schema-valid bounded span ratings; strongest claim bucket weak_or_not_supported and downstream use exclude_or_write_off.,false,,BRMGRP-20260802-018c91d18b6fa3cc5c4c73f8,gabriel_rating_lane_002,"bounded documentary rating only; not ingested or codified; no pay normalization, wage-gap estimate, national prevalence, treatment effect, or final causal claim; global analysis readiness remains false",false,not_ingested,not_codified,not_normalized,not_matched,"{""candidate_id"": ""BRM5C-BRM5-20260731-08563-01"", ""final"": ""https://clarksvillemi.org/Uploaded_Files/Miscellaneous/Clarksville_Code_of_Ordinances.pdf"", ""original"": ""https://www.clarksvillemi.org/Uploaded_Files/Miscellaneous/Clarksville_Code_of_Ordinances.pdf"", ""scout_target_id"": ""BRM5-20260731-08563""}"
BRMGRS-20260802-fd0c8b3bd937c6ccfd6efc27,RMSRD-20260802-ecfd68fb28a8f66ab118,RMSRD-20260802-ecfd68fb28a8f66ab118,BRM5C-BRM5-20260731-02961-01,Denmark,NY,Northeast,pdf,wage_schedule,non_cba_or_unresolved_hint,high_priority_verification_ready,13,12,1,quantitative_direct_text_claim_ready,supporting_example_candidate,quant_salary_schedule_table,moderate,true,true,true,false,false,false,false,false,false,supporting_example_candidate,0.8877,Aggregated 13 schema-valid bounded span ratings; strongest claim bucket quantitative_direct_text_claim_ready and downstream use supporting_example_candidate.,false,,BRMGRP-20260802-215bffcc7e63052ebf2e2719,gabriel_rating_lane_002,"bounded documentary rating only; not ingested or codified; no pay normalization, wage-gap estimate, national prevalence, treatment effect, or final causal claim; global analysis readiness remains false",false,not_ingested,not_codified,not_normalized,not_matched,"{""candidate_id"": ""BRM5C-BRM5-20260731-02961-01"", ""final"": ""https://townofdenmarkny.gov/wp-content/uploads/2025/12/Agenda-12.15.2025-TB-Meeting.pdf"", ""original"": ""https://townofdenmarkny.gov/wp-content/uploads/2025/12/Agenda-12.15.2025-TB-Meeting.pdf"", ""scout_target_id"": ""BRM5-20260731-02961""}"
BRMGRS-20260802-5a6c5244fa64259042e94b2f,RMSRD-20260802-46368518720a683d41cc,RMSRD-20260802-46368518720a683d41cc,BRM5C-BRM5-20260731-04809-01,Carrollton,MI,Midwest,pdf,agenda_packet_or_minutes,non_cba_or_unresolved_hint,medium_priority_verification_ready,12,9,3,quantitative_direct_text_claim_ready,core_finding_candidate,quant_other_compensation_value,moderate,true,true,true,true,false,false,true,true,false,core_finding_candidate,0.8783,Aggregated 12 schema-valid bounded span ratings; strongest claim bucket quantitative_direct_text_claim_ready and downstream use core_finding_candidate.,false,,BRMGRP-20260802-098e3fcde4d039e900a12a45,gabriel_rating_lane_002,"bounded documentary rating only; not ingested or codified; no pay normalization, wage-gap estimate, national prevalence, treatment effect, or final causal claim; global analysis readiness remains false",false,not_ingested,not_codified,not_normalized,not_matched,"{""candidate_id"": ""BRM5C-BRM5-20260731-04809-01"", ""final"": ""https://webgen1files1.revize.com/carrolltontwpmi/Document%20center/%20Elected%20Officials/APPROVED%20MEETING%20MINUTES/Township%20Board%20Minutes/2023/03-27-23%20Regular.pdf"", ""original"": ""https://webgen1files1.revize.com/carrolltontwpmi/Document%20center/%20Elected%20Officials/APPROVED%20MEETING%20MINUTES/Township%20Board%20Minutes/2023/03-27-23%20Regular.pdf"", ""scout_target_id"": ""BRM5-20260731-04809""}"
BRMGRS-20260802-130542f1e4607a87b808d028,RMSRD-20260802-54c86cc58cd97b42a6b2,RMSRD-20260802-54c86cc58cd97b42a6b2,BRM5C-BRM5-20260731-14714-01,Weisenberg,PA,Northeast,pdf,agenda_packet_or_minutes,non_cba_or_unresolved_hint,high_priority_verification_ready,12,9,3,quantitative_direct_text_claim_ready,core_finding_candidate,quant_base_wage_direct_value,moderate,true,false,false,false,true,false,false,false,false,core_finding_candidate,0.9033,Aggregated 12 schema-valid bounded span ratings; strongest claim bucket quantitative_direct_text_claim_ready and downstream use core_finding_candidate.,false,,BRMGRP-20260802-66500f8ddc3958552bb335eb,gabriel_rating_lane_002,"bounded documentary rating only; not ingested or codified; no pay normalization, wage-gap estimate, national prevalence, treatment effect, or final causal claim; global analysis readiness remains false",false,not_ingested,not_codified,not_normalized,not_matched,"{""candidate_id"": ""BRM5C-BRM5-20260731-14714-01"", ""final"": ""https://weisenbergtownship.org/minutes/4jan21.pdf"", ""original"": ""https://www.weisenbergtownship.org/minutes/4jan21.pdf"", ""scout_target_id"": ""BRM5-20260731-14714""}"
BRMGRS-20260802-b50e88a494f5879e5346bb7d,RMSRD-20260802-866bba054d57736db10c,RMSRD-20260802-866bba054d57736db10c,BRM5C-BRM5-20260731-13937-02,Franklin,WI,Midwest,pdf,arbitration_award,cba_arbitration_factfinding_hint,high_priority_verification_ready,12,5,7,mixed_quant_qual_claim_ready,supporting_example_candidate,qual_budget_or_fiscal_constraint,strong,true,true,true,false,false,false,false,true,true,supporting_example_candidate,0.8517,Aggregated 12 schema-valid bounded span ratings; strongest claim bucket mixed_quant_qual_claim_ready and downstream use supporting_example_candidate.,false,,BRMGRP-20260802-e3ea10f1618711f0c4f2898d,gabriel_rating_lane_002,"bounded documentary rating only; not ingested or codified; no pay normalization, wage-gap estimate, national prevalence, treatment effect, or final causal claim; global analysis readiness remains false",false,not_ingested,not_codified,not_normalized,not_matched,"{""candidate_id"": ""BRM5C-BRM5-20260731-13937-02"", ""final"": ""https://werc.wi.gov/interest_awards/mia_pre-99_vol_1_of_1/mia18609.pdf"", ""original"": ""https://werc.wi.gov/interest_awards/mia_pre-99_vol_1_of_1/mia18609.pdf"", ""scout_target_id"": ""BRM5-20260731-13937""}"
BRMGRS-20260802-042dfda68e7a393a53c469ac,RMSRD-20260802-7d01bc541bb24ab3336e,RMSRD-20260802-7d01bc541bb24ab3336e,BRM5C-BRM5-20260731-14194-01,Hague,NY,Northeast,pdf,budget_or_pay_plan,non_cba_or_unresolved_hint,high_priority_verification_ready,12,6,6,quantitative_direct_text_claim_ready,core_finding_candidate,quant_overtime_or_holiday_rate,weak,true,false,false,false,false,false,false,true,false,core_finding_candidate,0.8500,Aggregated 12 schema-valid bounded span ratings; strongest claim bucket quantitative_direct_text_claim_ready and downstream use core_finding_candidate.,false,,BRMGRP-20260802-ae78dc3e1ca063f7de5464e7,gabriel_rating_lane_002,"bounded documentary rating only; not ingested or codified; no pay normalization, wage-gap estimate, national prevalence, treatment effect, or final causal claim; global analysis readiness remains false",false,not_ingested,not_codified,not_normalized,not_matched,"{""candidate_id"": ""BRM5C-BRM5-20260731-14194-01"", ""final"": ""https://hagueny.gov/assets/pdf_files/2025%20Preliminary%20Budget%20No.%202.pdf"", ""original"": ""https://hagueny.gov/assets/pdf_files/2025%20Preliminary%20Budget%20No.%202.pdf"", ""scout_target_id"": ""BRM5-20260731-14194""}"
BRMGRS-20260802-ef879571d918de03f34ec858,RMSRD-20260802-999c251b159fdc540ca9,RMSRD-20260802-999c251b159fdc540ca9,BRM5C-BRM5-20260731-18678-01,Seagraves,TX,South,pdf,budget_or_pay_plan,non_cba_or_unresolved_hint,high_priority_verification_ready,12,6,6,quantitative_direct_text_claim_ready,local_context_candidate,quant_overtime_or_holiday_rate,weak,false,false,false,false,false,false,false,true,false,local_context_candidate,0.8500,Aggregated 12 schema-valid bounded span ratings; strongest claim bucket quantitative_direct_text_claim_ready and downstream use local_context_candidate.,false,,BRMGRP-20260802-6d6804a6439cbb28e2d65663,gabriel_rating_lane_002,"bounded documentary rating only; not ingested or codified; no pay normalization, wage-gap estimate, national prevalence, treatment effect, or final causal claim; global analysis readiness remains false",false,not_ingested,not_codified,not_normalized,not_matched,"{""candidate_id"": ""BRM5C-BRM5-20260731-18678-01"", ""final"": ""https://seagravestx.us/docs/public-notices/approved-budget-2025-2026.pdf"", ""original"": ""https://www.seagravestx.us/docs/public-notices/approved-budget-2025-2026.pdf"", ""scout_target_id"": ""BRM5-20260731-18678""}"
BRMGRS-20260802-7c8a92dd50872fb245d3c95d,RMSRD-20260802-e68db6ec1163a9fd9221,RMSRD-20260802-e68db6ec1163a9fd9221,BRM5C-BRM5-20260731-16201-01,Somerset,MI,Midwest,pdf,agenda_packet_or_minutes,non_cba_or_unresolved_hint,high_priority_verification_ready,11,7,4,quantitative_direct_text_claim_ready,core_finding_candidate,quant_cpi_indexed_adjustment,moderate,true,true,true,true,false,false,false,false,false,core_finding_candidate,0.8836,Aggregated 11 schema-valid bounded span ratings; strongest claim bucket quantitative_direct_text_claim_ready and downstream use core_finding_candidate.,false,,BRMGRP-20260802-7541fbb5139633517285b113,gabriel_rating_lane_002,"bounded documentary rating only; not ingested or codified; no pay normalization, wage-gap estimate, national prevalence, treatment effect, or final causal claim; global analysis readiness remains false",false,not_ingested,not_codified,not_normalized,not_matched,"{""candidate_id"": ""BRM5C-BRM5-20260731-16201-01"", ""final"": ""https://somersettownship.org/Files/BOT_Minutes/BOT_June_29_2023_YearEndMinutes.pdf"", ""original"": ""https://www.somersettownship.org/Files/BOT_Minutes/BOT_June_29_2023_YearEndMinutes.pdf"", ""scout_target_id"": ""BRM5-20260731-16201""}"
BRMGRS-20260802-c3d2867200c7b9e62d682251,RMSRD-20260802-1ec8217d64a2b100b708,RMSRD-20260802-1ec8217d64a2b100b708,BRM5C-BRM5-20260731-06721-01,Floyd,NY,Northeast,pdf,agenda_packet_or_minutes,non_cba_or_unresolved_hint,medium_priority_verification_ready,11,10,1,quantitative_direct_text_claim_ready,core_finding_candidate,quant_base_wage_direct_value,moderate,true,false,false,false,false,false,false,false,false,core_finding_candidate,0.9055,Aggregated 11 schema-valid bounded span ratings; strongest claim bucket quantitative_direct_text_claim_ready and downstream use core_finding_candidate.,false,,BRMGRP-20260802-eeb16e3d1f555782381cd14a,gabriel_rating_lane_002,"bounded documentary rating only; not ingested or codified; no pay normalization, wage-gap estimate, national prevalence, treatment effect, or final causal claim; global analysis readiness remains false",false,not_ingested,not_codified,not_normalized,not_matched,"{""candidate_id"": ""BRM5C-BRM5-20260731-06721-01"", ""final"": ""https://floydny.gov/application/files/8417/4541/6949/1.2.25_organizational.pdf"", ""original"": ""https://floydny.gov/download_file/3a1f04ba-e215-44fc-a171-776efb557c1e/239"", ""scout_target_id"": ""BRM5-20260731-06721""}"
BRMGRS-20260802-7f4c6698123a103eadd94332,RMSRD-20260802-6909edc6c16bb319e7e3,RMSRD-20260802-6909edc6c16bb319e7e3,BRM5C-BRM5-20260731-17681-02,Greenfield,WI,Midwest,pdf,arbitration_award,cba_arbitration_factfinding_hint,high_priority_verification_ready,11,4,7,qualitative_mechanism_claim_ready,supporting_example_candidate,quant_overtime_or_holiday_rate,moderate,false,true,false,true,false,false,false,true,true,supporting_example_candidate,0.8527,Aggregated 11 schema-valid bounded span ratings; strongest claim bucket qualitative_mechanism_claim_ready and downstream use supporting_example_candidate.,false,,BRMGRP-20260802-dfa8388e7453a37a6a876715,gabriel_rating_lane_002,"bounded documentary rating only; not ingested or codified; no pay normalization, wage-gap estimate, national prevalence, treatment effect, or final causal claim; global analysis readiness remains false",false,not_ingested,not_codified,not_normalized,not_matched,"{""candidate_id"": ""BRM5C-BRM5-20260731-17681-02"", ""final"": ""https://werc.wi.gov/grievance_awards/7664.pdf"", ""original"": ""https://werc.wi.gov/grievance_awards/7664.pdf"", ""scout_target_id"": ""BRM5-20260731-17681""}"
BRMGRS-20260802-3ddfd4ac80737e9988637f51,RMSRD-20260802-68d0aa5bdefa0abcf2ee,RMSRD-20260802-68d0aa5bdefa0abcf2ee,BRM5C-BRM5-20260731-10412-01,Canandaigua,NY,Northeast,pdf,budget_or_pay_plan,non_cba_or_unresolved_hint,high_priority_verification_ready,11,5,6,quantitative_direct_text_claim_ready,supporting_example_candidate,quant_percentage_raise_or_cola,weak,true,false,false,true,false,true,false,true,false,supporting_example_candidate,0.8964,Aggregated 11 schema-valid bounded span ratings; strongest claim bucket quantitative_direct_text_claim_ready and downstream use supporting_example_candidate.,false,,BRMGRP-20260802-618e480ec7ef7c58f2a2ffa8,gabriel_rating_lane_002,"bounded documentary rating only; not ingested or codified; no pay normalization, wage-gap estimate, national prevalence, treatment effect, or final causal claim; global analysis readiness remains false",false,not_ingested,not_codified,not_normalized,not_matched,"{""candidate_id"": ""BRM5C-BRM5-20260731-10412-01"", ""final"": ""https://canandaiguanewyork.gov/Archive/ViewFile/Item/143"", ""original"": ""https://canandaiguanewyork.gov/Archive/ViewFile/Item/143"", ""scout_target_id"": ""BRM5-20260731-10412""}"
BRMGRS-20260802-d42636308999aa7ccad01b84,RMSRD-20260802-3fff5d77157d27ba153b,RMSRD-20260802-3fff5d77157d27ba153b,BRM5C-BRM5-20260731-02921-01,Barker,NY,Northeast,pdf,factfinding_report,cba_arbitration_factfinding_hint,high_priority_verification_ready,11,2,9,quantitative_direct_text_claim_ready,supporting_example_candidate,qual_factfinding,moderate,true,true,true,false,false,false,false,false,true,supporting_example_candidate,0.8745,Aggregated 11 schema-valid bounded span ratings; strongest claim bucket quantitative_direct_text_claim_ready and downstream use supporting_example_candidate.,false,,BRMGRP-20260802-c93d1480c7296545106229cc,gabriel_rating_lane_002,"bounded documentary rating only; not ingested or codified; no pay normalization, wage-gap estimate, national prevalence, treatment effect, or final causal claim; global analysis readiness remains false",false,not_ingested,not_codified,not_normalized,not_matched,"{""candidate_id"": ""BRM5C-BRM5-20260731-02921-01"", ""final"": ""https://perb.ny.gov/system/files/documents/2024/05/m2010-174.pdf"", ""original"": ""https://perb.ny.gov/system/files/documents/2024/05/m2010-174.pdf"", ""scout_target_id"": ""BRM5-20260731-02921""}"
BRMGRS-20260802-4c5738df33ff310de19c2c4a,RMSRD-20260802-51ae0f182d8d1a4553f8,RMSRD-20260802-51ae0f182d8d1a4553f8,BRM5C-BRM5-20260731-12169-01,Robinson,KS,Midwest,pdf,personnel_policy,non_cba_or_unresolved_hint,medium_priority_verification_ready,11,3,8,quantitative_direct_text_claim_ready,core_finding_candidate,quant_allowance_or_reimbursement,weak,true,false,false,false,false,false,false,true,false,core_finding_candidate,0.8636,Aggregated 11 schema-valid bounded span ratings; strongest claim bucket quantitative_direct_text_claim_ready and downstream use core_finding_candidate.,false,,BRMGRP-20260802-aafbe7285a230c0288a279bf,gabriel_rating_lane_002,"bounded documentary rating only; not ingested or codified; no pay normalization, wage-gap estimate, national prevalence, treatment effect, or final causal claim; global analysis readiness remains false",false,not_ingested,not_codified,not_normalized,not_matched,"{""candidate_id"": ""BRM5C-BRM5-20260731-12169-01"", ""final"": ""https://cityofrobinsonks.org/_files/ugd/20fc13_2ae8a68bcf9e482eadc58b0573deb884.pdf"", ""original"": ""https://www.cityofrobinsonks.org/_files/ugd/20fc13_2ae8a68bcf9e482eadc58b0573deb884.pdf"", ""scout_target_id"": ""BRM5-20260731-12169""}"
BRMGRS-20260802-0980b35279aa6cd31ab64c42,RMSRD-20260802-54a5c51f360c7a250e19,RMSRD-20260802-54a5c51f360c7a250e19,BRM5C-BRM5-20260731-02799-03,Palmyra,WI,Midwest,pdf,wage_schedule,non_cba_or_unresolved_hint,high_priority_verification_ready,11,6,5,mixed_quant_qual_claim_ready,core_finding_candidate,quant_step_schedule_progression,moderate,true,true,true,false,false,false,false,true,false,core_finding_candidate,0.8945,Aggregated 11 schema-valid bounded span ratings; strongest claim bucket mixed_quant_qual_claim_ready and downstream use core_finding_candidate.,false,,BRMGRP-20260802-41cda5d927fd836782da01fb,gabriel_rating_lane_002,"bounded documentary rating only; not ingested or codified; no pay normalization, wage-gap estimate, national prevalence, treatment effect, or final causal claim; global analysis readiness remains false",false,not_ingested,not_codified,not_normalized,not_matched,"{""candidate_id"": ""BRM5C-BRM5-20260731-02799-03"", ""final"": ""https://cdn.townweb.com/villageofpalmyra.com/wp-content/uploads/2025/03/Referendum_Presentation_2025_Final-1.pdf"", ""original"": ""https://cdn.townweb.com/villageofpalmyra.com/wp-content/uploads/2025/03/Referendum_Presentation_2025_Final-1.pdf"", ""scout_target_id"": ""BRM5-20260731-02799""}"
BRMGRS-20260802-bbacaff41a823096c5a5c85a,RMSRD-20260802-06fad4f3e26c6032b322,RMSRD-20260802-06fad4f3e26c6032b322,BRM5C-BRM5-20260731-03139-02,Bethel,PA,Northeast,pdf,agenda_packet_or_minutes,non_cba_or_unresolved_hint,high_priority_verification_ready,10,8,2,quantitative_direct_text_claim_ready,core_finding_candidate,quant_other_compensation_value,none,true,false,false,false,false,false,false,false,false,core_finding_candidate,0.9140,Aggregated 10 schema-valid bounded span ratings; strongest claim bucket quantitative_direct_text_claim_ready and downstream use core_finding_candidate.,false,,BRMGRP-20260802-7d86932910917d6adecbab50,gabriel_rating_lane_002,"bounded documentary rating only; not ingested or codified; no pay normalization, wage-gap estimate, national prevalence, treatment effect, or final causal claim; global analysis readiness remains false",false,not_ingested,not_codified,not_normalized,not_matched,"{""candidate_id"": ""BRM5C-BRM5-20260731-03139-02"", ""final"": ""https://betheltwp.org/wp-content/uploads/2024/01/01-02-2024-Reorg-Meeting-Agenda-1.pdf"", ""original"": ""https://betheltwp.org/wp-content/uploads/2024/01/01-02-2024-Reorg-Meeting-Agenda-1.pdf"", ""scout_target_id"": ""BRM5-20260731-03139""}"
BRMGRS-20260802-99e1271212040f38cb086668,RMSRD-20260802-d838d8d1b1de7934b648,RMSRD-20260802-d838d8d1b1de7934b648,BRM5C-BRM5-20260731-14422-01,Donegal,PA,Northeast,pdf,arbitration_award,cba_arbitration_factfinding_hint,high_priority_verification_ready,10,1,9,qualitative_mechanism_claim_ready,supporting_example_candidate,qual_mou_or_settlement,moderate,false,true,false,false,false,false,false,true,true,supporting_example_candidate,0.8580,Aggregated 10 schema-valid bounded span ratings; strongest claim bucket qualitative_mechanism_claim_ready and downstream use supporting_example_candidate.,false,,BRMGRP-20260802-50ec569782c06c9cbffa051f,gabriel_rating_lane_002,"bounded documentary rating only; not ingested or codified; no pay normalization, wage-gap estimate, national prevalence, treatment effect, or final causal claim; global analysis readiness remains false",false,not_ingested,not_codified,not_normalized,not_matched,"{""candidate_id"": ""BRM5C-BRM5-20260731-14422-01"", ""final"": ""https://pa.gov/content/dam/copapwp-pagov/en/dli/documents/individuals/labor-management-relations/plrb/proposed/2024/documents/donegal-twp-pera-c-24-42-w.pdf"", ""original"": ""https://www.pa.gov/content/dam/copapwp-pagov/en/dli/documents/individuals/labor-management-relations/plrb/proposed/2024/documents/donegal-twp-pera-c-24-42-w.pdf"", ""scout_target_id"": ""BRM5-20260731-14422""}"
BRMGRS-20260802-be4aa84cb787494378da2b54,RMSRD-20260802-e1d06edb5d23939a64c2,RMSRD-20260802-e1d06edb5d23939a64c2,BRM5C-BRM5-20260731-10226-03,Jefferson,WI,Midwest,pdf,budget_or_pay_plan,non_cba_or_unresolved_hint,high_priority_verification_ready,10,6,4,mixed_quant_qual_claim_ready,core_finding_candidate,quant_percentage_raise_or_cola,central,true,true,true,true,true,false,false,false,false,core_finding_candidate,0.9080,Aggregated 10 schema-valid bounded span ratings; strongest claim bucket mixed_quant_qual_claim_ready and downstream use core_finding_candidate.,false,,BRMGRP-20260802-17fd40c9f5ab47523835935f,gabriel_rating_lane_002,"bounded documentary rating only; not ingested or codified; no pay normalization, wage-gap estimate, national prevalence, treatment effect, or final causal claim; global analysis readiness remains false",false,not_ingested,not_codified,not_normalized,not_matched,"{""candidate_id"": ""BRM5C-BRM5-20260731-10226-03"", ""final"": ""https://jeffersonwis.com/wp-content/uploads/2018/12/Mins12042018.pdf"", ""original"": ""https://jeffersonwis.com/wp-content/uploads/2018/12/Mins12042018.pdf"", ""scout_target_id"": ""BRM5-20260731-10226""}"
BRMGRS-20260802-57ef52cf079a8b0a39d79eb0,RMSRD-20260802-63ead57058312c0c77b7,RMSRD-20260802-63ead57058312c0c77b7,BRM5C-BRM5-20260731-05970-02,Clearcreek,OH,Midwest,pdf,mou_or_memorandum,non_cba_or_unresolved_hint,high_priority_verification_ready,10,2,8,local_context_only,local_context_candidate,quant_overtime_or_holiday_rate,none,false,false,false,true,false,false,false,true,true,local_context_candidate,0.8560,Aggregated 10 schema-valid bounded span ratings; strongest claim bucket local_context_only and downstream use local_context_candidate.,false,,BRMGRP-20260802-bdbb885a22a418d65bbe12b0,gabriel_rating_lane_002,"bounded documentary rating only; not ingested or codified; no pay normalization, wage-gap estimate, national prevalence, treatment effect, or final causal claim; global analysis readiness remains false",false,not_ingested,not_codified,not_normalized,not_matched,"{""candidate_id"": ""BRM5C-BRM5-20260731-05970-02"", ""final"": ""https://dam.assets.ohio.gov/image/upload/serb.ohio.gov/PDF/Addendums/2023/23-MED-10-0877.pdf"", ""original"": ""https://dam.assets.ohio.gov/image/upload/serb.ohio.gov/PDF/Addendums/2023/23-MED-10-0877.pdf"", ""scout_target_id"": ""BRM5-20260731-05970""}"
BRMGRS-20260802-67cd9eb0370183b85eea3e6f,RMSRD-20260802-eaf28f776255cb52eecb,RMSRD-20260802-eaf28f776255cb52eecb,BRM5C-BRM5-20260731-08072-01,Hammond,IN,Midwest,pdf,salary_ordinance,non_cba_or_unresolved_hint,high_priority_verification_ready,10,5,5,quantitative_direct_text_claim_ready,core_finding_candidate,qual_collective_bargaining,central,true,true,true,true,false,false,false,true,true,core_finding_candidate,0.8500,Aggregated 10 schema-valid bounded span ratings; strongest claim bucket quantitative_direct_text_claim_ready and downstream use core_finding_candidate.,false,,BRMGRP-20260802-645379966e64ceeaf2f9546a,gabriel_rating_lane_002,"bounded documentary rating only; not ingested or codified; no pay normalization, wage-gap estimate, national prevalence, treatment effect, or final causal claim; global analysis readiness remains false",false,not_ingested,not_codified,not_normalized,not_matched,"{""candidate_id"": ""BRM5C-BRM5-20260731-08072-01"", ""final"": ""https://gohammond.com/document_library/city_council_ordinances_and_resolutions/ordinances/2025/ordinance_9687.pdf"", ""original"": ""https://www.gohammond.com/document_library/city_council_ordinances_and_resolutions/ordinances/2025/ordinance_9687.pdf"", ""scout_target_id"": ""BRM5-20260731-08072""}"
BRMGRS-20260802-3aae5e1e83828d7b945fec2f,RMSRD-20260802-e77f5c227eddf79cd746,RMSRD-20260802-e77f5c227eddf79cd746,BRM5C-BRM5-20260731-01494-01,Lamberton,MN,Midwest,pdf,wage_schedule,non_cba_or_unresolved_hint,high_priority_verification_ready,10,5,5,quantitative_direct_text_claim_ready,supporting_example_candidate,quant_cpi_indexed_adjustment,central,true,true,true,true,false,false,false,false,false,supporting_example_candidate,0.8700,Aggregated 10 schema-valid bounded span ratings; strongest claim bucket quantitative_direct_text_claim_ready and downstream use supporting_example_candidate.,false,,BRMGRP-20260802-422a5ca070cfccac83ab9911,gabriel_rating_lane_002,"bounded documentary rating only; not ingested or codified; no pay normalization, wage-gap estimate, national prevalence, treatment effect, or final causal claim; global analysis readiness remains false",false,not_ingested,not_codified,not_normalized,not_matched,"{""candidate_id"": ""BRM5C-BRM5-20260731-01494-01"", ""final"": ""https://lambertonmn.com/documents/176/11-17-2025_-_Web_Council_Packet.pdf"", ""original"": ""https://lambertonmn.com/documents/176/11-17-2025_-_Web_Council_Packet.pdf"", ""scout_target_id"": ""BRM5-20260731-01494""}"
BRMGRS-20260802-5559fc650a03426e5b75a965,RMSRD-20260802-a6552678c3a4e31de169,RMSRD-20260802-a6552678c3a4e31de169,BRM5C-BRM5-20260731-04133-01,Okawville,IL,Midwest,pdf,agenda_packet_or_minutes,non_cba_or_unresolved_hint,high_priority_verification_ready,9,5,4,quantitative_direct_text_claim_ready,core_finding_candidate,quant_allowance_or_reimbursement,central,true,true,true,true,false,false,false,true,false,core_finding_candidate,0.8711,Aggregated 9 schema-valid bounded span ratings; strongest claim bucket quantitative_direct_text_claim_ready and downstream use core_finding_candidate.,false,,BRMGRP-20260802-b88873c4de8bec972d8be581,gabriel_rating_lane_002,"bounded documentary rating only; not ingested or codified; no pay normalization, wage-gap estimate, national prevalence, treatment effect, or final causal claim; global analysis readiness remains false",false,not_ingested,not_codified,not_normalized,not_matched,"{""candidate_id"": ""BRM5C-BRM5-20260731-04133-01"", ""final"": ""https://static1.squarespace.com/static/5c8d0b3965a707ecd292ee54/t/69c6a17115aaf23b96fa0cf8/1774625484531/01January2026+minutes.pdf"", ""original"": ""https://www.myokawville.com/s/01January2026-minutes.pdf"", ""scout_target_id"": ""BRM5-20260731-04133""}"
BRMGRS-20260802-af888fc3147239233c55eecd,RMSRD-20260802-975d44b4f22b98a19a3c,RMSRD-20260802-975d44b4f22b98a19a3c,BRM5C-BRM5-20260731-16063-01,Elmwood charter,MI,Midwest,pdf,agenda_packet_or_minutes,non_cba_or_unresolved_hint,medium_priority_verification_ready,9,0,9,qualitative_mechanism_claim_ready,supporting_example_candidate,qual_factfinding,weak,false,false,false,false,false,false,false,false,true,supporting_example_candidate,0.8600,Aggregated 9 schema-valid bounded span ratings; strongest claim bucket qualitative_mechanism_claim_ready and downstream use supporting_example_candidate.,false,,BRMGRP-20260802-c114e9582168f4d7a0a1394d,gabriel_rating_lane_002,"bounded documentary rating only; not ingested or codified; no pay normalization, wage-gap estimate, national prevalence, treatment effect, or final causal claim; global analysis readiness remains false",false,not_ingested,not_codified,not_normalized,not_matched,"{""candidate_id"": ""BRM5C-BRM5-20260731-16063-01"", ""final"": ""https://michigan.gov/leo/-/media/Project/Websites/leo/Documents/BER/MERC-meetings/2024/3-12-24-Meeting-Packet-for-Virtual-Attendees.pdf"", ""original"": ""https://www.michigan.gov/leo/-/media/Project/Websites/leo/Documents/BER/MERC-meetings/2024/3-12-24-Meeting-Packet-for-Virtual-Attendees.pdf?hash=8EA4916A43577F790F1A43F6112B1AC5&rev=9a8b3a8bde0f4493a626dfdc74cce7fb"", ""scout_target_id"": ""BRM5-20260731-16063""}"
BRMGRS-20260802-629cd99fc3e5a0d2a40f00a8,RMSRD-20260802-08f07f4dff9d240d4d6e,RMSRD-20260802-08f07f4dff9d240d4d6e,BRM5C-BRM5-20260731-14198-02,Hancock,NY,Northeast,pdf,agenda_packet_or_minutes,non_cba_or_unresolved_hint,high_priority_verification_ready,9,6,3,quantitative_direct_text_claim_ready,core_finding_candidate,qual_collective_bargaining,moderate,true,true,true,false,false,false,false,true,true,core_finding_candidate,0.9022,Aggregated 9 schema-valid bounded span ratings; strongest claim bucket quantitative_direct_text_claim_ready and downstream use core_finding_candidate.,false,,BRMGRP-20260802-0c3863f4043cf65e11bfb59c,gabriel_rating_lane_002,"bounded documentary rating only; not ingested or codified; no pay normalization, wage-gap estimate, national prevalence, treatment effect, or final causal claim; global analysis readiness remains false",false,not_ingested,not_codified,not_normalized,not_matched,"{""candidate_id"": ""BRM5C-BRM5-20260731-14198-02"", ""final"": ""https://core-docs.s3.amazonaws.com/documents/asset/uploaded_file/3711/Hancock/2916930/www-hancockny-org-tmeeting_1_2_19-html.pdf"", ""original"": ""https://core-docs.s3.amazonaws.com/documents/asset/uploaded_file/3711/Hancock/2916930/www-hancockny-org-tmeeting_1_2_19-html.pdf"", ""scout_target_id"": ""BRM5-20260731-14198""}"
BRMGRS-20260802-08716dea359ac27520e6ba82,RMSRD-20260802-a1dde2d11a8ea52f0fbf,RMSRD-20260802-a1dde2d11a8ea52f0fbf,BRM5C-BRM5-20260731-13717-01,Centerville,SD,Midwest,pdf,agenda_packet_or_minutes,non_cba_or_unresolved_hint,high_priority_verification_ready,9,6,3,quantitative_direct_text_claim_ready,core_finding_candidate,qual_ordinance_or_council_adoption,weak,true,false,false,true,false,false,false,false,true,core_finding_candidate,0.8911,Aggregated 9 schema-valid bounded span ratings; strongest claim bucket quantitative_direct_text_claim_ready and downstream use core_finding_candidate.,false,,BRMGRP-20260802-41ec9f96cfbe0b8083598005,gabriel_rating_lane_002,"bounded documentary rating only; not ingested or codified; no pay normalization, wage-gap estimate, national prevalence, treatment effect, or final causal claim; global analysis readiness remains false",false,not_ingested,not_codified,not_normalized,not_matched,"{""candidate_id"": ""BRM5C-BRM5-20260731-13717-01"", ""final"": ""https://static1.squarespace.com/static/600788ba9c24b70ab403e016/t/65ca5533cbdd022f46e20949/1707758900429/2-5-24%2BMeeting%2BMinutes.pdf"", ""original"": ""https://static1.squarespace.com/static/600788ba9c24b70ab403e016/t/65ca5533cbdd022f46e20949/1707758900429/2-5-24%2BMeeting%2BMinutes.pdf"", ""scout_target_id"": ""BRM5-20260731-13717""}"
BRMGRS-20260802-5d7e8ff137e85e751cb78fd9,RMSRD-20260802-47448872d9807ffb8d9b,RMSRD-20260802-47448872d9807ffb8d9b,BRM5C-BRM5-20260731-07844-01,Okawville,IL,Midwest,pdf,budget_or_pay_plan,non_cba_or_unresolved_hint,high_priority_verification_ready,9,3,6,local_context_only,supporting_example_candidate,quant_overtime_or_holiday_rate,weak,false,true,false,false,false,false,false,true,false,supporting_example_candidate,0.8533,Aggregated 9 schema-valid bounded span ratings; strongest claim bucket local_context_only and downstream use supporting_example_candidate.,false,,BRMGRP-20260802-b2d1afe324aeb527d2374b02,gabriel_rating_lane_002,"bounded documentary rating only; not ingested or codified; no pay normalization, wage-gap estimate, national prevalence, treatment effect, or final causal claim; global analysis readiness remains false",false,not_ingested,not_codified,not_normalized,not_matched,"{""candidate_id"": ""BRM5C-BRM5-20260731-07844-01"", ""final"": ""https://static1.squarespace.com/static/5c8d0b3965a707ecd292ee54/t/5cc641717817f7fabe8822a9/1556496753541/15+-+EMPLOYEE+REGULATIONS+-+CHAPTER+11+%282%29.pdf"", ""original"": ""https://www.myokawville.com/s/15-EMPLOYEE-REGULATIONS-CHAPTER-11-2.pdf"", ""scout_target_id"": ""BRM5-20260731-07844""}"
BRMGRS-20260802-6104242d1996065cb9c4445c,RMSRD-20260802-9280dada70abbc667cc3,RMSRD-20260802-9280dada70abbc667cc3,BRM5C-BRM5-20260731-05087-01,Carlos,MN,Midwest,pdf,budget_or_pay_plan,non_cba_or_unresolved_hint,high_priority_verification_ready,9,0,9,local_context_only,local_context_candidate,qual_ordinance_or_council_adoption,weak,false,true,false,false,false,false,false,false,false,local_context_candidate,0.8600,Aggregated 9 schema-valid bounded span ratings; strongest claim bucket local_context_only and downstream use local_context_candidate.,false,,BRMGRP-20260802-f2b050258e475f6a14311cea,gabriel_rating_lane_002,"bounded documentary rating only; not ingested or codified; no pay normalization, wage-gap estimate, national prevalence, treatment effect, or final causal claim; global analysis readiness remains false",false,not_ingested,not_codified,not_normalized,not_matched,"{""candidate_id"": ""BRM5C-BRM5-20260731-05087-01"", ""final"": ""https://cityofcarlos.com/documents/277/MBC_Title_03.pdf"", ""original"": ""https://cityofcarlos.com/documents/277/MBC_Title_03.pdf"", ""scout_target_id"": ""BRM5-20260731-05087""}"
BRMGRS-20260802-1a837da4c99145393e03c8cb,RMSRD-20260802-4b090bfcb50ccb114ed1,RMSRD-20260802-4b090bfcb50ccb114ed1,BRM5C-BRM5-20260731-02374-02,Perry,OH,Midwest,html,cba,cba_arbitration_factfinding_hint,medium_priority_verification_ready,9,7,2,quantitative_direct_text_claim_ready,core_finding_candidate,quant_allowance_or_reimbursement,moderate,true,true,true,false,false,false,false,true,false,core_finding_candidate,0.8667,Aggregated 9 schema-valid bounded span ratings; strongest claim bucket quantitative_direct_text_claim_ready and downstream use core_finding_candidate.,false,,BRMGRP-20260802-713b16de34c2cc5517a85f3a,gabriel_rating_lane_002,"bounded documentary rating only; not ingested or codified; no pay normalization, wage-gap estimate, national prevalence, treatment effect, or final causal claim; global analysis readiness remains false",false,not_ingested,not_codified,not_normalized,not_matched,"{""candidate_id"": ""BRM5C-BRM5-20260731-02374-02"", ""final"": ""https://perryvillageohio.com/announcements"", ""original"": ""https://perryvillageohio.com/announcements/"", ""scout_target_id"": ""BRM5-20260731-02374""}"
BRMGRS-20260802-a3508a4f9cb4f0040f025678,RMSRD-20260802-7812a049a3f37201e9a8,RMSRD-20260802-7812a049a3f37201e9a8,BRM5C-BRM5-20260731-07373-01,Clarendon,TX,South,pdf,mou_or_memorandum,non_cba_or_unresolved_hint,high_priority_verification_ready,9,5,4,quantitative_direct_text_claim_ready,core_finding_candidate,quant_retroactive_pay_or_lump_sum,moderate,true,true,true,false,false,false,false,true,true,core_finding_candidate,0.8711,Aggregated 9 schema-valid bounded span ratings; strongest claim bucket quantitative_direct_text_claim_ready and downstream use core_finding_candidate.,false,,BRMGRP-20260802-08df8682e230a44a751acfff,gabriel_rating_lane_002,"bounded documentary rating only; not ingested or codified; no pay normalization, wage-gap estimate, national prevalence, treatment effect, or final causal claim; global analysis readiness remains false",false,not_ingested,not_codified,not_normalized,not_matched,"{""candidate_id"": ""BRM5C-BRM5-20260731-07373-01"", ""final"": ""https://cityofclarendontx.com/documents/451/2025_Covey_Employment_Agreement_OCR.pdf"", ""original"": ""https://cityofclarendontx.com/documents/451/2025_Covey_Employment_Agreement_OCR.pdf"", ""scout_target_id"": ""BRM5-20260731-07373""}"
BRMGRS-20260802-a5604e58ae60e76092efefc7,RMSRD-20260802-1b5c7e9da2f61427158b,RMSRD-20260802-1b5c7e9da2f61427158b,BRM5C-BRM5-20260731-16277-01,Bethel,MN,Midwest,pdf,other_local_government_pay_policy,non_cba_or_unresolved_hint,high_priority_verification_ready,9,0,9,qualitative_mechanism_claim_ready,mechanism_summary_candidate,qual_ordinance_or_council_adoption,central,false,true,false,false,false,false,false,false,false,mechanism_summary_candidate,0.8600,Aggregated 9 schema-valid bounded span ratings; strongest claim bucket qualitative_mechanism_claim_ready and downstream use mechanism_summary_candidate.,false,,BRMGRP-20260802-c546d81f79d81f47fa98f41d,gabriel_rating_lane_002,"bounded documentary rating only; not ingested or codified; no pay normalization, wage-gap estimate, national prevalence, treatment effect, or final causal claim; global analysis readiness remains false",false,not_ingested,not_codified,not_normalized,not_matched,"{""candidate_id"": ""BRM5C-BRM5-20260731-16277-01"", ""final"": ""https://bethelmn.gov/wp-content/uploads/2025/01/Bethel-Codebook-Jan-1-2025.pdf"", ""original"": ""https://bethelmn.gov/wp-content/uploads/2025/01/Bethel-Codebook-Jan-1-2025.pdf"", ""scout_target_id"": ""BRM5-20260731-16277""}"
BRMGRS-20260802-2b9b90def45f199c6aeb30be,RMSRD-20260802-902acef5ca6831deeaf7,RMSRD-20260802-902acef5ca6831deeaf7,BRM5C-BRM5-20260731-05998-01,Franklin,OH,Midwest,pdf,other_local_government_pay_policy,non_cba_or_unresolved_hint,high_priority_verification_ready,9,4,5,quantitative_direct_text_claim_ready,supporting_example_candidate,quant_allowance_or_reimbursement,moderate,true,true,true,true,false,false,false,true,true,supporting_example_candidate,0.8956,Aggregated 9 schema-valid bounded span ratings; strongest claim bucket quantitative_direct_text_claim_ready and downstream use supporting_example_candidate.,false,,BRMGRP-20260802-f7aebae474623984287691bb,gabriel_rating_lane_002,"bounded documentary rating only; not ingested or codified; no pay normalization, wage-gap estimate, national prevalence, treatment effect, or final causal claim; global analysis readiness remains false",false,not_ingested,not_codified,not_normalized,not_matched,"{""candidate_id"": ""BRM5C-BRM5-20260731-05998-01"", ""final"": ""https://cms2.revize.com/revize/franklinoh/Legislation/Resolutions/2025/R-25-88%20Pay%20Rates%202026.pdf"", ""original"": ""https://cms2.revize.com/revize/franklinoh/Legislation/Resolutions/2025/R-25-88%20Pay%20Rates%202026.pdf?t=202512171012090"", ""scout_target_id"": ""BRM5-20260731-05998""}"
BRMGRS-20260802-b76f590a55bba7fd80f498a5,RMSRD-20260802-ee8bfe970d0a48e6e9e6,RMSRD-20260802-ee8bfe970d0a48e6e9e6,BRM5C-BRM5-20260731-03247-02,Greenwood,PA,Northeast,pdf,personnel_policy,non_cba_or_unresolved_hint,high_priority_verification_ready,9,4,5,mixed_quant_qual_claim_ready,core_finding_candidate,quant_cpi_indexed_adjustment,moderate,true,false,false,false,false,false,false,true,false,core_finding_candidate,0.8844,Aggregated 9 schema-valid bounded span ratings; strongest claim bucket mixed_quant_qual_claim_ready and downstream use core_finding_candidate.,false,,BRMGRP-20260802-174684066721c0b7d062e75d,gabriel_rating_lane_002,"bounded documentary rating only; not ingested or codified; no pay normalization, wage-gap estimate, national prevalence, treatment effect, or final causal claim; global analysis readiness remains false",false,not_ingested,not_codified,not_normalized,not_matched,"{""candidate_id"": ""BRM5C-BRM5-20260731-03247-02"", ""final"": ""https://greenwoodtwpcrawfordpa.gov/wp-content/uploads/2026/02/01-2026-Reorganization-minutes-.pdf"", ""original"": ""https://greenwoodtwpcrawfordpa.gov/wp-content/uploads/2026/02/01-2026-Reorganization-minutes-.pdf"", ""scout_target_id"": ""BRM5-20260731-03247""}"
BRMGRS-20260802-4f566c502efd16378c1e4b6a,RMSRD-20260802-6a9a9f64b710f203175b,RMSRD-20260802-6a9a9f64b710f203175b,BRM5C-BRM5-20260731-12849-01,Silver Creek,MN,Midwest,pdf,wage_schedule,non_cba_or_unresolved_hint,medium_priority_verification_ready,9,6,3,mixed_quant_qual_claim_ready,core_finding_candidate,quant_allowance_or_reimbursement,moderate,true,true,true,false,false,false,false,true,false,core_finding_candidate,0.9133,Aggregated 9 schema-valid bounded span ratings; strongest claim bucket mixed_quant_qual_claim_ready and downstream use core_finding_candidate.,false,,BRMGRP-20260802-7f3f218df261ea7bba4b150d,gabriel_rating_lane_002,"bounded documentary rating only; not ingested or codified; no pay normalization, wage-gap estimate, national prevalence, treatment effect, or final causal claim; global analysis readiness remains false",false,not_ingested,not_codified,not_normalized,not_matched,"{""candidate_id"": ""BRM5C-BRM5-20260731-12849-01"", ""final"": ""https://img1.wsimg.com/blobby/go/4a233d42-46db-4451-805e-b2c8e615078e/downloads/f2475697-8ef4-4e02-96cd-a738b418d3b0/2025%20Organizational%20Meeting.pdf"", ""original"": ""https://img1.wsimg.com/blobby/go/4a233d42-46db-4451-805e-b2c8e615078e/downloads/f2475697-8ef4-4e02-96cd-a738b418d3b0/2025%20Organizational%20Meeting.pdf?ver=1785436372215"", ""scout_target_id"": ""BRM5-20260731-12849""}"
BRMGRS-20260802-12f09c4cb1849ff966b6bf05,RMSRD-20260802-9df65df1aa765b6041d2,RMSRD-20260802-9df65df1aa765b6041d2,BRM5C-BRM5-20260731-11478-02,Harrisburg,IL,Midwest,html,agenda_packet_or_minutes,cba_arbitration_factfinding_hint,medium_priority_verification_ready,8,4,4,quantitative_direct_text_claim_ready,core_finding_candidate,qual_mou_or_settlement,weak,true,false,false,true,false,false,false,false,true,core_finding_candidate,0.9000,Aggregated 8 schema-valid bounded span ratings; strongest claim bucket quantitative_direct_text_claim_ready and downstream use core_finding_candidate.,false,,BRMGRP-20260802-57ccb753218ee45db713a776,gabriel_rating_lane_002,"bounded documentary rating only; not ingested or codified; no pay normalization, wage-gap estimate, national prevalence, treatment effect, or final causal claim; global analysis readiness remains false",false,not_ingested,not_codified,not_normalized,not_matched,"{""candidate_id"": ""BRM5C-BRM5-20260731-11478-02"", ""final"": ""https://harrisburgillinois.com/council-agenda-minutes/council-minute-01-16-25"", ""original"": ""https://www.harrisburgillinois.com/council-agenda-minutes/council-minute-01-16-25"", ""scout_target_id"": ""BRM5-20260731-11478""}"
BRMGRS-20260802-48dfa6e1837fb8cad158d4ab,RMSRD-20260802-603a4a6e61c6455f180e,RMSRD-20260802-603a4a6e61c6455f180e,BRM5C-BRM5-20260731-01409-02,Fish Lake,MN,Midwest,pdf,agenda_packet_or_minutes,non_cba_or_unresolved_hint,high_priority_verification_ready,8,4,4,quantitative_direct_text_claim_ready,core_finding_candidate,quant_allowance_or_reimbursement,moderate,true,true,true,false,false,false,false,true,false,core_finding_candidate,0.8750,Aggregated 8 schema-valid bounded span ratings; strongest claim bucket quantitative_direct_text_claim_ready and downstream use core_finding_candidate.,false,,BRMGRP-20260802-55be15642104956ce96cfcda,gabriel_rating_lane_002,"bounded documentary rating only; not ingested or codified; no pay normalization, wage-gap estimate, national prevalence, treatment effect, or final causal claim; global analysis readiness remains false",false,not_ingested,not_codified,not_normalized,not_matched,"{""candidate_id"": ""BRM5C-BRM5-20260731-01409-02"", ""final"": ""https://fishlaketownshipmn.gov/_files/ugd/a306e1_86230a0b1b92485890a7beaf6a8e8566.pdf"", ""original"": ""https://www.fishlaketownshipmn.gov/_files/ugd/a306e1_86230a0b1b92485890a7beaf6a8e8566.pdf"", ""scout_target_id"": ""BRM5-20260731-01409""}"
BRMGRS-20260802-33aa86afa28247f6cad0a939,RMSRD-20260802-6af47b742f6c72925192,RMSRD-20260802-6af47b742f6c72925192,BRM5C-BRM5-20260731-03450-01,Summit,PA,Northeast,pdf,agenda_packet_or_minutes,non_cba_or_unresolved_hint,high_priority_verification_ready,8,6,2,quantitative_direct_text_claim_ready,supporting_example_candidate,qual_market_recruitment_retention_pressure,weak,true,false,false,false,false,false,false,false,false,supporting_example_candidate,0.9200,Aggregated 8 schema-valid bounded span ratings; strongest claim bucket quantitative_direct_text_claim_ready and downstream use supporting_example_candidate.,false,,BRMGRP-20260802-458ce8a32f737035d8c6acbb,gabriel_rating_lane_002,"bounded documentary rating only; not ingested or codified; no pay normalization, wage-gap estimate, national prevalence, treatment effect, or final causal claim; global analysis readiness remains false",false,not_ingested,not_codified,not_normalized,not_matched,"{""candidate_id"": ""BRM5C-BRM5-20260731-03450-01"", ""final"": ""https://summitcrawford.com/wp-content/uploads/2025/04/2025-Jan-6-Organization-Minutes.pdf"", ""original"": ""https://summitcrawford.com/wp-content/uploads/2025/04/2025-Jan-6-Organization-Minutes.pdf"", ""scout_target_id"": ""BRM5-20260731-03450""}"
BRMGRS-20260802-2b81252c3444b25006a1a311,RMSRD-20260802-d929ac44488fca5f7bea,RMSRD-20260802-d929ac44488fca5f7bea,BRM5C-BRM5-20260731-18701-01,Woodcreek,TX,South,pdf,agenda_packet_or_minutes,non_cba_or_unresolved_hint,high_priority_verification_ready,8,3,5,weak_or_not_supported,exclude_or_write_off,quant_longevity_or_service_pay,none,false,false,false,false,false,false,false,true,true,exclude_or_write_off,0.8525,Aggregated 8 schema-valid bounded span ratings; strongest claim bucket weak_or_not_supported and downstream use exclude_or_write_off.,false,,BRMGRP-20260802-64ba9c8af7e35d63094b75c3,gabriel_rating_lane_002,"bounded documentary rating only; not ingested or codified; no pay normalization, wage-gap estimate, national prevalence, treatment effect, or final causal claim; global analysis readiness remains false",false,not_ingested,not_codified,not_normalized,not_matched,"{""candidate_id"": ""BRM5C-BRM5-20260731-18701-01"", ""final"": ""https://woodcreektx.gov/AgendaCenter/ViewFile/Agenda/_03112026-254"", ""original"": ""https://www.woodcreektx.gov/AgendaCenter/ViewFile/Agenda/_03112026-254?packet=true"", ""scout_target_id"": ""BRM5-20260731-18701""}"
BRMGRS-20260802-d7711447b08f24eccfd289ae,RMSRD-20260802-2e5e1026b7d263721ff6,RMSRD-20260802-2e5e1026b7d263721ff6,BRM5C-BRM5-20260731-10268-01,Monticello,WI,Midwest,pdf,arbitration_award,cba_arbitration_factfinding_hint,medium_priority_verification_ready,8,3,5,quantitative_direct_text_claim_ready,core_finding_candidate,qual_collective_bargaining,weak,true,false,false,false,false,false,false,true,true,core_finding_candidate,0.8775,Aggregated 8 schema-valid bounded span ratings; strongest claim bucket quantitative_direct_text_claim_ready and downstream use core_finding_candidate.,false,,BRMGRP-20260802-7f026bba4a5afb82b862eba3,gabriel_rating_lane_002,"bounded documentary rating only; not ingested or codified; no pay normalization, wage-gap estimate, national prevalence, treatment effect, or final causal claim; global analysis readiness remains false",false,not_ingested,not_codified,not_normalized,not_matched,"{""candidate_id"": ""BRM5C-BRM5-20260731-10268-01"", ""final"": ""https://werc.wi.gov/decisions/18463-A.pdf"", ""original"": ""https://werc.wi.gov/decisions/18463-A.pdf"", ""scout_target_id"": ""BRM5-20260731-10268""}"
BRMGRS-20260802-b3a17ad0c78d182946e19b34,RMSRD-20260802-f3274d2e5efce833dc91,RMSRD-20260802-f3274d2e5efce833dc91,BRM5C-BRM5-20260731-16106-01,Isabella,MI,Midwest,pdf,budget_or_pay_plan,non_cba_or_unresolved_hint,medium_priority_verification_ready,8,2,6,qualitative_mechanism_claim_ready,supporting_example_candidate,quant_allowance_or_reimbursement,moderate,false,true,false,false,false,false,false,true,false,supporting_example_candidate,0.8550,Aggregated 8 schema-valid bounded span ratings; strongest claim bucket qualitative_mechanism_claim_ready and downstream use supporting_example_candidate.,false,,BRMGRP-20260802-c20ec5e9b178e084f39bfb56,gabriel_rating_lane_002,"bounded documentary rating only; not ingested or codified; no pay normalization, wage-gap estimate, national prevalence, treatment effect, or final causal claim; global analysis readiness remains false",false,not_ingested,not_codified,not_normalized,not_matched,"{""candidate_id"": ""BRM5C-BRM5-20260731-16106-01"", ""final"": ""https://webgen1files1.revize.com/lakeisabellami/Government/Meeting%20Minutes/2023/2023-07-18-VC-packet.pdf"", ""original"": ""https://www.lakeisabellami.org/Government/Meeting%20Minutes/2023/2023-07-18-VC-packet.pdf"", ""scout_target_id"": ""BRM5-20260731-16106""}"
BRMGRS-20260802-05261f0a2be66a6c46eee4bd,RMSRD-20260802-3341c96f7348bff8cdda,RMSRD-20260802-3341c96f7348bff8cdda,BRM5C-BRM5-20260731-10793-03,Lower Heidelberg,PA,Northeast,pdf,budget_or_pay_plan,non_cba_or_unresolved_hint,high_priority_verification_ready,8,4,4,quantitative_direct_text_claim_ready,supporting_example_candidate,quant_longevity_or_service_pay,none,true,false,false,true,false,false,false,true,false,supporting_example_candidate,0.8500,Aggregated 8 schema-valid bounded span ratings; strongest claim bucket quantitative_direct_text_claim_ready and downstream use supporting_example_candidate.,false,,BRMGRP-20260802-9da25e735a6be8a2f4368298,gabriel_rating_lane_002,"bounded documentary rating only; not ingested or codified; no pay normalization, wage-gap estimate, national prevalence, treatment effect, or final causal claim; global analysis readiness remains false",false,not_ingested,not_codified,not_normalized,not_matched,"{""candidate_id"": ""BRM5C-BRM5-20260731-10793-03"", ""final"": ""https://lowerheidelbergtownship.org/wp-content/uploads/2025/12/2026-Budget-Final-for-Public.pdf"", ""original"": ""https://lowerheidelbergtownship.org/wp-content/uploads/2025/12/2026-Budget-Final-for-Public.pdf"", ""scout_target_id"": ""BRM5-20260731-10793""}"
BRMGRS-20260802-de21ff83c42223c423b29818,RMSRD-20260802-ee4cc074168842329cd7,RMSRD-20260802-ee4cc074168842329cd7,BRM5C-BRM5-20260731-07227-01,Warwick,PA,Northeast,pdf,budget_or_pay_plan,non_cba_or_unresolved_hint,high_priority_verification_ready,8,4,4,mixed_quant_qual_claim_ready,core_finding_candidate,quant_percentage_raise_or_cola,central,true,true,true,true,false,false,false,true,true,core_finding_candidate,0.8875,Aggregated 8 schema-valid bounded span ratings; strongest claim bucket mixed_quant_qual_claim_ready and downstream use core_finding_candidate.,false,,BRMGRP-20260802-4e6a8dbac978700da0420494,gabriel_rating_lane_002,"bounded documentary rating only; not ingested or codified; no pay normalization, wage-gap estimate, national prevalence, treatment effect, or final causal claim; global analysis readiness remains false",false,not_ingested,not_codified,not_normalized,not_matched,"{""candidate_id"": ""BRM5C-BRM5-20260731-07227-01"", ""final"": ""https://warwick-bucks.com/wp-content/uploads/2024/10/2025-Draft-Budget-10.23-2.pdf"", ""original"": ""https://warwick-bucks.com/wp-content/uploads/2024/10/2025-Draft-Budget-10.23-2.pdf"", ""scout_target_id"": ""BRM5-20260731-07227""}"
BRMGRS-20260802-9aa865f9694b1d29c0d1f014,RMSRD-20260802-a8dc09b1a97ffde8de1a,RMSRD-20260802-a8dc09b1a97ffde8de1a,BRM5C-BRM5-20260731-11042-01,Colerain,NC,South,pdf,cba,cba_arbitration_factfinding_hint,medium_priority_verification_ready,8,4,4,qualitative_mechanism_claim_ready,supporting_example_candidate,quant_cpi_indexed_adjustment,moderate,false,true,false,false,false,false,false,true,false,supporting_example_candidate,0.8500,Aggregated 8 schema-valid bounded span ratings; strongest claim bucket qualitative_mechanism_claim_ready and downstream use supporting_example_candidate.,false,,BRMGRP-20260802-053bc32c2520b494e95ec236,gabriel_rating_lane_002,"bounded documentary rating only; not ingested or codified; no pay normalization, wage-gap estimate, national prevalence, treatment effect, or final causal claim; global analysis readiness remains false",false,not_ingested,not_codified,not_normalized,not_matched,"{""candidate_id"": ""BRM5C-BRM5-20260731-11042-01"", ""final"": ""https://lgreports.nctreasurer.com/Reports/2021/Municipality/Colerain.pdf"", ""original"": ""https://lgreports.nctreasurer.com/Reports/2021/Municipality/Colerain.pdf"", ""scout_target_id"": ""BRM5-20260731-11042""}"
BRMGRS-20260802-6e9b88d395ac4172ad841376,RMSRD-20260802-52de53b581eb05ff1567,RMSRD-20260802-52de53b581eb05ff1567,BRM5C-BRM5-20260731-10293-02,Perry,WI,Midwest,pdf,factfinding_report,cba_arbitration_factfinding_hint,high_priority_verification_ready,8,7,1,mixed_quant_qual_claim_ready,core_finding_candidate,quant_other_compensation_value,weak,true,false,false,true,false,false,false,true,false,core_finding_candidate,0.9050,Aggregated 8 schema-valid bounded span ratings; strongest claim bucket mixed_quant_qual_claim_ready and downstream use core_finding_candidate.,false,,BRMGRP-20260802-9e99e36b73fd03f37f3e37ab,gabriel_rating_lane_002,"bounded documentary rating only; not ingested or codified; no pay normalization, wage-gap estimate, national prevalence, treatment effect, or final causal claim; global analysis readiness remains false",false,not_ingested,not_codified,not_normalized,not_matched,"{""candidate_id"": ""BRM5C-BRM5-20260731-10293-02"", ""final"": ""https://perry-wi.gov/wp-content/uploads/2020/07/TownBoardMinutes121019.pdf"", ""original"": ""https://www.perry-wi.gov/wp-content/uploads/2020/07/TownBoardMinutes121019.pdf"", ""scout_target_id"": ""BRM5-20260731-10293""}"
BRMGRS-20260802-706b6e189db4752950616f6b,RMSRD-20260802-76d36d44d825f30c3ce6,RMSRD-20260802-76d36d44d825f30c3ce6,BRM5C-BRM5-20260731-17104-01,Mead,NE,Midwest,pdf,other_local_government_pay_policy,non_cba_or_unresolved_hint,medium_priority_verification_ready,8,1,7,quantitative_direct_text_claim_ready,quantitative_normalization_candidate,quant_allowance_or_reimbursement,none,true,false,false,false,false,false,false,true,true,quantitative_normalization_candidate,0.8700,Aggregated 8 schema-valid bounded span ratings; strongest claim bucket quantitative_direct_text_claim_ready and downstream use quantitative_normalization_candidate.,false,,BRMGRP-20260802-04e28113417c0bfc42b74b04,gabriel_rating_lane_002,"bounded documentary rating only; not ingested or codified; no pay normalization, wage-gap estimate, national prevalence, treatment effect, or final causal claim; global analysis readiness remains false",false,not_ingested,not_codified,not_normalized,not_matched,"{""candidate_id"": ""BRM5C-BRM5-20260731-17104-01"", ""final"": ""https://img1.wsimg.com/blobby/go/33296aef-4b9e-42d7-adf7-e2ae1e0522cb/downloads/c7cfb98d-b5f8-40cd-bc14-f59ac32361f1/Mead-Municipal-Code-Book-2025-3.pdf"", ""original"": ""https://img1.wsimg.com/blobby/go/33296aef-4b9e-42d7-adf7-e2ae1e0522cb/downloads/c7cfb98d-b5f8-40cd-bc14-f59ac32361f1/Mead-Municipal-Code-Book-2025-3.pdf?ver=1784306143747"", ""scout_target_id"": ""BRM5-20260731-17104""}"
BRMGRS-20260802-17f921e90247e5fd6158eb85,RMSRD-20260802-b647df2b0f542c35db43,RMSRD-20260802-b647df2b0f542c35db43,BRM5C-BRM5-20260731-09232-01,Glenaire,MO,Midwest,pdf,salary_ordinance,non_cba_or_unresolved_hint,high_priority_verification_ready,8,4,4,quantitative_direct_text_claim_ready,core_finding_candidate,quant_other_compensation_value,none,true,false,false,false,true,false,false,false,false,core_finding_candidate,0.8625,Aggregated 8 schema-valid bounded span ratings; strongest claim bucket quantitative_direct_text_claim_ready and downstream use core_finding_candidate.,false,,BRMGRP-20260802-7d8e004c3ffa19ef427f0fb6,gabriel_rating_lane_002,"bounded documentary rating only; not ingested or codified; no pay normalization, wage-gap estimate, national prevalence, treatment effect, or final causal claim; global analysis readiness remains false",false,not_ingested,not_codified,not_normalized,not_matched,"{""candidate_id"": ""BRM5C-BRM5-20260731-09232-01"", ""final"": ""https://cityofglenaire.org/wp-content/uploads/2023/03/Glenaire-Code-02232022.pdf"", ""original"": ""https://cityofglenaire.org/wp-content/uploads/2023/03/Glenaire-Code-02232022.pdf"", ""scout_target_id"": ""BRM5-20260731-09232""}"
BRMGRS-20260802-8f16d6c73989b66c478f884e,RMSRD-20260802-4b33e4aa28ea2db77ca4,RMSRD-20260802-4b33e4aa28ea2db77ca4,BRM5C-BRM5-20260731-12489-01,Victory,MI,Midwest,html,agenda_packet_or_minutes,non_cba_or_unresolved_hint,medium_priority_verification_ready,7,7,0,mixed_quant_qual_claim_ready,core_finding_candidate,quant_percentage_raise_or_cola,strong,true,false,false,false,true,false,false,false,false,core_finding_candidate,0.9257,Aggregated 7 schema-valid bounded span ratings; strongest claim bucket mixed_quant_qual_claim_ready and downstream use core_finding_candidate.,false,,BRMGRP-20260802-ab82fb0ab9c1dd1e799ff186,gabriel_rating_lane_002,"bounded documentary rating only; not ingested or codified; no pay normalization, wage-gap estimate, national prevalence, treatment effect, or final causal claim; global analysis readiness remains false",false,not_ingested,not_codified,not_normalized,not_matched,"{""candidate_id"": ""BRM5C-BRM5-20260731-12489-01"", ""final"": ""https://victorytownship.org/minutes-2025/march-2025"", ""original"": ""https://www.victorytownship.org/minutes-2025/march-2025"", ""scout_target_id"": ""BRM5-20260731-12489""}"
BRMGRS-20260802-c20f037c3c2a85b63d4b8f54,RMSRD-20260802-ab2ed9135a9b2f667e5d,RMSRD-20260802-ab2ed9135a9b2f667e5d,BRM5C-BRM5-20260731-06757-02,Lodi,NY,Northeast,pdf,agenda_packet_or_minutes,non_cba_or_unresolved_hint,high_priority_verification_ready,7,3,4,quantitative_direct_text_claim_ready,supporting_example_candidate,qual_budget_or_fiscal_constraint,moderate,true,true,true,false,false,false,false,false,false,supporting_example_candidate,0.8943,Aggregated 7 schema-valid bounded span ratings; strongest claim bucket quantitative_direct_text_claim_ready and downstream use supporting_example_candidate.,false,,BRMGRP-20260802-6b4298ee4e931ec6149da3e0,gabriel_rating_lane_002,"bounded documentary rating only; not ingested or codified; no pay normalization, wage-gap estimate, national prevalence, treatment effect, or final causal claim; global analysis readiness remains false",false,not_ingested,not_codified,not_normalized,not_matched,"{""candidate_id"": ""BRM5C-BRM5-20260731-06757-02"", ""final"": ""https://lodiny.com/wp-content/uploads/2024/12/Meeting-11-13-2024.pdf"", ""original"": ""https://lodiny.com/wp-content/uploads/2024/12/Meeting-11-13-2024.pdf"", ""scout_target_id"": ""BRM5-20260731-06757""}"
BRMGRS-20260802-6af79e351ff2771b0f72fc77,RMSRD-20260802-803c83ba5626bebcd291,RMSRD-20260802-803c83ba5626bebcd291,BRM5C-BRM5-20260731-12291-01,Butman,MI,Midwest,pdf,arbitration_award,cba_arbitration_factfinding_hint,high_priority_verification_ready,7,1,6,qualitative_mechanism_claim_ready,local_context_candidate,quant_overtime_or_holiday_rate,weak,false,true,false,false,false,false,false,true,true,local_context_candidate,0.8571,Aggregated 7 schema-valid bounded span ratings; strongest claim bucket qualitative_mechanism_claim_ready and downstream use local_context_candidate.,false,,BRMGRP-20260802-5262803fc3cabb3b3ae36cb8,gabriel_rating_lane_002,"bounded documentary rating only; not ingested or codified; no pay normalization, wage-gap estimate, national prevalence, treatment effect, or final causal claim; global analysis readiness remains false",false,not_ingested,not_codified,not_normalized,not_matched,"{""candidate_id"": ""BRM5C-BRM5-20260731-12291-01"", ""final"": ""https://michigan.gov/-/media/Project/Websites/leo/Documents/BER18/uc98j39.pdf"", ""original"": ""https://www.michigan.gov/-/media/Project/Websites/leo/Documents/BER18/uc98j39.pdf?rev=0e1c538e691d443898fdffb2258d4d4e"", ""scout_target_id"": ""BRM5-20260731-12291""}"
BRMGRS-20260802-06cec3dc60c3f372208505f3,RMSRD-20260802-734640d94ddf41302527,RMSRD-20260802-734640d94ddf41302527,BRM5C-BRM5-20260731-16155-01,Norvell,MI,Midwest,pdf,budget_or_pay_plan,non_cba_or_unresolved_hint,high_priority_verification_ready,7,6,1,mixed_quant_qual_claim_ready,core_finding_candidate,quant_budget_or_pay_plan_amount,moderate,true,false,false,false,false,false,false,true,false,core_finding_candidate,0.9000,Aggregated 7 schema-valid bounded span ratings; strongest claim bucket mixed_quant_qual_claim_ready and downstream use core_finding_candidate.,false,,BRMGRP-20260802-31f999ef2e5302397ca8e8e0,gabriel_rating_lane_002,"bounded documentary rating only; not ingested or codified; no pay normalization, wage-gap estimate, national prevalence, treatment effect, or final causal claim; global analysis readiness remains false",false,not_ingested,not_codified,not_normalized,not_matched,"{""candidate_id"": ""BRM5C-BRM5-20260731-16155-01"", ""final"": ""https://norvelltwp-mi.gov/wp-content/uploads/2025/03/1-Board-Packet-March-2025.pdf"", ""original"": ""https://norvelltwp-mi.gov/wp-content/uploads/2025/03/1-Board-Packet-March-2025.pdf"", ""scout_target_id"": ""BRM5-20260731-16155""}"
BRMGRS-20260802-edf8d5787a3e66952ee3fe9b,RMSRD-20260802-bf191a5995d95d8fd9f2,RMSRD-20260802-bf191a5995d95d8fd9f2,BRM5C-BRM5-20260731-10428-02,Colden,NY,Northeast,pdf,budget_or_pay_plan,non_cba_or_unresolved_hint,high_priority_verification_ready,7,4,3,quantitative_direct_text_claim_ready,core_finding_candidate,qual_budget_or_fiscal_constraint,moderate,true,true,true,false,false,false,false,true,false,core_finding_candidate,0.8486,Aggregated 7 schema-valid bounded span ratings; strongest claim bucket quantitative_direct_text_claim_ready and downstream use core_finding_candidate.,false,,BRMGRP-20260802-8803c0e6e246dc4f63dc063c,gabriel_rating_lane_002,"bounded documentary rating only; not ingested or codified; no pay normalization, wage-gap estimate, national prevalence, treatment effect, or final causal claim; global analysis readiness remains false",false,not_ingested,not_codified,not_normalized,not_matched,"{""candidate_id"": ""BRM5C-BRM5-20260731-10428-02"", ""final"": ""https://townofcolden.com/site/wp-content/uploads/2022/12/Adopted-2023-Budget-11-20-22.pdf"", ""original"": ""https://www.townofcolden.com/site/wp-content/uploads/2022/12/Adopted-2023-Budget-11-20-22.pdf"", ""scout_target_id"": ""BRM5-20260731-10428""}"
BRMGRS-20260802-111f68afe5f0cdace7abc1df,RMSRD-20260802-3139b47644e6ffc5314b,RMSRD-20260802-3139b47644e6ffc5314b,BRM5C-BRM5-20260731-11333-01,Auburn,IL,Midwest,pdf,mou_or_memorandum,non_cba_or_unresolved_hint,high_priority_verification_ready,7,5,2,quantitative_direct_text_claim_ready,core_finding_candidate,qual_mou_or_settlement,weak,true,false,false,false,false,false,false,false,true,core_finding_candidate,0.9171,Aggregated 7 schema-valid bounded span ratings; strongest claim bucket quantitative_direct_text_claim_ready and downstream use core_finding_candidate.,false,,BRMGRP-20260802-a800a496af309e053c637fce,gabriel_rating_lane_002,"bounded documentary rating only; not ingested or codified; no pay normalization, wage-gap estimate, national prevalence, treatment effect, or final causal claim; global analysis readiness remains false",false,not_ingested,not_codified,not_normalized,not_matched,"{""candidate_id"": ""BRM5C-BRM5-20260731-11333-01"", ""final"": ""https://auburnillinois.us/files/manual/2294/050624%20Meeting%20Minutes.pdf"", ""original"": ""https://auburnillinois.us/files/manual/2294/050624%20Meeting%20Minutes.pdf"", ""scout_target_id"": ""BRM5-20260731-11333""}"
BRMGRS-20260802-598c1b8952509d8f1aa0d847,RMSRD-20260802-9100811fe54e033eb4f4,RMSRD-20260802-9100811fe54e033eb4f4,BRM5C-BRM5-20260731-07083-01,Millcreek,PA,Northeast,pdf,mou_or_memorandum,non_cba_or_unresolved_hint,high_priority_verification_ready,7,4,3,quantitative_direct_text_claim_ready,core_finding_candidate,qual_mou_or_settlement,moderate,true,true,true,false,false,false,false,false,true,core_finding_candidate,0.8914,Aggregated 7 schema-valid bounded span ratings; strongest claim bucket quantitative_direct_text_claim_ready and downstream use core_finding_candidate.,false,,BRMGRP-20260802-51bc9c2bcc863ea295159845,gabriel_rating_lane_002,"bounded documentary rating only; not ingested or codified; no pay normalization, wage-gap estimate, national prevalence, treatment effect, or final causal claim; global analysis readiness remains false",false,not_ingested,not_codified,not_normalized,not_matched,"{""candidate_id"": ""BRM5C-BRM5-20260731-07083-01"", ""final"": ""https://millcreektownship.com/AgendaCenter/ViewFile/Minutes/_12172024-448"", ""original"": ""https://millcreektownship.com/AgendaCenter/ViewFile/Minutes/_12172024-448"", ""scout_target_id"": ""BRM5-20260731-07083""}"
BRMGRS-20260802-8ea08561b7793f93d470564d,RMSRD-20260802-700e8881ce5d9eb83ced,RMSRD-20260802-700e8881ce5d9eb83ced,BRM5C-BRM5-20260731-04391-01,Marion,IN,Midwest,pdf,salary_ordinance,non_cba_or_unresolved_hint,high_priority_verification_ready,7,2,5,quantitative_direct_text_claim_ready,core_finding_candidate,quant_position_classification_pay_band,central,true,true,true,false,false,false,false,true,true,core_finding_candidate,0.8686,Aggregated 7 schema-valid bounded span ratings; strongest claim bucket quantitative_direct_text_claim_ready and downstream use core_finding_candidate.,false,,BRMGRP-20260802-c04a8eaa6665ebca43a460f8,gabriel_rating_lane_002,"bounded documentary rating only; not ingested or codified; no pay normalization, wage-gap estimate, national prevalence, treatment effect, or final causal claim; global analysis readiness remains false",false,not_ingested,not_codified,not_normalized,not_matched,"{""candidate_id"": ""BRM5C-BRM5-20260731-04391-01"", ""final"": ""https://s3.us-east-2.amazonaws.com/marion-prod/downloads/meeting/regular-meeting-870/Common-Council-Agenda-9-16-2025.pdf"", ""original"": ""https://s3.us-east-2.amazonaws.com/marion-prod/downloads/meeting/regular-meeting-870/Common-Council-Agenda-9-16-2025.pdf"", ""scout_target_id"": ""BRM5-20260731-04391""}"
BRMGRS-20260802-b4921b79bea6bf005e8e7b37,RMSRD-20260802-9cc498fb52215b37d1ae,RMSRD-20260802-9cc498fb52215b37d1ae,BRM5C-BRM5-20260731-03007-01,Lansing,NY,Northeast,pdf,wage_schedule,non_cba_or_unresolved_hint,high_priority_verification_ready,7,2,5,mixed_quant_qual_claim_ready,mechanism_summary_candidate,quant_cpi_indexed_adjustment,moderate,true,true,true,false,false,false,false,false,false,mechanism_summary_candidate,0.8686,Aggregated 7 schema-valid bounded span ratings; strongest claim bucket mixed_quant_qual_claim_ready and downstream use mechanism_summary_candidate.,false,,BRMGRP-20260802-f3d3593a9d6c05ddb3a40594,gabriel_rating_lane_002,"bounded documentary rating only; not ingested or codified; no pay normalization, wage-gap estimate, national prevalence, treatment effect, or final causal claim; global analysis readiness remains false",false,not_ingested,not_codified,not_normalized,not_matched,"{""candidate_id"": ""BRM5C-BRM5-20260731-03007-01"", ""final"": ""https://mccmeetingspublic.blob.core.usgovcloudapi.net/lansingny-meet-9b7b50c1bd084386af068c1d9ffb1bc4/ITEM-Attachment-001-1bdf2714bd9f4757931c9e91a2e8fc38.pdf"", ""original"": ""https://mccmeetingspublic.blob.core.usgovcloudapi.net/lansingny-meet-9b7b50c1bd084386af068c1d9ffb1bc4/ITEM-Attachment-001-1bdf2714bd9f4757931c9e91a2e8fc38.pdf"", ""scout_target_id"": ""BRM5-20260731-03007""}"
BRMGRS-20260802-24da22ccb46119f1021d6fd3,RMSRD-20260802-6a2bcfe08cada86e59f4,RMSRD-20260802-6a2bcfe08cada86e59f4,BRM5C-BRM5-20260731-14396-01,Clymer,PA,Northeast,pdf,wage_schedule,non_cba_or_unresolved_hint,medium_priority_verification_ready,7,5,2,quantitative_direct_text_claim_ready,core_finding_candidate,qual_cola_or_indexing_mechanism,central,true,false,false,false,false,false,false,false,false,core_finding_candidate,0.9029,Aggregated 7 schema-valid bounded span ratings; strongest claim bucket quantitative_direct_text_claim_ready and downstream use core_finding_candidate.,false,,BRMGRP-20260802-37f6ee02e2072478cf738d08,gabriel_rating_lane_002,"bounded documentary rating only; not ingested or codified; no pay normalization, wage-gap estimate, national prevalence, treatment effect, or final causal claim; global analysis readiness remains false",false,not_ingested,not_codified,not_normalized,not_matched,"{""candidate_id"": ""BRM5C-BRM5-20260731-14396-01"", ""final"": ""https://pmrs.pa.gov/wp-content/uploads/2023/12/32-039-3-N.0513-Clymer-Borough-2022-GASB-68-Report.pdf"", ""original"": ""https://pmrs.pa.gov/wp-content/uploads/2023/12/32-039-3-N.0513-Clymer-Borough-2022-GASB-68-Report.pdf"", ""scout_target_id"": ""BRM5-20260731-14396""}"
BRMGRS-20260802-0f29f6f019ce99a05a2aa1db,RMSRD-20260802-8c074f9066d36e52dd0e,RMSRD-20260802-8c074f9066d36e52dd0e,BRM5C-BRM5-20260731-16171-01,Pewamo,MI,Midwest,pdf,agenda_packet_or_minutes,non_cba_or_unresolved_hint,high_priority_verification_ready,6,6,0,quantitative_direct_text_claim_ready,core_finding_candidate,quant_percentage_raise_or_cola,moderate,true,true,true,false,false,false,false,false,false,core_finding_candidate,0.8900,Aggregated 6 schema-valid bounded span ratings; strongest claim bucket quantitative_direct_text_claim_ready and downstream use core_finding_candidate.,false,,BRMGRP-20260802-07e546e9947cdd15866d036d,gabriel_rating_lane_002,"bounded documentary rating only; not ingested or codified; no pay normalization, wage-gap estimate, national prevalence, treatment effect, or final causal claim; global analysis readiness remains false",false,not_ingested,not_codified,not_normalized,not_matched,"{""candidate_id"": ""BRM5C-BRM5-20260731-16171-01"", ""final"": ""https://pewamo.gov/wp-content/uploads/2021/08/March-2020-Minutes.pdf"", ""original"": ""https://pewamo.gov/wp-content/uploads/2021/08/March-2020-Minutes.pdf"", ""scout_target_id"": ""BRM5-20260731-16171""}"
BRMGRS-20260802-5d1fff00f2a3112bca2f8835,RMSRD-20260802-b980cabec255379f33dd,RMSRD-20260802-b980cabec255379f33dd,BRM5C-BRM5-20260731-17958-01,Keene,NY,Northeast,pdf,agenda_packet_or_minutes,non_cba_or_unresolved_hint,high_priority_verification_ready,6,3,3,quantitative_direct_text_claim_ready,supporting_example_candidate,quant_allowance_or_reimbursement,none,true,false,false,false,false,false,false,true,false,supporting_example_candidate,0.8667,Aggregated 6 schema-valid bounded span ratings; strongest claim bucket quantitative_direct_text_claim_ready and downstream use supporting_example_candidate.,false,,BRMGRP-20260802-6cdd45d75c5b85935544c609,gabriel_rating_lane_002,"bounded documentary rating only; not ingested or codified; no pay normalization, wage-gap estimate, national prevalence, treatment effect, or final causal claim; global analysis readiness remains false",false,not_ingested,not_codified,not_normalized,not_matched,"{""candidate_id"": ""BRM5C-BRM5-20260731-17958-01"", ""final"": ""https://townofkeeneny.com/wp-content/uploads/2026/04/3-1.27.26-Minutes_final.pdf"", ""original"": ""https://www.townofkeeneny.com/wp-content/uploads/2026/04/3-1.27.26-Minutes_final.pdf"", ""scout_target_id"": ""BRM5-20260731-17958""}"
BRMGRS-20260802-9f15bfeece046ad5aa10dc3e,RMSRD-20260802-27ea44eaca39c925a31f,RMSRD-20260802-27ea44eaca39c925a31f,BRM5C-BRM5-20260731-06999-01,Haines,PA,Northeast,pdf,agenda_packet_or_minutes,non_cba_or_unresolved_hint,high_priority_verification_ready,6,3,3,quantitative_direct_text_claim_ready,core_finding_candidate,quant_base_wage_direct_value,weak,true,false,false,false,false,false,false,false,false,core_finding_candidate,0.9000,Aggregated 6 schema-valid bounded span ratings; strongest claim bucket quantitative_direct_text_claim_ready and downstream use core_finding_candidate.,false,,BRMGRP-20260802-6664214ff9bf3d1acab4dcea,gabriel_rating_lane_002,"bounded documentary rating only; not ingested or codified; no pay normalization, wage-gap estimate, national prevalence, treatment effect, or final causal claim; global analysis readiness remains false",false,not_ingested,not_codified,not_normalized,not_matched,"{""candidate_id"": ""BRM5C-BRM5-20260731-06999-01"", ""final"": ""https://hainestwp.org/wp-content/uploads/2025/01/BOS-AGENDA-01-06-25.pdf"", ""original"": ""https://hainestwp.org/wp-content/uploads/2025/01/BOS-AGENDA-01-06-25.pdf"", ""scout_target_id"": ""BRM5-20260731-06999""}"
BRMGRS-20260802-c91f006b9dee746a62c6a2ca,RMSRD-20260802-b7f17cbe8368a2a7023f,RMSRD-20260802-b7f17cbe8368a2a7023f,BRM5C-BRM5-20260731-03323-01,Middleburg,PA,Northeast,pdf,agenda_packet_or_minutes,non_cba_or_unresolved_hint,medium_priority_verification_ready,6,3,3,quantitative_direct_text_claim_ready,supporting_example_candidate,qual_mou_or_settlement,moderate,true,true,true,false,false,false,false,false,true,supporting_example_candidate,0.9000,Aggregated 6 schema-valid bounded span ratings; strongest claim bucket quantitative_direct_text_claim_ready and downstream use supporting_example_candidate.,false,,BRMGRP-20260802-e3c3cff9045162f68bf7df1d,gabriel_rating_lane_002,"bounded documentary rating only; not ingested or codified; no pay normalization, wage-gap estimate, national prevalence, treatment effect, or final causal claim; global analysis readiness remains false",false,not_ingested,not_codified,not_normalized,not_matched,"{""candidate_id"": ""BRM5C-BRM5-20260731-03323-01"", ""final"": ""https://middleburgborough.com/document/council-minutes-january-5th-2026-2"", ""original"": ""https://middleburgborough.com/document/council-minutes-january-5th-2026-2/"", ""scout_target_id"": ""BRM5-20260731-03323""}"
BRMGRS-20260802-d41dc0d0accc0a57ee47dae5,RMSRD-20260802-652cf74fa531f7dd47d2,RMSRD-20260802-652cf74fa531f7dd47d2,BRM5C-BRM5-20260731-18429-01,Upper Leacock,PA,Northeast,pdf,arbitration_award,cba_arbitration_factfinding_hint,high_priority_verification_ready,6,0,6,mixed_quant_qual_claim_ready,core_finding_candidate,qual_collective_bargaining,central,false,true,false,false,false,false,false,false,true,core_finding_candidate,0.8600,Aggregated 6 schema-valid bounded span ratings; strongest claim bucket mixed_quant_qual_claim_ready and downstream use core_finding_candidate.,false,,BRMGRP-20260802-65648d059db70143edf66149,gabriel_rating_lane_002,"bounded documentary rating only; not ingested or codified; no pay normalization, wage-gap estimate, national prevalence, treatment effect, or final causal claim; global analysis readiness remains false",false,not_ingested,not_codified,not_normalized,not_matched,"{""candidate_id"": ""BRM5C-BRM5-20260731-18429-01"", ""final"": ""https://pa.gov/content/dam/copapwp-pagov/en/dli/documents/individuals/labor-management-relations/plrb/documents/orders/2011/nov/pe11-71%20upper%20leacock%20township.pdf"", ""original"": ""https://www.pa.gov/content/dam/copapwp-pagov/en/dli/documents/individuals/labor-management-relations/plrb/documents/orders/2011/nov/pe11-71%20upper%20leacock%20township.pdf"", ""scout_target_id"": ""BRM5-20260731-18429""}"
BRMGRS-20260802-fcb0e518adb7ea5a846a94b5,RMSRD-20260802-a2a2fdabe8717fb183df,RMSRD-20260802-a2a2fdabe8717fb183df,BRM5C-BRM5-20260731-01508-03,Long Lake,MN,Midwest,pdf,budget_or_pay_plan,non_cba_or_unresolved_hint,high_priority_verification_ready,6,3,3,quantitative_direct_text_claim_ready,core_finding_candidate,quant_allowance_or_reimbursement,moderate,true,true,true,false,false,false,false,true,false,core_finding_candidate,0.8833,Aggregated 6 schema-valid bounded span ratings; strongest claim bucket quantitative_direct_text_claim_ready and downstream use core_finding_candidate.,false,,BRMGRP-20260802-5926b9e9bb78180eb4290645,gabriel_rating_lane_002,"bounded documentary rating only; not ingested or codified; no pay normalization, wage-gap estimate, national prevalence, treatment effect, or final causal claim; global analysis readiness remains false",false,not_ingested,not_codified,not_normalized,not_matched,"{""candidate_id"": ""BRM5C-BRM5-20260731-01508-03"", ""final"": ""https://mccmeetingspublic.blob.core.usgovcloudapi.net/longlakemn-meet-1a3f3d68ab064d508b0a3bd2e54334f4/ITEM-Attachment-001-df94ff9ef828423d90529ca046deddb0.pdf"", ""original"": ""https://mccmeetingspublic.blob.core.usgovcloudapi.net/longlakemn-meet-1a3f3d68ab064d508b0a3bd2e54334f4/ITEM-Attachment-001-df94ff9ef828423d90529ca046deddb0.pdf"", ""scout_target_id"": ""BRM5-20260731-01508""}"
BRMGRS-20260802-3b6bdd16a5e92a0053d3e602,RMSRD-20260802-0c76b2bc9980e3b1df3a,RMSRD-20260802-0c76b2bc9980e3b1df3a,BRM5C-BRM5-20260731-18139-01,Covington,PA,Northeast,pdf,budget_or_pay_plan,non_cba_or_unresolved_hint,high_priority_verification_ready,6,3,3,quantitative_direct_text_claim_ready,core_finding_candidate,quant_overtime_or_holiday_rate,none,true,false,false,true,false,false,false,true,false,core_finding_candidate,0.8500,Aggregated 6 schema-valid bounded span ratings; strongest claim bucket quantitative_direct_text_claim_ready and downstream use core_finding_candidate.,false,,BRMGRP-20260802-a00f2cd43cd00bce2b075d98,gabriel_rating_lane_002,"bounded documentary rating only; not ingested or codified; no pay normalization, wage-gap estimate, national prevalence, treatment effect, or final causal claim; global analysis readiness remains false",false,not_ingested,not_codified,not_normalized,not_matched,"{""candidate_id"": ""BRM5C-BRM5-20260731-18139-01"", ""final"": ""https://covingtontwp.org/wp-content/uploads/2021/11/Copy-of-Copy-of-Covington-Budget-worksheet-advertised-budget.pdf"", ""original"": ""https://covingtontwp.org/wp-content/uploads/2021/11/Copy-of-Copy-of-Covington-Budget-worksheet-advertised-budget.pdf"", ""scout_target_id"": ""BRM5-20260731-18139""}"
BRMGRS-20260802-3f1704d510c210a567554a1b,RMSRD-20260802-c5f1e6f4741e851b547c,RMSRD-20260802-c5f1e6f4741e851b547c,BRM5C-BRM5-20260731-14924-01,Sabinal,TX,South,pdf,budget_or_pay_plan,non_cba_or_unresolved_hint,high_priority_verification_ready,6,3,3,quantitative_direct_text_claim_ready,supporting_example_candidate,quant_allowance_or_reimbursement,none,true,false,false,true,false,false,false,true,false,supporting_example_candidate,0.8500,Aggregated 6 schema-valid bounded span ratings; strongest claim bucket quantitative_direct_text_claim_ready and downstream use supporting_example_candidate.,false,,BRMGRP-20260802-1e7fe6cb36dc2902ad57ece2,gabriel_rating_lane_002,"bounded documentary rating only; not ingested or codified; no pay normalization, wage-gap estimate, national prevalence, treatment effect, or final causal claim; global analysis readiness remains false",false,not_ingested,not_codified,not_normalized,not_matched,"{""candidate_id"": ""BRM5C-BRM5-20260731-14924-01"", ""final"": ""https://webgen1files1.revize.com/sabinaltx/CITY%20OF%20SABINAL%202024_2025%20BUDGET.pdf"", ""original"": ""https://webgen1files1.revize.com/sabinaltx/CITY%20OF%20SABINAL%202024_2025%20BUDGET.pdf"", ""scout_target_id"": ""BRM5-20260731-14924""}"
BRMGRS-20260802-12b6849bd724179c825ccf65,RMSRD-20260802-f05b489c6ef43fdcafe7,RMSRD-20260802-f05b489c6ef43fdcafe7,BRM5C-BRM5-20260731-10292-02,Pepin,WI,Midwest,pdf,budget_or_pay_plan,non_cba_or_unresolved_hint,high_priority_verification_ready,6,3,3,quantitative_direct_text_claim_ready,supporting_example_candidate,quant_percentage_raise_or_cola,none,true,false,false,false,false,false,false,false,true,supporting_example_candidate,0.9000,Aggregated 6 schema-valid bounded span ratings; strongest claim bucket quantitative_direct_text_claim_ready and downstream use supporting_example_candidate.,false,,BRMGRP-20260802-f2ff0708a10037779034ee67,gabriel_rating_lane_002,"bounded documentary rating only; not ingested or codified; no pay normalization, wage-gap estimate, national prevalence, treatment effect, or final causal claim; global analysis readiness remains false",false,not_ingested,not_codified,not_normalized,not_matched,"{""candidate_id"": ""BRM5C-BRM5-20260731-10292-02"", ""final"": ""https://pepinwisconsin.org/wp-content/uploads/11.06.23-Wage-Negotiation-Budget-Minutes.pdf"", ""original"": ""https://www.pepinwisconsin.org/wp-content/uploads/11.06.23-Wage-Negotiation-Budget-Minutes.pdf"", ""scout_target_id"": ""BRM5-20260731-10292""}"
BRMGRS-20260802-a298a3499cfdd7970558b9c2,RMSRD-20260802-0c961e7920a76e376aa7,RMSRD-20260802-0c961e7920a76e376aa7,BRM5C-BRM5-20260731-17240-01,Harrison,OH,Midwest,pdf,mou_or_memorandum,cba_arbitration_factfinding_hint,high_priority_verification_ready,6,0,6,directional_hint_only,local_context_candidate,qual_collective_bargaining,weak,false,false,false,false,false,false,false,false,true,local_context_candidate,0.8600,Aggregated 6 schema-valid bounded span ratings; strongest claim bucket directional_hint_only and downstream use local_context_candidate.,false,,BRMGRP-20260802-2c902f7031a2039bb2069c94,gabriel_rating_lane_002,"bounded documentary rating only; not ingested or codified; no pay normalization, wage-gap estimate, national prevalence, treatment effect, or final causal claim; global analysis readiness remains false",false,not_ingested,not_codified,not_normalized,not_matched,"{""candidate_id"": ""BRM5C-BRM5-20260731-17240-01"", ""final"": ""https://dam.assets.ohio.gov/image/upload/serb.ohio.gov/PDF/Addendums/2015/15-MED-06-0588.pdf"", ""original"": ""https://dam.assets.ohio.gov/image/upload/serb.ohio.gov/PDF/Addendums/2015/15-MED-06-0588.pdf"", ""scout_target_id"": ""BRM5-20260731-17240""}"
BRMGRS-20260802-78d3876b9be13109104a08db,RMSRD-20260802-87f437244fa3dcffb26c,RMSRD-20260802-87f437244fa3dcffb26c,BRM5C-BRM5-20260731-14978-01,Calamus,IA,Midwest,pdf,other_local_government_pay_policy,non_cba_or_unresolved_hint,medium_priority_verification_ready,6,6,0,quantitative_direct_text_claim_ready,supporting_example_candidate,quant_base_wage_direct_value,weak,true,false,false,false,true,false,false,false,false,supporting_example_candidate,0.9400,Aggregated 6 schema-valid bounded span ratings; strongest claim bucket quantitative_direct_text_claim_ready and downstream use supporting_example_candidate.,false,,BRMGRP-20260802-aed92e63aec29653386093f4,gabriel_rating_lane_002,"bounded documentary rating only; not ingested or codified; no pay normalization, wage-gap estimate, national prevalence, treatment effect, or final causal claim; global analysis readiness remains false",false,not_ingested,not_codified,not_normalized,not_matched,"{""candidate_id"": ""BRM5C-BRM5-20260731-14978-01"", ""final"": ""https://calamusia.org/25.%20Resolution%2024-29%20Setting%20Wages.pdf"", ""original"": ""https://www.calamusia.org/25.%20Resolution%2024-29%20Setting%20Wages.pdf"", ""scout_target_id"": ""BRM5-20260731-14978""}"
BRMGRS-20260802-370d07919f00d11685987d42,RMSRD-20260802-cf7d0915b3d19f78060c,RMSRD-20260802-cf7d0915b3d19f78060c,BRM5C-BRM5-20260731-02995-01,Hartsville,NY,Northeast,pdf,personnel_policy,non_cba_or_unresolved_hint,high_priority_verification_ready,6,3,3,quantitative_direct_text_claim_ready,core_finding_candidate,qual_collective_bargaining,moderate,true,true,true,false,false,false,false,false,true,core_finding_candidate,0.8667,Aggregated 6 schema-valid bounded span ratings; strongest claim bucket quantitative_direct_text_claim_ready and downstream use core_finding_candidate.,false,,BRMGRP-20260802-da432f5db6a277d1a188cd8e,gabriel_rating_lane_002,"bounded documentary rating only; not ingested or codified; no pay normalization, wage-gap estimate, national prevalence, treatment effect, or final causal claim; global analysis readiness remains false",false,not_ingested,not_codified,not_normalized,not_matched,"{""candidate_id"": ""BRM5C-BRM5-20260731-02995-01"", ""final"": ""https://townofhartsvilleny.gov/wp-content/uploads/2026/01/November-19th-2025-Board-Meeting-.pdf"", ""original"": ""https://www.townofhartsvilleny.gov/wp-content/uploads/2026/01/November-19th-2025-Board-Meeting-.pdf"", ""scout_target_id"": ""BRM5-20260731-02995""}"
BRMGRS-20260802-148b829e4d6f45bca98409db,RMSRD-20260802-b87d4a3247e2103e65e6,RMSRD-20260802-b87d4a3247e2103e65e6,BRM5C-BRM5-20260731-08776-01,Backus,MN,Midwest,pdf,salary_ordinance,non_cba_or_unresolved_hint,high_priority_verification_ready,6,0,6,directional_hint_only,local_context_candidate,qual_ordinance_or_council_adoption,weak,false,false,false,false,true,false,false,false,false,local_context_candidate,0.8600,Aggregated 6 schema-valid bounded span ratings; strongest claim bucket directional_hint_only and downstream use local_context_candidate.,false,,BRMGRP-20260802-af202151b50c4e51bf5caed2,gabriel_rating_lane_002,"bounded documentary rating only; not ingested or codified; no pay normalization, wage-gap estimate, national prevalence, treatment effect, or final causal claim; global analysis readiness remains false",false,not_ingested,not_codified,not_normalized,not_matched,"{""candidate_id"": ""BRM5C-BRM5-20260731-08776-01"", ""final"": ""https://storage.googleapis.com/juniper-media-library/444/2025/10/Chapter%202%20-%20Operation%20and%20Administration.pdf"", ""original"": ""https://storage.googleapis.com/juniper-media-library/444/2025/10/Chapter%202%20-%20Operation%20and%20Administration.pdf"", ""scout_target_id"": ""BRM5-20260731-08776""}"
BRMGRS-20260802-470f7f478e4c249bcb9a9551,RMSRD-20260802-230d47d76c8db6cc091c,RMSRD-20260802-230d47d76c8db6cc091c,BRM5C-BRM5-20260731-01481-01,Lac qui Parle,MN,Midwest,pdf,wage_schedule,non_cba_or_unresolved_hint,high_priority_verification_ready,6,4,2,quantitative_direct_text_claim_ready,core_finding_candidate,qual_ordinance_or_council_adoption,central,true,true,true,false,false,false,false,false,false,core_finding_candidate,0.8967,Aggregated 6 schema-valid bounded span ratings; strongest claim bucket quantitative_direct_text_claim_ready and downstream use core_finding_candidate.,false,,BRMGRP-20260802-9582cac4f4541e40ee64b8ba,gabriel_rating_lane_002,"bounded documentary rating only; not ingested or codified; no pay normalization, wage-gap estimate, national prevalence, treatment effect, or final causal claim; global analysis readiness remains false",false,not_ingested,not_codified,not_normalized,not_matched,"{""candidate_id"": ""BRM5C-BRM5-20260731-01481-01"", ""final"": ""https://ci.madison.mn.us/wp-content/uploads/2023/02/AP10242022reduced.pdf"", ""original"": ""https://www.ci.madison.mn.us/wp-content/uploads/2023/02/AP10242022reduced.pdf"", ""scout_target_id"": ""BRM5-20260731-01481""}"
BRMGRS-20260802-527478511fcd9f63f4401022,RMSRD-20260802-9e45da864266d846a11b,RMSRD-20260802-9e45da864266d846a11b,BRM5C-BRM5-20260731-03073-01,Redfield,NY,Northeast,pdf,wage_schedule,cba_arbitration_factfinding_hint,high_priority_verification_ready,6,3,3,quantitative_direct_text_claim_ready,supporting_example_candidate,quant_allowance_or_reimbursement,moderate,true,true,true,false,false,false,false,true,false,supporting_example_candidate,0.8833,Aggregated 6 schema-valid bounded span ratings; strongest claim bucket quantitative_direct_text_claim_ready and downstream use supporting_example_candidate.,false,,BRMGRP-20260802-510ae684c80cc9c77cfa98f6,gabriel_rating_lane_002,"bounded documentary rating only; not ingested or codified; no pay normalization, wage-gap estimate, national prevalence, treatment effect, or final causal claim; global analysis readiness remains false",false,not_ingested,not_codified,not_normalized,not_matched,"{""candidate_id"": ""BRM5C-BRM5-20260731-03073-01"", ""final"": ""https://townofredfield.com/wp-content/uploads/2023/06/09132022minutes.pdf"", ""original"": ""https://townofredfield.com/wp-content/uploads/2023/06/09132022minutes.pdf"", ""scout_target_id"": ""BRM5-20260731-03073""}"
BRMGRS-20260802-c101e910ecc8ae70905315de,RMSRD-20260802-44af58986c2f35d5b609,RMSRD-20260802-44af58986c2f35d5b609,BRM5C-BRM5-20260731-04810-01,Casco,MI,Midwest,pdf,agenda_packet_or_minutes,non_cba_or_unresolved_hint,high_priority_verification_ready,5,5,0,quantitative_direct_text_claim_ready,core_finding_candidate,quant_base_wage_direct_value,weak,true,false,false,false,false,false,false,false,false,core_finding_candidate,0.9400,Aggregated 5 schema-valid bounded span ratings; strongest claim bucket quantitative_direct_text_claim_ready and downstream use core_finding_candidate.,false,,BRMGRP-20260802-145cf9ea2e6b189be68ffdbf,gabriel_rating_lane_002,"bounded documentary rating only; not ingested or codified; no pay normalization, wage-gap estimate, national prevalence, treatment effect, or final causal claim; global analysis readiness remains false",false,not_ingested,not_codified,not_normalized,not_matched,"{""candidate_id"": ""BRM5C-BRM5-20260731-04810-01"", ""final"": ""https://cascostclair.gov/wp-content/uploads/2025/04/2025Feb11MtgMinutes.pdf"", ""original"": ""https://cascostclair.gov/wp-content/uploads/2025/04/2025Feb11MtgMinutes.pdf"", ""scout_target_id"": ""BRM5-20260731-04810""}"
BRMGRS-20260802-756c246792bcb085b27c27d3,RMSRD-20260802-3e86d194c626ee9a9b83,RMSRD-20260802-3e86d194c626ee9a9b83,BRM5C-BRM5-20260731-01483-01,Lake Bronson,MN,Midwest,pdf,agenda_packet_or_minutes,non_cba_or_unresolved_hint,medium_priority_verification_ready,5,4,1,quantitative_direct_text_claim_ready,core_finding_candidate,qual_market_recruitment_retention_pressure,weak,true,true,true,true,false,false,false,false,false,core_finding_candidate,0.9240,Aggregated 5 schema-valid bounded span ratings; strongest claim bucket quantitative_direct_text_claim_ready and downstream use core_finding_candidate.,false,,BRMGRP-20260802-e190c529007fc0f6d8d56ef3,gabriel_rating_lane_002,"bounded documentary rating only; not ingested or codified; no pay normalization, wage-gap estimate, national prevalence, treatment effect, or final causal claim; global analysis readiness remains false",false,not_ingested,not_codified,not_normalized,not_matched,"{""candidate_id"": ""BRM5C-BRM5-20260731-01483-01"", ""final"": ""https://cityoflakebronson.com/wp-content/uploads/2024/02/Jan-16-2024-Minutes.pdf"", ""original"": ""https://cityoflakebronson.com/wp-content/uploads/2024/02/Jan-16-2024-Minutes.pdf"", ""scout_target_id"": ""BRM5-20260731-01483""}"
BRMGRS-20260802-0cbbab72c13d83655ec784ca,RMSRD-20260802-74ecc2668466d5e683c2,RMSRD-20260802-74ecc2668466d5e683c2,BRM5C-BRM5-20260731-14307-01,Varick,NY,Northeast,html,agenda_packet_or_minutes,cba_arbitration_factfinding_hint,medium_priority_verification_ready,5,2,3,quantitative_direct_text_claim_ready,core_finding_candidate,qual_budget_or_fiscal_constraint,central,true,true,true,false,false,false,false,false,false,core_finding_candidate,0.8920,Aggregated 5 schema-valid bounded span ratings; strongest claim bucket quantitative_direct_text_claim_ready and downstream use core_finding_candidate.,false,,BRMGRP-20260802-ed3eed74600364c6987309eb,gabriel_rating_lane_002,"bounded documentary rating only; not ingested or codified; no pay normalization, wage-gap estimate, national prevalence, treatment effect, or final causal claim; global analysis readiness remains false",false,not_ingested,not_codified,not_normalized,not_matched,"{""candidate_id"": ""BRM5C-BRM5-20260731-14307-01"", ""final"": ""https://varickny.gov/2023/11/02/town-board-october-3-2023"", ""original"": ""https://varickny.gov/2023/11/02/town-board-october-3-2023/"", ""scout_target_id"": ""BRM5-20260731-14307""}"
BRMGRS-20260802-b9e8ddcdd66b4415307fd999,RMSRD-20260802-6bcddc33d8bb5f816471,RMSRD-20260802-6bcddc33d8bb5f816471,BRM5C-BRM5-20260731-07161-01,Salem,PA,Northeast,pdf,agenda_packet_or_minutes,non_cba_or_unresolved_hint,medium_priority_verification_ready,5,3,2,quantitative_direct_text_claim_ready,mechanism_summary_candidate,qual_market_recruitment_retention_pressure,weak,true,false,false,false,false,false,false,false,false,mechanism_summary_candidate,0.9080,Aggregated 5 schema-valid bounded span ratings; strongest claim bucket quantitative_direct_text_claim_ready and downstream use mechanism_summary_candidate.,false,,BRMGRP-20260802-aa581c50ff3d7f0d45c94361,gabriel_rating_lane_002,"bounded documentary rating only; not ingested or codified; no pay normalization, wage-gap estimate, national prevalence, treatment effect, or final causal claim; global analysis readiness remains false",false,not_ingested,not_codified,not_normalized,not_matched,"{""candidate_id"": ""BRM5C-BRM5-20260731-07161-01"", ""final"": ""https://salemtwp.org/_files/ugd/9bfdbd_f088391fab2a405189b5ae98273c6e51.pdf"", ""original"": ""https://www.salemtwp.org/_files/ugd/9bfdbd_f088391fab2a405189b5ae98273c6e51.pdf?index=true"", ""scout_target_id"": ""BRM5-20260731-07161""}"
BRMGRS-20260802-0e9ed18f5bcbb0d30c2212d8,RMSRD-20260802-ce86494a4a969bc89274,RMSRD-20260802-ce86494a4a969bc89274,BRM5C-BRM5-20260731-10827-02,Newport,PA,Northeast,pdf,agenda_packet_or_minutes,non_cba_or_unresolved_hint,high_priority_verification_ready,5,1,4,local_context_only,local_context_candidate,quant_allowance_or_reimbursement,weak,false,false,false,false,false,false,false,true,false,local_context_candidate,0.8560,Aggregated 5 schema-valid bounded span ratings; strongest claim bucket local_context_only and downstream use local_context_candidate.,false,,BRMGRP-20260802-b1b19201025783885541eaec,gabriel_rating_lane_002,"bounded documentary rating only; not ingested or codified; no pay normalization, wage-gap estimate, national prevalence, treatment effect, or final causal claim; global analysis readiness remains false",false,not_ingested,not_codified,not_normalized,not_matched,"{""candidate_id"": ""BRM5C-BRM5-20260731-10827-02"", ""final"": ""https://newportboro.com/pdfs/mm/2015/20150505_Meeting-Minutes.pdf"", ""original"": ""https://www.newportboro.com/pdfs/mm/2015/20150505_Meeting-Minutes.pdf"", ""scout_target_id"": ""BRM5-20260731-10827""}"
BRMGRS-20260802-fb6305596c639b032d186067,RMSRD-20260802-56bf88d93c3c68903488,RMSRD-20260802-56bf88d93c3c68903488,BRM5C-BRM5-20260731-13765-02,Kimball,SD,Midwest,pdf,agenda_packet_or_minutes,non_cba_or_unresolved_hint,medium_priority_verification_ready,5,4,1,quantitative_direct_text_claim_ready,core_finding_candidate,qual_non_base_compensation_mechanism,weak,true,false,false,false,false,false,false,true,false,core_finding_candidate,0.9240,Aggregated 5 schema-valid bounded span ratings; strongest claim bucket quantitative_direct_text_claim_ready and downstream use core_finding_candidate.,false,,BRMGRP-20260802-9ce8b5da34782769039a7765,gabriel_rating_lane_002,"bounded documentary rating only; not ingested or codified; no pay normalization, wage-gap estimate, national prevalence, treatment effect, or final causal claim; global analysis readiness remains false",false,not_ingested,not_codified,not_normalized,not_matched,"{""candidate_id"": ""BRM5C-BRM5-20260731-13765-02"", ""final"": ""https://cityofkimballsodak.org/_files/ugd/67bde8_d45538f8fb26485bbe4c1de711fa4f62.pdf"", ""original"": ""https://www.cityofkimballsodak.org/_files/ugd/67bde8_d45538f8fb26485bbe4c1de711fa4f62.pdf"", ""scout_target_id"": ""BRM5-20260731-13765""}"
BRMGRS-20260802-d04b39b7616cbd3d01803808,RMSRD-20260802-4c8bee2a183a6b7f5420,RMSRD-20260802-4c8bee2a183a6b7f5420,BRM5C-BRM5-20260731-10296-01,Pleasant Springs,WI,Midwest,pdf,agenda_packet_or_minutes,non_cba_or_unresolved_hint,high_priority_verification_ready,5,1,4,quantitative_direct_text_claim_ready,core_finding_candidate,quant_percentage_raise_or_cola,central,true,true,true,false,false,false,false,false,true,core_finding_candidate,0.8760,Aggregated 5 schema-valid bounded span ratings; strongest claim bucket quantitative_direct_text_claim_ready and downstream use core_finding_candidate.,false,,BRMGRP-20260802-948f3ecd42ff43f762957e42,gabriel_rating_lane_002,"bounded documentary rating only; not ingested or codified; no pay normalization, wage-gap estimate, national prevalence, treatment effect, or final causal claim; global analysis readiness remains false",false,not_ingested,not_codified,not_normalized,not_matched,"{""candidate_id"": ""BRM5C-BRM5-20260731-10296-01"", ""final"": ""https://tn.pleasantsprings.wi.gov/images/uploads/files/11-21-2023%20MINUTES.pdf"", ""original"": ""https://tn.pleasantsprings.wi.gov/images/uploads/files/11-21-2023%20MINUTES.pdf"", ""scout_target_id"": ""BRM5-20260731-10296""}"
BRMGRS-20260802-e0389e506cd75e2f459b4882,RMSRD-20260802-4fd523550d629fa9c5ad,RMSRD-20260802-4fd523550d629fa9c5ad,BRM5C-BRM5-20260731-02471-02,Worthington,OH,Midwest,pdf,arbitration_award,cba_arbitration_factfinding_hint,high_priority_verification_ready,5,0,5,qualitative_mechanism_claim_ready,mechanism_summary_candidate,qual_ordinance_or_council_adoption,central,false,true,false,false,false,false,false,false,true,mechanism_summary_candidate,0.8600,Aggregated 5 schema-valid bounded span ratings; strongest claim bucket qualitative_mechanism_claim_ready and downstream use mechanism_summary_candidate.,false,,BRMGRP-20260802-0c7d0ee69d63dd0b9133f8f7,gabriel_rating_lane_002,"bounded documentary rating only; not ingested or codified; no pay normalization, wage-gap estimate, national prevalence, treatment effect, or final causal claim; global analysis readiness remains false",false,not_ingested,not_codified,not_normalized,not_matched,"{""candidate_id"": ""BRM5C-BRM5-20260731-02471-02"", ""final"": ""https://worthington.org/Archive/ViewFile/Item/5984"", ""original"": ""https://www.worthington.org/Archive/ViewFile/Item/5984"", ""scout_target_id"": ""BRM5-20260731-02471""}"
BRMGRS-20260802-3336fd1a9fd95c1d7e6169a0,RMSRD-20260802-ce8fbfafc259df03a629,RMSRD-20260802-ce8fbfafc259df03a629,BRM5C-BRM5-20260731-06743-01,Heuvelton,NY,Northeast,pdf,budget_or_pay_plan,non_cba_or_unresolved_hint,high_priority_verification_ready,5,5,0,quantitative_direct_text_claim_ready,core_finding_candidate,quant_salary_schedule_table,none,true,false,false,false,false,false,false,false,false,core_finding_candidate,0.9200,Aggregated 5 schema-valid bounded span ratings; strongest claim bucket quantitative_direct_text_claim_ready and downstream use core_finding_candidate.,false,,BRMGRP-20260802-ddd333c5654980cc8d48aa45,gabriel_rating_lane_002,"bounded documentary rating only; not ingested or codified; no pay normalization, wage-gap estimate, national prevalence, treatment effect, or final causal claim; global analysis readiness remains false",false,not_ingested,not_codified,not_normalized,not_matched,"{""candidate_id"": ""BRM5C-BRM5-20260731-06743-01"", ""final"": ""https://heuveltonny.com/uploads/1/2/7/5/12750833/final_budget_2025-2026.pdf"", ""original"": ""https://www.heuveltonny.com/uploads/1/2/7/5/12750833/final_budget_2025-2026.pdf"", ""scout_target_id"": ""BRM5-20260731-06743""}"
BRMGRS-20260802-df2fd11ac36ee984c8e64f37,RMSRD-20260802-ee2fab294b1a8fb8678d,RMSRD-20260802-ee2fab294b1a8fb8678d,BRM5C-BRM5-20260731-14923-01,Roxton,TX,South,pdf,budget_or_pay_plan,non_cba_or_unresolved_hint,medium_priority_verification_ready,5,2,3,quantitative_direct_text_claim_ready,core_finding_candidate,quant_allowance_or_reimbursement,moderate,true,true,true,false,false,false,false,true,false,core_finding_candidate,0.8720,Aggregated 5 schema-valid bounded span ratings; strongest claim bucket quantitative_direct_text_claim_ready and downstream use core_finding_candidate.,false,,BRMGRP-20260802-3a25e5e32edf2bea04f3df63,gabriel_rating_lane_002,"bounded documentary rating only; not ingested or codified; no pay normalization, wage-gap estimate, national prevalence, treatment effect, or final causal claim; global analysis readiness remains false",false,not_ingested,not_codified,not_normalized,not_matched,"{""candidate_id"": ""BRM5C-BRM5-20260731-14923-01"", ""final"": ""https://cityofroxton.com/documents/668/December_Mintues_2025.pdf"", ""original"": ""https://cityofroxton.com/documents/668/December_Mintues_2025.pdf"", ""scout_target_id"": ""BRM5-20260731-14923""}"
BRMGRS-20260802-29f822e8948b6f1434c5646a,RMSRD-20260802-151a3737553471b8e732,RMSRD-20260802-151a3737553471b8e732,BRM5C-BRM5-20260731-12774-01,New Munich,MN,Midwest,pdf,cba,cba_arbitration_factfinding_hint,high_priority_verification_ready,5,3,2,quantitative_direct_text_claim_ready,core_finding_candidate,qual_mou_or_settlement,weak,true,false,false,false,false,false,false,false,true,core_finding_candidate,0.8880,Aggregated 5 schema-valid bounded span ratings; strongest claim bucket quantitative_direct_text_claim_ready and downstream use core_finding_candidate.,false,,BRMGRP-20260802-dc77481b904e17f9940ed3b3,gabriel_rating_lane_002,"bounded documentary rating only; not ingested or codified; no pay normalization, wage-gap estimate, national prevalence, treatment effect, or final causal claim; global analysis readiness remains false",false,not_ingested,not_codified,not_normalized,not_matched,"{""candidate_id"": ""BRM5C-BRM5-20260731-12774-01"", ""final"": ""https://gamma.creativecirclecdn.com/starpub/files/20240109-110021-2024-01-10_legals.pdf"", ""original"": ""https://zeta.creativecirclecdn.com/starpub/files/20240109-110021-2024-01-10_legals.pdf"", ""scout_target_id"": ""BRM5-20260731-12774""}"
BRMGRS-20260802-0e1fc1c1f076f5b0230ee57a,RMSRD-20260802-9ab3f9be805d9455aba3,RMSRD-20260802-9ab3f9be805d9455aba3,BRM5C-BRM5-20260731-10512-01,New Lebanon,NY,Northeast,pdf,mou_or_memorandum,non_cba_or_unresolved_hint,high_priority_verification_ready,5,0,5,source_navigation_or_reference_only,local_context_candidate,qual_mou_or_settlement,weak,false,false,false,false,false,false,false,false,true,local_context_candidate,0.8600,Aggregated 5 schema-valid bounded span ratings; strongest claim bucket source_navigation_or_reference_only and downstream use local_context_candidate.,false,,BRMGRP-20260802-c32bc2498d2408a45affa725,gabriel_rating_lane_002,"bounded documentary rating only; not ingested or codified; no pay normalization, wage-gap estimate, national prevalence, treatment effect, or final causal claim; global analysis readiness remains false",false,not_ingested,not_codified,not_normalized,not_matched,"{""candidate_id"": ""BRM5C-BRM5-20260731-10512-01"", ""final"": ""https://townofnewlebanon.com/wp-content/uploads/2026/03/2024-16-MOA-Resolution.pdf"", ""original"": ""https://townofnewlebanon.com/wp-content/uploads/2026/03/2024-16-MOA-Resolution.pdf"", ""scout_target_id"": ""BRM5-20260731-10512""}"
BRMGRS-20260802-cbc39602c556389ab00d5434,RMSRD-20260802-b477ff2558fd6d83f3db,RMSRD-20260802-b477ff2558fd6d83f3db,BRM5C-BRM5-20260731-08312-01,Eureka,KS,Midwest,pdf,other_local_government_pay_policy,non_cba_or_unresolved_hint,high_priority_verification_ready,5,3,2,quantitative_direct_text_claim_ready,core_finding_candidate,qual_ordinance_or_council_adoption,moderate,true,true,true,false,true,false,false,false,false,core_finding_candidate,0.9080,Aggregated 5 schema-valid bounded span ratings; strongest claim bucket quantitative_direct_text_claim_ready and downstream use core_finding_candidate.,false,,BRMGRP-20260802-1d71418990818adac4c50141,gabriel_rating_lane_002,"bounded documentary rating only; not ingested or codified; no pay normalization, wage-gap estimate, national prevalence, treatment effect, or final causal claim; global analysis readiness remains false",false,not_ingested,not_codified,not_normalized,not_matched,"{""candidate_id"": ""BRM5C-BRM5-20260731-08312-01"", ""final"": ""https://kansaspublicnotices.com/KSLegals/2025/31204-2025-01-08_1001.pdf"", ""original"": ""https://kansaspublicnotices.com/KSLegals/2025/31204-2025-01-08_1001.pdf"", ""scout_target_id"": ""BRM5-20260731-08312""}"
BRMGRS-20260802-162994bfe4048782ccb76e2a,RMSRD-20260802-d838b93bd2cca7a94ea1,RMSRD-20260802-d838b93bd2cca7a94ea1,BRM5C-BRM5-20260731-14952-01,Valley View,TX,South,pdf,personnel_policy,non_cba_or_unresolved_hint,high_priority_verification_ready,5,4,1,mixed_quant_qual_claim_ready,core_finding_candidate,quant_percentage_raise_or_cola,moderate,true,true,true,false,false,false,false,false,true,core_finding_candidate,0.9240,Aggregated 5 schema-valid bounded span ratings; strongest claim bucket mixed_quant_qual_claim_ready and downstream use core_finding_candidate.,false,,BRMGRP-20260802-7f1f2bcd2170fbbb760e33e7,gabriel_rating_lane_002,"bounded documentary rating only; not ingested or codified; no pay normalization, wage-gap estimate, national prevalence, treatment effect, or final causal claim; global analysis readiness remains false",false,not_ingested,not_codified,not_normalized,not_matched,"{""candidate_id"": ""BRM5C-BRM5-20260731-14952-01"", ""final"": ""https://cityofvv.com/wp-content/uploads/2022/11/August-11-2022-Minutes.pdf"", ""original"": ""https://www.cityofvv.com/wp-content/uploads/2022/11/August-11-2022-Minutes.pdf"", ""scout_target_id"": ""BRM5-20260731-14952""}"
BRMGRS-20260802-f93d62a4826cd2d9ffc1d27d,RMSRD-20260802-4822a7e562e501f56a7f,RMSRD-20260802-4822a7e562e501f56a7f,BRM5C-BRM5-20260731-15145-02,Colona,IL,Midwest,pdf,wage_schedule,non_cba_or_unresolved_hint,high_priority_verification_ready,5,0,5,qualitative_mechanism_claim_ready,supporting_example_candidate,qual_market_recruitment_retention_pressure,weak,false,false,false,true,false,false,false,false,true,supporting_example_candidate,0.8600,Aggregated 5 schema-valid bounded span ratings; strongest claim bucket qualitative_mechanism_claim_ready and downstream use supporting_example_candidate.,false,,BRMGRP-20260802-0e5342293e122ffc30be4940,gabriel_rating_lane_002,"bounded documentary rating only; not ingested or codified; no pay normalization, wage-gap estimate, national prevalence, treatment effect, or final causal claim; global analysis readiness remains false",false,not_ingested,not_codified,not_normalized,not_matched,"{""candidate_id"": ""BRM5C-BRM5-20260731-15145-02"", ""final"": ""https://colonail.com/vertical/sites/%7BFC142F78-E9D2-49AE-8B50-7910B5B74E0C%7D/uploads/Agenda_Minutes_5.27.25.pdf"", ""original"": ""https://www.colonail.com/vertical/sites/%7BFC142F78-E9D2-49AE-8B50-7910B5B74E0C%7D/uploads/Agenda_Minutes_5.27.25.pdf"", ""scout_target_id"": ""BRM5-20260731-15145""}"
BRMGRS-20260802-29cadc4d414ac9eda8034d00,RMSRD-20260802-89ac63b2cbe69fca49bb,RMSRD-20260802-89ac63b2cbe69fca49bb,BRM5C-BRM5-20260731-17851-01,Kingsbury,ME,Northeast,pdf,wage_schedule,non_cba_or_unresolved_hint,medium_priority_verification_ready,5,4,1,quantitative_direct_text_claim_ready,core_finding_candidate,quant_step_schedule_progression,none,true,false,false,false,false,false,false,true,false,core_finding_candidate,0.8840,Aggregated 5 schema-valid bounded span ratings; strongest claim bucket quantitative_direct_text_claim_ready and downstream use core_finding_candidate.,false,,BRMGRP-20260802-aa8aed4124c86e6cda1e2f1e,gabriel_rating_lane_002,"bounded documentary rating only; not ingested or codified; no pay normalization, wage-gap estimate, national prevalence, treatment effect, or final causal claim; global analysis readiness remains false",false,not_ingested,not_codified,not_normalized,not_matched,"{""candidate_id"": ""BRM5C-BRM5-20260731-17851-01"", ""final"": ""https://kingsburyplantation.com/wp-content/uploads/2026/04/2025-Kingsbury-Plantation-Town-Report.pdf"", ""original"": ""https://kingsburyplantation.com/wp-content/uploads/2026/04/2025-Kingsbury-Plantation-Town-Report.pdf"", ""scout_target_id"": ""BRM5-20260731-17851""}"
BRMGRS-20260802-3a2cca70573bf535ee5c3c0a,RMSRD-20260802-7217bdc2b6fe46cb822c,RMSRD-20260802-7217bdc2b6fe46cb822c,BRM5C-BRM5-20260731-18122-01,Cherrytree,PA,Northeast,pdf,wage_schedule,non_cba_or_unresolved_hint,high_priority_verification_ready,5,4,1,quantitative_direct_text_claim_ready,core_finding_candidate,quant_salary_schedule_table,central,true,true,true,false,false,false,false,false,false,core_finding_candidate,0.8840,Aggregated 5 schema-valid bounded span ratings; strongest claim bucket quantitative_direct_text_claim_ready and downstream use core_finding_candidate.,false,,BRMGRP-20260802-f4d8d4adcd846ba5b72bdaaf,gabriel_rating_lane_002,"bounded documentary rating only; not ingested or codified; no pay normalization, wage-gap estimate, national prevalence, treatment effect, or final causal claim; global analysis readiness remains false",false,not_ingested,not_codified,not_normalized,not_matched,"{""candidate_id"": ""BRM5C-BRM5-20260731-18122-01"", ""final"": ""https://cherrytreetwp.com/Minutes/RM-01-05-2026PDF.pdf"", ""original"": ""https://www.cherrytreetwp.com/Minutes/RM-01-05-2026PDF.pdf"", ""scout_target_id"": ""BRM5-20260731-18122""}"
BRMGRS-20260802-807a800a331a0418fa7e52e8,RMSRD-20260802-8af0a12c5e19ab2b02b7,RMSRD-20260802-8af0a12c5e19ab2b02b7,BRM5C-BRM5-20260731-07567-02,Stanhope,IA,Midwest,pdf,agenda_packet_or_minutes,non_cba_or_unresolved_hint,high_priority_verification_ready,4,4,0,quantitative_direct_text_claim_ready,supporting_example_candidate,quant_percentage_raise_or_cola,none,true,false,false,false,false,false,false,false,false,supporting_example_candidate,0.9400,Aggregated 4 schema-valid bounded span ratings; strongest claim bucket quantitative_direct_text_claim_ready and downstream use supporting_example_candidate.,false,,BRMGRP-20260802-5bfb2a89899b278858123d6f,gabriel_rating_lane_002,"bounded documentary rating only; not ingested or codified; no pay normalization, wage-gap estimate, national prevalence, treatment effect, or final causal claim; global analysis readiness remains false",false,not_ingested,not_codified,not_normalized,not_matched,"{""candidate_id"": ""BRM5C-BRM5-20260731-07567-02"", ""final"": ""https://stanhopeiowa.com/documents/487/EJS_Police_Board_1-2024.pdf"", ""original"": ""https://www.stanhopeiowa.com/documents/487/EJS_Police_Board_1-2024.pdf"", ""scout_target_id"": ""BRM5-20260731-07567""}"
BRMGRS-20260802-fbd6d6827fa77651450f2029,RMSRD-20260802-6badb98d8f7a0b0bf389,RMSRD-20260802-6badb98d8f7a0b0bf389,BRM5C-BRM5-20260731-07649-02,Cherry Valley,IL,Midwest,pdf,agenda_packet_or_minutes,non_cba_or_unresolved_hint,high_priority_verification_ready,4,3,1,quantitative_direct_text_claim_ready,supporting_example_candidate,qual_collective_bargaining,moderate,true,true,true,false,false,false,false,false,true,supporting_example_candidate,0.9200,Aggregated 4 schema-valid bounded span ratings; strongest claim bucket quantitative_direct_text_claim_ready and downstream use supporting_example_candidate.,false,,BRMGRP-20260802-c4a178429c450323a75ecc23,gabriel_rating_lane_002,"bounded documentary rating only; not ingested or codified; no pay normalization, wage-gap estimate, national prevalence, treatment effect, or final causal claim; global analysis readiness remains false",false,not_ingested,not_codified,not_normalized,not_matched,"{""candidate_id"": ""BRM5C-BRM5-20260731-07649-02"", ""final"": ""https://cms3.revize.com/revize/villageofcherryvalley/BOARD%20MINUTES%2003-04-2025.pdf"", ""original"": ""https://cms3.revize.com/revize/villageofcherryvalley/BOARD%20MINUTES%2003-04-2025.pdf"", ""scout_target_id"": ""BRM5-20260731-07649""}"
BRMGRS-20260802-eef8168b408219c4b6aa8618,RMSRD-20260802-456fb280e1124a554149,RMSRD-20260802-456fb280e1124a554149,BRM5C-BRM5-20260731-08383-02,Lincoln,KS,Midwest,pdf,agenda_packet_or_minutes,non_cba_or_unresolved_hint,high_priority_verification_ready,4,3,1,mixed_quant_qual_claim_ready,core_finding_candidate,qual_cola_or_indexing_mechanism,moderate,true,true,true,false,false,false,false,false,false,core_finding_candidate,0.9200,Aggregated 4 schema-valid bounded span ratings; strongest claim bucket mixed_quant_qual_claim_ready and downstream use core_finding_candidate.,false,,BRMGRP-20260802-32f2de229205065a7d455507,gabriel_rating_lane_002,"bounded documentary rating only; not ingested or codified; no pay normalization, wage-gap estimate, national prevalence, treatment effect, or final causal claim; global analysis readiness remains false",false,not_ingested,not_codified,not_normalized,not_matched,"{""candidate_id"": ""BRM5C-BRM5-20260731-08383-02"", ""final"": ""https://lincolnks.org/documents/597/121222_Council_Meeting_Minutes.pdf"", ""original"": ""https://lincolnks.org/documents/597/121222_Council_Meeting_Minutes.pdf"", ""scout_target_id"": ""BRM5-20260731-08383""}"
BRMGRS-20260802-38e9a148abf64afe100b85db,RMSRD-20260802-27d0198aa6150d250589,RMSRD-20260802-27d0198aa6150d250589,BRM5C-BRM5-20260731-16293-03,Browns Valley,MN,Midwest,pdf,agenda_packet_or_minutes,non_cba_or_unresolved_hint,medium_priority_verification_ready,4,1,3,source_navigation_or_reference_only,local_context_candidate,quant_other_compensation_value,none,false,false,false,false,false,false,false,false,false,local_context_candidate,0.8550,Aggregated 4 schema-valid bounded span ratings; strongest claim bucket source_navigation_or_reference_only and downstream use local_context_candidate.,false,,BRMGRP-20260802-62a5563c1830340a78a39b0c,gabriel_rating_lane_002,"bounded documentary rating only; not ingested or codified; no pay normalization, wage-gap estimate, national prevalence, treatment effect, or final causal claim; global analysis readiness remains false",false,not_ingested,not_codified,not_normalized,not_matched,"{""candidate_id"": ""BRM5C-BRM5-20260731-16293-03"", ""final"": ""https://brownsvalleymn.com/CBV/wp-content/uploads/2024/01/012224-Packet.pdf"", ""original"": ""https://brownsvalleymn.com/CBV/wp-content/uploads/2024/01/012224-Packet.pdf"", ""scout_target_id"": ""BRM5-20260731-16293""}"
BRMGRS-20260802-fe9ede23b02106898c373714,RMSRD-20260802-f15a92403bf24a06c2e0,RMSRD-20260802-f15a92403bf24a06c2e0,BRM5C-BRM5-20260731-16653-01,Wilma,MN,Midwest,html,agenda_packet_or_minutes,non_cba_or_unresolved_hint,high_priority_verification_ready,4,4,0,quantitative_direct_text_claim_ready,core_finding_candidate,quant_base_wage_direct_value,none,true,false,false,false,false,false,false,false,false,core_finding_candidate,0.9400,Aggregated 4 schema-valid bounded span ratings; strongest claim bucket quantitative_direct_text_claim_ready and downstream use core_finding_candidate.,false,,BRMGRP-20260802-c3a3d85233ee6da1f2482b7e,gabriel_rating_lane_002,"bounded documentary rating only; not ingested or codified; no pay normalization, wage-gap estimate, national prevalence, treatment effect, or final causal claim; global analysis readiness remains false",false,not_ingested,not_codified,not_normalized,not_matched,"{""candidate_id"": ""BRM5C-BRM5-20260731-16653-01"", ""final"": ""https://wilmatownship.org/minutes/wednesday-april-5-2023-wilma-township-board-of-reorganization-and-supervisors-meeting"", ""original"": ""https://www.wilmatownship.org/minutes/wednesday-april-5-2023-wilma-township-board-of-reorganization-and-supervisors-meeting/"", ""scout_target_id"": ""BRM5-20260731-16653""}"
BRMGRS-20260802-e37914fe590fedbca35b8e63,RMSRD-20260802-39b7a8835f764544b8a4,RMSRD-20260802-39b7a8835f764544b8a4,BRM5C-BRM5-20260731-03080-01,Rushville,NY,Northeast,pdf,agenda_packet_or_minutes,non_cba_or_unresolved_hint,high_priority_verification_ready,4,4,0,quantitative_direct_text_claim_ready,supporting_example_candidate,quant_base_wage_direct_value,none,true,false,false,false,false,false,false,false,false,supporting_example_candidate,0.9400,Aggregated 4 schema-valid bounded span ratings; strongest claim bucket quantitative_direct_text_claim_ready and downstream use supporting_example_candidate.,false,,BRMGRP-20260802-d6456a6f6121b166e5d30130,gabriel_rating_lane_002,"bounded documentary rating only; not ingested or codified; no pay normalization, wage-gap estimate, national prevalence, treatment effect, or final causal claim; global analysis readiness remains false",false,not_ingested,not_codified,not_normalized,not_matched,"{""candidate_id"": ""BRM5C-BRM5-20260731-03080-01"", ""final"": ""https://villageofrushville.org/minutes/pdf_137.pdf"", ""original"": ""https://villageofrushville.org/minutes/pdf_137.pdf"", ""scout_target_id"": ""BRM5-20260731-03080""}"
BRMGRS-20260802-cd3fb61c32c38dcc17430900,RMSRD-20260802-16b77bf7073e3f2235c4,RMSRD-20260802-16b77bf7073e3f2235c4,BRM5C-BRM5-20260731-18402-01,South Woodbury,PA,Northeast,pdf,agenda_packet_or_minutes,non_cba_or_unresolved_hint,high_priority_verification_ready,4,3,1,quantitative_direct_text_claim_ready,core_finding_candidate,quant_base_wage_direct_value,none,true,false,false,false,false,false,false,false,false,core_finding_candidate,0.9200,Aggregated 4 schema-valid bounded span ratings; strongest claim bucket quantitative_direct_text_claim_ready and downstream use core_finding_candidate.,false,,BRMGRP-20260802-33b8cfc96a0bbef4c09bbb86,gabriel_rating_lane_002,"bounded documentary rating only; not ingested or codified; no pay normalization, wage-gap estimate, national prevalence, treatment effect, or final causal claim; global analysis readiness remains false",false,not_ingested,not_codified,not_normalized,not_matched,"{""candidate_id"": ""BRM5C-BRM5-20260731-18402-01"", ""final"": ""https://southwoodburytownship.com/wp-content/uploads/2023/12/January-2024.pdf"", ""original"": ""https://southwoodburytownship.com/wp-content/uploads/2023/12/January-2024.pdf"", ""scout_target_id"": ""BRM5-20260731-18402""}"
BRMGRS-20260802-17f6df2d14345c63e5c358cc,RMSRD-20260802-520459442dfba73fd037,RMSRD-20260802-520459442dfba73fd037,BRM5C-BRM5-20260731-11000-01,Wyalusing,PA,Northeast,pdf,agenda_packet_or_minutes,non_cba_or_unresolved_hint,high_priority_verification_ready,4,1,3,directional_hint_only,manual_review_candidate,quant_other_compensation_value,none,false,false,false,false,false,false,false,false,false,manual_review_candidate,0.8550,Aggregated 4 schema-valid bounded span ratings; strongest claim bucket directional_hint_only and downstream use manual_review_candidate.,false,,BRMGRP-20260802-1c2df65a8064ca1150effab4,gabriel_rating_lane_002,"bounded documentary rating only; not ingested or codified; no pay normalization, wage-gap estimate, national prevalence, treatment effect, or final causal claim; global analysis readiness remains false",false,not_ingested,not_codified,not_normalized,not_matched,"{""candidate_id"": ""BRM5C-BRM5-20260731-11000-01"", ""final"": ""https://wyalusingborough.com/wp-content/uploads/2018/05/09MinutesArchive.pdf"", ""original"": ""https://wyalusingborough.com/wp-content/uploads/2018/05/09MinutesArchive.pdf"", ""scout_target_id"": ""BRM5-20260731-11000""}"
BRMGRS-20260802-5ad52073837724df35352c7b,RMSRD-20260802-9ad58f4ef5119fc52227,RMSRD-20260802-9ad58f4ef5119fc52227,BRM5C-BRM5-20260731-07213-02,Tunkhannock,PA,Northeast,pdf,agenda_packet_or_minutes,non_cba_or_unresolved_hint,high_priority_verification_ready,4,2,2,quantitative_direct_text_claim_ready,core_finding_candidate,quant_percentage_raise_or_cola,weak,true,false,false,false,false,false,false,false,true,core_finding_candidate,0.8750,Aggregated 4 schema-valid bounded span ratings; strongest claim bucket quantitative_direct_text_claim_ready and downstream use core_finding_candidate.,false,,BRMGRP-20260802-da0b313563aab51321d3678f,gabriel_rating_lane_002,"bounded documentary rating only; not ingested or codified; no pay normalization, wage-gap estimate, national prevalence, treatment effect, or final causal claim; global analysis readiness remains false",false,not_ingested,not_codified,not_normalized,not_matched,"{""candidate_id"": ""BRM5C-BRM5-20260731-07213-02"", ""final"": ""https://tunkboro.com/wp-content/uploads/2025/04/December-2-2021-Minutes.pdf"", ""original"": ""https://tunkboro.com/wp-content/uploads/2025/04/December-2-2021-Minutes.pdf"", ""scout_target_id"": ""BRM5-20260731-07213""}"
BRMGRS-20260802-fe04b1c5c13ad900afa924e1,RMSRD-20260802-ddd23ce9ffb7f4906504,RMSRD-20260802-ddd23ce9ffb7f4906504,BRM5C-BRM5-20260731-10836-02,Oakland,PA,Northeast,pdf,agenda_packet_or_minutes,non_cba_or_unresolved_hint,high_priority_verification_ready,4,1,3,quantitative_direct_text_claim_ready,supporting_example_candidate,qual_retroactivity_or_implementation_timing,moderate,true,true,true,false,false,false,false,false,true,supporting_example_candidate,0.8800,Aggregated 4 schema-valid bounded span ratings; strongest claim bucket quantitative_direct_text_claim_ready and downstream use supporting_example_candidate.,false,,BRMGRP-20260802-90dbdf782f0ec8ddd25860cc,gabriel_rating_lane_002,"bounded documentary rating only; not ingested or codified; no pay normalization, wage-gap estimate, national prevalence, treatment effect, or final causal claim; global analysis readiness remains false",false,not_ingested,not_codified,not_normalized,not_matched,"{""candidate_id"": ""BRM5C-BRM5-20260731-10836-02"", ""final"": ""https://oaklandtownship.us/_files/ugd/00e052_c65a60082939452d88b63d4e89de14a3.pdf"", ""original"": ""https://www.oaklandtownship.us/_files/ugd/00e052_c65a60082939452d88b63d4e89de14a3.pdf"", ""scout_target_id"": ""BRM5-20260731-10836""}"
BRMGRS-20260802-cfa06ffae1c761c7308961a3,RMSRD-20260802-0c6352e09dbdfc75d959,RMSRD-20260802-0c6352e09dbdfc75d959,BRM5C-BRM5-20260731-14072-01,Springfield,WI,Midwest,pdf,agenda_packet_or_minutes,non_cba_or_unresolved_hint,medium_priority_verification_ready,4,3,1,quantitative_direct_text_claim_ready,core_finding_candidate,quant_cpi_indexed_adjustment,central,true,true,true,false,false,false,false,false,false,core_finding_candidate,0.8950,Aggregated 4 schema-valid bounded span ratings; strongest claim bucket quantitative_direct_text_claim_ready and downstream use core_finding_candidate.,false,,BRMGRP-20260802-f48d2b7e212208fe7323bbb9,gabriel_rating_lane_002,"bounded documentary rating only; not ingested or codified; no pay normalization, wage-gap estimate, national prevalence, treatment effect, or final causal claim; global analysis readiness remains false",false,not_ingested,not_codified,not_normalized,not_matched,"{""candidate_id"": ""BRM5C-BRM5-20260731-14072-01"", ""final"": ""https://town.springfield.wi.us/wp-content/uploads/10.15.24-TB-Minutes.pdf"", ""original"": ""https://www.town.springfield.wi.us/wp-content/uploads/10.15.24-TB-Minutes.pdf"", ""scout_target_id"": ""BRM5-20260731-14072""}"
BRMGRS-20260802-565e05fea897ac24ab083ac5,RMSRD-20260802-fcbcf38adbb3e939e668,RMSRD-20260802-fcbcf38adbb3e939e668,BRM5C-BRM5-20260731-14085-01,Tilden,WI,Midwest,pdf,agenda_packet_or_minutes,non_cba_or_unresolved_hint,medium_priority_verification_ready,4,4,0,quantitative_direct_text_claim_ready,core_finding_candidate,quant_base_wage_direct_value,none,true,false,false,false,false,false,false,false,false,core_finding_candidate,0.9400,Aggregated 4 schema-valid bounded span ratings; strongest claim bucket quantitative_direct_text_claim_ready and downstream use core_finding_candidate.,false,,BRMGRP-20260802-6584915b84c4e3c4ef0f683f,gabriel_rating_lane_002,"bounded documentary rating only; not ingested or codified; no pay normalization, wage-gap estimate, national prevalence, treatment effect, or final causal claim; global analysis readiness remains false",false,not_ingested,not_codified,not_normalized,not_matched,"{""candidate_id"": ""BRM5C-BRM5-20260731-14085-01"", ""final"": ""https://files.heygov.com/townoftilden.com/meetings/me_01hcg9y0ayjr0k5rcpxqhy5q9x/minutes-23-8-9.pdf"", ""original"": ""https://files.heygov.com/townoftilden.com/meetings/me_01hcg9y0ayjr0k5rcpxqhy5q9x/minutes-23-8-9.pdf"", ""scout_target_id"": ""BRM5-20260731-14085""}"
BRMGRS-20260802-16d4c21d239d15c273dd512e,RMSRD-20260802-3d9f7eb8ed640f5f05de,RMSRD-20260802-3d9f7eb8ed640f5f05de,BRM5C-BRM5-20260731-16173-01,Pine River,MI,Midwest,pdf,budget_or_pay_plan,non_cba_or_unresolved_hint,high_priority_verification_ready,4,4,0,quantitative_direct_text_claim_ready,supporting_example_candidate,quant_budget_or_pay_plan_amount,weak,true,false,false,false,false,false,false,false,false,supporting_example_candidate,0.8650,Aggregated 4 schema-valid bounded span ratings; strongest claim bucket quantitative_direct_text_claim_ready and downstream use supporting_example_candidate.,false,,BRMGRP-20260802-72ead1d0b1c4c14ab0df15a2,gabriel_rating_lane_002,"bounded documentary rating only; not ingested or codified; no pay normalization, wage-gap estimate, national prevalence, treatment effect, or final causal claim; global analysis readiness remains false",false,not_ingested,not_codified,not_normalized,not_matched,"{""candidate_id"": ""BRM5C-BRM5-20260731-16173-01"", ""final"": ""https://pinerivermi.gov/wp-content/uploads/2025/10/2026-Adopted-Budget-Website.pdf"", ""original"": ""https://pinerivermi.gov/wp-content/uploads/2025/10/2026-Adopted-Budget-Website.pdf"", ""scout_target_id"": ""BRM5-20260731-16173""}"
BRMGRS-20260802-5bcc0430557f7f58a729a36b,RMSRD-20260802-eee10ed3f9869c15e651,RMSRD-20260802-eee10ed3f9869c15e651,BRM5C-BRM5-20260731-01683-01,Waterford,MN,Midwest,pdf,budget_or_pay_plan,non_cba_or_unresolved_hint,medium_priority_verification_ready,4,4,0,quantitative_direct_text_claim_ready,supporting_example_candidate,quant_percentage_raise_or_cola,none,true,false,false,false,false,false,false,false,false,supporting_example_candidate,0.9400,Aggregated 4 schema-valid bounded span ratings; strongest claim bucket quantitative_direct_text_claim_ready and downstream use supporting_example_candidate.,false,,BRMGRP-20260802-b971c79d2f1614c2b2c38488,gabriel_rating_lane_002,"bounded documentary rating only; not ingested or codified; no pay normalization, wage-gap estimate, national prevalence, treatment effect, or final causal claim; global analysis readiness remains false",false,not_ingested,not_codified,not_normalized,not_matched,"{""candidate_id"": ""BRM5C-BRM5-20260731-01683-01"", ""final"": ""https://waterfordtownshipmn.gov/vertical/sites/%7BC4859390-F08F-45A2-A8A1-065D5B642E1C%7D/uploads/2026.pdf"", ""original"": ""https://waterfordtownshipmn.gov/vertical/sites/%7BC4859390-F08F-45A2-A8A1-065D5B642E1C%7D/uploads/2026.pdf"", ""scout_target_id"": ""BRM5-20260731-01683""}"
BRMGRS-20260802-8dc58896150a4d98b3770888,RMSRD-20260802-2d21aaff638cfe590558,RMSRD-20260802-2d21aaff638cfe590558,BRM5C-BRM5-20260731-14186-01,Freeville,NY,Northeast,pdf,budget_or_pay_plan,non_cba_or_unresolved_hint,high_priority_verification_ready,4,4,0,weak_or_not_supported,manual_review_candidate,quant_salary_schedule_table,none,false,false,false,false,false,false,false,false,false,manual_review_candidate,0.8400,Aggregated 4 schema-valid bounded span ratings; strongest claim bucket weak_or_not_supported and downstream use manual_review_candidate.,false,,BRMGRP-20260802-a05a30113dcf53d384e060be,gabriel_rating_lane_002,"bounded documentary rating only; not ingested or codified; no pay normalization, wage-gap estimate, national prevalence, treatment effect, or final causal claim; global analysis readiness remains false",false,not_ingested,not_codified,not_normalized,not_matched,"{""candidate_id"": ""BRM5C-BRM5-20260731-14186-01"", ""final"": ""https://freevilleny.org/wp-content/uploads/2025/04/Proposed-FY-25-26-Budget.pdf"", ""original"": ""https://freevilleny.org/wp-content/uploads/2025/04/Proposed-FY-25-26-Budget.pdf"", ""scout_target_id"": ""BRM5-20260731-14186""}"
BRMGRS-20260802-a60666bcd13c799c5069c77f,RMSRD-20260802-8409d05ef842585f3679,RMSRD-20260802-8409d05ef842585f3679,BRM5C-BRM5-20260731-18123-01,Chester,PA,Northeast,pdf,budget_or_pay_plan,non_cba_or_unresolved_hint,high_priority_verification_ready,4,0,4,qualitative_mechanism_claim_ready,mechanism_summary_candidate,qual_mou_or_settlement,moderate,false,true,false,false,false,false,false,false,true,mechanism_summary_candidate,0.8600,Aggregated 4 schema-valid bounded span ratings; strongest claim bucket qualitative_mechanism_claim_ready and downstream use mechanism_summary_candidate.,false,,BRMGRP-20260802-096c1358a63d6010bf0e831b,gabriel_rating_lane_002,"bounded documentary rating only; not ingested or codified; no pay normalization, wage-gap estimate, national prevalence, treatment effect, or final causal claim; global analysis readiness remains false",false,not_ingested,not_codified,not_normalized,not_matched,"{""candidate_id"": ""BRM5C-BRM5-20260731-18123-01"", ""final"": ""https://chestercity.com/wp-content/uploads/2025/01/Delibrative-Meeting-Agenda-1625-Council.pdf"", ""original"": ""https://www.chestercity.com/wp-content/uploads/2025/01/Delibrative-Meeting-Agenda-1625-Council.pdf"", ""scout_target_id"": ""BRM5-20260731-18123""}"
BRMGRS-20260802-857d58b9949770c235234a52,RMSRD-20260802-2bbb7a03ee9451fda7cd,RMSRD-20260802-2bbb7a03ee9451fda7cd,BRM5C-BRM5-20260731-11001-03,Orange,VT,Northeast,pdf,budget_or_pay_plan,non_cba_or_unresolved_hint,high_priority_verification_ready,4,2,2,quantitative_direct_text_claim_ready,supporting_example_candidate,quant_overtime_or_holiday_rate,none,true,false,false,false,false,false,false,true,false,supporting_example_candidate,0.8500,Aggregated 4 schema-valid bounded span ratings; strongest claim bucket quantitative_direct_text_claim_ready and downstream use supporting_example_candidate.,false,,BRMGRP-20260802-9a75e12e6d1f5ea384c54406,gabriel_rating_lane_002,"bounded documentary rating only; not ingested or codified; no pay normalization, wage-gap estimate, national prevalence, treatment effect, or final causal claim; global analysis readiness remains false",false,not_ingested,not_codified,not_normalized,not_matched,"{""candidate_id"": ""BRM5C-BRM5-20260731-11001-03"", ""final"": ""https://orangevt.org/wp-content/uploads/2025/02/Budget-for-Report.pdf"", ""original"": ""https://orangevt.org/wp-content/uploads/2025/02/Budget-for-Report.pdf"", ""scout_target_id"": ""BRM5-20260731-11001""}"
BRMGRS-20260802-693b925a27e9519ec08c4888,RMSRD-20260802-551cfdace088a620da29,RMSRD-20260802-551cfdace088a620da29,BRM5C-BRM5-20260731-04079-01,Mazon,IL,Midwest,pdf,cba,cba_arbitration_factfinding_hint,high_priority_verification_ready,4,2,2,qualitative_mechanism_claim_ready,supporting_example_candidate,quant_overtime_or_holiday_rate,moderate,false,true,false,false,false,false,false,true,false,supporting_example_candidate,0.8500,Aggregated 4 schema-valid bounded span ratings; strongest claim bucket qualitative_mechanism_claim_ready and downstream use supporting_example_candidate.,false,,BRMGRP-20260802-460b69b6f4321e2640ffc13f,gabriel_rating_lane_002,"bounded documentary rating only; not ingested or codified; no pay normalization, wage-gap estimate, national prevalence, treatment effect, or final causal claim; global analysis readiness remains false",false,not_ingested,not_codified,not_normalized,not_matched,"{""candidate_id"": ""BRM5C-BRM5-20260731-04079-01"", ""final"": ""https://villageofmazon.org/documents/475/total_comp_2022.pdf"", ""original"": ""https://villageofmazon.org/documents/475/total_comp_2022.pdf"", ""scout_target_id"": ""BRM5-20260731-04079""}"
BRMGRS-20260802-e4d1ddf7f131a9699b1da04d,RMSRD-20260802-8259940126bccbf5d4aa,RMSRD-20260802-8259940126bccbf5d4aa,BRM5C-BRM5-20260731-04827-02,Cumming,MI,Midwest,pdf,civil_service_or_hr_pay_plan,non_cba_or_unresolved_hint,high_priority_verification_ready,4,4,0,quantitative_direct_text_claim_ready,core_finding_candidate,quant_base_wage_direct_value,none,true,false,false,false,false,false,false,false,false,core_finding_candidate,0.9400,Aggregated 4 schema-valid bounded span ratings; strongest claim bucket quantitative_direct_text_claim_ready and downstream use core_finding_candidate.,false,,BRMGRP-20260802-9d09f72092df845af56aebaf,gabriel_rating_lane_002,"bounded documentary rating only; not ingested or codified; no pay normalization, wage-gap estimate, national prevalence, treatment effect, or final causal claim; global analysis readiness remains false",false,not_ingested,not_codified,not_normalized,not_matched,"{""candidate_id"": ""BRM5C-BRM5-20260731-04827-02"", ""final"": ""https://img1.wsimg.com/blobby/go/f8422c10-8b8f-4ddb-9d5e-d2ac4434a79b/downloads/4674f111-b553-44d4-a94c-74d2e89ee53d/BUDGET%20WORSHOP%20MINUTES%203-12-2026.pdf"", ""original"": ""https://img1.wsimg.com/blobby/go/f8422c10-8b8f-4ddb-9d5e-d2ac4434a79b/downloads/4674f111-b553-44d4-a94c-74d2e89ee53d/BUDGET%20WORSHOP%20MINUTES%203-12-2026.pdf?ver=1784142869042"", ""scout_target_id"": ""BRM5-20260731-04827""}"
BRMGRS-20260802-676244922def4c54247eab02,RMSRD-20260802-cfb4cae5182b54298684,RMSRD-20260802-cfb4cae5182b54298684,BRM5C-BRM5-20260731-14285-02,Schuyler Falls,NY,Northeast,pdf,mou_or_memorandum,non_cba_or_unresolved_hint,high_priority_verification_ready,4,3,1,quantitative_direct_text_claim_ready,supporting_example_candidate,qual_mou_or_settlement,weak,true,false,false,false,false,false,false,false,true,supporting_example_candidate,0.9200,Aggregated 4 schema-valid bounded span ratings; strongest claim bucket quantitative_direct_text_claim_ready and downstream use supporting_example_candidate.,false,,BRMGRP-20260802-e137dbb20c23f57838f9407a,gabriel_rating_lane_002,"bounded documentary rating only; not ingested or codified; no pay normalization, wage-gap estimate, national prevalence, treatment effect, or final causal claim; global analysis readiness remains false",false,not_ingested,not_codified,not_normalized,not_matched,"{""candidate_id"": ""BRM5C-BRM5-20260731-14285-02"", ""final"": ""https://schuylerfallsny.gov/wp-content/uploads/2025/03/RM012825.pdf"", ""original"": ""https://schuylerfallsny.gov/wp-content/uploads/2025/03/RM012825.pdf"", ""scout_target_id"": ""BRM5-20260731-14285""}"
BRMGRS-20260802-77f00642543c2ed8bc7fd17a,RMSRD-20260802-76730087c8dac1079ea0,RMSRD-20260802-76730087c8dac1079ea0,BRM5C-BRM5-20260731-14718-02,West Deer,PA,Northeast,pdf,mou_or_memorandum,cba_arbitration_factfinding_hint,high_priority_verification_ready,4,1,3,quantitative_needs_normalization,local_context_candidate,qual_mou_or_settlement,weak,false,false,false,false,false,false,false,false,true,local_context_candidate,0.8550,Aggregated 4 schema-valid bounded span ratings; strongest claim bucket quantitative_needs_normalization and downstream use local_context_candidate.,false,,BRMGRP-20260802-e5f7bb0f4aaf9a1cea3f8ecf,gabriel_rating_lane_002,"bounded documentary rating only; not ingested or codified; no pay normalization, wage-gap estimate, national prevalence, treatment effect, or final causal claim; global analysis readiness remains false",false,not_ingested,not_codified,not_normalized,not_matched,"{""candidate_id"": ""BRM5C-BRM5-20260731-14718-02"", ""final"": ""https://cms2.revize.com/revize/westdeer/Document%20Center/Agenda%20%26%20Minutes/Board%20Of%20Supervisors/2024/Minutes/2024-12-18%20Regular%20Business%20Meeting%20Minutes1.pdf"", ""original"": ""https://cms2.revize.com/revize/westdeer/Document%20Center/Agenda%20%26%20Minutes/Board%20Of%20Supervisors/2024/Minutes/2024-12-18%20Regular%20Business%20Meeting%20Minutes1.pdf"", ""scout_target_id"": ""BRM5-20260731-14718""}"
BRMGRS-20260802-6fb396072b4e5ceae32f9152,RMSRD-20260802-2e6068c6aacae543879d,RMSRD-20260802-2e6068c6aacae543879d,BRM5C-BRM5-20260731-10559-01,Stephentown,NY,Northeast,pdf,other_local_government_pay_policy,non_cba_or_unresolved_hint,high_priority_verification_ready,4,4,0,quantitative_direct_text_claim_ready,core_finding_candidate,quant_base_wage_direct_value,none,true,false,false,false,false,false,false,false,false,core_finding_candidate,0.9400,Aggregated 4 schema-valid bounded span ratings; strongest claim bucket quantitative_direct_text_claim_ready and downstream use core_finding_candidate.,false,,BRMGRP-20260802-0ade3a136c77657860e8aa84,gabriel_rating_lane_002,"bounded documentary rating only; not ingested or codified; no pay normalization, wage-gap estimate, national prevalence, treatment effect, or final causal claim; global analysis readiness remains false",false,not_ingested,not_codified,not_normalized,not_matched,"{""candidate_id"": ""BRM5C-BRM5-20260731-10559-01"", ""final"": ""https://stephentown.gov/wp-content/uploads/2026/01/January-5-2026-ORGANIZATIONAL_MEETING.pdf"", ""original"": ""https://stephentown.gov/wp-content/uploads/2026/01/January-5-2026-ORGANIZATIONAL_MEETING.pdf"", ""scout_target_id"": ""BRM5-20260731-10559""}"
BRMGRS-20260802-d53d56c29bc3ac85a2bfc373,RMSRD-20260802-3f2619061285cf1ecab6,RMSRD-20260802-3f2619061285cf1ecab6,BRM5C-BRM5-20260731-12480-01,Suttons Bay,MI,Midwest,pdf,personnel_policy,non_cba_or_unresolved_hint,high_priority_verification_ready,4,3,1,weak_or_not_supported,exclude_or_write_off,quant_other_compensation_value,none,false,false,false,false,false,false,false,false,false,exclude_or_write_off,0.8450,Aggregated 4 schema-valid bounded span ratings; strongest claim bucket weak_or_not_supported and downstream use exclude_or_write_off.,false,,BRMGRP-20260802-b261d4573c53b58dd88cb814,gabriel_rating_lane_002,"bounded documentary rating only; not ingested or codified; no pay normalization, wage-gap estimate, national prevalence, treatment effect, or final causal claim; global analysis readiness remains false",false,not_ingested,not_codified,not_normalized,not_matched,"{""candidate_id"": ""BRM5C-BRM5-20260731-12480-01"", ""final"": ""https://suttonsbayvillage.org/downloads/village_council_meeting_packet_51523.pdf"", ""original"": ""https://www.suttonsbayvillage.org/downloads/village_council_meeting_packet_51523.pdf"", ""scout_target_id"": ""BRM5-20260731-12480""}"
BRMGRS-20260802-e0a7109beff999ae67857c1e,RMSRD-20260802-4a2d793de2206f6f4de8,RMSRD-20260802-4a2d793de2206f6f4de8,BRM5C-BRM5-20260731-00449-01,Sesser,IL,Midwest,pdf,wage_schedule,non_cba_or_unresolved_hint,high_priority_verification_ready,4,4,0,quantitative_direct_text_claim_ready,core_finding_candidate,quant_other_compensation_value,none,true,false,false,false,false,false,false,false,false,core_finding_candidate,0.9150,Aggregated 4 schema-valid bounded span ratings; strongest claim bucket quantitative_direct_text_claim_ready and downstream use core_finding_candidate.,false,,BRMGRP-20260802-4a048fed55865d778dd2b60f,gabriel_rating_lane_002,"bounded documentary rating only; not ingested or codified; no pay normalization, wage-gap estimate, national prevalence, treatment effect, or final causal claim; global analysis readiness remains false",false,not_ingested,not_codified,not_normalized,not_matched,"{""candidate_id"": ""BRM5C-BRM5-20260731-00449-01"", ""final"": ""https://sesser.org/wp-content/uploads/2024/09/employee-raises-fy25-effective-may-1st-2024.pdf"", ""original"": ""https://www.sesser.org/wp-content/uploads/2024/09/employee-raises-fy25-effective-may-1st-2024.pdf"", ""scout_target_id"": ""BRM5-20260731-00449""}"
BRMGRS-20260802-0dcb671e22672e0a69e74a53,RMSRD-20260802-44a93e6f16573e788cd1,RMSRD-20260802-44a93e6f16573e788cd1,BRM5C-BRM5-20260731-08142-01,New Richmond,IN,Midwest,pdf,wage_schedule,non_cba_or_unresolved_hint,medium_priority_verification_ready,4,3,1,quantitative_direct_text_claim_ready,core_finding_candidate,quant_salary_schedule_table,moderate,true,true,true,false,false,false,false,false,false,core_finding_candidate,0.8700,Aggregated 4 schema-valid bounded span ratings; strongest claim bucket quantitative_direct_text_claim_ready and downstream use core_finding_candidate.,false,,BRMGRP-20260802-a0ac632450a1980eac82f1d4,gabriel_rating_lane_002,"bounded documentary rating only; not ingested or codified; no pay normalization, wage-gap estimate, national prevalence, treatment effect, or final causal claim; global analysis readiness remains false",false,not_ingested,not_codified,not_normalized,not_matched,"{""candidate_id"": ""BRM5C-BRM5-20260731-08142-01"", ""final"": ""https://nrtown.com/wp-content/uploads/2021/12/2021-14-Salary-Ordinance-2.pdf"", ""original"": ""https://www.nrtown.com/wp-content/uploads/2021/12/2021-14-Salary-Ordinance-2.pdf"", ""scout_target_id"": ""BRM5-20260731-08142""}"
BRMGRS-20260802-f1fd9d1b5e60d3679c4c17aa,RMSRD-20260802-048f3b6c886e6f5e2d65,RMSRD-20260802-048f3b6c886e6f5e2d65,BRM5C-BRM5-20260731-06775-02,Newstead,NY,Northeast,pdf,wage_schedule,cba_arbitration_factfinding_hint,high_priority_verification_ready,4,0,4,qualitative_mechanism_claim_ready,mechanism_summary_candidate,qual_budget_or_fiscal_constraint,moderate,false,true,false,false,false,false,false,false,true,mechanism_summary_candidate,0.8600,Aggregated 4 schema-valid bounded span ratings; strongest claim bucket qualitative_mechanism_claim_ready and downstream use mechanism_summary_candidate.,false,,BRMGRP-20260802-aae0bee448e2b544bf4915fd,gabriel_rating_lane_002,"bounded documentary rating only; not ingested or codified; no pay normalization, wage-gap estimate, national prevalence, treatment effect, or final causal claim; global analysis readiness remains false",false,not_ingested,not_codified,not_normalized,not_matched,"{""candidate_id"": ""BRM5C-BRM5-20260731-06775-02"", ""final"": ""https://www4.erie.gov/newstead/sites/www4.erie.gov.newstead/files/2023-02/october_11_2022_tb.pdf"", ""original"": ""https://www4.erie.gov/newstead/sites/www4.erie.gov.newstead/files/2023-02/october_11_2022_tb.pdf"", ""scout_target_id"": ""BRM5-20260731-06775""}"
BRMGRS-20260802-1b62e34ee1fb310e711c6b95,RMSRD-20260802-b8fb695b2565d0e90cbc,RMSRD-20260802-b8fb695b2565d0e90cbc,BRM5C-BRM5-20260731-14184-01,Fowler,NY,Northeast,pdf,wage_schedule,non_cba_or_unresolved_hint,high_priority_verification_ready,4,4,0,quantitative_direct_text_claim_ready,core_finding_candidate,quant_salary_schedule_table,moderate,true,true,true,false,false,false,false,false,false,core_finding_candidate,0.8900,Aggregated 4 schema-valid bounded span ratings; strongest claim bucket quantitative_direct_text_claim_ready and downstream use core_finding_candidate.,false,,BRMGRP-20260802-72d257da31f65f6f1c84ebf8,gabriel_rating_lane_002,"bounded documentary rating only; not ingested or codified; no pay normalization, wage-gap estimate, national prevalence, treatment effect, or final causal claim; global analysis readiness remains false",false,not_ingested,not_codified,not_normalized,not_matched,"{""candidate_id"": ""BRM5C-BRM5-20260731-14184-01"", ""final"": ""https://fowlerny.gov/_files/ugd/5c6e2d_807f5368b783420fbbc6f99e0187aa03.pdf"", ""original"": ""https://www.fowlerny.gov/_files/ugd/5c6e2d_807f5368b783420fbbc6f99e0187aa03.pdf?index=true"", ""scout_target_id"": ""BRM5-20260731-14184""}"
BRMGRS-20260802-e28ff0b49274e4c6aec2d9fe,RMSRD-20260802-91d2e1d6852fe56bff21,RMSRD-20260802-91d2e1d6852fe56bff21,BRM5C-BRM5-20260731-10815-01,Moore,PA,Northeast,pdf,wage_schedule,non_cba_or_unresolved_hint,high_priority_verification_ready,4,4,0,quantitative_direct_text_claim_ready,core_finding_candidate,quant_percentage_raise_or_cola,none,true,false,false,false,false,false,false,false,false,core_finding_candidate,0.9400,Aggregated 4 schema-valid bounded span ratings; strongest claim bucket quantitative_direct_text_claim_ready and downstream use core_finding_candidate.,false,,BRMGRP-20260802-7cefcfa1e7aa68931821bd99,gabriel_rating_lane_002,"bounded documentary rating only; not ingested or codified; no pay normalization, wage-gap estimate, national prevalence, treatment effect, or final causal claim; global analysis readiness remains false",false,not_ingested,not_codified,not_normalized,not_matched,"{""candidate_id"": ""BRM5C-BRM5-20260731-10815-01"", ""final"": ""https://mooretownship.org/minutes/12oct22.pdf"", ""original"": ""https://mooretownship.org/minutes/12oct22.pdf"", ""scout_target_id"": ""BRM5-20260731-10815""}"
BRMGRS-20260802-ab66eb3acd30622e3b53d847,RMSRD-20260802-06f9f2c056dcde5fd2cf,RMSRD-20260802-06f9f2c056dcde5fd2cf,BRM5C-BRM5-20260731-07689-03,Elwood,IL,Midwest,pdf,agenda_packet_or_minutes,non_cba_or_unresolved_hint,medium_priority_verification_ready,3,0,3,qualitative_mechanism_claim_ready,mechanism_summary_candidate,qual_collective_bargaining,central,false,true,false,false,false,false,false,false,true,mechanism_summary_candidate,0.8600,Aggregated 3 schema-valid bounded span ratings; strongest claim bucket qualitative_mechanism_claim_ready and downstream use mechanism_summary_candidate.,false,,BRMGRP-20260802-196b8fe0a62ca80de54f8517,gabriel_rating_lane_002,"bounded documentary rating only; not ingested or codified; no pay normalization, wage-gap estimate, national prevalence, treatment effect, or final causal claim; global analysis readiness remains false",false,not_ingested,not_codified,not_normalized,not_matched,"{""candidate_id"": ""BRM5C-BRM5-20260731-07689-03"", ""final"": ""https://villageofelwood.com/AgendaCenter/ViewFile/Minutes/_06072023-728"", ""original"": ""https://www.villageofelwood.com/AgendaCenter/ViewFile/Minutes/_06072023-728"", ""scout_target_id"": ""BRM5-20260731-07689""}"
BRMGRS-20260802-6e6fceee85c92816525e63c2,RMSRD-20260802-6e30b6ffd9bfa35ed10b,RMSRD-20260802-6e30b6ffd9bfa35ed10b,BRM5C-BRM5-20260731-08496-01,Washington,KS,Midwest,pdf,agenda_packet_or_minutes,non_cba_or_unresolved_hint,high_priority_verification_ready,3,2,1,quantitative_direct_text_claim_ready,supporting_example_candidate,quant_percentage_raise_or_cola,none,true,false,false,false,false,false,false,false,false,supporting_example_candidate,0.8800,Aggregated 3 schema-valid bounded span ratings; strongest claim bucket quantitative_direct_text_claim_ready and downstream use supporting_example_candidate.,false,,BRMGRP-20260802-2ee6555997ea53da8f6df273,gabriel_rating_lane_002,"bounded documentary rating only; not ingested or codified; no pay normalization, wage-gap estimate, national prevalence, treatment effect, or final causal claim; global analysis readiness remains false",false,not_ingested,not_codified,not_normalized,not_matched,"{""candidate_id"": ""BRM5C-BRM5-20260731-08496-01"", ""final"": ""https://washingtonks.net/documents/342/12-07.pdf"", ""original"": ""https://washingtonks.net/documents/342/12-07.pdf"", ""scout_target_id"": ""BRM5-20260731-08496""}"
BRMGRS-20260802-0da2727671b9eddff0ca705f,RMSRD-20260802-1c294bcd1c705fd6b73a,RMSRD-20260802-1c294bcd1c705fd6b73a,BRM5C-BRM5-20260731-01104-01,Elk,MI,Midwest,pdf,agenda_packet_or_minutes,non_cba_or_unresolved_hint,medium_priority_verification_ready,3,3,0,quantitative_direct_text_claim_ready,core_finding_candidate,quant_base_wage_direct_value,none,true,false,false,false,false,false,false,false,false,core_finding_candidate,0.9400,Aggregated 3 schema-valid bounded span ratings; strongest claim bucket quantitative_direct_text_claim_ready and downstream use core_finding_candidate.,false,,BRMGRP-20260802-9db46c9cbbf89a6270587c30,gabriel_rating_lane_002,"bounded documentary rating only; not ingested or codified; no pay normalization, wage-gap estimate, national prevalence, treatment effect, or final causal claim; global analysis readiness remains false",false,not_ingested,not_codified,not_normalized,not_matched,"{""candidate_id"": ""BRM5C-BRM5-20260731-01104-01"", ""final"": ""https://elk-township.org/download/12883/may-13-2024.pdf"", ""original"": ""https://www.elk-township.org/download/12883/may-13-2024.pdf"", ""scout_target_id"": ""BRM5-20260731-01104""}"
BRMGRS-20260802-bdcc4e40fec1fc95f37cbc85,RMSRD-20260802-a6317000a4600e88bfd1,RMSRD-20260802-a6317000a4600e88bfd1,BRM5C-BRM5-20260731-16135-01,Markey,MI,Midwest,pdf,agenda_packet_or_minutes,non_cba_or_unresolved_hint,high_priority_verification_ready,3,2,1,qualitative_mechanism_claim_ready,mechanism_summary_candidate,qual_retroactivity_or_implementation_timing,moderate,false,true,false,false,false,false,false,false,false,mechanism_summary_candidate,0.8467,Aggregated 3 schema-valid bounded span ratings; strongest claim bucket qualitative_mechanism_claim_ready and downstream use mechanism_summary_candidate.,false,,BRMGRP-20260802-8e69c37eef9b27754c8e24ff,gabriel_rating_lane_002,"bounded documentary rating only; not ingested or codified; no pay normalization, wage-gap estimate, national prevalence, treatment effect, or final causal claim; global analysis readiness remains false",false,not_ingested,not_codified,not_normalized,not_matched,"{""candidate_id"": ""BRM5C-BRM5-20260731-16135-01"", ""final"": ""https://markeytownship.org/wp-content/uploads/2025/02/Special-Mtg-Minutes-1-22-25.pdf"", ""original"": ""https://markeytownship.org/wp-content/uploads/2025/02/Special-Mtg-Minutes-1-22-25.pdf"", ""scout_target_id"": ""BRM5-20260731-16135""}"
BRMGRS-20260802-8a1b097eafe475204b765b4f,RMSRD-20260802-f523fd095acac49e1802,RMSRD-20260802-f523fd095acac49e1802,BRM5C-BRM5-20260731-08670-01,Middle Branch,MI,Midwest,pdf,agenda_packet_or_minutes,non_cba_or_unresolved_hint,high_priority_verification_ready,3,3,0,quantitative_direct_text_claim_ready,core_finding_candidate,quant_base_wage_direct_value,weak,true,false,false,false,false,false,false,false,false,core_finding_candidate,0.9400,Aggregated 3 schema-valid bounded span ratings; strongest claim bucket quantitative_direct_text_claim_ready and downstream use core_finding_candidate.,false,,BRMGRP-20260802-5ba8fc7e5c197804d41756c6,gabriel_rating_lane_002,"bounded documentary rating only; not ingested or codified; no pay normalization, wage-gap estimate, national prevalence, treatment effect, or final causal claim; global analysis readiness remains false",false,not_ingested,not_codified,not_normalized,not_matched,"{""candidate_id"": ""BRM5C-BRM5-20260731-08670-01"", ""final"": ""https://etypeproductionstorage1.blob.core.windows.net/%24web/Production_Prod/Jobs/557/2021-02-04/129732/PreProcessedPDF/ccr_127256_prep_20210204143614806.pdf"", ""original"": ""https://etypeproductionstorage1.blob.core.windows.net/%24web/Production_Prod/Jobs/557/2021-02-04/129732/PreProcessedPDF/ccr_127256_prep_20210204143614806.pdf"", ""scout_target_id"": ""BRM5-20260731-08670""}"
BRMGRS-20260802-10faf15c3bec735c607b952f,RMSRD-20260802-2e15fbfa485a413e976d,RMSRD-20260802-2e15fbfa485a413e976d,BRM5C-BRM5-20260731-01559-01,Nevis,MN,Midwest,pdf,agenda_packet_or_minutes,non_cba_or_unresolved_hint,high_priority_verification_ready,3,0,3,quantitative_direct_text_claim_ready,supporting_example_candidate,qual_retroactivity_or_implementation_timing,moderate,true,true,true,false,false,false,false,false,false,supporting_example_candidate,0.8600,Aggregated 3 schema-valid bounded span ratings; strongest claim bucket quantitative_direct_text_claim_ready and downstream use supporting_example_candidate.,false,,BRMGRP-20260802-6f8f68c57a5bd87370f80a0a,gabriel_rating_lane_002,"bounded documentary rating only; not ingested or codified; no pay normalization, wage-gap estimate, national prevalence, treatment effect, or final causal claim; global analysis readiness remains false",false,not_ingested,not_codified,not_normalized,not_matched,"{""candidate_id"": ""BRM5C-BRM5-20260731-01559-01"", ""final"": ""https://files.heygov.com/cityofnevismn.com/meetings/me_01k235na7x3ph53zby1wevgg5n/08-11-2025-nevis-city-council-minutes.pdf"", ""original"": ""https://files.heygov.com/cityofnevismn.com/meetings/me_01k235na7x3ph53zby1wevgg5n/08-11-2025-nevis-city-council-minutes.pdf"", ""scout_target_id"": ""BRM5-20260731-01559""}"
BRMGRS-20260802-964ba6df5ddc3b6e7b874230,RMSRD-20260802-eeb4c4c038f4c218981d,RMSRD-20260802-eeb4c4c038f4c218981d,BRM5C-BRM5-20260731-05439-02,Wolverton,MN,Midwest,html,agenda_packet_or_minutes,non_cba_or_unresolved_hint,high_priority_verification_ready,3,2,1,quantitative_direct_text_claim_ready,core_finding_candidate,qual_ordinance_or_council_adoption,weak,true,false,false,false,false,false,false,false,false,core_finding_candidate,0.9133,Aggregated 3 schema-valid bounded span ratings; strongest claim bucket quantitative_direct_text_claim_ready and downstream use core_finding_candidate.,false,,BRMGRP-20260802-d957ea545e36cceed874afdd,gabriel_rating_lane_002,"bounded documentary rating only; not ingested or codified; no pay normalization, wage-gap estimate, national prevalence, treatment effect, or final causal claim; global analysis readiness remains false",false,not_ingested,not_codified,not_normalized,not_matched,"{""candidate_id"": ""BRM5C-BRM5-20260731-05439-02"", ""final"": ""https://cityofwolverton.com/september-10-2024-minutes-of-wolverton-city-council-meeting"", ""original"": ""https://cityofwolverton.com/september-10-2024-minutes-of-wolverton-city-council-meeting/"", ""scout_target_id"": ""BRM5-20260731-05439""}"
BRMGRS-20260802-703fbfe28acc2ad69a6aa10c,RMSRD-20260802-1c6cf776dfe80672bb2b,RMSRD-20260802-1c6cf776dfe80672bb2b,BRM5C-BRM5-20260731-02956-01,Croghan,NY,Northeast,html,agenda_packet_or_minutes,non_cba_or_unresolved_hint,medium_priority_verification_ready,3,3,0,quantitative_direct_text_claim_ready,core_finding_candidate,quant_base_wage_direct_value,none,true,false,false,false,false,false,false,false,false,core_finding_candidate,0.9400,Aggregated 3 schema-valid bounded span ratings; strongest claim bucket quantitative_direct_text_claim_ready and downstream use core_finding_candidate.,false,,BRMGRP-20260802-7d9d570dd987a5390e13dbbe,gabriel_rating_lane_002,"bounded documentary rating only; not ingested or codified; no pay normalization, wage-gap estimate, national prevalence, treatment effect, or final causal claim; global analysis readiness remains false",false,not_ingested,not_codified,not_normalized,not_matched,"{""candidate_id"": ""BRM5C-BRM5-20260731-02956-01"", ""final"": ""https://townofcroghan.gov/meetings/3379-2"", ""original"": ""https://townofcroghan.gov/meetings/3379-2/"", ""scout_target_id"": ""BRM5-20260731-02956""}"
BRMGRS-20260802-95e845432fa632ead70a77be,RMSRD-20260802-cf29743501ae2f031481,RMSRD-20260802-cf29743501ae2f031481,BRM5C-BRM5-20260731-10556-02,Southport,NY,Northeast,pdf,agenda_packet_or_minutes,non_cba_or_unresolved_hint,medium_priority_verification_ready,3,3,0,quantitative_direct_text_claim_ready,core_finding_candidate,quant_base_wage_direct_value,none,true,false,false,false,false,false,false,false,false,core_finding_candidate,0.9400,Aggregated 3 schema-valid bounded span ratings; strongest claim bucket quantitative_direct_text_claim_ready and downstream use core_finding_candidate.,false,,BRMGRP-20260802-8076d3cb973a9f098d7b1b51,gabriel_rating_lane_002,"bounded documentary rating only; not ingested or codified; no pay normalization, wage-gap estimate, national prevalence, treatment effect, or final causal claim; global analysis readiness remains false",false,not_ingested,not_codified,not_normalized,not_matched,"{""candidate_id"": ""BRM5C-BRM5-20260731-10556-02"", ""final"": ""https://townofsouthportny.gov/post/_docs/minutes/2024/MinutesTownBoard2024_12_10.pdf"", ""original"": ""https://townofsouthportny.gov/post/_docs/minutes/2024/MinutesTownBoard2024_12_10.pdf"", ""scout_target_id"": ""BRM5-20260731-10556""}"
BRMGRS-20260802-a6f3ff55dcc99d3dbc7e22a3,RMSRD-20260802-7a623d294bf2cd0f366e,RMSRD-20260802-7a623d294bf2cd0f366e,BRM5C-BRM5-20260731-17263-02,Jefferson,OH,Midwest,pdf,agenda_packet_or_minutes,non_cba_or_unresolved_hint,high_priority_verification_ready,3,3,0,weak_or_not_supported,local_context_candidate,quant_other_compensation_value,none,false,false,false,true,false,false,false,false,false,local_context_candidate,0.8400,Aggregated 3 schema-valid bounded span ratings; strongest claim bucket weak_or_not_supported and downstream use local_context_candidate.,false,,BRMGRP-20260802-0efcd3ddd9a03fda4dd38a78,gabriel_rating_lane_002,"bounded documentary rating only; not ingested or codified; no pay normalization, wage-gap estimate, national prevalence, treatment effect, or final causal claim; global analysis readiness remains false",false,not_ingested,not_codified,not_normalized,not_matched,"{""candidate_id"": ""BRM5C-BRM5-20260731-17263-02"", ""final"": ""https://jeffersonohio.gov/wp-content/uploads/2025/11/Council-Meeting-October-20-2025.pdf"", ""original"": ""https://jeffersonohio.gov/wp-content/uploads/2025/11/Council-Meeting-October-20-2025.pdf"", ""scout_target_id"": ""BRM5-20260731-17263""}"
BRMGRS-20260802-85a9710208aeef0b8456911c,RMSRD-20260802-b93bdfc541d759fe7f9e,RMSRD-20260802-b93bdfc541d759fe7f9e,BRM5C-BRM5-20260731-06154-02,South Bloomfield,OH,Midwest,pdf,agenda_packet_or_minutes,non_cba_or_unresolved_hint,high_priority_verification_ready,3,2,1,directional_hint_only,manual_review_candidate,qual_cola_or_indexing_mechanism,weak,false,false,false,false,false,false,false,false,false,manual_review_candidate,0.8467,Aggregated 3 schema-valid bounded span ratings; strongest claim bucket directional_hint_only and downstream use manual_review_candidate.,false,,BRMGRP-20260802-8fff56f294dbf7103ca5eb89,gabriel_rating_lane_002,"bounded documentary rating only; not ingested or codified; no pay normalization, wage-gap estimate, national prevalence, treatment effect, or final causal claim; global analysis readiness remains false",false,not_ingested,not_codified,not_normalized,not_matched,"{""candidate_id"": ""BRM5C-BRM5-20260731-06154-02"", ""final"": ""https://cms3.revize.com/revize/bloomfield/Document%20Center/Agenda%20and%20Minutes/agendas/2024/12-16-24%20meeting%20agenda.pdf"", ""original"": ""https://cms3.revize.com/revize/bloomfield/Document%20Center/Agenda%20and%20Minutes/agendas/2024/12-16-24%20meeting%20agenda.pdf"", ""scout_target_id"": ""BRM5-20260731-06154""}"
BRMGRS-20260802-0725345ecc461f03f1b1ade9,RMSRD-20260802-11cab8ee7829e962eec8,RMSRD-20260802-11cab8ee7829e962eec8,BRM5C-BRM5-20260731-14646-02,Somerset,PA,Northeast,pdf,agenda_packet_or_minutes,cba_arbitration_factfinding_hint,high_priority_verification_ready,3,1,2,qualitative_mechanism_claim_ready,local_context_candidate,qual_collective_bargaining,weak,false,false,false,false,false,false,false,false,true,local_context_candidate,0.8533,Aggregated 3 schema-valid bounded span ratings; strongest claim bucket qualitative_mechanism_claim_ready and downstream use local_context_candidate.,false,,BRMGRP-20260802-d8043ca8c70580d4f088f5de,gabriel_rating_lane_002,"bounded documentary rating only; not ingested or codified; no pay normalization, wage-gap estimate, national prevalence, treatment effect, or final causal claim; global analysis readiness remains false",false,not_ingested,not_codified,not_normalized,not_matched,"{""candidate_id"": ""BRM5C-BRM5-20260731-14646-02"", ""final"": ""https://somersetborough.com/councilminutes/pdf_20/12-28-20%20Council%20Mtg%20Minutes.pdf"", ""original"": ""https://www.somersetborough.com/councilminutes/pdf_20/12-28-20%20Council%20Mtg%20Minutes.pdf"", ""scout_target_id"": ""BRM5-20260731-14646""}"
BRMGRS-20260802-65c1d3e51f0e3ff5516ee3b1,RMSRD-20260802-5f38bd431a16063b3297,RMSRD-20260802-5f38bd431a16063b3297,BRM5C-BRM5-20260731-03379-02,Plymouth,PA,Northeast,pdf,agenda_packet_or_minutes,non_cba_or_unresolved_hint,high_priority_verification_ready,3,1,2,quantitative_direct_text_claim_ready,core_finding_candidate,quant_percentage_raise_or_cola,weak,true,false,false,false,false,false,false,false,false,core_finding_candidate,0.8867,Aggregated 3 schema-valid bounded span ratings; strongest claim bucket quantitative_direct_text_claim_ready and downstream use core_finding_candidate.,false,,BRMGRP-20260802-9daaab504ba0f81ceed63a22,gabriel_rating_lane_002,"bounded documentary rating only; not ingested or codified; no pay normalization, wage-gap estimate, national prevalence, treatment effect, or final causal claim; global analysis readiness remains false",false,not_ingested,not_codified,not_normalized,not_matched,"{""candidate_id"": ""BRM5C-BRM5-20260731-03379-02"", ""final"": ""https://plymouthtownship.org/download/Plymouth%20Council/previous_years/2017/Minutes/Regular-Meeting-November-2017.pdf"", ""original"": ""https://www.plymouthtownship.org/download/Plymouth%20Council/previous_years/2017/Minutes/Regular-Meeting-November-2017.pdf"", ""scout_target_id"": ""BRM5-20260731-03379""}"
BRMGRS-20260802-c062482688f8aef8df1903f3,RMSRD-20260802-84dde5ace23e413eb6a1,RMSRD-20260802-84dde5ace23e413eb6a1,BRM5C-BRM5-20260731-07107-02,Oakland,PA,Northeast,pdf,agenda_packet_or_minutes,non_cba_or_unresolved_hint,medium_priority_verification_ready,3,3,0,quantitative_direct_text_claim_ready,supporting_example_candidate,quant_base_wage_direct_value,none,true,false,false,false,false,false,false,false,false,supporting_example_candidate,0.9400,Aggregated 3 schema-valid bounded span ratings; strongest claim bucket quantitative_direct_text_claim_ready and downstream use supporting_example_candidate.,false,,BRMGRP-20260802-198862f0476ccc3aa31410cd,gabriel_rating_lane_002,"bounded documentary rating only; not ingested or codified; no pay normalization, wage-gap estimate, national prevalence, treatment effect, or final causal claim; global analysis readiness remains false",false,not_ingested,not_codified,not_normalized,not_matched,"{""candidate_id"": ""BRM5C-BRM5-20260731-07107-02"", ""final"": ""https://oaklandborough.com/document/meeting-minutes-november-10th-2022"", ""original"": ""https://oaklandborough.com/document/meeting-minutes-november-10th-2022/"", ""scout_target_id"": ""BRM5-20260731-07107""}"
BRMGRS-20260802-7a395418aa673c070544cb78,RMSRD-20260802-a70edacc8d2c1a5ec0d5,RMSRD-20260802-a70edacc8d2c1a5ec0d5,BRM5C-BRM5-20260731-18229-01,Jackson,PA,Northeast,pdf,agenda_packet_or_minutes,non_cba_or_unresolved_hint,high_priority_verification_ready,3,2,1,quantitative_direct_text_claim_ready,supporting_example_candidate,quant_base_wage_direct_value,none,true,false,false,false,false,false,false,false,false,supporting_example_candidate,0.9133,Aggregated 3 schema-valid bounded span ratings; strongest claim bucket quantitative_direct_text_claim_ready and downstream use supporting_example_candidate.,false,,BRMGRP-20260802-25cea36fe0dd1e768fc3a84e,gabriel_rating_lane_002,"bounded documentary rating only; not ingested or codified; no pay normalization, wage-gap estimate, national prevalence, treatment effect, or final causal claim; global analysis readiness remains false",false,not_ingested,not_codified,not_normalized,not_matched,"{""candidate_id"": ""BRM5C-BRM5-20260731-18229-01"", ""final"": ""https://jackson-township.org/wp-content/uploads/2023/01/2023-Re-Org-Meeting-Agenda.docx.pdf"", ""original"": ""https://jackson-township.org/wp-content/uploads/2023/01/2023-Re-Org-Meeting-Agenda.docx.pdf"", ""scout_target_id"": ""BRM5-20260731-18229""}"
BRMGRS-20260802-75c9b2026e8f0406fdbdde9c,RMSRD-20260802-fd16e9bd7430d47733b8,RMSRD-20260802-fd16e9bd7430d47733b8,BRM5C-BRM5-20260731-10917-03,South Londonderry,PA,Northeast,pdf,agenda_packet_or_minutes,non_cba_or_unresolved_hint,high_priority_verification_ready,3,0,3,qualitative_mechanism_claim_ready,mechanism_summary_candidate,qual_collective_bargaining,moderate,false,true,false,false,false,false,false,false,true,mechanism_summary_candidate,0.8600,Aggregated 3 schema-valid bounded span ratings; strongest claim bucket qualitative_mechanism_claim_ready and downstream use mechanism_summary_candidate.,false,,BRMGRP-20260802-f65c3e9b9353f9d49975857d,gabriel_rating_lane_002,"bounded documentary rating only; not ingested or codified; no pay normalization, wage-gap estimate, national prevalence, treatment effect, or final causal claim; global analysis readiness remains false",false,not_ingested,not_codified,not_normalized,not_matched,"{""candidate_id"": ""BRM5C-BRM5-20260731-10917-03"", ""final"": ""https://southlondonderry.org/uploads/6/1/2/6/61268441/jan_5_2026_reorganization_meeting.pdf"", ""original"": ""https://www.southlondonderry.org/uploads/6/1/2/6/61268441/jan_5_2026_reorganization_meeting.pdf"", ""scout_target_id"": ""BRM5-20260731-10917""}"
BRMGRS-20260802-4413b3ae4a6b2d7866e33f4c,RMSRD-20260802-19b39e845c03a446ed69,RMSRD-20260802-19b39e845c03a446ed69,BRM5C-BRM5-20260731-03719-01,Tatum,TX,South,pdf,agenda_packet_or_minutes,non_cba_or_unresolved_hint,high_priority_verification_ready,3,3,0,quantitative_direct_text_claim_ready,core_finding_candidate,quant_base_wage_direct_value,none,true,false,false,false,false,false,false,false,false,core_finding_candidate,0.9400,Aggregated 3 schema-valid bounded span ratings; strongest claim bucket quantitative_direct_text_claim_ready and downstream use core_finding_candidate.,false,,BRMGRP-20260802-154236b95c8546ca2d0dcd57,gabriel_rating_lane_002,"bounded documentary rating only; not ingested or codified; no pay normalization, wage-gap estimate, national prevalence, treatment effect, or final causal claim; global analysis readiness remains false",false,not_ingested,not_codified,not_normalized,not_matched,"{""candidate_id"": ""BRM5C-BRM5-20260731-03719-01"", ""final"": ""https://tatumtexas.com/uploads/cms/nav-31-66c4afd8261ab.pdf"", ""original"": ""https://tatumtexas.com/uploads/cms/nav-31-66c4afd8261ab.pdf"", ""scout_target_id"": ""BRM5-20260731-03719""}"
BRMGRS-20260802-6dbe82e0f4ee3d9ebbd4b46a,RMSRD-20260802-c544dcadcb8150cd5474,RMSRD-20260802-c544dcadcb8150cd5474,BRM5C-BRM5-20260731-17827-01,Wells,WI,Midwest,pdf,agenda_packet_or_minutes,non_cba_or_unresolved_hint,high_priority_verification_ready,3,3,0,quantitative_direct_text_claim_ready,core_finding_candidate,quant_base_wage_direct_value,strong,true,false,false,false,false,false,false,false,false,core_finding_candidate,0.9067,Aggregated 3 schema-valid bounded span ratings; strongest claim bucket quantitative_direct_text_claim_ready and downstream use core_finding_candidate.,false,,BRMGRP-20260802-b7bb36d9f7b7e7a4a5d4bb17,gabriel_rating_lane_002,"bounded documentary rating only; not ingested or codified; no pay normalization, wage-gap estimate, national prevalence, treatment effect, or final causal claim; global analysis readiness remains false",false,not_ingested,not_codified,not_normalized,not_matched,"{""candidate_id"": ""BRM5C-BRM5-20260731-17827-01"", ""final"": ""https://townofwellswi.com/_files/ugd/8ac5ab_c52512ed83a84d5c99eacd63b004f88d.pdf"", ""original"": ""https://www.townofwellswi.com/_files/ugd/8ac5ab_c52512ed83a84d5c99eacd63b004f88d.pdf"", ""scout_target_id"": ""BRM5-20260731-17827""}"
BRMGRS-20260802-b61695d5d4f43aac3f0d5d03,RMSRD-20260802-42e2f58452ec535fc0a3,RMSRD-20260802-42e2f58452ec535fc0a3,BRM5C-BRM5-20260731-04119-01,Nokomis,IL,Midwest,pdf,budget_or_pay_plan,non_cba_or_unresolved_hint,high_priority_verification_ready,3,2,1,quantitative_direct_text_claim_ready,core_finding_candidate,quant_budget_or_pay_plan_amount,none,true,false,false,false,false,false,false,true,false,core_finding_candidate,0.9133,Aggregated 3 schema-valid bounded span ratings; strongest claim bucket quantitative_direct_text_claim_ready and downstream use core_finding_candidate.,false,,BRMGRP-20260802-1e082b815b0fccbe9e388d9f,gabriel_rating_lane_002,"bounded documentary rating only; not ingested or codified; no pay normalization, wage-gap estimate, national prevalence, treatment effect, or final causal claim; global analysis readiness remains false",false,not_ingested,not_codified,not_normalized,not_matched,"{""candidate_id"": ""BRM5C-BRM5-20260731-04119-01"", ""final"": ""https://cityofnokomis.com/documents/517/Ordinanace_2134-_adopting_annual_budget_for_may_2025-_to_april_2026.pdf"", ""original"": ""https://cityofnokomis.com/documents/517/Ordinanace_2134-_adopting_annual_budget_for_may_2025-_to_april_2026.pdf"", ""scout_target_id"": ""BRM5-20260731-04119""}"
BRMGRS-20260802-5e09af282cc698eb1b6e5ac9,RMSRD-20260802-48829e82e9b76642906c,RMSRD-20260802-48829e82e9b76642906c,BRM5C-BRM5-20260731-16126-01,Littlefield,MI,Midwest,pdf,budget_or_pay_plan,non_cba_or_unresolved_hint,high_priority_verification_ready,3,3,0,quantitative_direct_text_claim_ready,core_finding_candidate,quant_budget_or_pay_plan_amount,none,true,false,false,false,false,false,false,false,false,core_finding_candidate,0.9400,Aggregated 3 schema-valid bounded span ratings; strongest claim bucket quantitative_direct_text_claim_ready and downstream use core_finding_candidate.,false,,BRMGRP-20260802-8991e9a61392fc2200912d53,gabriel_rating_lane_002,"bounded documentary rating only; not ingested or codified; no pay normalization, wage-gap estimate, national prevalence, treatment effect, or final causal claim; global analysis readiness remains false",false,not_ingested,not_codified,not_normalized,not_matched,"{""candidate_id"": ""BRM5C-BRM5-20260731-16126-01"", ""final"": ""https://littlefieldtwp.org/wp-content/uploads/2024/07/Annual-Budget-Meeting-3-24-1.pdf"", ""original"": ""https://www.littlefieldtwp.org/wp-content/uploads/2024/07/Annual-Budget-Meeting-3-24-1.pdf"", ""scout_target_id"": ""BRM5-20260731-16126""}"
BRMGRS-20260802-e3c16c3973d13f7f7759f944,RMSRD-20260802-3a20737248334fae9a03,RMSRD-20260802-3a20737248334fae9a03,BRM5C-BRM5-20260731-05039-01,Badger,MN,Midwest,pdf,budget_or_pay_plan,non_cba_or_unresolved_hint,medium_priority_verification_ready,3,3,0,quantitative_direct_text_claim_ready,core_finding_candidate,quant_budget_or_pay_plan_amount,none,true,false,false,false,false,false,false,false,false,core_finding_candidate,0.9067,Aggregated 3 schema-valid bounded span ratings; strongest claim bucket quantitative_direct_text_claim_ready and downstream use core_finding_candidate.,false,,BRMGRP-20260802-4cc0016dcdd8b675a2029bfd,gabriel_rating_lane_002,"bounded documentary rating only; not ingested or codified; no pay normalization, wage-gap estimate, national prevalence, treatment effect, or final causal claim; global analysis readiness remains false",false,not_ingested,not_codified,not_normalized,not_matched,"{""candidate_id"": ""BRM5C-BRM5-20260731-05039-01"", ""final"": ""https://badgermn.com/documents/703/Ordinance_44_1980_Mayor_and_Council_Pay_.pdf"", ""original"": ""https://badgermn.com/documents/703/Ordinance_44_1980_Mayor_and_Council_Pay_.pdf"", ""scout_target_id"": ""BRM5-20260731-05039""}"
BRMGRS-20260802-121c65e66ea5c52631be15b6,RMSRD-20260802-c2da1e05f16760f6147b,RMSRD-20260802-c2da1e05f16760f6147b,BRM5C-BRM5-20260731-10445-01,Erin,NY,Northeast,pdf,budget_or_pay_plan,non_cba_or_unresolved_hint,high_priority_verification_ready,3,1,2,qualitative_mechanism_claim_ready,core_finding_candidate,quant_budget_or_pay_plan_amount,central,false,true,false,false,false,false,false,false,false,core_finding_candidate,0.8533,Aggregated 3 schema-valid bounded span ratings; strongest claim bucket qualitative_mechanism_claim_ready and downstream use core_finding_candidate.,false,,BRMGRP-20260802-06d127d6766a50548ceec314,gabriel_rating_lane_002,"bounded documentary rating only; not ingested or codified; no pay normalization, wage-gap estimate, national prevalence, treatment effect, or final causal claim; global analysis readiness remains false",false,not_ingested,not_codified,not_normalized,not_matched,"{""candidate_id"": ""BRM5C-BRM5-20260731-10445-01"", ""final"": ""https://townoferinny.gov/post/_docsmeetings/2018_10_10_Board1.pdf"", ""original"": ""https://townoferinny.gov/post/_docsmeetings/2018_10_10_Board1.pdf"", ""scout_target_id"": ""BRM5-20260731-10445""}"
BRMGRS-20260802-345f9303ed4c2df31a3fd336,RMSRD-20260802-9df884f18ad5ce587df2,RMSRD-20260802-9df884f18ad5ce587df2,BRM5C-BRM5-20260731-03152-01,Bradford,PA,Northeast,pdf,budget_or_pay_plan,non_cba_or_unresolved_hint,high_priority_verification_ready,3,3,0,quantitative_direct_text_claim_ready,core_finding_candidate,quant_budget_or_pay_plan_amount,none,true,false,false,true,false,false,false,false,false,core_finding_candidate,0.9067,Aggregated 3 schema-valid bounded span ratings; strongest claim bucket quantitative_direct_text_claim_ready and downstream use core_finding_candidate.,false,,BRMGRP-20260802-ba0727a6dde60ec8a35e110f,gabriel_rating_lane_002,"bounded documentary rating only; not ingested or codified; no pay normalization, wage-gap estimate, national prevalence, treatment effect, or final causal claim; global analysis readiness remains false",false,not_ingested,not_codified,not_normalized,not_matched,"{""candidate_id"": ""BRM5C-BRM5-20260731-03152-01"", ""final"": ""https://bradfordpa.org/wp-content/uploads/2025/12/Ordinance-3078.244-2026-Wage-Ordinance-update-12162025-002.pdf"", ""original"": ""https://bradfordpa.org/wp-content/uploads/2025/12/Ordinance-3078.244-2026-Wage-Ordinance-update-12162025-002.pdf"", ""scout_target_id"": ""BRM5-20260731-03152""}"
BRMGRS-20260802-732757cc4d9ef441294e6df0,RMSRD-20260802-097e72f5a83f2a422e57,RMSRD-20260802-097e72f5a83f2a422e57,BRM5C-BRM5-20260731-06519-01,Milladore,WI,Midwest,pdf,budget_or_pay_plan,non_cba_or_unresolved_hint,high_priority_verification_ready,3,3,0,quantitative_direct_text_claim_ready,core_finding_candidate,quant_budget_or_pay_plan_amount,none,true,false,false,false,false,false,false,false,false,core_finding_candidate,0.9400,Aggregated 3 schema-valid bounded span ratings; strongest claim bucket quantitative_direct_text_claim_ready and downstream use core_finding_candidate.,false,,BRMGRP-20260802-330cb33e1fe7b40038bb48de,gabriel_rating_lane_002,"bounded documentary rating only; not ingested or codified; no pay normalization, wage-gap estimate, national prevalence, treatment effect, or final causal claim; global analysis readiness remains false",false,not_ingested,not_codified,not_normalized,not_matched,"{""candidate_id"": ""BRM5C-BRM5-20260731-06519-01"", ""final"": ""https://files.heygov.com/townofmilladore.com/meetings/me_01jaekhpksegxg9q7ebk7jbr5r/board-of-supervisors-meeting-and-annual-budget-meeting-nov-3-2024.pdf"", ""original"": ""https://files.heygov.com/townofmilladore.com/meetings/me_01jaekhpksegxg9q7ebk7jbr5r/board-of-supervisors-meeting-and-annual-budget-meeting-nov-3-2024.pdf"", ""scout_target_id"": ""BRM5-20260731-06519""}"
BRMGRS-20260802-88a29e4ea23d4722a196a575,RMSRD-20260802-136608dc0f3f0aabf53d,RMSRD-20260802-136608dc0f3f0aabf53d,BRM5C-BRM5-20260731-18194-01,Franklin,PA,Northeast,pdf,cba,cba_arbitration_factfinding_hint,medium_priority_verification_ready,3,0,3,directional_hint_only,local_context_candidate,qual_collective_bargaining,weak,false,false,false,false,false,false,false,false,true,local_context_candidate,0.8600,Aggregated 3 schema-valid bounded span ratings; strongest claim bucket directional_hint_only and downstream use local_context_candidate.,false,,BRMGRP-20260802-dfa5411cca9c2af3b1b58393,gabriel_rating_lane_002,"bounded documentary rating only; not ingested or codified; no pay normalization, wage-gap estimate, national prevalence, treatment effect, or final causal claim; global analysis readiness remains false",false,not_ingested,not_codified,not_normalized,not_matched,"{""candidate_id"": ""BRM5C-BRM5-20260731-18194-01"", ""final"": ""https://franklinpa.gov/vertical/sites/%7BF77C763A-0B03-4958-9700-0CD5AF92AB14%7D/uploads/Ordinance149.pdf"", ""original"": ""https://franklinpa.gov/vertical/sites/{F77C763A-0B03-4958-9700-0CD5AF92AB14}/uploads/Ordinance149.pdf"", ""scout_target_id"": ""BRM5-20260731-18194""}"
BRMGRS-20260802-6182a844e166b364b597ac55,RMSRD-20260802-9352c2b2bffe8bf41a24,RMSRD-20260802-9352c2b2bffe8bf41a24,BRM5C-BRM5-20260731-18390-01,Shohola,PA,Northeast,pdf,civil_service_or_hr_pay_plan,non_cba_or_unresolved_hint,high_priority_verification_ready,3,2,1,quantitative_direct_text_claim_ready,core_finding_candidate,quant_base_wage_direct_value,none,true,false,false,false,false,false,false,false,false,core_finding_candidate,0.9133,Aggregated 3 schema-valid bounded span ratings; strongest claim bucket quantitative_direct_text_claim_ready and downstream use core_finding_candidate.,false,,BRMGRP-20260802-ba455a2991c37cb78ce03b03,gabriel_rating_lane_002,"bounded documentary rating only; not ingested or codified; no pay normalization, wage-gap estimate, national prevalence, treatment effect, or final causal claim; global analysis readiness remains false",false,not_ingested,not_codified,not_normalized,not_matched,"{""candidate_id"": ""BRM5C-BRM5-20260731-18390-01"", ""final"": ""https://shoholatwp.org/wp-content/uploads/2025/12/Public-Agenda-for-Reorganization.pdf"", ""original"": ""https://www.shoholatwp.org/wp-content/uploads/2025/12/Public-Agenda-for-Reorganization.pdf"", ""scout_target_id"": ""BRM5-20260731-18390""}"
BRMGRS-20260802-71236d1d98e593572eccb746,RMSRD-20260802-e21798243a8a448bd138,RMSRD-20260802-e21798243a8a448bd138,BRM5C-BRM5-20260731-01126-01,Forsyth,MI,Midwest,pdf,mou_or_memorandum,cba_arbitration_factfinding_hint,medium_priority_verification_ready,3,1,2,quantitative_direct_text_claim_ready,core_finding_candidate,qual_collective_bargaining,weak,true,true,true,false,false,false,false,false,true,core_finding_candidate,0.8867,Aggregated 3 schema-valid bounded span ratings; strongest claim bucket quantitative_direct_text_claim_ready and downstream use core_finding_candidate.,false,,BRMGRP-20260802-4411116c3ae8f59a0d231cea,gabriel_rating_lane_002,"bounded documentary rating only; not ingested or codified; no pay normalization, wage-gap estimate, national prevalence, treatment effect, or final causal claim; global analysis readiness remains false",false,not_ingested,not_codified,not_normalized,not_matched,"{""candidate_id"": ""BRM5C-BRM5-20260731-01126-01"", ""final"": ""https://forsythtownship.org/wp-content/uploads/2024/03/2-22-24-Regular-Meeting-Minutes.pdf"", ""original"": ""https://forsythtownship.org/wp-content/uploads/2024/03/2-22-24-Regular-Meeting-Minutes.pdf"", ""scout_target_id"": ""BRM5-20260731-01126""}"
BRMGRS-20260802-98e5fc96422e524b0c8ab466,RMSRD-20260802-d1a2205731cc9f1dd6f5,RMSRD-20260802-d1a2205731cc9f1dd6f5,BRM5C-BRM5-20260731-14539-02,Lower Swatara,PA,Northeast,pdf,mou_or_memorandum,non_cba_or_unresolved_hint,medium_priority_verification_ready,3,0,3,qualitative_mechanism_claim_ready,mechanism_summary_candidate,qual_collective_bargaining,moderate,false,true,false,true,false,false,false,false,true,mechanism_summary_candidate,0.8600,Aggregated 3 schema-valid bounded span ratings; strongest claim bucket qualitative_mechanism_claim_ready and downstream use mechanism_summary_candidate.,false,,BRMGRP-20260802-da3bb1c845f57d47979f4353,gabriel_rating_lane_002,"bounded documentary rating only; not ingested or codified; no pay normalization, wage-gap estimate, national prevalence, treatment effect, or final causal claim; global analysis readiness remains false",false,not_ingested,not_codified,not_normalized,not_matched,"{""candidate_id"": ""BRM5C-BRM5-20260731-14539-02"", ""final"": ""https://pa.gov/content/dam/copapwp-pagov/en/dli/documents/individuals/labor-management-relations/plrb/final-orders/2018/documents/lower-swatara-twp-pf-r-18-13-e.pdf"", ""original"": ""https://www.pa.gov/content/dam/copapwp-pagov/en/dli/documents/individuals/labor-management-relations/plrb/final-orders/2018/documents/lower-swatara-twp-pf-r-18-13-e.pdf"", ""scout_target_id"": ""BRM5-20260731-14539""}"
BRMGRS-20260802-f0a629660a2789f7ae935ccd,RMSRD-20260802-046cec4b187d9d300550,RMSRD-20260802-046cec4b187d9d300550,BRM5C-BRM5-20260731-08587-01,Fife Lake,MI,Midwest,pdf,other_local_government_pay_policy,non_cba_or_unresolved_hint,medium_priority_verification_ready,3,0,3,weak_or_not_supported,manual_review_candidate,qual_collective_bargaining,weak,false,false,false,false,false,false,false,false,true,manual_review_candidate,0.8600,Aggregated 3 schema-valid bounded span ratings; strongest claim bucket weak_or_not_supported and downstream use manual_review_candidate.,false,,BRMGRP-20260802-ad9b587cc45fb2dec5cc6210,gabriel_rating_lane_002,"bounded documentary rating only; not ingested or codified; no pay normalization, wage-gap estimate, national prevalence, treatment effect, or final causal claim; global analysis readiness remains false",false,not_ingested,not_codified,not_normalized,not_matched,"{""candidate_id"": ""BRM5C-BRM5-20260731-08587-01"", ""final"": ""https://fifelakevillage.org/_files/ugd/c62c91_3a31533b0af240b4885cca24702d6b6f.pdf"", ""original"": ""https://www.fifelakevillage.org/_files/ugd/c62c91_3a31533b0af240b4885cca24702d6b6f.pdf"", ""scout_target_id"": ""BRM5-20260731-08587""}"
BRMGRS-20260802-4bc274aafae67c44d15363f8,RMSRD-20260802-21e56c1a52fceead07a6,RMSRD-20260802-21e56c1a52fceead07a6,BRM5C-BRM5-20260731-10663-01,Conoy,PA,Northeast,pdf,other_local_government_pay_policy,non_cba_or_unresolved_hint,medium_priority_verification_ready,3,3,0,quantitative_direct_text_claim_ready,core_finding_candidate,quant_base_wage_direct_value,none,true,false,false,false,false,false,false,false,false,core_finding_candidate,0.9400,Aggregated 3 schema-valid bounded span ratings; strongest claim bucket quantitative_direct_text_claim_ready and downstream use core_finding_candidate.,false,,BRMGRP-20260802-1564c908e0ff20e4d137e2cc,gabriel_rating_lane_002,"bounded documentary rating only; not ingested or codified; no pay normalization, wage-gap estimate, national prevalence, treatment effect, or final causal claim; global analysis readiness remains false",false,not_ingested,not_codified,not_normalized,not_matched,"{""candidate_id"": ""BRM5C-BRM5-20260731-10663-01"", ""final"": ""https://conoytownship.org/wp-content/uploads/2026/01/CONOY-TOWNSHIP-2026-Fee-schedule.pdf"", ""original"": ""https://conoytownship.org/wp-content/uploads/2026/01/CONOY-TOWNSHIP-2026-Fee-schedule.pdf"", ""scout_target_id"": ""BRM5-20260731-10663""}"
BRMGRS-20260802-ca9a4db640c841a9d81253c2,RMSRD-20260802-d41550d9c5e06ca10db1,RMSRD-20260802-d41550d9c5e06ca10db1,BRM5C-BRM5-20260731-14592-01,Oley,PA,Northeast,pdf,personnel_policy,non_cba_or_unresolved_hint,medium_priority_verification_ready,3,3,0,quantitative_direct_text_claim_ready,core_finding_candidate,quant_base_wage_direct_value,none,true,false,false,false,false,false,false,false,false,core_finding_candidate,0.9400,Aggregated 3 schema-valid bounded span ratings; strongest claim bucket quantitative_direct_text_claim_ready and downstream use core_finding_candidate.,false,,BRMGRP-20260802-7e7933c8b208cc5361c36d6b,gabriel_rating_lane_002,"bounded documentary rating only; not ingested or codified; no pay normalization, wage-gap estimate, national prevalence, treatment effect, or final causal claim; global analysis readiness remains false",false,not_ingested,not_codified,not_normalized,not_matched,"{""candidate_id"": ""BRM5C-BRM5-20260731-14592-01"", ""final"": ""https://oleytownship.org/wrp/wp-content/uploads/2025/02/01-13-2025.pdf"", ""original"": ""https://oleytownship.org/wrp/wp-content/uploads/2025/02/01-13-2025.pdf"", ""scout_target_id"": ""BRM5-20260731-14592""}"
BRMGRS-20260802-3c6b99c07d5f8a69104fc28b,RMSRD-20260802-24954c6f19bfc56a10e8,RMSRD-20260802-24954c6f19bfc56a10e8,BRM5C-BRM5-20260731-00624-01,La Paz,IN,Midwest,pdf,salary_ordinance,non_cba_or_unresolved_hint,medium_priority_verification_ready,3,1,2,quantitative_direct_text_claim_ready,core_finding_candidate,quant_percentage_raise_or_cola,moderate,true,true,true,true,false,false,false,false,false,core_finding_candidate,0.8867,Aggregated 3 schema-valid bounded span ratings; strongest claim bucket quantitative_direct_text_claim_ready and downstream use core_finding_candidate.,false,,BRMGRP-20260802-c9395f515883d9f57b6c4728,gabriel_rating_lane_002,"bounded documentary rating only; not ingested or codified; no pay normalization, wage-gap estimate, national prevalence, treatment effect, or final causal claim; global analysis readiness remains false",false,not_ingested,not_codified,not_normalized,not_matched,"{""candidate_id"": ""BRM5C-BRM5-20260731-00624-01"", ""final"": ""https://lapazindiana.com/application/files/6817/0015/7109/Meeting_Minutes_09_14_2023.pdf"", ""original"": ""https://www.lapazindiana.com/application/files/6817/0015/7109/Meeting_Minutes_09_14_2023.pdf"", ""scout_target_id"": ""BRM5-20260731-00624""}"
BRMGRS-20260802-349addecc4feb50681ec4d45,RMSRD-20260802-2402b163603d645b138a,RMSRD-20260802-2402b163603d645b138a,BRM5C-BRM5-20260731-08644-01,Lake City,MI,Midwest,pdf,salary_ordinance,non_cba_or_unresolved_hint,high_priority_verification_ready,3,1,2,quantitative_direct_text_claim_ready,core_finding_candidate,quant_base_wage_direct_value,weak,true,false,false,false,false,false,false,false,false,core_finding_candidate,0.8867,Aggregated 3 schema-valid bounded span ratings; strongest claim bucket quantitative_direct_text_claim_ready and downstream use core_finding_candidate.,false,,BRMGRP-20260802-09f95498e9e3f654e22302b1,gabriel_rating_lane_002,"bounded documentary rating only; not ingested or codified; no pay normalization, wage-gap estimate, national prevalence, treatment effect, or final causal claim; global analysis readiness remains false",false,not_ingested,not_codified,not_normalized,not_matched,"{""candidate_id"": ""BRM5C-BRM5-20260731-08644-01"", ""final"": ""https://cityoflakecity.com/wp-content/uploads/2024/03/03-2024-AGENDA.pdf"", ""original"": ""https://cityoflakecity.com/wp-content/uploads/2024/03/03-2024-AGENDA.pdf"", ""scout_target_id"": ""BRM5-20260731-08644""}"
BRMGRS-20260802-a251940f4ce2d2aba641fb1f,RMSRD-20260802-3e3c07d952f1f72146fc,RMSRD-20260802-3e3c07d952f1f72146fc,BRM5C-BRM5-20260731-00297-01,Kincaid,IL,Midwest,pdf,wage_schedule,non_cba_or_unresolved_hint,high_priority_verification_ready,3,3,0,quantitative_direct_text_claim_ready,core_finding_candidate,quant_base_wage_direct_value,none,true,false,false,false,false,false,false,false,false,core_finding_candidate,0.9400,Aggregated 3 schema-valid bounded span ratings; strongest claim bucket quantitative_direct_text_claim_ready and downstream use core_finding_candidate.,false,,BRMGRP-20260802-e81b3239afbb5506d3ecf5c2,gabriel_rating_lane_002,"bounded documentary rating only; not ingested or codified; no pay normalization, wage-gap estimate, national prevalence, treatment effect, or final causal claim; global analysis readiness remains false",false,not_ingested,not_codified,not_normalized,not_matched,"{""candidate_id"": ""BRM5C-BRM5-20260731-00297-01"", ""final"": ""https://villageofkincaid.com/documents/365/Regular_Meeting_Minutes_January_8__2024.pdf"", ""original"": ""https://villageofkincaid.com/documents/365/Regular_Meeting_Minutes_January_8__2024.pdf"", ""scout_target_id"": ""BRM5-20260731-00297""}"
BRMGRS-20260802-cf953b9cd12a82492719adbe,RMSRD-20260802-c3057332d30cf05b01d7,RMSRD-20260802-c3057332d30cf05b01d7,BRM5C-BRM5-20260731-04965-03,Riley,MI,Midwest,pdf,wage_schedule,non_cba_or_unresolved_hint,high_priority_verification_ready,3,3,0,quantitative_direct_text_claim_ready,core_finding_candidate,quant_percentage_raise_or_cola,none,true,false,false,false,false,false,false,false,false,core_finding_candidate,0.9400,Aggregated 3 schema-valid bounded span ratings; strongest claim bucket quantitative_direct_text_claim_ready and downstream use core_finding_candidate.,false,,BRMGRP-20260802-4c7326d80263690bac81b284,gabriel_rating_lane_002,"bounded documentary rating only; not ingested or codified; no pay normalization, wage-gap estimate, national prevalence, treatment effect, or final causal claim; global analysis readiness remains false",false,not_ingested,not_codified,not_normalized,not_matched,"{""candidate_id"": ""BRM5C-BRM5-20260731-04965-03"", ""final"": ""https://rileytownship.com/wp-content/uploads/2026/03/2026-03-24-RTB-Annual-Meeting-of-Electors-Draft.pdf"", ""original"": ""https://rileytownship.com/wp-content/uploads/2026/03/2026-03-24-RTB-Annual-Meeting-of-Electors-Draft.pdf"", ""scout_target_id"": ""BRM5-20260731-04965""}"
BRMGRS-20260802-8cf43d3e75b45269b8e00ecb,RMSRD-20260802-e84f01bce7e92fd48411,RMSRD-20260802-e84f01bce7e92fd48411,BRM5C-BRM5-20260731-12524-01,Avon,MN,Midwest,pdf,wage_schedule,non_cba_or_unresolved_hint,high_priority_verification_ready,3,3,0,mixed_quant_qual_claim_ready,core_finding_candidate,quant_base_wage_direct_value,moderate,true,true,true,false,false,false,false,false,false,core_finding_candidate,0.9400,Aggregated 3 schema-valid bounded span ratings; strongest claim bucket mixed_quant_qual_claim_ready and downstream use core_finding_candidate.,false,,BRMGRP-20260802-cfdfbbc78eaf93bdfa95dc88,gabriel_rating_lane_002,"bounded documentary rating only; not ingested or codified; no pay normalization, wage-gap estimate, national prevalence, treatment effect, or final causal claim; global analysis readiness remains false",false,not_ingested,not_codified,not_normalized,not_matched,"{""candidate_id"": ""BRM5C-BRM5-20260731-12524-01"", ""final"": ""https://cityofavonmn.gov/documents/577/09-11-23.pdf"", ""original"": ""https://cityofavonmn.gov/documents/577/09-11-23.pdf"", ""scout_target_id"": ""BRM5-20260731-12524""}"
BRMGRS-20260802-adc9a8a7aec4247c83a21d7d,RMSRD-20260802-fd4af71b8b47d3cee06a,RMSRD-20260802-fd4af71b8b47d3cee06a,BRM5C-BRM5-20260731-06831-02,Stamford,NY,Northeast,pdf,wage_schedule,non_cba_or_unresolved_hint,medium_priority_verification_ready,3,1,2,qualitative_mechanism_claim_ready,mechanism_summary_candidate,qual_collective_bargaining,weak,false,true,false,false,false,false,false,false,true,mechanism_summary_candidate,0.8533,Aggregated 3 schema-valid bounded span ratings; strongest claim bucket qualitative_mechanism_claim_ready and downstream use mechanism_summary_candidate.,false,,BRMGRP-20260802-c67fa6bf47bcbba1f81204c2,gabriel_rating_lane_002,"bounded documentary rating only; not ingested or codified; no pay normalization, wage-gap estimate, national prevalence, treatment effect, or final causal claim; global analysis readiness remains false",false,not_ingested,not_codified,not_normalized,not_matched,"{""candidate_id"": ""BRM5C-BRM5-20260731-06831-02"", ""final"": ""https://townofstamfordny.us/application/files/8916/6809/9570/t.b.mtg._OCT._2022.pdf"", ""original"": ""https://townofstamfordny.us/application/files/8916/6809/9570/t.b.mtg._OCT._2022.pdf"", ""scout_target_id"": ""BRM5-20260731-06831""}"
BRMGRS-20260802-e6e05ad4f4d6df80560d58f2,RMSRD-20260802-559b0bd09802767eda25,RMSRD-20260802-559b0bd09802767eda25,BRM5C-BRM5-20260731-18179-02,Elkland,PA,Northeast,pdf,wage_schedule,cba_arbitration_factfinding_hint,high_priority_verification_ready,3,2,1,qualitative_mechanism_claim_ready,mechanism_summary_candidate,quant_overtime_or_holiday_rate,moderate,false,false,false,false,false,false,false,true,false,mechanism_summary_candidate,0.8467,Aggregated 3 schema-valid bounded span ratings; strongest claim bucket qualitative_mechanism_claim_ready and downstream use mechanism_summary_candidate.,false,,BRMGRP-20260802-092fcfa43c787ac6a14c6224,gabriel_rating_lane_002,"bounded documentary rating only; not ingested or codified; no pay normalization, wage-gap estimate, national prevalence, treatment effect, or final causal claim; global analysis readiness remains false",false,not_ingested,not_codified,not_normalized,not_matched,"{""candidate_id"": ""BRM5C-BRM5-20260731-18179-02"", ""final"": ""https://elklandborough.com/document/council-minutes-december-8th-2021"", ""original"": ""https://elklandborough.com/document/council-minutes-december-8th-2021/"", ""scout_target_id"": ""BRM5-20260731-18179""}"
BRMGRS-20260802-91855e81069eb2695175ace1,RMSRD-20260802-e620bed39849697b5f62,RMSRD-20260802-e620bed39849697b5f62,BRM5C-BRM5-20260731-18604-02,Fulton,TX,South,pdf,wage_schedule,non_cba_or_unresolved_hint,medium_priority_verification_ready,3,3,0,quantitative_direct_text_claim_ready,core_finding_candidate,quant_other_compensation_value,none,true,false,false,true,true,false,false,false,false,core_finding_candidate,0.9067,Aggregated 3 schema-valid bounded span ratings; strongest claim bucket quantitative_direct_text_claim_ready and downstream use core_finding_candidate.,false,,BRMGRP-20260802-b05afd910110c830edf614ec,gabriel_rating_lane_002,"bounded documentary rating only; not ingested or codified; no pay normalization, wage-gap estimate, national prevalence, treatment effect, or final causal claim; global analysis readiness remains false",false,not_ingested,not_codified,not_normalized,not_matched,"{""candidate_id"": ""BRM5C-BRM5-20260731-18604-02"", ""final"": ""https://mccmeetingspublic.blob.core.usgovcloudapi.net/fultontx-meet-91441f0a808f423bb39f8b4f6b7d700c/ITEM-Attachment-001-0cd26aaf73794a1dbfcf5a4dc8a8f175.pdf"", ""original"": ""https://mccmeetingspublic.blob.core.usgovcloudapi.net/fultontx-meet-91441f0a808f423bb39f8b4f6b7d700c/ITEM-Attachment-001-0cd26aaf73794a1dbfcf5a4dc8a8f175.pdf"", ""scout_target_id"": ""BRM5-20260731-18604""}"
BRMGRS-20260802-c737d138806ef7d15da0ee46,RMSRD-20260802-1de00ccee5746c632feb,RMSRD-20260802-1de00ccee5746c632feb,BRM5C-BRM5-20260731-07808-01,McLeansboro,IL,Midwest,pdf,agenda_packet_or_minutes,non_cba_or_unresolved_hint,high_priority_verification_ready,2,2,0,quantitative_direct_text_claim_ready,core_finding_candidate,quant_other_compensation_value,weak,true,false,false,true,true,false,false,false,false,core_finding_candidate,0.8900,Aggregated 2 schema-valid bounded span ratings; strongest claim bucket quantitative_direct_text_claim_ready and downstream use core_finding_candidate.,false,,BRMGRP-20260802-37dbe3c92c6f0dfc5783024e,gabriel_rating_lane_002,"bounded documentary rating only; not ingested or codified; no pay normalization, wage-gap estimate, national prevalence, treatment effect, or final causal claim; global analysis readiness remains false",false,not_ingested,not_codified,not_normalized,not_matched,"{""candidate_id"": ""BRM5C-BRM5-20260731-07808-01"", ""final"": ""https://mcleansboro.us/app/uploads/2022/10/2022-07-REGULAR-MEETING-MINUTES.pdf"", ""original"": ""https://mcleansboro.us/app/uploads/2022/10/2022-07-REGULAR-MEETING-MINUTES.pdf"", ""scout_target_id"": ""BRM5-20260731-07808""}"
BRMGRS-20260802-e1610fc6826041104be29dde,RMSRD-20260802-a75b5d534f54df938c8e,RMSRD-20260802-a75b5d534f54df938c8e,BRM5C-BRM5-20260731-00477-02,Summit,IL,Midwest,pdf,agenda_packet_or_minutes,non_cba_or_unresolved_hint,medium_priority_verification_ready,2,0,2,directional_hint_only,manual_review_candidate,qual_mou_or_settlement,none,false,false,false,false,false,false,false,false,true,manual_review_candidate,0.8600,Aggregated 2 schema-valid bounded span ratings; strongest claim bucket directional_hint_only and downstream use manual_review_candidate.,false,,BRMGRP-20260802-03b8d0deb7b6a904bb7c99a5,gabriel_rating_lane_002,"bounded documentary rating only; not ingested or codified; no pay normalization, wage-gap estimate, national prevalence, treatment effect, or final causal claim; global analysis readiness remains false",false,not_ingested,not_codified,not_normalized,not_matched,"{""candidate_id"": ""BRM5C-BRM5-20260731-00477-02"", ""final"": ""https://summit-il.org/AgendaCenter/ViewFile/ArchivedAgenda/_07202020-93"", ""original"": ""https://summit-il.org/AgendaCenter/ViewFile/ArchivedAgenda/_07202020-93"", ""scout_target_id"": ""BRM5-20260731-00477""}"
BRMGRS-20260802-32c8c568a7cc311c9d148bb2,RMSRD-20260802-1c98398567854eab45eb,RMSRD-20260802-1c98398567854eab45eb,BRM5C-BRM5-20260731-01223-01,Port Austin,MI,Midwest,pdf,agenda_packet_or_minutes,non_cba_or_unresolved_hint,high_priority_verification_ready,2,2,0,quantitative_direct_text_claim_ready,core_finding_candidate,quant_base_wage_direct_value,none,true,false,false,false,false,false,false,false,false,core_finding_candidate,0.9400,Aggregated 2 schema-valid bounded span ratings; strongest claim bucket quantitative_direct_text_claim_ready and downstream use core_finding_candidate.,false,,BRMGRP-20260802-d0bda53b5f46d57de7ac2116,gabriel_rating_lane_002,"bounded documentary rating only; not ingested or codified; no pay normalization, wage-gap estimate, national prevalence, treatment effect, or final causal claim; global analysis readiness remains false",false,not_ingested,not_codified,not_normalized,not_matched,"{""candidate_id"": ""BRM5C-BRM5-20260731-01223-01"", ""final"": ""https://portaustintownship.com/uploads/7/1/6/0/71606051/port_austin_twp_parks_and_rec_master_plan-_final.pdf"", ""original"": ""https://www.portaustintownship.com/uploads/7/1/6/0/71606051/port_austin_twp_parks_and_rec_master_plan-_final.pdf"", ""scout_target_id"": ""BRM5-20260731-01223""}"
BRMGRS-20260802-c0a7932df9c8a5d50fecf208,RMSRD-20260802-846a69bb644559ddb008,RMSRD-20260802-846a69bb644559ddb008,BRM5C-BRM5-20260731-16240-01,Woodland,MI,Midwest,pdf,agenda_packet_or_minutes,non_cba_or_unresolved_hint,high_priority_verification_ready,2,1,1,quantitative_needs_normalization,manual_review_candidate,quant_allowance_or_reimbursement,none,false,false,false,false,false,false,false,true,false,manual_review_candidate,0.8500,Aggregated 2 schema-valid bounded span ratings; strongest claim bucket quantitative_needs_normalization and downstream use manual_review_candidate.,false,,BRMGRP-20260802-137c39d5340677c3393a65ea,gabriel_rating_lane_002,"bounded documentary rating only; not ingested or codified; no pay normalization, wage-gap estimate, national prevalence, treatment effect, or final causal claim; global analysis readiness remains false",false,not_ingested,not_codified,not_normalized,not_matched,"{""candidate_id"": ""BRM5C-BRM5-20260731-16240-01"", ""final"": ""https://villageofwoodlandmi.gov/wp-content/uploads/2024/12/December-2024-Village-Meeting.pdf"", ""original"": ""https://villageofwoodlandmi.gov/wp-content/uploads/2024/12/December-2024-Village-Meeting.pdf"", ""scout_target_id"": ""BRM5-20260731-16240""}"
BRMGRS-20260802-101d91e7178131d67b32276c,RMSRD-20260802-b54d714f07dcdaf3624f,RMSRD-20260802-b54d714f07dcdaf3624f,BRM5C-BRM5-20260731-04976-01,Sands,MI,Midwest,pdf,agenda_packet_or_minutes,non_cba_or_unresolved_hint,high_priority_verification_ready,2,1,1,qualitative_mechanism_claim_ready,mechanism_summary_candidate,quant_cpi_indexed_adjustment,weak,false,false,false,false,false,false,false,false,false,mechanism_summary_candidate,0.8500,Aggregated 2 schema-valid bounded span ratings; strongest claim bucket qualitative_mechanism_claim_ready and downstream use mechanism_summary_candidate.,false,,BRMGRP-20260802-c35d428109bbabd62f6053f2,gabriel_rating_lane_002,"bounded documentary rating only; not ingested or codified; no pay normalization, wage-gap estimate, national prevalence, treatment effect, or final causal claim; global analysis readiness remains false",false,not_ingested,not_codified,not_normalized,not_matched,"{""candidate_id"": ""BRM5C-BRM5-20260731-04976-01"", ""final"": ""https://sandstownshipmi.gov/download/14857/02-11-2025-regular-board-meeting-minutes-draft.pdf"", ""original"": ""https://www.sandstownshipmi.gov/download/14857/02-11-2025-regular-board-meeting-minutes-draft.pdf"", ""scout_target_id"": ""BRM5-20260731-04976""}"
BRMGRS-20260802-f12b4ea7ffc0d12f031157f0,RMSRD-20260802-261cf533ea05b9ae1f9a,RMSRD-20260802-261cf533ea05b9ae1f9a,BRM5C-BRM5-20260731-12917-02,Windemere,MN,Midwest,pdf,agenda_packet_or_minutes,non_cba_or_unresolved_hint,high_priority_verification_ready,2,2,0,quantitative_direct_text_claim_ready,supporting_example_candidate,quant_base_wage_direct_value,none,true,false,false,false,false,false,false,false,false,supporting_example_candidate,0.9400,Aggregated 2 schema-valid bounded span ratings; strongest claim bucket quantitative_direct_text_claim_ready and downstream use supporting_example_candidate.,false,,BRMGRP-20260802-7b55f5b29615ec583bfb7414,gabriel_rating_lane_002,"bounded documentary rating only; not ingested or codified; no pay normalization, wage-gap estimate, national prevalence, treatment effect, or final causal claim; global analysis readiness remains false",false,not_ingested,not_codified,not_normalized,not_matched,"{""candidate_id"": ""BRM5C-BRM5-20260731-12917-02"", ""final"": ""https://windemeretownship.com/documents/185/01-12-2023_Regular_January_Meeting.pdf"", ""original"": ""https://windemeretownship.com/documents/185/01-12-2023_Regular_January_Meeting.pdf"", ""scout_target_id"": ""BRM5-20260731-12917""}"
BRMGRS-20260802-98d4c1965da1bc623da22ee8,RMSRD-20260802-9834103d1a084306f2ad,RMSRD-20260802-9834103d1a084306f2ad,BRM5C-BRM5-20260731-12725-01,Lismore,MN,Midwest,pdf,agenda_packet_or_minutes,non_cba_or_unresolved_hint,high_priority_verification_ready,2,2,0,directional_hint_only,local_context_candidate,quant_other_compensation_value,none,false,false,false,false,false,false,false,false,false,local_context_candidate,0.8400,Aggregated 2 schema-valid bounded span ratings; strongest claim bucket directional_hint_only and downstream use local_context_candidate.,false,,BRMGRP-20260802-29d534b0a6c51657395965ae,gabriel_rating_lane_002,"bounded documentary rating only; not ingested or codified; no pay normalization, wage-gap estimate, national prevalence, treatment effect, or final causal claim; global analysis readiness remains false",false,not_ingested,not_codified,not_normalized,not_matched,"{""candidate_id"": ""BRM5C-BRM5-20260731-12725-01"", ""final"": ""https://lismoremn.com/documents/528/October_2025_Minutes.pdf"", ""original"": ""https://lismoremn.com/documents/528/October_2025_Minutes.pdf"", ""scout_target_id"": ""BRM5-20260731-12725""}"
BRMGRS-20260802-c5348189f7368bda652a5999,RMSRD-20260802-7f9ec6eaa06197c2ecaf,RMSRD-20260802-7f9ec6eaa06197c2ecaf,BRM5C-BRM5-20260731-01827-01,Prairie Home,MO,Midwest,pdf,agenda_packet_or_minutes,non_cba_or_unresolved_hint,medium_priority_verification_ready,2,2,0,quantitative_direct_text_claim_ready,core_finding_candidate,quant_other_compensation_value,none,true,false,false,false,false,false,false,false,false,core_finding_candidate,0.8900,Aggregated 2 schema-valid bounded span ratings; strongest claim bucket quantitative_direct_text_claim_ready and downstream use core_finding_candidate.,false,,BRMGRP-20260802-43a9c84450908f633ef2bce2,gabriel_rating_lane_002,"bounded documentary rating only; not ingested or codified; no pay normalization, wage-gap estimate, national prevalence, treatment effect, or final causal claim; global analysis readiness remains false",false,not_ingested,not_codified,not_normalized,not_matched,"{""candidate_id"": ""BRM5C-BRM5-20260731-01827-01"", ""final"": ""https://cityprairiehome.com/documents/547/2024.06.27_Regular_Meeting_Minutes.pdf"", ""original"": ""https://cityprairiehome.com/documents/547/2024.06.27_Regular_Meeting_Minutes.pdf"", ""scout_target_id"": ""BRM5-20260731-01827""}"
BRMGRS-20260802-48ffde2129364c68b50a55df,RMSRD-20260802-0e6b66755e95f643dcab,RMSRD-20260802-0e6b66755e95f643dcab,BRM5C-BRM5-20260731-06827-03,Somerset,NY,Northeast,pdf,agenda_packet_or_minutes,non_cba_or_unresolved_hint,high_priority_verification_ready,2,0,2,qualitative_mechanism_claim_ready,mechanism_summary_candidate,qual_collective_bargaining,weak,false,false,false,false,false,false,false,false,true,mechanism_summary_candidate,0.8600,Aggregated 2 schema-valid bounded span ratings; strongest claim bucket qualitative_mechanism_claim_ready and downstream use mechanism_summary_candidate.,false,,BRMGRP-20260802-ad2628c03cbd609898d9ca19,gabriel_rating_lane_002,"bounded documentary rating only; not ingested or codified; no pay normalization, wage-gap estimate, national prevalence, treatment effect, or final causal claim; global analysis readiness remains false",false,not_ingested,not_codified,not_normalized,not_matched,"{""candidate_id"": ""BRM5C-BRM5-20260731-06827-03"", ""final"": ""https://somersetny.gov/sites/g/files/vyhlif3826/f/minutes/minutes-file/january_10_2012_regular_town_board_meeting.pdf"", ""original"": ""https://www.somersetny.gov/sites/g/files/vyhlif3826/f/minutes/minutes-file/january_10_2012_regular_town_board_meeting.pdf"", ""scout_target_id"": ""BRM5-20260731-06827""}"
BRMGRS-20260802-ab6ae17705cab067ac7a885f,RMSRD-20260802-45d44a405a79ee531d58,RMSRD-20260802-45d44a405a79ee531d58,BRM5C-BRM5-20260731-18052-01,Victory,NY,Northeast,pdf,agenda_packet_or_minutes,non_cba_or_unresolved_hint,high_priority_verification_ready,2,0,2,local_context_only,local_context_candidate,qual_market_recruitment_retention_pressure,weak,false,false,false,false,false,false,false,false,true,local_context_candidate,0.8600,Aggregated 2 schema-valid bounded span ratings; strongest claim bucket local_context_only and downstream use local_context_candidate.,false,,BRMGRP-20260802-b97632c44ad914361fde06fd,gabriel_rating_lane_002,"bounded documentary rating only; not ingested or codified; no pay normalization, wage-gap estimate, national prevalence, treatment effect, or final causal claim; global analysis readiness remains false",false,not_ingested,not_codified,not_normalized,not_matched,"{""candidate_id"": ""BRM5C-BRM5-20260731-18052-01"", ""final"": ""https://cayugacounty.gov/DocumentCenter/View/23657/August-2022"", ""original"": ""https://www.cayugacounty.gov/DocumentCenter/View/23657/August-2022"", ""scout_target_id"": ""BRM5-20260731-18052""}"
BRMGRS-20260802-eaca6121c73644bf163208d5,RMSRD-20260802-84fbfc21d8e7e039413e,RMSRD-20260802-84fbfc21d8e7e039413e,BRM5C-BRM5-20260731-02963-01,DeRuyter,NY,Northeast,pdf,agenda_packet_or_minutes,non_cba_or_unresolved_hint,medium_priority_verification_ready,2,1,1,quantitative_direct_text_claim_ready,supporting_example_candidate,qual_budget_or_fiscal_constraint,moderate,true,true,true,false,false,false,false,false,false,supporting_example_candidate,0.9000,Aggregated 2 schema-valid bounded span ratings; strongest claim bucket quantitative_direct_text_claim_ready and downstream use supporting_example_candidate.,false,,BRMGRP-20260802-8a10e8530c0192f5c7116d36,gabriel_rating_lane_002,"bounded documentary rating only; not ingested or codified; no pay normalization, wage-gap estimate, national prevalence, treatment effect, or final causal claim; global analysis readiness remains false",false,not_ingested,not_codified,not_normalized,not_matched,"{""candidate_id"": ""BRM5C-BRM5-20260731-02963-01"", ""final"": ""https://deruyter.gov/wp-content/uploads/2025/06/Minutes-April-10-2024-1.pdf"", ""original"": ""https://deruyter.gov/wp-content/uploads/2025/06/Minutes-April-10-2024-1.pdf"", ""scout_target_id"": ""BRM5-20260731-02963""}"
BRMGRS-20260802-4d7fbdad95337fe231abaf40,RMSRD-20260802-debfb74e9ec3fff97502,RMSRD-20260802-debfb74e9ec3fff97502,BRM5C-BRM5-20260731-14205-02,Hillburn,NY,Northeast,pdf,agenda_packet_or_minutes,non_cba_or_unresolved_hint,high_priority_verification_ready,2,2,0,quantitative_direct_text_claim_ready,supporting_example_candidate,quant_base_wage_direct_value,none,true,false,false,false,false,false,false,false,false,supporting_example_candidate,0.9400,Aggregated 2 schema-valid bounded span ratings; strongest claim bucket quantitative_direct_text_claim_ready and downstream use supporting_example_candidate.,false,,BRMGRP-20260802-befb16f2330d3b0c91c2003b,gabriel_rating_lane_002,"bounded documentary rating only; not ingested or codified; no pay normalization, wage-gap estimate, national prevalence, treatment effect, or final causal claim; global analysis readiness remains false",false,not_ingested,not_codified,not_normalized,not_matched,"{""candidate_id"": ""BRM5C-BRM5-20260731-14205-02"", ""final"": ""https://hillburn.org/Portals/hillburn/Board%20Minutes/Board%20of%20Trustee%20Meeting%20Minutes%20-%20Updated%207.25.2025.pdf"", ""original"": ""https://hillburn.org/Portals/hillburn/Board%20Minutes/Board%20of%20Trustee%20Meeting%20Minutes%20-%20Updated%207.25.2025.pdf?ver=p9HhU1M_-Sp2GXgX1Kn2aQ%3D%3D"", ""scout_target_id"": ""BRM5-20260731-14205""}"
BRMGRS-20260802-c2e19bfc22d7c49d7434a80c,RMSRD-20260802-8bb20461007685a9e022,RMSRD-20260802-8bb20461007685a9e022,BRM5C-BRM5-20260731-06154-01,South Bloomfield,OH,Midwest,pdf,agenda_packet_or_minutes,non_cba_or_unresolved_hint,medium_priority_verification_ready,2,1,1,weak_or_not_supported,manual_review_candidate,quant_cpi_indexed_adjustment,none,false,false,false,false,false,false,false,false,false,manual_review_candidate,0.8500,Aggregated 2 schema-valid bounded span ratings; strongest claim bucket weak_or_not_supported and downstream use manual_review_candidate.,false,,BRMGRP-20260802-e551152d6850db1401c2f5b7,gabriel_rating_lane_002,"bounded documentary rating only; not ingested or codified; no pay normalization, wage-gap estimate, national prevalence, treatment effect, or final causal claim; global analysis readiness remains false",false,not_ingested,not_codified,not_normalized,not_matched,"{""candidate_id"": ""BRM5C-BRM5-20260731-06154-01"", ""final"": ""https://cms3.revize.com/revize/bloomfield/Document%20Center/Agenda%20and%20Minutes/agendas/2024/11-18-24%20meeting%20agenda.pdf"", ""original"": ""https://cms3.revize.com/revize/bloomfield/Document%20Center/Agenda%20and%20Minutes/agendas/2024/11-18-24%20meeting%20agenda.pdf"", ""scout_target_id"": ""BRM5-20260731-06154""}"
BRMGRS-20260802-4966ec91d04584d38541f274,RMSRD-20260802-1f8bc1d3a1691319d055,RMSRD-20260802-1f8bc1d3a1691319d055,BRM5C-BRM5-20260731-03304-02,Lower Milford,PA,Northeast,pdf,agenda_packet_or_minutes,non_cba_or_unresolved_hint,high_priority_verification_ready,2,0,2,local_context_only,local_context_candidate,qual_collective_bargaining,weak,false,false,false,false,false,false,false,false,true,local_context_candidate,0.8600,Aggregated 2 schema-valid bounded span ratings; strongest claim bucket local_context_only and downstream use local_context_candidate.,false,,BRMGRP-20260802-07971ef434fd1e6c1d3a747d,gabriel_rating_lane_002,"bounded documentary rating only; not ingested or codified; no pay normalization, wage-gap estimate, national prevalence, treatment effect, or final causal claim; global analysis readiness remains false",false,not_ingested,not_codified,not_normalized,not_matched,"{""candidate_id"": ""BRM5C-BRM5-20260731-03304-02"", ""final"": ""https://lowermilford.org/_files/ugd/2a973d_0122bc18e0514a7394d59d62014e36c2.pdf"", ""original"": ""https://www.lowermilford.org/_files/ugd/2a973d_0122bc18e0514a7394d59d62014e36c2.pdf"", ""scout_target_id"": ""BRM5-20260731-03304""}"
BRMGRS-20260802-0e6891b4f6240d388e76d689,RMSRD-20260802-6b347e33c7bd5cddf072,RMSRD-20260802-6b347e33c7bd5cddf072,BRM5C-BRM5-20260731-03163-02,Cascade,PA,Northeast,pdf,agenda_packet_or_minutes,non_cba_or_unresolved_hint,high_priority_verification_ready,2,1,1,quantitative_direct_text_claim_ready,core_finding_candidate,qual_market_recruitment_retention_pressure,weak,true,false,false,false,false,false,false,false,false,core_finding_candidate,0.9000,Aggregated 2 schema-valid bounded span ratings; strongest claim bucket quantitative_direct_text_claim_ready and downstream use core_finding_candidate.,false,,BRMGRP-20260802-b69645fbff9bcf2c2c05ae07,gabriel_rating_lane_002,"bounded documentary rating only; not ingested or codified; no pay normalization, wage-gap estimate, national prevalence, treatment effect, or final causal claim; global analysis readiness remains false",false,not_ingested,not_codified,not_normalized,not_matched,"{""candidate_id"": ""BRM5C-BRM5-20260731-03163-02"", ""final"": ""https://cascade-township-pa.org/onewebmedia/Organizational%20and%20Jan%20Monthly%20mtg%202025.pdf"", ""original"": ""https://cascade-township-pa.org/onewebmedia/Organizational%20and%20Jan%20Monthly%20mtg%202025.pdf"", ""scout_target_id"": ""BRM5-20260731-03163""}"
BRMGRS-20260802-99a687a379860816f1b6a74e,RMSRD-20260802-9958db7d26f5ecfb7100,RMSRD-20260802-9958db7d26f5ecfb7100,BRM5C-BRM5-20260731-18135-02,Conestoga,PA,Northeast,pdf,agenda_packet_or_minutes,non_cba_or_unresolved_hint,medium_priority_verification_ready,2,1,1,qualitative_mechanism_claim_ready,mechanism_summary_candidate,qual_cola_or_indexing_mechanism,moderate,false,true,false,false,false,false,false,false,false,mechanism_summary_candidate,0.8500,Aggregated 2 schema-valid bounded span ratings; strongest claim bucket qualitative_mechanism_claim_ready and downstream use mechanism_summary_candidate.,false,,BRMGRP-20260802-4ff87cab4572210a3f27e309,gabriel_rating_lane_002,"bounded documentary rating only; not ingested or codified; no pay normalization, wage-gap estimate, national prevalence, treatment effect, or final causal claim; global analysis readiness remains false",false,not_ingested,not_codified,not_normalized,not_matched,"{""candidate_id"": ""BRM5C-BRM5-20260731-18135-02"", ""final"": ""https://conestogatwp.com/wp-content/uploads/2023/02/January-2023-Minutes-1.pdf"", ""original"": ""https://conestogatwp.com/wp-content/uploads/2023/02/January-2023-Minutes-1.pdf"", ""scout_target_id"": ""BRM5-20260731-18135""}"
BRMGRS-20260802-5e2f6910d3a5e39bac0112ed,RMSRD-20260802-b7afcbb47db0121ec5da,RMSRD-20260802-b7afcbb47db0121ec5da,BRM5C-BRM5-20260731-10607-03,Baldwin,PA,Northeast,pdf,agenda_packet_or_minutes,non_cba_or_unresolved_hint,medium_priority_verification_ready,2,0,2,source_navigation_or_reference_only,exclude_or_write_off,qual_position_classification_or_civil_service_structure,none,false,false,false,false,false,false,false,false,false,exclude_or_write_off,0.8600,Aggregated 2 schema-valid bounded span ratings; strongest claim bucket source_navigation_or_reference_only and downstream use exclude_or_write_off.,false,,BRMGRP-20260802-0ef459043016fa95ca453f3f,gabriel_rating_lane_002,"bounded documentary rating only; not ingested or codified; no pay normalization, wage-gap estimate, national prevalence, treatment effect, or final causal claim; global analysis readiness remains false",false,not_ingested,not_codified,not_normalized,not_matched,"{""candidate_id"": ""BRM5C-BRM5-20260731-10607-03"", ""final"": ""https://baldwinborough.org/AgendaCenter/ViewFile/Agenda/_12172024-347"", ""original"": ""https://www.baldwinborough.org/AgendaCenter/ViewFile/Agenda/_12172024-347"", ""scout_target_id"": ""BRM5-20260731-10607""}"
BRMGRS-20260802-ed170e884bfa7cd3933c04d2,RMSRD-20260802-eefae2f2c2501064b965,RMSRD-20260802-eefae2f2c2501064b965,BRM5C-BRM5-20260731-14522-02,Latimore,PA,Northeast,pdf,agenda_packet_or_minutes,non_cba_or_unresolved_hint,high_priority_verification_ready,2,1,1,qualitative_mechanism_claim_ready,supporting_example_candidate,qual_retroactivity_or_implementation_timing,weak,false,true,false,false,false,false,false,false,false,supporting_example_candidate,0.8500,Aggregated 2 schema-valid bounded span ratings; strongest claim bucket qualitative_mechanism_claim_ready and downstream use supporting_example_candidate.,false,,BRMGRP-20260802-e12230546aea94ad37466bec,gabriel_rating_lane_002,"bounded documentary rating only; not ingested or codified; no pay normalization, wage-gap estimate, national prevalence, treatment effect, or final causal claim; global analysis readiness remains false",false,not_ingested,not_codified,not_normalized,not_matched,"{""candidate_id"": ""BRM5C-BRM5-20260731-14522-02"", ""final"": ""https://irp.cdn-website.com/4eb2c957/files/uploaded/Meeting_minutes_February_10_2025.pdf"", ""original"": ""https://irp.cdn-website.com/4eb2c957/files/uploaded/Meeting_minutes_February_10_2025.pdf"", ""scout_target_id"": ""BRM5-20260731-14522""}"
BRMGRS-20260802-18ce1726b52b806889477f64,RMSRD-20260802-f8435e1397734b13cda7,RMSRD-20260802-f8435e1397734b13cda7,BRM5C-BRM5-20260731-18699-01,Wink,TX,South,pdf,agenda_packet_or_minutes,non_cba_or_unresolved_hint,high_priority_verification_ready,2,0,2,local_context_only,local_context_candidate,qual_ordinance_or_council_adoption,none,false,false,false,false,false,false,false,false,true,local_context_candidate,0.8600,Aggregated 2 schema-valid bounded span ratings; strongest claim bucket local_context_only and downstream use local_context_candidate.,false,,BRMGRP-20260802-b251990fb1cd033fa9a637e0,gabriel_rating_lane_002,"bounded documentary rating only; not ingested or codified; no pay normalization, wage-gap estimate, national prevalence, treatment effect, or final causal claim; global analysis readiness remains false",false,not_ingested,not_codified,not_normalized,not_matched,"{""candidate_id"": ""BRM5C-BRM5-20260731-18699-01"", ""final"": ""https://cityofwink.com/documents/433/Nov_11__2025_Min.pdf"", ""original"": ""https://cityofwink.com/documents/433/Nov_11__2025_Min.pdf"", ""scout_target_id"": ""BRM5-20260731-18699""}"
BRMGRS-20260802-627a198ad20fc7b230a856e3,RMSRD-20260802-218ef7eedac8b7677914,RMSRD-20260802-218ef7eedac8b7677914,BRM5C-BRM5-20260731-06494-01,Lincoln,WI,Midwest,pdf,agenda_packet_or_minutes,non_cba_or_unresolved_hint,high_priority_verification_ready,2,2,0,quantitative_direct_text_claim_ready,core_finding_candidate,quant_base_wage_direct_value,none,true,false,false,false,false,false,false,false,false,core_finding_candidate,0.9400,Aggregated 2 schema-valid bounded span ratings; strongest claim bucket quantitative_direct_text_claim_ready and downstream use core_finding_candidate.,false,,BRMGRP-20260802-1fa672b2ffe99ca4078e6ad8,gabriel_rating_lane_002,"bounded documentary rating only; not ingested or codified; no pay normalization, wage-gap estimate, national prevalence, treatment effect, or final causal claim; global analysis readiness remains false",false,not_ingested,not_codified,not_normalized,not_matched,"{""candidate_id"": ""BRM5C-BRM5-20260731-06494-01"", ""final"": ""https://img1.wsimg.com/blobby/go/9a613121-baf7-444d-8999-2016681c34b8/downloads/606beb4d-4a1a-4c3b-82de-b1cbc0fa6497/Complete%20Meeting%20Minutes%202024%20Town%20of%20Lincoln%20.pdf"", ""original"": ""https://img1.wsimg.com/blobby/go/9a613121-baf7-444d-8999-2016681c34b8/downloads/606beb4d-4a1a-4c3b-82de-b1cbc0fa6497/Complete%20Meeting%20Minutes%202024%20Town%20of%20Lincoln%20.pdf?ver=1784124680563"", ""scout_target_id"": ""BRM5-20260731-06494""}"
BRMGRS-20260802-50e236622a47b93956bbfd27,RMSRD-20260802-6411c9446d8762f8ba5c,RMSRD-20260802-6411c9446d8762f8ba5c,BRM5C-BRM5-20260731-02715-01,Greenwood,WI,Midwest,pdf,agenda_packet_or_minutes,non_cba_or_unresolved_hint,medium_priority_verification_ready,2,2,0,quantitative_direct_text_claim_ready,core_finding_candidate,quant_other_compensation_value,weak,true,false,false,false,false,false,false,false,false,core_finding_candidate,0.9400,Aggregated 2 schema-valid bounded span ratings; strongest claim bucket quantitative_direct_text_claim_ready and downstream use core_finding_candidate.,false,,BRMGRP-20260802-5befd4c96175cecd0694c55b,gabriel_rating_lane_002,"bounded documentary rating only; not ingested or codified; no pay normalization, wage-gap estimate, national prevalence, treatment effect, or final causal claim; global analysis readiness remains false",false,not_ingested,not_codified,not_normalized,not_matched,"{""candidate_id"": ""BRM5C-BRM5-20260731-02715-01"", ""final"": ""https://townshipofgreenwood.com/townshipofgreenwood/Meeting%20Minutes/2024/2024-12-11%20Minutes.pdf"", ""original"": ""https://www.townshipofgreenwood.com/townshipofgreenwood/Meeting%20Minutes/2024/2024-12-11%20Minutes.pdf"", ""scout_target_id"": ""BRM5-20260731-02715""}"
BRMGRS-20260802-6fbe5b780e7bf148a8be068d,RMSRD-20260802-a7c9244aaf3ee097ef12,RMSRD-20260802-a7c9244aaf3ee097ef12,BRM5C-BRM5-20260731-14080-01,Sugar Camp,WI,Midwest,pdf,agenda_packet_or_minutes,non_cba_or_unresolved_hint,high_priority_verification_ready,2,2,0,quantitative_direct_text_claim_ready,supporting_example_candidate,quant_percentage_raise_or_cola,weak,true,false,false,false,false,false,false,false,false,supporting_example_candidate,0.9400,Aggregated 2 schema-valid bounded span ratings; strongest claim bucket quantitative_direct_text_claim_ready and downstream use supporting_example_candidate.,false,,BRMGRP-20260802-902da78ea7c0d1bc017ebfda,gabriel_rating_lane_002,"bounded documentary rating only; not ingested or codified; no pay normalization, wage-gap estimate, national prevalence, treatment effect, or final causal claim; global analysis readiness remains false",false,not_ingested,not_codified,not_normalized,not_matched,"{""candidate_id"": ""BRM5C-BRM5-20260731-14080-01"", ""final"": ""https://sugarcamp.org/forms/Meeting%20Minutes/MM2019/11-18-19-minutes.pdf"", ""original"": ""https://www.sugarcamp.org/forms/Meeting%20Minutes/MM2019/11-18-19-minutes.pdf"", ""scout_target_id"": ""BRM5-20260731-14080""}"
BRMGRS-20260802-a2d8a5b1c11ca7974ff965f6,RMSRD-20260802-ad30f88056f020516b39,RMSRD-20260802-ad30f88056f020516b39,BRM5C-BRM5-20260731-14283-02,Saranac,NY,Northeast,pdf,arbitration_award,cba_arbitration_factfinding_hint,medium_priority_verification_ready,2,0,2,quantitative_direct_text_claim_ready,core_finding_candidate,qual_market_recruitment_retention_pressure,weak,true,true,true,true,false,false,false,false,true,core_finding_candidate,0.8600,Aggregated 2 schema-valid bounded span ratings; strongest claim bucket quantitative_direct_text_claim_ready and downstream use core_finding_candidate.,false,,BRMGRP-20260802-947a94c9b6ba14dc12ea1e88,gabriel_rating_lane_002,"bounded documentary rating only; not ingested or codified; no pay normalization, wage-gap estimate, national prevalence, treatment effect, or final causal claim; global analysis readiness remains false",false,not_ingested,not_codified,not_normalized,not_matched,"{""candidate_id"": ""BRM5C-BRM5-20260731-14283-02"", ""final"": ""https://perb.ny.gov/system/files/documents/2024/03/ia81-038-award-7-7-82.pdf"", ""original"": ""https://perb.ny.gov/system/files/documents/2024/03/ia81-038-award-7-7-82.pdf"", ""scout_target_id"": ""BRM5-20260731-14283""}"
BRMGRS-20260802-f5e709adba8b00fe01c65517,RMSRD-20260802-fadfdca5038fdd5b680a,RMSRD-20260802-fadfdca5038fdd5b680a,BRM5C-BRM5-20260731-00888-04,Lawrence,KS,Midwest,pdf,budget_or_pay_plan,non_cba_or_unresolved_hint,high_priority_verification_ready,2,1,1,weak_or_not_supported,manual_review_candidate,quant_position_classification_pay_band,none,false,false,false,false,false,false,false,false,false,manual_review_candidate,0.8500,Aggregated 2 schema-valid bounded span ratings; strongest claim bucket weak_or_not_supported and downstream use manual_review_candidate.,false,,BRMGRP-20260802-5f7baf6f00a70d533f7191e4,gabriel_rating_lane_002,"bounded documentary rating only; not ingested or codified; no pay normalization, wage-gap estimate, national prevalence, treatment effect, or final causal claim; global analysis readiness remains false",false,not_ingested,not_codified,not_normalized,not_matched,"{""candidate_id"": ""BRM5C-BRM5-20260731-00888-04"", ""final"": ""https://assets.lawrenceks.gov/hr/compensation/City%20of%20Lawrence%202026%20Pay%20Plan.pdf"", ""original"": ""https://assets.lawrenceks.gov/hr/compensation/City%20of%20Lawrence%202026%20Pay%20Plan.pdf"", ""scout_target_id"": ""BRM5-20260731-00888""}"
BRMGRS-20260802-7497c8b622ea14c88be6bc52,RMSRD-20260802-3bcd8ed4b8be2b292939,RMSRD-20260802-3bcd8ed4b8be2b292939,BRM5C-BRM5-20260731-04793-02,Blue Lake,MI,Midwest,pdf,budget_or_pay_plan,non_cba_or_unresolved_hint,high_priority_verification_ready,2,1,1,weak_or_not_supported,manual_review_candidate,quant_allowance_or_reimbursement,none,false,false,false,false,false,false,false,true,false,manual_review_candidate,0.8500,Aggregated 2 schema-valid bounded span ratings; strongest claim bucket weak_or_not_supported and downstream use manual_review_candidate.,false,,BRMGRP-20260802-efb3c900a819baee8f1aa6f1,gabriel_rating_lane_002,"bounded documentary rating only; not ingested or codified; no pay normalization, wage-gap estimate, national prevalence, treatment effect, or final causal claim; global analysis readiness remains false",false,not_ingested,not_codified,not_normalized,not_matched,"{""candidate_id"": ""BRM5C-BRM5-20260731-04793-02"", ""final"": ""https://bluelaketwpkalkaska.gov/download/19221/full-board-packet-january-7-2026.pdf"", ""original"": ""https://www.bluelaketwpkalkaska.gov/download/19221/full-board-packet-january-7-2026.pdf"", ""scout_target_id"": ""BRM5-20260731-04793""}"
BRMGRS-20260802-8ae1638a313aaf6d36cbf46f,RMSRD-20260802-d74fd11059ae31c681d7,RMSRD-20260802-d74fd11059ae31c681d7,BRM5C-BRM5-20260731-01193-02,Millington,MI,Midwest,pdf,budget_or_pay_plan,non_cba_or_unresolved_hint,medium_priority_verification_ready,2,1,1,quantitative_direct_text_claim_ready,core_finding_candidate,qual_cola_or_indexing_mechanism,weak,true,false,false,false,false,false,false,false,false,core_finding_candidate,0.9000,Aggregated 2 schema-valid bounded span ratings; strongest claim bucket quantitative_direct_text_claim_ready and downstream use core_finding_candidate.,false,,BRMGRP-20260802-0ec1050defebedc8d9015bc3,gabriel_rating_lane_002,"bounded documentary rating only; not ingested or codified; no pay normalization, wage-gap estimate, national prevalence, treatment effect, or final causal claim; global analysis readiness remains false",false,not_ingested,not_codified,not_normalized,not_matched,"{""candidate_id"": ""BRM5C-BRM5-20260731-01193-02"", ""final"": ""https://millingtonvillage.org/images/minutes/2025/1.13.25-regular-council-meeting-minutes.pdf"", ""original"": ""https://millingtonvillage.org/images/minutes/2025/1.13.25-regular-council-meeting-minutes.pdf"", ""scout_target_id"": ""BRM5-20260731-01193""}"
BRMGRS-20260802-2a3b9ec1605b358d73cab067,RMSRD-20260802-e9007154f71b098dcc9f,RMSRD-20260802-e9007154f71b098dcc9f,BRM5C-BRM5-20260731-14122-01,Shiloh,NJ,Northeast,pdf,budget_or_pay_plan,non_cba_or_unresolved_hint,high_priority_verification_ready,2,1,1,weak_or_not_supported,local_context_candidate,quant_cpi_indexed_adjustment,weak,false,false,false,false,false,false,false,false,false,local_context_candidate,0.8500,Aggregated 2 schema-valid bounded span ratings; strongest claim bucket weak_or_not_supported and downstream use local_context_candidate.,false,,BRMGRP-20260802-355ea2ee9adb1e1c72b1c2bb,gabriel_rating_lane_002,"bounded documentary rating only; not ingested or codified; no pay normalization, wage-gap estimate, national prevalence, treatment effect, or final causal claim; global analysis readiness remains false",false,not_ingested,not_codified,not_normalized,not_matched,"{""candidate_id"": ""BRM5C-BRM5-20260731-14122-01"", ""final"": ""https://shilohborough.com/wp-content/uploads/2022/05/SHL_2022BUDGET_adopted.pdf"", ""original"": ""https://shilohborough.com/wp-content/uploads/2022/05/SHL_2022BUDGET_adopted.pdf"", ""scout_target_id"": ""BRM5-20260731-14122""}"
BRMGRS-20260802-fc1cc5b35b0daa88899fe151,RMSRD-20260802-893e23e4eeb92785c5d9,RMSRD-20260802-893e23e4eeb92785c5d9,BRM5C-BRM5-20260731-14241-01,Naples,NY,Northeast,pdf,budget_or_pay_plan,non_cba_or_unresolved_hint,high_priority_verification_ready,2,1,1,quantitative_direct_text_claim_ready,supporting_example_candidate,quant_overtime_or_holiday_rate,none,true,false,false,false,false,false,false,true,false,supporting_example_candidate,0.9000,Aggregated 2 schema-valid bounded span ratings; strongest claim bucket quantitative_direct_text_claim_ready and downstream use supporting_example_candidate.,false,,BRMGRP-20260802-7a82552ecff3a83708671a65,gabriel_rating_lane_002,"bounded documentary rating only; not ingested or codified; no pay normalization, wage-gap estimate, national prevalence, treatment effect, or final causal claim; global analysis readiness remains false",false,not_ingested,not_codified,not_normalized,not_matched,"{""candidate_id"": ""BRM5C-BRM5-20260731-14241-01"", ""final"": ""https://townofnaples.org/vertical/sites/%7B16A86E29-4A60-4E08-9440-2A862262DC56%7D/uploads/FY25_Summary_Budget_APPROVED_POSTED.pdf"", ""original"": ""https://www.townofnaples.org/vertical/sites/{16A86E29-4A60-4E08-9440-2A862262DC56}/uploads/FY25_Summary_Budget_APPROVED_POSTED.pdf"", ""scout_target_id"": ""BRM5-20260731-14241""}"
BRMGRS-20260802-d3a388bfc34b091f0ab009fd,RMSRD-20260802-5826c0883e1fb10d1dfa,RMSRD-20260802-5826c0883e1fb10d1dfa,BRM5C-BRM5-20260731-06940-02,East Donegal,PA,Northeast,pdf,budget_or_pay_plan,cba_arbitration_factfinding_hint,high_priority_verification_ready,2,1,1,quantitative_direct_text_claim_ready,supporting_example_candidate,quant_allowance_or_reimbursement,none,true,false,false,false,false,false,false,true,false,supporting_example_candidate,0.8500,Aggregated 2 schema-valid bounded span ratings; strongest claim bucket quantitative_direct_text_claim_ready and downstream use supporting_example_candidate.,false,,BRMGRP-20260802-1f1f5f3798ef769c5d71664d,gabriel_rating_lane_002,"bounded documentary rating only; not ingested or codified; no pay normalization, wage-gap estimate, national prevalence, treatment effect, or final causal claim; global analysis readiness remains false",false,not_ingested,not_codified,not_normalized,not_matched,"{""candidate_id"": ""BRM5C-BRM5-20260731-06940-02"", ""final"": ""https://eastdonegaltwp.com/wp-content/uploads/2025/11/Preliminary-2026-Budget-Handout-General-Fund.pdf"", ""original"": ""https://eastdonegaltwp.com/wp-content/uploads/2025/11/Preliminary-2026-Budget-Handout-General-Fund.pdf"", ""scout_target_id"": ""BRM5-20260731-06940""}"
BRMGRS-20260802-ac25d2febdb3a61fc92c3d8d,RMSRD-20260802-bfff37a7db535ead7117,RMSRD-20260802-bfff37a7db535ead7117,BRM5C-BRM5-20260731-18218-02,Heidelberg,PA,Northeast,pdf,budget_or_pay_plan,non_cba_or_unresolved_hint,medium_priority_verification_ready,2,1,1,qualitative_mechanism_claim_ready,mechanism_summary_candidate,quant_salary_schedule_table,moderate,false,true,false,false,false,false,false,false,false,mechanism_summary_candidate,0.8500,Aggregated 2 schema-valid bounded span ratings; strongest claim bucket qualitative_mechanism_claim_ready and downstream use mechanism_summary_candidate.,false,,BRMGRP-20260802-270ec6e48862dc4d55e49ac8,gabriel_rating_lane_002,"bounded documentary rating only; not ingested or codified; no pay normalization, wage-gap estimate, national prevalence, treatment effect, or final causal claim; global analysis readiness remains false",false,not_ingested,not_codified,not_normalized,not_matched,"{""candidate_id"": ""BRM5C-BRM5-20260731-18218-02"", ""final"": ""https://heidelbergtownship.com/wp-content/uploads/2024/01/01.January-2-2024-1.pdf"", ""original"": ""https://heidelbergtownship.com/wp-content/uploads/2024/01/01.January-2-2024-1.pdf"", ""scout_target_id"": ""BRM5-20260731-18218""}"
BRMGRS-20260802-38fb32acc7569afebd50ee01,RMSRD-20260802-eb79a66cc2558ebd4f5a,RMSRD-20260802-eb79a66cc2558ebd4f5a,BRM5C-BRM5-20260731-18689-01,Todd Mission,TX,South,pdf,budget_or_pay_plan,non_cba_or_unresolved_hint,high_priority_verification_ready,2,1,1,quantitative_needs_normalization,manual_review_candidate,quant_overtime_or_holiday_rate,none,false,false,false,false,false,false,false,true,false,manual_review_candidate,0.8500,Aggregated 2 schema-valid bounded span ratings; strongest claim bucket quantitative_needs_normalization and downstream use manual_review_candidate.,false,,BRMGRP-20260802-ed19078e3f407be0572b6e94,gabriel_rating_lane_002,"bounded documentary rating only; not ingested or codified; no pay normalization, wage-gap estimate, national prevalence, treatment effect, or final causal claim; global analysis readiness remains false",false,not_ingested,not_codified,not_normalized,not_matched,"{""candidate_id"": ""BRM5C-BRM5-20260731-18689-01"", ""final"": ""https://toddmissiontx.gov/wp-content/uploads/2025/01/Proposed-Budget-2025.pdf"", ""original"": ""https://toddmissiontx.gov/wp-content/uploads/2025/01/Proposed-Budget-2025.pdf"", ""scout_target_id"": ""BRM5-20260731-18689""}"
BRMGRS-20260802-6768a92c051cb08acf315817,RMSRD-20260802-cbb01961e2fcce603443,RMSRD-20260802-cbb01961e2fcce603443,BRM5C-BRM5-20260731-01199-03,Morrice,MI,Midwest,pdf,cba,cba_arbitration_factfinding_hint,high_priority_verification_ready,2,1,1,directional_hint_only,manual_review_candidate,qual_ordinance_or_council_adoption,weak,false,false,false,false,false,false,false,false,false,manual_review_candidate,0.8500,Aggregated 2 schema-valid bounded span ratings; strongest claim bucket directional_hint_only and downstream use manual_review_candidate.,false,,BRMGRP-20260802-ec0f791bb6ee61923552d76a,gabriel_rating_lane_002,"bounded documentary rating only; not ingested or codified; no pay normalization, wage-gap estimate, national prevalence, treatment effect, or final causal claim; global analysis readiness remains false",false,not_ingested,not_codified,not_normalized,not_matched,"{""candidate_id"": ""BRM5C-BRM5-20260731-01199-03"", ""final"": ""https://morrice.mi.us/wp-content/uploads/2021/03/PAY-RATE-Ord-12-16-19-to-post.pdf"", ""original"": ""https://morrice.mi.us/wp-content/uploads/2021/03/PAY-RATE-Ord-12-16-19-to-post.pdf"", ""scout_target_id"": ""BRM5-20260731-01199""}"
BRMGRS-20260802-607e62caa18aed187db32c14,RMSRD-20260802-138699bad03325e550db,RMSRD-20260802-138699bad03325e550db,BRM5C-BRM5-20260731-13588-02,New Bloomington,OH,Midwest,pdf,civil_service_or_hr_pay_plan,non_cba_or_unresolved_hint,high_priority_verification_ready,2,2,0,quantitative_direct_text_claim_ready,core_finding_candidate,quant_base_wage_direct_value,none,true,false,false,false,false,false,false,false,false,core_finding_candidate,0.9400,Aggregated 2 schema-valid bounded span ratings; strongest claim bucket quantitative_direct_text_claim_ready and downstream use core_finding_candidate.,false,,BRMGRP-20260802-ee169ef62164d88228595b4c,gabriel_rating_lane_002,"bounded documentary rating only; not ingested or codified; no pay normalization, wage-gap estimate, national prevalence, treatment effect, or final causal claim; global analysis readiness remains false",false,not_ingested,not_codified,not_normalized,not_matched,"{""candidate_id"": ""BRM5C-BRM5-20260731-13588-02"", ""final"": ""https://newbloomington.com/wp-content/ordinances/2023-1_%28Steve_M_-_employment%29.pdf"", ""original"": ""https://newbloomington.com/wp-content/ordinances/2023-1_%28Steve_M_-_employment%29.pdf"", ""scout_target_id"": ""BRM5-20260731-13588""}"
BRMGRS-20260802-c9d4c66803c69ef726d9e231,RMSRD-20260802-9f3ba8accfb24e546220,RMSRD-20260802-9f3ba8accfb24e546220,BRM5C-BRM5-20260731-14303-02,Taghkanic,NY,Northeast,pdf,mou_or_memorandum,non_cba_or_unresolved_hint,high_priority_verification_ready,2,0,2,source_navigation_or_reference_only,exclude_or_write_off,qual_mou_or_settlement,none,false,false,false,false,false,false,false,false,true,exclude_or_write_off,0.8600,Aggregated 2 schema-valid bounded span ratings; strongest claim bucket source_navigation_or_reference_only and downstream use exclude_or_write_off.,false,,BRMGRP-20260802-852c55eb035936c5be6aa9e6,gabriel_rating_lane_002,"bounded documentary rating only; not ingested or codified; no pay normalization, wage-gap estimate, national prevalence, treatment effect, or final causal claim; global analysis readiness remains false",false,not_ingested,not_codified,not_normalized,not_matched,"{""candidate_id"": ""BRM5C-BRM5-20260731-14303-02"", ""final"": ""https://taghkanic.gov/docs/TB_minutes/221212%20TB%20MINUTES%20.pdf"", ""original"": ""https://taghkanic.gov/docs/TB_minutes/221212%20TB%20MINUTES%20.pdf"", ""scout_target_id"": ""BRM5-20260731-14303""}"
BRMGRS-20260802-d42fd15589bbbd5577422626,RMSRD-20260802-a88d544e0c3058a0f264,RMSRD-20260802-a88d544e0c3058a0f264,BRM5C-BRM5-20260731-14435-02,Edgeworth,PA,Northeast,pdf,mou_or_memorandum,non_cba_or_unresolved_hint,medium_priority_verification_ready,2,0,2,source_navigation_or_reference_only,exclude_or_write_off,qual_position_classification_or_civil_service_structure,none,false,false,false,false,false,false,false,false,true,exclude_or_write_off,0.8600,Aggregated 2 schema-valid bounded span ratings; strongest claim bucket source_navigation_or_reference_only and downstream use exclude_or_write_off.,false,,BRMGRP-20260802-efa7e5b9dda320be54e2e144,gabriel_rating_lane_002,"bounded documentary rating only; not ingested or codified; no pay normalization, wage-gap estimate, national prevalence, treatment effect, or final causal claim; global analysis readiness remains false",false,not_ingested,not_codified,not_normalized,not_matched,"{""candidate_id"": ""BRM5C-BRM5-20260731-14435-02"", ""final"": ""https://edgeworthborough.org/document/agenda-may-19th-2026"", ""original"": ""https://edgeworthborough.org/document/agenda-may-19th-2026/"", ""scout_target_id"": ""BRM5-20260731-14435""}"
BRMGRS-20260802-86de6051f33addcbc132b508,RMSRD-20260802-1cd6c1f8f9e3df34efa4,RMSRD-20260802-1cd6c1f8f9e3df34efa4,BRM5C-BRM5-20260731-12121-01,Mission Creek,KS,Midwest,pdf,other_local_government_pay_policy,non_cba_or_unresolved_hint,medium_priority_verification_ready,2,2,0,quantitative_direct_text_claim_ready,core_finding_candidate,quant_base_wage_direct_value,none,true,false,false,false,false,false,false,false,false,core_finding_candidate,0.9400,Aggregated 2 schema-valid bounded span ratings; strongest claim bucket quantitative_direct_text_claim_ready and downstream use core_finding_candidate.,false,,BRMGRP-20260802-4d0c909d04fb8615ea1a3428,gabriel_rating_lane_002,"bounded documentary rating only; not ingested or codified; no pay normalization, wage-gap estimate, national prevalence, treatment effect, or final causal claim; global analysis readiness remains false",false,not_ingested,not_codified,not_normalized,not_matched,"{""candidate_id"": ""BRM5C-BRM5-20260731-12121-01"", ""final"": ""https://kansaspublicnotices.com/KSLegals/2025/31750-2025-01-23_1006.pdf"", ""original"": ""https://kansaspublicnotices.com/KSLegals/2025/31750-2025-01-23_1006.pdf"", ""scout_target_id"": ""BRM5-20260731-12121""}"
BRMGRS-20260802-1eee1f299c102508fcaf9737,RMSRD-20260802-5c2befdcbb9989f82c77,RMSRD-20260802-5c2befdcbb9989f82c77,BRM5C-BRM5-20260731-05185-01,Hanska,MN,Midwest,pdf,other_local_government_pay_policy,non_cba_or_unresolved_hint,medium_priority_verification_ready,2,0,2,weak_or_not_supported,exclude_or_write_off,qual_market_recruitment_retention_pressure,none,false,false,false,false,false,false,false,false,false,exclude_or_write_off,0.8600,Aggregated 2 schema-valid bounded span ratings; strongest claim bucket weak_or_not_supported and downstream use exclude_or_write_off.,false,,BRMGRP-20260802-e326c6227569e81862f42cb4,gabriel_rating_lane_002,"bounded documentary rating only; not ingested or codified; no pay normalization, wage-gap estimate, national prevalence, treatment effect, or final causal claim; global analysis readiness remains false",false,not_ingested,not_codified,not_normalized,not_matched,"{""candidate_id"": ""BRM5C-BRM5-20260731-05185-01"", ""final"": ""https://cityofhanska.com/documents/613/Title_03_-_ADMINISTRATION.pdf"", ""original"": ""https://cityofhanska.com/documents/613/Title_03_-_ADMINISTRATION.pdf"", ""scout_target_id"": ""BRM5-20260731-05185""}"
BRMGRS-20260802-1f30878d1d48f548861731b7,RMSRD-20260802-863ad61553fc83187022,RMSRD-20260802-863ad61553fc83187022,BRM5C-BRM5-20260731-14072-02,Springfield,WI,Midwest,pdf,other_local_government_pay_policy,non_cba_or_unresolved_hint,medium_priority_verification_ready,2,1,1,quantitative_direct_text_claim_ready,supporting_example_candidate,quant_base_wage_direct_value,weak,true,false,false,false,false,false,false,false,false,supporting_example_candidate,0.9000,Aggregated 2 schema-valid bounded span ratings; strongest claim bucket quantitative_direct_text_claim_ready and downstream use supporting_example_candidate.,false,,BRMGRP-20260802-49ff9d04dd945e164a390821,gabriel_rating_lane_002,"bounded documentary rating only; not ingested or codified; no pay normalization, wage-gap estimate, national prevalence, treatment effect, or final causal claim; global analysis readiness remains false",false,not_ingested,not_codified,not_normalized,not_matched,"{""candidate_id"": ""BRM5C-BRM5-20260731-14072-02"", ""final"": ""https://town.springfield.wi.us/wp-content/uploads/Ch.-1-Town-Organization-Administration-10.18.22-5.pdf"", ""original"": ""https://www.town.springfield.wi.us/wp-content/uploads/Ch.-1-Town-Organization-Administration-10.18.22-5.pdf"", ""scout_target_id"": ""BRM5-20260731-14072""}"
BRMGRS-20260802-6c66d264c2b8d58954e91e62,RMSRD-20260802-0ad1d280f6c1da83fa98,RMSRD-20260802-0ad1d280f6c1da83fa98,BRM5C-BRM5-20260731-01483-02,Lake Bronson,MN,Midwest,pdf,personnel_policy,non_cba_or_unresolved_hint,medium_priority_verification_ready,2,2,0,quantitative_direct_text_claim_ready,supporting_example_candidate,quant_base_wage_direct_value,none,true,false,false,false,false,false,false,false,false,supporting_example_candidate,0.9400,Aggregated 2 schema-valid bounded span ratings; strongest claim bucket quantitative_direct_text_claim_ready and downstream use supporting_example_candidate.,false,,BRMGRP-20260802-46b22e3415e9d26ba50b901c,gabriel_rating_lane_002,"bounded documentary rating only; not ingested or codified; no pay normalization, wage-gap estimate, national prevalence, treatment effect, or final causal claim; global analysis readiness remains false",false,not_ingested,not_codified,not_normalized,not_matched,"{""candidate_id"": ""BRM5C-BRM5-20260731-01483-02"", ""final"": ""https://cityoflakebronson.com/wp-content/uploads/2021/06/May-17-2021-Minutes.pdf"", ""original"": ""https://cityoflakebronson.com/wp-content/uploads/2021/06/May-17-2021-Minutes.pdf"", ""scout_target_id"": ""BRM5-20260731-01483""}"
BRMGRS-20260802-c0b7ee8f871d0f755c694370,RMSRD-20260802-11fc22ebc5ee5a9f3c35,RMSRD-20260802-11fc22ebc5ee5a9f3c35,BRM5C-BRM5-20260731-07600-01,Benton,IL,Midwest,pdf,wage_schedule,non_cba_or_unresolved_hint,high_priority_verification_ready,2,1,1,weak_or_not_supported,exclude_or_write_off,quant_allowance_or_reimbursement,none,false,false,false,false,false,false,false,true,false,exclude_or_write_off,0.8500,Aggregated 2 schema-valid bounded span ratings; strongest claim bucket weak_or_not_supported and downstream use exclude_or_write_off.,false,,BRMGRP-20260802-89fec4f03e3ddb0b5850ff40,gabriel_rating_lane_002,"bounded documentary rating only; not ingested or codified; no pay normalization, wage-gap estimate, national prevalence, treatment effect, or final causal claim; global analysis readiness remains false",false,not_ingested,not_codified,not_normalized,not_matched,"{""candidate_id"": ""BRM5C-BRM5-20260731-07600-01"", ""final"": ""https://bentonil.com/wp-content/uploads/2023/03/Employee-Compensation-Package-FY-2022.2023.pdf"", ""original"": ""https://bentonil.com/wp-content/uploads/2023/03/Employee-Compensation-Package-FY-2022.2023.pdf"", ""scout_target_id"": ""BRM5-20260731-07600""}"
BRMGRS-20260802-b416d6a20c85bd2276eaeb6e,RMSRD-20260802-78a1e2a433b4f51c1572,RMSRD-20260802-78a1e2a433b4f51c1572,BRM5C-BRM5-20260731-03849-01,Ashmore,IL,Midwest,pdf,wage_schedule,non_cba_or_unresolved_hint,high_priority_verification_ready,2,1,1,qualitative_mechanism_claim_ready,mechanism_summary_candidate,qual_market_recruitment_retention_pressure,moderate,false,true,false,false,false,false,false,false,false,mechanism_summary_candidate,0.8500,Aggregated 2 schema-valid bounded span ratings; strongest claim bucket qualitative_mechanism_claim_ready and downstream use mechanism_summary_candidate.,false,,BRMGRP-20260802-c3ae85a1ccc6a6fa6c5f2e03,gabriel_rating_lane_002,"bounded documentary rating only; not ingested or codified; no pay normalization, wage-gap estimate, national prevalence, treatment effect, or final causal claim; global analysis readiness remains false",false,not_ingested,not_codified,not_normalized,not_matched,"{""candidate_id"": ""BRM5C-BRM5-20260731-03849-01"", ""final"": ""https://ashmore.gov/documents/580/24-1126B_Resolution_for_Wage_Increase.pdf"", ""original"": ""https://ashmore.gov/documents/580/24-1126B_Resolution_for_Wage_Increase.pdf"", ""scout_target_id"": ""BRM5-20260731-03849""}"
BRMGRS-20260802-9ed1f336a2ea9b54353e5906,RMSRD-20260802-79913e50320725bdb41c,RMSRD-20260802-79913e50320725bdb41c,BRM5C-BRM5-20260731-06645-02,Upper Pittsgrove,NJ,Northeast,pdf,wage_schedule,non_cba_or_unresolved_hint,high_priority_verification_ready,2,1,1,quantitative_direct_text_claim_ready,supporting_example_candidate,quant_overtime_or_holiday_rate,none,true,false,false,false,false,false,false,true,false,supporting_example_candidate,0.8500,Aggregated 2 schema-valid bounded span ratings; strongest claim bucket quantitative_direct_text_claim_ready and downstream use supporting_example_candidate.,false,,BRMGRP-20260802-61bbcbe50d0e17562dcf1917,gabriel_rating_lane_002,"bounded documentary rating only; not ingested or codified; no pay normalization, wage-gap estimate, national prevalence, treatment effect, or final causal claim; global analysis readiness remains false",false,not_ingested,not_codified,not_normalized,not_matched,"{""candidate_id"": ""BRM5C-BRM5-20260731-06645-02"", ""final"": ""https://upperpittsgrovenj.org/wp-content/uploads/2025/04/Salary_Ordinance_2020-2.pdf"", ""original"": ""https://upperpittsgrovenj.org/wp-content/uploads/2025/04/Salary_Ordinance_2020-2.pdf"", ""scout_target_id"": ""BRM5-20260731-06645""}"
BRMGRS-20260802-39bcdb657c5de992ecc40d4e,RMSRD-20260802-64b9f8a3a0e8a1a9901d,RMSRD-20260802-64b9f8a3a0e8a1a9901d,BRM5C-BRM5-20260731-06754-01,Lisbon,NY,Northeast,pdf,wage_schedule,non_cba_or_unresolved_hint,high_priority_verification_ready,2,1,1,weak_or_not_supported,manual_review_candidate,quant_overtime_or_holiday_rate,none,false,false,false,false,false,false,false,true,false,manual_review_candidate,0.8500,Aggregated 2 schema-valid bounded span ratings; strongest claim bucket weak_or_not_supported and downstream use manual_review_candidate.,false,,BRMGRP-20260802-f08d0639ee59368f90419b38,gabriel_rating_lane_002,"bounded documentary rating only; not ingested or codified; no pay normalization, wage-gap estimate, national prevalence, treatment effect, or final causal claim; global analysis readiness remains false",false,not_ingested,not_codified,not_normalized,not_matched,"{""candidate_id"": ""BRM5C-BRM5-20260731-06754-01"", ""final"": ""https://townoflisbonny.gov/uploads/1/0/6/1/106146027/organization_meeting_2025.pdf"", ""original"": ""https://www.townoflisbonny.gov/uploads/1/0/6/1/106146027/organization_meeting_2025.pdf"", ""scout_target_id"": ""BRM5-20260731-06754""}"
BRMGRS-20260802-55acf3119c8c1f495202e188,RMSRD-20260802-c017f41eeb7771edd0fb,RMSRD-20260802-c017f41eeb7771edd0fb,BRM5C-BRM5-20260731-10683-02,East Berlin,PA,Northeast,pdf,wage_schedule,non_cba_or_unresolved_hint,high_priority_verification_ready,2,0,2,qualitative_mechanism_claim_ready,mechanism_summary_candidate,qual_collective_bargaining,moderate,false,true,false,false,false,false,false,false,true,mechanism_summary_candidate,0.8600,Aggregated 2 schema-valid bounded span ratings; strongest claim bucket qualitative_mechanism_claim_ready and downstream use mechanism_summary_candidate.,false,,BRMGRP-20260802-dd491584ee21b1c0748f4f6d,gabriel_rating_lane_002,"bounded documentary rating only; not ingested or codified; no pay normalization, wage-gap estimate, national prevalence, treatment effect, or final causal claim; global analysis readiness remains false",false,not_ingested,not_codified,not_normalized,not_matched,"{""candidate_id"": ""BRM5C-BRM5-20260731-10683-02"", ""final"": ""https://eastberlinboro.com/wp-content/uploads/2012/04/170503_May-3-2017.pdf"", ""original"": ""https://eastberlinboro.com/wp-content/uploads/2012/04/170503_May-3-2017.pdf"", ""scout_target_id"": ""BRM5-20260731-10683""}"
BRMGRS-20260802-313631c3ee28052be8d587de,RMSRD-20260802-a284ec244453532235b9,RMSRD-20260802-a284ec244453532235b9,BRM5C-BRM5-20260731-02787-01,Neva,WI,Midwest,pdf,wage_schedule,non_cba_or_unresolved_hint,high_priority_verification_ready,2,1,1,quantitative_direct_text_claim_ready,supporting_example_candidate,quant_percentage_raise_or_cola,weak,true,false,false,false,false,false,false,false,false,supporting_example_candidate,0.9000,Aggregated 2 schema-valid bounded span ratings; strongest claim bucket quantitative_direct_text_claim_ready and downstream use supporting_example_candidate.,false,,BRMGRP-20260802-8ef4afe43c66d9c632fa653f,gabriel_rating_lane_002,"bounded documentary rating only; not ingested or codified; no pay normalization, wage-gap estimate, national prevalence, treatment effect, or final causal claim; global analysis readiness remains false",false,not_ingested,not_codified,not_normalized,not_matched,"{""candidate_id"": ""BRM5C-BRM5-20260731-02787-01"", ""final"": ""https://townofnevawi.gov/wp-content/uploads/sites/3/2025/01/2025-1-14-Minutes-Final.pdf"", ""original"": ""https://townofnevawi.gov/wp-content/uploads/sites/3/2025/01/2025-1-14-Minutes-Final.pdf"", ""scout_target_id"": ""BRM5-20260731-02787""}"
BRMGRS-20260802-fa210e9a3e5657e02ae63881,RMSRD-20260802-0cdb63c55ced4f142bd6,RMSRD-20260802-0cdb63c55ced4f142bd6,BRM5C-BRM5-20260731-15367-01,Palestine,IL,Midwest,pdf,agenda_packet_or_minutes,non_cba_or_unresolved_hint,high_priority_verification_ready,1,0,1,local_context_only,manual_review_candidate,qual_other_pay_setting_mechanism,weak,false,false,false,true,false,false,false,false,false,manual_review_candidate,0.8600,Aggregated 1 schema-valid bounded span ratings; strongest claim bucket local_context_only and downstream use manual_review_candidate.,false,,BRMGRP-20260802-0983a0936b4269fd12829cca,gabriel_rating_lane_002,"bounded documentary rating only; not ingested or codified; no pay normalization, wage-gap estimate, national prevalence, treatment effect, or final causal claim; global analysis readiness remains false",false,not_ingested,not_codified,not_normalized,not_matched,"{""candidate_id"": ""BRM5C-BRM5-20260731-15367-01"", ""final"": ""https://villageofpalestine.com/wp-content/uploads/2026/01/Persn-Comm-Agenda-1-27-26.pdf"", ""original"": ""https://villageofpalestine.com/wp-content/uploads/2026/01/Persn-Comm-Agenda-1-27-26.pdf"", ""scout_target_id"": ""BRM5-20260731-15367""}"
BRMGRS-20260802-ee9b6288d06dcc3f8c67966c,RMSRD-20260802-4ca1e5b14aeb9c15ff22,RMSRD-20260802-4ca1e5b14aeb9c15ff22,BRM5C-BRM5-20260731-04152-02,Pin Oak,IL,Midwest,pdf,agenda_packet_or_minutes,non_cba_or_unresolved_hint,medium_priority_verification_ready,1,1,0,quantitative_direct_text_claim_ready,core_finding_candidate,quant_percentage_raise_or_cola,weak,true,false,false,false,false,false,false,false,false,core_finding_candidate,0.9400,Aggregated 1 schema-valid bounded span ratings; strongest claim bucket quantitative_direct_text_claim_ready and downstream use core_finding_candidate.,false,,BRMGRP-20260802-bea5e61aac4aa452efd5da67,gabriel_rating_lane_002,"bounded documentary rating only; not ingested or codified; no pay normalization, wage-gap estimate, national prevalence, treatment effect, or final causal claim; global analysis readiness remains false",false,not_ingested,not_codified,not_normalized,not_matched,"{""candidate_id"": ""BRM5C-BRM5-20260731-04152-02"", ""final"": ""https://pinoaktownship.org/wp-content/uploads/2024/10/09.19.2024-MONTHLY-MINUTES-2.pdf"", ""original"": ""https://pinoaktownship.org/wp-content/uploads/2024/10/09.19.2024-MONTHLY-MINUTES-2.pdf"", ""scout_target_id"": ""BRM5-20260731-04152""}"
BRMGRS-20260802-45e42a0f9365d9238cd378eb,RMSRD-20260802-b576cd125cc9f9058e6c,RMSRD-20260802-b576cd125cc9f9058e6c,BRM5C-BRM5-20260731-04102-01,Mount Pulaski,IL,Midwest,pdf,agenda_packet_or_minutes,non_cba_or_unresolved_hint,high_priority_verification_ready,1,1,0,quantitative_direct_text_claim_ready,core_finding_candidate,quant_percentage_raise_or_cola,none,true,false,false,false,false,false,false,false,false,core_finding_candidate,0.9400,Aggregated 1 schema-valid bounded span ratings; strongest claim bucket quantitative_direct_text_claim_ready and downstream use core_finding_candidate.,false,,BRMGRP-20260802-bf7ac6404231e932d0b05d55,gabriel_rating_lane_002,"bounded documentary rating only; not ingested or codified; no pay normalization, wage-gap estimate, national prevalence, treatment effect, or final causal claim; global analysis readiness remains false",false,not_ingested,not_codified,not_normalized,not_matched,"{""candidate_id"": ""BRM5C-BRM5-20260731-04102-01"", ""final"": ""https://cityofmtpulaski.com/images/Meeting_Minutes/November%2011%202025.pdf"", ""original"": ""https://cityofmtpulaski.com/images/Meeting_Minutes/November%2011%202025.pdf"", ""scout_target_id"": ""BRM5-20260731-04102""}"
BRMGRS-20260802-6a63c894ef92bc287dd82a73,RMSRD-20260802-d65e7914a200ea23d6f0,RMSRD-20260802-d65e7914a200ea23d6f0,BRM5C-BRM5-20260731-08032-02,Chrisney,IN,Midwest,pdf,agenda_packet_or_minutes,non_cba_or_unresolved_hint,medium_priority_verification_ready,1,0,1,source_navigation_or_reference_only,local_context_candidate,qual_ordinance_or_council_adoption,none,false,false,false,false,false,false,false,false,false,local_context_candidate,0.8600,Aggregated 1 schema-valid bounded span ratings; strongest claim bucket source_navigation_or_reference_only and downstream use local_context_candidate.,false,,BRMGRP-20260802-38d6b147f9fe621e4f660cb7,gabriel_rating_lane_002,"bounded documentary rating only; not ingested or codified; no pay normalization, wage-gap estimate, national prevalence, treatment effect, or final causal claim; global analysis readiness remains false",false,not_ingested,not_codified,not_normalized,not_matched,"{""candidate_id"": ""BRM5C-BRM5-20260731-08032-02"", ""final"": ""https://in.gov/towns/chrisney/files/Town-Council-Meeting-July-2025-Agenda.pdf"", ""original"": ""https://www.in.gov/towns/chrisney/files/Town-Council-Meeting-July-2025-Agenda.pdf"", ""scout_target_id"": ""BRM5-20260731-08032""}"
BRMGRS-20260802-99707f4b37626288266d7de4,RMSRD-20260802-2a2217b441f1a387eae1,RMSRD-20260802-2a2217b441f1a387eae1,BRM5C-BRM5-20260731-16077-02,Glen Arbor,MI,Midwest,pdf,agenda_packet_or_minutes,non_cba_or_unresolved_hint,high_priority_verification_ready,1,0,1,qualitative_mechanism_claim_ready,mechanism_summary_candidate,qual_collective_bargaining,weak,false,false,false,true,false,false,false,false,true,mechanism_summary_candidate,0.8600,Aggregated 1 schema-valid bounded span ratings; strongest claim bucket qualitative_mechanism_claim_ready and downstream use mechanism_summary_candidate.,false,,BRMGRP-20260802-af45eae4064e420cf6366574,gabriel_rating_lane_002,"bounded documentary rating only; not ingested or codified; no pay normalization, wage-gap estimate, national prevalence, treatment effect, or final causal claim; global analysis readiness remains false",false,not_ingested,not_codified,not_normalized,not_matched,"{""candidate_id"": ""BRM5C-BRM5-20260731-16077-02"", ""final"": ""https://glenarbortownship.com/wp-content/uploads/2025/04/Regular-Mtg-Min-3.18.pdf"", ""original"": ""https://glenarbortownship.com/wp-content/uploads/2025/04/Regular-Mtg-Min-3.18.pdf"", ""scout_target_id"": ""BRM5-20260731-16077""}"
BRMGRS-20260802-4060625f15d8120c8fe7d36d,RMSRD-20260802-4b42044edf79f1375868,RMSRD-20260802-4b42044edf79f1375868,BRM5C-BRM5-20260731-12482-03,Tompkins,MI,Midwest,pdf,agenda_packet_or_minutes,non_cba_or_unresolved_hint,high_priority_verification_ready,1,1,0,quantitative_direct_text_claim_ready,core_finding_candidate,quant_other_compensation_value,none,true,false,false,false,false,false,false,false,false,core_finding_candidate,0.9400,Aggregated 1 schema-valid bounded span ratings; strongest claim bucket quantitative_direct_text_claim_ready and downstream use core_finding_candidate.,false,,BRMGRP-20260802-fe374119d5be71e2dcffcd51,gabriel_rating_lane_002,"bounded documentary rating only; not ingested or codified; no pay normalization, wage-gap estimate, national prevalence, treatment effect, or final causal claim; global analysis readiness remains false",false,not_ingested,not_codified,not_normalized,not_matched,"{""candidate_id"": ""BRM5C-BRM5-20260731-12482-03"", ""final"": ""https://tompkinstwp-mi.org/wp-content/uploads/2026/03/MinutesFebruary26.pdf"", ""original"": ""https://tompkinstwp-mi.org/wp-content/uploads/2026/03/MinutesFebruary26.pdf"", ""scout_target_id"": ""BRM5-20260731-12482""}"
BRMGRS-20260802-4b887fb980a1cf12b5ddcb1e,RMSRD-20260802-86916a95637d26c0afdc,RMSRD-20260802-86916a95637d26c0afdc,BRM5C-BRM5-20260731-04779-01,Au Sable,MI,Midwest,pdf,agenda_packet_or_minutes,non_cba_or_unresolved_hint,high_priority_verification_ready,1,1,0,quantitative_direct_text_claim_ready,core_finding_candidate,quant_percentage_raise_or_cola,moderate,true,false,false,false,false,false,false,false,false,core_finding_candidate,0.9400,Aggregated 1 schema-valid bounded span ratings; strongest claim bucket quantitative_direct_text_claim_ready and downstream use core_finding_candidate.,false,,BRMGRP-20260802-6ef39dbf0c6e219e634236e2,gabriel_rating_lane_002,"bounded documentary rating only; not ingested or codified; no pay normalization, wage-gap estimate, national prevalence, treatment effect, or final causal claim; global analysis readiness remains false",false,not_ingested,not_codified,not_normalized,not_matched,"{""candidate_id"": ""BRM5C-BRM5-20260731-04779-01"", ""final"": ""https://ausabletwp-mi.gov/wp-content/uploads/2025/01/12-16-24RBM.pdf"", ""original"": ""https://ausabletwp-mi.gov/wp-content/uploads/2025/01/12-16-24RBM.pdf"", ""scout_target_id"": ""BRM5-20260731-04779""}"
BRMGRS-20260802-71c5d531c760bedd406bc29e,RMSRD-20260802-a31c9ffb6389afc9f241,RMSRD-20260802-a31c9ffb6389afc9f241,BRM5C-BRM5-20260731-16027-02,Casnovia,MI,Midwest,pdf,agenda_packet_or_minutes,non_cba_or_unresolved_hint,high_priority_verification_ready,1,0,1,weak_or_not_supported,exclude_or_write_off,qual_market_recruitment_retention_pressure,none,false,false,false,false,false,false,false,false,false,exclude_or_write_off,0.8600,Aggregated 1 schema-valid bounded span ratings; strongest claim bucket weak_or_not_supported and downstream use exclude_or_write_off.,false,,BRMGRP-20260802-0aa2a8d974a974b42b46ea8c,gabriel_rating_lane_002,"bounded documentary rating only; not ingested or codified; no pay normalization, wage-gap estimate, national prevalence, treatment effect, or final causal claim; global analysis readiness remains false",false,not_ingested,not_codified,not_normalized,not_matched,"{""candidate_id"": ""BRM5C-BRM5-20260731-16027-02"", ""final"": ""https://villageofcasnovia.org/wp-content/uploads/2026/05/11-May-Meeting-Minutes.pdf"", ""original"": ""https://villageofcasnovia.org/wp-content/uploads/2026/05/11-May-Meeting-Minutes.pdf"", ""scout_target_id"": ""BRM5-20260731-16027""}"
BRMGRS-20260802-4dca532b774d18ff36a98c54,RMSRD-20260802-c4a59eea0d7df3cc7bda,RMSRD-20260802-c4a59eea0d7df3cc7bda,BRM5C-BRM5-20260731-08672-02,Moorland,MI,Midwest,pdf,agenda_packet_or_minutes,non_cba_or_unresolved_hint,medium_priority_verification_ready,1,1,0,quantitative_direct_text_claim_ready,manual_review_candidate,quant_base_wage_direct_value,none,true,false,false,false,false,false,false,false,false,manual_review_candidate,0.9400,Aggregated 1 schema-valid bounded span ratings; strongest claim bucket quantitative_direct_text_claim_ready and downstream use manual_review_candidate.,false,,BRMGRP-20260802-8eb1819d17f2ce35e83e461d,gabriel_rating_lane_002,"bounded documentary rating only; not ingested or codified; no pay normalization, wage-gap estimate, national prevalence, treatment effect, or final causal claim; global analysis readiness remains false",false,not_ingested,not_codified,not_normalized,not_matched,"{""candidate_id"": ""BRM5C-BRM5-20260731-08672-02"", ""final"": ""https://moorlandtwp.com/wp-content/uploads/2025/06/APPROVED-MINUTES-01-12-2017.pdf"", ""original"": ""https://moorlandtwp.com/wp-content/uploads/2025/06/APPROVED-MINUTES-01-12-2017.pdf"", ""scout_target_id"": ""BRM5-20260731-08672""}"
BRMGRS-20260802-82b7365f3ab0ee0b22919b81,RMSRD-20260802-ee6828990dc55b39a427,RMSRD-20260802-ee6828990dc55b39a427,BRM5C-BRM5-20260731-01234-01,Richland,MI,Midwest,pdf,agenda_packet_or_minutes,cba_arbitration_factfinding_hint,high_priority_verification_ready,1,0,1,directional_hint_only,local_context_candidate,qual_collective_bargaining,weak,false,false,false,true,false,false,false,false,true,local_context_candidate,0.8600,Aggregated 1 schema-valid bounded span ratings; strongest claim bucket directional_hint_only and downstream use local_context_candidate.,false,,BRMGRP-20260802-1fedb1415bc888cbb0ae8a92,gabriel_rating_lane_002,"bounded documentary rating only; not ingested or codified; no pay normalization, wage-gap estimate, national prevalence, treatment effect, or final causal claim; global analysis readiness remains false",false,not_ingested,not_codified,not_normalized,not_matched,"{""candidate_id"": ""BRM5C-BRM5-20260731-01234-01"", ""final"": ""https://richlandtownship.org/minutes/14apr25.pdf"", ""original"": ""https://www.richlandtownship.org/minutes/14apr25.pdf"", ""scout_target_id"": ""BRM5-20260731-01234""}"
BRMGRS-20260802-591830aec562e52f879a67cf,RMSRD-20260802-25f715406592ffd70227,RMSRD-20260802-25f715406592ffd70227,BRM5C-BRM5-20260731-09137-01,Sunfish Lake,MN,Midwest,html,agenda_packet_or_minutes,non_cba_or_unresolved_hint,medium_priority_verification_ready,1,0,1,quantitative_needs_normalization,supporting_example_candidate,qual_retroactivity_or_implementation_timing,weak,false,true,false,false,false,false,false,false,false,supporting_example_candidate,0.8600,Aggregated 1 schema-valid bounded span ratings; strongest claim bucket quantitative_needs_normalization and downstream use supporting_example_candidate.,false,,BRMGRP-20260802-440e11ce545292271fbde3c9,gabriel_rating_lane_002,"bounded documentary rating only; not ingested or codified; no pay normalization, wage-gap estimate, national prevalence, treatment effect, or final causal claim; global analysis readiness remains false",false,not_ingested,not_codified,not_normalized,not_matched,"{""candidate_id"": ""BRM5C-BRM5-20260731-09137-01"", ""final"": ""https://sunfishlake.org/cc-minutes/sunfish-lake-city-council-meeting-february-5-2014"", ""original"": ""https://sunfishlake.org/cc-minutes/sunfish-lake-city-council-meeting-february-5-2014"", ""scout_target_id"": ""BRM5-20260731-09137""}"
BRMGRS-20260802-cabe038833d54a369bfa0c7a,RMSRD-20260802-837c03b094c4a9f9c830,RMSRD-20260802-837c03b094c4a9f9c830,BRM5C-BRM5-20260731-08811-01,Callaway,MN,Midwest,pdf,agenda_packet_or_minutes,non_cba_or_unresolved_hint,high_priority_verification_ready,1,1,0,quantitative_direct_text_claim_ready,core_finding_candidate,quant_percentage_raise_or_cola,none,true,false,false,false,false,false,false,false,false,core_finding_candidate,0.9400,Aggregated 1 schema-valid bounded span ratings; strongest claim bucket quantitative_direct_text_claim_ready and downstream use core_finding_candidate.,false,,BRMGRP-20260802-694b0c348f7acc758354b55a,gabriel_rating_lane_002,"bounded documentary rating only; not ingested or codified; no pay normalization, wage-gap estimate, national prevalence, treatment effect, or final causal claim; global analysis readiness remains false",false,not_ingested,not_codified,not_normalized,not_matched,"{""candidate_id"": ""BRM5C-BRM5-20260731-08811-01"", ""final"": ""https://callawaymn.gov/images/agendamintues/minute_21.pdf"", ""original"": ""https://callawaymn.gov/images/agendamintues/minute_21.pdf"", ""scout_target_id"": ""BRM5-20260731-08811""}"
BRMGRS-20260802-85463c33dca8bd7d7c58f01f,RMSRD-20260802-b4bacc15acb6f30b9193,RMSRD-20260802-b4bacc15acb6f30b9193,BRM5C-BRM5-20260731-12976-02,Greentop,MO,Midwest,html,agenda_packet_or_minutes,non_cba_or_unresolved_hint,low_priority_verification_ready,1,1,0,quantitative_direct_text_claim_ready,supporting_example_candidate,quant_base_wage_direct_value,none,true,false,false,false,false,false,false,false,false,supporting_example_candidate,0.9400,Aggregated 1 schema-valid bounded span ratings; strongest claim bucket quantitative_direct_text_claim_ready and downstream use supporting_example_candidate.,false,,BRMGRP-20260802-617b73a59daf51dce9d4cabe,gabriel_rating_lane_002,"bounded documentary rating only; not ingested or codified; no pay normalization, wage-gap estimate, national prevalence, treatment effect, or final causal claim; global analysis readiness remains false",false,not_ingested,not_codified,not_normalized,not_matched,"{""candidate_id"": ""BRM5C-BRM5-20260731-12976-02"", ""final"": ""https://schuylercountytimes.com/2025/06/12/greentop-council-approves-cd-transfers-cancer-society-donation-at-june-meeting"", ""original"": ""https://www.schuylercountytimes.com/2025/06/12/greentop-council-approves-cd-transfers-cancer-society-donation-at-june-meeting/"", ""scout_target_id"": ""BRM5-20260731-12976""}"
BRMGRS-20260802-ec59400715cb8e8f94c384af,RMSRD-20260802-016641e8096d80d4b21d,RMSRD-20260802-016641e8096d80d4b21d,BRM5C-BRM5-20260731-06732-01,Genesee,NY,Northeast,pdf,agenda_packet_or_minutes,non_cba_or_unresolved_hint,high_priority_verification_ready,1,1,0,quantitative_direct_text_claim_ready,supporting_example_candidate,quant_base_wage_direct_value,moderate,true,false,false,false,false,false,false,false,false,supporting_example_candidate,0.9400,Aggregated 1 schema-valid bounded span ratings; strongest claim bucket quantitative_direct_text_claim_ready and downstream use supporting_example_candidate.,false,,BRMGRP-20260802-445129a64236d96edb9adbad,gabriel_rating_lane_002,"bounded documentary rating only; not ingested or codified; no pay normalization, wage-gap estimate, national prevalence, treatment effect, or final causal claim; global analysis readiness remains false",false,not_ingested,not_codified,not_normalized,not_matched,"{""candidate_id"": ""BRM5C-BRM5-20260731-06732-01"", ""final"": ""https://townofgeneseeny.gov/public/wp-content/uploads/2026/07/01-20-2026-Organizational-Meeting-1.pdf"", ""original"": ""https://townofgeneseeny.gov/public/wp-content/uploads/2026/07/01-20-2026-Organizational-Meeting-1.pdf"", ""scout_target_id"": ""BRM5-20260731-06732""}"
BRMGRS-20260802-46e9a529b90215893c6903c2,RMSRD-20260802-49887e5e98a9a9a9e900,RMSRD-20260802-49887e5e98a9a9a9e900,BRM5C-BRM5-20260731-06822-01,Sennett,NY,Northeast,pdf,agenda_packet_or_minutes,non_cba_or_unresolved_hint,high_priority_verification_ready,1,0,1,weak_or_not_supported,manual_review_candidate,qual_collective_bargaining,weak,false,false,false,false,false,false,false,false,true,manual_review_candidate,0.8600,Aggregated 1 schema-valid bounded span ratings; strongest claim bucket weak_or_not_supported and downstream use manual_review_candidate.,false,,BRMGRP-20260802-050e6e2fdf3bb13dbb0470a5,gabriel_rating_lane_002,"bounded documentary rating only; not ingested or codified; no pay normalization, wage-gap estimate, national prevalence, treatment effect, or final causal claim; global analysis readiness remains false",false,not_ingested,not_codified,not_normalized,not_matched,"{""candidate_id"": ""BRM5C-BRM5-20260731-06822-01"", ""final"": ""https://sennettny.gov/uploads/1/4/0/4/140482241/tb_minutes_05-20-2021.pdf"", ""original"": ""https://www.sennettny.gov/uploads/1/4/0/4/140482241/tb_minutes_05-20-2021.pdf"", ""scout_target_id"": ""BRM5-20260731-06822""}"
BRMGRS-20260802-65fafc0a2bf9d27581a8a2a0,RMSRD-20260802-83eac71ea8f00dde0bbd,RMSRD-20260802-83eac71ea8f00dde0bbd,BRM5C-BRM5-20260731-14328-01,Wilmington,NY,Northeast,pdf,agenda_packet_or_minutes,non_cba_or_unresolved_hint,medium_priority_verification_ready,1,1,0,quantitative_direct_text_claim_ready,core_finding_candidate,quant_base_wage_direct_value,none,true,false,false,false,false,false,false,false,false,core_finding_candidate,0.9400,Aggregated 1 schema-valid bounded span ratings; strongest claim bucket quantitative_direct_text_claim_ready and downstream use core_finding_candidate.,false,,BRMGRP-20260802-5fa31c654cabf69e8242e901,gabriel_rating_lane_002,"bounded documentary rating only; not ingested or codified; no pay normalization, wage-gap estimate, national prevalence, treatment effect, or final causal claim; global analysis readiness remains false",false,not_ingested,not_codified,not_normalized,not_matched,"{""candidate_id"": ""BRM5C-BRM5-20260731-14328-01"", ""final"": ""https://townofwilmington.org/wp-content/uploads/2026/07/July-Regular-Monthly-Meeting-of-the-Wilmington-Town-Board-Agenda-Resolutions3.pdf"", ""original"": ""https://www.townofwilmington.org/wp-content/uploads/2026/07/July-Regular-Monthly-Meeting-of-the-Wilmington-Town-Board-Agenda-Resolutions3.pdf"", ""scout_target_id"": ""BRM5-20260731-14328""}"
BRMGRS-20260802-6b682134c3289cef6a40fb68,RMSRD-20260802-c908bef068891de2a928,RMSRD-20260802-c908bef068891de2a928,BRM5C-BRM5-20260731-14281-02,Sandy Creek,NY,Northeast,pdf,agenda_packet_or_minutes,non_cba_or_unresolved_hint,high_priority_verification_ready,1,1,0,directional_hint_only,local_context_candidate,quant_other_compensation_value,none,false,false,false,false,false,false,false,false,false,local_context_candidate,0.8400,Aggregated 1 schema-valid bounded span ratings; strongest claim bucket directional_hint_only and downstream use local_context_candidate.,false,,BRMGRP-20260802-a8cf2dcf3bd12a10cc2ca0e5,gabriel_rating_lane_002,"bounded documentary rating only; not ingested or codified; no pay normalization, wage-gap estimate, national prevalence, treatment effect, or final causal claim; global analysis readiness remains false",false,not_ingested,not_codified,not_normalized,not_matched,"{""candidate_id"": ""BRM5C-BRM5-20260731-14281-02"", ""final"": ""https://villageofsandycreek.com/uploads/9/1/2/2/91225592/min_23-01_sc.pdf"", ""original"": ""https://www.villageofsandycreek.com/uploads/9/1/2/2/91225592/min_23-01_sc.pdf"", ""scout_target_id"": ""BRM5-20260731-14281""}"
BRMGRS-20260802-3be4f40c7bbc3f9d02d7b93e,RMSRD-20260802-ffdbb771c9216e76cbff,RMSRD-20260802-ffdbb771c9216e76cbff,BRM5C-BRM5-20260731-06676-01,Canadice,NY,Northeast,pdf,agenda_packet_or_minutes,cba_arbitration_factfinding_hint,high_priority_verification_ready,1,0,1,qualitative_mechanism_claim_ready,mechanism_summary_candidate,qual_collective_bargaining,moderate,false,true,false,false,false,false,false,false,true,mechanism_summary_candidate,0.8600,Aggregated 1 schema-valid bounded span ratings; strongest claim bucket qualitative_mechanism_claim_ready and downstream use mechanism_summary_candidate.,false,,BRMGRP-20260802-508ec435a96eaf83a301e81a,gabriel_rating_lane_002,"bounded documentary rating only; not ingested or codified; no pay normalization, wage-gap estimate, national prevalence, treatment effect, or final causal claim; global analysis readiness remains false",false,not_ingested,not_codified,not_normalized,not_matched,"{""candidate_id"": ""BRM5C-BRM5-20260731-06676-01"", ""final"": ""https://canadiceny.gov/uploads/1/2/8/2/12825839/12_tbdecember2021.pdf"", ""original"": ""https://www.canadiceny.gov/uploads/1/2/8/2/12825839/12_tbdecember2021.pdf"", ""scout_target_id"": ""BRM5-20260731-06676""}"
BRMGRS-20260802-2305b6368eb1eca243a85d07,RMSRD-20260802-08370276275f79f8ec07,RMSRD-20260802-08370276275f79f8ec07,BRM5C-BRM5-20260731-07213-01,Tunkhannock,PA,Northeast,pdf,agenda_packet_or_minutes,non_cba_or_unresolved_hint,high_priority_verification_ready,1,0,1,quantitative_needs_normalization,mechanism_summary_candidate,qual_collective_bargaining,moderate,false,false,false,true,false,false,false,false,true,mechanism_summary_candidate,0.8600,Aggregated 1 schema-valid bounded span ratings; strongest claim bucket quantitative_needs_normalization and downstream use mechanism_summary_candidate.,false,,BRMGRP-20260802-69e46c0b3ec3576a0662f868,gabriel_rating_lane_002,"bounded documentary rating only; not ingested or codified; no pay normalization, wage-gap estimate, national prevalence, treatment effect, or final causal claim; global analysis readiness remains false",false,not_ingested,not_codified,not_normalized,not_matched,"{""candidate_id"": ""BRM5C-BRM5-20260731-07213-01"", ""final"": ""https://tunkboro.com/wp-content/uploads/2026/06/May-7-2026-Minutes.pdf"", ""original"": ""https://tunkboro.com/wp-content/uploads/2026/06/May-7-2026-Minutes.pdf"", ""scout_target_id"": ""BRM5-20260731-07213""}"
BRMGRS-20260802-723de8ef0dbd9cee0b24f275,RMSRD-20260802-1e1a3024da9516e238da,RMSRD-20260802-1e1a3024da9516e238da,BRM5C-BRM5-20260731-18446-01,Waverly,PA,Northeast,pdf,agenda_packet_or_minutes,non_cba_or_unresolved_hint,medium_priority_verification_ready,1,0,1,local_context_only,manual_review_candidate,qual_mou_or_settlement,none,false,false,false,false,false,false,false,false,true,manual_review_candidate,0.8600,Aggregated 1 schema-valid bounded span ratings; strongest claim bucket local_context_only and downstream use manual_review_candidate.,false,,BRMGRP-20260802-4fe9f57e9e284415295a9641,gabriel_rating_lane_002,"bounded documentary rating only; not ingested or codified; no pay normalization, wage-gap estimate, national prevalence, treatment effect, or final causal claim; global analysis readiness remains false",false,not_ingested,not_codified,not_normalized,not_matched,"{""candidate_id"": ""BRM5C-BRM5-20260731-18446-01"", ""final"": ""https://waverlytwp.com/_files/ugd/8dc689_731a301df13142b18235a97c9c2d5848.pdf"", ""original"": ""https://www.waverlytwp.com/_files/ugd/8dc689_731a301df13142b18235a97c9c2d5848.pdf"", ""scout_target_id"": ""BRM5-20260731-18446""}"
BRMGRS-20260802-f9204f32b4fa6215f541b926,RMSRD-20260802-33b9bcffc02b280ec8cb,RMSRD-20260802-33b9bcffc02b280ec8cb,BRM5C-BRM5-20260731-10775-02,Laurel Mountain,PA,Northeast,pdf,agenda_packet_or_minutes,non_cba_or_unresolved_hint,medium_priority_verification_ready,1,0,1,local_context_only,manual_review_candidate,qual_market_recruitment_retention_pressure,none,false,false,false,false,false,false,false,false,false,manual_review_candidate,0.8600,Aggregated 1 schema-valid bounded span ratings; strongest claim bucket local_context_only and downstream use manual_review_candidate.,false,,BRMGRP-20260802-fbec966994812aaf326a8d91,gabriel_rating_lane_002,"bounded documentary rating only; not ingested or codified; no pay normalization, wage-gap estimate, national prevalence, treatment effect, or final causal claim; global analysis readiness remains false",false,not_ingested,not_codified,not_normalized,not_matched,"{""candidate_id"": ""BRM5C-BRM5-20260731-10775-02"", ""final"": ""https://boroughoflaurelmountain.com/document/council-minutes-december-15th-2021"", ""original"": ""https://boroughoflaurelmountain.com/document/council-minutes-december-15th-2021/"", ""scout_target_id"": ""BRM5-20260731-10775""}"
BRMGRS-20260802-eb9689fdd08cde35ae523b55,RMSRD-20260802-47a1541633828dd4894d,RMSRD-20260802-47a1541633828dd4894d,BRM5C-BRM5-20260731-10771-04,Kittanning,PA,Northeast,pdf,agenda_packet_or_minutes,non_cba_or_unresolved_hint,high_priority_verification_ready,1,0,1,qualitative_mechanism_claim_ready,local_context_candidate,qual_retroactivity_or_implementation_timing,moderate,false,false,false,false,false,false,false,false,false,local_context_candidate,0.8600,Aggregated 1 schema-valid bounded span ratings; strongest claim bucket qualitative_mechanism_claim_ready and downstream use local_context_candidate.,false,,BRMGRP-20260802-8f361eccce31923300d2bd3e,gabriel_rating_lane_002,"bounded documentary rating only; not ingested or codified; no pay normalization, wage-gap estimate, national prevalence, treatment effect, or final causal claim; global analysis readiness remains false",false,not_ingested,not_codified,not_normalized,not_matched,"{""candidate_id"": ""BRM5C-BRM5-20260731-10771-04"", ""final"": ""https://kittanning-borough.com/document/council-minutes-february-5th-2024"", ""original"": ""https://kittanning-borough.com/document/council-minutes-february-5th-2024/"", ""scout_target_id"": ""BRM5-20260731-10771""}"
BRMGRS-20260802-8a4366deb4b255d865794746,RMSRD-20260802-67a8b97f80b02c03cef2,RMSRD-20260802-67a8b97f80b02c03cef2,BRM5C-BRM5-20260731-18207-01,Greenfield,PA,Northeast,pdf,agenda_packet_or_minutes,non_cba_or_unresolved_hint,high_priority_verification_ready,1,1,0,quantitative_direct_text_claim_ready,core_finding_candidate,quant_percentage_raise_or_cola,none,true,false,false,false,false,false,false,false,false,core_finding_candidate,0.9400,Aggregated 1 schema-valid bounded span ratings; strongest claim bucket quantitative_direct_text_claim_ready and downstream use core_finding_candidate.,false,,BRMGRP-20260802-a79d53da034f816c4626c1d4,gabriel_rating_lane_002,"bounded documentary rating only; not ingested or codified; no pay normalization, wage-gap estimate, national prevalence, treatment effect, or final causal claim; global analysis readiness remains false",false,not_ingested,not_codified,not_normalized,not_matched,"{""candidate_id"": ""BRM5C-BRM5-20260731-18207-01"", ""final"": ""https://greenfieldtownship.info/wp-content/uploads/2024/02/Minutes-202401.pdf"", ""original"": ""https://greenfieldtownship.info/wp-content/uploads/2024/02/Minutes-202401.pdf"", ""scout_target_id"": ""BRM5-20260731-18207""}"
BRMGRS-20260802-9effe96f603a699e0296b9e0,RMSRD-20260802-85691b3428e0f40e409a,RMSRD-20260802-85691b3428e0f40e409a,BRM5C-BRM5-20260731-10838-01,Old Lycoming,PA,Northeast,pdf,agenda_packet_or_minutes,non_cba_or_unresolved_hint,high_priority_verification_ready,1,1,0,local_context_only,local_context_candidate,quant_other_compensation_value,weak,false,false,false,false,false,false,false,false,false,local_context_candidate,0.8400,Aggregated 1 schema-valid bounded span ratings; strongest claim bucket local_context_only and downstream use local_context_candidate.,false,,BRMGRP-20260802-668c5ccd5125e42e2f9849ef,gabriel_rating_lane_002,"bounded documentary rating only; not ingested or codified; no pay normalization, wage-gap estimate, national prevalence, treatment effect, or final causal claim; global analysis readiness remains false",false,not_ingested,not_codified,not_normalized,not_matched,"{""candidate_id"": ""BRM5C-BRM5-20260731-10838-01"", ""final"": ""https://oldlycomingtwp.org/wp-content/uploads/2023/02/Special-Supervisors-Mtg-September-28-2022.pdf"", ""original"": ""https://oldlycomingtwp.org/wp-content/uploads/2023/02/Special-Supervisors-Mtg-September-28-2022.pdf"", ""scout_target_id"": ""BRM5-20260731-10838""}"
BRMGRS-20260802-531e8c839ef3b55d8541d3c3,RMSRD-20260802-a4e759f9c7a6076a7dfc,RMSRD-20260802-a4e759f9c7a6076a7dfc,BRM5C-BRM5-20260731-07091-04,New Beaver,PA,Northeast,pdf,agenda_packet_or_minutes,non_cba_or_unresolved_hint,high_priority_verification_ready,1,1,0,quantitative_direct_text_claim_ready,core_finding_candidate,quant_base_wage_direct_value,none,true,false,false,false,false,false,false,false,false,core_finding_candidate,0.9400,Aggregated 1 schema-valid bounded span ratings; strongest claim bucket quantitative_direct_text_claim_ready and downstream use core_finding_candidate.,false,,BRMGRP-20260802-27548be5075f0c98f796de4d,gabriel_rating_lane_002,"bounded documentary rating only; not ingested or codified; no pay normalization, wage-gap estimate, national prevalence, treatment effect, or final causal claim; global analysis readiness remains false",false,not_ingested,not_codified,not_normalized,not_matched,"{""candidate_id"": ""BRM5C-BRM5-20260731-07091-04"", ""final"": ""https://newbeaverborough.org/wp-content/uploads/October-11-2021-Regular-Council-Meeting.pdf"", ""original"": ""https://newbeaverborough.org/wp-content/uploads/October-11-2021-Regular-Council-Meeting.pdf"", ""scout_target_id"": ""BRM5-20260731-07091""}"
BRMGRS-20260802-1e876265e75d7ac76336cc75,RMSRD-20260802-cc8dc0a6c1e46c3b3128,RMSRD-20260802-cc8dc0a6c1e46c3b3128,BRM5C-BRM5-20260731-18088-01,Benezette,PA,Northeast,pdf,agenda_packet_or_minutes,non_cba_or_unresolved_hint,medium_priority_verification_ready,1,1,0,quantitative_direct_text_claim_ready,core_finding_candidate,quant_base_wage_direct_value,none,true,false,false,false,false,false,false,false,false,core_finding_candidate,0.9400,Aggregated 1 schema-valid bounded span ratings; strongest claim bucket quantitative_direct_text_claim_ready and downstream use core_finding_candidate.,false,,BRMGRP-20260802-911398037e2d0ed426600d0f,gabriel_rating_lane_002,"bounded documentary rating only; not ingested or codified; no pay normalization, wage-gap estimate, national prevalence, treatment effect, or final causal claim; global analysis readiness remains false",false,not_ingested,not_codified,not_normalized,not_matched,"{""candidate_id"": ""BRM5C-BRM5-20260731-18088-01"", ""final"": ""https://benezettetwp.com/wp-content/uploads/2023/12/November-2023-Meeting-Minutes.pdf"", ""original"": ""https://benezettetwp.com/wp-content/uploads/2023/12/November-2023-Meeting-Minutes.pdf"", ""scout_target_id"": ""BRM5-20260731-18088""}"
BRMGRS-20260802-b6744efc01ceb3a8eb5e4acb,RMSRD-20260802-dd46189bd5b6879df895,RMSRD-20260802-dd46189bd5b6879df895,BRM5C-BRM5-20260731-14546-01,Mars,PA,Northeast,pdf,agenda_packet_or_minutes,non_cba_or_unresolved_hint,medium_priority_verification_ready,1,0,1,source_navigation_or_reference_only,manual_review_candidate,qual_collective_bargaining,none,false,false,false,true,false,false,false,false,true,manual_review_candidate,0.8600,Aggregated 1 schema-valid bounded span ratings; strongest claim bucket source_navigation_or_reference_only and downstream use manual_review_candidate.,false,,BRMGRP-20260802-fbc9780168831f457ef8805b,gabriel_rating_lane_002,"bounded documentary rating only; not ingested or codified; no pay normalization, wage-gap estimate, national prevalence, treatment effect, or final causal claim; global analysis readiness remains false",false,not_ingested,not_codified,not_normalized,not_matched,"{""candidate_id"": ""BRM5C-BRM5-20260731-14546-01"", ""final"": ""https://marsborough.com/wp-content/uploads/2025/02/2024-11-04-Minutes.pdf"", ""original"": ""https://marsborough.com/wp-content/uploads/2025/02/2024-11-04-Minutes.pdf"", ""scout_target_id"": ""BRM5-20260731-14546""}"
BRMGRS-20260802-3c1115e29efafd8e8b1ebb4e,RMSRD-20260802-ee88c156a506d6c71194,RMSRD-20260802-ee88c156a506d6c71194,BRM5C-BRM5-20260731-10917-02,South Londonderry,PA,Northeast,pdf,agenda_packet_or_minutes,non_cba_or_unresolved_hint,medium_priority_verification_ready,1,0,1,quantitative_direct_text_claim_ready,mechanism_summary_candidate,qual_collective_bargaining,central,false,true,false,false,false,false,false,false,true,mechanism_summary_candidate,0.8600,Aggregated 1 schema-valid bounded span ratings; strongest claim bucket quantitative_direct_text_claim_ready and downstream use mechanism_summary_candidate.,false,,BRMGRP-20260802-783294df957a896777de6ead,gabriel_rating_lane_002,"bounded documentary rating only; not ingested or codified; no pay normalization, wage-gap estimate, national prevalence, treatment effect, or final causal claim; global analysis readiness remains false",false,not_ingested,not_codified,not_normalized,not_matched,"{""candidate_id"": ""BRM5C-BRM5-20260731-10917-02"", ""final"": ""https://southlondonderry.org/uploads/6/1/2/6/61268441/june_13_2023_bos_minutes_.pdf"", ""original"": ""https://www.southlondonderry.org/uploads/6/1/2/6/61268441/june_13_2023_bos_minutes_.pdf"", ""scout_target_id"": ""BRM5-20260731-10917""}"
BRMGRS-20260802-12212e49eb28b9593b1b3041,RMSRD-20260802-2ed27c5816e300ae7cb9,RMSRD-20260802-2ed27c5816e300ae7cb9,BRM5C-BRM5-20260731-14915-01,Pinehurst,TX,South,pdf,agenda_packet_or_minutes,non_cba_or_unresolved_hint,high_priority_verification_ready,1,1,0,weak_or_not_supported,manual_review_candidate,quant_other_compensation_value,none,false,false,false,false,false,false,false,false,false,manual_review_candidate,0.8400,Aggregated 1 schema-valid bounded span ratings; strongest claim bucket weak_or_not_supported and downstream use manual_review_candidate.,false,,BRMGRP-20260802-5567d8584a027841b96b7dbc,gabriel_rating_lane_002,"bounded documentary rating only; not ingested or codified; no pay normalization, wage-gap estimate, national prevalence, treatment effect, or final causal claim; global analysis readiness remains false",false,not_ingested,not_codified,not_normalized,not_matched,"{""candidate_id"": ""BRM5C-BRM5-20260731-14915-01"", ""final"": ""https://cityofpinehursttexas.com/documents/726/081324_regular.pdf"", ""original"": ""https://cityofpinehursttexas.com/documents/726/081324_regular.pdf"", ""scout_target_id"": ""BRM5-20260731-14915""}"
BRMGRS-20260802-b4a2c3813ee9ab5e780e37e3,RMSRD-20260802-bc79cc1c283e3d4218f8,RMSRD-20260802-bc79cc1c283e3d4218f8,BRM5C-BRM5-20260731-18667-01,Rocksprings,TX,South,pdf,agenda_packet_or_minutes,non_cba_or_unresolved_hint,high_priority_verification_ready,1,0,1,source_navigation_or_reference_only,exclude_or_write_off,qual_ordinance_or_council_adoption,none,false,false,false,false,false,false,false,false,false,exclude_or_write_off,0.8600,Aggregated 1 schema-valid bounded span ratings; strongest claim bucket source_navigation_or_reference_only and downstream use exclude_or_write_off.,false,,BRMGRP-20260802-f1a35902606e8d57ea2009e4,gabriel_rating_lane_002,"bounded documentary rating only; not ingested or codified; no pay normalization, wage-gap estimate, national prevalence, treatment effect, or final causal claim; global analysis readiness remains false",false,not_ingested,not_codified,not_normalized,not_matched,"{""candidate_id"": ""BRM5C-BRM5-20260731-18667-01"", ""final"": ""https://cityofrockspringstx.com/wp-content/uploads/2020/03/minutes_021020.pdf"", ""original"": ""https://cityofrockspringstx.com/wp-content/uploads/2020/03/minutes_021020.pdf"", ""scout_target_id"": ""BRM5-20260731-18667""}"
BRMGRS-20260802-f49ae053b45b153853d09ead,RMSRD-20260802-56bf9413ac6ee0ad34ef,RMSRD-20260802-56bf9413ac6ee0ad34ef,BRM5C-BRM5-20260731-17638-01,Clarno,WI,Midwest,pdf,agenda_packet_or_minutes,non_cba_or_unresolved_hint,high_priority_verification_ready,1,1,0,quantitative_direct_text_claim_ready,supporting_example_candidate,quant_base_wage_direct_value,weak,true,false,false,false,false,false,false,false,false,supporting_example_candidate,0.9400,Aggregated 1 schema-valid bounded span ratings; strongest claim bucket quantitative_direct_text_claim_ready and downstream use supporting_example_candidate.,false,,BRMGRP-20260802-ab3e0c6999485c557bc7f3c4,gabriel_rating_lane_002,"bounded documentary rating only; not ingested or codified; no pay normalization, wage-gap estimate, national prevalence, treatment effect, or final causal claim; global analysis readiness remains false",false,not_ingested,not_codified,not_normalized,not_matched,"{""candidate_id"": ""BRM5C-BRM5-20260731-17638-01"", ""final"": ""https://townofclarno.com/wp-content/uploads/2022/08/TownClarno_Feb22_Minuites.pdf"", ""original"": ""https://townofclarno.com/wp-content/uploads/2022/08/TownClarno_Feb22_Minuites.pdf"", ""scout_target_id"": ""BRM5-20260731-17638""}"
BRMGRS-20260802-0f0c71faf583cbe0886923ea,RMSRD-20260802-91953acd8ec49aca0392,RMSRD-20260802-91953acd8ec49aca0392,BRM5C-BRM5-20260731-02639-01,Aztalan,WI,Midwest,pdf,agenda_packet_or_minutes,non_cba_or_unresolved_hint,high_priority_verification_ready,1,1,0,quantitative_direct_text_claim_ready,core_finding_candidate,quant_base_wage_direct_value,none,true,false,false,false,false,false,false,false,false,core_finding_candidate,0.9400,Aggregated 1 schema-valid bounded span ratings; strongest claim bucket quantitative_direct_text_claim_ready and downstream use core_finding_candidate.,false,,BRMGRP-20260802-8897b77dd20f7b05b9ae050e,gabriel_rating_lane_002,"bounded documentary rating only; not ingested or codified; no pay normalization, wage-gap estimate, national prevalence, treatment effect, or final causal claim; global analysis readiness remains false",false,not_ingested,not_codified,not_normalized,not_matched,"{""candidate_id"": ""BRM5C-BRM5-20260731-02639-01"", ""final"": ""https://townofaztalan.org/_files/ugd/435a3d_258ebf21ffea4178be66b1ef1391dd24.pdf"", ""original"": ""https://www.townofaztalan.org/_files/ugd/435a3d_258ebf21ffea4178be66b1ef1391dd24.pdf"", ""scout_target_id"": ""BRM5-20260731-02639""}"
BRMGRS-20260802-bcd612b5aa796e0199cd4c31,RMSRD-20260802-a779e0a41f349e0fd0a3,RMSRD-20260802-a779e0a41f349e0fd0a3,BRM5C-BRM5-20260731-17755-02,Packwaukee,WI,Midwest,pdf,agenda_packet_or_minutes,non_cba_or_unresolved_hint,medium_priority_verification_ready,1,0,1,local_context_only,local_context_candidate,qual_market_recruitment_retention_pressure,none,false,false,false,false,false,false,false,false,false,local_context_candidate,0.8600,Aggregated 1 schema-valid bounded span ratings; strongest claim bucket local_context_only and downstream use local_context_candidate.,false,,BRMGRP-20260802-eb0753e6a97e13fed8a44530,gabriel_rating_lane_002,"bounded documentary rating only; not ingested or codified; no pay normalization, wage-gap estimate, national prevalence, treatment effect, or final causal claim; global analysis readiness remains false",false,not_ingested,not_codified,not_normalized,not_matched,"{""candidate_id"": ""BRM5C-BRM5-20260731-17755-02"", ""final"": ""https://townofpackwaukee.org/uploads/8/8/6/1/8861530/final.2024_02_february_town_board_meeting_minutes.pdf"", ""original"": ""https://www.townofpackwaukee.org/uploads/8/8/6/1/8861530/final.2024_02_february_town_board_meeting_minutes.pdf"", ""scout_target_id"": ""BRM5-20260731-17755""}"
BRMGRS-20260802-ee606af169a1a6de1b094b29,RMSRD-20260802-fc3d4826e6bb13643f6d,RMSRD-20260802-fc3d4826e6bb13643f6d,BRM5C-BRM5-20260731-10265-01,Merrimac,WI,Midwest,pdf,agenda_packet_or_minutes,non_cba_or_unresolved_hint,high_priority_verification_ready,1,0,1,source_navigation_or_reference_only,manual_review_candidate,qual_market_recruitment_retention_pressure,none,false,false,false,false,false,false,false,false,false,manual_review_candidate,0.8600,Aggregated 1 schema-valid bounded span ratings; strongest claim bucket source_navigation_or_reference_only and downstream use manual_review_candidate.,false,,BRMGRP-20260802-d9e0d58ce4986c8899d8f220,gabriel_rating_lane_002,"bounded documentary rating only; not ingested or codified; no pay normalization, wage-gap estimate, national prevalence, treatment effect, or final causal claim; global analysis readiness remains false",false,not_ingested,not_codified,not_normalized,not_matched,"{""candidate_id"": ""BRM5C-BRM5-20260731-10265-01"", ""final"": ""https://merrimacwi.gov/vertical/sites/%7BCBEFE108-6CEC-4014-B024-0697DD562493%7D/uploads/FINAL_DRAFT_Board_Minutes_9-9-2025.pdf"", ""original"": ""https://merrimacwi.gov/vertical/sites/%7BCBEFE108-6CEC-4014-B024-0697DD562493%7D/uploads/FINAL_DRAFT_Board_Minutes_9-9-2025.pdf"", ""scout_target_id"": ""BRM5-20260731-10265""}"
BRMGRS-20260802-987dd404a09e197b9fba69d0,RMSRD-20260802-60de05ccfc0d8685c5b7,RMSRD-20260802-60de05ccfc0d8685c5b7,BRM5C-BRM5-20260731-06940-01,East Donegal,PA,Northeast,pdf,arbitration_award,cba_arbitration_factfinding_hint,high_priority_verification_ready,1,1,0,weak_or_not_supported,exclude_or_write_off,quant_other_compensation_value,none,false,false,false,false,false,false,false,false,false,exclude_or_write_off,0.8400,Aggregated 1 schema-valid bounded span ratings; strongest claim bucket weak_or_not_supported and downstream use exclude_or_write_off.,false,,BRMGRP-20260802-ff16518306bdd288337ff291,gabriel_rating_lane_002,"bounded documentary rating only; not ingested or codified; no pay normalization, wage-gap estimate, national prevalence, treatment effect, or final causal claim; global analysis readiness remains false",false,not_ingested,not_codified,not_normalized,not_matched,"{""candidate_id"": ""BRM5C-BRM5-20260731-06940-01"", ""final"": ""https://eastdonegaltwp.com/wp-content/uploads/2026/02/December-4-2025-3.pdf"", ""original"": ""https://eastdonegaltwp.com/wp-content/uploads/2026/02/December-4-2025-3.pdf"", ""scout_target_id"": ""BRM5-20260731-06940""}"
BRMGRS-20260802-3610e36b8839af893191ca91,RMSRD-20260802-27a8ea86990c5685cad5,RMSRD-20260802-27a8ea86990c5685cad5,BRM5C-BRM5-20260731-16107-02,Johnstown,MI,Midwest,pdf,budget_or_pay_plan,non_cba_or_unresolved_hint,medium_priority_verification_ready,1,1,0,qualitative_mechanism_claim_ready,mechanism_summary_candidate,quant_salary_schedule_table,moderate,false,false,false,false,false,false,false,false,false,mechanism_summary_candidate,0.8400,Aggregated 1 schema-valid bounded span ratings; strongest claim bucket qualitative_mechanism_claim_ready and downstream use mechanism_summary_candidate.,false,,BRMGRP-20260802-7c70bf97d46a5b9038e21978,gabriel_rating_lane_002,"bounded documentary rating only; not ingested or codified; no pay normalization, wage-gap estimate, national prevalence, treatment effect, or final causal claim; global analysis readiness remains false",false,not_ingested,not_codified,not_normalized,not_matched,"{""candidate_id"": ""BRM5C-BRM5-20260731-16107-02"", ""final"": ""https://johnstowntwpmi.gov/wp-content/uploads/2026/03/2026-02-18-Special-Board-Meeting-Minutes-Budget-APPROVED.pdf"", ""original"": ""https://johnstowntwpmi.gov/wp-content/uploads/2026/03/2026-02-18-Special-Board-Meeting-Minutes-Budget-APPROVED.pdf"", ""scout_target_id"": ""BRM5-20260731-16107""}"
BRMGRS-20260802-da319febf65d2f73a723a068,RMSRD-20260802-7e72654e10ca62743fb0,RMSRD-20260802-7e72654e10ca62743fb0,BRM5C-BRM5-20260731-16092-01,Henrietta,MI,Midwest,pdf,budget_or_pay_plan,non_cba_or_unresolved_hint,high_priority_verification_ready,1,0,1,weak_or_not_supported,manual_review_candidate,qual_market_recruitment_retention_pressure,none,false,false,false,false,false,false,false,false,false,manual_review_candidate,0.8600,Aggregated 1 schema-valid bounded span ratings; strongest claim bucket weak_or_not_supported and downstream use manual_review_candidate.,false,,BRMGRP-20260802-1fd92830973a8da7ec89ede2,gabriel_rating_lane_002,"bounded documentary rating only; not ingested or codified; no pay normalization, wage-gap estimate, national prevalence, treatment effect, or final causal claim; global analysis readiness remains false",false,not_ingested,not_codified,not_normalized,not_matched,"{""candidate_id"": ""BRM5C-BRM5-20260731-16092-01"", ""final"": ""https://henriettatownshipmi.gov/wp-content/uploads/2023/05/Henrietta-Township-Board-Meeting-2-09-22.pdf"", ""original"": ""https://henriettatownshipmi.gov/wp-content/uploads/2023/05/Henrietta-Township-Board-Meeting-2-09-22.pdf"", ""scout_target_id"": ""BRM5-20260731-16092""}"
BRMGRS-20260802-4b39b221f17935045b9e7b9f,RMSRD-20260802-140f24f54081e7ae2a8b,RMSRD-20260802-140f24f54081e7ae2a8b,BRM5C-BRM5-20260731-12610-02,Eagles Nest,MN,Midwest,pdf,budget_or_pay_plan,non_cba_or_unresolved_hint,high_priority_verification_ready,1,0,1,quantitative_needs_normalization,manual_review_candidate,qual_market_recruitment_retention_pressure,none,false,false,false,false,false,false,false,false,false,manual_review_candidate,0.8600,Aggregated 1 schema-valid bounded span ratings; strongest claim bucket quantitative_needs_normalization and downstream use manual_review_candidate.,false,,BRMGRP-20260802-d73570a09f5f6772e8455c80,gabriel_rating_lane_002,"bounded documentary rating only; not ingested or codified; no pay normalization, wage-gap estimate, national prevalence, treatment effect, or final causal claim; global analysis readiness remains false",false,not_ingested,not_codified,not_normalized,not_matched,"{""candidate_id"": ""BRM5C-BRM5-20260731-12610-02"", ""final"": ""https://eaglesnestmn.com/images/documents/finance/2024%20Budget%20%20LEVY-%20Final%20Budget.pdf"", ""original"": ""https://www.eaglesnestmn.com/images/documents/finance/2024%20Budget%20%20LEVY-%20Final%20Budget.pdf"", ""scout_target_id"": ""BRM5-20260731-12610""}"
BRMGRS-20260802-e95e3ab06feeb9e4926e2f34,RMSRD-20260802-03d01c4dd4e3e27c3d24,RMSRD-20260802-03d01c4dd4e3e27c3d24,BRM5C-BRM5-20260731-09247-03,Jackson,MO,Midwest,pdf,budget_or_pay_plan,non_cba_or_unresolved_hint,medium_priority_verification_ready,1,1,0,directional_hint_only,manual_review_candidate,quant_budget_or_pay_plan_amount,none,false,false,false,false,false,false,false,false,false,manual_review_candidate,0.8400,Aggregated 1 schema-valid bounded span ratings; strongest claim bucket directional_hint_only and downstream use manual_review_candidate.,false,,BRMGRP-20260802-169e8ad667237e244e3fc67a,gabriel_rating_lane_002,"bounded documentary rating only; not ingested or codified; no pay normalization, wage-gap estimate, national prevalence, treatment effect, or final causal claim; global analysis readiness remains false",false,not_ingested,not_codified,not_normalized,not_matched,"{""candidate_id"": ""BRM5C-BRM5-20260731-09247-03"", ""final"": ""https://mccmeetingspublic.blob.core.usgovcloudapi.net/jacksonmo-meet-e1499afbcab04c61a9f8ffaaf189c4e0/ITEM-Attachment-001-535b626643e84d52aa37cb09d4b62acc.pdf"", ""original"": ""https://mccmeetingspublic.blob.core.usgovcloudapi.net/jacksonmo-meet-e1499afbcab04c61a9f8ffaaf189c4e0/ITEM-Attachment-001-535b626643e84d52aa37cb09d4b62acc.pdf"", ""scout_target_id"": ""BRM5-20260731-09247""}"
BRMGRS-20260802-fbd53d687782d4aa69d41ed2,RMSRD-20260802-03ffa7154b806f0d54b6,RMSRD-20260802-03ffa7154b806f0d54b6,BRM5C-BRM5-20260731-14122-02,Shiloh,NJ,Northeast,pdf,budget_or_pay_plan,non_cba_or_unresolved_hint,high_priority_verification_ready,1,1,0,quantitative_direct_text_claim_ready,supporting_example_candidate,quant_percentage_raise_or_cola,none,true,false,false,false,false,false,false,false,false,supporting_example_candidate,0.9400,Aggregated 1 schema-valid bounded span ratings; strongest claim bucket quantitative_direct_text_claim_ready and downstream use supporting_example_candidate.,false,,BRMGRP-20260802-323127e5ac224f597c53ec5c,gabriel_rating_lane_002,"bounded documentary rating only; not ingested or codified; no pay normalization, wage-gap estimate, national prevalence, treatment effect, or final causal claim; global analysis readiness remains false",false,not_ingested,not_codified,not_normalized,not_matched,"{""candidate_id"": ""BRM5C-BRM5-20260731-14122-02"", ""final"": ""https://shilohborough.com/wp-content/uploads/2022/08/SHL_MARCH72022MTG.pdf"", ""original"": ""https://shilohborough.com/wp-content/uploads/2022/08/SHL_MARCH72022MTG.pdf"", ""scout_target_id"": ""BRM5-20260731-14122""}"
BRMGRS-20260802-11adee28d142dd815f7dd91c,RMSRD-20260802-2dcdf310504f948d5569,RMSRD-20260802-2dcdf310504f948d5569,BRM5C-BRM5-20260731-14134-02,Asharoken,NY,Northeast,pdf,budget_or_pay_plan,non_cba_or_unresolved_hint,high_priority_verification_ready,1,1,0,source_navigation_or_reference_only,exclude_or_write_off,quant_salary_schedule_table,none,false,false,false,false,false,false,false,false,false,exclude_or_write_off,0.8400,Aggregated 1 schema-valid bounded span ratings; strongest claim bucket source_navigation_or_reference_only and downstream use exclude_or_write_off.,false,,BRMGRP-20260802-b0e7d1bbac21ddd29e5ac6d8,gabriel_rating_lane_002,"bounded documentary rating only; not ingested or codified; no pay normalization, wage-gap estimate, national prevalence, treatment effect, or final causal claim; global analysis readiness remains false",false,not_ingested,not_codified,not_normalized,not_matched,"{""candidate_id"": ""BRM5C-BRM5-20260731-14134-02"", ""final"": ""https://asharoken.com/docs/Asharoken-Tentative-Budget-20190531-Payroll.pdf"", ""original"": ""https://asharoken.com/docs/Asharoken-Tentative-Budget-20190531-Payroll.pdf"", ""scout_target_id"": ""BRM5-20260731-14134""}"
BRMGRS-20260802-a04908bf835f7357d6d8b8a2,RMSRD-20260802-a73ec4e1379e291cff5f,RMSRD-20260802-a73ec4e1379e291cff5f,BRM5C-BRM5-20260731-06783-01,Oriskany,NY,Northeast,pdf,budget_or_pay_plan,non_cba_or_unresolved_hint,high_priority_verification_ready,1,0,1,local_context_only,local_context_candidate,qual_market_recruitment_retention_pressure,weak,false,false,false,false,false,false,false,false,false,local_context_candidate,0.8600,Aggregated 1 schema-valid bounded span ratings; strongest claim bucket local_context_only and downstream use local_context_candidate.,false,,BRMGRP-20260802-c70ddf9e9ac87010beccd85c,gabriel_rating_lane_002,"bounded documentary rating only; not ingested or codified; no pay normalization, wage-gap estimate, national prevalence, treatment effect, or final causal claim; global analysis readiness remains false",false,not_ingested,not_codified,not_normalized,not_matched,"{""candidate_id"": ""BRM5C-BRM5-20260731-06783-01"", ""final"": ""https://oriskany.gov/_files/ugd/96b070_6cf4b0d304424c1c974db8db14c6961f.pdf"", ""original"": ""https://www.oriskany.gov/_files/ugd/96b070_6cf4b0d304424c1c974db8db14c6961f.pdf"", ""scout_target_id"": ""BRM5-20260731-06783""}"
BRMGRS-20260802-6f8f298011d28bb056ffe926,RMSRD-20260802-2c7835e25091e8fb6e6e,RMSRD-20260802-2c7835e25091e8fb6e6e,BRM5C-BRM5-20260731-10715-01,Fox,PA,Northeast,pdf,budget_or_pay_plan,non_cba_or_unresolved_hint,high_priority_verification_ready,1,1,0,quantitative_direct_text_claim_ready,core_finding_candidate,quant_percentage_raise_or_cola,none,true,false,false,false,false,false,false,false,false,core_finding_candidate,0.9400,Aggregated 1 schema-valid bounded span ratings; strongest claim bucket quantitative_direct_text_claim_ready and downstream use core_finding_candidate.,false,,BRMGRP-20260802-fb464030fe47963002a3042a,gabriel_rating_lane_002,"bounded documentary rating only; not ingested or codified; no pay normalization, wage-gap estimate, national prevalence, treatment effect, or final causal claim; global analysis readiness remains false",false,not_ingested,not_codified,not_normalized,not_matched,"{""candidate_id"": ""BRM5C-BRM5-20260731-10715-01"", ""final"": ""https://foxtownship.com/_files/ugd/466293_bc64ef268f7147b69cf7dad683ab7382.pdf"", ""original"": ""https://www.foxtownship.com/_files/ugd/466293_bc64ef268f7147b69cf7dad683ab7382.pdf"", ""scout_target_id"": ""BRM5-20260731-10715""}"
BRMGRS-20260802-a0da0c59264da974f69ddc8b,RMSRD-20260802-e5d5795cf15e4b2e3cf4,RMSRD-20260802-e5d5795cf15e4b2e3cf4,BRM5C-BRM5-20260731-14629-01,Rockefeller,PA,Northeast,html,budget_or_pay_plan,non_cba_or_unresolved_hint,high_priority_verification_ready,1,1,0,quantitative_direct_text_claim_ready,supporting_example_candidate,quant_budget_or_pay_plan_amount,none,true,false,false,false,false,false,false,false,false,supporting_example_candidate,0.9400,Aggregated 1 schema-valid bounded span ratings; strongest claim bucket quantitative_direct_text_claim_ready and downstream use supporting_example_candidate.,false,,BRMGRP-20260802-4674044642c1b4cb9bd266c3,gabriel_rating_lane_002,"bounded documentary rating only; not ingested or codified; no pay normalization, wage-gap estimate, national prevalence, treatment effect, or final causal claim; global analysis readiness remains false",false,not_ingested,not_codified,not_normalized,not_matched,"{""candidate_id"": ""BRM5C-BRM5-20260731-14629-01"", ""final"": ""https://rockefellertownship.org/12-09-25-meeting-minutes"", ""original"": ""https://rockefellertownship.org/12-09-25-meeting-minutes/"", ""scout_target_id"": ""BRM5-20260731-14629""}"
BRMGRS-20260802-da0cc7a8c5f11f5a49805fdb,RMSRD-20260802-14a6a950bf5b8768c39c,RMSRD-20260802-14a6a950bf5b8768c39c,BRM5C-BRM5-20260731-17645-01,Concord,WI,Midwest,html,budget_or_pay_plan,non_cba_or_unresolved_hint,medium_priority_verification_ready,1,1,0,quantitative_direct_text_claim_ready,core_finding_candidate,quant_budget_or_pay_plan_amount,weak,true,false,false,false,false,false,false,false,false,core_finding_candidate,0.9400,Aggregated 1 schema-valid bounded span ratings; strongest claim bucket quantitative_direct_text_claim_ready and downstream use core_finding_candidate.,false,,BRMGRP-20260802-5ea459c13d1d596ae89c5c59,gabriel_rating_lane_002,"bounded documentary rating only; not ingested or codified; no pay normalization, wage-gap estimate, national prevalence, treatment effect, or final causal claim; global analysis readiness remains false",false,not_ingested,not_codified,not_normalized,not_matched,"{""candidate_id"": ""BRM5C-BRM5-20260731-17645-01"", ""final"": ""https://concordwisconsin.org/agenda-minutes-notices/town-board-minutes-july-10th-2023"", ""original"": ""https://concordwisconsin.org/agenda-minutes-notices/town-board-minutes-july-10th-2023"", ""scout_target_id"": ""BRM5-20260731-17645""}"
BRMGRS-20260802-ac6c09b47de742b45a4cbde9,RMSRD-20260802-4b4229487f50acb9c0de,RMSRD-20260802-4b4229487f50acb9c0de,BRM5C-BRM5-20260731-14163-02,Coventry,NY,Northeast,html,cba,cba_arbitration_factfinding_hint,medium_priority_verification_ready,1,1,0,quantitative_direct_text_claim_ready,core_finding_candidate,quant_base_wage_direct_value,moderate,true,false,false,false,false,false,false,false,false,core_finding_candidate,0.9400,Aggregated 1 schema-valid bounded span ratings; strongest claim bucket quantitative_direct_text_claim_ready and downstream use core_finding_candidate.,false,,BRMGRP-20260802-90200312474f82adac3bc7ac,gabriel_rating_lane_002,"bounded documentary rating only; not ingested or codified; no pay normalization, wage-gap estimate, national prevalence, treatment effect, or final causal claim; global analysis readiness remains false",false,not_ingested,not_codified,not_normalized,not_matched,"{""candidate_id"": ""BRM5C-BRM5-20260731-14163-02"", ""final"": ""https://coventryny.com"", ""original"": ""https://www.coventryny.com/"", ""scout_target_id"": ""BRM5-20260731-14163""}"
BRMGRS-20260802-dff9029a573de1c9f2bae425,RMSRD-20260802-d9d7d216f4c2287bd7a1,RMSRD-20260802-d9d7d216f4c2287bd7a1,BRM5C-BRM5-20260731-05453-01,Augusta,MO,Midwest,html,civil_service_or_hr_pay_plan,non_cba_or_unresolved_hint,medium_priority_verification_ready,1,1,0,quantitative_direct_text_claim_ready,core_finding_candidate,quant_base_wage_direct_value,weak,true,false,false,false,false,false,false,false,false,core_finding_candidate,0.9400,Aggregated 1 schema-valid bounded span ratings; strongest claim bucket quantitative_direct_text_claim_ready and downstream use core_finding_candidate.,false,,BRMGRP-20260802-3e384a43f994fe7c7af04c16,gabriel_rating_lane_002,"bounded documentary rating only; not ingested or codified; no pay normalization, wage-gap estimate, national prevalence, treatment effect, or final causal claim; global analysis readiness remains false",false,not_ingested,not_codified,not_normalized,not_matched,"{""candidate_id"": ""BRM5C-BRM5-20260731-05453-01"", ""final"": ""https://townofaugustamo.org/april-4-2022-meeting-minutes-highlights"", ""original"": ""https://www.townofaugustamo.org/april-4-2022-meeting-minutes-highlights/"", ""scout_target_id"": ""BRM5-20260731-05453""}"
BRMGRS-20260802-d74316cc03c177919cba11a5,RMSRD-20260802-011c5533a51e3abf7eaa,RMSRD-20260802-011c5533a51e3abf7eaa,BRM5C-BRM5-20260731-01208-02,Norway,MI,Midwest,pdf,mou_or_memorandum,non_cba_or_unresolved_hint,high_priority_verification_ready,1,0,1,source_navigation_or_reference_only,manual_review_candidate,qual_mou_or_settlement,none,false,false,false,false,false,false,false,false,true,manual_review_candidate,0.8600,Aggregated 1 schema-valid bounded span ratings; strongest claim bucket source_navigation_or_reference_only and downstream use manual_review_candidate.,false,,BRMGRP-20260802-1672d3ea4d33d893920ce4d9,gabriel_rating_lane_002,"bounded documentary rating only; not ingested or codified; no pay normalization, wage-gap estimate, national prevalence, treatment effect, or final causal claim; global analysis readiness remains false",false,not_ingested,not_codified,not_normalized,not_matched,"{""candidate_id"": ""BRM5C-BRM5-20260731-01208-02"", ""final"": ""https://cms3.revize.com/revize/norwayddami/7-15-2024.pdf"", ""original"": ""https://cms3.revize.com/revize/norwayddami/7-15-2024.pdf"", ""scout_target_id"": ""BRM5-20260731-01208""}"
BRMGRS-20260802-1f58cecf2a1785c33337c41a,RMSRD-20260802-73437c58537ff8f6df6d,RMSRD-20260802-73437c58537ff8f6df6d,BRM5C-BRM5-20260731-10838-04,Old Lycoming,PA,Northeast,pdf,mou_or_memorandum,non_cba_or_unresolved_hint,medium_priority_verification_ready,1,0,1,weak_or_not_supported,manual_review_candidate,qual_mou_or_settlement,none,false,false,false,false,false,false,false,false,true,manual_review_candidate,0.8600,Aggregated 1 schema-valid bounded span ratings; strongest claim bucket weak_or_not_supported and downstream use manual_review_candidate.,false,,BRMGRP-20260802-1d72f97409871a8b2ffb66da,gabriel_rating_lane_002,"bounded documentary rating only; not ingested or codified; no pay normalization, wage-gap estimate, national prevalence, treatment effect, or final causal claim; global analysis readiness remains false",false,not_ingested,not_codified,not_normalized,not_matched,"{""candidate_id"": ""BRM5C-BRM5-20260731-10838-04"", ""final"": ""https://oldlycomingtwp.org/wp-content/uploads/2023/02/Supervisors-Mtg-March-8-2022.pdf"", ""original"": ""https://oldlycomingtwp.org/wp-content/uploads/2023/02/Supervisors-Mtg-March-8-2022.pdf"", ""scout_target_id"": ""BRM5-20260731-10838""}"
BRMGRS-20260802-e15b5b3d0691318088dcc07a,RMSRD-20260802-05c6850af31f0afc4b25,RMSRD-20260802-05c6850af31f0afc4b25,BRM5C-BRM5-20260731-04026-01,Illiopolis,IL,Midwest,pdf,other_local_government_pay_policy,non_cba_or_unresolved_hint,medium_priority_verification_ready,1,0,1,weak_or_not_supported,exclude_or_write_off,qual_other_pay_setting_mechanism,none,false,false,false,true,false,false,false,false,false,exclude_or_write_off,0.8600,Aggregated 1 schema-valid bounded span ratings; strongest claim bucket weak_or_not_supported and downstream use exclude_or_write_off.,false,,BRMGRP-20260802-43a36375a2df27d8c907ae6f,gabriel_rating_lane_002,"bounded documentary rating only; not ingested or codified; no pay normalization, wage-gap estimate, national prevalence, treatment effect, or final causal claim; global analysis readiness remains false",false,not_ingested,not_codified,not_normalized,not_matched,"{""candidate_id"": ""BRM5C-BRM5-20260731-04026-01"", ""final"": ""https://media.websitecdn.net/sites/618/2026/02/22_-_PUBLIC_SAFETY_-_CHAPTER_30.pdf"", ""original"": ""https://media.websitecdn.net/sites/618/2026/02/22_-_PUBLIC_SAFETY_-_CHAPTER_30.pdf"", ""scout_target_id"": ""BRM5-20260731-04026""}"
BRMGRS-20260802-5df4ef9ec7b5c93ff234395c,RMSRD-20260802-12382dbfb3de36c63ff3,RMSRD-20260802-12382dbfb3de36c63ff3,BRM5C-BRM5-20260731-09462-01,La Moure,ND,Midwest,pdf,other_local_government_pay_policy,non_cba_or_unresolved_hint,medium_priority_verification_ready,1,0,1,qualitative_mechanism_claim_ready,mechanism_summary_candidate,qual_other_pay_setting_mechanism,moderate,false,true,false,true,false,false,false,false,false,mechanism_summary_candidate,0.8600,Aggregated 1 schema-valid bounded span ratings; strongest claim bucket qualitative_mechanism_claim_ready and downstream use mechanism_summary_candidate.,false,,BRMGRP-20260802-9884314702e05f2531c3641b,gabriel_rating_lane_002,"bounded documentary rating only; not ingested or codified; no pay normalization, wage-gap estimate, national prevalence, treatment effect, or final causal claim; global analysis readiness remains false",false,not_ingested,not_codified,not_normalized,not_matched,"{""candidate_id"": ""BRM5C-BRM5-20260731-09462-01"", ""final"": ""https://lamourend.com/wp-content/uploads/2021/03/CHAPTER-FIVE-POLICE-DEPARTMENT.pdf"", ""original"": ""https://www.lamourend.com/wp-content/uploads/2021/03/CHAPTER-FIVE-POLICE-DEPARTMENT.pdf"", ""scout_target_id"": ""BRM5-20260731-09462""}"
BRMGRS-20260802-90472cb349a66a6add3680d1,RMSRD-20260802-40e6424647d0687116f1,RMSRD-20260802-40e6424647d0687116f1,BRM5C-BRM5-20260731-09728-02,East Sparta,OH,Midwest,pdf,other_local_government_pay_policy,non_cba_or_unresolved_hint,high_priority_verification_ready,1,1,0,quantitative_direct_text_claim_ready,core_finding_candidate,quant_base_wage_direct_value,none,true,false,false,false,false,false,false,false,false,core_finding_candidate,0.9400,Aggregated 1 schema-valid bounded span ratings; strongest claim bucket quantitative_direct_text_claim_ready and downstream use core_finding_candidate.,false,,BRMGRP-20260802-c0b50218b9c4b47fb17b741b,gabriel_rating_lane_002,"bounded documentary rating only; not ingested or codified; no pay normalization, wage-gap estimate, national prevalence, treatment effect, or final causal claim; global analysis readiness remains false",false,not_ingested,not_codified,not_normalized,not_matched,"{""candidate_id"": ""BRM5C-BRM5-20260731-09728-02"", ""final"": ""https://eastspartavillage.com/_files/ugd/bc33ae_c9195526220840e2a92cf1d1447ac1ad.pdf"", ""original"": ""https://www.eastspartavillage.com/_files/ugd/bc33ae_c9195526220840e2a92cf1d1447ac1ad.pdf"", ""scout_target_id"": ""BRM5-20260731-09728""}"
BRMGRS-20260802-c1fcc0aec83f21e52a5f409d,RMSRD-20260802-f7e53d6577d01c6cd206,RMSRD-20260802-f7e53d6577d01c6cd206,BRM5C-BRM5-20260731-14049-02,Rusk,WI,Midwest,pdf,other_local_government_pay_policy,non_cba_or_unresolved_hint,medium_priority_verification_ready,1,1,0,weak_or_not_supported,exclude_or_write_off,quant_other_compensation_value,none,false,false,false,false,false,false,false,false,false,exclude_or_write_off,0.8400,Aggregated 1 schema-valid bounded span ratings; strongest claim bucket weak_or_not_supported and downstream use exclude_or_write_off.,false,,BRMGRP-20260802-cd146c8501fb6b4a2be74c64,gabriel_rating_lane_002,"bounded documentary rating only; not ingested or codified; no pay normalization, wage-gap estimate, national prevalence, treatment effect, or final causal claim; global analysis readiness remains false",false,not_ingested,not_codified,not_normalized,not_matched,"{""candidate_id"": ""BRM5C-BRM5-20260731-14049-02"", ""final"": ""https://storage.googleapis.com/juniper-media-library/526/2026/02/2015-01-Per-Diem.pdf"", ""original"": ""https://storage.googleapis.com/juniper-media-library/526/2026/02/2015-01-Per-Diem.pdf"", ""scout_target_id"": ""BRM5-20260731-14049""}"
BRMGRS-20260802-f741a9906372e5fcae7248d8,RMSRD-20260802-0cd75a5b84ee790863ad,RMSRD-20260802-0cd75a5b84ee790863ad,BRM5C-BRM5-20260731-17645-02,Concord,WI,Midwest,html,personnel_policy,non_cba_or_unresolved_hint,medium_priority_verification_ready,1,1,0,quantitative_direct_text_claim_ready,core_finding_candidate,quant_base_wage_direct_value,none,true,false,false,false,false,false,false,false,false,core_finding_candidate,0.9400,Aggregated 1 schema-valid bounded span ratings; strongest claim bucket quantitative_direct_text_claim_ready and downstream use core_finding_candidate.,false,,BRMGRP-20260802-9ec7b5cf5e62afb296c43e3c,gabriel_rating_lane_002,"bounded documentary rating only; not ingested or codified; no pay normalization, wage-gap estimate, national prevalence, treatment effect, or final causal claim; global analysis readiness remains false",false,not_ingested,not_codified,not_normalized,not_matched,"{""candidate_id"": ""BRM5C-BRM5-20260731-17645-02"", ""final"": ""https://concordwisconsin.org/agenda-minutes-notices/town-board-mins-dec-8-2025"", ""original"": ""https://concordwisconsin.org/agenda-minutes-notices/town-board-mins-dec-8-2025"", ""scout_target_id"": ""BRM5-20260731-17645""}"
BRMGRS-20260802-a265eec7a4c396d0b38f86db,RMSRD-20260802-11b837f5a75933ff6cef,RMSRD-20260802-11b837f5a75933ff6cef,BRM5C-BRM5-20260731-07294-01,Sharpsburg,GA,South,pdf,salary_ordinance,non_cba_or_unresolved_hint,high_priority_verification_ready,1,0,1,quantitative_needs_normalization,manual_review_candidate,qual_ordinance_or_council_adoption,weak,false,false,false,false,false,false,false,false,false,manual_review_candidate,0.8600,Aggregated 1 schema-valid bounded span ratings; strongest claim bucket quantitative_needs_normalization and downstream use manual_review_candidate.,false,,BRMGRP-20260802-8ea276c20c131cf39763e625,gabriel_rating_lane_002,"bounded documentary rating only; not ingested or codified; no pay normalization, wage-gap estimate, national prevalence, treatment effect, or final causal claim; global analysis readiness remains false",false,not_ingested,not_codified,not_normalized,not_matched,"{""candidate_id"": ""BRM5C-BRM5-20260731-07294-01"", ""final"": ""https://sharpsburg-ga.gov/Assets/Files/Government/TownOrdinances/councilcompensation-2007.pdf"", ""original"": ""https://sharpsburg-ga.gov/Assets/Files/Government/TownOrdinances/councilcompensation-2007.pdf"", ""scout_target_id"": ""BRM5-20260731-07294""}"
BRMGRS-20260802-719a7ae878508c1b3914df16,RMSRD-20260802-86a5485498d05160b454,RMSRD-20260802-86a5485498d05160b454,BRM5C-BRM5-20260731-08016-01,Beverly Shores,IN,Midwest,pdf,salary_ordinance,non_cba_or_unresolved_hint,high_priority_verification_ready,1,0,1,source_navigation_or_reference_only,local_context_candidate,qual_ordinance_or_council_adoption,none,false,false,false,false,false,false,false,false,false,local_context_candidate,0.8600,Aggregated 1 schema-valid bounded span ratings; strongest claim bucket source_navigation_or_reference_only and downstream use local_context_candidate.,false,,BRMGRP-20260802-5c7045361d8d742b6d13b1e8,gabriel_rating_lane_002,"bounded documentary rating only; not ingested or codified; no pay normalization, wage-gap estimate, national prevalence, treatment effect, or final causal claim; global analysis readiness remains false",false,not_ingested,not_codified,not_normalized,not_matched,"{""candidate_id"": ""BRM5C-BRM5-20260731-08016-01"", ""final"": ""https://in.gov/towns/beverlyshores/files/Town-Council-Agenda-12-16-2025.docx.pdf"", ""original"": ""https://www.in.gov/towns/beverlyshores/files/Town-Council-Agenda-12-16-2025.docx.pdf"", ""scout_target_id"": ""BRM5-20260731-08016""}"
BRMGRS-20260802-a908ef62ebc030a4bba7c4f1,RMSRD-20260802-9174a3e532365a8f8156,RMSRD-20260802-9174a3e532365a8f8156,BRM5C-BRM5-20260731-15835-01,Kinsley,KS,Midwest,pdf,salary_ordinance,non_cba_or_unresolved_hint,medium_priority_verification_ready,1,0,1,source_navigation_or_reference_only,manual_review_candidate,qual_ordinance_or_council_adoption,weak,false,false,false,false,false,false,false,false,false,manual_review_candidate,0.8600,Aggregated 1 schema-valid bounded span ratings; strongest claim bucket source_navigation_or_reference_only and downstream use manual_review_candidate.,false,,BRMGRP-20260802-cc570bc0dd74ee9d6e1ef7f2,gabriel_rating_lane_002,"bounded documentary rating only; not ingested or codified; no pay normalization, wage-gap estimate, national prevalence, treatment effect, or final causal claim; global analysis readiness remains false",false,not_ingested,not_codified,not_normalized,not_matched,"{""candidate_id"": ""BRM5C-BRM5-20260731-15835-01"", ""final"": ""https://kspublicnotices.newzgroup.com/KSLegals/2024/31171-2024-07-10_1001.pdf"", ""original"": ""https://kspublicnotices.newzgroup.com/KSLegals/2024/31171-2024-07-10_1001.pdf"", ""scout_target_id"": ""BRM5-20260731-15835""}"
BRMGRS-20260802-7aef382735b8074cca38d297,RMSRD-20260802-63ad5455da33253bd1e3,RMSRD-20260802-63ad5455da33253bd1e3,BRM5C-BRM5-20260731-00387-01,Odell,IL,Midwest,html,wage_schedule,non_cba_or_unresolved_hint,high_priority_verification_ready,1,1,0,weak_or_not_supported,manual_review_candidate,quant_other_compensation_value,none,false,false,false,false,false,false,false,false,false,manual_review_candidate,0.8400,Aggregated 1 schema-valid bounded span ratings; strongest claim bucket weak_or_not_supported and downstream use manual_review_candidate.,false,,BRMGRP-20260802-24029a46f3404c134aa4e530,gabriel_rating_lane_002,"bounded documentary rating only; not ingested or codified; no pay normalization, wage-gap estimate, national prevalence, treatment effect, or final causal claim; global analysis readiness remains false",false,not_ingested,not_codified,not_normalized,not_matched,"{""candidate_id"": ""BRM5C-BRM5-20260731-00387-01"", ""final"": ""https://odell-il.com/author/jackandjill602"", ""original"": ""https://odell-il.com/author/jackandjill602/"", ""scout_target_id"": ""BRM5-20260731-00387""}"
BRMGRS-20260802-d71d7044f9d486ac0e6d4596,RMSRD-20260802-d5315628097d37e02e1d,RMSRD-20260802-d5315628097d37e02e1d,BRM5C-BRM5-20260731-00477-01,Summit,IL,Midwest,pdf,wage_schedule,non_cba_or_unresolved_hint,medium_priority_verification_ready,1,0,1,source_navigation_or_reference_only,manual_review_candidate,qual_collective_bargaining,weak,false,false,false,false,false,false,false,false,true,manual_review_candidate,0.8600,Aggregated 1 schema-valid bounded span ratings; strongest claim bucket source_navigation_or_reference_only and downstream use manual_review_candidate.,false,,BRMGRP-20260802-92c0561b736e7c63a7d2fc63,gabriel_rating_lane_002,"bounded documentary rating only; not ingested or codified; no pay normalization, wage-gap estimate, national prevalence, treatment effect, or final causal claim; global analysis readiness remains false",false,not_ingested,not_codified,not_normalized,not_matched,"{""candidate_id"": ""BRM5C-BRM5-20260731-00477-01"", ""final"": ""https://summit-il.org/AgendaCenter/ViewFile/Agenda/_08182025-265"", ""original"": ""https://www.summit-il.org/AgendaCenter/ViewFile/Agenda/_08182025-265"", ""scout_target_id"": ""BRM5-20260731-00477""}"
BRMGRS-20260802-2246d7f05cce5ceb82a9eba5,RMSRD-20260802-9ace6f015ab69f67a777,RMSRD-20260802-9ace6f015ab69f67a777,BRM5C-BRM5-20260731-15891-01,Parker,KS,Midwest,pdf,wage_schedule,non_cba_or_unresolved_hint,high_priority_verification_ready,1,1,0,quantitative_direct_text_claim_ready,core_finding_candidate,quant_base_wage_direct_value,none,true,false,false,false,false,false,false,false,false,core_finding_candidate,0.9400,Aggregated 1 schema-valid bounded span ratings; strongest claim bucket quantitative_direct_text_claim_ready and downstream use core_finding_candidate.,false,,BRMGRP-20260802-581a536528632506ed28e55a,gabriel_rating_lane_002,"bounded documentary rating only; not ingested or codified; no pay normalization, wage-gap estimate, national prevalence, treatment effect, or final causal claim; global analysis readiness remains false",false,not_ingested,not_codified,not_normalized,not_matched,"{""candidate_id"": ""BRM5C-BRM5-20260731-15891-01"", ""final"": ""https://parkerks.com/_files/ugd/f59b6e_94ad443ea21b4074be9558de0aabb98e.pdf"", ""original"": ""https://www.parkerks.com/_files/ugd/f59b6e_94ad443ea21b4074be9558de0aabb98e.pdf"", ""scout_target_id"": ""BRM5-20260731-15891""}"
BRMGRS-20260802-b8c24c33c7a83d4915ac1740,RMSRD-20260802-9f9e4ccfe3addfe0c02d,RMSRD-20260802-9f9e4ccfe3addfe0c02d,BRM5C-BRM5-20260731-16009-01,Bentley,MI,Midwest,html,wage_schedule,non_cba_or_unresolved_hint,high_priority_verification_ready,1,1,0,quantitative_direct_text_claim_ready,supporting_example_candidate,quant_base_wage_direct_value,none,true,false,false,false,false,false,false,false,false,supporting_example_candidate,0.9400,Aggregated 1 schema-valid bounded span ratings; strongest claim bucket quantitative_direct_text_claim_ready and downstream use supporting_example_candidate.,false,,BRMGRP-20260802-ba2aa681e33dcc75204acfee,gabriel_rating_lane_002,"bounded documentary rating only; not ingested or codified; no pay normalization, wage-gap estimate, national prevalence, treatment effect, or final causal claim; global analysis readiness remains false",false,not_ingested,not_codified,not_normalized,not_matched,"{""candidate_id"": ""BRM5C-BRM5-20260731-16009-01"", ""final"": ""https://bentleytownship.org/wp-content/uploads/2026/03/corrected-1-12-2026-MINUTES.htm"", ""original"": ""https://bentleytownship.org/wp-content/uploads/2026/03/corrected-1-12-2026-MINUTES.htm"", ""scout_target_id"": ""BRM5-20260731-16009""}"
BRMGRS-20260802-0b57304e80e7958b611b97cf,RMSRD-20260802-7267b2cc8d62be4af13b,RMSRD-20260802-7267b2cc8d62be4af13b,BRM5C-BRM5-20260731-05439-01,Wolverton,MN,Midwest,html,wage_schedule,non_cba_or_unresolved_hint,high_priority_verification_ready,1,0,1,weak_or_not_supported,manual_review_candidate,qual_ordinance_or_council_adoption,none,false,false,false,false,false,false,false,false,false,manual_review_candidate,0.8600,Aggregated 1 schema-valid bounded span ratings; strongest claim bucket weak_or_not_supported and downstream use manual_review_candidate.,false,,BRMGRP-20260802-ee225d6e0a70fea9e3c74662,gabriel_rating_lane_002,"bounded documentary rating only; not ingested or codified; no pay normalization, wage-gap estimate, national prevalence, treatment effect, or final causal claim; global analysis readiness remains false",false,not_ingested,not_codified,not_normalized,not_matched,"{""candidate_id"": ""BRM5C-BRM5-20260731-05439-01"", ""final"": ""https://cityofwolverton.com/may-13-2025-minutes-of-wolverton-city-council-meeting"", ""original"": ""https://cityofwolverton.com/may-13-2025-minutes-of-wolverton-city-council-meeting/"", ""scout_target_id"": ""BRM5-20260731-05439""}"
BRMGRS-20260802-ff3591e8ed059de0d9c77dbf,RMSRD-20260802-145b4500df24a1f297b4,RMSRD-20260802-145b4500df24a1f297b4,BRM5C-BRM5-20260731-02164-02,Ponca,NE,Midwest,pdf,wage_schedule,non_cba_or_unresolved_hint,high_priority_verification_ready,1,1,0,quantitative_direct_text_claim_ready,core_finding_candidate,quant_base_wage_direct_value,none,true,false,false,false,false,false,false,false,false,core_finding_candidate,0.9400,Aggregated 1 schema-valid bounded span ratings; strongest claim bucket quantitative_direct_text_claim_ready and downstream use core_finding_candidate.,false,,BRMGRP-20260802-8b375edd0b6d4809a27c162d,gabriel_rating_lane_002,"bounded documentary rating only; not ingested or codified; no pay normalization, wage-gap estimate, national prevalence, treatment effect, or final causal claim; global analysis readiness remains false",false,not_ingested,not_codified,not_normalized,not_matched,"{""candidate_id"": ""BRM5C-BRM5-20260731-02164-02"", ""final"": ""https://ponca.municipalimpact.com/documents/567/April_Meeting_Minutes-PDF.pdf"", ""original"": ""https://ponca.municipalimpact.com/documents/567/April_Meeting_Minutes-PDF.pdf"", ""scout_target_id"": ""BRM5-20260731-02164""}"
BRMGRS-20260802-53915ef57c7c64e472ef488a,RMSRD-20260802-4e5a229568ef77ece05e,RMSRD-20260802-4e5a229568ef77ece05e,BRM5C-BRM5-20260731-10419-01,Cato,NY,Northeast,pdf,wage_schedule,non_cba_or_unresolved_hint,medium_priority_verification_ready,1,1,0,quantitative_direct_text_claim_ready,core_finding_candidate,quant_base_wage_direct_value,none,true,false,false,false,false,false,false,false,false,core_finding_candidate,0.9400,Aggregated 1 schema-valid bounded span ratings; strongest claim bucket quantitative_direct_text_claim_ready and downstream use core_finding_candidate.,false,,BRMGRP-20260802-215b9495457374b1ec4e014c,gabriel_rating_lane_002,"bounded documentary rating only; not ingested or codified; no pay normalization, wage-gap estimate, national prevalence, treatment effect, or final causal claim; global analysis readiness remains false",false,not_ingested,not_codified,not_normalized,not_matched,"{""candidate_id"": ""BRM5C-BRM5-20260731-10419-01"", ""final"": ""https://cayugacounty.gov/DocumentCenter/View/32462/01-06-2026-Re-Organizational-Meeting-Agenda"", ""original"": ""https://www.cayugacounty.gov/DocumentCenter/View/32462/01-06-2026-Re-Organizational-Meeting-Agenda"", ""scout_target_id"": ""BRM5-20260731-10419""}"
BRMGRS-20260802-61170f250cf1e398d3193587,RMSRD-20260802-fca0e4bc29ba304ab6ce,RMSRD-20260802-fca0e4bc29ba304ab6ce,BRM5C-BRM5-20260731-10427-02,Cochecton,NY,Northeast,pdf,wage_schedule,non_cba_or_unresolved_hint,high_priority_verification_ready,1,1,0,quantitative_needs_normalization,manual_review_candidate,quant_salary_schedule_table,weak,false,false,false,false,false,false,false,false,false,manual_review_candidate,0.8400,Aggregated 1 schema-valid bounded span ratings; strongest claim bucket quantitative_needs_normalization and downstream use manual_review_candidate.,false,,BRMGRP-20260802-eeb8790bbabc79c7a22c2f03,gabriel_rating_lane_002,"bounded documentary rating only; not ingested or codified; no pay normalization, wage-gap estimate, national prevalence, treatment effect, or final causal claim; global analysis readiness remains false",false,not_ingested,not_codified,not_normalized,not_matched,"{""candidate_id"": ""BRM5C-BRM5-20260731-10427-02"", ""final"": ""https://townofcochectonny.org/wp-content/uploads/01-03-2024-REORG-MEETING-FINAL-1.pdf"", ""original"": ""https://townofcochectonny.org/wp-content/uploads/01-03-2024-REORG-MEETING-FINAL-1.pdf"", ""scout_target_id"": ""BRM5-20260731-10427""}"
BRMGRS-20260802-55be75b1abdbab12e344e77f,RMSRD-20260802-6346873b47d91c9ab275,RMSRD-20260802-6346873b47d91c9ab275,BRM5C-BRM5-20260731-07161-02,Salem,PA,Northeast,pdf,wage_schedule,non_cba_or_unresolved_hint,high_priority_verification_ready,1,0,1,source_navigation_or_reference_only,local_context_candidate,qual_mou_or_settlement,none,false,false,false,false,false,false,false,false,true,local_context_candidate,0.8600,Aggregated 1 schema-valid bounded span ratings; strongest claim bucket source_navigation_or_reference_only and downstream use local_context_candidate.,false,,BRMGRP-20260802-c3c1c9539298414c0629d7f5,gabriel_rating_lane_002,"bounded documentary rating only; not ingested or codified; no pay normalization, wage-gap estimate, national prevalence, treatment effect, or final causal claim; global analysis readiness remains false",false,not_ingested,not_codified,not_normalized,not_matched,"{""candidate_id"": ""BRM5C-BRM5-20260731-07161-02"", ""final"": ""https://salemtwp.org/_files/ugd/9bfdbd_be865c7b038d4299bff6a32776a7e1e8.pdf"", ""original"": ""https://www.salemtwp.org/_files/ugd/9bfdbd_be865c7b038d4299bff6a32776a7e1e8.pdf?index=true"", ""scout_target_id"": ""BRM5-20260731-07161""}"
BRMGRS-20260802-71ebd10a79f8e67e45c3d1aa,RMSRD-20260802-3e9fdd67b95d7d6c2aeb,RMSRD-20260802-3e9fdd67b95d7d6c2aeb,BRM5C-BRM5-20260731-06435-01,Eland,WI,Midwest,pdf,wage_schedule,non_cba_or_unresolved_hint,high_priority_verification_ready,1,0,1,weak_or_not_supported,exclude_or_write_off,qual_other_pay_setting_mechanism,none,false,false,false,false,false,false,false,false,false,exclude_or_write_off,0.8600,Aggregated 1 schema-valid bounded span ratings; strongest claim bucket weak_or_not_supported and downstream use exclude_or_write_off.,false,,BRMGRP-20260802-ef28f5307a511b28a996b289,gabriel_rating_lane_002,"bounded documentary rating only; not ingested or codified; no pay normalization, wage-gap estimate, national prevalence, treatment effect, or final causal claim; global analysis readiness remains false",false,not_ingested,not_codified,not_normalized,not_matched,"{""candidate_id"": ""BRM5C-BRM5-20260731-06435-01"", ""final"": ""https://villageofeland.wi.gov/CMS/files/Maintenance_Job_Description_with_Cover_Page%202026.pdf"", ""original"": ""https://villageofeland.wi.gov/CMS/files/Maintenance_Job_Description_with_Cover_Page%202026.pdf"", ""scout_target_id"": ""BRM5-20260731-06435""}"
BRMGRS-20260802-97a4dec937900b7056297cac,RMSRD-20260802-fe23f5ca48988bb39f37,RMSRD-20260802-fe23f5ca48988bb39f37,BRM5C-BRM5-20260731-02876-01,Wheeler,WI,Midwest,pdf,wage_schedule,non_cba_or_unresolved_hint,high_priority_verification_ready,1,1,0,quantitative_direct_text_claim_ready,core_finding_candidate,quant_base_wage_direct_value,moderate,true,false,false,false,false,false,false,false,false,core_finding_candidate,0.9400,Aggregated 1 schema-valid bounded span ratings; strongest claim bucket quantitative_direct_text_claim_ready and downstream use core_finding_candidate.,false,,BRMGRP-20260802-0d6c4d45b9182646751e015e,gabriel_rating_lane_002,"bounded documentary rating only; not ingested or codified; no pay normalization, wage-gap estimate, national prevalence, treatment effect, or final causal claim; global analysis readiness remains false",false,not_ingested,not_codified,not_normalized,not_matched,"{""candidate_id"": ""BRM5C-BRM5-20260731-02876-01"", ""final"": ""https://villageofwheelerwi.com/wp-content/uploads/2024/05/April3-2024-Board-Meeting.pdf"", ""original"": ""https://villageofwheelerwi.com/wp-content/uploads/2024/05/April3-2024-Board-Meeting.pdf"", ""scout_target_id"": ""BRM5-20260731-02876""}"
