retained_source_id,candidate_id,lane_id,priority_tier,quality_label,source_url_or_locator,source_title,municipality,state,unit_type,occupation_group,bargaining_unit_name,contract_or_document_period,inferred_cycle_start,inferred_cycle_end,source_family,target_mechanism_family,same_city_match_status,overlapping_cycle_status,verification_status,verification_reason,source_review_download_status,download_status,content_type_hint,file_extension,file_size_bytes,file_sha256,local_retained_path,duplicate_file_group_id,extraction_status,rating_status,ingestion_status,codification_status,causal_status,global_analysis_readiness,source_review_timestamp,file_integrity_status,readiness_status,readiness_reason,page_count,pdf_encrypted_or_locked,pdf_has_text_layer_hint,pdf_version_hint,bounded_text_probe_pages,bounded_text_signal_character_count,html_text_readiness_hint,html_probe_bytes,html_visible_text_character_count,html_link_count,html_script_count,readiness_review_status,readiness_notes,exclusion_layer,preserved_exclusion_status,verification_timestamp,candidate_only_lineage_status,http_status,notes,excluded_from_readiness_queue
RS429-1faeac9175aae59e6494,TS4L-0ce7b03152197ce5c276,lane_1,tier_b,verification_ready_medium,https://www.worcesterma.gov/human-resources/collective-bargaining-agreements/local-495-moa-2017-2020.pdf,"Local 495 — Memorandum of Agreement (July 1, 2017 - June 30, 2020)",Worcester,MA,non_safety_comparator,Unknown (not extracted from lead metadata),Local 495,"July 1, 2017 - June 30, 2020",2017-07-01,2020-06-30,collective_bargaining_agreement_or_moa_or_wage_schedule,non_safety_constraint_signal,"Exact match (City of Worcester, MA)",Exact period overlap (matches 7/1/2017–6/30/2020),verified_source_lead,reachable_head_response_and_consistent_candidate_metadata,retained_downloaded_source,downloaded_retained,application/pdf,.pdf,824708,75d72fffe75bc0c7ccda0a2959e6680a9d91c15a311ea153ad0686ad3c267970,docs/analysis/compensation_extraction/TARGETED-SOURCE-REVIEW-DOWNLOAD-429-VERIFIED-LEADS-2026-07-26/retained_sources/RS429-1faeac9175aae59e6494.pdf,,not_extracted,not_rated,not_ingested,not_codified,not_causal_evidence,false,2026-07-27T01:46:12Z,integrity_pass,needs_review,pdf_encrypted_or_locked,13,true,unknown,1.6,0,0,not_applicable,0,0,0,0,reviewed_local_file_metadata_only,"No URL open, download, OCR, rendering, saved page text, evidence extraction, rating, ingestion, codification, model analysis, or causal work occurred.",readiness_review,needs_review,,,,,
RS429-20a594e247c8da14f0f9,TS4L-5ef86fb33f6b59e69dfa,lane_1,tier_a,verification_ready_high,https://www.yakimawa.gov/services/hr/files/AFSCME-Municipal-2022-2026-Executed-Copy.pdf,AFSCME Municipal Employees Collective Bargaining Agreement (Executed Copy) — 2022–2026,Yakima,WA,non_safety_comparator,Municipal employees (AFSCME),AFSCME Municipal Employees (City of Yakima),2022–2026 (includes 2024–2026),2024-01-01,2026-12-31,collective_bargaining_agreement_or_moa_or_wage_schedule,non_safety_constraint_signal,yes,overlaps_2024-2026,verified_source_lead,reachable_head_response_and_consistent_candidate_metadata,retained_downloaded_source,downloaded_retained,application/pdf,.pdf,25322044,ce7517eb3e5e36f094c58d8afc652ae675ac1c85223d0d5c85a29523dd308b0f,docs/analysis/compensation_extraction/TARGETED-SOURCE-REVIEW-DOWNLOAD-429-VERIFIED-LEADS-2026-07-26/retained_sources/RS429-20a594e247c8da14f0f9.pdf,,not_extracted,not_rated,not_ingested,not_codified,not_causal_evidence,false,2026-07-27T01:46:06Z,integrity_pass,oversized_for_text_pass,pdf_exceeds_bounded_text_pass_size_or_page_limit,50,false,unknown,1.6,0,0,not_applicable,0,0,0,0,reviewed_local_file_metadata_only,"No URL open, download, OCR, rendering, saved page text, evidence extraction, rating, ingestion, codification, model analysis, or causal work occurred.",readiness_review,oversized_for_text_pass,,,,,
RS429-23a0f9e9625a3097894c,TS4L-73775a9184d77735eeb4,lane_1,tier_b,verification_ready_medium,https://www.rentonschools.us/fs/resource-manager/view/05e47289-b6d7-4461-9205-e16dfb4bb0aa,AFT (American Federation of Teachers) Renton Local 6367 Collective Bargaining Agreement (Renton School District 403 x AFT Renton Local 6367),Renton,WA,non_safety_comparator,"Classified employees (e.g., transportation, dispatch, garage mechanical technicians, building maintenance, nutrition services, warehouse drivers as defined in agreement)",American Federation of Teachers (AFT) Renton Local 6367,"September 1, 2024–August 31, 2027",2024-09-01,2027-08-31,collective_bargaining_agreement_or_moa_or_wage_schedule,non_safety_constraint_signal,"City-of-Renton match (Renton School District 403; Renton, WA)",Overlaps expected 2024–2026 period (2024–2026 included within 2024–2027 term),verified_source_lead,reachable_head_response_and_consistent_candidate_metadata,retained_downloaded_source,downloaded_retained,application/pdf,.pdf,947468,25e8f175c45daf39e10ec3ea41b7ff7875e08cc59c5976512934ebeb9a3f6a63,docs/analysis/compensation_extraction/TARGETED-SOURCE-REVIEW-DOWNLOAD-429-VERIFIED-LEADS-2026-07-26/retained_sources/RS429-23a0f9e9625a3097894c.pdf,,not_extracted,not_rated,not_ingested,not_codified,not_causal_evidence,false,2026-07-27T01:46:14Z,integrity_pass,needs_review,pdf_encrypted_or_locked,79,true,unknown,1.7,0,0,not_applicable,0,0,0,0,reviewed_local_file_metadata_only,"No URL open, download, OCR, rendering, saved page text, evidence extraction, rating, ingestion, codification, model analysis, or causal work occurred.",readiness_review,needs_review,,,,,
RS429-254976629ddc0d74ccc7,TS4L-b5eba08724e81c214d1d,lane_1,tier_b,verification_ready_medium,https://cdnsm5-ss13.sharpschool.com/UserFiles/Servers/Server_60720/File/Departments/Business/Contracts/ESP%20Contract%202021%20-%202026.pdf,"ESP Contract 2021 - 2026 (Tinley Park ESP Council of AFT, Local 604) - Collective Bargaining Agreement",Tinley Park,IL,non_safety_comparator,Educational support professionals (ESP),"Tinley Park ESP Council of AFT, Local 604",2021-2026 (as indicated by filename/title),2021-01-01,2026-12-31,collective_bargaining_agreement_or_moa_or_wage_schedule,non_safety_constraint_signal,"same-city match (Tinley Park, IL district bargaining context)",unknown (target expected period unclear),verified_source_lead,reachable_head_response_and_consistent_candidate_metadata,retained_downloaded_source,downloaded_retained,application/pdf,.pdf,2237198,418bec2fd8576de6b6c721b8e5924eb5c8057ad773010d5b414eef29483448d7,docs/analysis/compensation_extraction/TARGETED-SOURCE-REVIEW-DOWNLOAD-429-VERIFIED-LEADS-2026-07-26/retained_sources/RS429-254976629ddc0d74ccc7.pdf,,not_extracted,not_rated,not_ingested,not_codified,not_causal_evidence,false,2026-07-27T01:46:20Z,integrity_pass,ocr_later_or_defer,bounded_first_pages_do_not_show_usable_text_layer,38,false,false,1.3,3,0,not_applicable,0,0,0,0,reviewed_local_file_metadata_only,"No URL open, download, OCR, rendering, saved page text, evidence extraction, rating, ingestion, codification, model analysis, or causal work occurred.",readiness_review,ocr_later_or_defer,,,,,
RS429-33a929bbb1d73dab1241,TS4L-76ec9b2dbf03157e90cf,lane_1,tier_b,verification_ready_medium,https://www.wilmingtoncitycouncil.com/wp-content/uploads/2019/11/4748-Resolution-Approving-Collective-Bargaining-Agreement-with-Local-Union-1102-for-7-18-to-6-30-22-W0108344x920B6.pdf,"Resolution Approving Collective Bargaining Agreement with Local Union 1102 (July 1, 2018–June 30, 2022) — City of Wilmington, Delaware (PDF)",Wilmington,DE,non_safety_comparator,white-collar employees (as described for AFSCME Local 1102),AFSCME Local 1102 (Delaware Public Employees Council 81),"July 1, 2018 through June 30, 2022 (per resolution synopsis/title)",2018-07-01,2022-06-30,collective_bargaining_agreement_or_moa_or_wage_schedule,non_safety_constraint_signal,same_city,unknown,verified_source_lead,reachable_head_response_and_consistent_candidate_metadata,retained_downloaded_source,downloaded_retained,application/pdf,.pdf,3417469,c49a367c7b8a7d567ffd34a9adb484b80e1f1a07e6ac830b1137d5a43ac0909b,docs/analysis/compensation_extraction/TARGETED-SOURCE-REVIEW-DOWNLOAD-429-VERIFIED-LEADS-2026-07-26/retained_sources/RS429-33a929bbb1d73dab1241.pdf,,not_extracted,not_rated,not_ingested,not_codified,not_causal_evidence,false,2026-07-27T01:46:14Z,integrity_pass,ocr_later_or_defer,bounded_first_pages_do_not_show_usable_text_layer,57,false,false,1.4,3,0,not_applicable,0,0,0,0,reviewed_local_file_metadata_only,"No URL open, download, OCR, rendering, saved page text, evidence extraction, rating, ingestion, codification, model analysis, or causal work occurred.",readiness_review,ocr_later_or_defer,,,,,
RS429-457c325232d270b4f8c4,TS4L-4d77853982adfb6e38d9,lane_1,tier_a,verification_ready_high,https://www.maine.gov/mlrb/sites/maine.gov.mlrb/files/inline-files/schools.presqueisle_0.pdf,Maine Labor Relations Board: Presque Isle — schools collective bargaining agreement / contract document (period not yet confirmed),Presque Isle,ME,non_safety_comparator,Schools (non-safety public employees; specific job groups not yet identified),Presque Isle schools bargaining unit (name not yet extracted),period not yet confirmed (filename does not show 2024-2026),,,collective_bargaining_agreement_or_moa_or_wage_schedule,non_safety_constraint_signal,same_city_match_expected,unknown_overlap,verified_source_lead,reachable_head_response_and_consistent_candidate_metadata,retained_downloaded_source,downloaded_retained,application/pdf,.pdf,1573241,fa13e9b5d2c18822c58174b37ea324be3b98eabe8c7c2718e824a763ba81ce5c,docs/analysis/compensation_extraction/TARGETED-SOURCE-REVIEW-DOWNLOAD-429-VERIFIED-LEADS-2026-07-26/retained_sources/RS429-457c325232d270b4f8c4.pdf,,not_extracted,not_rated,not_ingested,not_codified,not_causal_evidence,false,2026-07-27T01:46:04Z,integrity_pass,ocr_later_or_defer,bounded_first_pages_do_not_show_usable_text_layer,24,false,false,1.4,3,0,not_applicable,0,0,0,0,reviewed_local_file_metadata_only,"No URL open, download, OCR, rendering, saved page text, evidence extraction, rating, ingestion, codification, model analysis, or causal work occurred.",readiness_review,ocr_later_or_defer,,,,,
RS429-5c19ac096c6f0b67594f,TS4L-04462a16b388e3c06ec4,lane_1,tier_b,verification_ready_medium,https://www.brooklynpark.org/wp-content/uploads/2022/04/ccep042522rm.pdf,"City of Brooklyn Park Council Action Request/Resolution: Approving Staff to Enter into the 2022-2023 Collective Bargaining Agreement with IUOE Local 49 (Apr 25, 2022 agenda item)",Brooklyn Park,MN,non_safety_comparator,Operations and Maintenance employees (IUOE Local 49 represented unit),"International Union of Operating Engineers (IUOE), Local No. 49","January 1, 2022 through December 31, 2023 (agreement period referenced/approved)",2022-01-01,2023-12-31,collective_bargaining_agreement_or_moa_or_wage_schedule,non_safety_constraint_signal,"Brooklyn Park, MN match (city of Brooklyn Park).",Overlaps expected period (2022-01-01 through 2025-12-31).,verified_source_lead,reachable_head_response_and_consistent_candidate_metadata,retained_downloaded_source,downloaded_retained,application/pdf,.pdf,20975663,99b9736be32308fa790719dbfb7a8f3da60460a513cd7f772cd870a08feab47b,docs/analysis/compensation_extraction/TARGETED-SOURCE-REVIEW-DOWNLOAD-429-VERIFIED-LEADS-2026-07-26/retained_sources/RS429-5c19ac096c6f0b67594f.pdf,,not_extracted,not_rated,not_ingested,not_codified,not_causal_evidence,false,2026-07-27T01:46:11Z,integrity_pass,oversized_for_text_pass,pdf_exceeds_bounded_text_pass_size_or_page_limit,179,false,unknown,1.7,0,0,not_applicable,0,0,0,0,reviewed_local_file_metadata_only,"No URL open, download, OCR, rendering, saved page text, evidence extraction, rating, ingestion, codification, model analysis, or causal work occurred.",readiness_review,oversized_for_text_pass,,,,,
RS429-67fb23baabac726cc643,TS4L-1171084bf3acbe24f755,lane_1,tier_a,verification_ready_high,https://www.orangecityfl.gov/files/teamsters-contract.pdf,"COLLECTIVE BARGAINING AGREEMENT (Orange City) — Teamsters contract (Fiscal Years 2023/24, 2024/25, 2025/26)",Orange City,FL,non_safety_comparator,Non-safety (bargaining unit referenced as “Teamsters”),Teamsters (Orange City bargaining unit),"Fiscal Years 2023/24, 2024/25, 2025/26",2023-10-01,2026-09-30,collective_bargaining_agreement_or_moa_or_wage_schedule,non_safety_constraint_signal,"same-city (Orange City, FL)",overlaps expected fiscal years (2023/24–2025/26),verified_source_lead,reachable_head_response_and_consistent_candidate_metadata,retained_downloaded_source,downloaded_retained,application/pdf,.pdf,1566004,e083d7f66b5df690e850a4d901d76b58817373bb62ee1e2a151da69f62cfbdbc,docs/analysis/compensation_extraction/TARGETED-SOURCE-REVIEW-DOWNLOAD-429-VERIFIED-LEADS-2026-07-26/retained_sources/RS429-67fb23baabac726cc643.pdf,,not_extracted,not_rated,not_ingested,not_codified,not_causal_evidence,false,2026-07-27T01:46:02Z,integrity_pass,ocr_later_or_defer,bounded_first_pages_do_not_show_usable_text_layer,36,false,false,1.4,3,0,not_applicable,0,0,0,0,reviewed_local_file_metadata_only,"No URL open, download, OCR, rendering, saved page text, evidence extraction, rating, ingestion, codification, model analysis, or causal work occurred.",readiness_review,ocr_later_or_defer,,,,,
RS429-6d16c2a7bb4cb6910547,TS4L-007dbad731d5396346d8,lane_1,tier_b,verification_ready_medium,https://www.rentonschools.us/fs/resource-manager/view/04f0bbe0-c9dd-41be-879d-3942b03daced,RESP (Renton Education Support Professionals) Collective Bargaining Agreement (Renton School District 403 x RESP/Washington Education Association/NEA),Renton,WA,non_safety_comparator,Office personnel and paraeducators (and other RESP-covered classifications as defined in agreement),Renton Education Support Professionals (RESP) (WEA/NEA affiliations listed on cover),"September 1, 2023–August 31, 2026",2023-09-01,2026-08-31,collective_bargaining_agreement_or_moa_or_wage_schedule,non_safety_constraint_signal,"City-of-Renton match (Renton School District 403; Renton, WA)",Overlaps expected 2024–2026 period (2024–2026 included within 2023–2026 term),verified_source_lead,reachable_head_response_and_consistent_candidate_metadata,retained_downloaded_source,downloaded_retained,application/pdf,.pdf,1833921,25d3d1982e32129a67ae661669d7e3d10215f663b81426b5dec3764d976ec518,docs/analysis/compensation_extraction/TARGETED-SOURCE-REVIEW-DOWNLOAD-429-VERIFIED-LEADS-2026-07-26/retained_sources/RS429-6d16c2a7bb4cb6910547.pdf,,not_extracted,not_rated,not_ingested,not_codified,not_causal_evidence,false,2026-07-27T01:46:11Z,integrity_pass,needs_review,pdf_encrypted_or_locked,98,true,unknown,1.7,0,0,not_applicable,0,0,0,0,reviewed_local_file_metadata_only,"No URL open, download, OCR, rendering, saved page text, evidence extraction, rating, ingestion, codification, model analysis, or causal work occurred.",readiness_review,needs_review,,,,,
RS429-7e46e02bbbc0921aa433,TS4L-910e7bcdeae0cbacf46a,lane_1,tier_a,verification_ready_high,https://seiu73.org/wp-content/uploads/2021/08/Lake-in-The-Hills-Public-Works-January-1-2023-December-31.-2026.pdf,"Agreement by and between the Village of Lake in the Hills and SEIU Local 73 (Public Works) (Jan 1, 2023 – Dec 31, 2026) [PDF]",Lake in the Hills,IL,non_safety_comparator,Public Works (laborers/utilities/water operations) – SEIU Local 73 bargaining unit,"S.E.I.U., Local 73 (Public Works employees bargaining unit)","January 1, 2023 – December 31, 2026",2023-01-01,2026-12-31,collective_bargaining_agreement_or_moa_or_wage_schedule,non_safety_constraint_signal,same_city_match,overlaps_2020-2023,verified_source_lead,reachable_head_response_and_consistent_candidate_metadata,retained_downloaded_source,downloaded_retained,application/pdf,.pdf,16959858,8c100394b6467bb7eb79eb8e88815bee8a0d84fa5ce7d2a414d02a732f94913f,docs/analysis/compensation_extraction/TARGETED-SOURCE-REVIEW-DOWNLOAD-429-VERIFIED-LEADS-2026-07-26/retained_sources/RS429-7e46e02bbbc0921aa433.pdf,,not_extracted,not_rated,not_ingested,not_codified,not_causal_evidence,false,2026-07-27T01:46:07Z,integrity_pass,ocr_later_or_defer,bounded_first_pages_do_not_show_usable_text_layer,106,false,false,1.6,3,0,not_applicable,0,0,0,0,reviewed_local_file_metadata_only,"No URL open, download, OCR, rendering, saved page text, evidence extraction, rating, ingestion, codification, model analysis, or causal work occurred.",readiness_review,ocr_later_or_defer,,,,,
RS429-83b318c4ca1aae0db067,TS4L-a1f72c7eaac5c376d84f,lane_1,tier_a,verification_ready_high,https://readingea.com/forms/REA%20Contract%20Document.pdf,COLLECTIVE BARGAINING AGREEMENT by and between the School District of Reading and the Reading Education Association (Contract Document),Reading,PA,non_safety_comparator,Education (professional/teaching unit),Reading Education Association,"September 1, 2012 through August 31, 2019",2014-01-01,2019-08-31,collective_bargaining_agreement_or_moa_or_wage_schedule,non_safety_constraint_signal,"City/School District of Reading, PA (match)",Overlaps 2014-2019 window,verified_source_lead,reachable_head_response_and_consistent_candidate_metadata,retained_downloaded_source,downloaded_retained,application/pdf,.pdf,5904782,79e49dadb4c23c5dc6cd5f6887e92fd89c8055b8e9b7e608935250ac94ad8b99,docs/analysis/compensation_extraction/TARGETED-SOURCE-REVIEW-DOWNLOAD-429-VERIFIED-LEADS-2026-07-26/retained_sources/RS429-83b318c4ca1aae0db067.pdf,,not_extracted,not_rated,not_ingested,not_codified,not_causal_evidence,false,2026-07-27T01:46:07Z,integrity_pass,ocr_later_or_defer,bounded_first_pages_do_not_show_usable_text_layer,43,false,false,1.4,3,0,not_applicable,0,0,0,0,reviewed_local_file_metadata_only,"No URL open, download, OCR, rendering, saved page text, evidence extraction, rating, ingestion, codification, model analysis, or causal work occurred.",readiness_review,ocr_later_or_defer,,,,,
RS429-970a9c435d67171cf376,TS4L-ef525a87b5ef8a9814a0,lane_1,tier_a,verification_ready_high,https://dam.assets.ohio.gov/image/upload/serb.ohio.gov/PDF/Contracts/2021/21-MED-04-0658.pdf,Collective bargaining agreement (Westerville City School District Board of Education & Westerville Educational Support Staff Association) — SERB PDF (21-MED-04-0658),Westerville,OH,non_safety_comparator,Educational Support Staff Association (WESSA) (school district support staff bargaining unit),Westerville Educational Support Staff Association (WESSA) / Westerville City School District Board of Education,"Includes salary base increases effective July 1, 2021; July 1, 2022; July 1, 2023 (within expected 2021–2023 window)",2021-07-01,2023-12-31,collective_bargaining_agreement_or_moa_or_wage_schedule,non_safety_constraint_signal,Westerville match (city/school district named in document context),Overlaps 2021–2023 (salary base effective dates for 2021/2022/2023 shown),verified_source_lead,reachable_head_response_and_consistent_candidate_metadata,retained_downloaded_source,downloaded_retained,application/pdf,.pdf,24116681,5bbb6d399a58c54a8f98051824dd3bc0510974cce84d52ff979123befa34971b,docs/analysis/compensation_extraction/TARGETED-SOURCE-REVIEW-DOWNLOAD-429-VERIFIED-LEADS-2026-07-26/retained_sources/RS429-970a9c435d67171cf376.pdf,,not_extracted,not_rated,not_ingested,not_codified,not_causal_evidence,false,2026-07-27T01:46:11Z,integrity_pass,oversized_for_text_pass,pdf_exceeds_bounded_text_pass_size_or_page_limit,86,false,unknown,1.6,0,0,not_applicable,0,0,0,0,reviewed_local_file_metadata_only,"No URL open, download, OCR, rendering, saved page text, evidence extraction, rating, ingestion, codification, model analysis, or causal work occurred.",readiness_review,oversized_for_text_pass,,,,,
RS429-a1041591353e2f23459e,TS4L-a9b0c5cebd4af19c46d1,lane_1,tier_a,verification_ready_high,https://www.maine.gov/mlrb/sites/maine.gov.mlrb/files/inline-files/schools.rsu1_.2024-2027.pdf,Maine Labor Relations Board: RSU 1 (2024-2027) — schools collective bargaining agreement / contract document,Presque Isle,ME,non_safety_comparator,Schools (non-safety public employees; specific job groups not yet identified),RSU 1 schools bargaining unit (name not yet extracted),2024-2027 (as listed in locator/filename),2024,2027,collective_bargaining_agreement_or_moa_or_wage_schedule,non_safety_constraint_signal,same_city_match_possible_via_locality_context (not yet established),overlapping_expected,verified_source_lead,reachable_head_response_and_consistent_candidate_metadata,retained_downloaded_source,downloaded_retained,application/pdf,.pdf,1314602,7966627ca8a2d029be2e6d62e3383adfd95326cee309475c4e93bbecb4831879,docs/analysis/compensation_extraction/TARGETED-SOURCE-REVIEW-DOWNLOAD-429-VERIFIED-LEADS-2026-07-26/retained_sources/RS429-a1041591353e2f23459e.pdf,,not_extracted,not_rated,not_ingested,not_codified,not_causal_evidence,false,2026-07-27T01:46:07Z,integrity_pass,ocr_later_or_defer,bounded_first_pages_do_not_show_usable_text_layer,22,false,false,1.4,3,0,not_applicable,0,0,0,0,reviewed_local_file_metadata_only,"No URL open, download, OCR, rendering, saved page text, evidence extraction, rating, ingestion, codification, model analysis, or causal work occurred.",readiness_review,ocr_later_or_defer,,,,,
RS429-b44f7434fd91c8a89d6e,TS4L-288a414f85335d8df1e8,lane_1,tier_b,verification_ready_medium,https://www.rentonschools.us/fs/resource-manager/view/72918380-8377-4f24-adae-9e70c25c3e45,RPTA 2024-2026 Collective Bargaining Agreement (Renton School District 403 x Renton Professional–Technical Association/Washington Education Association/National Education Association),Renton,WA,non_safety_comparator,Professional-technical (non-safety staff categories as defined in agreement),Renton Professional–Technical Association (RPTA) (WEA/NEA affiliations listed on cover),"September 1, 2024–August 31, 2026",2024-09-01,2026-08-31,collective_bargaining_agreement_or_moa_or_wage_schedule,non_safety_constraint_signal,"City-of-Renton match (Renton School District 403; Renton, WA)",Exact match to expected 2024–2026 period on cover/title,verified_source_lead,reachable_head_response_and_consistent_candidate_metadata,retained_downloaded_source,downloaded_retained,application/pdf,.pdf,2653522,963851c91964ede540da9d0f9aa488ac73546ad9dc521d586fe7463b2765982d,docs/analysis/compensation_extraction/TARGETED-SOURCE-REVIEW-DOWNLOAD-429-VERIFIED-LEADS-2026-07-26/retained_sources/RS429-b44f7434fd91c8a89d6e.pdf,,not_extracted,not_rated,not_ingested,not_codified,not_causal_evidence,false,2026-07-27T01:46:13Z,integrity_pass,needs_review,pdf_encrypted_or_locked,75,true,unknown,1.7,0,0,not_applicable,0,0,0,0,reviewed_local_file_metadata_only,"No URL open, download, OCR, rendering, saved page text, evidence extraction, rating, ingestion, codification, model analysis, or causal work occurred.",readiness_review,needs_review,,,,,
RS429-bd959d6f7902a64eede8,TS4L-0ffd423d1376a86041e9,lane_1,tier_a,verification_ready_high,https://seiu73.org/wp-content/uploads/2021/08/Lake-in-the-Hills-Public-Works-Jan-1-2018-Dec-31-2022.pdf,"Agreement by and between the Village of Lake in the Hills and SEIU Local 73 (Public Works) (Jan 1, 2018 – Dec 31, 2022) [PDF]",Lake in the Hills,IL,non_safety_comparator,Public Works (laborers/utilities/water operations) – SEIU Local 73 bargaining unit,"S.E.I.U., Local 73 (Public Works employees bargaining unit)","January 1, 2018 – December 31, 2022",2018-01-01,2022-12-31,collective_bargaining_agreement_or_moa_or_wage_schedule,non_safety_constraint_signal,same_city_match,overlaps_2020-2023,verified_source_lead,reachable_head_response_and_consistent_candidate_metadata,retained_downloaded_source,downloaded_retained,application/pdf,.pdf,5506793,7afdae0cfce96ac2c9f5a5483042bdb604bd0d78fcae6232fb602f45a605eb5c,docs/analysis/compensation_extraction/TARGETED-SOURCE-REVIEW-DOWNLOAD-429-VERIFIED-LEADS-2026-07-26/retained_sources/RS429-bd959d6f7902a64eede8.pdf,,not_extracted,not_rated,not_ingested,not_codified,not_causal_evidence,false,2026-07-27T01:46:02Z,integrity_pass,ocr_later_or_defer,bounded_first_pages_do_not_show_usable_text_layer,104,false,false,1.4,3,0,not_applicable,0,0,0,0,reviewed_local_file_metadata_only,"No URL open, download, OCR, rendering, saved page text, evidence extraction, rating, ingestion, codification, model analysis, or causal work occurred.",readiness_review,ocr_later_or_defer,,,,,
RS429-d6aea680b9eb217a999e,TS4L-ddc756009a04bb40d91c,lane_1,tier_b,verification_ready_medium,https://resources.finalsite.net/images/v1715777944/pfsdcom/x0w2yxfdlh3gfufus2pa/AgreementSY24-25FINAL.pdf,Agreement SY24-25 FINAL (Post Falls Education Association),Post Falls,ID,non_safety_comparator,Educators (contract + salary schedule appendix),Post Falls Education Association (PFEA),SY24-25 (as indicated by filename),2024-08-01,2025-06-30,collective_bargaining_agreement_or_moa_or_wage_schedule,non_safety_constraint_signal,"Post Falls, ID (school district in Post Falls)",unclear (cycle inferred from SY24-25 only),verified_source_lead,reachable_head_response_and_consistent_candidate_metadata,retained_downloaded_source,downloaded_retained,application/pdf,.pdf,1840275,f1ad3a131d468984585553bd19e84ee50b53c9d8fdede123b0b8f24e056f3af2,docs/analysis/compensation_extraction/TARGETED-SOURCE-REVIEW-DOWNLOAD-429-VERIFIED-LEADS-2026-07-26/retained_sources/RS429-d6aea680b9eb217a999e.pdf,,not_extracted,not_rated,not_ingested,not_codified,not_causal_evidence,false,2026-07-27T01:46:24Z,integrity_pass,ocr_later_or_defer,bounded_first_pages_do_not_show_usable_text_layer,19,false,false,1.3,3,0,not_applicable,0,0,0,0,reviewed_local_file_metadata_only,"No URL open, download, OCR, rendering, saved page text, evidence extraction, rating, ingestion, codification, model analysis, or causal work occurred.",readiness_review,ocr_later_or_defer,,,,,
RS429-f344d0fca0fde4ccebd8,TS4L-63f603be0d80a5ca2a39,lane_1,tier_a,verification_ready_high,https://www.maine.gov/mlrb/sites/maine.gov.mlrb/files/inline-files/schools.presqueisle.2024-2026.pdf,Maine Labor Relations Board: Presque Isle (2024-2026) — schools collective bargaining agreement / contract document,Presque Isle,ME,non_safety_comparator,Schools (non-safety public employees; specific job groups not yet identified),Presque Isle schools bargaining unit (name not yet extracted),2024-2026 (as listed in locator/filename),2024,2026,collective_bargaining_agreement_or_moa_or_wage_schedule,non_safety_constraint_signal,same_city_match_expected,overlapping_expected,verified_source_lead,reachable_head_response_and_consistent_candidate_metadata,retained_downloaded_source,downloaded_retained,application/pdf,.pdf,1501740,754ced64d509951309f98a0bbdecbafe10308e55e9ebf50e462f45a3fe78493b,docs/analysis/compensation_extraction/TARGETED-SOURCE-REVIEW-DOWNLOAD-429-VERIFIED-LEADS-2026-07-26/retained_sources/RS429-f344d0fca0fde4ccebd8.pdf,,not_extracted,not_rated,not_ingested,not_codified,not_causal_evidence,false,2026-07-27T01:46:06Z,integrity_pass,ocr_later_or_defer,bounded_first_pages_do_not_show_usable_text_layer,24,false,false,1.3,3,0,not_applicable,0,0,0,0,reviewed_local_file_metadata_only,"No URL open, download, OCR, rendering, saved page text, evidence extraction, rating, ingestion, codification, model analysis, or causal work occurred.",readiness_review,ocr_later_or_defer,,,,,
RS429-0ac8a7b9bfc6ace2defa,TS4L-c6c4bcbb5860ad040f45,lane_2,tier_b,verification_ready_medium,https://www.teanecknj.gov/media/wabc4eng/local-42-fmba-contract-2020-2023.pdf,Local 42 FMBA Contract 2020-2023 (Teaneck Township),Teaneck,NJ,safety_and_non_safety_bargaining_units,Firefighters (FMBA Local 42),Teaneck Firemen's Mutual Benevolent Association (FMBA) Local 42,2020-2023,2020-01-01,2023-12-31,cba_or_arbitration_award_or_factfinding_or_impasse_record,strike_or_no_strike_constraint,same_municipality_teaneck_match,overlaps_target_window_2014_2024,verified_source_lead,reachable_head_response_and_consistent_candidate_metadata,retained_downloaded_source,downloaded_retained,application/pdf,.pdf,1806658,4d89aa8ad49830992c74fbaf2ca52e387cfac813cdfc8376ca5ca8d9788b90ed,docs/analysis/compensation_extraction/TARGETED-SOURCE-REVIEW-DOWNLOAD-429-VERIFIED-LEADS-2026-07-26/retained_sources/RS429-0ac8a7b9bfc6ace2defa.pdf,,not_extracted,not_rated,not_ingested,not_codified,not_causal_evidence,false,2026-07-27T01:46:51Z,integrity_pass,ocr_later_or_defer,bounded_first_pages_do_not_show_usable_text_layer,44,false,false,1.4,3,0,not_applicable,0,0,0,0,reviewed_local_file_metadata_only,"No URL open, download, OCR, rendering, saved page text, evidence extraction, rating, ingestion, codification, model analysis, or causal work occurred.",readiness_review,ocr_later_or_defer,,,,,
RS429-0dc8127461056a7c5d8c,TS4L-96ba0592b25db5bf2c2c,lane_2,tier_b,verification_ready_medium,https://www.westportps.org/uploaded/site_files/www/Human_Resources/Nurses_-_Health_Assistants_Contract_July_1_2019_-_June_30_2022.pdf,"Collective Bargaining Agreement: Westport Board of Education and Local 1303, Chapter 153 of Council #4 (Nurses/Health Assistants) (July 1, 2019 – June 30, 2022)",Westport,CT,safety_and_non_safety_bargaining_units,Nurses / Health Assistants (school staff),"Local 1303, Chapter 153 of Council #4 (as named in PDF title/heading)","July 1, 2019 – June 30, 2022",2019-07-01,2022-06-30,cba_or_arbitration_award_or_factfinding_or_impasse_record,strike_or_no_strike_constraint,Westport CT match (Westport Public Schools site),Overlaps 2014-2024 window (2019-2022),verified_source_lead,reachable_head_response_and_consistent_candidate_metadata,retained_downloaded_source,downloaded_retained,application/pdf,.pdf,1994977,39ff42ea831353b01469f687d16ae88ca671395e657cd841899f0acfc0f01f0e,docs/analysis/compensation_extraction/TARGETED-SOURCE-REVIEW-DOWNLOAD-429-VERIFIED-LEADS-2026-07-26/retained_sources/RS429-0dc8127461056a7c5d8c.pdf,,not_extracted,not_rated,not_ingested,not_codified,not_causal_evidence,false,2026-07-27T01:46:48Z,integrity_pass,ocr_later_or_defer,bounded_first_pages_do_not_show_usable_text_layer,32,false,false,1.4,3,0,not_applicable,0,0,0,0,reviewed_local_file_metadata_only,"No URL open, download, OCR, rendering, saved page text, evidence extraction, rating, ingestion, codification, model analysis, or causal work occurred.",readiness_review,ocr_later_or_defer,,,,,
RS429-38c66f52a97752150772,TS4L-8c09429772620a1fae12,lane_2,tier_b,verification_ready_medium,https://www.waukeganil.gov/DocumentCenter/View/9530,"Metropolitan Alliance of Police (MAP) Waukegan Police Sergeant’s Chapter #285, May 1, 2022 - April 30, 2026 (PDF) — Waukegan, IL (Collective Bargaining Agreements)",Waukegan,IL,safety_and_non_safety_bargaining_units,"Police (Sergeants, MAP)",Metropolitan Alliance of Police (MAP) Waukegan Police Sergeant’s Chapter #285,"May 1, 2022 - April 30, 2026",2022-05-01,2026-04-30,cba_or_arbitration_award_or_factfinding_or_impasse_record,strike_or_no_strike_constraint,Matched on City of Waukegan CBA listing context,Overlaps target window (2014-2024) via 2022-2024 portion,verified_source_lead,reachable_head_response_and_consistent_candidate_metadata,retained_downloaded_source,downloaded_retained,application/pdf,.pdf,2709879,bf50a4914500c43a81032d86462d8052caace53f1672877cdb679a0a9c02640d,docs/analysis/compensation_extraction/TARGETED-SOURCE-REVIEW-DOWNLOAD-429-VERIFIED-LEADS-2026-07-26/retained_sources/RS429-38c66f52a97752150772.pdf,,not_extracted,not_rated,not_ingested,not_codified,not_causal_evidence,false,2026-07-27T01:46:46Z,integrity_pass,ocr_later_or_defer,bounded_first_pages_do_not_show_usable_text_layer,52,false,false,1.6,3,0,not_applicable,0,0,0,0,reviewed_local_file_metadata_only,"No URL open, download, OCR, rendering, saved page text, evidence extraction, rating, ingestion, codification, model analysis, or causal work occurred.",readiness_review,ocr_later_or_defer,,,,,
RS429-55bd7381b301f9f74ab8,TS4L-91fa45faf804be91e7ee,lane_2,tier_b,verification_ready_medium,https://www.pa.gov/content/dam/copapwp-pagov/en/dli/documents/individuals/labor-management-relations/plrb/documents/orders/2014/june/radnor%20association%20of%20township%20employees%20pe14-88.pdf,"Radnor Township v. Radnor Association of Township Employees — Pennsylvania Labor Relations Board (Final Order) (PERA-C-14-88-E) (June 17, 2014)",Radnor,PA,safety_and_non_safety_bargaining_units,Township employees (non-safety public employees; association represents bargaining unit),Radnor Association of Township Employees,Case/order issued in 2014 (grievance settlement / bargaining-unit representation dispute; contract referenced in charge attachments),,,cba_or_arbitration_award_or_factfinding_or_impasse_record,strike_or_no_strike_constraint,"Radnor, PA match",Within expected 2014–2024 window (cycle not explicitly inferable from title/locator alone),verified_source_lead,reachable_head_response_and_consistent_candidate_metadata,retained_downloaded_source,downloaded_retained,application/pdf,.pdf,102482,0e88626e270c1fda699da4c68154ae418d193b9e88e015dbe03c70da06cbf856,docs/analysis/compensation_extraction/TARGETED-SOURCE-REVIEW-DOWNLOAD-429-VERIFIED-LEADS-2026-07-26/retained_sources/RS429-55bd7381b301f9f74ab8.pdf,,not_extracted,not_rated,not_ingested,not_codified,not_causal_evidence,false,2026-07-27T01:46:46Z,integrity_pass,needs_review,pdf_encrypted_or_locked,2,true,unknown,1.6,0,0,not_applicable,0,0,0,0,reviewed_local_file_metadata_only,"No URL open, download, OCR, rendering, saved page text, evidence extraction, rating, ingestion, codification, model analysis, or causal work occurred.",readiness_review,needs_review,,,,,
RS429-6e8a479c3002532653bc,TS4L-d64b7a5e3cd3fd608979,lane_2,tier_b,verification_ready_medium,https://www.bloomfieldtwp.org/media/cfmdekzh/police-command-contract-2020-2026-2.pdf,COLLECTIVE BARGAINING (Bloomfield Township) — Police Command Unit Contract 2020-2026,Bloomfield charter,MI,safety_and_non_safety_bargaining_units,Police (safety),Police Command Officers (POLC) (as indicated in the contract title and township labor agreements),"April 1, 2020 to March 31, 2026",2020-04-01,2026-03-31,cba_or_arbitration_award_or_factfinding_or_impasse_record,strike_or_no_strike_constraint,Bloomfield Charter Township (MI) matched,Overlaps expected 2014-2024 window (overlap approx. 2020-2024),verified_source_lead,reachable_head_response_and_consistent_candidate_metadata,retained_downloaded_source,downloaded_retained,application/pdf,.pdf,570225,00e460774862dfce8e3897fbf41bbe1cd580b4ee90e6cf3e7506e31f6788ef7f,docs/analysis/compensation_extraction/TARGETED-SOURCE-REVIEW-DOWNLOAD-429-VERIFIED-LEADS-2026-07-26/retained_sources/RS429-6e8a479c3002532653bc.pdf,,not_extracted,not_rated,not_ingested,not_codified,not_causal_evidence,false,2026-07-27T01:46:53Z,integrity_pass,needs_review,pdf_encrypted_or_locked,71,true,unknown,1.7,0,0,not_applicable,0,0,0,0,reviewed_local_file_metadata_only,"No URL open, download, OCR, rendering, saved page text, evidence extraction, rating, ingestion, codification, model analysis, or causal work occurred.",readiness_review,needs_review,,,,,
RS429-6f58e72bcada7ae53e72,TS4L-8feef858d081f1836282,lane_2,tier_b,verification_ready_medium,https://www.pths209.org/fs/resource-manager/view/7047cf35-b59b-49b7-b4fa-63166864d308,Proviso Custodial and Maintenance Union Agreement (2021-2025) (CBA) [Proviso Township High Schools District 209],Proviso,IL,safety_and_non_safety_bargaining_units,custodial and maintenance,Proviso Custodial and Maintenance Union Agreement,2021-2025,2021,2025,cba_or_arbitration_award_or_factfinding_or_impasse_record,strike_or_no_strike_constraint,Proviso municipality match via Proviso Township High Schools District 209 labor contract posting,overlaps target window (2014-2024) for 2021-2024 portion,verified_source_lead,reachable_head_response_and_consistent_candidate_metadata,retained_downloaded_source,downloaded_retained,application/pdf,.pdf,1277984,a38a5431a8d392b99bb20273a874a308ee8a1d15d2dbb73765b018872d22f8f4,docs/analysis/compensation_extraction/TARGETED-SOURCE-REVIEW-DOWNLOAD-429-VERIFIED-LEADS-2026-07-26/retained_sources/RS429-6f58e72bcada7ae53e72.pdf,,not_extracted,not_rated,not_ingested,not_codified,not_causal_evidence,false,2026-07-27T01:46:46Z,integrity_pass,ocr_later_or_defer,bounded_first_pages_do_not_show_usable_text_layer,36,false,false,1.4,3,0,not_applicable,0,0,0,0,reviewed_local_file_metadata_only,"No URL open, download, OCR, rendering, saved page text, evidence extraction, rating, ingestion, codification, model analysis, or causal work occurred.",readiness_review,ocr_later_or_defer,,,,,
RS429-789d77c97b66329716a1,TS4L-cb6da7be5f0f4c76d347,lane_2,tier_b,verification_ready_high,https://www.teanecknj.gov/media/mplo0nmf/pba-contract-2022-2026.pdf,PBA Contract 2022-2026 (Teaneck Township),Teaneck,NJ,safety_and_non_safety_bargaining_units,Police (PBA),Teaneck Police Benevolent Association (PBA),2022-2026,2022-01-01,2026-12-31,cba_or_arbitration_award_or_factfinding_or_impasse_record,strike_or_no_strike_constraint,same_municipality_teaneck_match,overlaps_target_window_2014_2024,verified_source_lead,reachable_head_response_and_consistent_candidate_metadata,retained_downloaded_source,downloaded_retained,application/pdf,.pdf,3256454,9d019e0fea08730800195fe3961c82bcec3e19228dabba988ff72d6c19f77830,docs/analysis/compensation_extraction/TARGETED-SOURCE-REVIEW-DOWNLOAD-429-VERIFIED-LEADS-2026-07-26/retained_sources/RS429-789d77c97b66329716a1.pdf,,not_extracted,not_rated,not_ingested,not_codified,not_causal_evidence,false,2026-07-27T01:46:51Z,integrity_pass,ocr_later_or_defer,bounded_first_pages_do_not_show_usable_text_layer,66,false,false,1.4,3,0,not_applicable,0,0,0,0,reviewed_local_file_metadata_only,"No URL open, download, OCR, rendering, saved page text, evidence extraction, rating, ingestion, codification, model analysis, or causal work occurred.",readiness_review,ocr_later_or_defer,,,,,
RS429-8d8a4b5c9618c8798ef0,TS4L-126405992b11dd87ffc4,lane_2,tier_b,verification_ready_medium,https://4.files.edl.io/c111/05/25/21/144711-28ba2551-299c-4cc5-a06f-a29257be6372.pdf,Maintenance Agreement through June 2027 — Hempfield Area School District (Collective Bargaining Agreement listing page linked),Hempfield,PA,safety_and_non_safety_bargaining_units,Maintenance / custodial / facilities support staff (maintenance bargaining unit),Maintenance bargaining unit (name not confirmed from listing alone),through June 2027 (maintenance agreement),,2027,cba_or_arbitration_award_or_factfinding_or_impasse_record,strike_or_no_strike_constraint,Exact municipality match indicated by district name (Hempfield Area School District).,Likely overlaps the latter part of the target window (2014-2024) only if the agreement includes portions that began by 2024; cycle start not confirmed from listing.,verified_source_lead,reachable_head_response_and_consistent_candidate_metadata,retained_downloaded_source,downloaded_retained,application/pdf,.pdf,9944398,64a2abed7db5778446873412db25d7724d9ed28ee8902432c63a489d47394f92,docs/analysis/compensation_extraction/TARGETED-SOURCE-REVIEW-DOWNLOAD-429-VERIFIED-LEADS-2026-07-26/retained_sources/RS429-8d8a4b5c9618c8798ef0.pdf,,not_extracted,not_rated,not_ingested,not_codified,not_causal_evidence,false,2026-07-27T01:46:27Z,integrity_pass,ocr_later_or_defer,bounded_first_pages_do_not_show_usable_text_layer,62,false,false,1.7,3,0,not_applicable,0,0,0,0,reviewed_local_file_metadata_only,"No URL open, download, OCR, rendering, saved page text, evidence extraction, rating, ingestion, codification, model analysis, or causal work occurred.",readiness_review,ocr_later_or_defer,,,,,
RS429-95d3e40bd83110f48c09,TS4L-14b8ef0a6d8d55d517ca,lane_2,tier_b,verification_ready_medium,https://www.pths209.org/fs/resource-manager/view/9b20ba25-70a2-4b82-9512-2ed0dc4b1f76,Proviso Maintenance Staff (2017-2021) (CBA) [Proviso Township High Schools District 209],Proviso,IL,safety_and_non_safety_bargaining_units,maintenance staff,Proviso Maintenance Staff,2017-2021,2017,2021,cba_or_arbitration_award_or_factfinding_or_impasse_record,strike_or_no_strike_constraint,Proviso municipality match via Proviso Township High Schools District 209 labor contract posting,overlaps target window (2014-2024),verified_source_lead,reachable_head_response_and_consistent_candidate_metadata,retained_downloaded_source,downloaded_retained,application/pdf,.pdf,960050,551284c385e33a4cdc2817e08bd386b814ee27ea36d95ebba7260e124a803949,docs/analysis/compensation_extraction/TARGETED-SOURCE-REVIEW-DOWNLOAD-429-VERIFIED-LEADS-2026-07-26/retained_sources/RS429-95d3e40bd83110f48c09.pdf,,not_extracted,not_rated,not_ingested,not_codified,not_causal_evidence,false,2026-07-27T01:46:27Z,integrity_pass,ocr_later_or_defer,bounded_first_pages_do_not_show_usable_text_layer,37,false,false,1.4,3,0,not_applicable,0,0,0,0,reviewed_local_file_metadata_only,"No URL open, download, OCR, rendering, saved page text, evidence extraction, rating, ingestion, codification, model analysis, or causal work occurred.",readiness_review,ocr_later_or_defer,,,,,
RS429-994b0a6acfc930cd3c0c,TS4L-2d2d8e5e85597f6acc12,lane_2,tier_b,verification_ready_medium,https://www.waukeganil.gov/DocumentCenter/View/9192,"Waukegan Police Benevolent Labor Committee Unit #42 May 1, 2022- April 30, 2026 (PDF) — Waukegan, IL (Collective Bargaining Agreements)",Waukegan,IL,safety_and_non_safety_bargaining_units,Police (Benevolent Labor Committee Unit #42),Waukegan Police Benevolent Labor Committee Unit #42,"May 1, 2022 - April 30, 2026",2022-05-01,2026-04-30,cba_or_arbitration_award_or_factfinding_or_impasse_record,strike_or_no_strike_constraint,Matched on City of Waukegan CBA listing context,Overlaps target window (2014-2024) via 2022-2024 portion,verified_source_lead,reachable_head_response_and_consistent_candidate_metadata,retained_downloaded_source,downloaded_retained,application/pdf,.pdf,3592247,1c822628318b7444c0e6e7f769a4c4bf5a99be0c258a3d6b6810bea967ec8dd6,docs/analysis/compensation_extraction/TARGETED-SOURCE-REVIEW-DOWNLOAD-429-VERIFIED-LEADS-2026-07-26/retained_sources/RS429-994b0a6acfc930cd3c0c.pdf,,not_extracted,not_rated,not_ingested,not_codified,not_causal_evidence,false,2026-07-27T01:46:29Z,integrity_pass,ocr_later_or_defer,bounded_first_pages_do_not_show_usable_text_layer,71,false,false,1.4,3,0,not_applicable,0,0,0,0,reviewed_local_file_metadata_only,"No URL open, download, OCR, rendering, saved page text, evidence extraction, rating, ingestion, codification, model analysis, or causal work occurred.",readiness_review,ocr_later_or_defer,,,,,
RS429-9ec7e22546fde8998fd2,TS4L-be155254fc856829368b,lane_2,tier_b,verification_ready_medium,https://www.dailyherald.com/20160221/news/teachers-union-lake-villa-school-board-pleased-with-new-deal/,"Teachers union, Lake Villa school board pleased with new deal (Daily Herald, Feb. 21, 2016)",Lake Villa,IL,safety_and_non_safety_bargaining_units,Teachers (bargaining unit: Lake Villa Federation of Teachers),Lake Villa Federation of Teachers,2016 (describes a four-year tentative agreement after impasse/mediation),,,cba_or_arbitration_award_or_factfinding_or_impasse_record (press coverage indicating resolution after bargaining impasse),strike_or_no_strike_constraint,"same_city_match (Lake Villa, IL)",overlap_possible (2014-2024 window; article is within 2016),verified_source_lead,reachable_head_response_and_consistent_candidate_metadata,retained_downloaded_source,downloaded_retained,text/html,.html,212,d02032286070b4dd9d8fbd985a7bdca8af8edf52b89ff177db3bfcb2c8a9c43d,docs/analysis/compensation_extraction/TARGETED-SOURCE-REVIEW-DOWNLOAD-429-VERIFIED-LEADS-2026-07-26/retained_sources/RS429-9ec7e22546fde8998fd2.html,,not_extracted,not_rated,not_ingested,not_codified,not_causal_evidence,false,2026-07-27T01:46:51Z,integrity_pass,needs_review,html_visible_text_signal_too_weak,,not_applicable,not_applicable,,0,0,weak_or_noisy,212,0,0,1,reviewed_local_file_metadata_only,"No URL open, download, OCR, rendering, saved page text, evidence extraction, rating, ingestion, codification, model analysis, or causal work occurred.",readiness_review,needs_review,,,,,
RS429-a8f57e4553c2334c5c48,TS4L-9e38d1dce29a179b575e,lane_2,tier_b,verification_ready_medium,https://4.files.edl.io/1fe5/08/13/21/132851-59d18324-155a-4653-aeca-bd47579316e2.pdf,Secretarial Agreement through June 2026 — Hempfield Area School District (Collective Bargaining Agreement listing page linked),Hempfield,PA,safety_and_non_safety_bargaining_units,Secretarial / clerical staff (support unit),Secretarial bargaining unit (name not confirmed from listing alone),through June 2026 (secretarial agreement),,2026,cba_or_arbitration_award_or_factfinding_or_impasse_record,strike_or_no_strike_constraint,Exact municipality match indicated by district name (Hempfield Area School District).,Likely overlaps the target window (2014-2024) if the agreement period includes dates by 2024; exact cycle start not confirmed from listing.,verified_source_lead,reachable_head_response_and_consistent_candidate_metadata,retained_downloaded_source,downloaded_retained,application/pdf,.pdf,625640,a6d902697d0fd87c107312f66a9a6498fa92daf5105edcf06090d27d2e7ac2bd,docs/analysis/compensation_extraction/TARGETED-SOURCE-REVIEW-DOWNLOAD-429-VERIFIED-LEADS-2026-07-26/retained_sources/RS429-a8f57e4553c2334c5c48.pdf,,not_extracted,not_rated,not_ingested,not_codified,not_causal_evidence,false,2026-07-27T01:46:48Z,integrity_pass,ocr_later_or_defer,bounded_first_pages_do_not_show_usable_text_layer,22,false,false,1.7,3,0,not_applicable,0,0,0,0,reviewed_local_file_metadata_only,"No URL open, download, OCR, rendering, saved page text, evidence extraction, rating, ingestion, codification, model analysis, or causal work occurred.",readiness_review,ocr_later_or_defer,,,,,
RS429-b7a07fe3854afe81c95d,TS4L-ccb33b98b346b9682920,lane_2,tier_b,verification_ready_medium,https://www.waukeganil.gov/DocumentCenter/View/18,"International Association of Fire Fighters Local #473, May 1, 2022- April 30, 2026 (PDF) — Waukegan, IL (Collective Bargaining Agreements)",Waukegan,IL,safety_and_non_safety_bargaining_units,Firefighters (IAFF),International Association of Fire Fighters Local #473,"May 1, 2022 - April 30, 2026",2022-05-01,2026-04-30,cba_or_arbitration_award_or_factfinding_or_impasse_record,strike_or_no_strike_constraint,Matched on City of Waukegan CBA listing context,Overlaps target window (2014-2024) via 2022-2024 portion,verified_source_lead,reachable_head_response_and_consistent_candidate_metadata,retained_downloaded_source,downloaded_retained,application/pdf,.pdf,5346715,6944ad586f7aa9599c6fafef1a2698c7162a26b779b246c49777af1becb16d9a,docs/analysis/compensation_extraction/TARGETED-SOURCE-REVIEW-DOWNLOAD-429-VERIFIED-LEADS-2026-07-26/retained_sources/RS429-b7a07fe3854afe81c95d.pdf,,not_extracted,not_rated,not_ingested,not_codified,not_causal_evidence,false,2026-07-27T01:46:53Z,integrity_pass,ocr_later_or_defer,bounded_first_pages_do_not_show_usable_text_layer,131,false,false,1.6,3,0,not_applicable,0,0,0,0,reviewed_local_file_metadata_only,"No URL open, download, OCR, rendering, saved page text, evidence extraction, rating, ingestion, codification, model analysis, or causal work occurred.",readiness_review,ocr_later_or_defer,,,,,
RS429-b97c953d7ec595318425,TS4L-c0e93d74e425f8a0cad1,lane_2,tier_b,verification_ready_medium,https://cdn.muckrock.com/foia_files/2015/08/24/Collective_Bargaining_Agreement_1.pdf,"Police union contract/collective bargaining agreement (Police Department) — referenced file (Lafayette, CO)",Lafayette,CO,safety_and_non_safety_bargaining_units,Police officers (public safety),Police union / FOP-type bargaining unit (as requested by MuckRock submission),Not explicitly stated in lead metadata (file name suggests 2015-era CBA),2015-01-01 (inferred,2017-12-31 (inferred,cba_or_arbitration_award_or_factfinding_or_impasse_record,strike_or_no_strike_constraint,"Lafayette, CO (city match inferred from request context; not verified)",Likely overlaps 2014-2024 target window (inferred from 2015 file locator; not verified),verified_source_lead,reachable_head_response_and_consistent_candidate_metadata,retained_downloaded_source,downloaded_retained,application/pdf,.pdf,3035675,161b7ed3a45a7bbf4ffde202f83a9313f87cd33f86bde39be411eb940a376a98,docs/analysis/compensation_extraction/TARGETED-SOURCE-REVIEW-DOWNLOAD-429-VERIFIED-LEADS-2026-07-26/retained_sources/RS429-b97c953d7ec595318425.pdf,,not_extracted,not_rated,not_ingested,not_codified,not_causal_evidence,false,2026-07-27T01:46:51Z,integrity_pass,ocr_later_or_defer,bounded_first_pages_do_not_show_usable_text_layer,47,false,false,1.3,3,0,not_applicable,0,0,0,0,reviewed_local_file_metadata_only,"No URL open, download, OCR, rendering, saved page text, evidence extraction, rating, ingestion, codification, model analysis, or causal work occurred.",readiness_review,ocr_later_or_defer,,,,,
RS429-c4a5c11319c73e2a5e88,TS4L-9fdfe3dafde0824c7f19,lane_2,tier_b,verification_ready_medium,https://cityofholland.civicweb.net/document/178787/City%20Council%20Regular%20-%2021%20Jun%202023.pdf?handle=DA4395F51CE0482E9772788A80B16D6E,City Council Regular Meeting Minutes/Agenda Packet — 21 Jun 2023 (Approval of Police CBA/Settlement Agreement),Holland charter,MI,safety_and_non_safety_bargaining_units,Public Safety (Police Officers),"Police Officers Labor Council of Michigan, Holland Police Officers Association",Document dated 2023-06-21; specific CBA/settlement term not stated in snippet,,,cba_or_arbitration_award_or_factfinding_or_impasse_record,strike_or_no_strike_constraint,"Holland, MI (City of Holland) match",Likely overlaps target window 2014-2024 (dated 2023); exact CBA cycle term not confirmed from snippet,verified_source_lead,reachable_head_response_and_consistent_candidate_metadata,retained_downloaded_source,downloaded_retained,application/pdf,.pdf,25658633,4abddb17bab98c4f6112aa2a2ca5265f639424c3612cdd3ab01e834fcdb685bb,docs/analysis/compensation_extraction/TARGETED-SOURCE-REVIEW-DOWNLOAD-429-VERIFIED-LEADS-2026-07-26/retained_sources/RS429-c4a5c11319c73e2a5e88.pdf,,not_extracted,not_rated,not_ingested,not_codified,not_causal_evidence,false,2026-07-27T01:46:48Z,integrity_pass,oversized_for_text_pass,pdf_exceeds_bounded_text_pass_size_or_page_limit,437,false,unknown,1.7,0,0,not_applicable,0,0,0,0,reviewed_local_file_metadata_only,"No URL open, download, OCR, rendering, saved page text, evidence extraction, rating, ingestion, codification, model analysis, or causal work occurred.",readiness_review,oversized_for_text_pass,,,,,
RS429-c6efc413e5e46c6a83e8,TS4L-da463ba821637f9552e7,lane_2,tier_b,verification_ready_medium,https://municipalfinance.ri.gov/documents/contracts/Johnston_GE.pdf,Johnston_GE.pdf (Rhode Island Division of Municipal Finance: Contracts),Johnston,RI,safety_and_non_safety_bargaining_units,non-safety (general employees),Johnston General Employees bargaining unit (union/cba identified in document),Listed contract end 06/30/2019 (CBA period in document),2016-07-01,2019-06-30,cba_or_arbitration_award_or_factfinding_or_impasse_record,strike_or_no_strike_constraint,same_city,overlaps_2014_2024,verified_source_lead,reachable_head_response_and_consistent_candidate_metadata,retained_downloaded_source,downloaded_retained,application/pdf,.pdf,1317962,6bddf764ac41a9ecc0b1a68e7d85bd5ccb97a85587110bda897148d301845a12,docs/analysis/compensation_extraction/TARGETED-SOURCE-REVIEW-DOWNLOAD-429-VERIFIED-LEADS-2026-07-26/retained_sources/RS429-c6efc413e5e46c6a83e8.pdf,,not_extracted,not_rated,not_ingested,not_codified,not_causal_evidence,false,2026-07-27T01:46:54Z,integrity_pass,ocr_later_or_defer,bounded_first_pages_do_not_show_usable_text_layer,38,false,false,1.5,3,0,not_applicable,0,0,0,0,reviewed_local_file_metadata_only,"No URL open, download, OCR, rendering, saved page text, evidence extraction, rating, ingestion, codification, model analysis, or causal work occurred.",readiness_review,ocr_later_or_defer,,,,,
RS429-d2ccf80f62137f80afb9,TS4L-2f671424e7d3b62d3753,lane_2,tier_b,verification_ready_medium,https://www.bloomfieldtwp.org/media/cgvndjzh/police-patrol-contract-2020-2026-2.pdf,COLLECTIVE BARGAINING AGREEMENT (Bloomfield Township) — Police Patrol Contract 2020-2026,Bloomfield charter,MI,safety_and_non_safety_bargaining_units,Police (safety),Police Patrol and Dispatchers (POLC) (as titled/recognized in township labor agreements),"April 1, 2020 to March 31, 2026",2020-04-01,2026-03-31,cba_or_arbitration_award_or_factfinding_or_impasse_record,strike_or_no_strike_constraint,Bloomfield Charter Township (MI) matched,Overlaps expected 2014-2024 window (overlap approx. 2020-2024),verified_source_lead,reachable_head_response_and_consistent_candidate_metadata,retained_downloaded_source,downloaded_retained,application/pdf,.pdf,468620,feb10768a9f3e5404cc5e126236ea0fd93773b474368e7432edbb0cf62e1b884,docs/analysis/compensation_extraction/TARGETED-SOURCE-REVIEW-DOWNLOAD-429-VERIFIED-LEADS-2026-07-26/retained_sources/RS429-d2ccf80f62137f80afb9.pdf,,not_extracted,not_rated,not_ingested,not_codified,not_causal_evidence,false,2026-07-27T01:46:31Z,integrity_pass,needs_review,pdf_encrypted_or_locked,73,true,unknown,1.7,0,0,not_applicable,0,0,0,0,reviewed_local_file_metadata_only,"No URL open, download, OCR, rendering, saved page text, evidence extraction, rating, ingestion, codification, model analysis, or causal work occurred.",readiness_review,needs_review,,,,,
RS429-e37221f3c872a3c87a6a,TS4L-2477a214a652ae9d0c36,lane_2,tier_b,verification_ready_medium,https://www.townofrotterdam.gov/application/files/7317/0149/2537/Final_Agenda_12_29_21.pdf,Town of Rotterdam Final Agenda 12/29/21 (includes MOA text for Rotterdam Patrolmen’s Benevolent Association),Rotterdam,NY,safety_and_non_safety_bargaining_units,Public safety (Police),"Rotterdam Patrolmen’s Benevolent Association, Inc. (Rotterdam PBA)","2016-2020 Agreement; MOA dated April 1, 2021 modifies/extends through 12/31/2021",2016-01-01,2021-12-31,cba_or_arbitration_award_or_factfinding_or_impasse_record,strike_or_no_strike_constraint,same-municipality_match_expected,overlaps_expected_window_2014_2024,verified_source_lead,reachable_head_response_and_consistent_candidate_metadata,retained_downloaded_source,downloaded_retained,application/pdf,.pdf,26169417,b796373b9b5d6c5334702b97a58844455f3b2c1d01ffd581b5bb452c768afaec,docs/analysis/compensation_extraction/TARGETED-SOURCE-REVIEW-DOWNLOAD-429-VERIFIED-LEADS-2026-07-26/retained_sources/RS429-e37221f3c872a3c87a6a.pdf,,not_extracted,not_rated,not_ingested,not_codified,not_causal_evidence,false,2026-07-27T01:46:29Z,integrity_pass,oversized_for_text_pass,pdf_exceeds_bounded_text_pass_size_or_page_limit,161,false,unknown,1.7,0,0,not_applicable,0,0,0,0,reviewed_local_file_metadata_only,"No URL open, download, OCR, rendering, saved page text, evidence extraction, rating, ingestion, codification, model analysis, or causal work occurred.",readiness_review,oversized_for_text_pass,,,,,
RS429-eb5c89c525e7d76a3698,TS4L-33635ba1f9d8c341d947,lane_2,tier_b,verification_ready_medium,https://cms2.revize.com/revize/gaines/10_14_2024%20Township%20Board%20Meeting%20Agenda%20and%20Packet%20OPT.pdf,"Gaines Charter Township Board of Trustees Meeting Agenda and Packet (2024-10-14) — Adoption of collective bargaining agreement for Gaines Township Fire Department (IAFF Local 4385) beginning July 1, 2024",Gaines charter,MI,safety_and_non_safety_bargaining_units,Firefighters (IAFF / Local 4385),"Gaines Township Fire Fighters Union, Local 4385, I.A.F.F. (formerly Cutlerville Fire Fighters Union Local 4385, I.A.F.F.)","Term beginning July 1, 2024 and continuing through December 31, 2025",2024-07-01,2025-12-31,cba_or_arbitration_award_or_factfinding_or_impasse_record,strike_or_no_strike_constraint,"Gaines Charter Township, MI (match)",Overlaps expected period via 2024 portion of the term (2024-07-01 onward),verified_source_lead,reachable_head_response_and_consistent_candidate_metadata,retained_downloaded_source,downloaded_retained,application/pdf,.pdf,23714598,e0473cef326df7c0e1c8d68a7ef8ba0d8cdb528c2d5da2822aa52717db4db6b2,docs/analysis/compensation_extraction/TARGETED-SOURCE-REVIEW-DOWNLOAD-429-VERIFIED-LEADS-2026-07-26/retained_sources/RS429-eb5c89c525e7d76a3698.pdf,,not_extracted,not_rated,not_ingested,not_codified,not_causal_evidence,false,2026-07-27T01:46:31Z,integrity_pass,oversized_for_text_pass,pdf_exceeds_bounded_text_pass_size_or_page_limit,199,false,unknown,1.7,0,0,not_applicable,0,0,0,0,reviewed_local_file_metadata_only,"No URL open, download, OCR, rendering, saved page text, evidence extraction, rating, ingestion, codification, model analysis, or causal work occurred.",readiness_review,oversized_for_text_pass,,,,,
RS429-efec7d12c0a0919c18f0,TS4L-55915047ab7fba23ab11,lane_2,tier_b,verification_ready_medium,https://www.nhregister.com/connecticut/article/Arbitrator-pleases-Wallingford-s-union-firefighters-11384780.php,"NH Register article (Aug. 1, 2014): “Arbitrator pleases Wallingford’s union firefighters, irks mayor”",Wallingford,CT,safety_and_non_safety_bargaining_units,Firefighters (public safety),Local 1326 (IAFF) — Wallingford firefighters (as referenced in article),Reported arbitration ruling affecting wage/contract terms around 2013-2014,2013-07-01,2016-06-30,cba_or_arbitration_award_or_factfinding_or_impasse_record,strike_or_no_strike_constraint,same_city,overlaps_target_window_2014-2024,verified_source_lead,reachable_head_response_and_consistent_candidate_metadata,retained_downloaded_source,downloaded_retained,text/html,.html,3038,32ed63159c77e21ee19ca1b9aa3213ccf0218eb59539560b132a8e68ef0e18ea,docs/analysis/compensation_extraction/TARGETED-SOURCE-REVIEW-DOWNLOAD-429-VERIFIED-LEADS-2026-07-26/retained_sources/RS429-efec7d12c0a0919c18f0.html,,not_extracted,not_rated,not_ingested,not_codified,not_causal_evidence,false,2026-07-27T01:46:33Z,integrity_pass,needs_review,html_visible_text_signal_too_weak,,not_applicable,not_applicable,,0,0,weak_or_noisy,3038,182,0,1,reviewed_local_file_metadata_only,"No URL open, download, OCR, rendering, saved page text, evidence extraction, rating, ingestion, codification, model analysis, or causal work occurred.",readiness_review,needs_review,,,,,
RS429-f83d4e38aec2275ce6c0,TS4L-4d731016bd52a44b00b7,lane_2,tier_b,verification_ready_medium,https://icops.org/wp-content/uploads/Lyons-Full-Time-Police-and-Sergeants-Exp.12-31-27.pdf,"Lyons-Full-Time-Police-and-Sergeants-Exp.12-31-27.pdf (CBA between Illinois Council of Police and Village of Lyons, Illinois)",Lyons,IL,safety_and_non_safety_bargaining_units,Public safety (police),Lyons police sergeants & patrol officers bargaining unit (ICOP),Effective 2019-01-01 through 2027-12-31 (expiration shown as 12-31-27),2019,2027,cba_or_arbitration_award_or_factfinding_or_impasse_record,strike_or_no_strike_constraint,"Same municipality match: Village of Lyons (Lyons), Illinois",Overlaps target window (2014-2024) (contract begins 2019),verified_source_lead,reachable_head_response_and_consistent_candidate_metadata,retained_downloaded_source,downloaded_retained,application/pdf,.pdf,2106520,c723e841ea93748ca502dfb794a9625368dac931b3ee247b36346cdc5e996a84,docs/analysis/compensation_extraction/TARGETED-SOURCE-REVIEW-DOWNLOAD-429-VERIFIED-LEADS-2026-07-26/retained_sources/RS429-f83d4e38aec2275ce6c0.pdf,,not_extracted,not_rated,not_ingested,not_codified,not_causal_evidence,false,2026-07-27T01:46:32Z,integrity_pass,ocr_later_or_defer,bounded_first_pages_do_not_show_usable_text_layer,40,false,false,1.4,3,0,not_applicable,0,0,0,0,reviewed_local_file_metadata_only,"No URL open, download, OCR, rendering, saved page text, evidence extraction, rating, ingestion, codification, model analysis, or causal work occurred.",readiness_review,ocr_later_or_defer,,,,,
RS429-0090ce3cf81af1e56645,TS4L-907d59ea0e2382a58b2b,lane_3,tier_b,verification_ready_medium,https://www.townofmaltany.gov/Archive/ViewFile/Item/873,"2018 Adopted Budget (Town of Malta, NY)",Malta,NY,non_safety_municipal_units,non_safety_municipal_units,,2018,,,cba_or_budget_pay_plan_with_explicit_compensation_mechanism,fiscal_constraint_signal,exact_city_match_uncertain,within_2014_2024_window_uncertain,verified_source_lead,reachable_head_response_and_consistent_candidate_metadata,retained_downloaded_source,downloaded_retained,application/pdf,.pdf,15956257,609a40661af1847a9af00b8481a5e2e81cac0c047265f7dd6ea7a02b99a219a7,docs/analysis/compensation_extraction/TARGETED-SOURCE-REVIEW-DOWNLOAD-429-VERIFIED-LEADS-2026-07-26/retained_sources/RS429-0090ce3cf81af1e56645.pdf,,not_extracted,not_rated,not_ingested,not_codified,not_causal_evidence,false,2026-07-27T01:47:06Z,integrity_pass,ocr_later_or_defer,bounded_first_pages_do_not_show_usable_text_layer,48,false,false,1.4,3,0,not_applicable,0,0,0,0,reviewed_local_file_metadata_only,"No URL open, download, OCR, rendering, saved page text, evidence extraction, rating, ingestion, codification, model analysis, or causal work occurred.",readiness_review,ocr_later_or_defer,,,,,
RS429-1a33c209107a0824f14f,TS4L-0206dacab0872e3b594a,lane_3,tier_b,verification_ready_medium,https://doylestownpa.org/media/1808/2014-final-budget.pdf,Doylestown Township 2014 Final Budget,Doylestown,PA,non_safety_municipal_units,Non-uniformed / non-police municipal employees (Township staff; compensation via budget salary/fringe lines),,2014 Final Budget,2014-01-01,2014-12-31,cba_or_budget_pay_plan_with_explicit_compensation_mechanism,fiscal_constraint_signal,exact_match,overlaps_2014-2024,verified_source_lead,reachable_head_response_and_consistent_candidate_metadata,retained_downloaded_source,downloaded_retained,application/pdf,.pdf,1874768,c5c43443c238ae1453bcdd3ede401849e48371ee257e0e432733a11038c95e47,docs/analysis/compensation_extraction/TARGETED-SOURCE-REVIEW-DOWNLOAD-429-VERIFIED-LEADS-2026-07-26/retained_sources/RS429-1a33c209107a0824f14f.pdf,,not_extracted,not_rated,not_ingested,not_codified,not_causal_evidence,false,2026-07-27T01:46:56Z,integrity_pass,ocr_later_or_defer,bounded_first_pages_do_not_show_usable_text_layer,62,false,false,1.4,3,0,not_applicable,0,0,0,0,reviewed_local_file_metadata_only,"No URL open, download, OCR, rendering, saved page text, evidence extraction, rating, ingestion, codification, model analysis, or causal work occurred.",readiness_review,ocr_later_or_defer,,,,,
RS429-1f626048a20eea7173c8,TS4L-7b47749d8c17d9fcb5c8,lane_3,tier_b,verification_ready_medium,https://www.townofnewhartfordny.gov/media/Town%20board%20Minutes/2021/TB01-03-2021.pdf,"Town of New Hartford (NY) — January 3, 2021 Organizational/Regular Meeting Minutes (includes 2021 Salary Schedule resolution)",New Hartford,NY,non_safety_municipal_units,Town employees / officials (non-safety; salary schedule set by Town Board),,Calendar year 2021 (2021 Salary Schedule),2021-01-01,2021-12-31,cba_or_budget_pay_plan_with_explicit_compensation_mechanism,fiscal_constraint_signal,same_city,overlaps_target_window_2014_2024,verified_source_lead,reachable_head_response_and_consistent_candidate_metadata,retained_downloaded_source,downloaded_retained,application/pdf,.pdf,475565,5dbb7040d85178442f9c3ca876bec22cf5e7d15c1ecf77f5745ad7a3dd4fa7ed,docs/analysis/compensation_extraction/TARGETED-SOURCE-REVIEW-DOWNLOAD-429-VERIFIED-LEADS-2026-07-26/retained_sources/RS429-1f626048a20eea7173c8.pdf,,not_extracted,not_rated,not_ingested,not_codified,not_causal_evidence,false,2026-07-27T01:47:06Z,integrity_pass,ocr_later_or_defer,bounded_first_pages_do_not_show_usable_text_layer,15,false,false,1.4,3,0,not_applicable,0,0,0,0,reviewed_local_file_metadata_only,"No URL open, download, OCR, rendering, saved page text, evidence extraction, rating, ingestion, codification, model analysis, or causal work occurred.",readiness_review,ocr_later_or_defer,,,,,
RS429-3e379dcea231602f5ba4,TS4L-c5c50db41c599e4bdabd,lane_3,tier_b,verification_ready_medium,https://bloominggrove-ny.gov/Portals/5/documents/budgets/2014%20Budget.pdf,Town of Blooming Grove (NY) — 2014 Budget (Adopted/Final budget document PDF),Blooming Grove,NY,non_safety_municipal_units,non_safety_municipal_units,,2014 (budget year),2014,2014,cba_or_budget_pay_plan_with_explicit_compensation_mechanism,fiscal_constraint_signal,same_city,overlaps_2014_2024_window,verified_source_lead,reachable_head_response_and_consistent_candidate_metadata,retained_downloaded_source,downloaded_retained,application/pdf,.pdf,4367101,06d93ed49ca862703ef9ff11a57c15637431bea5217558d167d03281de5c6708,docs/analysis/compensation_extraction/TARGETED-SOURCE-REVIEW-DOWNLOAD-429-VERIFIED-LEADS-2026-07-26/retained_sources/RS429-3e379dcea231602f5ba4.pdf,,not_extracted,not_rated,not_ingested,not_codified,not_causal_evidence,false,2026-07-27T01:47:09Z,integrity_pass,ocr_later_or_defer,bounded_first_pages_do_not_show_usable_text_layer,30,false,false,1.5,3,0,not_applicable,0,0,0,0,reviewed_local_file_metadata_only,"No URL open, download, OCR, rendering, saved page text, evidence extraction, rating, ingestion, codification, model analysis, or causal work occurred.",readiness_review,ocr_later_or_defer,,,,,
RS429-b5155ded6f8047ca96a1,TS4L-3270afcc5062555c26c7,lane_3,tier_b,verification_ready_medium,https://www.westmilford.org/FCpdf/TeamstersLocal%20560%20Contract%202015-2019.pdf,Township of West Milford — Teamsters Local 560 Contract 2015-2019,West Milford,NJ,non_safety_municipal_units,Municipal employees in Teamsters bargaining unit (exact job classifications to be identified in source),Teamsters Local 560,2015-2019,2015-01-01,2019-12-31,cba_or_budget_pay_plan_with_explicit_compensation_mechanism,fiscal_constraint_signal,same_municipality,overlaps_2014_2024_window,verified_source_lead,reachable_head_response_and_consistent_candidate_metadata,retained_downloaded_source,downloaded_retained,application/pdf,.pdf,7826778,942788353e798586fd52a17f0ce61f8cc4a6ba7366a8d86ae9437117f898622b,docs/analysis/compensation_extraction/TARGETED-SOURCE-REVIEW-DOWNLOAD-429-VERIFIED-LEADS-2026-07-26/retained_sources/RS429-b5155ded6f8047ca96a1.pdf,,not_extracted,not_rated,not_ingested,not_codified,not_causal_evidence,false,2026-07-27T01:46:59Z,integrity_pass,ocr_later_or_defer,bounded_first_pages_do_not_show_usable_text_layer,31,false,false,1.4,3,0,not_applicable,0,0,0,0,reviewed_local_file_metadata_only,"No URL open, download, OCR, rendering, saved page text, evidence extraction, rating, ingestion, codification, model analysis, or causal work occurred.",readiness_review,ocr_later_or_defer,,,,,
RS429-c92ee24e3b942c91cbc2,TS4L-83205020abee32f0a38d,lane_3,tier_b,verification_ready_medium,https://ted.cviog.uga.edu/financial-documents/sites/default/files/budgetdoc/budget-report/city-buford-fy2024-budget-report.pdf,City of Buford FY2024 Budget Report — TED (UGA CVIOG Local Government Financial Documents),Buford,GA,non_safety_municipal_units,non_safety_municipal_units,,Fiscal Year 2024,2024-07-01,2025-06-30,cba_or_budget_pay_plan_with_explicit_compensation_mechanism,fiscal_constraint_signal,same_city_match_unknown,overlap_expected_with_2014-2024,verified_source_lead,reachable_head_response_and_consistent_candidate_metadata,retained_downloaded_source,downloaded_retained,application/pdf,.pdf,320250,67695e00954523439d7d0ad8aaf61788a0fbe4d7ea0e663c2dfb2ed3e5a215ad,docs/analysis/compensation_extraction/TARGETED-SOURCE-REVIEW-DOWNLOAD-429-VERIFIED-LEADS-2026-07-26/retained_sources/RS429-c92ee24e3b942c91cbc2.pdf,,not_extracted,not_rated,not_ingested,not_codified,not_causal_evidence,false,2026-07-27T01:47:06Z,integrity_pass,ocr_later_or_defer,bounded_first_pages_do_not_show_usable_text_layer,1,false,false,1.4,1,0,not_applicable,0,0,0,0,reviewed_local_file_metadata_only,"No URL open, download, OCR, rendering, saved page text, evidence extraction, rating, ingestion, codification, model analysis, or causal work occurred.",readiness_review,ocr_later_or_defer,,,,,
RS429-d908496cf14b3367bbf5,TS4L-8cfe0a2d0b4a193193b1,lane_3,tier_b,verification_ready_medium,https://onondaga.gov/wp-content/uploads/sites/193/2021/12/2016AdoptedFINAL.pdf,Onondaga County (2016 Adopted) Budget (Adopted FINAL document),Onondaga,NY,non_safety_municipal_units,County-wide operating budget including employee compensation components and related fiscal provisions,Not specified in lead (budget document may reference salary plan schedules/pay mechanisms across units),2016 Adopted Budget (document period),2016-01-01,2016-12-31,cba_or_budget_pay_plan_with_explicit_compensation_mechanism,fiscal_constraint_signal,yes,overlaps_2014_2024_window,verified_source_lead,reachable_head_response_and_consistent_candidate_metadata,retained_downloaded_source,downloaded_retained,application/pdf,.pdf,10057122,5b4a035baa06432eefa1cb14914cb13d99134b2ed9ecddc450dd46886d405cdb,docs/analysis/compensation_extraction/TARGETED-SOURCE-REVIEW-DOWNLOAD-429-VERIFIED-LEADS-2026-07-26/retained_sources/RS429-d908496cf14b3367bbf5.pdf,,not_extracted,not_rated,not_ingested,not_codified,not_causal_evidence,false,2026-07-27T01:47:06Z,integrity_pass,oversized_for_text_pass,pdf_exceeds_bounded_text_pass_size_or_page_limit,524,false,unknown,1.7,0,0,not_applicable,0,0,0,0,reviewed_local_file_metadata_only,"No URL open, download, OCR, rendering, saved page text, evidence extraction, rating, ingestion, codification, model analysis, or causal work occurred.",readiness_review,oversized_for_text_pass,,,,,
RS429-df50e3acaf25720ffad8,TS4L-dbc0d88f9ffdbccc34d9,lane_3,tier_b,verification_ready_medium,https://www.wiltonct.org/sites/g/files/vyhlif10026/f/uploads/board_of_ed_upseu_july_1_2022-june_30_2026.pdf,"Collective Bargaining Agreement between Wilton Board of Education and UPSEU — July 1, 2022 to June 30, 2026",Wilton,CT,non_safety_municipal_units,Secretarial/clerical/campus supervisory/paraprofessional support staff (school staff),"United Public Service Employees Union (UPSEU) — Wilton Board of Education Secretaries, Clerks and Aides Unit","July 1, 2022 to June 30, 2026",2022-07-01,2026-06-30,cba_or_budget_pay_plan_with_explicit_compensation_mechanism,fiscal_constraint_signal,match,overlaps_2014_2024_window,verified_source_lead,reachable_head_response_and_consistent_candidate_metadata,retained_downloaded_source,downloaded_retained,application/pdf,.pdf,1207124,2363b2d0ead77dd032640c47c06dd298d1b3acf33ef032eeb207c540c561a0df,docs/analysis/compensation_extraction/TARGETED-SOURCE-REVIEW-DOWNLOAD-429-VERIFIED-LEADS-2026-07-26/retained_sources/RS429-df50e3acaf25720ffad8.pdf,,not_extracted,not_rated,not_ingested,not_codified,not_causal_evidence,false,2026-07-27T01:47:09Z,integrity_pass,ocr_later_or_defer,bounded_first_pages_do_not_show_usable_text_layer,31,false,false,1.4,3,0,not_applicable,0,0,0,0,reviewed_local_file_metadata_only,"No URL open, download, OCR, rendering, saved page text, evidence extraction, rating, ingestion, codification, model analysis, or causal work occurred.",readiness_review,ocr_later_or_defer,,,,,
RS429-e6648f62632148637fc0,TS4L-45e605d32a0b49918c33,lane_3,tier_b,verification_ready_medium,https://bloominggrove-ny.gov/Portals/5/documents/budgets/2024%20Adopted%20Town%20Budget.pdf?ver=A6mjwhsevFREuptla_lM4w%3D%3D,Town of Blooming Grove (NY) — 2024 Adopted Town Budget PDF,Blooming Grove,NY,non_safety_municipal_units,non_safety_municipal_units,,2024 (adopted budget year),2024,2024,cba_or_budget_pay_plan_with_explicit_compensation_mechanism,fiscal_constraint_signal,same_city,overlaps_2014_2024_window,verified_source_lead,reachable_head_response_and_consistent_candidate_metadata,retained_downloaded_source,downloaded_retained,application/pdf,.pdf,8133576,2bfef0ce969cf5afa01235d73cf17e09c0b72fb66fa81fcbcdfd38410e70e0d0,docs/analysis/compensation_extraction/TARGETED-SOURCE-REVIEW-DOWNLOAD-429-VERIFIED-LEADS-2026-07-26/retained_sources/RS429-e6648f62632148637fc0.pdf,,not_extracted,not_rated,not_ingested,not_codified,not_causal_evidence,false,2026-07-27T01:46:59Z,integrity_pass,ocr_later_or_defer,bounded_first_pages_do_not_show_usable_text_layer,81,false,false,1.4,3,0,not_applicable,0,0,0,0,reviewed_local_file_metadata_only,"No URL open, download, OCR, rendering, saved page text, evidence extraction, rating, ingestion, codification, model analysis, or causal work occurred.",readiness_review,ocr_later_or_defer,,,,,
RS429-ed77b51a51b878b30c17,TS4L-8a5d46866fe54cd11417,lane_3,tier_b,verification_ready_medium,https://www.fishkill-ny.gov/uploads/3/8/0/7/38072219/tof_2020_adopted_budget.pdf,Town of Fishkill — 2020 Adopted Budget (PDF),Fishkill,NY,non_safety_municipal_units,non_safety_municipal_units,,2020 (budget year),2020-01-01,2020-12-31,cba_or_budget_pay_plan_with_explicit_compensation_mechanism,fiscal_constraint_signal,likely_same_city,overlaps_2014_2024_window,verified_source_lead,reachable_head_response_and_consistent_candidate_metadata,retained_downloaded_source,downloaded_retained,application/pdf,.pdf,9248145,59a47c69372c8de2eaec169677ee29f40a892450f2846bd8f445ad5c397e86ec,docs/analysis/compensation_extraction/TARGETED-SOURCE-REVIEW-DOWNLOAD-429-VERIFIED-LEADS-2026-07-26/retained_sources/RS429-ed77b51a51b878b30c17.pdf,,not_extracted,not_rated,not_ingested,not_codified,not_causal_evidence,false,2026-07-27T01:47:06Z,integrity_pass,ocr_later_or_defer,bounded_first_pages_do_not_show_usable_text_layer,127,false,false,1.7,3,0,not_applicable,0,0,0,0,reviewed_local_file_metadata_only,"No URL open, download, OCR, rendering, saved page text, evidence extraction, rating, ingestion, codification, model analysis, or causal work occurred.",readiness_review,ocr_later_or_defer,,,,,
RS429-239885f43afa7146262f,TS4L-17fe7390cba14a9ab5ff,lane_4,tier_b,verification_ready_medium,https://www.town.duxbury.ma.us/sites/g/files/vyhlif10506/f/pages/final_ratified_public_safety_dispatchers_settlement_agreement_july_1_2022_through_june_30_2025.pdf,"Final Ratified Settlement Agreement — Public Safety Dispatchers — July 1, 2022 through June 30, 2025",Duxbury,MA,safety_and_non_safety_compensation_units,Public Safety Dispatchers (public safety),Public Safety Dispatchers (Duxbury bargaining unit referenced in document),"July 1, 2022 — June 30, 2025",2022-07-01,2025-06-30,cba_or_compensation_study_or_classification_study_or_wage_schedule,market_or_comparability_pressure,Duxbury municipality match (expected from source URL and document context),Overlaps target window (2014-2024),verified_source_lead,reachable_head_response_and_consistent_candidate_metadata,retained_downloaded_source,downloaded_retained,application/pdf,.pdf,194642,2d00aad34e6229b2e86069142dfff71286ce27cef508434fde41e346d2c311a6,docs/analysis/compensation_extraction/TARGETED-SOURCE-REVIEW-DOWNLOAD-429-VERIFIED-LEADS-2026-07-26/retained_sources/RS429-239885f43afa7146262f.pdf,,not_extracted,not_rated,not_ingested,not_codified,not_causal_evidence,false,2026-07-27T01:47:11Z,integrity_pass,ocr_later_or_defer,bounded_first_pages_do_not_show_usable_text_layer,5,false,false,1.4,3,0,not_applicable,0,0,0,0,reviewed_local_file_metadata_only,"No URL open, download, OCR, rendering, saved page text, evidence extraction, rating, ingestion, codification, model analysis, or causal work occurred.",readiness_review,ocr_later_or_defer,,,,,
RS429-2cd70549172c41368d75,TS4L-4ca9ca3426e7155ef7d9,lane_4,tier_b,verification_ready_medium,https://www.californiacity-ca.gov/CC/images/Police_MOU_2019.pdf,City of California City — Police MOU 2019 (California City Police Officer Association),California City,CA,safety_and_non_safety_compensation_units,Sworn police officers / police and related ranks (public safety),California City Police Officer Association,2019-dated MOU (exact start/end to be confirmed via document contents),2019-01-01,2020-01-01,cba_or_compensation_study_or_classification_study_or_wage_schedule,market_or_comparability_pressure,likely_same_city_from_source_hosting_and_title,overlaps_2014_2024_window,verified_source_lead,reachable_head_response_and_consistent_candidate_metadata,retained_downloaded_source,downloaded_retained,application/pdf,.pdf,1527426,983b9cea847e14c086b451229af255498528fb0d3f55363945237b2aeac3ca24,docs/analysis/compensation_extraction/TARGETED-SOURCE-REVIEW-DOWNLOAD-429-VERIFIED-LEADS-2026-07-26/retained_sources/RS429-2cd70549172c41368d75.pdf,,not_extracted,not_rated,not_ingested,not_codified,not_causal_evidence,false,2026-07-27T01:47:15Z,integrity_pass,ocr_later_or_defer,bounded_first_pages_do_not_show_usable_text_layer,23,false,false,1.4,3,0,not_applicable,0,0,0,0,reviewed_local_file_metadata_only,"No URL open, download, OCR, rendering, saved page text, evidence extraction, rating, ingestion, codification, model analysis, or causal work occurred.",readiness_review,ocr_later_or_defer,,,,,
RS429-3ddce1b66cc649c2a6ea,TS4L-15d58a9a32b93ddf5281,lane_4,tier_b,verification_ready_medium,https://www.suffield.org/uploaded/Human_Resources/TEAMSTERS_CONTRACT_REVISED_9-1-2015.pdf,"Agreement between the Suffield Board of Education and Teamsters, Local 671 (Effective July 1, 2014) — “BOE & Teamsters 2014-17”",Suffield,CT,safety_and_non_safety_compensation_units,Education support / non-safety bargaining unit (Teamsters Local 671),"Teamsters, Local 671","Effective July 1, 2014 (document references “2014-17”)",2014-07-01,2017-06-30,cba_or_compensation_study_or_classification_study_or_wage_schedule,market_or_comparability_pressure,"Suffield, CT (match by municipality naming in document/host)",Overlaps expected window (2014-2024) via 2014-2017 period,verified_source_lead,reachable_head_response_and_consistent_candidate_metadata,retained_downloaded_source,downloaded_retained,application/pdf,.pdf,1962245,a9a175f4427861e7898cb6c00281d6f199826c6c5bdeab5a01d7060c351993d5,docs/analysis/compensation_extraction/TARGETED-SOURCE-REVIEW-DOWNLOAD-429-VERIFIED-LEADS-2026-07-26/retained_sources/RS429-3ddce1b66cc649c2a6ea.pdf,,not_extracted,not_rated,not_ingested,not_codified,not_causal_evidence,false,2026-07-27T01:47:11Z,integrity_pass,ocr_later_or_defer,bounded_first_pages_do_not_show_usable_text_layer,32,false,false,1.5,3,0,not_applicable,0,0,0,0,reviewed_local_file_metadata_only,"No URL open, download, OCR, rendering, saved page text, evidence extraction, rating, ingestion, codification, model analysis, or causal work occurred.",readiness_review,ocr_later_or_defer,,,,,
RS429-475eb4b8e35aca950148,TS4L-a240a735b7f309b2fea8,lane_4,tier_b,verification_ready_medium,https://docs.elsegundo.org/WebLink/DocView.aspx?dbid=0&id=906404&repo=COES,"Memorandum of Understanding (MOU) between the El Segundo Police Officers' Association and the City of El Segundo, California (agreement covering Oct 1, 2014–Sep 30, 2018)",El Segundo,CA,safety_and_non_safety_compensation_units,Police (sworn/Police Officers' Association),El Segundo Police Officers' Association (ESPOA),"October 1, 2014 – September 30, 2018",2014-10-01,2018-09-30,cba_or_compensation_study_or_classification_study_or_wage_schedule,market_or_comparability_pressure,direct_match_city=El Segundo,overlaps_2014_2024_target_window,verified_source_lead,reachable_head_response_and_consistent_candidate_metadata,retained_downloaded_source,downloaded_retained,text/html,.html,3261,c729e055a9df9a24b6ccd2d6b46e555b45b160e0bbdbd4a2e6b9503190dcb442,docs/analysis/compensation_extraction/TARGETED-SOURCE-REVIEW-DOWNLOAD-429-VERIFIED-LEADS-2026-07-26/retained_sources/RS429-475eb4b8e35aca950148.html,,not_extracted,not_rated,not_ingested,not_codified,not_causal_evidence,false,2026-07-27T01:47:54Z,integrity_pass,needs_review,html_visible_text_signal_too_weak,,not_applicable,not_applicable,,0,0,weak_or_noisy,3261,74,0,5,reviewed_local_file_metadata_only,"No URL open, download, OCR, rendering, saved page text, evidence extraction, rating, ingestion, codification, model analysis, or causal work occurred.",readiness_review,needs_review,,,,,
RS429-52e5624f80d37e737bee,TS4L-ab9979af8f357920b379,lane_4,tier_b,verification_ready_medium,https://www.cityoflagunawoods.org/wp-content/uploads/2017/07/2017-06-28-Adopted-Fiscal-Years-2017-19-Budget-Work-Plan-Website.pdf,City of Laguna Woods — Adopted Fiscal Years 2017-19 Budget & Work Plan (discussion of multi-year MOU with Association of Orange County Deputy Sheriffs approved 09/06/2016),Laguna Woods,CA,safety_and_non_safety_compensation_units,Deputy sheriff / law enforcement cost drivers (safety compensation units via OC Deputy Sheriffs association MOU),Association of Orange County Deputy Sheriffs (referenced),"References 09/06/2016 approval and impacts to FY 2016-17, FY 2017-18, and FY 2018-19 budget projections (exact MOU term not extracted here)",2016-2017,2018-2019,cba_or_compensation_study_or_classification_study_or_wage_schedule,market_or_comparability_pressure,same_municipality_laguna_woods_budget_document,overlaps_expected_window_2014_2024,verified_source_lead,reachable_head_response_and_consistent_candidate_metadata,retained_downloaded_source,downloaded_retained,application/pdf,.pdf,9917017,b1f31b51335aea34eb9994cbcb27617b5bbe051201c9dafc1f5ae1089cd1e4e2,docs/analysis/compensation_extraction/TARGETED-SOURCE-REVIEW-DOWNLOAD-429-VERIFIED-LEADS-2026-07-26/retained_sources/RS429-52e5624f80d37e737bee.pdf,,not_extracted,not_rated,not_ingested,not_codified,not_causal_evidence,false,2026-07-27T01:47:56Z,integrity_pass,needs_review,pdf_encrypted_or_locked,216,true,unknown,1.6,0,0,not_applicable,0,0,0,0,reviewed_local_file_metadata_only,"No URL open, download, OCR, rendering, saved page text, evidence extraction, rating, ingestion, codification, model analysis, or causal work occurred.",readiness_review,needs_review,,,,,
RS429-5473584062dc2d356752,TS4L-830e8abfd404470862af,lane_4,tier_b,verification_ready_medium,https://www.cityofsycamore.com/Archive/ViewFile/Item/111,"AFSCME Local 3957, 2015-2019 (PDF)",Sycamore,IL,safety_and_non_safety_compensation_units,Municipal employees (AFSCME Local 3957 unit),AFSCME Local 3957,2015-2019,2015,2019,cba_or_compensation_study_or_classification_study_or_wage_schedule,market_or_comparability_pressure,"Sycamore, IL match indicated by city host/label (lead only).",Overlaps target window (2014-2024) via 2015-2019 label (lead only).,verified_source_lead,reachable_head_response_and_consistent_candidate_metadata,retained_downloaded_source,downloaded_retained,application/pdf,.pdf,3135090,45f3895e0ee461cd10d884c659497d697c2a5ac8a1aef251938c95b4fee4e135,docs/analysis/compensation_extraction/TARGETED-SOURCE-REVIEW-DOWNLOAD-429-VERIFIED-LEADS-2026-07-26/retained_sources/RS429-5473584062dc2d356752.pdf,,not_extracted,not_rated,not_ingested,not_codified,not_causal_evidence,false,2026-07-27T01:47:42Z,integrity_pass,ocr_later_or_defer,bounded_first_pages_do_not_show_usable_text_layer,57,false,false,1.4,3,0,not_applicable,0,0,0,0,reviewed_local_file_metadata_only,"No URL open, download, OCR, rendering, saved page text, evidence extraction, rating, ingestion, codification, model analysis, or causal work occurred.",readiness_review,ocr_later_or_defer,,,,,
RS429-5998bb3ae58799ca0e43,TS4L-acef7d54e627e0659860,lane_4,tier_b,verification_ready_medium,https://cms5.revize.com/revize/andrewstxnew/2021-22%20Operating%20Budget.pdf,"City of Andrews, TX Operating Budget 2021-22 (budget line items include FIRE salaries & wages and other personnel accounts)",Andrews,TX,safety_and_non_safety_compensation_units,safety_and_non_safety (fire/police vs other departmental personnel depending on budget structure),,2021-2022 (operating budget cycle),2021,2022,cba_or_compensation_study_or_classification_study_or_wage_schedule,market_or_comparability_pressure,"exact_city_match_expected (City of Andrews, TX)",overlaps (within 2014-2024 window),verified_source_lead,reachable_head_response_and_consistent_candidate_metadata,retained_downloaded_source,downloaded_retained,application/pdf,.pdf,23180776,0ef33e810e7fc08a63961480d3b41037ee902262ac7ab47e6c5264dc47827815,docs/analysis/compensation_extraction/TARGETED-SOURCE-REVIEW-DOWNLOAD-429-VERIFIED-LEADS-2026-07-26/retained_sources/RS429-5998bb3ae58799ca0e43.pdf,,not_extracted,not_rated,not_ingested,not_codified,not_causal_evidence,false,2026-07-27T01:47:56Z,integrity_pass,oversized_for_text_pass,pdf_exceeds_bounded_text_pass_size_or_page_limit,219,false,unknown,1.6,0,0,not_applicable,0,0,0,0,reviewed_local_file_metadata_only,"No URL open, download, OCR, rendering, saved page text, evidence extraction, rating, ingestion, codification, model analysis, or causal work occurred.",readiness_review,oversized_for_text_pass,,,,,
RS429-64de45d2ca6f6cefb0a1,TS4L-17019c311859b6f30db4,lane_4,tier_b,verification_ready_medium,https://gateway.ifionline.org/public_download/cbr_contract_uploads/2024/10320_10122_2024_20241108115426249.pdf,2024-2025 MASTER CONTRACT (Silver Creek School Corporation & Silver Creek Teachers' Association),Silver Creek,IN,safety_and_non_safety_compensation_units,teachers (public school),Silver Creek Teachers' Association,"July 1, 2024 - June 30, 2025",2014-07-01 (cycle un,2014-06-30 (cycle un,cba_or_compensation_study_or_classification_study_or_wage_schedule,market_or_comparability_pressure,Not assessed,Only partial overlap with 2014-2024 window (covers 2024-25),verified_source_lead,reachable_head_response_and_consistent_candidate_metadata,retained_downloaded_source,downloaded_retained,application/pdf,.pdf,1154517,df22081bbad05b531b6332c7c75e0c43abec9577aefdd3374e3d6f138ffae385,docs/analysis/compensation_extraction/TARGETED-SOURCE-REVIEW-DOWNLOAD-429-VERIFIED-LEADS-2026-07-26/retained_sources/RS429-64de45d2ca6f6cefb0a1.pdf,,not_extracted,not_rated,not_ingested,not_codified,not_causal_evidence,false,2026-07-27T01:47:11Z,integrity_pass,ocr_later_or_defer,bounded_first_pages_do_not_show_usable_text_layer,32,false,false,1.7,3,0,not_applicable,0,0,0,0,reviewed_local_file_metadata_only,"No URL open, download, OCR, rendering, saved page text, evidence extraction, rating, ingestion, codification, model analysis, or causal work occurred.",readiness_review,ocr_later_or_defer,,,,,
RS429-68130ac105e9e36c3fa3,TS4L-1a044dbabacb0898ba60,lane_4,tier_b,verification_ready_medium,https://www.cityofsouthfield.com/sites/default/files/inline-files/spoa-2012-2017_1.pdf,City of Southfield – Police (SPOA 2012-2017) PDF,Southfield,MI,safety_and_non_safety_compensation_units,Public Safety (Police),Southfield Police Officers Association (SPOA) (as labeled),2012-2017,2014-01-01,2017-12-31,cba_or_compensation_study_or_classification_study_or_wage_schedule,market_or_comparability_pressure,"Southfield city match (strong, based on hosted city document)",Overlaps 2014-2024 (2014-2017 portion),verified_source_lead,reachable_head_response_and_consistent_candidate_metadata,retained_downloaded_source,downloaded_retained,application/pdf,.pdf,3867319,4860a1e894a9b74408c1c6b815bb1eafa55bfc69933d17a8b22aff809d720edf,docs/analysis/compensation_extraction/TARGETED-SOURCE-REVIEW-DOWNLOAD-429-VERIFIED-LEADS-2026-07-26/retained_sources/RS429-68130ac105e9e36c3fa3.pdf,,not_extracted,not_rated,not_ingested,not_codified,not_causal_evidence,false,2026-07-27T01:47:12Z,integrity_pass,ocr_later_or_defer,bounded_first_pages_do_not_show_usable_text_layer,61,false,false,1.4,3,0,not_applicable,0,0,0,0,reviewed_local_file_metadata_only,"No URL open, download, OCR, rendering, saved page text, evidence extraction, rating, ingestion, codification, model analysis, or causal work occurred.",readiness_review,ocr_later_or_defer,,,,,
RS429-9621375ebe9baeb3f03a,TS4L-5f273072bcd4de9d16d3,lane_4,tier_b,verification_ready_high,https://www.stonypointny.gov/userfiles/20220110125117_2547.pdf,"Memorandum of Agreement: Town of Stony Point and Civil Service Employees Association, Inc., Local 1000, AFSCME, AFL-CIO (CSEA Town of Stony Point Unit) (Appendix A salary grades referenced)",Stony Point,NY,safety_and_non_safety_compensation_units,Non-safety municipal employees (CSEA unit; likely clerical/administrative and other non-sworn titles covered by Local 1000),"CSEA Town of Stony Point Unit (Local 1000, AFSCME, AFL-CIO)","Collective Bargaining Agreement expiring December 31, 2022; MOA dated January 2022 modifies Appendix A salary grades",2022-01-01,2022-12-31,cba_or_compensation_study_or_classification_study_or_wage_schedule,market_or_comparability_pressure,same_municipality_match,overlaps_target_window,verified_source_lead,reachable_head_response_and_consistent_candidate_metadata,retained_downloaded_source,downloaded_retained,application/pdf,.pdf,1354008,29d6f52cbc63943ba70d3cdb6d4984cf5942e9bedab49eb5c8bcf09f7aad49db,docs/analysis/compensation_extraction/TARGETED-SOURCE-REVIEW-DOWNLOAD-429-VERIFIED-LEADS-2026-07-26/retained_sources/RS429-9621375ebe9baeb3f03a.pdf,,not_extracted,not_rated,not_ingested,not_codified,not_causal_evidence,false,2026-07-27T01:47:17Z,integrity_pass,ocr_later_or_defer,bounded_first_pages_do_not_show_usable_text_layer,27,false,false,1.4,3,0,not_applicable,0,0,0,0,reviewed_local_file_metadata_only,"No URL open, download, OCR, rendering, saved page text, evidence extraction, rating, ingestion, codification, model analysis, or causal work occurred.",readiness_review,ocr_later_or_defer,,,,,
RS429-a4be97ffcd96e7e3fe56,TS4L-e5628c25937c9a746265,lane_4,tier_b,verification_ready_medium,https://bradleyil.org/media/Local-399-Contract-5-1-20-to-4-30-24-min.pdf,"Local 399 Contract: Village of Bradley Public Works Unit (International Union of Operating Engineers, Local 399) — May 1, 2020 to April 30, 2024 (as hosted by Village of Bradley)",Bradley,IL,safety_and_non_safety_compensation_units,Public Works / Operating Engineers,"International Union of Operating Engineers, Local 399 (Public Works Unit)","May 1, 2020 – April 30, 2024",2020-05-01,2024-04-30,cba_or_compensation_study_or_classification_study_or_wage_schedule,market_or_comparability_pressure,exact_match,overlaps_within_2014-2024,verified_source_lead,reachable_head_response_and_consistent_candidate_metadata,retained_downloaded_source,downloaded_retained,application/pdf,.pdf,578945,06ee83d57bb4c9f7e2012283eabf15d44feba9260e7ef24c8f2dd92ac25ab8a9,docs/analysis/compensation_extraction/TARGETED-SOURCE-REVIEW-DOWNLOAD-429-VERIFIED-LEADS-2026-07-26/retained_sources/RS429-a4be97ffcd96e7e3fe56.pdf,,not_extracted,not_rated,not_ingested,not_codified,not_causal_evidence,false,2026-07-27T01:48:02Z,integrity_pass,ocr_later_or_defer,bounded_first_pages_do_not_show_usable_text_layer,20,false,false,1.7,3,0,not_applicable,0,0,0,0,reviewed_local_file_metadata_only,"No URL open, download, OCR, rendering, saved page text, evidence extraction, rating, ingestion, codification, model analysis, or causal work occurred.",readiness_review,ocr_later_or_defer,,,,,
RS429-bb68ec7cbb8c2aa0f4a5,TS4L-764cd7e0409953476641,lane_4,tier_b,verification_ready_high,https://www.mackinac.org/archives/epi/contracts/09/09030_2022-06-30_BTESP_ACFOP.pdf,"Bangor Township Schools — BTESP Administration, Custodial, Food, Office, Professional (Expiration 6/30/2022)",Bangor charter,MI,safety_and_non_safety_compensation_units,Administration; Custodial; Food; Office; Professional (education support),"BTESP (Administration, Custodial, Food, Office, Professional)",2014-2024 window (contract expiration 6/30/2022; inferred cycle ~7/1/2021–6/30/2022),2021-07-01,2022-06-30,cba_or_compensation_study_or_classification_study_or_wage_schedule,market_or_comparability_pressure,"same_city_match_expected (Bangor Township Schools, Bangor Charter Township area per Mackinac’s Bangor Township district context)",overlaps_2014_2024,verified_source_lead,reachable_head_response_and_consistent_candidate_metadata,retained_downloaded_source,downloaded_retained,application/pdf,.pdf,2971299,60e294e185e6ebb37f0b64285666646992b7b866cd1c44c5737a9515dff28e12,docs/analysis/compensation_extraction/TARGETED-SOURCE-REVIEW-DOWNLOAD-429-VERIFIED-LEADS-2026-07-26/retained_sources/RS429-bb68ec7cbb8c2aa0f4a5.pdf,,not_extracted,not_rated,not_ingested,not_codified,not_causal_evidence,false,2026-07-27T01:47:40Z,integrity_pass,ocr_later_or_defer,bounded_first_pages_do_not_show_usable_text_layer,32,false,false,1.3,3,0,not_applicable,0,0,0,0,reviewed_local_file_metadata_only,"No URL open, download, OCR, rendering, saved page text, evidence extraction, rating, ingestion, codification, model analysis, or causal work occurred.",readiness_review,ocr_later_or_defer,,,,,
RS429-c12e35407560608e64b1,TS4L-ce6ab44f74a68097ee10,lane_4,tier_b,verification_ready_medium,https://docs.elsegundo.org/WebLink/DocView.aspx?dbid=0&id=949689&repo=COES,"Memorandum of Understanding (MOU) Agreement No. 5627 between City of El Segundo and El Segundo (term shown as Oct 1, 2018 – Sep 30, 2021)",El Segundo,CA,safety_and_non_safety_compensation_units,Supervisory/Professional Employees (non-safety bargaining unit context),Supervisory and Professional Employees Association (SPEA) (implied by document family on site),"October 1, 2018 – September 30, 2021",2018-10-01,2021-09-30,cba_or_compensation_study_or_classification_study_or_wage_schedule,market_or_comparability_pressure,direct_match_city=El Segundo,overlaps_2014_2024_target_window,verified_source_lead,reachable_head_response_and_consistent_candidate_metadata,retained_downloaded_source,downloaded_retained,text/html,.html,3261,a0c5f54e77b63e614c9cd052ec59f927501c86faa556df274237cb3da5786c91,docs/analysis/compensation_extraction/TARGETED-SOURCE-REVIEW-DOWNLOAD-429-VERIFIED-LEADS-2026-07-26/retained_sources/RS429-c12e35407560608e64b1.html,,not_extracted,not_rated,not_ingested,not_codified,not_causal_evidence,false,2026-07-27T01:48:00Z,integrity_pass,needs_review,html_visible_text_signal_too_weak,,not_applicable,not_applicable,,0,0,weak_or_noisy,3261,74,0,5,reviewed_local_file_metadata_only,"No URL open, download, OCR, rendering, saved page text, evidence extraction, rating, ingestion, codification, model analysis, or causal work occurred.",readiness_review,needs_review,,,,,
RS429-cd9cf51f7a34ee75e7fb,TS4L-ccf33d554e2a2ddf7283,lane_4,tier_b,verification_ready_medium,https://www.beaufortcountysc.gov/archives/county-government/administration/resolutions/2021/34.pdf,Beaufort County SC Resolution 2021/34 - Classification and Compensation Study (Evergreen Solutions) with Appendix A Pay Plans,Beaufort,SC,safety_and_non_safety_compensation_units,Mixed job classes (county employee classification/compensation plan; safety and non-safety may be included in pay plans),,2021 resolution adopting/establishing pay plan (includes Appendix A pay plans within the document),2021,2021,cba_or_compensation_study_or_classification_study_or_wage_schedule,market_or_comparability_pressure,"Same county (Beaufort County, SC); not a City of Beaufort municipal CBA",Overlaps 2014-2024 target window,verified_source_lead,reachable_head_response_and_consistent_candidate_metadata,retained_downloaded_source,downloaded_retained,application/pdf,.pdf,774584,5e8ffbd552278e240f01bbb38574a707cbf981bd5a3b1560c59f96f7f0165751,docs/analysis/compensation_extraction/TARGETED-SOURCE-REVIEW-DOWNLOAD-429-VERIFIED-LEADS-2026-07-26/retained_sources/RS429-cd9cf51f7a34ee75e7fb.pdf,,not_extracted,not_rated,not_ingested,not_codified,not_causal_evidence,false,2026-07-27T01:48:00Z,integrity_pass,ocr_later_or_defer,bounded_first_pages_do_not_show_usable_text_layer,13,false,false,1.4,3,0,not_applicable,0,0,0,0,reviewed_local_file_metadata_only,"No URL open, download, OCR, rendering, saved page text, evidence extraction, rating, ingestion, codification, model analysis, or causal work occurred.",readiness_review,ocr_later_or_defer,,,,,
RS429-d4605daa97e754eea4bb,TS4L-06a23b64434936b1c699,lane_4,tier_b,verification_ready_medium,https://www.town.duxbury.ma.us/sites/g/files/vyhlif10506/f/pages/final_ratified_duxbury_firefighters_association_settlement_agreement_july_1_2019_throught_june_30_2022.pdf,"Final Ratified Settlement Agreement — Duxbury Firefighters Association (Local 2167, IAFF) — July 1, 2019 through June 30, 2022",Duxbury,MA,safety_and_non_safety_compensation_units,Firefighters (public safety),"Duxbury Firefighters Association, Local 2167 (IAFF)","July 1, 2019 — June 30, 2022",2019-07-01,2022-06-30,cba_or_compensation_study_or_classification_study_or_wage_schedule,market_or_comparability_pressure,Duxbury municipality match (expected from source URL and document context),Overlaps target window (2014-2024),verified_source_lead,reachable_head_response_and_consistent_candidate_metadata,retained_downloaded_source,downloaded_retained,application/pdf,.pdf,1383524,aa8383206110a88ed627abce720f50746e638600a4cd80d0ca7bd25101f07168,docs/analysis/compensation_extraction/TARGETED-SOURCE-REVIEW-DOWNLOAD-429-VERIFIED-LEADS-2026-07-26/retained_sources/RS429-d4605daa97e754eea4bb.pdf,,not_extracted,not_rated,not_ingested,not_codified,not_causal_evidence,false,2026-07-27T01:47:10Z,integrity_pass,ocr_later_or_defer,bounded_first_pages_do_not_show_usable_text_layer,27,false,false,1.4,3,0,not_applicable,0,0,0,0,reviewed_local_file_metadata_only,"No URL open, download, OCR, rendering, saved page text, evidence extraction, rating, ingestion, codification, model analysis, or causal work occurred.",readiness_review,ocr_later_or_defer,,,,,
RS429-e9be7da028b1655a3ae0,TS4L-3aa949d7a6585e588b04,lane_4,tier_b,verification_ready_medium,https://www.readingtontwpnj.gov/images/public-notices/2024/Ordinance-08-2024.pdf,"Ordinance-08-2024.pdf — Township of Readington (Public Notices, 2024) (Salary/compensation amendment; includes police rates schedule)",Readington,NJ,safety_and_non_safety_compensation_units,Police safety classifications + related municipal compensation items,,2024 (ordinance number 08-2024; amending compensation rates),2024,2024,cba_or_compensation_study_or_classification_study_or_wage_schedule,market_or_comparability_pressure,"Readington Township, NJ match",Overlaps 2014-2024 window (2024),verified_source_lead,reachable_head_response_and_consistent_candidate_metadata,retained_downloaded_source,downloaded_retained,text/html,.html,3355,3be8d598d237120c96f6102e6f4531c9719c3b46303402184009691e2b74bce0,docs/analysis/compensation_extraction/TARGETED-SOURCE-REVIEW-DOWNLOAD-429-VERIFIED-LEADS-2026-07-26/retained_sources/RS429-e9be7da028b1655a3ae0.html,,not_extracted,not_rated,not_ingested,not_codified,not_causal_evidence,false,2026-07-27T01:47:13Z,integrity_pass,needs_review,html_redirect_or_script_shell,,not_applicable,not_applicable,,0,0,redirect_or_shell,3355,184,1,1,reviewed_local_file_metadata_only,"No URL open, download, OCR, rendering, saved page text, evidence extraction, rating, ingestion, codification, model analysis, or causal work occurred.",readiness_review,needs_review,,,,,
RS429-f3931ef28811cc3ec156,TS4L-cccb4cb052c8c9b3fc94,lane_4,tier_b,verification_ready_medium,https://www.cityofsouthfield.com/sites/default/files/inline-files/SFFA%20Contract%202023-2026.pdf,City of Southfield – SFFA Contract 2023-2026 PDF,Southfield,MI,safety_and_non_safety_compensation_units,Public Safety (Fire),Southfield Firefighters Association (SFFA) (as labeled),2023-2026,2023-01-01,2024-12-31,cba_or_compensation_study_or_classification_study_or_wage_schedule,market_or_comparability_pressure,"Southfield city match (strong, based on hosted city document)",Overlaps 2014-2024 (2023-2024 portion),verified_source_lead,reachable_head_response_and_consistent_candidate_metadata,retained_downloaded_source,downloaded_retained,application/pdf,.pdf,9066454,f4067ebffdbe4ec6617136bdc92a5fdbcd9b5b315ce76e6ce4c6378c05cc244c,docs/analysis/compensation_extraction/TARGETED-SOURCE-REVIEW-DOWNLOAD-429-VERIFIED-LEADS-2026-07-26/retained_sources/RS429-f3931ef28811cc3ec156.pdf,,not_extracted,not_rated,not_ingested,not_codified,not_causal_evidence,false,2026-07-27T01:48:00Z,integrity_pass,ocr_later_or_defer,bounded_first_pages_do_not_show_usable_text_layer,82,false,false,1.4,3,0,not_applicable,0,0,0,0,reviewed_local_file_metadata_only,"No URL open, download, OCR, rendering, saved page text, evidence extraction, rating, ingestion, codification, model analysis, or causal work occurred.",readiness_review,ocr_later_or_defer,,,,,
RS429-f9bbf3746b1ac096a15a,TS4L-8bafee7dbff694ee0d22,lane_4,tier_b,verification_ready_medium,https://www.gatesvilletx.com/sites/default/files/fileattachments/finance_amp_human_resources/page/5944/2025-hr_rfp_vt6.12.25.pdf,City of Gatesville — HR RFP (Classification Study; references most recent study completed in 2020; includes compensation salary survey / market alignment),Gatesville,TX,safety_and_non_safety_compensation_units,civilian and non-civilian employees (includes Police/Fire in compensation context),,Most recent study completed in 2020; HR RFP dated 2025-06-12 (target discovery within 2014-2024 window),2019,2020,cba_or_compensation_study_or_classification_study_or_wage_schedule,market_or_comparability_pressure,"Exact municipality match (Gatesville, TX).",Overlaps target window via referenced study completion in 2020.,verified_source_lead,reachable_head_response_and_consistent_candidate_metadata,retained_downloaded_source,downloaded_retained,text/html,.html,4,5744d937b622e575a6d3306de8bf148d7ec2d9241195263e2ee3ad6b8b15aad3,docs/analysis/compensation_extraction/TARGETED-SOURCE-REVIEW-DOWNLOAD-429-VERIFIED-LEADS-2026-07-26/retained_sources/RS429-f9bbf3746b1ac096a15a.html,DUP429-5744d937b622e575,not_extracted,not_rated,not_ingested,not_codified,not_causal_evidence,false,2026-07-27T01:47:53Z,integrity_pass,corrupt_or_unreadable,html_empty_or_too_short,,not_applicable,not_applicable,,0,0,unreadable,4,0,0,0,reviewed_local_file_metadata_only,"No URL open, download, OCR, rendering, saved page text, evidence extraction, rating, ingestion, codification, model analysis, or causal work occurred.",readiness_review,corrupt_or_unreadable,,,,,
RS429-02e02efa7a60019e8c35,TS4L-246beb7c50a2ceccb32b,lane_1,tier_a,verification_ready_high,https://dam.assets.ohio.gov/image/upload/serb.ohio.gov/PDF/Contracts/2021/21-MED-04-0526.pdf,"Collective Bargaining Agreement (Upper Sandusky Education Association; Board of Education of the Upper Sandusky Exempted Village School District) — July 1, 2021 to June 30, 2024",Upper Sandusky,OH,non_safety_comparator,certificated personnel (per document recognition/scope language),Upper Sandusky Education Association,"JULY 1, 2021 - JUNE 30, 2024",2021-07-01,2024-06-30,collective_bargaining_agreement_or_moa_or_wage_schedule,non_safety_constraint_signal,same-city (Upper Sandusky; Upper Sandusky Exempted Village School District),overlaps expected period (covers 2021-2022 portion of 2020-2022 window),verified_source_lead,reachable_head_response_and_consistent_candidate_metadata,oversized_for_this_pass,not_downloaded,application/pdf,,104420921,,,,not_extracted,not_rated,not_ingested,not_codified,not_causal_evidence,false,2026-07-27T01:46:02Z,,,,,,,,,,,,,,,,,source_review_download,oversized_for_this_pass,2026-07-27T01:31:05Z,verified_source_lead_not_downloaded,200,"content_length_exceeds_pass_limit; attempts=1; elapsed_seconds=0.338; bytes only retained for accepted source files; no PDF page parsing, text extraction, or OCR.",true
RS429-5769628923310b680bbc,TS4L-4ebac999a9a820cc3540,lane_1,tier_a,verification_ready_high,https://www.fallriverschools.org/employment/contracts,Employment Contracts — Fall River Public Schools (collective bargaining agreements list),Fall River,MA,non_safety_comparator,Public school workforce (classified/administrative/instructional depending on listed contracts),Fall River Public Schools (bargaining units per listed agreements),2024-2027 (at least one item shown on page snippet),2024,2027,collective_bargaining_agreement_or_moa_or_wage_schedule,non_safety_constraint_signal,same_city=True (Fall River),unknown_overlap_cycle (page shows at least one 2024–2027 period),verified_source_lead,reachable_head_response_and_consistent_candidate_metadata,weak_or_needs_review,downloaded_excluded_not_retained,text/html,.html,71716,22955c2d96dfdb2d62c9457285b991459dc686248035b328eeb8b3a40f9c8436,,,not_extracted,not_rated,not_ingested,not_codified,not_causal_evidence,false,2026-07-27T01:46:04Z,,,,,,,,,,,,,,,,,source_review_download,weak_or_needs_review,2026-07-27T01:31:04Z,verified_source_lead_not_downloaded,200,"bounded_get_completed_supported_content; attempts=1; elapsed_seconds=1.821; bytes only retained for accepted source files; no PDF page parsing, text extraction, or OCR. embedded key-like literal detected by byte safety scan; local HTML copy removed.",true
RS429-377e35b8ebc4a01c2f49,TS4L-aa5970f8ec6daa115fe6,lane_1,tier_a,verification_ready_high,https://www.chandleraz.gov/sites/default/files/departments/management-services/City-of-Chandler-FY-24-25-Adopted-Budget-Book-v4.pdf,City of Chandler FY2024-25 Adopted Budget Book (Employee Compensation section; contract effective 7/1/2024–6/30/2026 references),Chandler,AZ,non_safety_comparator,Represented employee groups referenced in Employee Compensation section (CLEA/CLASA/IAFF mentioned),CLEA; CLASA; IAFF (exact unit scope to be confirmed from referenced sections),"Includes references to contracts effective July 1, 2024 through June 30, 2026 (and related FY2024-25 compensation detail)",2024-07-01 (per narr,2026-06-30 (per narr,collective_bargaining_agreement_or_moa_or_wage_schedule,non_safety_constraint_signal,same_city_candidate_lead,partial_overlap_possible_with_late_2023_or_2024_comparison_period,verified_source_lead,reachable_head_response_and_consistent_candidate_metadata,oversized_for_this_pass,not_downloaded,application/pdf,,57886144,,,,not_extracted,not_rated,not_ingested,not_codified,not_causal_evidence,false,2026-07-27T01:46:08Z,,,,,,,,,,,,,,,,,source_review_download,oversized_for_this_pass,2026-07-27T01:31:08Z,verified_source_lead_not_downloaded,200,"content_length_exceeds_pass_limit; attempts=1; elapsed_seconds=1.108; bytes only retained for accepted source files; no PDF page parsing, text extraction, or OCR.",true
RS429-c345e743f92535a6d5a1,TS4L-d552f7b4169c3ff4217d,lane_1,tier_a,verification_ready_high,https://www.auroragov.org/UserFiles/Servers/Server_1881137/File/Residents/Public%20Safety/Police/2023%20-%202024%20Collective%20Bargaining%20Agreement.pdf,City of Aurora (CO) Police 2023 - 2024 Collective Bargaining Agreement (PDF),Aurora,CO,non_safety_comparator,Police (collective bargaining unit contract document),,2023 - 2024,2023-01-01,2024-12-31,collective_bargaining_agreement_or_moa_or_wage_schedule,non_safety_constraint_signal,same-city_Aurora_CO,overlaps_2023-2024,verified_source_lead,reachable_head_response_and_consistent_candidate_metadata,weak_or_needs_review,not_downloaded,text/html,,,,,,not_extracted,not_rated,not_ingested,not_codified,not_causal_evidence,false,2026-07-27T01:46:08Z,,,,,,,,,,,,,,,,,source_review_download,weak_or_needs_review,2026-07-27T01:31:09Z,verified_source_lead_not_downloaded,403,"get_http_403; attempts=1; elapsed_seconds=0.351; bytes only retained for accepted source files; no PDF page parsing, text extraction, or OCR.",true
RS429-e4de3ff3cf8a3b483c92,TS4L-01e4b54028e3ddedf6a7,lane_1,tier_b,verification_ready_medium,https://cdnsm5-hosted.civiclive.com/UserFiles/Servers/Server_1881137/Image/Departments/Fire/CBA%202023%20-%202024.pdf,City of Aurora (CO) Fire Department CBA 2023 - 2024 (PDF),Aurora,CO,non_safety_comparator,Firefighters (collective bargaining unit contract document),,2023 - 2024,2023-01-01,2024-12-31,collective_bargaining_agreement_or_moa_or_wage_schedule,non_safety_constraint_signal,same-city_Aurora_CO,overlaps_2023-2024,verified_source_lead,reachable_head_response_and_consistent_candidate_metadata,weak_or_needs_review,not_downloaded,text/html,,,,,,not_extracted,not_rated,not_ingested,not_codified,not_causal_evidence,false,2026-07-27T01:46:11Z,,,,,,,,,,,,,,,,,source_review_download,weak_or_needs_review,2026-07-27T01:31:37Z,verified_source_lead_not_downloaded,403,"get_http_403; attempts=1; elapsed_seconds=0.378; bytes only retained for accepted source files; no PDF page parsing, text extraction, or OCR.",true
RS429-4b9792aaa1165602f2fb,TS4L-1c21ec7767f32219c3de,lane_1,tier_b,verification_ready_medium,https://detroitmi.gov/sites/detroitmi.localhost/files/events/2023-11/DPOA%20Contract%202022-2027.pdf,DPOA Contract 2022-2027 (Detroit Police Officers Association) [PDF],Detroit,MI,non_safety_comparator,Police (officers) - bargaining unit contract document lead,Detroit Police Officers Association (DPOA),2022-2027,2022,2027,collective_bargaining_agreement_or_moa_or_wage_schedule,non_safety_constraint_signal,"exact_city_match_expected (Detroit, MI)",overlap_expected_with_2022_to_2027,verified_source_lead,reachable_head_response_and_consistent_candidate_metadata,oversized_for_this_pass,not_downloaded,application/pdf,,41279554,,,,not_extracted,not_rated,not_ingested,not_codified,not_causal_evidence,false,2026-07-27T01:46:12Z,,,,,,,,,,,,,,,,,source_review_download,oversized_for_this_pass,2026-07-27T01:31:21Z,verified_source_lead_not_downloaded,200,"content_length_exceeds_pass_limit; attempts=1; elapsed_seconds=0.243; bytes only retained for accepted source files; no PDF page parsing, text extraction, or OCR.",true
RS429-0fdcd3c4e3c34834c7bd,TS4L-2378458fd602ed2d7dcd,lane_1,tier_b,verification_ready_medium,https://detroitmi.gov/sites/detroitmi.localhost/files/events/2023-11/DPLSA%20Contract%202022-2027.pdf,DPLSA Contract 2022-2027 (Detroit Police Lieutenants Supervisors Association) [PDF],Detroit,MI,non_safety_comparator,Police (lieutenants/supervisors) - bargaining unit contract document lead,Detroit Police Lieutenants & Supervisors Association (DPLSA),2022-2027,2022,2027,collective_bargaining_agreement_or_moa_or_wage_schedule,non_safety_constraint_signal,"exact_city_match_expected (Detroit, MI)",overlap_expected_with_2022_to_2027,verified_source_lead,reachable_head_response_and_consistent_candidate_metadata,oversized_for_this_pass,not_downloaded,application/pdf,,37230215,,,,not_extracted,not_rated,not_ingested,not_codified,not_causal_evidence,false,2026-07-27T01:46:13Z,,,,,,,,,,,,,,,,,source_review_download,oversized_for_this_pass,2026-07-27T01:31:21Z,verified_source_lead_not_downloaded,200,"content_length_exceeds_pass_limit; attempts=1; elapsed_seconds=0.146; bytes only retained for accepted source files; no PDF page parsing, text extraction, or OCR.",true
RS429-78c7d9065cd06ec93568,TS4L-40ecce79a21a8174baba,lane_1,tier_b,verification_ready_medium,https://cms2.revize.com/revize/roundlakebeach/Document%20Center/Agenda%20and%20Minutes/Council%20Meeting/2026-03-16%20Council%20Meeting%20Packet.pdf?t=202603131532090,"Village Board Meeting (March 16, 2026 Council Meeting Packet) — Memorandum re: Collective Bargaining Agreement (AFSCME) (Round Lake Beach, IL)",Round Lake Beach,IL,non_safety_comparator,Unknown (AFSCME bargaining unit within Village of Round Lake Beach),AFSCME (Village of Round Lake Beach),"January 1, 2026 through December 31, 2028",2026-01-01,2028-12-31,collective_bargaining_agreement_or_moa_or_wage_schedule,non_safety_constraint_signal,same_city,overlaps_target_period_2026-2028,verified_source_lead,reachable_head_response_and_consistent_candidate_metadata,oversized_for_this_pass,not_downloaded,application/pdf,,28243315,,,,not_extracted,not_rated,not_ingested,not_codified,not_causal_evidence,false,2026-07-27T01:46:13Z,,,,,,,,,,,,,,,,,source_review_download,oversized_for_this_pass,2026-07-27T01:31:30Z,verified_source_lead_not_downloaded,200,"content_length_exceeds_pass_limit; attempts=1; elapsed_seconds=0.315; bytes only retained for accepted source files; no PDF page parsing, text extraction, or OCR.",true
RS429-3c009a0a4395d5f6bd30,TS4L-4f072dbdc04fc09beae9,lane_1,tier_b,verification_ready_medium,https://wpnj.us/filestorage/485/528/530/567/11131/6-18-2025.pdf,Woodland Park Municipal Council packet PDF containing Ordinance 25-09 (PBA 173) and Ordinance 25-10 (DPW Association) wage/salary schedules,Woodland Park,NJ,non_safety_comparator,Police (non-supervisory bargaining unit employees affiliated with PBA 173),Police Benevolent Association 173,"Years 2025, 2026, 2027, 2028, 2029 (as stated for Ordinance 25-09 in the packet)",2025,2029,collective_bargaining_agreement_or_moa_or_wage_schedule,non_safety_constraint_signal,same_city_match,unknown,verified_source_lead,reachable_head_response_and_consistent_candidate_metadata,unavailable_on_get,not_downloaded,,,,,,,not_extracted,not_rated,not_ingested,not_codified,not_causal_evidence,false,2026-07-27T01:46:13Z,,,,,,,,,,,,,,,,,source_review_download,unavailable_on_get,2026-07-27T01:33:04Z,verified_source_lead_not_downloaded,404,"get_http_404; attempts=1; elapsed_seconds=0.136; bytes only retained for accepted source files; no PDF page parsing, text extraction, or OCR.",true
RS429-a39aaa225900f8e89ab2,TS4L-a96bee2acc6beac4884b,lane_1,tier_b,verification_ready_medium,https://cms7files1.revize.com/birmingham/Document_Center/Department/Human%20resource/Collective%20Bargaining%20Agreements/Birmingham%20Command%20CBA%202022-FINAL%20SIGNED.pdf,Birmingham Command CBA 2022-FINAL SIGNED,Birmingham,AL,non_safety_comparator,Police command / supervisory bargaining unit (exact group inferred from document title),Birmingham Command (as titled),"2022–(salary schedule references July 1, 2022 – June 30, 2025 in document text)",2022-07-01,2025-06-30,collective_bargaining_agreement_or_moa_or_wage_schedule,non_safety_constraint_signal,same_city,unknown,verified_source_lead,reachable_head_response_and_consistent_candidate_metadata,oversized_for_this_pass,not_downloaded,application/pdf,,29937532,,,,not_extracted,not_rated,not_ingested,not_codified,not_causal_evidence,false,2026-07-27T01:46:20Z,,,,,,,,,,,,,,,,,source_review_download,oversized_for_this_pass,2026-07-27T01:31:57Z,verified_source_lead_not_downloaded,200,"content_length_exceeds_pass_limit; attempts=1; elapsed_seconds=0.094; bytes only retained for accepted source files; no PDF page parsing, text extraction, or OCR.",true
RS429-1fe46e021757d113a758,TS4L-b01831de87ace42b7b0f,lane_1,tier_b,verification_ready_medium,https://ecommons.cornell.edu/bitstreams/aed72ff5-78e1-4b83-bf55-0de55c9964f2/download,NYS PERB Contract Collection – Metadata Header (Rome City School District Articles of Agreement; United Public Service Employees Union; Security Officers/Security Aides),Rome,NY,non_safety_comparator,school security officers / security aides,United Public Service Employees Union (school Security Officers and school Security Aides),"July 1, 2009 through June 30, 2012 (per search snippet)",2011-01-01,2012-12-31,collective_bargaining_agreement_or_moa_or_wage_schedule,non_safety_constraint_signal,"Rome, NY (Rome City School District)",Overlaps 2011-2015 expected window (overlap in years 2011-2012),verified_source_lead,reachable_head_response_and_consistent_candidate_metadata,blocked_by_transport,not_downloaded,,,,,,,not_extracted,not_rated,not_ingested,not_codified,not_causal_evidence,false,2026-07-27T01:46:20Z,,,,,,,,,,,,,,,,,source_review_download,blocked_by_transport,2026-07-27T01:31:57Z,verified_source_lead_not_downloaded,429,"get_http_429_after_bounded_retry; attempts=2; elapsed_seconds=0.334; bytes only retained for accepted source files; no PDF page parsing, text extraction, or OCR.",true
RS429-acfc31d053780ab74caf,TS4L-f163b8717d42d4aee607,lane_1,tier_b,verification_ready_medium,https://www.kckschools.org/hr/salary-schedules,Negotiated Agreements/Salary Schedules - Kansas City Kansas Unified School District 500 (USD 500),Kansas City,KS,non_safety_comparator,Educators / bargaining-unit employees covered by negotiated agreement salary schedules,"National Education Association – Kansas City, Kansas, Inc. (NEA Kansas City, Kansas)","2025-26 negotiated agreement (signed September 23, 2025)",2025-09-23,2026-06-30,collective_bargaining_agreement_or_moa_or_wage_schedule,non_safety_constraint_signal,"Kansas City, KS (same-city match likely via district explicitly named Kansas City, Kansas)",overlap uncertain (expected period unclear),verified_source_lead,reachable_head_response_and_consistent_candidate_metadata,weak_or_needs_review,downloaded_excluded_not_retained,text/html,.html,407842,fe1170f6707288479a28f14baa7f0c88bff3c771ba2d18b60b414be1ca418da2,,,not_extracted,not_rated,not_ingested,not_codified,not_causal_evidence,false,2026-07-27T01:46:26Z,,,,,,,,,,,,,,,,,source_review_download,weak_or_needs_review,2026-07-27T01:33:33Z,verified_source_lead_not_downloaded,200,"bounded_get_completed_supported_content; attempts=1; elapsed_seconds=1.672; bytes only retained for accepted source files; no PDF page parsing, text extraction, or OCR. embedded key-like literal detected by byte safety scan; local HTML copy removed.",true
RS429-a5b48de8b07974ae822a,TS4L-05593b01b76714aabcf0,lane_2,tier_b,verification_ready_medium,https://www.michigan.gov/leo/-/media/Project/Websites/leo/Documents/BER18/2018-MERC-Decisions/20181114c16k125.pdf?hash=B985F45646FDE99532F4BAA5B7E46F0E&rev=baf1f20261db469ab7685a6876d86b07,MERC Decision PDF: Macomb County and Police Officers Association of Michigan (POAM) (contains CBA period 1/1/2014–12/31/2016),Macomb,MI,safety_and_non_safety_bargaining_units,Police (law enforcement),Police Officers Association of Michigan (POAM),In-document CBA effective 01/01/2014 through 12/31/2016 (as stated in source snippet),2014-01-01,2016-12-31,cba_or_arbitration_award_or_factfinding_or_impasse_record,strike_or_no_strike_constraint,"Macomb match (Macomb County, MI)",Overlaps target window (2014–2024),verified_source_lead,reachable_head_response_and_consistent_candidate_metadata,weak_or_needs_review,not_downloaded,text/html,,,,,,not_extracted,not_rated,not_ingested,not_codified,not_causal_evidence,false,2026-07-27T01:46:26Z,,,,,,,,,,,,,,,,,source_review_download,weak_or_needs_review,2026-07-27T01:31:37Z,verified_source_lead_not_downloaded,403,"get_http_403; attempts=1; elapsed_seconds=0.055; bytes only retained for accepted source files; no PDF page parsing, text extraction, or OCR.",true
RS429-43f9207af1864bc5d702,TS4L-13907cad71ba29ad40fe,lane_2,tier_b,verification_ready_medium,https://appellate.nccourts.org/petitions/p-08182017.pdf,"SUPREME COURT OF NORTH CAROLINA — Petitions list including ""Kevin Bray and The Kernersville Professional Fire Fighters Association v. Curtis L. Swisher"" (COA16-928 / related entries)",Kernersville,NC,safety_and_non_safety_bargaining_units,firefighters (Professional Fire Fighters Association),The Kernersville Professional Fire Fighters Association,Related to COA16-928; case-linked timeframe within 2016-2017 (within 2014-2024 window),,,cba_or_arbitration_award_or_factfinding_or_impasse_record,strike_or_no_strike_constraint,Kernersville match (named in case listing),Within target window (2014-2024) based on docket/case-year references,verified_source_lead,reachable_head_response_and_consistent_candidate_metadata,weak_or_needs_review,not_downloaded,text/html,,,,,,not_extracted,not_rated,not_ingested,not_codified,not_causal_evidence,false,2026-07-27T01:46:27Z,,,,,,,,,,,,,,,,,source_review_download,weak_or_needs_review,2026-07-27T01:31:21Z,verified_source_lead_not_downloaded,403,"get_http_403; attempts=1; elapsed_seconds=0.365; bytes only retained for accepted source files; no PDF page parsing, text extraction, or OCR.",true
RS429-914d6076a06387e34740,TS4L-1c56aa07ae014d529726,lane_2,tier_b,verification_ready_medium,https://perb.ny.gov/impasse-between-town-tonawanda-and-town-tonawanda-salaried-workers-association-0,PERB: Impasse Between Town of Tonawanda and Town of Tonawanda Salaried Workers Association (impasse / fact-finding record locator),Tonawanda,NY,safety_and_non_safety_bargaining_units,Salaried workers (non-safety public employees; includes non-safety unit lead capacity),Town of Tonawanda Salaried Workers Association,2016-2019 (expected from impasse timeline; exact contract period not extracted),2016,2019,cba_or_arbitration_award_or_factfinding_or_impasse_record,strike_or_no_strike_constraint,same_municipality_match,expected_overlap_2014_2024,verified_source_lead,reachable_head_response_and_consistent_candidate_metadata,weak_or_needs_review,not_downloaded,text/html,,,,,,not_extracted,not_rated,not_ingested,not_codified,not_causal_evidence,false,2026-07-27T01:46:27Z,,,,,,,,,,,,,,,,,source_review_download,weak_or_needs_review,2026-07-27T01:32:00Z,verified_source_lead_not_downloaded,403,"get_http_403; attempts=1; elapsed_seconds=0.071; bytes only retained for accepted source files; no PDF page parsing, text extraction, or OCR.",true
RS429-42d0b07a783677d20c50,TS4L-20f523e843fc7de877fa,lane_2,tier_b,verification_ready_medium,https://ballotpedia.s3.amazonaws.com/images/0/0b/Fort_Wayne_CBA_Text_2022-2024.pdf,Fort Wayne CBA Text 2022-2024 (Police / Patrolmen's Benevolent Association),Wayne,IN,safety_and_non_safety_bargaining_units,Police (public safety),"Fort Wayne Patrolmen's Benevolent Association, Inc. (PBA) / Fraternal Order of Police referenced within document context",2022-2024,2022,2024,cba_or_arbitration_award_or_factfinding_or_impasse_record,strike_or_no_strike_constraint,"City mismatch likely (Fort Wayne found, not Wayne, IN explicitly in title/body snippet)",Overlaps expected period 2014-2024 (explicitly 2022-2024),verified_source_lead,reachable_head_response_and_consistent_candidate_metadata,oversized_for_this_pass,not_downloaded,application/pdf,,43474471,,,,not_extracted,not_rated,not_ingested,not_codified,not_causal_evidence,false,2026-07-27T01:46:29Z,,,,,,,,,,,,,,,,,source_review_download,oversized_for_this_pass,2026-07-27T01:32:15Z,verified_source_lead_not_downloaded,200,"content_length_exceeds_pass_limit; attempts=1; elapsed_seconds=0.318; bytes only retained for accepted source files; no PDF page parsing, text extraction, or OCR.",true
RS429-99f15ffe0ba43c449fa4,TS4L-24200973265955182652,lane_2,tier_b,verification_ready_medium,https://ecommons.cornell.edu/items/93025d05-c0cb-4f62-946d-ec34d12f6432,"NYS PERB CBA record: Newburgh, City of and City of Newburgh Unit, CSEA Local 1000, AFSCME, AFL-CIO (2017)",Newburgh,NY,safety_and_non_safety_bargaining_units,non-public-safety (civil service / general municipal unit),"CSEA Local 1000, AFSCME, AFL-CIO (City of Newburgh Unit)",2017 (document year shown in record title),,,cba_or_arbitration_award_or_factfinding_or_impasse_record,strike_or_no_strike_constraint,same_city_match,within_expected_window,verified_source_lead,reachable_head_response_and_consistent_candidate_metadata,blocked_by_transport,not_downloaded,,,,,,,not_extracted,not_rated,not_ingested,not_codified,not_causal_evidence,false,2026-07-27T01:46:29Z,,,,,,,,,,,,,,,,,source_review_download,blocked_by_transport,2026-07-27T01:32:07Z,verified_source_lead_not_downloaded,429,"get_http_429_after_bounded_retry; attempts=2; elapsed_seconds=0.344; bytes only retained for accepted source files; no PDF page parsing, text extraction, or OCR.",true
RS429-52c7f2e9351b1fb13a79,TS4L-3f208a626ed634fbcc78,lane_2,tier_b,verification_ready_high,https://www.njcourts.gov/system/files/court-opinions/2024/a3351-22.pdf,"TOWNSHIP OF HAMILTON v. PBA LOCAL 66 AND PBA LOCAL 66A (Appellate Division opinion; references November 8, 2022 arbitrator's award; CNAs cover Jan 1, 2020–Dec 31, 2024)",Hamilton,NJ,safety_and_non_safety_bargaining_units,Police officers / superior officers,PBA Local 66 and PBA Local 66A (Superior Officers Association),"January 1, 2020–December 31, 2024 (CNAs); arbitration award referenced as dated November 8, 2022",2020-01-01,2024-12-31,cba_or_arbitration_award_or_factfinding_or_impasse_record,strike_or_no_strike_constraint,"Exact same municipality match (Hamilton Township, NJ)",Overlaps target window (2014–2024) via 2020–2024 CNA and 2022 arbitration award,verified_source_lead,reachable_head_response_and_consistent_candidate_metadata,weak_or_needs_review,not_downloaded,text/html,,,,,,not_extracted,not_rated,not_ingested,not_codified,not_causal_evidence,false,2026-07-27T01:46:31Z,,,,,,,,,,,,,,,,,source_review_download,weak_or_needs_review,2026-07-27T01:31:14Z,verified_source_lead_not_downloaded,403,"get_http_403; attempts=1; elapsed_seconds=0.109; bytes only retained for accepted source files; no PDF page parsing, text extraction, or OCR.",true
RS429-28fb88a6c0d902ad17b5,TS4L-490a8211b65b67b22a28,lane_2,tier_b,verification_ready_medium,https://perb.ny.gov/system/files/documents/2024/05/m2017-043.pdf,"STATE OF NEW YORK PUBLIC EMPLOYMENT RELATIONS BOARD — Fact Finding Between West Babylon Union Free School District and Civil Service Employees Association (Para-Professional Unit), PERB Case No. M2017-043",Babylon,NY,safety_and_non_safety_bargaining_units,School district para-professional / support staff (CSEA Para-Professional Unit),Civil Service Employees Association (CSEA) (Para-Professional Unit),PERB Case No. M2017-043 (Fact-Finding Report; received 3/09/2018 per PERB listing),,,cba_or_arbitration_award_or_factfinding_or_impasse_record,strike_or_no_strike_constraint,Potential same-city match (West Babylon UFSD is in the Babylon/West Babylon area),Overlaps expected window (2014-2024): fact-finding received 2018,verified_source_lead,reachable_head_response_and_consistent_candidate_metadata,weak_or_needs_review,not_downloaded,text/html,,,,,,not_extracted,not_rated,not_ingested,not_codified,not_causal_evidence,false,2026-07-27T01:46:32Z,,,,,,,,,,,,,,,,,source_review_download,weak_or_needs_review,2026-07-27T01:31:18Z,verified_source_lead_not_downloaded,403,"get_http_403; attempts=1; elapsed_seconds=0.077; bytes only retained for accepted source files; no PDF page parsing, text extraction, or OCR.",true
RS429-e08fa103a060652f7a8f,TS4L-4ed745eaf952789e839d,lane_2,tier_b,verification_ready_high,https://www.alvin.gov/ArchiveCenter/ViewFile/Item/113,City of Alvin — Archive item (ViewFile/Item/113) referencing 2019-2020 Collective Bargaining Labor Agreement with Alvin Police Officers’ Union,Alvin,TX,safety_and_non_safety_bargaining_units,Police (public safety) — Alvin Police Officers’ Union,Alvin Police Officers’ Union (likely APOA),2019-2020 Collective Bargaining Labor Agreement (explicitly referenced); document appears to be around FY20/FY21 departmental reporting,2019-01-01 (inferred,2020-12-31 (inferred,cba_or_arbitration_award_or_factfinding_or_impasse_record,strike_or_no_strike_constraint,"same city (Alvin, TX) — affirmative",overlaps target window (2014-2024) — affirmative,verified_source_lead,reachable_head_response_and_consistent_candidate_metadata,weak_or_needs_review,not_downloaded,text/html,,,,,,not_extracted,not_rated,not_ingested,not_codified,not_causal_evidence,false,2026-07-27T01:46:32Z,,,,,,,,,,,,,,,,,source_review_download,weak_or_needs_review,2026-07-27T01:31:15Z,verified_source_lead_not_downloaded,403,"get_http_403; attempts=1; elapsed_seconds=0.352; bytes only retained for accepted source files; no PDF page parsing, text extraction, or OCR.",true
RS429-f4351c9bb1d94d3bc516,TS4L-5bfec12baa5278568433,lane_2,tier_b,verification_ready_medium,https://perb.ny.gov/system/files/documents/2024/05/m2017-044.pdf,"STATE OF NEW YORK PUBLIC EMPLOYMENT RELATIONS BOARD — Fact Finding Between West Babylon Union Free School District and Civil Service Employees Association (Non-Teaching Unit), PERB Case No. M2017-044",Babylon,NY,safety_and_non_safety_bargaining_units,"Non-teaching school district support staff (e.g., food service, custodial, transportation as described in PERB fact-finding context)",Civil Service Employees Association (CSEA) (Non-Teaching Unit),PERB Case No. M2017-044 (Fact-Finding Report; received 3/07/2018 per PERB listing),,,cba_or_arbitration_award_or_factfinding_or_impasse_record,strike_or_no_strike_constraint,Potential same-city match (West Babylon UFSD is in the Babylon/West Babylon area),Overlaps expected window (2014-2024): fact-finding received 2018,verified_source_lead,reachable_head_response_and_consistent_candidate_metadata,weak_or_needs_review,not_downloaded,text/html,,,,,,not_extracted,not_rated,not_ingested,not_codified,not_causal_evidence,false,2026-07-27T01:46:35Z,,,,,,,,,,,,,,,,,source_review_download,weak_or_needs_review,2026-07-27T01:31:18Z,verified_source_lead_not_downloaded,403,"get_http_403; attempts=1; elapsed_seconds=0.077; bytes only retained for accepted source files; no PDF page parsing, text extraction, or OCR.",true
RS429-345ed612942fbe5b4cd5,TS4L-66e3706fbe84b241e6be,lane_2,tier_b,verification_ready_medium,https://www.michigan.gov/-/media/Project/Websites/leo/Documents/BER-2016-Decisions/2016-Decisions/20161018cu15i028.pdf,"MICHIGAN EMPLOYMENT RELATIONS COMMISSION (BER) — Commission Decision / Recommended Order (Van Buren Township — Police Officers Labor Council), dated in 2016 (BER decision PDF)",Van Buren charter,MI,safety_and_non_safety_bargaining_units,Police Officers (public safety),Police Officers Labor Council (Van Buren Township),MERC/BER decision (2016) referencing Act 312 arbitration / bargaining over issues related to pension (exact CBA term not asserted here),2016-01-01,2016-12-31,cba_or_arbitration_award_or_factfinding_or_impasse_record,strike_or_no_strike_constraint,"Van Buren Township (Wayne County, MI)",Within 2014-2024 target window,verified_source_lead,reachable_head_response_and_consistent_candidate_metadata,weak_or_needs_review,not_downloaded,text/html,,,,,,not_extracted,not_rated,not_ingested,not_codified,not_causal_evidence,false,2026-07-27T01:46:37Z,,,,,,,,,,,,,,,,,source_review_download,weak_or_needs_review,2026-07-27T01:33:05Z,verified_source_lead_not_downloaded,403,"get_http_403; attempts=1; elapsed_seconds=0.097; bytes only retained for accepted source files; no PDF page parsing, text extraction, or OCR.",true
RS429-1d806f8fb6148c15285b,TS4L-98290706fa0537ab0fdf,lane_2,tier_b,verification_ready_medium,https://perb.ny.gov/system/files/documents/2024/03/ia83-013-award-7-27-84.pdf,PERB Arbitration Award (PERB Case No. IA83-013): Town of New Windsor and New Windsor Police Benevolent Association (received 7/27/1984),New Windsor,NY,safety_and_non_safety_bargaining_units,Police (safety),New Windsor Police Benevolent Association,2014-2024 target window,,,cba_or_arbitration_award_or_factfinding_or_impasse_record,strike_or_no_strike_constraint,same_municipality_match_found,outside_target_window_2014-2024,verified_source_lead,reachable_head_response_and_consistent_candidate_metadata,weak_or_needs_review,not_downloaded,text/html,,,,,,not_extracted,not_rated,not_ingested,not_codified,not_causal_evidence,false,2026-07-27T01:46:48Z,,,,,,,,,,,,,,,,,source_review_download,weak_or_needs_review,2026-07-27T01:31:57Z,verified_source_lead_not_downloaded,403,"get_http_403; attempts=1; elapsed_seconds=0.074; bytes only retained for accepted source files; no PDF page parsing, text extraction, or OCR.",true
RS429-cafc1aba4df8927ad7e9,TS4L-ad64ccb524289e9a7cfa,lane_2,tier_b,verification_ready_medium,https://www.michigan.gov/-/media/Project/Websites/leo/Documents/BER/2017-MERC-Decisions/20170425c16g079.pdf?rev=9c629185db1d4c3f8945967a24b3fe58,"Employment Relations Commission (MERC) Decision and Recommended/Final Order: Charter Township of West Bloomfield v. West Bloomfield Township Fire Fighters, Local 1721, IAFF — Case No. C16 G-079 (issued 2017-04-25)",West Bloomfield charter,MI,safety_and_non_safety_bargaining_units,Fire Fighters (IAFF Local 1721),"West Bloomfield Township Fire Fighters, Local 1721, International Association of Fire Fighters (IAFF)",2016-2017 (case docket C16 G-079; decision issued 2017-04-25),,,cba_or_arbitration_award_or_factfinding_or_impasse_record,strike_or_no_strike_constraint,match,unknown,verified_source_lead,reachable_head_response_and_consistent_candidate_metadata,weak_or_needs_review,not_downloaded,text/html,,,,,,not_extracted,not_rated,not_ingested,not_codified,not_causal_evidence,false,2026-07-27T01:46:49Z,,,,,,,,,,,,,,,,,source_review_download,weak_or_needs_review,2026-07-27T01:32:11Z,verified_source_lead_not_downloaded,403,"get_http_403; attempts=1; elapsed_seconds=0.056; bytes only retained for accepted source files; no PDF page parsing, text extraction, or OCR.",true
RS429-b4c0a76c6e9a25bdea0c,TS4L-c5a868f7ac3dca3494e2,lane_2,tier_b,verification_ready_high,https://www.newmilford.org/filestorage/7526/19046/24427/24429/FINAL_Police_Contract_7-2022_-_6-2026_Signed_%26_Dated.PDF,"FINAL Police Contract 7-2022 to 6-2026 (Signed & Dated) — Town of New Milford, CT (collective bargaining agreement)",New Milford,CT,safety_and_non_safety_bargaining_units,Police (public safety),Police bargaining unit (New Milford Police),"July 1, 2022 – June 30, 2026",2022,2024,cba_or_arbitration_award_or_factfinding_or_impasse_record,strike_or_no_strike_constraint,same_municipality_match_expected,overlaps_target_window_(2014-2024),verified_source_lead,reachable_head_response_and_consistent_candidate_metadata,unavailable_on_get,not_downloaded,,,,,,,not_extracted,not_rated,not_ingested,not_codified,not_causal_evidence,false,2026-07-27T01:46:51Z,,,,,,,,,,,,,,,,,source_review_download,unavailable_on_get,2026-07-27T01:31:15Z,verified_source_lead_not_downloaded,404,"get_http_404; attempts=1; elapsed_seconds=0.145; bytes only retained for accepted source files; no PDF page parsing, text extraction, or OCR.",true
RS429-04695dce42261f0b2878,TS4L-cca3469b73ed007bbb4e,lane_2,tier_b,verification_ready_medium,https://ecommons.cornell.edu/bitstreams/8d55ffd7-5cd3-471b-a742-7d03745f82c2/download,"NYS PERB Contract Collection – Metadata Header (Smithtown, Town of and Smithtown Part-Time Employees Unit, CSEA Local 1000, AFSCME, AFL-CIO, Suffolk County Local 852 (2015) (MOA))",Smithtown,NY,safety_and_non_safety_bargaining_units,non-safety (part-time employees; CSEA representation),"Town of Smithtown Part-Time Employees Unit, CSEA, AFSCME, AFL-CIO (Suffolk County Local 852, 1000)",Effective Date: 01/01/2015; Expiration Date: 12/31/2017,2015-01-01,2017-12-31,cba_or_arbitration_award_or_factfinding_or_impasse_record,strike_or_no_strike_constraint,high,overlaps_2014_2024,verified_source_lead,reachable_head_response_and_consistent_candidate_metadata,blocked_by_transport,not_downloaded,,,,,,,not_extracted,not_rated,not_ingested,not_codified,not_causal_evidence,false,2026-07-27T01:46:51Z,,,,,,,,,,,,,,,,,source_review_download,blocked_by_transport,2026-07-27T01:33:08Z,verified_source_lead_not_downloaded,429,"get_http_429_after_bounded_retry; attempts=2; elapsed_seconds=0.305; bytes only retained for accepted source files; no PDF page parsing, text extraction, or OCR.",true
RS429-464a8eb9cc0314c1b4f8,TS4L-cdca56d430ec90c3b672,lane_2,tier_b,verification_ready_medium,https://perb.ny.gov/system/files/documents/2024/03/ia89-004-award-4-9-90.pdf,OPINION AND AWARD — Town of Poughkeepsie Police Benevolent Association — PERB Case No. IA 89-4 (M 88-506),Poughkeepsie,NY,safety_and_non_safety_bargaining_units,Safety (police),Town of Poughkeepsie Police Benevolent Association,PERB Case No. IA 89-4 (interest arbitration award; outside requested 2014-2024 window),,,cba_or_arbitration_award_or_factfinding_or_impasse_record,strike_or_no_strike_constraint,Town of Poughkeepsie (not City; municipal-name mismatch vs 'Poughkeepsie' if user intended the City only),Outside target window (appears earlier than 2014-2024),verified_source_lead,reachable_head_response_and_consistent_candidate_metadata,weak_or_needs_review,not_downloaded,text/html,,,,,,not_extracted,not_rated,not_ingested,not_codified,not_causal_evidence,false,2026-07-27T01:46:53Z,,,,,,,,,,,,,,,,,source_review_download,weak_or_needs_review,2026-07-27T01:33:08Z,verified_source_lead_not_downloaded,403,"get_http_403; attempts=1; elapsed_seconds=0.068; bytes only retained for accepted source files; no PDF page parsing, text extraction, or OCR.",true
RS429-3cda9c90f8b231d83cef,TS4L-d94b3b63eb05781a8f63,lane_2,tier_b,verification_ready_medium,https://www.iaff.org/news/cfc/,Colorado Local’s Impressive Road to First Contract (IAFF) — mentions Wheat Ridge Fire Protection District / Local 4881 contract negotiations,Wheat Ridge,CO,safety_and_non_safety_bargaining_units,firefighters (IAFF),Wheat Ridge Local 4881 (IAFF),referenced negotiations leading to a one-year contract starting by 2014–2015 context (exact dates not stated in the lead),2014,2015,cba_or_arbitration_award_or_factfinding_or_impasse_record,strike_or_no_strike_constraint,partial_city_match (Wheat Ridge referenced; employer described as Wheat Ridge Fire Protection District),overlaps_target_window (2014–2024) based on 2014/2015 narrative,verified_source_lead,reachable_head_response_and_consistent_candidate_metadata,weak_or_needs_review,not_downloaded,text/html,,,,,,not_extracted,not_rated,not_ingested,not_codified,not_causal_evidence,false,2026-07-27T01:46:53Z,,,,,,,,,,,,,,,,,source_review_download,weak_or_needs_review,2026-07-27T01:33:33Z,verified_source_lead_not_downloaded,403,"get_http_403; attempts=1; elapsed_seconds=0.544; bytes only retained for accepted source files; no PDF page parsing, text extraction, or OCR.",true
RS429-94e71c1fcdb5cb6bb03d,TS4L-dae0bc160c5e02e53e83,lane_2,tier_b,verification_ready_medium,https://www.michigan.gov/leo/-/media/Project/Websites/leo/Documents/BER/MERC-meetings/2024/11-12-24-Meeting-Packet-for-Virtual-Attendees.pdf?hash=7A5F45F3D0A87C6283023CDDF845AF3B&rev=805033f14d68438bb3f02cc05c08394f,"MERC Meeting Packet (Virtual Attendees) — Listing: Brownstown, Charter Township of & Technical, Professional & Officeworkers Association of Michigan (MERC Case No. 24-J-1797-GM)",Brownstown charter,MI,safety_and_non_safety_bargaining_units,Non-safety (technical/professional & officeworkers),"Technical, Professional & Officeworkers Association of Michigan",Case initiated 10/14/2024 (mediation listing in MERC meeting packet),2024,2026,cba_or_arbitration_award_or_factfinding_or_impasse_record,strike_or_no_strike_constraint,"exact municipality match (Brownstown, Charter Township of, MI)",overlaps target window partially (initiative 10/14/2024 is within 2014-2024),verified_source_lead,reachable_head_response_and_consistent_candidate_metadata,weak_or_needs_review,not_downloaded,text/html,,,,,,not_extracted,not_rated,not_ingested,not_codified,not_causal_evidence,false,2026-07-27T01:46:54Z,,,,,,,,,,,,,,,,,source_review_download,weak_or_needs_review,2026-07-27T01:31:19Z,verified_source_lead_not_downloaded,403,"get_http_403; attempts=1; elapsed_seconds=0.063; bytes only retained for accepted source files; no PDF page parsing, text extraction, or OCR.",true
RS429-aa036663774841d59b2b,TS4L-f686c4b4a7fb4fde3ac8,lane_2,tier_b,verification_ready_medium,https://perb.ny.gov/town-colonie-and-colonie-police-benevolent-association,PERB: Town of Colonie and Colonie Police Benevolent Association (Opinion and Award / Compulsory Interest Arbitration),Colonie,NY,safety_and_non_safety_bargaining_units,Police (police officers and sergeants),Colonie Police Benevolent Association (PBA),2014-2024 target window,,,cba_or_arbitration_award_or_factfinding_or_impasse_record,strike_or_no_strike_constraint,same_municipality_match,cycle_window_unclear_from_search_snippet,verified_source_lead,reachable_head_response_and_consistent_candidate_metadata,weak_or_needs_review,not_downloaded,text/html,,,,,,not_extracted,not_rated,not_ingested,not_codified,not_causal_evidence,false,2026-07-27T01:46:56Z,,,,,,,,,,,,,,,,,source_review_download,weak_or_needs_review,2026-07-27T01:33:34Z,verified_source_lead_not_downloaded,403,"get_http_403; attempts=1; elapsed_seconds=0.077; bytes only retained for accepted source files; no PDF page parsing, text extraction, or OCR.",true
RS429-195756339d8aef41baaf,TS4L-2715aca0a278e66b3f71,lane_3,tier_b,verification_ready_medium,https://www.foxboroughma.gov/UserFiles/Servers/Server_15207780/File/Departments/Administration/Annual%20Reports/2022%20ATR%20Final%20Web%20Version%20condensed.pdf,Town of Foxborough Annual Report 2022 (includes Annual Town Meeting articles funding cost items for collective bargaining contracts),Foxborough,MA,non_safety_municipal_units,Highway/Water (DPW employees),"Foxborough Highway and Water Employees Union, AFSCME","Contract dated July 1, 2022 to June 30, 2023 (referenced in Annual Town Meeting articles)",2022-07-01,2023-06-30,cba_or_budget_pay_plan_with_explicit_compensation_mechanism,fiscal_constraint_signal,same_city,overlapping_2014_2024_window_expected,verified_source_lead,reachable_head_response_and_consistent_candidate_metadata,weak_or_needs_review,not_downloaded,text/html,,,,,,not_extracted,not_rated,not_ingested,not_codified,not_causal_evidence,false,2026-07-27T01:46:59Z,,,,,,,,,,,,,,,,,source_review_download,weak_or_needs_review,2026-07-27T01:31:29Z,verified_source_lead_not_downloaded,403,"get_http_403; attempts=1; elapsed_seconds=0.433; bytes only retained for accepted source files; no PDF page parsing, text extraction, or OCR.",true
RS429-269aca65b362ba21a63f,TS4L-f8827b366ba325d23ce8,lane_3,tier_b,verification_ready_medium,https://www.horizoncity.org/wp-content/uploads/Town-of-Horizon-City-Approved-FY2022-Budget.pdf,Town of Horizon City — Approved FY2022 Budget (Operating Budget),Horizon City,TX,non_safety_municipal_units,administrative employees (non-safety) and employees covered by collective bargaining (compensation plan incorporated in budget),,FY2022 Operating Budget,2021-10-01,2022-09-30,cba_or_budget_pay_plan_with_explicit_compensation_mechanism,fiscal_constraint_signal,Horizon City (Town of) — likely same municipality match,Overlaps expected 2014-2024 window (FY2022),verified_source_lead,reachable_head_response_and_consistent_candidate_metadata,oversized_for_this_pass,not_downloaded,application/pdf,,29669745,,,,not_extracted,not_rated,not_ingested,not_codified,not_causal_evidence,false,2026-07-27T01:47:09Z,,,,,,,,,,,,,,,,,source_review_download,oversized_for_this_pass,2026-07-27T01:33:09Z,verified_source_lead_not_downloaded,200,"content_length_exceeds_pass_limit; attempts=1; elapsed_seconds=0.202; bytes only retained for accepted source files; no PDF page parsing, text extraction, or OCR.",true
RS429-765e4fb05008fc764f4a,TS4L-faa8207d4a1164eccd00,lane_3,tier_b,verification_ready_medium,https://www.garfieldmi.gov/download/13178/2024-budget.pdf,"2024 Budget Report for Garfield Township (Charter Township of Garfield, MI)",Garfield charter,MI,non_safety_municipal_units,Non-safety township departments and roles shown in budget wage lines,,Budget year 2024 (document filename indicates 2024-budget),2024,2024,cba_or_budget_pay_plan_with_explicit_compensation_mechanism,fiscal_constraint_signal,likely_same_city,overlaps_2014_2024,verified_source_lead,reachable_head_response_and_consistent_candidate_metadata,weak_or_needs_review,not_downloaded,text/html,,,,,,not_extracted,not_rated,not_ingested,not_codified,not_causal_evidence,false,2026-07-27T01:47:10Z,,,,,,,,,,,,,,,,,source_review_download,weak_or_needs_review,2026-07-27T01:33:09Z,verified_source_lead_not_downloaded,403,"get_http_403; attempts=1; elapsed_seconds=0.455; bytes only retained for accepted source files; no PDF page parsing, text extraction, or OCR.",true
RS429-4b224f1e15a2907102d0,TS4L-30df6fbbe25cf11c4d7d,lane_4,tier_b,verification_ready_medium,https://www.lagrangeil.gov/Archive.aspx?ADID=1178,"VILLAGE OF LA GRANGE (document snippet references Illinois Fraternal Order of Police Labor Council agreement; includes “day of _,2014.”)",La Grange,IL,safety_and_non_safety_compensation_units,Police (patrol officers / police bargaining unit),Illinois Fraternal Order of Police Labor Council,2014 (exact term not visible in search snippet; document appears to relate to a police CBA dated in 2014),,,cba_or_compensation_study_or_classification_study_or_wage_schedule,market_or_comparability_pressure,"Exact municipality name match (La Grange, IL)",Overlaps expected window (2014–2024),verified_source_lead,reachable_head_response_and_consistent_candidate_metadata,oversized_for_this_pass,not_downloaded,application/pdf,,74592764,,,,not_extracted,not_rated,not_ingested,not_codified,not_causal_evidence,false,2026-07-27T01:47:13Z,,,,,,,,,,,,,,,,,source_review_download,oversized_for_this_pass,2026-07-27T01:32:07Z,verified_source_lead_not_downloaded,200,"content_length_exceeds_pass_limit; attempts=1; elapsed_seconds=0.298; bytes only retained for accepted source files; no PDF page parsing, text extraction, or OCR.",true
RS429-67823ad1d338d1c754e4,TS4L-3f7e2c9e53ec5bfcf801,lane_4,tier_b,verification_ready_medium,https://www.villageofgoshen-ny.gov/wp-content/uploads/bsk-pdf-manager/2024/11/11.12.24-CONTRACT-FRONT-END-BOILER-REPLACEMENT-BID-DOCUMENT.pdf,Village of Goshen bid/contract documents including prevailing wage schedule (PDF) — boiler replacement project,Goshen,NY,safety_and_non_safety_compensation_units,non-safety (public works/contracted labor wage schedule) — used as compensation schedule proxy,N/A (prevailing wage schedule for public works project rather than union unit),prevailing wage schedule described as effective July 2024 through June 2025 (as indicated on the document; exact effective dates not revalidated in this lead),2024-07-01 (as indic,2025-06-30 (as indic,cba_or_compensation_study_or_classification_study_or_wage_schedule,market_or_comparability_pressure,match_to_Goshen_Village_NY_not_verified,overlaps_2014_2024_window_but_not_verified_exact_overlap,verified_source_lead,reachable_head_response_and_consistent_candidate_metadata,weak_or_needs_review,not_downloaded,text/html,,,,,,not_extracted,not_rated,not_ingested,not_codified,not_causal_evidence,false,2026-07-27T01:47:14Z,,,,,,,,,,,,,,,,,source_review_download,weak_or_needs_review,2026-07-27T01:31:21Z,verified_source_lead_not_downloaded,403,"get_http_403; attempts=1; elapsed_seconds=0.197; bytes only retained for accepted source files; no PDF page parsing, text extraction, or OCR.",true
RS429-0d1d0ebe6697ac9ee934,TS4L-4901febb5e548fb39dab,lane_4,tier_b,verification_ready_medium,https://www.monroemi.gov/UserFiles/Servers/Server_10126506/File/City%20Hall/Departments/Human_Resources/Union%20Agreements/2022/Firefighter%20Contract%20July%202021-2026.pdf,"Firefighter Contract July 2021-2026 (City of Monroe, MI) — PDF",Monroe charter,MI,safety_and_non_safety_compensation_units,Firefighters / Public Safety,Firefighters (labor agreement),July 2021 - 2026,2021-07-01,2026-12-31,cba_or_compensation_study_or_classification_study_or_wage_schedule,market_or_comparability_pressure,likely_city_of_monroe_match_from_host_domain_monroemi.gov,overlaps_target_window_2014-2024_from_2021-2024_portion,verified_source_lead,reachable_head_response_and_consistent_candidate_metadata,weak_or_needs_review,not_downloaded,text/html,,,,,,not_extracted,not_rated,not_ingested,not_codified,not_causal_evidence,false,2026-07-27T01:47:14Z,,,,,,,,,,,,,,,,,source_review_download,weak_or_needs_review,2026-07-27T01:31:54Z,verified_source_lead_not_downloaded,403,"get_http_403; attempts=1; elapsed_seconds=0.347; bytes only retained for accepted source files; no PDF page parsing, text extraction, or OCR.",true
RS429-b5ba4ea9bfb4bd72cde7,TS4L-672e38d3f5a82994eda1,lane_4,tier_b,verification_ready_medium,https://perb.ny.gov/impasse-between-town-shawangunk-and-town-shawangunk-highway-association,Impasse Between: Town of Shawangunk and Town of Shawangunk Highway Association (Fact Finder’s Recommendations) (Case No. M2024-133 FF),Shawangunk,NY,safety_and_non_safety_compensation_units,"Highway Department employees (non-public-safety unit; includes HMEO, HMEO Mechanic, Working Supervisor titles)",Town of Shawangunk Highway Association (successor bargaining unit per PERB filing/representation process),"CBA expired Dec 31, 2023; successor negotiations for wages commencing Jan 1, 2024 (wage schedule shown through proposed future dates in the report)",2021-01-01,2023-12-31,cba_or_compensation_study_or_classification_study_or_wage_schedule,market_or_comparability_pressure,"exact municipality match (Shawangunk, NY)","overlaps target window (document centers wages commencing Jan 1, 2024; prior CBA years 2021-2023 included)",verified_source_lead,reachable_head_response_and_consistent_candidate_metadata,weak_or_needs_review,not_downloaded,text/html,,,,,,not_extracted,not_rated,not_ingested,not_codified,not_causal_evidence,false,2026-07-27T01:47:39Z,,,,,,,,,,,,,,,,,source_review_download,weak_or_needs_review,2026-07-27T01:32:10Z,verified_source_lead_not_downloaded,403,"get_http_403; attempts=1; elapsed_seconds=0.073; bytes only retained for accepted source files; no PDF page parsing, text extraction, or OCR.",true
RS429-d6f33ebf079284dfc520,TS4L-9cc85e0d11c59bb6802d,lane_4,tier_b,verification_ready_medium,https://www.iaff.org/news/strong-union-work-pays-off-for-poplar-bluff-mo-local-2543/,"IAFF news: “Strong Union Work Pays Off for Poplar Bluff, MO Local 2543”",Poplar Bluff,MO,safety_and_non_safety_compensation_units,Firefighters / Public safety bargaining unit (Local 2543 referenced),IAFF Local 2543 (referenced),2014-2024 target window,,,cba_or_compensation_study_or_classification_study_or_wage_schedule,market_or_comparability_pressure,exact_match,unknown_overlap_with_2014_2024,verified_source_lead,reachable_head_response_and_consistent_candidate_metadata,weak_or_needs_review,not_downloaded,text/html,,,,,,not_extracted,not_rated,not_ingested,not_codified,not_causal_evidence,false,2026-07-27T01:47:53Z,,,,,,,,,,,,,,,,,source_review_download,weak_or_needs_review,2026-07-27T01:33:28Z,verified_source_lead_not_downloaded,403,"get_http_403; attempts=1; elapsed_seconds=0.453; bytes only retained for accepted source files; no PDF page parsing, text extraction, or OCR.",true
RS429-d50cc7ee53e60a7d4b80,TS4L-b132e5643c7a2a4b12c0,lane_4,tier_b,verification_ready_medium,https://ecommons.cornell.edu/bitstreams/4fb4a720-e6c1-46d4-b561-94f321805141/download,NYS PERB Contract Collection – Metadata Header (document labeled as Village of Potsdam agreement with a bargaining unit; search within for salary/wage/classification sections),Potsdam,NY,safety_and_non_safety_compensation_units,public safety (police officers referenced in the agreement text snippet shown by search result) and potentially other categories depending on contract scope,Teamsters Local Union 687 (document snippet indicates police-officer coverage under the Village of Potsdam agreement),Not determined here (contract term years require locating within the linked document),,,cba_or_compensation_study_or_classification_study_or_wage_schedule,market_or_comparability_pressure,"same municipality (Village of Potsdam, NY) indicated in snippet",uncertain for 2014-2024 until contract term dates within the document are checked,verified_source_lead,reachable_head_response_and_consistent_candidate_metadata,weak_or_needs_review,not_downloaded,text/html,,0,,,,not_extracted,not_rated,not_ingested,not_codified,not_causal_evidence,false,2026-07-27T01:47:56Z,,,,,,,,,,,,,,,,,source_review_download,weak_or_needs_review,2026-07-27T01:31:23Z,verified_source_lead_not_downloaded,202,"empty_response_body; attempts=1; elapsed_seconds=0.085; bytes only retained for accepted source files; no PDF page parsing, text extraction, or OCR.",true
RS429-a6c951b8f7fba9f01ed7,TS4L-c9dce12e06449703afdf,lane_4,tier_b,verification_ready_medium,https://www.gatesvilletx.com/sites/default/files/fileattachments/city_council/meeting/3992/2019-05-14_minutes.pdf,City of Gatesville City Council Minutes — 2019-05-14 (agenda includes “CITY EMPLOYEE CLASSIFICATION AND COMPENSATION STUDY” and firm meeting),Gatesville,TX,safety_and_non_safety_compensation_units,city employees (civilian and public-safety related units referenced by classification/compensation study context),,2019-05-14 meeting referencing classification/compensation study work (likely tied to study implementation/rollout around 2019-2020),2019,2020,cba_or_compensation_study_or_classification_study_or_wage_schedule,market_or_comparability_pressure,"Exact municipality match (Gatesville, TX).",Overlaps target window (2014-2024) by meeting date in 2019 and likely connection to 2020 study completion.,verified_source_lead,reachable_head_response_and_consistent_candidate_metadata,duplicate_file_hash,downloaded_duplicate_quarantined,text/html,.html,4,5744d937b622e575a6d3306de8bf148d7ec2d9241195263e2ee3ad6b8b15aad3,,DUP429-5744d937b622e575,not_extracted,not_rated,not_ingested,not_codified,not_causal_evidence,false,2026-07-27T01:48:00Z,,,,,,,,,,,,,,,,,source_review_download,duplicate_file_hash,2026-07-27T01:31:58Z,verified_source_lead_not_downloaded,200,"bounded_get_completed_supported_content; attempts=1; elapsed_seconds=0.245; bytes only retained for accepted source files; no PDF page parsing, text extraction, or OCR. exact file hash duplicates retained candidate TS4L-8bafee7dbff694ee0d22; redundant local copy removed.",true
RS429-2b3544af37ea503ab47f,TS4L-cca2206b95e8ee874d78,lane_4,tier_b,verification_ready_medium,https://www.liveoaktx.net/files/finance_forms_and_reports/2022-23-Annual-Budget.pdf,City of Live Oak — Approved Budget 2022-2023 (PDF),Live Oak,TX,safety_and_non_safety_compensation_units,City employee compensation classifications (incl. public safety-related positions) vs. other employee classifications (as presented in budget),,2022-2023 (Approved Budget),2022-10-01,2023-09-30,cba_or_compensation_study_or_classification_study_or_wage_schedule,market_or_comparability_pressure,exact_city_name_match,overlaps_expected_window_2014-2024,verified_source_lead,reachable_head_response_and_consistent_candidate_metadata,oversized_for_this_pass,not_downloaded,application/pdf,,62294285,,,,not_extracted,not_rated,not_ingested,not_codified,not_causal_evidence,false,2026-07-27T01:48:00Z,,,,,,,,,,,,,,,,,source_review_download,oversized_for_this_pass,2026-07-27T01:33:02Z,verified_source_lead_not_downloaded,200,"content_length_exceeds_pass_limit; attempts=1; elapsed_seconds=0.358; bytes only retained for accepted source files; no PDF page parsing, text extraction, or OCR.",true
RS429-d098cc5aef609c5d454c,TS4L-f1291c08af829f3b939b,lane_4,tier_b,verification_ready_medium,https://apps.madisonlibrary.org/newspapers/bereacitizen/Berea_Citizen.2014.08.August_2014.pdf,"Berea Citizen (Aug 2014) — Ordinance 16-14 (City of Berea, KY) published in newspaper PDF",Berea,KY,safety_and_non_safety_compensation_units,public safety and other city employee classifications (as reflected in salary range tables),,calendar year impact stated in the ordinance document (within 2014; exact implementation dates to be confirmed in the source),2014-08-01,2014-08-31,cba_or_compensation_study_or_classification_study_or_wage_schedule,market_or_comparability_pressure,exact_municipality_match_expected,within_2014_2024_window,verified_source_lead,reachable_head_response_and_consistent_candidate_metadata,oversized_for_this_pass,not_downloaded,application/pdf,,31802073,,,,not_extracted,not_rated,not_ingested,not_codified,not_causal_evidence,false,2026-07-27T01:48:03Z,,,,,,,,,,,,,,,,,source_review_download,oversized_for_this_pass,2026-07-27T01:32:13Z,verified_source_lead_not_downloaded,200,"content_length_exceeds_pass_limit; attempts=1; elapsed_seconds=0.116; bytes only retained for accepted source files; no PDF page parsing, text extraction, or OCR.",true
