tag_id,root_compensation_event_id,tag_family,tag,validation_basis,technical_lineage
TAG-a8d5ba23be4d8eb54b4d831b,ROOTCOMP-d6fefb719f3dacf660eaa5e1,institutional_channel,ordinance_council_adoption,bounded event evidence and corrected compensation metadata,"[""WCM-62ab03d4a876b33b63946265""]"
TAG-35565bb0060fd4e0abc6ffbd,ROOTCOMP-1270a740fa570d096bb60983,institutional_channel,ordinance_council_adoption,bounded event evidence and corrected compensation metadata,"[""WCM-0b4900ef93b47c44574564c3"",""WCM-0c3c3c8a3061e5f667318b49"",""WCM-61f989b569fd91ff50693dfc""]"
TAG-fc02d9a902c17cbf4e8b8d32,ROOTCOMP-31925e7a7b94d67d6bba46c3,institutional_channel,budget_pay_plan_process,bounded event evidence and corrected compensation metadata,"[""WCM-49e4d62cc2ddfff18fc7c878""]"
TAG-4f29b16bba1e5bea9e274edc,ROOTCOMP-31925e7a7b94d67d6bba46c3,institutional_channel,ordinance_council_adoption,bounded event evidence and corrected compensation metadata,"[""WCM-49e4d62cc2ddfff18fc7c878""]"
TAG-4e7ff83c2c9e94eaf85a44f0,ROOTCOMP-66773447e6a05796c9613a66,institutional_channel,none_identified,bounded event evidence and corrected compensation metadata,"[""WCM-9e57bf8b4bc13bc4750478c9""]"
TAG-66bf3bde9b3f035d80a41812,ROOTCOMP-e76ba8adc52be1515bc9c465,institutional_channel,none_identified,bounded event evidence and corrected compensation metadata,"[""WCM-9a0f795650d7dbf24838460a""]"
TAG-9311943f344b0fcf71744f4f,ROOTCOMP-204b446134bf9cb11c02cc43,institutional_channel,none_identified,bounded event evidence and corrected compensation metadata,"[""WCM-15ac8d9522bad1a27741c6ee"",""WCM-5e4771175f5024761a46e4d8"",""WCM-e18af480216047fe951a0b0c"",""WCM-f50cbdfd2dbd49255744ccc6""]"
TAG-7a3b0e6fa73aea3f11e9754a,ROOTCOMP-b54559e6c56aa7e4635de327,institutional_channel,none_identified,bounded event evidence and corrected compensation metadata,"[""WCM-4679a4503125453f8805d588"",""WCM-4dbd00d16b7b835ddbf81972""]"
TAG-a82b88f2d1124d300c2e85f8,ROOTCOMP-6bf31b7372232ed035c12381,institutional_channel,none_identified,bounded event evidence and corrected compensation metadata,"[""WCM-3857d9bcd78c02ade6c39cb4""]"
TAG-6f3483d2cd5401c348576a0b,ROOTCOMP-1f2c469433c46c526f950716,institutional_channel,none_identified,bounded event evidence and corrected compensation metadata,"[""WCM-01d70fd3aedfe941a337fef3"",""WCM-4e28a2fb87361541beaa7d7e"",""WCM-9975659a2ddb79309ad4b24d""]"
TAG-02fafc99fd8c44adedac6ccd,ROOTCOMP-df127a7827589ca659be5a16,institutional_channel,none_identified,bounded event evidence and corrected compensation metadata,"[""WCM-9dbe287ee1b1418399a47b2c""]"
TAG-3d169d8dab471c79b9355b87,ROOTCOMP-a50b90b39d2fad8b60c7012a,institutional_channel,none_identified,bounded event evidence and corrected compensation metadata,"[""WCM-546b103aae2c922f3d39e6ce"",""WCM-b0d3f7cc420485a1e7f1eb12""]"
TAG-9872013ca08fcc6fd376e181,ROOTCOMP-619853891ac75c5d60ca57d7,institutional_channel,none_identified,bounded event evidence and corrected compensation metadata,"[""WCM-3d062c22d85f2adca21af21b"",""WCM-66c24574b8a3c849822c9ace"",""WCM-aaaf24bf2f0cfb2e2e9d0fd7""]"
TAG-400780a5686162f058d51a6c,ROOTCOMP-4bf8e0842357958edb258979,institutional_channel,none_identified,bounded event evidence and corrected compensation metadata,"[""WCM-20a631d9c0de37aed4d0904a""]"
TAG-bfc8d328a769c5e70e457112,ROOTCOMP-af3c5cdfd4b057b50f87727e,institutional_channel,ordinance_council_adoption,bounded event evidence and corrected compensation metadata,"[""WCM-a47e2950de5a3ecce227a477""]"
TAG-4395497e6978791d7ed6d978,ROOTCOMP-72235c06cc403d6cea3b6108,institutional_channel,none_identified,bounded event evidence and corrected compensation metadata,"[""WCM-f62c256138ecff82699a7e59"",""WCM-fb0f939634ca5338578bfc0a""]"
TAG-c881d0fc0d196ca7fe66062e,ROOTCOMP-8579bd70344616ba47d5c4e0,institutional_channel,budget_pay_plan_process,bounded event evidence and corrected compensation metadata,"[""WCM-02da8c0126a8a8ca4b0a9cca""]"
TAG-4510fb2d3704c0a9c43974bc,ROOTCOMP-8579bd70344616ba47d5c4e0,institutional_channel,ordinance_council_adoption,bounded event evidence and corrected compensation metadata,"[""WCM-02da8c0126a8a8ca4b0a9cca""]"
TAG-4a971b9302ab0912c70a1666,ROOTCOMP-8579bd70344616ba47d5c4e0,institutional_channel,settlement_or_mou,bounded event evidence and corrected compensation metadata,"[""WCM-02da8c0126a8a8ca4b0a9cca""]"
TAG-cda8c88006f48179920c634b,ROOTCOMP-cd2dd58ddfb43b62d0ba45f8,institutional_channel,ordinance_council_adoption,bounded event evidence and corrected compensation metadata,"[""WCM-a70c297ef779576e63ac7009""]"
TAG-31b11863a4c22326d6b0b403,ROOTCOMP-226c66c47fffae6c84293edf,institutional_channel,none_identified,bounded event evidence and corrected compensation metadata,"[""WCM-c840cf3435c0f6e8f6fe78ea""]"
TAG-554e4bdc0765d868b2f7b28e,ROOTCOMP-ad06d93710f6ad3ce533ac78,institutional_channel,none_identified,bounded event evidence and corrected compensation metadata,"[""WCM-6e267fbf76b2c47a36172d0c""]"
TAG-aff42a5b87cfd84696644813,ROOTCOMP-6aaf42989f0e08cfa5317f84,institutional_channel,ordinance_council_adoption,bounded event evidence and corrected compensation metadata,"[""WCM-5bec336493ea98dd689f59b1""]"
TAG-0535444ffe4a4c9372d898d4,ROOTCOMP-87947013413c80c3384df066,institutional_channel,none_identified,bounded event evidence and corrected compensation metadata,"[""WCM-6533fc6199fcb1389c208757""]"
TAG-483537867cb1dac135dff223,ROOTCOMP-e9fb536041986c9ead2da26e,institutional_channel,none_identified,bounded event evidence and corrected compensation metadata,"[""WCM-6ba1b0c7e88e5ae28047f408""]"
TAG-da42eca34d1a41d9f0c13c78,ROOTCOMP-1262eb380252cc321a5399ba,institutional_channel,ordinance_council_adoption,bounded event evidence and corrected compensation metadata,"[""WCM-961a470fc8373e3b048e1eae"",""WCM-d5a0161ad77d4e185474af39""]"
TAG-09ce536b7c7b6ec360c71794,ROOTCOMP-c3de95e9cf6bf33e7194be44,institutional_channel,budget_pay_plan_process,bounded event evidence and corrected compensation metadata,"[""WCM-fc808071f49a88c72d3e0476""]"
TAG-bf7c59fb0fed17805ff0167e,ROOTCOMP-b486f061948be93581557e31,institutional_channel,none_identified,bounded event evidence and corrected compensation metadata,"[""WCM-0e013f37fdbe835a8b23458e""]"
TAG-5c934c29c1dc46a846e745d2,ROOTCOMP-77a009d60f6be726a9525f32,institutional_channel,none_identified,bounded event evidence and corrected compensation metadata,"[""WCM-07320828baa6abf5cfd3efa9"",""WCM-c0ad165933c29101fc894405""]"
TAG-ce5d8b6db109cde3a8229e2a,ROOTCOMP-e3d4b443772a6b6e877e7084,institutional_channel,none_identified,bounded event evidence and corrected compensation metadata,"[""WCM-20abccf6c7a14b3dbb463b68""]"
TAG-a2a01fc878e69ad5b4ede86b,ROOTCOMP-509c255348bfda60c75cce3f,institutional_channel,none_identified,bounded event evidence and corrected compensation metadata,"[""WCM-80314403698b5b3f7dc232c5""]"
TAG-a7bfa1cf35030907923d00a0,ROOTCOMP-4d65163d3dc538fb2d9ad50b,institutional_channel,budget_pay_plan_process,bounded event evidence and corrected compensation metadata,"[""WCM-23ba53c031304e252fa081a2""]"
TAG-70acf6e894ab4fcfef816c71,ROOTCOMP-4d65163d3dc538fb2d9ad50b,institutional_channel,ordinance_council_adoption,bounded event evidence and corrected compensation metadata,"[""WCM-23ba53c031304e252fa081a2""]"
TAG-4217d5273285f17db52d9d55,ROOTCOMP-14ae680190ee0550ae9da63b,institutional_channel,none_identified,bounded event evidence and corrected compensation metadata,"[""WCM-8b9dca1f560b14c6c07ba1c7""]"
TAG-f806b5d421bfa8cb09fb556b,ROOTCOMP-a971f405851350cd8cd686ce,institutional_channel,none_identified,bounded event evidence and corrected compensation metadata,"[""WCM-312cafebb565647d7ea40665""]"
TAG-ed7475ad0e6d52aa75810c60,ROOTCOMP-f7c869e33ce2212cae287fd7,institutional_channel,ordinance_council_adoption,bounded event evidence and corrected compensation metadata,"[""WCM-75ceeee2d18f3e77d6faa717""]"
TAG-fd85e61a01a91d8be9346eb8,ROOTCOMP-ceb4551cd1c7a3529346e5c1,institutional_channel,none_identified,bounded event evidence and corrected compensation metadata,"[""WCM-86afc0ef22cd1f69745b3db0""]"
TAG-44dc2766b1c48199aa753724,ROOTCOMP-8280ebcc4caf526d373b4a05,institutional_channel,none_identified,bounded event evidence and corrected compensation metadata,"[""WCM-2006495d0dd550a331c36c05"",""WCM-45db2e7cbc338d6c177ec776"",""WCM-88397c64b48e0f7f54da883c""]"
TAG-5befd0e285813d701e13c626,ROOTCOMP-d86b92376f2d0e2420ab799b,institutional_channel,none_identified,bounded event evidence and corrected compensation metadata,"[""WCM-9c6f8a60031bd13607846b43""]"
TAG-ba7c0c9ddeb69fdce2e3c8e7,ROOTCOMP-13b7692570da921c139b20b2,institutional_channel,none_identified,bounded event evidence and corrected compensation metadata,"[""WCM-5aadf2f72e5927f7cf88f59e""]"
TAG-5f3c6dcb184448372065e122,ROOTCOMP-f282dc2c99996d2f15ce2381,institutional_channel,none_identified,bounded event evidence and corrected compensation metadata,"[""WCM-b46d0bfc102eae1c38ee54a3""]"
TAG-56662fa01f8fa331516a5fe8,ROOTCOMP-a13a0553d089c50fd963d4af,institutional_channel,none_identified,bounded event evidence and corrected compensation metadata,"[""WCM-2dd539ce0076a55b4babda8b"",""WCM-3ec25684d90f21f15ae19910"",""WCM-64b3fc61178cb0045685350e""]"
TAG-8048d35b6a33dfe68df39a07,ROOTCOMP-996f0e23007d37af866f6dba,institutional_channel,none_identified,bounded event evidence and corrected compensation metadata,"[""WCM-e44a3b0af7c49cbca324aa89""]"
TAG-65c66c18d59293f06b32a21c,ROOTCOMP-43dd7b93bce85f2b5f2b4e39,institutional_channel,none_identified,bounded event evidence and corrected compensation metadata,"[""WCM-38a8df9887e02c635c1a2250""]"
TAG-e53ddee95331032ea400369b,ROOTCOMP-3d7b140f683fd69d39f731bf,institutional_channel,none_identified,bounded event evidence and corrected compensation metadata,"[""WCM-0802ee6ad62132aae404965b"",""WCM-630aa9233d8991d444efb4db"",""WCM-807257f3277c4c36ddcd1367""]"
TAG-af195d860ec68e71f8dcbf31,ROOTCOMP-7b48378c862a1aec13fe6796,institutional_channel,none_identified,bounded event evidence and corrected compensation metadata,"[""WCM-ed801424d59f7ce36bd3d7c8""]"
TAG-52ae3304c20239a4f1019954,ROOTCOMP-5f609578975c2a20f72f2d0c,institutional_channel,none_identified,bounded event evidence and corrected compensation metadata,"[""WCM-f3a3bb542a70e55679a3df50""]"
TAG-5ee33f063d4c99e199ce7b52,ROOTCOMP-678cf9754dfe5e6ea83f8690,institutional_channel,ordinance_council_adoption,bounded event evidence and corrected compensation metadata,"[""WCM-53cd67ab6bc393d0d6175c0b"",""WCM-93c36e5ad1963988f3aa21aa"",""WCM-da06bcd36d1e4334e2b1b915""]"
TAG-349a748e1546b860e87c96ac,ROOTCOMP-c7f61f8b689a6eb09ae7c638,institutional_channel,none_identified,bounded event evidence and corrected compensation metadata,"[""WCM-813480c86ab2645fe4c2318e"",""WCM-816b92a7c393ee6e371c751d"",""WCM-97e5989ac13a0bfe1efa5820"",""WCM-e383ce45bb52151603dd6c2b""]"
TAG-598db015446068a76cfb27a5,ROOTCOMP-aa89db09d179849a9e4e74d6,institutional_channel,none_identified,bounded event evidence and corrected compensation metadata,"[""WCM-96a5b5283a08c782dc68aafe""]"
TAG-3a4bcd09809bdc4074b87714,ROOTCOMP-f21faad7ba48bee4b7c54228,institutional_channel,none_identified,bounded event evidence and corrected compensation metadata,"[""WCM-428cd75112f2052113786bec"",""WCM-d361b4af8a4b38591f187f1f""]"
TAG-3bf48ac564768d9b9ea5f7f2,ROOTCOMP-6113ec41a058ab071fc6ddc8,institutional_channel,none_identified,bounded event evidence and corrected compensation metadata,"[""WCM-981175f0bfcab801e5c39cd0"",""WCM-aaa20c94dfa794f0dac36f15""]"
TAG-8fc17f3bad57cdb1ccdcce35,ROOTCOMP-06585b784716d718fa13e0bc,institutional_channel,none_identified,bounded event evidence and corrected compensation metadata,"[""WCM-3673dfd39933da6cd44fa0ce"",""WCM-663bf494e33846a839fe35c5""]"
TAG-ae36b4d552d1908a84a6d570,ROOTCOMP-b50ed2067a846a02d61c5608,institutional_channel,none_identified,bounded event evidence and corrected compensation metadata,"[""WCM-7dfa84ec2b8a75c1b1a2de7e""]"
TAG-c22ec002ace51ce648fcc814,ROOTCOMP-ac250e23c3fc676b6ee013e5,institutional_channel,none_identified,bounded event evidence and corrected compensation metadata,"[""WCM-17100e100173cb11916d6db2"",""WCM-60e605355e19a02e7f737181""]"
TAG-49d35cb64ed246659135d9da,ROOTCOMP-f037a27bceee674c41aac00c,institutional_channel,none_identified,bounded event evidence and corrected compensation metadata,"[""WCM-c7daee9b6b3be63a1e75ee5b"",""WCM-e16fa4e094fcc1dc49b2f968""]"
TAG-7f75cb3c1668de52fc463e43,ROOTCOMP-ee82caf72590329a53d9bfef,institutional_channel,none_identified,bounded event evidence and corrected compensation metadata,"[""WCM-0d70c619ba777c79c993bbd4"",""WCM-3d250aec4c73f8ab3d5be5ac""]"
TAG-c960406d6497e24776238b24,ROOTCOMP-365d82ee056fa0874b205c9d,institutional_channel,none_identified,bounded event evidence and corrected compensation metadata,"[""WCM-8827e22eb3ef2b36ae225784""]"
TAG-9d1f2246d30411ebecf66304,ROOTCOMP-2d90efbdddba8522ee347b53,institutional_channel,none_identified,bounded event evidence and corrected compensation metadata,"[""WCM-713ef16a9d14d68efe23f6bf""]"
TAG-79f09d5e1883efebbd7cd0aa,ROOTCOMP-e22b462eca61c379b3e99691,institutional_channel,budget_pay_plan_process,bounded event evidence and corrected compensation metadata,"[""WCM-d78c972c16d74baad3f16daa""]"
TAG-603e5f0f205f8087a098f33a,ROOTCOMP-e22b462eca61c379b3e99691,institutional_channel,ordinance_council_adoption,bounded event evidence and corrected compensation metadata,"[""WCM-d78c972c16d74baad3f16daa""]"
TAG-648cc46875593f2bd5bc7bbc,ROOTCOMP-010642f1c7d7f4ec79b844cb,institutional_channel,none_identified,bounded event evidence and corrected compensation metadata,"[""WCM-d1a741beb958b8a310b9aae4""]"
TAG-5535a861085b86d62222c2fd,ROOTCOMP-d4251540f5c9c1c93e2eaffb,institutional_channel,settlement_or_mou,bounded event evidence and corrected compensation metadata,"[""WCM-4660f8b6ecb0a496aac1b35d""]"
TAG-f7534c274e6e66a2663defa3,ROOTCOMP-1895f15d36801d4e0f21f6e0,institutional_channel,none_identified,bounded event evidence and corrected compensation metadata,"[""WCM-d4ab8ecfd8711e8461a53af4""]"
TAG-59272f87cfd612ec268bb8f2,ROOTCOMP-647f648f8ecd72a7f93fa921,institutional_channel,ordinance_council_adoption,bounded event evidence and corrected compensation metadata,"[""WCM-16b5acb3e914f5ba714d52c7"",""WCM-5048f6a0c25ff412a901add4""]"
TAG-71857b564122510c3ce1c148,ROOTCOMP-d5372d0ff75524ff96da86a5,institutional_channel,none_identified,bounded event evidence and corrected compensation metadata,"[""WCM-5087b3f6f36460ea2965d7b3""]"
TAG-fe6c13f20af1d2b266cc9d26,ROOTCOMP-08d707c4ce6c3052a80fb400,institutional_channel,none_identified,bounded event evidence and corrected compensation metadata,"[""WCM-9c420cd1881287940b5297f2"",""WCM-c86d690bd3c6b1943adbdbab""]"
TAG-fb078af6bc7b08250e8c4bbc,ROOTCOMP-7f8ec2282377369884fe4d5d,institutional_channel,ordinance_council_adoption,bounded event evidence and corrected compensation metadata,"[""WCM-22a8efaffbcfb846d2d86df9"",""WCM-b6e01cf2f6c8838d95186f30"",""WCM-e6e853d12fbf769ad3e435ae""]"
TAG-2d78b3a136ac976b582bd989,ROOTCOMP-10fab2197c69fecbbcaa0c42,institutional_channel,none_identified,bounded event evidence and corrected compensation metadata,"[""WCM-15f81ee8cc185f7ed4c7efd9""]"
TAG-f6002d5c2bb7f28eba445ca3,ROOTCOMP-0302906b70d6b1d2bba29cc7,institutional_channel,none_identified,bounded event evidence and corrected compensation metadata,"[""WCM-a6e6c44f5eefea41882431bd""]"
TAG-4be5c59455acfe7cfac5d4bc,ROOTCOMP-6eea590c08c4af3bfb842a41,institutional_channel,none_identified,bounded event evidence and corrected compensation metadata,"[""WCM-3a157b7f31c9c3a98cc1c3f6"",""WCM-8d30fd905ca61f31537a2ee8"",""WCM-e92525cb63cd7faa5076c720""]"
TAG-f2e360c1cabe396099e421ef,ROOTCOMP-71fc4510e2ff114c68a82ce3,institutional_channel,none_identified,bounded event evidence and corrected compensation metadata,"[""WCM-0e1549f09712b32e301a9dfb"",""WCM-da120d221cf5c5f2d2965470""]"
TAG-8eedb403aa4463be3e39a8b0,ROOTCOMP-5625b28fe3823dd416ec1bac,institutional_channel,none_identified,bounded event evidence and corrected compensation metadata,"[""WCM-0f2d68ad2cfefcb002405a0c"",""WCM-e3ad430ff224c831f86516c9""]"
TAG-eee3474c20d03f4f18259bdf,ROOTCOMP-8ff9c66d61a76f749c424126,institutional_channel,none_identified,bounded event evidence and corrected compensation metadata,"[""WCM-2ab7b241b3fb43daa482ae12""]"
TAG-daf855b7633bfd27ba521222,ROOTCOMP-759586009c64d550669c8f8b,institutional_channel,none_identified,bounded event evidence and corrected compensation metadata,"[""WCM-768987956d4463e0c8bc2281""]"
TAG-c713e44a149d22843cb1f2e9,ROOTCOMP-c55722b3a6fbbfbb6bf0f607,institutional_channel,none_identified,bounded event evidence and corrected compensation metadata,"[""WCM-3e161a83169a743c9ea7cd51""]"
TAG-d55d6198b01987c430e1b631,ROOTCOMP-7ca74f3e487be8b7176e2eff,institutional_channel,none_identified,bounded event evidence and corrected compensation metadata,"[""WCM-f244146ae6a6235da24297aa""]"
TAG-dcae42981a52fb86486a02df,ROOTCOMP-9114e50085bb152ddd7d318e,institutional_channel,none_identified,bounded event evidence and corrected compensation metadata,"[""WCM-930e3d044f8f76e4196b390b""]"
TAG-15c656403f461f45b41dcfe4,ROOTCOMP-99292aff06972e8df6d0edf5,institutional_channel,none_identified,bounded event evidence and corrected compensation metadata,"[""WCM-35b208348b5cbb3f5761e550"",""WCM-8642e987abba6c69f362630d"",""WCM-bd87e810f5cdda873a5aad6b""]"
TAG-f8192f532ae5184892beacf7,ROOTCOMP-8eaf51f5ac368f0f83e35473,institutional_channel,ordinance_council_adoption,bounded event evidence and corrected compensation metadata,"[""WCM-540f644c6222a8f72ecc752f""]"
TAG-1f6bf57563d318b972d487ea,ROOTCOMP-e1cce2e4cc078280f1141815,institutional_channel,none_identified,bounded event evidence and corrected compensation metadata,"[""WCM-90ced93b315b8ff535ce6c0c""]"
TAG-c172caaf5fd137abbe69e3c7,ROOTCOMP-b830aedef8c79c31366acb76,institutional_channel,budget_pay_plan_process,bounded event evidence and corrected compensation metadata,"[""WCM-3927e8d3b6ce8efbbaaca824"",""WCM-b0fc90da805db3ee0dd59579""]"
TAG-19b083af4b90b947aeabcc38,ROOTCOMP-0fe4dbe37d66bd85358069bc,institutional_channel,ordinance_council_adoption,bounded event evidence and corrected compensation metadata,"[""WCM-67b6ec0808007fc70ce1224d""]"
TAG-5a221248f9f4a292173c893f,ROOTCOMP-b25514e3897f9c276b0c773f,institutional_channel,budget_pay_plan_process,bounded event evidence and corrected compensation metadata,"[""WCM-faf57a47ccb8209ff0aff123""]"
TAG-cbb254f78fddb07d8e809c35,ROOTCOMP-477debf8e9c7cd6cdbd88206,institutional_channel,none_identified,bounded event evidence and corrected compensation metadata,"[""WCM-a9d2ada822b336b70cb1e3f1""]"
TAG-4843d0ba5a2628837bdbfb2b,ROOTCOMP-ea2ba21531f5c1ef50335d20,institutional_channel,none_identified,bounded event evidence and corrected compensation metadata,"[""WCM-25ff76a280a0052b5382fa2b""]"
TAG-471680fd581ccbc392523061,ROOTCOMP-1d977f4d794a4cead0799fc6,institutional_channel,ordinance_council_adoption,bounded event evidence and corrected compensation metadata,"[""WCM-9de01962e314fdcfb6f38e50""]"
TAG-bfcc09a42a1ba8f56f6343b7,ROOTCOMP-98c342a92b0fe300043e5502,institutional_channel,none_identified,bounded event evidence and corrected compensation metadata,"[""WCM-a0ef15a5d2431d5125625663"",""WCM-e757946bfc4f80b08ba7ecd5"",""WCM-f2db516e401954320dda3295""]"
TAG-0579cc092dafa8550baf75c5,ROOTCOMP-ca75d89b46c0ed5311f995c7,institutional_channel,budget_pay_plan_process,bounded event evidence and corrected compensation metadata,"[""WCM-d6293cd34c34b8d8d46cb2b8""]"
TAG-dee55a508dfad443085f3483,ROOTCOMP-ca75d89b46c0ed5311f995c7,institutional_channel,ordinance_council_adoption,bounded event evidence and corrected compensation metadata,"[""WCM-d6293cd34c34b8d8d46cb2b8""]"
TAG-de7eae3c9ebf4fc58c9cc00e,ROOTCOMP-e436daf894cf91fe6a9006bb,institutional_channel,none_identified,bounded event evidence and corrected compensation metadata,"[""WCM-241a24fde336f65177ee56d8"",""WCM-c851f0ef2d8eec30e8d75893""]"
TAG-ffeb38b5dfd67a10395fa092,ROOTCOMP-8ef3ae30ad55d64d224da752,institutional_channel,budget_pay_plan_process,bounded event evidence and corrected compensation metadata,"[""WCM-c4d9e4c7ccd1a7ba09486578""]"
TAG-ff1dcf3431f7df9d6c92afa4,ROOTCOMP-8ef3ae30ad55d64d224da752,institutional_channel,ordinance_council_adoption,bounded event evidence and corrected compensation metadata,"[""WCM-c4d9e4c7ccd1a7ba09486578""]"
TAG-fde0c55290d9b647b58cf943,ROOTCOMP-0ef92b502abdb6256454c508,institutional_channel,ordinance_council_adoption,bounded event evidence and corrected compensation metadata,"[""WCM-6c150a5f980083eea3d94cda""]"
TAG-276473f480e79ec1181bf81d,ROOTCOMP-0ef92b502abdb6256454c508,institutional_channel,settlement_or_mou,bounded event evidence and corrected compensation metadata,"[""WCM-6c150a5f980083eea3d94cda""]"
TAG-f60ffdedad16c4ed355f3dde,ROOTCOMP-a5260ce8159f7d5fadc2d149,institutional_channel,none_identified,bounded event evidence and corrected compensation metadata,"[""WCM-78cd156531aae6edb8c85d20""]"
TAG-8ce6d4380888634ecc67abdf,ROOTCOMP-7756518a671ebc1a3a5bacc4,institutional_channel,none_identified,bounded event evidence and corrected compensation metadata,"[""WCM-d219b21c7c746d1419448436""]"
TAG-137bb99d6911664ad331a589,ROOTCOMP-9ffa0328e5791e5628bd6afe,institutional_channel,none_identified,bounded event evidence and corrected compensation metadata,"[""WCM-6627164e3dcbee3cb9861b74""]"
TAG-d192b948a293b4cd12aaedee,ROOTCOMP-335fd8dff1cadf74ddf9810c,institutional_channel,none_identified,bounded event evidence and corrected compensation metadata,"[""WCM-9254c3062bba376885a7f7c1""]"
TAG-8cb089b18892000fa9b94166,ROOTCOMP-d8599a696a3df82a05cccbb1,institutional_channel,ordinance_council_adoption,bounded event evidence and corrected compensation metadata,"[""WCM-96e54951ecdfe111043f59c1"",""WCM-a2f3f1fdc55789c4161f686f""]"
TAG-a86b3e57b69f321e5e5d6fde,ROOTCOMP-1108a7cc0322da20a24dafad,institutional_channel,ordinance_council_adoption,bounded event evidence and corrected compensation metadata,"[""WCM-22606a16f110959d9bd3e3d9"",""WCM-6648e7d796a8ad16628e9607"",""WCM-88ff656d98983898894750be"",""WCM-b5b238f74e854c379942e1f7""]"
TAG-078ed71aef7badd626587c24,ROOTCOMP-de50eb2a90224be807dbfdd2,institutional_channel,none_identified,bounded event evidence and corrected compensation metadata,"[""WCM-feb5efe5a5a6ab1b3b6bbc79""]"
TAG-042fac17cd4e2c9a765425e7,ROOTCOMP-e32a070c4f7888159973530b,institutional_channel,none_identified,bounded event evidence and corrected compensation metadata,"[""WCM-c0907d268a0e915b4436bf04""]"
TAG-5a77e874306402123baeee69,ROOTCOMP-11fa77fc068d9ab6dd952e20,institutional_channel,none_identified,bounded event evidence and corrected compensation metadata,"[""WCM-04c8179ba9ce85b8b086e9cc""]"
TAG-ce9a1df1759d08d163b371c6,ROOTCOMP-3b0e0bfefc882ddc98a9bd94,institutional_channel,none_identified,bounded event evidence and corrected compensation metadata,"[""WCM-2b300c960e1cfac5daf51a6b""]"
TAG-6f51666d8341d82b9a993ece,ROOTCOMP-1805b8e6dbb496b1190a8153,institutional_channel,none_identified,bounded event evidence and corrected compensation metadata,"[""WCM-37d41cf6fb63fe28eb87865a""]"
TAG-d03e71354122a6129131ca47,ROOTCOMP-4634a4838821badfe38584fe,institutional_channel,none_identified,bounded event evidence and corrected compensation metadata,"[""WCM-f5a5598a76bf52773b07cc14""]"
TAG-63e34ba3027492daa7de9a78,ROOTCOMP-586ca7b84f063dd36b4075d8,institutional_channel,none_identified,bounded event evidence and corrected compensation metadata,"[""WCM-387e18d28e48ad46d2258c44""]"
TAG-04598ebd0a80a7cc0c396280,ROOTCOMP-568542beaf2541239201fe7b,institutional_channel,none_identified,bounded event evidence and corrected compensation metadata,"[""WCM-4a74e48768732e72f782598c"",""WCM-64d7b1268f30fa95b15e4626""]"
TAG-5dcca49b6708da86bd446a20,ROOTCOMP-156764fc857720910257c45e,institutional_channel,none_identified,bounded event evidence and corrected compensation metadata,"[""WCM-58b65841df5415d5b57253fb""]"
TAG-4bfcb1d5170104c9c89aba87,ROOTCOMP-003681018491e0f80af17b77,institutional_channel,none_identified,bounded event evidence and corrected compensation metadata,"[""WCM-227e0219aa036a6e6efd7d9f"",""WCM-479ab02c9949ebc6393ae90a"",""WCM-8945f8bc7d114decdf02b6d6""]"
TAG-b93ed5cb0b74b0366ea74e83,ROOTCOMP-0751b2d93ecc42c1b21eaa0d,institutional_channel,none_identified,bounded event evidence and corrected compensation metadata,"[""WCM-aa7cbc4f4123fffc575bf430""]"
TAG-9f9928a075a0fc51e3fc0d97,ROOTCOMP-f51ccebf1572317a6ca95b5e,institutional_channel,none_identified,bounded event evidence and corrected compensation metadata,"[""WCM-23891795f63764b893e27b34"",""WCM-65a7fe849bc48dd904e0f501""]"
TAG-81870228e43fd53394bcaa41,ROOTCOMP-365975f09e392f08b92b5af5,institutional_channel,none_identified,bounded event evidence and corrected compensation metadata,"[""WCM-eb237140251482f1692fea5f""]"
TAG-548fd448f354de7d14cba958,ROOTCOMP-edd7bc214a65116ea0521b22,institutional_channel,none_identified,bounded event evidence and corrected compensation metadata,"[""WCM-cef9f82f8cb303a649ab2ae9""]"
TAG-08369dfb351a7fa1b2738eaf,ROOTCOMP-c06f457c22f56f555bd20a1c,institutional_channel,none_identified,bounded event evidence and corrected compensation metadata,"[""WCM-1ef118fa3917fd167fcdb04a"",""WCM-4de4073f5aa5a5651c6dfae4"",""WCM-aa2ad10b3c04b9f413552b1e""]"
TAG-70ebce57093ea51afa1e295a,ROOTCOMP-5927c2f74dd7d14580b451c4,institutional_channel,none_identified,bounded event evidence and corrected compensation metadata,"[""WCM-8ae628b5db597e9dc8221513""]"
TAG-300c4b0faabd64e3a0a5bb3e,ROOTCOMP-baefca1a69947871639dc1ff,institutional_channel,none_identified,bounded event evidence and corrected compensation metadata,"[""WCM-680cac03e6e4a43eb2a6d033"",""WCM-ae09106c4b50babbe7572ea6""]"
TAG-9a56cf951e9d5fb4db3aaacc,ROOTCOMP-b64ed7697ee120c797b79cd7,institutional_channel,none_identified,bounded event evidence and corrected compensation metadata,"[""WCM-b2319ca749ef581824404a6d""]"
TAG-e44e210f308f90bd3cd461ea,ROOTCOMP-af1ec0547ecec7ed97c696b7,institutional_channel,none_identified,bounded event evidence and corrected compensation metadata,"[""WCM-00ec678def1c9ed0f809f416""]"
TAG-b3f6093deabc5cab4bced571,ROOTCOMP-8aa7eea6527f9d2f9d800660,institutional_channel,none_identified,bounded event evidence and corrected compensation metadata,"[""WCM-db3f92344bc90e8908007a13"",""WCM-effb96cc324d3f0a6348b5e6""]"
TAG-5c7601bd76c2f8c0f8b782ba,ROOTCOMP-2231f6f92352d0bd694d8529,institutional_channel,none_identified,bounded event evidence and corrected compensation metadata,"[""WCM-6f304c764075567a8e305df0"",""WCM-a799d703f15c67548bfb7de5""]"
TAG-c3503da5a540b0c70f6a0579,ROOTCOMP-f38b13102a07cce326db092a,institutional_channel,none_identified,bounded event evidence and corrected compensation metadata,"[""WCM-fb2f27707b8c33d388d260d9""]"
TAG-70addfac8b285799e10535aa,ROOTCOMP-fbae2d51501ca53daf5e2466,institutional_channel,none_identified,bounded event evidence and corrected compensation metadata,"[""WCM-c4dcabfe5cb24a2eb07a4d7f""]"
TAG-b46e45f75af8d993926b5838,ROOTCOMP-2fa01605114e0ca6d7450397,institutional_channel,ordinance_council_adoption,bounded event evidence and corrected compensation metadata,"[""WCM-c898db05101f35fa7aad6d87""]"
TAG-4208961513c831cccf75f971,ROOTCOMP-07192482f3bd4db202fa1f70,institutional_channel,none_identified,bounded event evidence and corrected compensation metadata,"[""WCM-d1759963f380185258b83a55""]"
TAG-5e5b067f2799278062262d05,ROOTCOMP-bf84997d675400265c590e3e,institutional_channel,none_identified,bounded event evidence and corrected compensation metadata,"[""WCM-e97852ef4138446c45bda877""]"
TAG-593602071f2e756b5b96f905,ROOTCOMP-9aacb12c32b268c19c742421,institutional_channel,none_identified,bounded event evidence and corrected compensation metadata,"[""WCM-495d64352520542a71a10276""]"
TAG-302dae0ee1bc487b3286372d,ROOTCOMP-9d9cef1e90b6e6ec64070512,institutional_channel,none_identified,bounded event evidence and corrected compensation metadata,"[""WCM-0cf00c27a56c4ed00bbe9695"",""WCM-e70ba7b1cf6e98fedbfecaa3""]"
TAG-f14edf215f8aeb781e4ff0e8,ROOTCOMP-1100d99c298e80c79ed3471e,institutional_channel,none_identified,bounded event evidence and corrected compensation metadata,"[""WCM-b8d6dbf7cb89992cf08b3b25"",""WCM-ecda3829c5c71d5837daf15f"",""WCM-fc77c7206b288bdc9f545d63""]"
TAG-ce168893d9a2d0adbf6e906e,ROOTCOMP-6d5868c2eecd16969854d0f4,institutional_channel,none_identified,bounded event evidence and corrected compensation metadata,"[""WCM-1e3a769a6fd927dc9fe4bdb2"",""WCM-20ae74a01a6fd5f3e32ede85"",""WCM-31aabe008f30251a59206885"",""WCM-3f7de081f797cc1d435fb46a"",""WCM-6f0033eca587db04721de77e"",""WCM-a2109bdf34ab2d10f7aa311e"",""WCM-d40299d1e69b46e4178ce680""]"
TAG-f9641455b94831a195f7f07e,ROOTCOMP-7e2cbb6fcd0fb4bd9de4b89d,institutional_channel,ordinance_council_adoption,bounded event evidence and corrected compensation metadata,"[""WCM-0bb52d2cc296c095ca57f5f4"",""WCM-4136107fe6973a3cfab70a37"",""WCM-6d9dced1e93c08ae76f9f451""]"
TAG-545b9c42e1068336565186b8,ROOTCOMP-00ff490bec9c2bc8a5b14c2d,institutional_channel,none_identified,bounded event evidence and corrected compensation metadata,"[""WCM-4e5d1e223466185e3395c822""]"
TAG-05a8007add7be8f95c74b8b0,ROOTCOMP-3bca9a7b3183a53be318faf2,institutional_channel,ordinance_council_adoption,bounded event evidence and corrected compensation metadata,"[""WCM-066a5047098e601d6023ced7""]"
TAG-421c970a853ee6f76869fa82,ROOTCOMP-bb004f13a92a2b3fa35d3d06,institutional_channel,none_identified,bounded event evidence and corrected compensation metadata,"[""WCM-00f484d321c29ed673e020c5"",""WCM-4c92a01e32a712d0d3e3e923"",""WCM-69bcaf77d99d4b4304dd3405""]"
TAG-0a5750f25ada756032f6965e,ROOTCOMP-cd49acfee736c40d3fe56b40,institutional_channel,none_identified,bounded event evidence and corrected compensation metadata,"[""WCM-a243d7d7441c30a1001b4cba""]"
TAG-f853e1400bcc90e0136e8576,ROOTCOMP-b3540574c297c9ed550a3697,institutional_channel,none_identified,bounded event evidence and corrected compensation metadata,"[""WCM-124498eeba0b28948b49280f"",""WCM-86c22eba571c4c5aa980c6b6""]"
TAG-1900b5d95aff627ad9f001c9,ROOTCOMP-130f4d9e6ca85e2cdf872660,institutional_channel,none_identified,bounded event evidence and corrected compensation metadata,"[""WCM-68150dfad344df349df72462""]"
TAG-1d488eb5bbfbc51817cb6802,ROOTCOMP-941fad2aaf35ac13a625b96d,institutional_channel,none_identified,bounded event evidence and corrected compensation metadata,"[""WCM-32256568e659cbdf701fe602"",""WCM-8ee408eda0a13e11fd9e8de6"",""WCM-e2f860782039d5c0e107e75b"",""WCM-f314c6c3b61e1b18c0897b34""]"
TAG-09434fef9bc11da78faee8e6,ROOTCOMP-d4752ca4a1bb517de4ebec98,institutional_channel,ordinance_council_adoption,bounded event evidence and corrected compensation metadata,"[""WCM-33858d6dbc437ca39563c621""]"
TAG-e56d3c6bbbd97584492f8c3f,ROOTCOMP-55d353bb6a2b43e9c341ce3d,institutional_channel,ordinance_council_adoption,bounded event evidence and corrected compensation metadata,"[""WCM-ee1321773c876ee4ec5a2ace""]"
TAG-2d18f7222922f31a080d3870,ROOTCOMP-2bea223562c44ea9dd07c298,institutional_channel,none_identified,bounded event evidence and corrected compensation metadata,"[""WCM-7ffc2c4f9f783b679204b398"",""WCM-e9df92dd77a1f40bb490d3f6""]"
TAG-681e3f865045de973df66989,ROOTCOMP-f9f0fed797b1980f25207b01,institutional_channel,none_identified,bounded event evidence and corrected compensation metadata,"[""WCM-1f79a9ca7361208c0b3b9a38""]"
TAG-ccdfc69264819b6455c58996,ROOTCOMP-654161f24c9030341d3fba92,institutional_channel,none_identified,bounded event evidence and corrected compensation metadata,"[""WCM-311d07994f7024fa2d8ac4d6""]"
TAG-637d3e9203bb788e7e77208d,ROOTCOMP-c4b877346b185afa15a6d840,institutional_channel,budget_pay_plan_process,bounded event evidence and corrected compensation metadata,"[""WCM-a5e68c137fe256bde885db09""]"
TAG-c65bf57416ba597542310faf,ROOTCOMP-c4b877346b185afa15a6d840,institutional_channel,settlement_or_mou,bounded event evidence and corrected compensation metadata,"[""WCM-a5e68c137fe256bde885db09""]"
TAG-8cc6633ee4f9fa6e35281afc,ROOTCOMP-5c7765ac3141b416e9a79713,institutional_channel,ordinance_council_adoption,bounded event evidence and corrected compensation metadata,"[""WCM-c03f3c861338908cda4a99b5""]"
TAG-f6469f3e338930f0342b5fb7,ROOTCOMP-b7b8d337a7b00dcd532e6eff,institutional_channel,ordinance_council_adoption,bounded event evidence and corrected compensation metadata,"[""WCM-621ab1678e2088aaee2698e2"",""WCM-740198f18a5691fe75543499"",""WCM-ebd2ddcd7e21fd91427f4f74""]"
TAG-905c7c6b5b7f217556e85d94,ROOTCOMP-1b29dfdf09ff5987a773febc,institutional_channel,budget_pay_plan_process,bounded event evidence and corrected compensation metadata,"[""WCM-08965ccec8226d95d2cfcef4"",""WCM-177776fe7315350cb183338f"",""WCM-e58983e82d781c4800c6fb6e""]"
TAG-b7aed20c1891daeafec07c6e,ROOTCOMP-cfd7515849c5c7d5111c31a6,institutional_channel,none_identified,bounded event evidence and corrected compensation metadata,"[""WCM-1343b11b31482192a7f3a7bd"",""WCM-d16f1b0946b76ee9cb400f92""]"
TAG-5df6a73b0307ac5620b558d5,ROOTCOMP-adbec70874a11548724ddc8f,institutional_channel,none_identified,bounded event evidence and corrected compensation metadata,"[""WCM-032d8b6483930031bd3d6c9e"",""WCM-487dc9433fadcfa61ffa64aa"",""WCM-ab342ef1e33401270cb148c7""]"
TAG-858c09cdbc61488526e517a5,ROOTCOMP-f3f8d34a85b46b7620a18921,institutional_channel,budget_pay_plan_process,bounded event evidence and corrected compensation metadata,"[""WCM-3ac670958a8d6a9fae17de29""]"
TAG-85c4ef7fd9c7fc557a97f59c,ROOTCOMP-6d92a48a84ff38d54c6a57c1,institutional_channel,ordinance_council_adoption,bounded event evidence and corrected compensation metadata,"[""WCM-72223c103a1b5b8f8cdc6253""]"
TAG-3813b2970a035c12be2c8708,ROOTCOMP-aa9e8a4f30cd1672bbe09b1b,institutional_channel,none_identified,bounded event evidence and corrected compensation metadata,"[""WCM-1a13ab4d2c6b9a89b5e13ed6"",""WCM-643aeb048ec9c9d3b3dcff4c"",""WCM-94240db1210d7cb63280ba88""]"
TAG-5646a773db678a01d9d72f05,ROOTCOMP-cd22c641ecf31d838a35eb3e,institutional_channel,budget_pay_plan_process,bounded event evidence and corrected compensation metadata,"[""WCM-ac709251ae1d5ccd674fee0d""]"
TAG-f1cec761d1f2ee32320f7329,ROOTCOMP-cd22c641ecf31d838a35eb3e,institutional_channel,ordinance_council_adoption,bounded event evidence and corrected compensation metadata,"[""WCM-ac709251ae1d5ccd674fee0d""]"
TAG-ea33ca53ab95543ec92fb3ac,ROOTCOMP-dab7721a2aa8a9e55560ce02,institutional_channel,none_identified,bounded event evidence and corrected compensation metadata,"[""WCM-0fa0db63e7a9b9e9d8e01e75"",""WCM-e03726012d3625373c3796c0""]"
TAG-04288e2eef777b40582b6d5e,ROOTCOMP-65a7972bd10f2f0549d0d8f1,institutional_channel,budget_pay_plan_process,bounded event evidence and corrected compensation metadata,"[""WCM-9dd621ea49d4862554a63f4d"",""WCM-b443b06d052a0c070d799816""]"
TAG-a1b587fc7ba8617d3beee27e,ROOTCOMP-897891d9c77016ba5d5159ed,institutional_channel,budget_pay_plan_process,bounded event evidence and corrected compensation metadata,"[""WCM-a8e51956cc4de485ece0fe82""]"
TAG-e631e5932c25151cb1f45e71,ROOTCOMP-5a236cbd11ea019c96d66187,institutional_channel,budget_pay_plan_process,bounded event evidence and corrected compensation metadata,"[""WCM-32b49176cd62239f7517e0fc"",""WCM-6dea8604a1db956d0df37731"",""WCM-b420dcdab2b5daa6011c3936""]"
TAG-a89ee07d8cca3dca27b42a69,ROOTCOMP-67f4688300c1e19c75af2da7,institutional_channel,none_identified,bounded event evidence and corrected compensation metadata,"[""WCM-48cb46b123b247b2c88ac4b7"",""WCM-4e0ea0ac53caaae6176bc297""]"
TAG-c9870e23e87f35fd42f3f336,ROOTCOMP-9d515c323c0a76ea278ad914,institutional_channel,budget_pay_plan_process,bounded event evidence and corrected compensation metadata,"[""WCM-6106f12680aa574273e05e86""]"
TAG-25a7a9234873189e967a758d,ROOTCOMP-13e2873358b960601503bc17,institutional_channel,budget_pay_plan_process,bounded event evidence and corrected compensation metadata,"[""WCM-4659ecd7c01a50412de55981""]"
TAG-6d6094a9bcb74895a4381438,ROOTCOMP-13e2873358b960601503bc17,institutional_channel,ordinance_council_adoption,bounded event evidence and corrected compensation metadata,"[""WCM-4659ecd7c01a50412de55981""]"
TAG-dcdc982150b1c24c0c9cd2ea,ROOTCOMP-963d5bb2d3bab8e9b8f0583b,institutional_channel,ordinance_council_adoption,bounded event evidence and corrected compensation metadata,"[""WCM-29fb6473e70a90ab4484f4f6"",""WCM-b62c53fecd4cbbe049b2b0b7"",""WCM-f28a15ca7a05942c6b52c338""]"
TAG-8e1cbdfbacef6830d70f4dbf,ROOTCOMP-e50de8512114a47591654cc6,institutional_channel,none_identified,bounded event evidence and corrected compensation metadata,"[""WCM-f223f13bd9a819d4316df789""]"
TAG-edeef056fd561c8d57673b54,ROOTCOMP-b9b7a2f20266b93987d1355b,institutional_channel,budget_pay_plan_process,bounded event evidence and corrected compensation metadata,"[""WCM-31ce1aef725032eec6bbabc5"",""WCM-47d0cafe16052481cb3cb1d5"",""WCM-70fb5a23dd60cb27dea7a44e"",""WCM-af701e10fbe0fc8d6942eadb"",""WCM-e81fc010018895c6db53c6cb""]"
TAG-93ddad03038be2aae8ea1e6d,ROOTCOMP-257bfea8952a7fd8b16cbd83,institutional_channel,none_identified,bounded event evidence and corrected compensation metadata,"[""WCM-5ee642fb27ea43937062c39c"",""WCM-d17446f8a68b3d0f5aa31315"",""WCM-ea93fa6fc3f045d47351ce5f""]"
TAG-bc90a36c2c08c90a1fafbda9,ROOTCOMP-ffb9af7ddbb8361ca4a58b1a,institutional_channel,budget_pay_plan_process,bounded event evidence and corrected compensation metadata,"[""WCM-a606b784789fa3860db092cb""]"
TAG-2442afa4d67e7261ef0711b5,ROOTCOMP-8a61462ed69c965f853fbfce,institutional_channel,budget_pay_plan_process,bounded event evidence and corrected compensation metadata,"[""WCM-3742871657af7f8e9cfeebed"",""WCM-3f410570750de169cce66281"",""WCM-4489117b825072796a422d15"",""WCM-563fbdf1777bd09d2bf79f5c""]"
TAG-150615faa329fd85dd3fae2b,ROOTCOMP-fc93008f70ab9f2c1f02fc2d,institutional_channel,ordinance_council_adoption,bounded event evidence and corrected compensation metadata,"[""WCM-88fa062771f34acaa9a0b3a5""]"
TAG-9bbccfe00c5a89c6b97588cb,ROOTCOMP-647d5fbf28b42e61771a7fa8,institutional_channel,budget_pay_plan_process,bounded event evidence and corrected compensation metadata,"[""WCM-a503e0846170e530c430a485""]"
TAG-968d4817ecce2af5b7b6b6be,ROOTCOMP-4f6021715d6e29a7095e86c0,institutional_channel,none_identified,bounded event evidence and corrected compensation metadata,"[""WCM-326152272897892f08be3026""]"
TAG-91dd91af76c3a27926d9db2c,ROOTCOMP-a6646f135f57dc66d5da404c,institutional_channel,budget_pay_plan_process,bounded event evidence and corrected compensation metadata,"[""WCM-bc7ac5b709b20dab2d476c07""]"
TAG-ab32cdecdacdfeb926c28d85,ROOTCOMP-7d8c3bd8ecee486ee9976a14,institutional_channel,none_identified,bounded event evidence and corrected compensation metadata,"[""WCM-0e23cc4c6510460786d2f87a"",""WCM-fc7fe159173643bd67ad6465""]"
TAG-9479913cdaf87ff47f78f796,ROOTCOMP-df7fb05171723d2335863c29,institutional_channel,none_identified,bounded event evidence and corrected compensation metadata,"[""WCM-cb4c33518cfd556eee201a13""]"
TAG-aa1ca3858802b4f7e2809189,ROOTCOMP-9e81e4788eb43967a59559fa,institutional_channel,budget_pay_plan_process,bounded event evidence and corrected compensation metadata,"[""WCM-0fce561c51a035335bfc8440""]"
TAG-494278cf3a8eb0c9ff893b8a,ROOTCOMP-b3d54cdac3b5aaed2d4e1064,institutional_channel,none_identified,bounded event evidence and corrected compensation metadata,"[""WCM-d2c2c5524089af82aac208d1""]"
TAG-44cda4c6e5f94fde42cffb0c,ROOTCOMP-bdf171c3b77ce5d2a34ead7f,institutional_channel,none_identified,bounded event evidence and corrected compensation metadata,"[""WCM-4cdc4b8c3d69b54f8bb6b649""]"
TAG-9971009b12b68b7a696875bf,ROOTCOMP-4c6d85dbb751e51fea7f7d57,institutional_channel,none_identified,bounded event evidence and corrected compensation metadata,"[""WCM-0a1299db424432d36f6ef347""]"
TAG-2f9b994fcbd759a5ce013e6c,ROOTCOMP-80086536ea90e055f64a18e1,institutional_channel,none_identified,bounded event evidence and corrected compensation metadata,"[""WCM-061566c7a8428bf671190f9b""]"
TAG-425d76b28d2831aa609864ef,ROOTCOMP-a9d6287a460d64c042efd359,institutional_channel,none_identified,bounded event evidence and corrected compensation metadata,"[""WCM-7f90ca7daae8f91f91e0fda8""]"
TAG-a57e43a9079c199684aa9540,ROOTCOMP-642f1ee7b3469ab0da37d39a,institutional_channel,none_identified,bounded event evidence and corrected compensation metadata,"[""WCM-5cc83b91f2aaa015ac787622"",""WCM-7233447874df8d870e6a29ae""]"
TAG-87b7df1704bb14a3662ac3dc,ROOTCOMP-0c679c24e2415e59eca36e16,institutional_channel,none_identified,bounded event evidence and corrected compensation metadata,"[""WCM-0b9e59f92cd977f620dc2156"",""WCM-a0904a70b2737a97463f9410""]"
TAG-5bb942d6ff698e1032f5c985,ROOTCOMP-4d55d1029dbd432cd897dce1,institutional_channel,none_identified,bounded event evidence and corrected compensation metadata,"[""WCM-4c3916d6d102df984183f16a""]"
TAG-b8d8bd160432efa5645aeac5,ROOTCOMP-3fc71d69696b87969bf64497,institutional_channel,none_identified,bounded event evidence and corrected compensation metadata,"[""WCM-35a638757e68422e13e593bf""]"
TAG-03abbd3b155a049d8dd5a655,ROOTCOMP-af94a10fbc6dcff7e19813e0,institutional_channel,none_identified,bounded event evidence and corrected compensation metadata,"[""WCM-c1fadbb467b33fb231151c47""]"
TAG-49eced869e867425d0066ab6,ROOTCOMP-957f90169d2e975fbd3e0f3e,institutional_channel,ordinance_council_adoption,bounded event evidence and corrected compensation metadata,"[""WCM-1c340b192ca46061a2fd435f""]"
TAG-77068d7673dbef32727b6965,ROOTCOMP-a0632418e218d69938dff115,institutional_channel,none_identified,bounded event evidence and corrected compensation metadata,"[""WCM-7ca2aeef8216a47c949b3902"",""WCM-bca3bb28e3ca31b4b639773f"",""WCM-f604566d629e6940418855d2""]"
TAG-30a60eb58399a2b50e2c12df,ROOTCOMP-eda485ac949a4da1c824d21d,institutional_channel,none_identified,bounded event evidence and corrected compensation metadata,"[""WCM-d35af76f6c48e5776ce13e3b""]"
TAG-e7ff55296d405f6e686b4bb5,ROOTCOMP-8e4b29f511239ff379c50e09,institutional_channel,budget_pay_plan_process,bounded event evidence and corrected compensation metadata,"[""WCM-37e34332ae59a0fcd9df60b6""]"
TAG-daaeb5df16cc5146c1ebd428,ROOTCOMP-57a2bc34d49ba8ee8d8567f4,institutional_channel,none_identified,bounded event evidence and corrected compensation metadata,"[""WCM-a4674b07fbd2f4ca6db0e801""]"
TAG-c73498e710458257877b0f1e,ROOTCOMP-cd809daff7f9a6bf560a8746,institutional_channel,budget_pay_plan_process,bounded event evidence and corrected compensation metadata,"[""WCM-3d5acebcb8c5929b63903f6c""]"
TAG-85249c94920e0a5aa630e201,ROOTCOMP-50675c0fc9fa6c2d1647b8a9,institutional_channel,ordinance_council_adoption,bounded event evidence and corrected compensation metadata,"[""WCM-52764bcbae512d9bd42eb2cb"",""WCM-f843c11da5b796cb9956bfbf"",""WCM-fdfa21790212367a0cdc8df5""]"
TAG-7b25a8d2f7e71b4fabaa611a,ROOTCOMP-4b8174b77c043d9494f71501,institutional_channel,none_identified,bounded event evidence and corrected compensation metadata,"[""WCM-993df6d0af7e5afad16b4302""]"
TAG-2ca919cf5f05e5d49d123ece,ROOTCOMP-cee5640f34217c955c843b36,institutional_channel,none_identified,bounded event evidence and corrected compensation metadata,"[""WCM-469080fa13e1b97c1d492cf1""]"
TAG-a3090ad311d80513074b9a63,ROOTCOMP-07175723870278edff089e5f,institutional_channel,none_identified,bounded event evidence and corrected compensation metadata,"[""WCM-2aa36ae76b0a22adee09787c""]"
TAG-1f19c25f11af1433a2fe8deb,ROOTCOMP-b6bc12371aae7256551831f4,institutional_channel,ordinance_council_adoption,bounded event evidence and corrected compensation metadata,"[""WCM-f5de23d541a33d5eb31cc52b""]"
TAG-e0bfbf52731eb178b3365faf,ROOTCOMP-7a9de45c2f9eb9fa7f797744,institutional_channel,none_identified,bounded event evidence and corrected compensation metadata,"[""WCM-50f11ebaf615ff699b8a9489""]"
TAG-0811e37539b078ee04f6077e,ROOTCOMP-ea6ed86f2d0882ee608ccbb4,institutional_channel,none_identified,bounded event evidence and corrected compensation metadata,"[""WCM-4a4707710962d743366b9397"",""WCM-4d8dfcc6e48f10b72b3c47fb"",""WCM-bab0de0dbf4ca8637300927a""]"
TAG-5711ea200579a7be12667f5c,ROOTCOMP-9091f7c558c719f9ede6574a,institutional_channel,budget_pay_plan_process,bounded event evidence and corrected compensation metadata,"[""WCM-147b56f53966221152b86af0""]"
TAG-b34f5f46208b6c61a29bf489,ROOTCOMP-f4efbc5beabc2b6f3110485f,institutional_channel,ordinance_council_adoption,bounded event evidence and corrected compensation metadata,"[""WCM-19dfc11ae724b8061b9926d4"",""WCM-d2ce88c91a86184f482addb6""]"
TAG-654c0c1b2b2833bd99c683a6,ROOTCOMP-6ad3daff83f322811bdc507e,institutional_channel,none_identified,bounded event evidence and corrected compensation metadata,"[""WCM-3f06224e039c24d281433f56""]"
TAG-5530f9ee93c3f4a003704d97,ROOTCOMP-c107376336f60c65706ae85e,institutional_channel,none_identified,bounded event evidence and corrected compensation metadata,"[""WCM-1760cf3b9af221cab3ba3a08"",""WCM-ff0c936ac2f30d8a24a1bc94""]"
TAG-c44811a4e7fcec7300e8061b,ROOTCOMP-9c3932306ebbdade36ac6125,institutional_channel,budget_pay_plan_process,bounded event evidence and corrected compensation metadata,"[""WCM-1c4d4a7abd44fd28c3b277d3"",""WCM-37e3a0e128caeff519e4ba9b"",""WCM-7459441126743eedc474ad3b""]"
TAG-e00a97b03b3edc0e60155789,ROOTCOMP-e8a656bb10cbbb33d755751e,institutional_channel,none_identified,bounded event evidence and corrected compensation metadata,"[""WCM-b3afddaf9374726e749b59b8""]"
TAG-8bae277d8ab61be013bf3b74,ROOTCOMP-f56af7b389d44bd2eb28e775,institutional_channel,budget_pay_plan_process,bounded event evidence and corrected compensation metadata,"[""WCM-4ad4e16bb1f86c10d1a4cb03""]"
TAG-8e2312561a105abc8d15e8f8,ROOTCOMP-bfddc970f8af6f1ecb88f578,institutional_channel,budget_pay_plan_process,bounded event evidence and corrected compensation metadata,"[""WCM-44db82dcebe171b9ae2f7a2f"",""WCM-b531c15473e0e9e1ae7c0e55"",""WCM-d58af31e8deea57cd22d2395"",""WCM-ddb750aea7d28bd2b4b34c7d""]"
TAG-0e97d6ee45e564b6e63cee69,ROOTCOMP-7ca794b21c03fade9de04da1,institutional_channel,none_identified,bounded event evidence and corrected compensation metadata,"[""WCM-44401f59b44f702a3dae5c9d"",""WCM-c5eef86663f43a3a24597a17"",""WCM-c7df21d20886ce941f11c23f""]"
TAG-e3d90eb1163f015c1010c665,ROOTCOMP-e3bda4ac030b6116be96f9e1,institutional_channel,ordinance_council_adoption,bounded event evidence and corrected compensation metadata,"[""WCM-fa76f8edee95d12b73102b8b""]"
TAG-bcd499e5aa5df1e9673e1200,ROOTCOMP-8ef97d336a80fdf699805b91,institutional_channel,budget_pay_plan_process,bounded event evidence and corrected compensation metadata,"[""WCM-00c1895618c26696938ee929"",""WCM-d168484b402115beeb174681""]"
TAG-01d6f5f0e486455ec98a8b87,ROOTCOMP-8ef97d336a80fdf699805b91,institutional_channel,ordinance_council_adoption,bounded event evidence and corrected compensation metadata,"[""WCM-00c1895618c26696938ee929"",""WCM-d168484b402115beeb174681""]"
TAG-7df17746e1f1a7a212fa5cb7,ROOTCOMP-6aa513790b3b37d25b978186,institutional_channel,budget_pay_plan_process,bounded event evidence and corrected compensation metadata,"[""WCM-37e1401c4325b7107c1b02dc"",""WCM-ce13cfda3a3564c9108b4972""]"
TAG-d6bd144c7858177c77c714a9,ROOTCOMP-8716384e2f55c10e7381c1c9,institutional_channel,none_identified,bounded event evidence and corrected compensation metadata,"[""WCM-288dbb00e3b7b9c2e2e6eb14""]"
TAG-628ca2c0fbcf2c3d46baf2cc,ROOTCOMP-636ffba21d179448d418c4ac,institutional_channel,budget_pay_plan_process,bounded event evidence and corrected compensation metadata,"[""WCM-47592e4d926e495326914858""]"
TAG-cb75b7f20cca1e2794853dd1,ROOTCOMP-636ffba21d179448d418c4ac,institutional_channel,ordinance_council_adoption,bounded event evidence and corrected compensation metadata,"[""WCM-47592e4d926e495326914858""]"
TAG-63ffb14228beb6e30eca98a2,ROOTCOMP-2caf386df9adc9199b74389a,institutional_channel,budget_pay_plan_process,bounded event evidence and corrected compensation metadata,"[""WCM-a16a475c8847f51aebf703b1""]"
TAG-65188c94e4c0b7541d2a74b4,ROOTCOMP-2caf386df9adc9199b74389a,institutional_channel,ordinance_council_adoption,bounded event evidence and corrected compensation metadata,"[""WCM-a16a475c8847f51aebf703b1""]"
TAG-a1ca5cd08d8b72d2a71b260f,ROOTCOMP-ef5683259b288b6ec14aba1a,institutional_channel,none_identified,bounded event evidence and corrected compensation metadata,"[""WCM-033252ac268b18d2476fa607""]"
TAG-a038106dba6b33ccd9a4a338,ROOTCOMP-af0bd487d93bfa8a9ebb6887,institutional_channel,none_identified,bounded event evidence and corrected compensation metadata,"[""WCM-ac36e4fbf060766f112c40dc""]"
TAG-73594421f221d2b707800477,ROOTCOMP-3fa33a08fc3ce98b854b3c5b,institutional_channel,none_identified,bounded event evidence and corrected compensation metadata,"[""WCM-89c95772cf8f76fbf4d0a611"",""WCM-9d443cd8bbef71fd6cb95b2b""]"
TAG-2a691df53ec59bb5a5a5c1a5,ROOTCOMP-fc49bcf3fb8f8675662c1ef3,institutional_channel,budget_pay_plan_process,bounded event evidence and corrected compensation metadata,"[""WCM-041f3c0fcbf1ce894ea7be53""]"
TAG-5e9b27dabab27482aac3bf76,ROOTCOMP-dbcbdf8e2ab2274ab6ccdcbe,institutional_channel,none_identified,bounded event evidence and corrected compensation metadata,"[""WCM-fa81b59d57725168ab0006f6""]"
TAG-ee979beafb07d447ba52febe,ROOTCOMP-761b960e7a111a5a572f1bec,institutional_channel,none_identified,bounded event evidence and corrected compensation metadata,"[""WCM-0e36265545677eadb342232a"",""WCM-be2167cf85e94dcb6e5ec05d""]"
TAG-72658b14474700a277615226,ROOTCOMP-158e25b1362e0d71dd429fee,institutional_channel,none_identified,bounded event evidence and corrected compensation metadata,"[""WCM-452c0b32b7eb7c31375582db""]"
TAG-438a1acaef10dd332cfe7a1c,ROOTCOMP-864f0514751180abf23ad3bb,institutional_channel,none_identified,bounded event evidence and corrected compensation metadata,"[""WCM-a1d0833993de3c72bbdd5932""]"
TAG-cd21d174b9a565fc0424aa2f,ROOTCOMP-73797a7a54bd8804da26593f,institutional_channel,budget_pay_plan_process,bounded event evidence and corrected compensation metadata,"[""WCM-08c1d4b5659bf3d935226595"",""WCM-0e3b8b81d2056f17aba35d42"",""WCM-1d056caa43cd7d28ca1f4bd0"",""WCM-3c16115afd4c84af925959ec"",""WCM-afb9afe125547576bce1f55f"",""WCM-f2940889a5cbce417d39a3d4"",""WCM-fec87c4127168d7eac7c28f2""]"
TAG-b2bd670d9cf9782dbbe9433b,ROOTCOMP-ca49dbdce0bbec48ca22543a,institutional_channel,budget_pay_plan_process,bounded event evidence and corrected compensation metadata,"[""WCM-aaa36f1d94f12b3c540a9fb4""]"
TAG-60b232c81ca46bda8cd68803,ROOTCOMP-c223205d115e5d7b14f4d644,institutional_channel,budget_pay_plan_process,bounded event evidence and corrected compensation metadata,"[""WCM-1426400b1c7323cc31901da3"",""WCM-1f558d692272e6d62cee7536"",""WCM-d557e8fc449557fddb904928""]"
TAG-906fff71d37c9d67ea7573e8,ROOTCOMP-c7e8afc01d4545fd757c6fc6,institutional_channel,none_identified,bounded event evidence and corrected compensation metadata,"[""WCM-ab07e610b20929e609b8aa85""]"
TAG-239dad5ce5c3610fd26aab2a,ROOTCOMP-4834db0fefec91cfa75e4054,institutional_channel,none_identified,bounded event evidence and corrected compensation metadata,"[""WCM-07f3d119f94c6a4efa0e0495"",""WCM-1b67877a004d46ccd93e3270"",""WCM-c64b1ab2af4a21382e04545f""]"
TAG-83f4f62f1583cdda9ecc0aa6,ROOTCOMP-be71973eabc6e4c8e4b874a0,institutional_channel,none_identified,bounded event evidence and corrected compensation metadata,"[""WCM-43d0714185af9ebde4de7df0"",""WCM-5aa65bd23cd5f1f8ab753faa""]"
TAG-568f5bb88e476691e1634373,ROOTCOMP-8546d048b273f62c05543cbc,institutional_channel,none_identified,bounded event evidence and corrected compensation metadata,"[""WCM-42dd3c7a20601edc0d074784""]"
TAG-f0c3965309f687e2e1bf0c53,ROOTCOMP-daeaab848d1acbd2171f4667,institutional_channel,none_identified,bounded event evidence and corrected compensation metadata,"[""WCM-2399ba61c92229f0738a797e"",""WCM-25a0872b0f8f54ae6c699010"",""WCM-505eb71ad49e4596b58a8c11""]"
TAG-2d21e09aa55ca58305486cd3,ROOTCOMP-3bba0427a7e5e95ae48c1597,institutional_channel,none_identified,bounded event evidence and corrected compensation metadata,"[""WCM-9a5ed7c260506f79e07fa2a8""]"
TAG-1e14452f06291fd9d5b69f8a,ROOTCOMP-48a063dffef6a99995878084,institutional_channel,none_identified,bounded event evidence and corrected compensation metadata,"[""WCM-b8d6f184bf6d94e23cfc81e1""]"
TAG-137701aa8ab05a3c2d3e9418,ROOTCOMP-498b5acb2c3b972eac80972f,institutional_channel,none_identified,bounded event evidence and corrected compensation metadata,"[""WCM-12d0465d92c0fb39f7cea02e"",""WCM-c92ef8d2129a6f7a35d5f54b""]"
TAG-0eb79c5fef428c71e6b251d5,ROOTCOMP-329d0a0286521d22457aac4d,institutional_channel,ordinance_council_adoption,bounded event evidence and corrected compensation metadata,"[""WCM-2959045d43cecbee6580adef""]"
TAG-e9cd15b9bd740fe248280986,ROOTCOMP-9e584661ba2c0553d57652b8,institutional_channel,none_identified,bounded event evidence and corrected compensation metadata,"[""WCM-dbc02aa4b2a3bbe416e8565c""]"
TAG-59622a6d9aeb938b48ddd3a9,ROOTCOMP-beb85ac7fb032e49ae21c99e,institutional_channel,none_identified,bounded event evidence and corrected compensation metadata,"[""WCM-3e49e56142696a4f0b5878d4"",""WCM-8e103f74d8e016337b87d6b0""]"
TAG-ba0a44c76c60ff54b81e3377,ROOTCOMP-4ae2b7e2a3b4f850bfa5143e,institutional_channel,none_identified,bounded event evidence and corrected compensation metadata,"[""WCM-3366371389a209af9d36896b""]"
TAG-600879718e09e6aaf5478eb9,ROOTCOMP-110494cc88d947b1fb81d9bc,institutional_channel,none_identified,bounded event evidence and corrected compensation metadata,"[""WCM-387ede8ec8988a27d3feac7b""]"
TAG-abd7b9bf88d98538e07cf92b,ROOTCOMP-6848382e32df4868e3f8facb,institutional_channel,none_identified,bounded event evidence and corrected compensation metadata,"[""WCM-ea4fc04b961870bc3951fc7f""]"
TAG-ab73ade48128d97a746cfd60,ROOTCOMP-ce806185c900ba8800a63df1,institutional_channel,none_identified,bounded event evidence and corrected compensation metadata,"[""WCM-45743614e6d04149d487fd6e""]"
TAG-f9acb0b977c38d2daaba2e8e,ROOTCOMP-677e1a83240e83d9869f19c1,institutional_channel,none_identified,bounded event evidence and corrected compensation metadata,"[""WCM-b4979a84bbfdf54a9fbe74d1""]"
TAG-6d6511ed1ef63706ff47156b,ROOTCOMP-41d78f901d02db71a8027813,institutional_channel,none_identified,bounded event evidence and corrected compensation metadata,"[""WCM-e2dc2c60e365aac45332ae64""]"
TAG-58f4b655df308680d603143d,ROOTCOMP-77b88e5b29a88a6ee39e9637,institutional_channel,none_identified,bounded event evidence and corrected compensation metadata,"[""WCM-8335394b0d8a07d1f0cd424f""]"
TAG-a38e0726bfe67ab1cf707a17,ROOTCOMP-73b8948fdf48c3241c9ee7cb,institutional_channel,none_identified,bounded event evidence and corrected compensation metadata,"[""WCM-5ee0f47e53fc9cc413ed8dfe""]"
TAG-61e1666c73d57e7733fa89c4,ROOTCOMP-cae41083bf85b211e5b22514,institutional_channel,none_identified,bounded event evidence and corrected compensation metadata,"[""WCM-40105688e15578f327a38988""]"
TAG-f305363f3cdd7baffb951c48,ROOTCOMP-6b6d4507011e0682cdae31a7,institutional_channel,budget_pay_plan_process,bounded event evidence and corrected compensation metadata,"[""WCM-ef0e6abb73d8c7e0c7cdf7e9""]"
TAG-04e556589ca03630cbbe1bbe,ROOTCOMP-d3d6278f4a97b18a2a156997,institutional_channel,none_identified,bounded event evidence and corrected compensation metadata,"[""WCM-ff922144816bcbe3fe33c05a""]"
TAG-8ce4ac274a232ed7dc110590,ROOTCOMP-80df7fb8c3894df99b646eda,institutional_channel,none_identified,bounded event evidence and corrected compensation metadata,"[""WCM-37b97fd4206cf2dbd3d29a61"",""WCM-9a990d50d1e68b95de981077""]"
TAG-257b063dcb267a64f4e4cca6,ROOTCOMP-bb8adcfe2b587a20a451f310,institutional_channel,budget_pay_plan_process,bounded event evidence and corrected compensation metadata,"[""WCM-e47d33bd7317aac82e8eb067""]"
TAG-76721bc3bcca3f1c10f6f0e8,ROOTCOMP-d5a944ff035ab0d84ce00e61,institutional_channel,budget_pay_plan_process,bounded event evidence and corrected compensation metadata,"[""WCM-12ae1c558e9ef4e4b54c1ce6"",""WCM-4af03b197a50171bd88bf2c6""]"
TAG-8738553442d60aba4800a02f,ROOTCOMP-d890e272ce75e618346789b6,institutional_channel,none_identified,bounded event evidence and corrected compensation metadata,"[""WCM-4cd56b04bb3a6b9120ee52e2"",""WCM-80ee09c9ed3f9e480b48b9c8""]"
TAG-f4efa0bf1e7a526de30c0eb9,ROOTCOMP-59fa856967cdcccdb81b1e26,institutional_channel,none_identified,bounded event evidence and corrected compensation metadata,"[""WCM-5244c3ac79b8e940432c99f2""]"
TAG-75acd50bad63626e44edc0f2,ROOTCOMP-72d2eb04fd569929bb2bd75f,institutional_channel,none_identified,bounded event evidence and corrected compensation metadata,"[""WCM-540cbe89b227d40b137bfcea""]"
TAG-153f7fc919c3c2230cacc474,ROOTCOMP-cc4112d9ca09997c39eac562,institutional_channel,none_identified,bounded event evidence and corrected compensation metadata,"[""WCM-db98f3b7537e25618f41c562""]"
TAG-e9efe7667ea9024032ad594e,ROOTCOMP-25279a3567e7915f0ebaeee1,institutional_channel,none_identified,bounded event evidence and corrected compensation metadata,"[""WCM-5af0cec955e1032f0de4b329""]"
TAG-dc2e1eb67c8ebb616cd5ad96,ROOTCOMP-6e1d6ed4f9cc39a0850df475,institutional_channel,none_identified,bounded event evidence and corrected compensation metadata,"[""WCM-035b5308a01a79dbcdea30f9""]"
TAG-ac11a70f8a955e76160a9d83,ROOTCOMP-e79d15c4e6bd82e88849c58b,institutional_channel,none_identified,bounded event evidence and corrected compensation metadata,"[""WCM-b26241e198956f259659b47e"",""WCM-eca8988fcf94eb1bd69fbfc9""]"
TAG-220d9a1fe5a654ddb4a6dae7,ROOTCOMP-badc64e3396bd6949128b6df,institutional_channel,none_identified,bounded event evidence and corrected compensation metadata,"[""WCM-eaf5133c16ba16ff26fe4a1e""]"
TAG-7bb7d9913b9b1fd1abcbf695,ROOTCOMP-e216e25b11f30b4ce39d7531,institutional_channel,none_identified,bounded event evidence and corrected compensation metadata,"[""WCM-ae192b7668edd778d037640a""]"
TAG-89f2ed4aa1df4f0ea94f4c9a,ROOTCOMP-fba36f55e95143699331fb71,institutional_channel,none_identified,bounded event evidence and corrected compensation metadata,"[""WCM-8dac0fe909fbc913c3d93c6e""]"
TAG-5c4ea91a5b8d5bbbd9905ec1,ROOTCOMP-d5bfdf7da468c3e767077d4d,institutional_channel,budget_pay_plan_process,bounded event evidence and corrected compensation metadata,"[""WCM-6c132a1eabcd7c62f8eb19dd""]"
TAG-cab567483e6df71214d4ea37,ROOTCOMP-22f4e3210f2cf24b6fbcf6fd,institutional_channel,budget_pay_plan_process,bounded event evidence and corrected compensation metadata,"[""WCM-839e62a70ec98018034b45ef"",""WCM-c2b4b484f9aea0f9b55e61e6""]"
TAG-aea7eb53142c35043d47e6a7,ROOTCOMP-8e0b9289bd04e3b69c511c60,institutional_channel,budget_pay_plan_process,bounded event evidence and corrected compensation metadata,"[""WCM-8a1747c24751b785acd0270f"",""WCM-f6b8750ced4841314b26e556""]"
TAG-1f8363d7ae43576728cb25ca,ROOTCOMP-560d38e8c79f44537ebcdaf8,institutional_channel,budget_pay_plan_process,bounded event evidence and corrected compensation metadata,"[""WCM-f6ee2c97240879180a01e0f5""]"
TAG-65c23ef59309c1d1d3a6e941,ROOTCOMP-84d9edb9a4befa39ab5f2074,institutional_channel,budget_pay_plan_process,bounded event evidence and corrected compensation metadata,"[""WCM-a86b4dbefe078f1853bccf8e"",""WCM-dc9879a44cb0140f7bdee3d0""]"
TAG-4fd99f49c3dd6ac28c283dae,ROOTCOMP-b76e94142a6ae22d47a8db01,institutional_channel,budget_pay_plan_process,bounded event evidence and corrected compensation metadata,"[""WCM-dfebe6dbafaa5638a3325336"",""WCM-e31988d8f9fa7700b29c544b""]"
TAG-43552387937bc3d01f82b3a9,ROOTCOMP-b76e94142a6ae22d47a8db01,institutional_channel,ordinance_council_adoption,bounded event evidence and corrected compensation metadata,"[""WCM-dfebe6dbafaa5638a3325336"",""WCM-e31988d8f9fa7700b29c544b""]"
TAG-b67aa5bf279b6d9b99fa822e,ROOTCOMP-910ae41360ba25a8da05eab1,institutional_channel,none_identified,bounded event evidence and corrected compensation metadata,"[""WCM-d75157aca473a11a6b2aba99"",""WCM-e50a0f1a9711f92cea0c35eb""]"
TAG-7ebcb516fb4939d78e5408b8,ROOTCOMP-d080ec30eca78848d5dbad56,institutional_channel,none_identified,bounded event evidence and corrected compensation metadata,"[""WCM-25a2bea59d7298daa67e9aa0"",""WCM-50ac54fa4e3502254abf8d7b""]"
TAG-590b0eb222b34c72c7c94cb2,ROOTCOMP-5a553f21bdb561d623c450c5,institutional_channel,none_identified,bounded event evidence and corrected compensation metadata,"[""WCM-09d6d164cf9b9039616504b0"",""WCM-631b5c9db09a1ad08c789ad4"",""WCM-7362adebaf7e105b53c9cf0b""]"
TAG-5b2d4cdfb836cce3437b7774,ROOTCOMP-65bc1c923cb911afed456039,institutional_channel,none_identified,bounded event evidence and corrected compensation metadata,"[""WCM-3835b9d4a4c62293484cc55f"",""WCM-9ef6275657ef08f15842a269""]"
TAG-73dfcdc7aed85f0a37e4d715,ROOTCOMP-4b5c095b31ef120f966a3487,institutional_channel,none_identified,bounded event evidence and corrected compensation metadata,"[""WCM-099e6013e4087fc103d9556e""]"
TAG-8684be0dc3583220ce57464f,ROOTCOMP-93533065a2023bd7625198f4,institutional_channel,none_identified,bounded event evidence and corrected compensation metadata,"[""WCM-3385c531e166a0ba0a71686b"",""WCM-b970b7945b5fbd2450e8fd41""]"
TAG-5fa85206946f35f52880f5dd,ROOTCOMP-09d2bbbc03c07957a55ee668,institutional_channel,none_identified,bounded event evidence and corrected compensation metadata,"[""WCM-9580e45221e266a818a879ad""]"
TAG-b5f1fd2311c9e96eb38a7dc3,ROOTCOMP-126a15d89f162d65df519bcc,institutional_channel,none_identified,bounded event evidence and corrected compensation metadata,"[""WCM-e9121763acf74c9fd1e6dc2c""]"
TAG-e6c941d5a7154578e12f462b,ROOTCOMP-4fd4a3ffb06cf163eddee3bb,institutional_channel,none_identified,bounded event evidence and corrected compensation metadata,"[""WCM-137dd4d1fb76d797ee33c8ca"",""WCM-22316d8bb5a55ba8803a38fb"",""WCM-257eafc80776464d1b064a5c"",""WCM-58f369dfb7261af38a024259"",""WCM-73151a185e67d92ef0a2f1eb"",""WCM-8c69b48b0f82fa7d66543be5"",""WCM-ab215b2823a3f095b1237fc2"",""WCM-b580a3fc58b88b3eb8556ab2"",""WCM-bf965628d7b518d5e0b918ae"",""WCM-f766a1418164ca44132cbd12""]"
TAG-a199d730973f6915f084e2ad,ROOTCOMP-e42df993be504135fe81e237,institutional_channel,none_identified,bounded event evidence and corrected compensation metadata,"[""WCM-9a772aa36967d2a9ea079898"",""WCM-a3c71bc33de996e0cc827f71"",""WCM-aedb04f9b4329a16952cd898""]"
TAG-92a0990f7f4b392762d3c38b,ROOTCOMP-0b8dd20b7079afacfcb3096d,institutional_channel,budget_pay_plan_process,bounded event evidence and corrected compensation metadata,"[""WCM-27cdacebfb4f901ffbd419ba"",""WCM-e1a49c13701a6a11bdabde18"",""WCM-e2c65130732fb7fff1683fd1""]"
TAG-bdd4e016ca81074c905cc12b,ROOTCOMP-501e303b7276c4627c0b410e,institutional_channel,budget_pay_plan_process,bounded event evidence and corrected compensation metadata,"[""WCM-125ca8247317d08c55e53295"",""WCM-cdac60cc72e200134d5afee3""]"
TAG-ebe471bb0b87f12bb8fb4d3a,ROOTCOMP-0559d3f0ba6f376b57c24e87,institutional_channel,budget_pay_plan_process,bounded event evidence and corrected compensation metadata,"[""WCM-a9ed0e2a98b013aa2a9e21dc"",""WCM-c6d421cbab50c486ebe97357"",""WCM-e9b068fbb2246afbd91e3113""]"
TAG-233b244b552dc2764e5ff02f,ROOTCOMP-4318c82e187b15a5af768587,institutional_channel,budget_pay_plan_process,bounded event evidence and corrected compensation metadata,"[""WCM-5f359b2e3ba6ff20a0936b43""]"
TAG-033e16e65417eb903b3626c5,ROOTCOMP-5ad9b122a573f6fd3f00ebe0,institutional_channel,none_identified,bounded event evidence and corrected compensation metadata,"[""WCM-991a77be4f5e7fc795b6c2ea"",""WCM-ad0fb1a59db63d79c0cf30b1""]"
TAG-4fee6de7b5f10304fb253751,ROOTCOMP-90fac9a1c1971401d57b5328,institutional_channel,none_identified,bounded event evidence and corrected compensation metadata,"[""WCM-3c2983547416d245260dc26b""]"
TAG-4e050212914f2a01e379f209,ROOTCOMP-dc5331524a2e88837da32676,institutional_channel,none_identified,bounded event evidence and corrected compensation metadata,"[""WCM-2bde3655185a8b9c1b98ab60"",""WCM-e263edee457e998b65f01b46""]"
TAG-233e2dd651fd0cc1805986f8,ROOTCOMP-1cd10f34e63b5ff1b0afa8d3,institutional_channel,none_identified,bounded event evidence and corrected compensation metadata,"[""WCM-e3ec99aa5c1f29cdf109f525"",""WCM-eb1c786d663217a6e7fb08d9""]"
TAG-6e983fcd92888cb03f644afc,ROOTCOMP-9f514cdf606ab96e9bd64c98,institutional_channel,none_identified,bounded event evidence and corrected compensation metadata,"[""WCM-8c9947411d49c955b7b8e21d""]"
TAG-84ed7252dfad76b7d888ed9e,ROOTCOMP-3657c2ffa8a941ac07a21400,institutional_channel,none_identified,bounded event evidence and corrected compensation metadata,"[""WCM-59386da38743a4ffd0c2bf6f"",""WCM-bdd2aa90b3b1694f0399c8af"",""WCM-ece6cc5ffe888dd6c86b746e""]"
TAG-c99ecb042d385048f326476e,ROOTCOMP-c57411b1fd229d96f0c5ea7b,institutional_channel,none_identified,bounded event evidence and corrected compensation metadata,"[""WCM-0bfbfd2ec74047b0bf759f23""]"
TAG-53f9f8d00d5d4562fb55fc94,ROOTCOMP-e54948bef880fc51f06a5f23,institutional_channel,none_identified,bounded event evidence and corrected compensation metadata,"[""WCM-24249d30ce82f0080ff907f7""]"
TAG-29181bc126521926fe174d36,ROOTCOMP-2bfbfe0305240591b1ba7500,institutional_channel,none_identified,bounded event evidence and corrected compensation metadata,"[""WCM-cdfe5991ec4ff1813b2add09""]"
TAG-1ccbd5b242d51b209002397b,ROOTCOMP-7d04579c30302299d916c22b,institutional_channel,budget_pay_plan_process,bounded event evidence and corrected compensation metadata,"[""WCM-215f6227debbfb665bc2a003"",""WCM-8012af1f3abc655b850514fd""]"
TAG-4edd055e4b132c80f102c2a6,ROOTCOMP-3553a37a1d0e8e7aae3967a4,institutional_channel,budget_pay_plan_process,bounded event evidence and corrected compensation metadata,"[""WCM-6d00725ab4cb46cbfd7dfdb5"",""WCM-f5763a7ffe6272a44e0385b1""]"
TAG-658bd89ce2a2a1cbd71b23d4,ROOTCOMP-3021b532b5372eba57a2259d,institutional_channel,budget_pay_plan_process,bounded event evidence and corrected compensation metadata,"[""WCM-b3b404420ace5c67d22f65b4"",""WCM-f1c15b9e03341b7cb5caa3cb""]"
TAG-4c1215430baccb6870cb7222,ROOTCOMP-6fdf7a9a28de6148a851a543,institutional_channel,budget_pay_plan_process,bounded event evidence and corrected compensation metadata,"[""WCM-ff185090fb4f10fd424a3132""]"
TAG-a107f8096692372566e59257,ROOTCOMP-8528555589d8717250bad3c0,institutional_channel,budget_pay_plan_process,bounded event evidence and corrected compensation metadata,"[""WCM-97254575567556dcd1cc8651""]"
TAG-181d3f4b0feb3945424718a7,ROOTCOMP-1c4ef251aa26fa627df647f6,institutional_channel,none_identified,bounded event evidence and corrected compensation metadata,"[""WCM-1dae34f75f36577a948dd59d"",""WCM-2928d850be9fd8481077c7b8"",""WCM-2bdfbdb9534806b3cdc4a7c7"",""WCM-520278a2c6b113f8500dc7c4""]"
TAG-2761b0855cc3f8cf7adb3358,ROOTCOMP-1d79cb9767c670002b9012f0,institutional_channel,none_identified,bounded event evidence and corrected compensation metadata,"[""WCM-5bdd33d020dc2cc0f5c197f5"",""WCM-b569151cd1a0bd9483ef553e"",""WCM-c9711a632806831ea803cf29""]"
TAG-bfda4c0d6e7f20cb29e5d26b,ROOTCOMP-ea2b9a1642875d76cdf0f766,institutional_channel,none_identified,bounded event evidence and corrected compensation metadata,"[""WCM-dc150432c4183e61d6dbe5a7""]"
TAG-4128d2913ef8c9a59baba0e3,ROOTCOMP-f53e7df43a12b9bb849e22e5,institutional_channel,none_identified,bounded event evidence and corrected compensation metadata,"[""WCM-f1d5d7233294e4cbf797989e""]"
TAG-2c50ec98b96f47ed5e776293,ROOTCOMP-e74e8d243c5990d7da35144f,institutional_channel,none_identified,bounded event evidence and corrected compensation metadata,"[""WCM-fb964ef2cd994f9e5e75e42d""]"
TAG-80112d3fe290d42021eebb86,ROOTCOMP-b68e285753c0e788d8764025,institutional_channel,none_identified,bounded event evidence and corrected compensation metadata,"[""WCM-8cce0306591cb9cda93d6186""]"
TAG-950c48f61ce1d08c0f2b2bc7,ROOTCOMP-554de71cabd2242885f23f4e,institutional_channel,none_identified,bounded event evidence and corrected compensation metadata,"[""WCM-8eda5c2f4f8c6ade0c988d74""]"
TAG-6b5514299e5c1dd70554eb1a,ROOTCOMP-92f349b983c05f77d9816c51,institutional_channel,none_identified,bounded event evidence and corrected compensation metadata,"[""WCM-63ee6a1569e1f5843c3f4811""]"
TAG-fae22a6ff1b54e8802a6d2a4,ROOTCOMP-2beda922b06e1bbce3456a36,institutional_channel,none_identified,bounded event evidence and corrected compensation metadata,"[""WCM-e3f6566912efe3615cb54f0c""]"
TAG-26f859cda8ecb7a537056934,ROOTCOMP-57b4b752db03a71078e0a1e2,institutional_channel,none_identified,bounded event evidence and corrected compensation metadata,"[""WCM-16f7a41020f4a1f636221ed0""]"
TAG-ead86bc04e1dddfabeaf2910,ROOTCOMP-2c1897919543d4c1f8e97779,institutional_channel,none_identified,bounded event evidence and corrected compensation metadata,"[""WCM-6dfbee2d8a5cd0a5c3ee81f1""]"
TAG-d5787a8940ddb028155770c3,ROOTCOMP-eeb8e23174bb9a703862f29b,institutional_channel,none_identified,bounded event evidence and corrected compensation metadata,"[""WCM-0d1828fbb880fa183f2e2f7e"",""WCM-4e2fa4404c8697e6fc569a2d"",""WCM-628d5c285ff2fd23ae70f38f"",""WCM-cbba834bd4a2dfad713ff5a9""]"
TAG-4c4b42438c579ff9348ac5dd,ROOTCOMP-af28345897039a99f27969e8,institutional_channel,none_identified,bounded event evidence and corrected compensation metadata,"[""WCM-27c65f26fa1e246163b0b263""]"
TAG-fdc02e2d481e20085ed0fd5c,ROOTCOMP-0eef42cf36b65d7bccef44e4,institutional_channel,none_identified,bounded event evidence and corrected compensation metadata,"[""WCM-7528543bbd391c9caab4581e""]"
TAG-5abd0bfc52156f835c0cb231,ROOTCOMP-42b2ce518bb798e7f3b6f4f9,institutional_channel,ordinance_council_adoption,bounded event evidence and corrected compensation metadata,"[""WCM-a5148dd11b03e26e48ac4c67""]"
TAG-1a06ec8d2be04f8ca5786ab4,ROOTCOMP-070a65d5c9f656259d516746,institutional_channel,none_identified,bounded event evidence and corrected compensation metadata,"[""WCM-bb93c92a341fe71f52ff81d6"",""WCM-d8990dfa0fea14f65f3f90c0""]"
TAG-320b3580e4cc570d49f8fab6,ROOTCOMP-27a3098de8c4c58463908b8f,institutional_channel,none_identified,bounded event evidence and corrected compensation metadata,"[""WCM-47b6a91e38d54108475b47a7""]"
TAG-349f35346fe23a6f58f48438,ROOTCOMP-ca36a8405f1ae11eccec7c60,institutional_channel,budget_pay_plan_process,bounded event evidence and corrected compensation metadata,"[""WCM-6325c5d24741d5aa5a131773""]"
TAG-5f5228b4476f33e9ae32f930,ROOTCOMP-f35e6c40f3279fdeacdec25f,institutional_channel,budget_pay_plan_process,bounded event evidence and corrected compensation metadata,"[""WCM-6504258d66753d9f09c87725"",""WCM-c6f79dcb3b5faf0dc792c7a4""]"
TAG-85c5b1cf4a4ac07d23562710,ROOTCOMP-f35e6c40f3279fdeacdec25f,institutional_channel,ordinance_council_adoption,bounded event evidence and corrected compensation metadata,"[""WCM-6504258d66753d9f09c87725"",""WCM-c6f79dcb3b5faf0dc792c7a4""]"
TAG-8a67271955d8c8542af8b8b1,ROOTCOMP-5281abeaf02d6f2b7928652d,institutional_channel,budget_pay_plan_process,bounded event evidence and corrected compensation metadata,"[""WCM-f4934041240375c9ca95f45b""]"
TAG-e8a78288b1fc6a7fcf98776b,ROOTCOMP-79431abeda09132d466d023a,institutional_channel,budget_pay_plan_process,bounded event evidence and corrected compensation metadata,"[""WCM-55e828145412588fe2320e4e"",""WCM-e67ea7e3c4d2f88adc1f6283""]"
TAG-30070655ddbcd34242038136,ROOTCOMP-8734c40000eac378fe58b6e4,institutional_channel,budget_pay_plan_process,bounded event evidence and corrected compensation metadata,"[""WCM-7f851755f7f921d1def2969e"",""WCM-cf643c05103fd8e189df805b"",""WCM-f91eea487228fe1dcc26ca59""]"
TAG-de9334d837a3caa5f1c2c345,ROOTCOMP-cc9690e64eec8fdf15ecd464,institutional_channel,none_identified,bounded event evidence and corrected compensation metadata,"[""WCM-d7f5fd86b01dd0f480441ed8""]"
TAG-b7fa5ba64f8d2e2c3e5ca2a3,ROOTCOMP-cf0bb51f5c464e07eebb9daa,institutional_channel,none_identified,bounded event evidence and corrected compensation metadata,"[""WCM-cb4ac4e9d137911b6ca4338a""]"
TAG-fa8cb3e31f05d2bd3e809def,ROOTCOMP-f8228226dfe3d2d4105c3f93,institutional_channel,none_identified,bounded event evidence and corrected compensation metadata,"[""WCM-ac6b9d8c9ecd33f47657651e""]"
TAG-4979a193e522f895c7b8084f,ROOTCOMP-88136d6fa3ba6e8f3a6f36fd,institutional_channel,none_identified,bounded event evidence and corrected compensation metadata,"[""WCM-829a7318d364528af4d9e63c""]"
TAG-3e6d05d28757e557253ff8c6,ROOTCOMP-c66ec031d12da2c6392c920a,institutional_channel,none_identified,bounded event evidence and corrected compensation metadata,"[""WCM-3ffd61b1ca0599b5bbcbeffc""]"
TAG-9849853449876467f0d74b8c,ROOTCOMP-b9960f0c489a719aefd72714,institutional_channel,none_identified,bounded event evidence and corrected compensation metadata,"[""WCM-81f6586df36e7dd216c820ce""]"
TAG-f054907a6a26afe5e79cecc9,ROOTCOMP-ea44e425bfb3e49059891573,institutional_channel,none_identified,bounded event evidence and corrected compensation metadata,"[""WCM-466cb41d2dd0efcc4b1d0859"",""WCM-b9c6a2689ff1adf25cae139a"",""WCM-d471040eb40b835c0ab1a346"",""WCM-f2b354886b1eabadcd30c659""]"
TAG-c99329424834d2f3959b69cd,ROOTCOMP-c9fcea4a34d61e867f7731b9,institutional_channel,none_identified,bounded event evidence and corrected compensation metadata,"[""WCM-6f6de8c0a0b85393efa52650"",""WCM-f8e285410b72d99e213041c6""]"
TAG-bb1a41f3f95db3ccb80b2574,ROOTCOMP-3440e8d7f71c3a752c5f68ab,institutional_channel,none_identified,bounded event evidence and corrected compensation metadata,"[""WCM-b226c2403de4549a1754a8aa""]"
TAG-20339b8b5826b7b0b9c1fe10,ROOTCOMP-bc921e94dec0e5c5439920ea,institutional_channel,none_identified,bounded event evidence and corrected compensation metadata,"[""WCM-4743b6817fd72579ea6a73df"",""WCM-7be818e229e3039e62c5829f"",""WCM-cdc1e5e989c87c07a2d6499c""]"
TAG-c0918a74d8b845f7df91a8d8,ROOTCOMP-a59d0a500ca2f72c7e11620a,institutional_channel,none_identified,bounded event evidence and corrected compensation metadata,"[""WCM-dd2383f2c565142623b029e6""]"
TAG-28699c7220fad7f99e528699,ROOTCOMP-c1af85ade066ebcca79cdbd3,institutional_channel,budget_pay_plan_process,bounded event evidence and corrected compensation metadata,"[""WCM-32a87f53de285438538b1073""]"
TAG-fcc7462669624a2dd513eb47,ROOTCOMP-a29007ee42aae0847840cae4,institutional_channel,none_identified,bounded event evidence and corrected compensation metadata,"[""WCM-dc069b712e47147e399a622a""]"
TAG-23f839d9af262486259c2668,ROOTCOMP-167774ec12c6fe997cd67ee2,institutional_channel,none_identified,bounded event evidence and corrected compensation metadata,"[""WCM-9cf2736794d433f238567df2""]"
TAG-edc35770ab7d938e0861e488,ROOTCOMP-69d803d1c802b50154f6b01a,institutional_channel,budget_pay_plan_process,bounded event evidence and corrected compensation metadata,"[""WCM-32170edf5e5668f1d492d676""]"
TAG-ac005447d764987a271f6874,ROOTCOMP-69d803d1c802b50154f6b01a,institutional_channel,ordinance_council_adoption,bounded event evidence and corrected compensation metadata,"[""WCM-32170edf5e5668f1d492d676""]"
TAG-5805b723faf52788bb6f0798,ROOTCOMP-6e5d594a9e6c0b9eb65e289f,institutional_channel,none_identified,bounded event evidence and corrected compensation metadata,"[""WCM-dfc817c9742dbd71f8f18389""]"
TAG-c7c725ed8c2d56d55e8cf921,ROOTCOMP-3adb2859366388647ef6664a,institutional_channel,none_identified,bounded event evidence and corrected compensation metadata,"[""WCM-9fb9d9e318385f8461f0ed9c"",""WCM-b5ac6f4196e8898eeb3e26ce""]"
TAG-7b7a7fa7cfa6e34559e3dfb6,ROOTCOMP-e4194eaa38c5556815906726,institutional_channel,budget_pay_plan_process,bounded event evidence and corrected compensation metadata,"[""WCM-1928da405dfc066cd71fe2ff""]"
TAG-dee34e7da0fe9ca38e9e3d21,ROOTCOMP-a4da9f04cb9103f6cb85678a,institutional_channel,budget_pay_plan_process,bounded event evidence and corrected compensation metadata,"[""WCM-b870fdda8c947fe4919d8733""]"
TAG-7ddc546be764551c6cd75eab,ROOTCOMP-a4da9f04cb9103f6cb85678a,institutional_channel,ordinance_council_adoption,bounded event evidence and corrected compensation metadata,"[""WCM-b870fdda8c947fe4919d8733""]"
TAG-da72455131727c74313fd433,ROOTCOMP-25f5bd8e89894e4d7b528db7,institutional_channel,none_identified,bounded event evidence and corrected compensation metadata,"[""WCM-1dca1550dca5112817967d95""]"
TAG-55ba3ff2d93891e64d213ba6,ROOTCOMP-8b279a192a60a6f73906e61c,institutional_channel,none_identified,bounded event evidence and corrected compensation metadata,"[""WCM-49799b65923f25c46e4a7e45""]"
TAG-7764f922a2e9c0081e7bbc60,ROOTCOMP-bdf44b20e41b0329e87f9f49,institutional_channel,none_identified,bounded event evidence and corrected compensation metadata,"[""WCM-710060028a5a9646393353ac""]"
TAG-e73f4b039fafd0b4cb728eda,ROOTCOMP-360b91a3f0cced2922cdd593,institutional_channel,none_identified,bounded event evidence and corrected compensation metadata,"[""WCM-33576210f669fbe7dcb826a6"",""WCM-89a86dbc15666e81152fefb6"",""WCM-eec6d49516dda29be2b44322""]"
TAG-f128d60a84dc8f9fba652934,ROOTCOMP-bf21e479c45d3229d22a6a30,institutional_channel,budget_pay_plan_process,bounded event evidence and corrected compensation metadata,"[""WCM-4a25b517439609c4f67a1246""]"
TAG-2167a83375d92c399db3114a,ROOTCOMP-59e06433c7ea9e1ed1e5e71d,institutional_channel,budget_pay_plan_process,bounded event evidence and corrected compensation metadata,"[""WCM-56b743f18d9c61bd8377a2d4"",""WCM-c722bbd5cbe98585fd24ed05""]"
TAG-810ea8050a6242a0cc004dd1,ROOTCOMP-362a230d5c2ce9b84cd4f46f,institutional_channel,none_identified,bounded event evidence and corrected compensation metadata,"[""WCM-d5bad8bd26ab34904cc44b18"",""WCM-e9fdd39f7545270cf8741e9e""]"
TAG-cca5776a1d4e187c9b244667,ROOTCOMP-1b55143f74be73cdba87a621,institutional_channel,none_identified,bounded event evidence and corrected compensation metadata,"[""WCM-9687aa18cfc26ed3776aafb8""]"
TAG-3558fcae3d0722668f56d0b5,ROOTCOMP-a49130b787f82f5db35ff1e3,institutional_channel,none_identified,bounded event evidence and corrected compensation metadata,"[""WCM-ec15edc4170775daeacffd83""]"
TAG-22f10e29ea2124e200cf187b,ROOTCOMP-446086abe150e61d3160aec1,institutional_channel,none_identified,bounded event evidence and corrected compensation metadata,"[""WCM-056282149090cd2e2cfc0999"",""WCM-822af902566c13474acf3e1b""]"
TAG-f83503dc586750b52481b84d,ROOTCOMP-386b1bc5e77abbfc2dac05be,institutional_channel,none_identified,bounded event evidence and corrected compensation metadata,"[""WCM-0717e4db16aa68d685e59ef8"",""WCM-91017de00cccac6de14ab694"",""WCM-b4a3491cef021f743058349b""]"
TAG-c1432958c863e09d3aee75a7,ROOTCOMP-4af398dee5803d928ad43482,institutional_channel,none_identified,bounded event evidence and corrected compensation metadata,"[""WCM-9d0f06c8d1a5147508e85f4b""]"
TAG-f209631efd62eca8d152da3b,ROOTCOMP-c9e661681f5d8139c5482f23,institutional_channel,none_identified,bounded event evidence and corrected compensation metadata,"[""WCM-e3dde9249ceac9fdf674666c""]"
TAG-e2a31b492f126a00525f926c,ROOTCOMP-533591488cbaba6a25e37add,institutional_channel,none_identified,bounded event evidence and corrected compensation metadata,"[""WCM-b650c6f7a250f24b268d4b8f""]"
TAG-cb60838f034d469a617cbca8,ROOTCOMP-8ef49b02c4f7f36640e1191d,institutional_channel,none_identified,bounded event evidence and corrected compensation metadata,"[""WCM-e6efb113c7a1875e4f613140"",""WCM-f2fe8e36fda7c22c4131a241""]"
TAG-e9dd146ca5e2f5b4ae1458df,ROOTCOMP-eb34cb7b7db27922361ea19b,institutional_channel,ordinance_council_adoption,bounded event evidence and corrected compensation metadata,"[""WCM-cdab89864e4e26783388aab6""]"
TAG-4761af7206ab4bb62e972a83,ROOTCOMP-ed3e85b55634625305a656fe,institutional_channel,none_identified,bounded event evidence and corrected compensation metadata,"[""WCM-4a2c0fe30caca7a2232f2cc6"",""WCM-588e59a27109adfb9c625b25"",""WCM-c2b2593b33ba915e7edc277a""]"
TAG-f9248a1d85df44847dbbb8ea,ROOTCOMP-b815c308f61874ba0e90d9d1,institutional_channel,none_identified,bounded event evidence and corrected compensation metadata,"[""WCM-044d77db51785740a4c97d30""]"
TAG-541478356f4325b59c195de2,ROOTCOMP-673f4b8bb63472d47457ea18,institutional_channel,budget_pay_plan_process,bounded event evidence and corrected compensation metadata,"[""WCM-fff9632afaa5f424451686ef""]"
TAG-dc222a701a22c8809ad227b0,ROOTCOMP-678c340536b092b9b4a300b6,institutional_channel,budget_pay_plan_process,bounded event evidence and corrected compensation metadata,"[""WCM-23bc9858bc281eb590b0af58""]"
TAG-dd7190c2b4841199ec2d4d2a,ROOTCOMP-678c340536b092b9b4a300b6,institutional_channel,ordinance_council_adoption,bounded event evidence and corrected compensation metadata,"[""WCM-23bc9858bc281eb590b0af58""]"
TAG-9f1888bb7508d4ed3cedab4a,ROOTCOMP-4c3a5619e8f28ed4fd349c16,institutional_channel,none_identified,bounded event evidence and corrected compensation metadata,"[""WCM-8c0d92126754bb5be4baeec0"",""WCM-8fefd575b7829b86b184291c"",""WCM-e1f73cd082ab231f31483c48""]"
TAG-6a21d3b6fddba10b56099ce9,ROOTCOMP-eb04f6c40bb27e5e0d83f67b,institutional_channel,none_identified,bounded event evidence and corrected compensation metadata,"[""WCM-830760eb26c215a2a945aeaa"",""WCM-d0970f7b4d8c04dc473020af"",""WCM-d0ae87f5835326d0cf53d34f"",""WCM-f829d3a193f2a5aeea715385""]"
TAG-c2368f4cd4fb21f341ca5734,ROOTCOMP-d79c597c7d2bf9103e6c67d2,institutional_channel,budget_pay_plan_process,bounded event evidence and corrected compensation metadata,"[""WCM-99f3e80ca28d2f57ca860d7c""]"
TAG-3d6bdf24a77968bdd622453f,ROOTCOMP-300308c1a1187615fed3ca96,institutional_channel,none_identified,bounded event evidence and corrected compensation metadata,"[""WCM-48d225994f2e68afcb1792de"",""WCM-65d3da7680a733998b931f87"",""WCM-7240a78aab2c92f8e4ef756e"",""WCM-db4c9f34d0f3f294c2444102""]"
TAG-a38153b794f150de0c1a8c8e,ROOTCOMP-b51a5a068a1f3d3ba40a066d,institutional_channel,none_identified,bounded event evidence and corrected compensation metadata,"[""WCM-d1d60c3946fe8def66ed23f5""]"
TAG-ea6f67397b4877b1b35e48cf,ROOTCOMP-18312c229acc06e7e198ddd3,institutional_channel,budget_pay_plan_process,bounded event evidence and corrected compensation metadata,"[""WCM-137263bba99cefc828d16097""]"
TAG-c5530a930fa330018ff804dc,ROOTCOMP-9fe76b2350e5712f1070808b,institutional_channel,none_identified,bounded event evidence and corrected compensation metadata,"[""WCM-8d814cb849dbe35acd8d2f1d""]"
TAG-b90da26caa477782abe64e30,ROOTCOMP-5f81e3297fdef99a3cfb8821,institutional_channel,none_identified,bounded event evidence and corrected compensation metadata,"[""WCM-99e71272fb008db0715eafb0"",""WCM-f0bbaafe44414172bd003964""]"
TAG-76ae703e6bb70a8bc62b4a66,ROOTCOMP-fc6567f39baac4ae281e49d2,institutional_channel,none_identified,bounded event evidence and corrected compensation metadata,"[""WCM-941ed7916a5e62b1476b5721""]"
TAG-c4acfcf98d6d0451aed78bd5,ROOTCOMP-0e4fc5aa585a0b52eb89b230,institutional_channel,budget_pay_plan_process,bounded event evidence and corrected compensation metadata,"[""WCM-0bff6c990dc5693373edc159"",""WCM-b20634f8c8d362773c4f860d"",""WCM-e6b902ab9c712ccf8ce41047""]"
TAG-e0a0c5dcbd8aee82208a9848,ROOTCOMP-0187b41ccc59c05087fba0ae,institutional_channel,ordinance_council_adoption,bounded event evidence and corrected compensation metadata,"[""WCM-c45f81c636d645c41f716fb3""]"
TAG-ecb3a4232ff0aa43f9e72fa2,ROOTCOMP-2450ee3b282ed9448f231287,institutional_channel,none_identified,bounded event evidence and corrected compensation metadata,"[""WCM-2cdbcbefc42ba3121e1eda58""]"
TAG-c49776ffd7164ad3128c2cdd,ROOTCOMP-da28751bb67621d614fa20de,institutional_channel,none_identified,bounded event evidence and corrected compensation metadata,"[""WCM-9a2d3024e998eb185326ae66""]"
TAG-b443be637aced88b78960cd3,ROOTCOMP-e815a025c4ea1fa34244b82c,institutional_channel,none_identified,bounded event evidence and corrected compensation metadata,"[""WCM-64eea0b569eb5eed6578de66""]"
TAG-75aa618194051d0f58a780ac,ROOTCOMP-2669663b18721c693e96aa71,institutional_channel,none_identified,bounded event evidence and corrected compensation metadata,"[""WCM-43cbb798e437cc9f257ec938""]"
TAG-8daafb31c0a49653fcb31967,ROOTCOMP-fa2540e67090aa972713b851,institutional_channel,none_identified,bounded event evidence and corrected compensation metadata,"[""WCM-79d27bb45dc8d29165d4c568""]"
TAG-82bf2a4fe5250050682ef327,ROOTCOMP-75c5857ad500d37df16b9aa4,institutional_channel,none_identified,bounded event evidence and corrected compensation metadata,"[""WCM-b915f33b113819bc11158386""]"
TAG-6fc057ea9248a809611af80c,ROOTCOMP-ce7e77346ff6e12d409e52aa,institutional_channel,none_identified,bounded event evidence and corrected compensation metadata,"[""WCM-8aad0ee4f9ea9bfc588b3773""]"
TAG-26b33ca8a66f7b2c4dee6263,ROOTCOMP-1d8af875da27cc7b48a1aefa,institutional_channel,budget_pay_plan_process,bounded event evidence and corrected compensation metadata,"[""WCM-72f7144d111cd3f40dddf782""]"
TAG-dee9ed43ce369416149d9bbf,ROOTCOMP-a07a3a2ea96379c2c6cb8e0e,institutional_channel,budget_pay_plan_process,bounded event evidence and corrected compensation metadata,"[""WCM-38abc96ff1ad54a95e225a44"",""WCM-9152c4cf98efc42c44a93782""]"
TAG-26859219fd51e182aaab6e92,ROOTCOMP-77ebecab12b95967e52fc718,institutional_channel,budget_pay_plan_process,bounded event evidence and corrected compensation metadata,"[""WCM-787b9b2e00bb8d08e2afe768""]"
TAG-cb50ba8c678d6f6a7e9f4636,ROOTCOMP-9a94af86c452a68abac60b38,institutional_channel,budget_pay_plan_process,bounded event evidence and corrected compensation metadata,"[""WCM-23609cb8031ac1a5658c71b5""]"
TAG-39da13d33f4a33a93d0ab2eb,ROOTCOMP-598456ba5f2b2f2039117f47,institutional_channel,none_identified,bounded event evidence and corrected compensation metadata,"[""WCM-d44311774f9cb09b4a117a1b""]"
TAG-60ff43465da02b62794bc268,ROOTCOMP-4d6b7ce51981f2789fb3a3df,institutional_channel,none_identified,bounded event evidence and corrected compensation metadata,"[""WCM-72f77b6ab43136fedc43416b""]"
TAG-4bf5baf81b6e4e42370778b5,ROOTCOMP-462282bcfa51c765c57feb7e,institutional_channel,none_identified,bounded event evidence and corrected compensation metadata,"[""WCM-6fe3fb67c7a29b13b31f452f"",""WCM-770f190c14baa70eec1fd767""]"
TAG-6e26ef70daa5bdd723828717,ROOTCOMP-fc14ff1cb66c9a0c650ba269,institutional_channel,none_identified,bounded event evidence and corrected compensation metadata,"[""WCM-def1b8114b15173949cdb6b8"",""WCM-fba0a957c4ae600f73f4caf8""]"
TAG-0a6580b44a47c9beb551dff9,ROOTCOMP-cf67691055c522b414223f9f,institutional_channel,none_identified,bounded event evidence and corrected compensation metadata,"[""WCM-4372e66ddf8f59b4f8cc350c""]"
TAG-3b6d082d632a7b14e5c07a91,ROOTCOMP-1f5ab7c9657989e9fdcbf099,institutional_channel,none_identified,bounded event evidence and corrected compensation metadata,"[""WCM-31f5a82ef5fbba13768c2903"",""WCM-b50bc8f0e95466e24c67b8dc""]"
TAG-34b8dcbd1195bc51dcae0d99,ROOTCOMP-2ae20102edecbadd4652bccc,institutional_channel,none_identified,bounded event evidence and corrected compensation metadata,"[""WCM-97c42be38b15497c243734d2"",""WCM-ab499d007f39ebb747be259d""]"
TAG-76f9c00256c384d20c493c3f,ROOTCOMP-83feef47c1cbd79cfa631948,institutional_channel,none_identified,bounded event evidence and corrected compensation metadata,"[""WCM-4a23befbf4d26106d24bf8a7""]"
TAG-f46c38a61b536138e7b7b293,ROOTCOMP-8040727e1a67672e2bf4c754,institutional_channel,none_identified,bounded event evidence and corrected compensation metadata,"[""WCM-5924b3bb14fffe117d338725""]"
TAG-803162e3ada53fb8decc3185,ROOTCOMP-889ae6bd590b06b61c6f92b0,institutional_channel,none_identified,bounded event evidence and corrected compensation metadata,"[""WCM-dfe7b8a83e17e5547b0d76fd""]"
TAG-d14919e8b467113f0e29b061,ROOTCOMP-ea53aaca787127ff5bbecad1,institutional_channel,none_identified,bounded event evidence and corrected compensation metadata,"[""WCM-55db2d820a10c94bbfc3fd2c"",""WCM-f080df2e2ba495f9b3490011""]"
TAG-023b281d9f9a5ac2e9cce9d3,ROOTCOMP-34d87a24fc56a4ec34314f80,institutional_channel,none_identified,bounded event evidence and corrected compensation metadata,"[""WCM-bb39752190a7e2db5eac97f3""]"
TAG-9560bf24e385dad045576a4d,ROOTCOMP-019a6e85a5944fdc1571a88d,institutional_channel,none_identified,bounded event evidence and corrected compensation metadata,"[""WCM-64416c91f90908dad894362c"",""WCM-a3a5edaf536526c785630b0c""]"
TAG-f886e035909b11b1ffa9b6f2,ROOTCOMP-76d43b51b0ea445fad152baa,institutional_channel,none_identified,bounded event evidence and corrected compensation metadata,"[""WCM-3fe63767206a75168ed507e4""]"
TAG-4a1094a77af691b67c2d2567,ROOTCOMP-601ca0c1d2f131137b9ddebe,institutional_channel,none_identified,bounded event evidence and corrected compensation metadata,"[""WCM-1b70983bbbc5391000b1191c"",""WCM-4d8588bb727ea460708eb5a9""]"
TAG-f4ca81b66cf7ae17fb207264,ROOTCOMP-33d3b90870284183eb1177c5,institutional_channel,none_identified,bounded event evidence and corrected compensation metadata,"[""WCM-51c524c3f47094629d5e676c"",""WCM-54c4d9bc9e37f9dbd1481305""]"
TAG-b006933db6dd5713e80cfe23,ROOTCOMP-dab0cc7f21f83d74d96136d1,institutional_channel,none_identified,bounded event evidence and corrected compensation metadata,"[""WCM-43fb20a94b855cfb54a3ada6"",""WCM-7c9b5d9d83ab4431436c9c7a""]"
TAG-4406bbfb053c993986dcb9c0,ROOTCOMP-e370590f969fd53c8702c985,institutional_channel,none_identified,bounded event evidence and corrected compensation metadata,"[""WCM-50d0444e57292b70737d1d8a""]"
TAG-bd8dfe8663d54a754182f736,ROOTCOMP-db530b1894d035855dbd48e5,institutional_channel,ordinance_council_adoption,bounded event evidence and corrected compensation metadata,"[""WCM-68a244b8002b57f71fa02755""]"
TAG-82c97b2569baf7e317bfcdb2,ROOTCOMP-b30f4aa8dc592a0a6ee007ec,institutional_channel,none_identified,bounded event evidence and corrected compensation metadata,"[""WCM-5a18799a7617943dffda7528"",""WCM-e62191712360d8c8d1164cfa""]"
TAG-c0a20a134a8724ff9d26a97f,ROOTCOMP-6dfaaea9e5d43c9ff47901e9,institutional_channel,collective_bargaining,bounded event evidence and corrected compensation metadata,"[""WCM-c48efda2dae5bfb3289fa2ea""]"
TAG-e1d3b5e195c93ddf72b173a2,ROOTCOMP-6dfaaea9e5d43c9ff47901e9,institutional_channel,ordinance_council_adoption,bounded event evidence and corrected compensation metadata,"[""WCM-c48efda2dae5bfb3289fa2ea""]"
TAG-73121480b77ce9eaa69568ff,ROOTCOMP-0123b97030786adb7d520ca2,institutional_channel,budget_pay_plan_process,bounded event evidence and corrected compensation metadata,"[""WCM-26c42bcb299ba3f72ea01ae8""]"
TAG-3211d4694494ba32b5b75269,ROOTCOMP-0e47469cc25349ec91f06077,institutional_channel,budget_pay_plan_process,bounded event evidence and corrected compensation metadata,"[""WCM-2b4ad0fcfc3cc50847b7e941"",""WCM-90debca3f7982f7b97250c60"",""WCM-9fdc8d7898bd12a43da8b40e""]"
TAG-7310877bd9a8b64b375cc8ae,ROOTCOMP-53469ef7ebb813824db170a9,institutional_channel,none_identified,bounded event evidence and corrected compensation metadata,"[""WCM-1839ec438c44faa00b0b720c""]"
TAG-36b1659c0f50c2d0c6a115e7,ROOTCOMP-33188f846153ba7462a1e2a4,institutional_channel,budget_pay_plan_process,bounded event evidence and corrected compensation metadata,"[""WCM-b482d2de80e2bb36b523d3f1""]"
TAG-3d452f85b58b83be64580cce,ROOTCOMP-7ef79879a1c87e10719d463e,institutional_channel,none_identified,bounded event evidence and corrected compensation metadata,"[""WCM-00ff6cb8ad0bda3474d43f7f""]"
TAG-c537e7403dda6f37bb017624,ROOTCOMP-921d5f579c1f339f824a7a35,institutional_channel,none_identified,bounded event evidence and corrected compensation metadata,"[""WCM-d8ae6d4e55072c55c2f48b58""]"
TAG-abccb533e6e81dede14c2663,ROOTCOMP-e81d5f565e87de4136227fbe,institutional_channel,none_identified,bounded event evidence and corrected compensation metadata,"[""WCM-c1142617ffb822d2035e9f9b""]"
TAG-990c1506e82c5f1993699460,ROOTCOMP-b506e67ad7e8c91b95d781b0,institutional_channel,ordinance_council_adoption,bounded event evidence and corrected compensation metadata,"[""WCM-5b09655d2f4ac0744c256986""]"
TAG-096f40c1fd218d18af8f3b94,ROOTCOMP-f3b3db4a4c591fe47a2b64ff,institutional_channel,none_identified,bounded event evidence and corrected compensation metadata,"[""WCM-c47b6382091c1261b79705a7""]"
TAG-94b7b45babcfbcdac95867a4,ROOTCOMP-eb9cded3e16bad8df8360735,institutional_channel,none_identified,bounded event evidence and corrected compensation metadata,"[""WCM-e99801be3084b740e05f5631""]"
TAG-714db33a28eca3089e8f087c,ROOTCOMP-ac6ffb7a6a5b8233dc7efd9f,institutional_channel,none_identified,bounded event evidence and corrected compensation metadata,"[""WCM-d6ac4c780f75aa5e63e6a458""]"
TAG-12c7dd1d5d416f519c7cbc0e,ROOTCOMP-a383f6e325f5ec1c7b266158,institutional_channel,ordinance_council_adoption,bounded event evidence and corrected compensation metadata,"[""WCM-8d0994ace4d2e90b3ca2afea""]"
TAG-9f1c1d1121c6be6891a304cf,ROOTCOMP-abf67d703b455077d013418e,institutional_channel,budget_pay_plan_process,bounded event evidence and corrected compensation metadata,"[""WCM-c95f1eae81ee1a1077e6e66b""]"
TAG-70a7935841ca8a821e7813af,ROOTCOMP-c4d853ac46c6549859ad109b,institutional_channel,none_identified,bounded event evidence and corrected compensation metadata,"[""WCM-793a29113106ccbc4624ba7e""]"
TAG-caa1f666003e8df7e298adfe,ROOTCOMP-d7be579166b4b95833595543,institutional_channel,none_identified,bounded event evidence and corrected compensation metadata,"[""WCM-72878f93727c0b4a6c423371""]"
TAG-4d99e7a496f580bad96454b8,ROOTCOMP-5af8518094504b6cd635a812,institutional_channel,none_identified,bounded event evidence and corrected compensation metadata,"[""WCM-18c12aab67a0f7d88fa18bf7"",""WCM-45f7d392ad41f07af5559444""]"
TAG-c15a324b5871466be35a6379,ROOTCOMP-fe02398a6782272ac2608875,institutional_channel,none_identified,bounded event evidence and corrected compensation metadata,"[""WCM-7855a4316178c490a5d81d1a""]"
TAG-4fb3de07a623c71aa28a12f4,ROOTCOMP-9cfacaf9c7874ebf937b1339,institutional_channel,none_identified,bounded event evidence and corrected compensation metadata,"[""WCM-cbc69559c9c34f124d1180e8""]"
TAG-fe9e502797970d77c0b77c24,ROOTCOMP-8f714ac07b3eb24fc38a2291,institutional_channel,budget_pay_plan_process,bounded event evidence and corrected compensation metadata,"[""WCM-d9c587efbbcb4323e7c9e54f""]"
TAG-9f6e867ee1376b1abcade08c,ROOTCOMP-8f714ac07b3eb24fc38a2291,institutional_channel,ordinance_council_adoption,bounded event evidence and corrected compensation metadata,"[""WCM-d9c587efbbcb4323e7c9e54f""]"
TAG-5877c9b68c2e0a6af9416213,ROOTCOMP-1564f55f3fa6ddb08a4c33b6,institutional_channel,none_identified,bounded event evidence and corrected compensation metadata,"[""WCM-7ff074fdec8de895d434b61f""]"
TAG-5408cd7e4d96794276f3a3da,ROOTCOMP-d8d0aa979cf02984c2158d56,institutional_channel,budget_pay_plan_process,bounded event evidence and corrected compensation metadata,"[""WCM-8d2b5f4f46ad0c711a4f29f5""]"
TAG-aa7f6b5f54245eda60d9a3be,ROOTCOMP-2a7646891f2103d8177933f9,institutional_channel,budget_pay_plan_process,bounded event evidence and corrected compensation metadata,"[""WCM-df13920cbe2bd25aec4867e4""]"
TAG-5f713d302fbe8cdf51274f15,ROOTCOMP-953ab17a8df9f06e5a740d5f,institutional_channel,ordinance_council_adoption,bounded event evidence and corrected compensation metadata,"[""WCM-215436bc7eef2467b60a71bb""]"
TAG-210d10da3fecdd549b3d9646,ROOTCOMP-c97f4558a049ee75f74b2847,institutional_channel,none_identified,bounded event evidence and corrected compensation metadata,"[""WCM-e30f956c906eab0211f6c098""]"
TAG-e3a5e26c8ff3cb256c653849,ROOTCOMP-a24abfcb8488be79916f9c2d,institutional_channel,none_identified,bounded event evidence and corrected compensation metadata,"[""WCM-a77160d3f06a5856a8e0d949"",""WCM-bdbea843d5ffefa355c1fe97""]"
TAG-54ec9baf865e23ad25829322,ROOTCOMP-c2936a0ce6c701f28a830bec,institutional_channel,none_identified,bounded event evidence and corrected compensation metadata,"[""WCM-142d33db288088e8f7b48f09"",""WCM-927e2e4e0571bb197c098728""]"
TAG-4908b4745696985fbc78aa41,ROOTCOMP-c27cbd3cea23d955da632cd4,institutional_channel,ordinance_council_adoption,bounded event evidence and corrected compensation metadata,"[""WCM-19d97fa6aa5166d2c32ce47a""]"
TAG-4eb5eb8e7dccd624cac0143c,ROOTCOMP-f69706728f9124461a913729,institutional_channel,none_identified,bounded event evidence and corrected compensation metadata,"[""WCM-0accffc15ed1d6ac6e3e96f8""]"
TAG-eba360acc54182fa50cad443,ROOTCOMP-cac71faecf67e1eaa3d27b48,institutional_channel,none_identified,bounded event evidence and corrected compensation metadata,"[""WCM-4f8694eeafa5f5b8ce3d73ac"",""WCM-572a8d49d32d1e7d6cb9e654"",""WCM-a77fe97944d78ab74effa1d6""]"
TAG-e646e4c936bf4d741ec51f9a,ROOTCOMP-afbde9ba8be3d58273efc2b0,institutional_channel,none_identified,bounded event evidence and corrected compensation metadata,"[""WCM-20a4e13c8878731b8fbeec84"",""WCM-44356e3a590e02892394fe05"",""WCM-bc2e82f20847dd1cb213ef42""]"
TAG-3102601c4c86e1613c8a76d2,ROOTCOMP-91e32f69dbdf889a956845d7,institutional_channel,none_identified,bounded event evidence and corrected compensation metadata,"[""WCM-3d7f70df3dd87f123958dfa6""]"
TAG-d7b62abd674ae8e9904fc87e,ROOTCOMP-de40dd0b810a961214dac941,institutional_channel,none_identified,bounded event evidence and corrected compensation metadata,"[""WCM-9ea23fe89509da4661cdb391""]"
TAG-9b7b22dcab7a9be0100af19b,ROOTCOMP-0e583adad2fb2c6d51ea77f5,institutional_channel,none_identified,bounded event evidence and corrected compensation metadata,"[""WCM-7ee6c8ba1135b16034037402"",""WCM-bd5eb1466d568080f1390097""]"
TAG-43a1f7b782b9213dc4bac7ef,ROOTCOMP-757483b9d539b8fc994c27cd,institutional_channel,none_identified,bounded event evidence and corrected compensation metadata,"[""WCM-cf3a2cb3e47dee736f97b408"",""WCM-e977b97ac94e058a73dd4d89""]"
TAG-5c6522f7b9f37c9c1cea234b,ROOTCOMP-4d8e12726b16bc3c134531df,institutional_channel,ordinance_council_adoption,bounded event evidence and corrected compensation metadata,"[""WCM-a4f5f0601941308adf8ac5c9""]"
TAG-37758b39ffe5011edd2eb5fa,ROOTCOMP-4d7d135fd26562a70593fd58,institutional_channel,none_identified,bounded event evidence and corrected compensation metadata,"[""WCM-44d95c7afd70f3ed293ba5a9"",""WCM-5297bb0b9ffad3a7090b14e9""]"
TAG-2555ff2c0f651d159ba81563,ROOTCOMP-722e21812991dcdbd4fdf2ed,institutional_channel,ordinance_council_adoption,bounded event evidence and corrected compensation metadata,"[""WCM-957a0c1cab76c0f7f17554be""]"
TAG-7f79de326ba7e6563e23f2ca,ROOTCOMP-2b4e33f5020c1f832be98e09,institutional_channel,ordinance_council_adoption,bounded event evidence and corrected compensation metadata,"[""WCM-8dcabfcea10a59eba53391dc""]"
TAG-7fd2691537d6a418dea44b56,ROOTCOMP-45460374c43281ea12e86826,institutional_channel,none_identified,bounded event evidence and corrected compensation metadata,"[""WCM-5d5e9c6a4999a30b5b158097""]"
TAG-af4a8c20119425f4f62ec172,ROOTCOMP-95045f9804b3f3543093e41a,institutional_channel,budget_pay_plan_process,bounded event evidence and corrected compensation metadata,"[""WCM-5d768b36b80d6c819822cdb4"",""WCM-c05ddc7eb123b93fcd079155""]"
TAG-a1fd6d230993204d1d340ed4,ROOTCOMP-7dfec0b1af9fffacb25a6137,institutional_channel,budget_pay_plan_process,bounded event evidence and corrected compensation metadata,"[""WCM-55c9ccfce8d07f6861c29d04""]"
TAG-74dd0a5d8d22edacc125e455,ROOTCOMP-07dc9f5d51c5bed418efc79c,institutional_channel,ordinance_council_adoption,bounded event evidence and corrected compensation metadata,"[""WCM-126a707209872ddaad972579""]"
TAG-e372ffc7f03007737100ba09,ROOTCOMP-109ba101ed935696d7ddd52f,institutional_channel,none_identified,bounded event evidence and corrected compensation metadata,"[""WCM-61c577b3b852f647d9948b2f"",""WCM-96e252eade18af4e0d730c77""]"
TAG-f171442ef89ea4200d338f48,ROOTCOMP-632692c035b3fd3969689885,institutional_channel,ordinance_council_adoption,bounded event evidence and corrected compensation metadata,"[""WCM-473a000a931dd69f011f336e""]"
TAG-3ab2df3b69ecf149a4f0591f,ROOTCOMP-8e20a5fd0a515f385323b731,institutional_channel,none_identified,bounded event evidence and corrected compensation metadata,"[""WCM-992730bf43a366d5ed4dfbf4""]"
TAG-49dfaa350e903e3c684d5b73,ROOTCOMP-aa93c118714e693edbf9743c,institutional_channel,none_identified,bounded event evidence and corrected compensation metadata,"[""WCM-0a0e106a41a7ba69007fb9f5""]"
TAG-c788794d6d9609355809a7d1,ROOTCOMP-56b03b0fdcb530f2b3ba0032,institutional_channel,ordinance_council_adoption,bounded event evidence and corrected compensation metadata,"[""WCM-5c4ca659411c0848887987fb""]"
TAG-0038fbff8b71885cad96eed6,ROOTCOMP-bb936449178b93f69ae93ea6,institutional_channel,ordinance_council_adoption,bounded event evidence and corrected compensation metadata,"[""WCM-c9ac6ad2140a60348f2ffe56""]"
TAG-bf1a1c712736ba5b15f131bd,ROOTCOMP-e8de35d9976643c469778f4e,institutional_channel,none_identified,bounded event evidence and corrected compensation metadata,"[""WCM-8cff73f3d8de29d273e74a14""]"
TAG-8b9863f76b5db5bd7c329ae3,ROOTCOMP-75f46b9c0d4d3869d6ec481f,institutional_channel,none_identified,bounded event evidence and corrected compensation metadata,"[""WCM-6f3fbd099f9e9d01f6926d5f"",""WCM-ed4b258534bc91fe199c54f1""]"
TAG-1da58f864e7fda958e52af12,ROOTCOMP-8c1f104c0af99ff31f22430e,institutional_channel,none_identified,bounded event evidence and corrected compensation metadata,"[""WCM-8a57c5c4a4056a3a1865c58e""]"
TAG-0e734c9686238b70f7f34f75,ROOTCOMP-9ade3445c73bd95a5625cb3e,institutional_channel,none_identified,bounded event evidence and corrected compensation metadata,"[""WCM-137d020bd407581a2c92827d"",""WCM-86cb31d318fefbc52ca798d4""]"
TAG-093032f639b1dd21e0115267,ROOTCOMP-4fb52586a147d34c62cdaa6a,institutional_channel,none_identified,bounded event evidence and corrected compensation metadata,"[""WCM-a91650de6cd1181b96f39ce5"",""WCM-f89f4df287d662cc77da68d4""]"
TAG-17cdd3b086077430fd11281c,ROOTCOMP-8c7889aa0f065e5e6e00a8c7,institutional_channel,none_identified,bounded event evidence and corrected compensation metadata,"[""WCM-c2b1b6ddb9a64fa48c3746bd""]"
TAG-1b02f26a027fe97d759c9feb,ROOTCOMP-ad4303849be51687f69bc3b7,institutional_channel,budget_pay_plan_process,bounded event evidence and corrected compensation metadata,"[""WCM-99a3d743321dfc65260b2f9a"",""WCM-b11510195223767b71c41f8b""]"
TAG-1d3d782f614517772a7f6e56,ROOTCOMP-ad4303849be51687f69bc3b7,institutional_channel,ordinance_council_adoption,bounded event evidence and corrected compensation metadata,"[""WCM-99a3d743321dfc65260b2f9a"",""WCM-b11510195223767b71c41f8b""]"
TAG-b5213fd40f367bad5861c2e4,ROOTCOMP-ad5b83a5ddbc98941c610584,institutional_channel,none_identified,bounded event evidence and corrected compensation metadata,"[""WCM-907f69de59d9173ddeb76720""]"
TAG-76f937fa3ec5b51255684369,ROOTCOMP-f66d8fb67c24599df4877077,institutional_channel,none_identified,bounded event evidence and corrected compensation metadata,"[""WCM-2a3cefe4e1ddb73204f1b68f"",""WCM-bf1a3fe16ca2baa517dd9790""]"
TAG-0dae1122d5f1190e4497bc26,ROOTCOMP-8ce30afa621091a5b86a8d13,institutional_channel,budget_pay_plan_process,bounded event evidence and corrected compensation metadata,"[""WCM-7a5ab9f513645a5645528816""]"
TAG-56c4e5ac5400ed8fd1f19199,ROOTCOMP-ad1639c9a45a77d2b83bc1da,institutional_channel,none_identified,bounded event evidence and corrected compensation metadata,"[""WCM-bc0323b323369801acb86a18""]"
TAG-afdcc6dd105f3559c28b7e03,ROOTCOMP-ee0b1cd474140ce6e042dc94,institutional_channel,none_identified,bounded event evidence and corrected compensation metadata,"[""WCM-4bdbb08dbcdd7745ccea67a5""]"
TAG-59b899503aa26c00fd68b9dc,ROOTCOMP-33f2764f871f702b63bdfd4c,institutional_channel,ordinance_council_adoption,bounded event evidence and corrected compensation metadata,"[""WCM-804457340e3cca7205521de1"",""WCM-99e8c9d2b1d303f13cdd151e""]"
TAG-b8ff94b9e2604aceaf43ac35,ROOTCOMP-c7f76134bb9fb854f09af524,institutional_channel,budget_pay_plan_process,bounded event evidence and corrected compensation metadata,"[""WCM-04a3cf9fe7bbffd804639e21""]"
TAG-89670b8ec236587aa07fd91a,ROOTCOMP-2095f770349bd4fbebc5fc66,institutional_channel,budget_pay_plan_process,bounded event evidence and corrected compensation metadata,"[""WCM-10c3ce8c832a77badf455d23"",""WCM-1dfc5b118baa5b741ded474a"",""WCM-805a0af85d67bb45789d9442""]"
TAG-80b9d5d78b4928fb21a00a67,ROOTCOMP-2095f770349bd4fbebc5fc66,institutional_channel,settlement_or_mou,bounded event evidence and corrected compensation metadata,"[""WCM-10c3ce8c832a77badf455d23"",""WCM-1dfc5b118baa5b741ded474a"",""WCM-805a0af85d67bb45789d9442""]"
TAG-d380acb49a4cb6d7a49086c4,ROOTCOMP-11a49247f7d7e3dd9d5714fe,institutional_channel,none_identified,bounded event evidence and corrected compensation metadata,"[""WCM-33cb0e5e0790947b6fc31607""]"
TAG-b1d58ce6cf81280ca4d39d44,ROOTCOMP-7bbcde2fa8f4e18dd92f5b02,institutional_channel,ordinance_council_adoption,bounded event evidence and corrected compensation metadata,"[""WCM-06165ea18ee3ab963b8065e4"",""WCM-c6866d1ae97eb561db0f94fb""]"
TAG-eff00f7ac9285f77c65c7211,ROOTCOMP-c220ccfa5ae6cc5f6ba5ac1c,institutional_channel,none_identified,bounded event evidence and corrected compensation metadata,"[""WCM-cd3af308df7388418de42c51""]"
TAG-2ce4e2e4f81b6eec423f7735,ROOTCOMP-8f50095ef3c1b08c5af258c1,institutional_channel,ordinance_council_adoption,bounded event evidence and corrected compensation metadata,"[""WCM-b09e254f7d9f5392a171133c""]"
TAG-56221c10b93a385515209edb,ROOTCOMP-46d42480c39d52ef5411d0b9,institutional_channel,ordinance_council_adoption,bounded event evidence and corrected compensation metadata,"[""WCM-27f9c07391887c717cc6f61f""]"
TAG-d258019c2c8fb908bb9b36db,ROOTCOMP-bf317db7de3009b093deb308,institutional_channel,none_identified,bounded event evidence and corrected compensation metadata,"[""WCM-f31e6ebf9ea4185b11c209f2""]"
TAG-9056bd381862d9c3dc9d6b28,ROOTCOMP-14f4d97876ba9f41fa8b5cd5,institutional_channel,budget_pay_plan_process,bounded event evidence and corrected compensation metadata,"[""WCM-03989c69a28d28c21fb01d41"",""WCM-81a42d226c2d8901103a5abf"",""WCM-de085fbac99d3d3ce298e538"",""WCM-f547687bd60aa686d313a4a5""]"
TAG-03853a3b94d4baf91fb02303,ROOTCOMP-14f4d97876ba9f41fa8b5cd5,institutional_channel,ordinance_council_adoption,bounded event evidence and corrected compensation metadata,"[""WCM-03989c69a28d28c21fb01d41"",""WCM-81a42d226c2d8901103a5abf"",""WCM-de085fbac99d3d3ce298e538"",""WCM-f547687bd60aa686d313a4a5""]"
TAG-173888ced30030347e8f6ccc,ROOTCOMP-2d2ec910c6d42184c4b4c718,institutional_channel,ordinance_council_adoption,bounded event evidence and corrected compensation metadata,"[""WCM-d664dd657a3e61ec2664e6d0""]"
TAG-2dba392ddc6940c19d5a642b,ROOTCOMP-8558ff8e171a405779020380,institutional_channel,budget_pay_plan_process,bounded event evidence and corrected compensation metadata,"[""WCM-e77845966f09949c4cbe0267""]"
TAG-0d7b9b813c23eeef78635b88,ROOTCOMP-1c84f05d1b5242ea12131434,institutional_channel,budget_pay_plan_process,bounded event evidence and corrected compensation metadata,"[""WCM-3c34caa479f274d62f8689d4"",""WCM-7a4a2a2345c9051f3ef8144d"",""WCM-bc8f845aa4b1913bcd687f22""]"
TAG-3351354d975b7b878fc8514e,ROOTCOMP-2ef79854897785b9f789c533,institutional_channel,budget_pay_plan_process,bounded event evidence and corrected compensation metadata,"[""WCM-1f7d596473fd2f01f052fc00""]"
TAG-8df2cb28de31a30ce47166be,ROOTCOMP-2ef79854897785b9f789c533,institutional_channel,ordinance_council_adoption,bounded event evidence and corrected compensation metadata,"[""WCM-1f7d596473fd2f01f052fc00""]"
TAG-22e2257b5d2f932b3de6236f,ROOTCOMP-c7be20ba6722944fd4eade4a,institutional_channel,budget_pay_plan_process,bounded event evidence and corrected compensation metadata,"[""WCM-289b70a9ae1de8a872114217"",""WCM-a555f1688c8f9b945abb3659""]"
TAG-bc6623ca37ed46dcb9fc88c9,ROOTCOMP-c7be20ba6722944fd4eade4a,institutional_channel,settlement_or_mou,bounded event evidence and corrected compensation metadata,"[""WCM-289b70a9ae1de8a872114217"",""WCM-a555f1688c8f9b945abb3659""]"
TAG-1ff593c0fab6b20beb99494a,ROOTCOMP-aa2b778e0a4673e7631d95e4,institutional_channel,none_identified,bounded event evidence and corrected compensation metadata,"[""WCM-8c2ea6d0e222250056f013f6""]"
TAG-7554d0358ab5ccab9a0a98b9,ROOTCOMP-6ce7fa6e96551e31d1d8e61f,institutional_channel,ordinance_council_adoption,bounded event evidence and corrected compensation metadata,"[""WCM-e50083f04037e595fc0f1a29""]"
TAG-704db259371b7eb49fb9b97f,ROOTCOMP-a7b6b153490b39bf914354f6,institutional_channel,budget_pay_plan_process,bounded event evidence and corrected compensation metadata,"[""WCM-172f3db9e7478a354ea775c9""]"
TAG-ea944449121502c5d15b9b35,ROOTCOMP-a7b6b153490b39bf914354f6,institutional_channel,ordinance_council_adoption,bounded event evidence and corrected compensation metadata,"[""WCM-172f3db9e7478a354ea775c9""]"
TAG-008486a1840d8628905dd621,ROOTCOMP-9fdaf9b547fac53e2c57a4aa,institutional_channel,ordinance_council_adoption,bounded event evidence and corrected compensation metadata,"[""WCM-9c4aeae83c6fd0e8ff90f5f2""]"
TAG-b0a5aa1820efd3645721b11a,ROOTCOMP-2d37a8a5660d4b9f3b6af254,institutional_channel,none_identified,bounded event evidence and corrected compensation metadata,"[""WCM-047044d435abd78391068d45""]"
TAG-2a9f95a886c7231fea3835c7,ROOTCOMP-11b00e149bbe06c8729dd152,institutional_channel,budget_pay_plan_process,bounded event evidence and corrected compensation metadata,"[""WCM-0b07876ce440e5d0d7e8d64f""]"
TAG-1361ddb71e0a54c2b638b9cd,ROOTCOMP-11b00e149bbe06c8729dd152,institutional_channel,ordinance_council_adoption,bounded event evidence and corrected compensation metadata,"[""WCM-0b07876ce440e5d0d7e8d64f""]"
TAG-371d072f0b79a2195b3383b8,ROOTCOMP-bbe2a599544e4d8f6513d2b0,institutional_channel,none_identified,bounded event evidence and corrected compensation metadata,"[""WCM-ead2ef6883765268ec093434""]"
TAG-ce375b33463ca59a895c285a,ROOTCOMP-6629916798554eb32d714e99,institutional_channel,none_identified,bounded event evidence and corrected compensation metadata,"[""WCM-8abfe03a4011022e101b4dfd""]"
TAG-05bf4186192b83c7e78c0e4d,ROOTCOMP-a38fa94b7bc52076ac8bf291,institutional_channel,none_identified,bounded event evidence and corrected compensation metadata,"[""WCM-91cd0973e53f2a6a9a9d84a9""]"
TAG-afcad25b2e84c1ad9d20a347,ROOTCOMP-d15f81ab5b70d1dfb9697090,institutional_channel,none_identified,bounded event evidence and corrected compensation metadata,"[""WCM-30218ff5e378b89e1677b963""]"
TAG-d2278d7402e8fd208038aad5,ROOTCOMP-b26183113226a9b11d9b6549,institutional_channel,budget_pay_plan_process,bounded event evidence and corrected compensation metadata,"[""WCM-845a3afb66837ec12e05a928""]"
TAG-2efb3904ce2c8808261889db,ROOTCOMP-52a74f94b812f458fb8ab5fc,institutional_channel,budget_pay_plan_process,bounded event evidence and corrected compensation metadata,"[""WCM-0d798f694034dacf37f2fb76""]"
TAG-712ecce0bedbeebdc07a0b59,ROOTCOMP-52a74f94b812f458fb8ab5fc,institutional_channel,ordinance_council_adoption,bounded event evidence and corrected compensation metadata,"[""WCM-0d798f694034dacf37f2fb76""]"
TAG-c5baebd11e2e474d739a467c,ROOTCOMP-f8a8459a2cde8d0a2d723076,institutional_channel,budget_pay_plan_process,bounded event evidence and corrected compensation metadata,"[""WCM-0043b9054310aee9fe8e3e03""]"
TAG-28da565ca6aeb29e4083968a,ROOTCOMP-f8a8459a2cde8d0a2d723076,institutional_channel,ordinance_council_adoption,bounded event evidence and corrected compensation metadata,"[""WCM-0043b9054310aee9fe8e3e03""]"
TAG-535c40104010aa97bb41ecd8,ROOTCOMP-6da52ba7d971a3430c5cebc5,institutional_channel,none_identified,bounded event evidence and corrected compensation metadata,"[""WCM-784e9f4d7d302284d8db4e20""]"
TAG-99ee9c618b2f075fe233b11b,ROOTCOMP-973b0cb2e91cf69bbb6c3b17,institutional_channel,none_identified,bounded event evidence and corrected compensation metadata,"[""WCM-19d3cd472f5ee04f3f76c595"",""WCM-e2b9d0b6091a245ff3e03e8c""]"
TAG-49c3e30f659169dece5dfd75,ROOTCOMP-9d3455a263beb4728b0ffe9e,institutional_channel,none_identified,bounded event evidence and corrected compensation metadata,"[""WCM-406392a387467a03c8fd8b77""]"
TAG-7cae8ca76d6bb77d221f06ac,ROOTCOMP-33146debd495afec096d8e81,institutional_channel,none_identified,bounded event evidence and corrected compensation metadata,"[""WCM-d5627d865bd251fd94e7f70b""]"
TAG-0528ec7577427ab1aec37cff,ROOTCOMP-6ea9a0cd759b795585d47827,institutional_channel,none_identified,bounded event evidence and corrected compensation metadata,"[""WCM-c4a9996bcf3603829c5c7816""]"
TAG-7f8cca31b634bfbcdf83b135,ROOTCOMP-f8f801f77e1f6d63914e3586,institutional_channel,none_identified,bounded event evidence and corrected compensation metadata,"[""WCM-d73e464de30fb87d795192f9""]"
TAG-e2d1202e9aeffba09c8ef87c,ROOTCOMP-fd61ff5408044b4ac7e94331,institutional_channel,budget_pay_plan_process,bounded event evidence and corrected compensation metadata,"[""WCM-0c78e952f13935267ea03726""]"
TAG-432b285a6ee6d308fb7a74c0,ROOTCOMP-c52d56bb275705d5324bc2ba,institutional_channel,none_identified,bounded event evidence and corrected compensation metadata,"[""WCM-7b425261a4f72d28bff9ac97""]"
TAG-c97f71518366b940213ad433,ROOTCOMP-3cfc548bc9276a6c5490ca1f,institutional_channel,none_identified,bounded event evidence and corrected compensation metadata,"[""WCM-6c5eb333dd613f0ff9148530""]"
TAG-7b481381673b842072933772,ROOTCOMP-c3181aed25ec2754644080d0,institutional_channel,budget_pay_plan_process,bounded event evidence and corrected compensation metadata,"[""WCM-42c4cda78e3fe769b60e6376""]"
TAG-d7ba5e7e2c4c510b276e9d19,ROOTCOMP-6481bfa0b76cc0371cf45eff,institutional_channel,budget_pay_plan_process,bounded event evidence and corrected compensation metadata,"[""WCM-008695220382e23a2b51b468"",""WCM-d5696290e1cdd1f9a2638edc"",""WCM-e0f7b2adeb32b32acfee0686""]"
TAG-adedb636f4ab65bcc0efe0d5,ROOTCOMP-f81da4a29d07a6f3d3c9b31d,institutional_channel,budget_pay_plan_process,bounded event evidence and corrected compensation metadata,"[""WCM-bf7d3aa6f9049333fe8c5271""]"
TAG-c2f521477bcbb446ebdb14ad,ROOTCOMP-f81da4a29d07a6f3d3c9b31d,institutional_channel,ordinance_council_adoption,bounded event evidence and corrected compensation metadata,"[""WCM-bf7d3aa6f9049333fe8c5271""]"
TAG-bbab518fb4cdfe6bd9c40e5e,ROOTCOMP-d9381930d6c0d14132a97da3,institutional_channel,none_identified,bounded event evidence and corrected compensation metadata,"[""WCM-d159d9de647b3c40a4753b6d""]"
TAG-50f7e36e060483e79c622c88,ROOTCOMP-425ed80c6370b1660152e613,institutional_channel,none_identified,bounded event evidence and corrected compensation metadata,"[""WCM-09037c62054c034c977ce4b4""]"
TAG-a5eccbde16d979ac1e75ee62,ROOTCOMP-d6ae79d26078b8749630a646,institutional_channel,none_identified,bounded event evidence and corrected compensation metadata,"[""WCM-2889bcda555083beadc7c496""]"
TAG-1c6b6e9bfd697cf0ecb099ae,ROOTCOMP-072cccb2441ed3f1a422a8e5,institutional_channel,ordinance_council_adoption,bounded event evidence and corrected compensation metadata,"[""WCM-d7ed2b25cc3044fe452f2592""]"
TAG-42de074cd24252a40b56f046,ROOTCOMP-2398bceac294a47038a36f1f,institutional_channel,budget_pay_plan_process,bounded event evidence and corrected compensation metadata,"[""WCM-5cc7030ce6ffcc06125f91af"",""WCM-d22e109fa10e15695bf184c0""]"
TAG-574995b6407195a89c2fc637,ROOTCOMP-6328287af60cadff93dc4b42,institutional_channel,none_identified,bounded event evidence and corrected compensation metadata,"[""WCM-32d9686b5305dff82dc1b53a"",""WCM-cfb725993766c69730ee6733""]"
TAG-a988a1e6df2fadbe1aba9138,ROOTCOMP-0b77622483077180f526946f,institutional_channel,none_identified,bounded event evidence and corrected compensation metadata,"[""WCM-25007438033ac0173170d170""]"
TAG-9984378bf1391242b17cb440,ROOTCOMP-f94a0f5c0b6801dcd73a9ec1,institutional_channel,ordinance_council_adoption,bounded event evidence and corrected compensation metadata,"[""WCM-633d420385d043bae483eb98""]"
TAG-623fe4169d360c67d27c429b,ROOTCOMP-f20af5fdc5f9100192cd1712,institutional_channel,none_identified,bounded event evidence and corrected compensation metadata,"[""WCM-8ffe051ff71387d9899b6b68""]"
TAG-0fd0a98ae7e4ca408de4ba40,ROOTCOMP-16f2d039f29d22f8001ef89a,institutional_channel,none_identified,bounded event evidence and corrected compensation metadata,"[""WCM-c6ce3a03442dfa82959ef3fa""]"
TAG-0b14474ddd99e22a5a9a7398,ROOTCOMP-8ec58759d976521d9f19987a,institutional_channel,none_identified,bounded event evidence and corrected compensation metadata,"[""WCM-2cd633ced6427e478619fbdf""]"
TAG-a53d8a6114e6ce0da4f979f0,ROOTCOMP-62da5a864aa780a538709ea7,institutional_channel,budget_pay_plan_process,bounded event evidence and corrected compensation metadata,"[""WCM-4ec8470069296866ce16b492""]"
TAG-3c7b170aab99bf6930fbf3cf,ROOTCOMP-62da5a864aa780a538709ea7,institutional_channel,ordinance_council_adoption,bounded event evidence and corrected compensation metadata,"[""WCM-4ec8470069296866ce16b492""]"
TAG-c081b40e0b69dfd9009d4e99,ROOTCOMP-9b5145c0820afbd2a6937977,institutional_channel,none_identified,bounded event evidence and corrected compensation metadata,"[""WCM-0970b102cc4a5acf0470e58c""]"
TAG-79a9ee63045cd1ebf74e7630,ROOTCOMP-76241c5de8e47811a5ee327a,institutional_channel,none_identified,bounded event evidence and corrected compensation metadata,"[""WCM-05fac60b36d7f40a59322255""]"
TAG-17560d76513aa41d77b50ea5,ROOTCOMP-2657f2ed222bcb6ad8d40319,institutional_channel,none_identified,bounded event evidence and corrected compensation metadata,"[""WCM-a8d1740becf5c0327de9b844""]"
TAG-2c83fc26015eb13fa0a0b847,ROOTCOMP-73077f1c42a8d553afdad9b8,institutional_channel,ordinance_council_adoption,bounded event evidence and corrected compensation metadata,"[""WCM-46e74c4ac1b408a7cac81ae2"",""WCM-aaf2adfbd36acc34b205c23a""]"
TAG-8130cf4df9ab0ec86f022b63,ROOTCOMP-f8994669062af3d4fce013d7,institutional_channel,ordinance_council_adoption,bounded event evidence and corrected compensation metadata,"[""WCM-334c1d5b93e78d916fb23796""]"
TAG-853b3d74236be9dbfecd8398,ROOTCOMP-a38352be34bf88ba581d6cd4,institutional_channel,none_identified,bounded event evidence and corrected compensation metadata,"[""WCM-cfbfb2123ee855a68edb0eb4""]"
TAG-10736e0b8cf597057a986d6e,ROOTCOMP-61a2a11511e14cb0a426e206,institutional_channel,ordinance_council_adoption,bounded event evidence and corrected compensation metadata,"[""WCM-4741cb39ed3d16765cb75362""]"
TAG-301f8c4a26bba733a82fe770,ROOTCOMP-62869a7be27f3f995756581a,institutional_channel,ordinance_council_adoption,bounded event evidence and corrected compensation metadata,"[""WCM-82828a99da2fdb15384ec186""]"
TAG-8ed09659054d4be5329c972d,ROOTCOMP-e85bad0a553c4d96d69c4c5a,institutional_channel,none_identified,bounded event evidence and corrected compensation metadata,"[""WCM-18fc0a5e965d19403563f392""]"
TAG-910a89369c5a5069b12b1d4a,ROOTCOMP-d08f97ce27302deec4b2527f,institutional_channel,ordinance_council_adoption,bounded event evidence and corrected compensation metadata,"[""WCM-a3f93773d0474c1ede04eabc""]"
TAG-105729fbd6a5180fd7060498,ROOTCOMP-7e1205820879298fe548a1b8,institutional_channel,none_identified,bounded event evidence and corrected compensation metadata,"[""WCM-0cfaaa6df2d4db31a936cd8a"",""WCM-9a3a5c84185f1c734e28717c""]"
TAG-5781861c0128e489613d921e,ROOTCOMP-4fd52e89126993ec8d9a1aa8,institutional_channel,none_identified,bounded event evidence and corrected compensation metadata,"[""WCM-209f298b9ed9f0577a7570a3"",""WCM-efc62f867685699d4d89b863""]"
TAG-31c335b796d88ededb6cb68d,ROOTCOMP-0c29ad4ce4691b29a550a294,institutional_channel,ordinance_council_adoption,bounded event evidence and corrected compensation metadata,"[""WCM-bfd278fdeea2f23c6ba68fd4""]"
TAG-8e08e46388d120ba85ce08b0,ROOTCOMP-1b8da9815cc85ec89ba2b8f9,institutional_channel,ordinance_council_adoption,bounded event evidence and corrected compensation metadata,"[""WCM-f470db68e5182e55a2ba70af""]"
TAG-3301c70022d80904aa33e34c,ROOTCOMP-8f7de42d50d8b69a64a0406d,institutional_channel,none_identified,bounded event evidence and corrected compensation metadata,"[""WCM-b21c335138348ba32c2208f4""]"
TAG-4b5c1e089efd6df70b0e2294,ROOTCOMP-4b56d18e5c6cedbbec0ae587,institutional_channel,none_identified,bounded event evidence and corrected compensation metadata,"[""WCM-a14411a2d9b1f5327c7161b6""]"
TAG-7b0c57015c7556e5a453a8b3,ROOTCOMP-f4c642fb71c22f9e261a4888,institutional_channel,ordinance_council_adoption,bounded event evidence and corrected compensation metadata,"[""WCM-b720e28de911ba4d181b3268""]"
TAG-954a515b6fbeb630db9e0c72,ROOTCOMP-963d3dae9f655bd6fe4d5e79,institutional_channel,none_identified,bounded event evidence and corrected compensation metadata,"[""WCM-3cbf85f6452f91d7bfcb094f""]"
TAG-95af3af4f1b56ef374281c30,ROOTCOMP-61e8762cc0787f0e12625313,institutional_channel,none_identified,bounded event evidence and corrected compensation metadata,"[""WCM-0135ed917b33bad028ac837c""]"
TAG-1e17573becddf0cf7c425441,ROOTCOMP-e42b0ad16c789c36cba50a5d,institutional_channel,none_identified,bounded event evidence and corrected compensation metadata,"[""WCM-43f11c8380ffd7136887878e""]"
TAG-f738636fca62aa05e1382ffe,ROOTCOMP-41737b45a4fe88e4adaba3ba,institutional_channel,none_identified,bounded event evidence and corrected compensation metadata,"[""WCM-deb99d97cadcb14bdd7bdf60""]"
TAG-754018b172607b2f0863881d,ROOTCOMP-bcf766794ea095d1b2e44dd1,institutional_channel,ordinance_council_adoption,bounded event evidence and corrected compensation metadata,"[""WCM-4cb0940efdc3adbf09246212""]"
TAG-6f421876716b341c2ddbed3f,ROOTCOMP-7c2835524446b6de4b7d1046,institutional_channel,none_identified,bounded event evidence and corrected compensation metadata,"[""WCM-f96da9d0b82b96060251957e""]"
TAG-f9e9840967656230a1590037,ROOTCOMP-4c20ba571c200786e0bd8d00,institutional_channel,ordinance_council_adoption,bounded event evidence and corrected compensation metadata,"[""WCM-30b3daa7e0e46394218b132c""]"
TAG-843b8c63d303fb7ee8009b70,ROOTCOMP-c1d9a794038d082afc2fa421,institutional_channel,ordinance_council_adoption,bounded event evidence and corrected compensation metadata,"[""WCM-3c2a81ed76251c7e58581d69""]"
TAG-363491a32e6aac7d0dbdb2b2,ROOTCOMP-07e8e64c5e5f77a0ffd00eee,institutional_channel,ordinance_council_adoption,bounded event evidence and corrected compensation metadata,"[""WCM-2afa8cdec99a5a1e231b7bba"",""WCM-41f447c4fe9f5d2d873d3882"",""WCM-a5eb1c6c222990dd61168335""]"
TAG-9df5c54bfabb04c2e5c15361,ROOTCOMP-2a2c0d86f0e4da9fc75eb572,institutional_channel,ordinance_council_adoption,bounded event evidence and corrected compensation metadata,"[""WCM-09a85837b58a485e0c67396a"",""WCM-0f9b35a86615746d7c52381d"",""WCM-acad665588fe23d65cfecad0""]"
TAG-f6ef8d088bb37ced6ad79e57,ROOTCOMP-af1e20f607c1a8ddfea995e4,institutional_channel,ordinance_council_adoption,bounded event evidence and corrected compensation metadata,"[""WCM-dcafc128d99f9c05b26af949""]"
TAG-069a0b59ff7ead41c8ea3be8,ROOTCOMP-4a846391818b59ce47962161,institutional_channel,none_identified,bounded event evidence and corrected compensation metadata,"[""WCM-6dc42f04dfc000ddf3d3d723""]"
TAG-4bf25c9e50723f6f784fb817,ROOTCOMP-e4ba53d6c1f0a7e6c06bdae4,institutional_channel,none_identified,bounded event evidence and corrected compensation metadata,"[""WCM-f6e00aa1c1b27ddae9cf26f5""]"
TAG-31cdb010538115cbe09ec6bf,ROOTCOMP-affb0067653778e393d4861e,institutional_channel,none_identified,bounded event evidence and corrected compensation metadata,"[""WCM-c9ccb13ce2930458142dbc69""]"
TAG-b33e77c0aa35e625565f3980,ROOTCOMP-469580b4763553e8fa04d6db,institutional_channel,none_identified,bounded event evidence and corrected compensation metadata,"[""WCM-e652f959b489837546ebe6f4""]"
TAG-7c8e2d52b89b3a68a89b3260,ROOTCOMP-a3bd736deb6f4f567ca04181,institutional_channel,none_identified,bounded event evidence and corrected compensation metadata,"[""WCM-4ddee1599ff889ee53662940""]"
TAG-1112b37cf8b815cb2c6a3c33,ROOTCOMP-bccf67bcad76c5f9ec62e8d0,institutional_channel,none_identified,bounded event evidence and corrected compensation metadata,"[""WCM-08306b0954fb640b1b34a549"",""WCM-541b825629e5d17a41510c12"",""WCM-855fdf4309ebb564054d87a1""]"
TAG-9f2405eba8f2e6419ad1d44f,ROOTCOMP-b7b4e8db700e3614982cd38c,institutional_channel,none_identified,bounded event evidence and corrected compensation metadata,"[""WCM-ae503229f58039dccb81ece0""]"
TAG-7c449f3b45c41735cea0679e,ROOTCOMP-b217f02f395d71e5bebc9b32,institutional_channel,none_identified,bounded event evidence and corrected compensation metadata,"[""WCM-2ce7432ec727b4b51bb87f6f""]"
TAG-fb498173c3976db518b91b01,ROOTCOMP-ed78ce1106175837935ba006,institutional_channel,none_identified,bounded event evidence and corrected compensation metadata,"[""WCM-2f957d0cea98c5722a636172""]"
TAG-34f5018df5369e9a16309d92,ROOTCOMP-91809057214dbbff510d9a09,institutional_channel,none_identified,bounded event evidence and corrected compensation metadata,"[""WCM-1a4722676533867cdb42fb29"",""WCM-8d95b6325fae6d100eb457d6"",""WCM-daa59bfe461eb6c42b14940d""]"
TAG-dbc8cdc4b03035990255ad55,ROOTCOMP-9a7acbbffc6796fbabf214d0,institutional_channel,none_identified,bounded event evidence and corrected compensation metadata,"[""WCM-4703ebebfa4af948ab2eccaf"",""WCM-496d775da14a6b44f6f8d8c8""]"
TAG-f9b1ea5ba63d6f8050f827c6,ROOTCOMP-0e671f305ce123be4d4054f8,institutional_channel,none_identified,bounded event evidence and corrected compensation metadata,"[""WCM-e0f7bb71ba48bcbf0da00713""]"
TAG-ea57040404d8ed7ea0a698b5,ROOTCOMP-2517a0a4ccfcf9f47b906696,institutional_channel,none_identified,bounded event evidence and corrected compensation metadata,"[""WCM-7a9b5b79a5300f207ff763e0""]"
TAG-4f44d0a6dcd576b25a619c08,ROOTCOMP-d61fe3010c210a4809374627,institutional_channel,none_identified,bounded event evidence and corrected compensation metadata,"[""WCM-865a5f0f87dbf5248252b461"",""WCM-e7f614c8d8e8168018acbe71""]"
TAG-147fc77d2ca6a48e44f7cabb,ROOTCOMP-ff860cf8c2d6154842005041,institutional_channel,none_identified,bounded event evidence and corrected compensation metadata,"[""WCM-2c0e6b88c3c6cf88dc790494""]"
TAG-e4ec58906c4db9d7c0e69e60,ROOTCOMP-736b2735e9c750971891a342,institutional_channel,none_identified,bounded event evidence and corrected compensation metadata,"[""WCM-44a0b1c1641a98fb45a17bd6""]"
TAG-f8a47c906075dd9a359a0ed9,ROOTCOMP-fb7c761dca3094aeeb016646,institutional_channel,none_identified,bounded event evidence and corrected compensation metadata,"[""WCM-50adbd2763033b3d28defdc5""]"
TAG-b3970410202e2cf16c93f0cd,ROOTCOMP-9ab609991385ffad9c681d73,institutional_channel,none_identified,bounded event evidence and corrected compensation metadata,"[""WCM-47833d47e14a75a7635ad4bd"",""WCM-aca71798514b8e384d7afb2f""]"
TAG-8b99e0e7aef795c37817401d,ROOTCOMP-30ee4a111079fec1c4fad0ab,institutional_channel,none_identified,bounded event evidence and corrected compensation metadata,"[""WCM-44355fa234e4b1341ff555fc"",""WCM-51e3ad22a6c4a945a72ee3e2""]"
TAG-fc7d70a272bd2e7aa7a49836,ROOTCOMP-c797c755f9a5ce60b4db3463,institutional_channel,none_identified,bounded event evidence and corrected compensation metadata,"[""WCM-e10192dece22e85778b092d8""]"
TAG-ca1836b47f3013ba20964ce7,ROOTCOMP-e6dfd39f5e8d0cd6584a47ee,institutional_channel,budget_pay_plan_process,bounded event evidence and corrected compensation metadata,"[""WCM-040913eb1b64cb4ccc4be57b"",""WCM-44e3e9aab231b457c2b93bf5""]"
TAG-29ce7301d4f4b5a4a57ec90c,ROOTCOMP-4943379cf3b527e7533a05b0,institutional_channel,budget_pay_plan_process,bounded event evidence and corrected compensation metadata,"[""WCM-80bde1825ae67beab4e6da03""]"
TAG-713123bf72473d6a89985901,ROOTCOMP-c70c94e0952f0a8e39a2d098,institutional_channel,none_identified,bounded event evidence and corrected compensation metadata,"[""WCM-0d1f2a3c782b220e9caf827c"",""WCM-3658a870a4e7159f8ce4ba3f"",""WCM-d5ff97efe59c14746d8efa50""]"
TAG-4eed801b10d630d1c82f5d65,ROOTCOMP-805f391b6c845e50b364b9fd,institutional_channel,none_identified,bounded event evidence and corrected compensation metadata,"[""WCM-f5c2dfcb39c7890aeff32b8e""]"
TAG-a5cf4eee4a9a90517760ce45,ROOTCOMP-3648408020a08a437fa18fce,institutional_channel,none_identified,bounded event evidence and corrected compensation metadata,"[""WCM-9bbdcca7d420ecc47d83b47d"",""WCM-cf990cbc00216978fa0762bd""]"
TAG-54553792ef8d08c566c50bcf,ROOTCOMP-0ef59eb0ae8d1bd91a0569a5,institutional_channel,none_identified,bounded event evidence and corrected compensation metadata,"[""WCM-c712025e41cd82356e484943""]"
TAG-1e5e824845f84169c60767ec,ROOTCOMP-cf0d8cbed3b3a803f1733dd1,institutional_channel,none_identified,bounded event evidence and corrected compensation metadata,"[""WCM-9a0cd3b5cda34f15a02eaff3""]"
TAG-d94874178ac4713df39b990b,ROOTCOMP-4402817028a05bff7ddca557,institutional_channel,none_identified,bounded event evidence and corrected compensation metadata,"[""WCM-5c9d4fc7ed16a451a9620823""]"
TAG-fe016b9b01b6d38b7aa794df,ROOTCOMP-8d14d889b330d0ab052cc12f,institutional_channel,none_identified,bounded event evidence and corrected compensation metadata,"[""WCM-dd9ee282b04064bc40072731""]"
TAG-6bd8769babace6ab90613596,ROOTCOMP-22981c54976a2c4207f7d1f5,institutional_channel,none_identified,bounded event evidence and corrected compensation metadata,"[""WCM-d27f0c7727239a7231f1a8d6""]"
TAG-2c6ab716d35fe42c5fec29c8,ROOTCOMP-3a7f6a546e487da0258223ac,institutional_channel,none_identified,bounded event evidence and corrected compensation metadata,"[""WCM-b885b288fc2187d51ce40088""]"
TAG-8d9115a774fee0ca5ba82e6d,ROOTCOMP-0cfff3e21883dd338840e3f6,institutional_channel,none_identified,bounded event evidence and corrected compensation metadata,"[""WCM-3a9167269cc32a967d1ab5b2"",""WCM-fdfbe189e02b3388591d922d""]"
TAG-57fd24f284a57cc6c968e2c7,ROOTCOMP-2d56ff997e4a034f93c565ba,institutional_channel,none_identified,bounded event evidence and corrected compensation metadata,"[""WCM-952684cf21e82e08dfa10af6""]"
TAG-2da68a3e6807fed3c91c6ce6,ROOTCOMP-fc57e257ca434cbff83f505d,institutional_channel,none_identified,bounded event evidence and corrected compensation metadata,"[""WCM-8ac82dc5d365e3c45a562ace""]"
TAG-e93264ef3e1d7c18c213a2e3,ROOTCOMP-dcc8889168c45771bf5140b8,institutional_channel,none_identified,bounded event evidence and corrected compensation metadata,"[""WCM-5da0dc19cd6e539117b3b1fc""]"
TAG-83fabb2bb7633e868f8c0f2f,ROOTCOMP-0b7befe09295af2386e8de2d,institutional_channel,none_identified,bounded event evidence and corrected compensation metadata,"[""WCM-9348c3e21c08e18989c3c193"",""WCM-b7fa5097bf08e0d627eaf82e""]"
TAG-7019bd60698247f46c7a21ec,ROOTCOMP-ffdf01350168698b9858ff69,institutional_channel,none_identified,bounded event evidence and corrected compensation metadata,"[""WCM-50c54e828cdda061f82c5412""]"
TAG-09b8f72ecde178051b864577,ROOTCOMP-714096bbb117ed459edc9588,institutional_channel,none_identified,bounded event evidence and corrected compensation metadata,"[""WCM-a99c926cacd9a46915ecae2e""]"
TAG-6749cc7b222e310e3362b7a8,ROOTCOMP-3324346cc6ce0db102f7487a,institutional_channel,ordinance_council_adoption,bounded event evidence and corrected compensation metadata,"[""WCM-4309030c303b3bdcd9606de4""]"
TAG-613b7c675154274b47be4748,ROOTCOMP-cff20665b1fa89333bdf9c9b,institutional_channel,none_identified,bounded event evidence and corrected compensation metadata,"[""WCM-4324c72341483777b80d706c""]"
TAG-396576a13c4d1a77d3bdcaf8,ROOTCOMP-5fbb67e2a5c8c090f9e76bf6,institutional_channel,none_identified,bounded event evidence and corrected compensation metadata,"[""WCM-a0441bd717716a9091ba35de""]"
TAG-02c2c52d9c70e8deb09f7b48,ROOTCOMP-2a47910ec664815a5dbc5ef7,institutional_channel,none_identified,bounded event evidence and corrected compensation metadata,"[""WCM-2b3e82009d434c58dc3b0482"",""WCM-5b2c189c859ae3286a42869d""]"
TAG-a9a5f22cdaefb2d29b0bcd1a,ROOTCOMP-a1087eef7ddb0a0974afaf7f,institutional_channel,none_identified,bounded event evidence and corrected compensation metadata,"[""WCM-43580425bc8c470324be7538"",""WCM-d98a6e192569a5df228f266b"",""WCM-e3d6f04a30e2eafa3669fa0b""]"
TAG-63b4cebf7aa11bac178b6ff6,ROOTCOMP-84e33d91754e6c4ecfbc5c62,institutional_channel,none_identified,bounded event evidence and corrected compensation metadata,"[""WCM-f584b1577a23fbacdd1e0ec9""]"
TAG-3627a0052eb013d5cbed340f,ROOTCOMP-5374544dcbecb89f77eb884d,institutional_channel,ordinance_council_adoption,bounded event evidence and corrected compensation metadata,"[""WCM-866f2c2a4014650bf1b46330""]"
TAG-9953cf2a7acb704277f381ec,ROOTCOMP-baa4c0176ff09fc1c81cd946,institutional_channel,none_identified,bounded event evidence and corrected compensation metadata,"[""WCM-e0175bba8350585ed656f4c9""]"
TAG-d4af63f11b289ee9dddb998f,ROOTCOMP-e432221370c6b39f43edbee7,institutional_channel,none_identified,bounded event evidence and corrected compensation metadata,"[""WCM-982f09c4ceb9c477d2f6bf62"",""WCM-a0d0decae30c4d860ece300e""]"
TAG-b57cd0c387985703dab839d4,ROOTCOMP-8b83ae2d78a0c9b18d36b3b3,institutional_channel,none_identified,bounded event evidence and corrected compensation metadata,"[""WCM-e284396ef09879b6db86b63f""]"
TAG-a3177de19d222d871fad2b76,ROOTCOMP-31694f25fac2d8bc4f28790f,institutional_channel,none_identified,bounded event evidence and corrected compensation metadata,"[""WCM-2a8b56d47c2ed5cb22dbbd21""]"
TAG-60db0786afb2163e40f5bb7f,ROOTCOMP-638bb75c75312d8b4b9dbefd,institutional_channel,none_identified,bounded event evidence and corrected compensation metadata,"[""WCM-457661a1fdb488183bf06a00""]"
TAG-25daf876dd6290ac484cc303,ROOTCOMP-bf81d98d6da0b743d773e75d,institutional_channel,budget_pay_plan_process,bounded event evidence and corrected compensation metadata,"[""WCM-236af9f881ef0d2511027eb3"",""WCM-f25026876e620412c33e9fd6""]"
TAG-7bd3cc23a30e3c9081028de2,ROOTCOMP-3b899afc525e14649b13993f,institutional_channel,budget_pay_plan_process,bounded event evidence and corrected compensation metadata,"[""WCM-8e6df4a76d67329090856b62""]"
TAG-9f37f695f32cb47a5ea5d309,ROOTCOMP-4e69e7c6ee5d4146fc1afd3c,institutional_channel,none_identified,bounded event evidence and corrected compensation metadata,"[""WCM-0f192cf532d778532345f0a9"",""WCM-6aa24398c694cafb90b8c12b"",""WCM-937ec2783e49b79eb0c23493""]"
TAG-c3db9d3a8aa8b2f42d4286a3,ROOTCOMP-42047a1c16684b5887fdb91d,institutional_channel,budget_pay_plan_process,bounded event evidence and corrected compensation metadata,"[""WCM-8093ebe971582a5b4d34a19d""]"
TAG-9435f2558a5cd3feef75882d,ROOTCOMP-dfec0385b5f16d6df8483581,institutional_channel,none_identified,bounded event evidence and corrected compensation metadata,"[""WCM-e4eb40aa77055dbce56e0b86""]"
TAG-5c0cd6f2822e7dd8ddcf0157,ROOTCOMP-ee02f67ab9e4334a96da2cbe,institutional_channel,none_identified,bounded event evidence and corrected compensation metadata,"[""WCM-38d2bf9a76bacec0d8ea4c16""]"
TAG-74b4b0ecee2b689f7794cef8,ROOTCOMP-135e07c595cc3742b953a93d,institutional_channel,none_identified,bounded event evidence and corrected compensation metadata,"[""WCM-64807ea0323d5e46288a4093""]"
TAG-b537d6d94ab0a7c2a8ce7a35,ROOTCOMP-5f8a75a4e5ac3ee350b71c3f,institutional_channel,none_identified,bounded event evidence and corrected compensation metadata,"[""WCM-048028a097fc5af55f04da21"",""WCM-fc381ba34983d3d6fb4bf72f""]"
TAG-41b13416c40887addf1fb03b,ROOTCOMP-9ea2140a8ec58a5b926423c7,institutional_channel,none_identified,bounded event evidence and corrected compensation metadata,"[""WCM-930a50cf4d83e814f6af4939""]"
TAG-f90cc907ea11a974e295aaa0,ROOTCOMP-4b64b9065448bd03cc57d4fb,institutional_channel,none_identified,bounded event evidence and corrected compensation metadata,"[""WCM-0e5cf6487f1eb9827dd8ff43""]"
TAG-7b5dd77506804a3acd3040ba,ROOTCOMP-8719db112ee50faef640b0dc,institutional_channel,settlement_or_mou,bounded event evidence and corrected compensation metadata,"[""WCM-510936a3e6d81989500bdfd1""]"
TAG-402130858f9339de1d5818a7,ROOTCOMP-011b0ab83e5ecaf0399ec6f0,institutional_channel,none_identified,bounded event evidence and corrected compensation metadata,"[""WCM-7d52a8163b8f969a6364e25f""]"
TAG-635f9a0c20530bc0373e98b7,ROOTCOMP-cd88de3e64addd216a3870af,institutional_channel,none_identified,bounded event evidence and corrected compensation metadata,"[""WCM-21a3058582b5242f8888afa2"",""WCM-da4bacf32bf8545559fce720""]"
TAG-d2bbe1ba316b977d58cf02db,ROOTCOMP-25f544e77aad834cc8e46977,institutional_channel,none_identified,bounded event evidence and corrected compensation metadata,"[""WCM-3bd4255425c3e867d3bdde73"",""WCM-55b63f931c297464d687c7d9"",""WCM-561a041fd2c42c76bfc05fd0"",""WCM-eff507664c9c47fee76c40f7""]"
TAG-46c5e87102805a83f243137e,ROOTCOMP-96fd3e7fc88a863d950012e3,institutional_channel,none_identified,bounded event evidence and corrected compensation metadata,"[""WCM-e19c7bb044a60ecf1103cf0b""]"
TAG-0059bee2ca4e807e18d7eeee,ROOTCOMP-42ec9ad9218230390a29cf9a,institutional_channel,none_identified,bounded event evidence and corrected compensation metadata,"[""WCM-9f429ac48bc2001a51170013"",""WCM-d4d39bfad3e6f27d19a612b4""]"
TAG-9c719c6216d3ace24fad5dd6,ROOTCOMP-2c1d8823fcc5103f6b599aa6,institutional_channel,none_identified,bounded event evidence and corrected compensation metadata,"[""WCM-7094e0deba68d158069fa06a""]"
TAG-dff33a7cb74f81f33de98887,ROOTCOMP-325d6c90d379093392908cd2,institutional_channel,none_identified,bounded event evidence and corrected compensation metadata,"[""WCM-ee8b218880355e7d055e66b4""]"
TAG-73fa8b6773c10c58b161268a,ROOTCOMP-4b9e2c39fbb9d004283451ec,institutional_channel,none_identified,bounded event evidence and corrected compensation metadata,"[""WCM-d37b4ea9f909d6b0216ff32b""]"
TAG-33b0c810b9bdcb4a13416c31,ROOTCOMP-6e3be4259526d0f2913ad90c,institutional_channel,none_identified,bounded event evidence and corrected compensation metadata,"[""WCM-7978a1360971c2f8ee485f2d""]"
TAG-5601a60669e268dec534df1c,ROOTCOMP-3217f1650f2ef8694d0aad14,institutional_channel,budget_pay_plan_process,bounded event evidence and corrected compensation metadata,"[""WCM-ea5ac818999e7753c4e162ef""]"
TAG-32713580367ac7093a7660e2,ROOTCOMP-bd9efa6235fec0916955d02b,institutional_channel,none_identified,bounded event evidence and corrected compensation metadata,"[""WCM-02251a96eb3cfed35a7b174b"",""WCM-c009de6325048b6f0300df88""]"
TAG-255fe9fbbcd980c2741fa030,ROOTCOMP-562168043ba97e5726882b84,institutional_channel,none_identified,bounded event evidence and corrected compensation metadata,"[""WCM-6797c9c3f26cfaac3cc019ed"",""WCM-69603ceef074f9e9f8923ce0"",""WCM-8406587b9cce6e01c34c9790""]"
TAG-1328f4cea71729eb8d8db850,ROOTCOMP-ab95d5104535777d94ca179e,institutional_channel,ordinance_council_adoption,bounded event evidence and corrected compensation metadata,"[""WCM-28c85be10d854ba6c7b13952""]"
TAG-e7a0c6a7e0dd70568bca85d5,ROOTCOMP-faa5b1c1843db3041f71b61b,institutional_channel,none_identified,bounded event evidence and corrected compensation metadata,"[""WCM-e8f3fc74b5526d0f985dcf3a""]"
TAG-69756b6dbddb7af5fdbd954a,ROOTCOMP-46eda6e35784c8c814a1b892,institutional_channel,none_identified,bounded event evidence and corrected compensation metadata,"[""WCM-748041d56b77fb2aba918222""]"
TAG-c290750ddddb519bc639acd3,ROOTCOMP-e59e8b0ac9e68bdaa87b1c62,institutional_channel,ordinance_council_adoption,bounded event evidence and corrected compensation metadata,"[""WCM-0d4021002eaf3ffd7da6032b"",""WCM-b68acf1e69bdee08f5e42544"",""WCM-e6f84c50ccfc956fa390a4e4""]"
TAG-be20ca035626d1d522b9a708,ROOTCOMP-6ab1ba5ed8eca9812854c6d6,institutional_channel,budget_pay_plan_process,bounded event evidence and corrected compensation metadata,"[""WCM-1374b52b0538c93ca8c38057"",""WCM-5159e73d80023921b67bc1f9"",""WCM-5cbc7c5ca765d168017a4720"",""WCM-5d6660a3db836042798d8fdf""]"
TAG-9eab20a924cb9cc2d6693519,ROOTCOMP-e5352b8cb10eec971d9360e1,institutional_channel,budget_pay_plan_process,bounded event evidence and corrected compensation metadata,"[""WCM-957f2d471bf46df05d3d43d3""]"
TAG-c502f97131f64ebe9fb62346,ROOTCOMP-0146dbf6cdb009eec6c700a8,institutional_channel,none_identified,bounded event evidence and corrected compensation metadata,"[""WCM-298cc208a338e050e88c68ed""]"
TAG-e6990e62732752b1420d11ea,ROOTCOMP-2cf90a24e74c3bab8bf04b16,institutional_channel,none_identified,bounded event evidence and corrected compensation metadata,"[""WCM-53411d754f1231b98338eefb""]"
TAG-7f17ce26c9c28c59a044efa9,ROOTCOMP-dda63f727f7eb2987daac9d7,institutional_channel,none_identified,bounded event evidence and corrected compensation metadata,"[""WCM-26ba33ca00449fc775c5e894""]"
TAG-124f5144309eafc434966a81,ROOTCOMP-13d3773a95a71e9bbae87585,institutional_channel,none_identified,bounded event evidence and corrected compensation metadata,"[""WCM-3a16e1609b981559d6d65a7e"",""WCM-8a6965550997848253d3bdea""]"
TAG-69e5d7e77ef8bc2d429f4882,ROOTCOMP-1272a44aaacc528568f4a60f,institutional_channel,none_identified,bounded event evidence and corrected compensation metadata,"[""WCM-6c382c4ccc240ce8c2e2661e"",""WCM-9d1d0a37cf97cb2b2675aa41""]"
TAG-25cf283bbbc4ec89de11bcbe,ROOTCOMP-a98372e68bd1af9a7b705043,institutional_channel,none_identified,bounded event evidence and corrected compensation metadata,"[""WCM-b239330530b9d8c9438653eb""]"
TAG-a9d84c98fb253428161190e9,ROOTCOMP-a2e499fd3890919fd81f876c,institutional_channel,none_identified,bounded event evidence and corrected compensation metadata,"[""WCM-02df3f91a09e30642e303339""]"
TAG-4ddbb65d7e73d82c442d7155,ROOTCOMP-d713e0f68da34e2a87b1daf9,institutional_channel,budget_pay_plan_process,bounded event evidence and corrected compensation metadata,"[""WCM-1796a5036e24d977631c14a8""]"
TAG-ca0e2e0ca77316b7254b3bf7,ROOTCOMP-d713e0f68da34e2a87b1daf9,institutional_channel,ordinance_council_adoption,bounded event evidence and corrected compensation metadata,"[""WCM-1796a5036e24d977631c14a8""]"
TAG-f34bbfebb2f389f508331a93,ROOTCOMP-f78a8b4e672a199bde9f5b28,institutional_channel,none_identified,bounded event evidence and corrected compensation metadata,"[""WCM-95fd4ec7e087d47ac8f5b5e9""]"
TAG-faf7bc3b334aa70af77f55ee,ROOTCOMP-2359f1c4774ef46caa5303d6,institutional_channel,ordinance_council_adoption,bounded event evidence and corrected compensation metadata,"[""WCM-360f6a7663cda31b89a8b2af"",""WCM-f241760cdb617182545361e3""]"
TAG-14931e0c10bad99400841d14,ROOTCOMP-7f015875768684e960a2b74f,institutional_channel,none_identified,bounded event evidence and corrected compensation metadata,"[""WCM-30d24bab4281407279e7900f""]"
TAG-7e97dcd5e0b19482530137ca,ROOTCOMP-5a4d397a63370a74ba337ffe,institutional_channel,budget_pay_plan_process,bounded event evidence and corrected compensation metadata,"[""WCM-0a24b6e9901fd0303f5e1c4f"",""WCM-86fa59555167d1a908e3c058"",""WCM-a447e2b98b84584e547e3312"",""WCM-c00357d6b04d632c916aa0a9"",""WCM-c6db8290277eba2a9c4eac5f""]"
TAG-ca197fa7c6c10f0afdcfcb47,ROOTCOMP-efb4eee1ec423829ccdfbf53,institutional_channel,none_identified,bounded event evidence and corrected compensation metadata,"[""WCM-8b7b009d1cf4923f68e9d06b""]"
TAG-185c414a7c6904bbd811e772,ROOTCOMP-d29d8f074816861301e78f68,institutional_channel,none_identified,bounded event evidence and corrected compensation metadata,"[""WCM-3da71b744e61f9b4f0800c7f"",""WCM-86448e0c35d2aace3c63d0ad""]"
TAG-b1691910a3346ad07cc15aa7,ROOTCOMP-41248b9b54edf00765a42d9d,institutional_channel,none_identified,bounded event evidence and corrected compensation metadata,"[""WCM-505579e9098b351e0b5b1bea""]"
TAG-ffd8f7bdd0aed0cc5a47d406,ROOTCOMP-92dd840d26d6fd2c6725b24d,institutional_channel,none_identified,bounded event evidence and corrected compensation metadata,"[""WCM-5327251918383e15fb3da233"",""WCM-70d7c7c136ee26730a71227c""]"
TAG-2fee3144ab323bb188eccccd,ROOTCOMP-6daaa59349e6dbf9c5ea4ee5,institutional_channel,none_identified,bounded event evidence and corrected compensation metadata,"[""WCM-5752438f9089d548dc547cb0""]"
TAG-681d44e575f4b6edfcf3136c,ROOTCOMP-9a1ae9473389bc73d28446af,institutional_channel,budget_pay_plan_process,bounded event evidence and corrected compensation metadata,"[""WCM-1a40a198a2c33b71d6eb7bb2""]"
TAG-59965ea2c7db762fa5cacbc4,ROOTCOMP-8b1f66fd397e25f8d0fa9047,institutional_channel,budget_pay_plan_process,bounded event evidence and corrected compensation metadata,"[""WCM-1c33a6c40de4e98421237b07"",""WCM-e81c33bd26ebd2a83da2afcb""]"
TAG-51fe61f0e3e69387f3182adb,ROOTCOMP-683b2c2eb8275061f23a32c6,institutional_channel,budget_pay_plan_process,bounded event evidence and corrected compensation metadata,"[""WCM-ff08d50b8268b9d30fddfdd0""]"
TAG-b56801dffc6f5c9ad5a114ca,ROOTCOMP-b81fa9df950cea0f217ca566,institutional_channel,budget_pay_plan_process,bounded event evidence and corrected compensation metadata,"[""WCM-7eba735831009f826a180819""]"
TAG-1dae79b1f7dc14f760ecafe3,ROOTCOMP-e08f309bee0ce504feecd8e2,institutional_channel,budget_pay_plan_process,bounded event evidence and corrected compensation metadata,"[""WCM-25628ce596374fa6c259f5a2"",""WCM-9f835cf6bab245207063cc4d"",""WCM-bd38ef49b9980b55f6249d72"",""WCM-d066b98eb5099947a66057cc"",""WCM-ea3739fa8272e0a18399d484""]"
TAG-8433266092f099e5c6d6a05e,ROOTCOMP-7e3d2530c317e8224eb67c65,institutional_channel,none_identified,bounded event evidence and corrected compensation metadata,"[""WCM-df3312502252c5b439ecec3c""]"
TAG-56c9d50093aff9cd23880bb1,ROOTCOMP-5596bc6961ad9b7775cf8c8c,institutional_channel,none_identified,bounded event evidence and corrected compensation metadata,"[""WCM-7d2ca439dbde7dcd0c1bab77""]"
TAG-c387f61dff7bf06629a70901,ROOTCOMP-5342398411b031ea5e6c4ba0,institutional_channel,none_identified,bounded event evidence and corrected compensation metadata,"[""WCM-5498571ce04f53ad011d5356""]"
TAG-fd9c8f0eb68b59cf99ee1fa7,ROOTCOMP-337bd157e4b6d7ae2196341a,institutional_channel,none_identified,bounded event evidence and corrected compensation metadata,"[""WCM-76707ce9582af012a2c29b1e""]"
TAG-91461c10d5c4233578334009,ROOTCOMP-cba9b8f2107d2eebcb528fdd,institutional_channel,none_identified,bounded event evidence and corrected compensation metadata,"[""WCM-0258db112da076d9c696280e""]"
TAG-4dca3079ec2ec535c1082c88,ROOTCOMP-b933434dde93695c9d0f777b,institutional_channel,none_identified,bounded event evidence and corrected compensation metadata,"[""WCM-d25cd4b885d71a4613e9d00d"",""WCM-e379274dd5b7fce967efcb90""]"
TAG-39bb86a825a1b859d3489cfa,ROOTCOMP-2f883deef7c431502f0aaeae,institutional_channel,none_identified,bounded event evidence and corrected compensation metadata,"[""WCM-1997f521572aeba2771de5e2""]"
TAG-39f8fcae6857eda9204cc820,ROOTCOMP-c1c2bd9c90ac3a73982f690a,institutional_channel,none_identified,bounded event evidence and corrected compensation metadata,"[""WCM-f34473cdbc61ebc1b35ad538""]"
TAG-ff4deeae67ef31d972712cbf,ROOTCOMP-bfd6a979abc8ab1f98307b54,institutional_channel,none_identified,bounded event evidence and corrected compensation metadata,"[""WCM-d8e81d3d01172137a434e18f""]"
TAG-ce79d8ac2814b79efaf15e26,ROOTCOMP-293f731a6a5cccc6192d7b64,institutional_channel,none_identified,bounded event evidence and corrected compensation metadata,"[""WCM-f48c32f4c16aa2bdb7cc38b5""]"
TAG-a7d9edcd902b8231d3785817,ROOTCOMP-758ee478d16dece219ba50ae,institutional_channel,none_identified,bounded event evidence and corrected compensation metadata,"[""WCM-4e7f3b5c1db8ce445844efab"",""WCM-e894cfe2a2659a901edea553"",""WCM-fa6d3ffde89ffa5183d93882""]"
TAG-2d29828336169db474aa3e72,ROOTCOMP-5529395141ddc32cfebff5bb,institutional_channel,none_identified,bounded event evidence and corrected compensation metadata,"[""WCM-2c63cf5bd02a52653703aa68"",""WCM-57154db58bdbbc0977717578"",""WCM-6827721df9f75840c7204145"",""WCM-8ccf2c4d07f2ea1026e771a5"",""WCM-8ee6e17489e46ec457ddf049"",""WCM-e1f32050b2ec68b8c77fa7e7""]"
TAG-2935b4a44242e668ab1a825c,ROOTCOMP-57f822b3d52d56399f1a0523,institutional_channel,none_identified,bounded event evidence and corrected compensation metadata,"[""WCM-97c0a1d46b106aeee3087b09""]"
TAG-8e8f1f217ddc2d4274b9aef0,ROOTCOMP-1ffd18f48aeea47eebd07513,institutional_channel,none_identified,bounded event evidence and corrected compensation metadata,"[""WCM-482af72912f776ed2c483121"",""WCM-d61da3fe1d8512d9f55d0863"",""WCM-fa0909d40252ea63d495f99b""]"
TAG-5499f5873f979dff7f28d879,ROOTCOMP-15677a84b9cd334c105308ef,institutional_channel,none_identified,bounded event evidence and corrected compensation metadata,"[""WCM-0cfe5068a4d0042743d58c4e""]"
TAG-41c27ef36d8cc8e513b931bc,ROOTCOMP-b5c7f0bb096b9dbbfbd420f8,institutional_channel,none_identified,bounded event evidence and corrected compensation metadata,"[""WCM-86b1ec7a7765b26783f3554a""]"
TAG-d29519db7510798d924d3cd2,ROOTCOMP-42022e29e283ec382dd248bc,institutional_channel,none_identified,bounded event evidence and corrected compensation metadata,"[""WCM-485d323464d6f14fc2caf148""]"
TAG-cf54c869db6872f895c3f4d0,ROOTCOMP-fc686ac516251539471853a0,institutional_channel,none_identified,bounded event evidence and corrected compensation metadata,"[""WCM-5a931dd47a9cc3c98fe47692""]"
TAG-64fae468c4ae5bb470d343c4,ROOTCOMP-dabd353c75429e3bb427b9d9,institutional_channel,none_identified,bounded event evidence and corrected compensation metadata,"[""WCM-baaa6648c874a121780e6788""]"
TAG-aadc66d15e81632ebe4f266d,ROOTCOMP-d9afe43f5e82fd1ac91f6023,institutional_channel,budget_pay_plan_process,bounded event evidence and corrected compensation metadata,"[""WCM-47d543c19caefcfa2dfb3235"",""WCM-adc0a7e029b58845113488ed""]"
TAG-8a7883a891072179aeb66918,ROOTCOMP-976b91aeed59005ff50c1944,institutional_channel,none_identified,bounded event evidence and corrected compensation metadata,"[""WCM-1b92bc584d0b11ab99ca074e"",""WCM-ea930dca1fdeb260104b8b7c""]"
TAG-d0b9751402c4fc793b802bd1,ROOTCOMP-bbdfc5d36ed9253d0adcf7e8,institutional_channel,none_identified,bounded event evidence and corrected compensation metadata,"[""WCM-5550de8e45d62c918faae773""]"
TAG-db2337096752c33a8e9d25a8,ROOTCOMP-08463de3193f6a6f9b56a35c,institutional_channel,none_identified,bounded event evidence and corrected compensation metadata,"[""WCM-3928d1da81c3d4975d7e2acd""]"
TAG-d1aabf3d262d4932de03817f,ROOTCOMP-3a05197640d21a9d8877d3a5,institutional_channel,none_identified,bounded event evidence and corrected compensation metadata,"[""WCM-23f0bb9077edad6da5b1ecf6""]"
TAG-e32c2808692a8f00bb7b0b5d,ROOTCOMP-8076d5b345579b96e1ad52b8,institutional_channel,none_identified,bounded event evidence and corrected compensation metadata,"[""WCM-23bcd00a507441f6a0d93c68"",""WCM-60de016fb86942c447b04619""]"
TAG-a94e07c71c5536190b92b169,ROOTCOMP-cc9bdbd431a0d6bba6d20b28,institutional_channel,none_identified,bounded event evidence and corrected compensation metadata,"[""WCM-bf4d2d1673b3844eceff669d""]"
TAG-f0da9f34dc2851e4660e10dc,ROOTCOMP-0600c7d8532833408b8fa677,institutional_channel,none_identified,bounded event evidence and corrected compensation metadata,"[""WCM-046740bfe41ac5cde82c0d04""]"
TAG-57d4c8ffac19a5c6b3f926f2,ROOTCOMP-9db1bffc8c1e5c415091b8ec,institutional_channel,none_identified,bounded event evidence and corrected compensation metadata,"[""WCM-a3a99ccdd1c231b392e70adc""]"
TAG-f025ba3abb4262fcca9823b9,ROOTCOMP-5e00237165391b057270dea4,institutional_channel,none_identified,bounded event evidence and corrected compensation metadata,"[""WCM-50125c9dc2394f98fb5b90a0""]"
TAG-676e331e308efdfaebb46484,ROOTCOMP-109749e28f3d4342dfafd08f,institutional_channel,none_identified,bounded event evidence and corrected compensation metadata,"[""WCM-320611359b564166e158fae0"",""WCM-390853fa7e721c54058d6825"",""WCM-3b75141d9761ff851e54efae""]"
TAG-07771e16f915de3f909a2cb3,ROOTCOMP-d421ff0422dd13aa664c5611,institutional_channel,none_identified,bounded event evidence and corrected compensation metadata,"[""WCM-0c3351ca0785dc1abcf49c93"",""WCM-3c4e318d6e07efbb6fec2ad7""]"
TAG-44372cb5f12471440c1f9e86,ROOTCOMP-a4b2a5a79cc116d3d8ec3d23,institutional_channel,none_identified,bounded event evidence and corrected compensation metadata,"[""WCM-b9592dcc0eeff097e2f16614""]"
TAG-8bf12a105d92a2e33ac0ab81,ROOTCOMP-916a838985bc63deee9b9cfa,institutional_channel,none_identified,bounded event evidence and corrected compensation metadata,"[""WCM-5fe4ff7760c16bdd266c440a"",""WCM-82a674cb4157020a3c937072"",""WCM-b0dbbdf4d5c0043cc4dd4635"",""WCM-dd2ebad4d9d443285838d532""]"
TAG-3fd4683ad7469794d95cfe59,ROOTCOMP-452586b9027c5023ae68affd,institutional_channel,none_identified,bounded event evidence and corrected compensation metadata,"[""WCM-51e04f97058eb1bc8b31e04b""]"
TAG-f64839c6c74206cab5489629,ROOTCOMP-387f22203c11cef336ab6285,institutional_channel,none_identified,bounded event evidence and corrected compensation metadata,"[""WCM-887d6eb11c1d5d4ed9c78a89""]"
TAG-f7097a2a4d74954b13b46e0d,ROOTCOMP-75adf18e39a9a8235e00becf,institutional_channel,none_identified,bounded event evidence and corrected compensation metadata,"[""WCM-b6e4907902eb747538b80cea"",""WCM-d583bff4259ce7e3ded4a90d""]"
TAG-3f100489fa9140d8bfa82287,ROOTCOMP-326603c3d4140e0ef35b3f78,institutional_channel,none_identified,bounded event evidence and corrected compensation metadata,"[""WCM-108da76270f0f17bef90f5d7"",""WCM-1dc7dd7d3df41368c05efeb3"",""WCM-c458500447a4711190f5bf3d""]"
TAG-c31967f7c58401f285cad885,ROOTCOMP-323b702a2220895377164c12,institutional_channel,none_identified,bounded event evidence and corrected compensation metadata,"[""WCM-e4e30fecc38540e8a91384e4""]"
TAG-babd614d00fb68692ba4643f,ROOTCOMP-0dc48fcbde7e203127f46531,institutional_channel,none_identified,bounded event evidence and corrected compensation metadata,"[""WCM-24eee1881da9d348481698e2"",""WCM-532865d69c30f259aea81ef3""]"
TAG-59ef888aec0c0d448cd47e5e,ROOTCOMP-f66a223e6a58573a647e53e5,institutional_channel,budget_pay_plan_process,bounded event evidence and corrected compensation metadata,"[""WCM-1756b7982e27e35ae3714410""]"
TAG-1acd785d397d86ce19616d44,ROOTCOMP-4ad344c1ba5c6727fd76323f,institutional_channel,none_identified,bounded event evidence and corrected compensation metadata,"[""WCM-e8167180c6ba5345dba9e9b8""]"
TAG-f2fe9f28c420e3ad7c5a819a,ROOTCOMP-feba599334830467403c6eca,institutional_channel,budget_pay_plan_process,bounded event evidence and corrected compensation metadata,"[""WCM-8e09e85817fabb65a55a0b3e""]"
TAG-39472cc22706a2816bd0ba3d,ROOTCOMP-beb0f4858ba95cf86d66c174,institutional_channel,none_identified,bounded event evidence and corrected compensation metadata,"[""WCM-9a856bfd1391ed5d26db3834""]"
TAG-8f6ce5f92d527240e12bdcbb,ROOTCOMP-c1f378c651a5ac0ebd91a065,institutional_channel,none_identified,bounded event evidence and corrected compensation metadata,"[""WCM-400f2d794036117b764f41d6"",""WCM-eae2aa7068f727e2d2572d7a""]"
TAG-f1c208a0666f2181e78b2732,ROOTCOMP-faef23f1d05de59780e9a942,institutional_channel,none_identified,bounded event evidence and corrected compensation metadata,"[""WCM-9aebfb607c0535eaa243ee5c"",""WCM-e1f19b9bbada5bd9821a2f41""]"
TAG-2064316accac0d83630e6be4,ROOTCOMP-50703a89f64a9a1415ac59fc,institutional_channel,budget_pay_plan_process,bounded event evidence and corrected compensation metadata,"[""WCM-541c4c7d23a9a63aabde316a""]"
TAG-99d2bfcbbc9460c81d75bea1,ROOTCOMP-2353df965b1fce4bcc6540dd,institutional_channel,budget_pay_plan_process,bounded event evidence and corrected compensation metadata,"[""WCM-64b1356f041f3df67176d6c0""]"
TAG-1d8efe1a3620e22bdce69620,ROOTCOMP-f0089764f700c7f210f8e295,institutional_channel,none_identified,bounded event evidence and corrected compensation metadata,"[""WCM-011e3b99eae1634ebb2b3209"",""WCM-593bba9de21599deab33f0bf"",""WCM-7d8c6e72a63433527838062b"",""WCM-bf6ca6ce9d096c09f306fe7f""]"
TAG-7e62796fc67cb1bc7ceef560,ROOTCOMP-a6d8232a3c228568fdb72496,institutional_channel,none_identified,bounded event evidence and corrected compensation metadata,"[""WCM-a42680d54a720c8e3ab78ceb""]"
TAG-bb348735494e88a9886cef10,ROOTCOMP-85b26cdf3f6e07c2da128de0,institutional_channel,none_identified,bounded event evidence and corrected compensation metadata,"[""WCM-29bdb0e5a785eea40d8bd419"",""WCM-69c2ad0f078b9728ad78b0c9"",""WCM-a7c35e862ab8089fd1af1eb8""]"
TAG-b45ad4c018380bcdeb9c06ac,ROOTCOMP-91c82f611fb5ad254a92c246,institutional_channel,none_identified,bounded event evidence and corrected compensation metadata,"[""WCM-3590f21490474fcc2ce40fad"",""WCM-cdcaa4d68e2b4b995cc802f6"",""WCM-ce511fb72e527ec3fa252d08""]"
TAG-3015c33bfc3d27e5f0b664f8,ROOTCOMP-86f267f86b0657dd698d160e,institutional_channel,none_identified,bounded event evidence and corrected compensation metadata,"[""WCM-619d8cd12854ec7bbfa942a6""]"
TAG-6f43c50e4bf569722e579051,ROOTCOMP-defe0f431cd892defa85f612,institutional_channel,none_identified,bounded event evidence and corrected compensation metadata,"[""WCM-4bfec779bf494ce8014c6820"",""WCM-5d39ece65a3d88e34bd1194e"",""WCM-fecb337a0089167d702388d7""]"
TAG-c414e87499103378e92b4237,ROOTCOMP-b6f026a6216422010c166cee,institutional_channel,none_identified,bounded event evidence and corrected compensation metadata,"[""WCM-3e7f8ccce5329cd611c199bc""]"
TAG-d8bac0bae38eeb788636c814,ROOTCOMP-20d2e29070809f5b0fdabe60,institutional_channel,none_identified,bounded event evidence and corrected compensation metadata,"[""WCM-1441ceb35a8649a7f6e0ac77""]"
TAG-a9c5c4c8d3cb73e68b7c81cd,ROOTCOMP-cf3e49182df7eb7d42364c7b,institutional_channel,none_identified,bounded event evidence and corrected compensation metadata,"[""WCM-e2685a9340b6b250891e901b""]"
TAG-b5e16ba89f6531fc609c4853,ROOTCOMP-f9b6a2cd1577fbd63167383c,institutional_channel,none_identified,bounded event evidence and corrected compensation metadata,"[""WCM-a1ac299a72de58f77e936e90""]"
TAG-67880f541f615667dcd8eeed,ROOTCOMP-f4a485b4438cf8551df4105a,institutional_channel,none_identified,bounded event evidence and corrected compensation metadata,"[""WCM-1fb8e82d97e7e2cb76b60d79"",""WCM-6eb1ca81f8eca3ee13ce4ad9"",""WCM-cccdedc1cde082628e574f4f""]"
TAG-ac9bf7ebdacf1754f44a7e8b,ROOTCOMP-b36e5aa0d59fa72998caf2ec,institutional_channel,none_identified,bounded event evidence and corrected compensation metadata,"[""WCM-75afc95fc28c680261291cb0""]"
TAG-79fb1dcbf47c110e6c871d1a,ROOTCOMP-e5fa5b5befbbbc6742838f79,institutional_channel,none_identified,bounded event evidence and corrected compensation metadata,"[""WCM-36ff2b9a613166e98d9fc543""]"
TAG-db553a8c3c146520441ebada,ROOTCOMP-690af39b3bffa43fa43cce38,institutional_channel,none_identified,bounded event evidence and corrected compensation metadata,"[""WCM-0d04ce9c96204e90b27e8ac9""]"
TAG-49562d158032f0943f092525,ROOTCOMP-875857a08fcaad339d9ee8a6,institutional_channel,none_identified,bounded event evidence and corrected compensation metadata,"[""WCM-f6b31e9c69e2095165f3b3e2""]"
TAG-935be107a395d68a29a8413b,ROOTCOMP-847f65d6c00e8e63bb081910,institutional_channel,none_identified,bounded event evidence and corrected compensation metadata,"[""WCM-4d6c402f0e02ba9a26ed4c9f""]"
TAG-dd1add3412e80c7b91a2845c,ROOTCOMP-450c3890d412e42689416de4,institutional_channel,none_identified,bounded event evidence and corrected compensation metadata,"[""WCM-22b8d6f94a480e7becf18a17"",""WCM-7f133a33f2aaa7b49c17fa86"",""WCM-a6d9b0f06f932db37b9d3826""]"
TAG-5a15296f0afa6076924ee991,ROOTCOMP-1d084edbaf672dd040d37761,institutional_channel,none_identified,bounded event evidence and corrected compensation metadata,"[""WCM-d69c80172ca96567c6d8c686""]"
TAG-97e118a6f80ed2b884a726c2,ROOTCOMP-3f1bb2ac95160bde6f93e7a5,institutional_channel,none_identified,bounded event evidence and corrected compensation metadata,"[""WCM-a239a2d86ef0dc7dd21b2a10""]"
TAG-b9647d2183c843f4e2aec5e3,ROOTCOMP-7ef8d4924c4d92798f16f24b,institutional_channel,none_identified,bounded event evidence and corrected compensation metadata,"[""WCM-2aec245330819ecbf33f1acb""]"
TAG-ed78e4479273d4694892795a,ROOTCOMP-f2f956ff049d1ec4bb46b4df,institutional_channel,budget_pay_plan_process,bounded event evidence and corrected compensation metadata,"[""WCM-7692bde80dd41d8e3553a1f1""]"
TAG-847a668592572a97122d1777,ROOTCOMP-a0726a56872bf925e4df244c,institutional_channel,none_identified,bounded event evidence and corrected compensation metadata,"[""WCM-676aba13ddc6f9ae8644434d""]"
TAG-7a4a350796e619618a6f9f31,ROOTCOMP-4ee14de14580c7a1b7d6497b,institutional_channel,ordinance_council_adoption,bounded event evidence and corrected compensation metadata,"[""WCM-ccbfc4722161d31435deef36""]"
TAG-09414af97bead8a55c2fb928,ROOTCOMP-ea5f27439f9821269ff9944c,institutional_channel,none_identified,bounded event evidence and corrected compensation metadata,"[""WCM-32d98a139b73d08048d3b1ff""]"
TAG-226bda8b7a5c1bb337688100,ROOTCOMP-7e139ae8a17be1d3e23b480c,institutional_channel,settlement_or_mou,bounded event evidence and corrected compensation metadata,"[""WCM-1d7399aff2c5300fbbebed1b"",""WCM-23cd46457eb7f9b66be2c721"",""WCM-24aa82341f672e32ada2bb99"",""WCM-369382e4332c30f072b94da3"",""WCM-43e269fba7273d625ec14389"",""WCM-67372d78e04c5d8fd5eb27eb"",""WCM-683fcfa8b47945a565a4baf9"",""WCM-8e56e4df260807390c011c34"",""WCM-8ff3ea98416e4e09002110c9"",""WCM-cf56ff61101c0eee47d76001""]"
TAG-fb5b845722f2237304dfa538,ROOTCOMP-9caa7e6b9472441b2df43df6,institutional_channel,none_identified,bounded event evidence and corrected compensation metadata,"[""WCM-c3f85b9ff478c076e737696f""]"
TAG-7e1cb8f61f416e3b9e3ea11b,ROOTCOMP-6e7623fb1cc0e9dd9b9190e8,institutional_channel,none_identified,bounded event evidence and corrected compensation metadata,"[""WCM-f1880b32e68daa984d49640a""]"
TAG-aa7224457f3fe578342ac736,ROOTCOMP-489b8623c51fd1125d86a125,institutional_channel,none_identified,bounded event evidence and corrected compensation metadata,"[""WCM-284806dc76604af5459a0370""]"
TAG-6674326d7967b29e94608759,ROOTCOMP-2ec11646d49fd1bc4817dc37,institutional_channel,none_identified,bounded event evidence and corrected compensation metadata,"[""WCM-5c4747379243870617873cf2"",""WCM-7b191a2a1d0434b3d47c4258"",""WCM-8828c5b579058dc908e8c1fb""]"
TAG-487f977287f7fce5270e5fa5,ROOTCOMP-6cb2d6496e1db492953a3176,institutional_channel,ordinance_council_adoption,bounded event evidence and corrected compensation metadata,"[""WCM-5aabc175043af2ba7146ca4c""]"
TAG-9973cc69cd783a4485ff0a99,ROOTCOMP-3d85ffa37100b68ef26d531f,institutional_channel,none_identified,bounded event evidence and corrected compensation metadata,"[""WCM-800a33b2032b19715dd11d7e""]"
TAG-32be57136264f17559b1117c,ROOTCOMP-78f798ec7822325bf0c0b29f,institutional_channel,ordinance_council_adoption,bounded event evidence and corrected compensation metadata,"[""WCM-603a598ee5ccbe5c1e47fb4c""]"
TAG-9326cf014b4c37d0ca5dd8c4,ROOTCOMP-7d4215c81b322ebbc0611bc0,institutional_channel,none_identified,bounded event evidence and corrected compensation metadata,"[""WCM-0ab1fdbdaf2f0ffc8d76e79f""]"
TAG-90563ce9d3cbf26666b55acf,ROOTCOMP-29dafcd5f9e20f52509a0907,institutional_channel,none_identified,bounded event evidence and corrected compensation metadata,"[""WCM-60d6314375f4b0e7596ac199"",""WCM-69bddbae9cc99abe0a266f85"",""WCM-893c76a0376b13226a4be11f""]"
TAG-85ed896c76f1eaef614d52d2,ROOTCOMP-ceb6b7b1a999dd0b73909792,institutional_channel,none_identified,bounded event evidence and corrected compensation metadata,"[""WCM-2183e7f4d74f35fe9ba41eec""]"
TAG-e09b3597b6d8664d6f4eba14,ROOTCOMP-67da2220f40c8e83055de640,institutional_channel,budget_pay_plan_process,bounded event evidence and corrected compensation metadata,"[""WCM-0bbf13260e82c6e6678ac608"",""WCM-578f8cffdf3f182ee12cecd2"",""WCM-d8813a2bce3e6eb702a65f68""]"
TAG-fc04b587fb655111a31e17f9,ROOTCOMP-67da2220f40c8e83055de640,institutional_channel,ordinance_council_adoption,bounded event evidence and corrected compensation metadata,"[""WCM-0bbf13260e82c6e6678ac608"",""WCM-578f8cffdf3f182ee12cecd2"",""WCM-d8813a2bce3e6eb702a65f68""]"
TAG-7470861af2c3a24024c94304,ROOTCOMP-e1047ecfc02916034590ff2e,institutional_channel,none_identified,bounded event evidence and corrected compensation metadata,"[""WCM-53fe043b89e6a0bc5d438a10""]"
TAG-b24bdc820878f0e998b92095,ROOTCOMP-cc0a90b0fc56f93c78804835,institutional_channel,none_identified,bounded event evidence and corrected compensation metadata,"[""WCM-f122e765f554dd3acfaca655""]"
TAG-12fedf75a9385020401b629f,ROOTCOMP-8e5ac7a9d93009dbcffde715,institutional_channel,none_identified,bounded event evidence and corrected compensation metadata,"[""WCM-033aa35060377a13ef08dec7"",""WCM-908a74e9bfbb9c1b73b6f581""]"
TAG-6e33f378fce2072a4d33319f,ROOTCOMP-2efbe450410cd83b3524e732,institutional_channel,none_identified,bounded event evidence and corrected compensation metadata,"[""WCM-ec8875340272eb7f0d3dbb96""]"
TAG-c2a194d0315babc248d69cae,ROOTCOMP-8f81122fda2c754da53ec070,institutional_channel,none_identified,bounded event evidence and corrected compensation metadata,"[""WCM-3a28292a7e16cb4d5d4a0191""]"
TAG-4729f2ed42d3f1ebe9916c88,ROOTCOMP-b6e411cd266093ba2e5c7b50,institutional_channel,budget_pay_plan_process,bounded event evidence and corrected compensation metadata,"[""WCM-d17a810b30a5506f2a793ad2""]"
TAG-d96fb9b9d48381b52be70471,ROOTCOMP-22b8f89f3ad08ac2562215bd,institutional_channel,none_identified,bounded event evidence and corrected compensation metadata,"[""WCM-997e7460d9c805ff0376c9f8""]"
TAG-bbdbfe3af0fbfbe39b3993ed,ROOTCOMP-4e269ddc51fe8f2b3c926313,institutional_channel,budget_pay_plan_process,bounded event evidence and corrected compensation metadata,"[""WCM-82f9f6e12233fe0cd651d4e0"",""WCM-c50b38a0f064ef44876d7a2a""]"
TAG-ea1a06216a3e9cd19d7a2dbd,ROOTCOMP-ae65ff25e01e1d414024faa7,institutional_channel,none_identified,bounded event evidence and corrected compensation metadata,"[""WCM-d42d5c28bfb490d30ac05215""]"
TAG-6cc85c2917918adbe178500f,ROOTCOMP-f5070a9e8123180073306dcc,institutional_channel,none_identified,bounded event evidence and corrected compensation metadata,"[""WCM-41c3585b3313f11be9f4a52d"",""WCM-60978ddd78609be5616d0e0d"",""WCM-fdcd81b53d7af4f50cea8455""]"
TAG-1ec967c170386573f5782e5b,ROOTCOMP-a89befcd4da232396409550d,institutional_channel,budget_pay_plan_process,bounded event evidence and corrected compensation metadata,"[""WCM-87c2fbe25cd2d98a439dcb98""]"
TAG-b20cee58293b506be03d7528,ROOTCOMP-f93a1eca0e85fae48bad0a2a,institutional_channel,budget_pay_plan_process,bounded event evidence and corrected compensation metadata,"[""WCM-3c56208d7f4e068d274f7e4c"",""WCM-9f4fd8d10e8549dda1df7054""]"
TAG-13d1656a9a0599ccca9bac72,ROOTCOMP-74682685d6213e8cdbb981ad,institutional_channel,none_identified,bounded event evidence and corrected compensation metadata,"[""WCM-153e59948adf109c7baea3a2"",""WCM-7544c406e2867c3dadc2a246""]"
TAG-1dad0c5d0eb47b2224ff721d,ROOTCOMP-e24d723c09e56572d19c4dda,institutional_channel,none_identified,bounded event evidence and corrected compensation metadata,"[""WCM-58f79c968faf7e5e8e63472b"",""WCM-a4dea12d8b4adf81f4184c48""]"
TAG-8ff8fb1bb5ebb519069755e7,ROOTCOMP-c31420f3bc7808070b53a11f,institutional_channel,none_identified,bounded event evidence and corrected compensation metadata,"[""WCM-11a87e6ca4d04a2e252c6926""]"
TAG-2349141bd1a695abcc2530b0,ROOTCOMP-4991953b486b2aba5b535271,institutional_channel,budget_pay_plan_process,bounded event evidence and corrected compensation metadata,"[""WCM-a59b7b84319a4c9acbf74a8c""]"
TAG-4e788c58ccc26a0af43dad11,ROOTCOMP-e549fd951b19e267d6ac506c,institutional_channel,budget_pay_plan_process,bounded event evidence and corrected compensation metadata,"[""WCM-c38c13bf8a256de24cc66e31""]"
TAG-7c0dffcb88be15a47027d0bf,ROOTCOMP-7cfd3a481482b56faab61f4e,institutional_channel,none_identified,bounded event evidence and corrected compensation metadata,"[""WCM-0857f8d16ea188011d3e6955""]"
TAG-00e7764b3355818a23d1b311,ROOTCOMP-dbf5f4abc85d41b06ca54922,institutional_channel,none_identified,bounded event evidence and corrected compensation metadata,"[""WCM-f28777473259204e4a9daaf0""]"
TAG-908ec3050c652f55d21b0fc2,ROOTCOMP-ed0a67d1bc7d3da43a7e941b,institutional_channel,none_identified,bounded event evidence and corrected compensation metadata,"[""WCM-36aae47109406e9f0e1eea01""]"
TAG-ba04d2c2be74fabfb7db75eb,ROOTCOMP-8ddca47d81a06a1e8c345aaf,institutional_channel,budget_pay_plan_process,bounded event evidence and corrected compensation metadata,"[""WCM-48cb630d4a0b3b4922cb1057"",""WCM-8e2cda618a72999e4d77e35f"",""WCM-9d213ef9cae5da013ceca061""]"
TAG-87cb953cd893c980bc563473,ROOTCOMP-95302db2b4f85d118d0e2a31,institutional_channel,none_identified,bounded event evidence and corrected compensation metadata,"[""WCM-ecfa6d282a3aac5ff3fc26a7""]"
TAG-830cbb76e56b462b1992f5b8,ROOTCOMP-e31986e0c9e45c70c172b499,institutional_channel,none_identified,bounded event evidence and corrected compensation metadata,"[""WCM-20e7f04618d37b6153345779"",""WCM-af143cb91aca050082963d45"",""WCM-ed2b775acd0d6be2b3837741""]"
TAG-6c909ccc5172ef3beb356a82,ROOTCOMP-8bf9a46be8eb3d632bea7975,institutional_channel,none_identified,bounded event evidence and corrected compensation metadata,"[""WCM-082bddebfb9c76c3a0870c0e"",""WCM-60852a0e23f4188e295a3e3d""]"
TAG-d4fe5ff0c0964520eac6cd93,ROOTCOMP-c67cc4c2d16dfcb174cba281,institutional_channel,none_identified,bounded event evidence and corrected compensation metadata,"[""WCM-b2129414abe615438cd0607f""]"
TAG-3030109ea5ce7ee0711fd476,ROOTCOMP-862f8fafd95046802615a84c,institutional_channel,none_identified,bounded event evidence and corrected compensation metadata,"[""WCM-9e17378e4cace3b02ac5ec22""]"
TAG-54348d43b4e8931b01e9ba6b,ROOTCOMP-2b0c0ad7f2f576187ef0b36a,institutional_channel,none_identified,bounded event evidence and corrected compensation metadata,"[""WCM-321ac240d85a69ef6aeaeb34"",""WCM-4e1b8987ca3cb9e3f368992b"",""WCM-8f6f51352abb5a6a9fb3401f""]"
TAG-dc6cddd22a323a56caeded79,ROOTCOMP-bcbf2a14bdd6e7af4c66c05b,institutional_channel,budget_pay_plan_process,bounded event evidence and corrected compensation metadata,"[""WCM-5f3a1da782c8c203612691c9""]"
TAG-d5a9dbd72ecf19a3e1156e93,ROOTCOMP-338c0675555df392ba810f09,institutional_channel,none_identified,bounded event evidence and corrected compensation metadata,"[""WCM-32cf855a5e2b89d5b6b00557"",""WCM-af6117719d83525274fcba62""]"
TAG-b038b480477588a39ce357b0,ROOTCOMP-0748ec5bde6fb7742b97b13e,institutional_channel,none_identified,bounded event evidence and corrected compensation metadata,"[""WCM-ef878a401fa55cde357b199d""]"
TAG-6f372e358976430e685070e2,ROOTCOMP-9db280501b67d92ea3f652b9,institutional_channel,budget_pay_plan_process,bounded event evidence and corrected compensation metadata,"[""WCM-795f9a1b06a71160bc3ab500""]"
TAG-3fce293b4c6dee34a5f6e0ea,ROOTCOMP-4bcf00e675089acd188afec6,institutional_channel,ordinance_council_adoption,bounded event evidence and corrected compensation metadata,"[""WCM-18bc5d4fdc8e9f4480887a5f""]"
TAG-0c550c96d79dd121cb81fcea,ROOTCOMP-df9c3027c180405a06b98c46,institutional_channel,none_identified,bounded event evidence and corrected compensation metadata,"[""WCM-299934e9b416ead0a98d97c6"",""WCM-b680df8c54b688273993bd0b""]"
TAG-9f29b579b235e50f6c2af9ff,ROOTCOMP-56f6503d9ce2a5da73544b24,institutional_channel,none_identified,bounded event evidence and corrected compensation metadata,"[""WCM-246100b043f7fbb3c51d1045""]"
TAG-41ce6ff89aa6ddbc647c60ae,ROOTCOMP-bf947af116362a9d04f7956d,institutional_channel,none_identified,bounded event evidence and corrected compensation metadata,"[""WCM-ce1f285cdd8e10db0467c27e""]"
TAG-169a0f955f6bca9c13e72aa6,ROOTCOMP-b7c25c65b0c574b51ebb1332,institutional_channel,none_identified,bounded event evidence and corrected compensation metadata,"[""WCM-994fc63d8a76a8f73b1f2c66""]"
TAG-fb6d016c01a58fda0368f46f,ROOTCOMP-338db00350d82cab51bd129c,institutional_channel,none_identified,bounded event evidence and corrected compensation metadata,"[""WCM-9e67099f338e6cc25ef42bdb"",""WCM-d4bb84da3c8503f68468eea5""]"
TAG-ade0f2888c55a157bb104033,ROOTCOMP-76156947a6e81addb842b02b,institutional_channel,none_identified,bounded event evidence and corrected compensation metadata,"[""WCM-418021fd5563080a331bb391""]"
TAG-801f98c67d8ed9a3d4e6dd7f,ROOTCOMP-a6e8eee035acf441eb74214c,institutional_channel,none_identified,bounded event evidence and corrected compensation metadata,"[""WCM-88bef102ad5c400af74707fc"",""WCM-8eac36409b0e614140cc80ef"",""WCM-d1ba41e6581b848a656ea6a3""]"
TAG-8de016c397a2eda8b896092e,ROOTCOMP-307cbca9d6687cd5154223d5,institutional_channel,none_identified,bounded event evidence and corrected compensation metadata,"[""WCM-1d000de9d9b66f747766dea7"",""WCM-4f63d67d6cc079df210590b9"",""WCM-6ba77540c20b4b4dfa7080cc""]"
TAG-e670032fecbf85b54103d55b,ROOTCOMP-8a395d5f5d106be4e485d2a6,institutional_channel,none_identified,bounded event evidence and corrected compensation metadata,"[""WCM-6cb32609c1f2625a817bee4e""]"
TAG-551dde5ac82418a3dc898a9f,ROOTCOMP-76953a6cd630b1380da0e7f8,institutional_channel,none_identified,bounded event evidence and corrected compensation metadata,"[""WCM-799fc800d6637b1e165ad655""]"
TAG-ea2cd356890941c53939ad22,ROOTCOMP-46af29ad517dfa54ff003989,institutional_channel,none_identified,bounded event evidence and corrected compensation metadata,"[""WCM-03e4d2ad8b1cc0fc921532a7"",""WCM-344df0d8dcc54713dc33245f"",""WCM-80fadc23b12a4f59cdf07038""]"
TAG-777d7958bc30be90d9919eab,ROOTCOMP-e7e3e55cb2dedbdb84dc5416,institutional_channel,none_identified,bounded event evidence and corrected compensation metadata,"[""WCM-51d84a1ffe02cd1d4be57ae0""]"
TAG-35e97b3491e562e5da78e1f5,ROOTCOMP-c2cf4cfd8d04c93875ebf09c,institutional_channel,none_identified,bounded event evidence and corrected compensation metadata,"[""WCM-120545117ea7e010522e45ea"",""WCM-69e099f8734b75b68241da4a""]"
TAG-1a4ce802a795fb1cc603045d,ROOTCOMP-b80b31a62f8f740029b8f1ef,institutional_channel,none_identified,bounded event evidence and corrected compensation metadata,"[""WCM-763e4dfd20cfcb78dcede57f"",""WCM-ac82b5f29400f9f2da8e2c4e""]"
TAG-4e829b4d7f11cd15ca527b39,ROOTCOMP-e1f0c91c36cf59d9da307d53,institutional_channel,none_identified,bounded event evidence and corrected compensation metadata,"[""WCM-b9bc9a7f16be1bbf37f9e5b5"",""WCM-ea7f3d788842acf8ed72286f""]"
TAG-39aaf068a2974a8476f3c96d,ROOTCOMP-f7a959c546d4cf7a3b7444ec,institutional_channel,none_identified,bounded event evidence and corrected compensation metadata,"[""WCM-8d1d10c30bf698848a489e68""]"
TAG-d649372704dc2a8ba6b0ba4a,ROOTCOMP-51e72b815303945e8301f68b,institutional_channel,none_identified,bounded event evidence and corrected compensation metadata,"[""WCM-0ee0dc36fe2e2aa3fb903230""]"
TAG-29ee6d85bdbd14dd860a1065,ROOTCOMP-60882d7700552984808fa14e,institutional_channel,none_identified,bounded event evidence and corrected compensation metadata,"[""WCM-379f42066384f9e5fbe9cbcb""]"
TAG-a98e006d44133f2a70f0d732,ROOTCOMP-a3bec8b2822020dca357f5de,institutional_channel,budget_pay_plan_process,bounded event evidence and corrected compensation metadata,"[""WCM-306ed3dd8e98b219914c0788""]"
TAG-d3eb4a1f711afcdc9b046fe3,ROOTCOMP-4d63aa7f764e6dea78585735,institutional_channel,none_identified,bounded event evidence and corrected compensation metadata,"[""WCM-06d6021f04f92c6fb826dc8f"",""WCM-13088dfd7bdcc814eec2cb87"",""WCM-f9f21eec14b7e7e10a1f24b9""]"
TAG-15455d29128e7573057abf1d,ROOTCOMP-e4ca1f735fa562450ec3eed2,institutional_channel,none_identified,bounded event evidence and corrected compensation metadata,"[""WCM-7fec2dd2a9133e4f9d92f940""]"
TAG-78a6a31ef98561166db01cc6,ROOTCOMP-a93630bef5de812e52d7759a,institutional_channel,none_identified,bounded event evidence and corrected compensation metadata,"[""WCM-11a86ff4613eb49c60d12d30""]"
TAG-2435c690731db0fcdd3e69cc,ROOTCOMP-05997406e22e6b3aa8f4009e,institutional_channel,none_identified,bounded event evidence and corrected compensation metadata,"[""WCM-66f55f07287888c132a4cbae""]"
TAG-da309d9b98084a817c519cab,ROOTCOMP-99bd0e515baa78283000af09,institutional_channel,none_identified,bounded event evidence and corrected compensation metadata,"[""WCM-6ae730a3d19bdcbeed57c71d""]"
TAG-c77cf0dec9f5b018b8641f2a,ROOTCOMP-73772bceef176b53c2693bac,institutional_channel,none_identified,bounded event evidence and corrected compensation metadata,"[""WCM-7da5222a16d1210dd283e521""]"
TAG-16f71623bc82790f9fc6c588,ROOTCOMP-c91e473ba212b882c6e4e84a,institutional_channel,none_identified,bounded event evidence and corrected compensation metadata,"[""WCM-176abbdea2fde5f2e26bee6b""]"
TAG-4a4fb31713eda040b06f1955,ROOTCOMP-cc57ab3280495194635ec9c8,institutional_channel,budget_pay_plan_process,bounded event evidence and corrected compensation metadata,"[""WCM-09d8c50e4a5b55d315e88218""]"
TAG-8ed093faf6ea86cc1483e55b,ROOTCOMP-6f5b37a773108e966a30c938,institutional_channel,budget_pay_plan_process,bounded event evidence and corrected compensation metadata,"[""WCM-3d50bccd8179bd9d536e16e9""]"
TAG-e1ecbfb6d8bcceccd9c175e5,ROOTCOMP-cc98e091a108e2bd5a527aca,institutional_channel,none_identified,bounded event evidence and corrected compensation metadata,"[""WCM-b18f5c6f2c22ce75de84dbc0""]"
TAG-f09861349dd70ad062189549,ROOTCOMP-bb6e0e26ebdf845310dddc5b,institutional_channel,budget_pay_plan_process,bounded event evidence and corrected compensation metadata,"[""WCM-42dd0923db2e8427c5cd371f"",""WCM-f16b61b6f60b6d85fe24fb74"",""WCM-f8c53161cd84a69e9d3975b8""]"
TAG-14026592589bb1bd9b92257b,ROOTCOMP-86b341f671ff3d85691f30cf,institutional_channel,budget_pay_plan_process,bounded event evidence and corrected compensation metadata,"[""WCM-cdd68cdb304d0fbd28dcf16c""]"
TAG-8437f65dc34ecbaf12bc6f72,ROOTCOMP-ea8b1da5fb4986b3213f23f6,institutional_channel,budget_pay_plan_process,bounded event evidence and corrected compensation metadata,"[""WCM-57be979470f352ddd27c6551"",""WCM-749f6e71c0665c65b7bd03d1"",""WCM-f087f8981640d10b2adda10a""]"
TAG-ccfd0a4df2be0f2c076f891b,ROOTCOMP-12af819b8f47364297443260,institutional_channel,none_identified,bounded event evidence and corrected compensation metadata,"[""WCM-8f43afa283fad7d16bcc4a12""]"
TAG-9910b8031038996eaa7a9916,ROOTCOMP-af298dda42733dbedfbd108d,institutional_channel,none_identified,bounded event evidence and corrected compensation metadata,"[""WCM-17ea26a21027c6e5cb76dffb""]"
TAG-1cb824df926dd6790e5666d0,ROOTCOMP-eb331a88708f6b2f4b0847e3,institutional_channel,none_identified,bounded event evidence and corrected compensation metadata,"[""WCM-9bd74b6b503d2a311792c9a6""]"
TAG-2e4dd6e9eb52bde381257721,ROOTCOMP-4200c760b233801e5acd57be,institutional_channel,none_identified,bounded event evidence and corrected compensation metadata,"[""WCM-e3583ab0a25db660b17aad9e""]"
TAG-24a5c972064da54b2d0ce06c,ROOTCOMP-985d3e4b23e4f9b898f7a7be,institutional_channel,none_identified,bounded event evidence and corrected compensation metadata,"[""WCM-2cc068faaeecbe2dfb81388b"",""WCM-3557ee0d6a717568ed0295f1""]"
TAG-fa85027ba384ebff4a0fe257,ROOTCOMP-b8c514ead26544acec0aa586,institutional_channel,none_identified,bounded event evidence and corrected compensation metadata,"[""WCM-1d480fb9cb70609fe5f1b73a"",""WCM-69c9e632db634f0a1ef08f88"",""WCM-844a8faadcb73346c7500cf3"",""WCM-bf2c6151969f37217a7e6b4a""]"
TAG-1ae9c335116245cb8ce6042d,ROOTCOMP-b63145296328fce0ba1655eb,institutional_channel,none_identified,bounded event evidence and corrected compensation metadata,"[""WCM-cf381d4dce326e4639ec4a21""]"
TAG-7b59926e7c71746b0c72ed10,ROOTCOMP-d1b30ea39eca60433bc01587,institutional_channel,none_identified,bounded event evidence and corrected compensation metadata,"[""WCM-29f89a5518734829179cbbfb""]"
TAG-a945b88c404b2ef0be7de58c,ROOTCOMP-6c179dd278d1595d56eac06e,institutional_channel,none_identified,bounded event evidence and corrected compensation metadata,"[""WCM-1d9c90bcdf0bacb5e1bc5e0e""]"
TAG-e151a025c08f2010f52dc3db,ROOTCOMP-55f51960b898609b05b3b01e,institutional_channel,none_identified,bounded event evidence and corrected compensation metadata,"[""WCM-1d21ca802487295dff97477a"",""WCM-38971afcac546543d065151c""]"
TAG-c23e045929a56552143e2551,ROOTCOMP-a2cc9cf34a8c9e10a669f266,institutional_channel,none_identified,bounded event evidence and corrected compensation metadata,"[""WCM-22a7a82c35de3ad8199e4691""]"
TAG-1344fb6951df47d53821bef0,ROOTCOMP-89019c8d971df46b2873eb03,institutional_channel,none_identified,bounded event evidence and corrected compensation metadata,"[""WCM-f48c389cc1bceb64f98b1f2b""]"
TAG-fef74d2fcd29ac3ece369e52,ROOTCOMP-b9eae5f857a24d2d7e7e32f1,institutional_channel,none_identified,bounded event evidence and corrected compensation metadata,"[""WCM-9334022b16f94d94526d7b43"",""WCM-e3a29fc39000be74fd5f175b""]"
TAG-cdca27cc0d772d71c8268036,ROOTCOMP-08ee5ace9a097a4e9ed2af7c,institutional_channel,none_identified,bounded event evidence and corrected compensation metadata,"[""WCM-0ee4fdcde1f86891b6674e46"",""WCM-66dff100a85eb93bd5e11fb1"",""WCM-856135a5c2b1ee609c141224""]"
TAG-8efd9f41852e4b74f38caea1,ROOTCOMP-db900f5f7fe244b6edb84b8a,institutional_channel,budget_pay_plan_process,bounded event evidence and corrected compensation metadata,"[""WCM-8de80b89434f2ab611e01dea""]"
TAG-7842aa503074ab9f9e4db4ae,ROOTCOMP-a90ed003877991283f7a07af,institutional_channel,none_identified,bounded event evidence and corrected compensation metadata,"[""WCM-e043197232c02fb103a90a3e""]"
TAG-64aef4d4395b0d04240f599b,ROOTCOMP-7453893037a58c07ab060b65,institutional_channel,none_identified,bounded event evidence and corrected compensation metadata,"[""WCM-1b8601d359cdd32bb57752ff"",""WCM-2f08b84703138a475f66ecf3"",""WCM-3ebb1cdf4ae2a41220133e7c""]"
TAG-3aa860d4c2ac1541f40e9fc3,ROOTCOMP-420acab51387b707f60d8f7b,institutional_channel,ordinance_council_adoption,bounded event evidence and corrected compensation metadata,"[""WCM-c01a97804d094bdcaa541e60""]"
TAG-78805f4a5ce69f3a83559908,ROOTCOMP-251247d9a06ba1c377de42b6,institutional_channel,none_identified,bounded event evidence and corrected compensation metadata,"[""WCM-ec99157ccfc3724ea1c9a3f2""]"
TAG-55dddfd365abf0aa1f0c28ae,ROOTCOMP-7401905aa1bfbb03a7292d35,institutional_channel,ordinance_council_adoption,bounded event evidence and corrected compensation metadata,"[""WCM-1e18486b8218a743595764b0"",""WCM-34e05a91c76e8c49a5c9e37c""]"
TAG-9f0224715f955a0e3fd8ab36,ROOTCOMP-f78c7216609d740c87f83a82,institutional_channel,none_identified,bounded event evidence and corrected compensation metadata,"[""WCM-f0699478cc2192b8aa6ac43a""]"
TAG-c0996a5d0c06e37f997a4b39,ROOTCOMP-c1595037013ff8e53573f5f1,institutional_channel,none_identified,bounded event evidence and corrected compensation metadata,"[""WCM-5c67aea088fd21ac4ad5ea0c""]"
TAG-9c32b907358c2b87ab6bcbff,ROOTCOMP-b6d25579a3612504e085fba3,institutional_channel,none_identified,bounded event evidence and corrected compensation metadata,"[""WCM-0f4eca99b04683b5c7f049ed"",""WCM-642640658cf4e279f1ec864a""]"
TAG-3098939b1829421355541ef2,ROOTCOMP-212ef260bfa7cdc2fba764ac,institutional_channel,none_identified,bounded event evidence and corrected compensation metadata,"[""WCM-4f8db63e7f626623573cce1c""]"
TAG-1d62e7a1bf4c8f48aae88a45,ROOTCOMP-3684e23364fd6b4ea222c664,institutional_channel,none_identified,bounded event evidence and corrected compensation metadata,"[""WCM-11f437933cdcfd624d7aefa1""]"
TAG-13da4d34ba7b5e279dc8b83f,ROOTCOMP-634af079453bf90834453f99,institutional_channel,budget_pay_plan_process,bounded event evidence and corrected compensation metadata,"[""WCM-71519e8917d09ebb5dcb2978"",""WCM-8151b892ea7b27c9e38dfb5d"",""WCM-da4c726ec4b00ee3e10171ac"",""WCM-e969621a9b9a5407e4e8d868""]"
TAG-d78e31720886ef7011b62720,ROOTCOMP-740126df48409a644dc3a25b,institutional_channel,none_identified,bounded event evidence and corrected compensation metadata,"[""WCM-56fe8498237eea1877958c3c"",""WCM-5d69e5f77465c6a5e2e0b9c7"",""WCM-78dccac63655f2881e1d5fbd""]"
TAG-cccadad41100535d6cda54c3,ROOTCOMP-f4d866b76dd892372b917e27,institutional_channel,none_identified,bounded event evidence and corrected compensation metadata,"[""WCM-58190b1b2a8f3b12b900c390"",""WCM-89791ba0e515998158e5f3f5"",""WCM-d05e39fe5b465d47cafd7fb6""]"
TAG-bc38b537ca1e2393e0910a3b,ROOTCOMP-dd8d16fa020b89cde923d26b,institutional_channel,none_identified,bounded event evidence and corrected compensation metadata,"[""WCM-f1bac63d601c7300fd8fac0e""]"
TAG-1b949652ff722d69906105e6,ROOTCOMP-0a16bea0f7becf7c34a6d20e,institutional_channel,none_identified,bounded event evidence and corrected compensation metadata,"[""WCM-13a59bf0e31e7bb891114815"",""WCM-891e1dfd33af29a8b1b0cce4""]"
TAG-6dd76528ab088bb99271c2bb,ROOTCOMP-2f6344a985cd92f43c9882fe,institutional_channel,none_identified,bounded event evidence and corrected compensation metadata,"[""WCM-01a5744f6a6e22ae0e25ac54"",""WCM-4b66470250031a73cc3729d2""]"
TAG-96ce451ae654453f672a3264,ROOTCOMP-ddc79920208278986181abb3,institutional_channel,budget_pay_plan_process,bounded event evidence and corrected compensation metadata,"[""WCM-b4b10d2cc21f677afd4e20a4"",""WCM-bd804b84399526b8ea6801f4""]"
TAG-ebab98d570a9c4536eb7fc73,ROOTCOMP-0fc90378510c331ca5e4cd8f,institutional_channel,budget_pay_plan_process,bounded event evidence and corrected compensation metadata,"[""WCM-391441dffee7a689f429d120"",""WCM-fa05e3f6362a02df5b03b7b6"",""WCM-fee5b50765b28fe55f755fd1""]"
TAG-1a1cc1efcf68396a4f0eba19,ROOTCOMP-4d92eeee8f758b850b4682f4,institutional_channel,none_identified,bounded event evidence and corrected compensation metadata,"[""WCM-4fac05a5a80c6b7bf3364e0a""]"
TAG-52f344b5aa040d161f674fe6,ROOTCOMP-36310bc547b4ed66f3213790,institutional_channel,none_identified,bounded event evidence and corrected compensation metadata,"[""WCM-c7e6ca3c3fcbff6a5143b4ec"",""WCM-dba5523ca155a00c77431acc"",""WCM-e052fb0068de3ec37dea02e2""]"
TAG-9f35e34fcfbb091bf5daaead,ROOTCOMP-8c9c0016dca86dac5a467d90,institutional_channel,none_identified,bounded event evidence and corrected compensation metadata,"[""WCM-18a57062e4aa11eed5ff614e""]"
TAG-9c3613dd16b2a004758ab684,ROOTCOMP-26cb554aaa65207a9e1af48f,institutional_channel,none_identified,bounded event evidence and corrected compensation metadata,"[""WCM-ab35bd64df43a9f2a2f52566""]"
TAG-553e1ee0099ddde0bef5d441,ROOTCOMP-a2773ea24925872c405c42b7,institutional_channel,none_identified,bounded event evidence and corrected compensation metadata,"[""WCM-f5d16b423f324e364220332a""]"
TAG-4709d8b531046a556c6d5157,ROOTCOMP-e0be6ef265c41e528930bbad,institutional_channel,budget_pay_plan_process,bounded event evidence and corrected compensation metadata,"[""WCM-ee16a80c81d62e8e2e592bcc""]"
TAG-316775c519b4c36dc81c702f,ROOTCOMP-25980fbc15107194b7d3e139,institutional_channel,none_identified,bounded event evidence and corrected compensation metadata,"[""WCM-1bf12fc26ff72cddded88013""]"
TAG-bad72ee5d462215fa0f660ae,ROOTCOMP-c0687384ba0e57f9e1c6991a,institutional_channel,none_identified,bounded event evidence and corrected compensation metadata,"[""WCM-2c016e4c87903a4fa999efa4""]"
TAG-46b4e6db3e1fca5826af75b0,ROOTCOMP-d1389a933be59561f65763f1,institutional_channel,none_identified,bounded event evidence and corrected compensation metadata,"[""WCM-fd1a3714766952d829fffbb3""]"
TAG-12336a76bcc1ec95c673ca73,ROOTCOMP-9cf30b5893a2df7803d71921,institutional_channel,none_identified,bounded event evidence and corrected compensation metadata,"[""WCM-64236d195c4d8d9a7a420720"",""WCM-786a4f38e42ff3b23e8ee39d"",""WCM-9d3845d57d5c84d21a68dc2a""]"
TAG-f86c2117c92c7f769b251f46,ROOTCOMP-3fe7f7038376a8d10daa7f10,institutional_channel,budget_pay_plan_process,bounded event evidence and corrected compensation metadata,"[""WCM-b36347232a45baea1ebfeef6""]"
TAG-9bcba98f75181a70ff623466,ROOTCOMP-ad1113ffcb8d145756785ab6,institutional_channel,budget_pay_plan_process,bounded event evidence and corrected compensation metadata,"[""WCM-2bdd16500d703b8335895153"",""WCM-7219d10c72cf15a162c6fe28"",""WCM-8f258d02f9546d1ea48fdda0""]"
TAG-a5d24fbe2ba9ee493f758844,ROOTCOMP-934ec1922a8d565c9f239815,institutional_channel,none_identified,bounded event evidence and corrected compensation metadata,"[""WCM-4e45cfa59006fa54758c86fe""]"
TAG-fb30329d88b158086c7b9aaa,ROOTCOMP-41f1516422252b25d54e6845,institutional_channel,none_identified,bounded event evidence and corrected compensation metadata,"[""WCM-0e3f23e2afeae53d1b0486dd"",""WCM-50235b015c4a2b54c6403b03""]"
TAG-8ac9e56fbece1cc0c094e6c1,ROOTCOMP-b65e546dc82ac952aad20257,institutional_channel,none_identified,bounded event evidence and corrected compensation metadata,"[""WCM-51f50d8b739e10085b6920e3"",""WCM-942ceb6661c43c889f01eb8f""]"
TAG-e2458df3c8b03b57dcc869c4,ROOTCOMP-d913c07cac99eea9b668d170,institutional_channel,none_identified,bounded event evidence and corrected compensation metadata,"[""WCM-f372359d38c1a46859fae676""]"
TAG-2d52c6bb1b3458bdc6d3db02,ROOTCOMP-253ce00a5751facaa399ef80,institutional_channel,none_identified,bounded event evidence and corrected compensation metadata,"[""WCM-c4cd4e751cfd3f7475d448ac""]"
TAG-eddf023c441a4bd44ea63d48,ROOTCOMP-c342b41fb3edef8efe80b31b,institutional_channel,none_identified,bounded event evidence and corrected compensation metadata,"[""WCM-275c46fdd701890b894b93d2"",""WCM-31abcaed3f98f7483ddb4785"",""WCM-d1c094f07b033045fd6209a7""]"
TAG-587aa85a0122a477e138db9b,ROOTCOMP-d78944be65d440bcac3bb33b,institutional_channel,none_identified,bounded event evidence and corrected compensation metadata,"[""WCM-334c9688b511fe66dc79f43a"",""WCM-4d413dacc1cd50114b515a67"",""WCM-5e5036fc4199d5cfa9467252""]"
TAG-d50b0e65aa1ee77b16146e07,ROOTCOMP-c8c2e4c3ff1afba4d624b435,institutional_channel,none_identified,bounded event evidence and corrected compensation metadata,"[""WCM-167c6987fd5ab3301c4afa0c"",""WCM-f972cc82d09a0fc232a06d38""]"
TAG-6a44ada8549c75c27253e345,ROOTCOMP-6e87a30ba0d37e4450b09dbb,institutional_channel,none_identified,bounded event evidence and corrected compensation metadata,"[""WCM-59282da4c30a6586e9d0fd21"",""WCM-93e06c55ac8fe4535856d5c6"",""WCM-d325b5c1ca5218926fa182ff""]"
TAG-78c928e9f922a3804d54e263,ROOTCOMP-a7b9f71e62ac50eec2b70d15,institutional_channel,none_identified,bounded event evidence and corrected compensation metadata,"[""WCM-0a82904effa78bfd33e4e856"",""WCM-ae483018f55730641644f414""]"
TAG-aa1e69a9109b8d22a2bdf0fd,ROOTCOMP-781aa90696d9fd715e6a1b0f,institutional_channel,none_identified,bounded event evidence and corrected compensation metadata,"[""WCM-b53be5b0d81eb2fddec6a009""]"
TAG-03474453f8ba773d3ba20f21,ROOTCOMP-e4eb8cb239884fc5b1ec8ac9,institutional_channel,none_identified,bounded event evidence and corrected compensation metadata,"[""WCM-69f62de076009b0f15d99766""]"
TAG-b22e31d1e7efb1660359c828,ROOTCOMP-adedd4955ef54b0039767b40,institutional_channel,none_identified,bounded event evidence and corrected compensation metadata,"[""WCM-0b1c71e7dac4dcc22ad3b90b""]"
TAG-b9009e1abcd44cdb91eb16d4,ROOTCOMP-12d8903ef99996072151d152,institutional_channel,none_identified,bounded event evidence and corrected compensation metadata,"[""WCM-cddf0fa6e0ec5e3104f0aac4""]"
TAG-6d97486a44761ea3dc06786c,ROOTCOMP-2a70c2c567fe9b80b85929a6,institutional_channel,none_identified,bounded event evidence and corrected compensation metadata,"[""WCM-f043fc2f1a0a96cb73583f54""]"
TAG-5495ae243fcc308217c2f606,ROOTCOMP-8f7d80de497850f1df497b41,institutional_channel,budget_pay_plan_process,bounded event evidence and corrected compensation metadata,"[""WCM-03f95f772ede86fb4b3a2c2b"",""WCM-9c2098697c66190a57a0c071""]"
TAG-3ac7c0f9f3552f5b2256ea5b,ROOTCOMP-08433e5c15095282f9fa2713,institutional_channel,none_identified,bounded event evidence and corrected compensation metadata,"[""WCM-fc8a983c606e19ee2e4ab70c""]"
TAG-0ab62593229238b4ad8b5bd1,ROOTCOMP-f1729f77901330938e3e80a5,institutional_channel,budget_pay_plan_process,bounded event evidence and corrected compensation metadata,"[""WCM-078544d18168dc081a1ccbaa"",""WCM-2d456800765c68b8590fa45e"",""WCM-53c2c1a49bb9368504e0b413"",""WCM-7a8b2787588208eb5f098d92"",""WCM-dc306616d5a3f588b97dcb38""]"
TAG-390829e7c67d7868202e060b,ROOTCOMP-f1729f77901330938e3e80a5,institutional_channel,ordinance_council_adoption,bounded event evidence and corrected compensation metadata,"[""WCM-078544d18168dc081a1ccbaa"",""WCM-2d456800765c68b8590fa45e"",""WCM-53c2c1a49bb9368504e0b413"",""WCM-7a8b2787588208eb5f098d92"",""WCM-dc306616d5a3f588b97dcb38""]"
TAG-8fb7f7ae203ce059d0f2245c,ROOTCOMP-f97c1cd828d6de44b7e3cb50,institutional_channel,budget_pay_plan_process,bounded event evidence and corrected compensation metadata,"[""WCM-02c092fb3c00a1ab8646c439""]"
TAG-f39bd1322976e810220e8298,ROOTCOMP-3f0f3b23e047686e88c90a17,institutional_channel,none_identified,bounded event evidence and corrected compensation metadata,"[""WCM-0fa72a577089a687ed158743"",""WCM-be3f2870f92f389cdb66abfe"",""WCM-c3f1f4a13bcb6ac23eca9e47""]"
TAG-76aeb81d259ddcec4a1aecb4,ROOTCOMP-509f6e1fbebe555959255d5e,institutional_channel,none_identified,bounded event evidence and corrected compensation metadata,"[""WCM-ea3c7973f27e35f9e535e2a2""]"
TAG-512ae45cc08913adba46522f,ROOTCOMP-56305614b16581a5a33a0db6,institutional_channel,none_identified,bounded event evidence and corrected compensation metadata,"[""WCM-7b4e0fbec906b7b10da174f9""]"
TAG-0fbaffdb2f550e3b791af799,ROOTCOMP-5d67218f2c70132aca9d0dcb,institutional_channel,none_identified,bounded event evidence and corrected compensation metadata,"[""WCM-496a42dc9d607966aeba1e0e"",""WCM-536a682dcc97e860bd1707e5"",""WCM-5a0a5375cfa3c23495f17aeb"",""WCM-669c16da6c474eb7976a2531"",""WCM-722cbfc165266f5fba38b355""]"
TAG-5f82a733e09eb5b4f4216ac2,ROOTCOMP-3b834027b3192e3098816e18,institutional_channel,budget_pay_plan_process,bounded event evidence and corrected compensation metadata,"[""WCM-f6fdcb6a29f0889334f8ae89""]"
TAG-61f2123b4f498c87a9fee3f7,ROOTCOMP-53cc270fe609aba013451d4c,institutional_channel,budget_pay_plan_process,bounded event evidence and corrected compensation metadata,"[""WCM-0ed19ef6074090b8214dc843"",""WCM-1fd00e8689d601ad6bc5a672""]"
TAG-65c318bdd1e1e8f27c08d835,ROOTCOMP-53cc270fe609aba013451d4c,institutional_channel,ordinance_council_adoption,bounded event evidence and corrected compensation metadata,"[""WCM-0ed19ef6074090b8214dc843"",""WCM-1fd00e8689d601ad6bc5a672""]"
TAG-92b3190f534f09128ebbb4a9,ROOTCOMP-50b310ccb083f249de381cc8,institutional_channel,budget_pay_plan_process,bounded event evidence and corrected compensation metadata,"[""WCM-38aa1d6f9cd8111808eda254"",""WCM-6fc58f36418eef035c1dabcd""]"
TAG-6e7777a0ed70fadf940f03b0,ROOTCOMP-55d6d7e5218640ef3a9713a4,institutional_channel,budget_pay_plan_process,bounded event evidence and corrected compensation metadata,"[""WCM-146b503aea4f6daa8475a4aa"",""WCM-27de302cd7cd58e42b9b036e"",""WCM-52de195e5029cf93ec6f11f3""]"
TAG-fe5eea7ee13bde5099a823cb,ROOTCOMP-7b8f19181f53eeb579164bc9,institutional_channel,budget_pay_plan_process,bounded event evidence and corrected compensation metadata,"[""WCM-7b2c701b8f76c8b9c3c433ab""]"
TAG-c1378e35f1a74b42adf0bc91,ROOTCOMP-7b8f19181f53eeb579164bc9,institutional_channel,ordinance_council_adoption,bounded event evidence and corrected compensation metadata,"[""WCM-7b2c701b8f76c8b9c3c433ab""]"
TAG-2c492299239c3d318cf3a37d,ROOTCOMP-110405f4f84f424b160d00ff,institutional_channel,none_identified,bounded event evidence and corrected compensation metadata,"[""WCM-8c4ef5bc96666da85abdfc63"",""WCM-96f25bb2435ed0b0ccb0689c""]"
TAG-c7d078356b6541882935dc71,ROOTCOMP-efe20566368ccb6ecd5a5882,institutional_channel,none_identified,bounded event evidence and corrected compensation metadata,"[""WCM-92979e7eb31a7ca841c509d0"",""WCM-ddb57d77d68fbc7314b50c7a""]"
TAG-c3194243e912e6c38917dd7a,ROOTCOMP-5890eafa34090fe44af2fb73,institutional_channel,none_identified,bounded event evidence and corrected compensation metadata,"[""WCM-afe10643c63b02ee434df1e9"",""WCM-e9078e14667f30f6efe82033""]"
TAG-96de244265ad4f5befc2e153,ROOTCOMP-38c684ffb37f2e7ae126c871,institutional_channel,budget_pay_plan_process,bounded event evidence and corrected compensation metadata,"[""WCM-52874e295c26b0e22e112866""]"
TAG-f8ad3109cf2559bf2401bd41,ROOTCOMP-c9579c5ffa46f21963c01c2d,institutional_channel,none_identified,bounded event evidence and corrected compensation metadata,"[""WCM-004f1b170c0ab40f898e721e"",""WCM-aab7438561dc63fb8cbe2e60"",""WCM-feb70edadacd85a6e1860856""]"
TAG-b28aaf8658a206f347eb6f8a,ROOTCOMP-140a0e4761a7e02d60553407,institutional_channel,none_identified,bounded event evidence and corrected compensation metadata,"[""WCM-262f0a467ef0a1b3e411d862""]"
TAG-8636168b4b8ecde4088c6295,ROOTCOMP-62526ea7829911f5301ac802,institutional_channel,none_identified,bounded event evidence and corrected compensation metadata,"[""WCM-a39b733381707f92cdafe6a1""]"
TAG-64e1ba3c63e7d2230e1639e8,ROOTCOMP-c3339802aaf08f87684c4fd6,institutional_channel,none_identified,bounded event evidence and corrected compensation metadata,"[""WCM-03b70d35cb9a6ee99dd74990"",""WCM-0507dd257d4d7cf776e25cb8"",""WCM-d077923c19d7242e8cbf0e97"",""WCM-ee9b682f9fe11abe5894a962""]"
TAG-9a73bf7b40d9565531a8223c,ROOTCOMP-b90e5f2a768fb33454466796,institutional_channel,none_identified,bounded event evidence and corrected compensation metadata,"[""WCM-8b698cc4116046142a568c10""]"
TAG-20bb5310824e4a10dacc53da,ROOTCOMP-b827e8e576c6384badcece77,institutional_channel,none_identified,bounded event evidence and corrected compensation metadata,"[""WCM-7f4a0587cf00bf8a7d7b3bb4""]"
TAG-aa378fce9c1ad3fa4dd167b0,ROOTCOMP-b9aaada94cd8288420b6cf2b,institutional_channel,none_identified,bounded event evidence and corrected compensation metadata,"[""WCM-3f8a4060e7f736746d37418f"",""WCM-8ec7413999c544efbeb051eb""]"
TAG-0506002d31c7e4b05083eaca,ROOTCOMP-740fbfb0b70d916f93c3dd40,institutional_channel,none_identified,bounded event evidence and corrected compensation metadata,"[""WCM-f9a27f7cfaad030ffeb39e35""]"
TAG-7c9b852b2ba7e01afdd206b5,ROOTCOMP-ed50d3ff4778e576730b8cee,institutional_channel,none_identified,bounded event evidence and corrected compensation metadata,"[""WCM-6c9c56b48cda03422bd065ca"",""WCM-8aa81443dd0571bc6bf0beef"",""WCM-e39fb7c2699abc081452ba3f""]"
TAG-6d2dd6b75dd34fbc0e29600e,ROOTCOMP-852350e8ca4586fdf1f8a69b,institutional_channel,none_identified,bounded event evidence and corrected compensation metadata,"[""WCM-31a2fd3bb2368490e128d4ec"",""WCM-965d911103573e3a5828fac4""]"
TAG-b3d5cee650180d4eb09608a9,ROOTCOMP-834a238660aa7b68240f46e2,institutional_channel,none_identified,bounded event evidence and corrected compensation metadata,"[""WCM-09403927a531e800e819911e""]"
TAG-3eb0a2baf3d0c66bf9daa682,ROOTCOMP-5a250f6c6086ed0175709efd,institutional_channel,none_identified,bounded event evidence and corrected compensation metadata,"[""WCM-c0e2dc9f7c8f5f2c626bff6d""]"
TAG-f31c7cee918f9088d1d4cb8e,ROOTCOMP-4b0d4cde888bccb30a193906,institutional_channel,none_identified,bounded event evidence and corrected compensation metadata,"[""WCM-004339099fa48b16cff6d2c3"",""WCM-108cb004a96ba82c9612b619""]"
TAG-46cabf5bb28de87ed8077ce0,ROOTCOMP-c593d48dae3d674cb5d8ee77,institutional_channel,budget_pay_plan_process,bounded event evidence and corrected compensation metadata,"[""WCM-1af8e9b05b0003c7b03a8cb3"",""WCM-986d7d293514486951bffcf7""]"
TAG-841dc2dea5d336181234d8fb,ROOTCOMP-6e764eb3589688fa39360326,institutional_channel,none_identified,bounded event evidence and corrected compensation metadata,"[""WCM-d0be40c6080a7f2b12d6fdca""]"
TAG-1003f1dba47b782875e58585,ROOTCOMP-c80d743e5caa62123a685b10,institutional_channel,ordinance_council_adoption,bounded event evidence and corrected compensation metadata,"[""WCM-2a338149d23990e20ae6292a"",""WCM-e96ff96b4404420d85bc30c2""]"
TAG-bff8872441ae3430b9d37a21,ROOTCOMP-96ed16f4cc8ca12f1821e18b,institutional_channel,budget_pay_plan_process,bounded event evidence and corrected compensation metadata,"[""WCM-4c304550412ebd9c4688e49f"",""WCM-8357ad18dbcce29e77fa4616""]"
TAG-63e4197e7fecb6d7fcb8af3a,ROOTCOMP-aa8990c365b1daad050ff863,institutional_channel,budget_pay_plan_process,bounded event evidence and corrected compensation metadata,"[""WCM-20686ade395398afe5220341""]"
TAG-c625086617f4857baaa8c141,ROOTCOMP-464e8869fabb29235a4308b2,institutional_channel,settlement_or_mou,bounded event evidence and corrected compensation metadata,"[""WCM-a7f8b5fc9df2280eebb88a3c""]"
TAG-3d7a0f45b5a2d3c072676e0b,ROOTCOMP-1ef8c8046e84ef7da8725bfb,institutional_channel,budget_pay_plan_process,bounded event evidence and corrected compensation metadata,"[""WCM-47525c9a388566d46460477f""]"
TAG-114e439a05a4d6b1c16ec636,ROOTCOMP-1ef8c8046e84ef7da8725bfb,institutional_channel,settlement_or_mou,bounded event evidence and corrected compensation metadata,"[""WCM-47525c9a388566d46460477f""]"
TAG-05d68917b9d47300084f6dcd,ROOTCOMP-5630f60ff105f108c13dfc3a,institutional_channel,none_identified,bounded event evidence and corrected compensation metadata,"[""WCM-581dc89b9ed7cb3775429c5a"",""WCM-e8812290a0706a400849383c""]"
TAG-ef09d09906ead9b7c3d33a68,ROOTCOMP-051066c77514a95be30ac9cb,institutional_channel,settlement_or_mou,bounded event evidence and corrected compensation metadata,"[""WCM-f51b6b8900a40b655a3a05b2""]"
TAG-603a4c4fb3cd0b58e5f1252f,ROOTCOMP-1f1be2bb27e4a1c011103bd9,institutional_channel,none_identified,bounded event evidence and corrected compensation metadata,"[""WCM-00a983f23c00cf284c5ebd28"",""WCM-c3302eb5b44be3d9c8ded6aa"",""WCM-f9927ffb7deb207f7e512e45""]"
TAG-2c4dd4ad8e2726f913a42cd9,ROOTCOMP-74adebbe8e2e696809887f71,institutional_channel,none_identified,bounded event evidence and corrected compensation metadata,"[""WCM-debe7a51e8edc56b5ba24591""]"
TAG-5c51b3e59fbf34a1f25bfc07,ROOTCOMP-2ef7ff39ba65194e936304b9,institutional_channel,none_identified,bounded event evidence and corrected compensation metadata,"[""WCM-65bb3ee336ffbfd9581f1a68""]"
TAG-e7ecbd9a73f6a28e350810cf,ROOTCOMP-875ae6e85577d9d214b72fac,institutional_channel,none_identified,bounded event evidence and corrected compensation metadata,"[""WCM-1014e92696412586b1a7c828"",""WCM-8a5166c66174cb7e29524da7""]"
TAG-e5884098e153b0af23da4827,ROOTCOMP-87e85777f77e4f01f1828ea5,institutional_channel,none_identified,bounded event evidence and corrected compensation metadata,"[""WCM-4267235a526034808fa8abdd"",""WCM-7ba1fa5af6c0d1eb9a49d502""]"
TAG-1eb95a3227b58bbf91475d25,ROOTCOMP-a6144edc0646fc0148ed362b,institutional_channel,none_identified,bounded event evidence and corrected compensation metadata,"[""WCM-170523532dbd02d25d3b6ff1"",""WCM-bbedd987d3a60b96fe2b2fec""]"
TAG-3f419c02fe1f30705947ceca,ROOTCOMP-544c004ffce78a3165d4e148,institutional_channel,none_identified,bounded event evidence and corrected compensation metadata,"[""WCM-31f8fee327dc41f330b49caf"",""WCM-a80891849bb5f48517db7233""]"
TAG-c330273d145d82b711bbb389,ROOTCOMP-792fccaa6e0f61540827effb,institutional_channel,budget_pay_plan_process,bounded event evidence and corrected compensation metadata,"[""WCM-336e1d6463981fda8a50026f"",""WCM-a1debb05690bc07faacc9b32""]"
TAG-bf7a991d37acea8bd462659f,ROOTCOMP-792fccaa6e0f61540827effb,institutional_channel,ordinance_council_adoption,bounded event evidence and corrected compensation metadata,"[""WCM-336e1d6463981fda8a50026f"",""WCM-a1debb05690bc07faacc9b32""]"
TAG-cbe56bafe5c80d219de56a09,ROOTCOMP-661be0a64a199c2916f197a6,institutional_channel,budget_pay_plan_process,bounded event evidence and corrected compensation metadata,"[""WCM-94ee451c980f3483b28000e9"",""WCM-ea5717d3efba6b526d745802""]"
TAG-aa1f869d7d9f9a73aae5d446,ROOTCOMP-661be0a64a199c2916f197a6,institutional_channel,ordinance_council_adoption,bounded event evidence and corrected compensation metadata,"[""WCM-94ee451c980f3483b28000e9"",""WCM-ea5717d3efba6b526d745802""]"
TAG-15a16fbd646d0d646967f7c3,ROOTCOMP-d28c3018f034c57023003770,institutional_channel,budget_pay_plan_process,bounded event evidence and corrected compensation metadata,"[""WCM-242316af85409822bde098c3"",""WCM-bae774197f5c5574e17f4bf9""]"
TAG-ece6d552ce887badbecb6c7d,ROOTCOMP-d28c3018f034c57023003770,institutional_channel,ordinance_council_adoption,bounded event evidence and corrected compensation metadata,"[""WCM-242316af85409822bde098c3"",""WCM-bae774197f5c5574e17f4bf9""]"
TAG-807393c7148a29dfb055758b,ROOTCOMP-f1c203e13e23584293f1c1ba,institutional_channel,none_identified,bounded event evidence and corrected compensation metadata,"[""WCM-04234b4817859b5a7429314e"",""WCM-da1da8f8562e70aaf303e530""]"
TAG-68527ab033595b8df46c9e61,ROOTCOMP-c3f76751fb4340f038f5eb53,institutional_channel,none_identified,bounded event evidence and corrected compensation metadata,"[""WCM-582116e5f338b1833085812f"",""WCM-6923a542ac652ce5ca65c93f""]"
TAG-fda6b3c3512e42337d3029b6,ROOTCOMP-19897bb29d7a0ea5179aa4e4,institutional_channel,none_identified,bounded event evidence and corrected compensation metadata,"[""WCM-4c0a5f1392cdd92972ff004f""]"
TAG-a549a8a3f3482cd01560b0fc,ROOTCOMP-cad9faf0b692491ae5e64b34,institutional_channel,none_identified,bounded event evidence and corrected compensation metadata,"[""WCM-7e129a31ae0b7d0f65a1f986""]"
TAG-5286b697c37c1d694c8cca35,ROOTCOMP-e2abbf323b50a75be5ca4ef4,institutional_channel,none_identified,bounded event evidence and corrected compensation metadata,"[""WCM-951332274b1f8a25e292b03a""]"
TAG-a6e9927a53b3db557a7e39c6,ROOTCOMP-ba6a7df697509c06e98497e0,institutional_channel,none_identified,bounded event evidence and corrected compensation metadata,"[""WCM-45fba947d63ad934fff4d3f3""]"
TAG-ab28c0e7634d81750440caca,ROOTCOMP-922c92b9dae9aecbc6808de8,institutional_channel,none_identified,bounded event evidence and corrected compensation metadata,"[""WCM-244436a3625d328f1eaa5c70""]"
TAG-81f7d8a5bf243639be1b3410,ROOTCOMP-033acb6807e6a84a45268332,institutional_channel,none_identified,bounded event evidence and corrected compensation metadata,"[""WCM-e6a6c7b10df4b8787ff118bb""]"
TAG-bd9742da9b3e4bf0403bb71c,ROOTCOMP-ec27ea143d2b7bbdedcf39ef,institutional_channel,none_identified,bounded event evidence and corrected compensation metadata,"[""WCM-57b6e505f49a8e55d4ac581b""]"
TAG-15a70751f2a031e169f7b9e0,ROOTCOMP-6a94845da9b91da3567dac62,institutional_channel,budget_pay_plan_process,bounded event evidence and corrected compensation metadata,"[""WCM-436cd632104c5f9ea07d8287""]"
TAG-abada98292dc1518b9c1cef3,ROOTCOMP-9c6c49852ae88d036552afea,institutional_channel,none_identified,bounded event evidence and corrected compensation metadata,"[""WCM-23ddc2bb65d928d2fc11b51e"",""WCM-3c0f6db248e7e69baa770c76"",""WCM-51565e774003218e6f819b14""]"
TAG-e0b02797a5eeca0c8f7d8c0b,ROOTCOMP-0dbb228158827a84868726b4,institutional_channel,none_identified,bounded event evidence and corrected compensation metadata,"[""WCM-640cacbe9fc6b313a96138bf""]"
TAG-95f075022abfb9ddf099d4a3,ROOTCOMP-fb0bc30f2c7d40db3e47296a,institutional_channel,none_identified,bounded event evidence and corrected compensation metadata,"[""WCM-cfa7023318ec2412057f4fd2""]"
TAG-057bb40543f4042e43ed842d,ROOTCOMP-f6f85054d5080c886c48dcb8,institutional_channel,none_identified,bounded event evidence and corrected compensation metadata,"[""WCM-e60bcf0c0873e06c39c86aba""]"
TAG-ba61d9fca95939de14a77e9d,ROOTCOMP-7c657ebc57715d0271e60ef7,institutional_channel,none_identified,bounded event evidence and corrected compensation metadata,"[""WCM-b406a016285d680113c24e5b""]"
TAG-024be8d3cb2fba576bf60cb3,ROOTCOMP-28c19dc1a4b3c390d7dba7ad,institutional_channel,none_identified,bounded event evidence and corrected compensation metadata,"[""WCM-ad57eb8cb414dce794fa36b1"",""WCM-f00edca4f526ca605166bd53""]"
TAG-f8b1c2683e3373c8b429baf5,ROOTCOMP-0192dc872e997028b3f5a5f5,institutional_channel,none_identified,bounded event evidence and corrected compensation metadata,"[""WCM-6bcba7baa27bc75d70dd891e"",""WCM-aaca1bda54ab9f1415848d75"",""WCM-d8f0166f1d83dc637b1df967""]"
TAG-5d3bb3b26047e44f52c1c17f,ROOTCOMP-e131a800603b2dc1b9572599,institutional_channel,none_identified,bounded event evidence and corrected compensation metadata,"[""WCM-a48f2673cebf27d33c5ec06e""]"
TAG-3749960d707526665c4761b4,ROOTCOMP-eb4faa76961092dbe9f53829,institutional_channel,none_identified,bounded event evidence and corrected compensation metadata,"[""WCM-59bd9abcc71ea787e1c6be50""]"
TAG-9e523a22ada2207125519c77,ROOTCOMP-8ecc84138862753853a87782,institutional_channel,none_identified,bounded event evidence and corrected compensation metadata,"[""WCM-f9da2e10fccd87cf00947de4""]"
TAG-c14f34a5c370c927083a63bb,ROOTCOMP-f54d07fe14fd2c6769cfa07e,institutional_channel,none_identified,bounded event evidence and corrected compensation metadata,"[""WCM-71d19a2ace20d75b2ce5476c""]"
TAG-04a8b1d39bf6d4887177e4cd,ROOTCOMP-d17fe1081aa05255e7c8125f,institutional_channel,ordinance_council_adoption,bounded event evidence and corrected compensation metadata,"[""WCM-73afc0a6260f615f8076280d""]"
TAG-ceea970e0bfceccb220469fd,ROOTCOMP-c8c49eff35ba7ae74f5986c1,institutional_channel,none_identified,bounded event evidence and corrected compensation metadata,"[""WCM-5d9a99fe1599ea17dd347202"",""WCM-7da49d5fca5309f57f58da17""]"
TAG-4fad4a2b46db661a2ec47e55,ROOTCOMP-ede0b54ac4d8b9a6da0bdfd6,institutional_channel,none_identified,bounded event evidence and corrected compensation metadata,"[""WCM-0432c815848f0f996eb00bc9""]"
TAG-9dbea38eea025e505720543d,ROOTCOMP-ab1f51dd57514fbb832ca89f,institutional_channel,none_identified,bounded event evidence and corrected compensation metadata,"[""WCM-56c150278040f68b75d7c47e""]"
TAG-d43045cebd7f0e93e1bbe9d7,ROOTCOMP-866644a24bdff749677b3822,institutional_channel,budget_pay_plan_process,bounded event evidence and corrected compensation metadata,"[""WCM-7b1d56132ce030cc4197b554"",""WCM-e87367128751104302650710""]"
TAG-9fe8ec0cfb022ad1e0fcdea1,ROOTCOMP-c1d01eebf47b345730bc0dac,institutional_channel,budget_pay_plan_process,bounded event evidence and corrected compensation metadata,"[""WCM-473895fbf3871f4c46da61cb""]"
TAG-7fd2fdc6be7307ee4962b76d,ROOTCOMP-c1d01eebf47b345730bc0dac,institutional_channel,ordinance_council_adoption,bounded event evidence and corrected compensation metadata,"[""WCM-473895fbf3871f4c46da61cb""]"
TAG-c1e7104374eb392261ca7312,ROOTCOMP-bde23d9850391eb62733e041,institutional_channel,ordinance_council_adoption,bounded event evidence and corrected compensation metadata,"[""WCM-159989e23eda6d952fa885de"",""WCM-35ca0c2c8eb4c9a6ee639817""]"
TAG-45cc19425f925875b7e131be,ROOTCOMP-83243214ed75bea459d47b0a,institutional_channel,budget_pay_plan_process,bounded event evidence and corrected compensation metadata,"[""WCM-89daec9e3a833b10f17bf34c""]"
TAG-63c7e844c55e3283550c7282,ROOTCOMP-ebef6b2c2a31d592ca25b4f9,institutional_channel,settlement_or_mou,bounded event evidence and corrected compensation metadata,"[""WCM-a4543437c997277114bff1b9""]"
TAG-f692dd61a3b1a7429a198fd3,ROOTCOMP-d09509b5b8af32ae1df3b0d6,institutional_channel,none_identified,bounded event evidence and corrected compensation metadata,"[""WCM-2716e929e8f49974cce781d9""]"
TAG-097eeb5519ff99b4bba3fd0b,ROOTCOMP-054b7abcbbdea7498c06e0db,institutional_channel,none_identified,bounded event evidence and corrected compensation metadata,"[""WCM-14b52b52caa12cbed1b4f84a"",""WCM-63009dec63ea6f68bad2af36"",""WCM-a310c537f863a42bc8c75684""]"
TAG-547d59c6bc30c5cc72bcfb07,ROOTCOMP-17520a30bd451aacb4cb8a94,institutional_channel,none_identified,bounded event evidence and corrected compensation metadata,"[""WCM-2a2650b890fa1eda24aaa0fa""]"
TAG-86ab7bf493f3a916b4f48763,ROOTCOMP-b17a7a7b9054bde2e16f7cfd,institutional_channel,none_identified,bounded event evidence and corrected compensation metadata,"[""WCM-fc46f0c1b19b63f6c8d4f4e2""]"
TAG-16ac12dc536d51a42b43c3dc,ROOTCOMP-bce4c9279b3ba7127719622b,institutional_channel,none_identified,bounded event evidence and corrected compensation metadata,"[""WCM-309c401f65a6c9433f9c5dbb"",""WCM-ac789c91f048e25d5e47de4f""]"
TAG-188a9d071694ab5375d05164,ROOTCOMP-b79834e06783bf0ac55c22be,institutional_channel,none_identified,bounded event evidence and corrected compensation metadata,"[""WCM-d167d1555b688699a22fd668"",""WCM-d23a49e0ec7dccd6126e8c3d""]"
TAG-869136e7c8c5ad5b31c5c042,ROOTCOMP-c8aef2907f16dc987f91e9c1,institutional_channel,none_identified,bounded event evidence and corrected compensation metadata,"[""WCM-45126e47be228929e1b129e1"",""WCM-8798a72d96f0beb2a453d432""]"
TAG-2d603a936204568515660045,ROOTCOMP-75ef9edced8583b0cca5c875,institutional_channel,budget_pay_plan_process,bounded event evidence and corrected compensation metadata,"[""WCM-174c5f00e081f27a1ddc12c4"",""WCM-d1d222fb38a8044e31fd95ae""]"
TAG-801a4b49792bcceb32fc8959,ROOTCOMP-75ef9edced8583b0cca5c875,institutional_channel,ordinance_council_adoption,bounded event evidence and corrected compensation metadata,"[""WCM-174c5f00e081f27a1ddc12c4"",""WCM-d1d222fb38a8044e31fd95ae""]"
TAG-1c6ecb9e9978aa5b13b7f2b2,ROOTCOMP-354a60a910c2453e8e257efa,institutional_channel,budget_pay_plan_process,bounded event evidence and corrected compensation metadata,"[""WCM-9fd715cd0f9256a4f4661a73"",""WCM-d1e0d804a39773e3a52c5707""]"
TAG-8bb65e858eec3b796a7fed97,ROOTCOMP-a185d4edc7acdf7b5cede608,institutional_channel,budget_pay_plan_process,bounded event evidence and corrected compensation metadata,"[""WCM-e2716b0693fa4cdb4d594e09""]"
TAG-fe145c4031f74a8462f1ac60,ROOTCOMP-d8e83f40086055d66180650f,institutional_channel,none_identified,bounded event evidence and corrected compensation metadata,"[""WCM-91262834721b3bf2a94d9bbf""]"
TAG-009b5ce698e48ede1c20df2b,ROOTCOMP-2a7b01d8145510ad9eccabab,institutional_channel,none_identified,bounded event evidence and corrected compensation metadata,"[""WCM-e41cba6f3feb36619921a6c2""]"
TAG-86bf1a57b118b3b8b1587c2d,ROOTCOMP-01e547a5831218c533c4f281,institutional_channel,none_identified,bounded event evidence and corrected compensation metadata,"[""WCM-8b178a3a343d85fb482a3e62""]"
TAG-49140fb12e579758e3d78b78,ROOTCOMP-da40b889bcd3ff3420374606,institutional_channel,budget_pay_plan_process,bounded event evidence and corrected compensation metadata,"[""WCM-0187d533d1934cd22734eba6"",""WCM-36da75e4864e5a395dcc16a6"",""WCM-a9f2aab0ef7fb33db99a73e8""]"
TAG-aca512895cf7de158891ef7a,ROOTCOMP-da40b889bcd3ff3420374606,institutional_channel,ordinance_council_adoption,bounded event evidence and corrected compensation metadata,"[""WCM-0187d533d1934cd22734eba6"",""WCM-36da75e4864e5a395dcc16a6"",""WCM-a9f2aab0ef7fb33db99a73e8""]"
TAG-ff40ee865fab240cfe1af8d5,ROOTCOMP-c710cd5875e97b674ece5dce,institutional_channel,budget_pay_plan_process,bounded event evidence and corrected compensation metadata,"[""WCM-06f1768338f342f39c842a95"",""WCM-59bec950bb111fd054d99eb1"",""WCM-937fba1742536fb20bfdd16f"",""WCM-c6e819603ccf7f303a2ecf89"",""WCM-d5de8a2153343949574ed76f""]"
TAG-d6531a5da97a982d8104f610,ROOTCOMP-3b3629b563ff5f73839bed72,institutional_channel,ordinance_council_adoption,bounded event evidence and corrected compensation metadata,"[""WCM-5f4fe82251c3d7afeaffd945""]"
TAG-36be2f40277b92d61764ef93,ROOTCOMP-34b63cf9d2f0e7e7cbc33f5b,institutional_channel,none_identified,bounded event evidence and corrected compensation metadata,"[""WCM-a8f2fedb1f8363fafee43c7a""]"
TAG-87aa80aba4af8bb5b2864319,ROOTCOMP-62368bbd6f3c28867c7ae1b5,institutional_channel,none_identified,bounded event evidence and corrected compensation metadata,"[""WCM-012b90c2f77fc104786ad61b"",""WCM-3589ebe9412e4503fd295141"",""WCM-6dd190581ba4d28b3bffa098""]"
TAG-c19af502541dd39183231bc9,ROOTCOMP-9c55debb1ff7cbc77ad6d99f,institutional_channel,none_identified,bounded event evidence and corrected compensation metadata,"[""WCM-e8455b47dc516b780ef36333""]"
TAG-beb043a4555bff2613ec91e9,ROOTCOMP-27bf1de291068e7e9e337f4e,institutional_channel,budget_pay_plan_process,bounded event evidence and corrected compensation metadata,"[""WCM-c279a30cf4494ffbf6d74a84""]"
TAG-67c5146cf3355ed5a900d3b4,ROOTCOMP-27bf1de291068e7e9e337f4e,institutional_channel,ordinance_council_adoption,bounded event evidence and corrected compensation metadata,"[""WCM-c279a30cf4494ffbf6d74a84""]"
TAG-addd02962cceb370f7ee3b58,ROOTCOMP-27bf1de291068e7e9e337f4e,institutional_channel,settlement_or_mou,bounded event evidence and corrected compensation metadata,"[""WCM-c279a30cf4494ffbf6d74a84""]"
TAG-7e8c54786bdf24f74a44ce31,ROOTCOMP-c026d75d766f118879668f3b,institutional_channel,none_identified,bounded event evidence and corrected compensation metadata,"[""WCM-348753270425aaeda2e62910"",""WCM-5071f446dd1f2585f2cd8342""]"
TAG-c4d4a44d057573dc0c18df7e,ROOTCOMP-ea8ba4e2e59960aee0922456,institutional_channel,none_identified,bounded event evidence and corrected compensation metadata,"[""WCM-f594f26099bf85db091120ff""]"
TAG-d7af9399d9c2d75c66360eb6,ROOTCOMP-c5b42a5c39ae9e90990871d3,institutional_channel,budget_pay_plan_process,bounded event evidence and corrected compensation metadata,"[""WCM-b986d64a552281c84819e3f4""]"
TAG-7cee559ee0c52107228f8337,ROOTCOMP-c5b42a5c39ae9e90990871d3,institutional_channel,ordinance_council_adoption,bounded event evidence and corrected compensation metadata,"[""WCM-b986d64a552281c84819e3f4""]"
TAG-3dac33f8488ba001a57b5ef4,ROOTCOMP-c5b42a5c39ae9e90990871d3,institutional_channel,settlement_or_mou,bounded event evidence and corrected compensation metadata,"[""WCM-b986d64a552281c84819e3f4""]"
TAG-5ada3e89da4b49554d0017a3,ROOTCOMP-923230ef79015ad4d5c9d658,institutional_channel,none_identified,bounded event evidence and corrected compensation metadata,"[""WCM-3441ef74b17127cdb29602fc"",""WCM-7a7f05b2e8a019f3f2e1d8b0""]"
TAG-740655456b6b9531abbb70ae,ROOTCOMP-ef85d4bffec8c83b9bd135c8,institutional_channel,none_identified,bounded event evidence and corrected compensation metadata,"[""WCM-86855ffe985e655759a6111b""]"
TAG-ee3c7e3b610fcfe368441a01,ROOTCOMP-abe43fdd0f025e1611dfd5f1,institutional_channel,budget_pay_plan_process,bounded event evidence and corrected compensation metadata,"[""WCM-a13f9007f69d158a6e8acced"",""WCM-c039b8b35399d62d7044ebc9"",""WCM-febb77d138ce627c2809c1f5""]"
TAG-df94a0b7f95fd1ccb290aff9,ROOTCOMP-abe43fdd0f025e1611dfd5f1,institutional_channel,ordinance_council_adoption,bounded event evidence and corrected compensation metadata,"[""WCM-a13f9007f69d158a6e8acced"",""WCM-c039b8b35399d62d7044ebc9"",""WCM-febb77d138ce627c2809c1f5""]"
TAG-52c9fd358f3f4a682a3be0f3,ROOTCOMP-1dfcef36eb965649f183d551,institutional_channel,budget_pay_plan_process,bounded event evidence and corrected compensation metadata,"[""WCM-a8cd777422be172ce4e92eaf""]"
TAG-c746634ace9ef966b59e8513,ROOTCOMP-d72d6096e3443db49b91ace8,institutional_channel,none_identified,bounded event evidence and corrected compensation metadata,"[""WCM-28632753d9ea3a637a3a7a4d"",""WCM-7ac2ff1a201cc2c19a9095d9""]"
TAG-f8ca536ab78fe9e508f4e8ee,ROOTCOMP-a3fcab40d6c49cc5efd79fb1,institutional_channel,none_identified,bounded event evidence and corrected compensation metadata,"[""WCM-10b9e7dc64ec3b15523a1ec6""]"
TAG-6aa6d85a4cd85125242c2360,ROOTCOMP-0337d5a9d9662d6f00f281c0,institutional_channel,none_identified,bounded event evidence and corrected compensation metadata,"[""WCM-129cd25fce67d832bcd19b1d"",""WCM-991c6948a3e6173a50084ea2""]"
TAG-8c88cc6fbc87a54daa25f57e,ROOTCOMP-76bc818b77d1c9004c915769,institutional_channel,none_identified,bounded event evidence and corrected compensation metadata,"[""WCM-3ede65f594997d2bd0430a70""]"
TAG-1de988d4e6fbc7bba71e1e59,ROOTCOMP-233a1c74612380d9d346fa47,institutional_channel,budget_pay_plan_process,bounded event evidence and corrected compensation metadata,"[""WCM-23916bd5e7834a3e84121a79"",""WCM-a2270f9070155dacc0c966e9""]"
TAG-cb77984cc283661b883dd0b2,ROOTCOMP-402009042ce8ccac227cdf46,institutional_channel,none_identified,bounded event evidence and corrected compensation metadata,"[""WCM-3766accec7785d295d172911"",""WCM-4e0cdec252114691414effa7""]"
TAG-c4fe87c159f5301421a46e37,ROOTCOMP-93139a03bd3f9007fa79e340,institutional_channel,budget_pay_plan_process,bounded event evidence and corrected compensation metadata,"[""WCM-8a69b000ff7fdb71adde62ce"",""WCM-9552bee71627dfaea5ef959f"",""WCM-b01b3ec2242a2bfb587851fb""]"
TAG-f40d33dffba225fed6afc631,ROOTCOMP-2eb0af79926f4704e1dfe7ad,institutional_channel,budget_pay_plan_process,bounded event evidence and corrected compensation metadata,"[""WCM-469c1fcff20ab9da6f61fd20""]"
TAG-7752e5ab671b79e07996c7c8,ROOTCOMP-3be17447b5d6855f80330df7,institutional_channel,none_identified,bounded event evidence and corrected compensation metadata,"[""WCM-1cd396501e083695f58a77a4""]"
TAG-96679d0e2731155a866d9fe6,ROOTCOMP-35efb7ca07c5e56cdaf08895,institutional_channel,settlement_or_mou,bounded event evidence and corrected compensation metadata,"[""WCM-5903901e3c977f813c988881""]"
TAG-9552a06a6025b72d3bb92813,ROOTCOMP-0e83cc2673ea9a6aab944d35,institutional_channel,none_identified,bounded event evidence and corrected compensation metadata,"[""WCM-c3d208d6c7e7437255e31dee""]"
TAG-8655e510a56dca944b2112ba,ROOTCOMP-6a236cdd7d87b03259a171fd,institutional_channel,none_identified,bounded event evidence and corrected compensation metadata,"[""WCM-417a5526fe3eb1857637c28d""]"
TAG-4042cec2af496ef92496f1ff,ROOTCOMP-0c800400d5952e0b97db58e7,institutional_channel,ordinance_council_adoption,bounded event evidence and corrected compensation metadata,"[""WCM-3b45b22581003c1f85f91676""]"
TAG-d3bdf53788a39482c353f1b5,ROOTCOMP-1797574e11d9e4ae4d748cf0,institutional_channel,none_identified,bounded event evidence and corrected compensation metadata,"[""WCM-3442e9d399449e587e56218b"",""WCM-53f7a8e50c3a87bb0e31e384"",""WCM-9dcf47ba77bd86c85f4133ec"",""WCM-c8c096578122fdcf7889f60f"",""WCM-d9aa30ee70e694b31c06d959"",""WCM-dcba98ac565ce36a14c1ab75""]"
TAG-3fe715e7cbe17a9aba15629b,ROOTCOMP-4d470eb764026bb34106d20e,institutional_channel,none_identified,bounded event evidence and corrected compensation metadata,"[""WCM-57ac41752fe9f3716e740334"",""WCM-8b8d6a2d0acf7396ba2f8f67"",""WCM-97bb337161407b461c0599c1"",""WCM-f05e693f15600e4ac6d56871""]"
TAG-0eb43475aea7272fb42fed79,ROOTCOMP-ecaace569e402b392df7f702,institutional_channel,none_identified,bounded event evidence and corrected compensation metadata,"[""WCM-2cda58f66e7614e16744ba87"",""WCM-de6cf614361b794b141fc7e6""]"
TAG-730bec92f4a7aa260004f4f1,ROOTCOMP-2ecbcfba8c0fac4d35ed5c8b,institutional_channel,ordinance_council_adoption,bounded event evidence and corrected compensation metadata,"[""WCM-c0fc0c3f41b15fbd97c39c61"",""WCM-d0f11726d086c47a61dea1f8""]"
TAG-84e837b08c492e33ec1e676e,ROOTCOMP-2b1d1fec5dd00e8dab40b4c0,institutional_channel,ordinance_council_adoption,bounded event evidence and corrected compensation metadata,"[""WCM-4ad07792806c39bc71d4fbbd""]"
TAG-4f2c0de0e9adaa7c33c6b8ee,ROOTCOMP-240490050632045a7603ac25,institutional_channel,none_identified,bounded event evidence and corrected compensation metadata,"[""WCM-9b4841860194c657305f28f9""]"
TAG-67ae28365427840bd1b39215,ROOTCOMP-e188221991b1c5af03595dd3,institutional_channel,none_identified,bounded event evidence and corrected compensation metadata,"[""WCM-08788d850fdd0b56fecbb856""]"
TAG-ea17294eb7b740b093196691,ROOTCOMP-c820040d2b239c6a1c6f9f51,institutional_channel,ordinance_council_adoption,bounded event evidence and corrected compensation metadata,"[""WCM-b55468ab43209defabf447d6""]"
TAG-be98f4e00e8fa4356c1500f8,ROOTCOMP-c820040d2b239c6a1c6f9f51,institutional_channel,settlement_or_mou,bounded event evidence and corrected compensation metadata,"[""WCM-b55468ab43209defabf447d6""]"
TAG-e6862905fc9f995a37fdb39b,ROOTCOMP-503757429b281c6596866807,institutional_channel,none_identified,bounded event evidence and corrected compensation metadata,"[""WCM-2bf8bcdcab5507795e45ac88""]"
TAG-51a74ab1794eeb452dc48411,ROOTCOMP-eaab25e589d54c103c249a65,institutional_channel,none_identified,bounded event evidence and corrected compensation metadata,"[""WCM-b0e79aaaba51ac57bfb61179"",""WCM-ca9fc1426b2fa2b2cdd78b12""]"
TAG-bd89c4961089715c576dfe47,ROOTCOMP-6c516cc061e4eb9307d520e6,institutional_channel,settlement_or_mou,bounded event evidence and corrected compensation metadata,"[""WCM-4f1396977cb2aa5fe87cfbda"",""WCM-5e9609d05fc76ecdb634a96b"",""WCM-bd28faf7da51abb88ff49e86""]"
TAG-0c0b4fa3967696f912ed115c,ROOTCOMP-34b34cc54e6a11078ce18c6d,institutional_channel,ordinance_council_adoption,bounded event evidence and corrected compensation metadata,"[""WCM-2e40c8cb9a5bd336a5751b79""]"
TAG-202653a5ed8af5d397ec4f7a,ROOTCOMP-bd911ab935ef88ea642e9d62,institutional_channel,none_identified,bounded event evidence and corrected compensation metadata,"[""WCM-887468984ba389bf8daa3c93""]"
TAG-8fa26b529ee9649222f451a8,ROOTCOMP-55de9ea52b7dc00cbd3c31f9,institutional_channel,none_identified,bounded event evidence and corrected compensation metadata,"[""WCM-07e010168b69f7c86d934164""]"
TAG-c94575eef49310a9c6fb9b0c,ROOTCOMP-a8b370d46d7c3af866e3bc11,institutional_channel,none_identified,bounded event evidence and corrected compensation metadata,"[""WCM-9aee5a4c61b515e662ce89a2""]"
TAG-f499a560256484c1d83adc24,ROOTCOMP-2614c61b8abe7ed2feee2595,institutional_channel,none_identified,bounded event evidence and corrected compensation metadata,"[""WCM-f86a454c0843f73af5b15911""]"
TAG-30e4edb08d8828bfb95441b6,ROOTCOMP-6b9cfe346fefd962cc88a7b4,institutional_channel,none_identified,bounded event evidence and corrected compensation metadata,"[""WCM-2310522b2dbc72ce46001da8""]"
TAG-9ba3fcfafae8e1662d8f2689,ROOTCOMP-9763cc329f025b1633662ae3,institutional_channel,budget_pay_plan_process,bounded event evidence and corrected compensation metadata,"[""WCM-421f98ee26dfed1fc0992a79""]"
TAG-0e5639cb169386fe65a85753,ROOTCOMP-054af886499a30b2d14ecd8d,institutional_channel,budget_pay_plan_process,bounded event evidence and corrected compensation metadata,"[""WCM-b721a6ac7048418bc87123fb""]"
TAG-e24e3c966163019c740f821c,ROOTCOMP-3713e42dd56c31798529edff,institutional_channel,none_identified,bounded event evidence and corrected compensation metadata,"[""WCM-26a9f012de3cdaced4b74116"",""WCM-aa11ee0567d90c9f9a9d74e4"",""WCM-b49fe29e45fc2e74c785f761""]"
TAG-afa7e2c675f8efe92a38888c,ROOTCOMP-c3a1a7a13c232b0a467d314c,institutional_channel,none_identified,bounded event evidence and corrected compensation metadata,"[""WCM-76b1a4a8bef5181e00b76abf"",""WCM-fc4b690e7bb8e47b19be2d35""]"
TAG-a9fe531a34045e928408ddf2,ROOTCOMP-03218c68e44b952cc934d3cc,institutional_channel,none_identified,bounded event evidence and corrected compensation metadata,"[""WCM-5fd3e434dba1294d69cc89cb""]"
TAG-70a43df8fd8d2f18183b625c,ROOTCOMP-f6c5b1f38d66614cb979f5ea,institutional_channel,none_identified,bounded event evidence and corrected compensation metadata,"[""WCM-fa1dbd9d2a4eff88bf2891dc""]"
TAG-90aa25b66b9bd337909f1e1d,ROOTCOMP-27351eee24c32dc3ea6053e9,institutional_channel,none_identified,bounded event evidence and corrected compensation metadata,"[""WCM-832c90b2d431ed6c39c3556e""]"
TAG-91989e4c353a39aced1e04d1,ROOTCOMP-30b19a7849b7afd0c3619742,institutional_channel,ordinance_council_adoption,bounded event evidence and corrected compensation metadata,"[""WCM-d187357cd0c7512d2e3e43b4""]"
TAG-f264aa2fc4bc31717f5bb581,ROOTCOMP-ae02656e68f7b4755554b89d,institutional_channel,budget_pay_plan_process,bounded event evidence and corrected compensation metadata,"[""WCM-212def093bb562e237e9da56"",""WCM-f789df07e6599637fc2ac614""]"
TAG-f97e240a91f8d679654f361e,ROOTCOMP-ae02656e68f7b4755554b89d,institutional_channel,settlement_or_mou,bounded event evidence and corrected compensation metadata,"[""WCM-212def093bb562e237e9da56"",""WCM-f789df07e6599637fc2ac614""]"
TAG-3e0f3050772d7e5a88cda53e,ROOTCOMP-bee1776ff979360ed40b5668,institutional_channel,budget_pay_plan_process,bounded event evidence and corrected compensation metadata,"[""WCM-38934d07a723ced25306a917""]"
TAG-c5266f80ab9148646beb30fd,ROOTCOMP-bee1776ff979360ed40b5668,institutional_channel,settlement_or_mou,bounded event evidence and corrected compensation metadata,"[""WCM-38934d07a723ced25306a917""]"
TAG-45a99bfe4d718eeaa54d9264,ROOTCOMP-2f8a3abba008c932a19ae32d,institutional_channel,budget_pay_plan_process,bounded event evidence and corrected compensation metadata,"[""WCM-5d96947a5f6143ddd7c1c291"",""WCM-696389390411082e61da9b7c"",""WCM-e53bb0288ea3f0b36d8dd192""]"
TAG-a55ff8350f0ce3e4b6033502,ROOTCOMP-db9a9f759848184255f7b69c,institutional_channel,budget_pay_plan_process,bounded event evidence and corrected compensation metadata,"[""WCM-05ab25ece2b348070b4469e7""]"
TAG-9f9ebcea60810027fcb1f02c,ROOTCOMP-462819c544603c8d808a9a01,institutional_channel,none_identified,bounded event evidence and corrected compensation metadata,"[""WCM-02a19fbf70264e967096ebf0"",""WCM-e07052ea8853b7583530a2af""]"
TAG-65229f095edb0cc531ae217d,ROOTCOMP-c89d1faaf158c15445286309,institutional_channel,budget_pay_plan_process,bounded event evidence and corrected compensation metadata,"[""WCM-1d7829d996750449a1ef1c0d"",""WCM-4debe3baf27924e0db55378c"",""WCM-b1b2263c294fee494422a4ac"",""WCM-b2411acb39bbe1fb4f086989"",""WCM-fc82bcfe3eeb8abde61f9581""]"
TAG-6e279d5b749d17e61ddd16bb,ROOTCOMP-f35297ef3064469fab55264c,institutional_channel,budget_pay_plan_process,bounded event evidence and corrected compensation metadata,"[""WCM-a0f343b88ad2cfca20cca562""]"
TAG-dae9b3267f49a278445b4848,ROOTCOMP-f35297ef3064469fab55264c,institutional_channel,ordinance_council_adoption,bounded event evidence and corrected compensation metadata,"[""WCM-a0f343b88ad2cfca20cca562""]"
TAG-691a0aaba60cca5b759b53cc,ROOTCOMP-a087942288708fa5312146a3,institutional_channel,budget_pay_plan_process,bounded event evidence and corrected compensation metadata,"[""WCM-e446b1f482f0add2657832b2""]"
TAG-e8f786fd82b99836e736b52c,ROOTCOMP-a087942288708fa5312146a3,institutional_channel,ordinance_council_adoption,bounded event evidence and corrected compensation metadata,"[""WCM-e446b1f482f0add2657832b2""]"
TAG-8467d2a0849a6ec9e09532f8,ROOTCOMP-a0953d845958fc0220a8a9a1,institutional_channel,none_identified,bounded event evidence and corrected compensation metadata,"[""WCM-6dce355a33b493622ac88990""]"
TAG-52b6571b2d31613e128aa375,ROOTCOMP-6a3abe41dad84b846351e076,institutional_channel,budget_pay_plan_process,bounded event evidence and corrected compensation metadata,"[""WCM-cb6ca356093134ded50fa096""]"
TAG-647bb4d429c92ef44e3f76a4,ROOTCOMP-6a3abe41dad84b846351e076,institutional_channel,ordinance_council_adoption,bounded event evidence and corrected compensation metadata,"[""WCM-cb6ca356093134ded50fa096""]"
TAG-bc1a951b5cdb34c95ec8285e,ROOTCOMP-7e6c7f60898a8baa99529b75,institutional_channel,none_identified,bounded event evidence and corrected compensation metadata,"[""WCM-d37269a9a1f3a6db831220a3""]"
TAG-eaea4c1a5c78214b07f9f23f,ROOTCOMP-a6f445010b9ebec3558283c7,institutional_channel,none_identified,bounded event evidence and corrected compensation metadata,"[""WCM-8ea8f3595eab3b8c942bd4de""]"
TAG-38d83854dbfe714c9b1278fe,ROOTCOMP-8c28f9e4341d5bed0ab52f5d,institutional_channel,none_identified,bounded event evidence and corrected compensation metadata,"[""WCM-c60169325dffd97d9eb7faab""]"
TAG-37472f074fb150f22bd90bfc,ROOTCOMP-7bb50cb189e0022db5724773,institutional_channel,none_identified,bounded event evidence and corrected compensation metadata,"[""WCM-082665a9571e068dcc747a41""]"
TAG-60f6b03b4084c9f3cc10ee8a,ROOTCOMP-bdecf5f4cf80492687becfd9,institutional_channel,none_identified,bounded event evidence and corrected compensation metadata,"[""WCM-459c7a1a67ef767687335471""]"
TAG-0175cee0a9df7772e6480239,ROOTCOMP-3502f209a5468437262fe063,institutional_channel,none_identified,bounded event evidence and corrected compensation metadata,"[""WCM-10a50684058a235224aeaca6"",""WCM-17bd07d24771b6b086801ca8""]"
TAG-abb00a182944666962e72763,ROOTCOMP-742f6e9dd5bf3217d7fba23e,institutional_channel,none_identified,bounded event evidence and corrected compensation metadata,"[""WCM-a5711e33664fc2065418cf51"",""WCM-a7e1d64ad426a3cff3d13189""]"
TAG-0ed6bb0ceccc4fc63f8de6d8,ROOTCOMP-cc799c2530e2cac022e6f3a5,institutional_channel,none_identified,bounded event evidence and corrected compensation metadata,"[""WCM-7471f3ad1e45ba486d5f4e1c""]"
TAG-d49f974da352bc599b55c81a,ROOTCOMP-145414d1ef4591e2fed1f4ba,institutional_channel,none_identified,bounded event evidence and corrected compensation metadata,"[""WCM-29637f735af5a7fff8c4b076""]"
TAG-c8f14021ad00dc7c1a1b44b0,ROOTCOMP-edda4c80caf9340c2b06e355,institutional_channel,none_identified,bounded event evidence and corrected compensation metadata,"[""WCM-6c80f3b5ba90386292a40944""]"
TAG-6ac8b28fe725e467e403aeb0,ROOTCOMP-41a265714b51992b95bf5110,institutional_channel,none_identified,bounded event evidence and corrected compensation metadata,"[""WCM-722bf72686d5ac94a8f72b60""]"
TAG-6ecf624adc9dabccf97b38db,ROOTCOMP-111976d1f402059929c39767,institutional_channel,none_identified,bounded event evidence and corrected compensation metadata,"[""WCM-7ccbbdc1c6051643b6833458""]"
TAG-3ba0bc090637f8b91a83da8a,ROOTCOMP-9144989c04cbf1ebc8a80ec3,institutional_channel,none_identified,bounded event evidence and corrected compensation metadata,"[""WCM-249bac34e417feaf49acb9c4""]"
TAG-3df49f29663542bad2d874d1,ROOTCOMP-f2d2711e3338a97081618234,institutional_channel,none_identified,bounded event evidence and corrected compensation metadata,"[""WCM-c9829ab02c843d7fe9886d9f""]"
TAG-d2bfc23ee21b364d44fccbe1,ROOTCOMP-950a0c52401071ccba524120,institutional_channel,none_identified,bounded event evidence and corrected compensation metadata,"[""WCM-0262a222de7554f8ba5c4ef7"",""WCM-0b8001c5cc37e69e1649c704"",""WCM-ccbafbdd150ea8b2f7011814""]"
TAG-97fed6d06be8a551fa3dfbd1,ROOTCOMP-4333bcfd442d035e602cbeee,institutional_channel,none_identified,bounded event evidence and corrected compensation metadata,"[""WCM-4a2172c5fde52b390da292bf""]"
TAG-15682c28af4e34c495192ff8,ROOTCOMP-e773a00880e38574b6e73e8f,institutional_channel,none_identified,bounded event evidence and corrected compensation metadata,"[""WCM-31a364fda2748c2f8aa4e00e""]"
TAG-fb7c728ec7d00fbede804e9f,ROOTCOMP-b71323d84d46071ada40adea,institutional_channel,none_identified,bounded event evidence and corrected compensation metadata,"[""WCM-cea0f5ff409ee36d6bd6c716""]"
TAG-2906f776356425108fae390c,ROOTCOMP-c6a322d3e4fb284ee7ad4688,institutional_channel,none_identified,bounded event evidence and corrected compensation metadata,"[""WCM-4b3f353b6fcb50a992c2f13a""]"
TAG-e43e428bfcb2c3a660f9ab86,ROOTCOMP-d0f701789ab6c2b696b2b391,institutional_channel,none_identified,bounded event evidence and corrected compensation metadata,"[""WCM-b410bce0c42e3447ea6cde16""]"
TAG-d8df6cb93e83939bd19f4444,ROOTCOMP-a713671b84be8341e0705c7c,institutional_channel,none_identified,bounded event evidence and corrected compensation metadata,"[""WCM-b5e26717790815673a7eea46""]"
TAG-fde1d1fdfc519996d2f375a3,ROOTCOMP-0a25fb5b820bc7e824e60360,institutional_channel,none_identified,bounded event evidence and corrected compensation metadata,"[""WCM-d25ed08c4ebe512f45e06b47""]"
TAG-260fe28813808c333175603d,ROOTCOMP-db60fe6823c163079be9f49a,institutional_channel,budget_pay_plan_process,bounded event evidence and corrected compensation metadata,"[""WCM-55a4debd4591260c8801bfab""]"
TAG-fddac7dd9158fbdd91b2a459,ROOTCOMP-0b5de40260bb8ed5991b1a5a,institutional_channel,none_identified,bounded event evidence and corrected compensation metadata,"[""WCM-8f4b5969118a00552794c8ef"",""WCM-9aec38fa7c48684e0264de4b""]"
TAG-ba83b8aa3ebd860292ad44ec,ROOTCOMP-cfaddeb5a1918b4d40767286,institutional_channel,ordinance_council_adoption,bounded event evidence and corrected compensation metadata,"[""WCM-7890e04b64c5cc8c8c90e202""]"
TAG-0cce2b6e05d235e5ccab46c3,ROOTCOMP-05cc5563b09ae22157ce9b21,institutional_channel,none_identified,bounded event evidence and corrected compensation metadata,"[""WCM-33cd6d682c0919facf406d10"",""WCM-bbe1923ea0712d95cdd2a6e2""]"
TAG-a4ec6c01e1dd0ecc8b6615eb,ROOTCOMP-3cef2e2e260091dd8a0997c8,institutional_channel,ordinance_council_adoption,bounded event evidence and corrected compensation metadata,"[""WCM-ba87e1759c431a3bdc6806dc"",""WCM-c66e16a7e184029e9c0c9f37"",""WCM-d0751edb0c39d4d45461f029""]"
TAG-d89488615f8a124fa9d00149,ROOTCOMP-9f9cb0e5f8e81c144cc67894,institutional_channel,budget_pay_plan_process,bounded event evidence and corrected compensation metadata,"[""WCM-f6082bff377e59ac329ee52e""]"
TAG-8ec095c8581c6d5e0b10e913,ROOTCOMP-77c4efa80ef64b2f75f1528f,institutional_channel,budget_pay_plan_process,bounded event evidence and corrected compensation metadata,"[""WCM-ed1f1dab54c00f8c48d23e61""]"
TAG-c5194fc7c17a9ca36b761c7f,ROOTCOMP-77c4efa80ef64b2f75f1528f,institutional_channel,ordinance_council_adoption,bounded event evidence and corrected compensation metadata,"[""WCM-ed1f1dab54c00f8c48d23e61""]"
TAG-78c67ea1bba8d146eb2764e9,ROOTCOMP-f8ea9867438c54d1f034b986,institutional_channel,none_identified,bounded event evidence and corrected compensation metadata,"[""WCM-089bd050d3d589fa6ed0dd05"",""WCM-22baf3998eefc67452824886"",""WCM-a0aae2f5207ddd2f254c3c83""]"
TAG-1275a53d73fe5f371ce93a41,ROOTCOMP-66e3ceef1eef7b1ef4534f6d,institutional_channel,budget_pay_plan_process,bounded event evidence and corrected compensation metadata,"[""WCM-a809b7dd884d565b5a0f944f"",""WCM-b27306b457f8f58d86b0e0bb""]"
TAG-c88adda638526c34a79bb01a,ROOTCOMP-12baaa32e379da2b03d89650,institutional_channel,ordinance_council_adoption,bounded event evidence and corrected compensation metadata,"[""WCM-9ac326cc43684b97c94b2884""]"
TAG-7fc93553c8cb81a5a4ff6f11,ROOTCOMP-92c9eb3d55271f4d39c343b7,institutional_channel,none_identified,bounded event evidence and corrected compensation metadata,"[""WCM-aa0fd33f54f1a939d013fde2"",""WCM-f3be7f803a75f0f3f6f65bd1""]"
TAG-ff8e0256c9bd3f5b4c51d846,ROOTCOMP-6f1322b9ef3bbdc92b6e1c11,institutional_channel,none_identified,bounded event evidence and corrected compensation metadata,"[""WCM-884d67c986709ae9f0e14ac9""]"
TAG-834a8768630687724818cc52,ROOTCOMP-b86b7617359f5c43776a525a,institutional_channel,none_identified,bounded event evidence and corrected compensation metadata,"[""WCM-3452c0725a59aeea3c5da50b""]"
TAG-fea3e8a4f1c312b799c1c4b8,ROOTCOMP-e0938bad1ebc692125010ba9,institutional_channel,none_identified,bounded event evidence and corrected compensation metadata,"[""WCM-07a45c0a5419603743449844""]"
TAG-560230874af69221d3149935,ROOTCOMP-7e350973d70ff4ec47073d48,institutional_channel,none_identified,bounded event evidence and corrected compensation metadata,"[""WCM-b2a15560cd6764fe3dc59ad2""]"
TAG-916f09980fe22ec9c368c6d9,ROOTCOMP-9f9cb5c5e573215b035c236f,institutional_channel,none_identified,bounded event evidence and corrected compensation metadata,"[""WCM-3c7a95f886d318e3a4b24797""]"
TAG-604e8dcb0df0bfdbbb148fe5,ROOTCOMP-2139f0d2fc6957f934d10249,institutional_channel,none_identified,bounded event evidence and corrected compensation metadata,"[""WCM-67292dfdaa29ee1587602dcf"",""WCM-e4ab7b574c8aec5c28135701""]"
TAG-61529a523351bd68b827b7ca,ROOTCOMP-16c3e8fac3aae4475e8a4cc7,institutional_channel,none_identified,bounded event evidence and corrected compensation metadata,"[""WCM-dadefc9a624450fe658be330""]"
TAG-d5d0be032ab48a86c950a1f8,ROOTCOMP-71f6d197f8a6a0a1c0d4796b,institutional_channel,none_identified,bounded event evidence and corrected compensation metadata,"[""WCM-64622d4da7e3809ecb2d085c"",""WCM-ec5fe9fd97004992f669d31b""]"
TAG-a3b078ef60649703f202757d,ROOTCOMP-ea167e0163cfe411349b8b96,institutional_channel,none_identified,bounded event evidence and corrected compensation metadata,"[""WCM-366ecd2a1bf58db3186e7727""]"
TAG-12309ec019955c4819cb9e22,ROOTCOMP-413a54ef997183a0d197fad6,institutional_channel,budget_pay_plan_process,bounded event evidence and corrected compensation metadata,"[""WCM-028bab22dc52f3201e1d9abe"",""WCM-33c791b2c2ecffd43e01af18"",""WCM-ccb807ff3630aceac6d01519""]"
TAG-ab6095669196f5de0974281b,ROOTCOMP-5d35b343a93eb48c3e3a19a8,institutional_channel,budget_pay_plan_process,bounded event evidence and corrected compensation metadata,"[""WCM-2bdbe0065c294334228cf42a""]"
TAG-50012bbb418efa707424b2c8,ROOTCOMP-27533c39bd95bae856099b7e,institutional_channel,none_identified,bounded event evidence and corrected compensation metadata,"[""WCM-70e7bcdbd68233642cfe0540""]"
TAG-6170afecc33d2bacc81e53b1,ROOTCOMP-6ee74487ccac0854f06451de,institutional_channel,none_identified,bounded event evidence and corrected compensation metadata,"[""WCM-5be37ecaf0bd2aee8489e238""]"
TAG-42a7e3af49355f2cda7c5b33,ROOTCOMP-777a348f4c0f9062b07e4873,institutional_channel,budget_pay_plan_process,bounded event evidence and corrected compensation metadata,"[""WCM-e933d3bf3606f7c5eb3b76e9""]"
TAG-a021d7f13bcae8515c1c7d29,ROOTCOMP-777a348f4c0f9062b07e4873,institutional_channel,ordinance_council_adoption,bounded event evidence and corrected compensation metadata,"[""WCM-e933d3bf3606f7c5eb3b76e9""]"
TAG-170676f42e157979c118fbbb,ROOTCOMP-5ad4fd192685f64d48a26036,institutional_channel,budget_pay_plan_process,bounded event evidence and corrected compensation metadata,"[""WCM-c8b53f35970b60659dabdd68""]"
TAG-5337904644aa0b244085163a,ROOTCOMP-5ad4fd192685f64d48a26036,institutional_channel,ordinance_council_adoption,bounded event evidence and corrected compensation metadata,"[""WCM-c8b53f35970b60659dabdd68""]"
TAG-6bba7a4d3c6fb4fc1e91c3a8,ROOTCOMP-5ada25e1df1f0c2fc725392e,institutional_channel,none_identified,bounded event evidence and corrected compensation metadata,"[""WCM-f02f678018b36ff2c15d996d""]"
TAG-9ebbb00ee7da86329bfed550,ROOTCOMP-db424b44ef7152cf86f87dc7,institutional_channel,none_identified,bounded event evidence and corrected compensation metadata,"[""WCM-3ac0e98b143189acfb9ff6c1"",""WCM-72aa015bb66577297267940b"",""WCM-79e84850d77fe640573b1eb1"",""WCM-a539f01fd8543d9e41af9e92""]"
TAG-74af3ea6f409bb504b078ffd,ROOTCOMP-898fdf994d0037ec0d93a1f7,institutional_channel,none_identified,bounded event evidence and corrected compensation metadata,"[""WCM-5e6b814b38ab89ddaf1c0dc3"",""WCM-be54a525e966dfa4105a9f4e""]"
TAG-fd2f60d3c56f47180c60e114,ROOTCOMP-66f014267cb25be7bfb568c7,institutional_channel,none_identified,bounded event evidence and corrected compensation metadata,"[""WCM-5c3e927ae89127a1f8f95537"",""WCM-a197455bab45c7fa145e26ea""]"
TAG-b23d4293a4a4e0579f90053f,ROOTCOMP-0451afd7e48b009dbf9d1c0d,institutional_channel,none_identified,bounded event evidence and corrected compensation metadata,"[""WCM-6ce4613ca4d82910a813117c""]"
TAG-a8f512d6a70499670d2230c4,ROOTCOMP-e96d70febbb87af797287be8,institutional_channel,none_identified,bounded event evidence and corrected compensation metadata,"[""WCM-848934139c4b539f86f66033""]"
TAG-62e314f7089dfd6c9291f4c8,ROOTCOMP-96a83e4412a35eba4f7b3e8d,institutional_channel,none_identified,bounded event evidence and corrected compensation metadata,"[""WCM-2c1d3fed14406ec4c0319882""]"
TAG-a1b5f936677c52df676a042b,ROOTCOMP-7b34627c14e1ae2b975c6e18,institutional_channel,budget_pay_plan_process,bounded event evidence and corrected compensation metadata,"[""WCM-0944f6aa2f296c7772735f63""]"
TAG-62dad0e2986437ca3d825a77,ROOTCOMP-7b34627c14e1ae2b975c6e18,institutional_channel,ordinance_council_adoption,bounded event evidence and corrected compensation metadata,"[""WCM-0944f6aa2f296c7772735f63""]"
TAG-fd24e9842a7b585d881b38d6,ROOTCOMP-ff7d49fa8e922f0d90d52766,institutional_channel,none_identified,bounded event evidence and corrected compensation metadata,"[""WCM-51a2b394fa50530ad6eb99bf"",""WCM-a027b96c140611a0fed7edfc""]"
TAG-36ddffcdcdba04c81b4adc70,ROOTCOMP-fec4a5b39c977d47468ca3f5,institutional_channel,budget_pay_plan_process,bounded event evidence and corrected compensation metadata,"[""WCM-3c3fde57ee052126c4b4d639"",""WCM-3f5ffbd5ea49585fcfb54dd6"",""WCM-e37be7584f70ea5d2d22dd70""]"
TAG-6ff0396f2ff40c5c8bfe966d,ROOTCOMP-2c1e07ff504246415d981b37,institutional_channel,none_identified,bounded event evidence and corrected compensation metadata,"[""WCM-9a3e6207d781755a4c3b0076""]"
TAG-8653d04bcbe8dc44b30f6bf7,ROOTCOMP-75d92e0424fd86cdd4fdaba8,institutional_channel,none_identified,bounded event evidence and corrected compensation metadata,"[""WCM-361c93d99723c9fc8323fe25"",""WCM-ff171696d63c9cbeca3b3f9f""]"
TAG-f123a74efd39e790e5f9ea45,ROOTCOMP-b5ab04dc44322a9c4c42b9f9,institutional_channel,budget_pay_plan_process,bounded event evidence and corrected compensation metadata,"[""WCM-2cf90179cff527a66c557872"",""WCM-6d80ada2b0dfa1ead6103ae6"",""WCM-a62139f4f7ae4273451b8b31"",""WCM-c43c628a062add1d09677a55""]"
TAG-a5a38735bb6ea964f4e0ec8f,ROOTCOMP-317ba30a203dd585b9eac76c,institutional_channel,none_identified,bounded event evidence and corrected compensation metadata,"[""WCM-06bcadc12c622f0be2fecad0"",""WCM-9430facad08ca779b31c31f5""]"
TAG-ca8f5888dc3cd2d39fa3c567,ROOTCOMP-e5d9067e0ea7ac4b428cb432,institutional_channel,collective_bargaining,bounded event evidence and corrected compensation metadata,"[""WCM-16e9488896bc47ac182f8cc1""]"
TAG-7360ad43dad6b4232f270e7b,ROOTCOMP-e5d9067e0ea7ac4b428cb432,institutional_channel,ordinance_council_adoption,bounded event evidence and corrected compensation metadata,"[""WCM-16e9488896bc47ac182f8cc1""]"
TAG-1d0aeaf873b90b6e02de8050,ROOTCOMP-f35115037f0999d0959c234d,institutional_channel,none_identified,bounded event evidence and corrected compensation metadata,"[""WCM-1f6686d80f18511200e09108""]"
TAG-a3c05df3da46b99588498903,ROOTCOMP-99eaeab532550a03cec73b22,institutional_channel,budget_pay_plan_process,bounded event evidence and corrected compensation metadata,"[""WCM-fd22496da60f090d2372aae4""]"
TAG-9e210185f08c39d2e0445630,ROOTCOMP-99eaeab532550a03cec73b22,institutional_channel,ordinance_council_adoption,bounded event evidence and corrected compensation metadata,"[""WCM-fd22496da60f090d2372aae4""]"
TAG-09c145ba8304b04dee4b5475,ROOTCOMP-dabcb35099efd5e52c412502,institutional_channel,none_identified,bounded event evidence and corrected compensation metadata,"[""WCM-6979066ee331908a8b853ea6"",""WCM-a8c790f3aa69c0fb537d8651""]"
TAG-fc8131d650cd8f87017d171f,ROOTCOMP-e5bc283ddfaada50876d5df1,institutional_channel,budget_pay_plan_process,bounded event evidence and corrected compensation metadata,"[""WCM-878fb8714500c3128b5976fd""]"
TAG-b9c1288bb320024ce1c1a8e8,ROOTCOMP-e5bc283ddfaada50876d5df1,institutional_channel,ordinance_council_adoption,bounded event evidence and corrected compensation metadata,"[""WCM-878fb8714500c3128b5976fd""]"
TAG-4cbcdead501dc4300c5d9e91,ROOTCOMP-07d40aed510929dabb2f7b9f,institutional_channel,none_identified,bounded event evidence and corrected compensation metadata,"[""WCM-882e40d7aa52eab799c13f91"",""WCM-f866a4322aa34fad210a3e82""]"
TAG-ef48f649eda21e4c5c3bafed,ROOTCOMP-9ae946aefb435995c1e40d2c,institutional_channel,budget_pay_plan_process,bounded event evidence and corrected compensation metadata,"[""WCM-395ea166f0fa1b35257f64ba"",""WCM-cd4b513c8041d579ea69bfdc""]"
TAG-0c428b86423fb6760937be1d,ROOTCOMP-d29f44cbff95e4834f11b810,institutional_channel,none_identified,bounded event evidence and corrected compensation metadata,"[""WCM-cc80aa85cadba66bddf242d6""]"
TAG-968ed1260de4de85e97e7975,ROOTCOMP-423337609dcb3c5651a54489,institutional_channel,none_identified,bounded event evidence and corrected compensation metadata,"[""WCM-ca4270eac087dd85a1f3473c""]"
TAG-bb934ca132d0e22878ceb331,ROOTCOMP-7ce2ec5a0c74e31422b0e5c4,institutional_channel,budget_pay_plan_process,bounded event evidence and corrected compensation metadata,"[""WCM-9011ef9acc77cec46475949b"",""WCM-a615f24d364085631a66dca5""]"
TAG-dad4026267902381c9856b61,ROOTCOMP-a7a86adc9242faf349cf53eb,institutional_channel,none_identified,bounded event evidence and corrected compensation metadata,"[""WCM-8010db37f8239d641a1f231a""]"
TAG-8856d272c57b745faf496ea8,ROOTCOMP-5684074bd61715b763d976e9,institutional_channel,budget_pay_plan_process,bounded event evidence and corrected compensation metadata,"[""WCM-3937f27fae876c33a0479cf8""]"
TAG-df2f7161f809ba222b5f9525,ROOTCOMP-69ac40cf60182311a3d95f84,institutional_channel,none_identified,bounded event evidence and corrected compensation metadata,"[""WCM-4a37a955026ea9517afd51d8""]"
TAG-a7ce2f949cc327614645c6e5,ROOTCOMP-6ec7d2e0b8f8ad5b11bd3e7e,institutional_channel,none_identified,bounded event evidence and corrected compensation metadata,"[""WCM-f1ff857b0e1cbe899a36ee8c""]"
TAG-018681d9e19a00ea70fe0850,ROOTCOMP-98b1eda04e1a076a0e19bba4,institutional_channel,none_identified,bounded event evidence and corrected compensation metadata,"[""WCM-8bb60239f25c0c89089930da""]"
TAG-50e5558484a75c4c04f933d1,ROOTCOMP-0c247d0e5c30c847ed24d229,institutional_channel,none_identified,bounded event evidence and corrected compensation metadata,"[""WCM-4e8c5a0f5e915af29ec56826""]"
TAG-429e6d2d49451796f4b5a755,ROOTCOMP-2f417719478a9239179beef0,institutional_channel,none_identified,bounded event evidence and corrected compensation metadata,"[""WCM-f8c43ba852b4161858b750f0""]"
TAG-186ac624bb635e50a06ffc03,ROOTCOMP-8cb7d1c4133a9a9047326ea5,institutional_channel,none_identified,bounded event evidence and corrected compensation metadata,"[""WCM-00af52dae5da8344bde1d238"",""WCM-2d9881ac34d3756af5d0498a"",""WCM-6d6d4a677d7565d971916ead""]"
TAG-a31f61d595353661393d9de8,ROOTCOMP-f2d986e32408cded5f0f127a,institutional_channel,none_identified,bounded event evidence and corrected compensation metadata,"[""WCM-62ef9d698fe4ff2c2bca5089""]"
TAG-e06db65615967f68b77f0fca,ROOTCOMP-dc9dd1787a1d5bc22d3d5136,institutional_channel,budget_pay_plan_process,bounded event evidence and corrected compensation metadata,"[""WCM-f82b67567b3d12d55a652e94""]"
TAG-f169c2f8fdfe1204b5559c6a,ROOTCOMP-dc9dd1787a1d5bc22d3d5136,institutional_channel,ordinance_council_adoption,bounded event evidence and corrected compensation metadata,"[""WCM-f82b67567b3d12d55a652e94""]"
TAG-86fa8b3e72c594a9c4fc7fb4,ROOTCOMP-9d2d2d39888b801153958f2e,institutional_channel,none_identified,bounded event evidence and corrected compensation metadata,"[""WCM-52a15bcf068121a381e84743"",""WCM-6b6c4c9aaa23fa03c76d7cbf""]"
TAG-916d816a7c2109e19cf66d14,ROOTCOMP-faa1d48c37831386d38220de,institutional_channel,none_identified,bounded event evidence and corrected compensation metadata,"[""WCM-4cbfd8606585535d8eaa83d2""]"
TAG-0869c4ea341d84ace00a5053,ROOTCOMP-d358496271991d7dbf23ccc0,institutional_channel,none_identified,bounded event evidence and corrected compensation metadata,"[""WCM-0dde72fd19d4c7ae966b395e"",""WCM-13486a222a42712d42960651"",""WCM-ac88fab5fa23c2823fdb14b2""]"
TAG-aae4ccd78f14335dea97bd81,ROOTCOMP-adacd910625e94c9182b32bb,institutional_channel,none_identified,bounded event evidence and corrected compensation metadata,"[""WCM-fc8d629115d5856de7d04a0c""]"
TAG-67c1a06340efc0420ec2867b,ROOTCOMP-278e2df067cfcbe2104b59f5,institutional_channel,budget_pay_plan_process,bounded event evidence and corrected compensation metadata,"[""WCM-2cde5347781bc095d57f93f1"",""WCM-df287070d975fef39738e367""]"
TAG-ef55306dc0650d7a299b9517,ROOTCOMP-278e2df067cfcbe2104b59f5,institutional_channel,settlement_or_mou,bounded event evidence and corrected compensation metadata,"[""WCM-2cde5347781bc095d57f93f1"",""WCM-df287070d975fef39738e367""]"
TAG-53bb0a61c5d1a12f5fc5b492,ROOTCOMP-9b125ad72d63193c8cddd3f0,institutional_channel,none_identified,bounded event evidence and corrected compensation metadata,"[""WCM-07653fafca519b059fc3c9d3"",""WCM-08df21bdaab80f246a3abbea"",""WCM-8355a9502da4f1556a403274"",""WCM-9ab528c1a43ce3156838f54b"",""WCM-dbc4d21417b5481fd88c8cb3""]"
TAG-2b555011c6af5a0d1da2bcf1,ROOTCOMP-9af385c48dc515204187d133,institutional_channel,none_identified,bounded event evidence and corrected compensation metadata,"[""WCM-858adf8d1b3a149978f9635b""]"
TAG-8ff26763994188ba3e6c6009,ROOTCOMP-63bb20c8aeef84e8cdf710c5,institutional_channel,none_identified,bounded event evidence and corrected compensation metadata,"[""WCM-02f3aff2843944aef4acd474"",""WCM-8b24b685b398337220dab301""]"
TAG-94fb6d3d796cb4e6ac897704,ROOTCOMP-1038634b9dc645ad2be97676,institutional_channel,ordinance_council_adoption,bounded event evidence and corrected compensation metadata,"[""WCM-c0389e3b421b30de1ce186c5""]"
TAG-1f3627a18c6966d65af8e16c,ROOTCOMP-3202e6dbca44e5a22bef6c21,institutional_channel,none_identified,bounded event evidence and corrected compensation metadata,"[""WCM-6e93aca0433c5d94324703dc""]"
TAG-464383e66482f524b9923562,ROOTCOMP-c020f6e7a9382940718e04cf,institutional_channel,none_identified,bounded event evidence and corrected compensation metadata,"[""WCM-0cfe94864ea995fcfa785d2e"",""WCM-349e2682e7358b889d83db5c""]"
TAG-d4b30eacc910ee73d0e65453,ROOTCOMP-c6f5b5fbd7d7859a8cedf218,institutional_channel,budget_pay_plan_process,bounded event evidence and corrected compensation metadata,"[""WCM-3ad219b67c37fb11e2e393dd""]"
TAG-7045298ce7707a4754c851ef,ROOTCOMP-272008775315f818ffc41b29,institutional_channel,none_identified,bounded event evidence and corrected compensation metadata,"[""WCM-2867ea124b15d60a251d16b0"",""WCM-65c81595abd6e8709bcd77d1"",""WCM-8ecf02354dab334dcee8b81d""]"
TAG-969cbff8dc400d318ab73920,ROOTCOMP-a601f95fa8505203a071bafa,institutional_channel,none_identified,bounded event evidence and corrected compensation metadata,"[""WCM-81f10b43d274844c13cbabcd""]"
TAG-3d9aebd427ec029063ab26ba,ROOTCOMP-075079b11f8ed3eb53b5b89d,institutional_channel,none_identified,bounded event evidence and corrected compensation metadata,"[""WCM-5c8c7d3f37f45e30fff15e63""]"
TAG-da46b16b3ff63915e8285c3e,ROOTCOMP-78fc5d6a62ebd3fbfe04611f,institutional_channel,ordinance_council_adoption,bounded event evidence and corrected compensation metadata,"[""WCM-f2884f71f10397887936f546""]"
TAG-e5f50efe7c11994d54658cba,ROOTCOMP-692e657564c385cf7bb70314,institutional_channel,ordinance_council_adoption,bounded event evidence and corrected compensation metadata,"[""WCM-3e3f4d42f7ca56eb26173d4c"",""WCM-72664e6386b7890164d90c58"",""WCM-f423c12f9589add4886bd184""]"
TAG-87ddc9b3e14634b842bbeecd,ROOTCOMP-a367b4ea900530d782135ab6,institutional_channel,none_identified,bounded event evidence and corrected compensation metadata,"[""WCM-46350800308b5e15f75592a8"",""WCM-b37bd6fa9fbab4aac82d188d""]"
TAG-fe5a9f437f625ed8722799bf,ROOTCOMP-0b9a5e0bb9c5873a3acecc82,institutional_channel,none_identified,bounded event evidence and corrected compensation metadata,"[""WCM-072928b0d38e17a9bf91f045"",""WCM-56c9d7e187062371d93aa883"",""WCM-e5d75b9bec11a080a3e415bf""]"
TAG-9837fc491e473068b55873fa,ROOTCOMP-3abbbbddb34dabd55632bf8d,institutional_channel,none_identified,bounded event evidence and corrected compensation metadata,"[""WCM-afc2645c00a0320764fae44e""]"
TAG-7f4104e59ee40ae43b790cf3,ROOTCOMP-94800737df5b21011b16f024,institutional_channel,none_identified,bounded event evidence and corrected compensation metadata,"[""WCM-756f3e205fb723e3bdf03e8a"",""WCM-953920746a98be86270c2b73"",""WCM-affa1f5988d2d9235e70fa72"",""WCM-e502057e88b52bfaefbf64f9""]"
TAG-7ec1d9427ee72d23c09c7644,ROOTCOMP-119d572e6e5b929219c03c2b,institutional_channel,none_identified,bounded event evidence and corrected compensation metadata,"[""WCM-655b92cad6d75e19f9053cdf"",""WCM-90af87fdb9319df7950a4934"",""WCM-cc0aee526b92281dbe4758ce""]"
TAG-d98413d78655506f269fcc9c,ROOTCOMP-9f5de1e51facf7c06808270b,institutional_channel,none_identified,bounded event evidence and corrected compensation metadata,"[""WCM-cdf26315ddd132f9e3c87571""]"
TAG-5a33b2fa7d8b88e483d28a29,ROOTCOMP-e28342653b4ffa3548378738,institutional_channel,none_identified,bounded event evidence and corrected compensation metadata,"[""WCM-69bc34a3cc38edd38f04ef33""]"
TAG-e2f921e9a5433e3450e7c78f,ROOTCOMP-1779b1c85b0d2f9f89646754,institutional_channel,none_identified,bounded event evidence and corrected compensation metadata,"[""WCM-0652662e99919dbe989435f9""]"
TAG-818d562c99dea86e34c5a77f,ROOTCOMP-19b24a18709ac4693e4a1c6e,institutional_channel,none_identified,bounded event evidence and corrected compensation metadata,"[""WCM-93d1f581aa1a0757354af534"",""WCM-ca17259e28db7a4e70f0b20f""]"
TAG-28e87503449ba9519ce50fad,ROOTCOMP-dfbd1647a0e2d41194f2db6b,institutional_channel,none_identified,bounded event evidence and corrected compensation metadata,"[""WCM-612a38b3575ecd85694fb074""]"
TAG-3c3aaabe445e8fdcd273e64d,ROOTCOMP-c4ea3d5fe21a8b67837653b8,institutional_channel,none_identified,bounded event evidence and corrected compensation metadata,"[""WCM-87ae587d5e1031dbc1eccee6""]"
TAG-f84c9f04a81ee708e1a1806c,ROOTCOMP-f0d22f9c5f3f1f3b68cd4037,institutional_channel,budget_pay_plan_process,bounded event evidence and corrected compensation metadata,"[""WCM-3bb3533586e20903a6046eb6""]"
TAG-11c7fb1632cf78f78b1055d3,ROOTCOMP-ccddbd1e01b847ab094cf236,institutional_channel,none_identified,bounded event evidence and corrected compensation metadata,"[""WCM-17441faafd43237489c9459b"",""WCM-6950b4e6e839a273d30cc769""]"
TAG-bc9012056b6c6ef226f19ba1,ROOTCOMP-b84415adc8b966d176864de2,institutional_channel,none_identified,bounded event evidence and corrected compensation metadata,"[""WCM-78b406bc242a2c60d39d3ce2"",""WCM-7be91e664278d5b58250e987"",""WCM-8f1a79faac6b758dcad03336""]"
TAG-bd4efcf7ece5d1665b2b1680,ROOTCOMP-09bdbfd90d204ee2aa1e17d3,institutional_channel,none_identified,bounded event evidence and corrected compensation metadata,"[""WCM-26c6c777d06572a170066d62"",""WCM-4693d76dfb1c427fabce8294"",""WCM-ac17314d9f67c7f67171d953""]"
TAG-38464bc1d0ed00826f782e39,ROOTCOMP-641d77086e597a1c474db457,institutional_channel,none_identified,bounded event evidence and corrected compensation metadata,"[""WCM-2fe00e8b9eff02c52b34b6dc""]"
TAG-0f6e7073f7075b5c2ce44086,ROOTCOMP-fb5dac7066eb0494d696bfc3,institutional_channel,ordinance_council_adoption,bounded event evidence and corrected compensation metadata,"[""WCM-09f2963dadf5ec5e80f1907c"",""WCM-f2d61538e725de26656ab353""]"
TAG-3a252ed30d0cdd54384c7d32,ROOTCOMP-7ecc0c2ff19c763245b99428,institutional_channel,none_identified,bounded event evidence and corrected compensation metadata,"[""WCM-0c61124e6729995f05a24bbb""]"
TAG-befcb7a87676e7076c5e4a07,ROOTCOMP-4e59d1078f7d62daef3fed57,institutional_channel,none_identified,bounded event evidence and corrected compensation metadata,"[""WCM-45d090e5c8fea4063cabf7fe""]"
TAG-2f7da2415adaa5f972ca6e37,ROOTCOMP-e2eb2a09d2e7e1553d6c639b,institutional_channel,none_identified,bounded event evidence and corrected compensation metadata,"[""WCM-ca54b8453338fcdb2f5e1b8f""]"
TAG-ee4b182c60f7ff9e983eee98,ROOTCOMP-94e8214b04548934ff151c56,institutional_channel,none_identified,bounded event evidence and corrected compensation metadata,"[""WCM-097e8b89f5e33152aab5aee9""]"
TAG-c3b8b93bae273b5a4f6ae410,ROOTCOMP-7c654e237e54ca5e52ce5c81,institutional_channel,budget_pay_plan_process,bounded event evidence and corrected compensation metadata,"[""WCM-78419a41e030744dc86626f9""]"
TAG-91f58735037ceb56b3a9bb42,ROOTCOMP-7c654e237e54ca5e52ce5c81,institutional_channel,settlement_or_mou,bounded event evidence and corrected compensation metadata,"[""WCM-78419a41e030744dc86626f9""]"
TAG-490fbe72ec80187c069004dc,ROOTCOMP-8835fb005832275fd7898079,institutional_channel,none_identified,bounded event evidence and corrected compensation metadata,"[""WCM-f6c5dbdcd954cedb352283e2""]"
TAG-5731b3f4c9024cb30edc1468,ROOTCOMP-9f45af26972f62362909031d,institutional_channel,none_identified,bounded event evidence and corrected compensation metadata,"[""WCM-6ebf829ac4c2c9e00dbffcca"",""WCM-d947887d36b253bd6cc375df""]"
TAG-83fd0da1545ab030ac35697b,ROOTCOMP-77a42a6f2bee46726ba97202,institutional_channel,none_identified,bounded event evidence and corrected compensation metadata,"[""WCM-4013ca0ed655b0abbcfc23dc"",""WCM-4040549551983aa2aaa60f2c"",""WCM-9c8159d5c3fd753e73b96b2b""]"
TAG-6ed38e78758548744f0f72a4,ROOTCOMP-86f0704a68a88c21f4af3398,institutional_channel,none_identified,bounded event evidence and corrected compensation metadata,"[""WCM-746bb70d45f854dc12da4532""]"
TAG-5570167301bf4f06b74e6bcb,ROOTCOMP-2863729c7c09da12fea34d1d,institutional_channel,none_identified,bounded event evidence and corrected compensation metadata,"[""WCM-e3bd204d1fe654e056b98167""]"
TAG-3b9becd036d71930698a2bd7,ROOTCOMP-2a3d3b280ec9de9cede6c876,institutional_channel,none_identified,bounded event evidence and corrected compensation metadata,"[""WCM-31ceee81926890f9f06b1b54"",""WCM-8920d4ed1b60995b631f35d3""]"
TAG-9d92f6da967293e2595243f8,ROOTCOMP-39a2b8be3b1e046f40fbd76d,institutional_channel,budget_pay_plan_process,bounded event evidence and corrected compensation metadata,"[""WCM-2798da6a703eb051cc4b2025""]"
TAG-2847f159145fb6c0e5ed9c26,ROOTCOMP-39a2b8be3b1e046f40fbd76d,institutional_channel,ordinance_council_adoption,bounded event evidence and corrected compensation metadata,"[""WCM-2798da6a703eb051cc4b2025""]"
TAG-cf6623dcd6f21963da4c8420,ROOTCOMP-a91aa64f50bbd5ba4122e0be,institutional_channel,none_identified,bounded event evidence and corrected compensation metadata,"[""WCM-9c9b5b3fa64d70ffcf6c67d3""]"
TAG-a26c6d62456f9d1f90150a0b,ROOTCOMP-36f76234fe1c0afa7230e10f,institutional_channel,budget_pay_plan_process,bounded event evidence and corrected compensation metadata,"[""WCM-7a2cc032891e3d17ab14cec4""]"
TAG-5ecd9dc081bf386534734544,ROOTCOMP-2bd80b90004df8c40043a1c9,institutional_channel,budget_pay_plan_process,bounded event evidence and corrected compensation metadata,"[""WCM-865791c60a81a88c13f04bf9""]"
TAG-22d0d2ebc7cac31e00b24ae6,ROOTCOMP-db957cfd50d6dc21f6ee0133,institutional_channel,none_identified,bounded event evidence and corrected compensation metadata,"[""WCM-023f58fdde7f38b3d4255044"",""WCM-60b8cc5eb5b18fd91e0f818f"",""WCM-6413308a6fb50b779d7cd74f""]"
TAG-461eef802a7c5df37207d859,ROOTCOMP-aec5ecde64958f73260c7863,institutional_channel,none_identified,bounded event evidence and corrected compensation metadata,"[""WCM-fc617e9dad953043e1e02ac5""]"
TAG-7f27aa7649a53fc2682d0a5f,ROOTCOMP-2a3caa37345e97c602d6ab53,institutional_channel,none_identified,bounded event evidence and corrected compensation metadata,"[""WCM-2010d2c86ebff67a56ea89be"",""WCM-fd54c33438dd05c2e29d8a05""]"
TAG-d0e5b683e8e23abb4472a930,ROOTCOMP-059b7e5966365a9991d0191a,institutional_channel,ordinance_council_adoption,bounded event evidence and corrected compensation metadata,"[""WCM-561abf8785ff9ca48654461f"",""WCM-81d1fc1b886c980c7af7cf14""]"
TAG-b0fce7c3da6bb9706438d15e,ROOTCOMP-059b7e5966365a9991d0191a,institutional_channel,settlement_or_mou,bounded event evidence and corrected compensation metadata,"[""WCM-561abf8785ff9ca48654461f"",""WCM-81d1fc1b886c980c7af7cf14""]"
TAG-0936d1a6baf47c4df1e11dc5,ROOTCOMP-b79ce41d0a556d53f1730e45,institutional_channel,none_identified,bounded event evidence and corrected compensation metadata,"[""WCM-5c888ef6d6f1bc9058476cdc""]"
TAG-5c755ffb3d98645cd6af19ba,ROOTCOMP-554d2f0f6272c78c44736aa5,institutional_channel,none_identified,bounded event evidence and corrected compensation metadata,"[""WCM-ae9a5367626ed63d99cd0f39""]"
TAG-3e8bac7ef1abac37e749ded7,ROOTCOMP-f29a612b5e57bc04107f059e,institutional_channel,ordinance_council_adoption,bounded event evidence and corrected compensation metadata,"[""WCM-8051bef5115f542bd47dc31b""]"
TAG-bbdb09e0b851ff0ff4672fe5,ROOTCOMP-060308af5788667ece858fb0,institutional_channel,none_identified,bounded event evidence and corrected compensation metadata,"[""WCM-a01b32557caba68321df1703"",""WCM-c5d7ddcc366b935b0c7d05de""]"
TAG-8d57ae7a56ec42dda554715e,ROOTCOMP-96289e29a92b7bb58c5d0009,institutional_channel,none_identified,bounded event evidence and corrected compensation metadata,"[""WCM-bbd8cafe76e8a74993e7200f""]"
TAG-7a6a56c91337798fd571b76c,ROOTCOMP-288285f09cf0f1734d294027,institutional_channel,none_identified,bounded event evidence and corrected compensation metadata,"[""WCM-476b9ade478927c63d9aa348"",""WCM-95af6e3bb7b86589718b759a"",""WCM-f95907515ecdf0c0157d3aba""]"
TAG-549f1dab6e356d2cb8f1d891,ROOTCOMP-75461bbb7d8731fb4897d0d2,institutional_channel,none_identified,bounded event evidence and corrected compensation metadata,"[""WCM-8ec2501c1fa08e087a48e326"",""WCM-98c5bc0f6e92628d76719c86""]"
TAG-dc4cd97f721cdcd920c3fc0d,ROOTCOMP-b41bc6e5872355d4ba28af0b,institutional_channel,none_identified,bounded event evidence and corrected compensation metadata,"[""WCM-31a0181e6a6405f3da61c8e4""]"
TAG-d3a94d6080ad7947cfe585f1,ROOTCOMP-bcf7ed311cd7ef90ad3cfeea,institutional_channel,none_identified,bounded event evidence and corrected compensation metadata,"[""WCM-1a6a430289898584c2709cee"",""WCM-1f4aa6a2ef205394b7a43e7a"",""WCM-26f854ac585039173c6034b2""]"
TAG-fd0466b54fcf0d1d4cde44cc,ROOTCOMP-d1d891beaa32bcfdd67370d7,institutional_channel,none_identified,bounded event evidence and corrected compensation metadata,"[""WCM-5291b8bc5ad9e641f9182328"",""WCM-5f3715e9c8e558e386d7c7a0""]"
TAG-39c5b79ada1b6715cf23d298,ROOTCOMP-e68232ee04e1235cec92426c,institutional_channel,none_identified,bounded event evidence and corrected compensation metadata,"[""WCM-18178aa0cc7b7c714ed8dcca"",""WCM-407d297f388806313e124ef6"",""WCM-886356b41c269393f28baa85"",""WCM-a0cb8907c639f35055b0c8c2""]"
TAG-26d2ed9da28dd5a14be83de8,ROOTCOMP-c0c66c12a35faca3819dfcad,institutional_channel,budget_pay_plan_process,bounded event evidence and corrected compensation metadata,"[""WCM-ea07cf9eac70fb8b85ad7458""]"
TAG-0003be2bff3c77e5107b8bf9,ROOTCOMP-c0c66c12a35faca3819dfcad,institutional_channel,ordinance_council_adoption,bounded event evidence and corrected compensation metadata,"[""WCM-ea07cf9eac70fb8b85ad7458""]"
TAG-1a8f85b3828250660c3b2d4e,ROOTCOMP-c0c66c12a35faca3819dfcad,institutional_channel,settlement_or_mou,bounded event evidence and corrected compensation metadata,"[""WCM-ea07cf9eac70fb8b85ad7458""]"
TAG-5badb830aab0e2d37325f18c,ROOTCOMP-6b75620484d676b1f4ff01d4,institutional_channel,none_identified,bounded event evidence and corrected compensation metadata,"[""WCM-44e2da70f129cb85d5ad0dfd""]"
TAG-e812ed5be7527b429a568dae,ROOTCOMP-2fb180dccfbe50e4d4fb783d,institutional_channel,budget_pay_plan_process,bounded event evidence and corrected compensation metadata,"[""WCM-0e4e249a1c207ee5d3450c37""]"
TAG-6c3d346a9168b73e6a3fb144,ROOTCOMP-c35b1686cb818ab050dc2de9,institutional_channel,budget_pay_plan_process,bounded event evidence and corrected compensation metadata,"[""WCM-edf001945c622503ff26b566""]"
TAG-996b56ebf32704d25efafc24,ROOTCOMP-ceef5fc694ec4df2916e193a,institutional_channel,budget_pay_plan_process,bounded event evidence and corrected compensation metadata,"[""WCM-99cbf7c9458080107c9fe607""]"
TAG-4bb799f2e54b26577e5acd0e,ROOTCOMP-ceef5fc694ec4df2916e193a,institutional_channel,ordinance_council_adoption,bounded event evidence and corrected compensation metadata,"[""WCM-99cbf7c9458080107c9fe607""]"
TAG-c6766d251aa076a72ed06d7f,ROOTCOMP-b8c5f870ea094b760e28318c,institutional_channel,none_identified,bounded event evidence and corrected compensation metadata,"[""WCM-a34742e922880d8474030376"",""WCM-fe158930f8349c3a0535ad43""]"
TAG-c5efd37be60bf515cbdf507b,ROOTCOMP-64610c455940aedc075f023b,institutional_channel,ordinance_council_adoption,bounded event evidence and corrected compensation metadata,"[""WCM-79421435567a21ae18cae797"",""WCM-91ab94c5a6eb126389fc2e16""]"
TAG-bba25bf30cb565005947ddf4,ROOTCOMP-dd7d9ebe2b24f09d2a591058,institutional_channel,none_identified,bounded event evidence and corrected compensation metadata,"[""WCM-766981414e884489f84c1be3"",""WCM-b03634a26e7ab71f0b329779"",""WCM-b634cb0c76cf3540816162cd"",""WCM-c3047af76d6c52fbd3995faa""]"
TAG-c053a4ed39f0f86925a520c9,ROOTCOMP-f125f10ff96bdfc8ad83e154,institutional_channel,none_identified,bounded event evidence and corrected compensation metadata,"[""WCM-301ba7e25adbec03452e07ba"",""WCM-3230728dee8df3cac5b15d20"",""WCM-712545df757bf9ad7b08a073""]"
TAG-218feb4488b4966330f4e92e,ROOTCOMP-d2cd6a9f6f663726914c0c19,institutional_channel,ordinance_council_adoption,bounded event evidence and corrected compensation metadata,"[""WCM-7f2f2a6be56b4503e7197a06""]"
TAG-f2964fd933bd955d110b3938,ROOTCOMP-297c82cffba6d9d2cf844c7f,institutional_channel,none_identified,bounded event evidence and corrected compensation metadata,"[""WCM-b46d24ed8556bd04e9697130"",""WCM-c164af87d4078995dab17585""]"
TAG-94aee3e10218f917f0fdce5b,ROOTCOMP-17c5320a58c10ee7df5eb6d9,institutional_channel,none_identified,bounded event evidence and corrected compensation metadata,"[""WCM-9137b4948b16ac7eba22476f""]"
TAG-8ee7d4513f88d55518cc2d2b,ROOTCOMP-d5bf91e1919c7974617c4203,institutional_channel,none_identified,bounded event evidence and corrected compensation metadata,"[""WCM-2ac9686b8d3f19a8c5de62af"",""WCM-8132c2219d3958cc8716f062"",""WCM-cc2ef89daa2489a219e5ffaf""]"
TAG-b4e44520ee2be81d1c595ce7,ROOTCOMP-15dc0cadf90aa18d3dadc812,institutional_channel,none_identified,bounded event evidence and corrected compensation metadata,"[""WCM-63b567fd536090aaa8783313"",""WCM-6e8655f6f89271e890e78971"",""WCM-728a511719c1a54b5749f534""]"
TAG-d55fe8c2cfcc7a7b87949942,ROOTCOMP-2b98aa6a68f36caaef7223aa,institutional_channel,budget_pay_plan_process,bounded event evidence and corrected compensation metadata,"[""WCM-28616a19146e60030b5db17f"",""WCM-684e109c04f3eccf4f7f7e1a"",""WCM-9cbd66e6d7f5c931fda71247"",""WCM-a4c4166cbf9283b718a90670"",""WCM-b3c1e6dfd47485e829ebc718""]"
TAG-d4001fb77036d6939047a437,ROOTCOMP-42bb92fcdd19c20d50b13cb9,institutional_channel,none_identified,bounded event evidence and corrected compensation metadata,"[""WCM-d10d5bd25fc885bca958ffd0""]"
TAG-29cbd046dd6eee05ce114991,ROOTCOMP-6b8ca1666b80afd89370e52d,institutional_channel,none_identified,bounded event evidence and corrected compensation metadata,"[""WCM-5da867140ffb6be6fb6de3fd""]"
TAG-36ef2a662136c97b8421a5fd,ROOTCOMP-d77e29c1a3705dd09ce2fffe,institutional_channel,none_identified,bounded event evidence and corrected compensation metadata,"[""WCM-838f4d8932b7cba34406b578"",""WCM-ce179fcdfa002e7d58f53c8c""]"
TAG-953584bc9b6b13eec78d0238,ROOTCOMP-8e129e3b43908fd2f371af66,institutional_channel,ordinance_council_adoption,bounded event evidence and corrected compensation metadata,"[""WCM-d3ac83981b63492c6655ee9a""]"
TAG-902b85144addfd6f7e038352,ROOTCOMP-8e129e3b43908fd2f371af66,institutional_channel,settlement_or_mou,bounded event evidence and corrected compensation metadata,"[""WCM-d3ac83981b63492c6655ee9a""]"
TAG-f8f151e2198ee9d3dfd009ed,ROOTCOMP-2c966aec51173ed534d9b7dc,institutional_channel,none_identified,bounded event evidence and corrected compensation metadata,"[""WCM-40dbf82ff3d47090e001bc47""]"
TAG-13a904b497c6cc0b7b93396a,ROOTCOMP-0fae9e9d188fc9fbb751d0de,institutional_channel,none_identified,bounded event evidence and corrected compensation metadata,"[""WCM-8455b8d0ece58324ba7c507e""]"
TAG-9de20af9a490277eb8f0aeaa,ROOTCOMP-1edd790ba98f10ed5a4b572e,institutional_channel,ordinance_council_adoption,bounded event evidence and corrected compensation metadata,"[""WCM-e08771fec092b5f2511ad4e0""]"
TAG-4a30d49508ca7bd28772c711,ROOTCOMP-0a3a1a1ad0a09f995461ee95,institutional_channel,none_identified,bounded event evidence and corrected compensation metadata,"[""WCM-bfbca3e88bbe5e10011b8f49""]"
TAG-70417e17a6db757326c7e6db,ROOTCOMP-7d5df64d4581942ea5678598,institutional_channel,none_identified,bounded event evidence and corrected compensation metadata,"[""WCM-1d463e7d8c7cd84e91d0de6b""]"
TAG-bdca46b323355e433e2318b9,ROOTCOMP-aee90f2af589612dade4a7e1,institutional_channel,none_identified,bounded event evidence and corrected compensation metadata,"[""WCM-865337a2906c99409fc25bf3""]"
TAG-70eb72cc23b17e0dcd3f2dfe,ROOTCOMP-dfaf60748d4fdd2d77f940cc,institutional_channel,none_identified,bounded event evidence and corrected compensation metadata,"[""WCM-c6ae77a4450c1ebe67df366b"",""WCM-ea2d0cda56edca1804809dfd""]"
TAG-d5c8209b239048ca11fe71a9,ROOTCOMP-d4dd4bcba9caa95d74cded9c,institutional_channel,budget_pay_plan_process,bounded event evidence and corrected compensation metadata,"[""WCM-ab2557160e2b10c0462ffe8d""]"
TAG-588308fa898020d9406d1f47,ROOTCOMP-d4dd4bcba9caa95d74cded9c,institutional_channel,ordinance_council_adoption,bounded event evidence and corrected compensation metadata,"[""WCM-ab2557160e2b10c0462ffe8d""]"
TAG-724341dbc6a4a977e692d8c5,ROOTCOMP-9d219ad01f5594061d789ea7,institutional_channel,none_identified,bounded event evidence and corrected compensation metadata,"[""WCM-130d12fbe6985506354333ca""]"
TAG-911229189adc69cad2271f1c,ROOTCOMP-250bca9d71ceaf87d0611060,institutional_channel,none_identified,bounded event evidence and corrected compensation metadata,"[""WCM-5efda0fb3221e9eda788740d""]"
TAG-d126a8bc0698ea01def3bac7,ROOTCOMP-64b301f73b321c9c409a60a7,institutional_channel,none_identified,bounded event evidence and corrected compensation metadata,"[""WCM-dd7700b79e42136acaba1278""]"
TAG-febeaa0640d9398f3d772b30,ROOTCOMP-c399062fbeffd90b31afd5bb,institutional_channel,none_identified,bounded event evidence and corrected compensation metadata,"[""WCM-97a99f366f05a75c33febe62""]"
TAG-db93a4bebda4090da36f9a18,ROOTCOMP-fe502926182f043098a1dc90,institutional_channel,budget_pay_plan_process,bounded event evidence and corrected compensation metadata,"[""WCM-52ae67da1b96d2299b2e6b8d""]"
TAG-4f693a0db969bb67b07abeff,ROOTCOMP-fe502926182f043098a1dc90,institutional_channel,ordinance_council_adoption,bounded event evidence and corrected compensation metadata,"[""WCM-52ae67da1b96d2299b2e6b8d""]"
TAG-be5bf3b5a01c697e841a92ea,ROOTCOMP-f2352352e18f18991f29be2c,institutional_channel,ordinance_council_adoption,bounded event evidence and corrected compensation metadata,"[""WCM-bc17b3651a5eb1925c6c851c""]"
TAG-9328f4fe6aee748458adf002,ROOTCOMP-4d2a4f535f2f850a88da9e02,institutional_channel,none_identified,bounded event evidence and corrected compensation metadata,"[""WCM-10637eb4210c6787970c23dd"",""WCM-30faa0c568abe787c93c9104""]"
TAG-b5adee182484b2d50f731836,ROOTCOMP-bbd60d6e1e6dddcb15ed813d,institutional_channel,none_identified,bounded event evidence and corrected compensation metadata,"[""WCM-088cb1a842d49c98fbb70b9e"",""WCM-43f611ac119a89f40901351e"",""WCM-aaaa64e137ecc6cf0612e7ae""]"
TAG-752ab7bebdfcb5f037510c71,ROOTCOMP-a956398ca1522c5029a96f5b,institutional_channel,budget_pay_plan_process,bounded event evidence and corrected compensation metadata,"[""WCM-e6b1e7236a130e0cbf84f531"",""WCM-e858f35bed09309d617b2cc4""]"
TAG-d56056d95a65678fc404cf82,ROOTCOMP-ddd540eb8184549bd66ac7a3,institutional_channel,budget_pay_plan_process,bounded event evidence and corrected compensation metadata,"[""WCM-652c0661449a6f890b694f74"",""WCM-9663cef154de43446d2295c9""]"
TAG-e442a93edf04ba3e9bbbcc34,ROOTCOMP-03d741cd01dd9b8e3e1a2e7a,institutional_channel,ordinance_council_adoption,bounded event evidence and corrected compensation metadata,"[""WCM-790d56ff0b3f8cb08eef3759""]"
TAG-eeca5a7300c343175a9c617a,ROOTCOMP-a3d4461fe86ab6211c1c2638,institutional_channel,budget_pay_plan_process,bounded event evidence and corrected compensation metadata,"[""WCM-210e758ab335dfcc49880a19"",""WCM-6a239c4c73c241afaa177edb""]"
TAG-a77bb061211ea03365945115,ROOTCOMP-4fc784ab4437efc3c2df27a8,institutional_channel,budget_pay_plan_process,bounded event evidence and corrected compensation metadata,"[""WCM-0ba57696cd25c0cfec479305""]"
TAG-ddaa61b02a41eb85d0fd4b97,ROOTCOMP-2134158ea02e9cb8124a94ff,institutional_channel,none_identified,bounded event evidence and corrected compensation metadata,"[""WCM-6b434b12d1301bd828baf9df""]"
TAG-de379a97c32abb8d1ceb4e05,ROOTCOMP-89f32871f7d3725275c28d2e,institutional_channel,none_identified,bounded event evidence and corrected compensation metadata,"[""WCM-b949ce2b1ee769053ab68960""]"
TAG-36aa8c19ec2db1410e4fb5be,ROOTCOMP-33e611beb821c6658117c366,institutional_channel,none_identified,bounded event evidence and corrected compensation metadata,"[""WCM-44c2a573dcb53f64917e56ac"",""WCM-b7e8def3fbead6e9265b4d9f""]"
TAG-ca5ce14d8238c54628bc49c8,ROOTCOMP-c869e834eec61bb02343a78f,institutional_channel,none_identified,bounded event evidence and corrected compensation metadata,"[""WCM-968c5cc263ec28c7616e825b""]"
TAG-bb75ac3f4f1adb01185642f8,ROOTCOMP-17a7f2ffbdd1456d1cc4906c,institutional_channel,none_identified,bounded event evidence and corrected compensation metadata,"[""WCM-f17d6214f488c1f1a8429fac""]"
TAG-9cc11c8a469fdf21b1fb4475,ROOTCOMP-70c32edc36ea236732f1a0be,institutional_channel,none_identified,bounded event evidence and corrected compensation metadata,"[""WCM-d3b4189e204415a85b038831""]"
TAG-d9b6e5dee349beaf79cd1a3e,ROOTCOMP-1c3824860bb7354dc7ecd220,institutional_channel,none_identified,bounded event evidence and corrected compensation metadata,"[""WCM-7e7e216b027e87808a52a5d5""]"
TAG-6cb162bac76812c7a03071d8,ROOTCOMP-4d98ee04ee83a260f8759337,institutional_channel,none_identified,bounded event evidence and corrected compensation metadata,"[""WCM-60b93565cc5aa74a8098d56d""]"
TAG-99dd7deb447a52b77b4d98d2,ROOTCOMP-e0affd29056a71ca66b1338e,institutional_channel,none_identified,bounded event evidence and corrected compensation metadata,"[""WCM-7957e5c8deea0328d8bd1c2e""]"
TAG-4e9d7aa84971133f2eca6f3e,ROOTCOMP-ec5422bb8106be3198b27755,institutional_channel,none_identified,bounded event evidence and corrected compensation metadata,"[""WCM-771c7ad59cb03c03db4d537e"",""WCM-9b45b61327700871e5ac6c03"",""WCM-acc12441b6fb1dbcb61b569c""]"
TAG-48db5b1d0e8752b10550dbae,ROOTCOMP-41f218dfe6c2d8fdbbeb3412,institutional_channel,none_identified,bounded event evidence and corrected compensation metadata,"[""WCM-85dc5067c6791ba688dcffae""]"
TAG-fcb7ce30a0d010f2e176aa51,ROOTCOMP-5fd17f62ee678c75a868c917,institutional_channel,none_identified,bounded event evidence and corrected compensation metadata,"[""WCM-34053e4e75af52005131ccd9"",""WCM-d18bbd7b1bff38d6f52205e4"",""WCM-ef64c92795d5da08d83ec478""]"
TAG-eaa231985040567aa11dbd5a,ROOTCOMP-ee1e0fa515b7009784b23d1a,institutional_channel,none_identified,bounded event evidence and corrected compensation metadata,"[""WCM-34fdd1277c3115b1212cb290"",""WCM-645dc922743e361e3616175c"",""WCM-85c06b14ed815bc8f26b0646""]"
TAG-b847d339882e8b9db3a5c4c1,ROOTCOMP-8a227fa9c99cdf904ae2a840,institutional_channel,none_identified,bounded event evidence and corrected compensation metadata,"[""WCM-fd0641fc8f97235c8b379ab6""]"
TAG-b33d59a65cad09293dffef87,ROOTCOMP-ef2aa5190fe920999b01b28b,institutional_channel,none_identified,bounded event evidence and corrected compensation metadata,"[""WCM-a64f894db2ec96ae071d0bd5""]"
TAG-4e7d831b270c0d1672eccfb3,ROOTCOMP-d83f5dd0408490e47210e804,institutional_channel,none_identified,bounded event evidence and corrected compensation metadata,"[""WCM-96a32314601a1ec7dba306ba""]"
TAG-6fcc69e7f1d59b65642345dc,ROOTCOMP-a19c06e4994e417433a87874,institutional_channel,none_identified,bounded event evidence and corrected compensation metadata,"[""WCM-0edf9f975d619d86e6b8d3b6"",""WCM-185a0748e8036cf820e8c2dd"",""WCM-5a5313a681ec75c5c45fde72"",""WCM-8dc33fc1b605b04b13a52153"",""WCM-8e75b80394cac5a623d8be2b"",""WCM-a25ae41892bd7ed9aa50c55e"",""WCM-d55dd6bf50391b2845665685""]"
TAG-d0b77b177388aaadeda15d4f,ROOTCOMP-350f0ae41b4929fc78a3770f,institutional_channel,none_identified,bounded event evidence and corrected compensation metadata,"[""WCM-0d940c6227373fd52887093a"",""WCM-1146aae6b24632219fa342ba"",""WCM-8783114402f8f539b4cb9965""]"
TAG-f914eacb7fc7e6bfcf7c3ac1,ROOTCOMP-de389227a3a5c1adffb3a2a5,institutional_channel,none_identified,bounded event evidence and corrected compensation metadata,"[""WCM-ad57bf16c8741e025fdfc6ef"",""WCM-e10da55a08130b96e593dac5"",""WCM-f8cc332f1b4d57db4fc5fa84""]"
TAG-3cb9a563606d60ecb3fd971a,ROOTCOMP-b2e26b0d3760d29237b07c94,institutional_channel,none_identified,bounded event evidence and corrected compensation metadata,"[""WCM-18365515e58cf94c737d327b"",""WCM-41d32136624a956a323e2aba"",""WCM-d836e0908d6c4bc901ebd6f8""]"
TAG-a83a55a577e76292de34011d,ROOTCOMP-3ca6154fa81bbacda5226800,institutional_channel,none_identified,bounded event evidence and corrected compensation metadata,"[""WCM-53e9d411333d5cb44b3d2eb5""]"
TAG-318ff5d6238aa2f2e326dd85,ROOTCOMP-1c160ecf02b82931e0d62302,institutional_channel,none_identified,bounded event evidence and corrected compensation metadata,"[""WCM-793a5ffb86008317f048cce2""]"
TAG-a8d14e5287454bcb9c55d717,ROOTCOMP-19522bb000fea0085e6214e7,institutional_channel,none_identified,bounded event evidence and corrected compensation metadata,"[""WCM-05e2f69a63c4514ad2bd6d76"",""WCM-d6ff2adb43d97b3280cc3bde""]"
TAG-116bd0832095d0d11e449712,ROOTCOMP-d7199c10a2e4b9641e11853c,institutional_channel,ordinance_council_adoption,bounded event evidence and corrected compensation metadata,"[""WCM-d3f5ce896393a78377feeb39""]"
TAG-9a8dd4acb24e8cbc9ee4dfc0,ROOTCOMP-e697df48a231c10c69f2022a,institutional_channel,budget_pay_plan_process,bounded event evidence and corrected compensation metadata,"[""WCM-a5cb4bc7f32bcf7b539037a3""]"
TAG-f0b812b2859db3357682b383,ROOTCOMP-0f00d0138788bc157991a3d8,institutional_channel,none_identified,bounded event evidence and corrected compensation metadata,"[""WCM-123616238f3a2d1758419298""]"
TAG-73d45b94c70f89a27d2873b2,ROOTCOMP-47df0b6c5beeb3c9dfe4bc3b,institutional_channel,none_identified,bounded event evidence and corrected compensation metadata,"[""WCM-66c2ae5b666aacb93b4ec357""]"
TAG-2098e5cbe85c0b7227bc0dc8,ROOTCOMP-ed074312db60654d51052249,institutional_channel,none_identified,bounded event evidence and corrected compensation metadata,"[""WCM-e04c813ce53f79f1d25b3305"",""WCM-f8ba3c4dd76f0efd598020a0""]"
TAG-232991dfbea041d9cbddeb0f,ROOTCOMP-23e7cebb102abc0ed0c192a2,institutional_channel,none_identified,bounded event evidence and corrected compensation metadata,"[""WCM-6786cfdb2aefbb33012ee86d""]"
TAG-769930f4f99faa3c199b3361,ROOTCOMP-4a6d29e2d5649d7cde2371e7,institutional_channel,none_identified,bounded event evidence and corrected compensation metadata,"[""WCM-008bf2bf3e554ea7216e8e43"",""WCM-188a344dc7d1b59d0cbacdeb""]"
TAG-2cd4a9f94b479378d9c0c99f,ROOTCOMP-c24348ce2f30e021f492b2ff,institutional_channel,ordinance_council_adoption,bounded event evidence and corrected compensation metadata,"[""WCM-6a4af2d588f6eb1ecbb3fe5c"",""WCM-7cf11397c3260e895fe03df0""]"
TAG-25bf6babb4c7a3197ec33d61,ROOTCOMP-9821194b68fc5114d807a94e,institutional_channel,none_identified,bounded event evidence and corrected compensation metadata,"[""WCM-7cbe50f2d6164627298a952b""]"
TAG-683d7a4989398404b129ca43,ROOTCOMP-02cf7584853486d10f0a8f62,institutional_channel,none_identified,bounded event evidence and corrected compensation metadata,"[""WCM-65c5d247afcd422fcc81d1ac""]"
TAG-1be02e7e78f8e4242b9a0fc5,ROOTCOMP-9a233f4cfdb941740f193c58,institutional_channel,none_identified,bounded event evidence and corrected compensation metadata,"[""WCM-b297cbf357c97b3ea58e1487""]"
TAG-99656572dae2bbf914c0b019,ROOTCOMP-64191735b3ac03190105549f,institutional_channel,ordinance_council_adoption,bounded event evidence and corrected compensation metadata,"[""WCM-d7b6a7deb52a50639c858f0c""]"
TAG-c93cd17c322f7bf6ca0165a7,ROOTCOMP-34ed50ba877a20e567bb6733,institutional_channel,none_identified,bounded event evidence and corrected compensation metadata,"[""WCM-cc6c66712166bb12511e8f14""]"
TAG-3329f0366a7dda6dc4b16f4c,ROOTCOMP-f2c33dadb368d18eeab6c641,institutional_channel,none_identified,bounded event evidence and corrected compensation metadata,"[""WCM-61a18ac061f45a7ba292df81"",""WCM-6750ed4e69758f3eb3067164""]"
TAG-a79c5c20c27c23ebb1d3ec25,ROOTCOMP-c00ef3fb3c8da34fa5aeb9e1,institutional_channel,none_identified,bounded event evidence and corrected compensation metadata,"[""WCM-1e4bbfab06f627f678b6dc5f"",""WCM-8ed51f528dfabbe579162780""]"
TAG-79f7d9cc4936c5811077579b,ROOTCOMP-1f6c7906bd560ea8a297f1fa,institutional_channel,ordinance_council_adoption,bounded event evidence and corrected compensation metadata,"[""WCM-c74a47ce4e765597653702aa""]"
TAG-9e9f1d664ef070b02b1205de,ROOTCOMP-a18cd65e1fbd2a54c8f75962,institutional_channel,none_identified,bounded event evidence and corrected compensation metadata,"[""WCM-174b07d2fe5cb73fd6c85c0c""]"
TAG-890bc911f2d0f2c1b22e1bd9,ROOTCOMP-e3c51c63c337fff3011fa035,institutional_channel,none_identified,bounded event evidence and corrected compensation metadata,"[""WCM-f7b04451190b23856fad1b10""]"
TAG-e49271c347971f97f8873ed1,ROOTCOMP-07b9e58c5f7a31f3831942bb,institutional_channel,none_identified,bounded event evidence and corrected compensation metadata,"[""WCM-45f8eaecec4efe6ecd04b084""]"
TAG-182c3d13f8be36236e5d0f52,ROOTCOMP-f2381a84cce1513dded074ea,institutional_channel,none_identified,bounded event evidence and corrected compensation metadata,"[""WCM-a2218e074c5681c9f8f6836e"",""WCM-af2cccde56f30321bb557319""]"
TAG-22a4b95872b85741931130de,ROOTCOMP-9bd56669e327440634956ad1,institutional_channel,none_identified,bounded event evidence and corrected compensation metadata,"[""WCM-0e643ed279fae18adf8cc744""]"
TAG-b61e20a8796e78a98b0f399b,ROOTCOMP-1e44672db9c012f294718983,institutional_channel,none_identified,bounded event evidence and corrected compensation metadata,"[""WCM-79c1c5775744a37817028266"",""WCM-f415201657c762ae34b8002f""]"
TAG-61dbcc0d9c0119aa1cacd80a,ROOTCOMP-302e09922a85ef72de902461,institutional_channel,none_identified,bounded event evidence and corrected compensation metadata,"[""WCM-8024b8876706569413c94d48"",""WCM-ebf5537d8fb5a44d54f7ba8a""]"
TAG-5d673af526f4c957f9fc1cab,ROOTCOMP-9bc863e0c9a81d090fab5b7a,institutional_channel,none_identified,bounded event evidence and corrected compensation metadata,"[""WCM-cf7b9892788b2f8d05d86bda""]"
TAG-200245bd36ca2f4a87d04d1d,ROOTCOMP-bda02d73a2b12cb630fdfebd,institutional_channel,none_identified,bounded event evidence and corrected compensation metadata,"[""WCM-8a2ea6965def69c12dcaa1b5""]"
TAG-e11e8bedbfc6a3f63206e87e,ROOTCOMP-741559237f1092c0e6402eb4,institutional_channel,ordinance_council_adoption,bounded event evidence and corrected compensation metadata,"[""WCM-801e2bec248511d14d31d1f1"",""WCM-f2cd013e9602c3f3273391db""]"
TAG-fbe3a124a6af6b83e0a843c0,ROOTCOMP-122070b583b885e0a3d82590,institutional_channel,ordinance_council_adoption,bounded event evidence and corrected compensation metadata,"[""WCM-9421f684915ea8d5479445dc""]"
TAG-a198a08eaed9ac0f028e2718,ROOTCOMP-241344562b67368dd7dda40d,institutional_channel,none_identified,bounded event evidence and corrected compensation metadata,"[""WCM-b873e093d15b30540cbfd8cf""]"
TAG-2ed26677de6d482bc9b5754b,ROOTCOMP-4871116fc31997791f1a4361,institutional_channel,none_identified,bounded event evidence and corrected compensation metadata,"[""WCM-101fa715bd3d5934ab594cc2""]"
TAG-4ec4d84caccdb96542f9682c,ROOTCOMP-32850f14b87cf17590375e39,institutional_channel,none_identified,bounded event evidence and corrected compensation metadata,"[""WCM-2b19572e2f251c56c93b78a1"",""WCM-5d5f81a1c40a925a436593d4"",""WCM-e615f0df8e320670a5574277"",""WCM-f1b22db8a7d9d32a7d2b0ba0""]"
TAG-3aebe97424d46a603f25616b,ROOTCOMP-fc6c3082482675242818c175,institutional_channel,none_identified,bounded event evidence and corrected compensation metadata,"[""WCM-328d26ff358342e5e32d775e"",""WCM-3a0f34b78c0d71cf7d7d75f5""]"
TAG-0ee14a5ae80da4ede8162e22,ROOTCOMP-74c72d23b09aff4b56108fd3,institutional_channel,none_identified,bounded event evidence and corrected compensation metadata,"[""WCM-b3f323045865328651ead89a"",""WCM-e297b6654d89c79122506898""]"
TAG-30394fd3b327797ce31cafce,ROOTCOMP-37448f61548d9085971ba132,institutional_channel,ordinance_council_adoption,bounded event evidence and corrected compensation metadata,"[""WCM-1fb259435f04652d7239c137"",""WCM-302f18c7a57c9301eb7ce85e"",""WCM-5a4acc64a1edd16a1b8755e3"",""WCM-f2459313b2eb82643c70668a""]"
TAG-c77139fefe9a0705dc48acdd,ROOTCOMP-306543a858c295264f10579e,institutional_channel,none_identified,bounded event evidence and corrected compensation metadata,"[""WCM-5327a3ca8d15f53c12c1e788""]"
TAG-db9c949165b89c8908474f85,ROOTCOMP-590dfc25957d58e217f799e5,institutional_channel,none_identified,bounded event evidence and corrected compensation metadata,"[""WCM-7c47a8f3034a5ffdbc34345f""]"
TAG-a87badc77cd0bdb115ee966a,ROOTCOMP-a43122cb42150783a1177ec3,institutional_channel,none_identified,bounded event evidence and corrected compensation metadata,"[""WCM-28637147710048f6dc0f0906"",""WCM-87e75e763f0e3dbc8423d793"",""WCM-a2056c3f2bb57965fa507454"",""WCM-e8c538c3a5b7d5e2df5654ee""]"
TAG-2e7f05fce08589b75f7a61ae,ROOTCOMP-400ac479fb712014e5018840,institutional_channel,ordinance_council_adoption,bounded event evidence and corrected compensation metadata,"[""WCM-3b2150a4756fa21f8f389529""]"
TAG-e46693b9906fca69a328acf8,ROOTCOMP-be1c4c3770698703211675b3,institutional_channel,ordinance_council_adoption,bounded event evidence and corrected compensation metadata,"[""WCM-d15bf66b684b245e637caca9""]"
TAG-15eebeb713350832395da516,ROOTCOMP-4e4032f5016b2cef59c0dfc1,institutional_channel,none_identified,bounded event evidence and corrected compensation metadata,"[""WCM-a68c788362273649d69eb5b3""]"
TAG-10f1fd887a93f53d08c11c2e,ROOTCOMP-794eb7aa3d1018cfb3e572bf,institutional_channel,none_identified,bounded event evidence and corrected compensation metadata,"[""WCM-5cbfebd3f42b424ba5465124""]"
TAG-45146de243985d4b7835e04e,ROOTCOMP-a53e3aad6e6b9205268abd1b,institutional_channel,none_identified,bounded event evidence and corrected compensation metadata,"[""WCM-32cdf9ad6605dafcf4d3f112"",""WCM-f2862e0aa2a585bc7e313e0f"",""WCM-f8f623cd7c0e0d7e0fe8e918""]"
TAG-3245f3e19efc81b3537c6d05,ROOTCOMP-b99f56c6f96b8cbd2436ce52,institutional_channel,ordinance_council_adoption,bounded event evidence and corrected compensation metadata,"[""WCM-090a052a420a3468cc14bd3c""]"
TAG-e35182eec6e2553c2e74ec40,ROOTCOMP-d6b927e6c779ed094c21f691,institutional_channel,ordinance_council_adoption,bounded event evidence and corrected compensation metadata,"[""WCM-11d8e1dd0a2ceaf8324e0104""]"
TAG-01eec28a47ba158857aabb9e,ROOTCOMP-c88a64e6af490ae997a7e5de,institutional_channel,none_identified,bounded event evidence and corrected compensation metadata,"[""WCM-b083592ae2f9cdf3adc84b64""]"
TAG-eaa5c9b9fd7d1b36a1f32f90,ROOTCOMP-8911dadc1986541e939f377f,institutional_channel,none_identified,bounded event evidence and corrected compensation metadata,"[""WCM-4909aaa28e94f310f5769dd4""]"
TAG-d33bb43f287be8db584ee85f,ROOTCOMP-3ce61cf81b528025a303d3e8,institutional_channel,budget_pay_plan_process,bounded event evidence and corrected compensation metadata,"[""WCM-10423096fdf37266b2985095""]"
TAG-f189a15323c8a216f7dc8be1,ROOTCOMP-c3ee62fca816b89fe7c50f06,institutional_channel,none_identified,bounded event evidence and corrected compensation metadata,"[""WCM-b17116e230d29ee4252824a7"",""WCM-ca6ce9001924ee817d6a82bc""]"
TAG-2ed4a580e87a3a69c67069c0,ROOTCOMP-7c8fba7dd15c09cf91a5fc41,institutional_channel,ordinance_council_adoption,bounded event evidence and corrected compensation metadata,"[""WCM-ac7e7fdc8324578b2b15750e""]"
TAG-9a0024dee5ed79172a264282,ROOTCOMP-c58452c7ea862eecc1286bb6,institutional_channel,none_identified,bounded event evidence and corrected compensation metadata,"[""WCM-faa6d43d3a3b8a65c802b293""]"
TAG-b0a1bc3e134ce3a445762fad,ROOTCOMP-243d860c1dab80b3293be778,institutional_channel,none_identified,bounded event evidence and corrected compensation metadata,"[""WCM-e45ccb6f7c10d697b7fbd6ad""]"
TAG-b8e07c6e40bf6fb12a242002,ROOTCOMP-13dc010c0eb2ed6ae4f2ae7a,institutional_channel,ordinance_council_adoption,bounded event evidence and corrected compensation metadata,"[""WCM-40725a21c1ee8868f7723cbc"",""WCM-f127e493526fc001a62763a3""]"
TAG-6618f9a399579ce2af612b8b,ROOTCOMP-46de600bb1bde6259d7d8f83,institutional_channel,none_identified,bounded event evidence and corrected compensation metadata,"[""WCM-30be56663ac3a9b1df49ade6""]"
TAG-f8a753c5a4eadc66a87af0ed,ROOTCOMP-a27547c74e0aa81a8b3b266c,institutional_channel,none_identified,bounded event evidence and corrected compensation metadata,"[""WCM-7f244cef6d83f3c3a8b1d775""]"
TAG-efb4ca921919d78f87cfe67a,ROOTCOMP-d090bd4b1549787d514c1347,institutional_channel,none_identified,bounded event evidence and corrected compensation metadata,"[""WCM-3f72e9f0eedafbc8005e2672"",""WCM-85f2391f9605211381fad4cf""]"
TAG-3b4fa36225627a5b764c570b,ROOTCOMP-8b07f068e6dc420b311340d6,institutional_channel,none_identified,bounded event evidence and corrected compensation metadata,"[""WCM-cbe79884c2d973a4c9448abd""]"
TAG-451a9eaebc01b49272954e13,ROOTCOMP-cf5f71510e9ea56f7b6ce1fd,institutional_channel,none_identified,bounded event evidence and corrected compensation metadata,"[""WCM-9fea82632d6cd47bcd300b19""]"
TAG-058de9ecb9024a1f148ed8ca,ROOTCOMP-28415e3924ef6718db4cdd51,institutional_channel,none_identified,bounded event evidence and corrected compensation metadata,"[""WCM-57e3085d53f5e6a4d4241343"",""WCM-c1ab533ce834ea54ef2fdfd8"",""WCM-ed3e1dc69b87f1f6425442ab""]"
TAG-7d365be9580d0969850cbf73,ROOTCOMP-e3b82e98e2d560bd1e538099,institutional_channel,none_identified,bounded event evidence and corrected compensation metadata,"[""WCM-e511b96a34dfbe8b106974ac""]"
TAG-a1606d4b852b22e262e0c272,ROOTCOMP-2ecf00dfe9f204828596d7e2,institutional_channel,ordinance_council_adoption,bounded event evidence and corrected compensation metadata,"[""WCM-ed31581833c2769ac85cc5d6""]"
TAG-60b89a598ee81855043150ae,ROOTCOMP-319027c4664010c25dcc5b9c,institutional_channel,none_identified,bounded event evidence and corrected compensation metadata,"[""WCM-ee3ac11d0e6be2ccfe1c7dd3""]"
TAG-4cd4b43e0699c442b16765fb,ROOTCOMP-63e9d2ef908e2936a5f1a9d6,institutional_channel,none_identified,bounded event evidence and corrected compensation metadata,"[""WCM-62d638863751a7ac051af0a7""]"
TAG-6e6de3ef8321d8d0edc13109,ROOTCOMP-9060ebd6447a0fcf494a50c4,institutional_channel,none_identified,bounded event evidence and corrected compensation metadata,"[""WCM-b999c9ce4ebe9b86ec34a757""]"
TAG-762b3a8ea32963722645626a,ROOTCOMP-7842e676c875ab64a84288fe,institutional_channel,none_identified,bounded event evidence and corrected compensation metadata,"[""WCM-6a2e21ab5c0b0110d4199ad9""]"
TAG-4ccce6d81402198724e29deb,ROOTCOMP-e00bdb2a92b845144deefb63,institutional_channel,none_identified,bounded event evidence and corrected compensation metadata,"[""WCM-e4201be579afdf4382550a29""]"
TAG-86f77f753b51020261652cbf,ROOTCOMP-636e40b4b3f6710e768e8acf,institutional_channel,budget_pay_plan_process,bounded event evidence and corrected compensation metadata,"[""WCM-62311fc13217ade247977e36""]"
TAG-ba478f49229d4eaf1064b0b6,ROOTCOMP-5d9279955b14f62ec3c142fc,institutional_channel,budget_pay_plan_process,bounded event evidence and corrected compensation metadata,"[""WCM-d9bf7f69fd21cef942931e53""]"
TAG-83737be6086ec99fdc447726,ROOTCOMP-b96f91f59a357aa36fb4d2e6,institutional_channel,collective_bargaining,bounded event evidence and corrected compensation metadata,"[""WCM-5df4a97131a922bb124452bd""]"
TAG-a9ab6f07693f3e96727e8e5f,ROOTCOMP-b96f91f59a357aa36fb4d2e6,institutional_channel,ordinance_council_adoption,bounded event evidence and corrected compensation metadata,"[""WCM-5df4a97131a922bb124452bd""]"
TAG-671fb5c82219115c17b6f67d,ROOTCOMP-6277147a039ba10fccada2de,institutional_channel,none_identified,bounded event evidence and corrected compensation metadata,"[""WCM-18897569735a34f3a4943972""]"
TAG-05392f97eba240b96db5073a,ROOTCOMP-c88d65874563775ea6c1819b,institutional_channel,none_identified,bounded event evidence and corrected compensation metadata,"[""WCM-47b14f35b37336859d1fa146""]"
TAG-0f083140f4501737c63cb0b7,ROOTCOMP-9fd42b5b8c1f696518eaedf9,institutional_channel,none_identified,bounded event evidence and corrected compensation metadata,"[""WCM-25dd1056e9467dae17401aa8"",""WCM-8717daf055dca0bb1e021bbc"",""WCM-b43ba58e9eb345c66f2667bc""]"
TAG-e0b23c59f4bee5b4152faa41,ROOTCOMP-943b4956f9b8b7c06332489a,institutional_channel,none_identified,bounded event evidence and corrected compensation metadata,"[""WCM-420fb57f994ed8d41e0d9af5""]"
TAG-eb7d373787cdb1cc9507ca5d,ROOTCOMP-a6ba33fd5897d17e288fa0d0,institutional_channel,none_identified,bounded event evidence and corrected compensation metadata,"[""WCM-8981d7595a59cfb7acee4d22""]"
TAG-3834ab2fda73e04c2a030a7f,ROOTCOMP-00527d5e7979e84ba8581000,institutional_channel,none_identified,bounded event evidence and corrected compensation metadata,"[""WCM-1dd3d492c0a2314278931890""]"
TAG-02dccb831b9e2faab58f2066,ROOTCOMP-f1552a1cab500b4ba723e609,institutional_channel,none_identified,bounded event evidence and corrected compensation metadata,"[""WCM-9e5341ff88a95901cbd303c3""]"
TAG-599067276d899ab5f48cb20f,ROOTCOMP-dcc30688881ac2b4221f522d,institutional_channel,none_identified,bounded event evidence and corrected compensation metadata,"[""WCM-87d32686a812ab241764e666"",""WCM-a4f36b459a32df09104cb32f""]"
TAG-0fb4a6a937ca1b19f2a30156,ROOTCOMP-7b5a75196fe7d7286a3caf92,institutional_channel,none_identified,bounded event evidence and corrected compensation metadata,"[""WCM-8df54b6bd2574b8f95bbb4d8""]"
TAG-cd4587a513725bee6ffcfee7,ROOTCOMP-6a9beb9a0d3b942cae2fdd5c,institutional_channel,none_identified,bounded event evidence and corrected compensation metadata,"[""WCM-d95e7bf73807c68a232392ec""]"
TAG-a375ccd48d7605f92964d4ce,ROOTCOMP-8e44c7ac06fa9cc2a9c3906c,institutional_channel,none_identified,bounded event evidence and corrected compensation metadata,"[""WCM-4b4f241c60d0ab43d386c91b"",""WCM-cf6de8d33dd92ecf1b3b7127""]"
TAG-9dcc5fbedacaf543c0249120,ROOTCOMP-68e5a94ef6cefa0a75733112,institutional_channel,none_identified,bounded event evidence and corrected compensation metadata,"[""WCM-e96acaa2901dc80f42607fb4""]"
TAG-bfe3bbcf939a5712e59c64d7,ROOTCOMP-cfce038563eebcee121ebbf1,institutional_channel,none_identified,bounded event evidence and corrected compensation metadata,"[""WCM-a1145cd137682f75c7fb9214""]"
TAG-a350f731710cf391dc9213b3,ROOTCOMP-c4b30f6b52f2fb8bff60de70,institutional_channel,none_identified,bounded event evidence and corrected compensation metadata,"[""WCM-62f6f78ed8bfeb9a5a6eebd1"",""WCM-ce146d6fd252aadedf06d0c0""]"
TAG-95ed7f4d4ae52d488d58db11,ROOTCOMP-21ba4d6b54d5ed4744e73220,institutional_channel,none_identified,bounded event evidence and corrected compensation metadata,"[""WCM-8dd62e9a3c49ac00266bfcb8""]"
TAG-f0f0c8f407dca0660591e350,ROOTCOMP-8d9878a5f0c31beaf4de15d5,institutional_channel,none_identified,bounded event evidence and corrected compensation metadata,"[""WCM-48f922204148770ebab5c5af""]"
TAG-9921545e74c1cfa9340e1737,ROOTCOMP-a017faf28bc7a62f4eebddf4,institutional_channel,none_identified,bounded event evidence and corrected compensation metadata,"[""WCM-310141a430d6b7845fa4d6c3"",""WCM-a6427d6d9f18efe0a0e35a7c""]"
TAG-99bc2befa6b84a707c5751df,ROOTCOMP-189f810fc5a7bf09d5a2cd2e,institutional_channel,none_identified,bounded event evidence and corrected compensation metadata,"[""WCM-a8972591197fee617c092cbe""]"
TAG-b7dcbef1f6723eb5ffa377cf,ROOTCOMP-37d9130a37e902366b98d866,institutional_channel,none_identified,bounded event evidence and corrected compensation metadata,"[""WCM-853f0e86185b1423fa932245""]"
TAG-b613ff101f54a699269e5e49,ROOTCOMP-69521973f960dbdf58f517ac,institutional_channel,none_identified,bounded event evidence and corrected compensation metadata,"[""WCM-4ba2faf1a2dca2e43bbce1ae"",""WCM-6dd56e4d1ef58829df1a01fc""]"
TAG-205f76d44103edbca549da9b,ROOTCOMP-952cb2e54ce1b885346983f1,institutional_channel,none_identified,bounded event evidence and corrected compensation metadata,"[""WCM-0e7c2c888a12cc7b54efaa09"",""WCM-f6c2307103455d5bde4996b8""]"
TAG-0b7b2876d0f9379883965e65,ROOTCOMP-e4a3ef524df791678fab2545,institutional_channel,none_identified,bounded event evidence and corrected compensation metadata,"[""WCM-44a747d36d96d61a35daccb3"",""WCM-850c7f4d8aee68f0813dc105""]"
TAG-a62bf60508050ba465ea15f9,ROOTCOMP-61f8e2004077c564eecfcdbf,institutional_channel,none_identified,bounded event evidence and corrected compensation metadata,"[""WCM-c299cae71ea6c1e1447cb257""]"
TAG-2335d67f7b2d4c8ea37d4692,ROOTCOMP-97d94d7d6ac6d400d5153b5d,institutional_channel,none_identified,bounded event evidence and corrected compensation metadata,"[""WCM-46b915220e9278a74d39e935""]"
TAG-806402f353e00126574ccd70,ROOTCOMP-8a76cd7fb5bdbe76586045fa,institutional_channel,none_identified,bounded event evidence and corrected compensation metadata,"[""WCM-801a5638f07fef5d35d32696""]"
TAG-834203f75640cd883e027c06,ROOTCOMP-e23ca8c282f2fc4b5bf46c00,institutional_channel,none_identified,bounded event evidence and corrected compensation metadata,"[""WCM-0794dd5b2d1369ec4bf0ddcf""]"
TAG-b4d975cbef42f891ea549b80,ROOTCOMP-52d531d150b31f21c8636063,institutional_channel,settlement_or_mou,bounded event evidence and corrected compensation metadata,"[""WCM-5ba2a3e70e62ba100aaa69c8""]"
TAG-99d3dbafb0c8e2892a20ea42,ROOTCOMP-8674b513dd9b66ef5183813d,institutional_channel,none_identified,bounded event evidence and corrected compensation metadata,"[""WCM-7d597da7abc608e72bf39966""]"
TAG-da59082342d51880ee34f88b,ROOTCOMP-ba5d1943edc5d6e2482e5ac4,institutional_channel,none_identified,bounded event evidence and corrected compensation metadata,"[""WCM-6e06c926f3e923c579dbeeea""]"
TAG-2eb1c013fca42b6b7f08489c,ROOTCOMP-1307da9dedbde00809432361,institutional_channel,none_identified,bounded event evidence and corrected compensation metadata,"[""WCM-a4b9a30cede50ec7f5afc9c5""]"
TAG-56327504833f161302ac686a,ROOTCOMP-5a4531b54bb3d23a6a36693f,institutional_channel,settlement_or_mou,bounded event evidence and corrected compensation metadata,"[""WCM-c7b71bbaa5541ce971c884b5""]"
TAG-74563a94ab4eb52d3d4d399e,ROOTCOMP-f261ac9ccab74cbf7b28acda,institutional_channel,none_identified,bounded event evidence and corrected compensation metadata,"[""WCM-7f2c6ea00539643f9ba930b0""]"
TAG-1f7182d35d83d5e6d4adca1a,ROOTCOMP-2644fe18720854aea3bf33e8,institutional_channel,none_identified,bounded event evidence and corrected compensation metadata,"[""WCM-a40dc69eb582eccee30d886e""]"
TAG-90589aa53dbdcc9ade106db6,ROOTCOMP-d0adc928295d3796a3192f23,institutional_channel,none_identified,bounded event evidence and corrected compensation metadata,"[""WCM-92f192d1d163dbab922e1bee""]"
TAG-d6401b4095b87925ef758231,ROOTCOMP-3d0267342aa24db919f9a300,institutional_channel,none_identified,bounded event evidence and corrected compensation metadata,"[""WCM-30501d7a1d391c64ac6de694"",""WCM-7be3d65d35fc1daec9311ff8"",""WCM-d570b5564131e5da2f6c6206""]"
TAG-653dc4771974ccd9b9bd8870,ROOTCOMP-8ef148b818b9dcda8921ca5e,institutional_channel,none_identified,bounded event evidence and corrected compensation metadata,"[""WCM-5e5d0923f4ca1a1145bc4918""]"
TAG-b30a1a4ff9e25d012421e982,ROOTCOMP-d09ce46104635ab17ca6476f,institutional_channel,none_identified,bounded event evidence and corrected compensation metadata,"[""WCM-1b9b2965e01672e41c4d2092"",""WCM-f5f94d142ab75aac9d6b3a6c""]"
TAG-9764dbbde678e53fb844ec0c,ROOTCOMP-0d55c65b2d05df47a3c8668f,institutional_channel,none_identified,bounded event evidence and corrected compensation metadata,"[""WCM-e9fe12dfa98b7d180771aa19""]"
TAG-50d5f504bbf929192364e403,ROOTCOMP-6813695584fbb5a3de8c83ab,institutional_channel,none_identified,bounded event evidence and corrected compensation metadata,"[""WCM-dbc193ea7910ba31f62432fb""]"
TAG-9ee5872f0f65a95a104b12b9,ROOTCOMP-a099ce668df8748148690039,institutional_channel,none_identified,bounded event evidence and corrected compensation metadata,"[""WCM-2fc323cab2bfba616a5ec261"",""WCM-e08926bd34a20e1840a1b621""]"
TAG-8a0aab4fd56328df31e6ff8d,ROOTCOMP-55935de48481eebe09358883,institutional_channel,none_identified,bounded event evidence and corrected compensation metadata,"[""WCM-3124687c0ab20eef74d94f3e""]"
TAG-967186a6e4dffdb180211b4d,ROOTCOMP-5495819d63082dfac506d234,institutional_channel,ordinance_council_adoption,bounded event evidence and corrected compensation metadata,"[""WCM-1e6e563dae19b6c71e43fd24""]"
TAG-b69b2914fea58507d2fa8b21,ROOTCOMP-1a4f312784e8c2fb48d1e549,institutional_channel,none_identified,bounded event evidence and corrected compensation metadata,"[""WCM-b138acee4b56a021f1988692""]"
TAG-9fd143f6807a95588e082faf,ROOTCOMP-c0fce892699edc402c479813,institutional_channel,none_identified,bounded event evidence and corrected compensation metadata,"[""WCM-1de4ceaf8c3dcd82f2fd7ed3""]"
TAG-3b08b93d9a8a224a3d673d2b,ROOTCOMP-451e5e3098d2db68ebe3984d,institutional_channel,none_identified,bounded event evidence and corrected compensation metadata,"[""WCM-e8d8e4669dac1797bab76f1d""]"
TAG-a2f026703f3f9ec4020d2a0e,ROOTCOMP-8742949c5265c5dc38ab3392,institutional_channel,none_identified,bounded event evidence and corrected compensation metadata,"[""WCM-91f6a0ef0577ab87285024e9""]"
TAG-eefde7ad7585f376e6ed89ad,ROOTCOMP-a1010235bdf2497a4af4ebd1,institutional_channel,none_identified,bounded event evidence and corrected compensation metadata,"[""WCM-b95f669956cd93d87c29c88a""]"
TAG-e0489ffeb335da54ba11e030,ROOTCOMP-263bb9f900994319f8abba1e,institutional_channel,none_identified,bounded event evidence and corrected compensation metadata,"[""WCM-b3552fa98c566d9caa5d6d13""]"
TAG-abe62fb2487cb0346922222b,ROOTCOMP-1640d6120479dd2be3865784,institutional_channel,none_identified,bounded event evidence and corrected compensation metadata,"[""WCM-e2e4acbc63f0c7eb2068692d""]"
TAG-234f966779a34db1e119091c,ROOTCOMP-9309f82b134bb46beed53778,institutional_channel,none_identified,bounded event evidence and corrected compensation metadata,"[""WCM-baefdcbca31d2454eb46b10c""]"
TAG-9e5b04b8b0f32b9bff0a4de3,ROOTCOMP-3b36c1d912c194b4554d318c,institutional_channel,none_identified,bounded event evidence and corrected compensation metadata,"[""WCM-52d34dacc0041f9ab4c245f2""]"
TAG-7db51761fb5fd2313fd95e83,ROOTCOMP-af547e7aed988c4cd1c7bcaa,institutional_channel,none_identified,bounded event evidence and corrected compensation metadata,"[""WCM-0839c8c460565b820210ed30"",""WCM-336b4dd2731aa9b1aa4b63b8"",""WCM-6a0dbbdff72709777fd4341c""]"
TAG-9fe00fe62ae190044afd43fe,ROOTCOMP-056c7cbfd96464211cf5c23f,institutional_channel,none_identified,bounded event evidence and corrected compensation metadata,"[""WCM-915150d5215240bba3d2087f""]"
TAG-6506e13268c72c7855ddde90,ROOTCOMP-8c231d57a75cddafe74b5520,institutional_channel,none_identified,bounded event evidence and corrected compensation metadata,"[""WCM-243b547e950c1469115e19d5"",""WCM-40542ba3cf6cf328c26b2616""]"
TAG-1158ab43fc4257ef1b0aa0c8,ROOTCOMP-ec1b32d9f84225777606110d,institutional_channel,none_identified,bounded event evidence and corrected compensation metadata,"[""WCM-b0bf563bae4ae4e78ce08f05"",""WCM-e461d15778ecec7040552366""]"
TAG-1bf2dcc6efe9661807acc649,ROOTCOMP-1f62f89fc339cd08ce38d6be,institutional_channel,none_identified,bounded event evidence and corrected compensation metadata,"[""WCM-02970e624e00fcb727b93199"",""WCM-fc1fd7751d6a1b636bd1b921""]"
TAG-d9504772402b09e9ec5f028b,ROOTCOMP-360e81dfd0cc0d8d3318da83,institutional_channel,none_identified,bounded event evidence and corrected compensation metadata,"[""WCM-a20a1ec2ce86444288c4a7c9""]"
TAG-9127b67208789ccbd5cc425c,ROOTCOMP-c347858ac40c0d856986e4bd,institutional_channel,none_identified,bounded event evidence and corrected compensation metadata,"[""WCM-4dd7a2eb8ad39c70a9609960""]"
TAG-246454bba3abb22d59999146,ROOTCOMP-39d68635b7a68450399f5300,institutional_channel,ordinance_council_adoption,bounded event evidence and corrected compensation metadata,"[""WCM-879572c4b58573bfd873e4ec""]"
TAG-f945eb63c69f987ca85fdf48,ROOTCOMP-3d2d50219db6d50e078daa2c,institutional_channel,ordinance_council_adoption,bounded event evidence and corrected compensation metadata,"[""WCM-5ac3ff15db75c31019a928c7""]"
TAG-5fd391aedba1aae776261666,ROOTCOMP-34f97d318407d8d6a257ee4f,institutional_channel,none_identified,bounded event evidence and corrected compensation metadata,"[""WCM-62cff4089154584cf1395bfd""]"
TAG-1d216f0b0f6c88fa8188eadf,ROOTCOMP-8305a5ece93047751a6f7cb7,institutional_channel,none_identified,bounded event evidence and corrected compensation metadata,"[""WCM-992af865d4f3249ded7f4dd5""]"
TAG-203ada33857cb311cdab9b89,ROOTCOMP-a40b84c825804c9383dc3468,institutional_channel,none_identified,bounded event evidence and corrected compensation metadata,"[""WCM-6c974f1beb3fbc178edda4a8""]"
TAG-d69787712ea5e68a33bb3d7e,ROOTCOMP-f89912a2825f0c873a3b2646,institutional_channel,none_identified,bounded event evidence and corrected compensation metadata,"[""WCM-4f07b23f64496a19a98448a5"",""WCM-96768cda084376b90786dd43""]"
TAG-462168f3639ca77e41a3fa8b,ROOTCOMP-dff7d5d752f9b21af2a29818,institutional_channel,ordinance_council_adoption,bounded event evidence and corrected compensation metadata,"[""WCM-324a75e0dfdbd784d3ed359e""]"
TAG-8c8b85c4aaae9fd407c72333,ROOTCOMP-ef20570731444b70637886a9,institutional_channel,none_identified,bounded event evidence and corrected compensation metadata,"[""WCM-e56e74ce682a8ab1d01f5421""]"
TAG-87e9e7d7ad27984055de7dca,ROOTCOMP-925e912a8f6872959185d235,institutional_channel,ordinance_council_adoption,bounded event evidence and corrected compensation metadata,"[""WCM-b9724f9e183d418cba63f329""]"
TAG-4c1080deb592fae49f1042e5,ROOTCOMP-7038f8c03b9b78138c1b6577,institutional_channel,none_identified,bounded event evidence and corrected compensation metadata,"[""WCM-22cd275cff4c881414cc839a"",""WCM-a3a1678e2ae60a8af71df1a8""]"
TAG-80fdb6962cf71fd4f5d6c0f9,ROOTCOMP-877fbb696b8f5f1a117b086f,institutional_channel,ordinance_council_adoption,bounded event evidence and corrected compensation metadata,"[""WCM-8e01bebb10e1cdf69684fba0"",""WCM-c0b500ececf14975cd1904b1""]"
TAG-a43b796969101f30f0bca85a,ROOTCOMP-449305a7d4fc00e8cf8d0481,institutional_channel,none_identified,bounded event evidence and corrected compensation metadata,"[""WCM-6b6012a104b6c20bc2798264""]"
TAG-a1f945b7ae6eda7e99ad27c8,ROOTCOMP-5940d656e136c76734af719c,institutional_channel,none_identified,bounded event evidence and corrected compensation metadata,"[""WCM-7d4f2ac181eebcb682edb2d1""]"
TAG-bd595a8c4ba51481e748eb40,ROOTCOMP-45f75a7e183569945c721153,institutional_channel,none_identified,bounded event evidence and corrected compensation metadata,"[""WCM-c5f6c8fb9d6e23ca49373f85""]"
TAG-ccc008b845f28d311de78a5b,ROOTCOMP-d4eb4fcad04c7025e8142d97,institutional_channel,none_identified,bounded event evidence and corrected compensation metadata,"[""WCM-a8216d08156d79dfada6ba64""]"
TAG-bf514c027225d935b069da18,ROOTCOMP-d1910b5988e8d77e6d25fa97,institutional_channel,none_identified,bounded event evidence and corrected compensation metadata,"[""WCM-f0236bd33573d49b9bc63430""]"
TAG-711efb8b77a047376f1d38ea,ROOTCOMP-2e019b8bfdbd37889b6aba83,institutional_channel,none_identified,bounded event evidence and corrected compensation metadata,"[""WCM-13bfe7be9e81a772b25b3667""]"
TAG-39043e7d6e04d437e8672d62,ROOTCOMP-5fe0f5744d58f8d192835cc2,institutional_channel,none_identified,bounded event evidence and corrected compensation metadata,"[""WCM-b73baae5cbd82f6be505fc0d""]"
TAG-29c4163c5d2817b31b320b02,ROOTCOMP-999266b43191fb06da6b8a33,institutional_channel,none_identified,bounded event evidence and corrected compensation metadata,"[""WCM-0bf634ce33369f41c664202c""]"
TAG-c4d25428eec7b2d156a78577,ROOTCOMP-23d6a67bf33a09fe0098ada9,institutional_channel,none_identified,bounded event evidence and corrected compensation metadata,"[""WCM-f2eedb08a9034981e9347f08""]"
TAG-bffffc5b1aabf7d4a68347cc,ROOTCOMP-ffed1d21e7412de30295500b,institutional_channel,none_identified,bounded event evidence and corrected compensation metadata,"[""WCM-c5fb48b20041ddc85edce49d""]"
TAG-91975e929c0f92fd60e0e2ff,ROOTCOMP-ef8f628f8c1296c66c427879,institutional_channel,none_identified,bounded event evidence and corrected compensation metadata,"[""WCM-04a9fb75829becc8375196b4"",""WCM-56a6725085a6ae99ef72adfa""]"
TAG-65dc05b3ebdfcf5497bdb8db,ROOTCOMP-33f628c7a7b27bafccddd200,institutional_channel,none_identified,bounded event evidence and corrected compensation metadata,"[""WCM-a001b5a982ccb49fc3d93e7b""]"
TAG-d841ed4a5322b30bd6716010,ROOTCOMP-020ed2bc18d99af099cad1b7,institutional_channel,none_identified,bounded event evidence and corrected compensation metadata,"[""WCM-4b146f17f5dc482b0d0870c8"",""WCM-8a567daab14a48e0126473eb""]"
TAG-785754b50588d40ca678b33f,ROOTCOMP-b1f1d3fd64ca4a61902d9977,institutional_channel,none_identified,bounded event evidence and corrected compensation metadata,"[""WCM-220401e73513e3b15e00cda6"",""WCM-2f17819a0d1e4ae530c932d7"",""WCM-ac296aa18066a14875e7d4b2""]"
TAG-77eb20b93b978b012ca81d66,ROOTCOMP-5d9524781243ae68b227de0d,institutional_channel,none_identified,bounded event evidence and corrected compensation metadata,"[""WCM-ee3171e6e02606ff846ab11b""]"
TAG-2653bf2b607174ba8ec0f25d,ROOTCOMP-d67f6f5fd1112939de3fe068,institutional_channel,none_identified,bounded event evidence and corrected compensation metadata,"[""WCM-3c0c40b94c92107def8a88a4""]"
TAG-7a000ea622ac209f9903dd58,ROOTCOMP-b7d1eef8f7181d2d84719d92,institutional_channel,none_identified,bounded event evidence and corrected compensation metadata,"[""WCM-c4e7e64c19cfd54af4860d73""]"
TAG-033299c63294b3376d4713a3,ROOTCOMP-b3d0f6abe308bcd1c7ee170f,institutional_channel,none_identified,bounded event evidence and corrected compensation metadata,"[""WCM-25cd152e8a54e650e869ac9a"",""WCM-af5e43b4d92a7388859634ff""]"
TAG-a05c773714f0485068722141,ROOTCOMP-37494d4926ad7e27d07f9cfc,institutional_channel,none_identified,bounded event evidence and corrected compensation metadata,"[""WCM-123e05158fb8eef6a448ae93"",""WCM-bb3b5e5046ddc454a810a3b9""]"
TAG-367dd7a383a2f0dbff665510,ROOTCOMP-9cf338484972a46ef97362f3,institutional_channel,none_identified,bounded event evidence and corrected compensation metadata,"[""WCM-aef2869e777b5bcb6c504308""]"
TAG-a62e1c66bcc7ba6e12953c27,ROOTCOMP-cbf32911c397e6b64befef08,institutional_channel,none_identified,bounded event evidence and corrected compensation metadata,"[""WCM-70b43c6fd5963793e6c72f3a""]"
TAG-3b3c99c6ad85d2216c79b108,ROOTCOMP-fff188297390f95b0134e08f,institutional_channel,none_identified,bounded event evidence and corrected compensation metadata,"[""WCM-0d6aab7887cbb2db63b9522d"",""WCM-cbccd0ea1e1e45ac74602182""]"
TAG-513f9a48867391845ff8ee0a,ROOTCOMP-c5e6689ce311bcb3c7e0cf8b,institutional_channel,none_identified,bounded event evidence and corrected compensation metadata,"[""WCM-785464885faf2f355c0b4e48""]"
TAG-99f321fde5cdab2ac3ea05d1,ROOTCOMP-0aeb0ababf4300253e69c274,institutional_channel,none_identified,bounded event evidence and corrected compensation metadata,"[""WCM-536e80a942b101295adb2ae8""]"
TAG-379d21cfd290e485187afd77,ROOTCOMP-cce6426404e2dee995a1d7cb,institutional_channel,budget_pay_plan_process,bounded event evidence and corrected compensation metadata,"[""WCM-5812a65d2041d0d9d991f6a3""]"
TAG-064afccabdf6e482d2986bb1,ROOTCOMP-1484edb9936d8bef4f698c39,institutional_channel,none_identified,bounded event evidence and corrected compensation metadata,"[""WCM-341c8e44c8c6a6b32e19885a"",""WCM-98445bbbb6dc2664539684f3""]"
TAG-34cc35c60c8a3cf704dcc300,ROOTCOMP-63be1e5b72374cb0e6640a2d,institutional_channel,none_identified,bounded event evidence and corrected compensation metadata,"[""WCM-d9f6002b22189933053fc6af"",""WCM-e8135fa860ddec0297b0de46"",""WCM-ef40893b129ddd664e6896ee"",""WCM-f483961e358a5f6d628a3af5""]"
TAG-343f10e19b2ec74ab114346d,ROOTCOMP-406b3c6b2afe738c7b79edfa,institutional_channel,none_identified,bounded event evidence and corrected compensation metadata,"[""WCM-664697548fc569dd9e9f66e8"",""WCM-8c655c7d582ffc654109adad"",""WCM-c1c77601e446973467600def""]"
TAG-a3b00965ecdcd702048a706d,ROOTCOMP-1033d9e7ed7b1566b6e7e3bc,institutional_channel,none_identified,bounded event evidence and corrected compensation metadata,"[""WCM-28d8a9386fffadbb190cd059"",""WCM-e8cdc91078157425690c57c3""]"
TAG-f9236623704f8b0d58f3872f,ROOTCOMP-ff04daca2921fe00eb484dc5,institutional_channel,none_identified,bounded event evidence and corrected compensation metadata,"[""WCM-3f532048d8c5981081f2dcff""]"
TAG-d0bac9df872e69e41dfb3558,ROOTCOMP-a443cce92c3865d42b4b7187,institutional_channel,none_identified,bounded event evidence and corrected compensation metadata,"[""WCM-e1bb2eaf63947bbffd688262""]"
TAG-595a31ce97ac33bdda7fe975,ROOTCOMP-30a6891d517ec437680b0841,institutional_channel,budget_pay_plan_process,bounded event evidence and corrected compensation metadata,"[""WCM-0c5607b9d06972d0615881a3"",""WCM-21b5ce7d0d943c25e2b4b6b6"",""WCM-3d45ed65cc98d9346744004f"",""WCM-6b938eeb385962f26005b0cc"",""WCM-73d7ddca81d31e1af80f692e""]"
TAG-aa96fdcc89b82c13b775d777,ROOTCOMP-2fa1c73170f02db91e2e360f,institutional_channel,none_identified,bounded event evidence and corrected compensation metadata,"[""WCM-1d80c7bb7149a1b253d81e8e"",""WCM-9c6a3c90c82a6840ef4b8c85"",""WCM-d71286b7afb3ca9af0fc55df""]"
TAG-5e9ca7c1a13cce9df7fe0b20,ROOTCOMP-edc0f8b09da1511681aa28fc,institutional_channel,budget_pay_plan_process,bounded event evidence and corrected compensation metadata,"[""WCM-6880c9e7513918e8593967eb""]"
TAG-db913bf156a1ed52fa45e495,ROOTCOMP-5ba8a9e870763c85aee503c9,institutional_channel,none_identified,bounded event evidence and corrected compensation metadata,"[""WCM-055409068b5f92dd909ff418""]"
TAG-178ab97d5218e5e4c8045272,ROOTCOMP-a94074c554cac3bff42fc96e,institutional_channel,none_identified,bounded event evidence and corrected compensation metadata,"[""WCM-317a49ac393d0073ac250a05"",""WCM-4231d119197bdd2e57f59f29"",""WCM-a2434da21fe8b65386089652""]"
TAG-7c12c68bea6f5c71d3db9085,ROOTCOMP-d33544474155d0d46359bf6f,institutional_channel,none_identified,bounded event evidence and corrected compensation metadata,"[""WCM-43d9d645e2926836c6462e7e""]"
TAG-3f791f450dc65fa3b2cf997e,ROOTCOMP-217886081e86300a9c435339,institutional_channel,none_identified,bounded event evidence and corrected compensation metadata,"[""WCM-5cebc937a85b00325a204038""]"
TAG-8cdcc1080b4f58e8492d7a05,ROOTCOMP-c52c516342745f5ffbe562c3,institutional_channel,none_identified,bounded event evidence and corrected compensation metadata,"[""WCM-6c96ccd74842db22960f0a8d""]"
TAG-501c39804c7bb00b74b73c08,ROOTCOMP-ca6fdaf5a6d9c00a155882f5,institutional_channel,none_identified,bounded event evidence and corrected compensation metadata,"[""WCM-f5d002e37325c16ba26bb86e""]"
TAG-36a1d15c8256895ac6b43e57,ROOTCOMP-3e2916f42abeb07f56562528,institutional_channel,budget_pay_plan_process,bounded event evidence and corrected compensation metadata,"[""WCM-0018949002a11f2a7ea9cbb6"",""WCM-49dedc929f250e8443cb3183"",""WCM-7bdaca8f117a9f02b7e13232"",""WCM-b49e6dd1f3b794b1c73ecb6d""]"
TAG-800240ccb7a34a835a4e2022,ROOTCOMP-30d038a3a748c0609825fca0,institutional_channel,budget_pay_plan_process,bounded event evidence and corrected compensation metadata,"[""WCM-ad4c98f56d731504436c0e78"",""WCM-c32a92e33e2dc70a1a10ec95"",""WCM-ca63a000fc8d9b10e6801000""]"
TAG-bc4891cc98e8913c257e1218,ROOTCOMP-6202f0690bafd8168431ebd3,institutional_channel,budget_pay_plan_process,bounded event evidence and corrected compensation metadata,"[""WCM-2ad5d997b95ee8458ec4de86""]"
TAG-5830ab778a5053df8c529bc5,ROOTCOMP-6202f0690bafd8168431ebd3,institutional_channel,settlement_or_mou,bounded event evidence and corrected compensation metadata,"[""WCM-2ad5d997b95ee8458ec4de86""]"
TAG-7573df6db270aa9f09a15766,ROOTCOMP-3d133ba0caa3ce9363cb3942,institutional_channel,none_identified,bounded event evidence and corrected compensation metadata,"[""WCM-29ff368f4415c2b5c9ec47ce""]"
TAG-d8adb08428a4ce1c8ae23822,ROOTCOMP-b2462b2d9825efe1e8f4adcb,institutional_channel,none_identified,bounded event evidence and corrected compensation metadata,"[""WCM-317d279425b5a381e8a52048"",""WCM-4ffdb41efbff97c6bca9000b"",""WCM-6378f58a932732817369e0f7"",""WCM-8d778e17fe2ff57ccc4867a9""]"
TAG-bcb52cc66cc0f9cfc6e8f522,ROOTCOMP-9081fecfc0c19e2e89b9737c,institutional_channel,none_identified,bounded event evidence and corrected compensation metadata,"[""WCM-4c477865acf319a0b2c5efa8"",""WCM-5d581679a156364908c2c043"",""WCM-b7aa6e867d793b184ec6412e"",""WCM-ead417e1b8b4c76a28972d46""]"
TAG-a31197d4f0a32d4daa530533,ROOTCOMP-5db969efd322f8997a271ae4,institutional_channel,budget_pay_plan_process,bounded event evidence and corrected compensation metadata,"[""WCM-c2b177cee72e063b2de44f14"",""WCM-e23dd1f44823f87080c388be""]"
TAG-e82d2e86cf8688ca15207ac1,ROOTCOMP-24bccea93286836a5be0e4cf,institutional_channel,none_identified,bounded event evidence and corrected compensation metadata,"[""WCM-7d7a1d75ca3302e09acd3b56""]"
TAG-675ac2e3dd0e853985f075e1,ROOTCOMP-53f302e088782546935a4896,institutional_channel,none_identified,bounded event evidence and corrected compensation metadata,"[""WCM-f80ebec2f1939f9ad7360487""]"
TAG-1e508c80671bdd45c34ea69d,ROOTCOMP-4692482af6b2d3a30dcaf3fe,institutional_channel,none_identified,bounded event evidence and corrected compensation metadata,"[""WCM-6762672617654b8462e58932""]"
TAG-aa3c8d087c93c8dca2056a7d,ROOTCOMP-5bd05aea660d70aac0fcf32b,institutional_channel,none_identified,bounded event evidence and corrected compensation metadata,"[""WCM-d66fa4ae106f55aa54743329""]"
TAG-80a86e70b1508fa6b196ec97,ROOTCOMP-31ef4ab9959031e7519af061,institutional_channel,none_identified,bounded event evidence and corrected compensation metadata,"[""WCM-21bad389171dadcf489bece2""]"
TAG-46b796c1ac9d0999f6bc24b1,ROOTCOMP-20d362c553e5f0b7021d284a,institutional_channel,none_identified,bounded event evidence and corrected compensation metadata,"[""WCM-7caed1aaeafc858a53e604cf""]"
TAG-51965f8c7d5abb86728cb9b2,ROOTCOMP-175f5cdf707e0f3d9040caa4,institutional_channel,none_identified,bounded event evidence and corrected compensation metadata,"[""WCM-2a20e6a1e4ed513f54516602"",""WCM-70a05de87ecb596a796d673a"",""WCM-d41f81ebc8328cc4da7bfefc""]"
TAG-12f6035077ecbeae8dcfd49e,ROOTCOMP-2a27d16ccfa089db86c3460b,institutional_channel,budget_pay_plan_process,bounded event evidence and corrected compensation metadata,"[""WCM-f51b1df07d61d5762cb70f32""]"
TAG-a264524b4ba9b0ba99c6fa06,ROOTCOMP-b54f89a5fd3ef0087076de55,institutional_channel,budget_pay_plan_process,bounded event evidence and corrected compensation metadata,"[""WCM-ba933118447737489a47f249""]"
TAG-5ffbb0a4f58b64b1986839b6,ROOTCOMP-566dd54168967470cf0b58ce,institutional_channel,budget_pay_plan_process,bounded event evidence and corrected compensation metadata,"[""WCM-e4537b65615e37e655451146""]"
TAG-04cfe34a378c2f55a4fc3dc4,ROOTCOMP-7f3da6a99285651f9427bbfa,institutional_channel,none_identified,bounded event evidence and corrected compensation metadata,"[""WCM-5c0528183400c70f608310b6"",""WCM-6582a35358e9dd32014fe2d8"",""WCM-e1f4657785fc4ab2674c283f""]"
TAG-70899f7fdc697529ee7ff30d,ROOTCOMP-01211a4502868220a7b09dcf,institutional_channel,none_identified,bounded event evidence and corrected compensation metadata,"[""WCM-4e61c1cae5e45608183b7ec3"",""WCM-5deefc8b59a4700af878f6a8""]"
TAG-45a57893c095d3625dff8cfa,ROOTCOMP-1d9f8528499dc9f31ea1a7ff,institutional_channel,none_identified,bounded event evidence and corrected compensation metadata,"[""WCM-213b02a95abe7ab771df1004"",""WCM-b71390c7d26a78e8859b6592""]"
TAG-bbd850965ab6ca8691e9565f,ROOTCOMP-ef57d7b34f9aef1ae1c8550e,institutional_channel,budget_pay_plan_process,bounded event evidence and corrected compensation metadata,"[""WCM-fe142425ccf237bf9c0df6fc""]"
TAG-016049b1bdf30c472d98a25b,ROOTCOMP-df03fbf9fd4f5640ffb6b85f,institutional_channel,budget_pay_plan_process,bounded event evidence and corrected compensation metadata,"[""WCM-0b2a69ae65a75d3c229dbdc6"",""WCM-23f1518be2be45756bf9e4f4"",""WCM-2ceabb3dd8c897537e421332"",""WCM-4004e576e42ab2602d9f1a98"",""WCM-46017a323f0d6f620e115042"",""WCM-5fb30c16830781302dc8c2c9"",""WCM-7b8b15ce7760bfcdc60453e7"",""WCM-b0582313a32031eeb47a1c17"",""WCM-faa453f9f879ab950d1f1139""]"
TAG-57b82a5dea316074db7c6fa3,ROOTCOMP-6bf7974d050ba43f7fe92e70,institutional_channel,none_identified,bounded event evidence and corrected compensation metadata,"[""WCM-4c5753b8081036ac9d476237""]"
TAG-d684fbfe8a836d8c9bc78d04,ROOTCOMP-bcee675006ab0bc76dc40543,institutional_channel,none_identified,bounded event evidence and corrected compensation metadata,"[""WCM-0375f697c4c538668538acac"",""WCM-28f5bcd86335afaa44240e7d"",""WCM-b3cea3e1aa49abc2a8faaab1"",""WCM-f5b06faa5f650f33334c7679""]"
TAG-f37a057ac2b24d4022ac5c15,ROOTCOMP-79f2c2f611a8f69a30a99374,institutional_channel,none_identified,bounded event evidence and corrected compensation metadata,"[""WCM-1bba73cf6a15be6e92fa95cb""]"
TAG-f02f0a475a3ad860eea6bdcc,ROOTCOMP-c311975e50c628d0c3b0f2d4,institutional_channel,settlement_or_mou,bounded event evidence and corrected compensation metadata,"[""WCM-1cbcac0f3fd71c86e0076e79"",""WCM-7fcc148baa786b65cf41d7e0"",""WCM-dc392e07020d722acd019b80""]"
TAG-69825bd3614d4dee844da8b7,ROOTCOMP-471a1570145a7be0e7652999,institutional_channel,none_identified,bounded event evidence and corrected compensation metadata,"[""WCM-40079a07b8e3d3f4bc0bdc80"",""WCM-88d1d94afa2643127713d477"",""WCM-aa04eb00283b632e82320fa8""]"
TAG-1033cbfb4e91b880f3cda09b,ROOTCOMP-b0f967537f2356da5e4a4bc4,institutional_channel,none_identified,bounded event evidence and corrected compensation metadata,"[""WCM-98cb55c806907321bb4da199"",""WCM-98e560b7e32f36576ce85e67""]"
TAG-0db36104ddfa15d921845a3c,ROOTCOMP-9a8be38e7379d5cb51f55486,institutional_channel,budget_pay_plan_process,bounded event evidence and corrected compensation metadata,"[""WCM-55de78f41a55e11c330e575f""]"
TAG-364f594872cdf49033b69ec5,ROOTCOMP-3bb50bd294c645c69b2039b2,institutional_channel,budget_pay_plan_process,bounded event evidence and corrected compensation metadata,"[""WCM-8f7e8bbc5c5482ac8ee04f37""]"
TAG-993eda54f641015440d239ca,ROOTCOMP-19bcbb05aa068acd6a3d41e7,institutional_channel,budget_pay_plan_process,bounded event evidence and corrected compensation metadata,"[""WCM-49e51006586d87d0705d2bc7"",""WCM-5046d5551112b615aea0cff6"",""WCM-75f3dbb9e0a078288d3f8068"",""WCM-e45d0c9a4fcd067c819ab7cb""]"
TAG-b790e0dfb8b3f18f1f807267,ROOTCOMP-7ea7dfd9609b5ca07e55a543,institutional_channel,budget_pay_plan_process,bounded event evidence and corrected compensation metadata,"[""WCM-4cb7cc508e1ed0a234e4d818""]"
TAG-cbc44dca4f496a38fe969f98,ROOTCOMP-1649522ebd167e010a1b3864,institutional_channel,budget_pay_plan_process,bounded event evidence and corrected compensation metadata,"[""WCM-4caca24943bbb93b5a6196d0"",""WCM-50d32e72f7929e5b2f8bf934"",""WCM-6561049118d26e97f22c2793"",""WCM-85283838aaa1a06e8ba04741""]"
TAG-8b1f69ed0dfeb5026c6c8940,ROOTCOMP-233a69186778e7bba9209f9c,institutional_channel,budget_pay_plan_process,bounded event evidence and corrected compensation metadata,"[""WCM-54d4fa620ee816d40d2f728c"",""WCM-6dd04bdc11514e74474e6b8f"",""WCM-e6d443128600694551341939""]"
TAG-57bf17b7869265b89ac95d29,ROOTCOMP-efec2ceadaeb89665f8abcaa,institutional_channel,none_identified,bounded event evidence and corrected compensation metadata,"[""WCM-02f0391a7f63f4a6f042cfe8"",""WCM-669740dec8160e58578320d7""]"
TAG-8640c111c219f89df0f956c5,ROOTCOMP-839c31ccd15ac9a39bf79143,institutional_channel,none_identified,bounded event evidence and corrected compensation metadata,"[""WCM-eec07004df6c22264f4cc59d""]"
TAG-1e4cb85413627a381c88983f,ROOTCOMP-2c2b2be6a0aed5225b39449d,institutional_channel,none_identified,bounded event evidence and corrected compensation metadata,"[""WCM-0160a8e5881f13e006caa354"",""WCM-0d51bf79c2b5f1d45d3a8ac6"",""WCM-f83272010fac4bce049b117d""]"
TAG-5bd46fe7547c89512a214b21,ROOTCOMP-2b5ee3cf6ff4d96b96b035a5,institutional_channel,none_identified,bounded event evidence and corrected compensation metadata,"[""WCM-c1b91a6821ece1fc1e27311c"",""WCM-e68b5cfa135443cf78aeeb66"",""WCM-f645b9ad88704f93bd56d7b7""]"
TAG-5abaf8a42d6a59c1cacbc534,ROOTCOMP-cb056d020a3319fd77927354,institutional_channel,none_identified,bounded event evidence and corrected compensation metadata,"[""WCM-417f9d158f78d20287eca133"",""WCM-5d46c31aab3c9c6597dd4609""]"
TAG-f69211542d5b7eb63b40d20b,ROOTCOMP-7d871ba2513e788c215c94ff,institutional_channel,budget_pay_plan_process,bounded event evidence and corrected compensation metadata,"[""WCM-04062602eb9e0a2809f80e91""]"
TAG-ee02d4a3adb58853f920a770,ROOTCOMP-07d990a05d091a5dc8b208d5,institutional_channel,none_identified,bounded event evidence and corrected compensation metadata,"[""WCM-d4fb560605b1ee7a66e39602""]"
TAG-b877fa7743f0ad0b2753cab2,ROOTCOMP-8ca931ec9b61d67a38e7f359,institutional_channel,none_identified,bounded event evidence and corrected compensation metadata,"[""WCM-06bd3dbb4cd8c5861b92468e"",""WCM-5eb762a37e617f9f06c22f26"",""WCM-b4b503b1f0e423c6ce0a268d""]"
TAG-04c5d0128de7a41a1cc5d297,ROOTCOMP-bd9e26d9a23c7d757c6d803c,institutional_channel,budget_pay_plan_process,bounded event evidence and corrected compensation metadata,"[""WCM-ba158b89cfddd2486f9c396e""]"
TAG-5aee89e5eb2e238fd11b29c5,ROOTCOMP-9e035cf2c67e15dcff0525a8,institutional_channel,budget_pay_plan_process,bounded event evidence and corrected compensation metadata,"[""WCM-1344530d8fa4ecb00c6c0d48"",""WCM-501e6b031077bf2a68231f19"",""WCM-66a38cee832fd45d72856646"",""WCM-c482bf57cedc8a84c8d364cb"",""WCM-e33bf1b975fb3fec73f43619""]"
TAG-f37bc68d733d85701c1903bf,ROOTCOMP-df40493e0bc73db684791008,institutional_channel,none_identified,bounded event evidence and corrected compensation metadata,"[""WCM-002739cd66c0e8933dd12975"",""WCM-54dec573a709bde2ccc88d20"",""WCM-78800d21dd53b7712a3bff70"",""WCM-a6737ff7adcb240a5ce8f02a"",""WCM-bac93a4927ee00b1c096ef00"",""WCM-c500387f41c24f98ee192f8c""]"
TAG-b12c970bc84e0beec2a027cf,ROOTCOMP-42b5cb3827a4a712d754b811,institutional_channel,budget_pay_plan_process,bounded event evidence and corrected compensation metadata,"[""WCM-28b69e080d126c2ae042c190""]"
TAG-8831a235268a101b59d7651a,ROOTCOMP-fa74be2bd5dd1f5ef442870b,institutional_channel,budget_pay_plan_process,bounded event evidence and corrected compensation metadata,"[""WCM-273b8ed0798c61be03eb813a"",""WCM-4d8a894d70eab1c449b979fd""]"
TAG-0bbe9a4cb3cfbe8aaec52b1a,ROOTCOMP-2cb6e811983f28e58725f417,institutional_channel,none_identified,bounded event evidence and corrected compensation metadata,"[""WCM-00759555f76ac91467cc4cfd"",""WCM-24952a7f787e147fa89a2ee6"",""WCM-9bf5e2913b7a963f1cfff411"",""WCM-b62a1c690399928db4378881"",""WCM-ba8351b6126e77bf4c1c9e42"",""WCM-ed4dbdfc0e0470f790f37175""]"
TAG-e0ddc77b3b370819f99b85c1,ROOTCOMP-cc1405b62975ab9a8df77c9c,institutional_channel,none_identified,bounded event evidence and corrected compensation metadata,"[""WCM-6c032fbd7859b182a16f0c5e"",""WCM-73342cdb5d5d0f781e4bbe0e"",""WCM-ceaae30935e81aecf590e62e""]"
TAG-e86044eb64cbc62b5a397ad9,ROOTCOMP-14054ba632e096ee66e1f685,institutional_channel,budget_pay_plan_process,bounded event evidence and corrected compensation metadata,"[""WCM-044afd3e0544bb8c5364c221"",""WCM-884210008534db02cb1832ae""]"
TAG-91d2a69a216c766359c16077,ROOTCOMP-bac74baa911c3cb4ec1d873d,institutional_channel,none_identified,bounded event evidence and corrected compensation metadata,"[""WCM-6507a9a5ff9f5b9785e849d0""]"
TAG-13c806bb03aaf6aaf28f6009,ROOTCOMP-cc46fb8dc8d98cb8c1963a70,institutional_channel,none_identified,bounded event evidence and corrected compensation metadata,"[""WCM-05b8e351117ad5eb551c9074""]"
TAG-1e7f29a543e33b30be59aaf1,ROOTCOMP-b8fc35ef2821b127e5494f37,institutional_channel,none_identified,bounded event evidence and corrected compensation metadata,"[""WCM-d0efaf149a0e95a68ba20408""]"
TAG-edb44fede4429d76cc4c597a,ROOTCOMP-6533d469dedb49e66474e19c,institutional_channel,none_identified,bounded event evidence and corrected compensation metadata,"[""WCM-4e1e0de472d5ee85aba0680a""]"
TAG-969423f2a8891326adf5d9a7,ROOTCOMP-563a29dec913be98b896ed8d,institutional_channel,none_identified,bounded event evidence and corrected compensation metadata,"[""WCM-174362b9d44eab7ff4b6a88e""]"
TAG-f059ae4072d13a957cf68744,ROOTCOMP-ef699e72c9f7359e26949fec,institutional_channel,none_identified,bounded event evidence and corrected compensation metadata,"[""WCM-45c6e5d3270602e41a1d8b0e"",""WCM-5bc98301a1013bd6786d7bd3"",""WCM-e170e68fa062394ceaa6134b""]"
TAG-a2fc1e0ee20a24807068e40c,ROOTCOMP-698963aa96704a21788a0c7c,institutional_channel,none_identified,bounded event evidence and corrected compensation metadata,"[""WCM-37cdb059a22ea8ecbaedfd20""]"
TAG-52c200c12a3d02388b7a849f,ROOTCOMP-f0e5f0dfbd54c05d46ab6e7e,institutional_channel,none_identified,bounded event evidence and corrected compensation metadata,"[""WCM-8eeccde207ae673c802dde1f""]"
TAG-9744886d450ecccb7580abe9,ROOTCOMP-c90585810dc8d9365edb8ad0,institutional_channel,none_identified,bounded event evidence and corrected compensation metadata,"[""WCM-07b91138a0b9cf4fb0263db8""]"
TAG-587018fa3e372ea31fb0df3d,ROOTCOMP-e54e605813b3199e2bdee3ef,institutional_channel,none_identified,bounded event evidence and corrected compensation metadata,"[""WCM-a9162519962c4d6072527a3f"",""WCM-b43eb1a68b5fe08aa68bfc43"",""WCM-d33888e962dbcae2fdf452c0"",""WCM-d5991c152ede73ae6399bf67""]"
TAG-a93c2c2c3e5c2711f8a14b11,ROOTCOMP-31c49161575e2d47445e374f,institutional_channel,none_identified,bounded event evidence and corrected compensation metadata,"[""WCM-110a3bb9038ce444101ed0a4"",""WCM-bd2d7e91d4b6381f7b1ffe12"",""WCM-fa9143884c36f58ce8f87d4b""]"
TAG-c835b79972782bca3607149b,ROOTCOMP-f823a04bb4c0a3599f2214d4,institutional_channel,none_identified,bounded event evidence and corrected compensation metadata,"[""WCM-ec09911d154b7af2b4200426""]"
TAG-85167d8c76082bc5ff0e4e15,ROOTCOMP-9012b2c3d1408dec34c1a121,institutional_channel,none_identified,bounded event evidence and corrected compensation metadata,"[""WCM-0fda844e0e29ac69da71c027""]"
TAG-406bf82a3f23573629712037,ROOTCOMP-2e73669ab0ed1c50cb3d1aee,institutional_channel,none_identified,bounded event evidence and corrected compensation metadata,"[""WCM-00906dad864feeb2d70e0515"",""WCM-f42ff990411f4dbf0239772f""]"
TAG-f4742fe701969a79aed41837,ROOTCOMP-3d18d88700f4299c7b3e022c,institutional_channel,budget_pay_plan_process,bounded event evidence and corrected compensation metadata,"[""WCM-5ba281a3d625809388780f42"",""WCM-716ab4a76af91f7d013aa0a0"",""WCM-894a31431c7928625b4d0ca1"",""WCM-8f368e72d032df11d39fe0a9""]"
TAG-7e06c4b709c75b45c8ddc4ff,ROOTCOMP-c5901a63dbc346e7ee3f2b85,institutional_channel,none_identified,bounded event evidence and corrected compensation metadata,"[""WCM-0daed89c17b8ce039e32e3f2""]"
TAG-83ac7129ecef0f5599ea8644,ROOTCOMP-523634d213c8dc6f59211e90,institutional_channel,none_identified,bounded event evidence and corrected compensation metadata,"[""WCM-69eda06b333aaba64fdaf2e7"",""WCM-d4d848cac98f915c9127f70e"",""WCM-d67852ba0e94d1e7ce0a37c1""]"
TAG-bda9725255d50f591bc1a805,ROOTCOMP-0944cb8fef466396a7fe3c34,institutional_channel,none_identified,bounded event evidence and corrected compensation metadata,"[""WCM-0c9b9215fc4a8f38342cd123"",""WCM-78c9cd25c8ce891aeeb961b1"",""WCM-7c745746359389596c59e017"",""WCM-9e6b551c9c1893d80749480f"",""WCM-ab215df5f96b18a11e2ded90"",""WCM-b7b417d7efe075ab10dde540"",""WCM-c51fe7478af8fa9a5685ace9"",""WCM-d72c55d4baf1d01daa58c8d2"",""WCM-e278b562640721c783b4cb3f""]"
TAG-286ff0d14e6d90d012df7b1e,ROOTCOMP-facd2dfe8b945e53753280f4,institutional_channel,none_identified,bounded event evidence and corrected compensation metadata,"[""WCM-6ec5783b824cb1e55deec8f5"",""WCM-94331d0057a8af57ad7b983b"",""WCM-96659b053382328666840aa0""]"
TAG-d780dcbd8b6fa60aa77ba83d,ROOTCOMP-718e1f887425f6a7a9695970,institutional_channel,none_identified,bounded event evidence and corrected compensation metadata,"[""WCM-495538b41a964031bd53435f""]"
TAG-deec3bb8a2f3d2931075df07,ROOTCOMP-e022f6e9a0270078589928ad,institutional_channel,budget_pay_plan_process,bounded event evidence and corrected compensation metadata,"[""WCM-16d02070eab89bbf84160ed7"",""WCM-33ed50b92d323001c3c3b133"",""WCM-ca31b08da13d7f0676d9d674"",""WCM-cee014bb8e3dcd57eaad995f""]"
TAG-4cd3f2681ef7f760be18e416,ROOTCOMP-496ed384e5c5fc502179db7e,institutional_channel,budget_pay_plan_process,bounded event evidence and corrected compensation metadata,"[""WCM-0f92b2368ceb50ca8eba0c7f""]"
TAG-dc0654db3a7957ad078dc898,ROOTCOMP-158abc069b7357213108775d,institutional_channel,none_identified,bounded event evidence and corrected compensation metadata,"[""WCM-57a58892cbfe240f60970787"",""WCM-724b3ca36c9ca798b155aa4b"",""WCM-ab2d8369971beedbfe321564""]"
TAG-6fa88221358da658fc1faa8e,ROOTCOMP-8af135dd68fac2976b9e09ae,institutional_channel,budget_pay_plan_process,bounded event evidence and corrected compensation metadata,"[""WCM-a26e7e9e8b2a22e55a4c7c82""]"
TAG-684a3e6b666b21a57d33673b,ROOTCOMP-2405f11f3d553a1a7fb1986c,institutional_channel,budget_pay_plan_process,bounded event evidence and corrected compensation metadata,"[""WCM-80114cc7c6597837ea8bab2f"",""WCM-d97fd1b4f56e94892f251077""]"
TAG-e9c64169ad89d8ea0ab7ec1d,ROOTCOMP-5b6d9c186c06f057333aa901,institutional_channel,none_identified,bounded event evidence and corrected compensation metadata,"[""WCM-33026efe64fdca7c13b783ef""]"
TAG-dfe1e1b17c4c4a6d0a0b3e54,ROOTCOMP-dd462b82c9da72e0bf6091a7,institutional_channel,none_identified,bounded event evidence and corrected compensation metadata,"[""WCM-b2555cbe7671a92feb0cb4cc"",""WCM-be75f66a577465e8abde7b3e"",""WCM-f00bc64b3b6f79a38f8600d0""]"
TAG-450f269995423b9c39c46bf6,ROOTCOMP-2666daf35378930cc6e3d25e,institutional_channel,none_identified,bounded event evidence and corrected compensation metadata,"[""WCM-298d47cc593034e449178b26""]"
TAG-96878eb79f4a01f5d6bcacf5,ROOTCOMP-add7826ec5f4c0ba529f69a9,institutional_channel,budget_pay_plan_process,bounded event evidence and corrected compensation metadata,"[""WCM-a9427f9116d1db6bee6acc98"",""WCM-e270b4ee687c9bcc04bb6bf6""]"
TAG-68a278e9546694ff2621c92d,ROOTCOMP-aa8675e4005af6b8a203f15e,institutional_channel,none_identified,bounded event evidence and corrected compensation metadata,"[""WCM-c67289f6519025e60e90bea5""]"
TAG-d3a09985b76f6a40eeb8f8eb,ROOTCOMP-10172f39153c8c04092e5433,institutional_channel,none_identified,bounded event evidence and corrected compensation metadata,"[""WCM-3f7976aa17c32806a2b569f7""]"
TAG-0169c33a26d7f1b45dd61370,ROOTCOMP-8d1969c15d50c76cb915c7ad,institutional_channel,none_identified,bounded event evidence and corrected compensation metadata,"[""WCM-3fb725f530f26831d940e92f""]"
TAG-5ff573c6ad06c43bc9f4c816,ROOTCOMP-3204a12657ec064cee54480a,institutional_channel,budget_pay_plan_process,bounded event evidence and corrected compensation metadata,"[""WCM-0a7f38447a008df88aa5e193"",""WCM-2a3d12e32e48496ffd1afc66"",""WCM-78a083830c87465aed773738""]"
TAG-5ee433a3f62b8795da0c27a0,ROOTCOMP-1f62e1ffd794397af42acc51,institutional_channel,budget_pay_plan_process,bounded event evidence and corrected compensation metadata,"[""WCM-0d9330ae55f29f4a1c6fb0e9"",""WCM-2462dfa10eae3b04b75f954f"",""WCM-2aeadcad3b64fd8c4fd8ea3c"",""WCM-4ee79499dd485001e8735bf2"",""WCM-5ead0a89b1df78ef6a6eeb4c"",""WCM-783242d79a0285eea1b9f34d"",""WCM-9e95473a412d68746797fd44"",""WCM-a585a930434b43e3691d7829"",""WCM-f573b61f5967acd4da0e2bd1"",""WCM-fd3cc46cdc9c5e268792ddd8"",""WCM-ffabe2c79437d131bce5cbc4""]"
TAG-9f5c67f8b3c206ad810fce78,ROOTCOMP-2779ef52f5e04c4c41142b84,institutional_channel,none_identified,bounded event evidence and corrected compensation metadata,"[""WCM-ab09035baeeced12b35a2af3""]"
TAG-25bb1a7f341543684f1f0ded,ROOTCOMP-d2fcd32bfd9a78eb698ad589,institutional_channel,none_identified,bounded event evidence and corrected compensation metadata,"[""WCM-1a17add9c6c5ad9ee8a7849b"",""WCM-1daca39c6c7565fd08e22d6d"",""WCM-44cfc6f828d0b7f6d61753cf"",""WCM-6ea18a87dbf3027473408872"",""WCM-7795a5c46cd1e505c8f777c8"",""WCM-9cbabff14c1888f613ed15d0"",""WCM-a6444166b7ce487210063c8f"",""WCM-c14609ebcd141133d7922ce5"",""WCM-ec34a963698dc6ce6172c5d2"",""WCM-ff823240881534d73b6fcb3d""]"
TAG-94df7a16e924fd435217c650,ROOTCOMP-c21dda6dcbe2b7e419aeedba,institutional_channel,none_identified,bounded event evidence and corrected compensation metadata,"[""WCM-15c4ea9f91f67e57e7d1c0e2""]"
TAG-f96158c9610236a443edfcf1,ROOTCOMP-f1c1bca069e75f1f23c3fb2e,institutional_channel,none_identified,bounded event evidence and corrected compensation metadata,"[""WCM-09e1e8e77540515764c26ebf"",""WCM-47c54959f29aff2c9eb145a9"",""WCM-8e02646484fd85be1061a298"",""WCM-d4e8aa52a0901ffddbb83bc2"",""WCM-f44cd8b180eac38760ec9f9b""]"
TAG-5a5db0948f3486344c92527e,ROOTCOMP-dc74f94b43cb5bbb6df1cf1e,institutional_channel,none_identified,bounded event evidence and corrected compensation metadata,"[""WCM-0f6feb912e69e5dda74e9aea"",""WCM-6e73fe376a6f68c471afe314"",""WCM-8452d7042c7bb10e6b5c131e"",""WCM-cd20c9e07fd1f87343806e2a""]"
TAG-b54720e89cda1a9877e916b6,ROOTCOMP-453e7230e2a598829ecc5671,institutional_channel,none_identified,bounded event evidence and corrected compensation metadata,"[""WCM-411ae92fbd2968be7a1c65db"",""WCM-4342ea14a0ceebe22fb1fd91"",""WCM-4894a170189b607d4c2ce5c2"",""WCM-5020b56971294233928faaa5"",""WCM-7236a4dbc87001bc6e9d22e8"",""WCM-ecb6462b940720c31370d451""]"
TAG-badd0339f30e966fa3cadedf,ROOTCOMP-a1de9a118b5d7cea81aa2c6f,institutional_channel,budget_pay_plan_process,bounded event evidence and corrected compensation metadata,"[""WCM-eefcee451966f239fdab84c2""]"
TAG-d1d5fcc4d77b07f5bbce474f,ROOTCOMP-6a08f16eca8dd48afeff054e,institutional_channel,none_identified,bounded event evidence and corrected compensation metadata,"[""WCM-19c2532880c91974b272e6ec"",""WCM-756ba697291a5d06f512001f"",""WCM-7906b1ba0ec6e69abba56c3a"",""WCM-808d9c0b146da711ea6c76a5"",""WCM-cdde4db3e3c807a3f43be1e3""]"
TAG-542fd0eaf7b316462947a93d,ROOTCOMP-0fc9780642dd77196b5714ad,institutional_channel,none_identified,bounded event evidence and corrected compensation metadata,"[""WCM-ace72fb6e7a93c2200fdb10e""]"
TAG-ebe961e93775970ed5ba5971,ROOTCOMP-cd7ae158278e0b57948d519c,institutional_channel,none_identified,bounded event evidence and corrected compensation metadata,"[""WCM-66c036ebd3aa2965069f23ab"",""WCM-780a39fa516c53e7ae4aa3f4"",""WCM-af187bf10243b4ecc8f71cdc"",""WCM-ddd8b7ccc6238546b29af42a""]"
TAG-ad3152284f13c6556b22681b,ROOTCOMP-7f4ffd0c07c9205e633c44c7,institutional_channel,budget_pay_plan_process,bounded event evidence and corrected compensation metadata,"[""WCM-927e41ae6e63ece75bf1f481"",""WCM-d529b6a84bffb2be1ca095ec""]"
TAG-2da53da3776862bc7e56d3e1,ROOTCOMP-cc251ff91627b332cc182647,institutional_channel,budget_pay_plan_process,bounded event evidence and corrected compensation metadata,"[""WCM-2e71a5f7c89b59858e19868a"",""WCM-78cefdcfcdef6b4a8e078eed"",""WCM-e7e847101281b4b9195de51b""]"
TAG-e1bb85d1712a77afe0c80899,ROOTCOMP-be51deccdfdadae7376cc0cf,institutional_channel,none_identified,bounded event evidence and corrected compensation metadata,"[""WCM-5dd37ddd41069c16dd3fd4b6"",""WCM-7ce390ae76f74112415d3507"",""WCM-8eb1c773e2ad368193de18ca""]"
TAG-d164d5bb496587464bd708ea,ROOTCOMP-087e8c7823052e34f77f0415,institutional_channel,budget_pay_plan_process,bounded event evidence and corrected compensation metadata,"[""WCM-0eba5239b8b8dbee569b6fc4"",""WCM-c2c02b08d8329e4a9b5ffe6b"",""WCM-f9bb2ba4f6ef285dabe5b5d1""]"
TAG-f0f0d4f738bc20713fe8c576,ROOTCOMP-01a2951fc72c7f067bcdc209,institutional_channel,none_identified,bounded event evidence and corrected compensation metadata,"[""WCM-86bff8cf4a5802071c1a56f2"",""WCM-e0749172b498d7aef5b37fb6""]"
TAG-27eafd4746355389e992fecc,ROOTCOMP-58fafc455bc2781e0a3773c8,institutional_channel,none_identified,bounded event evidence and corrected compensation metadata,"[""WCM-94a5df2bad7a357d8fe12659"",""WCM-a068d7de7bbf45e87dd8f7d2"",""WCM-c1f32166c723fc2dcb33cadc""]"
TAG-2c8409f7ebf658b5f6a629e5,ROOTCOMP-985148696fe4ec3394f5e7bd,institutional_channel,none_identified,bounded event evidence and corrected compensation metadata,"[""WCM-3a5f552667b1f16a0962ec73"",""WCM-5ad8d997f5fbe73780b796db"",""WCM-7260c7ecc6cae9f372cb7edd"",""WCM-a4df5ac434b4812a4a71ef60""]"
TAG-1d03def676c370696ccecbe2,ROOTCOMP-f3b3e640b2a139c957be0a9a,institutional_channel,none_identified,bounded event evidence and corrected compensation metadata,"[""WCM-604ebc254a0bac766846a284"",""WCM-900160907f89915fa2f9ee39"",""WCM-f340afe7d4823e3cf4a4280e""]"
TAG-9e91baaf889204a8c48a3da9,ROOTCOMP-50c83e4a0f90a131c4528f3c,institutional_channel,none_identified,bounded event evidence and corrected compensation metadata,"[""WCM-1a3b89857322ea2500475c08"",""WCM-28d7e817280953582b5cbcb4"",""WCM-cadb3ffd4cd89ec7ae91bfbb""]"
TAG-272ce2af17b82b6daccd05e9,ROOTCOMP-5010faf4625e0362cea1e9fe,institutional_channel,none_identified,bounded event evidence and corrected compensation metadata,"[""WCM-8dc19cccf3352613b09a71d6""]"
TAG-36621770b186629889d69934,ROOTCOMP-9dca8940f73b73ea27376dad,institutional_channel,none_identified,bounded event evidence and corrected compensation metadata,"[""WCM-407afa00c97e3f909c6c5f69"",""WCM-da5f2bd23d2e26e68abd89e9""]"
TAG-29545f3ad6e504978b823365,ROOTCOMP-94efda459e23eaa1220a3699,institutional_channel,none_identified,bounded event evidence and corrected compensation metadata,"[""WCM-06f3d9fec2b4748e15aea5da"",""WCM-0effbcbcdc75526f91ab24f4"",""WCM-14f4ffc3bdb3b8ccfbc9a0a3"",""WCM-4ae9edfebef8839f486d1eb1"",""WCM-5afc7093bb11e2ae3a25426c"",""WCM-8470770c3aba42cb7c99b2bf"",""WCM-9e09ad2b17ebb64021839c11"",""WCM-ed2d394162ce49104fd29204""]"
TAG-470431ee299d98260712d237,ROOTCOMP-95803d9d52f0e7c96af7f38b,institutional_channel,none_identified,bounded event evidence and corrected compensation metadata,"[""WCM-326c707a90fe58cccce0e887"",""WCM-84b59f1a957f8eb1c6cb6828"",""WCM-abaa71add60dfc473ca9c2e1""]"
TAG-8ca478893a06182c7dc508b7,ROOTCOMP-3bed76c4adcb46f9fdd3d428,institutional_channel,none_identified,bounded event evidence and corrected compensation metadata,"[""WCM-e575b35b20ce069301916469""]"
TAG-72da10eb34a33e868b167368,ROOTCOMP-01567f637c5a6468d00bd286,institutional_channel,none_identified,bounded event evidence and corrected compensation metadata,"[""WCM-542fda92f8a7126ab89b3c9b"",""WCM-d6be38cbf7d045bbe4a0e591""]"
TAG-68531c30fda7aa6599dda839,ROOTCOMP-f95aefaabce77e91512cfbd3,institutional_channel,none_identified,bounded event evidence and corrected compensation metadata,"[""WCM-31f82391d3a092fb934f64dc"",""WCM-3748d99f26ed394600013feb"",""WCM-69debe2f378891e063a5f20a""]"
TAG-e947dd3ee6cb6673cb914b1c,ROOTCOMP-9afef5bfa003688bb573c71a,institutional_channel,none_identified,bounded event evidence and corrected compensation metadata,"[""WCM-a03493b99c187d42eed88f72""]"
TAG-fc8cbaa0d9d30904e99cfaf8,ROOTCOMP-2cff09a5e32e786f7d34cf36,institutional_channel,none_identified,bounded event evidence and corrected compensation metadata,"[""WCM-1680d61654e1c4911781afa7"",""WCM-1b35995ad188e605fbf17e8a"",""WCM-5964b3d855b44e720753fc31"",""WCM-6efe020b376b5728407cc77d"",""WCM-c71129cc0a759335dcc613e7"",""WCM-ef6648f31a58fb0acb26619f""]"
TAG-99c04f92fd74ecb1052bdb15,ROOTCOMP-9246d1ea2dd0ae334dec8e28,institutional_channel,none_identified,bounded event evidence and corrected compensation metadata,"[""WCM-616e63a7c104058569ee4594"",""WCM-6f3893a8340bc087d6170741"",""WCM-82a428baa82880915657910e""]"
TAG-09a4567fb5603fffa9e819c3,ROOTCOMP-a38075ea203c896e270c15dd,institutional_channel,ordinance_council_adoption,bounded event evidence and corrected compensation metadata,"[""WCM-3503f02b831abe2f74a085cb"",""WCM-35d0feb64fe272dce608940b""]"
TAG-535a42d577d5bb496a6332ad,ROOTCOMP-88a72e2f1ffcf9632d169c34,institutional_channel,budget_pay_plan_process,bounded event evidence and corrected compensation metadata,"[""WCM-1f02b451471dbdd8edc80b14""]"
TAG-020182125e646f347a255254,ROOTCOMP-84e9ca11652cdb75ed18270f,institutional_channel,budget_pay_plan_process,bounded event evidence and corrected compensation metadata,"[""WCM-43781987ad8764f305bd3931""]"
TAG-3cd7f7b5925fb5da17117fbf,ROOTCOMP-84e9ca11652cdb75ed18270f,institutional_channel,ordinance_council_adoption,bounded event evidence and corrected compensation metadata,"[""WCM-43781987ad8764f305bd3931""]"
TAG-8a10a33cf537843401ecfcaa,ROOTCOMP-0aa91aadc78070ed6db1717c,institutional_channel,none_identified,bounded event evidence and corrected compensation metadata,"[""WCM-da18c044354d6fb1299a45cf""]"
TAG-f276d90ce20e7b91a7d83dd9,ROOTCOMP-7849e9513dc6e4b298bcf001,institutional_channel,budget_pay_plan_process,bounded event evidence and corrected compensation metadata,"[""WCM-811d13e18c3962bb860618f6"",""WCM-cbd251bba5dc704b970025c8""]"
TAG-cdb14215bd4028ff6dc348f1,ROOTCOMP-7849e9513dc6e4b298bcf001,institutional_channel,ordinance_council_adoption,bounded event evidence and corrected compensation metadata,"[""WCM-811d13e18c3962bb860618f6"",""WCM-cbd251bba5dc704b970025c8""]"
TAG-e216e7a8e9a75a6c55846439,ROOTCOMP-6f723f25066afdfcc9359486,institutional_channel,budget_pay_plan_process,bounded event evidence and corrected compensation metadata,"[""WCM-945b64c6b0ca6427c0c60206"",""WCM-c2eee2a4e6b51210750a1e23""]"
TAG-acd52ae9f135373dc4730076,ROOTCOMP-6f723f25066afdfcc9359486,institutional_channel,ordinance_council_adoption,bounded event evidence and corrected compensation metadata,"[""WCM-945b64c6b0ca6427c0c60206"",""WCM-c2eee2a4e6b51210750a1e23""]"
TAG-3ece7a4b71075a0be59ffec1,ROOTCOMP-6f723f25066afdfcc9359486,institutional_channel,settlement_or_mou,bounded event evidence and corrected compensation metadata,"[""WCM-945b64c6b0ca6427c0c60206"",""WCM-c2eee2a4e6b51210750a1e23""]"
TAG-c99f2f9bdea431ffb3f2f30c,ROOTCOMP-a63ae6fdb7145db5e8b4f1b3,institutional_channel,none_identified,bounded event evidence and corrected compensation metadata,"[""WCM-cee78be7f7d16ad2b1d6d20f"",""WCM-eabe4c2ac93bd59b168c961f"",""WCM-fe08f0d9b8631958e85ddb93""]"
TAG-781d0fb774a3a2b1e14a56e0,ROOTCOMP-3becd54a6be68483256aced4,institutional_channel,budget_pay_plan_process,bounded event evidence and corrected compensation metadata,"[""WCM-37d5bbf8ca2d55a5b9b0756b"",""WCM-993c29df85f94ac921f8c7b3""]"
TAG-0c20df99aa3613c3efd7c92a,ROOTCOMP-9841328ad65a88a02040b362,institutional_channel,none_identified,bounded event evidence and corrected compensation metadata,"[""WCM-db842b8e196a66554860b691""]"
TAG-354272a9a5b8d9e45ec60e88,ROOTCOMP-27754c6086a4719a7fd39f15,institutional_channel,none_identified,bounded event evidence and corrected compensation metadata,"[""WCM-150a4b0336a04c83a587a7a9"",""WCM-3ff3f4e07c36951eee4200cf"",""WCM-5a82d726d510a19e59dac4ca"",""WCM-652cb0d19f1af78425b4f309"",""WCM-a4d952d4eba91d9c73f21391"",""WCM-c76fa5e269e93cb5ea9025b4"",""WCM-c7c23213ccce26a7a32f841a"",""WCM-d463f0868904418eb5f07b8d""]"
TAG-4816410bddc3a6d360bd2406,ROOTCOMP-bb77f34398a2aa9c696f2002,institutional_channel,none_identified,bounded event evidence and corrected compensation metadata,"[""WCM-3bb529bc931cbcf64fa1345f"",""WCM-89724b346a82da76d566fe1b"",""WCM-ef004ccf1983648cae5a4cab""]"
TAG-85d19957747b461173c63de9,ROOTCOMP-125f47bf0b5f9d10a199e50f,institutional_channel,none_identified,bounded event evidence and corrected compensation metadata,"[""WCM-0955203a883d04661233b27d"",""WCM-2d4337b280722a753abd2ed9"",""WCM-c00db1821ea840f8eb3ba9ba""]"
TAG-ccb368f4aa675ecdae3cf7bd,ROOTCOMP-313de7da4fbb477fbad01892,institutional_channel,none_identified,bounded event evidence and corrected compensation metadata,"[""WCM-1ee5b4e990cff31f240486ce""]"
TAG-9067b2dfeec94a5000b7e6ca,ROOTCOMP-b2ca018a2a66415fb1335286,institutional_channel,none_identified,bounded event evidence and corrected compensation metadata,"[""WCM-4b5dee22d24474e007555838""]"
TAG-3d9121b6608e2dd8196e317a,ROOTCOMP-0cf3a6b87b37a69e3d153ac1,institutional_channel,none_identified,bounded event evidence and corrected compensation metadata,"[""WCM-345905b512507d76bc45f0f9"",""WCM-6441de115a5d349884c349cf"",""WCM-a8f90ca0249f24904f3c6819""]"
TAG-053bee7c0194cba674256761,ROOTCOMP-3aa80058209d212c649539a7,institutional_channel,budget_pay_plan_process,bounded event evidence and corrected compensation metadata,"[""WCM-3f20ba80d1f020e44ba759ca""]"
TAG-766c8440f9817638911aa5bb,ROOTCOMP-43936fabd8bd8493f56575ff,institutional_channel,none_identified,bounded event evidence and corrected compensation metadata,"[""WCM-a8969851b9d2e166275285e8""]"
TAG-eefc0916e7912573ecb7eb4e,ROOTCOMP-d53eb40e146ebdcd7e54ba46,institutional_channel,none_identified,bounded event evidence and corrected compensation metadata,"[""WCM-51f4de1743922aa8d894e532"",""WCM-647de1dc7bbad1834b4cc7e4"",""WCM-7e574c805ac20b1ceb69ce1b"",""WCM-a2d23e76f1faab9af7c7090d"",""WCM-a4dc0b332cf983b2ffa12f71"",""WCM-a6f1b22e8605e4d4b26b6fcd""]"
TAG-d676700b2e6a7a1e3b7142ac,ROOTCOMP-7284dcff6642200f245a503e,institutional_channel,none_identified,bounded event evidence and corrected compensation metadata,"[""WCM-46362a2e92321d2595950a41"",""WCM-819dbb641237d400644365d3"",""WCM-e95c7974155cf8bfd97a9f79""]"
TAG-24ab145a54eb6b3656448830,ROOTCOMP-adba63cbd55ebe98fcc9c080,institutional_channel,none_identified,bounded event evidence and corrected compensation metadata,"[""WCM-d86ca5abd75027a9ccbb7cb4""]"
TAG-d1d6e94268657146ae4e968c,ROOTCOMP-12f75d4e221a796d296f3a96,institutional_channel,none_identified,bounded event evidence and corrected compensation metadata,"[""WCM-8962ef7e63661b6f5bddf684""]"
TAG-5ac199261d504bd0bf1af2fe,ROOTCOMP-5bf38f35c87847c7f8b293df,institutional_channel,none_identified,bounded event evidence and corrected compensation metadata,"[""WCM-0e626d9bc0a3b9d8da99e502"",""WCM-600b5f1f2d3ee5f21389db60"",""WCM-ca7c82b13a21c55ebee29bc6""]"
TAG-79536f4c4b9098bd38a194dc,ROOTCOMP-039d0f4c03c274926a91a9c0,institutional_channel,none_identified,bounded event evidence and corrected compensation metadata,"[""WCM-4d4a8538987a60e74bf437e1""]"
TAG-94fedc1d615005b807d14997,ROOTCOMP-5d0e621bb10d5aa7d1cc739f,institutional_channel,none_identified,bounded event evidence and corrected compensation metadata,"[""WCM-af17c3e9ce687165a899e2d7"",""WCM-c65ce6619bdb6f827ddd4699"",""WCM-f2ca88773626e4cc018993ef""]"
TAG-71c4651ea2237b76009518d8,ROOTCOMP-f4e1a8ac9e00f9f8c2c95422,institutional_channel,none_identified,bounded event evidence and corrected compensation metadata,"[""WCM-e1d8ee8432a85229c9094521""]"
TAG-ddd60843c92c75d6c0d54f9a,ROOTCOMP-673b216c2bfddfc61e462c18,institutional_channel,none_identified,bounded event evidence and corrected compensation metadata,"[""WCM-8187d6c9b46b520691e072ce""]"
TAG-1b7563e103377d0a108082e6,ROOTCOMP-009156733bf9f67a9e2fec98,institutional_channel,none_identified,bounded event evidence and corrected compensation metadata,"[""WCM-a7f538fd93060667bd876fd1""]"
TAG-99b043c953e6b0c99f741b81,ROOTCOMP-1748fa97d45b99f486667c9e,institutional_channel,none_identified,bounded event evidence and corrected compensation metadata,"[""WCM-6ac64a92bcc72d29d08b5d71""]"
TAG-7139c90dad4e9c1f4e31745f,ROOTCOMP-bcc3693fe8feb5d3a3f2ceba,institutional_channel,none_identified,bounded event evidence and corrected compensation metadata,"[""WCM-813931a0ca89e33b8dec13fd""]"
TAG-9958ec17172fa7b095910ca2,ROOTCOMP-8d95453d799aa5378f8d586b,institutional_channel,none_identified,bounded event evidence and corrected compensation metadata,"[""WCM-a5c843f8de4f2b4c017eb548"",""WCM-e74b2fd7945659f6b092f562""]"
TAG-f45798130ff867bcaef8873b,ROOTCOMP-ef8ab999c28432b8ebb1e472,institutional_channel,none_identified,bounded event evidence and corrected compensation metadata,"[""WCM-aa1ecd1cb73117155c8f28eb""]"
TAG-160ed4c75d5c7977f672e26d,ROOTCOMP-2c8876bfe3258dade39756b4,institutional_channel,none_identified,bounded event evidence and corrected compensation metadata,"[""WCM-8b0fa51de4f3ec3cc4ec8c0b"",""WCM-bda463f9df957d5651123363"",""WCM-d228f65857899690af842851"",""WCM-f99c778b9079cf3c3892a588"",""WCM-fba23015e4356e0372e8a7c8""]"
TAG-4b14cd6f056727bd06aa24ed,ROOTCOMP-cbc524f9cc45a70fa8e69982,institutional_channel,none_identified,bounded event evidence and corrected compensation metadata,"[""WCM-7d414aa5fda98d386a4a8fbc""]"
TAG-466c4546a23bae8c855aa8b7,ROOTCOMP-af9543820d8eeaffcc0f3af6,institutional_channel,none_identified,bounded event evidence and corrected compensation metadata,"[""WCM-3339ad5c80366c848bfa625f""]"
TAG-db53a91255b1768fc0812413,ROOTCOMP-9a939db09e2281b648089f2e,institutional_channel,none_identified,bounded event evidence and corrected compensation metadata,"[""WCM-9fcc1a073ac3ba41b3df572b"",""WCM-df481219fd81e2ae99b5a552""]"
TAG-9d372c4e55b3f57d16b9a7a3,ROOTCOMP-673a3f41cfcc3381f2467c06,institutional_channel,none_identified,bounded event evidence and corrected compensation metadata,"[""WCM-c06e6bb5d896f7209de93e32""]"
TAG-d0e5c1206633d952747301c0,ROOTCOMP-899cef94879fe4103b915223,institutional_channel,none_identified,bounded event evidence and corrected compensation metadata,"[""WCM-3e3294c76fcfd1c548e0886b""]"
TAG-6e7b10e1627d5c8d433c6390,ROOTCOMP-314b750ccfe2c9f08bbdc991,institutional_channel,none_identified,bounded event evidence and corrected compensation metadata,"[""WCM-994799203e90e54493ae6801""]"
TAG-d2153d3dc09a6930907e2641,ROOTCOMP-37797cf379808f7aceb7dda7,institutional_channel,none_identified,bounded event evidence and corrected compensation metadata,"[""WCM-4a1945d3303a8fa7e891ec6f""]"
TAG-20b5a1008004a74ae206f94c,ROOTCOMP-345d4cb849f218ac04633be4,institutional_channel,budget_pay_plan_process,bounded event evidence and corrected compensation metadata,"[""WCM-067fa5d7070ad6aec052da95"",""WCM-92e312332b5121f58aabbee8""]"
TAG-491e841440ff265ed3e13c16,ROOTCOMP-cec80f4b33d6c122536405ee,institutional_channel,none_identified,bounded event evidence and corrected compensation metadata,"[""WCM-fbc06c05b31f0b88dcaaca04""]"
TAG-1d396917e4b9a6aedcdb09d8,ROOTCOMP-ce5aa2fd64397e9cce5e17ec,institutional_channel,none_identified,bounded event evidence and corrected compensation metadata,"[""WCM-666e9ee8c2d5b4fda60c7738"",""WCM-f0f6bb86cff1bdd075745ad3""]"
TAG-da0796646af4455b72ac74fa,ROOTCOMP-6e41daab60d79e5cff44876c,institutional_channel,none_identified,bounded event evidence and corrected compensation metadata,"[""WCM-06dee71d0b0f89fa5926b4fc"",""WCM-26ab3714971d2c67199b96a6"",""WCM-adf644ca1f8a8822a8e99a3e""]"
TAG-25664bcfaab25cb74d0b5f39,ROOTCOMP-234b06cd4ca072b9d0cfe2f0,institutional_channel,none_identified,bounded event evidence and corrected compensation metadata,"[""WCM-46ab0d3ba7a04c6796ef2088""]"
TAG-a0afde52489eca7dae33b41c,ROOTCOMP-741dfb02fb155bc1bb00cccc,institutional_channel,none_identified,bounded event evidence and corrected compensation metadata,"[""WCM-6e4ee4a760cea5454acc21ec"",""WCM-7a7765cb6ea47bf5f92e55c5"",""WCM-7fd0d21f1a6fb215dcdd845a""]"
TAG-cfd32cb48670c72f6c4e9f96,ROOTCOMP-d122f1a8b20415a163f63dc1,institutional_channel,none_identified,bounded event evidence and corrected compensation metadata,"[""WCM-3543ae472618d409ea74e946"",""WCM-ae3959beaf727601a63bc12a"",""WCM-c6ed013eabd641f6baebddbf""]"
TAG-d5cc2f4f12a3efdf27ec6b7c,ROOTCOMP-3d76e94aacc27c2580c53025,institutional_channel,none_identified,bounded event evidence and corrected compensation metadata,"[""WCM-e2b9f4047e67bcd61a2ed174""]"
TAG-78f05bd706600d8a4a7235b4,ROOTCOMP-783230130e594bc04fbe6d3e,institutional_channel,budget_pay_plan_process,bounded event evidence and corrected compensation metadata,"[""WCM-a799a0756980034ab32ab105""]"
TAG-f67021106535c561bee71391,ROOTCOMP-783230130e594bc04fbe6d3e,institutional_channel,settlement_or_mou,bounded event evidence and corrected compensation metadata,"[""WCM-a799a0756980034ab32ab105""]"
TAG-08aaaeca9dc25acf56424877,ROOTCOMP-ff77144c27185e26636e7b8d,institutional_channel,budget_pay_plan_process,bounded event evidence and corrected compensation metadata,"[""WCM-0c243d367d4cb9e3faa70d68"",""WCM-221d1f7ac1f733657c8d4471"",""WCM-3e49823735ee3ed7fb733f39"",""WCM-9e55a73e04b4f3d5155a024e"",""WCM-c3d31fed5fecb5098fb0b3f2"",""WCM-f13458fef4c69ab1336c75b7""]"
TAG-de45bee0feaee76ac351ba98,ROOTCOMP-688984fa0974b97c71d8e921,institutional_channel,budget_pay_plan_process,bounded event evidence and corrected compensation metadata,"[""WCM-4d5f2d2a3840541592b4cc59""]"
TAG-8340d69dfb077e9013892311,ROOTCOMP-5e31decffb64e3db3b5da6a4,institutional_channel,none_identified,bounded event evidence and corrected compensation metadata,"[""WCM-0b2fb904f310e9426f0287a9"",""WCM-2286043e3f96dfd961db4c66"",""WCM-2c290402d1cc183feb8ad54f""]"
TAG-cdbea447516aa9d1c7fa99b1,ROOTCOMP-c030935fad99d83e70a791fd,institutional_channel,none_identified,bounded event evidence and corrected compensation metadata,"[""WCM-20558018990517f52444e8af"",""WCM-42c718444ecb5d3700492413"",""WCM-9bd48ee7bc5a0bb546fb86bb""]"
TAG-1446049d8285a09a5098d7db,ROOTCOMP-125a7062c0abe4ead5264b8b,institutional_channel,none_identified,bounded event evidence and corrected compensation metadata,"[""WCM-15beba5d442154ef9a9e6a99"",""WCM-1b925f8698938cc7fc37213b"",""WCM-8b6127d2256cb4577e76d5f4""]"
TAG-e0a3c921bc20ca9b184b70d5,ROOTCOMP-79bc94c9ee57f39162a29de5,institutional_channel,none_identified,bounded event evidence and corrected compensation metadata,"[""WCM-883ffb1e03acff5d6cb0a369"",""WCM-8d5aa1ae8a8a17e50876ab33"",""WCM-ec80dd6dde2cda50a74fad57""]"
TAG-43eee95d0d6eba76d2116b58,ROOTCOMP-403643e5db9472ff1f958267,institutional_channel,budget_pay_plan_process,bounded event evidence and corrected compensation metadata,"[""WCM-655ab6175c7413d506a38c9a"",""WCM-fb4b2e581f5d6e83e67d80cb""]"
TAG-be403a7b4bffd993510cc495,ROOTCOMP-67874a64a0a08c29d9895730,institutional_channel,none_identified,bounded event evidence and corrected compensation metadata,"[""WCM-6f9330ff32722ee107026422"",""WCM-e70b4d56dbe420852457b349""]"
TAG-b7eba566001fdd20c0bbfc29,ROOTCOMP-8438b791e5d0e947e4b1d389,institutional_channel,none_identified,bounded event evidence and corrected compensation metadata,"[""WCM-958b9dc79cafaaabb7de83ae"",""WCM-cb8bfde5234ed6301c0bf236"",""WCM-f10bc8ab74c7ffd1a075a0e2""]"
TAG-9103835e2008a21050792598,ROOTCOMP-954d008d9892088e4c1606d5,institutional_channel,budget_pay_plan_process,bounded event evidence and corrected compensation metadata,"[""WCM-c70b4bdeadfa18b58a0d7063"",""WCM-fab4efddfdf32907a41d1ed9"",""WCM-fbacb5ac442b59ac0662d97a""]"
TAG-8108005616f0e8c10fdbcd4f,ROOTCOMP-af69dfe1c482f88c180f8f7c,institutional_channel,budget_pay_plan_process,bounded event evidence and corrected compensation metadata,"[""WCM-127bb3eddcef38cbff164f1b"",""WCM-678f4cde6231e6a16d1ad01c"",""WCM-936cf30ba3cdf5a532025d23"",""WCM-a03677d1d65b316452e380bd"",""WCM-a40d99eb2d29952a2b690f9d"",""WCM-a6c677b9a0bb995c588349b5"",""WCM-ab05ff0d6d8b3e665526fbbe"",""WCM-d704aa4a1d7694f4abaafb4d""]"
TAG-6716df1c02fe0e5a2de3fb3b,ROOTCOMP-28d12442310e17657f9bb13c,institutional_channel,none_identified,bounded event evidence and corrected compensation metadata,"[""WCM-fa5988d9117e85195cd8031f""]"
TAG-231bb0914e9b8b91943fe335,ROOTCOMP-da635d81b8796b26c471ee22,institutional_channel,none_identified,bounded event evidence and corrected compensation metadata,"[""WCM-563bcde25a049282c22cf4ce"",""WCM-80c53fe87266c7517ba4e39f""]"
TAG-79443af20c79fd3cd2de3b4c,ROOTCOMP-d32c836e7db01b89e8bb1280,institutional_channel,none_identified,bounded event evidence and corrected compensation metadata,"[""WCM-1a0fa767600e930be10aa9b8"",""WCM-4622de801e247d96f2fd8091"",""WCM-528c06a8df939a2adb2278b3"",""WCM-59983c583ce11297126d5880""]"
TAG-2d1f862aef93d1dfd7247059,ROOTCOMP-21839eb56764b0df8064ee4a,institutional_channel,none_identified,bounded event evidence and corrected compensation metadata,"[""WCM-1b3b9f81752c02fd0963235e"",""WCM-87272d652d07717d671fd7dc""]"
TAG-e9067eecc210cf96d2c44575,ROOTCOMP-efc838503340416eb6da4974,institutional_channel,none_identified,bounded event evidence and corrected compensation metadata,"[""WCM-92ac266baf746408cc816670""]"
TAG-e31929e5d9e55e0a4d3bbc5a,ROOTCOMP-e324188c8fd726f0c909e2a6,institutional_channel,none_identified,bounded event evidence and corrected compensation metadata,"[""WCM-57433a76c5b4e6c9142cb0f9"",""WCM-aeb8ea4cafcd28c51b0e8d2f""]"
TAG-918d68503d586f4fc537e05b,ROOTCOMP-f1a38025e0ed06ed07585443,institutional_channel,none_identified,bounded event evidence and corrected compensation metadata,"[""WCM-2f3caa3e577ac0cf5fc88422"",""WCM-aff36fc2efbfd6587188c3c0""]"
TAG-8f96dc2d8afe895a98e59c04,ROOTCOMP-bb4cfadf61e72232a39c945d,institutional_channel,budget_pay_plan_process,bounded event evidence and corrected compensation metadata,"[""WCM-ced6401302c143702ee74a07"",""WCM-ea7c9a3e7c4468ae2d56173b""]"
TAG-5b42aa7263734c3320272748,ROOTCOMP-9f4ada495afc983a2d103eeb,institutional_channel,budget_pay_plan_process,bounded event evidence and corrected compensation metadata,"[""WCM-c11f8a8eddcf8ac057b8c427""]"
TAG-ce283f4fa01fba3cec2c10d3,ROOTCOMP-bacafd26508579174f81bce6,institutional_channel,budget_pay_plan_process,bounded event evidence and corrected compensation metadata,"[""WCM-269130b6f595c483afcab8ca""]"
TAG-c880036f58a93282aa99b8b2,ROOTCOMP-d89099ddf373e05bafe66925,institutional_channel,none_identified,bounded event evidence and corrected compensation metadata,"[""WCM-33739d5f91fa485fa14cf4f5""]"
TAG-e7eec3d2e8e75ee3011e29a0,ROOTCOMP-d896d5a2debe8d382af2a9b1,institutional_channel,none_identified,bounded event evidence and corrected compensation metadata,"[""WCM-7e921be6c834e81a259e6ea4"",""WCM-84a1d4ef04520fabac50474d""]"
TAG-1415d3150313ac2453f48a57,ROOTCOMP-fcb148975405c057f802c31c,institutional_channel,none_identified,bounded event evidence and corrected compensation metadata,"[""WCM-5e0e02f9f813e88b40bb196d""]"
TAG-7f4f9ae58e89c6d1ed136c0e,ROOTCOMP-fe6d73cf9de524ffe227e2be,institutional_channel,budget_pay_plan_process,bounded event evidence and corrected compensation metadata,"[""WCM-767cdf35f989143b824c1405""]"
TAG-707385d80dabbcd20683d463,ROOTCOMP-93b7814df98c2897365b0e00,institutional_channel,none_identified,bounded event evidence and corrected compensation metadata,"[""WCM-4ed593214d911ab5a16a3d7b""]"
TAG-5df1eb1f301a41e330c03c37,ROOTCOMP-5f048d6f2220232499ed0a09,institutional_channel,none_identified,bounded event evidence and corrected compensation metadata,"[""WCM-322c3e44ea74440eb034f631"",""WCM-7220ce2f52d6ae32f2dc961b""]"
TAG-abc65f3225510f62fabe23ba,ROOTCOMP-61dfba5d47796866ae538442,institutional_channel,budget_pay_plan_process,bounded event evidence and corrected compensation metadata,"[""WCM-3e78ae80ec0da8b422506a8c"",""WCM-5c9511ff39f0a44ce334f754"",""WCM-6e2fe78e5f93c169f2d80664"",""WCM-8497b8d2c431e10f2a9a3a96"",""WCM-9d476dbf5004ddc12d191458"",""WCM-b4dd671673fe961e9b50b75b"",""WCM-c4600f97bf2dbca623d6b19b"",""WCM-da5d047457e0b8ce65a6962f""]"
TAG-9e70e6ca7ce661e6d851052d,ROOTCOMP-8f86e3ce66a34defc33f80c1,institutional_channel,none_identified,bounded event evidence and corrected compensation metadata,"[""WCM-6eb364d0b0b6185d06cb1ba9"",""WCM-8b03c40d134087215f5a9f11"",""WCM-9457227aaa7954f75ea30637"",""WCM-a7367f4c4d24b96785df71d0"",""WCM-b495c73c329de2c42033b30b"",""WCM-c325e4be16db47912edadb2d""]"
TAG-1a18b82ed5bf998d62189920,ROOTCOMP-64bb76364028207e2cbfc94b,institutional_channel,budget_pay_plan_process,bounded event evidence and corrected compensation metadata,"[""WCM-3dafc19eba15e152e2b28cf2"",""WCM-65f360e9b7bd1a6c3e44c956""]"
TAG-47d0245eb4ed24932cca7a0f,ROOTCOMP-b7364b71712d0e39cb94c430,institutional_channel,budget_pay_plan_process,bounded event evidence and corrected compensation metadata,"[""WCM-1454f0f54b0a3d22ddf3a6b3""]"
TAG-b85f29e0b8d3f819aaf295c8,ROOTCOMP-0b83631710660f66578be715,institutional_channel,budget_pay_plan_process,bounded event evidence and corrected compensation metadata,"[""WCM-8bb9c7be9a849a4f2f08b197"",""WCM-d22c356fa9191a5a23585280""]"
TAG-c8c69f57aa59f133453cfb84,ROOTCOMP-1af5a11825404d0333953279,institutional_channel,budget_pay_plan_process,bounded event evidence and corrected compensation metadata,"[""WCM-17a43109f9c96c46943070c2"",""WCM-5c74c590ea0405a5dfeca2ea"",""WCM-a12fb29bcfce0b81eb207e9a"",""WCM-e1aea5f885e31232c18aec56""]"
TAG-708deaa93fb1d79adbe47b87,ROOTCOMP-8609f27861eb979504511ee9,institutional_channel,budget_pay_plan_process,bounded event evidence and corrected compensation metadata,"[""WCM-98bee38ce4e02a1f83718157"",""WCM-ac88063d2b4c4fc3ef5bb26e"",""WCM-b0db3b92209185a6759964f4"",""WCM-beb0957504d9ae8297e0e1bc"",""WCM-c9fb36560a53adffd9ff0f55""]"
TAG-d7fcffc7138cefe9f1101f8c,ROOTCOMP-58e96633e29680f90cc1a38b,institutional_channel,none_identified,bounded event evidence and corrected compensation metadata,"[""WCM-041c5b0dae1d8ce0c1248eff""]"
TAG-6af843fb5ce7990fe95a85f6,ROOTCOMP-6e8b7c61eeaeb32c9da8eb59,institutional_channel,none_identified,bounded event evidence and corrected compensation metadata,"[""WCM-198cc5e1f0d7f3b9af2ab98f"",""WCM-967a669643acd6c27348b351"",""WCM-dda8df1cd3b4c48b183bffd7""]"
TAG-41db0325d7431fd6a261e93d,ROOTCOMP-8c160410286cee2cbdbb023a,institutional_channel,none_identified,bounded event evidence and corrected compensation metadata,"[""WCM-b976a4414e4f82f847a17682""]"
TAG-f54d07f50d6b9f35f640165b,ROOTCOMP-8381c42d0807d24129b03b2e,institutional_channel,none_identified,bounded event evidence and corrected compensation metadata,"[""WCM-46812a60c35c558d23976726"",""WCM-87228d06d0f333c8497b5cd4"",""WCM-acc1a19dd272bee97ec86222""]"
TAG-60c0a8cd71856e233f15752f,ROOTCOMP-eab7a91ec6e1389d6f27f271,institutional_channel,none_identified,bounded event evidence and corrected compensation metadata,"[""WCM-4eb62135fa47fde00ee408d8"",""WCM-5e962ce72e67dbe9bf0e31f8"",""WCM-bac76b0a3c54d3b474d413cc""]"
TAG-1140d91a3129768c860aa24a,ROOTCOMP-5923c854580c89270fdb7abf,institutional_channel,none_identified,bounded event evidence and corrected compensation metadata,"[""WCM-0020c0eb858cd44570012b6f"",""WCM-f0c5cf705bb5ed6cfce378ce""]"
TAG-69e94496db041f31ed00a9fa,ROOTCOMP-a39f7dd106fa51d5835a065f,institutional_channel,none_identified,bounded event evidence and corrected compensation metadata,"[""WCM-7c91efe63715e1d32d094c52""]"
TAG-46048bc4ffc024be02a8338a,ROOTCOMP-2c8bdd61e6db1a235e9f43a0,institutional_channel,none_identified,bounded event evidence and corrected compensation metadata,"[""WCM-3c30fbb7afed617af239664b""]"
TAG-06ed66fc0a45a65f54114b58,ROOTCOMP-d0b14e5e06a8ab8c6d5f22c4,institutional_channel,none_identified,bounded event evidence and corrected compensation metadata,"[""WCM-590048fa04b38f458cc5ea6d""]"
TAG-7677327dad30d5409cdd5c67,ROOTCOMP-bcc5369c5bd5e5237d2e6050,institutional_channel,none_identified,bounded event evidence and corrected compensation metadata,"[""WCM-bcd76f0275357dfa4ad8b816""]"
TAG-d0f3630528f6c8f2bb8645dd,ROOTCOMP-09884edb699391452777dfc8,institutional_channel,none_identified,bounded event evidence and corrected compensation metadata,"[""WCM-635435f269b83eb55fff1e63"",""WCM-c6ee5749f5c3592ae8a29c5c""]"
TAG-b212f5c40b4a4be49448f277,ROOTCOMP-37fd6599c5a45b911d93a82f,institutional_channel,none_identified,bounded event evidence and corrected compensation metadata,"[""WCM-12290cd232f4102ec49434b9"",""WCM-26dadcfe2f58fe258d050424"",""WCM-449bcbc3e1af555661fc6225"",""WCM-7f689592855698c9b09998c4"",""WCM-aab98f9e022d8c0367b0f0f6"",""WCM-d33b487f1eab99d478fd43a8""]"
TAG-667f1e270150a47c7e9e000a,ROOTCOMP-513d92a56b25effb2c08b3e6,institutional_channel,none_identified,bounded event evidence and corrected compensation metadata,"[""WCM-031cd2f4bfe82508166c8fd4"",""WCM-1736fa8996a78b266727546c"",""WCM-3f60f8a71c32350c65a4f4d0"",""WCM-49a8d7c7b81306733b9a570b"",""WCM-b20a1221f9330d762ee89b47""]"
TAG-c3d0aa820d8b701c2e9c288a,ROOTCOMP-5912e6d58fa4478ec23ba12d,institutional_channel,none_identified,bounded event evidence and corrected compensation metadata,"[""WCM-8336664a2441097e214694d9""]"
TAG-c403158041473a274e45eaa7,ROOTCOMP-2541719009643ab5577a8757,institutional_channel,none_identified,bounded event evidence and corrected compensation metadata,"[""WCM-66bd5f58a4cf9f0b8e0b30b8"",""WCM-8d694d779328a907b00ef5c0"",""WCM-bf0f9fad59e1cba796920eb1"",""WCM-c7b53a9c3f6904214349cfc6""]"
TAG-803e1dc6f6d598173dd47039,ROOTCOMP-1e8ef8a01237a09042af204d,institutional_channel,none_identified,bounded event evidence and corrected compensation metadata,"[""WCM-cd3a59554ac0b45b6eb783be"",""WCM-d6357675ee7e36e6c8bca988""]"
TAG-3b1730119a0d3fc264e4fd61,ROOTCOMP-9bbfc6d36ef4649b7028b8da,institutional_channel,none_identified,bounded event evidence and corrected compensation metadata,"[""WCM-2e00d10548d1965dd7c4d5a6"",""WCM-7ce41c9668243fd40df5f1b1"",""WCM-b92adaa452042325176d7bb1"",""WCM-c7ffb6ea99c99462eb3c554b""]"
TAG-b4e82a85086839ac8c02d650,ROOTCOMP-97d0947bcb7bb0b1d7cd03d5,institutional_channel,none_identified,bounded event evidence and corrected compensation metadata,"[""WCM-1aa061bae16333923201499c""]"
TAG-411e408772d052fc936c2534,ROOTCOMP-005bae4da45414559df5f929,institutional_channel,none_identified,bounded event evidence and corrected compensation metadata,"[""WCM-1815fe583b733102814897b3""]"
TAG-dea5738b87491f955a0a76a8,ROOTCOMP-92d723e333bd6e4c01e88dad,institutional_channel,budget_pay_plan_process,bounded event evidence and corrected compensation metadata,"[""WCM-3e570f5d094d13a620a71398"",""WCM-7a51bc5822d0c7af72114d40"",""WCM-b2c6c748bdd0542edd64b286"",""WCM-cb36ab5a62da8848f81421ed""]"
TAG-13cc52adb726a7e99484cc44,ROOTCOMP-1cba24252014a00afdf1d45e,institutional_channel,none_identified,bounded event evidence and corrected compensation metadata,"[""WCM-0709949d47cc067a04c5f5cc"",""WCM-3e44b3cb4c58635fad6b4c9a"",""WCM-7f228a23bc3c358d4c2ae28d""]"
TAG-26cc8deec9df8b788abf2121,ROOTCOMP-0f3c256e31db48f4a937ee0a,institutional_channel,none_identified,bounded event evidence and corrected compensation metadata,"[""WCM-40028b05c58e928c5587167b"",""WCM-af4c9fbc09091c2f58353201""]"
TAG-e9ffbe805adf7244214b2056,ROOTCOMP-56ac33f39a7e9ba5740b2dd9,institutional_channel,none_identified,bounded event evidence and corrected compensation metadata,"[""WCM-025f5f87b840a7d0124b1df8"",""WCM-801035a9bff2bb70564a7fb5"",""WCM-f95820ea5143d57eaa7564c8""]"
TAG-f7bafe0ed2863daf4aadd750,ROOTCOMP-b3b18989014f4ad2df091470,institutional_channel,none_identified,bounded event evidence and corrected compensation metadata,"[""WCM-47a62da268360a8b7a1de29b"",""WCM-510df0004781a50b044645e8"",""WCM-e3f65b753b297944dc762917""]"
TAG-05a9292bef44c031483f64d4,ROOTCOMP-f6f7f87a00b50e1aef12e4eb,institutional_channel,none_identified,bounded event evidence and corrected compensation metadata,"[""WCM-b91d52bbf84f661daf705cc7""]"
TAG-3064657115c3f3f1ad5688d9,ROOTCOMP-f06ee5d3d0792f4b6a4097c0,institutional_channel,none_identified,bounded event evidence and corrected compensation metadata,"[""WCM-b515fc2789fa83f50227e997""]"
TAG-fb462d46f5feb6b8f7ed3ad2,ROOTCOMP-6d86881f2da6054782c39882,institutional_channel,none_identified,bounded event evidence and corrected compensation metadata,"[""WCM-9d47bbb61220e0332ab6ffcf""]"
TAG-4fb9191f538d88a6d652760e,ROOTCOMP-4a3392290e0827a28c75d403,institutional_channel,none_identified,bounded event evidence and corrected compensation metadata,"[""WCM-0a7eff9ca10bd71612d44778""]"
TAG-efc8aa3a5f72eab4411292b1,ROOTCOMP-c3604fe2485edd085f2385bf,institutional_channel,none_identified,bounded event evidence and corrected compensation metadata,"[""WCM-8c063e88dce26a4dbb96db39""]"
TAG-18689d87baa7bca25fddb6eb,ROOTCOMP-8c0ae24024bfbf5309ec71ec,institutional_channel,none_identified,bounded event evidence and corrected compensation metadata,"[""WCM-5ddb7880587b2b43f3281d73"",""WCM-cbbbe265e6fd5572f2d60080""]"
TAG-1d1d92cf51e588396c273f44,ROOTCOMP-ef473e94f0ec3729c09a1a33,institutional_channel,none_identified,bounded event evidence and corrected compensation metadata,"[""WCM-cb7426f7ba23aa5c7717d976""]"
TAG-8aadbca45c8b20e374933071,ROOTCOMP-41fc0244c895877b5a63f94f,institutional_channel,none_identified,bounded event evidence and corrected compensation metadata,"[""WCM-4568584f382c69ed3c866c56""]"
TAG-9d3d429338acfc7e01bc9c6c,ROOTCOMP-53f9e280201464f15543e655,institutional_channel,budget_pay_plan_process,bounded event evidence and corrected compensation metadata,"[""WCM-9fd7d3f19b2f7339ba90d94c""]"
TAG-5f363e642f9f4c25d7bcb79f,ROOTCOMP-ec47ee36ee49b3fb65d3021f,institutional_channel,budget_pay_plan_process,bounded event evidence and corrected compensation metadata,"[""WCM-2d7eb98020e705f7228083a7"",""WCM-c72f021b8c5b0137a1a6ebc8""]"
TAG-c902fe5061a0e9cc14a07301,ROOTCOMP-04ab7a01ae8e1de8ae31afeb,institutional_channel,none_identified,bounded event evidence and corrected compensation metadata,"[""WCM-c74eeec36e097be04506975f""]"
TAG-e334f123d5a44c438a829455,ROOTCOMP-2e1c60cb9655d32516deb394,institutional_channel,none_identified,bounded event evidence and corrected compensation metadata,"[""WCM-120d9c4bbd00447ddef8cf82"",""WCM-f49df8c60a040a0330c07a13""]"
TAG-6ba3e0432a83f7b0703d9217,ROOTCOMP-cc08621e7e0d1588c7d8ebd3,institutional_channel,none_identified,bounded event evidence and corrected compensation metadata,"[""WCM-1c64129923741a17aa9fac23"",""WCM-9a961fb52f1291779b019d4e"",""WCM-9b855460dc862acd7c7e034a""]"
TAG-05e82206f5c96e5219cb9b54,ROOTCOMP-7e362ad7d061614a2c355b9d,institutional_channel,none_identified,bounded event evidence and corrected compensation metadata,"[""WCM-0ad606f1e70abf4bd1950a12"",""WCM-2794b1ba7051966bf1a8b729"",""WCM-5b1ab8d7c8555b19537051bc"",""WCM-c0bf623cd2efe04ba1938f72"",""WCM-e026f3127ece79e4d3faf9a7"",""WCM-fc3631ee86ff2f4c0b741276""]"
TAG-235b381e9950e23e9c923acf,ROOTCOMP-4b94fd456c21b41538cecc0d,institutional_channel,none_identified,bounded event evidence and corrected compensation metadata,"[""WCM-9a3b79bad06ba7555ccc716c""]"
TAG-825aef2f046469a61379b997,ROOTCOMP-985e7e60fa66072ffc1c1cb8,institutional_channel,none_identified,bounded event evidence and corrected compensation metadata,"[""WCM-d07b7c7b08e2a39fbbf49d55""]"
TAG-080d472910d8f03f2efc02e5,ROOTCOMP-a7a4c7e9e50fb5258d6c43c1,institutional_channel,none_identified,bounded event evidence and corrected compensation metadata,"[""WCM-0e3fe7ce00b93865d79f704b"",""WCM-a275a99f3779d0c40662f74e""]"
TAG-29ba3d5707e4e8c44e25365f,ROOTCOMP-bd9bf6003d26ecf14e9f2659,institutional_channel,none_identified,bounded event evidence and corrected compensation metadata,"[""WCM-190bc55577641d9bac7a655c""]"
TAG-3fbe5268378f112b847f816e,ROOTCOMP-ad99cb9525879511ac3871dc,institutional_channel,none_identified,bounded event evidence and corrected compensation metadata,"[""WCM-4ed1e8f13c5144150ce57864"",""WCM-992694cd0f026b1ad48bb99e""]"
TAG-21f028d7182f5ed3de2deda1,ROOTCOMP-5bd1a7d3b759e1164a63fc79,institutional_channel,none_identified,bounded event evidence and corrected compensation metadata,"[""WCM-9df5308265cfd4d2d1710e6d""]"
TAG-6157e79eab1fbbfbddd2f1e5,ROOTCOMP-f9647271168e04da536f641f,institutional_channel,none_identified,bounded event evidence and corrected compensation metadata,"[""WCM-f4ad7582c3e2b52e33cf1969""]"
TAG-39598437ecc57ad7f9bc53ff,ROOTCOMP-842630b3cbee8fa1689e732c,institutional_channel,none_identified,bounded event evidence and corrected compensation metadata,"[""WCM-83fe6ac4747e5f2d3341a258""]"
TAG-8e84b882ad9df9e09c774690,ROOTCOMP-da7b233f2a3b9a3767b27d54,institutional_channel,none_identified,bounded event evidence and corrected compensation metadata,"[""WCM-f2f71518be81fe32ee8ccdb7""]"
TAG-63bd07d4c9f858ee6eadf605,ROOTCOMP-540f13329062cae963507382,institutional_channel,none_identified,bounded event evidence and corrected compensation metadata,"[""WCM-12822f26a68852ff54e8b857"",""WCM-3cc24c206f1295d4ee23d93c"",""WCM-541aeda4281840b8b3217cfc"",""WCM-6736d94caa03f8e60b1ba2a1"",""WCM-8a4d5e3a089092434d0494c7"",""WCM-92da23f9a4ded7c7a77e46ae"",""WCM-96bda589314aed0a91a579c0"",""WCM-c0b504ee495588ebdd1cca09""]"
TAG-ef225fec681799173d0c0fdf,ROOTCOMP-14705baa028bc1abb1877279,institutional_channel,none_identified,bounded event evidence and corrected compensation metadata,"[""WCM-82516be4178f9debc8f8c589""]"
TAG-02ff6109cd1fadff1ac351e7,ROOTCOMP-5a50b64301b9518767d540a5,institutional_channel,none_identified,bounded event evidence and corrected compensation metadata,"[""WCM-57a56123e67411d94597450e"",""WCM-aa3a880498f98f02041126f4""]"
TAG-d2d341cf48471cda0ed0ed51,ROOTCOMP-2dc0a12c28d7bad029440927,institutional_channel,none_identified,bounded event evidence and corrected compensation metadata,"[""WCM-7b18560b42b10f94687e4077""]"
TAG-1f2ed6d3221a36385af9a7df,ROOTCOMP-0d405cf0f7de0e491f4893f1,institutional_channel,none_identified,bounded event evidence and corrected compensation metadata,"[""WCM-3c9fd265f211c7082bfa8761"",""WCM-ecb5cd99b4dc137140c88f2c""]"
TAG-3fa39ce034258c2498dbd275,ROOTCOMP-316fb1ec107fcea48f58a025,institutional_channel,none_identified,bounded event evidence and corrected compensation metadata,"[""WCM-465c978b55d100aeb57f3c93"",""WCM-f4bbba6240d5d79f9e5c2124""]"
TAG-2cfd29237c3e6077c53977e7,ROOTCOMP-8b5b7be80e66429e5d9c5763,institutional_channel,none_identified,bounded event evidence and corrected compensation metadata,"[""WCM-70ae971e2007dd79460ac534""]"
TAG-7012bc7087b431c0aa7ce2d3,ROOTCOMP-7275e43af1f461cfe2cc72c9,institutional_channel,none_identified,bounded event evidence and corrected compensation metadata,"[""WCM-d089271dde5e2f8ebba530cc""]"
TAG-6f442eb77ad48d5253628311,ROOTCOMP-92c3a2fb431e4d564566c4d1,institutional_channel,none_identified,bounded event evidence and corrected compensation metadata,"[""WCM-120d507ff1fe4e7989ab38cf"",""WCM-7f6db4fc59bb9a8321b1758c"",""WCM-bd71cbf758bb27434a9f43eb""]"
TAG-21b5391c181ed97a69139c82,ROOTCOMP-3886aaa08f9ddd3b9cc76c40,institutional_channel,none_identified,bounded event evidence and corrected compensation metadata,"[""WCM-3d6aaa74f519bc27df803520"",""WCM-bba19991f187a12baf58893d""]"
TAG-203e634f0057dcba504cbadc,ROOTCOMP-138c69daa2166c4f3168534d,institutional_channel,none_identified,bounded event evidence and corrected compensation metadata,"[""WCM-346a167e65761b5a9697d9ad""]"
TAG-4d7e937b1a04b2d5d0ff688a,ROOTCOMP-8b7d2d2f05162ed788b84832,institutional_channel,budget_pay_plan_process,bounded event evidence and corrected compensation metadata,"[""WCM-1a71ef3a1cb5218a213dcc78"",""WCM-1cef166d426528a1f16a548a"",""WCM-22f9f522250c85e6e6bb9bbd"",""WCM-544dc1a1b5df5c32a599dcfd"",""WCM-f3e328e83b4da4780fa08d66""]"
TAG-765d6fe4db8ec751d0dd27e7,ROOTCOMP-dc440f52dcf2369e717ff041,institutional_channel,budget_pay_plan_process,bounded event evidence and corrected compensation metadata,"[""WCM-81491cd89cd1bd38046fb1b7""]"
TAG-050e9f3711a67be3f2416596,ROOTCOMP-8cdf0de636bb2d979bc1d89c,institutional_channel,none_identified,bounded event evidence and corrected compensation metadata,"[""WCM-cf08173da92d2abd9321bb79""]"
TAG-e3af8d8d536d4fba03452332,ROOTCOMP-a723e2218e159d8a3a5b9792,institutional_channel,none_identified,bounded event evidence and corrected compensation metadata,"[""WCM-7216ca4ec660de4c03581a44"",""WCM-9693f367416d013380424b9f""]"
TAG-2813f0b467f9a2dbb1b26119,ROOTCOMP-2758eff715c390581f9eda7f,institutional_channel,none_identified,bounded event evidence and corrected compensation metadata,"[""WCM-11f27c5e26cdae15432f9468"",""WCM-b41e5fac8ba9ba6172da8cbf""]"
TAG-2beb0cff08349c29de634b70,ROOTCOMP-9810151ad785b7eb221acfae,institutional_channel,none_identified,bounded event evidence and corrected compensation metadata,"[""WCM-3fefc28f49ddbe3bfa60567c"",""WCM-a5b2119e8de0c7ad047ebecb""]"
TAG-d11f09776bbf313be991e90c,ROOTCOMP-ceae02c685bdcb0a41e6f7d4,institutional_channel,none_identified,bounded event evidence and corrected compensation metadata,"[""WCM-8fb497266b601f34b8c4a28c""]"
TAG-074bb703135aa08e8807e2f8,ROOTCOMP-e236b07900dff774ded06fe4,institutional_channel,none_identified,bounded event evidence and corrected compensation metadata,"[""WCM-7a8d4371e67032dd11b3c9cf"",""WCM-8c146525029fe34ec4a95542"",""WCM-ec4ecb87378eb8109ce1824a""]"
TAG-52fc87e1abe53bcb52109fe9,ROOTCOMP-0be8b1cc14447100f0f928b4,institutional_channel,none_identified,bounded event evidence and corrected compensation metadata,"[""WCM-05d72962e02d2830e889a49c"",""WCM-7d34243b2e6fcdcf125271bb"",""WCM-8c256b7a582b0336037c8bea""]"
TAG-299a521069291870ed795280,ROOTCOMP-40c67c6070c3ac0420801f5a,institutional_channel,none_identified,bounded event evidence and corrected compensation metadata,"[""WCM-3b2fd53ab82c333190b62b34"",""WCM-6c6027cf9e512356b2467480"",""WCM-766787b5c659cc17fe7c3adb"",""WCM-803bd75fe86de6040c9891e7""]"
TAG-57425083a08e551a28179650,ROOTCOMP-15b7954a09477251a8a89959,institutional_channel,none_identified,bounded event evidence and corrected compensation metadata,"[""WCM-522b52353083b520916f09ae""]"
TAG-9515df5bffd6d227c56cbacc,ROOTCOMP-7ffcc9effa55a6c3f296bd90,institutional_channel,none_identified,bounded event evidence and corrected compensation metadata,"[""WCM-8676bad125617167277798d7""]"
TAG-eff79a107a1d8d6ebb4272de,ROOTCOMP-b9c58a55b9e69ae734092f8c,institutional_channel,none_identified,bounded event evidence and corrected compensation metadata,"[""WCM-f2a9de6e40f204ddf92519a7""]"
TAG-73c789b219117673e4ce1022,ROOTCOMP-72fddd13e6834375a39c26f9,institutional_channel,none_identified,bounded event evidence and corrected compensation metadata,"[""WCM-0c5c93c0c3b7c0e630efd831""]"
TAG-4f8c5172041b317e62754ed7,ROOTCOMP-cd2a3cdcbe1ff5024fd718ed,institutional_channel,budget_pay_plan_process,bounded event evidence and corrected compensation metadata,"[""WCM-04d0b1cd867dfc9eacfe6567"",""WCM-166fa80f8b96a965613303f5"",""WCM-495b5f6f8853770e0d9e29d8"",""WCM-88dbe7b60212327c82de7d6e"",""WCM-a98e8a73fcbf93efb06d590d"",""WCM-dbe7dff6a18948e807d75745"",""WCM-de679b837d0935d6d952bbe5""]"
TAG-b306f4acff4e48ed2227a631,ROOTCOMP-f4aee033bc6dd5d1ac8f2648,institutional_channel,none_identified,bounded event evidence and corrected compensation metadata,"[""WCM-0a4f4018a5a4b722161ab559"",""WCM-baf1ef4f020454245e70c3d1""]"
TAG-e83c5dc44ab1bdf5330204ad,ROOTCOMP-f2de378be542de1173d8548b,institutional_channel,none_identified,bounded event evidence and corrected compensation metadata,"[""WCM-1593948dce83e823a441533e""]"
TAG-a3287d58837ce41b3f167b8b,ROOTCOMP-e7e659a07f8c01c600da8c59,institutional_channel,none_identified,bounded event evidence and corrected compensation metadata,"[""WCM-14e7ca9f55b24bdb603b992b""]"
TAG-60c4235ec2e8e754643862da,ROOTCOMP-8f9c718cdf5a8f5892f80dba,institutional_channel,none_identified,bounded event evidence and corrected compensation metadata,"[""WCM-ab8e375f5b22790e4462a0b7""]"
TAG-91ce245eff8d891a7ea84379,ROOTCOMP-25164b6e96f98ba27878cec6,institutional_channel,none_identified,bounded event evidence and corrected compensation metadata,"[""WCM-b9ff57c1e1688a0e189d7280""]"
TAG-463c4c7cb5a8be98c85f0cfb,ROOTCOMP-7d0026831b3524dd3a6705ed,institutional_channel,none_identified,bounded event evidence and corrected compensation metadata,"[""WCM-0acf8b564f347f6565542bd9"",""WCM-443be4257bdf8a079adc9174"",""WCM-50a4f7943c53303f07d50bc4"",""WCM-9d57a40e89cf53c86299ffc2"",""WCM-a7ac47b22e5d78fe687d6e2e"",""WCM-bc7a60f5e6e1883fa0199379"",""WCM-e8a749a5618b0a9d5559eacd""]"
TAG-279969e308567b82760e58d7,ROOTCOMP-211a332ca37cb331e78bfb0b,institutional_channel,none_identified,bounded event evidence and corrected compensation metadata,"[""WCM-b5d4108356ce5ddb5689bf5c""]"
TAG-83e8ed8b07c5a4da5b9e570a,ROOTCOMP-ba20a16f91e903bce0762c53,institutional_channel,none_identified,bounded event evidence and corrected compensation metadata,"[""WCM-34f1bb4c314999ed97658d9d"",""WCM-88c0575ea3f562c64476ba81"",""WCM-a0535b3b12037afa93408fb9"",""WCM-bef4362fde4498aa0587f447""]"
TAG-9de160fe865bc5f2fcc6f6aa,ROOTCOMP-f20863a9190d02c4a24e0ee7,institutional_channel,none_identified,bounded event evidence and corrected compensation metadata,"[""WCM-ad19f28800eb525250460333"",""WCM-adb0c3627a91aa04ffb81ce0"",""WCM-ade848ce6a8a3addd1ad14e5""]"
TAG-d4fcfb67b4c9c9d9a080c4ad,ROOTCOMP-b8dc44313154b35601dd6c21,institutional_channel,none_identified,bounded event evidence and corrected compensation metadata,"[""WCM-487928baab34be0c6e4af367"",""WCM-632a2f8da2a365fc9c206d51""]"
TAG-25037f35ad5831206a087e62,ROOTCOMP-392607b1c6b8c2beb54a37ae,institutional_channel,none_identified,bounded event evidence and corrected compensation metadata,"[""WCM-a6c65747a544158146a84aee""]"
TAG-05d284a2aa5dcdc0d292892d,ROOTCOMP-df27184ff3ac483b83b15e36,institutional_channel,none_identified,bounded event evidence and corrected compensation metadata,"[""WCM-5d2d0b62336604089960ffa6""]"
TAG-f4722d4c7a7950f48cb84e6a,ROOTCOMP-f9d33d927075cd7730f96ec5,institutional_channel,none_identified,bounded event evidence and corrected compensation metadata,"[""WCM-2d3e9d323302b15af808e7c0""]"
TAG-6008b6c86c7880b660a0e76f,ROOTCOMP-fd6ba7c1cfc8bdfcd43901ec,institutional_channel,none_identified,bounded event evidence and corrected compensation metadata,"[""WCM-0935c704dcfbfc6616251977""]"
TAG-583984133ce50cadbc42624f,ROOTCOMP-299b61828be5b7ffff5fd749,institutional_channel,none_identified,bounded event evidence and corrected compensation metadata,"[""WCM-5e73bbf1cd30fb039f045927""]"
TAG-2cec731797bd24651f04c577,ROOTCOMP-93ec9e01ac2211cd6e404db7,institutional_channel,none_identified,bounded event evidence and corrected compensation metadata,"[""WCM-15d81a241ecc56ec6e19b082"",""WCM-1bbd05f65393665df2d0f30a"",""WCM-1f26ced720ac7ccfa23de6d5"",""WCM-2e4e6e4727b611d1744c6b94"",""WCM-f8b23e10fb97d9f446f621cc""]"
TAG-fd0859f0abf6b28d2ba52043,ROOTCOMP-a12b9dac052e4498e847538d,institutional_channel,none_identified,bounded event evidence and corrected compensation metadata,"[""WCM-64bd9af89d205b2832fa8143"",""WCM-6b244ee9180f59f909bbe02f"",""WCM-d40077c691d628812cd1386d""]"
TAG-3f0c0e4bfdcfaad96e95b2bc,ROOTCOMP-1c48c9dccf747d7f0807d969,institutional_channel,budget_pay_plan_process,bounded event evidence and corrected compensation metadata,"[""WCM-cb48dd1ed5714b22617aa5b8""]"
TAG-509152d138f9a7af6477b972,ROOTCOMP-f202f5015f52ec7e56a404ad,institutional_channel,none_identified,bounded event evidence and corrected compensation metadata,"[""WCM-18cbf2f0764effc95c437c48"",""WCM-7dcf8efe161610637431d5c5"",""WCM-afe69af8b338f0ecf8b3f44e"",""WCM-c4591ec3e4a1523d6bedf5ee"",""WCM-dff60d1f22e3599b1485666d""]"
TAG-9fa563977a45f87ddce67a8a,ROOTCOMP-6383b70d7d3b8c6a20fde19d,institutional_channel,none_identified,bounded event evidence and corrected compensation metadata,"[""WCM-06de97d941849fc499b4eada"",""WCM-8e23e92af5f01e8890ef251b"",""WCM-fae04220a3de0cac2b13d677""]"
TAG-c888ca304713c6d89557b32d,ROOTCOMP-81ebf2f6ae6c4c7b0bdbb1a0,institutional_channel,none_identified,bounded event evidence and corrected compensation metadata,"[""WCM-7903cbc0c19b93c2b426bb2e"",""WCM-cb58cdbc23e9df5b8b865911"",""WCM-eed8342ede72c8fb6c021333""]"
TAG-9c1edd2a36efe7ee192ac10f,ROOTCOMP-5edc84db1103726250989a21,institutional_channel,none_identified,bounded event evidence and corrected compensation metadata,"[""WCM-b7d3609e8fa4c830ed9b0433""]"
TAG-6aaf4d63642c24c83438ddd9,ROOTCOMP-38f72a2399c39732cbfb2cde,institutional_channel,none_identified,bounded event evidence and corrected compensation metadata,"[""WCM-5588827f12d32cda3631ebe7"",""WCM-a970c367ebd6426bc750f8c4"",""WCM-ca1c945136af2a24387dcd85""]"
TAG-8dcb4aa6ccc5fbc73a5976df,ROOTCOMP-f3e22122b0b4bd3b55b1eee8,institutional_channel,none_identified,bounded event evidence and corrected compensation metadata,"[""WCM-76ecca0ee7cadb5781539fb4"",""WCM-900f26db9fd81c7ae3fc24b5"",""WCM-917f83a36547634999382e70""]"
TAG-5e13303475529ed97d5520df,ROOTCOMP-2501fed200c9bbf08b54e871,institutional_channel,budget_pay_plan_process,bounded event evidence and corrected compensation metadata,"[""WCM-02bf66e7671f56ee56fd5ad3""]"
TAG-c15bebd8c56982bed4a9c97d,ROOTCOMP-24d7f638db5aeba7642d7dd1,institutional_channel,budget_pay_plan_process,bounded event evidence and corrected compensation metadata,"[""WCM-21bc216e0e10c1a4458cce0e"",""WCM-ac1e860ed4dfa6395a157cd2"",""WCM-f7f19854c4a41fc85273332c""]"
TAG-141fdfcbc28136452c95cc24,ROOTCOMP-e548be1bee735dddef03be23,institutional_channel,none_identified,bounded event evidence and corrected compensation metadata,"[""WCM-90bd9a96a1f60397fa4c6aef"",""WCM-b57a2c02c33608b29871de52""]"
TAG-140972287ab65ccb92560a9e,ROOTCOMP-6e3ed65a8f04fd7192b42eee,institutional_channel,none_identified,bounded event evidence and corrected compensation metadata,"[""WCM-89e34c33b889eeaabdf406a2"",""WCM-a313d1c3779888f496aa3939"",""WCM-f504e83d819efdf5b8d9d4ed""]"
TAG-c3eb9dcc27b04983d3c1c02d,ROOTCOMP-64dcf2dd0e09a2d88525d9c1,institutional_channel,budget_pay_plan_process,bounded event evidence and corrected compensation metadata,"[""WCM-054a2978639f767724b2e496"",""WCM-16d55dc649dea39586db1624"",""WCM-82da219955b9796c2256ea52"",""WCM-aafe57c046faad856244cab2"",""WCM-eefe249a5cb4310c0251e0cf""]"
TAG-ea3f750e6cdc007d53c2d1dd,ROOTCOMP-2941c6f358f48954ca30c637,institutional_channel,none_identified,bounded event evidence and corrected compensation metadata,"[""WCM-dabb4bfad3c41c6f167603e1""]"
TAG-2b0faf0e2617c10f269555df,ROOTCOMP-7731540f8c507e3c2f4d82f2,institutional_channel,none_identified,bounded event evidence and corrected compensation metadata,"[""WCM-89a9eab518d59297c3e410ce"",""WCM-a4ace331862f3e46b04acf6d"",""WCM-de706a3890c9bb81da462fa2""]"
TAG-f7ca8096e86ab35543b5b73a,ROOTCOMP-b70caa773421853a4f711def,institutional_channel,budget_pay_plan_process,bounded event evidence and corrected compensation metadata,"[""WCM-30fac1ce0bb2d08dddf93845"",""WCM-67b5491a3beaca43293214aa"",""WCM-88f42b4e6ebed8020e26b925"",""WCM-d1bbe24be9e865d0044c8286"",""WCM-f80f0809a5b4c9a142fdb6ae""]"
TAG-193a4623663ac9e8ec466783,ROOTCOMP-78fceeae043254fa1ff8ede0,institutional_channel,none_identified,bounded event evidence and corrected compensation metadata,"[""WCM-1f2fc6615f0875ac0c51797c"",""WCM-3cfa65b55c86eec8a2cf11f1"",""WCM-3de3ca3baa0eda727c870002"",""WCM-97506939fb89bb2a1b4be132"",""WCM-9aab78ffa9835ca14c53e325"",""WCM-c143da41a1df164820b6e4e3"",""WCM-f56699139deb11ee414886c9""]"
TAG-5b5f9cb1ad5960c13390d4f9,ROOTCOMP-216aa28ae2c6debda057f783,institutional_channel,none_identified,bounded event evidence and corrected compensation metadata,"[""WCM-24320e0afb8c774f918a133e""]"
TAG-61077fb461db954d04bfe0fc,ROOTCOMP-29a5f3bd2149b1dbdea213f7,institutional_channel,none_identified,bounded event evidence and corrected compensation metadata,"[""WCM-30343c2c26afe7557a39b1fc"",""WCM-7cfb55cca503a3003586ee20"",""WCM-a844e870d71933c080bddc9f""]"
TAG-e1597718a94c5644fe7c63c9,ROOTCOMP-96ffc9277b52c8cdaac4dfc6,institutional_channel,none_identified,bounded event evidence and corrected compensation metadata,"[""WCM-abab5113ca2561614f74b6e7"",""WCM-ae7f142909f3471bc99c4cc1"",""WCM-f175db52a0e14ebb2bf1dd89""]"
TAG-9ab86c5b2f614e9d8ea35171,ROOTCOMP-610742c0c00d7a329b406cfb,institutional_channel,none_identified,bounded event evidence and corrected compensation metadata,"[""WCM-297ef8ede838b63580aaca13"",""WCM-c821d3885a0e0df7d65b04b9""]"
TAG-362deb819b07db362cacb548,ROOTCOMP-07d43ab235ea0d5f79167d93,institutional_channel,none_identified,bounded event evidence and corrected compensation metadata,"[""WCM-7d3016bf70c38b784a1aa471""]"
TAG-4c610233ec65afc264783035,ROOTCOMP-3f71212a6bfed2512599730d,institutional_channel,budget_pay_plan_process,bounded event evidence and corrected compensation metadata,"[""WCM-11f96a5127d7503d43f157cb"",""WCM-72f4ecc14a3412fb2728208a""]"
TAG-02ba28bd16f715081c2b0e00,ROOTCOMP-35c6110157664391e6d203e0,institutional_channel,none_identified,bounded event evidence and corrected compensation metadata,"[""WCM-42f3e450ecfd1f181d03e28e"",""WCM-dd4d886441a4b3bd28141707"",""WCM-ea698e9a1d6071b89af60b91""]"
TAG-d38569d5aecfa6c845606f6c,ROOTCOMP-58c2b7180b650e78c9772915,institutional_channel,budget_pay_plan_process,bounded event evidence and corrected compensation metadata,"[""WCM-89043c5ede72f8e5d762a9ee"",""WCM-9706e88c43b4097061839932""]"
TAG-f8b53b7bee2fa9a4d03846b0,ROOTCOMP-abe5fa86ba48fa182f80a4cf,institutional_channel,budget_pay_plan_process,bounded event evidence and corrected compensation metadata,"[""WCM-11431731d19b76960686674e"",""WCM-267e6138729f4626698eccf5"",""WCM-6aff9f0a642dd426faaf645f"",""WCM-75c27746794b56439960c23d"",""WCM-9b95d54cc948a1198f7ecfe3"",""WCM-d9048e47c4b63e8250d4159a"",""WCM-f4d1dcc4cba878655132f1f6""]"
TAG-11fdace045221cc5fcf486a3,ROOTCOMP-9de4482338b682cdc54de537,institutional_channel,none_identified,bounded event evidence and corrected compensation metadata,"[""WCM-ffe75fdf41185ac35e543f80""]"
TAG-95d73ab5da57354c49efc1fa,ROOTCOMP-16d013e9cba7126e7b4d824e,institutional_channel,none_identified,bounded event evidence and corrected compensation metadata,"[""WCM-2b3e909af78b2aa097367541""]"
TAG-8b1e9f3ffa768998a2628b7f,ROOTCOMP-66234edc3d84b6bd34d4b65f,institutional_channel,none_identified,bounded event evidence and corrected compensation metadata,"[""WCM-4fbd27e64849365716efca93""]"
TAG-82f2f5907f222eaf9427ac3b,ROOTCOMP-a893db72925e49dfe9d4da3c,institutional_channel,none_identified,bounded event evidence and corrected compensation metadata,"[""WCM-520e0e4b51eed76dfa4f7195""]"
TAG-f87338b3da249eb9ba06900f,ROOTCOMP-a1a3d75acd6137b00942ead8,institutional_channel,none_identified,bounded event evidence and corrected compensation metadata,"[""WCM-2bb1d9ad3921fc3136c8a034""]"
TAG-d3a0b745b10df99f5fdd7b2c,ROOTCOMP-af6afc01e29de75f99f7177e,institutional_channel,none_identified,bounded event evidence and corrected compensation metadata,"[""WCM-202ed8a32174514e789c9801"",""WCM-91e376401935e5ba20871624""]"
TAG-323c12479f645855e37047ea,ROOTCOMP-7346087bb553c20b03cbb0f2,institutional_channel,none_identified,bounded event evidence and corrected compensation metadata,"[""WCM-9cbb451bcd3536b54c7ad95b"",""WCM-deb0e855d8e42d1092d9b33e""]"
TAG-33891fcc16107c9ab44c1256,ROOTCOMP-1133910bd0020eba37198cf3,institutional_channel,none_identified,bounded event evidence and corrected compensation metadata,"[""WCM-5679c3d45dfd635b701caedc"",""WCM-6d92f46408ecbb7c0f1b7ed8""]"
TAG-a8fc679948bbd61ca05726df,ROOTCOMP-338afa92c3afda84eb74d529,institutional_channel,none_identified,bounded event evidence and corrected compensation metadata,"[""WCM-5538ab03b3e8464e4857c6f9""]"
TAG-9f61bec0d2eec2473c750e1f,ROOTCOMP-e8798b3759f896f51e29727a,institutional_channel,none_identified,bounded event evidence and corrected compensation metadata,"[""WCM-b835e2d705f9629aa9fd6c81""]"
TAG-a0bbdaa3702756c02c805968,ROOTCOMP-6dd377a443174d37fcdf85ab,institutional_channel,none_identified,bounded event evidence and corrected compensation metadata,"[""WCM-1a3157479aae7c6a8a792b69""]"
TAG-563239b58162bd70a41c8f84,ROOTCOMP-1f8b6d480dd0d148d621925a,institutional_channel,none_identified,bounded event evidence and corrected compensation metadata,"[""WCM-c908b9246c6990f06d3e396d""]"
TAG-d67c563a267ab788b973e1f5,ROOTCOMP-a78ffc2e9b4c724fb04d9dab,institutional_channel,budget_pay_plan_process,bounded event evidence and corrected compensation metadata,"[""WCM-9f238af057dadb6149e15c2f"",""WCM-c01843774c6e365799ece717"",""WCM-c35571326711486d43b2ef3b""]"
TAG-eaa256ff38fe512b84b73cfc,ROOTCOMP-2b1f437fd7b84a0e9f342f99,institutional_channel,budget_pay_plan_process,bounded event evidence and corrected compensation metadata,"[""WCM-076adf77069b03cd7d0c293c"",""WCM-fa5a543a1b3d78855c139670""]"
TAG-adee444d407d3a1288c82303,ROOTCOMP-a4e03bba4d994e2e6284c7c7,institutional_channel,budget_pay_plan_process,bounded event evidence and corrected compensation metadata,"[""WCM-43834c454c4771fcfb6103ad"",""WCM-9ee286db6bd27f94aa33906e"",""WCM-caf8df132436999ed019abf9""]"
TAG-ddf0a0f6a8980c5c4ea6b1a7,ROOTCOMP-b416242e28ec4877bbdf5512,institutional_channel,none_identified,bounded event evidence and corrected compensation metadata,"[""WCM-7a2f8bb378b6d402c1133114""]"
TAG-f8c5d1a3d5d9405e6a205207,ROOTCOMP-8981e87cb4225c557d14e412,institutional_channel,none_identified,bounded event evidence and corrected compensation metadata,"[""WCM-275a1d68edea8375d1352f44"",""WCM-4374a35c6f066eacf4496693"",""WCM-49c675d605fd1a6d0000ddd9"",""WCM-9bb86398cd2b0c42880d15e2"",""WCM-a8ebadd9cf34eea1c6aa8032"",""WCM-cbc2ed02ea57a345332a0cda""]"
TAG-f687cdb5ce3b428da53e11e7,ROOTCOMP-587643ba55016873f60fb9f0,institutional_channel,none_identified,bounded event evidence and corrected compensation metadata,"[""WCM-98c26356bbbd6625f68d402f"",""WCM-fd241565f53e7c3e721aa3a2""]"
TAG-245ad07cf7abbe7125d1cdd9,ROOTCOMP-19212d2b51b5e30b134c8101,institutional_channel,none_identified,bounded event evidence and corrected compensation metadata,"[""WCM-25149447a40ecedb98937d41""]"
TAG-b63823d8f11e7d8631afbb9b,ROOTCOMP-6a38463896bdaca6c4fb3a15,institutional_channel,none_identified,bounded event evidence and corrected compensation metadata,"[""WCM-8bf71fa9bcdb9187271bf103""]"
TAG-ccba4a5cb6722ce67e273100,ROOTCOMP-72ebdeb020f8726771330d0d,institutional_channel,none_identified,bounded event evidence and corrected compensation metadata,"[""WCM-68877644a6a2e75b559d2939"",""WCM-bb41e4a8c08d231c38d4a29d""]"
TAG-a036dc29bbc79895caea8459,ROOTCOMP-8065b05fc48505949388b204,institutional_channel,none_identified,bounded event evidence and corrected compensation metadata,"[""WCM-a0c921f312cffea5389bd4fd""]"
TAG-ddc4b14c863c196ca3c0552a,ROOTCOMP-6dd66077cc20ec28c7304efc,institutional_channel,none_identified,bounded event evidence and corrected compensation metadata,"[""WCM-407c7b70b814026e61661f05""]"
TAG-6996fa29272b5994d9683913,ROOTCOMP-a6db2483eecac19dfa61d43a,institutional_channel,none_identified,bounded event evidence and corrected compensation metadata,"[""WCM-30ad0fd89c7a9bd637f02ed4""]"
TAG-28775119fe0a3809d194c6b1,ROOTCOMP-a163f5adc4e6bfec2fb3f7cd,institutional_channel,none_identified,bounded event evidence and corrected compensation metadata,"[""WCM-3dafc8f0260d1a7f2ecad6cc"",""WCM-bc69e4d19b563623a31b7a6f""]"
TAG-13cb49ed829da8ec1a9203f8,ROOTCOMP-40869e19718758b79a67df0b,institutional_channel,none_identified,bounded event evidence and corrected compensation metadata,"[""WCM-30f82311f32997b2e0c8336b"",""WCM-32b6a00eb48a41b8c45ef7c3"",""WCM-99a279ebf576a5fe84d91b5d""]"
TAG-f17c78a24e596c79f227f99b,ROOTCOMP-649c20e7dd542d01c786c50b,institutional_channel,none_identified,bounded event evidence and corrected compensation metadata,"[""WCM-c2ce95b7de33e868a95dafd5""]"
TAG-d19a0731588af757ed1645f6,ROOTCOMP-aef5378638a36e4abb3048f1,institutional_channel,none_identified,bounded event evidence and corrected compensation metadata,"[""WCM-6da40bbca8c3d98cb745cfeb""]"
TAG-600db6588232773675255e03,ROOTCOMP-30d13a9b71f85afc9793dde1,institutional_channel,none_identified,bounded event evidence and corrected compensation metadata,"[""WCM-1aaee3f69a1a4da749e4f9e2"",""WCM-1ddb1649ac570d1b1903b4d7""]"
TAG-813ecee853bdb24f9862ab7f,ROOTCOMP-15af4251f39e7d4c22b564cd,institutional_channel,none_identified,bounded event evidence and corrected compensation metadata,"[""WCM-040f4a18d6c563caedbf7afa"",""WCM-0ed7d080dcefeaf9b342ce02"",""WCM-6c802c8ccdff8005aa74ec75"",""WCM-b64c6031a5faf090860b307b"",""WCM-b711e726d457ebcb2bb5c497"",""WCM-da69de32479379fb89affabb""]"
TAG-4b994a59a948d21211e2ddb3,ROOTCOMP-46f047b76958374829086a56,institutional_channel,none_identified,bounded event evidence and corrected compensation metadata,"[""WCM-0794e9c4218546153ee9711a"",""WCM-342e76adefefcf5a5997531f"",""WCM-44a36d8f8ed94737109bce96"",""WCM-4f6a2bd13b7e7df90c24c863"",""WCM-5547c1a50f274ec6e911b7b4"",""WCM-8b5aaa5ede5bd14c086cf993"",""WCM-c194612546b2e2a7f7041bbe"",""WCM-f4c1baa7a203d525984f8843""]"
TAG-bd4cfc041217c906a2ba7210,ROOTCOMP-bc5740564e87a3d846daa557,institutional_channel,none_identified,bounded event evidence and corrected compensation metadata,"[""WCM-26eebb6bedcbbd6f91a03714"",""WCM-446b55d99cfe70253ff9c423"",""WCM-7f86c0ce0439a3180ae1c6da"",""WCM-f446bc621b9c305cc5f34945""]"
TAG-557cbc30ad947eee8b81f2bf,ROOTCOMP-7f033dbbe0a9a94d6e45f686,institutional_channel,none_identified,bounded event evidence and corrected compensation metadata,"[""WCM-b67d127e4a48383ed4007521""]"
TAG-023a031c2b59174e9201217d,ROOTCOMP-2cf7cc654b11bfd6c4befd28,institutional_channel,none_identified,bounded event evidence and corrected compensation metadata,"[""WCM-90cddd1ebbbfcae9566a0f60"",""WCM-9a69856601e8379af20065a7"",""WCM-a881c373e4f3826372210c85""]"
TAG-2acb52be7e69b43687dd6963,ROOTCOMP-79f75553a236fb17e23225d1,institutional_channel,none_identified,bounded event evidence and corrected compensation metadata,"[""WCM-b77958125f987f730ea4a7c7"",""WCM-cb3ff3fa7cda03e707b79a45""]"
TAG-1534150463ff373c2ee7f875,ROOTCOMP-64382747abc310b0f35323c2,institutional_channel,budget_pay_plan_process,bounded event evidence and corrected compensation metadata,"[""WCM-e4898102607852cb100552d3""]"
TAG-8d9f0a7468cf4406bcaa0e94,ROOTCOMP-908521977587cbb39b39d52f,institutional_channel,budget_pay_plan_process,bounded event evidence and corrected compensation metadata,"[""WCM-89bea29daf1748ab966f72a8"",""WCM-f091a36f01eb85118e661bd0""]"
TAG-68fba7d1594e2a66bd8c9338,ROOTCOMP-f989fbb3c7c88956c14e54a6,institutional_channel,none_identified,bounded event evidence and corrected compensation metadata,"[""WCM-4a2fd2a2cd79cb4e1b0fbf2d"",""WCM-b17b24d97828c3e2531e4526"",""WCM-d407c365c5a157358e1fac61""]"
TAG-a2766d69786a062451c8e36e,ROOTCOMP-aac18810472644d0c020da0d,institutional_channel,none_identified,bounded event evidence and corrected compensation metadata,"[""WCM-511464dd27a94039ca215c9a""]"
TAG-162e0e0313e58e662548e58d,ROOTCOMP-d6fc25cefa250a5283eade75,institutional_channel,budget_pay_plan_process,bounded event evidence and corrected compensation metadata,"[""WCM-e794a31de752e5ad5ce8a97f""]"
TAG-8d783b264261e5512255dee8,ROOTCOMP-e3a07a2e6933fbbdf21c2691,institutional_channel,none_identified,bounded event evidence and corrected compensation metadata,"[""WCM-09a1028e1975f4a5ecd214d8""]"
TAG-e300a182e88c4499ec3a9eeb,ROOTCOMP-f035d652580358e5ffeed8b0,institutional_channel,budget_pay_plan_process,bounded event evidence and corrected compensation metadata,"[""WCM-7af97a51c1eec3cef973ace8"",""WCM-d96c18ae36c5cb9db8d8a015""]"
TAG-d291d925eceae51d8d4db389,ROOTCOMP-51bdabbefbff403745f66e30,institutional_channel,budget_pay_plan_process,bounded event evidence and corrected compensation metadata,"[""WCM-9fb2f047126efc87ad752da9""]"
TAG-ab71ae68be6486d242ef252c,ROOTCOMP-fdf0dd2bef86edaf475e029d,institutional_channel,budget_pay_plan_process,bounded event evidence and corrected compensation metadata,"[""WCM-6a9670f4e36e9e851d0c51b6"",""WCM-9d7b6e12b6a4c74453ec2c6e"",""WCM-9db387869d63ae4912c319da"",""WCM-af701e2712acf526bba63781"",""WCM-efb6497fa8ac5c4c2265d143""]"
TAG-94ff6693b40b8a23d5bb3feb,ROOTCOMP-9bb5d52483fcff7fac27a331,institutional_channel,none_identified,bounded event evidence and corrected compensation metadata,"[""WCM-f309f3bee0dd1210810ffaf1""]"
TAG-5a9268a3abbb5fd9bca35997,ROOTCOMP-b8899867e38c791316a8828c,institutional_channel,none_identified,bounded event evidence and corrected compensation metadata,"[""WCM-9572abaec771baa7dd4b115a""]"
TAG-e3662e21f92422065a8cc825,ROOTCOMP-95ebe6db463c5c4500709721,institutional_channel,none_identified,bounded event evidence and corrected compensation metadata,"[""WCM-0dd4269d44e4c916aab8bec7"",""WCM-144f8b6f6a3a89dcf2a0c288"",""WCM-1ade525b307672818735dd23"",""WCM-246f34398ada93e85494058b"",""WCM-ef833dc56da3c7bad10ed27e""]"
TAG-4dd8c57a9712c66fd5d33a2f,ROOTCOMP-e5de639d0a39dfd25e712447,institutional_channel,none_identified,bounded event evidence and corrected compensation metadata,"[""WCM-d6367a4db85b3b5e9347bd2e""]"
TAG-773037c6de9a0667917ed108,ROOTCOMP-185165f5177a66ee6e29c348,institutional_channel,none_identified,bounded event evidence and corrected compensation metadata,"[""WCM-0912465cf5132449354e7f46"",""WCM-1d35161285f5ba6b72d5ac74"",""WCM-3e39550e61d7dd5e7ecc5a64""]"
TAG-edac1bc804ec5440c1fb9627,ROOTCOMP-5b3da1d15dc62f34a2a8785b,institutional_channel,none_identified,bounded event evidence and corrected compensation metadata,"[""WCM-0dd2c152b29e1992a437b1bf"",""WCM-1e478eb5da50bf05d188be0b""]"
TAG-0fe83d05ecd527ad42b96c8d,ROOTCOMP-cea1bbe9bfb458ed1920ba5c,institutional_channel,none_identified,bounded event evidence and corrected compensation metadata,"[""WCM-9a84f35057981e58aad3f557""]"
TAG-e232fd6cf4600e42685da99b,ROOTCOMP-589413fb8ec230c6882d1276,institutional_channel,none_identified,bounded event evidence and corrected compensation metadata,"[""WCM-2892a268dea1be051c1970e2"",""WCM-46500ead21e93004a1c4bfcd""]"
TAG-85804030af96b337a65e254e,ROOTCOMP-4769e455596f0db4c340364a,institutional_channel,none_identified,bounded event evidence and corrected compensation metadata,"[""WCM-3e586dca82dc74e0fff63cb9""]"
TAG-7d0ea33bffacf1f64c9fc1c8,ROOTCOMP-a3cb7dde2a4c942afa36fc3a,institutional_channel,none_identified,bounded event evidence and corrected compensation metadata,"[""WCM-e28568ea8d7fb0e1443678d0""]"
TAG-a452bb50faf819f46c55ba73,ROOTCOMP-c7b4de6e0d8cf4f22c3ccca5,institutional_channel,none_identified,bounded event evidence and corrected compensation metadata,"[""WCM-3bb9f7fead9cd0b88215d727"",""WCM-92f217ede15ae434d57e55d1"",""WCM-a1c37b9fd1b203ad212c105d""]"
TAG-8824d35b3362d43b65e3dfdd,ROOTCOMP-c7ae0b0b3ffdfd0e16964a6c,institutional_channel,none_identified,bounded event evidence and corrected compensation metadata,"[""WCM-3706224ec707ab7f8969da36"",""WCM-47d0366a8cade88d262a91f4""]"
TAG-66ab29683867d974f4e68bd9,ROOTCOMP-944a42b72cbc10dcc8a4c9b1,institutional_channel,none_identified,bounded event evidence and corrected compensation metadata,"[""WCM-0f1fecbf8a90aeb7eb7d193a""]"
TAG-807ae1fd994fa572203da09a,ROOTCOMP-ad752f51c43dfa38a08d6dff,institutional_channel,none_identified,bounded event evidence and corrected compensation metadata,"[""WCM-3e5092051e84bf054c6aaf55""]"
TAG-0761b2ad40e82f7dd0674de3,ROOTCOMP-926589dfbb6aeab164e47996,institutional_channel,budget_pay_plan_process,bounded event evidence and corrected compensation metadata,"[""WCM-1e11c57280182d4c2d89c562"",""WCM-9d04633c2b3e784ba498ca37""]"
TAG-c3a0913d9edfc567922eae41,ROOTCOMP-fc785606e05a9f910345e37d,institutional_channel,none_identified,bounded event evidence and corrected compensation metadata,"[""WCM-5a31580dfec18c4099fc5584""]"
TAG-24663dea7363f6b4ebf5390f,ROOTCOMP-9aae4890f6a5bf19669febde,institutional_channel,budget_pay_plan_process,bounded event evidence and corrected compensation metadata,"[""WCM-66586982a7bea9e5481f0911""]"
TAG-7adfe7132509dde956ad068f,ROOTCOMP-b0f702f3f1da6eecd83f4e72,institutional_channel,none_identified,bounded event evidence and corrected compensation metadata,"[""WCM-4405f3cb7a0cfe65ef23f544""]"
TAG-e90ff81a94441ecd787eb18f,ROOTCOMP-2a5a758dc6732d81cd0b2da8,institutional_channel,budget_pay_plan_process,bounded event evidence and corrected compensation metadata,"[""WCM-3fb7da2149f96234b5ba8898""]"
TAG-ba05c585291e0b4eea1ff833,ROOTCOMP-cb047a5711f7c9e993aab69e,institutional_channel,none_identified,bounded event evidence and corrected compensation metadata,"[""WCM-c48496362c100302c1edc46f"",""WCM-d4f085648388506c1215c3d1"",""WCM-d97c1905cf639c35457a52ea""]"
TAG-b2c2a28808e0d3812098d41d,ROOTCOMP-10cd1e8153cecd58c21f0bdf,institutional_channel,none_identified,bounded event evidence and corrected compensation metadata,"[""WCM-0b9af3909eb45c2dd9313a12"",""WCM-31eb15f7ea6e1172a6a80556"",""WCM-3cf65a50b34dcd879ef0628b"",""WCM-40ebbb16750eeb8e9e7a2da8"",""WCM-8e50a7e0afba006a78a857c1"",""WCM-da8f4f7b28b935055afacfdf""]"
TAG-f007276f244b7ce588a613d8,ROOTCOMP-290095389fd9315c4f26284a,institutional_channel,none_identified,bounded event evidence and corrected compensation metadata,"[""WCM-cc7bf1572e4a4cbcf11b2dc7""]"
TAG-9136ba5868e3704d4ad0d3aa,ROOTCOMP-58656c84a5a23633c607024c,institutional_channel,none_identified,bounded event evidence and corrected compensation metadata,"[""WCM-97dcc8966756bec75407517e"",""WCM-c2cce57a145aec1305c16fee""]"
TAG-47ee56e89755727a3198c340,ROOTCOMP-e19ccf861dab1ca96a717608,institutional_channel,none_identified,bounded event evidence and corrected compensation metadata,"[""WCM-3384de0ff870792876e5600b"",""WCM-fee03c527c9800f072239e62""]"
TAG-c335980b37d1a455669f27a8,ROOTCOMP-2180e3fb0e03c316dc20ddd7,institutional_channel,none_identified,bounded event evidence and corrected compensation metadata,"[""WCM-1976bf2214b7fd42bde9a4c6"",""WCM-8177d499c5060584cb8314b7"",""WCM-a60f907dbcd6abd260e447d8""]"
TAG-8b5db3e43af0649589b73db1,ROOTCOMP-39873e8fc7e0a3980b873a41,institutional_channel,none_identified,bounded event evidence and corrected compensation metadata,"[""WCM-08168f396612962bc7d7ee89"",""WCM-4750b97ea3e96d9cc908ea10"",""WCM-6d6cbf234301faf3b67648dd"",""WCM-8db45eef33b96cf462a89aad"",""WCM-8f4f57d7a38e22bbf92ba8ac"",""WCM-97bb791e659c4eada124a6f1"",""WCM-9b789861ca114f56ec605faa"",""WCM-ea78d0d8507ede80495e7d98"",""WCM-f3fb8b24ae9ac9a8bcd031d5"",""WCM-f9d363849f5a2f1e4192149e""]"
TAG-91f70f7c09b66f5dbe52aa2b,ROOTCOMP-34efcb696b44416f95454d38,institutional_channel,none_identified,bounded event evidence and corrected compensation metadata,"[""WCM-467ef1ee69fc05dc1af9608b"",""WCM-c35c3649ce8856072311ab1f"",""WCM-e032e5074a4c534f20b46cff""]"
TAG-23a94283a049338a1ee8a7e5,ROOTCOMP-4db407822ce506e211a2d092,institutional_channel,budget_pay_plan_process,bounded event evidence and corrected compensation metadata,"[""WCM-b2a3adc33f27b736ca1e3ac0""]"
TAG-d97d469a3c16e544d58d7304,ROOTCOMP-48447274307ed046fc34b92e,institutional_channel,budget_pay_plan_process,bounded event evidence and corrected compensation metadata,"[""WCM-d9a197f43dc3fd7d4bfa18a5""]"
TAG-7bb8ccdadfa27a554c340383,ROOTCOMP-08a66c1ee67147d560198849,institutional_channel,budget_pay_plan_process,bounded event evidence and corrected compensation metadata,"[""WCM-eb7bbb4181cfa47c3bca018d""]"
TAG-3052789f8556b19dbb8b9705,ROOTCOMP-08a66c1ee67147d560198849,institutional_channel,ordinance_council_adoption,bounded event evidence and corrected compensation metadata,"[""WCM-eb7bbb4181cfa47c3bca018d""]"
TAG-f8a5e371490bc2ba57389f16,ROOTCOMP-bde4de454d1e3d3e10819119,institutional_channel,none_identified,bounded event evidence and corrected compensation metadata,"[""WCM-3fd51c4f3e89d914a6c4effd"",""WCM-44ae96ead630bfa7974e220f""]"
TAG-b37d90f2c09f15469fa64ae7,ROOTCOMP-ab4a605a6496b39c7fa81d2b,institutional_channel,none_identified,bounded event evidence and corrected compensation metadata,"[""WCM-0e634a706e29b7d3fed72fea"",""WCM-27b7218d57236f19222f4a29"",""WCM-7ff15e127adef4d5dd2025a0"",""WCM-8eaa39d8d31ae41058ebda41""]"
TAG-6da541d69f0e75db9a9965e6,ROOTCOMP-64c8b28f4841e568905b615b,institutional_channel,none_identified,bounded event evidence and corrected compensation metadata,"[""WCM-5cc43b4598cdf2aa6ce8c634""]"
TAG-cb511137f3c3a164e5c7cf27,ROOTCOMP-ba3dc45c7b7422f3c6d586f6,institutional_channel,none_identified,bounded event evidence and corrected compensation metadata,"[""WCM-0ebae6229a138c72318b757f"",""WCM-354f5de1ff47cbe99e7d8c07""]"
TAG-e0c5278800ebf23080eecc37,ROOTCOMP-fd78d4958c2512697390a8fc,institutional_channel,none_identified,bounded event evidence and corrected compensation metadata,"[""WCM-11c562b051b3705f40811db6""]"
TAG-5c6c6a14aaff8d5aed9760de,ROOTCOMP-3c052d03555c47d3e0b9a2d6,institutional_channel,none_identified,bounded event evidence and corrected compensation metadata,"[""WCM-17f48aba538fb37d2b5a7779""]"
TAG-953c486d16c9742355388988,ROOTCOMP-dc934f794ee88efa6d4d8b51,institutional_channel,none_identified,bounded event evidence and corrected compensation metadata,"[""WCM-29f841cd08c71350d7db3855"",""WCM-9f55df6d9d2f580d99a5e4e5""]"
TAG-83e8b5241e5f59545be1e439,ROOTCOMP-bb9c1988647a5179373b4758,institutional_channel,budget_pay_plan_process,bounded event evidence and corrected compensation metadata,"[""WCM-5c23f6bef7d76c32f3f1c99d""]"
TAG-0ce2c01f0858636c99267172,ROOTCOMP-1c24eb5bb0fdb2b30a1590d9,institutional_channel,budget_pay_plan_process,bounded event evidence and corrected compensation metadata,"[""WCM-e33eacdea57523c9cb1b6e9f""]"
TAG-17b1721fd271ee2c6e8530bb,ROOTCOMP-bd21ee439e6e7b678a8be61c,institutional_channel,budget_pay_plan_process,bounded event evidence and corrected compensation metadata,"[""WCM-71be78a9b4b7c5596664a084""]"
TAG-e9629e26a6af5a88b0c75d16,ROOTCOMP-019d41a5cf42862ea0e1209b,institutional_channel,none_identified,bounded event evidence and corrected compensation metadata,"[""WCM-f4570e0bcc3733f9b1efe3ed""]"
TAG-07e4acbca15134e1207cd299,ROOTCOMP-e7745fc0df6879e4509dcbf5,institutional_channel,none_identified,bounded event evidence and corrected compensation metadata,"[""WCM-9f00705471714db43e67518c""]"
TAG-72bace42d7aae737dfb3163b,ROOTCOMP-40e48f690281b78a61be7104,institutional_channel,none_identified,bounded event evidence and corrected compensation metadata,"[""WCM-5dd326b6d894f7f6b6929190""]"
TAG-ac3fe82f83427fc68ed7b134,ROOTCOMP-a0d71adf590e2320095f999a,institutional_channel,none_identified,bounded event evidence and corrected compensation metadata,"[""WCM-ba1d87e25980a53a161a180b""]"
TAG-35cc1c41261c6c57c452222f,ROOTCOMP-8bb732b3f9afeab527d9280a,institutional_channel,none_identified,bounded event evidence and corrected compensation metadata,"[""WCM-1be32ee23dd514508fec50a4""]"
TAG-d3724c5e19b70b31b5f931d4,ROOTCOMP-fa2b8798f43ff1e613b78272,institutional_channel,none_identified,bounded event evidence and corrected compensation metadata,"[""WCM-0e7ccd2ee9ba13457a68b9e8"",""WCM-bda95840c6246f8985e6ca56"",""WCM-c5f555c39c1056f44fa9aaa3""]"
TAG-2da6f5d2aac0d2e648dbe07d,ROOTCOMP-d05fa49ddc60f2c4445bdfcc,institutional_channel,none_identified,bounded event evidence and corrected compensation metadata,"[""WCM-36e7edb0d675befa6deee9a0""]"
TAG-4b7b69900ca1daccbc691c6a,ROOTCOMP-74c75707bc298c41b0d5290b,institutional_channel,none_identified,bounded event evidence and corrected compensation metadata,"[""WCM-17b6d58c0f4ac09a77207a2c"",""WCM-48b649e3c0fab68d217d7a28""]"
TAG-7402847a62cbbed4258cdd29,ROOTCOMP-3776e3669ffcafb172cca7a8,institutional_channel,budget_pay_plan_process,bounded event evidence and corrected compensation metadata,"[""WCM-630af04e41e486eda3fb1990""]"
TAG-efbc5de1ad58d3300b344f3f,ROOTCOMP-e958d33871cbda179db35583,institutional_channel,budget_pay_plan_process,bounded event evidence and corrected compensation metadata,"[""WCM-8e1615c7fd824554efd36bdb""]"
TAG-b4e32dcbe1e5f588ba75cf3b,ROOTCOMP-e67f2fb44f2277782ceb4e79,institutional_channel,none_identified,bounded event evidence and corrected compensation metadata,"[""WCM-bd62a36deb15fdc3fd897176""]"
TAG-c2a3f6b3acab4595df5b28e0,ROOTCOMP-94a04595f144c72ebbc78e5a,institutional_channel,none_identified,bounded event evidence and corrected compensation metadata,"[""WCM-1bce2cea01ef353dbb3ee9d8"",""WCM-c1b0fdf06242582ab282baea""]"
TAG-5b361af85a6e2c249d59bd22,ROOTCOMP-b638d70dd000d6d45dbe9578,institutional_channel,none_identified,bounded event evidence and corrected compensation metadata,"[""WCM-d4982e40453ad2386bff89ce""]"
TAG-ce4eb8975f1015ec53a41986,ROOTCOMP-320521380d47a83266541efb,institutional_channel,none_identified,bounded event evidence and corrected compensation metadata,"[""WCM-b5f76c85d6c8e33f5f1c729f""]"
TAG-ac1416a689e348141102128e,ROOTCOMP-c9863d4428653b2731547e7d,institutional_channel,settlement_or_mou,bounded event evidence and corrected compensation metadata,"[""WCM-26d599d4bd6dfb589390f266"",""WCM-91ec5d743fd820790e496dcf""]"
TAG-89d6d83d0f44e9b7dcfce7de,ROOTCOMP-bfed96c36fc41f61b5abc5c6,institutional_channel,none_identified,bounded event evidence and corrected compensation metadata,"[""WCM-0c3aef5fd8c289800c18caf4"",""WCM-1a3c593b4fd0f050f163885e"",""WCM-bd560cf308275d16d5301b63"",""WCM-e99e98c66d926768b07136b3""]"
TAG-aa2595ae83f0ecaf686e4863,ROOTCOMP-6fbd059513d7ff326f32e05d,institutional_channel,none_identified,bounded event evidence and corrected compensation metadata,"[""WCM-67ebec5e6cef0d5fa0716255"",""WCM-bada68670a52a6bc57c64915"",""WCM-ddefb0c4d4eaf09100eb5291""]"
TAG-04f59170091f53797419d32d,ROOTCOMP-acb305f8aa5fd6db77a4c9e5,institutional_channel,none_identified,bounded event evidence and corrected compensation metadata,"[""WCM-44ee8c7c279b10668ee9e2b2""]"
TAG-0ceed1c50abaadce5a8709bb,ROOTCOMP-85e843b15ad0576e724ad682,institutional_channel,none_identified,bounded event evidence and corrected compensation metadata,"[""WCM-507f0877bc74685af0439a78""]"
TAG-cbc284d0b46211535cb24837,ROOTCOMP-2d3ad804761258e7da5534e3,institutional_channel,none_identified,bounded event evidence and corrected compensation metadata,"[""WCM-b52efc8ee53706ca9bd29ae9""]"
TAG-c4c908c57a4ccb729c11573d,ROOTCOMP-28d2e22d1d82f3ee28d3cf0d,institutional_channel,none_identified,bounded event evidence and corrected compensation metadata,"[""WCM-7869016b33baf18fb1230a81""]"
TAG-611d6d43f9f406d44dc0b465,ROOTCOMP-4b9821631f9292239c4e5590,institutional_channel,none_identified,bounded event evidence and corrected compensation metadata,"[""WCM-03ba92c01c5f9b862f6773eb""]"
TAG-fcef2c9790d36ed289898dc4,ROOTCOMP-f262d7211e080fb9aac3a3ab,institutional_channel,none_identified,bounded event evidence and corrected compensation metadata,"[""WCM-cc9fb5e32d71eb3781759864""]"
TAG-3eb9d7095f6e6caf0308aded,ROOTCOMP-28fdda973cfe62f16b9c1559,institutional_channel,none_identified,bounded event evidence and corrected compensation metadata,"[""WCM-803d36bb7abbbb29999c5d81""]"
TAG-e6420787e797886c14399d35,ROOTCOMP-0ebcf61c0687db47dba316b2,institutional_channel,none_identified,bounded event evidence and corrected compensation metadata,"[""WCM-7b069d9a9d14af25e18f08a7""]"
TAG-45db172a0daf9ce5b72beccc,ROOTCOMP-864266ef9864acc27688e735,institutional_channel,budget_pay_plan_process,bounded event evidence and corrected compensation metadata,"[""WCM-4f3cd77f1ab6689d7e780f3d"",""WCM-a61267e5b4ada413bced3179""]"
TAG-9fcc3d633f5425524d3e49d4,ROOTCOMP-bdee175ae3455e7e98a1984a,institutional_channel,budget_pay_plan_process,bounded event evidence and corrected compensation metadata,"[""WCM-8774406ecc594b25b80e3781"",""WCM-a94ffd87574a058aeb3c99cc""]"
TAG-381bfb085dd444e4318cb092,ROOTCOMP-16c2b1ad3c2f45bb4f0d0b2e,institutional_channel,budget_pay_plan_process,bounded event evidence and corrected compensation metadata,"[""WCM-1b75e3df5339f5c0654c0fec"",""WCM-8376f1a3f5801dd662bf5b15"",""WCM-eb0d5a047cda87be81af9ce1""]"
TAG-839a091fb77bdb1ad14a9e5c,ROOTCOMP-96df05e7770ea1bf200f9c72,institutional_channel,budget_pay_plan_process,bounded event evidence and corrected compensation metadata,"[""WCM-6c814cdce2a34e378d05f861""]"
TAG-8331e4458c120748a489219a,ROOTCOMP-ec13c3e9f3c68479f382de54,institutional_channel,budget_pay_plan_process,bounded event evidence and corrected compensation metadata,"[""WCM-293b566b65dd7069e119d7ae""]"
TAG-165b57153230236f08f8e722,ROOTCOMP-9c4cf1076baa69cc8134f7d0,institutional_channel,none_identified,bounded event evidence and corrected compensation metadata,"[""WCM-bc3ff11e27bde84e56a2f5b6""]"
TAG-7123c169e688dfbde706f7f3,ROOTCOMP-fbcb346e4f4a3e524b19a0cc,institutional_channel,none_identified,bounded event evidence and corrected compensation metadata,"[""WCM-b21b5311c8df06ab2b471ede""]"
TAG-e46147821b5f53e8332b659d,ROOTCOMP-c0893d4e922b105bfc6df71c,institutional_channel,none_identified,bounded event evidence and corrected compensation metadata,"[""WCM-086285634144908f59b8ef45"",""WCM-846f39dab5a0b6cc2ab8d213"",""WCM-e2cb3d7a6b959244ae4ce004"",""WCM-f2c056e1ef62c9327ac6ae5d""]"
TAG-169b36584061c97223341483,ROOTCOMP-e4fc802273c7eaaf7718fd57,institutional_channel,none_identified,bounded event evidence and corrected compensation metadata,"[""WCM-fcdbb2505762ac8dd7bf8031""]"
TAG-dc1fe79fb115b35ef10778bb,ROOTCOMP-2601dd896315ee2907fbf200,institutional_channel,none_identified,bounded event evidence and corrected compensation metadata,"[""WCM-4b3c0a53ff3e8600dd244c82""]"
TAG-e599181a2ad0a5941a2eefa8,ROOTCOMP-55fc82007c3f50692c53536b,institutional_channel,none_identified,bounded event evidence and corrected compensation metadata,"[""WCM-1b7ce4c238ffb00a16fb5b37"",""WCM-bf1ba92dd6ab120c3366b1ad""]"
TAG-076d6e89785ccb769392428d,ROOTCOMP-fb610036615e17e2f164a30f,institutional_channel,none_identified,bounded event evidence and corrected compensation metadata,"[""WCM-2fc628957f04846205c78be8""]"
TAG-94382f4fd01feea9300bdf68,ROOTCOMP-eb19e377aaa05215359b351c,institutional_channel,none_identified,bounded event evidence and corrected compensation metadata,"[""WCM-a5a919273631c50e51ecf770"",""WCM-cb375edc305da9856987d0a0"",""WCM-eea47564e887ac584b6471f4""]"
TAG-1c971fc6d67758720b472abf,ROOTCOMP-8e2c565f31ba60b4d636a063,institutional_channel,none_identified,bounded event evidence and corrected compensation metadata,"[""WCM-9245e6dba7718c5da6b87ba6""]"
TAG-60f0a8e5339e8e6bd4c47604,ROOTCOMP-959597fd9612d5c05857e49a,institutional_channel,none_identified,bounded event evidence and corrected compensation metadata,"[""WCM-71fb863c2add6c53dd6350a1"",""WCM-8db445ca1c5b952d56379c8e""]"
TAG-facf1fd74271e1a16ae14877,ROOTCOMP-22b6b1e4cbdb454a143b676e,institutional_channel,none_identified,bounded event evidence and corrected compensation metadata,"[""WCM-b036c2529a3631ad6edce801""]"
TAG-b275dc9458fd76186fa9333b,ROOTCOMP-a5740c1fac006405089eb123,institutional_channel,none_identified,bounded event evidence and corrected compensation metadata,"[""WCM-87b52256935c04e469807b0e""]"
TAG-0f9d0b878cbfecdb5a208594,ROOTCOMP-e908a8efd103799b4304f7c6,institutional_channel,none_identified,bounded event evidence and corrected compensation metadata,"[""WCM-d3086a62dc3a6360121f5631"",""WCM-e4d76f6d70740c5e8adabcea""]"
TAG-5a2814c2eccda8b2650c5992,ROOTCOMP-8e69174565d609cc71fa4575,institutional_channel,none_identified,bounded event evidence and corrected compensation metadata,"[""WCM-04096461022e17f0d3f97da5""]"
TAG-ba64cd17b2cfaeaa8ed95082,ROOTCOMP-d7f3e07ce568c41601571b6c,institutional_channel,none_identified,bounded event evidence and corrected compensation metadata,"[""WCM-67b860cea0b6ac81a3f600c6""]"
TAG-9e17523f4275a9ed7d0b65d5,ROOTCOMP-54e3f1c2311313c642226cb6,institutional_channel,none_identified,bounded event evidence and corrected compensation metadata,"[""WCM-6ee038adfa835ae4c426f01d""]"
TAG-5b84d68a48050f0291057e67,ROOTCOMP-8daed4095b75b17e5e543736,institutional_channel,none_identified,bounded event evidence and corrected compensation metadata,"[""WCM-5d0cfb9957c63adda3ec18cb"",""WCM-bf24beca79970e33221389ab""]"
TAG-7e8d2f7b18fab4b6c50dae68,ROOTCOMP-8d07fe7b2a86d24c0ba8130b,institutional_channel,budget_pay_plan_process,bounded event evidence and corrected compensation metadata,"[""WCM-5344a21371d5b1831cd3bed7""]"
TAG-67f865eca917b4d74155170e,ROOTCOMP-5da4bc1d071f700be51ce2e2,institutional_channel,budget_pay_plan_process,bounded event evidence and corrected compensation metadata,"[""WCM-aac8ed80071ddf4adfed351d""]"
TAG-4a903e8a3c0db0823a04d488,ROOTCOMP-fec73e68a97093b208046813,institutional_channel,collective_bargaining,bounded event evidence and corrected compensation metadata,"[""WCM-3aeb0261bae23b47572bb36b""]"
TAG-9ce40787014f2eecad6b1b68,ROOTCOMP-fc787a13e86a836f219c5e0f,institutional_channel,none_identified,bounded event evidence and corrected compensation metadata,"[""WCM-2c468e6ece81b54ea4fb4c49"",""WCM-60e43334607a468b9ee5c847""]"
TAG-130f1bb6fb0f7ab8be4f2174,ROOTCOMP-928a9c1c8abf53fba44b9993,institutional_channel,none_identified,bounded event evidence and corrected compensation metadata,"[""WCM-354325d702c2c05528f9f68c""]"
TAG-ed7aec03e6830b17ca49f1ab,ROOTCOMP-c0871e5871b2ce626fc29a17,institutional_channel,none_identified,bounded event evidence and corrected compensation metadata,"[""WCM-00d6b87f767b4d9ca54caea9""]"
TAG-3733f01f48527a74559c33f4,ROOTCOMP-f08edbe1813352285d6529b3,institutional_channel,budget_pay_plan_process,bounded event evidence and corrected compensation metadata,"[""WCM-bf82cdda48669bd36db4e9be""]"
TAG-f3361d050c75e4a5ad04c557,ROOTCOMP-cc9919d30ca4d1b847b715f3,institutional_channel,none_identified,bounded event evidence and corrected compensation metadata,"[""WCM-92830884ede63d4c0802bce7""]"
TAG-7f557da69af7563f09275355,ROOTCOMP-584e1328590ffe0b81a55459,institutional_channel,budget_pay_plan_process,bounded event evidence and corrected compensation metadata,"[""WCM-e84125e9d4dbb3a269d2daff""]"
TAG-3ae64d17f57a5a48d1205498,ROOTCOMP-220054852b11709a732bc595,institutional_channel,none_identified,bounded event evidence and corrected compensation metadata,"[""WCM-2243ccfb8da2c074b28127dd""]"
TAG-d178750e321bcf69a9d1ea68,ROOTCOMP-01da1d9a43deb7a29342caed,institutional_channel,none_identified,bounded event evidence and corrected compensation metadata,"[""WCM-1f3113bc8812a388fda38749"",""WCM-31e3de4685f814c11e5e955f"",""WCM-efc61cc8eeff1254cbc95fbd""]"
TAG-8ee6380f84540849d8b0181f,ROOTCOMP-d03b49c209c3a4f73e6a2769,institutional_channel,none_identified,bounded event evidence and corrected compensation metadata,"[""WCM-80853b5093ea22d94bc4a480"",""WCM-95ee1955da35a777e1863a28"",""WCM-c5df07d5fa58928ef1754b24"",""WCM-f24cfe595796efce90fb290f""]"
TAG-1cee5ac6bca1db0a41206d1d,ROOTCOMP-11ae0b649c91537d912efeb9,institutional_channel,none_identified,bounded event evidence and corrected compensation metadata,"[""WCM-58f2862a266bf7192cd90cbe""]"
TAG-fccef45a8e7d3cecd8aa7646,ROOTCOMP-d3b7faae6885fa541d53a82a,institutional_channel,none_identified,bounded event evidence and corrected compensation metadata,"[""WCM-fbeb6b5008b3f191c99b5370""]"
TAG-71c68c2b14ebef45b33168db,ROOTCOMP-195b7c34ae0d61f60c9afed1,institutional_channel,none_identified,bounded event evidence and corrected compensation metadata,"[""WCM-46d588eba62d2cb93688aa2c""]"
TAG-1895296937126a568dcb0a84,ROOTCOMP-7cd5956b1d47b7f97738746a,institutional_channel,budget_pay_plan_process,bounded event evidence and corrected compensation metadata,"[""WCM-1d2c47f3c2269e9b26ba229d""]"
TAG-ba8f3ade28efde2d25a7b86e,ROOTCOMP-1f17541ac831da3f2fefc2ef,institutional_channel,budget_pay_plan_process,bounded event evidence and corrected compensation metadata,"[""WCM-564933151bd115bff2748976""]"
TAG-cbebe87503769d107840416a,ROOTCOMP-7c34d99fb0d459c3db9ecbad,institutional_channel,budget_pay_plan_process,bounded event evidence and corrected compensation metadata,"[""WCM-56659f3360d50dd62df1a5c1"",""WCM-6b2c5482fc398fe980ff727c""]"
TAG-d011cc4d10068f4c83f683c1,ROOTCOMP-9816b5f622e1700e4f78dfb3,institutional_channel,budget_pay_plan_process,bounded event evidence and corrected compensation metadata,"[""WCM-ad118a92750c54ebfa4f7eab""]"
TAG-ceb3103a06f5f33a96ba263d,ROOTCOMP-1afd36454d631862f10fd7b5,institutional_channel,none_identified,bounded event evidence and corrected compensation metadata,"[""WCM-17ae297b56b3aa05fc142a0a"",""WCM-e47c92ff079aabc3c7d9f36c""]"
TAG-8cf87a3912100e45b8b4bb9b,ROOTCOMP-bf1ccef955dbdcc6c89a12cf,institutional_channel,none_identified,bounded event evidence and corrected compensation metadata,"[""WCM-834d91bd1f85dd9cd254e505""]"
TAG-1e6478c8a1612b090ec64776,ROOTCOMP-ed149bcbdecbb939f3fcc342,institutional_channel,none_identified,bounded event evidence and corrected compensation metadata,"[""WCM-08d9a54a429853f139d67291"",""WCM-c94d6d1a9ecf17f1733122e9""]"
TAG-6877a33cf54aeefd937b0aea,ROOTCOMP-e57eae97e0e59cbc6a3ea557,institutional_channel,none_identified,bounded event evidence and corrected compensation metadata,"[""WCM-b51c98ac67c61237ed690fa9""]"
TAG-f2b694e40866668142b9177e,ROOTCOMP-b9ea9982a9b255d807535750,institutional_channel,none_identified,bounded event evidence and corrected compensation metadata,"[""WCM-f1bd5ff2ab2005411ded7237""]"
TAG-80783dd13c0c1ec7392b03bb,ROOTCOMP-aa3e9f0ac7e1f48ac0b1f7ef,institutional_channel,none_identified,bounded event evidence and corrected compensation metadata,"[""WCM-734239916fc03e6529defabc""]"
TAG-c8c13ea6eb21bad8158e7e98,ROOTCOMP-0b8a1837188c768862a29cfa,institutional_channel,none_identified,bounded event evidence and corrected compensation metadata,"[""WCM-a0f9d7bf28e6bb3768fa7e60""]"
TAG-35273014e0b94b1dba9897c6,ROOTCOMP-c108614a939426af0cac13a6,institutional_channel,none_identified,bounded event evidence and corrected compensation metadata,"[""WCM-f4e6a83bf8c712a42de8b36d""]"
TAG-14cff8fadbe641e92f578be3,ROOTCOMP-bdf5b5921d87c8834f0d062f,institutional_channel,none_identified,bounded event evidence and corrected compensation metadata,"[""WCM-ce9d6da6e1dda45a40d45650""]"
TAG-e8b40f8e0e3ce4e11c27922b,ROOTCOMP-3b3eeabefbced42f49568135,institutional_channel,budget_pay_plan_process,bounded event evidence and corrected compensation metadata,"[""WCM-9a37c8e9026dfaa85ec94a12""]"
TAG-bf72e8c981294e0f1f4c4d41,ROOTCOMP-72541f4066b67b72d7110771,institutional_channel,none_identified,bounded event evidence and corrected compensation metadata,"[""WCM-8e340b38ca7509d22e9ff3be""]"
TAG-6d5929eeff73ef30727d6a31,ROOTCOMP-1932437b01fb1eb1c7b62f70,institutional_channel,none_identified,bounded event evidence and corrected compensation metadata,"[""WCM-ff435404253c26a30c130b70""]"
TAG-18a0f4b3a760562a1b82a1da,ROOTCOMP-4492c8779d59524375a86961,institutional_channel,none_identified,bounded event evidence and corrected compensation metadata,"[""WCM-3c32b56190c789e45ad76ab3""]"
TAG-00a498dd06135b72fe8a1836,ROOTCOMP-64c382951e5a4d2a088c62d7,institutional_channel,none_identified,bounded event evidence and corrected compensation metadata,"[""WCM-2865f3e5ff7a1320e42c42c2"",""WCM-e3afac33044ee0111edd6f5a""]"
TAG-4074d465552323e5a51a0b11,ROOTCOMP-86ca4482421f2b172f48794f,institutional_channel,none_identified,bounded event evidence and corrected compensation metadata,"[""WCM-5266d4325a605db96fc3eaea""]"
TAG-0c578e529bab9f9eeaf8f61c,ROOTCOMP-dbafe8645f0d936690f5eceb,institutional_channel,none_identified,bounded event evidence and corrected compensation metadata,"[""WCM-4d960e975c0a0f69d29546d4""]"
TAG-0579ea35ae9eb74385e6f9b2,ROOTCOMP-8cbc74775856dfc631dec4fe,institutional_channel,none_identified,bounded event evidence and corrected compensation metadata,"[""WCM-1f08393d28ba151bbacd7f01"",""WCM-9fc449ef236009c97156e061""]"
TAG-d25f8da5cc990b692a14384c,ROOTCOMP-f4a7251c47d7305c676b56db,institutional_channel,none_identified,bounded event evidence and corrected compensation metadata,"[""WCM-c265de249ee1f09d3e9f5a51""]"
TAG-a1939069e1974b20967e05b8,ROOTCOMP-03138d9d4a0041f7fc1b70a3,institutional_channel,none_identified,bounded event evidence and corrected compensation metadata,"[""WCM-73aaf037877afe675e1a5e0e""]"
TAG-f098f81704148c469dde69a8,ROOTCOMP-5a8994321a0133f28181d7f6,institutional_channel,none_identified,bounded event evidence and corrected compensation metadata,"[""WCM-938198608a35d21585a3a734""]"
TAG-555a51b8518132f7cab95b17,ROOTCOMP-19257741fd93963dcff0bfb8,institutional_channel,none_identified,bounded event evidence and corrected compensation metadata,"[""WCM-cf52fa77c476522bbcd6ddae""]"
TAG-360b634aaf1935f34c588796,ROOTCOMP-0958449300948a6a0195e4d2,institutional_channel,ordinance_council_adoption,bounded event evidence and corrected compensation metadata,"[""WCM-c6dca0e79038c2a8936d9b90""]"
TAG-482d43d568d9de0b9ec3d59b,ROOTCOMP-a823ae70ee4ca712be5c4296,institutional_channel,none_identified,bounded event evidence and corrected compensation metadata,"[""WCM-2abfc2d7bda34eb7be79ca8f""]"
TAG-cfa9bf3288c179708cff2362,ROOTCOMP-0d9f6c40454870c65fb2003a,institutional_channel,none_identified,bounded event evidence and corrected compensation metadata,"[""WCM-036f6690f51abaeab8fc35c4""]"
TAG-f1750b6cb6aa9235256c577f,ROOTCOMP-f54bb6419028ad1f75ed5831,institutional_channel,none_identified,bounded event evidence and corrected compensation metadata,"[""WCM-939482c9fa14e25c1a732ac1""]"
TAG-f1f3afabdf5eb462db911db6,ROOTCOMP-e5f74c93a429f6a198ba7182,institutional_channel,none_identified,bounded event evidence and corrected compensation metadata,"[""WCM-529da266de1b4b842de08ed0"",""WCM-f0279da72b666b5da4f1432b""]"
TAG-c3f08f5f2304e4caf66f9422,ROOTCOMP-0a91e7daae0a9457c1682de1,institutional_channel,none_identified,bounded event evidence and corrected compensation metadata,"[""WCM-5f61351bdc9b9f1cd183f0bc"",""WCM-b81c770135995984f70f68d5"",""WCM-d4dd5a69d244a4257be5e220""]"
TAG-0635f0409f70a5e8235cd240,ROOTCOMP-a7aa197ba0e7daa48f7954d3,institutional_channel,none_identified,bounded event evidence and corrected compensation metadata,"[""WCM-f002223eb967360f4e92a4b5""]"
TAG-3a4366b11645392b22c683bd,ROOTCOMP-85498a524ade5aacebc2c58d,institutional_channel,none_identified,bounded event evidence and corrected compensation metadata,"[""WCM-71fbfe51c6315bea17486276""]"
TAG-77af3eee42c150e4f585b2de,ROOTCOMP-8c9576353b368adc855d1914,institutional_channel,none_identified,bounded event evidence and corrected compensation metadata,"[""WCM-1052a362138ae2a4d819907d"",""WCM-f68546917915f818322df00e""]"
TAG-8847c497910782286a59a752,ROOTCOMP-3135f9a1615d2cc479d4ff41,institutional_channel,none_identified,bounded event evidence and corrected compensation metadata,"[""WCM-4d19c087e92e5f876fbb64ee""]"
TAG-093251aa441082fcbbee1296,ROOTCOMP-306165af75983f9797739fa3,institutional_channel,none_identified,bounded event evidence and corrected compensation metadata,"[""WCM-40f0cffb58eb0c2aedc62062""]"
TAG-067c6e4e74df252d99dc41e7,ROOTCOMP-809472877af099c2bc02b747,institutional_channel,none_identified,bounded event evidence and corrected compensation metadata,"[""WCM-2bf0d4d476bd83026ff87907""]"
TAG-813e8540acd1155a86381b29,ROOTCOMP-892fab18d54b558f8057e9f6,institutional_channel,none_identified,bounded event evidence and corrected compensation metadata,"[""WCM-a04550be1129d5baf0ec6c6c""]"
TAG-1ff891230918c8d699fda95e,ROOTCOMP-0e73882cff2cbe8b6101bacf,institutional_channel,none_identified,bounded event evidence and corrected compensation metadata,"[""WCM-8a8d3af7c74a60451a6c2d6d"",""WCM-ec840018aa1d5b397004e6a5""]"
TAG-66813ace2a8efc0c6aa9b878,ROOTCOMP-da9b5d96b3f7a3a2be9874cc,institutional_channel,none_identified,bounded event evidence and corrected compensation metadata,"[""WCM-1f128e64acf64234f5d60e3b""]"
TAG-07c15caef12a31d75585baac,ROOTCOMP-f9fceab24eff6d912f5a492a,institutional_channel,none_identified,bounded event evidence and corrected compensation metadata,"[""WCM-e37a6098e300e695f44de33f""]"
TAG-9ecc7c35ebfb6e5d39af2d80,ROOTCOMP-f94cbd8cba5fdbbbc8f95398,institutional_channel,none_identified,bounded event evidence and corrected compensation metadata,"[""WCM-9cb7f026d0b374076cef8109""]"
TAG-457d694237f871b2f06e9eb2,ROOTCOMP-770d51ad8c1aaf260fab0163,institutional_channel,none_identified,bounded event evidence and corrected compensation metadata,"[""WCM-01ee41dc6528d0f75b8f8f0c"",""WCM-46904f85e74af157e179c084""]"
TAG-32d5964d50cc2be652abf167,ROOTCOMP-03adf49cd6997d7ffed16a65,institutional_channel,none_identified,bounded event evidence and corrected compensation metadata,"[""WCM-6ae262d3bdccab0288a3602c"",""WCM-9b06cb6340888c9c63e6bf87""]"
TAG-57b29848f6d26d7597e93ade,ROOTCOMP-0c29f25eb557599dc8404af4,institutional_channel,none_identified,bounded event evidence and corrected compensation metadata,"[""WCM-46ad31520bbd923d584c92d0"",""WCM-4d7a35eeb6f233bef4a739a7"",""WCM-8364bfa0d43b4b993f8ab043""]"
TAG-1415ab478b0f5ab4f26027ee,ROOTCOMP-dce351eaa29d233d09ca361c,institutional_channel,budget_pay_plan_process,bounded event evidence and corrected compensation metadata,"[""WCM-dbfc5ad84c927ff1e9127f83""]"
TAG-af413b1f303c45dbddf78bed,ROOTCOMP-4ae616a1713feb604d4cc0d0,institutional_channel,budget_pay_plan_process,bounded event evidence and corrected compensation metadata,"[""WCM-4b38984081525f6aca701022""]"
TAG-95a1c4c62db9f9bff638d92b,ROOTCOMP-4220abd0b7385fdcd5999180,institutional_channel,none_identified,bounded event evidence and corrected compensation metadata,"[""WCM-e77542ff1526da2dec681219""]"
TAG-61e439655d0b738bc3aa036a,ROOTCOMP-ed85cad17f54faee8e1beab1,institutional_channel,none_identified,bounded event evidence and corrected compensation metadata,"[""WCM-181fb8fc454654072003ffbd""]"
TAG-335e0b0157ebc21af793633a,ROOTCOMP-2e62214b58eaf84500075225,institutional_channel,none_identified,bounded event evidence and corrected compensation metadata,"[""WCM-5787218441c632f49431c430""]"
TAG-af1f5741b2a1901e9fe260d4,ROOTCOMP-8ead1466d3fd43ada309f3dc,institutional_channel,none_identified,bounded event evidence and corrected compensation metadata,"[""WCM-777df3052dec11ee1d8635b6"",""WCM-d0142be375ab54041ce9bfe0""]"
TAG-cb2bf3277cd75d8d58076ef6,ROOTCOMP-dcb93e1dacdc06d883b8d409,institutional_channel,none_identified,bounded event evidence and corrected compensation metadata,"[""WCM-919ec6f402dd1b3534646197"",""WCM-f9b0c5fda8310489c59906c3""]"
TAG-a0606b8fcf9f9e98130ca868,ROOTCOMP-74c84ba460ed483c24594364,institutional_channel,none_identified,bounded event evidence and corrected compensation metadata,"[""WCM-7e6b304e51dc6f0f69f8d984""]"
TAG-6ec725607d62c7809f928fa8,ROOTCOMP-49ec7df3b3e03644cbbb6c4c,institutional_channel,none_identified,bounded event evidence and corrected compensation metadata,"[""WCM-153c3e301ff6ea573e66e7e2"",""WCM-745d68a3fa66c2cd09abb2df""]"
TAG-ea2107572acc25e26160906c,ROOTCOMP-385b99708d146e9456c543df,institutional_channel,none_identified,bounded event evidence and corrected compensation metadata,"[""WCM-fd59138685c9287fbb0c0f12""]"
TAG-1652d45272c7934ea077fcea,ROOTCOMP-e2fb504ffbfab28baa654204,institutional_channel,budget_pay_plan_process,bounded event evidence and corrected compensation metadata,"[""WCM-887b384c865507967b1fcfa4"",""WCM-fb9ec0ba5725a02018882f3f""]"
TAG-d7e397023748e39751e3bd4e,ROOTCOMP-6c6f1c6848851293847d2ef7,institutional_channel,budget_pay_plan_process,bounded event evidence and corrected compensation metadata,"[""WCM-8ae4762c3161fef5d678c1a9""]"
TAG-1af9af3a2232cefb46b67c86,ROOTCOMP-5b6684a42fd64fda72f278f2,institutional_channel,budget_pay_plan_process,bounded event evidence and corrected compensation metadata,"[""WCM-4cdb6dbda0fbd0f2848a6691""]"
TAG-6a6651b4423582ed5b77e499,ROOTCOMP-2a760ebaea238490ec5a3317,institutional_channel,none_identified,bounded event evidence and corrected compensation metadata,"[""WCM-8a41f83a503c7f6f7ba33a3e"",""WCM-f987832364d8dccf26a77886""]"
TAG-31dd7ae7172d8d91527b462f,ROOTCOMP-4175b19a5d0189229fe93ab2,institutional_channel,none_identified,bounded event evidence and corrected compensation metadata,"[""WCM-1557dbdd212abd7d5c140db3"",""WCM-87b0d988d1b69d72ae6868cf"",""WCM-f928182f5843e97af3f91aa4""]"
TAG-900672789bfcb3a475907f9b,ROOTCOMP-d7270125af4f5fd9afbbfa1b,institutional_channel,none_identified,bounded event evidence and corrected compensation metadata,"[""WCM-105773a98d855aab9a5b0d52"",""WCM-8fc3a2e0fcc8f39c599b1221""]"
TAG-2c2ea23c648294c826baa982,ROOTCOMP-c7d34c9d42357ec070ac611b,institutional_channel,none_identified,bounded event evidence and corrected compensation metadata,"[""WCM-3f8d1a26d7bc505e9fa93372"",""WCM-586b1a4a0dcd36c349658195"",""WCM-84233ea8d25b34af64747ad2""]"
TAG-e62ffdf3b2e036e08afeec65,ROOTCOMP-8132c228b5a66a4c6b434924,institutional_channel,none_identified,bounded event evidence and corrected compensation metadata,"[""WCM-9219c60c4f633884068a5185""]"
TAG-69950598f8a036f6c2e20ff7,ROOTCOMP-b270d2e724f6e8fc01009d25,institutional_channel,none_identified,bounded event evidence and corrected compensation metadata,"[""WCM-3f10194da67940d19a320e4c"",""WCM-61bf46be3e49e0aebed30958"",""WCM-6b66c086ed36c3b4f8aedcfa""]"
TAG-6e6e037662e15f9f2738f925,ROOTCOMP-25b7ca7e81ba641d1dd0f877,institutional_channel,budget_pay_plan_process,bounded event evidence and corrected compensation metadata,"[""WCM-7da44c5e2190d3933c65c28b"",""WCM-c00159e217efd2e4aa7bb638""]"
TAG-315bb011bf86a92ebeabb3ac,ROOTCOMP-caf1561fc01b9db6aac29ea0,institutional_channel,none_identified,bounded event evidence and corrected compensation metadata,"[""WCM-017cee563007cb1f9ad1a399""]"
TAG-d2e658739ef5d7a240515d39,ROOTCOMP-b7d62c40dcc310ba0717be6b,institutional_channel,none_identified,bounded event evidence and corrected compensation metadata,"[""WCM-7267f0e32afe490209fbc149""]"
TAG-f13193264c1ab5f8390809ef,ROOTCOMP-96272d9f857aedbd5915818a,institutional_channel,none_identified,bounded event evidence and corrected compensation metadata,"[""WCM-d04c2f756a6c6d7e29824143"",""WCM-dcf84c2ce53ebb08bc1a4a34"",""WCM-e290b81bf1b98cd85d9ac38a""]"
TAG-16d123854a07f80a1042a908,ROOTCOMP-6802b9932f1e631c280d0b14,institutional_channel,none_identified,bounded event evidence and corrected compensation metadata,"[""WCM-fa297f24e68cc830fef79342""]"
TAG-271ed5bf4f85c095685ab48d,ROOTCOMP-ff4255f01f45c5dd6d23719e,institutional_channel,budget_pay_plan_process,bounded event evidence and corrected compensation metadata,"[""WCM-e90bd65329d1a0b2b69bb3bc""]"
TAG-6341e0239562b5b1a5b13abd,ROOTCOMP-7c62d7837832cf8edf4f3240,institutional_channel,none_identified,bounded event evidence and corrected compensation metadata,"[""WCM-abe74862c79d3bba5618f067""]"
TAG-85a8bd010690fdc50af5f623,ROOTCOMP-28a759aa014548b8940d34b4,institutional_channel,collective_bargaining,bounded event evidence and corrected compensation metadata,"[""WCM-4f4fb0a1d03f5222fb0451b7""]"
TAG-20de4ce767aab9aac9a8ad73,ROOTCOMP-d6123663a17e5150ab6f5228,institutional_channel,none_identified,bounded event evidence and corrected compensation metadata,"[""WCM-7207941956c99d5f20bdaed7"",""WCM-7da01a9d3a96866ba56697cf"",""WCM-8cb372314408dc6f1856a4b4""]"
TAG-af21ff8c360bcdd13898b882,ROOTCOMP-697f2ae7acf5e4ea892d69ce,institutional_channel,none_identified,bounded event evidence and corrected compensation metadata,"[""WCM-9df30ff6cd07f69cb194a801""]"
TAG-271485a53bdfb6cd602a7516,ROOTCOMP-05a699927ad91ea8d3221293,institutional_channel,none_identified,bounded event evidence and corrected compensation metadata,"[""WCM-000899efedcf8d633c72dea6"",""WCM-93b6e04a0d4b62cc9940a48d"",""WCM-e9aa08b727caa63c91576626""]"
TAG-66607f8394ae822c800fdc28,ROOTCOMP-2066cc30dd47024b60cc4c79,institutional_channel,none_identified,bounded event evidence and corrected compensation metadata,"[""WCM-c6027b03864d66a94bc9cf21""]"
TAG-a3ca9877aecfc9c5a957aa63,ROOTCOMP-457740160d576f894d9c7fbb,institutional_channel,none_identified,bounded event evidence and corrected compensation metadata,"[""WCM-396f87633a16c10d59399a19""]"
TAG-cddeb046557626b7dc7d1954,ROOTCOMP-6ae7e03e9ca6319e1620d352,institutional_channel,none_identified,bounded event evidence and corrected compensation metadata,"[""WCM-0b3bc722478def3e38af29c4"",""WCM-1f0a6dac6c0a32eadcba18ef""]"
TAG-7ceb9faae2db7d23b689f521,ROOTCOMP-575b92f882607defdbd495ba,institutional_channel,none_identified,bounded event evidence and corrected compensation metadata,"[""WCM-3c8ad238a79086122abbeabe"",""WCM-645ca4313786bbc790f17183""]"
TAG-05051082d58724e2841c94da,ROOTCOMP-d9d67bc51c489e9b66ef5581,institutional_channel,none_identified,bounded event evidence and corrected compensation metadata,"[""WCM-71ed13285d9a9410efc2fbd1""]"
TAG-ac68ecc8c4e3ba1a672c8b29,ROOTCOMP-407337f6b6f10718a8677ca7,institutional_channel,none_identified,bounded event evidence and corrected compensation metadata,"[""WCM-efbad94b9448a053be55b412""]"
TAG-cf30cab8d2c91396c8e9643a,ROOTCOMP-7e746db4191862ca0f90147d,institutional_channel,none_identified,bounded event evidence and corrected compensation metadata,"[""WCM-c09cf43cf1c7a1d4775b8fa9""]"
TAG-8657ae5c79f1c325aae8ae8b,ROOTCOMP-7361fda42b1c5e8991bbb5e3,institutional_channel,none_identified,bounded event evidence and corrected compensation metadata,"[""WCM-fba47acb3771914a8dd4a3b6""]"
TAG-1ce514299a369e19039a4306,ROOTCOMP-5351e11bcecf0d5e1f8b84f7,institutional_channel,none_identified,bounded event evidence and corrected compensation metadata,"[""WCM-6738c539baa15bd5a64b60b7"",""WCM-c59d40942c7a9e6832e15792""]"
TAG-b28f777bb1bd9d654aabe88f,ROOTCOMP-4f80a323b3398b1f61e3965d,institutional_channel,none_identified,bounded event evidence and corrected compensation metadata,"[""WCM-7cf0910831bb66d37ac4f9d8""]"
TAG-1ec305b64c9ad9fe73b7f6da,ROOTCOMP-4a99419b447aa8be2fc0a730,institutional_channel,none_identified,bounded event evidence and corrected compensation metadata,"[""WCM-b12d12dcee02fbd1a02fc2ce""]"
TAG-d49cc5033c0100da7b2bdedb,ROOTCOMP-907f4eeba81526fdeee439a3,institutional_channel,none_identified,bounded event evidence and corrected compensation metadata,"[""WCM-d34fe3253da9edf15a6dac11""]"
TAG-00e956be67a543963a953bb7,ROOTCOMP-227c2c317b8ce65d234260ae,institutional_channel,none_identified,bounded event evidence and corrected compensation metadata,"[""WCM-1378f8d92f36e4a8a130a3b6""]"
TAG-be3cd0c660c928b1d6b75a92,ROOTCOMP-76fafcc2c86a18ad69ede7fd,institutional_channel,none_identified,bounded event evidence and corrected compensation metadata,"[""WCM-8810d90c9e4c7d707c1ca560""]"
TAG-d1639e5da488e86a1bd7998b,ROOTCOMP-3e8d4530a30bd762b24679d9,institutional_channel,none_identified,bounded event evidence and corrected compensation metadata,"[""WCM-67971fe1773e7d851f97e3ce""]"
TAG-03b2ba9f0df39a99c479eeb5,ROOTCOMP-07ab15b15d14181eda65fa8c,institutional_channel,budget_pay_plan_process,bounded event evidence and corrected compensation metadata,"[""WCM-2afff414a2033db790452791"",""WCM-713e9ca3b7fb6c3f98259d96"",""WCM-7a98c632d81f73e891ec01ec"",""WCM-b3a250cbb7a34328b9f5a616""]"
TAG-8a3dc07bb66b82f7837f5670,ROOTCOMP-f99e56151e40f96bd74dcddb,institutional_channel,budget_pay_plan_process,bounded event evidence and corrected compensation metadata,"[""WCM-20cab921322d85e5467c7138"",""WCM-ce4a92827abbc5c3d1fbff18""]"
TAG-1ce7a83e4731e2afc9f5a0e2,ROOTCOMP-67901a4769cc496a778acb60,institutional_channel,none_identified,bounded event evidence and corrected compensation metadata,"[""WCM-b2b903c01f179f8547b4ff25""]"
TAG-fc819efb48b62b67535f4825,ROOTCOMP-db53a535d0c480a2bdcfeb20,institutional_channel,none_identified,bounded event evidence and corrected compensation metadata,"[""WCM-0c15bafb30ebf152d60ba0a6"",""WCM-ba073c3bca670b970a177fd4""]"
TAG-e5984bee5b1f8c2c48b24714,ROOTCOMP-fc47a8df0cb758c955b7da42,institutional_channel,none_identified,bounded event evidence and corrected compensation metadata,"[""WCM-3d844e91e67b3a58f58eab43"",""WCM-aed5b6d7da1b0c3dda5053ce""]"
TAG-603ec3f9c03bae05ebcc6e52,ROOTCOMP-ae6bb549e09f2b90b2a81869,institutional_channel,none_identified,bounded event evidence and corrected compensation metadata,"[""WCM-1f0608590b516f378677e9f4"",""WCM-cd12da5223a36fe70650eb7c""]"
TAG-3fcb4c8a1fe3a0948503742a,ROOTCOMP-36d12630bef07f0b324949f8,institutional_channel,none_identified,bounded event evidence and corrected compensation metadata,"[""WCM-20efaceec4c197ec8b8f09ac""]"
TAG-6b0bdf96f6eb8324471052ff,ROOTCOMP-cc9ffe287dca46a4eab1b0de,institutional_channel,none_identified,bounded event evidence and corrected compensation metadata,"[""WCM-490dd567737a917ddba599d9""]"
TAG-abcc7e4c3423ebba49d00a24,ROOTCOMP-34a9c0031a48a44901285259,institutional_channel,none_identified,bounded event evidence and corrected compensation metadata,"[""WCM-489034d0918dbd2d0ffcb7c6""]"
TAG-406b64265c3017f60f9d8eef,ROOTCOMP-1f99df04e1f36cdb18b4843c,institutional_channel,settlement_or_mou,bounded event evidence and corrected compensation metadata,"[""WCM-f06185d71a61d2c1bc4df9d2""]"
TAG-72db1e2a38285a3a617d1312,ROOTCOMP-ef54651b801c3021ae492f45,institutional_channel,none_identified,bounded event evidence and corrected compensation metadata,"[""WCM-5650f89585b839d7641c77c9"",""WCM-6575057084fa6155800dfa04""]"
TAG-f5d6da639469f27534a83c1d,ROOTCOMP-bf0cc14a99191c1482dae356,institutional_channel,none_identified,bounded event evidence and corrected compensation metadata,"[""WCM-46aea86f210820dc51c472ec""]"
TAG-ac9b8319e097523616230d4e,ROOTCOMP-ed4001f57028d106812651b9,institutional_channel,none_identified,bounded event evidence and corrected compensation metadata,"[""WCM-967ef5eee2097886cc0d0aad"",""WCM-f8437d126d30edc2f6c70729""]"
TAG-247c2faaf4fe8d5f64942f11,ROOTCOMP-9ca36ea5fa8a2869fe29f5d9,institutional_channel,budget_pay_plan_process,bounded event evidence and corrected compensation metadata,"[""WCM-095dcd35e779bce1c054f0bd"",""WCM-2ec3c382325f962596a43897"",""WCM-38c49fd55ab0c4c5465ea444"",""WCM-6cdd185f699a59f59b06d6d6""]"
TAG-f757874b6957d65bbe01c70c,ROOTCOMP-713f821520e8aa0798c6f715,institutional_channel,budget_pay_plan_process,bounded event evidence and corrected compensation metadata,"[""WCM-376504363780913172dbd1f8"",""WCM-56030014a70584f392a2e0be""]"
TAG-02c9fc0a8637e6061a02d904,ROOTCOMP-71f73f6a8daa161fe177134d,institutional_channel,budget_pay_plan_process,bounded event evidence and corrected compensation metadata,"[""WCM-83d89eb349edc8b198d1cf2f"",""WCM-fe21765fa632fc74c499b4b3""]"
TAG-c6fc66ec82ff5bc6fe75df99,ROOTCOMP-669d249d729645a4b04a99ce,institutional_channel,budget_pay_plan_process,bounded event evidence and corrected compensation metadata,"[""WCM-32af40b4746d810e09c303b3"",""WCM-a7bbb381325a119b430bbf51""]"
TAG-c6909f17673d7ccafd024fbf,ROOTCOMP-011a45b3a1fc93c7941caf0b,institutional_channel,none_identified,bounded event evidence and corrected compensation metadata,"[""WCM-af713b3ae6aa36236255d5e0"",""WCM-e0c52b34e7a1f84ce5e82af3""]"
TAG-c828212c85b493abbee41715,ROOTCOMP-0fbddaf3cec6588ead94e017,institutional_channel,none_identified,bounded event evidence and corrected compensation metadata,"[""WCM-feddb0f6a752e952c86b8b56""]"
TAG-99ee777d6a081444e667ff2c,ROOTCOMP-984e46fe17c0fa802a272aa9,institutional_channel,none_identified,bounded event evidence and corrected compensation metadata,"[""WCM-51d4aa7da14b717b1ec68bb7""]"
TAG-841c58b6c7847267743f94c3,ROOTCOMP-38c558a09c8d289311dbc2a7,institutional_channel,budget_pay_plan_process,bounded event evidence and corrected compensation metadata,"[""WCM-30b9ec82e5b7bb19b5f2b5a9""]"
TAG-261602fa486d3d60aa2dc572,ROOTCOMP-d32e51774c533dfb9eb95ace,institutional_channel,budget_pay_plan_process,bounded event evidence and corrected compensation metadata,"[""WCM-e1450791d1b27d05a653d30c""]"
TAG-c05da9d13c1f6526bced4ee6,ROOTCOMP-84c490f731f5583eb5c24fe0,institutional_channel,budget_pay_plan_process,bounded event evidence and corrected compensation metadata,"[""WCM-25e4556f3175c6e70f94c9f1"",""WCM-74a2a9cf939a1de089c7a9d6"",""WCM-86af453460dea9fbfcfc8b89""]"
TAG-7391377a4148f4054d386ec6,ROOTCOMP-d1108eb58b55d702bb1e1676,institutional_channel,budget_pay_plan_process,bounded event evidence and corrected compensation metadata,"[""WCM-300ab5e9551e314932486e85"",""WCM-bd980293f3163c88bb2949d6""]"
TAG-a5871474369cf8ffc89aa1b2,ROOTCOMP-30b755749f912907b859da27,institutional_channel,none_identified,bounded event evidence and corrected compensation metadata,"[""WCM-ad268983e4abe246b240cbd5""]"
TAG-e1d08e395d8c4a9e076303cd,ROOTCOMP-7b2a90de9dd639db96516969,institutional_channel,none_identified,bounded event evidence and corrected compensation metadata,"[""WCM-3180e29051d980e8f20aa54c"",""WCM-77bcc2c3ffe1940c09bc66b5""]"
TAG-fb857e08aaaf47aea41faf2c,ROOTCOMP-a95aacf3258883bf5391e081,institutional_channel,none_identified,bounded event evidence and corrected compensation metadata,"[""WCM-1c782ec206bfac4437f99e9b"",""WCM-2dfa11038d5f4ce6268db928""]"
TAG-8023638a2416193a8ec82754,ROOTCOMP-c2ea90bee8dfc75a8efa8b99,institutional_channel,budget_pay_plan_process,bounded event evidence and corrected compensation metadata,"[""WCM-5fe72e696e9ed150c18539c1"",""WCM-74ecb2f0d2bd8b5c8c92f668""]"
TAG-2b3627d027ea63d19ffd20ed,ROOTCOMP-ba85945f332baa4e19f1b6c3,institutional_channel,budget_pay_plan_process,bounded event evidence and corrected compensation metadata,"[""WCM-2e257adfe9959df984d821cd""]"
TAG-b2ebf4f04c54d5a89cfd48f9,ROOTCOMP-0ddc534eee38177726f803b8,institutional_channel,budget_pay_plan_process,bounded event evidence and corrected compensation metadata,"[""WCM-a08596488b73d36ae2729bbe""]"
TAG-6cc6c3fb36056e0189c5635e,ROOTCOMP-f016dd6f77849e5e0b6bca70,institutional_channel,ordinance_council_adoption,bounded event evidence and corrected compensation metadata,"[""WCM-5f4a3d4f2d386d3ba1b5c6e5""]"
TAG-cc708628333528a0371e0dde,ROOTCOMP-395ab1fdcea04e1087dfbe42,institutional_channel,budget_pay_plan_process,bounded event evidence and corrected compensation metadata,"[""WCM-66854b69fa6b4adaa7666c72""]"
TAG-e2dc651a0e77db256f5c4ff2,ROOTCOMP-65e599d370ec3ff80c5d554f,institutional_channel,budget_pay_plan_process,bounded event evidence and corrected compensation metadata,"[""WCM-44aab85058604f37bbc54d2f"",""WCM-87d3afd70d27dcdc2003695c"",""WCM-c1fe3be47087488f9a5e06f2"",""WCM-db3b913b2b602dabb9981581""]"
TAG-284047f5870aaccb6f0922e1,ROOTCOMP-6369406406214c7038ad3951,institutional_channel,budget_pay_plan_process,bounded event evidence and corrected compensation metadata,"[""WCM-46a56881348b4a70a7390f34""]"
TAG-3b217a61cfa6d50e79625540,ROOTCOMP-6c5fea99dcbd9ea271b90844,institutional_channel,ordinance_council_adoption,bounded event evidence and corrected compensation metadata,"[""WCM-b883abe3b269eec99c2f82cb""]"
TAG-185095a7864984f52d3650cb,ROOTCOMP-39d15cf78e2de902c9ef00a6,institutional_channel,none_identified,bounded event evidence and corrected compensation metadata,"[""WCM-70c95a6656d89ea66adda96c""]"
TAG-68c2a7e57d00d927f2c34d6e,ROOTCOMP-e5928d4b4cb388b98f6a2d28,institutional_channel,none_identified,bounded event evidence and corrected compensation metadata,"[""WCM-7a4510b40e6d8b270810c326"",""WCM-7c26381243b83e651f3068eb""]"
TAG-c226a685cc478deace32a177,ROOTCOMP-b2667167783110e38c817518,institutional_channel,none_identified,bounded event evidence and corrected compensation metadata,"[""WCM-28882b2837b1742747cd16d2""]"
TAG-a04ad6331382835c801009f6,ROOTCOMP-7b1bd4f0f58551b0bd25fc1a,institutional_channel,none_identified,bounded event evidence and corrected compensation metadata,"[""WCM-37452780c4a25263f020efa2""]"
TAG-76baaade654cca0b912e234e,ROOTCOMP-519fa7d895d5dea1ab987487,institutional_channel,none_identified,bounded event evidence and corrected compensation metadata,"[""WCM-2fef177418db9ccaea0acd38""]"
TAG-253224f970e5e14cfdfb2359,ROOTCOMP-6dacabeb384632c7ad7ae918,institutional_channel,none_identified,bounded event evidence and corrected compensation metadata,"[""WCM-2e91825b61fee23142fe472b"",""WCM-2f8da827ee3e5790ce5af801"",""WCM-49ec01b0fa8e294a095a74e5""]"
TAG-87e54e458d064ee209257dee,ROOTCOMP-c12fda41f256b36e7d247989,institutional_channel,budget_pay_plan_process,bounded event evidence and corrected compensation metadata,"[""WCM-4684e63171a49beeafbe046b"",""WCM-a4ecf884255cc06147f429ac"",""WCM-dc33b1c0bcf09d14a6c1b899""]"
TAG-91c3cb426bc7867b1b6f803f,ROOTCOMP-0de9734bd46adbdf2471744e,institutional_channel,budget_pay_plan_process,bounded event evidence and corrected compensation metadata,"[""WCM-812a0fac34731a1f34c63b79""]"
TAG-520f416fd316e238884bf7ad,ROOTCOMP-1487a32b20dbc557de79e4d7,institutional_channel,none_identified,bounded event evidence and corrected compensation metadata,"[""WCM-8c12f8b8b51452756accc9e4""]"
TAG-a9a30d242a3ddcdcd9e78dd7,ROOTCOMP-bd1807c5cd5283d0f1219b7b,institutional_channel,budget_pay_plan_process,bounded event evidence and corrected compensation metadata,"[""WCM-1659b17510dbd37bad3ebbfc"",""WCM-24a50179805d709008418906"",""WCM-3da0a7bb2afc1186c6b4dc94"",""WCM-63fd444edef23da3246025cd"",""WCM-7c78db032c99c5c476553616"",""WCM-c84483aac8fdecdbb1b7b1d2""]"
TAG-13f69f2f4ee579679db240c6,ROOTCOMP-94948cf0543dea5faa815c69,institutional_channel,none_identified,bounded event evidence and corrected compensation metadata,"[""WCM-3dbe4cdf681f8d4fef9fe50a"",""WCM-7a78b677aec246266db5d285""]"
TAG-d9c7e020f3f2d58d6fa644c9,ROOTCOMP-42baa1336405f8c97d12f36e,institutional_channel,none_identified,bounded event evidence and corrected compensation metadata,"[""WCM-1e9f658d0c1c67d9a8f451d3""]"
TAG-710dddd1b33adc66fb9b57e1,ROOTCOMP-34306e706b5e438bbb38685a,institutional_channel,none_identified,bounded event evidence and corrected compensation metadata,"[""WCM-6cd2fd9ee80c0a997fba589f""]"
TAG-e7320d7ed0dadbd7d0fc2ba0,ROOTCOMP-dedf4ee15480025ee2cfebf4,institutional_channel,budget_pay_plan_process,bounded event evidence and corrected compensation metadata,"[""WCM-5a7ed8a5b83ed6fb501c06b7"",""WCM-c346dc824c71c1f749e090b0"",""WCM-cb3525e35bddf535d9cd6e07""]"
TAG-c61431d2a2b9e231dceb6846,ROOTCOMP-020a32d6d02d30afd103020e,institutional_channel,budget_pay_plan_process,bounded event evidence and corrected compensation metadata,"[""WCM-b50e2e099b7328786cb7f13d""]"
TAG-862c6fa74f8974810d93b9eb,ROOTCOMP-32cb008c897c20e600d58283,institutional_channel,budget_pay_plan_process,bounded event evidence and corrected compensation metadata,"[""WCM-66737d6b438c0bb48c00e79a""]"
TAG-bfaf8394de471e4751e0ec47,ROOTCOMP-459fad7225e04deff50b6932,institutional_channel,budget_pay_plan_process,bounded event evidence and corrected compensation metadata,"[""WCM-024bf57c7914e4c97176b61e""]"
TAG-0c15da3447c3bf615b8c0e15,ROOTCOMP-b3c4e98baccead129ec531dd,institutional_channel,budget_pay_plan_process,bounded event evidence and corrected compensation metadata,"[""WCM-266835575936af97ded386e2"",""WCM-44594f5e896b4b2b51a1eff8"",""WCM-87c739d3dff46db2b8b20490""]"
TAG-a9c6d4ba861af8479a657efc,ROOTCOMP-d3b72a5390980798c1d0757b,institutional_channel,budget_pay_plan_process,bounded event evidence and corrected compensation metadata,"[""WCM-3cc8506d29c3baaf55473eb0"",""WCM-bb41a88ea299971a5aef90e0"",""WCM-c41b9d9b7de590178c7245d6""]"
TAG-b9b02c07f956710c0dd1e1c8,ROOTCOMP-80419dfece0479de31424d6b,institutional_channel,budget_pay_plan_process,bounded event evidence and corrected compensation metadata,"[""WCM-91c1590b668e0e63bda087d7""]"
TAG-6867f0b5c79448b7493b07d2,ROOTCOMP-cc652c398f18c4c85879eb2f,institutional_channel,none_identified,bounded event evidence and corrected compensation metadata,"[""WCM-51c03fb94bfeb5636d43d02d""]"
TAG-516353195fb494c363d8d1e6,ROOTCOMP-d6f227dca61eddb8e8f63b87,institutional_channel,budget_pay_plan_process,bounded event evidence and corrected compensation metadata,"[""WCM-7dbb6c9b52ee210e84c63821""]"
TAG-0f88bf84fc52eb8a329528e7,ROOTCOMP-9d1785c8db35fc94a4525abd,institutional_channel,none_identified,bounded event evidence and corrected compensation metadata,"[""WCM-6d177ac47c6bf5e1ca3ac13d"",""WCM-b2a16bc0b056e84faa0a8683""]"
TAG-c76f168b5f0373cf73026ad8,ROOTCOMP-a3bf7aa080f37cdcccde79b9,institutional_channel,none_identified,bounded event evidence and corrected compensation metadata,"[""WCM-0e7e57ec8c086883a6a51d73"",""WCM-9f90cca655473f9aed001a8b"",""WCM-bd2a56e57c1fb33d651dd7fb""]"
TAG-6b66b9cf855feba8b1566bfc,ROOTCOMP-8955e3d604ea198d731b0bcf,institutional_channel,none_identified,bounded event evidence and corrected compensation metadata,"[""WCM-d271131e60f92d61dd2980f2""]"
TAG-280ecbb09c535f63b6b9f20c,ROOTCOMP-61d5bb024b09bed691068cbd,institutional_channel,budget_pay_plan_process,bounded event evidence and corrected compensation metadata,"[""WCM-d3ad12b82674a79b104787e1""]"
TAG-792d45b84708a0b616a191ed,ROOTCOMP-7a36e63e27352578c731c150,institutional_channel,budget_pay_plan_process,bounded event evidence and corrected compensation metadata,"[""WCM-caf7534c7b8c5b1d73bed451"",""WCM-e7bfce2d9ddf9b47d447eb36""]"
TAG-0b8a1f860d56b338352b124e,ROOTCOMP-1bf271c9aaf2ba86a6083520,institutional_channel,budget_pay_plan_process,bounded event evidence and corrected compensation metadata,"[""WCM-747a04ba94e93276947f2e13"",""WCM-a1c67937636dc64982c07d9e""]"
TAG-f58aa8114776d64a97c7dda6,ROOTCOMP-0ae7ff684426777350263391,institutional_channel,budget_pay_plan_process,bounded event evidence and corrected compensation metadata,"[""WCM-753108620beb5271cdaa186f"",""WCM-926895116df5ccff4cf7707a""]"
TAG-1a51cbdff43714a633f5de89,ROOTCOMP-12ecaa866552a76c16fea4b7,institutional_channel,none_identified,bounded event evidence and corrected compensation metadata,"[""WCM-4a9793bc42d013bd056da6b4""]"
TAG-f5c2d44e14ce6cdaea069190,ROOTCOMP-90ebf77063d06086bd9263b7,institutional_channel,none_identified,bounded event evidence and corrected compensation metadata,"[""WCM-956fc9a596c5b9cf10a28b86"",""WCM-ad5b416ddae1a167bacf44b7""]"
TAG-bf0dc58fcc672683e6c0b9f9,ROOTCOMP-d5a765410c5317a29c66cc5b,institutional_channel,none_identified,bounded event evidence and corrected compensation metadata,"[""WCM-73c8275ffcb387dcfd2b5595""]"
TAG-30cbd5b16c068394dd8ea5b7,ROOTCOMP-aff95362a8f44d6909f842f7,institutional_channel,none_identified,bounded event evidence and corrected compensation metadata,"[""WCM-ea49a16a02911ace47db4b7f""]"
TAG-47fa4241c553cf93a74f2db9,ROOTCOMP-1a58f1519aa30369f570077e,institutional_channel,none_identified,bounded event evidence and corrected compensation metadata,"[""WCM-e478332705e457a736bf018c""]"
TAG-e4594770171347b1d380f6ce,ROOTCOMP-0933131d055bd2fae9d78c65,institutional_channel,none_identified,bounded event evidence and corrected compensation metadata,"[""WCM-1f6dd101a24117c98d777391""]"
TAG-31453964dcdfecfad2b11f2e,ROOTCOMP-40cdbaf045de6c25a6d4b153,institutional_channel,budget_pay_plan_process,bounded event evidence and corrected compensation metadata,"[""WCM-639b4d4131aa93fc074933da"",""WCM-944dba25b98396d9462d1a15""]"
TAG-9d385b73bd13609bec13112f,ROOTCOMP-db70054b6f75fc323344a2bb,institutional_channel,budget_pay_plan_process,bounded event evidence and corrected compensation metadata,"[""WCM-59b428f3f824dc4e25c8b3ab"",""WCM-e47436e555162bb95e65b1b4""]"
TAG-88318e6c753404162be0dc08,ROOTCOMP-f5816d9c7a7cb5660871669b,institutional_channel,none_identified,bounded event evidence and corrected compensation metadata,"[""WCM-5a3e0e5dfd460f7d18b9beb7"",""WCM-d2fe77b1bcd6ea056fa21480""]"
TAG-4fdefdcddc1e618f76825bb0,ROOTCOMP-1cf3389be9e368babe748c20,institutional_channel,budget_pay_plan_process,bounded event evidence and corrected compensation metadata,"[""WCM-8c2ddd195236198e6e034e16"",""WCM-f842b70b82f56e81787c7555""]"
TAG-f4dcdc9e6c11c1441ff67d73,ROOTCOMP-f6ea8733ba2fffb961f4e763,institutional_channel,budget_pay_plan_process,bounded event evidence and corrected compensation metadata,"[""WCM-a034f590bf9819652f8ff5ae""]"
TAG-18c93337c316b59782848b4a,ROOTCOMP-1810e0a5f983ec71267d3e8d,institutional_channel,budget_pay_plan_process,bounded event evidence and corrected compensation metadata,"[""WCM-928db610ee1d8a39a1b780a5"",""WCM-c32d952e081782d12edeb434"",""WCM-c5d27502d6e10558f2eaa3e4"",""WCM-e4a217d4785cfd3b2871a06c""]"
TAG-2a52e96e3b1ed0fc5dd40eef,ROOTCOMP-29623126bcd4ebd9e224ce52,institutional_channel,none_identified,bounded event evidence and corrected compensation metadata,"[""WCM-3373769044b44da5a6bff189"",""WCM-4ddb4ad6210ea5a50e35f270""]"
TAG-672a84b13c3eb969c1b1dd5b,ROOTCOMP-dcc4fd9810189ae43d7a6122,institutional_channel,none_identified,bounded event evidence and corrected compensation metadata,"[""WCM-0f67b82af9f3542f42e32e5e"",""WCM-fbad130bbb409719d4a17b04""]"
TAG-0547ec8fa9c98d20114e1af2,ROOTCOMP-fe657a83c35f919803a93742,institutional_channel,none_identified,bounded event evidence and corrected compensation metadata,"[""WCM-0f6b02dab4df8045f7c74e32""]"
TAG-a24c68fca7807d7043c7f359,ROOTCOMP-98ae0911e70f31146ad279c1,institutional_channel,none_identified,bounded event evidence and corrected compensation metadata,"[""WCM-39b592cb8107384bee599ec1"",""WCM-b559e692e26ad048966abf1a""]"
TAG-3a15afe47b0082c0223c26b0,ROOTCOMP-9d903b6ac76a9edd18580c0b,institutional_channel,none_identified,bounded event evidence and corrected compensation metadata,"[""WCM-0a6334cb6ce6e585ca6c511d"",""WCM-0f137bf57a38d1c141aa4691"",""WCM-a6c679551af35d49842fa299"",""WCM-f90ee0acbcdc9507f56ab7cc""]"
TAG-85c4c8ea8845a7fbbf65c8c1,ROOTCOMP-ca065c15a6652a5e9948a012,institutional_channel,budget_pay_plan_process,bounded event evidence and corrected compensation metadata,"[""WCM-26171720b7fa62b6e1311428"",""WCM-b1e7cd04011f80acc36cf48a""]"
TAG-fac6dfd69fff4060b4b22960,ROOTCOMP-67ee66b1a6a448c00530131b,institutional_channel,budget_pay_plan_process,bounded event evidence and corrected compensation metadata,"[""WCM-f2c8f36014f1eb862f9c8bf6""]"
TAG-bc0a4d3a1eedf4f8109cde94,ROOTCOMP-f1157c10ebb1308fa59ca6ad,institutional_channel,budget_pay_plan_process,bounded event evidence and corrected compensation metadata,"[""WCM-61c2866b83c335d630acd32a""]"
TAG-eddad3f418db68746e3ede4b,ROOTCOMP-dd04f8f50962d7a14936b136,institutional_channel,collective_bargaining,bounded event evidence and corrected compensation metadata,"[""WCM-d875935e0f9e970344416766"",""WCM-f2919037e0a309fce25ca155""]"
TAG-cbc461cbca3a353b39897fb5,ROOTCOMP-997ebbaa6a43f450314f51c6,institutional_channel,none_identified,bounded event evidence and corrected compensation metadata,"[""WCM-09dab8b8e2ab8308f154ae09"",""WCM-0b3153157e0ce0dd4fcc0f33"",""WCM-a679478abf83d1784ce9c968"",""WCM-bbcc3d7851666e9c0e77a60a""]"
TAG-30fbdd86ca3a43619e43e131,ROOTCOMP-f807bc8f64817e34461a1262,institutional_channel,budget_pay_plan_process,bounded event evidence and corrected compensation metadata,"[""WCM-27941702880ea687d288e4a6"",""WCM-4c82ccda10a86ee295495fa0""]"
TAG-c09901f8975747a72e0eaf16,ROOTCOMP-c1684e6b2af2e1669b4550cc,institutional_channel,none_identified,bounded event evidence and corrected compensation metadata,"[""WCM-60ba3b587929012296999cd5"",""WCM-6f0f6191d5b3dcbfd7d4ff15""]"
TAG-40b7848e92dc9fe5cc7a080d,ROOTCOMP-5678360a731b6c399717cb67,institutional_channel,budget_pay_plan_process,bounded event evidence and corrected compensation metadata,"[""WCM-0c9980a7f215ad101c993acf""]"
TAG-4b0b2c961ab195ea4ad83e06,ROOTCOMP-f49f3abf2aa4c8145e2c7779,institutional_channel,none_identified,bounded event evidence and corrected compensation metadata,"[""WCM-2932e49884731fd935d4d164""]"
TAG-928e36190cc966c6f19821a0,ROOTCOMP-49c5567883a1204384f6b5a1,institutional_channel,none_identified,bounded event evidence and corrected compensation metadata,"[""WCM-4332e3d1b25f4efb863a9a29""]"
TAG-d516d2e1a302c7812bacda74,ROOTCOMP-868456b156d0b401d4e3d6b9,institutional_channel,none_identified,bounded event evidence and corrected compensation metadata,"[""WCM-0bbedac56449a5e0b0538042"",""WCM-0be3cd607876dfbde32defec"",""WCM-f2968bb569924e7728cb1d9e""]"
TAG-e83fe71f75734918facf0643,ROOTCOMP-4c8ddd0e6601ee30095d8601,institutional_channel,none_identified,bounded event evidence and corrected compensation metadata,"[""WCM-1d7372dfe0c1afdecf8283fd""]"
TAG-deac2295d52b347a322e0fec,ROOTCOMP-d375a9a0c73d3bb85d6cd259,institutional_channel,budget_pay_plan_process,bounded event evidence and corrected compensation metadata,"[""WCM-85e3fb5c952ac779515123e1""]"
TAG-a3f6afb3578764b9ffb31656,ROOTCOMP-52eead2e0a0521e3052e3d8f,institutional_channel,none_identified,bounded event evidence and corrected compensation metadata,"[""WCM-06ada20eab3fbcd46dcb75a4""]"
TAG-5d26f5d5ae9149a060a817b2,ROOTCOMP-8e58accbe158e9e88fb40716,institutional_channel,none_identified,bounded event evidence and corrected compensation metadata,"[""WCM-70c1d11a0002b5290953dac3""]"
TAG-668606abe042cf17371d0cc8,ROOTCOMP-75f1d695a8d24980d1eb46ea,institutional_channel,none_identified,bounded event evidence and corrected compensation metadata,"[""WCM-6ad19f313c1f758c4635e604""]"
TAG-bfda06f50f7aeeafd6ce98bf,ROOTCOMP-818e68cd77916ddb12e6e7b7,institutional_channel,none_identified,bounded event evidence and corrected compensation metadata,"[""WCM-9531c756b43d6a04dde0fb26""]"
TAG-35519bb0b38d1f347e883731,ROOTCOMP-d35063c17eb05b7e42a86aec,institutional_channel,none_identified,bounded event evidence and corrected compensation metadata,"[""WCM-589669d16f6eac61f8c90202"",""WCM-987e0c5da112455bd6a87817"",""WCM-d9d48dec7151bccafda6c30e""]"
TAG-889ada192321c23d170f0de0,ROOTCOMP-47a7b629f4c3a89e6f9bc95f,institutional_channel,none_identified,bounded event evidence and corrected compensation metadata,"[""WCM-e15f31b30afad57bb526e41f"",""WCM-ec9be3e88ecefa4bdb180423""]"
TAG-c4d714afa63c20d1c813459c,ROOTCOMP-eb5e79c18bda18d63ac5ba6a,institutional_channel,none_identified,bounded event evidence and corrected compensation metadata,"[""WCM-36059ed1b9ce2b878d1172f8""]"
TAG-ed329df5b9d61dd5598a7fa9,ROOTCOMP-bf52b8aade373b798a6873cc,institutional_channel,none_identified,bounded event evidence and corrected compensation metadata,"[""WCM-2f48692dbaa2b195fdbb6f46""]"
TAG-25b6ba3523b2e1d146f43646,ROOTCOMP-007592ac4e26dd4e7526cefe,institutional_channel,none_identified,bounded event evidence and corrected compensation metadata,"[""WCM-a2b9d06d8d3851f9ae483b60""]"
TAG-b4b71d1a6799afb3db0d28ae,ROOTCOMP-6348dcbc6602ccb34a065445,institutional_channel,none_identified,bounded event evidence and corrected compensation metadata,"[""WCM-c568a03dfe0098b3d7471410""]"
TAG-c0ead2e70a73abb7a60c9453,ROOTCOMP-8033b8f7b1349ceb1905c4f6,institutional_channel,budget_pay_plan_process,bounded event evidence and corrected compensation metadata,"[""WCM-024791799ea1f81694de4ca2"",""WCM-2daa91231cbcb56fb47eac54"",""WCM-481130c9e3afe76a1d7fc0fe"",""WCM-6fcb57c6b5b281e9e3768a82"",""WCM-891048c04041eb0119372b11""]"
TAG-725f2aacb27bff2fcb0bc2fc,ROOTCOMP-cbdcdea7ad0b9c180a10cb0b,institutional_channel,none_identified,bounded event evidence and corrected compensation metadata,"[""WCM-1d55aa5fd96c344dded917ce""]"
TAG-684ac9caf676a43427477089,ROOTCOMP-f669e23ee5785f0723b1739b,institutional_channel,none_identified,bounded event evidence and corrected compensation metadata,"[""WCM-c320ce9c0f2f8be1c94742f0"",""WCM-f6209131d384cfb49a3bc644""]"
TAG-8e0e86f76d94a64947306f17,ROOTCOMP-edba5404625c57346a15b77e,institutional_channel,budget_pay_plan_process,bounded event evidence and corrected compensation metadata,"[""WCM-89b8194d2206d12d6dd32a5a""]"
TAG-e4ba028b6e0dd4032051e2b5,ROOTCOMP-b63cc5b995e1a34e4b6d6ddb,institutional_channel,none_identified,bounded event evidence and corrected compensation metadata,"[""WCM-852bd0810a974bbacefb877e"",""WCM-d306edc2d16e1375a5e43b2c"",""WCM-ea34eb7b3ec69452e6f74c04""]"
TAG-6f30ef6770c502864b385bd9,ROOTCOMP-68cf95d0054e122d3f9cd82f,institutional_channel,none_identified,bounded event evidence and corrected compensation metadata,"[""WCM-f9bda27dff3e6b3677594d16""]"
TAG-0f2f223f85a1846bc6f18b18,ROOTCOMP-7367604b5ef765c1a671fdbf,institutional_channel,none_identified,bounded event evidence and corrected compensation metadata,"[""WCM-937bbbabf8a38215baa69a16""]"
TAG-786d239b7cabc9e97abb8f2e,ROOTCOMP-91e35cf78a6728ce69c23aad,institutional_channel,budget_pay_plan_process,bounded event evidence and corrected compensation metadata,"[""WCM-0aec888621c9e1f380a4ffba"",""WCM-1490fce6f6c5a545fe55f22a"",""WCM-1c4f048ab6c2daac6e5e702c"",""WCM-8f6bcafee25cf94c6742766c"",""WCM-997d16970e3500761ef126b2"",""WCM-c07ccd7ac6fea346f37043bd"",""WCM-d5f8931d10a244abf548e6b4""]"
TAG-31e4c07c42fffa18c9b422a1,ROOTCOMP-9773dca73d6e004422390e62,institutional_channel,none_identified,bounded event evidence and corrected compensation metadata,"[""WCM-46eb3653a4af6a272c87f5d8""]"
TAG-40e5b4b400c5cf9bfc31085f,ROOTCOMP-627e0d81f5ab314a12c101fc,institutional_channel,none_identified,bounded event evidence and corrected compensation metadata,"[""WCM-df67f7dd6f356d519a4f46b7""]"
TAG-e84f750bfdff5d7e2034fd40,ROOTCOMP-a126dc6e1f968b869cf38c03,institutional_channel,budget_pay_plan_process,bounded event evidence and corrected compensation metadata,"[""WCM-09645a708cf00e7058110c05"",""WCM-dbb87f64a6dc503eb1855ae3""]"
TAG-4d30ce723b3f5b4c755c542f,ROOTCOMP-56c8be2b31dd68fd1102d745,institutional_channel,none_identified,bounded event evidence and corrected compensation metadata,"[""WCM-a46c2dd223aa880d1a32c857""]"
TAG-0d71b96f6ad210d362e9bfc9,ROOTCOMP-fc43df4966b35a4f58b10007,institutional_channel,none_identified,bounded event evidence and corrected compensation metadata,"[""WCM-0d4330de2d089b628fb21259""]"
TAG-b70eec4d22bf0cc2e7541b25,ROOTCOMP-d5d5342120f55d980f092fe3,institutional_channel,budget_pay_plan_process,bounded event evidence and corrected compensation metadata,"[""WCM-4b68e9f52239dfd4acb46419""]"
TAG-74d5f27d6b5cc6bdfcb447af,ROOTCOMP-0b957d7e546f35b99db032a6,institutional_channel,none_identified,bounded event evidence and corrected compensation metadata,"[""WCM-3ae9a38be1803fd37243abfd""]"
TAG-cdfd094a4297e358b7d7b555,ROOTCOMP-18f2012d53db980b68e92f3c,institutional_channel,none_identified,bounded event evidence and corrected compensation metadata,"[""WCM-81106ca8c61a624e61c72bd2""]"
TAG-34c2f6bc60fa3a14550473fc,ROOTCOMP-973235d886048b33c1eb6c33,institutional_channel,none_identified,bounded event evidence and corrected compensation metadata,"[""WCM-1f30614da6912d6defbf5f40"",""WCM-464be65745b619fb8b0490c3"",""WCM-7f8c50cbe3afb5cc765b0e63""]"
TAG-6e711a08a2d43bfcefdaec86,ROOTCOMP-aa010f3ea3032694212d351b,institutional_channel,none_identified,bounded event evidence and corrected compensation metadata,"[""WCM-4b9e3cfc80cfc5e6022e988b"",""WCM-57e9173979980f3580263f16"",""WCM-deae76c969eb076f4672ebb6""]"
TAG-5023696773d799e4c133da7e,ROOTCOMP-4b03ac0eb98a3431c6308714,institutional_channel,budget_pay_plan_process,bounded event evidence and corrected compensation metadata,"[""WCM-2d726008cbb2ed212acda043"",""WCM-e55c015a50e58b2abd114b5e""]"
TAG-710f1929d1dae890200b89cc,ROOTCOMP-37bee382470984616c8ff00e,institutional_channel,none_identified,bounded event evidence and corrected compensation metadata,"[""WCM-4f197afa98fd962d50482ea0""]"
TAG-db429290c1cb886d2d948edf,ROOTCOMP-132971c7a3635070ad11aa3e,institutional_channel,none_identified,bounded event evidence and corrected compensation metadata,"[""WCM-f4609e168bd7c255333bf5b8""]"
TAG-008dc3b2ef183f56bc056f5f,ROOTCOMP-44e66b32b9cacbccdd2ab7e5,institutional_channel,none_identified,bounded event evidence and corrected compensation metadata,"[""WCM-2df9fc4ef2ceac79e1f7b346"",""WCM-cfc7f6671bcbb095ad96a99c"",""WCM-f0dd443351351e4e1aa69b1e""]"
TAG-e3df71e2f5e5e89ec5ff00b0,ROOTCOMP-33d62928c17d65c2fa4b5b4f,institutional_channel,none_identified,bounded event evidence and corrected compensation metadata,"[""WCM-83d3ee96b8fb4bc8a490836e""]"
TAG-ba852d24a8ab5b13667766c4,ROOTCOMP-5eabcfdf1f61f3714ecbc4a6,institutional_channel,none_identified,bounded event evidence and corrected compensation metadata,"[""WCM-fb126c1e9c78216734dee79a""]"
TAG-9ca8b675bb7dc90d92abfe84,ROOTCOMP-490ef904c8eff20350abbaa0,institutional_channel,none_identified,bounded event evidence and corrected compensation metadata,"[""WCM-5fe9fff671465afbd6250485""]"
TAG-b4c8e44983c9485be2d71304,ROOTCOMP-5dd5343c64e4aebd2b925f34,institutional_channel,none_identified,bounded event evidence and corrected compensation metadata,"[""WCM-8273cb8e804adad083c2f546""]"
TAG-71d787c55ea73571c4018af0,ROOTCOMP-d8572b0067a7e781808077a2,institutional_channel,none_identified,bounded event evidence and corrected compensation metadata,"[""WCM-c613c3220407df8f36906fca""]"
TAG-6f383d4f080f96b579f97c29,ROOTCOMP-5d9b9db85c57e19f411d9bbe,institutional_channel,none_identified,bounded event evidence and corrected compensation metadata,"[""WCM-bbe22bea07f1c85321ed9777"",""WCM-ea02b56152594ab1d7f1bbd1""]"
TAG-121d4760e0b090ae0529cd7a,ROOTCOMP-98f20b34209a2d6d8656afb6,institutional_channel,none_identified,bounded event evidence and corrected compensation metadata,"[""WCM-caf10d28a52074e92b7e2b78""]"
TAG-5dcee9a139be51fc3899c28a,ROOTCOMP-935e9be0a0d9290a6dc5d2ea,institutional_channel,none_identified,bounded event evidence and corrected compensation metadata,"[""WCM-5a2e2f9adf54015f63dc3532"",""WCM-cd0f376f0657821ada8fe6a9""]"
TAG-0bcac7557c26f1dd74f4dbe5,ROOTCOMP-58addc2a623ec2c0fe1f9ef1,institutional_channel,none_identified,bounded event evidence and corrected compensation metadata,"[""WCM-eb0a1ecb164b868eb4ac6926""]"
TAG-345ba9dad428db12d984a7f0,ROOTCOMP-a15e794a415128c23b0ad522,institutional_channel,budget_pay_plan_process,bounded event evidence and corrected compensation metadata,"[""WCM-197b9ee7c59ba5c335b67373"",""WCM-5c2863f6e5a47b131cc2da94"",""WCM-9516c0c75ff4bc95b6796073"",""WCM-9815cad8380c4c7693d1d759"",""WCM-ef6eb442dcf9ea73a55ae4b0""]"
TAG-330afaa2397327fb88a48762,ROOTCOMP-f8a02f57e9de1dac335442d7,institutional_channel,none_identified,bounded event evidence and corrected compensation metadata,"[""WCM-298cde0fb2f3bffd65ef729f""]"
TAG-5c19b256624c5b09aaf9f15a,ROOTCOMP-93a7aa0231741b78a71eda01,institutional_channel,none_identified,bounded event evidence and corrected compensation metadata,"[""WCM-1263b84ae315b8963a13c78d""]"
TAG-b26eba8b61ef27927364b997,ROOTCOMP-82617645bd3ff305a898302c,institutional_channel,none_identified,bounded event evidence and corrected compensation metadata,"[""WCM-a3afd4ed667a897212fbedcf""]"
TAG-1fe39f9a0003d5515aea26a6,ROOTCOMP-60c61fdfb7fd96b3a328386b,institutional_channel,none_identified,bounded event evidence and corrected compensation metadata,"[""WCM-97da8f8e50a8ff398a8da0e8""]"
TAG-e07ad9d552938140a6b92ff8,ROOTCOMP-a4691d698702e510b73472fd,institutional_channel,budget_pay_plan_process,bounded event evidence and corrected compensation metadata,"[""WCM-008b86d202250ac71e555d62"",""WCM-40ff49c00c37439a569c4527"",""WCM-6c5d6920ee7c2dd9b38edcf5"",""WCM-91959f12a896c2e301ebd401"",""WCM-bdcb018164890f6d7562f828"",""WCM-efeaec01392acdb532b8cbd4""]"
TAG-70316e71385759a93b430c9d,ROOTCOMP-1a4f4ba6d75a4c8a16c38678,institutional_channel,collective_bargaining,bounded event evidence and corrected compensation metadata,"[""WCM-20b28280dbc27a559ca3accd"",""WCM-2aafdfa0028996fd520f95df""]"
TAG-afa240a970e7ccb9f2deb108,ROOTCOMP-6e6b1ce8f3022783580fdcac,institutional_channel,none_identified,bounded event evidence and corrected compensation metadata,"[""WCM-edd5dcd66940ccad61eedde1""]"
TAG-bf55a74d46ab40fa544a657c,ROOTCOMP-72bf1b8e23fc8c4b44057212,institutional_channel,none_identified,bounded event evidence and corrected compensation metadata,"[""WCM-0fbe4927da0b3b1915beddbb"",""WCM-14d9e86a095e2f664c2ed9fc"",""WCM-d87b433b77e3b804b2c4f1cb""]"
TAG-8377e0487e7828cc04aceb18,ROOTCOMP-c2458aa1e132dee165dc0a60,institutional_channel,none_identified,bounded event evidence and corrected compensation metadata,"[""WCM-2898c38e9a11cfced73996b7"",""WCM-7ac3a4de58881bfbc18d10e7""]"
TAG-f707c821f8ceaf3315204446,ROOTCOMP-9126e86716605e59f507961f,institutional_channel,none_identified,bounded event evidence and corrected compensation metadata,"[""WCM-299eb93004415aa3beef8b44"",""WCM-41f35452595d2ec1199b1f64"",""WCM-9e1f07bc127a56c489aa5e02"",""WCM-ba496959e1e4d3523324308b"",""WCM-df246885e788ea537bf72c82"",""WCM-fc525070f90428ff27a5e7eb""]"
TAG-cdf34966e4b43d89d57b443e,ROOTCOMP-853227ed0c4fff73aa4796cb,institutional_channel,none_identified,bounded event evidence and corrected compensation metadata,"[""WCM-373c34a663de9b82c5d1b116"",""WCM-f4af112fe3403103f9eca7d2""]"
TAG-cd314e122fb3aa6b278029fc,ROOTCOMP-637a80cbf2eb702c12fbc6fe,institutional_channel,budget_pay_plan_process,bounded event evidence and corrected compensation metadata,"[""WCM-e574883a4e21d43a41787131""]"
TAG-3a71061e403f86c171609b61,ROOTCOMP-d1807ee5cb5425db7953fe7c,institutional_channel,none_identified,bounded event evidence and corrected compensation metadata,"[""WCM-4e530e1ad00d852ba8e7a69f""]"
TAG-b139b4c4126104361fdd01c4,ROOTCOMP-f8919f65c000527e1028ac89,institutional_channel,none_identified,bounded event evidence and corrected compensation metadata,"[""WCM-098d3f4525a3f6c2fdada702"",""WCM-1616ba8c9f3ccfea632c3cb5"",""WCM-36f5311d4a5874b1b667994a"",""WCM-65da54cbdbc52da56c059501""]"
TAG-3f3baa43da6282d291e91309,ROOTCOMP-dedb6a285083e29664835ea2,institutional_channel,none_identified,bounded event evidence and corrected compensation metadata,"[""WCM-ef020da283ca8ae9e0ff851e""]"
TAG-9034af79571c7b906e3b7482,ROOTCOMP-d175cfb3298f0b91d3e65f08,institutional_channel,none_identified,bounded event evidence and corrected compensation metadata,"[""WCM-69453f5d4d658ceb15737800""]"
TAG-e96025198f0d5c4cbfaa0950,ROOTCOMP-a46202b1be5e695f25a964ed,institutional_channel,none_identified,bounded event evidence and corrected compensation metadata,"[""WCM-a9bc30fcf528065b0ad0c23a""]"
TAG-5ea55373ea23f86e8199a924,ROOTCOMP-4061a5f649e72331d8f0cdfb,institutional_channel,none_identified,bounded event evidence and corrected compensation metadata,"[""WCM-090e7e14125611fb645e1f0d""]"
TAG-141ac450cf14bf960db45a0d,ROOTCOMP-0b982510e11a13983a0cced2,institutional_channel,none_identified,bounded event evidence and corrected compensation metadata,"[""WCM-11ab96bccc1722e1d782073d"",""WCM-56a36c21caf3ecd36a4829dc""]"
TAG-95b3630738111a1e7d9d5bc7,ROOTCOMP-9437e933b759d10debccbb1d,institutional_channel,none_identified,bounded event evidence and corrected compensation metadata,"[""WCM-5cb794feacda59bb8893c56e"",""WCM-73246483137db30cef83eef6"",""WCM-f0cce0a8fe366197205659f1""]"
TAG-36f4b47badcab3fe1125b6cf,ROOTCOMP-2106a920ac47d9e9d6646e2a,institutional_channel,none_identified,bounded event evidence and corrected compensation metadata,"[""WCM-8b2a46b9d2aa5647877c828d""]"
TAG-7bbba1eed17caf023007c84d,ROOTCOMP-090ca4455147ea76c2a2a3af,institutional_channel,none_identified,bounded event evidence and corrected compensation metadata,"[""WCM-383eed398b45ddcd89b8a1d8""]"
TAG-71f347dc6d2f56a67522f130,ROOTCOMP-e7b551b2d82fdab6efa8681a,institutional_channel,none_identified,bounded event evidence and corrected compensation metadata,"[""WCM-00cbd12d86722f098ac1b022"",""WCM-0a9643c03fe9efdc736af03a"",""WCM-6d6a97cd4303e90cff46a0fc""]"
TAG-a854ffaf8f77809ba438a335,ROOTCOMP-dd348e30945b2c21e8bd96d9,institutional_channel,none_identified,bounded event evidence and corrected compensation metadata,"[""WCM-f1e761e27730e77694d63cfa""]"
TAG-93d0deb8f02c61a3782dcb4e,ROOTCOMP-b51d35eee2ff6b31dc324563,institutional_channel,none_identified,bounded event evidence and corrected compensation metadata,"[""WCM-c1c92de4e1ba3b1649168245""]"
TAG-280b63de6548cc2aee4e542d,ROOTCOMP-c6cf97fab5420fa795e3a4f3,institutional_channel,none_identified,bounded event evidence and corrected compensation metadata,"[""WCM-a7708cf1cdfe31874cbbe426""]"
TAG-fd7e766c9cd7c25f10211776,ROOTCOMP-065f5485d32648cd3511f2a6,institutional_channel,none_identified,bounded event evidence and corrected compensation metadata,"[""WCM-cabf4d0753d1b39c63ef2f1d""]"
TAG-cd1dc26d76bb3dbcffd4b05a,ROOTCOMP-a68b4a7d515bf79a05afb003,institutional_channel,none_identified,bounded event evidence and corrected compensation metadata,"[""WCM-7e646de467dc218841fb7b1c""]"
TAG-5f27c36c903138737f8e0f2a,ROOTCOMP-84e2aad6d4323369d47085c2,institutional_channel,none_identified,bounded event evidence and corrected compensation metadata,"[""WCM-9dd5e2d76d362d6498a001ec""]"
TAG-3dd26e982d4040249be34b2a,ROOTCOMP-b9003b2ced5aea47aa7a3107,institutional_channel,none_identified,bounded event evidence and corrected compensation metadata,"[""WCM-222c3cc8c3372220b4d6be45"",""WCM-f55b031dc09b1c8476f68e5d""]"
TAG-1950ddd2a8e098ea27034805,ROOTCOMP-34c5532ff0c293a68f8a936d,institutional_channel,none_identified,bounded event evidence and corrected compensation metadata,"[""WCM-972343f31b7674c6b5d41da4"",""WCM-d77ec61c18876287be5f518b"",""WCM-f3191fbde6c98c442a3b6eb3""]"
TAG-70320ee6470ac9ef5a115e23,ROOTCOMP-3a4ee2a733e15b0dcf6b84df,institutional_channel,none_identified,bounded event evidence and corrected compensation metadata,"[""WCM-297fc8b924bb85d7d9a05078"",""WCM-ec75db168ae7de5a69eb0b4f""]"
TAG-a42dab9fe40fe3072e3c7924,ROOTCOMP-55ab9b2f9711cc5e984bb263,institutional_channel,none_identified,bounded event evidence and corrected compensation metadata,"[""WCM-1e41db1ef9cde53d0a1a3df1""]"
TAG-16125785bad54817a128e7d3,ROOTCOMP-109d6b5c006ab812510e7f25,institutional_channel,none_identified,bounded event evidence and corrected compensation metadata,"[""WCM-f06159ee173330a42bab6bec""]"
TAG-25396bf589100d66726b41c1,ROOTCOMP-d940ecef933edc3519843f33,institutional_channel,none_identified,bounded event evidence and corrected compensation metadata,"[""WCM-bf293f90971f5c73fb796ea5""]"
TAG-cf80bb2782b34f45e0f14188,ROOTCOMP-1b387880b5c3e28e7d90a4fa,institutional_channel,none_identified,bounded event evidence and corrected compensation metadata,"[""WCM-a2c3973b9421a3d7e1da5f4f""]"
TAG-4343d8817c225036e2f730d8,ROOTCOMP-d22e194aeb3e692c0a3abe32,institutional_channel,none_identified,bounded event evidence and corrected compensation metadata,"[""WCM-84b999354aa7c7b44e0f48cd""]"
TAG-f8e69102c3ffd0020e7344d2,ROOTCOMP-9ee3744c866b56063a9ce34d,institutional_channel,none_identified,bounded event evidence and corrected compensation metadata,"[""WCM-6de8177fd91b061e122ea512""]"
TAG-71dc7c0e3aa1169d12866d21,ROOTCOMP-898aab0827c4472f838d7cd1,institutional_channel,none_identified,bounded event evidence and corrected compensation metadata,"[""WCM-8bde8690c32d2c1f7690f8f3""]"
TAG-11ca9bfddf2b9c906f31938f,ROOTCOMP-ced865590442aa410c6dcb69,institutional_channel,none_identified,bounded event evidence and corrected compensation metadata,"[""WCM-4aeb80d16b58fc347517594c"",""WCM-63feb434becb2aac90dbd595""]"
TAG-f725231af780e70ab49bb86d,ROOTCOMP-53768ba89ee2218a2ee1078f,institutional_channel,none_identified,bounded event evidence and corrected compensation metadata,"[""WCM-3bd5bc7c770d775fb668cf6b""]"
TAG-4b1f28fe1844534198c6fb4c,ROOTCOMP-ac083dfc716f1659368f88d5,institutional_channel,none_identified,bounded event evidence and corrected compensation metadata,"[""WCM-c334e9bb40590cd5bca31fd8""]"
TAG-85ce43e4c7dc0ada4c653023,ROOTCOMP-69f4316a33f95c05085fa8e7,institutional_channel,none_identified,bounded event evidence and corrected compensation metadata,"[""WCM-3366b72a213ecb44d36911d9""]"
TAG-14ad7f760a76eedb276918e2,ROOTCOMP-1984075f6fcd19e5c07c4153,institutional_channel,budget_pay_plan_process,bounded event evidence and corrected compensation metadata,"[""WCM-aeb5af50d83cad1369c0f53d"",""WCM-b24aa82eef146986afd32285"",""WCM-e2cd4c84bb061f23b3454793""]"
TAG-8d75a7f8a9c772e5ff050d73,ROOTCOMP-21a0eabffefb225e3055076d,institutional_channel,budget_pay_plan_process,bounded event evidence and corrected compensation metadata,"[""WCM-54c112e78e2fe6536fbb95fe""]"
TAG-866208bcb421b98f91e4e590,ROOTCOMP-68c5dd305732f81546b7bc4f,institutional_channel,budget_pay_plan_process,bounded event evidence and corrected compensation metadata,"[""WCM-6565a57589c94a4a857fb599"",""WCM-b69ad67a0c97965afecc9296"",""WCM-fc379ee40922fac908073373""]"
TAG-ffb746e70700c38b10029cfe,ROOTCOMP-bd3e5f8c4a3da46b610b2386,institutional_channel,budget_pay_plan_process,bounded event evidence and corrected compensation metadata,"[""WCM-52661c42ae939a0cfaaf567f"",""WCM-f38e2e64e29c69d5df8dd4cc""]"
TAG-5100626606bfde583cb394bf,ROOTCOMP-bd3e5f8c4a3da46b610b2386,institutional_channel,ordinance_council_adoption,bounded event evidence and corrected compensation metadata,"[""WCM-52661c42ae939a0cfaaf567f"",""WCM-f38e2e64e29c69d5df8dd4cc""]"
TAG-8b6d432694c2bfb3422d342f,ROOTCOMP-62e6dc1e7dc4815b4604df2f,institutional_channel,budget_pay_plan_process,bounded event evidence and corrected compensation metadata,"[""WCM-30d636d60f8a3252b9d60e07""]"
TAG-6a084f1cb0c59ba3e0b8160b,ROOTCOMP-acba2f9b987574b70b45fc26,institutional_channel,budget_pay_plan_process,bounded event evidence and corrected compensation metadata,"[""WCM-a37f27ac454a5e10a6f0cf70"",""WCM-ef077c6a9d8721259ec1c436""]"
TAG-438de2d2c90573995e07bc9f,ROOTCOMP-814abcde6fd950476c7ab9d3,institutional_channel,budget_pay_plan_process,bounded event evidence and corrected compensation metadata,"[""WCM-47e8485c45658cb06b34c6bd""]"
TAG-dc9b031c198b477477e30d02,ROOTCOMP-25d3f36d31b1196f9e1ab976,institutional_channel,budget_pay_plan_process,bounded event evidence and corrected compensation metadata,"[""WCM-4638b7bc51be03a81cdbb5e8"",""WCM-5d27d71bbdf1832a706c3e13"",""WCM-9783d898a8f93546b92e328e"",""WCM-d6981a4560944ee544151efd""]"
TAG-e1ed6294d17b496a30cf7e73,ROOTCOMP-63f4a91fe50373a0c2344910,institutional_channel,budget_pay_plan_process,bounded event evidence and corrected compensation metadata,"[""WCM-08a3b16cff637e8504620f61"",""WCM-364093b021fd101c9f9226af""]"
TAG-e68216f4c65599a13401c096,ROOTCOMP-1e31e103ada126a44f10b167,institutional_channel,none_identified,bounded event evidence and corrected compensation metadata,"[""WCM-478aa97607e10922f056b5c5"",""WCM-d4256a22746bc3f4d99954f4""]"
TAG-8820774aaf51724309c1bd59,ROOTCOMP-91f60752b417fe468cd0a346,institutional_channel,none_identified,bounded event evidence and corrected compensation metadata,"[""WCM-0c1f5be4854699b55bc9b1e5""]"
TAG-fdc2f42a555b60116d8f0313,ROOTCOMP-0c3046e9b99790c3ae4a6e2e,institutional_channel,none_identified,bounded event evidence and corrected compensation metadata,"[""WCM-43b72a7ea3cbf973c5aa3f4d"",""WCM-522e31891fba6cf1cbaf2ad1"",""WCM-9de56c7a82d5c616afb45205""]"
TAG-cde630bef4fb168cba2d501e,ROOTCOMP-0a909138ea0b0ce41a4141f5,institutional_channel,ordinance_council_adoption,bounded event evidence and corrected compensation metadata,"[""WCM-2b3add64ae0566d9b935e202""]"
TAG-979a58056df8eb480824b3a7,ROOTCOMP-bd622e6b4493b279be528471,institutional_channel,none_identified,bounded event evidence and corrected compensation metadata,"[""WCM-145794ca6b0fd96b4ee90bd7""]"
TAG-f08ccae8f9d27a77541ab93a,ROOTCOMP-8ede1e3ef442eca8366f67a8,institutional_channel,none_identified,bounded event evidence and corrected compensation metadata,"[""WCM-1ae85e6e691c0310922ef2ab""]"
TAG-c1b3954bb6dcc4d38e568dee,ROOTCOMP-4431a49894849715ddb1da0b,institutional_channel,budget_pay_plan_process,bounded event evidence and corrected compensation metadata,"[""WCM-8b57df0bcff33946c89961fe""]"
TAG-ff8a67bd1b3319f90629146a,ROOTCOMP-2338f9475f0f9f7df9ab4ed6,institutional_channel,budget_pay_plan_process,bounded event evidence and corrected compensation metadata,"[""WCM-d4a7da96326047f4cf93c42c""]"
TAG-d94b414001a350acc10f6683,ROOTCOMP-238ad81a2efe31cb8a6d50fa,institutional_channel,budget_pay_plan_process,bounded event evidence and corrected compensation metadata,"[""WCM-446e7c89d3d37f97dc941c8b"",""WCM-ddf7941a77611019e4fe98e6""]"
TAG-f3afb856b206326017b612b8,ROOTCOMP-dbed465481d5fe1033e68cf4,institutional_channel,none_identified,bounded event evidence and corrected compensation metadata,"[""WCM-52ca3d6ce8b77f999fec16bd""]"
TAG-4d2e525adbd1bb4146352c42,ROOTCOMP-aeece2f805be9542bbdf875c,institutional_channel,none_identified,bounded event evidence and corrected compensation metadata,"[""WCM-8afe7f8bfe7f6849565bdcf0""]"
TAG-7f251a5c68ea836201ce47cf,ROOTCOMP-eb94194fd4263736f13b1578,institutional_channel,budget_pay_plan_process,bounded event evidence and corrected compensation metadata,"[""WCM-0705825c9ca984d185699bd6"",""WCM-b108242f3c62481fc629945b""]"
TAG-c6d248acbbc6488d5160c96b,ROOTCOMP-5e43747f941c89265e3d6b26,institutional_channel,none_identified,bounded event evidence and corrected compensation metadata,"[""WCM-ccc5693a659a5b5f5ac85b24""]"
TAG-885b050c7ee1aeb9d26c89a3,ROOTCOMP-5cb91b6a3df5555305fae6bb,institutional_channel,none_identified,bounded event evidence and corrected compensation metadata,"[""WCM-dd205c48a81df1e7c8060a5d""]"
TAG-4534bc078c7f18971c559a2d,ROOTCOMP-ae9673c1d887e6642492373d,institutional_channel,none_identified,bounded event evidence and corrected compensation metadata,"[""WCM-bebec418533d9e4081e681a2""]"
TAG-7bef0122dec54cf8ef07f5bb,ROOTCOMP-657efe960a03dfee062f0f77,institutional_channel,budget_pay_plan_process,bounded event evidence and corrected compensation metadata,"[""WCM-757fcb84d8f0aef6eb28ccaf"",""WCM-82bb4fefff7e7f3d9d19eaaf"",""WCM-e4dbc5a6dd6f15e07b0861e3""]"
TAG-aac17901b79baa422486d074,ROOTCOMP-79fdd27231abb619c9fc0e92,institutional_channel,none_identified,bounded event evidence and corrected compensation metadata,"[""WCM-ca38626c0d9e9d6894138b35""]"
TAG-881f4ffe2675f03f97c32aa0,ROOTCOMP-1c4669d572d9696e89d670c3,institutional_channel,none_identified,bounded event evidence and corrected compensation metadata,"[""WCM-f571a5c54f37d82c91faf69a""]"
TAG-a9817308f48b104f2763d120,ROOTCOMP-d7ef8de7b12f10110ebfb303,institutional_channel,none_identified,bounded event evidence and corrected compensation metadata,"[""WCM-91debb330a757381a71f9d30""]"
TAG-6708a1904b3e0bf6a69861ad,ROOTCOMP-8f5c3b36033ad66a5968d028,institutional_channel,none_identified,bounded event evidence and corrected compensation metadata,"[""WCM-ce476085a2850ad48b82a5cf""]"
TAG-48a3b4e1b7a641a96b98dea5,ROOTCOMP-f4b8e56ac9c779593d20e7b3,institutional_channel,budget_pay_plan_process,bounded event evidence and corrected compensation metadata,"[""WCM-02045cd933d3802ea9a24679"",""WCM-21ec2a0d21037994d8284369"",""WCM-7954a405a19f65e5fbeb9d9f"",""WCM-c8a1bbf9723a4e0794c92eeb""]"
TAG-69a02595f49632081e867f62,ROOTCOMP-376b457f9c53b213709ea5da,institutional_channel,none_identified,bounded event evidence and corrected compensation metadata,"[""WCM-40778eab0bcccf9861c6d2d7""]"
TAG-c402e3536732a8cbbae9a50d,ROOTCOMP-a184ad51384e970a9b6866fc,institutional_channel,none_identified,bounded event evidence and corrected compensation metadata,"[""WCM-b10174acc25bc765115f52cf""]"
TAG-6b64955ea85649a26fed3df8,ROOTCOMP-b996f2c0937a1027b65c4a1e,institutional_channel,none_identified,bounded event evidence and corrected compensation metadata,"[""WCM-4fc82e446e5f73e3d0c66a4b""]"
TAG-ffe4f2c7c354888ed6dde5ff,ROOTCOMP-05e61dcfa96eb812d54e35c9,institutional_channel,collective_bargaining,bounded event evidence and corrected compensation metadata,"[""WCM-7c11bce741ffd15c4ceeccca""]"
TAG-ccbab02ac377084b30092aa0,ROOTCOMP-c5545acb2c41f59f06778e51,institutional_channel,none_identified,bounded event evidence and corrected compensation metadata,"[""WCM-7722c77262ba81e8ed518a1c""]"
TAG-4f7c11c0fe6c3aac002bbc65,ROOTCOMP-322e8e917222050a334453b6,institutional_channel,none_identified,bounded event evidence and corrected compensation metadata,"[""WCM-f35e29ffb541e505196a01ae""]"
TAG-17d181430a9f31e6229b7f96,ROOTCOMP-f08947af20a20195da9fa48a,institutional_channel,none_identified,bounded event evidence and corrected compensation metadata,"[""WCM-1f61245077f5e112e5e5ffda"",""WCM-d4acd27ee94b646053fe77fb""]"
TAG-0ce04f61de57678de1d51918,ROOTCOMP-3904658fa1e371dfc4c7de7c,institutional_channel,none_identified,bounded event evidence and corrected compensation metadata,"[""WCM-8b3e18ecd53cb6f975cea5fb""]"
TAG-4865781e6998bee53af8cf47,ROOTCOMP-6c7c52b92b97f0a6d399fe19,institutional_channel,none_identified,bounded event evidence and corrected compensation metadata,"[""WCM-920af943e5fa7fb7d2dedbf1"",""WCM-9a50af5341308aef71d160ab""]"
TAG-b7a83b7151cdb047953e1fd5,ROOTCOMP-912561d4d96199a1c1a2c9fd,institutional_channel,settlement_or_mou,bounded event evidence and corrected compensation metadata,"[""WCM-26f79f7ffa051f8243df3af0""]"
TAG-553eedc3f0ee5f91f83a200e,ROOTCOMP-a97495d415e322480c084f4b,institutional_channel,none_identified,bounded event evidence and corrected compensation metadata,"[""WCM-4d06576e32722d7cbd0097f7"",""WCM-d2fcb12cfaff348db77c7de4"",""WCM-d7a09ebb3c5ded2483b8c7d2""]"
TAG-66528c2e45be508d92a1c9e4,ROOTCOMP-9c32e701116e009ff1f3022a,institutional_channel,none_identified,bounded event evidence and corrected compensation metadata,"[""WCM-95b840154487f663354b3386"",""WCM-9afd7e854077c9db935637fb"",""WCM-aa415d761675bd33c5d0ba68"",""WCM-b9c3354a34f7cdebbcf7cc5b"",""WCM-e84c2c86ad8f059da92ded99""]"
TAG-9c3df9f8ee6f21a5ee2e6458,ROOTCOMP-c816130a4f1a0852cb473311,institutional_channel,none_identified,bounded event evidence and corrected compensation metadata,"[""WCM-0d436841c763126c1f1f0392""]"
TAG-403710c0503e039a2a1cda56,ROOTCOMP-211a98eb308d72c87ead59f9,institutional_channel,none_identified,bounded event evidence and corrected compensation metadata,"[""WCM-38975f968ae6d16ad8dc600f""]"
TAG-3d51873595fe8ccc8b5acf5b,ROOTCOMP-7f0ac48cf9958a9f10c75d3b,institutional_channel,none_identified,bounded event evidence and corrected compensation metadata,"[""WCM-ff9d57d12e93c8b88c375130""]"
TAG-544e1c5a364cfc7414079cf2,ROOTCOMP-f29c5c69da3db39814405038,institutional_channel,none_identified,bounded event evidence and corrected compensation metadata,"[""WCM-3e4ce3a26717362bf50ae811""]"
TAG-200de805faddbcaaf5701e94,ROOTCOMP-e94b547b66f8dfa1482e00ad,institutional_channel,none_identified,bounded event evidence and corrected compensation metadata,"[""WCM-3de3c42ec66c43decc62105a"",""WCM-4b26b474494a8c4c1cb4e71c"",""WCM-55c76a6faa0b82ddf863b78e""]"
TAG-9cd8fc4ab48f4a70e3de3358,ROOTCOMP-8a7a00a018efd3701e46de37,institutional_channel,none_identified,bounded event evidence and corrected compensation metadata,"[""WCM-7071aee5f778094438ddb80d""]"
TAG-2637f05119f80cdc19155d04,ROOTCOMP-588b7a9de1e7aacbd38e2f77,institutional_channel,none_identified,bounded event evidence and corrected compensation metadata,"[""WCM-85d2b031d307873c5ae16fbc"",""WCM-d5fe722f0fc420088d2997b4""]"
TAG-109477fecbfbacdb23dabea7,ROOTCOMP-163c6a306305eb4d63081ab5,institutional_channel,budget_pay_plan_process,bounded event evidence and corrected compensation metadata,"[""WCM-8c9df728b7d3349c9ee29dd2"",""WCM-c902fd89c11b1b657e50b749""]"
TAG-f948f6bf1340ed010b8fd427,ROOTCOMP-8dd01a28cf858a74678233ae,institutional_channel,none_identified,bounded event evidence and corrected compensation metadata,"[""WCM-742ed1ac742497beefef72fb""]"
TAG-6b134ad119c759f3e5ff2bfe,ROOTCOMP-4283e20a0fd93428384a7142,institutional_channel,none_identified,bounded event evidence and corrected compensation metadata,"[""WCM-1f9eb653ccff085192080577""]"
TAG-1b4ad61a04ac5cad243f19f9,ROOTCOMP-d4a3dd82263d83fc15652087,institutional_channel,none_identified,bounded event evidence and corrected compensation metadata,"[""WCM-6264529b173b289b169eb571""]"
TAG-aa4c1e336953d63e7f91acb2,ROOTCOMP-7ce2b342a37b7d2f3df6bc5a,institutional_channel,none_identified,bounded event evidence and corrected compensation metadata,"[""WCM-0bca9664cfe32725e653446a"",""WCM-3688b02742ed4fb6cce053fa""]"
TAG-36bdcb122b384f21857f01f5,ROOTCOMP-b14a88a44ef8807c281a83d1,institutional_channel,none_identified,bounded event evidence and corrected compensation metadata,"[""WCM-abee8c873baa7a49079e0811"",""WCM-e0127f4d654c2145aca2f199""]"
TAG-606619d476fd0e0c01173701,ROOTCOMP-70c0642d16441f6e9ad356ea,institutional_channel,none_identified,bounded event evidence and corrected compensation metadata,"[""WCM-34a826197b88fff94176d47a"",""WCM-592a232d4b90bc313adb6d83""]"
TAG-7e784ce2651970190dccf4ba,ROOTCOMP-cf567c97675de44776324393,institutional_channel,none_identified,bounded event evidence and corrected compensation metadata,"[""WCM-f03856555727ad5addec7abb""]"
TAG-6634f05cd46089586d4c01a9,ROOTCOMP-9871d5f15c6fe640bf77ff37,institutional_channel,none_identified,bounded event evidence and corrected compensation metadata,"[""WCM-bca6a4f3854f3a0b7242c217""]"
TAG-100efdea59ba1401614c58c4,ROOTCOMP-54bdabbd23d0fa1b256ae2d2,institutional_channel,none_identified,bounded event evidence and corrected compensation metadata,"[""WCM-7ea9a457c847bffd5d34cf2c""]"
TAG-f0e7794422ec78d8bc0913c8,ROOTCOMP-6e9b8a9bfb9fa44b3e1363e7,institutional_channel,none_identified,bounded event evidence and corrected compensation metadata,"[""WCM-7f653eac203de1c641bf7860""]"
TAG-e4d463bb470189d881265302,ROOTCOMP-60f8a69646cd5bcbed90538e,institutional_channel,none_identified,bounded event evidence and corrected compensation metadata,"[""WCM-3776b92e103b79951d48306c"",""WCM-f83e4bb8a901150cbc858c5f""]"
TAG-fdb09178b06a66c55d135e24,ROOTCOMP-d79d7b9ceb613f6ba37fa3ef,institutional_channel,none_identified,bounded event evidence and corrected compensation metadata,"[""WCM-528419c651b7df6a094dbcc2"",""WCM-ae433cd75d5103477be7ca07""]"
TAG-534b9325e4c78c4f5ca92c33,ROOTCOMP-7f6c55c269704b27e73e5edb,institutional_channel,none_identified,bounded event evidence and corrected compensation metadata,"[""WCM-4609cc1383c31b161f070f4c""]"
TAG-30d72cad19e71ba1e0284384,ROOTCOMP-e7725f81d138b9ccdc0431ae,institutional_channel,none_identified,bounded event evidence and corrected compensation metadata,"[""WCM-a50b321e578a47db6e350eb4""]"
TAG-e047c66f8e407034b080eccc,ROOTCOMP-618a3751be1181ee85e0654d,institutional_channel,none_identified,bounded event evidence and corrected compensation metadata,"[""WCM-1915a0295a29e3cc9eb0e9dc"",""WCM-b08184edb39b6c5daaf88e73""]"
TAG-9e728bd9ec463eda079ce5b2,ROOTCOMP-5cf8190d0d0e9016a41500f1,institutional_channel,none_identified,bounded event evidence and corrected compensation metadata,"[""WCM-3e37e328afe1476620c11959"",""WCM-623737274376db2a5621610f"",""WCM-7028a74bd2bf3a4be7de4b6f"",""WCM-769a826d8c9e1c094885a13d"",""WCM-ca3a7a7a0f7b38283319d79b""]"
TAG-0103530184507f07039f1d84,ROOTCOMP-0a08955b884e943e7c0fecf3,institutional_channel,budget_pay_plan_process,bounded event evidence and corrected compensation metadata,"[""WCM-26f1f3b93999c1ee82bfeab3"",""WCM-87c312f26c27cd809cb9587b""]"
TAG-7a4d96c1ed494bc8310d07d0,ROOTCOMP-2fffe7f7b7227808b68b4a46,institutional_channel,budget_pay_plan_process,bounded event evidence and corrected compensation metadata,"[""WCM-1d900e9fb041270680f3b5fe"",""WCM-8700b173f9219aa263df1edc""]"
TAG-f1046a73cee2b3c455e2e221,ROOTCOMP-ab3fb2f87fdeb1f8639d7e8f,institutional_channel,budget_pay_plan_process,bounded event evidence and corrected compensation metadata,"[""WCM-082bd89f3b54efbb0f03c860"",""WCM-11229dc932afb2a86ddd5a88"",""WCM-77b2dce1f8cf5382e2477fa2"",""WCM-e28196c17c3d75c42c9096cb""]"
TAG-b7bb2f7150d9c98c3dc94e17,ROOTCOMP-2a9077e170e4b3e485df6b7f,institutional_channel,budget_pay_plan_process,bounded event evidence and corrected compensation metadata,"[""WCM-03e1246dbbccd026fc0368f5""]"
TAG-c18776d3928e6839df6d5d67,ROOTCOMP-43c6e6724356134914acb204,institutional_channel,budget_pay_plan_process,bounded event evidence and corrected compensation metadata,"[""WCM-e2e98030174c5de4d54d6710""]"
TAG-e6588f97a854648c1f5cc7be,ROOTCOMP-859bba4388da4f3e19fd3cc3,institutional_channel,budget_pay_plan_process,bounded event evidence and corrected compensation metadata,"[""WCM-914aa5cae2edd0952dc92373""]"
TAG-f3efbe8e78bcf68fe7bea75f,ROOTCOMP-e946cd1a708e7739da3eb4d1,institutional_channel,none_identified,bounded event evidence and corrected compensation metadata,"[""WCM-6d1964d3c0cba4ecea097520"",""WCM-98a73c0783d60add2c80479c""]"
TAG-6bf4da1f5cb3902074cfde60,ROOTCOMP-54208a790e43aedf7db237bd,institutional_channel,none_identified,bounded event evidence and corrected compensation metadata,"[""WCM-e2a202016b12306754a53430""]"
TAG-5f5213a76b60576ca765c76f,ROOTCOMP-3f26e9ed9ae16378bea4f9cd,institutional_channel,none_identified,bounded event evidence and corrected compensation metadata,"[""WCM-089e6ab6d480a7d452234816""]"
TAG-add485f46c4a1602722ea10a,ROOTCOMP-10a30055dd72e49b516120ab,institutional_channel,none_identified,bounded event evidence and corrected compensation metadata,"[""WCM-72df1357075522591b972ddd""]"
TAG-5c7395ed7f8b06d02ba52d8d,ROOTCOMP-6e7efc6f7b3a0e8fda0253b1,institutional_channel,none_identified,bounded event evidence and corrected compensation metadata,"[""WCM-7932d6c4f9bcebbfbfdbce28""]"
TAG-71130052cbd1a7db7180fc88,ROOTCOMP-dc621e98796568f5eb8acd5a,institutional_channel,none_identified,bounded event evidence and corrected compensation metadata,"[""WCM-5fcbf2220e66cec7b2d4f73f""]"
TAG-cb3eca0ad2368b29cf516e4f,ROOTCOMP-3a7fdb78f3c8a9dc842ba6a5,institutional_channel,none_identified,bounded event evidence and corrected compensation metadata,"[""WCM-acfadc399369805880a7fbb5""]"
TAG-6fe384292d8523275ca70ba5,ROOTCOMP-571122e8f9609abcb659621f,institutional_channel,none_identified,bounded event evidence and corrected compensation metadata,"[""WCM-4e66008a0afc02442a0a3a07""]"
TAG-8ec905230d12659373171530,ROOTCOMP-04dc96b3a4502b3ddcd79128,institutional_channel,none_identified,bounded event evidence and corrected compensation metadata,"[""WCM-f022012e1dafe623849babf6""]"
TAG-946c4ab4e791741cfdadb7c5,ROOTCOMP-46aa835efd6f39fc003c1496,institutional_channel,budget_pay_plan_process,bounded event evidence and corrected compensation metadata,"[""WCM-8a75169b9565440cf7c04186""]"
TAG-ec876aec7b922ab8ec5c526f,ROOTCOMP-3f86c8daa9e5e65fe4cae7de,institutional_channel,classification_civil_service,bounded event evidence and corrected compensation metadata,"[""WCM-8fe830c8958ed6d69f8ced6f""]"
TAG-08cd5d6fd26d8484cd0afea4,ROOTCOMP-84e8e8d6d1700c21d59ffd70,institutional_channel,none_identified,bounded event evidence and corrected compensation metadata,"[""WCM-86d3a34d66332f6173c4670f""]"
TAG-6cb537e082f5eec17f6577c8,ROOTCOMP-ebef25654fd5a38c63286ae6,institutional_channel,budget_pay_plan_process,bounded event evidence and corrected compensation metadata,"[""WCM-b4aa763d4ef96da442b70988""]"
TAG-94aa5428b41539e4cdbc5e71,ROOTCOMP-7507de84fccea43e92396f0e,institutional_channel,none_identified,bounded event evidence and corrected compensation metadata,"[""WCM-8661d523fa3ef12f62888988""]"
TAG-ae729a63cc18202f50dde281,ROOTCOMP-978f4831010b93223c3505f8,institutional_channel,none_identified,bounded event evidence and corrected compensation metadata,"[""WCM-07e073eb7a3a2bec8492292d""]"
TAG-d419ad92969887465f2714e2,ROOTCOMP-514ab38397cf4f6251446c29,institutional_channel,none_identified,bounded event evidence and corrected compensation metadata,"[""WCM-d10bec8ff21002f777fb3dce""]"
TAG-501332980ad337ff3c454228,ROOTCOMP-e9fadd3524039c091d74805b,institutional_channel,none_identified,bounded event evidence and corrected compensation metadata,"[""WCM-8b85cb8d712f2bf5755ffb21""]"
TAG-d1b169b8b79355caa41cb998,ROOTCOMP-11d2cd68801aaa1691b6f741,institutional_channel,budget_pay_plan_process,bounded event evidence and corrected compensation metadata,"[""WCM-95f5fcce7ee8adeb71df6b44""]"
TAG-7c96bfbb360997b7cf12b09d,ROOTCOMP-c03506e6551ef08313298ab2,institutional_channel,none_identified,bounded event evidence and corrected compensation metadata,"[""WCM-7a36af5835a1feb6d3b1ff05""]"
TAG-eb1fdd9fd37e1bfc0d5a6622,ROOTCOMP-82941f31939a0e42defb970c,institutional_channel,none_identified,bounded event evidence and corrected compensation metadata,"[""WCM-002f27391f962dce6ec4f228""]"
TAG-574dfc7f70592e7bc584c455,ROOTCOMP-5b068570727351910f4e5e25,institutional_channel,none_identified,bounded event evidence and corrected compensation metadata,"[""WCM-cfb7d610803e33c93f7710f7"",""WCM-ebff7666fdba8b3e4e234054""]"
TAG-f6484ec060b68c9af3344ea0,ROOTCOMP-d5ac8edaed5ee25c614aff6f,institutional_channel,budget_pay_plan_process,bounded event evidence and corrected compensation metadata,"[""WCM-73aaac5ed961398bae88659f"",""WCM-8027b45cd0d6b315297c2ba0"",""WCM-bcf3e1eee15282ee0e9b6075"",""WCM-fec78fe877aae61e3f99a83c""]"
TAG-49573a6b4b7b37070e1d7ac8,ROOTCOMP-e693c55b9eb4f22e7d748bd4,institutional_channel,budget_pay_plan_process,bounded event evidence and corrected compensation metadata,"[""WCM-90f73be1710ab013f024a1d5""]"
TAG-a84c7f93bc9ffd7a79524ed8,ROOTCOMP-0b6f1a6ff8163410c30b39da,institutional_channel,budget_pay_plan_process,bounded event evidence and corrected compensation metadata,"[""WCM-787cc29dea3b7e8cb5f988c5"",""WCM-b0f493185d0410a7bfdab4b0""]"
TAG-d454b9e0669f200aa6afd54c,ROOTCOMP-923362169d73f4edc21abe9b,institutional_channel,none_identified,bounded event evidence and corrected compensation metadata,"[""WCM-583a8452a51a17608b06fde5""]"
TAG-f7948d5e3301e50f83844550,ROOTCOMP-8a4d4037a98054d4c6f58c70,institutional_channel,none_identified,bounded event evidence and corrected compensation metadata,"[""WCM-0dfd6647e9ef36ef69dda210"",""WCM-22a4bc3013a3bc233c00f01c"",""WCM-99eea6d00b41bebd9702630d""]"
TAG-ea580b800bff90a26ef95edf,ROOTCOMP-7a4af96ba4efd4f4c8889dfe,institutional_channel,none_identified,bounded event evidence and corrected compensation metadata,"[""WCM-db4a7b3672d71d8a003d9246""]"
TAG-3a66bf6446408752c06dcc13,ROOTCOMP-0c3a1057c0df513919614dc7,institutional_channel,none_identified,bounded event evidence and corrected compensation metadata,"[""WCM-a311659585743f1a8876ce61"",""WCM-bb60652e1aeef5613def8431""]"
TAG-d5c8fa8999dc0e3a50726b88,ROOTCOMP-4a6577f2b2b572a431448adc,institutional_channel,none_identified,bounded event evidence and corrected compensation metadata,"[""WCM-6ae88ac6c251331fa1bc6410"",""WCM-e5e18ed84d6fd38c5b560616""]"
TAG-46b00f1cb9557a51a582ae82,ROOTCOMP-c2d939dcd62c83357e054d89,institutional_channel,none_identified,bounded event evidence and corrected compensation metadata,"[""WCM-3a9080f56fec652ee2d8be9c""]"
TAG-1f8f8ddaf90b964699bd0b2d,ROOTCOMP-5d2d4b756ad7040fe412ed03,institutional_channel,none_identified,bounded event evidence and corrected compensation metadata,"[""WCM-e00a2e936085893cb6f07ab3""]"
TAG-523f4a086e6d7d0fd137e4cd,ROOTCOMP-2ac470cc63844e0a6a152172,institutional_channel,none_identified,bounded event evidence and corrected compensation metadata,"[""WCM-12b7180d313be11ab4031054"",""WCM-64b737a7f1f062131b2c5384"",""WCM-b3b50594892c41cbcc931d62""]"
TAG-7d5a378c2c9c234af3e81037,ROOTCOMP-dc1e5e169fb02e6af4ea35bc,institutional_channel,none_identified,bounded event evidence and corrected compensation metadata,"[""WCM-c5959e21f12a851448ad81b7""]"
TAG-79d46052c779fc6bd24b14df,ROOTCOMP-0db5f6ffbf0221be6417fa99,institutional_channel,none_identified,bounded event evidence and corrected compensation metadata,"[""WCM-b1b80f8e6915f5ac6b1cb949""]"
TAG-7c47922ecefdfeb62d06926f,ROOTCOMP-f5515d3074307e09d82f43c3,institutional_channel,none_identified,bounded event evidence and corrected compensation metadata,"[""WCM-16ebc2c29b4606c4341bb194"",""WCM-46dab6a87d49a80a5486cae6"",""WCM-5fb1e6085a10383f52f18050"",""WCM-8827815e4382714d5db8da62"",""WCM-9f6c5238dccd741aadced2d3"",""WCM-c3fa711c3cb77dc1aac4a121""]"
TAG-477be5f1b6a7bd4184f0a489,ROOTCOMP-f62e35be8e7cff26ef5a01af,institutional_channel,none_identified,bounded event evidence and corrected compensation metadata,"[""WCM-9d62ba11f2c3a1c901eb04aa""]"
TAG-a8393ed856af6a29be579f6f,ROOTCOMP-0a4d2eae87bb1114696c9bd4,institutional_channel,none_identified,bounded event evidence and corrected compensation metadata,"[""WCM-901793b907fcccb38795c8a2""]"
TAG-7e775de959ef6474b474ed32,ROOTCOMP-89444eaddc8d2208d61c2b7d,institutional_channel,budget_pay_plan_process,bounded event evidence and corrected compensation metadata,"[""WCM-ad3e4890fad1a17c0d045979""]"
TAG-69d2b0faea552ab492a5bf3f,ROOTCOMP-62029f779c40bf6516bb2e62,institutional_channel,none_identified,bounded event evidence and corrected compensation metadata,"[""WCM-3b3732e4b8f51de0b4ef150d"",""WCM-843a920ae059355bf642475e"",""WCM-b24485ccafc25f9ee7e71c82""]"
TAG-f17f473e3fe6c5375062f28f,ROOTCOMP-4b61a6b84851cc29dc30adf2,institutional_channel,none_identified,bounded event evidence and corrected compensation metadata,"[""WCM-226835726cbf2274032e9061""]"
TAG-e13777656da7a40002657bdd,ROOTCOMP-3884b6f387d84d8fd372ce73,institutional_channel,budget_pay_plan_process,bounded event evidence and corrected compensation metadata,"[""WCM-860d5fdfa1ea50428d9aad60"",""WCM-ab8da1f9765c5245278f5f18"",""WCM-b53f84631f2900ad6c708406"",""WCM-fd294d18800e1756fb304f12""]"
TAG-a986dd329a8390d94436b11c,ROOTCOMP-d850e0b6c2b5929d98f4494c,institutional_channel,none_identified,bounded event evidence and corrected compensation metadata,"[""WCM-3698c76a395017b3775157dc""]"
TAG-69ab83e4e2b8b58091ffe524,ROOTCOMP-0af5405e15a97e472a620a1e,institutional_channel,none_identified,bounded event evidence and corrected compensation metadata,"[""WCM-2f4e5a20cbd734bc5a00f675""]"
TAG-db9dc23078472f9434eaa6c0,ROOTCOMP-54c81503f1bb92378ab78e62,institutional_channel,none_identified,bounded event evidence and corrected compensation metadata,"[""WCM-af210147337f9f27bdbef25b""]"
TAG-ecf1a3d34656c3c23ad03a99,ROOTCOMP-6661961b09ec99922f95ebb7,institutional_channel,none_identified,bounded event evidence and corrected compensation metadata,"[""WCM-0f75f7b845e2f6e67ddf345b"",""WCM-dff3d95769fea055cf5b7357""]"
TAG-8bf1a542fc0feef8d017f541,ROOTCOMP-b0337c8c0e5c2272202ba3a5,institutional_channel,none_identified,bounded event evidence and corrected compensation metadata,"[""WCM-aa8fd02ff3ebc255f84040b6""]"
TAG-e5fd545777de5cebfc1c4cd2,ROOTCOMP-e5c70fe258c59f5214de4415,institutional_channel,budget_pay_plan_process,bounded event evidence and corrected compensation metadata,"[""WCM-1201d1751cb2a24fa1e81295"",""WCM-77105ad7dc72b7ba8e433928"",""WCM-9379a44abc77e9550c9b0025""]"
TAG-978320581c30be0794a74efe,ROOTCOMP-f82b767719006606af055786,institutional_channel,budget_pay_plan_process,bounded event evidence and corrected compensation metadata,"[""WCM-398fb429479b75bf77ede5c6""]"
TAG-1dc14fc46d832d8015349d2d,ROOTCOMP-efbaafcc3192006df8430a9d,institutional_channel,none_identified,bounded event evidence and corrected compensation metadata,"[""WCM-308914c49cf599fa556c4e79""]"
TAG-c5def1fa0181525d765a4856,ROOTCOMP-c96e67dec3872c2db0456ea5,institutional_channel,none_identified,bounded event evidence and corrected compensation metadata,"[""WCM-4ee27394e13d74ec91b98353"",""WCM-a2a9a7f628df42a53f2d4e48"",""WCM-e2c2dc6842b1caca9ed727c2"",""WCM-ead32562e230bebe2a2ae9b6""]"
TAG-4286190c342313fe77a82296,ROOTCOMP-d50b188c3b520d5fb2294cde,institutional_channel,budget_pay_plan_process,bounded event evidence and corrected compensation metadata,"[""WCM-32da62b51622bf0580c69216"",""WCM-bbf41627d39afb7478db0011""]"
TAG-84a8ad091609d4b4bf013345,ROOTCOMP-72143df9643453205c2a91cf,institutional_channel,none_identified,bounded event evidence and corrected compensation metadata,"[""WCM-6a95ae3c143e646ee75cbe2b""]"
TAG-a70f0a73dc6b01118ceb065c,ROOTCOMP-db0aea6ffb71db8bca1727a0,institutional_channel,budget_pay_plan_process,bounded event evidence and corrected compensation metadata,"[""WCM-16383a4f5a21335c2f240342"",""WCM-cf80ed6f78ed46ba202d185c""]"
TAG-3b590d3b7b119cc1ccde7c26,ROOTCOMP-5d1258fbea0f6bc4f843f384,institutional_channel,none_identified,bounded event evidence and corrected compensation metadata,"[""WCM-64d1453bc02e6112dd69c10c"",""WCM-bab3ff3b60e7be219491ed60"",""WCM-bc1444b72f1e9f7c692edb04""]"
TAG-3bfd6e0df2fd9403c6b274b9,ROOTCOMP-af5409b2e66d93764e80e189,institutional_channel,none_identified,bounded event evidence and corrected compensation metadata,"[""WCM-408be97c477efc3a42246108"",""WCM-57ff47b9a8aed1eaf3907c85""]"
TAG-96f24d24555c4891025f1a2a,ROOTCOMP-f3cb9ff50b0de23fdac06fc5,institutional_channel,budget_pay_plan_process,bounded event evidence and corrected compensation metadata,"[""WCM-dbf7c890f29e0b10e30af0bf""]"
TAG-af465fe2b8384399d758c5e0,ROOTCOMP-220ee76c7a8afefe43705163,institutional_channel,none_identified,bounded event evidence and corrected compensation metadata,"[""WCM-ddcee05a06998a317ef982aa""]"
TAG-58d82746635799b4353bb673,ROOTCOMP-2733665c83acdee25927a313,institutional_channel,none_identified,bounded event evidence and corrected compensation metadata,"[""WCM-4dc2ea10c5818ed30d5dd7d7""]"
TAG-cde948a767d0ddda4487c437,ROOTCOMP-98d2cefe154ae53f6f92ecea,institutional_channel,none_identified,bounded event evidence and corrected compensation metadata,"[""WCM-6b13f92946e53a9d309b40dd""]"
TAG-7ea681f60738a2f264ecccf6,ROOTCOMP-866802ea39c52c427f861afb,institutional_channel,none_identified,bounded event evidence and corrected compensation metadata,"[""WCM-11ab4ebc4ab1a18e2adca3f7""]"
TAG-fea110d648395b884a6c5174,ROOTCOMP-6de607fa4214e305bd2a1830,institutional_channel,none_identified,bounded event evidence and corrected compensation metadata,"[""WCM-001ce37d7928ea9f6026b713""]"
TAG-8724241d76b2d223a50beae8,ROOTCOMP-b6d7fa5036f4e57800a79298,institutional_channel,none_identified,bounded event evidence and corrected compensation metadata,"[""WCM-aac8a43d6ced951d2e53ead5""]"
TAG-5375250c12e4a8f5c3e994eb,ROOTCOMP-beb106aae15c24319a5eede3,institutional_channel,none_identified,bounded event evidence and corrected compensation metadata,"[""WCM-c3fba86aca7dd20073f23965""]"
TAG-ffd9538278aaf2e060fbcb6f,ROOTCOMP-3eda3149423939ba61d15625,institutional_channel,budget_pay_plan_process,bounded event evidence and corrected compensation metadata,"[""WCM-a0b79b978724ed539863f430"",""WCM-e86cb7dc20d75bde3a110874""]"
TAG-40463739369b6677acdf04ec,ROOTCOMP-3f51141fe3f50c8f17797774,institutional_channel,budget_pay_plan_process,bounded event evidence and corrected compensation metadata,"[""WCM-4d19f56765eae4bfbd5f34d5"",""WCM-744c9626cb2b9ebc26799559"",""WCM-7da78d280f67cb5f09d1d344"",""WCM-d8861efdc5518cc8fdd67ad2"",""WCM-d8f2487f1fdd118c0a799821"",""WCM-deb438d3a3e9ff01ff2032ee"",""WCM-df6715f8c88380038482c564"",""WCM-f76671d056c5b652e23a4add""]"
TAG-5c5ee684a013049a25d3b476,ROOTCOMP-ffb9476a92bab7fd487418d1,institutional_channel,budget_pay_plan_process,bounded event evidence and corrected compensation metadata,"[""WCM-e79ae86ae9f4e8ab62f7bd5f""]"
TAG-ef1c1db820812d370b9ce945,ROOTCOMP-74af88acd36261d67f2a1692,institutional_channel,budget_pay_plan_process,bounded event evidence and corrected compensation metadata,"[""WCM-c39404b7b833714e24cea422""]"
TAG-b756d010235ecbcb93e479b0,ROOTCOMP-7c4dbc360ccef451041a440c,institutional_channel,none_identified,bounded event evidence and corrected compensation metadata,"[""WCM-360dec3e5460337de2dde092""]"
TAG-f3724647bb8474b15cbf9853,ROOTCOMP-7df99589cf964920a7a68845,institutional_channel,none_identified,bounded event evidence and corrected compensation metadata,"[""WCM-6d0b477c0f9831305cc16699""]"
TAG-fc2728db371bf0e379205b1b,ROOTCOMP-181942299a05ae70531253e1,institutional_channel,none_identified,bounded event evidence and corrected compensation metadata,"[""WCM-1c37f556ba75a01df0807b57""]"
TAG-72abcb45bf8cfd11310474c4,ROOTCOMP-816b067668f7c8c570707c44,institutional_channel,budget_pay_plan_process,bounded event evidence and corrected compensation metadata,"[""WCM-b4613eab09afdab18b44551f""]"
TAG-9afd455e05a62180dd79c125,ROOTCOMP-77b0b849c7ae282d4484cb6b,institutional_channel,budget_pay_plan_process,bounded event evidence and corrected compensation metadata,"[""WCM-71ed098b15872922eb9b0025""]"
TAG-dc232d7370ed6adc5eb5de9a,ROOTCOMP-b35ed9fe77cf1b7e1c68e527,institutional_channel,budget_pay_plan_process,bounded event evidence and corrected compensation metadata,"[""WCM-24c6e66e38f0015cc9a37989""]"
TAG-85b872cba6614ffb88bd87cc,ROOTCOMP-356a41891dbb83dc4376c461,institutional_channel,budget_pay_plan_process,bounded event evidence and corrected compensation metadata,"[""WCM-d874614b612e3e6900d6bc12""]"
TAG-2846297847572db2328b8d01,ROOTCOMP-1404bbb07dd263d11d7ec11b,institutional_channel,none_identified,bounded event evidence and corrected compensation metadata,"[""WCM-049009d5596bf248505dccc9"",""WCM-43b23e41b036a37405fc8b89""]"
TAG-9f12effe829d3862d61a9151,ROOTCOMP-693da716fafd5c5b23f1ab47,institutional_channel,none_identified,bounded event evidence and corrected compensation metadata,"[""WCM-be7258ebbea80d7d390abb78""]"
TAG-683e31b43e23e597cde4d4c3,ROOTCOMP-5d3362f16b6ac96bfb2b9c5f,institutional_channel,none_identified,bounded event evidence and corrected compensation metadata,"[""WCM-276cfa4c60eab5ea94d80415"",""WCM-5b3bc53c8a27f4f530b178f4"",""WCM-877a78c32c6c163aac8949a3"",""WCM-bdaa1b04718c799b7e8e1f68""]"
TAG-67a88165ece9316ed47ca7dc,ROOTCOMP-343ad101c6a15937a8582ea1,institutional_channel,none_identified,bounded event evidence and corrected compensation metadata,"[""WCM-e8e95b8309c4badf9d53ade3""]"
TAG-e2ac51f6d3d3c0f70a97a655,ROOTCOMP-26b52aa49fc2953fc9574217,institutional_channel,none_identified,bounded event evidence and corrected compensation metadata,"[""WCM-53ff0cc36224eabb75fad17e""]"
TAG-adf3d5c294732aab07d59d14,ROOTCOMP-8b59357003c493bac2ed5f74,institutional_channel,none_identified,bounded event evidence and corrected compensation metadata,"[""WCM-92c9755396081dfa509d90b4""]"
TAG-e637e1fe6cdc8520c04e2b8a,ROOTCOMP-215a2ea87a7ba0d9950d65a1,institutional_channel,none_identified,bounded event evidence and corrected compensation metadata,"[""WCM-08e294a228243902de96f767"",""WCM-81ee5ec904f2df3f34d1d7af""]"
TAG-e108677b98a8fc3fee6e7576,ROOTCOMP-6a0dcd72b36dbbde7a577cba,institutional_channel,none_identified,bounded event evidence and corrected compensation metadata,"[""WCM-37d6b4b2a8cbb53c91f03393""]"
TAG-61e857f1995a1ea83a944766,ROOTCOMP-e0ca716ca178cd0404961e3e,institutional_channel,none_identified,bounded event evidence and corrected compensation metadata,"[""WCM-ef273325661dbff4a451dabd""]"
TAG-7eae44f73567435e55c605fd,ROOTCOMP-a381d2ee0018f8be91653b6c,institutional_channel,budget_pay_plan_process,bounded event evidence and corrected compensation metadata,"[""WCM-45a6396449766678fecc9116""]"
TAG-48c5e88017a8cbf634b30a42,ROOTCOMP-d96cc408faa945e239d643d4,institutional_channel,none_identified,bounded event evidence and corrected compensation metadata,"[""WCM-20bc3a82effca40ed49dbc8b"",""WCM-b9604668ce1e547c558c11d3""]"
TAG-3ebcec80f8bebd0904ec672a,ROOTCOMP-9cfeeaf38ae08fae5c8ce8c1,institutional_channel,none_identified,bounded event evidence and corrected compensation metadata,"[""WCM-c187392b5b57e5af797ce9e1""]"
TAG-0b481885efadd8c2e8addd9a,ROOTCOMP-8e37ddca1d8411133ba48577,institutional_channel,none_identified,bounded event evidence and corrected compensation metadata,"[""WCM-2e78be8e769ad27aa1d09527"",""WCM-9054eed78d475ef0dd5675f1"",""WCM-9c207c9c604a32c4a7262415"",""WCM-e9893e0e717582df84a31075""]"
TAG-27798c15b242dca19e53cec3,ROOTCOMP-9a1d085d7d6f729299a221fc,institutional_channel,none_identified,bounded event evidence and corrected compensation metadata,"[""WCM-632d6a25327d5f4163a05f09"",""WCM-80f385c16b4ca8db16cccef8""]"
TAG-e9cde202a1cee5ea3fafcef3,ROOTCOMP-005d0f260ac3971b752ccaab,institutional_channel,none_identified,bounded event evidence and corrected compensation metadata,"[""WCM-642718e5f79db75d882da0b3""]"
TAG-684f06c8bec941a8198dad45,ROOTCOMP-f7f5d98df2c7f0d0725e2a1e,institutional_channel,budget_pay_plan_process,bounded event evidence and corrected compensation metadata,"[""WCM-487d1eaaa4c80cdfbe7173a4"",""WCM-b7d888589c2012105d0c2fd7"",""WCM-d76fa9e225f25bca4b879875""]"
TAG-677b39a9bebf8afd068b6e04,ROOTCOMP-e47f540f4f2accc3007864c7,institutional_channel,budget_pay_plan_process,bounded event evidence and corrected compensation metadata,"[""WCM-43e0725e83b6e3fe0cd456d2""]"
TAG-723ab847e490761a226b9bd3,ROOTCOMP-53b2c847d6fff629a0a913ea,institutional_channel,budget_pay_plan_process,bounded event evidence and corrected compensation metadata,"[""WCM-0396296e9e6d2a2e42b59dc3"",""WCM-2aded406d6fc2faba2bd88a9"",""WCM-31abe8816ca974177138048f""]"
TAG-ba19c51787c14e32a2ae5237,ROOTCOMP-aab3d2fe5733e5d80c2c3ce7,institutional_channel,none_identified,bounded event evidence and corrected compensation metadata,"[""WCM-b93864628dcb6afda01cc2aa"",""WCM-e1cece3682ed62f871dc4dab""]"
TAG-5b713a87ab0fffbb4bf46528,ROOTCOMP-d79f1c4667975b98f045df54,institutional_channel,none_identified,bounded event evidence and corrected compensation metadata,"[""WCM-1f57efb8cc2b6dfb198cb0a0"",""WCM-ec521312fdad10c6e03adc14""]"
TAG-5e4757a3a14c0fbca64cead1,ROOTCOMP-078327dcba6e57adf7a3987a,institutional_channel,none_identified,bounded event evidence and corrected compensation metadata,"[""WCM-ae03f4924295857f33436521""]"
TAG-e9419061668340a44e58e414,ROOTCOMP-72864e6377069bf7d28c2275,institutional_channel,none_identified,bounded event evidence and corrected compensation metadata,"[""WCM-730918f77b6ca61587176674""]"
TAG-b8af8f363b85f2a51f0ca969,ROOTCOMP-8a8bed7cf100a8f84f59ae3d,institutional_channel,none_identified,bounded event evidence and corrected compensation metadata,"[""WCM-5e11d6d2c4ceb6de54f999b3"",""WCM-e25f5038e1c87b4e854940af""]"
TAG-74eeb0a3bd5b33ced60326ac,ROOTCOMP-37702b03b9f79d15641d7e21,institutional_channel,budget_pay_plan_process,bounded event evidence and corrected compensation metadata,"[""WCM-26e23202dd80d758318ae929"",""WCM-4682ab7edcc482d1627ae8c4"",""WCM-9493256e8e1b877811b845f2"",""WCM-9ac36e5dfc463237280f3c0b""]"
TAG-dfb14c4a36c0224b642da13f,ROOTCOMP-8c172a5ff5d37281333de0be,institutional_channel,none_identified,bounded event evidence and corrected compensation metadata,"[""WCM-bfc355cea921c87998fc6c34""]"
TAG-ce619f9296d1bc86b88379bb,ROOTCOMP-10cc33e59d00415119009d2c,institutional_channel,budget_pay_plan_process,bounded event evidence and corrected compensation metadata,"[""WCM-0c2852804368f4a71b780647""]"
TAG-29f83451df109f794931288e,ROOTCOMP-556a16461016dd4418150747,institutional_channel,none_identified,bounded event evidence and corrected compensation metadata,"[""WCM-ac6743b1f4efc831dc036725""]"
TAG-f56425fd941f1715c20262c6,ROOTCOMP-8fb40a0f0dcd33782b6bbbf0,institutional_channel,none_identified,bounded event evidence and corrected compensation metadata,"[""WCM-da4e3d82071140941f96acd4""]"
TAG-0d87387a233c94c7bdc2d1ba,ROOTCOMP-bea0bcd322d04a0c34df8b93,institutional_channel,none_identified,bounded event evidence and corrected compensation metadata,"[""WCM-18e2d7a7ede67190e0f0c5e7""]"
TAG-e9515f71be3fd1543c36b079,ROOTCOMP-7b0374aebd53f20879709fb8,institutional_channel,settlement_or_mou,bounded event evidence and corrected compensation metadata,"[""WCM-32c593a706d0ec6455134177"",""WCM-57af1fc923d95c5dd5742bff"",""WCM-8667975b64493970338a4132"",""WCM-aaef05f57b35349d961528bf""]"
TAG-db30f0431b223698988ed520,ROOTCOMP-0f194b357be80cecee50bdf2,institutional_channel,none_identified,bounded event evidence and corrected compensation metadata,"[""WCM-0547023e5284e35a8546a519""]"
TAG-fc85e828d8154080bd4f6c83,ROOTCOMP-d7ccfbda4c41a8de9d111229,institutional_channel,none_identified,bounded event evidence and corrected compensation metadata,"[""WCM-535cfe2132081aec128826d5""]"
TAG-e4d9a89fe1c18e6f48ba43e8,ROOTCOMP-984a6aff29187e82e175f880,institutional_channel,none_identified,bounded event evidence and corrected compensation metadata,"[""WCM-1e0a83643bcda727ee782832"",""WCM-e53b4aff3062eb7aa71e62d2""]"
TAG-60c49d05aa5112371313e1bd,ROOTCOMP-95f24cd7456e0d2e19f3b552,institutional_channel,none_identified,bounded event evidence and corrected compensation metadata,"[""WCM-85c62dd0ef414b3fe2e0d107"",""WCM-a24e4e0a564f14536ac2cf73""]"
TAG-30b3954be03dc7602ad8628e,ROOTCOMP-b12b0d0b6636720fa9a563f8,institutional_channel,none_identified,bounded event evidence and corrected compensation metadata,"[""WCM-47ebb81abeddfa24f9b2e6b2"",""WCM-8ccfd159db09389de569fde2""]"
TAG-1a9baa13bb1e77ee3b4aeb81,ROOTCOMP-8b5e0fa7a8fa01532413a39c,institutional_channel,budget_pay_plan_process,bounded event evidence and corrected compensation metadata,"[""WCM-bf3918e3b0531da2301fb657""]"
TAG-6cc204c024d6c8ec0e5bdb28,ROOTCOMP-87ee6ac8dc2ec32cea0f13e7,institutional_channel,budget_pay_plan_process,bounded event evidence and corrected compensation metadata,"[""WCM-eb2cf4365262879f3fa9358f"",""WCM-ed457be0da980c69dea9f3ac""]"
TAG-89f1f04876cceec00ab70885,ROOTCOMP-c3e4e0e438743f763d4d98aa,institutional_channel,classification_civil_service,bounded event evidence and corrected compensation metadata,"[""WCM-043b1b3437081f2c0deede31"",""WCM-f1b8f12a45ea74e90b88f403""]"
TAG-c696f657b4594449bede0536,ROOTCOMP-1eeb9b556d551d6ce3e58975,institutional_channel,none_identified,bounded event evidence and corrected compensation metadata,"[""WCM-5d5aac52cc87bae8cf7469a1""]"
TAG-a52162f2d58336b581923353,ROOTCOMP-bc811b6ee33bfa9ab9e657fc,institutional_channel,none_identified,bounded event evidence and corrected compensation metadata,"[""WCM-de0ad0d2520f4ecdb3b32904""]"
TAG-3f3cd10cc735ac2be0312822,ROOTCOMP-ad90b5f4105e143894307a44,institutional_channel,none_identified,bounded event evidence and corrected compensation metadata,"[""WCM-a56dc548e02046789c447576""]"
TAG-38ba37db3057aba72fb333cc,ROOTCOMP-982e69e9514de830ff0e5f17,institutional_channel,none_identified,bounded event evidence and corrected compensation metadata,"[""WCM-d62be1203885247842c1fd9d"",""WCM-ffa71fedb1ff5edb9e3019f6""]"
TAG-99ef0e7c02d13c0e99920bcc,ROOTCOMP-437152505fbbaa010b5169c6,institutional_channel,none_identified,bounded event evidence and corrected compensation metadata,"[""WCM-bb9243bde6ec67c195e73f05""]"
TAG-0b9d9697f6b363f21770b7e2,ROOTCOMP-f30594acaad9c459f43fe3bd,institutional_channel,budget_pay_plan_process,bounded event evidence and corrected compensation metadata,"[""WCM-c25b63c478604dc36879b321""]"
TAG-71680aaf22edaeae831cc506,ROOTCOMP-535b5201a68f42629b8c49e1,institutional_channel,none_identified,bounded event evidence and corrected compensation metadata,"[""WCM-f6ca49157c44cbdd74cc2922""]"
TAG-6a16ad2b13ced50e8d82a6e5,ROOTCOMP-3639ff8a9b58a5305530ad67,institutional_channel,none_identified,bounded event evidence and corrected compensation metadata,"[""WCM-238071e051f4c5a5d0abcf5a""]"
TAG-81089f4ea7b5664adf55ccbd,ROOTCOMP-e58419bd76e4e4d803ca34ba,institutional_channel,none_identified,bounded event evidence and corrected compensation metadata,"[""WCM-c0e7826d6528cfcaa3c143f2""]"
TAG-a06e400b84b6bbdd91186a6b,ROOTCOMP-18c625c02c99e7bfe576214c,institutional_channel,none_identified,bounded event evidence and corrected compensation metadata,"[""WCM-26642606bb692f18cf9727ed"",""WCM-d868de6bb9a1710cf11b95ba""]"
TAG-e7611eabf9f43d765d2cc3a5,ROOTCOMP-655a698b9def728a3e4acbbf,institutional_channel,none_identified,bounded event evidence and corrected compensation metadata,"[""WCM-b7a8e05460b0650eef4cfd00""]"
TAG-a4c06ba564c05b1c9cad5027,ROOTCOMP-e51d901e4ef824a61e1789cf,institutional_channel,none_identified,bounded event evidence and corrected compensation metadata,"[""WCM-364e0024af43ef0eda9ec09d"",""WCM-b64e3d4ab1cffe0b61cab9f0""]"
TAG-edccba3e05503f427c4fae5c,ROOTCOMP-e19e690778128e0aad4ebcf5,institutional_channel,none_identified,bounded event evidence and corrected compensation metadata,"[""WCM-5ad74a5806ca078500031f04""]"
TAG-cfe7041277fe96589dfbe34a,ROOTCOMP-34e3278ac9ba82dd3647a747,institutional_channel,none_identified,bounded event evidence and corrected compensation metadata,"[""WCM-45a5cf2d811f9f4a85ef9aa4""]"
TAG-7ac584d2892848eaca8642dc,ROOTCOMP-e98a79ed15557146c227b009,institutional_channel,none_identified,bounded event evidence and corrected compensation metadata,"[""WCM-d23a37fa18f5ffdd987b802e""]"
TAG-5c306c4ed2853162cf672f50,ROOTCOMP-db143a0a2f61c0aa1287c075,institutional_channel,none_identified,bounded event evidence and corrected compensation metadata,"[""WCM-2d0d96c55aee508a97befe3c"",""WCM-f63bdabe393cb6d34afb30fb""]"
TAG-e6e0d6f1fada6fa592b0962f,ROOTCOMP-0dfa4bc20c32ea3c7fb16bc6,institutional_channel,none_identified,bounded event evidence and corrected compensation metadata,"[""WCM-d910a1cce5de68a3346e9f1f""]"
TAG-5c3cd659cc398fee4fac82e7,ROOTCOMP-942ba20eaafdf4e2ac0ca10b,institutional_channel,budget_pay_plan_process,bounded event evidence and corrected compensation metadata,"[""WCM-05d5b5281679785b1af7d316"",""WCM-d8f1958a4a753a49f4cab5b6""]"
TAG-bb807c96285bb8766098e45c,ROOTCOMP-eff13273bbea488f5b43cb47,institutional_channel,classification_civil_service,bounded event evidence and corrected compensation metadata,"[""WCM-d09d2bc37e92b3f7d7b9010b""]"
TAG-7b41b73e86cbb9dfbc75fb6d,ROOTCOMP-b52a7572760ebbcdcc2dccae,institutional_channel,none_identified,bounded event evidence and corrected compensation metadata,"[""WCM-d0a9242e0660f47a1251bcb7""]"
TAG-c4dea70ae259d89bda989f4b,ROOTCOMP-5abfbd4754b1069cb36323d4,institutional_channel,none_identified,bounded event evidence and corrected compensation metadata,"[""WCM-5b5d76989acc7f370c750fc9"",""WCM-ef5786f9d036419e37ed7705""]"
TAG-f39894b0750155d8c0a12689,ROOTCOMP-6b8221b88edb131473a48bf7,institutional_channel,none_identified,bounded event evidence and corrected compensation metadata,"[""WCM-04fafc4fa47c29ec2fea5eea"",""WCM-556933293d5664ee58e6acec"",""WCM-9ac90a46a5b518f0b842a926"",""WCM-b06b51fd98a04c5a0067752c""]"
TAG-e23ac4245d1f9c3221af8919,ROOTCOMP-529790adf3399f37f357e2a6,institutional_channel,settlement_or_mou,bounded event evidence and corrected compensation metadata,"[""WCM-94716d7e0dd3f6ce82639463""]"
TAG-4782033c05c8126b67eabaa1,ROOTCOMP-4523d76deae21b953eebd85a,institutional_channel,none_identified,bounded event evidence and corrected compensation metadata,"[""WCM-af59cfa104ab72c926ce93b8""]"
TAG-543e0b07bbb8097a6886afe6,ROOTCOMP-eb31283fcc021b5bf7f9dfb4,institutional_channel,none_identified,bounded event evidence and corrected compensation metadata,"[""WCM-2c40e5344e273fa1b3a2031b""]"
TAG-717f3ed728373b440c68e1e9,ROOTCOMP-0040ba014d5938c90d7d2dec,institutional_channel,none_identified,bounded event evidence and corrected compensation metadata,"[""WCM-732d6cff36e18c5dd7d567e9""]"
TAG-3d4feaa4b2dc63d62568f9d1,ROOTCOMP-4094403b2713dc68e66e841f,institutional_channel,none_identified,bounded event evidence and corrected compensation metadata,"[""WCM-ace9f16605b6b5a9fd92a6ee""]"
TAG-2cf3861002ecb12fa858e178,ROOTCOMP-6c5dabc59662f5b1b895c601,institutional_channel,none_identified,bounded event evidence and corrected compensation metadata,"[""WCM-82fa23c2710a6a69b975cf3d""]"
TAG-8848f315efb6bb55e50f1d37,ROOTCOMP-fb7fc5718b60439b1cdf617a,institutional_channel,budget_pay_plan_process,bounded event evidence and corrected compensation metadata,"[""WCM-db80112a9ac2de1c5b6844b0""]"
TAG-9d31e805c99e4ddeb23a4308,ROOTCOMP-1bd891149c93994d270e1ff2,institutional_channel,budget_pay_plan_process,bounded event evidence and corrected compensation metadata,"[""WCM-78fa69502f00481d91aca5d6""]"
TAG-dfdab10fd4f6ad4ced1a9cad,ROOTCOMP-e85484f23221c18f536fce79,institutional_channel,budget_pay_plan_process,bounded event evidence and corrected compensation metadata,"[""WCM-a4a565f8c291eb960317bd4c"",""WCM-b0f13e225849daf0bad9a3c5"",""WCM-c373ba06b4bf39ba8810b739""]"
TAG-36f769a541d2c7a751367c93,ROOTCOMP-eccbea1962ad0db5710453f8,institutional_channel,none_identified,bounded event evidence and corrected compensation metadata,"[""WCM-203e9a78454bcc33b6b8807e""]"
TAG-37f43e20e85a7b62a3f11abc,ROOTCOMP-462aed5cd076445a3f649c83,institutional_channel,budget_pay_plan_process,bounded event evidence and corrected compensation metadata,"[""WCM-08f9c400bd000a1da054159a"",""WCM-42eb800831f61a41e7edbfce"",""WCM-54a69cbb4b83c87b0410e0ee"",""WCM-86dd65d0d5e97fd7f1238440"",""WCM-8b3755e523c7adce0f45f989"",""WCM-f0f29a2623f0e2810ced6430""]"
TAG-1e0faa5d5a8722bb9997ed77,ROOTCOMP-d037b2a6caf307544df28327,institutional_channel,none_identified,bounded event evidence and corrected compensation metadata,"[""WCM-9f0e94d6ffadcca1ce69de62""]"
TAG-8a6945f1ac196544a5e81ce9,ROOTCOMP-e44d6359e2159fae6f83af08,institutional_channel,none_identified,bounded event evidence and corrected compensation metadata,"[""WCM-b9a42844456af3520d285746"",""WCM-bdfc315173d924835752f9de""]"
TAG-e6fd2057eba4a8db261e3749,ROOTCOMP-9c87230e08a05e41a543fcd5,institutional_channel,budget_pay_plan_process,bounded event evidence and corrected compensation metadata,"[""WCM-331f3fb3fd742f22fca1c9a3"",""WCM-fe8aee5591bb9ac235c72b8b""]"
TAG-74211a90ee68af48bf610eff,ROOTCOMP-4cbb3b736cebab138fab6c5a,institutional_channel,budget_pay_plan_process,bounded event evidence and corrected compensation metadata,"[""WCM-552eba2e1c6d81b6b4e64702"",""WCM-7fc3de3b5198922365542614""]"
TAG-6662f4f46e48553b59099eb3,ROOTCOMP-39e286705be3a74dd2dd4169,institutional_channel,budget_pay_plan_process,bounded event evidence and corrected compensation metadata,"[""WCM-468728f2abc23ee2d2f84bab"",""WCM-5f1b06eaec6619b27199d702"",""WCM-9ec087f2b3a66bc36568ccfb""]"
TAG-554990298ad39cbc65e0a67b,ROOTCOMP-e54551c6b5476d79f0b38ee6,institutional_channel,none_identified,bounded event evidence and corrected compensation metadata,"[""WCM-f3ac8036b0f51199f599d555""]"
TAG-6421cd131cd884e8e21087ff,ROOTCOMP-7bcb87669feee07cc26482d4,institutional_channel,none_identified,bounded event evidence and corrected compensation metadata,"[""WCM-395041598be78878e49e7452"",""WCM-6157832bf894f36db7d27e2a""]"
TAG-f8405ca59adca93477617ca9,ROOTCOMP-4f4d06c06d05faf550aaaaab,institutional_channel,none_identified,bounded event evidence and corrected compensation metadata,"[""WCM-a44fd29f9975fff4ba5980d1""]"
TAG-c8401456f4496bea67608cde,ROOTCOMP-adde1d06ed36333a2ae875ab,institutional_channel,none_identified,bounded event evidence and corrected compensation metadata,"[""WCM-22ab3820c3ea03c512177df4"",""WCM-47a4a7524c16151db457dc6c"",""WCM-aefc1f76b67b904682839dcd""]"
TAG-86c2b5370830ce7758748926,ROOTCOMP-d3819a28e63f9e2e89afe027,institutional_channel,none_identified,bounded event evidence and corrected compensation metadata,"[""WCM-a62eabf52eb01bee2a942584""]"
TAG-1941655f08ae5c97f73d0890,ROOTCOMP-80dad6a1fb18c04bf9e6d54e,institutional_channel,none_identified,bounded event evidence and corrected compensation metadata,"[""WCM-5fa2a48b28943ef1fa0e166b""]"
TAG-1abc3f0d43c5e49e47a92320,ROOTCOMP-53b00a9e9f30e9aa0e8a9b39,institutional_channel,none_identified,bounded event evidence and corrected compensation metadata,"[""WCM-fc023b92db3ee789aeb40e76""]"
TAG-712ebb00c3e9417fdd9282af,ROOTCOMP-bb78bf5362c9ba73c3f32ebc,institutional_channel,none_identified,bounded event evidence and corrected compensation metadata,"[""WCM-7414caf73394181e841262fe""]"
TAG-59928ffde0036a17f86da20e,ROOTCOMP-d3b50d18b9664fe74d875ce2,institutional_channel,none_identified,bounded event evidence and corrected compensation metadata,"[""WCM-5c1633d597ea722453dfefef""]"
TAG-906faee81cb65856dcddb084,ROOTCOMP-acd182e5b46973b65740685f,institutional_channel,none_identified,bounded event evidence and corrected compensation metadata,"[""WCM-8d6eaecc37cb1bca81d0a6ad""]"
TAG-76092e1ba46bc3dad686915e,ROOTCOMP-bfefed673e58bd986d53b770,institutional_channel,none_identified,bounded event evidence and corrected compensation metadata,"[""WCM-1a5b90122dc40f14224c1bfb"",""WCM-5f2264b83cc8648356f6627f""]"
TAG-ca72db8141b43c74075359d0,ROOTCOMP-c85b8011afb2edacf7e87e30,institutional_channel,none_identified,bounded event evidence and corrected compensation metadata,"[""WCM-3015a3fc1b4797e8eb59ad4d"",""WCM-a84f67c3339548cc370561e5"",""WCM-e1bcc0243937360d883994e7""]"
TAG-ae2beaada272a1c200c9338d,ROOTCOMP-75f3cb457a8cc59bb5417ad6,institutional_channel,ordinance_council_adoption,bounded event evidence and corrected compensation metadata,"[""WCM-1d0d7b703df2023f58a7860e""]"
TAG-3b2cc33c00219d33736ffd9d,ROOTCOMP-a8801e672fee6e6ee4c308f4,institutional_channel,none_identified,bounded event evidence and corrected compensation metadata,"[""WCM-8135e0a5507fb02580422377"",""WCM-ef97c6072668e545c7b3892b""]"
TAG-334cb1cced167ddf9f629ecf,ROOTCOMP-017db9ccdf213fbe26714d13,institutional_channel,none_identified,bounded event evidence and corrected compensation metadata,"[""WCM-46b1ce54c7a24fa9bae98b9e"",""WCM-9bdfd2898d223739e9e58631""]"
TAG-e5ba900bbd43f4bcfa4e0a0f,ROOTCOMP-3047d926aac06d3ada9ad59e,institutional_channel,none_identified,bounded event evidence and corrected compensation metadata,"[""WCM-3e6fbab5be73166c83f441e1""]"
TAG-85d4a31505128fa04453a735,ROOTCOMP-fcb026bf1a9030066b607435,institutional_channel,none_identified,bounded event evidence and corrected compensation metadata,"[""WCM-170f55fd78f310c1576df736"",""WCM-d04f36e9e851cf56b89ce411"",""WCM-f409d411dce7ddbd194d3261""]"
TAG-6dfa0a2cde84fe67786d1f4c,ROOTCOMP-7411df0b2a4a8d5b9dfe45d0,institutional_channel,none_identified,bounded event evidence and corrected compensation metadata,"[""WCM-dbcdf76d2706fd36f13fdd4f""]"
TAG-93a11181eb80229a2602169d,ROOTCOMP-4e913b99b072d14d1fdfa847,institutional_channel,budget_pay_plan_process,bounded event evidence and corrected compensation metadata,"[""WCM-5044feacf1c4866e8a845ad6"",""WCM-7d4a45723e570fd822fa4992"",""WCM-cf3343597f0e37a61da08aee"",""WCM-d9aa015ee3f28bdfb545f3e5""]"
TAG-f46216c59cfc5aed6e6ad530,ROOTCOMP-76a1136309ba167b83a659fd,institutional_channel,none_identified,bounded event evidence and corrected compensation metadata,"[""WCM-bfd26cf66a08f92990b32981""]"
TAG-0be8428d03823c1300a47d7e,ROOTCOMP-a8dd983ebf12a5617764fd9b,institutional_channel,none_identified,bounded event evidence and corrected compensation metadata,"[""WCM-12be5533d6ff020f8e1a18ad""]"
TAG-c03336f311a305624c3894a3,ROOTCOMP-9968ed8801a13658709543d2,institutional_channel,none_identified,bounded event evidence and corrected compensation metadata,"[""WCM-29984b218aead7f88883d5f4""]"
TAG-f15fdfd084346b350ec50098,ROOTCOMP-0e3f4a6273f5bcf041097897,institutional_channel,budget_pay_plan_process,bounded event evidence and corrected compensation metadata,"[""WCM-794057979b669796ab710338"",""WCM-f00c2096477a8892d0e679db""]"
TAG-52f14a38a0974f44e64ae221,ROOTCOMP-8642c3489717e39b9b0d6e23,institutional_channel,budget_pay_plan_process,bounded event evidence and corrected compensation metadata,"[""WCM-2dfdde274090723366d99062""]"
TAG-11d4779756a3004bd4a0f9b1,ROOTCOMP-9c3377de280fda265725f667,institutional_channel,none_identified,bounded event evidence and corrected compensation metadata,"[""WCM-80b5f2ffce2faf809ded5d94""]"
TAG-dc0d86d62de00703ebdab5fb,ROOTCOMP-6b9726538aed4837acd5042a,institutional_channel,budget_pay_plan_process,bounded event evidence and corrected compensation metadata,"[""WCM-95d97bdcf37be30127d97ce5"",""WCM-fb0c7ab0dd32dbe5654e3d42""]"
TAG-7ea6b41bcb745fc46fab5a3e,ROOTCOMP-a3f5dabdbe69cc88655af505,institutional_channel,none_identified,bounded event evidence and corrected compensation metadata,"[""WCM-1ca42e967f3c8cbedc6631fe"",""WCM-e46ba1c6025230930bfc151b"",""WCM-f0e48696b291fe77fed0fac6""]"
TAG-7a35487eabee929c114bfa51,ROOTCOMP-28ff8270ca2499e9d0ce1abd,institutional_channel,none_identified,bounded event evidence and corrected compensation metadata,"[""WCM-2d3f0b9b51c462dc23a54be0"",""WCM-6a3e547ee59b4f70c57fcfb5""]"
TAG-5c9361d9fc36097fb9aa90b2,ROOTCOMP-fe50a677eafd1db76238fba4,institutional_channel,none_identified,bounded event evidence and corrected compensation metadata,"[""WCM-4fb35376e5579e6240692fd4"",""WCM-adc2272bc533d73ba8fceed4""]"
TAG-11b8ec8c300fda567ce5aad6,ROOTCOMP-328ddf809c19d290c364cda9,institutional_channel,none_identified,bounded event evidence and corrected compensation metadata,"[""WCM-b0e421b9fd05343aadeb6f3f""]"
TAG-e7bde016e618e43a94377563,ROOTCOMP-5a8db580763222ff0256c8da,institutional_channel,budget_pay_plan_process,bounded event evidence and corrected compensation metadata,"[""WCM-b7af3cf854d220e8080ea325""]"
TAG-356b31ac5ecdef3535d40962,ROOTCOMP-b50f3ad7bc05115c212d80f1,institutional_channel,settlement_or_mou,bounded event evidence and corrected compensation metadata,"[""WCM-e24920b4b19435ac9dc048b9""]"
TAG-fb90f416e7bbed970fcf45b4,ROOTCOMP-db3738f258cc25bdf1a70716,institutional_channel,none_identified,bounded event evidence and corrected compensation metadata,"[""WCM-35e1669adf2912418251431b"",""WCM-f715a38ef43494ead6cc2e82""]"
TAG-8fabb8471989f744aa7dfc06,ROOTCOMP-a96407adb732c45baac21d47,institutional_channel,none_identified,bounded event evidence and corrected compensation metadata,"[""WCM-aca5829c028f396f0e6e3694""]"
TAG-bea6512a24996741b1259987,ROOTCOMP-46c8a84fd4822bb433fb7cdd,institutional_channel,none_identified,bounded event evidence and corrected compensation metadata,"[""WCM-9750e12d517a47db798be5c9""]"
TAG-619719b3b3eb9e601951cec0,ROOTCOMP-37f37d0994d4f2ddef78fdf5,institutional_channel,none_identified,bounded event evidence and corrected compensation metadata,"[""WCM-84191083c22507c6ed9cb622""]"
TAG-d21bef437483be6168e8666d,ROOTCOMP-f0dda61f3704c3b4eb8f42f1,institutional_channel,none_identified,bounded event evidence and corrected compensation metadata,"[""WCM-538e674421dffbe6283a76c9""]"
TAG-b74cb36aeccde07d3c26825c,ROOTCOMP-f72824b6e50f7b2add3921e5,institutional_channel,settlement_or_mou,bounded event evidence and corrected compensation metadata,"[""WCM-ec79d6822df846578da86d38""]"
TAG-51e9ee39e6089d6b61750380,ROOTCOMP-2d558caeeac1c94d37806fa2,institutional_channel,none_identified,bounded event evidence and corrected compensation metadata,"[""WCM-bb88877968a3861fedc46885""]"
TAG-ec0640ed1adf1568493ef0af,ROOTCOMP-fe5f05512e211eee4c35a7bb,institutional_channel,none_identified,bounded event evidence and corrected compensation metadata,"[""WCM-3f8b5784e2cb64ecb650bf41"",""WCM-ba14525c63a06ac40b25f621"",""WCM-fbbcfb11fba4d5617a6cc315""]"
TAG-b076a8f6487eccb9e5e70c14,ROOTCOMP-627b7f1e99339647cc238779,institutional_channel,none_identified,bounded event evidence and corrected compensation metadata,"[""WCM-16f7c2d49dece4ddb572ec29"",""WCM-ac93d81e0785d7964b545e35""]"
TAG-2b3a117b56eec41756bee187,ROOTCOMP-64e90c50de5f0b4a55ddf85a,institutional_channel,none_identified,bounded event evidence and corrected compensation metadata,"[""WCM-e1bcb63a2aa769e48597abd0""]"
TAG-16cf1c8840c53d4336c1d1ef,ROOTCOMP-5e32651c8e789f355dfc1e2d,institutional_channel,none_identified,bounded event evidence and corrected compensation metadata,"[""WCM-716549ee40dade8562ea122e"",""WCM-801b10479cfb5f2aff286304""]"
TAG-3fa3df94c67f632f032f2e32,ROOTCOMP-3fa55d2fd4bcc4d24dd37438,institutional_channel,none_identified,bounded event evidence and corrected compensation metadata,"[""WCM-6f7fbb2381c580f64b1f6d05""]"
TAG-187bf17415aa501df74cc9ca,ROOTCOMP-7bb66b99809de1abe08670ef,institutional_channel,none_identified,bounded event evidence and corrected compensation metadata,"[""WCM-1d2a20039ae65f2391ac9c56""]"
TAG-3d1a84f15df3dacc3f17d46b,ROOTCOMP-eea0c46f158b033249b37eae,institutional_channel,none_identified,bounded event evidence and corrected compensation metadata,"[""WCM-c1e532b9f582a04d0aa6abad""]"
TAG-dbaafe49a2a583526269738d,ROOTCOMP-43d2f90fe2f83fab1da43390,institutional_channel,none_identified,bounded event evidence and corrected compensation metadata,"[""WCM-fccbc587e5c66f57d4d8da09""]"
TAG-c1bc84c83417113ce09a7053,ROOTCOMP-d54d3175ac9193526f949b2d,institutional_channel,none_identified,bounded event evidence and corrected compensation metadata,"[""WCM-973cf0d6e6cd75a551bdaac4""]"
TAG-c21f3e927db0eea864fb26ec,ROOTCOMP-7bb037d51ae84a7bd9fd18e5,institutional_channel,none_identified,bounded event evidence and corrected compensation metadata,"[""WCM-09dce3b58dcd3039d8538df0""]"
TAG-8717cf7432636db88662e2de,ROOTCOMP-e1a5f448d8982bee17be66ef,institutional_channel,none_identified,bounded event evidence and corrected compensation metadata,"[""WCM-0640a5004d37a216f6761624"",""WCM-271a883ada0703f32d6e0a5f"",""WCM-4c7131d6b4b2481f5eff0e21"",""WCM-9cb069eb141cb2ebc6b129e1""]"
TAG-559144fe052ebf91be18cd0c,ROOTCOMP-e578b014cd4159319993a086,institutional_channel,none_identified,bounded event evidence and corrected compensation metadata,"[""WCM-b9a22d8b62324fb64271a237""]"
TAG-24e35680ea0f5794387ef2f1,ROOTCOMP-ae8d64f24a9027ade468eee5,institutional_channel,none_identified,bounded event evidence and corrected compensation metadata,"[""WCM-17a70b3d50cf85bfcfbacc73"",""WCM-c09738f5fe2ba6317414619e""]"
TAG-281e45d303eaa157ac334c89,ROOTCOMP-bd8a9cf9ec77a261cd77b5c3,institutional_channel,none_identified,bounded event evidence and corrected compensation metadata,"[""WCM-4c5cce1fd2abb04f3d9df92c"",""WCM-f06c6edb52c1357d3f59e925""]"
TAG-16f72c7125261cecd107cb12,ROOTCOMP-6ddfc00ebc4e773a3d84b317,institutional_channel,none_identified,bounded event evidence and corrected compensation metadata,"[""WCM-165db0a7d58f24a57815b3ec"",""WCM-d368247f0c1b6970f001a9a5""]"
TAG-a0c2aafda6043ad41c6fb7be,ROOTCOMP-f3a1f890cc2e88e10dbcf1bb,institutional_channel,none_identified,bounded event evidence and corrected compensation metadata,"[""WCM-870932c0b0c2ea14602140fe""]"
TAG-e27271e43a0817f818ee53ee,ROOTCOMP-dafa95f4924fd068b14a09a4,institutional_channel,none_identified,bounded event evidence and corrected compensation metadata,"[""WCM-3d701e093803fa1892c64bb2"",""WCM-dd8c1ee53a10588642d4e5c7""]"
TAG-8be3ba94d391fc725aaf9c76,ROOTCOMP-e408d4dccdc6d2a7c06daefa,institutional_channel,none_identified,bounded event evidence and corrected compensation metadata,"[""WCM-75cf5bebba049a74b864d26d""]"
TAG-83aa15afb1ef7b2f36bddb3d,ROOTCOMP-9c18f9ba7839d475e88112e8,institutional_channel,none_identified,bounded event evidence and corrected compensation metadata,"[""WCM-ca6018ac588e802315fc1f1f""]"
TAG-2a7f25c3d8ad9669273314b0,ROOTCOMP-9a6612c6616f4b86ee91f709,institutional_channel,none_identified,bounded event evidence and corrected compensation metadata,"[""WCM-c738220d3cf8584189a6123a"",""WCM-e060289de0d2f90cbfd2cc77""]"
TAG-7123b0d4fbc0a2fb5136f5e1,ROOTCOMP-95f9db6d20b98bc398b923de,institutional_channel,none_identified,bounded event evidence and corrected compensation metadata,"[""WCM-575afa9b4cdb25ca9ede9bbd""]"
TAG-6a2497a3938d6a803ecbe65e,ROOTCOMP-39de40716a9da0a334c31213,institutional_channel,none_identified,bounded event evidence and corrected compensation metadata,"[""WCM-bedc87506eaed6c477b7caa8""]"
TAG-ae3db773d3217a85a9c61c4b,ROOTCOMP-4b6ba2ae7667f680bb180f54,institutional_channel,none_identified,bounded event evidence and corrected compensation metadata,"[""WCM-29d5048b3b74639f24fa9774"",""WCM-2e99c47ec6f804376a600275""]"
TAG-09523f8e9cd73c42e6ccf054,ROOTCOMP-fa2f60c68bc3bcce34e28d3c,institutional_channel,none_identified,bounded event evidence and corrected compensation metadata,"[""WCM-f768126a3d9deab34bd9bd4b""]"
TAG-062aacbd989bcfcc50bccb9a,ROOTCOMP-a406739a8eb4014a3d768fc3,institutional_channel,none_identified,bounded event evidence and corrected compensation metadata,"[""WCM-0f72d9ca2128f23799b650b2"",""WCM-7d0d7bd85d53957f350a83d0""]"
TAG-9ad3e10dbcd08c03fe693908,ROOTCOMP-0e0ed8c473d2ea48cf587215,institutional_channel,none_identified,bounded event evidence and corrected compensation metadata,"[""WCM-611a9c2ac6adfbf41d74194d""]"
TAG-493a2a2b70307395f17ce792,ROOTCOMP-7a9294567c04df2af4b573a0,institutional_channel,none_identified,bounded event evidence and corrected compensation metadata,"[""WCM-0e303ac7b16270c4369ffe86"",""WCM-dcf99705b9b14d25dd1233b3"",""WCM-e1211ca700185fbef476cf2b""]"
TAG-09d50800b1628215bfe034d5,ROOTCOMP-77dd1018bed03b0d0deb3944,institutional_channel,none_identified,bounded event evidence and corrected compensation metadata,"[""WCM-3e287edb55ae4b3ef4c7e13f""]"
TAG-fa3a7581f0e7149262aae43d,ROOTCOMP-4ad0e1b05ef53d8af7838545,institutional_channel,none_identified,bounded event evidence and corrected compensation metadata,"[""WCM-7c8a754feaf3c9cd648ef23f""]"
TAG-331db5044efb0d45230fdfb5,ROOTCOMP-f4f741ffc76d1d8959a7682a,institutional_channel,none_identified,bounded event evidence and corrected compensation metadata,"[""WCM-b901b3beda8d5206eb628fd9""]"
TAG-3997db565466e1a3675dd805,ROOTCOMP-5e99f0a130dfed90489504b1,institutional_channel,none_identified,bounded event evidence and corrected compensation metadata,"[""WCM-aefb97ba3aa38ea1f4b3d41c"",""WCM-ef16af16ae537381112b2eac""]"
TAG-8a806239514633b25085aa07,ROOTCOMP-818c54358b2efb82454a5bd5,institutional_channel,none_identified,bounded event evidence and corrected compensation metadata,"[""WCM-970d7cee1452a6002a80b361"",""WCM-cc29c549c87801d8302dac36""]"
TAG-4cb216154ff72d7cc9e83ef9,ROOTCOMP-a5eba2a126f6faecf04e33fd,institutional_channel,none_identified,bounded event evidence and corrected compensation metadata,"[""WCM-30e77079af3082fd411500c3""]"
TAG-613d12e62df87bfe1dfccee2,ROOTCOMP-de90da56b7a1213088cf7150,institutional_channel,none_identified,bounded event evidence and corrected compensation metadata,"[""WCM-3d362622794af56bbf237186""]"
TAG-5a6b3ffb5121055d59ba8b83,ROOTCOMP-9ab122dbb697bb724aba3b7d,institutional_channel,none_identified,bounded event evidence and corrected compensation metadata,"[""WCM-4e5d5719ebef3aa39397725a""]"
TAG-529ecf6e5a240b52a986112d,ROOTCOMP-4b291889e5415adbfb332268,institutional_channel,budget_pay_plan_process,bounded event evidence and corrected compensation metadata,"[""WCM-1c92cd4d7e38e791717c0188"",""WCM-c3410bef1a6f4d43bd82c57f"",""WCM-e13c5b076a9e7f8eee77b644""]"
TAG-633ec1b7f0ba55409d472409,ROOTCOMP-4b291889e5415adbfb332268,institutional_channel,ordinance_council_adoption,bounded event evidence and corrected compensation metadata,"[""WCM-1c92cd4d7e38e791717c0188"",""WCM-c3410bef1a6f4d43bd82c57f"",""WCM-e13c5b076a9e7f8eee77b644""]"
TAG-93da3056a8ff0345b47dbead,ROOTCOMP-8874618fb87a86b0483c3ca8,institutional_channel,budget_pay_plan_process,bounded event evidence and corrected compensation metadata,"[""WCM-7fd03ede02c7590d54b0ef30"",""WCM-e4bd07578d08abad5e3c648f""]"
TAG-7db6eaed4604aa8655ddac57,ROOTCOMP-10840dc27618195175f357d3,institutional_channel,budget_pay_plan_process,bounded event evidence and corrected compensation metadata,"[""WCM-470e197fd4216f9c81d92c04""]"
TAG-5ab8af1e6460f5df7861127f,ROOTCOMP-2cde8a787bf2116567b89585,institutional_channel,budget_pay_plan_process,bounded event evidence and corrected compensation metadata,"[""WCM-566f1af7b75ac9298351d832"",""WCM-a68428bb266417c2cd2c9059""]"
TAG-caa374966d55749348fe5507,ROOTCOMP-224e7d4ed3a99680ffbcf952,institutional_channel,budget_pay_plan_process,bounded event evidence and corrected compensation metadata,"[""WCM-1e869f8a110fd0fed8e702a0"",""WCM-63226d4132c6a6cfe5cb2c97""]"
TAG-92e35489b2edcacf875095f3,ROOTCOMP-aa064257e1bc4fd66997b9d7,institutional_channel,budget_pay_plan_process,bounded event evidence and corrected compensation metadata,"[""WCM-eff8cac2a3e44534f55d6077""]"
TAG-54d9a521a3af599191b4eaac,ROOTCOMP-b251cb7b9f054124351f58ae,institutional_channel,budget_pay_plan_process,bounded event evidence and corrected compensation metadata,"[""WCM-f184cc80880d36d6b145f2e3""]"
TAG-d39b8891c84b90871f4a5d31,ROOTCOMP-d0ba2efe99d305ac6c02b371,institutional_channel,none_identified,bounded event evidence and corrected compensation metadata,"[""WCM-6390677e8dc67aeb390b8508""]"
TAG-46423f6a01f94f91c8fa167e,ROOTCOMP-0b110ce4aa31f3d32aa2e3f4,institutional_channel,budget_pay_plan_process,bounded event evidence and corrected compensation metadata,"[""WCM-257c869b5b51a5890f4b53d2"",""WCM-363714218ea2d540837b7e6f"",""WCM-4b01e7e38b09d6dbc6736982"",""WCM-a01d1df2d45c65776fa6fc09"",""WCM-d3258d4cc91da88434c9185c""]"
TAG-f7b217393f2a63e3b8e42178,ROOTCOMP-19952c94cd314e4b40860a96,institutional_channel,budget_pay_plan_process,bounded event evidence and corrected compensation metadata,"[""WCM-edeb0340af342009055d1296""]"
TAG-9ecacce56df4eddb4adab98c,ROOTCOMP-01826c84e077209382048c21,institutional_channel,budget_pay_plan_process,bounded event evidence and corrected compensation metadata,"[""WCM-6d20c24941ad8f359453b6c3"",""WCM-95d0a691622c315cd499fdfb"",""WCM-f470a63037f9a2c1c504259f""]"
TAG-4a5aa6da023373db81668c8a,ROOTCOMP-7a545ddc4257a77463d5dc4d,institutional_channel,none_identified,bounded event evidence and corrected compensation metadata,"[""WCM-76c77f9ab26887eda7f2bb58""]"
TAG-a682700c54ee8b9243d12974,ROOTCOMP-9d7d1d9cbf3aa77b3101fda0,institutional_channel,budget_pay_plan_process,bounded event evidence and corrected compensation metadata,"[""WCM-854c7c5cc3b4cf5bed547a0e"",""WCM-abfe247fb1dde308ddff404e"",""WCM-e5ae3c223e1cd87aa641366e""]"
TAG-9ab6384632cff8790358d672,ROOTCOMP-7b74e4685ac8ca7489e4c8d5,institutional_channel,budget_pay_plan_process,bounded event evidence and corrected compensation metadata,"[""WCM-170f806c169d85f89b13d575"",""WCM-abf31e14dd9a2676aa44511a"",""WCM-ccea2ea098c281f8e946d631""]"
TAG-1d481bbd933f5d4d4ba1e6d9,ROOTCOMP-43ab334068b629029e9d7340,institutional_channel,none_identified,bounded event evidence and corrected compensation metadata,"[""WCM-2c3d146bd6c667d872447cc0""]"
TAG-01843c6be312946415b15409,ROOTCOMP-0d982c450a2f90db247608a6,institutional_channel,none_identified,bounded event evidence and corrected compensation metadata,"[""WCM-33d6ff67ea1b12dfee203cdb""]"
TAG-b32374047429677ba6c4e974,ROOTCOMP-31194e1e008ea72ae94a8356,institutional_channel,none_identified,bounded event evidence and corrected compensation metadata,"[""WCM-77aa116f59500878f160363d""]"
TAG-bba0d6cfecddc5ed628f349c,ROOTCOMP-38c4d8e6619829be43602a96,institutional_channel,none_identified,bounded event evidence and corrected compensation metadata,"[""WCM-3d3b99af59859f370b4c002b"",""WCM-4a97935a28bbe5edcaf2b284"",""WCM-74dc292995924bea94e00c0e""]"
TAG-f2fdb78ee590788ff3ecc0f0,ROOTCOMP-21a74506aded5e161aeb1569,institutional_channel,none_identified,bounded event evidence and corrected compensation metadata,"[""WCM-c1e8f03a65b2e1373960c1a2""]"
TAG-90486e1c05dab038ac964fd2,ROOTCOMP-1f1b6036c53ae23d8121d14a,institutional_channel,none_identified,bounded event evidence and corrected compensation metadata,"[""WCM-bb721300c9d350475983074e"",""WCM-c45098da0270bcda477eb9f5"",""WCM-fc716aa2f092fbe3f638f4e9""]"
TAG-b2c80214d7319912575c2202,ROOTCOMP-d4dbf9ddbe1133377b7cfb3b,institutional_channel,none_identified,bounded event evidence and corrected compensation metadata,"[""WCM-fa0fa9571e1be8adc23ac95c""]"
TAG-0fd8bdc8c4c6f417b209017b,ROOTCOMP-886347b53ba04820fb3dd02b,institutional_channel,budget_pay_plan_process,bounded event evidence and corrected compensation metadata,"[""WCM-33350d083cad300efd4d1a1e"",""WCM-cd768fe9e07d5d339d1dcdf9"",""WCM-dac6203f75328f8227ee52f3""]"
TAG-b8aa7b699a3d043be31c4275,ROOTCOMP-02387ca128d35fa91a7338eb,institutional_channel,none_identified,bounded event evidence and corrected compensation metadata,"[""WCM-2743f98691bae2089f5d8fb6""]"
TAG-beee098a4a1a6003e457a1f9,ROOTCOMP-1664f985035a0b363afa08f7,institutional_channel,budget_pay_plan_process,bounded event evidence and corrected compensation metadata,"[""WCM-025775ba526935420dc0c20d"",""WCM-1396d205b66648b03ebb4a37"",""WCM-5c5843266d9e07d593ab2760"",""WCM-dd04a5de83549cdee3759a02""]"
TAG-9716b750c8c7a198dca23f98,ROOTCOMP-036a4f0019dba87db09b9fb6,institutional_channel,budget_pay_plan_process,bounded event evidence and corrected compensation metadata,"[""WCM-08eee9e48b945589dc409518"",""WCM-1c89b15d29728f7557db0274"",""WCM-6ee5312f8af59e96c35920b9"",""WCM-771d1ddd94b27f8014ae85a4"",""WCM-b674e33572f6dc54157f7bcb"",""WCM-e9b2e4da227249ef6a59a6ba""]"
TAG-7c792e4be7b70c30cef213ad,ROOTCOMP-e51dc3d1dc05b7cfa5fa498b,institutional_channel,none_identified,bounded event evidence and corrected compensation metadata,"[""WCM-5678191491d4d4e015b9eb5f""]"
TAG-5e216bf7ea6a40f85699c6e4,ROOTCOMP-64802d775b246ffeb989ee8f,institutional_channel,budget_pay_plan_process,bounded event evidence and corrected compensation metadata,"[""WCM-1326cd543e461482b62f59df"",""WCM-d21b52a93113f72a28646897"",""WCM-e8489646f9e86e70604f4f54""]"
TAG-d528f08ec0a8b8dcc3dd7f6b,ROOTCOMP-f4ac5458cb946a139e63466d,institutional_channel,budget_pay_plan_process,bounded event evidence and corrected compensation metadata,"[""WCM-c75d99416ed0588ed2f925ab""]"
TAG-9ada1d87517f7cca4ca285aa,ROOTCOMP-741b27b82caaba923b2d78b6,institutional_channel,budget_pay_plan_process,bounded event evidence and corrected compensation metadata,"[""WCM-480731a16a59f8cd222a9c43""]"
TAG-05c6ad3721ec7462bc680b30,ROOTCOMP-741b27b82caaba923b2d78b6,institutional_channel,settlement_or_mou,bounded event evidence and corrected compensation metadata,"[""WCM-480731a16a59f8cd222a9c43""]"
TAG-9acd1a95dda6d70d51794c75,ROOTCOMP-e22271f4b82e8dd8c844173b,institutional_channel,budget_pay_plan_process,bounded event evidence and corrected compensation metadata,"[""WCM-18659c8d11ae239b7baf040b"",""WCM-755c742a5e39f6ca9b3cd53a""]"
TAG-36d5a24fe464a57398ce856a,ROOTCOMP-2811e69027466b42f5e596eb,institutional_channel,settlement_or_mou,bounded event evidence and corrected compensation metadata,"[""WCM-184120bc8a5b64c49a0c0e12""]"
TAG-78357369a118d803d3a80c49,ROOTCOMP-6a02fdda09ce49e5f70cab84,institutional_channel,none_identified,bounded event evidence and corrected compensation metadata,"[""WCM-3b70d89a101398c63d146284"",""WCM-bff38aae1e919a6d1e885e70""]"
TAG-240da014c6574625c4a1a6a2,ROOTCOMP-f01a9ed473a6890d85df2352,institutional_channel,none_identified,bounded event evidence and corrected compensation metadata,"[""WCM-8bf3d695da35e7d10a5821b9"",""WCM-ca33438f673c902870e47f63""]"
TAG-4a0707916cd57ac0191a5012,ROOTCOMP-59664aa4f94b5bdcb4e32079,institutional_channel,none_identified,bounded event evidence and corrected compensation metadata,"[""WCM-0e3bfa014e8529f0de64ce34"",""WCM-279f26ab62f2fc8985007a2f""]"
TAG-ac98b7e4b48a918e97c11b26,ROOTCOMP-180f3edc174553f4f3c5877f,institutional_channel,none_identified,bounded event evidence and corrected compensation metadata,"[""WCM-2712eb312cb86d3086c1881b"",""WCM-6d53a0cd4b592445b9c81bf4""]"
TAG-08bf824aa8e1442932412f70,ROOTCOMP-3158cbf799971663590e9042,institutional_channel,none_identified,bounded event evidence and corrected compensation metadata,"[""WCM-31dfe1562d5883a07c178134""]"
TAG-749a55e37ee6b089782c8fba,ROOTCOMP-07ff838a516d5bc0ca501967,institutional_channel,none_identified,bounded event evidence and corrected compensation metadata,"[""WCM-5ab130a50c238e27fe6a1ac2"",""WCM-fccdc97d5de1e082b3c65829""]"
TAG-744e71fbe2af89b943481968,ROOTCOMP-0d46aaa23fb56a253093e6c2,institutional_channel,none_identified,bounded event evidence and corrected compensation metadata,"[""WCM-6d43ad3b8bda20b9e0a087c9""]"
TAG-472a56324c7b592405b758cc,ROOTCOMP-4f70a00356aadd7eedf3db53,institutional_channel,none_identified,bounded event evidence and corrected compensation metadata,"[""WCM-56ad50cf78ae3b66281457c7""]"
TAG-bdb43ccc080cf72ae6b006b0,ROOTCOMP-211cfb97417d7f533f73ba56,institutional_channel,ordinance_council_adoption,bounded event evidence and corrected compensation metadata,"[""WCM-2eaf14d060d215e3159bc296""]"
TAG-5d98fabbb11bec2d2850cfb9,ROOTCOMP-02c294b80d15adae8dc8260a,institutional_channel,none_identified,bounded event evidence and corrected compensation metadata,"[""WCM-eff117d8d9ca679f88c2f4ae""]"
TAG-a1a34bc468f73fae1b17d154,ROOTCOMP-73b4d6dcb34c590da91ee854,institutional_channel,none_identified,bounded event evidence and corrected compensation metadata,"[""WCM-22c4b399a778d89fcc14deb6"",""WCM-df61de8ca0fbe3f8d9382859""]"
TAG-cbfe813f082fa4feb87feb73,ROOTCOMP-40373720538caedb0463157d,institutional_channel,none_identified,bounded event evidence and corrected compensation metadata,"[""WCM-f14ec73859be7672de7ed021""]"
TAG-df8eb8b8918f2406c606a5f9,ROOTCOMP-5acfcd365d2d0f3ad2ef105d,institutional_channel,ordinance_council_adoption,bounded event evidence and corrected compensation metadata,"[""WCM-f8ff20d761de9934bc109bd1""]"
TAG-37958b599c9b714fd99dd1da,ROOTCOMP-b35dc77e3fb1290fc152edbb,institutional_channel,none_identified,bounded event evidence and corrected compensation metadata,"[""WCM-e215bea1363b1a73783bc23b""]"
TAG-e90dec1ce2a844648e9a720e,ROOTCOMP-6bb45501460cfa25f27cf254,institutional_channel,ordinance_council_adoption,bounded event evidence and corrected compensation metadata,"[""WCM-523d987e04db02f331c4eff8""]"
TAG-f0b2436d976aa64351dc7736,ROOTCOMP-586fc9f91f0ef56c529af005,institutional_channel,none_identified,bounded event evidence and corrected compensation metadata,"[""WCM-6185ff8ccc7510a1593235ff""]"
TAG-c13c8929d4021d521d3e2ce0,ROOTCOMP-db18ccdc345d2cec85325796,institutional_channel,none_identified,bounded event evidence and corrected compensation metadata,"[""WCM-2b9bb27182dc6af392495aba"",""WCM-cf8ff35b35316d31f87f2da2""]"
TAG-b26af45254bcb035aaab1e32,ROOTCOMP-6e475bd71c4c7b1be7796cb2,institutional_channel,none_identified,bounded event evidence and corrected compensation metadata,"[""WCM-5b5b31ba58108939b43e95b4"",""WCM-7acdb345c0db54cb38c42b02"",""WCM-a388bd8aeb9cc9b95f260db4""]"
TAG-f26b9309eb6ab297fa8c5ac9,ROOTCOMP-376c9633586eabb321cc0c0a,institutional_channel,none_identified,bounded event evidence and corrected compensation metadata,"[""WCM-82ccaece0b0b9d9c8222c995""]"
TAG-3b2af1a82d1d64576c5c383b,ROOTCOMP-d1f872be1bc658023be59aff,institutional_channel,none_identified,bounded event evidence and corrected compensation metadata,"[""WCM-e616dd946f03bb277a946c1e""]"
TAG-23b109c845c962a3c21597fa,ROOTCOMP-b12a0594b52c84d1a70bea26,institutional_channel,none_identified,bounded event evidence and corrected compensation metadata,"[""WCM-47e62ec27374b5d656ba91d6""]"
TAG-4e94b4056ef7ccff80687af6,ROOTCOMP-91b735292528b874dd56b688,institutional_channel,none_identified,bounded event evidence and corrected compensation metadata,"[""WCM-892ff5eb277b2eeaab22ad66""]"
TAG-a2330f4ae345f91073b1401e,ROOTCOMP-ff6f2254297e43b717dcb3d3,institutional_channel,none_identified,bounded event evidence and corrected compensation metadata,"[""WCM-52be21904b9abef18a384561"",""WCM-f01efda87d43b9cae45a65a4""]"
TAG-7ce6971f4befe419dc59c541,ROOTCOMP-1a63c59c9fabdbe7a1eb44b3,institutional_channel,none_identified,bounded event evidence and corrected compensation metadata,"[""WCM-75c2c4e75d5748c37c7c6771""]"
TAG-146347ff36fce67e8bc78603,ROOTCOMP-2d21519fe66d04d08535df61,institutional_channel,none_identified,bounded event evidence and corrected compensation metadata,"[""WCM-1d3a82b19f2e22b0bd806965"",""WCM-537cd58b2ecae006238189d5"",""WCM-7dda579409b028ebb3f0f4b7"",""WCM-849e19b5ec5508e6d70639d0"",""WCM-8d86b8424e993ad689b6272a"",""WCM-9e974a3ccdf4a298e1f3f3ab"",""WCM-c0e0b43329443def4e7eccf9"",""WCM-f2d167619b65f3fe5fa10526""]"
TAG-2d64972156eb0b10914f5a30,ROOTCOMP-0a1781d8acf2fc2b33ef3147,institutional_channel,none_identified,bounded event evidence and corrected compensation metadata,"[""WCM-081820c7787af4300c2e7d26"",""WCM-3a623a556cc66d0969ff34f2"",""WCM-53c8dd5abdb7a7c6302ca0ba"",""WCM-7b497abc71bfad14b7da1c70"",""WCM-7c34ae24876f9b7109ce9460""]"
TAG-865b8c6e77f8b70db85e53f7,ROOTCOMP-76a255ce691307d289f3f592,institutional_channel,none_identified,bounded event evidence and corrected compensation metadata,"[""WCM-b2b0eb15b8c5be9904626da8"",""WCM-ef3e6dd01f98d142a0ca94de""]"
TAG-b989a6591d4fbe7df0bc7bbe,ROOTCOMP-17db31b69fa64c8159ffff2b,institutional_channel,budget_pay_plan_process,bounded event evidence and corrected compensation metadata,"[""WCM-e7750bda5ecfe685976927f1""]"
TAG-3e7f9325ba9d02e12126a5cc,ROOTCOMP-a10fb9661ca8ba6d53cd59f9,institutional_channel,budget_pay_plan_process,bounded event evidence and corrected compensation metadata,"[""WCM-23868a6d837166fe05a0ce65""]"
TAG-ac50fcdf7046e4aadc65ce72,ROOTCOMP-f43d984ec31986447600721f,institutional_channel,none_identified,bounded event evidence and corrected compensation metadata,"[""WCM-75a85e2f437fb3c4afedc61f""]"
TAG-3372b6d7676480bb9b154781,ROOTCOMP-59c240767cd962f7d5de5400,institutional_channel,budget_pay_plan_process,bounded event evidence and corrected compensation metadata,"[""WCM-db3ee09e01bbe777f915dd27"",""WCM-f59bb50c0074f7c02bde2659""]"
TAG-d9cd8ae70e9870db2b5b3613,ROOTCOMP-51f1fc8bbc5b6e8f8db8ec30,institutional_channel,budget_pay_plan_process,bounded event evidence and corrected compensation metadata,"[""WCM-54d1043e312b081221614d58""]"
TAG-125a0d2b2951a25c22c91ba8,ROOTCOMP-493cb0a9c676a2fff823a35a,institutional_channel,budget_pay_plan_process,bounded event evidence and corrected compensation metadata,"[""WCM-4b290d773289e4ee15f8e22f""]"
TAG-a198270287be3343145740e2,ROOTCOMP-ab1bd13b8d59a11f749796d6,institutional_channel,budget_pay_plan_process,bounded event evidence and corrected compensation metadata,"[""WCM-04fde1b44265b92794bc5e45"",""WCM-094830fd1347fdde680fbb00"",""WCM-faf0ef8f1c2dc64b66c1319a""]"
TAG-df7204fb68c4e228a435c973,ROOTCOMP-f81f107fc1dd30f00e8d20cc,institutional_channel,ordinance_council_adoption,bounded event evidence and corrected compensation metadata,"[""WCM-1f895ccafd79ce58a087eda8""]"
TAG-b4bc30177f46645626cb9361,ROOTCOMP-a37cc1b842e697864f38bf65,institutional_channel,none_identified,bounded event evidence and corrected compensation metadata,"[""WCM-2abca0ab81c31f35cbe33276"",""WCM-6b975c0ad6980a680166ce48""]"
TAG-95e35a57d9054bdd821b8cd7,ROOTCOMP-7e85b340751045ebc9b91c10,institutional_channel,budget_pay_plan_process,bounded event evidence and corrected compensation metadata,"[""WCM-5b960b6483623a0b1234dd84"",""WCM-baa5712a04a601ea783529fc""]"
TAG-16b83baaace5b870f94c532d,ROOTCOMP-8cdd8fe61ae3e29d8bbd8158,institutional_channel,budget_pay_plan_process,bounded event evidence and corrected compensation metadata,"[""WCM-fb77ff49321a1709114e3932""]"
TAG-00e86f5faec9f25eedc0a656,ROOTCOMP-b99303ce4332bcb2360e1332,institutional_channel,none_identified,bounded event evidence and corrected compensation metadata,"[""WCM-18137b06729fd0cb68866a09""]"
TAG-99f6e427fdc7dcf5fcb17667,ROOTCOMP-8123a2c4c4549c4f8d20d4b4,institutional_channel,none_identified,bounded event evidence and corrected compensation metadata,"[""WCM-cc5ed255798e299be9a19052"",""WCM-cc8a4f7b13c775af56e37f4c"",""WCM-eeb24a09b8bc068ec4b44ba8"",""WCM-fc54e25aa7c1afb1b42b8bad""]"
TAG-cb8845e65babe5449cda7978,ROOTCOMP-6b2d08c2e4dab3ca20c86ed9,institutional_channel,none_identified,bounded event evidence and corrected compensation metadata,"[""WCM-10fd98ffdcbb457f49e28e01"",""WCM-4d3f2ca7e3f7f2ce2671245d"",""WCM-b5637d3cb672442ceaab1a53""]"
TAG-335b66fc95a633a62c2fe72d,ROOTCOMP-eb5d912c4a1d565682bd0023,institutional_channel,none_identified,bounded event evidence and corrected compensation metadata,"[""WCM-dd7f6bb05b4850c4ec3d7a78""]"
TAG-4a20fe2f1f3f0a0ea7b07561,ROOTCOMP-e8d3d7131d55faa2a6278da3,institutional_channel,none_identified,bounded event evidence and corrected compensation metadata,"[""WCM-4ab8ebcc7e1cf564fb6c56de""]"
TAG-672a6248ba2fd0871536d644,ROOTCOMP-9e7bdc798793ee82db315b4e,institutional_channel,none_identified,bounded event evidence and corrected compensation metadata,"[""WCM-fba4ebaf02bbb539479f6e3b""]"
TAG-6d3ac3f06eccc4107ad57bc8,ROOTCOMP-9d4feaa2ff42b2abb1bcca35,institutional_channel,budget_pay_plan_process,bounded event evidence and corrected compensation metadata,"[""WCM-eb32b8bbabc28e4aa961c38d""]"
TAG-6618371a4368fe7fdf8599dc,ROOTCOMP-649b011b90dd70cf1dd78c64,institutional_channel,collective_bargaining,bounded event evidence and corrected compensation metadata,"[""WCM-6c4e162bbd56ed85daf10801""]"
TAG-7473675e29ff1e5ba517b9f6,ROOTCOMP-95adb48844c2b0cc36d8fc91,institutional_channel,none_identified,bounded event evidence and corrected compensation metadata,"[""WCM-65fc294962ff07357b9137f0"",""WCM-a4ed8de62e6e698775baa4fd"",""WCM-c11dd7e5479ac8b439b7c65d"",""WCM-e012a47ca0f6fa4c79d440b8""]"
TAG-fd4fcf3fae607d9fbc41ec1f,ROOTCOMP-e5689877d44d5e13792db5d0,institutional_channel,none_identified,bounded event evidence and corrected compensation metadata,"[""WCM-4df3236e5dab42438c27b853""]"
TAG-e9fe27c42652a0ae15f26297,ROOTCOMP-618879624a27ad945e04c0e8,institutional_channel,none_identified,bounded event evidence and corrected compensation metadata,"[""WCM-f5c49c6b47027d638f437b3f""]"
TAG-6d92b7db17da8bc554fd4cbd,ROOTCOMP-cb707674be2816e83d70a916,institutional_channel,none_identified,bounded event evidence and corrected compensation metadata,"[""WCM-cce7b9d9f5c84633445fedc2""]"
TAG-b4a80fff27b9e6bb45d8ad30,ROOTCOMP-3d9fc91a8bcf68fe64042ac2,institutional_channel,none_identified,bounded event evidence and corrected compensation metadata,"[""WCM-75b4da62d70b574cad041e2b"",""WCM-eb367eb47a6e8ac6b9f52334""]"
TAG-c2c7f1f0a75574651feae969,ROOTCOMP-760f3ec87926e1fa4f4dee0d,institutional_channel,none_identified,bounded event evidence and corrected compensation metadata,"[""WCM-16c1b42dbf04126ae8293849"",""WCM-227e07c39b7812e175e03b51""]"
TAG-b16eb0a28913fdd5e8886543,ROOTCOMP-03d6b5641b58903da353bf09,institutional_channel,none_identified,bounded event evidence and corrected compensation metadata,"[""WCM-f52b3fe82a40cd7ee1731536""]"
TAG-40ce98365eb3b7ef3bc76064,ROOTCOMP-c0084452a0cc2918a0f74490,institutional_channel,none_identified,bounded event evidence and corrected compensation metadata,"[""WCM-7d1794e86df44445087377b4""]"
TAG-ed328616f644684d4d2d25ab,ROOTCOMP-1b767cd37c2d3b672527fceb,institutional_channel,budget_pay_plan_process,bounded event evidence and corrected compensation metadata,"[""WCM-3f53b41edd3d46b42372f148""]"
TAG-945bdacbb65daa4bb8cfd974,ROOTCOMP-f8aeb327f590b32497bff482,institutional_channel,budget_pay_plan_process,bounded event evidence and corrected compensation metadata,"[""WCM-8737f59c02922cf045e7f5e7""]"
TAG-83ae3bb2b5b5dc2cb7c99b22,ROOTCOMP-851f22bc82f4d14c21b83597,institutional_channel,none_identified,bounded event evidence and corrected compensation metadata,"[""WCM-cab49d725fe1a19643de69a8""]"
TAG-443be0170a2e8c2ae524509d,ROOTCOMP-31dccad14608ffb82a3d7a75,institutional_channel,budget_pay_plan_process,bounded event evidence and corrected compensation metadata,"[""WCM-66499137c08e2c4ebcd3e73d""]"
TAG-e89e6d2c9785377294d457d8,ROOTCOMP-af1fab863583cda0a84fd90b,institutional_channel,budget_pay_plan_process,bounded event evidence and corrected compensation metadata,"[""WCM-7d37a73b3ba6b2324b90527f""]"
TAG-9b91c655e3c22ef6e90d733f,ROOTCOMP-2ffea283d9d79a81aebd66aa,institutional_channel,budget_pay_plan_process,bounded event evidence and corrected compensation metadata,"[""WCM-5981aaddf0532dd615b1e4eb"",""WCM-f548eb7a658e3633628b7aef""]"
TAG-c1db49b867498b1b1856d613,ROOTCOMP-54d9bca977aa8b2ffcd246b0,institutional_channel,none_identified,bounded event evidence and corrected compensation metadata,"[""WCM-52babc32776bed98d25c734e""]"
TAG-1da82a21d18095df71aac584,ROOTCOMP-b98957c0ba6502b44f54f784,institutional_channel,none_identified,bounded event evidence and corrected compensation metadata,"[""WCM-eaa5488b18096595f7a4be4e""]"
TAG-a6e09d7d7712bacaac56cc0d,ROOTCOMP-850868757ff0d2c850127541,institutional_channel,none_identified,bounded event evidence and corrected compensation metadata,"[""WCM-1088d5f77ccef90ad0fd15ed""]"
TAG-cf6337a006e46e0670326579,ROOTCOMP-1e15e645ac6c40af9c031bf7,institutional_channel,none_identified,bounded event evidence and corrected compensation metadata,"[""WCM-0f8f97f404aa19804c61fd04""]"
TAG-4a4cdd7f6dea37e1560259e1,ROOTCOMP-b8f588a160b21f2fbb78db95,institutional_channel,none_identified,bounded event evidence and corrected compensation metadata,"[""WCM-31bdf2b3e5631b2b834c3de3"",""WCM-851149ee6304be5c6247008b""]"
TAG-5fdd7f9e6e42173897047d87,ROOTCOMP-0233239ecd8b0c0829717881,institutional_channel,budget_pay_plan_process,bounded event evidence and corrected compensation metadata,"[""WCM-b45332bd2e9c0e0b317c6ef8"",""WCM-d592bb8fdddcb760b8c5ddb9""]"
TAG-d378c0c09e04f1bb690964b2,ROOTCOMP-3b39a7ff01237212664d2de0,institutional_channel,budget_pay_plan_process,bounded event evidence and corrected compensation metadata,"[""WCM-72f6cf2c863634b2c8ea34c7""]"
TAG-e1d8881bd189820e5fbecfbe,ROOTCOMP-16f979ab80438711bed71751,institutional_channel,budget_pay_plan_process,bounded event evidence and corrected compensation metadata,"[""WCM-44a520c229273c1999111ff7""]"
TAG-6a283d84cb10eaaa3e142706,ROOTCOMP-16f979ab80438711bed71751,institutional_channel,ordinance_council_adoption,bounded event evidence and corrected compensation metadata,"[""WCM-44a520c229273c1999111ff7""]"
TAG-9516efe88cb6e3ca45f0dd1e,ROOTCOMP-2fe7ce399615dd65ba69867c,institutional_channel,budget_pay_plan_process,bounded event evidence and corrected compensation metadata,"[""WCM-5caa5dbe248adaf74fe341dc""]"
TAG-ddf6d6a57beb2004a23d183d,ROOTCOMP-30949091113760ac8fa04152,institutional_channel,budget_pay_plan_process,bounded event evidence and corrected compensation metadata,"[""WCM-88e03aff843ec03f3930323d"",""WCM-e51cfa23939f6c84f2e948f3""]"
TAG-1ee771cfaa0136b24a789ec3,ROOTCOMP-fdb01352b86da8671c012fdc,institutional_channel,none_identified,bounded event evidence and corrected compensation metadata,"[""WCM-0a23673fcba0aeb2cc6eab7b"",""WCM-cced2c6d45e7a655161923da"",""WCM-d324f30fd1e29b5e05c9d114"",""WCM-e00b72e4dabaf9244129c6b8""]"
TAG-b8da7037932555313fb84631,ROOTCOMP-10f219d4d12bd7be51221a23,institutional_channel,none_identified,bounded event evidence and corrected compensation metadata,"[""WCM-168467c653dbaf27a27a504a"",""WCM-fabee461c6d00abf76c838f7""]"
TAG-dfc354af169bd826bfb85b97,ROOTCOMP-b1ddcc8b4f062754957284f2,institutional_channel,none_identified,bounded event evidence and corrected compensation metadata,"[""WCM-10ebcf2c8b65d717c0063f3d""]"
TAG-649cd814b0b5ef6ca8c119b7,ROOTCOMP-57bfe204b3a325327dad5806,institutional_channel,budget_pay_plan_process,bounded event evidence and corrected compensation metadata,"[""WCM-404496e93ab8f39edce76ec2"",""WCM-fabf31fbeef951c0f5f0d0e2""]"
TAG-c7931f7b098ef1a18d09a572,ROOTCOMP-050555669bcb3435b2590621,institutional_channel,none_identified,bounded event evidence and corrected compensation metadata,"[""WCM-91b5c585d254b0cd7d04f610""]"
TAG-fe049d2fed3082456efee626,ROOTCOMP-d12f53c279cb24a0e414a9e2,institutional_channel,none_identified,bounded event evidence and corrected compensation metadata,"[""WCM-37fdc4f026dceb2c2bc13a25""]"
TAG-d38d7686553a897fdca8d3db,ROOTCOMP-2f80fb88759650868a9aeba5,institutional_channel,budget_pay_plan_process,bounded event evidence and corrected compensation metadata,"[""WCM-cfd88c001a67f8c397ba1a62"",""WCM-ed3acd6982b96cbb11e2809f""]"
TAG-70069565bfbd141e31a7d03c,ROOTCOMP-f554501560b6d81ab18aa6af,institutional_channel,budget_pay_plan_process,bounded event evidence and corrected compensation metadata,"[""WCM-71341a18f072d77c00b076f0""]"
TAG-9287515c4746458df173835f,ROOTCOMP-7bf6bebde06693ef7fe439b3,institutional_channel,none_identified,bounded event evidence and corrected compensation metadata,"[""WCM-3cb28859a4cb026df5aa29e7"",""WCM-532df2e12c4e06467e539071""]"
TAG-baf03929099fdd1a95c302d8,ROOTCOMP-744198c2bda638dc72e24723,institutional_channel,budget_pay_plan_process,bounded event evidence and corrected compensation metadata,"[""WCM-5ff049aa3fe95ef1f96b5d4c"",""WCM-8a1c99dcd0e174d9827654a8"",""WCM-9a17646aeca1b733838a1997""]"
TAG-8f3e7927c06f0dc6ba3f6082,ROOTCOMP-a571c34935af0851bdeaa2d0,institutional_channel,budget_pay_plan_process,bounded event evidence and corrected compensation metadata,"[""WCM-2f42dc67c0b77100a7c8cb5f""]"
TAG-977a03013272feab7032775b,ROOTCOMP-48c7539f71d7bff9a6e10a48,institutional_channel,none_identified,bounded event evidence and corrected compensation metadata,"[""WCM-46ee5f134350da4e8697449f""]"
TAG-403030c24b9b442533ed286a,ROOTCOMP-5997800e794bb674d6fba92a,institutional_channel,none_identified,bounded event evidence and corrected compensation metadata,"[""WCM-7f470c5824d61145a2d1e28c""]"
TAG-9d5cfed5ef2da111b1735a44,ROOTCOMP-8a7ee9c00d6f6a7607185a06,institutional_channel,budget_pay_plan_process,bounded event evidence and corrected compensation metadata,"[""WCM-281c2f279296183d13596957"",""WCM-42bd06e7397b3ab1b195284d""]"
TAG-041cae4ca6be89945124435c,ROOTCOMP-2ab52ef19b7028738520203c,institutional_channel,budget_pay_plan_process,bounded event evidence and corrected compensation metadata,"[""WCM-6661f6476b5576a0091a2c66""]"
TAG-906aeb5eaf7bda5b47a809aa,ROOTCOMP-0afcd12700313d378a6743f2,institutional_channel,none_identified,bounded event evidence and corrected compensation metadata,"[""WCM-8cb8b112e877b0f7b6deaa47""]"
TAG-050f97ba91d13c732ad2fd80,ROOTCOMP-f49029841225e2d2822288b2,institutional_channel,none_identified,bounded event evidence and corrected compensation metadata,"[""WCM-8d1eafaa34b0a5b94334a5e3""]"
TAG-484532470d9b70fd8a6a31cf,ROOTCOMP-958722cc299cbe15ac2009ad,institutional_channel,none_identified,bounded event evidence and corrected compensation metadata,"[""WCM-07274ed1b0a3f3e56e667e8e"",""WCM-d69292540c91561f8391d80e""]"
TAG-0e320b33a600451d6d5506e0,ROOTCOMP-85f4b816690b0eb1817f5d96,institutional_channel,none_identified,bounded event evidence and corrected compensation metadata,"[""WCM-b2db194f8444bba93354a120""]"
TAG-4864eb903c080e3c7af24701,ROOTCOMP-bf9fafe50372477d9df57379,institutional_channel,none_identified,bounded event evidence and corrected compensation metadata,"[""WCM-3edc29a17814933e80ce28d6""]"
TAG-b868910bde353dd9c5b53ea2,ROOTCOMP-57cbfeb99753c04dd8c4ef20,institutional_channel,none_identified,bounded event evidence and corrected compensation metadata,"[""WCM-c6952b11291ad58cd9fdb006""]"
TAG-080da0181565577772e18dac,ROOTCOMP-d8f79bd2f7f331870a843403,institutional_channel,settlement_or_mou,bounded event evidence and corrected compensation metadata,"[""WCM-139e2ffa0605eebd1b47ec70""]"
TAG-5833b9da6288829f5c88b7de,ROOTCOMP-78644d19fded402fcfed2261,institutional_channel,none_identified,bounded event evidence and corrected compensation metadata,"[""WCM-16047e0f774f009e9f9bdc3c"",""WCM-342981a4a1af0cf27b49de61"",""WCM-8cbb70f66da745a10b7e893b""]"
TAG-eecaefb770d0be4ed3ed651e,ROOTCOMP-e408975b07a6c26e4cc2bc89,institutional_channel,budget_pay_plan_process,bounded event evidence and corrected compensation metadata,"[""WCM-85dceb40c058ef290bc15dad""]"
TAG-8d8e0fd8fb162c4d947a66f7,ROOTCOMP-aa17a92d1ccd8f1489f514e6,institutional_channel,none_identified,bounded event evidence and corrected compensation metadata,"[""WCM-c825fbcf7ffd02638789aebe""]"
TAG-8ef1111326ecc9a0af2fd66f,ROOTCOMP-c47e79f2c256a449226d24d2,institutional_channel,budget_pay_plan_process,bounded event evidence and corrected compensation metadata,"[""WCM-21495d22fe1fb685188a3d4e""]"
TAG-80e2367d9d46bd5103f5fe12,ROOTCOMP-c56572384bda0c333725fa7b,institutional_channel,budget_pay_plan_process,bounded event evidence and corrected compensation metadata,"[""WCM-09bce3d6943cc240757052ed""]"
TAG-77749f1416a57465e44598ba,ROOTCOMP-d9e6656cc32c245e429bc71a,institutional_channel,none_identified,bounded event evidence and corrected compensation metadata,"[""WCM-60470201074adff586cfcc79""]"
TAG-8e1c97a10ee3ae19a391e474,ROOTCOMP-7820ed0ad925660dd05ca3af,institutional_channel,budget_pay_plan_process,bounded event evidence and corrected compensation metadata,"[""WCM-3d34e5f63f5c465a470d52bc""]"
TAG-2686bd6d1a2c9227949eda8b,ROOTCOMP-5fe2f20dfbbb08aaac4cbc79,institutional_channel,none_identified,bounded event evidence and corrected compensation metadata,"[""WCM-6f0cd4516c4fe377b86261d9""]"
TAG-1933d522d055c59f7ec68689,ROOTCOMP-35081066f97e4d9e8cb986db,institutional_channel,budget_pay_plan_process,bounded event evidence and corrected compensation metadata,"[""WCM-7f88882c5fe0942a8b991083""]"
TAG-570c37acf9f395865409311f,ROOTCOMP-a3e5ee5c5ec6cc3443022082,institutional_channel,settlement_or_mou,bounded event evidence and corrected compensation metadata,"[""WCM-c0ae9d65db991ccd6547b3a1""]"
TAG-fd4d7ed252cb26f3c6e01664,ROOTCOMP-31fc331bea1bc88fb4bdf576,institutional_channel,none_identified,bounded event evidence and corrected compensation metadata,"[""WCM-320c231a28017687913f8ae6""]"
TAG-2571259e0dc4a2a759ebaf32,ROOTCOMP-e65a808a159cdf2158e4b3da,institutional_channel,none_identified,bounded event evidence and corrected compensation metadata,"[""WCM-40d6ffea080f73513865ea02"",""WCM-aaf6fdd86e74c9d2f71ef2b7"",""WCM-f9b9766de225ebfcc1d21a30""]"
TAG-5650345be4c43b108d55c9a7,ROOTCOMP-2afc64bbe34ce822e4f83ae3,institutional_channel,budget_pay_plan_process,bounded event evidence and corrected compensation metadata,"[""WCM-ba2689ea420650b7f616686a""]"
TAG-528464009c1f56fd6d5dc2c6,ROOTCOMP-ad33206b0375b5486761cded,institutional_channel,budget_pay_plan_process,bounded event evidence and corrected compensation metadata,"[""WCM-6781a1c635e6f3df6db05842""]"
TAG-4827d13f4a08f74c2d62f469,ROOTCOMP-efc0ac54da17be32e995df0c,institutional_channel,none_identified,bounded event evidence and corrected compensation metadata,"[""WCM-9ed675a4e1902d758a9128ea""]"
TAG-0f79ad0e9d1051151653b5c4,ROOTCOMP-910960a45cfc9a2352bb374a,institutional_channel,budget_pay_plan_process,bounded event evidence and corrected compensation metadata,"[""WCM-3a7c083cc4c8f31732d85f25""]"
TAG-272d5d086c8d946f604f9a7c,ROOTCOMP-4c7c8c564b7be66e0be03197,institutional_channel,ordinance_council_adoption,bounded event evidence and corrected compensation metadata,"[""WCM-f661fb4769993f606ffdd9c6""]"
TAG-a4319c750088bdab4bb1b2b5,ROOTCOMP-218ec91d00b3d9525ec03aa0,institutional_channel,none_identified,bounded event evidence and corrected compensation metadata,"[""WCM-76d96ba12d6615c32299a4ac""]"
TAG-03bb00421e4de9b5f14ab4d3,ROOTCOMP-e713776327833cd1b0d68233,institutional_channel,none_identified,bounded event evidence and corrected compensation metadata,"[""WCM-46911d8e7a7294c5fe114870"",""WCM-87c7cb97e4a7df24d2fd6155"",""WCM-ca0b00d0f85dff95e55acbaf""]"
TAG-e5c35edea1bc9af2eb669d9c,ROOTCOMP-cf069b85648bdab76dd155f1,institutional_channel,none_identified,bounded event evidence and corrected compensation metadata,"[""WCM-035d99bcb13abf37c622828b"",""WCM-77a23845d418fb4e7a91cf06"",""WCM-7d12ffc8ba3ea6f10e1941c2"",""WCM-9927b6542b940134e3abf625""]"
TAG-a1f3684efe44880731cc4eb8,ROOTCOMP-4ee13e9a997f039c51efbe84,institutional_channel,ordinance_council_adoption,bounded event evidence and corrected compensation metadata,"[""WCM-1ab5756255dc6cc3700df0a9"",""WCM-29ad4c4e7cc1a4deb93949c1""]"
TAG-9b58c8c86c5edcfe59a5ea24,ROOTCOMP-67ec010ac281ef55eeacc915,institutional_channel,none_identified,bounded event evidence and corrected compensation metadata,"[""WCM-6464e4a19c16cbe8a9b501db""]"
TAG-df77c466d033843db029ab98,ROOTCOMP-84b2e6ec7b79b9c13d86a762,institutional_channel,settlement_or_mou,bounded event evidence and corrected compensation metadata,"[""WCM-5a6fa3ee4d69698b48df1a96""]"
TAG-3df7b7c424b90bd790b6a909,ROOTCOMP-cd54caed1a1670fed32a780a,institutional_channel,none_identified,bounded event evidence and corrected compensation metadata,"[""WCM-2317c50a2f8699003bd9ef9d"",""WCM-f666587a0920ba4ca60e5b00""]"
TAG-0bb6770e2b114c54205e5274,ROOTCOMP-2b5e09fc1c0f6d664178bbf9,institutional_channel,none_identified,bounded event evidence and corrected compensation metadata,"[""WCM-991ab0dd3c9fab8b53430e0a""]"
TAG-6f04e3ad6413f25bc84dd476,ROOTCOMP-1738dc4ad5e4bf45f6cb999c,institutional_channel,none_identified,bounded event evidence and corrected compensation metadata,"[""WCM-14d0afb9899464f8e2187c35""]"
TAG-7455e2013a948e5dcf34284f,ROOTCOMP-40f73fbe3da2c6bb5354beb9,institutional_channel,none_identified,bounded event evidence and corrected compensation metadata,"[""WCM-bffb41627b57b6fb18efab3f""]"
TAG-b03869bc34ef65e5b216cd25,ROOTCOMP-1d0f219280adf3fbf353f1c1,institutional_channel,none_identified,bounded event evidence and corrected compensation metadata,"[""WCM-c832e959c397e7a89ebf2eab""]"
TAG-761b5f1c847419e3253856bb,ROOTCOMP-48b9d28db6f29b44e2284219,institutional_channel,none_identified,bounded event evidence and corrected compensation metadata,"[""WCM-7110be64657a8691740b9f43""]"
TAG-31989a5c87e7956a0107b1b1,ROOTCOMP-8c00adc5d9d7a2e32d5706e8,institutional_channel,none_identified,bounded event evidence and corrected compensation metadata,"[""WCM-37db62abd5204b8534372dec"",""WCM-ebaef8f5963e3b6140c07e2f""]"
TAG-f364ba5ccc6a5ddfd5f3e43d,ROOTCOMP-01f7edd8a3539c41f23103f7,institutional_channel,none_identified,bounded event evidence and corrected compensation metadata,"[""WCM-f3d534cbaa6e9053bd02e977""]"
TAG-34528823ff4ad34a9aa472e5,ROOTCOMP-7a67745cf1bb049c45dc8922,institutional_channel,none_identified,bounded event evidence and corrected compensation metadata,"[""WCM-00cd86886f48b0633a0c433c""]"
TAG-bbcd8410ace6ab355bc71e3c,ROOTCOMP-29ebae00d0c1e4a12f828665,institutional_channel,none_identified,bounded event evidence and corrected compensation metadata,"[""WCM-6edb28d158fee19eeed5652e""]"
TAG-f67ae7296854436bd24fde4c,ROOTCOMP-b41e813345c9a27e0be7f01c,institutional_channel,none_identified,bounded event evidence and corrected compensation metadata,"[""WCM-7f75fca99e190f8a005b89c5""]"
TAG-b37d12b4df986efb432e50f5,ROOTCOMP-73e7e0b55b4edb52d83bc957,institutional_channel,collective_bargaining,bounded event evidence and corrected compensation metadata,"[""WCM-87f7b6eac6bca8c7c1a2fd59""]"
TAG-1b5d2e7f769753e5846678b2,ROOTCOMP-a959f0c857f62621e8e32ec3,institutional_channel,none_identified,bounded event evidence and corrected compensation metadata,"[""WCM-1cc27e4616decf1a69afdc0f""]"
TAG-534afda67522ca2688ab0ca2,ROOTCOMP-b248e48ca4ef221ae9d4d712,institutional_channel,none_identified,bounded event evidence and corrected compensation metadata,"[""WCM-9262b574a930a23ebd647115""]"
TAG-35f6a53ac7e48130f1dddb39,ROOTCOMP-cf31a58ca72e7077940a0ac3,institutional_channel,budget_pay_plan_process,bounded event evidence and corrected compensation metadata,"[""WCM-02d3c12e00a5210903ef74ad""]"
TAG-ccb2d2c8fdd49bce8e298f67,ROOTCOMP-ac7f028551df90e4ec829f32,institutional_channel,ordinance_council_adoption,bounded event evidence and corrected compensation metadata,"[""WCM-1d97525994819fae40cae6f1""]"
TAG-2ef0e546de41ac166a748a15,ROOTCOMP-2af8ab8b35cd07e41de1e0a5,institutional_channel,budget_pay_plan_process,bounded event evidence and corrected compensation metadata,"[""WCM-42f7d1573eaa28f75568dbfe"",""WCM-99ecc54b9c9f239277d73893"",""WCM-e12bfb3bac95bd2ec8bb1d2e""]"
TAG-0312cd05b00842b67f74bbd9,ROOTCOMP-9e6b6e783cb398f5489d23ab,institutional_channel,none_identified,bounded event evidence and corrected compensation metadata,"[""WCM-47d57a8cfe3df37786d8f1e3""]"
TAG-2fb3f16caa788e8b65923ed4,ROOTCOMP-00a489f8441a0924faa47d05,institutional_channel,collective_bargaining,bounded event evidence and corrected compensation metadata,"[""WCM-599fbdd27ff985c8f1042e71""]"
TAG-94938a92393d7d826b06ab0e,ROOTCOMP-c9622cafff01d65c34777735,institutional_channel,none_identified,bounded event evidence and corrected compensation metadata,"[""WCM-3605a0521ea4afcb6d0eca3a""]"
TAG-35b006022f869e5c9b662c78,ROOTCOMP-4f88fb0ac5b97b232297d7d4,institutional_channel,none_identified,bounded event evidence and corrected compensation metadata,"[""WCM-b7b35885fe375c57ae1044da""]"
TAG-e9af3352faf9b8f4099fc549,ROOTCOMP-a2f7ab236a246e5bf38fefc2,institutional_channel,budget_pay_plan_process,bounded event evidence and corrected compensation metadata,"[""WCM-25ef94298ba935a76c70dd40"",""WCM-46fa4aeec389fc577235e8d5"",""WCM-a04b4d2b5683dbe03055fd79""]"
TAG-d195a80294fcece310b1b832,ROOTCOMP-3d4c1b3deb5334214330540b,institutional_channel,none_identified,bounded event evidence and corrected compensation metadata,"[""WCM-fb722f31701c8eb96d331992""]"
TAG-11014b8de4bfb24991009c08,ROOTCOMP-458a4f0261bc4a21490ac2f6,institutional_channel,budget_pay_plan_process,bounded event evidence and corrected compensation metadata,"[""WCM-d99ca0cdaad954927002cfd1""]"
TAG-565a63c4b0087bcc4418aeff,ROOTCOMP-ea080ad840c41a013fbbd69e,institutional_channel,budget_pay_plan_process,bounded event evidence and corrected compensation metadata,"[""WCM-110676ee13c90224b3fd7d68""]"
TAG-d3d3941bc96ebb9f2efdf8ec,ROOTCOMP-41ab93be9ed5f27729422dcd,institutional_channel,budget_pay_plan_process,bounded event evidence and corrected compensation metadata,"[""WCM-1c062622309373bbb5997f41""]"
TAG-958c6e4fbb816a91512d0bf4,ROOTCOMP-4078a44ea4a3df80eb6d7a1b,institutional_channel,budget_pay_plan_process,bounded event evidence and corrected compensation metadata,"[""WCM-08d7e68552460f39d094e15b""]"
TAG-faf1cf7b35be6c4bde0e8a56,ROOTCOMP-4078a44ea4a3df80eb6d7a1b,institutional_channel,ordinance_council_adoption,bounded event evidence and corrected compensation metadata,"[""WCM-08d7e68552460f39d094e15b""]"
TAG-38af8915e1fc189304cadeee,ROOTCOMP-5afabb27f03193f94f928114,institutional_channel,budget_pay_plan_process,bounded event evidence and corrected compensation metadata,"[""WCM-c447948f18504f59bec05286""]"
TAG-d6a33679af65b70c0936990e,ROOTCOMP-85aefeff49495292b5d1f8cc,institutional_channel,budget_pay_plan_process,bounded event evidence and corrected compensation metadata,"[""WCM-17ab97c394bd69e410508997""]"
TAG-655f182ce655dad83f0911f7,ROOTCOMP-1acde8f636c01b718686307f,institutional_channel,budget_pay_plan_process,bounded event evidence and corrected compensation metadata,"[""WCM-4a1fd5c1b58ec1e3558700e0""]"
TAG-47871cc2e158c0f824325eb2,ROOTCOMP-d1900f5ba143cd85a1966bd1,institutional_channel,none_identified,bounded event evidence and corrected compensation metadata,"[""WCM-a0e046f21bbfdcd5fcad47ea""]"
TAG-27a99aa84906f84f1061a041,ROOTCOMP-1d8295072ee0b07b80026f44,institutional_channel,none_identified,bounded event evidence and corrected compensation metadata,"[""WCM-b7dc8d64d2ddfefc8e82ea1c""]"
TAG-e65e1082a71a712b5f232c10,ROOTCOMP-aeb32e9af2543c6b7514060e,institutional_channel,none_identified,bounded event evidence and corrected compensation metadata,"[""WCM-47d3ab54898a55fb506f8ca6"",""WCM-53d7c1b49acb96c7fee7dec2""]"
TAG-efd144916b0c5d0f1e80f82f,ROOTCOMP-0db16982ced0cbb314e9dd8b,institutional_channel,none_identified,bounded event evidence and corrected compensation metadata,"[""WCM-023de639d130aeb91aa9ab10"",""WCM-8fb97ed7343563b80fe8b534""]"
TAG-2331a17ed1158a4acfcfd609,ROOTCOMP-76e688d4bcad977eb8209f0a,institutional_channel,budget_pay_plan_process,bounded event evidence and corrected compensation metadata,"[""WCM-4b624ab7f77d3a20c716cf85"",""WCM-c420e3ac252e58be715a4168""]"
TAG-4b3df07bfea487227c7c04dd,ROOTCOMP-4465bb0fb9d649ff9719d8cd,institutional_channel,ordinance_council_adoption,bounded event evidence and corrected compensation metadata,"[""WCM-08f4626351d11d25feee832e""]"
TAG-a614a9c7af0b44f477f42949,ROOTCOMP-5277f723bc066222af6921e7,institutional_channel,budget_pay_plan_process,bounded event evidence and corrected compensation metadata,"[""WCM-c497203acd0faf2113d35e2e""]"
TAG-7639f725232a7b08dda22074,ROOTCOMP-fab9601789b6c12eee26dc9d,institutional_channel,none_identified,bounded event evidence and corrected compensation metadata,"[""WCM-08c8ce15221c8c3942ceb5bb""]"
TAG-e9561dd2c6300f2029547eab,ROOTCOMP-56a5e14c67e469f87425a555,institutional_channel,ordinance_council_adoption,bounded event evidence and corrected compensation metadata,"[""WCM-fb204bf37fee5e7fc21c09d2""]"
TAG-6f0c346d1d9a0c7e53d2201f,ROOTCOMP-6d6530a270d2bdf5af949393,institutional_channel,none_identified,bounded event evidence and corrected compensation metadata,"[""WCM-40cfa29af15ac45cc6e9c2a2"",""WCM-d702a6fc83e13137a0aa4ed6""]"
TAG-5b952c385e02dd47ca94e1f9,ROOTCOMP-50a947624ae5d5afcadecce6,institutional_channel,none_identified,bounded event evidence and corrected compensation metadata,"[""WCM-e706adaf303c11d26329cd1a""]"
TAG-925f613f4e68b3f72967f619,ROOTCOMP-1699230021359482102f2584,institutional_channel,none_identified,bounded event evidence and corrected compensation metadata,"[""WCM-51a5d0525020bf5069d75179""]"
TAG-e85a98a468423f8215dd2058,ROOTCOMP-5d0f0a7625f8859a9a0118e9,institutional_channel,none_identified,bounded event evidence and corrected compensation metadata,"[""WCM-17ecd0d4728f5778b461cbe7"",""WCM-a065608cd89facc23e8c636b""]"
TAG-8c749cc057c6fcf9777d9861,ROOTCOMP-92034658b6ec49a0728becd6,institutional_channel,none_identified,bounded event evidence and corrected compensation metadata,"[""WCM-4fc5afe6942bb5c2e165828d""]"
TAG-383f8027c40637e3c6fbea5d,ROOTCOMP-3113710d5271e1ac944e5b72,institutional_channel,collective_bargaining,bounded event evidence and corrected compensation metadata,"[""WCM-19276fea2a73db72fa0b4c6b""]"
TAG-5d8089c1b93dc6bc5cb585aa,ROOTCOMP-a7176464043afb92e366c8ee,institutional_channel,none_identified,bounded event evidence and corrected compensation metadata,"[""WCM-302e8041d99d4961a43d766b""]"
TAG-07b203cb39dc4f583282a829,ROOTCOMP-0f118f23a290fd4993be01c7,institutional_channel,none_identified,bounded event evidence and corrected compensation metadata,"[""WCM-3801f35ad73b82aa299ad96e""]"
TAG-6feda57626c3b5e3428266df,ROOTCOMP-4f858045d7f0c28dad0372e8,institutional_channel,budget_pay_plan_process,bounded event evidence and corrected compensation metadata,"[""WCM-548096542863beddb54a4195"",""WCM-e039d7d113ea9c4862c33cea""]"
TAG-3d53bcdf7a474ba5976bffc1,ROOTCOMP-ebf808d31de24b9ab43c5400,institutional_channel,budget_pay_plan_process,bounded event evidence and corrected compensation metadata,"[""WCM-2dae17e1ce37b946fe3872e8"",""WCM-4192edf109b7e44fe715970f""]"
TAG-6906b78586c08d9504604281,ROOTCOMP-7bc9f9858f56d666794bf80b,institutional_channel,budget_pay_plan_process,bounded event evidence and corrected compensation metadata,"[""WCM-2c1e4da55fc3d1516c698c26""]"
TAG-d46c11c9401d473f217b10f8,ROOTCOMP-ed325c55bbe0d365f9dca26d,institutional_channel,budget_pay_plan_process,bounded event evidence and corrected compensation metadata,"[""WCM-21407e7cc3d572acf0fd2f7a""]"
TAG-9dfe67eb09415d52f2016b2f,ROOTCOMP-c68ef057a544de1bfb99a273,institutional_channel,collective_bargaining,bounded event evidence and corrected compensation metadata,"[""WCM-36a9f16c9bf471a0ef9eaac4""]"
TAG-1442cfdfef222060103857d3,ROOTCOMP-c68ef057a544de1bfb99a273,institutional_channel,ordinance_council_adoption,bounded event evidence and corrected compensation metadata,"[""WCM-36a9f16c9bf471a0ef9eaac4""]"
TAG-357fb6a793f75d76fe81baeb,ROOTCOMP-c68ef057a544de1bfb99a273,institutional_channel,settlement_or_mou,bounded event evidence and corrected compensation metadata,"[""WCM-36a9f16c9bf471a0ef9eaac4""]"
TAG-fe7c059a1245347079bdd05b,ROOTCOMP-a9a4fc74cfc780417f44a18a,institutional_channel,none_identified,bounded event evidence and corrected compensation metadata,"[""WCM-7b8bde276ad8dba44354e3e5""]"
TAG-dc25d4cbbf13e2dd1fe6dca4,ROOTCOMP-4b1cb51c5a375a8d88eed87b,institutional_channel,budget_pay_plan_process,bounded event evidence and corrected compensation metadata,"[""WCM-a53a3479401a3125cae47b97"",""WCM-f40ae7b4e48febe6bb50cc5b""]"
TAG-d629ddb4cde977991d713219,ROOTCOMP-68d46a1db38fdb2f13bcd7a5,institutional_channel,ordinance_council_adoption,bounded event evidence and corrected compensation metadata,"[""WCM-76647047ef0f263f3d25a433""]"
TAG-99fa13184a4cfeddd5b53c92,ROOTCOMP-68d46a1db38fdb2f13bcd7a5,institutional_channel,settlement_or_mou,bounded event evidence and corrected compensation metadata,"[""WCM-76647047ef0f263f3d25a433""]"
TAG-42fe704e0a0521b40481333e,ROOTCOMP-13b1a2e22af1bb1435d148e9,institutional_channel,ordinance_council_adoption,bounded event evidence and corrected compensation metadata,"[""WCM-52f9847f01125f3ac8a6e4e2""]"
TAG-54b5053e8977c77bb20b19bd,ROOTCOMP-13b1a2e22af1bb1435d148e9,institutional_channel,settlement_or_mou,bounded event evidence and corrected compensation metadata,"[""WCM-52f9847f01125f3ac8a6e4e2""]"
TAG-6618c33fe9dc68a1505671cb,ROOTCOMP-9c931b2a7165dadadf47b846,institutional_channel,ordinance_council_adoption,bounded event evidence and corrected compensation metadata,"[""WCM-1bc6d229b4c31bb7d94b1b48""]"
TAG-66bc8a67ea6df45524a770ce,ROOTCOMP-9c931b2a7165dadadf47b846,institutional_channel,settlement_or_mou,bounded event evidence and corrected compensation metadata,"[""WCM-1bc6d229b4c31bb7d94b1b48""]"
TAG-2725567245201a41f5bac172,ROOTCOMP-df54cf68bd17bf616393fe56,institutional_channel,budget_pay_plan_process,bounded event evidence and corrected compensation metadata,"[""WCM-61140c158f9ac3c1f9009675"",""WCM-713012ec1c024bb4721a9968"",""WCM-a60b791cff9a6687cffc5054"",""WCM-f8fd7fd70a0805e3d8ee3d19""]"
TAG-6b20c4889f7572d473e9711c,ROOTCOMP-df54cf68bd17bf616393fe56,institutional_channel,ordinance_council_adoption,bounded event evidence and corrected compensation metadata,"[""WCM-61140c158f9ac3c1f9009675"",""WCM-713012ec1c024bb4721a9968"",""WCM-a60b791cff9a6687cffc5054"",""WCM-f8fd7fd70a0805e3d8ee3d19""]"
TAG-0c2cbfd6ff844d3613b1bcc1,ROOTCOMP-b892ec7ced6d20d6e40a62e7,institutional_channel,budget_pay_plan_process,bounded event evidence and corrected compensation metadata,"[""WCM-654e3a63fb9f631d96202d4e"",""WCM-b9bc474d5bef05a4214af55f""]"
TAG-7ec66d0ae1faf01543a0df88,ROOTCOMP-119d7a4ef4799242d6e0732d,institutional_channel,budget_pay_plan_process,bounded event evidence and corrected compensation metadata,"[""WCM-015a9f21fe307fe1be5b72ef"",""WCM-2002077a8dfef483e33dee07"",""WCM-d02020ebd5e3700154528c55""]"
TAG-ba735b38e97895cd7421fcad,ROOTCOMP-a34de75597f58711e726b256,institutional_channel,budget_pay_plan_process,bounded event evidence and corrected compensation metadata,"[""WCM-127e7da638dce1e47c8a8414""]"
TAG-afacbf1498f61b5bd4bcc029,ROOTCOMP-718e34386595e3da778343b5,institutional_channel,budget_pay_plan_process,bounded event evidence and corrected compensation metadata,"[""WCM-28e0a6a2a33b20a5a5db91b7"",""WCM-7a019cd3f685f8f3639b4bcc""]"
TAG-c846cd508f51170ca2579551,ROOTCOMP-f5a28c90d8fadacc576d1b52,institutional_channel,budget_pay_plan_process,bounded event evidence and corrected compensation metadata,"[""WCM-b8f078b1a664a7f7c8427d92""]"
TAG-7e74fd887d08ca63700b88a2,ROOTCOMP-f5a28c90d8fadacc576d1b52,institutional_channel,ordinance_council_adoption,bounded event evidence and corrected compensation metadata,"[""WCM-b8f078b1a664a7f7c8427d92""]"
TAG-20ec77d34e8e5955ed2044d3,ROOTCOMP-a9a9667173d28f9063310c7d,institutional_channel,none_identified,bounded event evidence and corrected compensation metadata,"[""WCM-d89f7e7c504c0f0fee026411""]"
TAG-70c6aab3a81e44e1aa24f634,ROOTCOMP-e520b429a49a74f95071702b,institutional_channel,none_identified,bounded event evidence and corrected compensation metadata,"[""WCM-e35329dc5453d9aa4164d8a5""]"
TAG-f052a94e614173284259390a,ROOTCOMP-3a7101cbf0ebfe143758b4b5,institutional_channel,collective_bargaining,bounded event evidence and corrected compensation metadata,"[""WCM-5ecf8dc8b7b0c1e2da6e31a2""]"
TAG-98331bacc84c9804a9b39f9c,ROOTCOMP-3a7101cbf0ebfe143758b4b5,institutional_channel,ordinance_council_adoption,bounded event evidence and corrected compensation metadata,"[""WCM-5ecf8dc8b7b0c1e2da6e31a2""]"
TAG-4a75991739a6d1b56a1a2557,ROOTCOMP-3a7101cbf0ebfe143758b4b5,institutional_channel,settlement_or_mou,bounded event evidence and corrected compensation metadata,"[""WCM-5ecf8dc8b7b0c1e2da6e31a2""]"
TAG-bc8e47fde9fa04db6f3b8d62,ROOTCOMP-67e337110e80a6ae267ff723,institutional_channel,ordinance_council_adoption,bounded event evidence and corrected compensation metadata,"[""WCM-78f697f222ee86ee4d7c22f2""]"
TAG-cc9ef2f172e5a121c62378b3,ROOTCOMP-67e337110e80a6ae267ff723,institutional_channel,settlement_or_mou,bounded event evidence and corrected compensation metadata,"[""WCM-78f697f222ee86ee4d7c22f2""]"
TAG-f5b4f7aae08dd695bc5ad894,ROOTCOMP-bd5670588d2f02794577a0a1,institutional_channel,none_identified,bounded event evidence and corrected compensation metadata,"[""WCM-dd2150aa7bb2b49f4471c40a""]"
TAG-4a2dc13657fa65d0b7c55b66,ROOTCOMP-9b623059cd0570b11719b28b,institutional_channel,budget_pay_plan_process,bounded event evidence and corrected compensation metadata,"[""WCM-cec382a56585c2594fde3905""]"
TAG-fe1cdc05832cf52990e9a02b,ROOTCOMP-9b623059cd0570b11719b28b,institutional_channel,ordinance_council_adoption,bounded event evidence and corrected compensation metadata,"[""WCM-cec382a56585c2594fde3905""]"
TAG-96f1b44fc8acf70c05a01601,ROOTCOMP-9b623059cd0570b11719b28b,institutional_channel,settlement_or_mou,bounded event evidence and corrected compensation metadata,"[""WCM-cec382a56585c2594fde3905""]"
TAG-ebdc901f93ad75f83352a20f,ROOTCOMP-4423e9a17a882fa8eb109f05,institutional_channel,budget_pay_plan_process,bounded event evidence and corrected compensation metadata,"[""WCM-57695652f77e4693935ff68f""]"
TAG-b8604811d2a87e93e6fbe4a4,ROOTCOMP-4423e9a17a882fa8eb109f05,institutional_channel,ordinance_council_adoption,bounded event evidence and corrected compensation metadata,"[""WCM-57695652f77e4693935ff68f""]"
TAG-4217e6f6beb921d528de4b13,ROOTCOMP-4423e9a17a882fa8eb109f05,institutional_channel,settlement_or_mou,bounded event evidence and corrected compensation metadata,"[""WCM-57695652f77e4693935ff68f""]"
TAG-b4d5f6ab74fee203ca05d984,ROOTCOMP-87168affb4bcfac7e3ee55f2,institutional_channel,none_identified,bounded event evidence and corrected compensation metadata,"[""WCM-603e8167b143ce14ac48a5d6"",""WCM-99022d7975117c0ee4627f89""]"
TAG-4b14b29a5030020851d24246,ROOTCOMP-220144632db5bf93bb5c4dbc,institutional_channel,budget_pay_plan_process,bounded event evidence and corrected compensation metadata,"[""WCM-f1e524d2e9ee6e8393f25a86""]"
TAG-4966d0a6e4dc79ee354b15ae,ROOTCOMP-934877095f5f028cbaf225da,institutional_channel,budget_pay_plan_process,bounded event evidence and corrected compensation metadata,"[""WCM-c6336c298959b4b011f5f4e4""]"
TAG-4f014802748504f28103c2ac,ROOTCOMP-934877095f5f028cbaf225da,institutional_channel,settlement_or_mou,bounded event evidence and corrected compensation metadata,"[""WCM-c6336c298959b4b011f5f4e4""]"
TAG-07a4b8c3c5710e03753a01c6,ROOTCOMP-b533dc4f26434cddea9af0b6,institutional_channel,none_identified,bounded event evidence and corrected compensation metadata,"[""WCM-7690fb5f28178db39c1a1d1e""]"
TAG-ae39e20e794dacaa87d96b82,ROOTCOMP-49047fce18d9121db21df1bb,institutional_channel,none_identified,bounded event evidence and corrected compensation metadata,"[""WCM-480bf46ef081a75519b8ed6b"",""WCM-9eeb2cf1cc5e14bd78a668dc"",""WCM-e56f249dbc103e51f10ef021""]"
TAG-d7c60ba25f414bc42c41719d,ROOTCOMP-7cfd3f25ab32606bb774bbb3,institutional_channel,none_identified,bounded event evidence and corrected compensation metadata,"[""WCM-bb7dbd287380fd62968fd1fc""]"
TAG-0f9e8ba72f9781379801d3a6,ROOTCOMP-0f30a022e47011a057902335,institutional_channel,none_identified,bounded event evidence and corrected compensation metadata,"[""WCM-eca11ed0290224ec50e153c3""]"
TAG-237f620303e1863229815285,ROOTCOMP-09212dc81726e39a8d417625,institutional_channel,none_identified,bounded event evidence and corrected compensation metadata,"[""WCM-089947f630a21f34a28c83e3"",""WCM-4265f2bab2858292e1ad3bc2""]"
TAG-fa7b849ca54352d0c52c392a,ROOTCOMP-64ca2ac0227ab4611fdaed5f,institutional_channel,none_identified,bounded event evidence and corrected compensation metadata,"[""WCM-bc66bdb70ee89f3030dff8db""]"
TAG-deeacd90022e7aaddbe045bf,ROOTCOMP-62ab66f7f2940ff6b7b1e9e6,institutional_channel,budget_pay_plan_process,bounded event evidence and corrected compensation metadata,"[""WCM-a3cfa984d5d67aa2b807789a""]"
TAG-47527b3552df4d4d1c82dee8,ROOTCOMP-62ab66f7f2940ff6b7b1e9e6,institutional_channel,ordinance_council_adoption,bounded event evidence and corrected compensation metadata,"[""WCM-a3cfa984d5d67aa2b807789a""]"
TAG-b2316bcb12a193ac8ed1fcc8,ROOTCOMP-6ba794f0ec32bb439e4bc7ea,institutional_channel,none_identified,bounded event evidence and corrected compensation metadata,"[""WCM-66bfd4ca157918db97688f2c"",""WCM-7d297770d222feacfe3b24c8"",""WCM-a8467a7c764325e6613973ec"",""WCM-ce024f80a64c5854a203ae31""]"
TAG-ad16feef4676c3698ddcc444,ROOTCOMP-ec8c5c58eeb73d59740c55cd,institutional_channel,none_identified,bounded event evidence and corrected compensation metadata,"[""WCM-c8d1e5b7825c4e11e30667d7""]"
TAG-71ff499d1a06b6e3a5f80031,ROOTCOMP-d29d5d00eefb81d42d2b7146,institutional_channel,none_identified,bounded event evidence and corrected compensation metadata,"[""WCM-a2449674a7dfed11625a8cc2"",""WCM-ceed3a57ad5206209cf9609a""]"
TAG-7d6e2b57d34a23ed537d7ff2,ROOTCOMP-c3fcf0f0fcee8018d1103e03,institutional_channel,none_identified,bounded event evidence and corrected compensation metadata,"[""WCM-2d6cda475cfb92dcd70014d2""]"
TAG-dc0209a4f9e1727512d04888,ROOTCOMP-56d5da7270ab5a63f6206c96,institutional_channel,none_identified,bounded event evidence and corrected compensation metadata,"[""WCM-906246303f66ab9bbdd78860""]"
TAG-8799fa5d383d0e7bc4d79118,ROOTCOMP-40b77ecd930658466476ef8e,institutional_channel,budget_pay_plan_process,bounded event evidence and corrected compensation metadata,"[""WCM-63bda36c19c20275a3dcb3d9"",""WCM-712ddcdbd6b3b7cc1c5ca2a3"",""WCM-9ec96f0606076374ae5e83ed""]"
TAG-3bc657e3a660aec71b806f63,ROOTCOMP-93bb9303eb8c74b24bf2f4ab,institutional_channel,none_identified,bounded event evidence and corrected compensation metadata,"[""WCM-7a5030d363a80b50d7ff4b1d"",""WCM-8db1cdc930e5492d1b923a69"",""WCM-f58957f58ce99026fb4b0f03""]"
TAG-52ca891c453be1b57138bfdd,ROOTCOMP-39a0cd1c58eba94878efe9a5,institutional_channel,budget_pay_plan_process,bounded event evidence and corrected compensation metadata,"[""WCM-95ec6500b2c01cb213b1c5a4""]"
TAG-f1bc31ca2b0c396ad127ee20,ROOTCOMP-5285ae188a11bc41421bd62b,institutional_channel,budget_pay_plan_process,bounded event evidence and corrected compensation metadata,"[""WCM-80b7f59c3af2f33f1379e260""]"
TAG-856aff1943d2aded220b8367,ROOTCOMP-785bbf155cb52bae461fd593,institutional_channel,none_identified,bounded event evidence and corrected compensation metadata,"[""WCM-6a36b82524e2952e03cee96c"",""WCM-8d07058d17953011db5accaa"",""WCM-8f548769db2d14a018cfa371""]"
TAG-c56242fb5ee1c3a112ac4f3f,ROOTCOMP-66aa53176a326a1ce236f416,institutional_channel,none_identified,bounded event evidence and corrected compensation metadata,"[""WCM-5556eb8810649e103cf73a3c""]"
TAG-46fd2d2d83ecdd3ea53983a7,ROOTCOMP-c01a7570d8772e465b35087f,institutional_channel,budget_pay_plan_process,bounded event evidence and corrected compensation metadata,"[""WCM-12e1385b92a0e0e84a73f8bd""]"
TAG-3eadaedc171675f8b90025f2,ROOTCOMP-d400ac3c3c0f7ae49823903a,institutional_channel,budget_pay_plan_process,bounded event evidence and corrected compensation metadata,"[""WCM-6df4baf6ae3833bd9b9699dd""]"
TAG-3e83b36e003b0a0049082dae,ROOTCOMP-5f1807abf93ef6fb461559b0,institutional_channel,none_identified,bounded event evidence and corrected compensation metadata,"[""WCM-90550b691df01baae15b1c82"",""WCM-b390d3b31ad52d46a8acd66a""]"
TAG-4a9f24e4fa4431daea734871,ROOTCOMP-63d12d22d3200ef8dff507c3,institutional_channel,none_identified,bounded event evidence and corrected compensation metadata,"[""WCM-597d088b30acf55e8b031e46"",""WCM-6adba37aa653c0e391521958""]"
TAG-83e5dbca90cdf8fd16d38163,ROOTCOMP-8fff65666779ee91445530cf,institutional_channel,none_identified,bounded event evidence and corrected compensation metadata,"[""WCM-b143acb947bcc34a5be2303a""]"
TAG-380cfc55432653fd1e03a9ee,ROOTCOMP-4e0ec407e3068a2ca6eadbc2,institutional_channel,none_identified,bounded event evidence and corrected compensation metadata,"[""WCM-1b3cb921044a89ccf19b998d""]"
TAG-1758fe281a73efc511596226,ROOTCOMP-d30ea8894fec6da29fafdbc9,institutional_channel,none_identified,bounded event evidence and corrected compensation metadata,"[""WCM-6ee1b3645a4219c41599a589""]"
TAG-88eb6a306feaa4e40d42ef64,ROOTCOMP-1d7365e83c5209dc7cb5da78,institutional_channel,ordinance_council_adoption,bounded event evidence and corrected compensation metadata,"[""WCM-70cc8609e4a5dd11e5a3d740""]"
TAG-34ec6f6445a6f1b55e1617a4,ROOTCOMP-1d7365e83c5209dc7cb5da78,institutional_channel,settlement_or_mou,bounded event evidence and corrected compensation metadata,"[""WCM-70cc8609e4a5dd11e5a3d740""]"
TAG-72ed7493acbf64fadb2afb39,ROOTCOMP-6c1f2552485635ad2b63eefa,institutional_channel,none_identified,bounded event evidence and corrected compensation metadata,"[""WCM-346c11c2549fe3c04ddd02cb""]"
TAG-2e9205f00aa3fc124f45392b,ROOTCOMP-e38a9cc40ef16a26b5d5d35d,institutional_channel,none_identified,bounded event evidence and corrected compensation metadata,"[""WCM-09369e3e470fa876f491bd98"",""WCM-8ed0fdeba4ad0fb908de080b""]"
TAG-a7c314a5ec7ff66a3a5d5318,ROOTCOMP-d63361d9de2505f53e4ebb6f,institutional_channel,none_identified,bounded event evidence and corrected compensation metadata,"[""WCM-348aa4484b12968a2c7baf85""]"
TAG-4e54b212b4197b9b4ac544f0,ROOTCOMP-6576f14d96d5dcd50deee252,institutional_channel,none_identified,bounded event evidence and corrected compensation metadata,"[""WCM-5a6485a418b0afb40461431d"",""WCM-a46740f219426d0941d6cbce""]"
TAG-0d839da331c413c106ead2ec,ROOTCOMP-99afe92b1af6f2f648b171fd,institutional_channel,none_identified,bounded event evidence and corrected compensation metadata,"[""WCM-779cd2101828a7eac8131372""]"
TAG-c12f5565eb5a9b1ab42d40c2,ROOTCOMP-736600197db265015f0dd357,institutional_channel,none_identified,bounded event evidence and corrected compensation metadata,"[""WCM-291146c7fd98f246812ac97c""]"
TAG-c07276d7da2ff333be040d31,ROOTCOMP-a3ace7471bc294f83d844f15,institutional_channel,none_identified,bounded event evidence and corrected compensation metadata,"[""WCM-a7b21aa643089cff5f2841c6""]"
TAG-745d7283a0670c456eae5c73,ROOTCOMP-ea38f0b619a145f5cd5a413a,institutional_channel,none_identified,bounded event evidence and corrected compensation metadata,"[""WCM-46eb1e905ab1cdeaeb2cbeac""]"
TAG-ab8fc251bf97f1f69acbb725,ROOTCOMP-4ecf6f43a2a557770c46f67d,institutional_channel,none_identified,bounded event evidence and corrected compensation metadata,"[""WCM-36b4860337fe970ed87317da""]"
TAG-cf7e36f6d06ca1794dc25a17,ROOTCOMP-72c5da726e0c781f5c48050a,institutional_channel,none_identified,bounded event evidence and corrected compensation metadata,"[""WCM-7093efea5a875e1fa056c63a""]"
TAG-f7e0f4703b66697a3640f456,ROOTCOMP-69679022a459172915c4b46a,institutional_channel,none_identified,bounded event evidence and corrected compensation metadata,"[""WCM-ee7c61a87ce73bc988a7c9e4""]"
TAG-7ff2b6df7ca480bce3fc11a5,ROOTCOMP-4a1b9e613bcdb8427bab3233,institutional_channel,none_identified,bounded event evidence and corrected compensation metadata,"[""WCM-2eadf0e672ff604b92ba0f4a""]"
TAG-2e56e3190514dc8bc37e0706,ROOTCOMP-a4ac54d78711ececb43c03ab,institutional_channel,budget_pay_plan_process,bounded event evidence and corrected compensation metadata,"[""WCM-b4a0e1db8c67f1c8e06a01fd""]"
TAG-4bfd7e988c97c53fd61b7c95,ROOTCOMP-a4ac54d78711ececb43c03ab,institutional_channel,ordinance_council_adoption,bounded event evidence and corrected compensation metadata,"[""WCM-b4a0e1db8c67f1c8e06a01fd""]"
TAG-82fe6a0e948064f9729c8e74,ROOTCOMP-a4ac54d78711ececb43c03ab,institutional_channel,settlement_or_mou,bounded event evidence and corrected compensation metadata,"[""WCM-b4a0e1db8c67f1c8e06a01fd""]"
TAG-07d8436dd3671d9cf28fd618,ROOTCOMP-62b96ad7c5052c0bb85fead8,institutional_channel,none_identified,bounded event evidence and corrected compensation metadata,"[""WCM-4fb48472f4c13bacd400670d""]"
TAG-b62fe605c8f0296ed8398d35,ROOTCOMP-5ccadd0d9a8bcf79a5db962d,institutional_channel,none_identified,bounded event evidence and corrected compensation metadata,"[""WCM-d9349e4b4ff1353bd6102abf""]"
TAG-328ed062f249e75defa81e59,ROOTCOMP-bd5b0cf780367b7a71c15e42,institutional_channel,none_identified,bounded event evidence and corrected compensation metadata,"[""WCM-5140b76ca47706f49aa3ba84""]"
TAG-089742cdfe404710f944ff11,ROOTCOMP-2807832b52c99fcafcc4a511,institutional_channel,none_identified,bounded event evidence and corrected compensation metadata,"[""WCM-b2260ccffd00391348ae5abd""]"
TAG-b8bd9d44913e4e932c24500b,ROOTCOMP-90c5be5b84a41e7f052a41bf,institutional_channel,none_identified,bounded event evidence and corrected compensation metadata,"[""WCM-f952bba02aa4d0f834a3b019""]"
TAG-a99fb9b21cf6fe5d202b3e8d,ROOTCOMP-1c6e3efbc06ebd0f19e01969,institutional_channel,none_identified,bounded event evidence and corrected compensation metadata,"[""WCM-f9a75bedbf54762fbe883f06""]"
TAG-788d0a1e8b3728f54a174869,ROOTCOMP-c0a6ae7b1f249c64086bd27d,institutional_channel,none_identified,bounded event evidence and corrected compensation metadata,"[""WCM-1fdc729ed2ca2ec3ce9e698c"",""WCM-216b0c6c7f454edb5f38af84"",""WCM-f2d75d6379dc031028d478c1""]"
TAG-f14b5c4cb96c64838ee039cd,ROOTCOMP-51c212923d3fbf7c7bb75214,institutional_channel,none_identified,bounded event evidence and corrected compensation metadata,"[""WCM-42e16bae2714ce10b3ad54da""]"
TAG-4b89089732c9200aaab61bc6,ROOTCOMP-8f74deb613a98b6cf27b4ddb,institutional_channel,none_identified,bounded event evidence and corrected compensation metadata,"[""WCM-673d7c06904c76bad4fc3500"",""WCM-9c234307947ad1fc686ca048"",""WCM-9fa245dd41b3627942c8526e""]"
TAG-e5b7dbcbed8a7c96f79f07d5,ROOTCOMP-7a9fe0de1346da8d4b3d9d69,institutional_channel,none_identified,bounded event evidence and corrected compensation metadata,"[""WCM-9b97f5a879a1ccbf26b6ffda"",""WCM-fa284cae4d7023776f9beba1""]"
TAG-5f1c7413d839bb1b73f77f2b,ROOTCOMP-0ad4acc7c578cfdd1ffddf12,institutional_channel,none_identified,bounded event evidence and corrected compensation metadata,"[""WCM-e8dd62f926b8d4154fd02e66""]"
TAG-92aa8db4e906e8b296bc4d93,ROOTCOMP-88a6d0ddb7713ae58ab38cdf,institutional_channel,none_identified,bounded event evidence and corrected compensation metadata,"[""WCM-6499cccd83f7e1ac4ed19abb""]"
TAG-1d6f0887b58917dd90646f7e,ROOTCOMP-d2c98b36839ee0f51506f3ea,institutional_channel,none_identified,bounded event evidence and corrected compensation metadata,"[""WCM-e895d005e13765092c07b09d""]"
TAG-054041bfe8ece577d191f9f4,ROOTCOMP-56b568e6050a765e07db4176,institutional_channel,none_identified,bounded event evidence and corrected compensation metadata,"[""WCM-9b31ae91f20d9492cd48504e""]"
TAG-876546eb265ef3177e6d1f2d,ROOTCOMP-100f52a6bb50ea7dfb859991,institutional_channel,none_identified,bounded event evidence and corrected compensation metadata,"[""WCM-7791e50c5b3a431d08cd3f79""]"
TAG-84458c3c6b0f89ddef040693,ROOTCOMP-7d247817730e571850566b6b,institutional_channel,none_identified,bounded event evidence and corrected compensation metadata,"[""WCM-5cf7de418190e3a04e131693"",""WCM-cda0408dc79b6883fbf682e0""]"
TAG-a2a290eab8ac8c65c03ab9ec,ROOTCOMP-a4ca158d1cf332dcba383748,institutional_channel,none_identified,bounded event evidence and corrected compensation metadata,"[""WCM-c2bf0e5784fb32b31c724082"",""WCM-dcb038ef2d7879d43a3b2146"",""WCM-fa7c81ed8c0fc1f616b0324e""]"
TAG-1a9af893980f4c3def057448,ROOTCOMP-478cf450a5dc010257954c20,institutional_channel,none_identified,bounded event evidence and corrected compensation metadata,"[""WCM-268aeab9aa64ac3487e9d4be"",""WCM-36ba4b5a477932d1a9cb5dfb""]"
TAG-62b43a997833826c41194c30,ROOTCOMP-65a1f4ec86aa9b2442e67879,institutional_channel,none_identified,bounded event evidence and corrected compensation metadata,"[""WCM-8872b77d10489f624af61361""]"
TAG-9cdc33f286ef6af29f555990,ROOTCOMP-c06ca1a370529de8072885ea,institutional_channel,none_identified,bounded event evidence and corrected compensation metadata,"[""WCM-df9d0e9ebc650b6af8675095""]"
TAG-7db8d302c2cb8f1a8ba14ed5,ROOTCOMP-a40990b502aa70b8b7b2fe9f,institutional_channel,budget_pay_plan_process,bounded event evidence and corrected compensation metadata,"[""WCM-830603cb4280f807d43fe319""]"
TAG-350ea1bca3b7894cc96c4c32,ROOTCOMP-a40990b502aa70b8b7b2fe9f,institutional_channel,ordinance_council_adoption,bounded event evidence and corrected compensation metadata,"[""WCM-830603cb4280f807d43fe319""]"
TAG-fc64b59e9bb4dfe021c1b060,ROOTCOMP-7ae4a2e2bafb1d217a3428ad,institutional_channel,none_identified,bounded event evidence and corrected compensation metadata,"[""WCM-98d70a4d8d42a510d371fdc2""]"
TAG-2a5c1e0ee6aa6d90ac30ace5,ROOTCOMP-393494229b4bb91a73839119,institutional_channel,none_identified,bounded event evidence and corrected compensation metadata,"[""WCM-258a744cb63fe946b430aa8e""]"
TAG-7c2be0bb6501ea1c298774c5,ROOTCOMP-c789f6897998d9512609bfa1,institutional_channel,ordinance_council_adoption,bounded event evidence and corrected compensation metadata,"[""WCM-1d766121a7caa600f77dbdb9""]"
TAG-105e772084687726ff4c7b94,ROOTCOMP-a1aa229a5c12f85884e631fd,institutional_channel,budget_pay_plan_process,bounded event evidence and corrected compensation metadata,"[""WCM-d9a675abf666c07f0912f8b3""]"
TAG-e3c492d731125b76c0f7250e,ROOTCOMP-cb596b07b63ca45314acb50a,institutional_channel,budget_pay_plan_process,bounded event evidence and corrected compensation metadata,"[""WCM-10e0d9923d8bf0d4999968fe""]"
TAG-4816c596bb535a900d287e28,ROOTCOMP-cb596b07b63ca45314acb50a,institutional_channel,ordinance_council_adoption,bounded event evidence and corrected compensation metadata,"[""WCM-10e0d9923d8bf0d4999968fe""]"
TAG-b7003b1b177157b099713cf6,ROOTCOMP-89422670b68c61033ed50880,institutional_channel,none_identified,bounded event evidence and corrected compensation metadata,"[""WCM-6cfe5eaa2613484fd671ef5d""]"
TAG-c2baa84674bbab7cadb140c2,ROOTCOMP-9ab6bc79d3d664742172b29b,institutional_channel,none_identified,bounded event evidence and corrected compensation metadata,"[""WCM-12406562011c692aac5e1c07"",""WCM-d5de09e28ef5068e6e8f9c7a""]"
TAG-8256d5ba4eaa2e1e377a501a,ROOTCOMP-e0ede85e61bd4f0324d458a2,institutional_channel,budget_pay_plan_process,bounded event evidence and corrected compensation metadata,"[""WCM-ac9e586a3bccea8895cf99b4""]"
TAG-29cf908506f04a20947667bf,ROOTCOMP-27a248dba1f3973b7297671e,institutional_channel,ordinance_council_adoption,bounded event evidence and corrected compensation metadata,"[""WCM-a25bdaf17e313b079afe3972""]"
TAG-063d9a77bb3fcfd62ccae4e1,ROOTCOMP-0ebfa6a88ca8b19b0175ab6e,institutional_channel,ordinance_council_adoption,bounded event evidence and corrected compensation metadata,"[""WCM-668b5cb5f45b980bbcd96a6e""]"
TAG-22512bbbc24b9f2d0714ca15,ROOTCOMP-6442cfb1fa2faae863d4b38c,institutional_channel,none_identified,bounded event evidence and corrected compensation metadata,"[""WCM-086f6e626b2a0d81951b7b1e""]"
TAG-ae5876cd8b6f640ef317730f,ROOTCOMP-10ec1cc2e4a57ec0c4b49dbb,institutional_channel,budget_pay_plan_process,bounded event evidence and corrected compensation metadata,"[""WCM-cdf8b3902d01a54ed30e6b95""]"
TAG-fb5f2efdd860a45eaf2ee948,ROOTCOMP-10ec1cc2e4a57ec0c4b49dbb,institutional_channel,ordinance_council_adoption,bounded event evidence and corrected compensation metadata,"[""WCM-cdf8b3902d01a54ed30e6b95""]"
TAG-1daef0c097811eb75a4b6598,ROOTCOMP-171bfdc4d96d427ee5c6d267,institutional_channel,none_identified,bounded event evidence and corrected compensation metadata,"[""WCM-4d33b7cc6c6210e17d724977""]"
TAG-d86bf3eb5745f0cae5f5c5e5,ROOTCOMP-9218c8a3869cef5f2bb8056a,institutional_channel,budget_pay_plan_process,bounded event evidence and corrected compensation metadata,"[""WCM-2364256e316453bf14b10443""]"
TAG-6c1381cdb37724bf49010527,ROOTCOMP-9218c8a3869cef5f2bb8056a,institutional_channel,ordinance_council_adoption,bounded event evidence and corrected compensation metadata,"[""WCM-2364256e316453bf14b10443""]"
TAG-f36f48946fa3459e3f452b65,ROOTCOMP-fe09082cef3d8d925d81ce0b,institutional_channel,none_identified,bounded event evidence and corrected compensation metadata,"[""WCM-fcf760c1481dff356e334736""]"
TAG-67d7c0ed8484ab76e2acf537,ROOTCOMP-585fea36772ccf82ec5dc096,institutional_channel,none_identified,bounded event evidence and corrected compensation metadata,"[""WCM-8bed0563f1f18487d0f1584f""]"
TAG-108aad90f44be13f4a18d19e,ROOTCOMP-d36019a4d161efd9bdbbdf49,institutional_channel,ordinance_council_adoption,bounded event evidence and corrected compensation metadata,"[""WCM-eeec43dd81b87f813859465e""]"
TAG-6e535f2889e939e8955d8629,ROOTCOMP-200e12cbbc76f6456042ef9a,institutional_channel,none_identified,bounded event evidence and corrected compensation metadata,"[""WCM-9e3cf5d73d36c079c07e7ac9"",""WCM-d4f9b5a33741c3f7a4d55b63"",""WCM-ea0f4f85a0a70151702762e0""]"
TAG-2a522ed5e655551ed2fdc4d1,ROOTCOMP-176a486df8067d441a02f7be,institutional_channel,none_identified,bounded event evidence and corrected compensation metadata,"[""WCM-306d1b97df6634d658e9fc29""]"
TAG-518b3d5ddda62b4d143a2507,ROOTCOMP-9e08ad55ce21c4964127e5a2,institutional_channel,settlement_or_mou,bounded event evidence and corrected compensation metadata,"[""WCM-54081f55d2036c08ab1e85ef""]"
TAG-01c6d0ae36724769bd2f3478,ROOTCOMP-5c237c7f164b351ae35ade26,institutional_channel,budget_pay_plan_process,bounded event evidence and corrected compensation metadata,"[""WCM-7489cd040314ec7fc5e11825""]"
TAG-7e6173a0e051ef98f37ef0c9,ROOTCOMP-8d3d6728e5a86f8455f455c7,institutional_channel,none_identified,bounded event evidence and corrected compensation metadata,"[""WCM-6f770c33977e4542a1042b58""]"
TAG-d8fe0a902fef68b28ec5df4a,ROOTCOMP-0b2d342934cb36bc71c66938,institutional_channel,ordinance_council_adoption,bounded event evidence and corrected compensation metadata,"[""WCM-bf2c43723e4d6e74a09dfd85""]"
TAG-126b78aa79dd84836161cb36,ROOTCOMP-230b5a18506c287d7b0f99b1,institutional_channel,budget_pay_plan_process,bounded event evidence and corrected compensation metadata,"[""WCM-bee13e72eb485a226b4d94b3""]"
TAG-5f94182db7b3771c9203e7a3,ROOTCOMP-230b5a18506c287d7b0f99b1,institutional_channel,ordinance_council_adoption,bounded event evidence and corrected compensation metadata,"[""WCM-bee13e72eb485a226b4d94b3""]"
TAG-bed736dd7be643e1dc2babf9,ROOTCOMP-95743555d70d11639a9acb99,institutional_channel,none_identified,bounded event evidence and corrected compensation metadata,"[""WCM-9b76d9dea4c9c0fcfd4edc3d""]"
TAG-6e916a9338653a70b3468c5f,ROOTCOMP-9eb3e092e7d4a904429dbe43,institutional_channel,none_identified,bounded event evidence and corrected compensation metadata,"[""WCM-1e0fffe2c0682dbd1f4743ac""]"
TAG-d543c2ae66fe5db21176e629,ROOTCOMP-1b60a9a3701ebea77c816c02,institutional_channel,budget_pay_plan_process,bounded event evidence and corrected compensation metadata,"[""WCM-bbfc75db1344522fc9a22076""]"
TAG-6a63e80f20f2276f7e68f496,ROOTCOMP-1e52669ea5aac256021483d2,institutional_channel,ordinance_council_adoption,bounded event evidence and corrected compensation metadata,"[""WCM-b41b68dba06b0af2f821fbd2""]"
TAG-1e2b61e1c719c919cf0ddc6f,ROOTCOMP-b2f3bc02937d5306c403ce73,institutional_channel,classification_civil_service,bounded event evidence and corrected compensation metadata,"[""WCM-3839bd68c9dcda90a5c5199d""]"
TAG-da38044b8692b50d66780e9a,ROOTCOMP-0b1199dda520570d8b70fcae,institutional_channel,none_identified,bounded event evidence and corrected compensation metadata,"[""WCM-1c34bbbf2a27886f54877cff"",""WCM-758e4157eeb4046311067f97""]"
TAG-fdff0debbac467b79c9ec764,ROOTCOMP-20fa5ff3172a7ed2e4a63866,institutional_channel,budget_pay_plan_process,bounded event evidence and corrected compensation metadata,"[""WCM-0fe9465cc33ec6201b1dbab4""]"
TAG-fb9855e593eda055c528b788,ROOTCOMP-6488bf462ca5974d815bb62a,institutional_channel,budget_pay_plan_process,bounded event evidence and corrected compensation metadata,"[""WCM-d2c8dc3b9a9ecda62e8b24fd""]"
TAG-28cd07114474933aabecb92a,ROOTCOMP-6488bf462ca5974d815bb62a,institutional_channel,ordinance_council_adoption,bounded event evidence and corrected compensation metadata,"[""WCM-d2c8dc3b9a9ecda62e8b24fd""]"
TAG-e30e95a1ba8babc725ba7f3d,ROOTCOMP-beeef1f4931bda854a47c61c,institutional_channel,none_identified,bounded event evidence and corrected compensation metadata,"[""WCM-457040ff1bba768ada71ba49"",""WCM-d011a4215f40252f68c8165d""]"
TAG-e25a66d282b4124061b61377,ROOTCOMP-12aab96f86ee0c0d85e1ad31,institutional_channel,none_identified,bounded event evidence and corrected compensation metadata,"[""WCM-2872fc9d9db5044ec6bb13ae""]"
TAG-81248a9ee5b3b548b4704728,ROOTCOMP-f03803f541875ec1470b0120,institutional_channel,none_identified,bounded event evidence and corrected compensation metadata,"[""WCM-ed0f8002a1a2c38a356bbe79""]"
TAG-a938e229e281a381ddef9c4c,ROOTCOMP-85de123e2ec0586919d6ba9d,institutional_channel,none_identified,bounded event evidence and corrected compensation metadata,"[""WCM-49c83030b8cd47c3c9d828bd"",""WCM-4d7d7fa2d2c0dbf441673fa8"",""WCM-8c1b543f69f2621b254800c6""]"
TAG-1c27243636607749fde3bf2e,ROOTCOMP-025f0129a192e915d7e53e17,institutional_channel,none_identified,bounded event evidence and corrected compensation metadata,"[""WCM-a20090ec5e094addc45c082f""]"
TAG-90d722a32d56ccbb3d8b06b3,ROOTCOMP-46cf1ab7cd2ca9455247b18f,institutional_channel,none_identified,bounded event evidence and corrected compensation metadata,"[""WCM-4d655b19360bc898397a01bc""]"
TAG-b5024da346df096d7788db1b,ROOTCOMP-3d874ed250a803d4f58e332c,institutional_channel,budget_pay_plan_process,bounded event evidence and corrected compensation metadata,"[""WCM-e08a563454d7620387525c1f""]"
TAG-e3b7e1494cea79519c063f80,ROOTCOMP-3d874ed250a803d4f58e332c,institutional_channel,ordinance_council_adoption,bounded event evidence and corrected compensation metadata,"[""WCM-e08a563454d7620387525c1f""]"
TAG-b39f773acf8fe1925e6a4096,ROOTCOMP-13eda5921c3e87c042e7ad76,institutional_channel,budget_pay_plan_process,bounded event evidence and corrected compensation metadata,"[""WCM-2101ea30cba6da17d81a50fc"",""WCM-ad1486ffb89e0cc378c1c889""]"
TAG-ae7f6e620b7c83fc8d236633,ROOTCOMP-4dbcd3911a05eb969dfeb01d,institutional_channel,none_identified,bounded event evidence and corrected compensation metadata,"[""WCM-513a74daa07e58d0414eba4e"",""WCM-603a051b24d80afbd8d477a0""]"
TAG-a8b749ca8bbd4c5ef8570b64,ROOTCOMP-60472362cae4e9666234adc9,institutional_channel,budget_pay_plan_process,bounded event evidence and corrected compensation metadata,"[""WCM-eb1839e91ba2e1ee036a7c04""]"
TAG-4c0257789a766d440293a4b4,ROOTCOMP-60472362cae4e9666234adc9,institutional_channel,ordinance_council_adoption,bounded event evidence and corrected compensation metadata,"[""WCM-eb1839e91ba2e1ee036a7c04""]"
TAG-c1bbd38e69fc3745ead62f0f,ROOTCOMP-b2590728ce598db10007a53c,institutional_channel,ordinance_council_adoption,bounded event evidence and corrected compensation metadata,"[""WCM-35626299f29a10d05625d757""]"
TAG-70f1e217e4d4d38c285d3e07,ROOTCOMP-11c3935874be3b5fd5e10f7a,institutional_channel,ordinance_council_adoption,bounded event evidence and corrected compensation metadata,"[""WCM-019ac85f42cd8ef7fe81fb3e""]"
TAG-a8456a7a25c691cc65aade56,ROOTCOMP-6fa24b3ecb66a8d98087591b,institutional_channel,none_identified,bounded event evidence and corrected compensation metadata,"[""WCM-a010c53a940eef1c1bde125c""]"
TAG-fcfb50fe61fe9931a36ba747,ROOTCOMP-10a7c78217dc7ab41635ed0e,institutional_channel,none_identified,bounded event evidence and corrected compensation metadata,"[""WCM-0a0c2087ac878e44ab9a5be8"",""WCM-7f6664fe007c4bde7e35ed51"",""WCM-d711d210b64a3bcf8653eba9""]"
TAG-e629c51902215bb9e1b30f8b,ROOTCOMP-aa47c2231849326c498c9477,institutional_channel,budget_pay_plan_process,bounded event evidence and corrected compensation metadata,"[""WCM-545254249290df1c5d21c896""]"
TAG-b19f11ce1981490e8538f4cd,ROOTCOMP-aa47c2231849326c498c9477,institutional_channel,ordinance_council_adoption,bounded event evidence and corrected compensation metadata,"[""WCM-545254249290df1c5d21c896""]"
TAG-07cd8601ae02c9ecce3b8454,ROOTCOMP-8e871a9fa7c82dde07f2800b,institutional_channel,budget_pay_plan_process,bounded event evidence and corrected compensation metadata,"[""WCM-57066b7b5550393e4986e7c2"",""WCM-ba802879615cd1834d2da97d"",""WCM-d660de039b881d64d047f889""]"
TAG-31be41f2f48230e547e11836,ROOTCOMP-a34f60bab2c5ff0e301fd22f,institutional_channel,budget_pay_plan_process,bounded event evidence and corrected compensation metadata,"[""WCM-5fcd0b04154bad0bdbaf929c""]"
TAG-84d6607e1b2148add8498845,ROOTCOMP-a34f60bab2c5ff0e301fd22f,institutional_channel,ordinance_council_adoption,bounded event evidence and corrected compensation metadata,"[""WCM-5fcd0b04154bad0bdbaf929c""]"
TAG-7e44b9b8f3ad72ea2002dbae,ROOTCOMP-8e75e283e5e5521c6dfcc1bf,institutional_channel,none_identified,bounded event evidence and corrected compensation metadata,"[""WCM-57612b3c2b6644b0777ff0ad""]"
TAG-955ded79727ac426ddae51a3,ROOTCOMP-096a04d78a6fce79c4827dae,institutional_channel,none_identified,bounded event evidence and corrected compensation metadata,"[""WCM-7af4431718e9238ef5c8564f""]"
TAG-d2de8660bbf810313bf08d52,ROOTCOMP-54606a826c5a4c28ea2bab2a,institutional_channel,ordinance_council_adoption,bounded event evidence and corrected compensation metadata,"[""WCM-8434353064bf02753ff07f00""]"
TAG-c1a32cf32bc6995b4164fc54,ROOTCOMP-91e283beefb2ad7925777c91,institutional_channel,none_identified,bounded event evidence and corrected compensation metadata,"[""WCM-e351805b200bab3351889562""]"
TAG-fcdbbe4e9aa10681d3ea290b,ROOTCOMP-f72dfe2f3261d71ae76f3c3a,institutional_channel,none_identified,bounded event evidence and corrected compensation metadata,"[""WCM-65081e512f759987bf1a9609""]"
TAG-208620deb10ee23cfe49e4d5,ROOTCOMP-79c9ab85cd0e273157a67848,institutional_channel,none_identified,bounded event evidence and corrected compensation metadata,"[""WCM-c443ce4fc46bf9296f824ce9""]"
TAG-559007f03383ec24aeff11e2,ROOTCOMP-f48f748d0fb74e41c47ce088,institutional_channel,none_identified,bounded event evidence and corrected compensation metadata,"[""WCM-342566830d08b9b65c84aca9""]"
TAG-ad5e99f1638ea784b9719e5f,ROOTCOMP-9c7c77951adb826f06c5df47,institutional_channel,none_identified,bounded event evidence and corrected compensation metadata,"[""WCM-69ca6c70fae241822f4c32c0"",""WCM-e572aed31eb9f0d03bb097b7"",""WCM-f9348345fdc27b86977dde18""]"
TAG-0e1b3ba9f4ff31c13e41d895,ROOTCOMP-c26707d2c040e1f43d1f61bb,institutional_channel,ordinance_council_adoption,bounded event evidence and corrected compensation metadata,"[""WCM-ab647e3f085bcf329a7a00b9""]"
TAG-320217b2968701791b7aeb8e,ROOTCOMP-1d849f646f9a836026195e0d,institutional_channel,none_identified,bounded event evidence and corrected compensation metadata,"[""WCM-4879cd950eee0147b3b2b59b"",""WCM-9c981961d4b3474df0096b9a""]"
TAG-114c7a73b7baea5ac0d0eee7,ROOTCOMP-fa531f562f21005f9ba9f2c5,institutional_channel,none_identified,bounded event evidence and corrected compensation metadata,"[""WCM-4d15c6fe688063ccc13b9aeb""]"
TAG-0a66e2065c54a29981c9bc1e,ROOTCOMP-0369954756c5e3d1cf732519,institutional_channel,budget_pay_plan_process,bounded event evidence and corrected compensation metadata,"[""WCM-e83cb03a2649f9b1a51f5a2f""]"
TAG-a1651388bd9d5e64f95a5174,ROOTCOMP-0369954756c5e3d1cf732519,institutional_channel,ordinance_council_adoption,bounded event evidence and corrected compensation metadata,"[""WCM-e83cb03a2649f9b1a51f5a2f""]"
TAG-51a26881156fa755a97f539a,ROOTCOMP-0369954756c5e3d1cf732519,institutional_channel,settlement_or_mou,bounded event evidence and corrected compensation metadata,"[""WCM-e83cb03a2649f9b1a51f5a2f""]"
TAG-8e935ab8378e95e7e76f416a,ROOTCOMP-6bf7837071d6b434d243fce9,institutional_channel,none_identified,bounded event evidence and corrected compensation metadata,"[""WCM-0fe13eacfb68be6b4a1bda7b""]"
TAG-032ac6afa57c9517457fee7c,ROOTCOMP-d0d12554db9d0fe1625cb3b2,institutional_channel,none_identified,bounded event evidence and corrected compensation metadata,"[""WCM-d40bee68031519543ce6190a""]"
TAG-ec1b17aecf5a94a0898c34ca,ROOTCOMP-52ceca098b0a8589184ec47b,institutional_channel,budget_pay_plan_process,bounded event evidence and corrected compensation metadata,"[""WCM-9772844fc733106707ef02e0""]"
TAG-cd72f41b3448d4a7ba543002,ROOTCOMP-52ceca098b0a8589184ec47b,institutional_channel,ordinance_council_adoption,bounded event evidence and corrected compensation metadata,"[""WCM-9772844fc733106707ef02e0""]"
TAG-aa2ec0631beaf8fe4b1c8747,ROOTCOMP-e9d8332d9fc87a88aa885a1b,institutional_channel,budget_pay_plan_process,bounded event evidence and corrected compensation metadata,"[""WCM-4e81e6f5f0a80295b84c17e0"",""WCM-a10597d0715f094940909815""]"
TAG-4a0c3bb27f195769af82740e,ROOTCOMP-a98a51eb8dfc19f52673572b,institutional_channel,ordinance_council_adoption,bounded event evidence and corrected compensation metadata,"[""WCM-bf17c652e70712b271283779""]"
TAG-5e540589455e05473ee7a3e9,ROOTCOMP-93943305e947cac48206bdc1,institutional_channel,none_identified,bounded event evidence and corrected compensation metadata,"[""WCM-67ad48ec241f6a4689fccdee"",""WCM-88a4ca89befddb53615fb9b6"",""WCM-c103a141b09585e31494b4bf""]"
TAG-1dd0f3d63c43719496265ceb,ROOTCOMP-7eb0cb4a795ca0a284ddbe0c,institutional_channel,none_identified,bounded event evidence and corrected compensation metadata,"[""WCM-34e2deae63f5d1bf552e6ba7"",""WCM-485399490a375259cef48400"",""WCM-5198fba5e18ac99aba5c9a3a""]"
TAG-376f0958e88c456a4e944065,ROOTCOMP-e14b370ec31a030c5d80e363,institutional_channel,none_identified,bounded event evidence and corrected compensation metadata,"[""WCM-f0c4c1e81c34e3ae0548f706""]"
TAG-df10b2d30a24fdd1ed681697,ROOTCOMP-15c12f2422341d018ba0b34c,institutional_channel,ordinance_council_adoption,bounded event evidence and corrected compensation metadata,"[""WCM-22b1b6c509c29838429998ba""]"
TAG-ab5bac5e98f2955cc66535dc,ROOTCOMP-5bc335dd0721bf59b9b7fcd3,institutional_channel,none_identified,bounded event evidence and corrected compensation metadata,"[""WCM-65691b6b36a4d713da0dc8ed""]"
TAG-947d737306b0c6ba3f93f440,ROOTCOMP-582d41836b3f09c07398b99f,institutional_channel,none_identified,bounded event evidence and corrected compensation metadata,"[""WCM-0bc3fe2af2080a6e61cf6c48""]"
TAG-2f7aa784382389a281a6f9ec,ROOTCOMP-41f656d5bb09bd27255773ff,institutional_channel,ordinance_council_adoption,bounded event evidence and corrected compensation metadata,"[""WCM-bb9766a6616a742cf9acc140""]"
TAG-521462665071dfe1153634d5,ROOTCOMP-5ca436601e50813e436429cc,institutional_channel,ordinance_council_adoption,bounded event evidence and corrected compensation metadata,"[""WCM-2a3aa17484f854cdb3c91f6d""]"
TAG-5b71a5108951b48b05cd13b7,ROOTCOMP-7408e623c83f4975989de114,institutional_channel,ordinance_council_adoption,bounded event evidence and corrected compensation metadata,"[""WCM-9d34694a3eb16595bbf81a9d""]"
TAG-d488cfaf268eab010d727182,ROOTCOMP-7aadf5acc36fa65d4a6e9988,institutional_channel,ordinance_council_adoption,bounded event evidence and corrected compensation metadata,"[""WCM-221977d5cf09d656699d3b17""]"
TAG-bdf49246d3241c8ff62c1a96,ROOTCOMP-985304fd973a7aabff098cb1,institutional_channel,ordinance_council_adoption,bounded event evidence and corrected compensation metadata,"[""WCM-9c179ebc60573365b73671b2"",""WCM-fa609a666f8d875a4f926489""]"
TAG-f6ba96990ca603400117b172,ROOTCOMP-61bc2b74bdcb611ed7941b07,institutional_channel,none_identified,bounded event evidence and corrected compensation metadata,"[""WCM-bf14c19016172d5e6f3073c9""]"
TAG-3c03b72324b6ca4477ff8eff,ROOTCOMP-e3323cce6f62a1ce72b7a3a3,institutional_channel,none_identified,bounded event evidence and corrected compensation metadata,"[""WCM-335d6f9fff45888bf43fde1c""]"
TAG-3892ce1c7f930bc07322b8e0,ROOTCOMP-e66051fe6d89d2d4237cb1e6,institutional_channel,none_identified,bounded event evidence and corrected compensation metadata,"[""WCM-67e515db7d869bce9d1a52f5""]"
TAG-f84f2ceaaaebcd8b01d18f9c,ROOTCOMP-21e077ad3c36c8cc2947ef83,institutional_channel,none_identified,bounded event evidence and corrected compensation metadata,"[""WCM-a52a712483bb04bf20f9595a""]"
TAG-b619c4e92a94a682a437959b,ROOTCOMP-2c805d18ffacfee1ade4d543,institutional_channel,none_identified,bounded event evidence and corrected compensation metadata,"[""WCM-2ee9167665874891e1f9c485""]"
TAG-8aaf7337798da1e9f97cd77e,ROOTCOMP-cee6245236d5ea9cee989794,institutional_channel,none_identified,bounded event evidence and corrected compensation metadata,"[""WCM-70dcd12572af438b825ca0f0"",""WCM-cf47ea05ee34f5e9d5e10d4b""]"
TAG-40a8cde4755e0db5d41fdae6,ROOTCOMP-fdcac890f5dafb812b64ceea,institutional_channel,none_identified,bounded event evidence and corrected compensation metadata,"[""WCM-78d6b1a3c65aa467dd368ae4""]"
TAG-070af5b08da1a2d016ee9c77,ROOTCOMP-0add7e1b5093f19ad1067e1b,institutional_channel,none_identified,bounded event evidence and corrected compensation metadata,"[""WCM-26d03bb736aea7f695835709"",""WCM-dd10b1680051169d5b2c9b6d""]"
TAG-4121ccd807a2530f7a51bb72,ROOTCOMP-d7bb05d2c87cdcaa2cb0e8eb,institutional_channel,none_identified,bounded event evidence and corrected compensation metadata,"[""WCM-7601afbeba63ec4f8320693e""]"
TAG-1dbee6babeb9c1e0403df64a,ROOTCOMP-32c0eb908ed693be9d57ec8f,institutional_channel,none_identified,bounded event evidence and corrected compensation metadata,"[""WCM-02455fbed69977fe109b14fd""]"
TAG-6caaf53dd3caf21adc9154a3,ROOTCOMP-fee585ce8cae15738fbcdc0c,institutional_channel,none_identified,bounded event evidence and corrected compensation metadata,"[""WCM-8c8b4ecf3514114a445e76e6""]"
TAG-3d71fd2891411aae6f7f8ae8,ROOTCOMP-5ee792f69d5ba070e52682e7,institutional_channel,none_identified,bounded event evidence and corrected compensation metadata,"[""WCM-57bc3d1cb5b01dac003354db""]"
TAG-ec3950a46ba3b79a1b8358b4,ROOTCOMP-7bc4bdef8c37f48bd9f025fd,institutional_channel,none_identified,bounded event evidence and corrected compensation metadata,"[""WCM-aaf248cb4ce54157c27eed5d""]"
TAG-a58440629f05167c2cbcda92,ROOTCOMP-026acbb32d545f54b3fba2a5,institutional_channel,none_identified,bounded event evidence and corrected compensation metadata,"[""WCM-a98c95cf96b90d8372a0a17c""]"
TAG-e33ae6c97f8030a8777cdaeb,ROOTCOMP-ac55da1ac75686215c539ee1,institutional_channel,none_identified,bounded event evidence and corrected compensation metadata,"[""WCM-13d959da94da35842493687e""]"
TAG-44a113d9eeef2a995766449e,ROOTCOMP-2735403bbcfc2dbfc398fc6a,institutional_channel,none_identified,bounded event evidence and corrected compensation metadata,"[""WCM-355e340a8f435654023e75e9""]"
TAG-868c30537e2b7c7f8161d9b9,ROOTCOMP-e4e6e56fe4470e5de5a92108,institutional_channel,none_identified,bounded event evidence and corrected compensation metadata,"[""WCM-ae47056aba078f9da0d58bcc""]"
TAG-8eed63591fecac3d64fb8ccd,ROOTCOMP-ffc98f98ca537cfd94783836,institutional_channel,none_identified,bounded event evidence and corrected compensation metadata,"[""WCM-8e7056c9bdd80be21018b911""]"
TAG-e8357632278763787ce241f5,ROOTCOMP-e77891fe2bbdb205197dec60,institutional_channel,budget_pay_plan_process,bounded event evidence and corrected compensation metadata,"[""WCM-00dd83b626d7b7c121f0a0b9""]"
TAG-11c895f0e49f76a499fe283f,ROOTCOMP-a7543cc99743d50e2a3966a1,institutional_channel,none_identified,bounded event evidence and corrected compensation metadata,"[""WCM-172a09e9aa4404fbc73c91f1""]"
TAG-1bbbbc5bebe1661bc4c37c7f,ROOTCOMP-0cc275c5ad799606059286aa,institutional_channel,budget_pay_plan_process,bounded event evidence and corrected compensation metadata,"[""WCM-1fe8d6b635fc52c48e7d4a27""]"
TAG-147ff56ae257e8460daa6d63,ROOTCOMP-0cc275c5ad799606059286aa,institutional_channel,settlement_or_mou,bounded event evidence and corrected compensation metadata,"[""WCM-1fe8d6b635fc52c48e7d4a27""]"
TAG-405d1792c1f108f9791af4d4,ROOTCOMP-209826bb7d834ab9893ac110,institutional_channel,none_identified,bounded event evidence and corrected compensation metadata,"[""WCM-6236f9a23f9863d48f6334df""]"
TAG-81d62fde5ac750c209da5f9a,ROOTCOMP-832855e7ac747355f46dd53f,institutional_channel,ordinance_council_adoption,bounded event evidence and corrected compensation metadata,"[""WCM-695bf1e93d7330493f919121""]"
TAG-fe27be77656b94e27f6dfa1f,ROOTCOMP-3051b9cc7d5de484fbdf1d55,institutional_channel,ordinance_council_adoption,bounded event evidence and corrected compensation metadata,"[""WCM-69e1d7bd4a638b0e85392bef"",""WCM-d4905585daec16456180c91f""]"
TAG-acd0faf6b1c1d146e7fb935d,ROOTCOMP-3dfbaf8824a9ee2326f78338,institutional_channel,none_identified,bounded event evidence and corrected compensation metadata,"[""WCM-a4b2a81faf5cb0bf8ab382c7""]"
TAG-e2b34d1d6baf4e287d0fd082,ROOTCOMP-792c12b71099dafde64a8f5e,institutional_channel,none_identified,bounded event evidence and corrected compensation metadata,"[""WCM-1db306ff483d040610f8f4bc""]"
TAG-c355f80c25f1a37577dbf21f,ROOTCOMP-a9d37ef8cffc8af72c098a2a,institutional_channel,none_identified,bounded event evidence and corrected compensation metadata,"[""WCM-36cfa8984df2823497e27c2f"",""WCM-c49e281849627db441524e77"",""WCM-ddbd14bd497f6d680fdd6bac""]"
TAG-c1b6e3e29bfe7184793db6a8,ROOTCOMP-7e6b7c1a5b256efb347611a5,institutional_channel,none_identified,bounded event evidence and corrected compensation metadata,"[""WCM-32c845bb631bd30d426a4fb7"",""WCM-580f3acf6938c73f1ec8779b""]"
TAG-65dcadf158266965ef7f5099,ROOTCOMP-1866bdb77fb11547a3c076c8,institutional_channel,none_identified,bounded event evidence and corrected compensation metadata,"[""WCM-1d4448ad928d8cec8086c15e"",""WCM-a595647466fb7a2903be518b""]"
TAG-9f7c20366f62023e79a65241,ROOTCOMP-3453cbd55232cc4406c26445,institutional_channel,none_identified,bounded event evidence and corrected compensation metadata,"[""WCM-a77cc88dc60a6cefd569e6eb"",""WCM-d13cf5628aa8bd433b5288f4"",""WCM-ecfea65a9c992bd7a61a50e8""]"
TAG-aa0c2acda592fbee961ad420,ROOTCOMP-c6a5ee0f17def87301d0e2c8,institutional_channel,none_identified,bounded event evidence and corrected compensation metadata,"[""WCM-9b1fc483263a0397e19a9766""]"
TAG-8da82d9bd7228a8406a23881,ROOTCOMP-53b9c46ed3747da892623274,institutional_channel,ordinance_council_adoption,bounded event evidence and corrected compensation metadata,"[""WCM-476f2d9a5900e2036e6978de""]"
TAG-65d43783d8c5af2723a505ca,ROOTCOMP-7524845e5807a85073b2a71b,institutional_channel,none_identified,bounded event evidence and corrected compensation metadata,"[""WCM-d27f4fd5b07d6ce3ed0856d5""]"
TAG-f8f5bbecb06f0d379f4c3167,ROOTCOMP-a44e3959dcee11031b2bfcac,institutional_channel,ordinance_council_adoption,bounded event evidence and corrected compensation metadata,"[""WCM-2486edccd4d4eb7e7d8dfead""]"
TAG-058ae7cda895a767144355c7,ROOTCOMP-b894701c4e20323c6fa6682c,institutional_channel,ordinance_council_adoption,bounded event evidence and corrected compensation metadata,"[""WCM-5498c49d89e11b9506e94f98""]"
TAG-5d630e2fa474b46e47561da5,ROOTCOMP-401983e6df0b1dd77c008bee,institutional_channel,none_identified,bounded event evidence and corrected compensation metadata,"[""WCM-4b3e73ac75aa79d3cbc9e2ac"",""WCM-627ecf1bbcdd0feb1a5df9db"",""WCM-6869ba0fff99d0e61e11db58""]"
TAG-0f6d9512f552ccb54627d7b9,ROOTCOMP-d7a5b33830c5f9b2e8d91fbf,institutional_channel,none_identified,bounded event evidence and corrected compensation metadata,"[""WCM-22c0f0377a9728a8add8bb65"",""WCM-3692749f15ddf31dff0a2831""]"
TAG-5b0e37233fcae412f57f43ea,ROOTCOMP-e0411741f1e6182a15a4cf09,institutional_channel,none_identified,bounded event evidence and corrected compensation metadata,"[""WCM-8b6cc9c091737c725a26e427""]"
TAG-ac7bbc516ed3090a4f75a8ea,ROOTCOMP-8028fd9b5e8d884d193da5f1,institutional_channel,none_identified,bounded event evidence and corrected compensation metadata,"[""WCM-ff7f069eb2eaddd39a27ea1f""]"
TAG-2a80d0a3cb8da8e035406465,ROOTCOMP-3f23c8e830cecaa534849b56,institutional_channel,none_identified,bounded event evidence and corrected compensation metadata,"[""WCM-f444ca1acac97913598a09b3""]"
TAG-4db88d75d4f1d02ca395df18,ROOTCOMP-1ecbe0db303bef0c4ab3543a,institutional_channel,none_identified,bounded event evidence and corrected compensation metadata,"[""WCM-0b758c03314ade41ed0f1f75""]"
TAG-3e7ad16611e488ffd7526b58,ROOTCOMP-d8da717fb16c45f92c9b5d49,institutional_channel,budget_pay_plan_process,bounded event evidence and corrected compensation metadata,"[""WCM-a884f10a44f40ed60979cadf""]"
TAG-c3307e5b778bce98b1dea0ac,ROOTCOMP-4134eb3da21c42cad30bd5b1,institutional_channel,none_identified,bounded event evidence and corrected compensation metadata,"[""WCM-9ef412b0b1ffac3fdaf258da"",""WCM-ea50535fd044dc8a43d728e8""]"
TAG-7d9a3edae40bbe575a1fde1e,ROOTCOMP-f6a5356e1966b7ce1b190a17,institutional_channel,budget_pay_plan_process,bounded event evidence and corrected compensation metadata,"[""WCM-65786e43dfc3a4d3a51dcc4b"",""WCM-666185e28525f59973e3bdf7"",""WCM-ed13313565e3ce2d3de2cd2c""]"
TAG-8b0137cf0e15766947d893de,ROOTCOMP-ffa5630e793c05a937fef9aa,institutional_channel,ordinance_council_adoption,bounded event evidence and corrected compensation metadata,"[""WCM-4008e65dad63b002b7aaa76c""]"
TAG-e3a469a97aaf5bb0ff9e7a6f,ROOTCOMP-fb67b4765ced2688b4ea08ee,institutional_channel,budget_pay_plan_process,bounded event evidence and corrected compensation metadata,"[""WCM-9df22c9c13673cf4deda9d2b""]"
TAG-d5ffd4439bbb8f80d78a38a1,ROOTCOMP-afe1cd6a9310442d9065ee53,institutional_channel,none_identified,bounded event evidence and corrected compensation metadata,"[""WCM-62f251ce34e5957ec942aebc""]"
TAG-746d86f0552edadbcb3f64b9,ROOTCOMP-a53920f15d57896fd9bb708a,institutional_channel,collective_bargaining,bounded event evidence and corrected compensation metadata,"[""WCM-470ff8657461f24a611233d1""]"
TAG-e0c53fdc1a6d4bfdcaf52b4b,ROOTCOMP-a53920f15d57896fd9bb708a,institutional_channel,settlement_or_mou,bounded event evidence and corrected compensation metadata,"[""WCM-470ff8657461f24a611233d1""]"
TAG-a86240780602442ded6963f9,ROOTCOMP-5f4bcb791da8f15ca9edbcfa,institutional_channel,collective_bargaining,bounded event evidence and corrected compensation metadata,"[""WCM-639e8cc7701e241b6fcfa1ce""]"
TAG-64db2d8aa70a59c243168c03,ROOTCOMP-5f4bcb791da8f15ca9edbcfa,institutional_channel,settlement_or_mou,bounded event evidence and corrected compensation metadata,"[""WCM-639e8cc7701e241b6fcfa1ce""]"
TAG-a15df1960c0d62606c488660,ROOTCOMP-835358a4980558d9df045193,institutional_channel,none_identified,bounded event evidence and corrected compensation metadata,"[""WCM-510e5085b28c481119ff37a1"",""WCM-9e8fcd4e083b862559aaca79"",""WCM-ae48425554cc10b84e2f8b06""]"
TAG-3a3f8327729f18187d9283fc,ROOTCOMP-1b7b9b7d7c384365218a5078,institutional_channel,budget_pay_plan_process,bounded event evidence and corrected compensation metadata,"[""WCM-44ffc392e30ddb5686c520d2"",""WCM-49e0dc8217f5c2d056732de6"",""WCM-7ff8b5270a321a883860f97c""]"
TAG-570a623ea8ef69b101405701,ROOTCOMP-387b328972ad6740c1315517,institutional_channel,none_identified,bounded event evidence and corrected compensation metadata,"[""WCM-b1c785bc6e6a54432954dad9""]"
TAG-b4c441a5001b4d8aa6ecbea4,ROOTCOMP-870b69c284e81540c80d3be8,institutional_channel,none_identified,bounded event evidence and corrected compensation metadata,"[""WCM-2d8afdd3a386389bce2c100b"",""WCM-6839ffae9f23b73a708fcdcd"",""WCM-db19e84f6454f3e6d869e7fe"",""WCM-f6ed48231467d8cec3d69131""]"
TAG-8307bc1099bce2d2a9437692,ROOTCOMP-cb727826f267c7b095d6952e,institutional_channel,none_identified,bounded event evidence and corrected compensation metadata,"[""WCM-0d1bae03dd9a19fe3737e47e"",""WCM-586af2d9b04b69e48f540b23"",""WCM-589a94e8f36e5599f7924c1a""]"
TAG-d2d98204b92d8e3a224f433b,ROOTCOMP-7fdc0914198e19fc462d44d9,institutional_channel,none_identified,bounded event evidence and corrected compensation metadata,"[""WCM-216ff3054aa234dcd28d7869""]"
TAG-0e8ade4a62b03bf8c5605b0c,ROOTCOMP-60d5336ce6eb89ac96fe30d5,institutional_channel,none_identified,bounded event evidence and corrected compensation metadata,"[""WCM-377c97414b6f7402137458e3"",""WCM-3ef72b368eb316b6677a22a9""]"
TAG-615492fe8249649274948382,ROOTCOMP-246c5dfbf21f8a9af058919e,institutional_channel,budget_pay_plan_process,bounded event evidence and corrected compensation metadata,"[""WCM-6a39c9d74ee98c0fe11d58c1""]"
TAG-35863c54c13ccc528360ad7e,ROOTCOMP-bcd1520d67c25db434d9ba20,institutional_channel,budget_pay_plan_process,bounded event evidence and corrected compensation metadata,"[""WCM-3f74f01b0649826680dc8736"",""WCM-961744a000b68d263fcaef32"",""WCM-b618624c983b789bdef4cb79""]"
TAG-69c5006af1492927b31769d4,ROOTCOMP-be3f8bc52d9e95497717b34f,institutional_channel,budget_pay_plan_process,bounded event evidence and corrected compensation metadata,"[""WCM-0ce1b13b340c0e8ed87c39dc"",""WCM-45c5838b7afe3d6bb341d33c"",""WCM-978187290c3eaad223ce6e78"",""WCM-e00a0ad75777974825808f22"",""WCM-eff49e92334fec71945d3a56""]"
TAG-7e887086bef609c1e7127dcd,ROOTCOMP-873dc744994848c7a245c105,institutional_channel,none_identified,bounded event evidence and corrected compensation metadata,"[""WCM-1ae2b4e7275c28d709453ba1"",""WCM-66066b662ae05afeca0c9416""]"
TAG-ae5c57aa6e0ab4ce8a92d2cb,ROOTCOMP-278c45ab31fa750d8e78e046,institutional_channel,none_identified,bounded event evidence and corrected compensation metadata,"[""WCM-5b2c35eb2853682a0fc31c85"",""WCM-9bd6a69afe1610714b0d8ffb"",""WCM-c996e16bb907895fef4b3fe8"",""WCM-f71f098965c549dcc68af902"",""WCM-f97b54d5f52eab2ce36cd2b1""]"
TAG-95c099691aa318d7b1a86511,ROOTCOMP-3e82acd747154967e644ba9a,institutional_channel,none_identified,bounded event evidence and corrected compensation metadata,"[""WCM-c6c3f489a2dfbb3201581315""]"
TAG-477dba9c98646ed75f131839,ROOTCOMP-e2137da594f9717f5a539de4,institutional_channel,none_identified,bounded event evidence and corrected compensation metadata,"[""WCM-40ee10797abf7b4e73f987a4""]"
TAG-1a07d2e99abe6ced54877285,ROOTCOMP-c760518e85d2dfed3f5fb38c,institutional_channel,none_identified,bounded event evidence and corrected compensation metadata,"[""WCM-4fd2455944aac15f36515393""]"
TAG-f834404bcd7a146641165dde,ROOTCOMP-6613b197d5559ecc9aca9d52,institutional_channel,none_identified,bounded event evidence and corrected compensation metadata,"[""WCM-dc8672d07027ee7bc9c11767""]"
TAG-d72d2c414a7fe7c18442479f,ROOTCOMP-2711bda1675974b47791e063,institutional_channel,none_identified,bounded event evidence and corrected compensation metadata,"[""WCM-d94b46124cdece2b1fafcc1c""]"
TAG-09f2f5b1a26b5a9f4ef4b48d,ROOTCOMP-2e127a1b05ec5065b479cc04,institutional_channel,none_identified,bounded event evidence and corrected compensation metadata,"[""WCM-531abf0458c2fcd67f5abd7f""]"
TAG-795002d2b6603dc3f86bd402,ROOTCOMP-d91205c854f41c1c17409455,institutional_channel,budget_pay_plan_process,bounded event evidence and corrected compensation metadata,"[""WCM-f74c005c62ca95cf1562f736""]"
TAG-77b90baae6d6f3ffd1384186,ROOTCOMP-85ffb70ac427b3a595e60f62,institutional_channel,ordinance_council_adoption,bounded event evidence and corrected compensation metadata,"[""WCM-0be388d0243aad1011f2f4a9"",""WCM-702b4309fa9bc7ed6d51f198"",""WCM-a276fdfb64ecc9f1daced4a7""]"
TAG-94bc44e4b6014ebe4be2cc22,ROOTCOMP-f24839f97ddf2d41bf889150,institutional_channel,none_identified,bounded event evidence and corrected compensation metadata,"[""WCM-b302a20d1c860d4d45bf9bb0""]"
TAG-b61f62d14ab6bb15bfb49cfb,ROOTCOMP-460a4f6521dc75f2abc1212a,institutional_channel,none_identified,bounded event evidence and corrected compensation metadata,"[""WCM-3236ce595426a53db4fe53fe""]"
TAG-1b5d5ee668a6ba1bf5b08830,ROOTCOMP-673d8d951d45337cc650e90c,institutional_channel,none_identified,bounded event evidence and corrected compensation metadata,"[""WCM-69a0c5fefbfcc16d7c1c5a08"",""WCM-7d7c8af5e4b164ad12ef8cf6"",""WCM-e1115e552df15e40bf94928c""]"
TAG-6b86561d30b8271b01b6b4e5,ROOTCOMP-0fe2460750437eef525e3011,institutional_channel,none_identified,bounded event evidence and corrected compensation metadata,"[""WCM-b647cb3b9b0c5a56bc904218""]"
TAG-224265826af2201ed9d591a7,ROOTCOMP-71720d60084703e7b494b5b4,institutional_channel,none_identified,bounded event evidence and corrected compensation metadata,"[""WCM-efc166adb3ae0bb15b21fbba""]"
TAG-e5fbc7e4f80a10df007f3600,ROOTCOMP-46e5bcd892186b8e12df99b2,institutional_channel,budget_pay_plan_process,bounded event evidence and corrected compensation metadata,"[""WCM-9254d4115de4f92f1f1bfc5e""]"
TAG-61ef8df372f13a67d76572e5,ROOTCOMP-4ff472d00ef2959e48d4aa78,institutional_channel,none_identified,bounded event evidence and corrected compensation metadata,"[""WCM-60185f2dd82c6f1290ec8b94"",""WCM-b035e0380e49c312aa6001a4"",""WCM-f10e3b7bb67b272f7af13c62""]"
TAG-95767ce719d6789780b00c31,ROOTCOMP-fb91863c42e62232d71dcb88,institutional_channel,none_identified,bounded event evidence and corrected compensation metadata,"[""WCM-efb548cd6b5de1f4154dbbb4""]"
TAG-743205fdcc7de441d9b50d78,ROOTCOMP-c961543568970df60065f6e4,institutional_channel,none_identified,bounded event evidence and corrected compensation metadata,"[""WCM-47c0c32b2e688db7b9141776"",""WCM-501a5dd43351f2cb1c23bfab""]"
TAG-c06ad6bea5e7641f8b898ce3,ROOTCOMP-b03aedc82eac6616762ec3a4,institutional_channel,none_identified,bounded event evidence and corrected compensation metadata,"[""WCM-b04619b9eadd0c09ffb98eb5"",""WCM-cd752fca5925aba4550500a8""]"
TAG-33e8251117a8e0577e14436e,ROOTCOMP-9866b5937249a740b0f018e7,institutional_channel,none_identified,bounded event evidence and corrected compensation metadata,"[""WCM-34d483328775d199f4a5137f"",""WCM-b87b1090fc777bad5e42e298""]"
TAG-e97337aa2a87d7c41fffc816,ROOTCOMP-f6752f95eb377c8764cb3766,institutional_channel,budget_pay_plan_process,bounded event evidence and corrected compensation metadata,"[""WCM-74079d54d89a0ce0bd5a8e50""]"
TAG-37a19c218aee8886c2df1b47,ROOTCOMP-f3d4eb8bd91fb60b8c72d9d4,institutional_channel,budget_pay_plan_process,bounded event evidence and corrected compensation metadata,"[""WCM-631eeb44ac0c37fd423a7225"",""WCM-936fe29ec3355207c705794b"",""WCM-d7bb8ca21ba0011a3dccbf07""]"
TAG-6c86e5665e14f2fa17b1fe1f,ROOTCOMP-1e995a72549f2d6813c39f73,institutional_channel,none_identified,bounded event evidence and corrected compensation metadata,"[""WCM-f4b15748b8d1f877f1b293c4""]"
TAG-2cadfca7ecdb672db2015baa,ROOTCOMP-4b0ae01ec083afec899fd520,institutional_channel,budget_pay_plan_process,bounded event evidence and corrected compensation metadata,"[""WCM-15c05eee1a0f63e156c65d82"",""WCM-ba0134d10e492027726073b1"",""WCM-bd3afa3804394a8747c883d4"",""WCM-e3a219a11fad9ecdd3a69f44""]"
TAG-26985e98b3ec97287f83714b,ROOTCOMP-bfee01999ddb5dfb75ea301a,institutional_channel,none_identified,bounded event evidence and corrected compensation metadata,"[""WCM-42b30574dbbef799fe9ab72b"",""WCM-7721e1ee07581a2b9dd4500b""]"
TAG-6505e2def251795e029cba8c,ROOTCOMP-d1eb28fc470ab1931dfbd292,institutional_channel,none_identified,bounded event evidence and corrected compensation metadata,"[""WCM-a9c6476eee3eceab09e214dc"",""WCM-aae1d38fa2287556bf1913a8"",""WCM-b3419b0a397b7d9d7e884310""]"
TAG-7aa6d9dfde21a26b0f1d9269,ROOTCOMP-61b0cc417a7aea47fcc341f3,institutional_channel,budget_pay_plan_process,bounded event evidence and corrected compensation metadata,"[""WCM-52c2fa40beba5fff78fbfe5d""]"
TAG-6114d766ea9e7503ce3b8e52,ROOTCOMP-8800a6ba81922bb437c502b7,institutional_channel,budget_pay_plan_process,bounded event evidence and corrected compensation metadata,"[""WCM-58e0efc4b84370137ced7283"",""WCM-99b6490352ca4ff1a6524e43"",""WCM-9a17db0e5d443b3091286068"",""WCM-bb2f9a882ec86c9ffd760c14"",""WCM-d3efa4dae2b2fed6dd247fd9""]"
TAG-f473d2acddbdbf4a4fec828a,ROOTCOMP-a0133fc5af3d5c2f088d8b59,institutional_channel,none_identified,bounded event evidence and corrected compensation metadata,"[""WCM-8ce473e893c1478b89d92818""]"
TAG-afdd1998ea5a7bebab75b196,ROOTCOMP-5d6d05eba83a09c9447dad94,institutional_channel,none_identified,bounded event evidence and corrected compensation metadata,"[""WCM-5fe3802b381cd0e6d22baa04"",""WCM-9bfec06dd6fa9700cf1e6f95"",""WCM-ff1026d5fbd3734a60e274f4""]"
TAG-0c8103250dfda28aba4b45e8,ROOTCOMP-20062bfaa9108b493abf327a,institutional_channel,none_identified,bounded event evidence and corrected compensation metadata,"[""WCM-37366af9889b1624edc23d60""]"
TAG-60cbb0ad7a6f42c4fc1dc04b,ROOTCOMP-ceef2f6e224ceccd90743c96,institutional_channel,none_identified,bounded event evidence and corrected compensation metadata,"[""WCM-c60675740a0698f947f2e80f""]"
TAG-c90fdaef4a2c36e178dca8e3,ROOTCOMP-43d1d296098932d998c4245c,institutional_channel,none_identified,bounded event evidence and corrected compensation metadata,"[""WCM-5ae14b08f3f320dba8e896c8"",""WCM-8392fac5b18890d38cc2d6df"",""WCM-90da2d130dcb76a983a920d6""]"
TAG-37c1620fa4866b46d3912936,ROOTCOMP-8f614fd0450bcb45d6619eba,institutional_channel,none_identified,bounded event evidence and corrected compensation metadata,"[""WCM-c46f5b52192d80785f4082dd""]"
TAG-b037eb4e031717a251ffa75a,ROOTCOMP-4a1dec9e4168a46b3bc4fdc5,institutional_channel,none_identified,bounded event evidence and corrected compensation metadata,"[""WCM-1a7ee1fe10cca2331d4404f4"",""WCM-8e53756ff9d3643b55602e95"",""WCM-9ff2caed9cbc4a77175fd3a4""]"
TAG-ce83f7755d7d684f8331165b,ROOTCOMP-32c3ce571fa935a1eda7fae4,institutional_channel,budget_pay_plan_process,bounded event evidence and corrected compensation metadata,"[""WCM-430b5bb64f312e38231108a8"",""WCM-823dff7c84fd9e17b823e67d"",""WCM-ddb4c32cb57656518c378464""]"
TAG-68c8afbefc93872a4251d34d,ROOTCOMP-82b5227a6e188f7c030f909d,institutional_channel,budget_pay_plan_process,bounded event evidence and corrected compensation metadata,"[""WCM-4ab3e9f319b15677536737c1"",""WCM-6d72a11242c91496a829881f"",""WCM-cc25118aa5213f3a96f972bf""]"
TAG-92ae02de7f6450613c75bfc6,ROOTCOMP-6b3fec2ff6576e68762c0d82,institutional_channel,budget_pay_plan_process,bounded event evidence and corrected compensation metadata,"[""WCM-3520407ba3d79d03a1e25e26""]"
TAG-99fae2283f6ef0a2ba2ba8b4,ROOTCOMP-f5d2e85c701cc17e8a61426b,institutional_channel,none_identified,bounded event evidence and corrected compensation metadata,"[""WCM-af74c8b2cbf9888fd8eeb8eb""]"
TAG-c0ce0b093fe753fb7ffd9309,ROOTCOMP-8de1f4b4c7aa8c86bec7537f,institutional_channel,none_identified,bounded event evidence and corrected compensation metadata,"[""WCM-81d74d2d9c0ac3a29feedcf4""]"
TAG-66c7360bc4c38766aa29d1cd,ROOTCOMP-c2da7c11a2bd6cdce135c2e0,institutional_channel,none_identified,bounded event evidence and corrected compensation metadata,"[""WCM-7ffa41ed06e6183c9e5f54bd""]"
TAG-06de642fc7aad13cf29f2268,ROOTCOMP-bfb1837485e1302116abd4bb,institutional_channel,none_identified,bounded event evidence and corrected compensation metadata,"[""WCM-3ae7c34fd6337f2f510c479c""]"
TAG-0e38f8853f98b5ff72aa2596,ROOTCOMP-dc1517996c6f35c182a43476,institutional_channel,budget_pay_plan_process,bounded event evidence and corrected compensation metadata,"[""WCM-0487c14a05514a66d27e2b36"",""WCM-ba00a94d236a5da0dd47a885""]"
TAG-2583741261b0278ce8db72b8,ROOTCOMP-6c2e465ff3d2d3ada6bfc6a9,institutional_channel,none_identified,bounded event evidence and corrected compensation metadata,"[""WCM-36d29eb16e10e9dcec2e417d""]"
TAG-44676231d58fef4feb36212e,ROOTCOMP-05443b5022795f0557245b88,institutional_channel,budget_pay_plan_process,bounded event evidence and corrected compensation metadata,"[""WCM-14b67fbc1452aa3cecf7d70c"",""WCM-1c9f42850864f685d1cc1c0c"",""WCM-390a6d3c594fbf72d1e5c980"",""WCM-f27a5ffc55eb6cd6d8057c1a""]"
TAG-211b18ab38c98194a73c3f63,ROOTCOMP-36f5b20d80c94b651a901b3f,institutional_channel,none_identified,bounded event evidence and corrected compensation metadata,"[""WCM-10e27365a7cbecb28a88f33d""]"
TAG-848a53ddf2d1882ee7a35714,ROOTCOMP-cf98b3e7a23681f214acca60,institutional_channel,none_identified,bounded event evidence and corrected compensation metadata,"[""WCM-921c3ba20ea32c0721de2d1e""]"
TAG-547fb302bb881ee0c91bfc86,ROOTCOMP-2d69b9fb2fd446b5bdbb64b1,institutional_channel,budget_pay_plan_process,bounded event evidence and corrected compensation metadata,"[""WCM-10ffbe691dc6cc7f477602f1"",""WCM-82eb798e56da2114ca317160""]"
TAG-f47ee57b1a8142555aebc791,ROOTCOMP-d6c4722dc86ba29afad137c9,institutional_channel,none_identified,bounded event evidence and corrected compensation metadata,"[""WCM-ab109d7e06e0f2e25344a608"",""WCM-ccac032c10844cf5ee7c8dbc"",""WCM-dbd90909b6dd41a878a00325""]"
TAG-5f3254f140a5cbb95c677d97,ROOTCOMP-dae9647ec2dc34dfed48cfd7,institutional_channel,none_identified,bounded event evidence and corrected compensation metadata,"[""WCM-47fc7c6356a90be42f8092d4""]"
TAG-750ea504b27cd5db04cb6d7c,ROOTCOMP-c0356b25861462bd31220ba8,institutional_channel,none_identified,bounded event evidence and corrected compensation metadata,"[""WCM-1806d9741591c6d3c05cc451"",""WCM-1a56de424fcd0f3042df90a2"",""WCM-99867f8f4f5d7c7946f07307""]"
TAG-945cf21b43be8ec130540556,ROOTCOMP-8c1de078f7dde6500178ac8b,institutional_channel,none_identified,bounded event evidence and corrected compensation metadata,"[""WCM-695c01a285188947870236d3"",""WCM-6e55f9b0a14e2897bcdd77ce""]"
TAG-d40fb14fa8ccb5e63e068218,ROOTCOMP-9f2fd1862ed2ea3a11648bbb,institutional_channel,none_identified,bounded event evidence and corrected compensation metadata,"[""WCM-3653b9a975ceff9c141850e8""]"
TAG-61e6d943a9c94798917f2af5,ROOTCOMP-4876764de85df00b8124df32,institutional_channel,none_identified,bounded event evidence and corrected compensation metadata,"[""WCM-c0aebe0861a43c693a50000d""]"
TAG-231596b7461974bb68326e45,ROOTCOMP-95c50f6854cffa76ecaf721e,institutional_channel,none_identified,bounded event evidence and corrected compensation metadata,"[""WCM-c4fd1d57465df8eaa292e10a""]"
TAG-759250da3e5bae65a7334bbc,ROOTCOMP-754684f2dae95928988b01e8,institutional_channel,none_identified,bounded event evidence and corrected compensation metadata,"[""WCM-721f437d08eb8a111d3ee4cc""]"
TAG-f23f33b891cbb50f158c0440,ROOTCOMP-0f5c47984fee916127885580,institutional_channel,none_identified,bounded event evidence and corrected compensation metadata,"[""WCM-2edb4f65ceeb62bf4e4b1772"",""WCM-fe4ab6312a57680ae6f34e55""]"
TAG-73ab960971e420ab3610c626,ROOTCOMP-16b2c65b6320a9a48ff4d50c,institutional_channel,collective_bargaining,bounded event evidence and corrected compensation metadata,"[""WCM-2b482c2d76ff876272b50abf"",""WCM-7f3f3d536843f956e37eee41"",""WCM-b38efa04df98ed680a2b4604""]"
TAG-99075b0dcd5e482af67e2624,ROOTCOMP-f8a7ad304e8057cb8dd430c0,institutional_channel,none_identified,bounded event evidence and corrected compensation metadata,"[""WCM-220c735110b694d4ae644492"",""WCM-c64539b8d2a928b6fe6abdbf""]"
TAG-f8552d1bd2be7a1d4fff3a7b,ROOTCOMP-ec6fdfe9a0f53429f9ae89e5,institutional_channel,budget_pay_plan_process,bounded event evidence and corrected compensation metadata,"[""WCM-9ca422d89d5ba337e100d31b""]"
TAG-ed8c4726105fcc45f8d008b8,ROOTCOMP-8b5dd73fbbe325cfe5069b7f,institutional_channel,budget_pay_plan_process,bounded event evidence and corrected compensation metadata,"[""WCM-0f7a4c4c023bebb9535a4ef6""]"
TAG-fc9a758eb5dc9bd83202ea50,ROOTCOMP-56b0714c63c7f6813c1a3669,institutional_channel,none_identified,bounded event evidence and corrected compensation metadata,"[""WCM-3b470eade1fcd51f1b6abd21"",""WCM-46904d653f3949260aeba856""]"
TAG-b7a68cf53816e5ac50b4e795,ROOTCOMP-9860db1aefdbfb1426a381c5,institutional_channel,interest_arbitration,bounded event evidence and corrected compensation metadata,"[""WCM-b100b625b52496993a29e88c""]"
TAG-5b0a6d3cbd2d842af3176b3e,ROOTCOMP-efe872c93eea53daaf7b6533,institutional_channel,none_identified,bounded event evidence and corrected compensation metadata,"[""WCM-242c407bc92942172a73df4f"",""WCM-6b6dca9db5175f5c3db59768"",""WCM-86f3f9eca2bad1822e26925d""]"
TAG-d2f6cbaeb9f05e27a05eb0d9,ROOTCOMP-90efc2b7960cb204e1883ef9,institutional_channel,budget_pay_plan_process,bounded event evidence and corrected compensation metadata,"[""WCM-c743f1842f1a19a18493a875""]"
TAG-3021d65f0b6b3f06c2affbb1,ROOTCOMP-726f942494390d075d861603,institutional_channel,budget_pay_plan_process,bounded event evidence and corrected compensation metadata,"[""WCM-2ea77e8265b097014ee38b5e""]"
TAG-3c7d57a3a32687c82d1c89f3,ROOTCOMP-db875899faae0d87467db073,institutional_channel,budget_pay_plan_process,bounded event evidence and corrected compensation metadata,"[""WCM-cc76eed16a25ecb5492a1732"",""WCM-eb1e4c252af750a70ea2702a""]"
TAG-9c5fab5eb0523b90eeea0939,ROOTCOMP-d05acafb559f5872e954bf2b,institutional_channel,budget_pay_plan_process,bounded event evidence and corrected compensation metadata,"[""WCM-5eee12690c9680df0e47d523""]"
TAG-7d3b7de2afc60ca5923d1d68,ROOTCOMP-df2f40dd1eafa2f56a0ab2b8,institutional_channel,none_identified,bounded event evidence and corrected compensation metadata,"[""WCM-059d05cf0556d74d164c6393"",""WCM-1a7495534b7e5719d35409f5"",""WCM-a759fb90128db92a0cf3fbfe"",""WCM-b11c0dfa7325aa8f8f14efe1"",""WCM-dc9fc249b90383c97ee9b407"",""WCM-dda41d29e2a2fae5f1626fe5""]"
TAG-74849e1eeccc68c6b13a04dd,ROOTCOMP-b149e7d1f447d22e63ab0ea3,institutional_channel,none_identified,bounded event evidence and corrected compensation metadata,"[""WCM-35c781abf5306e5d13641333"",""WCM-9c752bd8fb301d71f354b1a6"",""WCM-a69fe31f99492fb021650aa8""]"
TAG-4d23aaefcd747ff91d58dce5,ROOTCOMP-d196fd9fe0d8331614f58171,institutional_channel,none_identified,bounded event evidence and corrected compensation metadata,"[""WCM-3bbded86218294547ceb2932"",""WCM-4f64a340275c0999ccc1f0dc""]"
TAG-6635c0e06c7bc5472cf6d2c2,ROOTCOMP-069899fe8682e161d63e0cef,institutional_channel,none_identified,bounded event evidence and corrected compensation metadata,"[""WCM-24dbe55fba5ac4c195d76325""]"
TAG-3b36599c07a0afdc836fae94,ROOTCOMP-ba5ce0a33f8fdb52b4fa3207,institutional_channel,budget_pay_plan_process,bounded event evidence and corrected compensation metadata,"[""WCM-ef586ac18b5c641f76ed2225""]"
TAG-ed4f2eb25b6f6033dbce43fa,ROOTCOMP-d1bad0f491a186693cceda5e,institutional_channel,none_identified,bounded event evidence and corrected compensation metadata,"[""WCM-11b30a0e8c6938b4878ca5cb""]"
TAG-c43bc4b3f747738521ef8a9b,ROOTCOMP-1e5560200a8a72cea1b94c52,institutional_channel,none_identified,bounded event evidence and corrected compensation metadata,"[""WCM-cb048aa7847723bfffa670b7""]"
TAG-323a0022dd450a9a0f9d2a27,ROOTCOMP-5e8fb18c6cf0131a0114a16b,institutional_channel,budget_pay_plan_process,bounded event evidence and corrected compensation metadata,"[""WCM-e36b02aa8e35337572c92a49""]"
TAG-b48568c25c1e101ef3060bbf,ROOTCOMP-29ed24af07c23a14b5d55f84,institutional_channel,budget_pay_plan_process,bounded event evidence and corrected compensation metadata,"[""WCM-00a3aaa42953530c5fc3188f"",""WCM-3603031527e1f23366505573"",""WCM-75a2a65cef5c28d436380530""]"
TAG-8ee55512fd967b982bb8bbc9,ROOTCOMP-f910f575897b972a52a636a0,institutional_channel,budget_pay_plan_process,bounded event evidence and corrected compensation metadata,"[""WCM-36e8505534eae93bfce98747""]"
TAG-1f5af2a566a20d7dd7c8b73b,ROOTCOMP-f910f575897b972a52a636a0,institutional_channel,settlement_or_mou,bounded event evidence and corrected compensation metadata,"[""WCM-36e8505534eae93bfce98747""]"
TAG-f20eaf287c782f81fd0b73fa,ROOTCOMP-aeaefa64bbab3dfa346d547f,institutional_channel,budget_pay_plan_process,bounded event evidence and corrected compensation metadata,"[""WCM-56347014b14fc0c6f569dc01"",""WCM-82c53310d2393db1ac48e727""]"
TAG-b1a3ee6c3520b512ee312e7d,ROOTCOMP-99d6451095359299a169e49f,institutional_channel,budget_pay_plan_process,bounded event evidence and corrected compensation metadata,"[""WCM-47eb29702e38b624b40c7c0f"",""WCM-48a15878ec933ff96d9c7ea2"",""WCM-6e375da8c79ffe4e6694eaa0"",""WCM-83776266a4ca3bf19a17cfc2"",""WCM-af849be1a05669d798f9b9af"",""WCM-c893d576a748c2d92bef75b9"",""WCM-e3aeccdd2d0f8b4bb3dccaeb"",""WCM-e67e61b15a9989f4431ad03b""]"
TAG-4150e7435a23264ed1a7436a,ROOTCOMP-b928be1f82b2284f41b10f4e,institutional_channel,budget_pay_plan_process,bounded event evidence and corrected compensation metadata,"[""WCM-0f304dcfc606c11607d98bd5""]"
TAG-90c5e2e9dfb3d82803609049,ROOTCOMP-25d973a3969af75f663f9e02,institutional_channel,none_identified,bounded event evidence and corrected compensation metadata,"[""WCM-9a70ce5912a21af1ea17c9eb""]"
TAG-c8099211b721ef846b123a7d,ROOTCOMP-3ef761a5ab58e570d374e855,institutional_channel,none_identified,bounded event evidence and corrected compensation metadata,"[""WCM-0a88c11b8440347a59959f62""]"
TAG-ca5f952227dbee919cb3aed4,ROOTCOMP-00053d7874fe43bdec446dc0,institutional_channel,budget_pay_plan_process,bounded event evidence and corrected compensation metadata,"[""WCM-3c7f31b6f91051a1fc34a9df"",""WCM-52bd4d5a1b2477d0135f8730"",""WCM-be8822b3fcdbb4254d5e229d"",""WCM-d10ccb415bc373a074027443""]"
TAG-1b28436336a2e3c1bfc67c87,ROOTCOMP-87f50c6e91b118fde7f0568e,institutional_channel,budget_pay_plan_process,bounded event evidence and corrected compensation metadata,"[""WCM-bb4529e4003cf0e630703af6""]"
TAG-16d7edd3775bad47989a0f14,ROOTCOMP-64bc5ed5d9d37b09e6b9105b,institutional_channel,none_identified,bounded event evidence and corrected compensation metadata,"[""WCM-b9b641bb247137ef3b9adeb0""]"
TAG-4a6fd39a5e44563e9f58ca42,ROOTCOMP-3b7849b4e52f535f68506d1f,institutional_channel,budget_pay_plan_process,bounded event evidence and corrected compensation metadata,"[""WCM-61523fd3ae5446c14ab895f6""]"
TAG-a5683c1f1c7a0c5899e791ef,ROOTCOMP-d4560c9fc7e9d4ed7a920e1a,institutional_channel,none_identified,bounded event evidence and corrected compensation metadata,"[""WCM-a5fddb38cac3a8c6709b048b""]"
TAG-63ce3b6023645a1ee250fd93,ROOTCOMP-27098245365637f6ac696a62,institutional_channel,budget_pay_plan_process,bounded event evidence and corrected compensation metadata,"[""WCM-6c9c0df05755e6a80f503292""]"
TAG-8eee8c12e46ef6b342854d63,ROOTCOMP-3e4cde9f2df9108af4f852f3,institutional_channel,budget_pay_plan_process,bounded event evidence and corrected compensation metadata,"[""WCM-c84e535aed0a6ebb1da1b3d6""]"
TAG-b6a5e16bded9346a24387046,ROOTCOMP-3e4cde9f2df9108af4f852f3,institutional_channel,ordinance_council_adoption,bounded event evidence and corrected compensation metadata,"[""WCM-c84e535aed0a6ebb1da1b3d6""]"
TAG-334035b1da509f40beed0225,ROOTCOMP-cea65419e7b86ae4e944b773,institutional_channel,none_identified,bounded event evidence and corrected compensation metadata,"[""WCM-561938904c1362c3e333e6e2"",""WCM-a2707c1ce76a9d15c81b9b2a""]"
TAG-6c11d0a1f1c5e87bf7b6bf1c,ROOTCOMP-082b14a882e37fc48f438e4e,institutional_channel,none_identified,bounded event evidence and corrected compensation metadata,"[""WCM-9df1b16453cd48ca1bbfd6a5"",""WCM-fb62d7bf80900b1f33f64293""]"
TAG-ee68ecbabc5937093639fbcc,ROOTCOMP-f7e54c628192afd31cdac056,institutional_channel,none_identified,bounded event evidence and corrected compensation metadata,"[""WCM-4e558f3cb83f47273d29e824"",""WCM-96f233d4ee54ddd938c22ef9""]"
TAG-48e70f67d37b6dc218d32bd6,ROOTCOMP-4f3f358d981a0ce8cdfb14c1,institutional_channel,budget_pay_plan_process,bounded event evidence and corrected compensation metadata,"[""WCM-47b686ac858fb24a2910fe7b"",""WCM-ae18dd3638a8b630fb313904""]"
TAG-4cf1b7d75ca0de5256c0b969,ROOTCOMP-ffc143618d5b3b50225ca593,institutional_channel,none_identified,bounded event evidence and corrected compensation metadata,"[""WCM-b57bee2e8135df0f5c052e70""]"
TAG-8c759b972b803b3c0a48c3c9,ROOTCOMP-7cbb70bfa9d3915dd048b8c8,institutional_channel,none_identified,bounded event evidence and corrected compensation metadata,"[""WCM-464cdbd4be5fbdafb1856a26""]"
TAG-ca265b9ddd45586ccbf08787,ROOTCOMP-f1200f4a3eae5a5a62690247,institutional_channel,none_identified,bounded event evidence and corrected compensation metadata,"[""WCM-052fe09f24bd721fd43b5190"",""WCM-1b3f337478b2c3772fe89934"",""WCM-2f3e38601a567c82896acd62"",""WCM-425bd13d3ea1c20dfee37287"",""WCM-42c8d24f36877f604749bcc1"",""WCM-6f8bc224e55ac8825d1640e8"",""WCM-b38e268246dc270da772bfa9"",""WCM-b4e3196aef6076d7c7eedc58"",""WCM-c0da357b8fad990219d657e3"",""WCM-d1aeb2a5c3917c71c821ccdb"",""WCM-e7a1c01fd84615c16248eb6a"",""WCM-f6e2509392cb11b6c02c429e""]"
TAG-85e7d6074855050093fcc6cf,ROOTCOMP-2b73985654d9437a52bcb7f2,institutional_channel,none_identified,bounded event evidence and corrected compensation metadata,"[""WCM-b94229c89abb4c99c252d304"",""WCM-bef200e60ec79e1fff8c2254"",""WCM-fb9087572c0741455722deeb""]"
TAG-d9ecd3e36e18acefa9a8abda,ROOTCOMP-8706394ec4878eafee4408c3,institutional_channel,none_identified,bounded event evidence and corrected compensation metadata,"[""WCM-27f5c72547a5173cce984c7e"",""WCM-7959289d3efd02e1ab20f67a"",""WCM-f486d7574f3b0809923c76d4""]"
TAG-c6c0bc001f543eb0e3ef17d9,ROOTCOMP-4f69d1ea78f40cb41a249fc1,institutional_channel,none_identified,bounded event evidence and corrected compensation metadata,"[""WCM-1254aee89bbaa5754c8b5c44"",""WCM-5c53cecbb80f3c342bc0ce84""]"
TAG-2751932418f27bd55d28aee7,ROOTCOMP-e8758d6c23b7fce26129e790,institutional_channel,none_identified,bounded event evidence and corrected compensation metadata,"[""WCM-0b8537ee088074245da0299a""]"
TAG-8fb68455fc3afa988c15cbdd,ROOTCOMP-f26e4dd4197efdad91df94b6,institutional_channel,none_identified,bounded event evidence and corrected compensation metadata,"[""WCM-de72c68e37fc9fdf2487c2fc"",""WCM-e90c6375c8b8f277d6a476a2""]"
TAG-c48b84eb070485f2d9ce3a39,ROOTCOMP-51952d7bf1090b5234a22009,institutional_channel,none_identified,bounded event evidence and corrected compensation metadata,"[""WCM-63d8e4882a5c272fb88f477e"",""WCM-c22de24ffa1b192960346653"",""WCM-f86d4d6bda2eef4ce617705d""]"
TAG-65b6733a03ae065601a3769b,ROOTCOMP-fa705fbddb3b46a9452a0d16,institutional_channel,none_identified,bounded event evidence and corrected compensation metadata,"[""WCM-361e36dc5d16ec8e2c23a839""]"
TAG-ced8e06f976becd86ad59b9a,ROOTCOMP-09d3ba7dabb8cddb148cd459,institutional_channel,none_identified,bounded event evidence and corrected compensation metadata,"[""WCM-bbb2b6c3f636e9c034679e2f""]"
TAG-990eb1d7f88e16f220428142,ROOTCOMP-46ecfb512832c787956a3d39,institutional_channel,none_identified,bounded event evidence and corrected compensation metadata,"[""WCM-b3773f41fa69f8613e495c80""]"
TAG-dcea08235886c75fa1249892,ROOTCOMP-14b9a57e945cd6a88d6a5764,institutional_channel,none_identified,bounded event evidence and corrected compensation metadata,"[""WCM-bcea06694b65fea1de48afb7""]"
TAG-e5af17e55aa11ca593e27740,ROOTCOMP-fb245a0f4ff605453481e457,institutional_channel,none_identified,bounded event evidence and corrected compensation metadata,"[""WCM-ad2cd46749c39c955c31583d""]"
TAG-4c3caf13b5ab1febc01eb258,ROOTCOMP-e4bcde5d9dcf9ca1a5eb2ff7,institutional_channel,none_identified,bounded event evidence and corrected compensation metadata,"[""WCM-06f84a8c9622a0bdda6415af"",""WCM-32958e55e44f090824196153""]"
TAG-54291e294554557a7f249132,ROOTCOMP-aa200cdf93cc811d6ac033e2,institutional_channel,none_identified,bounded event evidence and corrected compensation metadata,"[""WCM-8c7cb4d6786f46cba65ad2df""]"
TAG-22777fb1b73b8a9da2a7dada,ROOTCOMP-cd525fabbc6b11fcafe8ec86,institutional_channel,none_identified,bounded event evidence and corrected compensation metadata,"[""WCM-d9e322136b8715bf03b00573""]"
TAG-38b527de8e60a74904759232,ROOTCOMP-55808f2e31441301d5b9a9d1,institutional_channel,none_identified,bounded event evidence and corrected compensation metadata,"[""WCM-8e3ec087d3d3c6162497bb30"",""WCM-da060b4fea2533a280c1ccef""]"
TAG-b462cc53b4b2518ff4ca0660,ROOTCOMP-ded1259c48c4434da685c22b,institutional_channel,none_identified,bounded event evidence and corrected compensation metadata,"[""WCM-879114135a0767f047615971""]"
TAG-2b65610f8cd8996f7c74eaa7,ROOTCOMP-8170615350182339029fdfd0,institutional_channel,none_identified,bounded event evidence and corrected compensation metadata,"[""WCM-63ec7531427df6094582798c""]"
TAG-46573b8fbec337a05d520848,ROOTCOMP-7fa2c052bce0e516f9239cd7,institutional_channel,none_identified,bounded event evidence and corrected compensation metadata,"[""WCM-a7022770ee009e77e54d8e65""]"
TAG-b3b4e8ac774efd4c6e06aaeb,ROOTCOMP-453b6befa21df431a3273d32,institutional_channel,budget_pay_plan_process,bounded event evidence and corrected compensation metadata,"[""WCM-c5b2990186a598c232760164""]"
TAG-2b0824cf735bf38963175bdc,ROOTCOMP-82cfda8b2208034a980da92e,institutional_channel,budget_pay_plan_process,bounded event evidence and corrected compensation metadata,"[""WCM-16ec2f2f0e3671a6c4b5fbf7""]"
TAG-4cbbed435eb71be3e82a58b4,ROOTCOMP-1c1ee1e8240674baa8af8689,institutional_channel,none_identified,bounded event evidence and corrected compensation metadata,"[""WCM-ef29e0667700e2400652fbdd""]"
TAG-7aff08a9b6774e91d9752dff,ROOTCOMP-2f7075768239fa02093c206a,institutional_channel,none_identified,bounded event evidence and corrected compensation metadata,"[""WCM-b931b259f3fa003433fe4384"",""WCM-d24f48a23a216a306bd390a5""]"
TAG-fcc721a7b69fefca9c332541,ROOTCOMP-c998a10ac9b09cb44b7084f0,institutional_channel,none_identified,bounded event evidence and corrected compensation metadata,"[""WCM-6f6bbf729e4162af362d20ba"",""WCM-91c4253decb284ae89ed0920""]"
TAG-ee7dd25aeda9ac6e10bb0fd1,ROOTCOMP-aa90ed4f8e7e0570580c4312,institutional_channel,none_identified,bounded event evidence and corrected compensation metadata,"[""WCM-846dc7246e8ee4b3e06aba9c""]"
TAG-54151d7dc6a9cf531cf67531,ROOTCOMP-e13a784e580890f4c70aff06,institutional_channel,none_identified,bounded event evidence and corrected compensation metadata,"[""WCM-bbdd383e183fe2a286b01ff9""]"
TAG-39e899f2d9459fcb432cf115,ROOTCOMP-a1b8dec65feb0b89ac1a30a4,institutional_channel,budget_pay_plan_process,bounded event evidence and corrected compensation metadata,"[""WCM-12916afb84fd775a9111a4d7"",""WCM-97890be27f013c5ed0b60e39"",""WCM-bccb663d9c9708a51a5f083e""]"
TAG-7a09380dd46a960dfd996af9,ROOTCOMP-9e186b69e63b6f01195b811c,institutional_channel,none_identified,bounded event evidence and corrected compensation metadata,"[""WCM-3e80bfa06428f5a387dbfd0e""]"
TAG-7e0f565d8354a7a6c3dbd75e,ROOTCOMP-d5c6dd67d844c7f46e5c8aaa,institutional_channel,none_identified,bounded event evidence and corrected compensation metadata,"[""WCM-3de60913f67c4448be3ddaca"",""WCM-423ae249f208453bdf519e3b"",""WCM-500fe4c03bd863638806f131"",""WCM-51d0c1741b6ec6fd435ecd70"",""WCM-f924a614fb09fde9845361fd""]"
TAG-9c1af3ec334859026ad22439,ROOTCOMP-cff3b837f3da59a583bce735,institutional_channel,none_identified,bounded event evidence and corrected compensation metadata,"[""WCM-0e5cda327354b75e2e22d3be"",""WCM-d88270b96e1615b2b8c19c15"",""WCM-dab3c62ebc1e19eb51765973"",""WCM-f4e755d17a472ee914edcd29""]"
TAG-57d170df1a3603d4da8d3b1d,ROOTCOMP-6822ea7100514a6fa93232b7,institutional_channel,none_identified,bounded event evidence and corrected compensation metadata,"[""WCM-1d53e62eccee2e1f425f5e80"",""WCM-2873c72e8e3e8af2e31a4d02"",""WCM-a2d3a7130f2916293d17afb0""]"
TAG-c8cfbb1b6e0372cca8b632fe,ROOTCOMP-105b36fcd98412fc54ad5043,institutional_channel,budget_pay_plan_process,bounded event evidence and corrected compensation metadata,"[""WCM-8c029d6fe278abb509ee31b2""]"
TAG-bd4cee18c4a7dfc171766888,ROOTCOMP-ac7704109b5593cd54ffd5d9,institutional_channel,ordinance_council_adoption,bounded event evidence and corrected compensation metadata,"[""WCM-b314da6b3e1bd55975560d03""]"
TAG-ff64249f80e040155e79d462,ROOTCOMP-3db8d6aba719cda4a771f15d,institutional_channel,none_identified,bounded event evidence and corrected compensation metadata,"[""WCM-173a330f4c103acc6e880657""]"
TAG-d4f308d4729b2d947312e10a,ROOTCOMP-8a4e2ef33cdd37466080184a,institutional_channel,none_identified,bounded event evidence and corrected compensation metadata,"[""WCM-cf8eaf2466751f7d7b287027""]"
TAG-5bf6150caade318d4caffeff,ROOTCOMP-78e7861b06b18fe44acdb72c,institutional_channel,budget_pay_plan_process,bounded event evidence and corrected compensation metadata,"[""WCM-5f3672fed55d1ca109962e81""]"
TAG-f501b6e9e64388e6ac9a21c3,ROOTCOMP-78e7861b06b18fe44acdb72c,institutional_channel,ordinance_council_adoption,bounded event evidence and corrected compensation metadata,"[""WCM-5f3672fed55d1ca109962e81""]"
TAG-15431168f1645eb26d677388,ROOTCOMP-a5f97f36af1982ef842a2ee7,institutional_channel,ordinance_council_adoption,bounded event evidence and corrected compensation metadata,"[""WCM-93150a2a640115a58cb8c17c""]"
TAG-459bb9426ae091208230db32,ROOTCOMP-6a4a47b7efc259aaa96cc18a,institutional_channel,none_identified,bounded event evidence and corrected compensation metadata,"[""WCM-0a21b6928174d66de747c413""]"
TAG-078a93f8648e02054da7f26d,ROOTCOMP-85d55b773dfad4bb4be86b2d,institutional_channel,none_identified,bounded event evidence and corrected compensation metadata,"[""WCM-4e303dbaac5fb9f9f7bfc5c8""]"
TAG-e488cb0cd1e0bff5ce6fdfa1,ROOTCOMP-014d9a1d0354ccda1c58e2b7,institutional_channel,none_identified,bounded event evidence and corrected compensation metadata,"[""WCM-15f42de75203578eab520b66"",""WCM-f26caf65e37e52fba2df9d4e""]"
TAG-ad152e0f160464813b2f0f8d,ROOTCOMP-3901fd9c29b8f815121794e8,institutional_channel,none_identified,bounded event evidence and corrected compensation metadata,"[""WCM-b77510f7a12ab74be881628e""]"
TAG-6ce69684e2c7f0738a1cb05b,ROOTCOMP-f907dd57e39b7f2ccc557776,institutional_channel,none_identified,bounded event evidence and corrected compensation metadata,"[""WCM-0a7ac27b38f61ecadcf99c4a""]"
TAG-86a82f804cd58f718b189ef0,ROOTCOMP-68d287a9ee8872de34496d2e,institutional_channel,none_identified,bounded event evidence and corrected compensation metadata,"[""WCM-41612a360fe6f6d89fe40d20""]"
TAG-0f80ba6a1ad1353c777405de,ROOTCOMP-7baa101c6880a0b04a670f35,institutional_channel,none_identified,bounded event evidence and corrected compensation metadata,"[""WCM-055414db42c8be3e37c6010a""]"
TAG-bc98de578857a8a6fd6aacad,ROOTCOMP-958eb17ecbb6dbf842a4ce5e,institutional_channel,none_identified,bounded event evidence and corrected compensation metadata,"[""WCM-26afa8ab46e60d175ce9dcd0""]"
TAG-73d34e30bdff19540be12399,ROOTCOMP-9364b4e157a9cfa1867e6604,institutional_channel,none_identified,bounded event evidence and corrected compensation metadata,"[""WCM-33022b472c59c038cb2cb4fc"",""WCM-5d551a07b37c1a4d4766e1d8""]"
TAG-205b1a803c5f95b0338fdabc,ROOTCOMP-f6eaeebce276f082bd143a82,institutional_channel,none_identified,bounded event evidence and corrected compensation metadata,"[""WCM-44705a29c553431e95e84f03"",""WCM-5a6e8bb18769d23fc94045e8""]"
TAG-07670bc42ddf953c2729259d,ROOTCOMP-3440636096448739f04e38c6,institutional_channel,none_identified,bounded event evidence and corrected compensation metadata,"[""WCM-4dd135d15129d7a1d350430e""]"
TAG-9c63cc908ddacc32d04d655c,ROOTCOMP-75090f2980ffc6fb2405ee25,institutional_channel,budget_pay_plan_process,bounded event evidence and corrected compensation metadata,"[""WCM-348cb704182eb13d131b9fde"",""WCM-3db791341d7bb637a12e7f4b"",""WCM-b73bb8b55f0d8e192f5ebb34"",""WCM-d604cdc83d6393e4c603662a"",""WCM-de392c5646226a95859ed5bc"",""WCM-ef1d583a97a07dd14158d052""]"
TAG-5da3367f0d5b098f6b0b854b,ROOTCOMP-c87a4abf4ad2c77dca1fe47c,institutional_channel,none_identified,bounded event evidence and corrected compensation metadata,"[""WCM-f6e2f529f2df8e855a5c3d9a""]"
TAG-cfec2e24facac147d6e8e14b,ROOTCOMP-5b90f5283c3afe92da2ffdce,institutional_channel,none_identified,bounded event evidence and corrected compensation metadata,"[""WCM-06d6bb3cf2973592dc9ab831""]"
TAG-f9a98151aeb2c14f2879596a,ROOTCOMP-4ddcb7f5604b57888029d35e,institutional_channel,none_identified,bounded event evidence and corrected compensation metadata,"[""WCM-7a80da2280b4ff01ba38ee6e""]"
TAG-994c7060c628a01d7ebbe678,ROOTCOMP-d6644b8b20f29a446d425c63,institutional_channel,none_identified,bounded event evidence and corrected compensation metadata,"[""WCM-015dfd2a722605f5e0e6628f"",""WCM-4e97c63940f12f40de6d4d45"",""WCM-969e2f9d236bb9139c3b1321""]"
TAG-a43e62c3765c1c54dd41024b,ROOTCOMP-7e2a2e44d918ee96f3d20508,institutional_channel,none_identified,bounded event evidence and corrected compensation metadata,"[""WCM-4684f8c653af3b455ba83fd9"",""WCM-ae92b72f3d929cce1f9dfbdc""]"
TAG-543f0cd78ad5766c72245d79,ROOTCOMP-e3196a78388e2e5dd1424ad6,institutional_channel,none_identified,bounded event evidence and corrected compensation metadata,"[""WCM-1c44a948a240a19d16c633f4"",""WCM-6d7d9304233a6f0236ed0aff""]"
TAG-e3bfaf2768ca3aff6cc17024,ROOTCOMP-80f2a4bbafd1b2f8657a1b09,institutional_channel,none_identified,bounded event evidence and corrected compensation metadata,"[""WCM-7e4f41f6d8ad19e2d6e974fb""]"
TAG-66959208cb7a0bbd7347ee97,ROOTCOMP-4cba36cb73d82b5733bcbc6e,institutional_channel,none_identified,bounded event evidence and corrected compensation metadata,"[""WCM-40c27061f0c8a717304a3e38"",""WCM-ca6cd63800ae0bdb18b7904b""]"
TAG-bdb9df1206f72ed5f61fd8ff,ROOTCOMP-781ad4a519432242be3dac50,institutional_channel,none_identified,bounded event evidence and corrected compensation metadata,"[""WCM-14891018254ff59d5aa72c3c""]"
TAG-18649f2d10f177b1c8cc2644,ROOTCOMP-42f89c9bf363cfb6caa40a1b,institutional_channel,none_identified,bounded event evidence and corrected compensation metadata,"[""WCM-dab987aee7594062f016e74c""]"
TAG-72dc62e2bbaf150dd9199817,ROOTCOMP-1e5fed30da6072d506c7b713,institutional_channel,none_identified,bounded event evidence and corrected compensation metadata,"[""WCM-484076ddc6f27f7269b3d103""]"
TAG-fc485af2dad98b875f0c65de,ROOTCOMP-b8017f64ed99714a31849e8a,institutional_channel,none_identified,bounded event evidence and corrected compensation metadata,"[""WCM-f62e540934554907d6568d4b""]"
TAG-ceab6f39476332410193a1bf,ROOTCOMP-d4c2c986b41f5b5c81c52edc,institutional_channel,none_identified,bounded event evidence and corrected compensation metadata,"[""WCM-6edcffc9ad0c4325cf971f9a""]"
TAG-90ddf663a3ab86a29bd05b39,ROOTCOMP-5682fb9beff91c7d5a0a8c73,institutional_channel,none_identified,bounded event evidence and corrected compensation metadata,"[""WCM-3c7be9a68214d25f4a888bf4"",""WCM-daebd8188cd3e382bcf3fce7""]"
TAG-0deed8f79e5aeb4f7d49f859,ROOTCOMP-7f556e2cb09aca18eb8d390d,institutional_channel,budget_pay_plan_process,bounded event evidence and corrected compensation metadata,"[""WCM-d19af1a6ccc09d9772621653""]"
TAG-c01b4c936b3b229afa2e99a1,ROOTCOMP-ff86b7f68e236fc0e1e03805,institutional_channel,none_identified,bounded event evidence and corrected compensation metadata,"[""WCM-75fb800d04cc2abf696c4cef""]"
TAG-9292b87a14ad16f99297dd3f,ROOTCOMP-2668949268a8adab37e4cb06,institutional_channel,none_identified,bounded event evidence and corrected compensation metadata,"[""WCM-f58d290acec69e57a6c4e6b9""]"
TAG-a5528493991352afe8d0bbbb,ROOTCOMP-14015e1bae492c503c2c8555,institutional_channel,none_identified,bounded event evidence and corrected compensation metadata,"[""WCM-18cd0ac772e57c1ecd178c57"",""WCM-62bf0c8b24087cdaecdc09b7""]"
TAG-852b09aa5bb3087cdf202978,ROOTCOMP-c0257742eec2d54654ed5087,institutional_channel,none_identified,bounded event evidence and corrected compensation metadata,"[""WCM-1adfcf1b244539a87b58ddc9"",""WCM-4308ed2253ccc59860c2ccac""]"
TAG-735a09aac22edc65273a9abf,ROOTCOMP-9d86ab78ce9f321f4cee3207,institutional_channel,budget_pay_plan_process,bounded event evidence and corrected compensation metadata,"[""WCM-8572ac8baa7a04c7fa06650c""]"
TAG-e7110da594a7e43922d4ceb6,ROOTCOMP-42a45303c3600a6619f4b19e,institutional_channel,none_identified,bounded event evidence and corrected compensation metadata,"[""WCM-1046b7b562ee9584cdb39931""]"
TAG-589ae63d957be5edceeda1d8,ROOTCOMP-cb32f3033612d9b3b3d4a621,institutional_channel,none_identified,bounded event evidence and corrected compensation metadata,"[""WCM-6f16b6e4e574f94bad955cb5""]"
TAG-641491ac22c25fbd8186b0a4,ROOTCOMP-7d2fe821b0c012ef8d0e5c2f,institutional_channel,none_identified,bounded event evidence and corrected compensation metadata,"[""WCM-012c0a4a84a9040de06a57ff""]"
TAG-a62628e8267ed068a09aa7a9,ROOTCOMP-d99593a9bd73fd76fc57d6e1,institutional_channel,none_identified,bounded event evidence and corrected compensation metadata,"[""WCM-a363ee328e7c679185ba4fd6""]"
TAG-5f0c239a00a2e665983c4391,ROOTCOMP-d0033f3c8f1ae5ca8d4739de,institutional_channel,none_identified,bounded event evidence and corrected compensation metadata,"[""WCM-258e47583fa5dc225cbf1bb0"",""WCM-77ca0ed912a9a21450e13109""]"
TAG-0be261c1c325e56d511eb685,ROOTCOMP-d808450b3fb8b3201a96693c,institutional_channel,none_identified,bounded event evidence and corrected compensation metadata,"[""WCM-6bde814761e40ff044278766"",""WCM-e35abc2d3709fb979414bf4e""]"
TAG-11a9b07a66fd1de2fbd40df1,ROOTCOMP-f5cd76f8609b6241dc7afde4,institutional_channel,none_identified,bounded event evidence and corrected compensation metadata,"[""WCM-34f9efca623a7ca55d8f7a8e""]"
TAG-1cdc2aef2c40c9c1bdb3cce9,ROOTCOMP-f3a62dd57fcad0bab6d43d0e,institutional_channel,none_identified,bounded event evidence and corrected compensation metadata,"[""WCM-c7144d464621aeb6fd903eae""]"
TAG-1ea213930d68258245330168,ROOTCOMP-3d004732ca761e80f40b6fe4,institutional_channel,none_identified,bounded event evidence and corrected compensation metadata,"[""WCM-122aa41ac16e9c79732fedf3"",""WCM-29a33a7d64289b92378aa225""]"
TAG-6115e9316fb6173098ca14bb,ROOTCOMP-aeec8c483ccdafef434747a4,institutional_channel,none_identified,bounded event evidence and corrected compensation metadata,"[""WCM-b42d91faab669fa194725718""]"
TAG-0c7b68312e8b81cb7eb1bfab,ROOTCOMP-4228e911b3d129008527d589,institutional_channel,none_identified,bounded event evidence and corrected compensation metadata,"[""WCM-449cbfc2e7d59931cee7b5a2""]"
TAG-0bec94ff03b1ab7fad23d614,ROOTCOMP-a0ecf8301d7ff7211e56ca7f,institutional_channel,none_identified,bounded event evidence and corrected compensation metadata,"[""WCM-0fbfd5f39c80a747d24a064c"",""WCM-3b87967e7cc506ed5d8169fd""]"
TAG-ee0fb2d57a4fc90c9133020a,ROOTCOMP-4a776a25a0d4a1d16bf6ac39,institutional_channel,none_identified,bounded event evidence and corrected compensation metadata,"[""WCM-da2509365de4d0c9c1df73aa""]"
TAG-6758d173517bba4509292cc6,ROOTCOMP-cb686b86da99134b567e594f,institutional_channel,budget_pay_plan_process,bounded event evidence and corrected compensation metadata,"[""WCM-0796f28b57552091e392b9ee""]"
TAG-5feaf4ea50ba12ad0ae98166,ROOTCOMP-eed7609024152b1e9a546818,institutional_channel,none_identified,bounded event evidence and corrected compensation metadata,"[""WCM-18cc3354cacaffc1fe356509"",""WCM-53daf5ebb3572d6c3c9b1a9a"",""WCM-76a4c44a280aef4b8b2b12ed"",""WCM-85ddbe0d3c70bb0b9f0ef104"",""WCM-b33cd1631dc9b46b199828c1"",""WCM-eaabe517a77b3f71d1fbdf99""]"
TAG-b795b6ac787e4f14f55ac0a3,ROOTCOMP-1847f5a9cd5cc1dcb8a1a952,institutional_channel,none_identified,bounded event evidence and corrected compensation metadata,"[""WCM-94b679724fd281d81239be0e"",""WCM-9b47400cf5c173bb1d9fecbf"",""WCM-b14fad72802251fcbd1e58ee"",""WCM-d0f51a0501d4ab1e3395c20e""]"
TAG-9d77a6f3fe667a68a2c50f6a,ROOTCOMP-903954a7b84a06b7fe3e4e93,institutional_channel,none_identified,bounded event evidence and corrected compensation metadata,"[""WCM-158726361bda6ba5e495e844"",""WCM-304d79b77fe9bf6f3bafc19a"",""WCM-9a0d969696fdd115c0f78910"",""WCM-eca8d15c41d37daf7d5c7fb0""]"
TAG-09f3827353d85f588f49f0c7,ROOTCOMP-f698057b33ab0c8476373854,institutional_channel,none_identified,bounded event evidence and corrected compensation metadata,"[""WCM-51361f38b09470818a9be91d"",""WCM-e8bf3a6a4f1872378fd1ce26"",""WCM-f884f54efb48420c4486e33f""]"
TAG-9d2b487169ce13567657df2d,ROOTCOMP-61ea551d2a12dedbd3f246e5,institutional_channel,budget_pay_plan_process,bounded event evidence and corrected compensation metadata,"[""WCM-2695ed4b861a2072e6a0ab19""]"
TAG-9aa83000fec715bbdfd3482a,ROOTCOMP-6f69fd49e039a5d1aa36aa4f,institutional_channel,none_identified,bounded event evidence and corrected compensation metadata,"[""WCM-f1b219f6861643b4f91fa31e""]"
TAG-282355946ff6b2e85ef36449,ROOTCOMP-36fc979839d8c630c636ba32,institutional_channel,none_identified,bounded event evidence and corrected compensation metadata,"[""WCM-127a135542ddf563d95b0797"",""WCM-5ef44edae5ee4c5775700f62"",""WCM-9b32333c3fe3f75e81df4426""]"
