canonical_payload_id,terminal_outcome,local_outcome_pointer
EXTPAYLOAD-001ba8bdc409337d8c467913,classification_compaction_repair_generation_001_complete,artifacts/local_structured_external_data/whole_corpus_external_data_exhaustive_pipeline_2026-08-04/classified_observations/repair_generation_001/lanes/classification_lane_001/outcomes.jsonl
EXTPAYLOAD-0048c78471b3515ec2731089,classification_compaction_repair_generation_001_complete,artifacts/local_structured_external_data/whole_corpus_external_data_exhaustive_pipeline_2026-08-04/classified_observations/repair_generation_001/lanes/classification_lane_001/outcomes.jsonl
EXTPAYLOAD-00577fa21ff20d5b617e10e7,classification_compaction_repair_generation_001_complete,artifacts/local_structured_external_data/whole_corpus_external_data_exhaustive_pipeline_2026-08-04/classified_observations/repair_generation_001/lanes/classification_lane_001/outcomes.jsonl
EXTPAYLOAD-0062f64da9060a0cd6ed8c7f,classification_compaction_repair_generation_001_complete,artifacts/local_structured_external_data/whole_corpus_external_data_exhaustive_pipeline_2026-08-04/classified_observations/repair_generation_001/lanes/classification_lane_001/outcomes.jsonl
EXTPAYLOAD-00700bc266d4ba049ff71656,classification_compaction_repair_generation_001_complete,artifacts/local_structured_external_data/whole_corpus_external_data_exhaustive_pipeline_2026-08-04/classified_observations/repair_generation_001/lanes/classification_lane_001/outcomes.jsonl
EXTPAYLOAD-008a9556aebdcc3e0251c7de,classification_compaction_repair_generation_001_complete,artifacts/local_structured_external_data/whole_corpus_external_data_exhaustive_pipeline_2026-08-04/classified_observations/repair_generation_001/lanes/classification_lane_001/outcomes.jsonl
EXTPAYLOAD-00dbee82ff0988263847740a,classification_compaction_repair_generation_001_complete,artifacts/local_structured_external_data/whole_corpus_external_data_exhaustive_pipeline_2026-08-04/classified_observations/repair_generation_001/lanes/classification_lane_001/outcomes.jsonl
EXTPAYLOAD-00f2cebf3d25f4244f906c33,classification_compaction_repair_generation_001_complete,artifacts/local_structured_external_data/whole_corpus_external_data_exhaustive_pipeline_2026-08-04/classified_observations/repair_generation_001/lanes/classification_lane_001/outcomes.jsonl
EXTPAYLOAD-01009107b6b3f35ff8ac0e3d,classification_compaction_repair_generation_001_complete,artifacts/local_structured_external_data/whole_corpus_external_data_exhaustive_pipeline_2026-08-04/classified_observations/repair_generation_001/lanes/classification_lane_001/outcomes.jsonl
EXTPAYLOAD-011bdf92fe9ea9db342bcc2a,classification_compaction_repair_generation_001_complete,artifacts/local_structured_external_data/whole_corpus_external_data_exhaustive_pipeline_2026-08-04/classified_observations/repair_generation_001/lanes/classification_lane_001/outcomes.jsonl
EXTPAYLOAD-0120dcc4ce68394357826d36,classification_compaction_repair_generation_001_complete,artifacts/local_structured_external_data/whole_corpus_external_data_exhaustive_pipeline_2026-08-04/classified_observations/repair_generation_001/lanes/classification_lane_001/outcomes.jsonl
EXTPAYLOAD-0131240c6fc2b7daa962e497,classification_compaction_repair_generation_001_complete,artifacts/local_structured_external_data/whole_corpus_external_data_exhaustive_pipeline_2026-08-04/classified_observations/repair_generation_001/lanes/classification_lane_001/outcomes.jsonl
EXTPAYLOAD-0140ed1317b38ef289281c58,classification_compaction_repair_generation_001_complete,artifacts/local_structured_external_data/whole_corpus_external_data_exhaustive_pipeline_2026-08-04/classified_observations/repair_generation_001/lanes/classification_lane_001/outcomes.jsonl
EXTPAYLOAD-0148fafad63e2f30869c71b6,classification_compaction_repair_generation_001_complete,artifacts/local_structured_external_data/whole_corpus_external_data_exhaustive_pipeline_2026-08-04/classified_observations/repair_generation_001/lanes/classification_lane_001/outcomes.jsonl
EXTPAYLOAD-015bb9284b0e40d8f62470a3,classification_compaction_repair_generation_001_complete,artifacts/local_structured_external_data/whole_corpus_external_data_exhaustive_pipeline_2026-08-04/classified_observations/repair_generation_001/lanes/classification_lane_001/outcomes.jsonl
EXTPAYLOAD-016c0799eba7b9299bad6051,classification_compaction_repair_generation_001_complete,artifacts/local_structured_external_data/whole_corpus_external_data_exhaustive_pipeline_2026-08-04/classified_observations/repair_generation_001/lanes/classification_lane_001/outcomes.jsonl
EXTPAYLOAD-017124dafa9d641286861c32,classification_compaction_repair_generation_001_complete,artifacts/local_structured_external_data/whole_corpus_external_data_exhaustive_pipeline_2026-08-04/classified_observations/repair_generation_001/lanes/classification_lane_001/outcomes.jsonl
EXTPAYLOAD-01760aae4b62693451352815,classification_compaction_repair_generation_001_complete,artifacts/local_structured_external_data/whole_corpus_external_data_exhaustive_pipeline_2026-08-04/classified_observations/repair_generation_001/lanes/classification_lane_001/outcomes.jsonl
EXTPAYLOAD-0189a45b5f7a4d4449e8ec0f,classification_compaction_repair_generation_001_complete,artifacts/local_structured_external_data/whole_corpus_external_data_exhaustive_pipeline_2026-08-04/classified_observations/repair_generation_001/lanes/classification_lane_001/outcomes.jsonl
EXTPAYLOAD-0194fc273034576c253be7d3,classification_compaction_repair_generation_001_complete,artifacts/local_structured_external_data/whole_corpus_external_data_exhaustive_pipeline_2026-08-04/classified_observations/repair_generation_001/lanes/classification_lane_001/outcomes.jsonl
EXTPAYLOAD-01999dd50a9bdec7a4bac0dd,classification_compaction_repair_generation_001_complete,artifacts/local_structured_external_data/whole_corpus_external_data_exhaustive_pipeline_2026-08-04/classified_observations/repair_generation_001/lanes/classification_lane_001/outcomes.jsonl
EXTPAYLOAD-01a229ea645eb0d80a768fab,classification_compaction_repair_generation_001_complete,artifacts/local_structured_external_data/whole_corpus_external_data_exhaustive_pipeline_2026-08-04/classified_observations/repair_generation_001/lanes/classification_lane_001/outcomes.jsonl
EXTPAYLOAD-01b4faf087ca607aec3c3a39,classification_compaction_repair_generation_001_complete,artifacts/local_structured_external_data/whole_corpus_external_data_exhaustive_pipeline_2026-08-04/classified_observations/repair_generation_001/lanes/classification_lane_001/outcomes.jsonl
EXTPAYLOAD-01b853b2e35c5b88aeed819d,classification_compaction_repair_generation_001_complete,artifacts/local_structured_external_data/whole_corpus_external_data_exhaustive_pipeline_2026-08-04/classified_observations/repair_generation_001/lanes/classification_lane_001/outcomes.jsonl
EXTPAYLOAD-01f786d62bd5aa73617c1201,classification_compaction_repair_generation_001_complete,artifacts/local_structured_external_data/whole_corpus_external_data_exhaustive_pipeline_2026-08-04/classified_observations/repair_generation_001/lanes/classification_lane_001/outcomes.jsonl
EXTPAYLOAD-0227c5acb21a2b32151bb746,classification_compaction_repair_generation_001_complete,artifacts/local_structured_external_data/whole_corpus_external_data_exhaustive_pipeline_2026-08-04/classified_observations/repair_generation_001/lanes/classification_lane_001/outcomes.jsonl
EXTPAYLOAD-0227e7801455573e4538a499,classification_compaction_repair_generation_001_complete,artifacts/local_structured_external_data/whole_corpus_external_data_exhaustive_pipeline_2026-08-04/classified_observations/repair_generation_001/lanes/classification_lane_001/outcomes.jsonl
EXTPAYLOAD-0277b640867c85bb476ab4d4,classification_compaction_repair_generation_001_complete,artifacts/local_structured_external_data/whole_corpus_external_data_exhaustive_pipeline_2026-08-04/classified_observations/repair_generation_001/lanes/classification_lane_001/outcomes.jsonl
EXTPAYLOAD-0294499b23aedef9f6434a84,classification_compaction_repair_generation_001_complete,artifacts/local_structured_external_data/whole_corpus_external_data_exhaustive_pipeline_2026-08-04/classified_observations/repair_generation_001/lanes/classification_lane_001/outcomes.jsonl
EXTPAYLOAD-02a309aec12ed756103b5490,classification_compaction_repair_generation_001_complete,artifacts/local_structured_external_data/whole_corpus_external_data_exhaustive_pipeline_2026-08-04/classified_observations/repair_generation_001/lanes/classification_lane_001/outcomes.jsonl
EXTPAYLOAD-02ce61ad05d36420b9142705,classification_compaction_repair_generation_001_complete,artifacts/local_structured_external_data/whole_corpus_external_data_exhaustive_pipeline_2026-08-04/classified_observations/repair_generation_001/lanes/classification_lane_001/outcomes.jsonl
EXTPAYLOAD-02dae2fdba5ef4d602817240,classification_compaction_repair_generation_001_complete,artifacts/local_structured_external_data/whole_corpus_external_data_exhaustive_pipeline_2026-08-04/classified_observations/repair_generation_001/lanes/classification_lane_001/outcomes.jsonl
EXTPAYLOAD-02ff5f680b6aa9ba760780ac,classification_compaction_repair_generation_001_complete,artifacts/local_structured_external_data/whole_corpus_external_data_exhaustive_pipeline_2026-08-04/classified_observations/repair_generation_001/lanes/classification_lane_001/outcomes.jsonl
EXTPAYLOAD-0307fa002e60ba81e43b8ac9,classification_compaction_repair_generation_001_complete,artifacts/local_structured_external_data/whole_corpus_external_data_exhaustive_pipeline_2026-08-04/classified_observations/repair_generation_001/lanes/classification_lane_001/outcomes.jsonl
EXTPAYLOAD-033f362cfbdec830830b4c0a,classification_compaction_repair_generation_001_complete,artifacts/local_structured_external_data/whole_corpus_external_data_exhaustive_pipeline_2026-08-04/classified_observations/repair_generation_001/lanes/classification_lane_001/outcomes.jsonl
EXTPAYLOAD-0350b7fee8ba81b9efc46bc0,classification_compaction_repair_generation_001_complete,artifacts/local_structured_external_data/whole_corpus_external_data_exhaustive_pipeline_2026-08-04/classified_observations/repair_generation_001/lanes/classification_lane_001/outcomes.jsonl
EXTPAYLOAD-03a64f3c17bb26a85d2a3cc2,classification_compaction_repair_generation_001_complete,artifacts/local_structured_external_data/whole_corpus_external_data_exhaustive_pipeline_2026-08-04/classified_observations/repair_generation_001/lanes/classification_lane_001/outcomes.jsonl
EXTPAYLOAD-03b1470aac6a059d3451bfee,classification_compaction_repair_generation_001_complete,artifacts/local_structured_external_data/whole_corpus_external_data_exhaustive_pipeline_2026-08-04/classified_observations/repair_generation_001/lanes/classification_lane_001/outcomes.jsonl
EXTPAYLOAD-03c10c39c819afd8e8b844d0,classification_compaction_repair_generation_001_complete,artifacts/local_structured_external_data/whole_corpus_external_data_exhaustive_pipeline_2026-08-04/classified_observations/repair_generation_001/lanes/classification_lane_001/outcomes.jsonl
EXTPAYLOAD-03cdd208ee24372d169294db,classification_compaction_repair_generation_001_complete,artifacts/local_structured_external_data/whole_corpus_external_data_exhaustive_pipeline_2026-08-04/classified_observations/repair_generation_001/lanes/classification_lane_001/outcomes.jsonl
EXTPAYLOAD-03e3d88adff7b77c12abd6b4,classification_compaction_repair_generation_001_complete,artifacts/local_structured_external_data/whole_corpus_external_data_exhaustive_pipeline_2026-08-04/classified_observations/repair_generation_001/lanes/classification_lane_001/outcomes.jsonl
EXTPAYLOAD-041ee14dc77c701d9de67d11,classification_compaction_repair_generation_001_complete,artifacts/local_structured_external_data/whole_corpus_external_data_exhaustive_pipeline_2026-08-04/classified_observations/repair_generation_001/lanes/classification_lane_001/outcomes.jsonl
EXTPAYLOAD-042bf1e0ed324004381ef5f8,classification_compaction_repair_generation_001_complete,artifacts/local_structured_external_data/whole_corpus_external_data_exhaustive_pipeline_2026-08-04/classified_observations/repair_generation_001/lanes/classification_lane_001/outcomes.jsonl
EXTPAYLOAD-043e0831b576c0f8afd43d3a,classification_compaction_repair_generation_001_complete,artifacts/local_structured_external_data/whole_corpus_external_data_exhaustive_pipeline_2026-08-04/classified_observations/repair_generation_001/lanes/classification_lane_001/outcomes.jsonl
EXTPAYLOAD-04475b2a28e61b32a64fd7ed,classification_compaction_repair_generation_001_complete,artifacts/local_structured_external_data/whole_corpus_external_data_exhaustive_pipeline_2026-08-04/classified_observations/repair_generation_001/lanes/classification_lane_001/outcomes.jsonl
EXTPAYLOAD-04486e9758c3c7c6ff5da69b,classification_compaction_repair_generation_001_complete,artifacts/local_structured_external_data/whole_corpus_external_data_exhaustive_pipeline_2026-08-04/classified_observations/repair_generation_001/lanes/classification_lane_001/outcomes.jsonl
EXTPAYLOAD-04662a49c895cf6305b74754,classification_compaction_repair_generation_001_complete,artifacts/local_structured_external_data/whole_corpus_external_data_exhaustive_pipeline_2026-08-04/classified_observations/repair_generation_001/lanes/classification_lane_001/outcomes.jsonl
EXTPAYLOAD-0468a6740959bf49dea392c0,classification_compaction_repair_generation_001_complete,artifacts/local_structured_external_data/whole_corpus_external_data_exhaustive_pipeline_2026-08-04/classified_observations/repair_generation_001/lanes/classification_lane_001/outcomes.jsonl
EXTPAYLOAD-048a75c4fd44e33410b43f7e,classification_compaction_repair_generation_001_complete,artifacts/local_structured_external_data/whole_corpus_external_data_exhaustive_pipeline_2026-08-04/classified_observations/repair_generation_001/lanes/classification_lane_001/outcomes.jsonl
EXTPAYLOAD-04b10b394d03ecb110b50dab,classification_compaction_repair_generation_001_complete,artifacts/local_structured_external_data/whole_corpus_external_data_exhaustive_pipeline_2026-08-04/classified_observations/repair_generation_001/lanes/classification_lane_001/outcomes.jsonl
EXTPAYLOAD-04b83976309c4fac1645e456,classification_compaction_repair_generation_001_complete,artifacts/local_structured_external_data/whole_corpus_external_data_exhaustive_pipeline_2026-08-04/classified_observations/repair_generation_001/lanes/classification_lane_001/outcomes.jsonl
EXTPAYLOAD-04c6bc16d8b3fe4a5cb0d95c,classification_compaction_repair_generation_001_complete,artifacts/local_structured_external_data/whole_corpus_external_data_exhaustive_pipeline_2026-08-04/classified_observations/repair_generation_001/lanes/classification_lane_001/outcomes.jsonl
EXTPAYLOAD-05091d70bac13ab6a286f5a1,classification_compaction_repair_generation_001_complete,artifacts/local_structured_external_data/whole_corpus_external_data_exhaustive_pipeline_2026-08-04/classified_observations/repair_generation_001/lanes/classification_lane_001/outcomes.jsonl
EXTPAYLOAD-0569ededb93fe2aac5dda54d,classification_compaction_repair_generation_001_complete,artifacts/local_structured_external_data/whole_corpus_external_data_exhaustive_pipeline_2026-08-04/classified_observations/repair_generation_001/lanes/classification_lane_001/outcomes.jsonl
EXTPAYLOAD-056d04b2faaaf67da4a9cb46,classification_compaction_repair_generation_001_complete,artifacts/local_structured_external_data/whole_corpus_external_data_exhaustive_pipeline_2026-08-04/classified_observations/repair_generation_001/lanes/classification_lane_001/outcomes.jsonl
EXTPAYLOAD-0578ec913dbdeea6594172d7,classification_compaction_repair_generation_001_complete,artifacts/local_structured_external_data/whole_corpus_external_data_exhaustive_pipeline_2026-08-04/classified_observations/repair_generation_001/lanes/classification_lane_001/outcomes.jsonl
EXTPAYLOAD-05839c9a12d09e47585f32ba,classification_compaction_repair_generation_001_complete,artifacts/local_structured_external_data/whole_corpus_external_data_exhaustive_pipeline_2026-08-04/classified_observations/repair_generation_001/lanes/classification_lane_001/outcomes.jsonl
EXTPAYLOAD-05b2941e6451c8bf4e75d367,classification_compaction_repair_generation_001_complete,artifacts/local_structured_external_data/whole_corpus_external_data_exhaustive_pipeline_2026-08-04/classified_observations/repair_generation_001/lanes/classification_lane_001/outcomes.jsonl
EXTPAYLOAD-05e91dbaa5fe1b8d184e1d99,classification_compaction_repair_generation_001_complete,artifacts/local_structured_external_data/whole_corpus_external_data_exhaustive_pipeline_2026-08-04/classified_observations/repair_generation_001/lanes/classification_lane_001/outcomes.jsonl
EXTPAYLOAD-0611ce4856e53f0ccd343acc,classification_compaction_repair_generation_001_complete,artifacts/local_structured_external_data/whole_corpus_external_data_exhaustive_pipeline_2026-08-04/classified_observations/repair_generation_001/lanes/classification_lane_001/outcomes.jsonl
EXTPAYLOAD-06157669cabeca5260f8d14c,classification_compaction_repair_generation_001_complete,artifacts/local_structured_external_data/whole_corpus_external_data_exhaustive_pipeline_2026-08-04/classified_observations/repair_generation_001/lanes/classification_lane_001/outcomes.jsonl
EXTPAYLOAD-06722ed7cdb65c60849882a8,classification_compaction_repair_generation_001_complete,artifacts/local_structured_external_data/whole_corpus_external_data_exhaustive_pipeline_2026-08-04/classified_observations/repair_generation_001/lanes/classification_lane_001/outcomes.jsonl
EXTPAYLOAD-068368169d95649542f668c7,classification_compaction_repair_generation_001_complete,artifacts/local_structured_external_data/whole_corpus_external_data_exhaustive_pipeline_2026-08-04/classified_observations/repair_generation_001/lanes/classification_lane_001/outcomes.jsonl
EXTPAYLOAD-0685a91a8e4cdbbb3cdfccab,classification_compaction_repair_generation_001_complete,artifacts/local_structured_external_data/whole_corpus_external_data_exhaustive_pipeline_2026-08-04/classified_observations/repair_generation_001/lanes/classification_lane_001/outcomes.jsonl
EXTPAYLOAD-06868c47886f793dd9a26808,classification_compaction_repair_generation_001_complete,artifacts/local_structured_external_data/whole_corpus_external_data_exhaustive_pipeline_2026-08-04/classified_observations/repair_generation_001/lanes/classification_lane_001/outcomes.jsonl
EXTPAYLOAD-06a8fece66e3a38a329cb13c,classification_compaction_repair_generation_001_complete,artifacts/local_structured_external_data/whole_corpus_external_data_exhaustive_pipeline_2026-08-04/classified_observations/repair_generation_001/lanes/classification_lane_001/outcomes.jsonl
EXTPAYLOAD-06ab1fd3206d75423265d4b6,classification_compaction_repair_generation_001_complete,artifacts/local_structured_external_data/whole_corpus_external_data_exhaustive_pipeline_2026-08-04/classified_observations/repair_generation_001/lanes/classification_lane_001/outcomes.jsonl
EXTPAYLOAD-06c0fa22db85169431058bd0,classification_compaction_repair_generation_001_complete,artifacts/local_structured_external_data/whole_corpus_external_data_exhaustive_pipeline_2026-08-04/classified_observations/repair_generation_001/lanes/classification_lane_001/outcomes.jsonl
EXTPAYLOAD-06cd8f6a3cba4363ec6f37d4,classification_compaction_repair_generation_001_complete,artifacts/local_structured_external_data/whole_corpus_external_data_exhaustive_pipeline_2026-08-04/classified_observations/repair_generation_001/lanes/classification_lane_001/outcomes.jsonl
EXTPAYLOAD-06e0bcc98b29c4edfeed98b3,classification_compaction_repair_generation_001_complete,artifacts/local_structured_external_data/whole_corpus_external_data_exhaustive_pipeline_2026-08-04/classified_observations/repair_generation_001/lanes/classification_lane_001/outcomes.jsonl
EXTPAYLOAD-06e365bbef77bdd92f9ab354,classification_compaction_repair_generation_001_complete,artifacts/local_structured_external_data/whole_corpus_external_data_exhaustive_pipeline_2026-08-04/classified_observations/repair_generation_001/lanes/classification_lane_001/outcomes.jsonl
EXTPAYLOAD-072169b82b5716a55711e94d,classification_compaction_repair_generation_001_complete,artifacts/local_structured_external_data/whole_corpus_external_data_exhaustive_pipeline_2026-08-04/classified_observations/repair_generation_001/lanes/classification_lane_001/outcomes.jsonl
EXTPAYLOAD-072fc3c06b636ee4cebe76fc,classification_compaction_repair_generation_001_complete,artifacts/local_structured_external_data/whole_corpus_external_data_exhaustive_pipeline_2026-08-04/classified_observations/repair_generation_001/lanes/classification_lane_001/outcomes.jsonl
EXTPAYLOAD-0758dae4c3710840a9f2d040,classification_compaction_repair_generation_001_complete,artifacts/local_structured_external_data/whole_corpus_external_data_exhaustive_pipeline_2026-08-04/classified_observations/repair_generation_001/lanes/classification_lane_001/outcomes.jsonl
EXTPAYLOAD-0766cf3149c57c2df1946452,classification_compaction_repair_generation_001_complete,artifacts/local_structured_external_data/whole_corpus_external_data_exhaustive_pipeline_2026-08-04/classified_observations/repair_generation_001/lanes/classification_lane_001/outcomes.jsonl
EXTPAYLOAD-076d1e30384896802c3f7c47,classification_compaction_repair_generation_001_complete,artifacts/local_structured_external_data/whole_corpus_external_data_exhaustive_pipeline_2026-08-04/classified_observations/repair_generation_001/lanes/classification_lane_001/outcomes.jsonl
EXTPAYLOAD-07773c3fa6534a9c462b2fed,classification_compaction_repair_generation_001_complete,artifacts/local_structured_external_data/whole_corpus_external_data_exhaustive_pipeline_2026-08-04/classified_observations/repair_generation_001/lanes/classification_lane_001/outcomes.jsonl
EXTPAYLOAD-07832619e793a071aafbfeec,classification_compaction_repair_generation_001_complete,artifacts/local_structured_external_data/whole_corpus_external_data_exhaustive_pipeline_2026-08-04/classified_observations/repair_generation_001/lanes/classification_lane_001/outcomes.jsonl
EXTPAYLOAD-07a184807a66cbf42d0b5f6b,classification_compaction_repair_generation_001_complete,artifacts/local_structured_external_data/whole_corpus_external_data_exhaustive_pipeline_2026-08-04/classified_observations/repair_generation_001/lanes/classification_lane_001/outcomes.jsonl
EXTPAYLOAD-07a85bbd27a47e3d138d2273,classification_compaction_repair_generation_001_complete,artifacts/local_structured_external_data/whole_corpus_external_data_exhaustive_pipeline_2026-08-04/classified_observations/repair_generation_001/lanes/classification_lane_001/outcomes.jsonl
EXTPAYLOAD-07c52030c97c210c78d6fed6,classification_compaction_repair_generation_001_complete,artifacts/local_structured_external_data/whole_corpus_external_data_exhaustive_pipeline_2026-08-04/classified_observations/repair_generation_001/lanes/classification_lane_001/outcomes.jsonl
EXTPAYLOAD-07f1a080ecb2a43e7a2eb3da,classification_compaction_repair_generation_001_complete,artifacts/local_structured_external_data/whole_corpus_external_data_exhaustive_pipeline_2026-08-04/classified_observations/repair_generation_001/lanes/classification_lane_001/outcomes.jsonl
EXTPAYLOAD-07f74f390ad7e87fa5b57f4a,classification_compaction_repair_generation_001_complete,artifacts/local_structured_external_data/whole_corpus_external_data_exhaustive_pipeline_2026-08-04/classified_observations/repair_generation_001/lanes/classification_lane_001/outcomes.jsonl
EXTPAYLOAD-08789df5cc048581551af564,classification_compaction_repair_generation_001_complete,artifacts/local_structured_external_data/whole_corpus_external_data_exhaustive_pipeline_2026-08-04/classified_observations/repair_generation_001/lanes/classification_lane_001/outcomes.jsonl
EXTPAYLOAD-089031e200a5dca0629a1452,classification_compaction_repair_generation_001_complete,artifacts/local_structured_external_data/whole_corpus_external_data_exhaustive_pipeline_2026-08-04/classified_observations/repair_generation_001/lanes/classification_lane_001/outcomes.jsonl
EXTPAYLOAD-0894a04b166a5a313ff7c7ac,classification_compaction_repair_generation_001_complete,artifacts/local_structured_external_data/whole_corpus_external_data_exhaustive_pipeline_2026-08-04/classified_observations/repair_generation_001/lanes/classification_lane_001/outcomes.jsonl
EXTPAYLOAD-08a84bd4e86879fdc0f1c305,classification_compaction_repair_generation_001_complete,artifacts/local_structured_external_data/whole_corpus_external_data_exhaustive_pipeline_2026-08-04/classified_observations/repair_generation_001/lanes/classification_lane_001/outcomes.jsonl
EXTPAYLOAD-08ad27753e406467cba9a299,classification_compaction_repair_generation_001_complete,artifacts/local_structured_external_data/whole_corpus_external_data_exhaustive_pipeline_2026-08-04/classified_observations/repair_generation_001/lanes/classification_lane_001/outcomes.jsonl
EXTPAYLOAD-08b1d40d3813219f4b23db58,classification_compaction_repair_generation_001_complete,artifacts/local_structured_external_data/whole_corpus_external_data_exhaustive_pipeline_2026-08-04/classified_observations/repair_generation_001/lanes/classification_lane_001/outcomes.jsonl
EXTPAYLOAD-08b239ed2c848bf5bf7c9d0b,classification_compaction_repair_generation_001_complete,artifacts/local_structured_external_data/whole_corpus_external_data_exhaustive_pipeline_2026-08-04/classified_observations/repair_generation_001/lanes/classification_lane_001/outcomes.jsonl
EXTPAYLOAD-090457cb322058558c1390c6,classification_compaction_repair_generation_001_complete,artifacts/local_structured_external_data/whole_corpus_external_data_exhaustive_pipeline_2026-08-04/classified_observations/repair_generation_001/lanes/classification_lane_001/outcomes.jsonl
EXTPAYLOAD-0904ef3f244a7218d83560e1,classification_compaction_repair_generation_001_complete,artifacts/local_structured_external_data/whole_corpus_external_data_exhaustive_pipeline_2026-08-04/classified_observations/repair_generation_001/lanes/classification_lane_001/outcomes.jsonl
EXTPAYLOAD-09685decc5bfc45fd4c3f5b1,classification_compaction_repair_generation_001_complete,artifacts/local_structured_external_data/whole_corpus_external_data_exhaustive_pipeline_2026-08-04/classified_observations/repair_generation_001/lanes/classification_lane_001/outcomes.jsonl
EXTPAYLOAD-09ac61b2a81b2e301744c062,classification_compaction_repair_generation_001_complete,artifacts/local_structured_external_data/whole_corpus_external_data_exhaustive_pipeline_2026-08-04/classified_observations/repair_generation_001/lanes/classification_lane_001/outcomes.jsonl
EXTPAYLOAD-09c3d26ff8a9a3bd6ed4f93d,classification_compaction_repair_generation_001_complete,artifacts/local_structured_external_data/whole_corpus_external_data_exhaustive_pipeline_2026-08-04/classified_observations/repair_generation_001/lanes/classification_lane_001/outcomes.jsonl
EXTPAYLOAD-09cb8874965eafe9de1123b6,classification_compaction_repair_generation_001_complete,artifacts/local_structured_external_data/whole_corpus_external_data_exhaustive_pipeline_2026-08-04/classified_observations/repair_generation_001/lanes/classification_lane_001/outcomes.jsonl
EXTPAYLOAD-09e6d2b8ee9518f77c4224f9,classification_compaction_repair_generation_001_complete,artifacts/local_structured_external_data/whole_corpus_external_data_exhaustive_pipeline_2026-08-04/classified_observations/repair_generation_001/lanes/classification_lane_001/outcomes.jsonl
EXTPAYLOAD-09f1260d6e75a28a769f3b9c,classification_compaction_repair_generation_001_complete,artifacts/local_structured_external_data/whole_corpus_external_data_exhaustive_pipeline_2026-08-04/classified_observations/repair_generation_001/lanes/classification_lane_001/outcomes.jsonl
EXTPAYLOAD-0a3b866f790d44bdd2f35826,classification_compaction_repair_generation_001_complete,artifacts/local_structured_external_data/whole_corpus_external_data_exhaustive_pipeline_2026-08-04/classified_observations/repair_generation_001/lanes/classification_lane_001/outcomes.jsonl
EXTPAYLOAD-0a3c63216dd62e8582ec0f2b,classification_compaction_repair_generation_001_complete,artifacts/local_structured_external_data/whole_corpus_external_data_exhaustive_pipeline_2026-08-04/classified_observations/repair_generation_001/lanes/classification_lane_001/outcomes.jsonl
EXTPAYLOAD-0a5c3d08541e75d59a64706e,classification_compaction_repair_generation_001_complete,artifacts/local_structured_external_data/whole_corpus_external_data_exhaustive_pipeline_2026-08-04/classified_observations/repair_generation_001/lanes/classification_lane_001/outcomes.jsonl
EXTPAYLOAD-0a60e6620fd7cca8c505a5ed,classification_compaction_repair_generation_001_complete,artifacts/local_structured_external_data/whole_corpus_external_data_exhaustive_pipeline_2026-08-04/classified_observations/repair_generation_001/lanes/classification_lane_001/outcomes.jsonl
EXTPAYLOAD-0a7acde2b08791e119b2c9e6,classification_compaction_repair_generation_001_complete,artifacts/local_structured_external_data/whole_corpus_external_data_exhaustive_pipeline_2026-08-04/classified_observations/repair_generation_001/lanes/classification_lane_001/outcomes.jsonl
EXTPAYLOAD-0a9b0a5c25150237c9c879d0,classification_compaction_repair_generation_001_complete,artifacts/local_structured_external_data/whole_corpus_external_data_exhaustive_pipeline_2026-08-04/classified_observations/repair_generation_001/lanes/classification_lane_001/outcomes.jsonl
EXTPAYLOAD-0ac8654bb9bc01dafe116c9c,classification_compaction_repair_generation_001_complete,artifacts/local_structured_external_data/whole_corpus_external_data_exhaustive_pipeline_2026-08-04/classified_observations/repair_generation_001/lanes/classification_lane_001/outcomes.jsonl
EXTPAYLOAD-0aef711e2bf49ac2820b51a5,classification_compaction_repair_generation_001_complete,artifacts/local_structured_external_data/whole_corpus_external_data_exhaustive_pipeline_2026-08-04/classified_observations/repair_generation_001/lanes/classification_lane_001/outcomes.jsonl
EXTPAYLOAD-0b06ef9f06d88c9507102a66,classification_compaction_repair_generation_001_complete,artifacts/local_structured_external_data/whole_corpus_external_data_exhaustive_pipeline_2026-08-04/classified_observations/repair_generation_001/lanes/classification_lane_001/outcomes.jsonl
EXTPAYLOAD-0b07a2f34639a52b7912f556,classification_compaction_repair_generation_001_complete,artifacts/local_structured_external_data/whole_corpus_external_data_exhaustive_pipeline_2026-08-04/classified_observations/repair_generation_001/lanes/classification_lane_001/outcomes.jsonl
EXTPAYLOAD-0b1bfaaf3339cd8ab9919071,classification_compaction_repair_generation_001_complete,artifacts/local_structured_external_data/whole_corpus_external_data_exhaustive_pipeline_2026-08-04/classified_observations/repair_generation_001/lanes/classification_lane_001/outcomes.jsonl
EXTPAYLOAD-0b29c1ff89fa07aa91fd5d4c,classification_compaction_repair_generation_001_complete,artifacts/local_structured_external_data/whole_corpus_external_data_exhaustive_pipeline_2026-08-04/classified_observations/repair_generation_001/lanes/classification_lane_001/outcomes.jsonl
EXTPAYLOAD-0b3850f811b0aa6b92013787,classification_compaction_repair_generation_001_complete,artifacts/local_structured_external_data/whole_corpus_external_data_exhaustive_pipeline_2026-08-04/classified_observations/repair_generation_001/lanes/classification_lane_001/outcomes.jsonl
EXTPAYLOAD-0b6a44845c31d7ebb3ca7866,classification_compaction_repair_generation_001_complete,artifacts/local_structured_external_data/whole_corpus_external_data_exhaustive_pipeline_2026-08-04/classified_observations/repair_generation_001/lanes/classification_lane_001/outcomes.jsonl
EXTPAYLOAD-0b6deae7c98915a1dc290799,classification_compaction_repair_generation_001_complete,artifacts/local_structured_external_data/whole_corpus_external_data_exhaustive_pipeline_2026-08-04/classified_observations/repair_generation_001/lanes/classification_lane_001/outcomes.jsonl
EXTPAYLOAD-0b88c8ebef3312933d2c3786,classification_compaction_repair_generation_001_complete,artifacts/local_structured_external_data/whole_corpus_external_data_exhaustive_pipeline_2026-08-04/classified_observations/repair_generation_001/lanes/classification_lane_001/outcomes.jsonl
EXTPAYLOAD-0ba6fd6cfb29cd73d01a448b,classification_compaction_repair_generation_001_complete,artifacts/local_structured_external_data/whole_corpus_external_data_exhaustive_pipeline_2026-08-04/classified_observations/repair_generation_001/lanes/classification_lane_001/outcomes.jsonl
EXTPAYLOAD-0bcd686c23485d68caa03c20,classification_compaction_repair_generation_001_complete,artifacts/local_structured_external_data/whole_corpus_external_data_exhaustive_pipeline_2026-08-04/classified_observations/repair_generation_001/lanes/classification_lane_001/outcomes.jsonl
EXTPAYLOAD-0bf6119b36589056ec1c8dc6,classification_compaction_repair_generation_001_complete,artifacts/local_structured_external_data/whole_corpus_external_data_exhaustive_pipeline_2026-08-04/classified_observations/repair_generation_001/lanes/classification_lane_001/outcomes.jsonl
EXTPAYLOAD-0bfe659ce6af4f15f8764a24,classification_compaction_repair_generation_001_complete,artifacts/local_structured_external_data/whole_corpus_external_data_exhaustive_pipeline_2026-08-04/classified_observations/repair_generation_001/lanes/classification_lane_001/outcomes.jsonl
EXTPAYLOAD-0c056837330d0f8ac647de0e,classification_compaction_repair_generation_001_complete,artifacts/local_structured_external_data/whole_corpus_external_data_exhaustive_pipeline_2026-08-04/classified_observations/repair_generation_001/lanes/classification_lane_001/outcomes.jsonl
EXTPAYLOAD-0c2c40ec949599cae419acce,classification_compaction_repair_generation_001_complete,artifacts/local_structured_external_data/whole_corpus_external_data_exhaustive_pipeline_2026-08-04/classified_observations/repair_generation_001/lanes/classification_lane_001/outcomes.jsonl
EXTPAYLOAD-0c3362b2527460a920315f39,classification_compaction_repair_generation_001_complete,artifacts/local_structured_external_data/whole_corpus_external_data_exhaustive_pipeline_2026-08-04/classified_observations/repair_generation_001/lanes/classification_lane_001/outcomes.jsonl
EXTPAYLOAD-0c50b6cf89e3dffe554762f6,classification_compaction_repair_generation_001_complete,artifacts/local_structured_external_data/whole_corpus_external_data_exhaustive_pipeline_2026-08-04/classified_observations/repair_generation_001/lanes/classification_lane_001/outcomes.jsonl
EXTPAYLOAD-0c60bc811b0970af579f1fea,classification_compaction_repair_generation_001_complete,artifacts/local_structured_external_data/whole_corpus_external_data_exhaustive_pipeline_2026-08-04/classified_observations/repair_generation_001/lanes/classification_lane_001/outcomes.jsonl
EXTPAYLOAD-0ca0bcba430f67d80bdb35ff,classification_compaction_repair_generation_001_complete,artifacts/local_structured_external_data/whole_corpus_external_data_exhaustive_pipeline_2026-08-04/classified_observations/repair_generation_001/lanes/classification_lane_001/outcomes.jsonl
EXTPAYLOAD-0cd6abfce69db5d8bf02c02d,classification_compaction_repair_generation_001_complete,artifacts/local_structured_external_data/whole_corpus_external_data_exhaustive_pipeline_2026-08-04/classified_observations/repair_generation_001/lanes/classification_lane_001/outcomes.jsonl
EXTPAYLOAD-0cea4efd5bc1c12f008e16c4,classification_compaction_repair_generation_001_complete,artifacts/local_structured_external_data/whole_corpus_external_data_exhaustive_pipeline_2026-08-04/classified_observations/repair_generation_001/lanes/classification_lane_001/outcomes.jsonl
EXTPAYLOAD-0cf8262903d64bb8aef94cfd,classification_compaction_repair_generation_001_complete,artifacts/local_structured_external_data/whole_corpus_external_data_exhaustive_pipeline_2026-08-04/classified_observations/repair_generation_001/lanes/classification_lane_001/outcomes.jsonl
EXTPAYLOAD-0d12427566393db9002322df,classification_compaction_repair_generation_001_complete,artifacts/local_structured_external_data/whole_corpus_external_data_exhaustive_pipeline_2026-08-04/classified_observations/repair_generation_001/lanes/classification_lane_001/outcomes.jsonl
EXTPAYLOAD-0d3a99843214717492630926,classification_compaction_repair_generation_001_complete,artifacts/local_structured_external_data/whole_corpus_external_data_exhaustive_pipeline_2026-08-04/classified_observations/repair_generation_001/lanes/classification_lane_001/outcomes.jsonl
EXTPAYLOAD-0d4b2e988be0e70909f5f277,classification_compaction_repair_generation_001_complete,artifacts/local_structured_external_data/whole_corpus_external_data_exhaustive_pipeline_2026-08-04/classified_observations/repair_generation_001/lanes/classification_lane_001/outcomes.jsonl
EXTPAYLOAD-0d5d6d57056a0710991a3e69,classification_compaction_repair_generation_001_complete,artifacts/local_structured_external_data/whole_corpus_external_data_exhaustive_pipeline_2026-08-04/classified_observations/repair_generation_001/lanes/classification_lane_001/outcomes.jsonl
EXTPAYLOAD-0d6093b37636ed2dbe5146f1,classification_compaction_repair_generation_001_complete,artifacts/local_structured_external_data/whole_corpus_external_data_exhaustive_pipeline_2026-08-04/classified_observations/repair_generation_001/lanes/classification_lane_001/outcomes.jsonl
EXTPAYLOAD-0d6481a25e225ad41f6da4e1,classification_compaction_repair_generation_001_complete,artifacts/local_structured_external_data/whole_corpus_external_data_exhaustive_pipeline_2026-08-04/classified_observations/repair_generation_001/lanes/classification_lane_001/outcomes.jsonl
EXTPAYLOAD-0d8458262cf61f8df4d1bc91,classification_compaction_repair_generation_001_complete,artifacts/local_structured_external_data/whole_corpus_external_data_exhaustive_pipeline_2026-08-04/classified_observations/repair_generation_001/lanes/classification_lane_001/outcomes.jsonl
EXTPAYLOAD-0d995d0e1dc6c9f2c2df6b2e,classification_compaction_repair_generation_001_complete,artifacts/local_structured_external_data/whole_corpus_external_data_exhaustive_pipeline_2026-08-04/classified_observations/repair_generation_001/lanes/classification_lane_001/outcomes.jsonl
EXTPAYLOAD-0da046c3e57073da41efe086,classification_compaction_repair_generation_001_complete,artifacts/local_structured_external_data/whole_corpus_external_data_exhaustive_pipeline_2026-08-04/classified_observations/repair_generation_001/lanes/classification_lane_001/outcomes.jsonl
EXTPAYLOAD-0dab0c4f048727bc661d0b10,classification_compaction_repair_generation_001_complete,artifacts/local_structured_external_data/whole_corpus_external_data_exhaustive_pipeline_2026-08-04/classified_observations/repair_generation_001/lanes/classification_lane_001/outcomes.jsonl
EXTPAYLOAD-0dca101633467929b0a67439,classification_compaction_repair_generation_001_complete,artifacts/local_structured_external_data/whole_corpus_external_data_exhaustive_pipeline_2026-08-04/classified_observations/repair_generation_001/lanes/classification_lane_001/outcomes.jsonl
EXTPAYLOAD-0dd6c4021d023f61a39e19ea,classification_compaction_repair_generation_001_complete,artifacts/local_structured_external_data/whole_corpus_external_data_exhaustive_pipeline_2026-08-04/classified_observations/repair_generation_001/lanes/classification_lane_001/outcomes.jsonl
EXTPAYLOAD-0de8fbf79566d1cc01afa967,classification_compaction_repair_generation_001_complete,artifacts/local_structured_external_data/whole_corpus_external_data_exhaustive_pipeline_2026-08-04/classified_observations/repair_generation_001/lanes/classification_lane_001/outcomes.jsonl
EXTPAYLOAD-0dffb4b1b226e7ea1f7a8a75,classification_compaction_repair_generation_001_complete,artifacts/local_structured_external_data/whole_corpus_external_data_exhaustive_pipeline_2026-08-04/classified_observations/repair_generation_001/lanes/classification_lane_001/outcomes.jsonl
EXTPAYLOAD-0e00dbb48905f7bf9183c484,classification_compaction_repair_generation_001_complete,artifacts/local_structured_external_data/whole_corpus_external_data_exhaustive_pipeline_2026-08-04/classified_observations/repair_generation_001/lanes/classification_lane_001/outcomes.jsonl
EXTPAYLOAD-0e1d34a84f07dde14242f2d2,classification_compaction_repair_generation_001_complete,artifacts/local_structured_external_data/whole_corpus_external_data_exhaustive_pipeline_2026-08-04/classified_observations/repair_generation_001/lanes/classification_lane_001/outcomes.jsonl
EXTPAYLOAD-0e32d7fc49575250c28f9d5f,classification_compaction_repair_generation_001_complete,artifacts/local_structured_external_data/whole_corpus_external_data_exhaustive_pipeline_2026-08-04/classified_observations/repair_generation_001/lanes/classification_lane_001/outcomes.jsonl
EXTPAYLOAD-0e4f1f59d590a5c0c1d5622c,classification_compaction_repair_generation_001_complete,artifacts/local_structured_external_data/whole_corpus_external_data_exhaustive_pipeline_2026-08-04/classified_observations/repair_generation_001/lanes/classification_lane_001/outcomes.jsonl
EXTPAYLOAD-0e5119a5cfbe2d72a16c4b88,classification_compaction_repair_generation_001_complete,artifacts/local_structured_external_data/whole_corpus_external_data_exhaustive_pipeline_2026-08-04/classified_observations/repair_generation_001/lanes/classification_lane_001/outcomes.jsonl
EXTPAYLOAD-0e52ec90936011bc43b26ea4,classification_compaction_repair_generation_001_complete,artifacts/local_structured_external_data/whole_corpus_external_data_exhaustive_pipeline_2026-08-04/classified_observations/repair_generation_001/lanes/classification_lane_001/outcomes.jsonl
EXTPAYLOAD-0ea61812f6708b448504085a,classification_compaction_repair_generation_001_complete,artifacts/local_structured_external_data/whole_corpus_external_data_exhaustive_pipeline_2026-08-04/classified_observations/repair_generation_001/lanes/classification_lane_001/outcomes.jsonl
EXTPAYLOAD-0eb51d31249615466f0fd12b,classification_compaction_repair_generation_001_complete,artifacts/local_structured_external_data/whole_corpus_external_data_exhaustive_pipeline_2026-08-04/classified_observations/repair_generation_001/lanes/classification_lane_001/outcomes.jsonl
EXTPAYLOAD-0ee257d6a886c3a357cdf8e1,classification_compaction_repair_generation_001_complete,artifacts/local_structured_external_data/whole_corpus_external_data_exhaustive_pipeline_2026-08-04/classified_observations/repair_generation_001/lanes/classification_lane_001/outcomes.jsonl
EXTPAYLOAD-0f218f9d95c73eb1ff230b4d,classification_compaction_repair_generation_001_complete,artifacts/local_structured_external_data/whole_corpus_external_data_exhaustive_pipeline_2026-08-04/classified_observations/repair_generation_001/lanes/classification_lane_001/outcomes.jsonl
EXTPAYLOAD-0f21ffdc0ca4280b3f98446a,classification_compaction_repair_generation_001_complete,artifacts/local_structured_external_data/whole_corpus_external_data_exhaustive_pipeline_2026-08-04/classified_observations/repair_generation_001/lanes/classification_lane_001/outcomes.jsonl
EXTPAYLOAD-0f32be8acbbfcafe9f65a476,classification_compaction_repair_generation_001_complete,artifacts/local_structured_external_data/whole_corpus_external_data_exhaustive_pipeline_2026-08-04/classified_observations/repair_generation_001/lanes/classification_lane_001/outcomes.jsonl
EXTPAYLOAD-0f4bb3edd822cb424e21b6ac,classification_compaction_repair_generation_001_complete,artifacts/local_structured_external_data/whole_corpus_external_data_exhaustive_pipeline_2026-08-04/classified_observations/repair_generation_001/lanes/classification_lane_001/outcomes.jsonl
EXTPAYLOAD-0f5816a447e5e8f8397929f7,classification_compaction_repair_generation_001_complete,artifacts/local_structured_external_data/whole_corpus_external_data_exhaustive_pipeline_2026-08-04/classified_observations/repair_generation_001/lanes/classification_lane_001/outcomes.jsonl
EXTPAYLOAD-0f59cdfc31b194dcbc46d9a0,classification_compaction_repair_generation_001_complete,artifacts/local_structured_external_data/whole_corpus_external_data_exhaustive_pipeline_2026-08-04/classified_observations/repair_generation_001/lanes/classification_lane_001/outcomes.jsonl
EXTPAYLOAD-0f639644e82fe8e9380f660e,classification_compaction_repair_generation_001_complete,artifacts/local_structured_external_data/whole_corpus_external_data_exhaustive_pipeline_2026-08-04/classified_observations/repair_generation_001/lanes/classification_lane_001/outcomes.jsonl
EXTPAYLOAD-0f63dee95446d2a5005a2e6b,classification_compaction_repair_generation_001_complete,artifacts/local_structured_external_data/whole_corpus_external_data_exhaustive_pipeline_2026-08-04/classified_observations/repair_generation_001/lanes/classification_lane_001/outcomes.jsonl
EXTPAYLOAD-0f74e285b031dc59bc54ef13,classification_compaction_repair_generation_001_complete,artifacts/local_structured_external_data/whole_corpus_external_data_exhaustive_pipeline_2026-08-04/classified_observations/repair_generation_001/lanes/classification_lane_001/outcomes.jsonl
EXTPAYLOAD-0f7b2f297d551a13aeb183fe,classification_compaction_repair_generation_001_complete,artifacts/local_structured_external_data/whole_corpus_external_data_exhaustive_pipeline_2026-08-04/classified_observations/repair_generation_001/lanes/classification_lane_001/outcomes.jsonl
EXTPAYLOAD-0f9181c2013dec7b8513c9e0,classification_compaction_repair_generation_001_complete,artifacts/local_structured_external_data/whole_corpus_external_data_exhaustive_pipeline_2026-08-04/classified_observations/repair_generation_001/lanes/classification_lane_001/outcomes.jsonl
EXTPAYLOAD-0f961185dc6d047c923df946,classification_compaction_repair_generation_001_complete,artifacts/local_structured_external_data/whole_corpus_external_data_exhaustive_pipeline_2026-08-04/classified_observations/repair_generation_001/lanes/classification_lane_001/outcomes.jsonl
EXTPAYLOAD-0fb2e939cb5df7e965de8f64,classification_compaction_repair_generation_001_complete,artifacts/local_structured_external_data/whole_corpus_external_data_exhaustive_pipeline_2026-08-04/classified_observations/repair_generation_001/lanes/classification_lane_001/outcomes.jsonl
EXTPAYLOAD-0fdc905ea23071b00f32312a,classification_compaction_repair_generation_001_complete,artifacts/local_structured_external_data/whole_corpus_external_data_exhaustive_pipeline_2026-08-04/classified_observations/repair_generation_001/lanes/classification_lane_001/outcomes.jsonl
EXTPAYLOAD-100b1d43e18324fc8b78bec8,classification_compaction_repair_generation_001_complete,artifacts/local_structured_external_data/whole_corpus_external_data_exhaustive_pipeline_2026-08-04/classified_observations/repair_generation_001/lanes/classification_lane_001/outcomes.jsonl
EXTPAYLOAD-100b4106553ec31caeca6cd3,classification_compaction_repair_generation_001_complete,artifacts/local_structured_external_data/whole_corpus_external_data_exhaustive_pipeline_2026-08-04/classified_observations/repair_generation_001/lanes/classification_lane_001/outcomes.jsonl
EXTPAYLOAD-101c540443c4c7c465812512,classification_compaction_repair_generation_001_complete,artifacts/local_structured_external_data/whole_corpus_external_data_exhaustive_pipeline_2026-08-04/classified_observations/repair_generation_001/lanes/classification_lane_001/outcomes.jsonl
EXTPAYLOAD-102245d2435093184e0f6b52,classification_compaction_repair_generation_001_complete,artifacts/local_structured_external_data/whole_corpus_external_data_exhaustive_pipeline_2026-08-04/classified_observations/repair_generation_001/lanes/classification_lane_001/outcomes.jsonl
EXTPAYLOAD-1022759d069f37fbb32e96d5,classification_compaction_repair_generation_001_complete,artifacts/local_structured_external_data/whole_corpus_external_data_exhaustive_pipeline_2026-08-04/classified_observations/repair_generation_001/lanes/classification_lane_001/outcomes.jsonl
EXTPAYLOAD-105bae242e0c226e18d0e3f2,classification_compaction_repair_generation_001_complete,artifacts/local_structured_external_data/whole_corpus_external_data_exhaustive_pipeline_2026-08-04/classified_observations/repair_generation_001/lanes/classification_lane_001/outcomes.jsonl
EXTPAYLOAD-1095afa6e4222f8206f96a0f,classification_compaction_repair_generation_001_complete,artifacts/local_structured_external_data/whole_corpus_external_data_exhaustive_pipeline_2026-08-04/classified_observations/repair_generation_001/lanes/classification_lane_001/outcomes.jsonl
EXTPAYLOAD-10b753a8a4a0e47eb9c30b9e,classification_compaction_repair_generation_001_complete,artifacts/local_structured_external_data/whole_corpus_external_data_exhaustive_pipeline_2026-08-04/classified_observations/repair_generation_001/lanes/classification_lane_001/outcomes.jsonl
EXTPAYLOAD-10c57494219b9805d00bc239,classification_compaction_repair_generation_001_complete,artifacts/local_structured_external_data/whole_corpus_external_data_exhaustive_pipeline_2026-08-04/classified_observations/repair_generation_001/lanes/classification_lane_001/outcomes.jsonl
EXTPAYLOAD-10d175512bef525d2d5b81ad,classification_compaction_repair_generation_001_complete,artifacts/local_structured_external_data/whole_corpus_external_data_exhaustive_pipeline_2026-08-04/classified_observations/repair_generation_001/lanes/classification_lane_001/outcomes.jsonl
EXTPAYLOAD-10e671ea803489131af0aba0,classification_compaction_repair_generation_001_complete,artifacts/local_structured_external_data/whole_corpus_external_data_exhaustive_pipeline_2026-08-04/classified_observations/repair_generation_001/lanes/classification_lane_001/outcomes.jsonl
EXTPAYLOAD-111f75bce71f4b196bfcd257,classification_compaction_repair_generation_001_complete,artifacts/local_structured_external_data/whole_corpus_external_data_exhaustive_pipeline_2026-08-04/classified_observations/repair_generation_001/lanes/classification_lane_001/outcomes.jsonl
EXTPAYLOAD-11236c7b1d3821beb23b60c4,classification_compaction_repair_generation_001_complete,artifacts/local_structured_external_data/whole_corpus_external_data_exhaustive_pipeline_2026-08-04/classified_observations/repair_generation_001/lanes/classification_lane_001/outcomes.jsonl
EXTPAYLOAD-11488c7dd252bb3a8ee84b9c,classification_compaction_repair_generation_001_complete,artifacts/local_structured_external_data/whole_corpus_external_data_exhaustive_pipeline_2026-08-04/classified_observations/repair_generation_001/lanes/classification_lane_001/outcomes.jsonl
EXTPAYLOAD-114cb79de5b891790d9ea61f,classification_compaction_repair_generation_001_complete,artifacts/local_structured_external_data/whole_corpus_external_data_exhaustive_pipeline_2026-08-04/classified_observations/repair_generation_001/lanes/classification_lane_001/outcomes.jsonl
EXTPAYLOAD-1167634cbb9b90f3f51b1e4b,classification_compaction_repair_generation_001_complete,artifacts/local_structured_external_data/whole_corpus_external_data_exhaustive_pipeline_2026-08-04/classified_observations/repair_generation_001/lanes/classification_lane_001/outcomes.jsonl
EXTPAYLOAD-1187f71f6b420c3a3bd721b3,classification_compaction_repair_generation_001_complete,artifacts/local_structured_external_data/whole_corpus_external_data_exhaustive_pipeline_2026-08-04/classified_observations/repair_generation_001/lanes/classification_lane_001/outcomes.jsonl
EXTPAYLOAD-119bbbf3ab9fa18aa48bd918,classification_compaction_repair_generation_001_complete,artifacts/local_structured_external_data/whole_corpus_external_data_exhaustive_pipeline_2026-08-04/classified_observations/repair_generation_001/lanes/classification_lane_001/outcomes.jsonl
EXTPAYLOAD-119e2f2cc4b954754cb13956,classification_compaction_repair_generation_001_complete,artifacts/local_structured_external_data/whole_corpus_external_data_exhaustive_pipeline_2026-08-04/classified_observations/repair_generation_001/lanes/classification_lane_001/outcomes.jsonl
EXTPAYLOAD-11da7982e74447086c4514a1,classification_compaction_repair_generation_001_complete,artifacts/local_structured_external_data/whole_corpus_external_data_exhaustive_pipeline_2026-08-04/classified_observations/repair_generation_001/lanes/classification_lane_001/outcomes.jsonl
EXTPAYLOAD-120e6a81dae3a010316131bc,classification_compaction_repair_generation_001_complete,artifacts/local_structured_external_data/whole_corpus_external_data_exhaustive_pipeline_2026-08-04/classified_observations/repair_generation_001/lanes/classification_lane_001/outcomes.jsonl
EXTPAYLOAD-123da5638e29bc5fa3076b38,classification_compaction_repair_generation_001_complete,artifacts/local_structured_external_data/whole_corpus_external_data_exhaustive_pipeline_2026-08-04/classified_observations/repair_generation_001/lanes/classification_lane_001/outcomes.jsonl
EXTPAYLOAD-1281d3207b213ebab22eb07d,classification_compaction_repair_generation_001_complete,artifacts/local_structured_external_data/whole_corpus_external_data_exhaustive_pipeline_2026-08-04/classified_observations/repair_generation_001/lanes/classification_lane_001/outcomes.jsonl
EXTPAYLOAD-12a612b6dc6c8134693a38b5,classification_compaction_repair_generation_001_complete,artifacts/local_structured_external_data/whole_corpus_external_data_exhaustive_pipeline_2026-08-04/classified_observations/repair_generation_001/lanes/classification_lane_001/outcomes.jsonl
EXTPAYLOAD-12a6a9a101ef2950be43797d,classification_compaction_repair_generation_001_complete,artifacts/local_structured_external_data/whole_corpus_external_data_exhaustive_pipeline_2026-08-04/classified_observations/repair_generation_001/lanes/classification_lane_001/outcomes.jsonl
EXTPAYLOAD-12bf3e3858a34a307ef48d8c,classification_compaction_repair_generation_001_complete,artifacts/local_structured_external_data/whole_corpus_external_data_exhaustive_pipeline_2026-08-04/classified_observations/repair_generation_001/lanes/classification_lane_001/outcomes.jsonl
EXTPAYLOAD-12c86a7f1a9300604b2300ff,classification_compaction_repair_generation_001_complete,artifacts/local_structured_external_data/whole_corpus_external_data_exhaustive_pipeline_2026-08-04/classified_observations/repair_generation_001/lanes/classification_lane_001/outcomes.jsonl
EXTPAYLOAD-12fe965fafbea47068d634a9,classification_compaction_repair_generation_001_complete,artifacts/local_structured_external_data/whole_corpus_external_data_exhaustive_pipeline_2026-08-04/classified_observations/repair_generation_001/lanes/classification_lane_001/outcomes.jsonl
EXTPAYLOAD-130f6e3a433806fbce290384,classification_compaction_repair_generation_001_complete,artifacts/local_structured_external_data/whole_corpus_external_data_exhaustive_pipeline_2026-08-04/classified_observations/repair_generation_001/lanes/classification_lane_001/outcomes.jsonl
EXTPAYLOAD-13270f4318da7201b8dde04a,classification_compaction_repair_generation_001_complete,artifacts/local_structured_external_data/whole_corpus_external_data_exhaustive_pipeline_2026-08-04/classified_observations/repair_generation_001/lanes/classification_lane_001/outcomes.jsonl
EXTPAYLOAD-13292a4dbf565c0a606040cd,classification_compaction_repair_generation_001_complete,artifacts/local_structured_external_data/whole_corpus_external_data_exhaustive_pipeline_2026-08-04/classified_observations/repair_generation_001/lanes/classification_lane_001/outcomes.jsonl
EXTPAYLOAD-132db75b24c60624f7425802,classification_compaction_repair_generation_001_complete,artifacts/local_structured_external_data/whole_corpus_external_data_exhaustive_pipeline_2026-08-04/classified_observations/repair_generation_001/lanes/classification_lane_001/outcomes.jsonl
EXTPAYLOAD-133065740cfb59af836064a3,classification_compaction_repair_generation_001_complete,artifacts/local_structured_external_data/whole_corpus_external_data_exhaustive_pipeline_2026-08-04/classified_observations/repair_generation_001/lanes/classification_lane_001/outcomes.jsonl
EXTPAYLOAD-138d421c752585abce59d4c3,classification_compaction_repair_generation_001_complete,artifacts/local_structured_external_data/whole_corpus_external_data_exhaustive_pipeline_2026-08-04/classified_observations/repair_generation_001/lanes/classification_lane_001/outcomes.jsonl
EXTPAYLOAD-139ac2e6debab5c1d1541637,classification_compaction_repair_generation_001_complete,artifacts/local_structured_external_data/whole_corpus_external_data_exhaustive_pipeline_2026-08-04/classified_observations/repair_generation_001/lanes/classification_lane_001/outcomes.jsonl
EXTPAYLOAD-13a05bfaa24cf66580f94664,classification_compaction_repair_generation_001_complete,artifacts/local_structured_external_data/whole_corpus_external_data_exhaustive_pipeline_2026-08-04/classified_observations/repair_generation_001/lanes/classification_lane_001/outcomes.jsonl
EXTPAYLOAD-13aba1fea72fe27ed21ba439,classification_compaction_repair_generation_001_complete,artifacts/local_structured_external_data/whole_corpus_external_data_exhaustive_pipeline_2026-08-04/classified_observations/repair_generation_001/lanes/classification_lane_001/outcomes.jsonl
EXTPAYLOAD-13cc8216ed71aa3a1e305f9e,classification_compaction_repair_generation_001_complete,artifacts/local_structured_external_data/whole_corpus_external_data_exhaustive_pipeline_2026-08-04/classified_observations/repair_generation_001/lanes/classification_lane_001/outcomes.jsonl
EXTPAYLOAD-13d079af22ecb730575933aa,classification_compaction_repair_generation_001_complete,artifacts/local_structured_external_data/whole_corpus_external_data_exhaustive_pipeline_2026-08-04/classified_observations/repair_generation_001/lanes/classification_lane_001/outcomes.jsonl
EXTPAYLOAD-13d0be42a3c78e6878647592,classification_compaction_repair_generation_001_complete,artifacts/local_structured_external_data/whole_corpus_external_data_exhaustive_pipeline_2026-08-04/classified_observations/repair_generation_001/lanes/classification_lane_001/outcomes.jsonl
EXTPAYLOAD-13d8916ce6262585799bb453,classification_compaction_repair_generation_001_complete,artifacts/local_structured_external_data/whole_corpus_external_data_exhaustive_pipeline_2026-08-04/classified_observations/repair_generation_001/lanes/classification_lane_001/outcomes.jsonl
EXTPAYLOAD-13ea5c5bbc171d8bfd667502,classification_compaction_repair_generation_001_complete,artifacts/local_structured_external_data/whole_corpus_external_data_exhaustive_pipeline_2026-08-04/classified_observations/repair_generation_001/lanes/classification_lane_001/outcomes.jsonl
EXTPAYLOAD-13f23c2eeb6a63477929294d,classification_compaction_repair_generation_001_complete,artifacts/local_structured_external_data/whole_corpus_external_data_exhaustive_pipeline_2026-08-04/classified_observations/repair_generation_001/lanes/classification_lane_001/outcomes.jsonl
EXTPAYLOAD-13fbd74af032495e70a429a0,classification_compaction_repair_generation_001_complete,artifacts/local_structured_external_data/whole_corpus_external_data_exhaustive_pipeline_2026-08-04/classified_observations/repair_generation_001/lanes/classification_lane_001/outcomes.jsonl
EXTPAYLOAD-1411b4a514fad3283c64166c,classification_compaction_repair_generation_001_complete,artifacts/local_structured_external_data/whole_corpus_external_data_exhaustive_pipeline_2026-08-04/classified_observations/repair_generation_001/lanes/classification_lane_001/outcomes.jsonl
EXTPAYLOAD-14560f7fc907f48320dc971a,classification_compaction_repair_generation_001_complete,artifacts/local_structured_external_data/whole_corpus_external_data_exhaustive_pipeline_2026-08-04/classified_observations/repair_generation_001/lanes/classification_lane_001/outcomes.jsonl
EXTPAYLOAD-14616227fb077527bcd77152,classification_compaction_repair_generation_001_complete,artifacts/local_structured_external_data/whole_corpus_external_data_exhaustive_pipeline_2026-08-04/classified_observations/repair_generation_001/lanes/classification_lane_001/outcomes.jsonl
EXTPAYLOAD-147647eaba099880956ed12b,classification_compaction_repair_generation_001_complete,artifacts/local_structured_external_data/whole_corpus_external_data_exhaustive_pipeline_2026-08-04/classified_observations/repair_generation_001/lanes/classification_lane_001/outcomes.jsonl
EXTPAYLOAD-147f3fa4b7d97f62506f31fe,classification_compaction_repair_generation_001_complete,artifacts/local_structured_external_data/whole_corpus_external_data_exhaustive_pipeline_2026-08-04/classified_observations/repair_generation_001/lanes/classification_lane_001/outcomes.jsonl
EXTPAYLOAD-14d6799fec3ad920a95a75b3,classification_compaction_repair_generation_001_complete,artifacts/local_structured_external_data/whole_corpus_external_data_exhaustive_pipeline_2026-08-04/classified_observations/repair_generation_001/lanes/classification_lane_001/outcomes.jsonl
EXTPAYLOAD-14ee5db2d89bacd647a6adc2,classification_compaction_repair_generation_001_complete,artifacts/local_structured_external_data/whole_corpus_external_data_exhaustive_pipeline_2026-08-04/classified_observations/repair_generation_001/lanes/classification_lane_001/outcomes.jsonl
EXTPAYLOAD-1512c468b3573bebb57fee63,classification_compaction_repair_generation_001_complete,artifacts/local_structured_external_data/whole_corpus_external_data_exhaustive_pipeline_2026-08-04/classified_observations/repair_generation_001/lanes/classification_lane_001/outcomes.jsonl
EXTPAYLOAD-152acd33a887cbfbefeafd58,classification_compaction_repair_generation_001_complete,artifacts/local_structured_external_data/whole_corpus_external_data_exhaustive_pipeline_2026-08-04/classified_observations/repair_generation_001/lanes/classification_lane_001/outcomes.jsonl
EXTPAYLOAD-152eed979729c2a6eb834583,classification_compaction_repair_generation_001_complete,artifacts/local_structured_external_data/whole_corpus_external_data_exhaustive_pipeline_2026-08-04/classified_observations/repair_generation_001/lanes/classification_lane_001/outcomes.jsonl
EXTPAYLOAD-15327cb9399433f80ae25c00,classification_compaction_repair_generation_001_complete,artifacts/local_structured_external_data/whole_corpus_external_data_exhaustive_pipeline_2026-08-04/classified_observations/repair_generation_001/lanes/classification_lane_001/outcomes.jsonl
EXTPAYLOAD-1533775eea43dfc537dcf216,classification_compaction_repair_generation_001_complete,artifacts/local_structured_external_data/whole_corpus_external_data_exhaustive_pipeline_2026-08-04/classified_observations/repair_generation_001/lanes/classification_lane_001/outcomes.jsonl
EXTPAYLOAD-1536b8e1ef355230ea7d2b9f,classification_compaction_repair_generation_001_complete,artifacts/local_structured_external_data/whole_corpus_external_data_exhaustive_pipeline_2026-08-04/classified_observations/repair_generation_001/lanes/classification_lane_001/outcomes.jsonl
EXTPAYLOAD-1571db8a545715442299142d,classification_compaction_repair_generation_001_complete,artifacts/local_structured_external_data/whole_corpus_external_data_exhaustive_pipeline_2026-08-04/classified_observations/repair_generation_001/lanes/classification_lane_001/outcomes.jsonl
EXTPAYLOAD-1579c736c2d26d2cd60728a7,classification_compaction_repair_generation_001_complete,artifacts/local_structured_external_data/whole_corpus_external_data_exhaustive_pipeline_2026-08-04/classified_observations/repair_generation_001/lanes/classification_lane_001/outcomes.jsonl
EXTPAYLOAD-158bfe018f223f7c3d2d298c,classification_compaction_repair_generation_001_complete,artifacts/local_structured_external_data/whole_corpus_external_data_exhaustive_pipeline_2026-08-04/classified_observations/repair_generation_001/lanes/classification_lane_001/outcomes.jsonl
EXTPAYLOAD-15bd3280de2e7438952f0719,classification_compaction_repair_generation_001_complete,artifacts/local_structured_external_data/whole_corpus_external_data_exhaustive_pipeline_2026-08-04/classified_observations/repair_generation_001/lanes/classification_lane_001/outcomes.jsonl
EXTPAYLOAD-15c370b28dd6b34069035388,classification_compaction_repair_generation_001_complete,artifacts/local_structured_external_data/whole_corpus_external_data_exhaustive_pipeline_2026-08-04/classified_observations/repair_generation_001/lanes/classification_lane_001/outcomes.jsonl
EXTPAYLOAD-15f4067df408c4a75de6ab8d,classification_compaction_repair_generation_001_complete,artifacts/local_structured_external_data/whole_corpus_external_data_exhaustive_pipeline_2026-08-04/classified_observations/repair_generation_001/lanes/classification_lane_001/outcomes.jsonl
EXTPAYLOAD-15fefb2c4da41504f3a08f8e,classification_compaction_repair_generation_001_complete,artifacts/local_structured_external_data/whole_corpus_external_data_exhaustive_pipeline_2026-08-04/classified_observations/repair_generation_001/lanes/classification_lane_001/outcomes.jsonl
EXTPAYLOAD-1600f2e25aea389d0286683b,classification_compaction_repair_generation_001_complete,artifacts/local_structured_external_data/whole_corpus_external_data_exhaustive_pipeline_2026-08-04/classified_observations/repair_generation_001/lanes/classification_lane_001/outcomes.jsonl
EXTPAYLOAD-160f9adb81dd2689969cbd60,classification_compaction_repair_generation_001_complete,artifacts/local_structured_external_data/whole_corpus_external_data_exhaustive_pipeline_2026-08-04/classified_observations/repair_generation_001/lanes/classification_lane_001/outcomes.jsonl
EXTPAYLOAD-1644cd6f527560d0dd6c52c1,classification_compaction_repair_generation_001_complete,artifacts/local_structured_external_data/whole_corpus_external_data_exhaustive_pipeline_2026-08-04/classified_observations/repair_generation_001/lanes/classification_lane_001/outcomes.jsonl
EXTPAYLOAD-1653b25e67db945f22bf4b3d,classification_compaction_repair_generation_001_complete,artifacts/local_structured_external_data/whole_corpus_external_data_exhaustive_pipeline_2026-08-04/classified_observations/repair_generation_001/lanes/classification_lane_001/outcomes.jsonl
EXTPAYLOAD-165877d6ce3571124901a682,classification_compaction_repair_generation_001_complete,artifacts/local_structured_external_data/whole_corpus_external_data_exhaustive_pipeline_2026-08-04/classified_observations/repair_generation_001/lanes/classification_lane_001/outcomes.jsonl
EXTPAYLOAD-1660667e26fe46d47e2ab367,classification_compaction_repair_generation_001_complete,artifacts/local_structured_external_data/whole_corpus_external_data_exhaustive_pipeline_2026-08-04/classified_observations/repair_generation_001/lanes/classification_lane_001/outcomes.jsonl
EXTPAYLOAD-16845fd025054c1d88c84d2e,classification_compaction_repair_generation_001_complete,artifacts/local_structured_external_data/whole_corpus_external_data_exhaustive_pipeline_2026-08-04/classified_observations/repair_generation_001/lanes/classification_lane_001/outcomes.jsonl
EXTPAYLOAD-1686e42cdee2003946dc6376,classification_compaction_repair_generation_001_complete,artifacts/local_structured_external_data/whole_corpus_external_data_exhaustive_pipeline_2026-08-04/classified_observations/repair_generation_001/lanes/classification_lane_001/outcomes.jsonl
EXTPAYLOAD-169a090eadbe88ef704e835f,classification_compaction_repair_generation_001_complete,artifacts/local_structured_external_data/whole_corpus_external_data_exhaustive_pipeline_2026-08-04/classified_observations/repair_generation_001/lanes/classification_lane_001/outcomes.jsonl
EXTPAYLOAD-16b1114e1dd7c13a50352071,classification_compaction_repair_generation_001_complete,artifacts/local_structured_external_data/whole_corpus_external_data_exhaustive_pipeline_2026-08-04/classified_observations/repair_generation_001/lanes/classification_lane_001/outcomes.jsonl
EXTPAYLOAD-16b34c15f3e1173c81848bc5,classification_compaction_repair_generation_001_complete,artifacts/local_structured_external_data/whole_corpus_external_data_exhaustive_pipeline_2026-08-04/classified_observations/repair_generation_001/lanes/classification_lane_001/outcomes.jsonl
EXTPAYLOAD-16c1e77e51e8348a27402620,classification_compaction_repair_generation_001_complete,artifacts/local_structured_external_data/whole_corpus_external_data_exhaustive_pipeline_2026-08-04/classified_observations/repair_generation_001/lanes/classification_lane_001/outcomes.jsonl
EXTPAYLOAD-16c91b1a56b0058419e1d92f,classification_compaction_repair_generation_001_complete,artifacts/local_structured_external_data/whole_corpus_external_data_exhaustive_pipeline_2026-08-04/classified_observations/repair_generation_001/lanes/classification_lane_001/outcomes.jsonl
EXTPAYLOAD-16cb36afa78e320da2522f76,classification_compaction_repair_generation_001_complete,artifacts/local_structured_external_data/whole_corpus_external_data_exhaustive_pipeline_2026-08-04/classified_observations/repair_generation_001/lanes/classification_lane_001/outcomes.jsonl
EXTPAYLOAD-16d46669515ac8e34dd35c8e,classification_compaction_repair_generation_001_complete,artifacts/local_structured_external_data/whole_corpus_external_data_exhaustive_pipeline_2026-08-04/classified_observations/repair_generation_001/lanes/classification_lane_001/outcomes.jsonl
EXTPAYLOAD-16e6321dfbbb17dc4fb8cf46,classification_compaction_repair_generation_001_complete,artifacts/local_structured_external_data/whole_corpus_external_data_exhaustive_pipeline_2026-08-04/classified_observations/repair_generation_001/lanes/classification_lane_001/outcomes.jsonl
EXTPAYLOAD-16f43eed7021c9cbe3794ebf,classification_compaction_repair_generation_001_complete,artifacts/local_structured_external_data/whole_corpus_external_data_exhaustive_pipeline_2026-08-04/classified_observations/repair_generation_001/lanes/classification_lane_001/outcomes.jsonl
EXTPAYLOAD-173f687b953409966c06e192,classification_compaction_repair_generation_001_complete,artifacts/local_structured_external_data/whole_corpus_external_data_exhaustive_pipeline_2026-08-04/classified_observations/repair_generation_001/lanes/classification_lane_001/outcomes.jsonl
EXTPAYLOAD-1743bb178c0ab71564a10422,classification_compaction_repair_generation_001_complete,artifacts/local_structured_external_data/whole_corpus_external_data_exhaustive_pipeline_2026-08-04/classified_observations/repair_generation_001/lanes/classification_lane_001/outcomes.jsonl
EXTPAYLOAD-1752e3ffb2f499290b396fe9,classification_compaction_repair_generation_001_complete,artifacts/local_structured_external_data/whole_corpus_external_data_exhaustive_pipeline_2026-08-04/classified_observations/repair_generation_001/lanes/classification_lane_001/outcomes.jsonl
EXTPAYLOAD-177c2e1af1e93fc7821795c1,classification_compaction_repair_generation_001_complete,artifacts/local_structured_external_data/whole_corpus_external_data_exhaustive_pipeline_2026-08-04/classified_observations/repair_generation_001/lanes/classification_lane_001/outcomes.jsonl
EXTPAYLOAD-17813b1523bfbc98e23492a3,classification_compaction_repair_generation_001_complete,artifacts/local_structured_external_data/whole_corpus_external_data_exhaustive_pipeline_2026-08-04/classified_observations/repair_generation_001/lanes/classification_lane_001/outcomes.jsonl
EXTPAYLOAD-178728868ba94c3a6ec95859,classification_compaction_repair_generation_001_complete,artifacts/local_structured_external_data/whole_corpus_external_data_exhaustive_pipeline_2026-08-04/classified_observations/repair_generation_001/lanes/classification_lane_001/outcomes.jsonl
EXTPAYLOAD-17b5065f22eb11dc0991b478,classification_compaction_repair_generation_001_complete,artifacts/local_structured_external_data/whole_corpus_external_data_exhaustive_pipeline_2026-08-04/classified_observations/repair_generation_001/lanes/classification_lane_001/outcomes.jsonl
EXTPAYLOAD-17b9dab9c5bd03c6e737897d,classification_compaction_repair_generation_001_complete,artifacts/local_structured_external_data/whole_corpus_external_data_exhaustive_pipeline_2026-08-04/classified_observations/repair_generation_001/lanes/classification_lane_001/outcomes.jsonl
EXTPAYLOAD-17efe84fd7e016d174075375,classification_compaction_repair_generation_001_complete,artifacts/local_structured_external_data/whole_corpus_external_data_exhaustive_pipeline_2026-08-04/classified_observations/repair_generation_001/lanes/classification_lane_001/outcomes.jsonl
EXTPAYLOAD-1811e151ea37c94b00059bc3,classification_compaction_repair_generation_001_complete,artifacts/local_structured_external_data/whole_corpus_external_data_exhaustive_pipeline_2026-08-04/classified_observations/repair_generation_001/lanes/classification_lane_001/outcomes.jsonl
EXTPAYLOAD-18176cca7386867f6250d424,classification_compaction_repair_generation_001_complete,artifacts/local_structured_external_data/whole_corpus_external_data_exhaustive_pipeline_2026-08-04/classified_observations/repair_generation_001/lanes/classification_lane_001/outcomes.jsonl
EXTPAYLOAD-182b711c27198707a4a723fd,classification_compaction_repair_generation_001_complete,artifacts/local_structured_external_data/whole_corpus_external_data_exhaustive_pipeline_2026-08-04/classified_observations/repair_generation_001/lanes/classification_lane_001/outcomes.jsonl
EXTPAYLOAD-18455d3b56c1223a0b34e7de,classification_compaction_repair_generation_001_complete,artifacts/local_structured_external_data/whole_corpus_external_data_exhaustive_pipeline_2026-08-04/classified_observations/repair_generation_001/lanes/classification_lane_001/outcomes.jsonl
EXTPAYLOAD-1859880ed9391423249f3df7,classification_compaction_repair_generation_001_complete,artifacts/local_structured_external_data/whole_corpus_external_data_exhaustive_pipeline_2026-08-04/classified_observations/repair_generation_001/lanes/classification_lane_001/outcomes.jsonl
EXTPAYLOAD-185b83387d90e6039421d1b9,classification_compaction_repair_generation_001_complete,artifacts/local_structured_external_data/whole_corpus_external_data_exhaustive_pipeline_2026-08-04/classified_observations/repair_generation_001/lanes/classification_lane_001/outcomes.jsonl
EXTPAYLOAD-18607a6f2f109ef7c42cb1d8,classification_compaction_repair_generation_001_complete,artifacts/local_structured_external_data/whole_corpus_external_data_exhaustive_pipeline_2026-08-04/classified_observations/repair_generation_001/lanes/classification_lane_001/outcomes.jsonl
EXTPAYLOAD-1862f39d3b9e18551409c845,classification_compaction_repair_generation_001_complete,artifacts/local_structured_external_data/whole_corpus_external_data_exhaustive_pipeline_2026-08-04/classified_observations/repair_generation_001/lanes/classification_lane_001/outcomes.jsonl
EXTPAYLOAD-1864e75fb0e38a22f29dd0e2,classification_compaction_repair_generation_001_complete,artifacts/local_structured_external_data/whole_corpus_external_data_exhaustive_pipeline_2026-08-04/classified_observations/repair_generation_001/lanes/classification_lane_001/outcomes.jsonl
EXTPAYLOAD-188f9e14ae5293716f8e388c,classification_compaction_repair_generation_001_complete,artifacts/local_structured_external_data/whole_corpus_external_data_exhaustive_pipeline_2026-08-04/classified_observations/repair_generation_001/lanes/classification_lane_001/outcomes.jsonl
EXTPAYLOAD-18d5b0d488f3f2d161fe00b2,classification_compaction_repair_generation_001_complete,artifacts/local_structured_external_data/whole_corpus_external_data_exhaustive_pipeline_2026-08-04/classified_observations/repair_generation_001/lanes/classification_lane_001/outcomes.jsonl
EXTPAYLOAD-18ec8a03fc1fbd3db80915a1,classification_compaction_repair_generation_001_complete,artifacts/local_structured_external_data/whole_corpus_external_data_exhaustive_pipeline_2026-08-04/classified_observations/repair_generation_001/lanes/classification_lane_001/outcomes.jsonl
EXTPAYLOAD-18f0c873cf73c4acf91afe26,classification_compaction_repair_generation_001_complete,artifacts/local_structured_external_data/whole_corpus_external_data_exhaustive_pipeline_2026-08-04/classified_observations/repair_generation_001/lanes/classification_lane_001/outcomes.jsonl
EXTPAYLOAD-18f7b010f3243b62f9e20b4b,classification_compaction_repair_generation_001_complete,artifacts/local_structured_external_data/whole_corpus_external_data_exhaustive_pipeline_2026-08-04/classified_observations/repair_generation_001/lanes/classification_lane_001/outcomes.jsonl
EXTPAYLOAD-1921181c85dc22e3496fbe9f,classification_compaction_repair_generation_001_complete,artifacts/local_structured_external_data/whole_corpus_external_data_exhaustive_pipeline_2026-08-04/classified_observations/repair_generation_001/lanes/classification_lane_001/outcomes.jsonl
EXTPAYLOAD-192a5df4951a157a57158850,classification_compaction_repair_generation_001_complete,artifacts/local_structured_external_data/whole_corpus_external_data_exhaustive_pipeline_2026-08-04/classified_observations/repair_generation_001/lanes/classification_lane_001/outcomes.jsonl
EXTPAYLOAD-193a4dbbd7562ae4a58684d5,classification_compaction_repair_generation_001_complete,artifacts/local_structured_external_data/whole_corpus_external_data_exhaustive_pipeline_2026-08-04/classified_observations/repair_generation_001/lanes/classification_lane_001/outcomes.jsonl
EXTPAYLOAD-19465a64befd72fc1c0ce861,classification_compaction_repair_generation_001_complete,artifacts/local_structured_external_data/whole_corpus_external_data_exhaustive_pipeline_2026-08-04/classified_observations/repair_generation_001/lanes/classification_lane_001/outcomes.jsonl
EXTPAYLOAD-1954405a9535058d10760df2,classification_compaction_repair_generation_001_complete,artifacts/local_structured_external_data/whole_corpus_external_data_exhaustive_pipeline_2026-08-04/classified_observations/repair_generation_001/lanes/classification_lane_001/outcomes.jsonl
EXTPAYLOAD-1955375a2ebf85a7bbf48463,classification_compaction_repair_generation_001_complete,artifacts/local_structured_external_data/whole_corpus_external_data_exhaustive_pipeline_2026-08-04/classified_observations/repair_generation_001/lanes/classification_lane_001/outcomes.jsonl
EXTPAYLOAD-195aba72fd2a8052b910702c,classification_compaction_repair_generation_001_complete,artifacts/local_structured_external_data/whole_corpus_external_data_exhaustive_pipeline_2026-08-04/classified_observations/repair_generation_001/lanes/classification_lane_001/outcomes.jsonl
EXTPAYLOAD-1961436d66b877c575234b3e,classification_compaction_repair_generation_001_complete,artifacts/local_structured_external_data/whole_corpus_external_data_exhaustive_pipeline_2026-08-04/classified_observations/repair_generation_001/lanes/classification_lane_001/outcomes.jsonl
EXTPAYLOAD-1977541b4510b1a7045adcef,classification_compaction_repair_generation_001_complete,artifacts/local_structured_external_data/whole_corpus_external_data_exhaustive_pipeline_2026-08-04/classified_observations/repair_generation_001/lanes/classification_lane_001/outcomes.jsonl
EXTPAYLOAD-19a17fa6461339871747282c,classification_compaction_repair_generation_001_complete,artifacts/local_structured_external_data/whole_corpus_external_data_exhaustive_pipeline_2026-08-04/classified_observations/repair_generation_001/lanes/classification_lane_001/outcomes.jsonl
EXTPAYLOAD-19ab0542fc1d9f771130cdbc,classification_compaction_repair_generation_001_complete,artifacts/local_structured_external_data/whole_corpus_external_data_exhaustive_pipeline_2026-08-04/classified_observations/repair_generation_001/lanes/classification_lane_001/outcomes.jsonl
EXTPAYLOAD-19aefcfe796654a93857e8e4,classification_compaction_repair_generation_001_complete,artifacts/local_structured_external_data/whole_corpus_external_data_exhaustive_pipeline_2026-08-04/classified_observations/repair_generation_001/lanes/classification_lane_001/outcomes.jsonl
EXTPAYLOAD-19b5af33bdcd9fe561e0ec8e,classification_compaction_repair_generation_001_complete,artifacts/local_structured_external_data/whole_corpus_external_data_exhaustive_pipeline_2026-08-04/classified_observations/repair_generation_001/lanes/classification_lane_001/outcomes.jsonl
EXTPAYLOAD-19b5f9712ab43b239d44091c,classification_compaction_repair_generation_001_complete,artifacts/local_structured_external_data/whole_corpus_external_data_exhaustive_pipeline_2026-08-04/classified_observations/repair_generation_001/lanes/classification_lane_001/outcomes.jsonl
EXTPAYLOAD-19f7e0233160ca4f7bbe31f7,classification_compaction_repair_generation_001_complete,artifacts/local_structured_external_data/whole_corpus_external_data_exhaustive_pipeline_2026-08-04/classified_observations/repair_generation_001/lanes/classification_lane_001/outcomes.jsonl
EXTPAYLOAD-1a087bf244d4a042b68b0d85,classification_compaction_repair_generation_001_complete,artifacts/local_structured_external_data/whole_corpus_external_data_exhaustive_pipeline_2026-08-04/classified_observations/repair_generation_001/lanes/classification_lane_001/outcomes.jsonl
EXTPAYLOAD-1a0d1c43eda87403e1c5364c,classification_compaction_repair_generation_001_complete,artifacts/local_structured_external_data/whole_corpus_external_data_exhaustive_pipeline_2026-08-04/classified_observations/repair_generation_001/lanes/classification_lane_001/outcomes.jsonl
EXTPAYLOAD-1a3b3d8121e23adfd062d88e,classification_compaction_repair_generation_001_complete,artifacts/local_structured_external_data/whole_corpus_external_data_exhaustive_pipeline_2026-08-04/classified_observations/repair_generation_001/lanes/classification_lane_001/outcomes.jsonl
EXTPAYLOAD-1a5538755fbb4abe303138a6,classification_compaction_repair_generation_001_complete,artifacts/local_structured_external_data/whole_corpus_external_data_exhaustive_pipeline_2026-08-04/classified_observations/repair_generation_001/lanes/classification_lane_001/outcomes.jsonl
EXTPAYLOAD-1a5560d0dafadcb1d06fc2c5,classification_compaction_repair_generation_001_complete,artifacts/local_structured_external_data/whole_corpus_external_data_exhaustive_pipeline_2026-08-04/classified_observations/repair_generation_001/lanes/classification_lane_001/outcomes.jsonl
EXTPAYLOAD-1a74f51d61b44ec68c3738c6,classification_compaction_repair_generation_001_complete,artifacts/local_structured_external_data/whole_corpus_external_data_exhaustive_pipeline_2026-08-04/classified_observations/repair_generation_001/lanes/classification_lane_001/outcomes.jsonl
EXTPAYLOAD-1a906c4ee0d781d656a686dd,classification_compaction_repair_generation_001_complete,artifacts/local_structured_external_data/whole_corpus_external_data_exhaustive_pipeline_2026-08-04/classified_observations/repair_generation_001/lanes/classification_lane_001/outcomes.jsonl
EXTPAYLOAD-1a92017ac67b9f5050cf70c2,classification_compaction_repair_generation_001_complete,artifacts/local_structured_external_data/whole_corpus_external_data_exhaustive_pipeline_2026-08-04/classified_observations/repair_generation_001/lanes/classification_lane_001/outcomes.jsonl
EXTPAYLOAD-1adfcb91160bad99af244456,classification_compaction_repair_generation_001_complete,artifacts/local_structured_external_data/whole_corpus_external_data_exhaustive_pipeline_2026-08-04/classified_observations/repair_generation_001/lanes/classification_lane_001/outcomes.jsonl
EXTPAYLOAD-1b29578e4af5f7c3e220e4a5,classification_compaction_repair_generation_001_complete,artifacts/local_structured_external_data/whole_corpus_external_data_exhaustive_pipeline_2026-08-04/classified_observations/repair_generation_001/lanes/classification_lane_001/outcomes.jsonl
EXTPAYLOAD-1b4e6d60d7e34d9b41bee564,classification_compaction_repair_generation_001_complete,artifacts/local_structured_external_data/whole_corpus_external_data_exhaustive_pipeline_2026-08-04/classified_observations/repair_generation_001/lanes/classification_lane_001/outcomes.jsonl
EXTPAYLOAD-1b53523c1a92b5bb9b9ca808,classification_compaction_repair_generation_001_complete,artifacts/local_structured_external_data/whole_corpus_external_data_exhaustive_pipeline_2026-08-04/classified_observations/repair_generation_001/lanes/classification_lane_001/outcomes.jsonl
EXTPAYLOAD-1bc5733170fc598e6636658c,classification_compaction_repair_generation_001_complete,artifacts/local_structured_external_data/whole_corpus_external_data_exhaustive_pipeline_2026-08-04/classified_observations/repair_generation_001/lanes/classification_lane_001/outcomes.jsonl
EXTPAYLOAD-1bd3769876b41f853b15d103,classification_compaction_repair_generation_001_complete,artifacts/local_structured_external_data/whole_corpus_external_data_exhaustive_pipeline_2026-08-04/classified_observations/repair_generation_001/lanes/classification_lane_001/outcomes.jsonl
EXTPAYLOAD-1c09f39a39ff82eef6859e75,classification_compaction_repair_generation_001_complete,artifacts/local_structured_external_data/whole_corpus_external_data_exhaustive_pipeline_2026-08-04/classified_observations/repair_generation_001/lanes/classification_lane_001/outcomes.jsonl
EXTPAYLOAD-1c1c71eb6a6b20520eb863be,classification_compaction_repair_generation_001_complete,artifacts/local_structured_external_data/whole_corpus_external_data_exhaustive_pipeline_2026-08-04/classified_observations/repair_generation_001/lanes/classification_lane_001/outcomes.jsonl
EXTPAYLOAD-1c3ce486c58c7cbf8cdb40c9,classification_compaction_repair_generation_001_complete,artifacts/local_structured_external_data/whole_corpus_external_data_exhaustive_pipeline_2026-08-04/classified_observations/repair_generation_001/lanes/classification_lane_001/outcomes.jsonl
EXTPAYLOAD-1c4125a38c8407349fbb4eba,classification_compaction_repair_generation_001_complete,artifacts/local_structured_external_data/whole_corpus_external_data_exhaustive_pipeline_2026-08-04/classified_observations/repair_generation_001/lanes/classification_lane_001/outcomes.jsonl
EXTPAYLOAD-1c466fbfd53c145948f1d835,classification_compaction_repair_generation_001_complete,artifacts/local_structured_external_data/whole_corpus_external_data_exhaustive_pipeline_2026-08-04/classified_observations/repair_generation_001/lanes/classification_lane_001/outcomes.jsonl
EXTPAYLOAD-1c4de7960494563b2ee1ad96,classification_compaction_repair_generation_001_complete,artifacts/local_structured_external_data/whole_corpus_external_data_exhaustive_pipeline_2026-08-04/classified_observations/repair_generation_001/lanes/classification_lane_001/outcomes.jsonl
EXTPAYLOAD-1c586a47808fbc77ec030be5,classification_compaction_repair_generation_001_complete,artifacts/local_structured_external_data/whole_corpus_external_data_exhaustive_pipeline_2026-08-04/classified_observations/repair_generation_001/lanes/classification_lane_001/outcomes.jsonl
EXTPAYLOAD-1c833af64c6e62fc000b58f7,classification_compaction_repair_generation_001_complete,artifacts/local_structured_external_data/whole_corpus_external_data_exhaustive_pipeline_2026-08-04/classified_observations/repair_generation_001/lanes/classification_lane_001/outcomes.jsonl
EXTPAYLOAD-1c91663821a8c5f3226f4607,classification_compaction_repair_generation_001_complete,artifacts/local_structured_external_data/whole_corpus_external_data_exhaustive_pipeline_2026-08-04/classified_observations/repair_generation_001/lanes/classification_lane_001/outcomes.jsonl
EXTPAYLOAD-1c98598a35870981d7209361,classification_compaction_repair_generation_001_complete,artifacts/local_structured_external_data/whole_corpus_external_data_exhaustive_pipeline_2026-08-04/classified_observations/repair_generation_001/lanes/classification_lane_001/outcomes.jsonl
EXTPAYLOAD-1cc276c80bb1a4f37c9b7015,classification_compaction_repair_generation_001_complete,artifacts/local_structured_external_data/whole_corpus_external_data_exhaustive_pipeline_2026-08-04/classified_observations/repair_generation_001/lanes/classification_lane_001/outcomes.jsonl
EXTPAYLOAD-1cd45f7ee5775f22efc5574a,classification_compaction_repair_generation_001_complete,artifacts/local_structured_external_data/whole_corpus_external_data_exhaustive_pipeline_2026-08-04/classified_observations/repair_generation_001/lanes/classification_lane_001/outcomes.jsonl
EXTPAYLOAD-1cde8dbaeb4a4ba3bf00bd19,classification_compaction_repair_generation_001_complete,artifacts/local_structured_external_data/whole_corpus_external_data_exhaustive_pipeline_2026-08-04/classified_observations/repair_generation_001/lanes/classification_lane_001/outcomes.jsonl
EXTPAYLOAD-1cf413d8a5ba842b2aba59af,classification_compaction_repair_generation_001_complete,artifacts/local_structured_external_data/whole_corpus_external_data_exhaustive_pipeline_2026-08-04/classified_observations/repair_generation_001/lanes/classification_lane_001/outcomes.jsonl
EXTPAYLOAD-1d01125c34d3a445bbef3359,classification_compaction_repair_generation_001_complete,artifacts/local_structured_external_data/whole_corpus_external_data_exhaustive_pipeline_2026-08-04/classified_observations/repair_generation_001/lanes/classification_lane_001/outcomes.jsonl
EXTPAYLOAD-1d099a6d9d7c165b8250b9bf,classification_compaction_repair_generation_001_complete,artifacts/local_structured_external_data/whole_corpus_external_data_exhaustive_pipeline_2026-08-04/classified_observations/repair_generation_001/lanes/classification_lane_001/outcomes.jsonl
EXTPAYLOAD-1d20a245c3cbc62df6d284cf,classification_compaction_repair_generation_001_complete,artifacts/local_structured_external_data/whole_corpus_external_data_exhaustive_pipeline_2026-08-04/classified_observations/repair_generation_001/lanes/classification_lane_001/outcomes.jsonl
EXTPAYLOAD-1d2c2521b9e07b3160b5022f,classification_compaction_repair_generation_001_complete,artifacts/local_structured_external_data/whole_corpus_external_data_exhaustive_pipeline_2026-08-04/classified_observations/repair_generation_001/lanes/classification_lane_001/outcomes.jsonl
EXTPAYLOAD-1d599200eeb6864809799fa6,classification_compaction_repair_generation_001_complete,artifacts/local_structured_external_data/whole_corpus_external_data_exhaustive_pipeline_2026-08-04/classified_observations/repair_generation_001/lanes/classification_lane_001/outcomes.jsonl
EXTPAYLOAD-1d7d9999529971c88813116e,classification_compaction_repair_generation_001_complete,artifacts/local_structured_external_data/whole_corpus_external_data_exhaustive_pipeline_2026-08-04/classified_observations/repair_generation_001/lanes/classification_lane_001/outcomes.jsonl
EXTPAYLOAD-1d81681463446e0931c6acde,classification_compaction_repair_generation_001_complete,artifacts/local_structured_external_data/whole_corpus_external_data_exhaustive_pipeline_2026-08-04/classified_observations/repair_generation_001/lanes/classification_lane_001/outcomes.jsonl
EXTPAYLOAD-1da1bb85ae872552ae684be8,classification_compaction_repair_generation_001_complete,artifacts/local_structured_external_data/whole_corpus_external_data_exhaustive_pipeline_2026-08-04/classified_observations/repair_generation_001/lanes/classification_lane_001/outcomes.jsonl
EXTPAYLOAD-1dad8e3fc54dff071a8e1dcc,classification_compaction_repair_generation_001_complete,artifacts/local_structured_external_data/whole_corpus_external_data_exhaustive_pipeline_2026-08-04/classified_observations/repair_generation_001/lanes/classification_lane_001/outcomes.jsonl
EXTPAYLOAD-1daf0e267b6f58ad87b9307e,classification_compaction_repair_generation_001_complete,artifacts/local_structured_external_data/whole_corpus_external_data_exhaustive_pipeline_2026-08-04/classified_observations/repair_generation_001/lanes/classification_lane_001/outcomes.jsonl
EXTPAYLOAD-1dba9d4a0bdeb7d4f44afc7b,classification_compaction_repair_generation_001_complete,artifacts/local_structured_external_data/whole_corpus_external_data_exhaustive_pipeline_2026-08-04/classified_observations/repair_generation_001/lanes/classification_lane_001/outcomes.jsonl
EXTPAYLOAD-1dd8a3d4446c3517af1d4a4c,classification_compaction_repair_generation_001_complete,artifacts/local_structured_external_data/whole_corpus_external_data_exhaustive_pipeline_2026-08-04/classified_observations/repair_generation_001/lanes/classification_lane_001/outcomes.jsonl
EXTPAYLOAD-1ddbb24eb071249e61978bf4,classification_compaction_repair_generation_001_complete,artifacts/local_structured_external_data/whole_corpus_external_data_exhaustive_pipeline_2026-08-04/classified_observations/repair_generation_001/lanes/classification_lane_001/outcomes.jsonl
EXTPAYLOAD-1de38e1220147582f68ac680,classification_compaction_repair_generation_001_complete,artifacts/local_structured_external_data/whole_corpus_external_data_exhaustive_pipeline_2026-08-04/classified_observations/repair_generation_001/lanes/classification_lane_001/outcomes.jsonl
EXTPAYLOAD-1df091efe5cdc83924627056,classification_compaction_repair_generation_001_complete,artifacts/local_structured_external_data/whole_corpus_external_data_exhaustive_pipeline_2026-08-04/classified_observations/repair_generation_001/lanes/classification_lane_001/outcomes.jsonl
EXTPAYLOAD-1e0d487d6df2df15f003dd9f,classification_compaction_repair_generation_001_complete,artifacts/local_structured_external_data/whole_corpus_external_data_exhaustive_pipeline_2026-08-04/classified_observations/repair_generation_001/lanes/classification_lane_001/outcomes.jsonl
EXTPAYLOAD-1e1af7104c04fde528e78eed,classification_compaction_repair_generation_001_complete,artifacts/local_structured_external_data/whole_corpus_external_data_exhaustive_pipeline_2026-08-04/classified_observations/repair_generation_001/lanes/classification_lane_001/outcomes.jsonl
EXTPAYLOAD-1e6ad48863487682094b0c3b,classification_compaction_repair_generation_001_complete,artifacts/local_structured_external_data/whole_corpus_external_data_exhaustive_pipeline_2026-08-04/classified_observations/repair_generation_001/lanes/classification_lane_001/outcomes.jsonl
EXTPAYLOAD-1e7d231c7460f716f857d444,classification_compaction_repair_generation_001_complete,artifacts/local_structured_external_data/whole_corpus_external_data_exhaustive_pipeline_2026-08-04/classified_observations/repair_generation_001/lanes/classification_lane_001/outcomes.jsonl
EXTPAYLOAD-1e815f1fd1a961d83eb4cd89,classification_compaction_repair_generation_001_complete,artifacts/local_structured_external_data/whole_corpus_external_data_exhaustive_pipeline_2026-08-04/classified_observations/repair_generation_001/lanes/classification_lane_001/outcomes.jsonl
EXTPAYLOAD-1ea37e8856cda618ec4fc75e,classification_compaction_repair_generation_001_complete,artifacts/local_structured_external_data/whole_corpus_external_data_exhaustive_pipeline_2026-08-04/classified_observations/repair_generation_001/lanes/classification_lane_001/outcomes.jsonl
EXTPAYLOAD-1ea81dcfbfd5255755756ec4,classification_compaction_repair_generation_001_complete,artifacts/local_structured_external_data/whole_corpus_external_data_exhaustive_pipeline_2026-08-04/classified_observations/repair_generation_001/lanes/classification_lane_001/outcomes.jsonl
EXTPAYLOAD-1ea8ff5626ea5d00a154f452,classification_compaction_repair_generation_001_complete,artifacts/local_structured_external_data/whole_corpus_external_data_exhaustive_pipeline_2026-08-04/classified_observations/repair_generation_001/lanes/classification_lane_001/outcomes.jsonl
EXTPAYLOAD-1eb03588c7f25c56dd00e520,classification_compaction_repair_generation_001_complete,artifacts/local_structured_external_data/whole_corpus_external_data_exhaustive_pipeline_2026-08-04/classified_observations/repair_generation_001/lanes/classification_lane_001/outcomes.jsonl
EXTPAYLOAD-1ec2af37392301407b165f36,classification_compaction_repair_generation_001_complete,artifacts/local_structured_external_data/whole_corpus_external_data_exhaustive_pipeline_2026-08-04/classified_observations/repair_generation_001/lanes/classification_lane_001/outcomes.jsonl
EXTPAYLOAD-1ed663540678474bda467552,classification_compaction_repair_generation_001_complete,artifacts/local_structured_external_data/whole_corpus_external_data_exhaustive_pipeline_2026-08-04/classified_observations/repair_generation_001/lanes/classification_lane_001/outcomes.jsonl
EXTPAYLOAD-1edb07baa2342997cfe2391f,classification_compaction_repair_generation_001_complete,artifacts/local_structured_external_data/whole_corpus_external_data_exhaustive_pipeline_2026-08-04/classified_observations/repair_generation_001/lanes/classification_lane_001/outcomes.jsonl
EXTPAYLOAD-1edb0e7d2c5babe91430106a,classification_compaction_repair_generation_001_complete,artifacts/local_structured_external_data/whole_corpus_external_data_exhaustive_pipeline_2026-08-04/classified_observations/repair_generation_001/lanes/classification_lane_001/outcomes.jsonl
EXTPAYLOAD-1f00e370b6cd2404bc0ea19d,classification_compaction_repair_generation_001_complete,artifacts/local_structured_external_data/whole_corpus_external_data_exhaustive_pipeline_2026-08-04/classified_observations/repair_generation_001/lanes/classification_lane_001/outcomes.jsonl
EXTPAYLOAD-1f2a28860a6621c77cc49f4e,classification_compaction_repair_generation_001_complete,artifacts/local_structured_external_data/whole_corpus_external_data_exhaustive_pipeline_2026-08-04/classified_observations/repair_generation_001/lanes/classification_lane_001/outcomes.jsonl
EXTPAYLOAD-1f3f03cd632265e75cf7ecc2,classification_compaction_repair_generation_001_complete,artifacts/local_structured_external_data/whole_corpus_external_data_exhaustive_pipeline_2026-08-04/classified_observations/repair_generation_001/lanes/classification_lane_001/outcomes.jsonl
EXTPAYLOAD-1f6718e98bf565bfb4b4b161,classification_compaction_repair_generation_001_complete,artifacts/local_structured_external_data/whole_corpus_external_data_exhaustive_pipeline_2026-08-04/classified_observations/repair_generation_001/lanes/classification_lane_001/outcomes.jsonl
EXTPAYLOAD-1f7212f7102f4adf0778a6a6,classification_compaction_repair_generation_001_complete,artifacts/local_structured_external_data/whole_corpus_external_data_exhaustive_pipeline_2026-08-04/classified_observations/repair_generation_001/lanes/classification_lane_001/outcomes.jsonl
EXTPAYLOAD-1f8117e73e55fab48f65f7d1,classification_compaction_repair_generation_001_complete,artifacts/local_structured_external_data/whole_corpus_external_data_exhaustive_pipeline_2026-08-04/classified_observations/repair_generation_001/lanes/classification_lane_001/outcomes.jsonl
EXTPAYLOAD-1f8e4a9fdb24c74b7e170dfd,classification_compaction_repair_generation_001_complete,artifacts/local_structured_external_data/whole_corpus_external_data_exhaustive_pipeline_2026-08-04/classified_observations/repair_generation_001/lanes/classification_lane_001/outcomes.jsonl
EXTPAYLOAD-1fb1bec731320d204b00716b,classification_compaction_repair_generation_001_complete,artifacts/local_structured_external_data/whole_corpus_external_data_exhaustive_pipeline_2026-08-04/classified_observations/repair_generation_001/lanes/classification_lane_001/outcomes.jsonl
EXTPAYLOAD-1fba348a81acd1b30c49df6f,classification_compaction_repair_generation_001_complete,artifacts/local_structured_external_data/whole_corpus_external_data_exhaustive_pipeline_2026-08-04/classified_observations/repair_generation_001/lanes/classification_lane_001/outcomes.jsonl
EXTPAYLOAD-1fde29eece638a71ee13b74b,classification_compaction_repair_generation_001_complete,artifacts/local_structured_external_data/whole_corpus_external_data_exhaustive_pipeline_2026-08-04/classified_observations/repair_generation_001/lanes/classification_lane_001/outcomes.jsonl
EXTPAYLOAD-1fff0eb2afb20e6bf6ef3623,classification_compaction_repair_generation_001_complete,artifacts/local_structured_external_data/whole_corpus_external_data_exhaustive_pipeline_2026-08-04/classified_observations/repair_generation_001/lanes/classification_lane_001/outcomes.jsonl
EXTPAYLOAD-2045b7cdd3457c5df04742c3,classification_compaction_repair_generation_001_complete,artifacts/local_structured_external_data/whole_corpus_external_data_exhaustive_pipeline_2026-08-04/classified_observations/repair_generation_001/lanes/classification_lane_001/outcomes.jsonl
EXTPAYLOAD-205f69374dc2d24b8d0e2354,classification_compaction_repair_generation_001_complete,artifacts/local_structured_external_data/whole_corpus_external_data_exhaustive_pipeline_2026-08-04/classified_observations/repair_generation_001/lanes/classification_lane_001/outcomes.jsonl
EXTPAYLOAD-20643853f7e41b0725adba68,classification_compaction_repair_generation_001_complete,artifacts/local_structured_external_data/whole_corpus_external_data_exhaustive_pipeline_2026-08-04/classified_observations/repair_generation_001/lanes/classification_lane_001/outcomes.jsonl
EXTPAYLOAD-206b763c5e9836115ef0f093,classification_compaction_repair_generation_001_complete,artifacts/local_structured_external_data/whole_corpus_external_data_exhaustive_pipeline_2026-08-04/classified_observations/repair_generation_001/lanes/classification_lane_001/outcomes.jsonl
EXTPAYLOAD-206cc8846b4411aa2b5f0210,classification_compaction_repair_generation_001_complete,artifacts/local_structured_external_data/whole_corpus_external_data_exhaustive_pipeline_2026-08-04/classified_observations/repair_generation_001/lanes/classification_lane_001/outcomes.jsonl
EXTPAYLOAD-2079453deeaee20050eb3057,classification_compaction_repair_generation_001_complete,artifacts/local_structured_external_data/whole_corpus_external_data_exhaustive_pipeline_2026-08-04/classified_observations/repair_generation_001/lanes/classification_lane_001/outcomes.jsonl
EXTPAYLOAD-20a8b4308dd2f2f6c6561eb9,classification_compaction_repair_generation_001_complete,artifacts/local_structured_external_data/whole_corpus_external_data_exhaustive_pipeline_2026-08-04/classified_observations/repair_generation_001/lanes/classification_lane_001/outcomes.jsonl
EXTPAYLOAD-20c14105e8ce9b8d2e61437b,classification_compaction_repair_generation_001_complete,artifacts/local_structured_external_data/whole_corpus_external_data_exhaustive_pipeline_2026-08-04/classified_observations/repair_generation_001/lanes/classification_lane_001/outcomes.jsonl
EXTPAYLOAD-20cadd66e33acb2b905401bd,classification_compaction_repair_generation_001_complete,artifacts/local_structured_external_data/whole_corpus_external_data_exhaustive_pipeline_2026-08-04/classified_observations/repair_generation_001/lanes/classification_lane_001/outcomes.jsonl
EXTPAYLOAD-2127a6bd72168987d4512535,classification_compaction_repair_generation_001_complete,artifacts/local_structured_external_data/whole_corpus_external_data_exhaustive_pipeline_2026-08-04/classified_observations/repair_generation_001/lanes/classification_lane_001/outcomes.jsonl
EXTPAYLOAD-2137ab8cc5a4ddabec7fe99b,classification_compaction_repair_generation_001_complete,artifacts/local_structured_external_data/whole_corpus_external_data_exhaustive_pipeline_2026-08-04/classified_observations/repair_generation_001/lanes/classification_lane_001/outcomes.jsonl
EXTPAYLOAD-213c6f4bbafbb7fff59f2e2f,classification_compaction_repair_generation_001_complete,artifacts/local_structured_external_data/whole_corpus_external_data_exhaustive_pipeline_2026-08-04/classified_observations/repair_generation_001/lanes/classification_lane_001/outcomes.jsonl
EXTPAYLOAD-21592c658669025aa18812f8,classification_compaction_repair_generation_001_complete,artifacts/local_structured_external_data/whole_corpus_external_data_exhaustive_pipeline_2026-08-04/classified_observations/repair_generation_001/lanes/classification_lane_001/outcomes.jsonl
EXTPAYLOAD-21836af8d4852deeb6c1bc4d,classification_compaction_repair_generation_001_complete,artifacts/local_structured_external_data/whole_corpus_external_data_exhaustive_pipeline_2026-08-04/classified_observations/repair_generation_001/lanes/classification_lane_001/outcomes.jsonl
EXTPAYLOAD-219f12b1eb35430122170a1c,classification_compaction_repair_generation_001_complete,artifacts/local_structured_external_data/whole_corpus_external_data_exhaustive_pipeline_2026-08-04/classified_observations/repair_generation_001/lanes/classification_lane_001/outcomes.jsonl
EXTPAYLOAD-21b8b882feadd2d0a64a870c,classification_compaction_repair_generation_001_complete,artifacts/local_structured_external_data/whole_corpus_external_data_exhaustive_pipeline_2026-08-04/classified_observations/repair_generation_001/lanes/classification_lane_001/outcomes.jsonl
EXTPAYLOAD-21c18e47c7c1a7b9112fa66a,classification_compaction_repair_generation_001_complete,artifacts/local_structured_external_data/whole_corpus_external_data_exhaustive_pipeline_2026-08-04/classified_observations/repair_generation_001/lanes/classification_lane_001/outcomes.jsonl
EXTPAYLOAD-21e0f380d39d5ff2f468f4b7,classification_compaction_repair_generation_001_complete,artifacts/local_structured_external_data/whole_corpus_external_data_exhaustive_pipeline_2026-08-04/classified_observations/repair_generation_001/lanes/classification_lane_001/outcomes.jsonl
EXTPAYLOAD-21e2f6e4509d3de2bb151379,classification_compaction_repair_generation_001_complete,artifacts/local_structured_external_data/whole_corpus_external_data_exhaustive_pipeline_2026-08-04/classified_observations/repair_generation_001/lanes/classification_lane_001/outcomes.jsonl
EXTPAYLOAD-21efb36d74855c6267fe2fec,classification_compaction_repair_generation_001_complete,artifacts/local_structured_external_data/whole_corpus_external_data_exhaustive_pipeline_2026-08-04/classified_observations/repair_generation_001/lanes/classification_lane_001/outcomes.jsonl
EXTPAYLOAD-21f6b5cecfd2bafa2c25cb31,classification_compaction_repair_generation_001_complete,artifacts/local_structured_external_data/whole_corpus_external_data_exhaustive_pipeline_2026-08-04/classified_observations/repair_generation_001/lanes/classification_lane_001/outcomes.jsonl
EXTPAYLOAD-2214147ffd098743a35e8e46,classification_compaction_repair_generation_001_complete,artifacts/local_structured_external_data/whole_corpus_external_data_exhaustive_pipeline_2026-08-04/classified_observations/repair_generation_001/lanes/classification_lane_001/outcomes.jsonl
EXTPAYLOAD-222a5ecd8249dac290b2b291,classification_compaction_repair_generation_001_complete,artifacts/local_structured_external_data/whole_corpus_external_data_exhaustive_pipeline_2026-08-04/classified_observations/repair_generation_001/lanes/classification_lane_001/outcomes.jsonl
EXTPAYLOAD-2242067458a8beaebbeaf004,classification_compaction_repair_generation_001_complete,artifacts/local_structured_external_data/whole_corpus_external_data_exhaustive_pipeline_2026-08-04/classified_observations/repair_generation_001/lanes/classification_lane_001/outcomes.jsonl
EXTPAYLOAD-228b0124f23bc48220d7c2e6,classification_compaction_repair_generation_001_complete,artifacts/local_structured_external_data/whole_corpus_external_data_exhaustive_pipeline_2026-08-04/classified_observations/repair_generation_001/lanes/classification_lane_001/outcomes.jsonl
EXTPAYLOAD-22a062252656944950badd9f,classification_compaction_repair_generation_001_complete,artifacts/local_structured_external_data/whole_corpus_external_data_exhaustive_pipeline_2026-08-04/classified_observations/repair_generation_001/lanes/classification_lane_001/outcomes.jsonl
EXTPAYLOAD-22c89f227e27e539c4c71733,classification_compaction_repair_generation_001_complete,artifacts/local_structured_external_data/whole_corpus_external_data_exhaustive_pipeline_2026-08-04/classified_observations/repair_generation_001/lanes/classification_lane_001/outcomes.jsonl
EXTPAYLOAD-22eec42a2aa9506aa6770cf5,classification_compaction_repair_generation_001_complete,artifacts/local_structured_external_data/whole_corpus_external_data_exhaustive_pipeline_2026-08-04/classified_observations/repair_generation_001/lanes/classification_lane_001/outcomes.jsonl
EXTPAYLOAD-22f8bde18d678d36d9fa0084,classification_compaction_repair_generation_001_complete,artifacts/local_structured_external_data/whole_corpus_external_data_exhaustive_pipeline_2026-08-04/classified_observations/repair_generation_001/lanes/classification_lane_001/outcomes.jsonl
EXTPAYLOAD-230e237305b29aad6db622e2,classification_compaction_repair_generation_001_complete,artifacts/local_structured_external_data/whole_corpus_external_data_exhaustive_pipeline_2026-08-04/classified_observations/repair_generation_001/lanes/classification_lane_001/outcomes.jsonl
EXTPAYLOAD-2318a4c3670adcb6bd75daa7,classification_compaction_repair_generation_001_complete,artifacts/local_structured_external_data/whole_corpus_external_data_exhaustive_pipeline_2026-08-04/classified_observations/repair_generation_001/lanes/classification_lane_001/outcomes.jsonl
EXTPAYLOAD-23265880bab74a0e7efb0b69,classification_compaction_repair_generation_001_complete,artifacts/local_structured_external_data/whole_corpus_external_data_exhaustive_pipeline_2026-08-04/classified_observations/repair_generation_001/lanes/classification_lane_001/outcomes.jsonl
EXTPAYLOAD-232c516afe4c53cf15bdabcf,classification_compaction_repair_generation_001_complete,artifacts/local_structured_external_data/whole_corpus_external_data_exhaustive_pipeline_2026-08-04/classified_observations/repair_generation_001/lanes/classification_lane_001/outcomes.jsonl
EXTPAYLOAD-23398826617028ebb9dcbfc7,classification_compaction_repair_generation_001_complete,artifacts/local_structured_external_data/whole_corpus_external_data_exhaustive_pipeline_2026-08-04/classified_observations/repair_generation_001/lanes/classification_lane_001/outcomes.jsonl
EXTPAYLOAD-2365c5bc8eabb5ab6e7cadb1,classification_compaction_repair_generation_001_complete,artifacts/local_structured_external_data/whole_corpus_external_data_exhaustive_pipeline_2026-08-04/classified_observations/repair_generation_001/lanes/classification_lane_001/outcomes.jsonl
EXTPAYLOAD-237bd8c44fd85f56a261d7ff,classification_compaction_repair_generation_001_complete,artifacts/local_structured_external_data/whole_corpus_external_data_exhaustive_pipeline_2026-08-04/classified_observations/repair_generation_001/lanes/classification_lane_001/outcomes.jsonl
EXTPAYLOAD-2383de397d9b07e9f3fda8ff,classification_compaction_repair_generation_001_complete,artifacts/local_structured_external_data/whole_corpus_external_data_exhaustive_pipeline_2026-08-04/classified_observations/repair_generation_001/lanes/classification_lane_001/outcomes.jsonl
EXTPAYLOAD-23889e7adf909014e13e3550,classification_compaction_repair_generation_001_complete,artifacts/local_structured_external_data/whole_corpus_external_data_exhaustive_pipeline_2026-08-04/classified_observations/repair_generation_001/lanes/classification_lane_001/outcomes.jsonl
EXTPAYLOAD-23a971e5d3d9038c48039924,classification_compaction_repair_generation_001_complete,artifacts/local_structured_external_data/whole_corpus_external_data_exhaustive_pipeline_2026-08-04/classified_observations/repair_generation_001/lanes/classification_lane_001/outcomes.jsonl
EXTPAYLOAD-23b464869c3b4f02b6864a71,classification_compaction_repair_generation_001_complete,artifacts/local_structured_external_data/whole_corpus_external_data_exhaustive_pipeline_2026-08-04/classified_observations/repair_generation_001/lanes/classification_lane_001/outcomes.jsonl
EXTPAYLOAD-23ce18f4426b7060e1ccb6e8,classification_compaction_repair_generation_001_complete,artifacts/local_structured_external_data/whole_corpus_external_data_exhaustive_pipeline_2026-08-04/classified_observations/repair_generation_001/lanes/classification_lane_001/outcomes.jsonl
EXTPAYLOAD-23e2a5ad546d70422c493e91,classification_compaction_repair_generation_001_complete,artifacts/local_structured_external_data/whole_corpus_external_data_exhaustive_pipeline_2026-08-04/classified_observations/repair_generation_001/lanes/classification_lane_001/outcomes.jsonl
EXTPAYLOAD-23f66c4f1dc9fd5761da6ca0,classification_compaction_repair_generation_001_complete,artifacts/local_structured_external_data/whole_corpus_external_data_exhaustive_pipeline_2026-08-04/classified_observations/repair_generation_001/lanes/classification_lane_001/outcomes.jsonl
EXTPAYLOAD-23f6d01d4effc6d2f89ffb15,classification_compaction_repair_generation_001_complete,artifacts/local_structured_external_data/whole_corpus_external_data_exhaustive_pipeline_2026-08-04/classified_observations/repair_generation_001/lanes/classification_lane_001/outcomes.jsonl
EXTPAYLOAD-242621c1f31f7322bc1f8257,classification_compaction_repair_generation_001_complete,artifacts/local_structured_external_data/whole_corpus_external_data_exhaustive_pipeline_2026-08-04/classified_observations/repair_generation_001/lanes/classification_lane_001/outcomes.jsonl
EXTPAYLOAD-2462dcbb6903fa242c103bf0,classification_compaction_repair_generation_001_complete,artifacts/local_structured_external_data/whole_corpus_external_data_exhaustive_pipeline_2026-08-04/classified_observations/repair_generation_001/lanes/classification_lane_001/outcomes.jsonl
EXTPAYLOAD-248a9af2b5874e134735ebeb,classification_compaction_repair_generation_001_complete,artifacts/local_structured_external_data/whole_corpus_external_data_exhaustive_pipeline_2026-08-04/classified_observations/repair_generation_001/lanes/classification_lane_001/outcomes.jsonl
EXTPAYLOAD-24b092cd067c80153824934f,classification_compaction_repair_generation_001_complete,artifacts/local_structured_external_data/whole_corpus_external_data_exhaustive_pipeline_2026-08-04/classified_observations/repair_generation_001/lanes/classification_lane_001/outcomes.jsonl
EXTPAYLOAD-24c83c9df921e75f494dbbfa,classification_compaction_repair_generation_001_complete,artifacts/local_structured_external_data/whole_corpus_external_data_exhaustive_pipeline_2026-08-04/classified_observations/repair_generation_001/lanes/classification_lane_001/outcomes.jsonl
EXTPAYLOAD-24cfa4c0accc09653f17530b,classification_compaction_repair_generation_001_complete,artifacts/local_structured_external_data/whole_corpus_external_data_exhaustive_pipeline_2026-08-04/classified_observations/repair_generation_001/lanes/classification_lane_001/outcomes.jsonl
EXTPAYLOAD-250d5218fcd58664f419af08,classification_compaction_repair_generation_001_complete,artifacts/local_structured_external_data/whole_corpus_external_data_exhaustive_pipeline_2026-08-04/classified_observations/repair_generation_001/lanes/classification_lane_001/outcomes.jsonl
EXTPAYLOAD-2572714021f1170931df2e41,classification_compaction_repair_generation_001_complete,artifacts/local_structured_external_data/whole_corpus_external_data_exhaustive_pipeline_2026-08-04/classified_observations/repair_generation_001/lanes/classification_lane_001/outcomes.jsonl
EXTPAYLOAD-2579aa3dd23c16813dc1d62c,classification_compaction_repair_generation_001_complete,artifacts/local_structured_external_data/whole_corpus_external_data_exhaustive_pipeline_2026-08-04/classified_observations/repair_generation_001/lanes/classification_lane_001/outcomes.jsonl
EXTPAYLOAD-257a51a3e5497013d6c04cb9,classification_compaction_repair_generation_001_complete,artifacts/local_structured_external_data/whole_corpus_external_data_exhaustive_pipeline_2026-08-04/classified_observations/repair_generation_001/lanes/classification_lane_001/outcomes.jsonl
EXTPAYLOAD-2582d0106bcca5afd2524374,classification_compaction_repair_generation_001_complete,artifacts/local_structured_external_data/whole_corpus_external_data_exhaustive_pipeline_2026-08-04/classified_observations/repair_generation_001/lanes/classification_lane_001/outcomes.jsonl
EXTPAYLOAD-2597b430455a35139ef5b770,classification_compaction_repair_generation_001_complete,artifacts/local_structured_external_data/whole_corpus_external_data_exhaustive_pipeline_2026-08-04/classified_observations/repair_generation_001/lanes/classification_lane_001/outcomes.jsonl
EXTPAYLOAD-25ae4f114c6b62605c5c892e,classification_compaction_repair_generation_001_complete,artifacts/local_structured_external_data/whole_corpus_external_data_exhaustive_pipeline_2026-08-04/classified_observations/repair_generation_001/lanes/classification_lane_001/outcomes.jsonl
EXTPAYLOAD-25b9b618cd0ff3a0c5096fc5,classification_compaction_repair_generation_001_complete,artifacts/local_structured_external_data/whole_corpus_external_data_exhaustive_pipeline_2026-08-04/classified_observations/repair_generation_001/lanes/classification_lane_001/outcomes.jsonl
EXTPAYLOAD-25da71308997cca2d53dfb11,classification_compaction_repair_generation_001_complete,artifacts/local_structured_external_data/whole_corpus_external_data_exhaustive_pipeline_2026-08-04/classified_observations/repair_generation_001/lanes/classification_lane_001/outcomes.jsonl
EXTPAYLOAD-260be50ae9bc1313885036c5,classification_compaction_repair_generation_001_complete,artifacts/local_structured_external_data/whole_corpus_external_data_exhaustive_pipeline_2026-08-04/classified_observations/repair_generation_001/lanes/classification_lane_001/outcomes.jsonl
EXTPAYLOAD-2639817321bee5802dcef524,classification_compaction_repair_generation_001_complete,artifacts/local_structured_external_data/whole_corpus_external_data_exhaustive_pipeline_2026-08-04/classified_observations/repair_generation_001/lanes/classification_lane_001/outcomes.jsonl
EXTPAYLOAD-263cfa87b19622bf0341ca01,classification_compaction_repair_generation_001_complete,artifacts/local_structured_external_data/whole_corpus_external_data_exhaustive_pipeline_2026-08-04/classified_observations/repair_generation_001/lanes/classification_lane_001/outcomes.jsonl
EXTPAYLOAD-2650940563c560606ab8fc15,classification_compaction_repair_generation_001_complete,artifacts/local_structured_external_data/whole_corpus_external_data_exhaustive_pipeline_2026-08-04/classified_observations/repair_generation_001/lanes/classification_lane_001/outcomes.jsonl
EXTPAYLOAD-2658d18798109dd0b7f68a24,classification_compaction_repair_generation_001_complete,artifacts/local_structured_external_data/whole_corpus_external_data_exhaustive_pipeline_2026-08-04/classified_observations/repair_generation_001/lanes/classification_lane_001/outcomes.jsonl
EXTPAYLOAD-266d3d6dac20b67a1863913e,classification_compaction_repair_generation_001_complete,artifacts/local_structured_external_data/whole_corpus_external_data_exhaustive_pipeline_2026-08-04/classified_observations/repair_generation_001/lanes/classification_lane_001/outcomes.jsonl
EXTPAYLOAD-267496116b044463f91f7feb,classification_compaction_repair_generation_001_complete,artifacts/local_structured_external_data/whole_corpus_external_data_exhaustive_pipeline_2026-08-04/classified_observations/repair_generation_001/lanes/classification_lane_001/outcomes.jsonl
EXTPAYLOAD-268260a151778d143f7cf110,classification_compaction_repair_generation_001_complete,artifacts/local_structured_external_data/whole_corpus_external_data_exhaustive_pipeline_2026-08-04/classified_observations/repair_generation_001/lanes/classification_lane_001/outcomes.jsonl
EXTPAYLOAD-26924f15b9805cbf011588d8,classification_compaction_repair_generation_001_complete,artifacts/local_structured_external_data/whole_corpus_external_data_exhaustive_pipeline_2026-08-04/classified_observations/repair_generation_001/lanes/classification_lane_001/outcomes.jsonl
EXTPAYLOAD-26930acb35c4ca7207ae96b7,classification_compaction_repair_generation_001_complete,artifacts/local_structured_external_data/whole_corpus_external_data_exhaustive_pipeline_2026-08-04/classified_observations/repair_generation_001/lanes/classification_lane_001/outcomes.jsonl
EXTPAYLOAD-269e0ddc1cb9bf9cf74c390d,classification_compaction_repair_generation_001_complete,artifacts/local_structured_external_data/whole_corpus_external_data_exhaustive_pipeline_2026-08-04/classified_observations/repair_generation_001/lanes/classification_lane_001/outcomes.jsonl
EXTPAYLOAD-26a87aadd1883ee9ab4e0be4,classification_compaction_repair_generation_001_complete,artifacts/local_structured_external_data/whole_corpus_external_data_exhaustive_pipeline_2026-08-04/classified_observations/repair_generation_001/lanes/classification_lane_001/outcomes.jsonl
EXTPAYLOAD-26b2b5f0476f6d46d71b8d9e,classification_compaction_repair_generation_001_complete,artifacts/local_structured_external_data/whole_corpus_external_data_exhaustive_pipeline_2026-08-04/classified_observations/repair_generation_001/lanes/classification_lane_001/outcomes.jsonl
EXTPAYLOAD-26b963b84e3f82191bea8eb7,classification_compaction_repair_generation_001_complete,artifacts/local_structured_external_data/whole_corpus_external_data_exhaustive_pipeline_2026-08-04/classified_observations/repair_generation_001/lanes/classification_lane_001/outcomes.jsonl
EXTPAYLOAD-26bddfb0517bc6e591a2e234,classification_compaction_repair_generation_001_complete,artifacts/local_structured_external_data/whole_corpus_external_data_exhaustive_pipeline_2026-08-04/classified_observations/repair_generation_001/lanes/classification_lane_001/outcomes.jsonl
EXTPAYLOAD-26d4b466799cdbb7f6e841ce,classification_compaction_repair_generation_001_complete,artifacts/local_structured_external_data/whole_corpus_external_data_exhaustive_pipeline_2026-08-04/classified_observations/repair_generation_001/lanes/classification_lane_001/outcomes.jsonl
EXTPAYLOAD-26d7768629c039e82eb56822,classification_compaction_repair_generation_001_complete,artifacts/local_structured_external_data/whole_corpus_external_data_exhaustive_pipeline_2026-08-04/classified_observations/repair_generation_001/lanes/classification_lane_001/outcomes.jsonl
EXTPAYLOAD-26f660ea95420413a17b88cd,classification_compaction_repair_generation_001_complete,artifacts/local_structured_external_data/whole_corpus_external_data_exhaustive_pipeline_2026-08-04/classified_observations/repair_generation_001/lanes/classification_lane_001/outcomes.jsonl
EXTPAYLOAD-2702c569efdaa8bc2de7d088,classification_compaction_repair_generation_001_complete,artifacts/local_structured_external_data/whole_corpus_external_data_exhaustive_pipeline_2026-08-04/classified_observations/repair_generation_001/lanes/classification_lane_001/outcomes.jsonl
EXTPAYLOAD-271bb74f31543f33530350b8,classification_compaction_repair_generation_001_complete,artifacts/local_structured_external_data/whole_corpus_external_data_exhaustive_pipeline_2026-08-04/classified_observations/repair_generation_001/lanes/classification_lane_001/outcomes.jsonl
EXTPAYLOAD-2723db8faa929b7797fec3da,classification_compaction_repair_generation_001_complete,artifacts/local_structured_external_data/whole_corpus_external_data_exhaustive_pipeline_2026-08-04/classified_observations/repair_generation_001/lanes/classification_lane_001/outcomes.jsonl
EXTPAYLOAD-273b7d0a6a99e310cc194bd8,classification_compaction_repair_generation_001_complete,artifacts/local_structured_external_data/whole_corpus_external_data_exhaustive_pipeline_2026-08-04/classified_observations/repair_generation_001/lanes/classification_lane_001/outcomes.jsonl
EXTPAYLOAD-277a4e80a79fb8e877af1b55,classification_compaction_repair_generation_001_complete,artifacts/local_structured_external_data/whole_corpus_external_data_exhaustive_pipeline_2026-08-04/classified_observations/repair_generation_001/lanes/classification_lane_001/outcomes.jsonl
EXTPAYLOAD-27a08e9b47826e4aa5838399,classification_compaction_repair_generation_001_complete,artifacts/local_structured_external_data/whole_corpus_external_data_exhaustive_pipeline_2026-08-04/classified_observations/repair_generation_001/lanes/classification_lane_001/outcomes.jsonl
EXTPAYLOAD-27a105f532cd4d093d82bf11,classification_compaction_repair_generation_001_complete,artifacts/local_structured_external_data/whole_corpus_external_data_exhaustive_pipeline_2026-08-04/classified_observations/repair_generation_001/lanes/classification_lane_001/outcomes.jsonl
EXTPAYLOAD-27b71f6de62cf5b75003a6d0,classification_compaction_repair_generation_001_complete,artifacts/local_structured_external_data/whole_corpus_external_data_exhaustive_pipeline_2026-08-04/classified_observations/repair_generation_001/lanes/classification_lane_001/outcomes.jsonl
EXTPAYLOAD-27b9cf8cfe509b7532a7b014,classification_compaction_repair_generation_001_complete,artifacts/local_structured_external_data/whole_corpus_external_data_exhaustive_pipeline_2026-08-04/classified_observations/repair_generation_001/lanes/classification_lane_001/outcomes.jsonl
EXTPAYLOAD-27ba0447a2a2b7c893bf3060,classification_compaction_repair_generation_001_complete,artifacts/local_structured_external_data/whole_corpus_external_data_exhaustive_pipeline_2026-08-04/classified_observations/repair_generation_001/lanes/classification_lane_001/outcomes.jsonl
EXTPAYLOAD-27de5155c9f2904f61b4b93b,classification_compaction_repair_generation_001_complete,artifacts/local_structured_external_data/whole_corpus_external_data_exhaustive_pipeline_2026-08-04/classified_observations/repair_generation_001/lanes/classification_lane_001/outcomes.jsonl
EXTPAYLOAD-27f43945f2ffe7fd43fca30b,classification_compaction_repair_generation_001_complete,artifacts/local_structured_external_data/whole_corpus_external_data_exhaustive_pipeline_2026-08-04/classified_observations/repair_generation_001/lanes/classification_lane_001/outcomes.jsonl
EXTPAYLOAD-2807c223d98b70a25d3a3c0f,classification_compaction_repair_generation_001_complete,artifacts/local_structured_external_data/whole_corpus_external_data_exhaustive_pipeline_2026-08-04/classified_observations/repair_generation_001/lanes/classification_lane_001/outcomes.jsonl
EXTPAYLOAD-28104ef723db4a1b64fbe415,classification_compaction_repair_generation_001_complete,artifacts/local_structured_external_data/whole_corpus_external_data_exhaustive_pipeline_2026-08-04/classified_observations/repair_generation_001/lanes/classification_lane_001/outcomes.jsonl
EXTPAYLOAD-282242c16f2c6610f4895539,classification_compaction_repair_generation_001_complete,artifacts/local_structured_external_data/whole_corpus_external_data_exhaustive_pipeline_2026-08-04/classified_observations/repair_generation_001/lanes/classification_lane_001/outcomes.jsonl
EXTPAYLOAD-2829947ecd43e00707ef4a83,classification_compaction_repair_generation_001_complete,artifacts/local_structured_external_data/whole_corpus_external_data_exhaustive_pipeline_2026-08-04/classified_observations/repair_generation_001/lanes/classification_lane_001/outcomes.jsonl
EXTPAYLOAD-282eee3f3053cf023b640afb,classification_compaction_repair_generation_001_complete,artifacts/local_structured_external_data/whole_corpus_external_data_exhaustive_pipeline_2026-08-04/classified_observations/repair_generation_001/lanes/classification_lane_001/outcomes.jsonl
EXTPAYLOAD-2832ff825a8966d02a7a7160,classification_compaction_repair_generation_001_complete,artifacts/local_structured_external_data/whole_corpus_external_data_exhaustive_pipeline_2026-08-04/classified_observations/repair_generation_001/lanes/classification_lane_001/outcomes.jsonl
EXTPAYLOAD-283ad2af2633a5c4eb4df4ce,classification_compaction_repair_generation_001_complete,artifacts/local_structured_external_data/whole_corpus_external_data_exhaustive_pipeline_2026-08-04/classified_observations/repair_generation_001/lanes/classification_lane_001/outcomes.jsonl
EXTPAYLOAD-2859a6fb18d9fd6871b0e91c,classification_compaction_repair_generation_001_complete,artifacts/local_structured_external_data/whole_corpus_external_data_exhaustive_pipeline_2026-08-04/classified_observations/repair_generation_001/lanes/classification_lane_001/outcomes.jsonl
EXTPAYLOAD-288695a0634913a33697b0d0,classification_compaction_repair_generation_001_complete,artifacts/local_structured_external_data/whole_corpus_external_data_exhaustive_pipeline_2026-08-04/classified_observations/repair_generation_001/lanes/classification_lane_001/outcomes.jsonl
EXTPAYLOAD-28b4fb7816ab5493d3d678cf,classification_compaction_repair_generation_001_complete,artifacts/local_structured_external_data/whole_corpus_external_data_exhaustive_pipeline_2026-08-04/classified_observations/repair_generation_001/lanes/classification_lane_001/outcomes.jsonl
EXTPAYLOAD-28cbb130dba68bc9e5f76fec,classification_compaction_repair_generation_001_complete,artifacts/local_structured_external_data/whole_corpus_external_data_exhaustive_pipeline_2026-08-04/classified_observations/repair_generation_001/lanes/classification_lane_001/outcomes.jsonl
EXTPAYLOAD-291c129b9f925978a5f6193e,classification_compaction_repair_generation_001_complete,artifacts/local_structured_external_data/whole_corpus_external_data_exhaustive_pipeline_2026-08-04/classified_observations/repair_generation_001/lanes/classification_lane_001/outcomes.jsonl
EXTPAYLOAD-2926df149ef5d942afd44315,classification_compaction_repair_generation_001_complete,artifacts/local_structured_external_data/whole_corpus_external_data_exhaustive_pipeline_2026-08-04/classified_observations/repair_generation_001/lanes/classification_lane_001/outcomes.jsonl
EXTPAYLOAD-294e5cb6153da91f82c09813,classification_compaction_repair_generation_001_complete,artifacts/local_structured_external_data/whole_corpus_external_data_exhaustive_pipeline_2026-08-04/classified_observations/repair_generation_001/lanes/classification_lane_001/outcomes.jsonl
EXTPAYLOAD-2961a86c8116ae0271f49ab5,classification_compaction_repair_generation_001_complete,artifacts/local_structured_external_data/whole_corpus_external_data_exhaustive_pipeline_2026-08-04/classified_observations/repair_generation_001/lanes/classification_lane_001/outcomes.jsonl
EXTPAYLOAD-298e24750f0183b270c57268,classification_compaction_repair_generation_001_complete,artifacts/local_structured_external_data/whole_corpus_external_data_exhaustive_pipeline_2026-08-04/classified_observations/repair_generation_001/lanes/classification_lane_001/outcomes.jsonl
EXTPAYLOAD-29a8304230e4de247bb30f2c,classification_compaction_repair_generation_001_complete,artifacts/local_structured_external_data/whole_corpus_external_data_exhaustive_pipeline_2026-08-04/classified_observations/repair_generation_001/lanes/classification_lane_001/outcomes.jsonl
EXTPAYLOAD-29e0025d9eb1a9de4962cc49,classification_compaction_repair_generation_001_complete,artifacts/local_structured_external_data/whole_corpus_external_data_exhaustive_pipeline_2026-08-04/classified_observations/repair_generation_001/lanes/classification_lane_001/outcomes.jsonl
EXTPAYLOAD-29e0bc9e6522ae31a18c4dfc,classification_compaction_repair_generation_001_complete,artifacts/local_structured_external_data/whole_corpus_external_data_exhaustive_pipeline_2026-08-04/classified_observations/repair_generation_001/lanes/classification_lane_001/outcomes.jsonl
EXTPAYLOAD-2a19859b5c3bdadc6735f15d,classification_compaction_repair_generation_001_complete,artifacts/local_structured_external_data/whole_corpus_external_data_exhaustive_pipeline_2026-08-04/classified_observations/repair_generation_001/lanes/classification_lane_001/outcomes.jsonl
EXTPAYLOAD-2a1a06012a8815cd4a73f2f5,classification_compaction_repair_generation_001_complete,artifacts/local_structured_external_data/whole_corpus_external_data_exhaustive_pipeline_2026-08-04/classified_observations/repair_generation_001/lanes/classification_lane_001/outcomes.jsonl
EXTPAYLOAD-2a265ff2e25432fa609da221,classification_compaction_repair_generation_001_complete,artifacts/local_structured_external_data/whole_corpus_external_data_exhaustive_pipeline_2026-08-04/classified_observations/repair_generation_001/lanes/classification_lane_001/outcomes.jsonl
EXTPAYLOAD-2a552ca038a3f8f80220027f,classification_compaction_repair_generation_001_complete,artifacts/local_structured_external_data/whole_corpus_external_data_exhaustive_pipeline_2026-08-04/classified_observations/repair_generation_001/lanes/classification_lane_001/outcomes.jsonl
EXTPAYLOAD-2a6155cbf61d1119ddde0658,classification_compaction_repair_generation_001_complete,artifacts/local_structured_external_data/whole_corpus_external_data_exhaustive_pipeline_2026-08-04/classified_observations/repair_generation_001/lanes/classification_lane_001/outcomes.jsonl
EXTPAYLOAD-2a81abadbe43e91993442f76,classification_compaction_repair_generation_001_complete,artifacts/local_structured_external_data/whole_corpus_external_data_exhaustive_pipeline_2026-08-04/classified_observations/repair_generation_001/lanes/classification_lane_001/outcomes.jsonl
EXTPAYLOAD-2aa7d9fa0a310622e91ecc7e,classification_compaction_repair_generation_001_complete,artifacts/local_structured_external_data/whole_corpus_external_data_exhaustive_pipeline_2026-08-04/classified_observations/repair_generation_001/lanes/classification_lane_001/outcomes.jsonl
EXTPAYLOAD-2af9f6c30442c0d4d8939588,classification_compaction_repair_generation_001_complete,artifacts/local_structured_external_data/whole_corpus_external_data_exhaustive_pipeline_2026-08-04/classified_observations/repair_generation_001/lanes/classification_lane_001/outcomes.jsonl
EXTPAYLOAD-2b09e9f63388f13af80b70cc,classification_compaction_repair_generation_001_complete,artifacts/local_structured_external_data/whole_corpus_external_data_exhaustive_pipeline_2026-08-04/classified_observations/repair_generation_001/lanes/classification_lane_001/outcomes.jsonl
EXTPAYLOAD-2b5b2d62474843e990f703e8,classification_compaction_repair_generation_001_complete,artifacts/local_structured_external_data/whole_corpus_external_data_exhaustive_pipeline_2026-08-04/classified_observations/repair_generation_001/lanes/classification_lane_001/outcomes.jsonl
EXTPAYLOAD-2b99584372c60c082c1c612c,classification_compaction_repair_generation_001_complete,artifacts/local_structured_external_data/whole_corpus_external_data_exhaustive_pipeline_2026-08-04/classified_observations/repair_generation_001/lanes/classification_lane_001/outcomes.jsonl
EXTPAYLOAD-2bafdd616c14b095398e052a,classification_compaction_repair_generation_001_complete,artifacts/local_structured_external_data/whole_corpus_external_data_exhaustive_pipeline_2026-08-04/classified_observations/repair_generation_001/lanes/classification_lane_001/outcomes.jsonl
EXTPAYLOAD-2bbcb807462005062ebefd14,classification_compaction_repair_generation_001_complete,artifacts/local_structured_external_data/whole_corpus_external_data_exhaustive_pipeline_2026-08-04/classified_observations/repair_generation_001/lanes/classification_lane_001/outcomes.jsonl
EXTPAYLOAD-2bce90e2eff4b3b6834a7e19,classification_compaction_repair_generation_001_complete,artifacts/local_structured_external_data/whole_corpus_external_data_exhaustive_pipeline_2026-08-04/classified_observations/repair_generation_001/lanes/classification_lane_001/outcomes.jsonl
EXTPAYLOAD-2bda62de2dc1e1680b6211b6,classification_compaction_repair_generation_001_complete,artifacts/local_structured_external_data/whole_corpus_external_data_exhaustive_pipeline_2026-08-04/classified_observations/repair_generation_001/lanes/classification_lane_001/outcomes.jsonl
EXTPAYLOAD-2c48a741adc9fc888225515b,classification_compaction_repair_generation_001_complete,artifacts/local_structured_external_data/whole_corpus_external_data_exhaustive_pipeline_2026-08-04/classified_observations/repair_generation_001/lanes/classification_lane_001/outcomes.jsonl
EXTPAYLOAD-2c4f96c51a2bf32efe906ceb,classification_compaction_repair_generation_001_complete,artifacts/local_structured_external_data/whole_corpus_external_data_exhaustive_pipeline_2026-08-04/classified_observations/repair_generation_001/lanes/classification_lane_001/outcomes.jsonl
EXTPAYLOAD-2c8fcb01a5c6f2d20754d6c6,classification_compaction_repair_generation_001_complete,artifacts/local_structured_external_data/whole_corpus_external_data_exhaustive_pipeline_2026-08-04/classified_observations/repair_generation_001/lanes/classification_lane_001/outcomes.jsonl
EXTPAYLOAD-2c98ea7a379803127949f2dd,classification_compaction_repair_generation_001_complete,artifacts/local_structured_external_data/whole_corpus_external_data_exhaustive_pipeline_2026-08-04/classified_observations/repair_generation_001/lanes/classification_lane_001/outcomes.jsonl
EXTPAYLOAD-2cbe1ff75cdf84b6c1b0927c,classification_compaction_repair_generation_001_complete,artifacts/local_structured_external_data/whole_corpus_external_data_exhaustive_pipeline_2026-08-04/classified_observations/repair_generation_001/lanes/classification_lane_001/outcomes.jsonl
EXTPAYLOAD-2cc3bbe190596a6c8014d88b,classification_compaction_repair_generation_001_complete,artifacts/local_structured_external_data/whole_corpus_external_data_exhaustive_pipeline_2026-08-04/classified_observations/repair_generation_001/lanes/classification_lane_001/outcomes.jsonl
EXTPAYLOAD-2cc5886fb01d8f405e64b29e,classification_compaction_repair_generation_001_complete,artifacts/local_structured_external_data/whole_corpus_external_data_exhaustive_pipeline_2026-08-04/classified_observations/repair_generation_001/lanes/classification_lane_001/outcomes.jsonl
EXTPAYLOAD-2cdf1a4e948c738a184afce1,classification_compaction_repair_generation_001_complete,artifacts/local_structured_external_data/whole_corpus_external_data_exhaustive_pipeline_2026-08-04/classified_observations/repair_generation_001/lanes/classification_lane_001/outcomes.jsonl
EXTPAYLOAD-2cf3fb4ac73f6d708d64b4f1,classification_compaction_repair_generation_001_complete,artifacts/local_structured_external_data/whole_corpus_external_data_exhaustive_pipeline_2026-08-04/classified_observations/repair_generation_001/lanes/classification_lane_001/outcomes.jsonl
EXTPAYLOAD-2d20b314f9df242f8a83b9e3,classification_compaction_repair_generation_001_complete,artifacts/local_structured_external_data/whole_corpus_external_data_exhaustive_pipeline_2026-08-04/classified_observations/repair_generation_001/lanes/classification_lane_001/outcomes.jsonl
EXTPAYLOAD-2d2205c43d400b165094f786,classification_compaction_repair_generation_001_complete,artifacts/local_structured_external_data/whole_corpus_external_data_exhaustive_pipeline_2026-08-04/classified_observations/repair_generation_001/lanes/classification_lane_001/outcomes.jsonl
EXTPAYLOAD-2d307eff12845545553056f7,classification_compaction_repair_generation_001_complete,artifacts/local_structured_external_data/whole_corpus_external_data_exhaustive_pipeline_2026-08-04/classified_observations/repair_generation_001/lanes/classification_lane_001/outcomes.jsonl
EXTPAYLOAD-2d46c29f7a752b85a3c94bf7,classification_compaction_repair_generation_001_complete,artifacts/local_structured_external_data/whole_corpus_external_data_exhaustive_pipeline_2026-08-04/classified_observations/repair_generation_001/lanes/classification_lane_001/outcomes.jsonl
EXTPAYLOAD-2d47a63e4ff4be32af914c97,classification_compaction_repair_generation_001_complete,artifacts/local_structured_external_data/whole_corpus_external_data_exhaustive_pipeline_2026-08-04/classified_observations/repair_generation_001/lanes/classification_lane_001/outcomes.jsonl
EXTPAYLOAD-2d7ad76d0e3d1c0b1c123610,classification_compaction_repair_generation_001_complete,artifacts/local_structured_external_data/whole_corpus_external_data_exhaustive_pipeline_2026-08-04/classified_observations/repair_generation_001/lanes/classification_lane_001/outcomes.jsonl
EXTPAYLOAD-2da554bcc5bf95c7810a67d6,classification_compaction_repair_generation_001_complete,artifacts/local_structured_external_data/whole_corpus_external_data_exhaustive_pipeline_2026-08-04/classified_observations/repair_generation_001/lanes/classification_lane_001/outcomes.jsonl
EXTPAYLOAD-2da5678e60be54e1a535a87b,classification_compaction_repair_generation_001_complete,artifacts/local_structured_external_data/whole_corpus_external_data_exhaustive_pipeline_2026-08-04/classified_observations/repair_generation_001/lanes/classification_lane_001/outcomes.jsonl
EXTPAYLOAD-2de3bde299aaf5b46e55bcb7,classification_compaction_repair_generation_001_complete,artifacts/local_structured_external_data/whole_corpus_external_data_exhaustive_pipeline_2026-08-04/classified_observations/repair_generation_001/lanes/classification_lane_001/outcomes.jsonl
EXTPAYLOAD-2e03f334549152b60c3dd314,classification_compaction_repair_generation_001_complete,artifacts/local_structured_external_data/whole_corpus_external_data_exhaustive_pipeline_2026-08-04/classified_observations/repair_generation_001/lanes/classification_lane_001/outcomes.jsonl
EXTPAYLOAD-2e2bc2c11b99a18633aa6d8a,classification_compaction_repair_generation_001_complete,artifacts/local_structured_external_data/whole_corpus_external_data_exhaustive_pipeline_2026-08-04/classified_observations/repair_generation_001/lanes/classification_lane_001/outcomes.jsonl
EXTPAYLOAD-2e3a15bbd2ea77490eb12fcc,classification_compaction_repair_generation_001_complete,artifacts/local_structured_external_data/whole_corpus_external_data_exhaustive_pipeline_2026-08-04/classified_observations/repair_generation_001/lanes/classification_lane_001/outcomes.jsonl
EXTPAYLOAD-2e5ae90062839371a1097c5a,classification_compaction_repair_generation_001_complete,artifacts/local_structured_external_data/whole_corpus_external_data_exhaustive_pipeline_2026-08-04/classified_observations/repair_generation_001/lanes/classification_lane_001/outcomes.jsonl
EXTPAYLOAD-2e5d7b61d2cbf0a0159b115f,classification_compaction_repair_generation_001_complete,artifacts/local_structured_external_data/whole_corpus_external_data_exhaustive_pipeline_2026-08-04/classified_observations/repair_generation_001/lanes/classification_lane_001/outcomes.jsonl
EXTPAYLOAD-2e8839771f645f58bf65f2f5,classification_compaction_repair_generation_001_complete,artifacts/local_structured_external_data/whole_corpus_external_data_exhaustive_pipeline_2026-08-04/classified_observations/repair_generation_001/lanes/classification_lane_001/outcomes.jsonl
EXTPAYLOAD-2e88931afec7f0cc600366a0,classification_compaction_repair_generation_001_complete,artifacts/local_structured_external_data/whole_corpus_external_data_exhaustive_pipeline_2026-08-04/classified_observations/repair_generation_001/lanes/classification_lane_001/outcomes.jsonl
EXTPAYLOAD-2e943b5ca290af3f65ba7c13,classification_compaction_repair_generation_001_complete,artifacts/local_structured_external_data/whole_corpus_external_data_exhaustive_pipeline_2026-08-04/classified_observations/repair_generation_001/lanes/classification_lane_001/outcomes.jsonl
EXTPAYLOAD-2ea45ad1b7628b1e72dfd5e9,classification_compaction_repair_generation_001_complete,artifacts/local_structured_external_data/whole_corpus_external_data_exhaustive_pipeline_2026-08-04/classified_observations/repair_generation_001/lanes/classification_lane_001/outcomes.jsonl
EXTPAYLOAD-2eb6d59a0eeca98046a3c8fd,classification_compaction_repair_generation_001_complete,artifacts/local_structured_external_data/whole_corpus_external_data_exhaustive_pipeline_2026-08-04/classified_observations/repair_generation_001/lanes/classification_lane_001/outcomes.jsonl
EXTPAYLOAD-2ebc58affc4ecec1ce867131,classification_compaction_repair_generation_001_complete,artifacts/local_structured_external_data/whole_corpus_external_data_exhaustive_pipeline_2026-08-04/classified_observations/repair_generation_001/lanes/classification_lane_001/outcomes.jsonl
EXTPAYLOAD-2ec9d2a7af87e775556f8494,classification_compaction_repair_generation_001_complete,artifacts/local_structured_external_data/whole_corpus_external_data_exhaustive_pipeline_2026-08-04/classified_observations/repair_generation_001/lanes/classification_lane_001/outcomes.jsonl
EXTPAYLOAD-2eeb1727eff079c89ac1eff4,classification_compaction_repair_generation_001_complete,artifacts/local_structured_external_data/whole_corpus_external_data_exhaustive_pipeline_2026-08-04/classified_observations/repair_generation_001/lanes/classification_lane_001/outcomes.jsonl
EXTPAYLOAD-2ef19738f36c381f439e90a7,classification_compaction_repair_generation_001_complete,artifacts/local_structured_external_data/whole_corpus_external_data_exhaustive_pipeline_2026-08-04/classified_observations/repair_generation_001/lanes/classification_lane_001/outcomes.jsonl
EXTPAYLOAD-2effa26577e931262e062f30,classification_compaction_repair_generation_001_complete,artifacts/local_structured_external_data/whole_corpus_external_data_exhaustive_pipeline_2026-08-04/classified_observations/repair_generation_001/lanes/classification_lane_001/outcomes.jsonl
EXTPAYLOAD-2effdf95ded0f1e5a8fb7400,classification_compaction_repair_generation_001_complete,artifacts/local_structured_external_data/whole_corpus_external_data_exhaustive_pipeline_2026-08-04/classified_observations/repair_generation_001/lanes/classification_lane_001/outcomes.jsonl
EXTPAYLOAD-2f1f43229c877a7d395367e6,classification_compaction_repair_generation_001_complete,artifacts/local_structured_external_data/whole_corpus_external_data_exhaustive_pipeline_2026-08-04/classified_observations/repair_generation_001/lanes/classification_lane_001/outcomes.jsonl
EXTPAYLOAD-2f2e1141255287337ed0c7f4,classification_compaction_repair_generation_001_complete,artifacts/local_structured_external_data/whole_corpus_external_data_exhaustive_pipeline_2026-08-04/classified_observations/repair_generation_001/lanes/classification_lane_001/outcomes.jsonl
EXTPAYLOAD-2f7dadb219ecdf0a724ba6e6,classification_compaction_repair_generation_001_complete,artifacts/local_structured_external_data/whole_corpus_external_data_exhaustive_pipeline_2026-08-04/classified_observations/repair_generation_001/lanes/classification_lane_001/outcomes.jsonl
EXTPAYLOAD-2f98ec973060961228c67492,classification_compaction_repair_generation_001_complete,artifacts/local_structured_external_data/whole_corpus_external_data_exhaustive_pipeline_2026-08-04/classified_observations/repair_generation_001/lanes/classification_lane_001/outcomes.jsonl
EXTPAYLOAD-2f9b459d730164fdd807a7cc,classification_compaction_repair_generation_001_complete,artifacts/local_structured_external_data/whole_corpus_external_data_exhaustive_pipeline_2026-08-04/classified_observations/repair_generation_001/lanes/classification_lane_001/outcomes.jsonl
EXTPAYLOAD-2fa5a1d93051a6ca25cede76,classification_compaction_repair_generation_001_complete,artifacts/local_structured_external_data/whole_corpus_external_data_exhaustive_pipeline_2026-08-04/classified_observations/repair_generation_001/lanes/classification_lane_001/outcomes.jsonl
EXTPAYLOAD-2fae04bfcf8bd050fc75f03c,classification_compaction_repair_generation_001_complete,artifacts/local_structured_external_data/whole_corpus_external_data_exhaustive_pipeline_2026-08-04/classified_observations/repair_generation_001/lanes/classification_lane_001/outcomes.jsonl
EXTPAYLOAD-2fba2089ad6cb2ba8a5840c7,classification_compaction_repair_generation_001_complete,artifacts/local_structured_external_data/whole_corpus_external_data_exhaustive_pipeline_2026-08-04/classified_observations/repair_generation_001/lanes/classification_lane_001/outcomes.jsonl
EXTPAYLOAD-2fba5102f9171e841fcb3a15,classification_compaction_repair_generation_001_complete,artifacts/local_structured_external_data/whole_corpus_external_data_exhaustive_pipeline_2026-08-04/classified_observations/repair_generation_001/lanes/classification_lane_001/outcomes.jsonl
EXTPAYLOAD-300eb81e4b83492df1bdd322,classification_compaction_repair_generation_001_complete,artifacts/local_structured_external_data/whole_corpus_external_data_exhaustive_pipeline_2026-08-04/classified_observations/repair_generation_001/lanes/classification_lane_001/outcomes.jsonl
EXTPAYLOAD-3015df204d95e6f3149a7ea4,classification_compaction_repair_generation_001_complete,artifacts/local_structured_external_data/whole_corpus_external_data_exhaustive_pipeline_2026-08-04/classified_observations/repair_generation_001/lanes/classification_lane_001/outcomes.jsonl
EXTPAYLOAD-301ce8a051df8380258e40f5,classification_compaction_repair_generation_001_complete,artifacts/local_structured_external_data/whole_corpus_external_data_exhaustive_pipeline_2026-08-04/classified_observations/repair_generation_001/lanes/classification_lane_001/outcomes.jsonl
EXTPAYLOAD-3024645d67d4853ddd6465b2,classification_compaction_repair_generation_001_complete,artifacts/local_structured_external_data/whole_corpus_external_data_exhaustive_pipeline_2026-08-04/classified_observations/repair_generation_001/lanes/classification_lane_001/outcomes.jsonl
EXTPAYLOAD-3034c25290c66c6a432026f7,classification_compaction_repair_generation_001_complete,artifacts/local_structured_external_data/whole_corpus_external_data_exhaustive_pipeline_2026-08-04/classified_observations/repair_generation_001/lanes/classification_lane_001/outcomes.jsonl
EXTPAYLOAD-30692b2b94817d4d0272112b,classification_compaction_repair_generation_001_complete,artifacts/local_structured_external_data/whole_corpus_external_data_exhaustive_pipeline_2026-08-04/classified_observations/repair_generation_001/lanes/classification_lane_001/outcomes.jsonl
EXTPAYLOAD-307c6e2e83858412367865fd,classification_compaction_repair_generation_001_complete,artifacts/local_structured_external_data/whole_corpus_external_data_exhaustive_pipeline_2026-08-04/classified_observations/repair_generation_001/lanes/classification_lane_001/outcomes.jsonl
EXTPAYLOAD-308a68815f098c99be71b70b,classification_compaction_repair_generation_001_complete,artifacts/local_structured_external_data/whole_corpus_external_data_exhaustive_pipeline_2026-08-04/classified_observations/repair_generation_001/lanes/classification_lane_001/outcomes.jsonl
EXTPAYLOAD-309068824a29af7b35a0c0e8,classification_compaction_repair_generation_001_complete,artifacts/local_structured_external_data/whole_corpus_external_data_exhaustive_pipeline_2026-08-04/classified_observations/repair_generation_001/lanes/classification_lane_001/outcomes.jsonl
EXTPAYLOAD-309510fc60c22208fe1870b1,classification_compaction_repair_generation_001_complete,artifacts/local_structured_external_data/whole_corpus_external_data_exhaustive_pipeline_2026-08-04/classified_observations/repair_generation_001/lanes/classification_lane_001/outcomes.jsonl
EXTPAYLOAD-3099157e85b74b3f7283f43d,classification_compaction_repair_generation_001_complete,artifacts/local_structured_external_data/whole_corpus_external_data_exhaustive_pipeline_2026-08-04/classified_observations/repair_generation_001/lanes/classification_lane_001/outcomes.jsonl
EXTPAYLOAD-30ac0a1d2444a20791d96eb3,classification_compaction_repair_generation_001_complete,artifacts/local_structured_external_data/whole_corpus_external_data_exhaustive_pipeline_2026-08-04/classified_observations/repair_generation_001/lanes/classification_lane_001/outcomes.jsonl
EXTPAYLOAD-30cf92cbbf35d83941b21f95,classification_compaction_repair_generation_001_complete,artifacts/local_structured_external_data/whole_corpus_external_data_exhaustive_pipeline_2026-08-04/classified_observations/repair_generation_001/lanes/classification_lane_001/outcomes.jsonl
EXTPAYLOAD-30d056ba8f6261f38b358993,classification_compaction_repair_generation_001_complete,artifacts/local_structured_external_data/whole_corpus_external_data_exhaustive_pipeline_2026-08-04/classified_observations/repair_generation_001/lanes/classification_lane_001/outcomes.jsonl
EXTPAYLOAD-30efeb34b6342c786f140956,classification_compaction_repair_generation_001_complete,artifacts/local_structured_external_data/whole_corpus_external_data_exhaustive_pipeline_2026-08-04/classified_observations/repair_generation_001/lanes/classification_lane_001/outcomes.jsonl
EXTPAYLOAD-313db1082923c084d76a9361,classification_compaction_repair_generation_001_complete,artifacts/local_structured_external_data/whole_corpus_external_data_exhaustive_pipeline_2026-08-04/classified_observations/repair_generation_001/lanes/classification_lane_001/outcomes.jsonl
EXTPAYLOAD-31582edcca5153c4cc5fb025,classification_compaction_repair_generation_001_complete,artifacts/local_structured_external_data/whole_corpus_external_data_exhaustive_pipeline_2026-08-04/classified_observations/repair_generation_001/lanes/classification_lane_001/outcomes.jsonl
EXTPAYLOAD-315e4bb3df78ee4f78f10809,classification_compaction_repair_generation_001_complete,artifacts/local_structured_external_data/whole_corpus_external_data_exhaustive_pipeline_2026-08-04/classified_observations/repair_generation_001/lanes/classification_lane_001/outcomes.jsonl
EXTPAYLOAD-3170161ffcd025b31c5c3e01,classification_compaction_repair_generation_001_complete,artifacts/local_structured_external_data/whole_corpus_external_data_exhaustive_pipeline_2026-08-04/classified_observations/repair_generation_001/lanes/classification_lane_001/outcomes.jsonl
EXTPAYLOAD-3195e375621aba0a7bd65dd9,classification_compaction_repair_generation_001_complete,artifacts/local_structured_external_data/whole_corpus_external_data_exhaustive_pipeline_2026-08-04/classified_observations/repair_generation_001/lanes/classification_lane_001/outcomes.jsonl
EXTPAYLOAD-31b9bc1aab94e5dea9664bcf,classification_compaction_repair_generation_001_complete,artifacts/local_structured_external_data/whole_corpus_external_data_exhaustive_pipeline_2026-08-04/classified_observations/repair_generation_001/lanes/classification_lane_001/outcomes.jsonl
EXTPAYLOAD-31beba102898eba262dc1735,classification_compaction_repair_generation_001_complete,artifacts/local_structured_external_data/whole_corpus_external_data_exhaustive_pipeline_2026-08-04/classified_observations/repair_generation_001/lanes/classification_lane_001/outcomes.jsonl
EXTPAYLOAD-31c8213382f6f0e88d39a1a2,classification_compaction_repair_generation_001_complete,artifacts/local_structured_external_data/whole_corpus_external_data_exhaustive_pipeline_2026-08-04/classified_observations/repair_generation_001/lanes/classification_lane_001/outcomes.jsonl
EXTPAYLOAD-3204252143740233bb8d04ae,classification_compaction_repair_generation_001_complete,artifacts/local_structured_external_data/whole_corpus_external_data_exhaustive_pipeline_2026-08-04/classified_observations/repair_generation_001/lanes/classification_lane_001/outcomes.jsonl
EXTPAYLOAD-320fc2b983411e611e08804e,classification_compaction_repair_generation_001_complete,artifacts/local_structured_external_data/whole_corpus_external_data_exhaustive_pipeline_2026-08-04/classified_observations/repair_generation_001/lanes/classification_lane_001/outcomes.jsonl
EXTPAYLOAD-321acc16ef6287ad10e6bdf3,classification_compaction_repair_generation_001_complete,artifacts/local_structured_external_data/whole_corpus_external_data_exhaustive_pipeline_2026-08-04/classified_observations/repair_generation_001/lanes/classification_lane_001/outcomes.jsonl
EXTPAYLOAD-3238ec6bf59704d8f362c8cd,classification_compaction_repair_generation_001_complete,artifacts/local_structured_external_data/whole_corpus_external_data_exhaustive_pipeline_2026-08-04/classified_observations/repair_generation_001/lanes/classification_lane_001/outcomes.jsonl
EXTPAYLOAD-324c64888f1f00b308225a69,classification_compaction_repair_generation_001_complete,artifacts/local_structured_external_data/whole_corpus_external_data_exhaustive_pipeline_2026-08-04/classified_observations/repair_generation_001/lanes/classification_lane_001/outcomes.jsonl
EXTPAYLOAD-327d4cc1cc9903cf31c78a9f,classification_compaction_repair_generation_001_complete,artifacts/local_structured_external_data/whole_corpus_external_data_exhaustive_pipeline_2026-08-04/classified_observations/repair_generation_001/lanes/classification_lane_001/outcomes.jsonl
EXTPAYLOAD-328d8ed5d517aabc3a992569,classification_compaction_repair_generation_001_complete,artifacts/local_structured_external_data/whole_corpus_external_data_exhaustive_pipeline_2026-08-04/classified_observations/repair_generation_001/lanes/classification_lane_001/outcomes.jsonl
EXTPAYLOAD-32bfa68c8177712270194bba,classification_compaction_repair_generation_001_complete,artifacts/local_structured_external_data/whole_corpus_external_data_exhaustive_pipeline_2026-08-04/classified_observations/repair_generation_001/lanes/classification_lane_001/outcomes.jsonl
EXTPAYLOAD-32c4f0a95755643533147074,classification_compaction_repair_generation_001_complete,artifacts/local_structured_external_data/whole_corpus_external_data_exhaustive_pipeline_2026-08-04/classified_observations/repair_generation_001/lanes/classification_lane_001/outcomes.jsonl
EXTPAYLOAD-32dba4cced0be4c74bbf5eed,classification_compaction_repair_generation_001_complete,artifacts/local_structured_external_data/whole_corpus_external_data_exhaustive_pipeline_2026-08-04/classified_observations/repair_generation_001/lanes/classification_lane_001/outcomes.jsonl
EXTPAYLOAD-3302a578f7153d0a0726c5a1,classification_compaction_repair_generation_001_complete,artifacts/local_structured_external_data/whole_corpus_external_data_exhaustive_pipeline_2026-08-04/classified_observations/repair_generation_001/lanes/classification_lane_001/outcomes.jsonl
EXTPAYLOAD-332a756bfe1cc49b1d0623db,classification_compaction_repair_generation_001_complete,artifacts/local_structured_external_data/whole_corpus_external_data_exhaustive_pipeline_2026-08-04/classified_observations/repair_generation_001/lanes/classification_lane_001/outcomes.jsonl
EXTPAYLOAD-3351bbe22d2695a758b99691,classification_compaction_repair_generation_001_complete,artifacts/local_structured_external_data/whole_corpus_external_data_exhaustive_pipeline_2026-08-04/classified_observations/repair_generation_001/lanes/classification_lane_001/outcomes.jsonl
EXTPAYLOAD-3362893a2845b46a2dc7e498,classification_compaction_repair_generation_001_complete,artifacts/local_structured_external_data/whole_corpus_external_data_exhaustive_pipeline_2026-08-04/classified_observations/repair_generation_001/lanes/classification_lane_001/outcomes.jsonl
EXTPAYLOAD-338d3eaf803af91609117bfc,classification_compaction_repair_generation_001_complete,artifacts/local_structured_external_data/whole_corpus_external_data_exhaustive_pipeline_2026-08-04/classified_observations/repair_generation_001/lanes/classification_lane_001/outcomes.jsonl
EXTPAYLOAD-338f6babfa205bc4fe3808af,classification_compaction_repair_generation_001_complete,artifacts/local_structured_external_data/whole_corpus_external_data_exhaustive_pipeline_2026-08-04/classified_observations/repair_generation_001/lanes/classification_lane_001/outcomes.jsonl
EXTPAYLOAD-33b51ad2d12faf211ebd9c31,classification_compaction_repair_generation_001_complete,artifacts/local_structured_external_data/whole_corpus_external_data_exhaustive_pipeline_2026-08-04/classified_observations/repair_generation_001/lanes/classification_lane_001/outcomes.jsonl
EXTPAYLOAD-3403389fc52edbbca2ef139f,classification_compaction_repair_generation_001_complete,artifacts/local_structured_external_data/whole_corpus_external_data_exhaustive_pipeline_2026-08-04/classified_observations/repair_generation_001/lanes/classification_lane_001/outcomes.jsonl
EXTPAYLOAD-3407936e6a73a9bf7ec83de6,classification_compaction_repair_generation_001_complete,artifacts/local_structured_external_data/whole_corpus_external_data_exhaustive_pipeline_2026-08-04/classified_observations/repair_generation_001/lanes/classification_lane_001/outcomes.jsonl
EXTPAYLOAD-341812c3427b04373cbd31de,classification_compaction_repair_generation_001_complete,artifacts/local_structured_external_data/whole_corpus_external_data_exhaustive_pipeline_2026-08-04/classified_observations/repair_generation_001/lanes/classification_lane_001/outcomes.jsonl
EXTPAYLOAD-347b6851bd475c1215c150d7,classification_compaction_repair_generation_001_complete,artifacts/local_structured_external_data/whole_corpus_external_data_exhaustive_pipeline_2026-08-04/classified_observations/repair_generation_001/lanes/classification_lane_001/outcomes.jsonl
EXTPAYLOAD-34a9f4e27ad86a3a9b319954,classification_compaction_repair_generation_001_complete,artifacts/local_structured_external_data/whole_corpus_external_data_exhaustive_pipeline_2026-08-04/classified_observations/repair_generation_001/lanes/classification_lane_001/outcomes.jsonl
EXTPAYLOAD-34ad3684294670235ecf27e6,classification_compaction_repair_generation_001_complete,artifacts/local_structured_external_data/whole_corpus_external_data_exhaustive_pipeline_2026-08-04/classified_observations/repair_generation_001/lanes/classification_lane_001/outcomes.jsonl
EXTPAYLOAD-34ba57f52a485880fcf60a74,classification_compaction_repair_generation_001_complete,artifacts/local_structured_external_data/whole_corpus_external_data_exhaustive_pipeline_2026-08-04/classified_observations/repair_generation_001/lanes/classification_lane_001/outcomes.jsonl
EXTPAYLOAD-34dc8707221fd580031fb585,classification_compaction_repair_generation_001_complete,artifacts/local_structured_external_data/whole_corpus_external_data_exhaustive_pipeline_2026-08-04/classified_observations/repair_generation_001/lanes/classification_lane_001/outcomes.jsonl
EXTPAYLOAD-34de834f92896b563fd7d3e6,classification_compaction_repair_generation_001_complete,artifacts/local_structured_external_data/whole_corpus_external_data_exhaustive_pipeline_2026-08-04/classified_observations/repair_generation_001/lanes/classification_lane_001/outcomes.jsonl
EXTPAYLOAD-34e592cd2892fb93b03ac8f1,classification_compaction_repair_generation_001_complete,artifacts/local_structured_external_data/whole_corpus_external_data_exhaustive_pipeline_2026-08-04/classified_observations/repair_generation_001/lanes/classification_lane_001/outcomes.jsonl
EXTPAYLOAD-34eee90778dcea64eef1f3ff,classification_compaction_repair_generation_001_complete,artifacts/local_structured_external_data/whole_corpus_external_data_exhaustive_pipeline_2026-08-04/classified_observations/repair_generation_001/lanes/classification_lane_001/outcomes.jsonl
EXTPAYLOAD-350eb96b85684c3fbc4fd7fe,classification_compaction_repair_generation_001_complete,artifacts/local_structured_external_data/whole_corpus_external_data_exhaustive_pipeline_2026-08-04/classified_observations/repair_generation_001/lanes/classification_lane_001/outcomes.jsonl
EXTPAYLOAD-3531fd091bd7b896da560400,classification_compaction_repair_generation_001_complete,artifacts/local_structured_external_data/whole_corpus_external_data_exhaustive_pipeline_2026-08-04/classified_observations/repair_generation_001/lanes/classification_lane_001/outcomes.jsonl
EXTPAYLOAD-3555d52f9ea5060a321d70ce,classification_compaction_repair_generation_001_complete,artifacts/local_structured_external_data/whole_corpus_external_data_exhaustive_pipeline_2026-08-04/classified_observations/repair_generation_001/lanes/classification_lane_001/outcomes.jsonl
EXTPAYLOAD-356a3f18202c988e73774fa1,classification_compaction_repair_generation_001_complete,artifacts/local_structured_external_data/whole_corpus_external_data_exhaustive_pipeline_2026-08-04/classified_observations/repair_generation_001/lanes/classification_lane_001/outcomes.jsonl
EXTPAYLOAD-358adc1c24a9e14bc9837e9d,classification_compaction_repair_generation_001_complete,artifacts/local_structured_external_data/whole_corpus_external_data_exhaustive_pipeline_2026-08-04/classified_observations/repair_generation_001/lanes/classification_lane_001/outcomes.jsonl
EXTPAYLOAD-35a0835a1d365342d217d688,classification_compaction_repair_generation_001_complete,artifacts/local_structured_external_data/whole_corpus_external_data_exhaustive_pipeline_2026-08-04/classified_observations/repair_generation_001/lanes/classification_lane_001/outcomes.jsonl
EXTPAYLOAD-35b32d08c162ada8adb52713,classification_compaction_repair_generation_001_complete,artifacts/local_structured_external_data/whole_corpus_external_data_exhaustive_pipeline_2026-08-04/classified_observations/repair_generation_001/lanes/classification_lane_001/outcomes.jsonl
EXTPAYLOAD-35e96743ec4718a10cf13759,classification_compaction_repair_generation_001_complete,artifacts/local_structured_external_data/whole_corpus_external_data_exhaustive_pipeline_2026-08-04/classified_observations/repair_generation_001/lanes/classification_lane_001/outcomes.jsonl
EXTPAYLOAD-3610e2c78d1a191cd44ccbca,classification_compaction_repair_generation_001_complete,artifacts/local_structured_external_data/whole_corpus_external_data_exhaustive_pipeline_2026-08-04/classified_observations/repair_generation_001/lanes/classification_lane_001/outcomes.jsonl
EXTPAYLOAD-3613cfb21f8e3c204ad25386,classification_compaction_repair_generation_001_complete,artifacts/local_structured_external_data/whole_corpus_external_data_exhaustive_pipeline_2026-08-04/classified_observations/repair_generation_001/lanes/classification_lane_001/outcomes.jsonl
EXTPAYLOAD-3634a182e3ce2d3465bed1d6,classification_compaction_repair_generation_001_complete,artifacts/local_structured_external_data/whole_corpus_external_data_exhaustive_pipeline_2026-08-04/classified_observations/repair_generation_001/lanes/classification_lane_001/outcomes.jsonl
EXTPAYLOAD-363582ceff5bf8b5445e3306,classification_compaction_repair_generation_001_complete,artifacts/local_structured_external_data/whole_corpus_external_data_exhaustive_pipeline_2026-08-04/classified_observations/repair_generation_001/lanes/classification_lane_001/outcomes.jsonl
EXTPAYLOAD-36430debe56af1951211e318,classification_compaction_repair_generation_001_complete,artifacts/local_structured_external_data/whole_corpus_external_data_exhaustive_pipeline_2026-08-04/classified_observations/repair_generation_001/lanes/classification_lane_001/outcomes.jsonl
EXTPAYLOAD-36503682e758a9693b8166f6,classification_compaction_repair_generation_001_complete,artifacts/local_structured_external_data/whole_corpus_external_data_exhaustive_pipeline_2026-08-04/classified_observations/repair_generation_001/lanes/classification_lane_001/outcomes.jsonl
EXTPAYLOAD-365fc03c5763c5ee409fcf98,classification_compaction_repair_generation_001_complete,artifacts/local_structured_external_data/whole_corpus_external_data_exhaustive_pipeline_2026-08-04/classified_observations/repair_generation_001/lanes/classification_lane_001/outcomes.jsonl
EXTPAYLOAD-366fe55b15a37e8fc71534a7,classification_compaction_repair_generation_001_complete,artifacts/local_structured_external_data/whole_corpus_external_data_exhaustive_pipeline_2026-08-04/classified_observations/repair_generation_001/lanes/classification_lane_001/outcomes.jsonl
EXTPAYLOAD-36abf133d454b21455ffc565,classification_compaction_repair_generation_001_complete,artifacts/local_structured_external_data/whole_corpus_external_data_exhaustive_pipeline_2026-08-04/classified_observations/repair_generation_001/lanes/classification_lane_001/outcomes.jsonl
EXTPAYLOAD-36ba91a5098e9c013cd8bc9b,classification_compaction_repair_generation_001_complete,artifacts/local_structured_external_data/whole_corpus_external_data_exhaustive_pipeline_2026-08-04/classified_observations/repair_generation_001/lanes/classification_lane_001/outcomes.jsonl
EXTPAYLOAD-36e62cdfc955e80416c51f26,classification_compaction_repair_generation_001_complete,artifacts/local_structured_external_data/whole_corpus_external_data_exhaustive_pipeline_2026-08-04/classified_observations/repair_generation_001/lanes/classification_lane_001/outcomes.jsonl
EXTPAYLOAD-371d106b28eb6607aeae1b0c,classification_compaction_repair_generation_001_complete,artifacts/local_structured_external_data/whole_corpus_external_data_exhaustive_pipeline_2026-08-04/classified_observations/repair_generation_001/lanes/classification_lane_001/outcomes.jsonl
EXTPAYLOAD-372da7bfe9843c4969457520,classification_compaction_repair_generation_001_complete,artifacts/local_structured_external_data/whole_corpus_external_data_exhaustive_pipeline_2026-08-04/classified_observations/repair_generation_001/lanes/classification_lane_001/outcomes.jsonl
EXTPAYLOAD-376b2c9885e00fbbd01b2ffc,classification_compaction_repair_generation_001_complete,artifacts/local_structured_external_data/whole_corpus_external_data_exhaustive_pipeline_2026-08-04/classified_observations/repair_generation_001/lanes/classification_lane_001/outcomes.jsonl
EXTPAYLOAD-37769307a894662da7468bc4,classification_compaction_repair_generation_001_complete,artifacts/local_structured_external_data/whole_corpus_external_data_exhaustive_pipeline_2026-08-04/classified_observations/repair_generation_001/lanes/classification_lane_001/outcomes.jsonl
EXTPAYLOAD-377b8ac57a473015337a060f,classification_compaction_repair_generation_001_complete,artifacts/local_structured_external_data/whole_corpus_external_data_exhaustive_pipeline_2026-08-04/classified_observations/repair_generation_001/lanes/classification_lane_001/outcomes.jsonl
EXTPAYLOAD-378d4084b8f19516e1876aaa,classification_compaction_repair_generation_001_complete,artifacts/local_structured_external_data/whole_corpus_external_data_exhaustive_pipeline_2026-08-04/classified_observations/repair_generation_001/lanes/classification_lane_001/outcomes.jsonl
EXTPAYLOAD-37a40bff94f8be45f56b8648,classification_compaction_repair_generation_001_complete,artifacts/local_structured_external_data/whole_corpus_external_data_exhaustive_pipeline_2026-08-04/classified_observations/repair_generation_001/lanes/classification_lane_001/outcomes.jsonl
EXTPAYLOAD-387c371f9be285b7b68eae0a,classification_compaction_repair_generation_001_complete,artifacts/local_structured_external_data/whole_corpus_external_data_exhaustive_pipeline_2026-08-04/classified_observations/repair_generation_001/lanes/classification_lane_001/outcomes.jsonl
EXTPAYLOAD-3889d7c32a67912e9d02408c,classification_compaction_repair_generation_001_complete,artifacts/local_structured_external_data/whole_corpus_external_data_exhaustive_pipeline_2026-08-04/classified_observations/repair_generation_001/lanes/classification_lane_001/outcomes.jsonl
EXTPAYLOAD-38e68af269bbf151246b596f,classification_compaction_repair_generation_001_complete,artifacts/local_structured_external_data/whole_corpus_external_data_exhaustive_pipeline_2026-08-04/classified_observations/repair_generation_001/lanes/classification_lane_001/outcomes.jsonl
EXTPAYLOAD-38eb14f536c6fa3840b78bc0,classification_compaction_repair_generation_001_complete,artifacts/local_structured_external_data/whole_corpus_external_data_exhaustive_pipeline_2026-08-04/classified_observations/repair_generation_001/lanes/classification_lane_001/outcomes.jsonl
EXTPAYLOAD-38f4615a7c19b998494c0ccf,classification_compaction_repair_generation_001_complete,artifacts/local_structured_external_data/whole_corpus_external_data_exhaustive_pipeline_2026-08-04/classified_observations/repair_generation_001/lanes/classification_lane_001/outcomes.jsonl
EXTPAYLOAD-390092f9c71bea64368097a2,classification_compaction_repair_generation_001_complete,artifacts/local_structured_external_data/whole_corpus_external_data_exhaustive_pipeline_2026-08-04/classified_observations/repair_generation_001/lanes/classification_lane_001/outcomes.jsonl
EXTPAYLOAD-390379c1583aae956dd9939a,classification_compaction_repair_generation_001_complete,artifacts/local_structured_external_data/whole_corpus_external_data_exhaustive_pipeline_2026-08-04/classified_observations/repair_generation_001/lanes/classification_lane_001/outcomes.jsonl
EXTPAYLOAD-390e84f9993d5c77763800ca,classification_compaction_repair_generation_001_complete,artifacts/local_structured_external_data/whole_corpus_external_data_exhaustive_pipeline_2026-08-04/classified_observations/repair_generation_001/lanes/classification_lane_001/outcomes.jsonl
EXTPAYLOAD-392fadab2af5758d0169b655,classification_compaction_repair_generation_001_complete,artifacts/local_structured_external_data/whole_corpus_external_data_exhaustive_pipeline_2026-08-04/classified_observations/repair_generation_001/lanes/classification_lane_001/outcomes.jsonl
EXTPAYLOAD-393b205288cc2deecc462621,classification_compaction_repair_generation_001_complete,artifacts/local_structured_external_data/whole_corpus_external_data_exhaustive_pipeline_2026-08-04/classified_observations/repair_generation_001/lanes/classification_lane_001/outcomes.jsonl
EXTPAYLOAD-3941c21c078177dd2566106b,classification_compaction_repair_generation_001_complete,artifacts/local_structured_external_data/whole_corpus_external_data_exhaustive_pipeline_2026-08-04/classified_observations/repair_generation_001/lanes/classification_lane_001/outcomes.jsonl
EXTPAYLOAD-3948bb32871813bf7d24dab4,classification_compaction_repair_generation_001_complete,artifacts/local_structured_external_data/whole_corpus_external_data_exhaustive_pipeline_2026-08-04/classified_observations/repair_generation_001/lanes/classification_lane_001/outcomes.jsonl
EXTPAYLOAD-395620b635501ee2027f33c5,classification_compaction_repair_generation_001_complete,artifacts/local_structured_external_data/whole_corpus_external_data_exhaustive_pipeline_2026-08-04/classified_observations/repair_generation_001/lanes/classification_lane_001/outcomes.jsonl
EXTPAYLOAD-3976fad43d70c3af3fe8206a,classification_compaction_repair_generation_001_complete,artifacts/local_structured_external_data/whole_corpus_external_data_exhaustive_pipeline_2026-08-04/classified_observations/repair_generation_001/lanes/classification_lane_001/outcomes.jsonl
EXTPAYLOAD-39794c43123b0edd4b7ed944,classification_compaction_repair_generation_001_complete,artifacts/local_structured_external_data/whole_corpus_external_data_exhaustive_pipeline_2026-08-04/classified_observations/repair_generation_001/lanes/classification_lane_001/outcomes.jsonl
EXTPAYLOAD-398d71b4bb56d37af068b398,classification_compaction_repair_generation_001_complete,artifacts/local_structured_external_data/whole_corpus_external_data_exhaustive_pipeline_2026-08-04/classified_observations/repair_generation_001/lanes/classification_lane_001/outcomes.jsonl
EXTPAYLOAD-39975627163eef6a639471cb,classification_compaction_repair_generation_001_complete,artifacts/local_structured_external_data/whole_corpus_external_data_exhaustive_pipeline_2026-08-04/classified_observations/repair_generation_001/lanes/classification_lane_001/outcomes.jsonl
EXTPAYLOAD-39a541fe0fb1912e7be7f64c,classification_compaction_repair_generation_001_complete,artifacts/local_structured_external_data/whole_corpus_external_data_exhaustive_pipeline_2026-08-04/classified_observations/repair_generation_001/lanes/classification_lane_001/outcomes.jsonl
EXTPAYLOAD-39a9298c229c8cf2f956fd1f,classification_compaction_repair_generation_001_complete,artifacts/local_structured_external_data/whole_corpus_external_data_exhaustive_pipeline_2026-08-04/classified_observations/repair_generation_001/lanes/classification_lane_001/outcomes.jsonl
EXTPAYLOAD-39ef963566562abf2934df63,classification_compaction_repair_generation_001_complete,artifacts/local_structured_external_data/whole_corpus_external_data_exhaustive_pipeline_2026-08-04/classified_observations/repair_generation_001/lanes/classification_lane_001/outcomes.jsonl
EXTPAYLOAD-3a0bdfc190dd6460d45c58de,classification_compaction_repair_generation_001_complete,artifacts/local_structured_external_data/whole_corpus_external_data_exhaustive_pipeline_2026-08-04/classified_observations/repair_generation_001/lanes/classification_lane_001/outcomes.jsonl
EXTPAYLOAD-3a4502b8b784f0f88628a49b,classification_compaction_repair_generation_001_complete,artifacts/local_structured_external_data/whole_corpus_external_data_exhaustive_pipeline_2026-08-04/classified_observations/repair_generation_001/lanes/classification_lane_001/outcomes.jsonl
EXTPAYLOAD-3a9b2367829b1e114b6168dc,classification_compaction_repair_generation_001_complete,artifacts/local_structured_external_data/whole_corpus_external_data_exhaustive_pipeline_2026-08-04/classified_observations/repair_generation_001/lanes/classification_lane_001/outcomes.jsonl
EXTPAYLOAD-3ac24eb4b9b231a48c81e56a,classification_compaction_repair_generation_001_complete,artifacts/local_structured_external_data/whole_corpus_external_data_exhaustive_pipeline_2026-08-04/classified_observations/repair_generation_001/lanes/classification_lane_001/outcomes.jsonl
EXTPAYLOAD-3ac38085530f9b097e71caa0,classification_compaction_repair_generation_001_complete,artifacts/local_structured_external_data/whole_corpus_external_data_exhaustive_pipeline_2026-08-04/classified_observations/repair_generation_001/lanes/classification_lane_001/outcomes.jsonl
EXTPAYLOAD-3ace792d950623b09d9e4f68,classification_compaction_repair_generation_001_complete,artifacts/local_structured_external_data/whole_corpus_external_data_exhaustive_pipeline_2026-08-04/classified_observations/repair_generation_001/lanes/classification_lane_001/outcomes.jsonl
EXTPAYLOAD-3addb9df44561c814dacbd52,classification_compaction_repair_generation_001_complete,artifacts/local_structured_external_data/whole_corpus_external_data_exhaustive_pipeline_2026-08-04/classified_observations/repair_generation_001/lanes/classification_lane_001/outcomes.jsonl
EXTPAYLOAD-3aee2745aded386497050c72,classification_compaction_repair_generation_001_complete,artifacts/local_structured_external_data/whole_corpus_external_data_exhaustive_pipeline_2026-08-04/classified_observations/repair_generation_001/lanes/classification_lane_001/outcomes.jsonl
EXTPAYLOAD-3af31c618aa07b418b243c4f,classification_compaction_repair_generation_001_complete,artifacts/local_structured_external_data/whole_corpus_external_data_exhaustive_pipeline_2026-08-04/classified_observations/repair_generation_001/lanes/classification_lane_001/outcomes.jsonl
EXTPAYLOAD-3af9c7bd035dc054ddc90792,classification_compaction_repair_generation_001_complete,artifacts/local_structured_external_data/whole_corpus_external_data_exhaustive_pipeline_2026-08-04/classified_observations/repair_generation_001/lanes/classification_lane_001/outcomes.jsonl
EXTPAYLOAD-3b1318e11ec10723beb986ef,classification_compaction_repair_generation_001_complete,artifacts/local_structured_external_data/whole_corpus_external_data_exhaustive_pipeline_2026-08-04/classified_observations/repair_generation_001/lanes/classification_lane_001/outcomes.jsonl
EXTPAYLOAD-3b3c704498eca0fdbad66b4b,classification_compaction_repair_generation_001_complete,artifacts/local_structured_external_data/whole_corpus_external_data_exhaustive_pipeline_2026-08-04/classified_observations/repair_generation_001/lanes/classification_lane_001/outcomes.jsonl
EXTPAYLOAD-3b469996163c236b9d3984d6,classification_compaction_repair_generation_001_complete,artifacts/local_structured_external_data/whole_corpus_external_data_exhaustive_pipeline_2026-08-04/classified_observations/repair_generation_001/lanes/classification_lane_001/outcomes.jsonl
EXTPAYLOAD-3b52e585cf4b5c7883b0aac8,classification_compaction_repair_generation_001_complete,artifacts/local_structured_external_data/whole_corpus_external_data_exhaustive_pipeline_2026-08-04/classified_observations/repair_generation_001/lanes/classification_lane_001/outcomes.jsonl
EXTPAYLOAD-3b81616a1ebc96d302879779,classification_compaction_repair_generation_001_complete,artifacts/local_structured_external_data/whole_corpus_external_data_exhaustive_pipeline_2026-08-04/classified_observations/repair_generation_001/lanes/classification_lane_001/outcomes.jsonl
EXTPAYLOAD-3b9ad1273c083b76fa62ddf8,classification_compaction_repair_generation_001_complete,artifacts/local_structured_external_data/whole_corpus_external_data_exhaustive_pipeline_2026-08-04/classified_observations/repair_generation_001/lanes/classification_lane_001/outcomes.jsonl
EXTPAYLOAD-3ba360d0c8d6d12bd8a43ff4,classification_compaction_repair_generation_001_complete,artifacts/local_structured_external_data/whole_corpus_external_data_exhaustive_pipeline_2026-08-04/classified_observations/repair_generation_001/lanes/classification_lane_001/outcomes.jsonl
EXTPAYLOAD-3ba69247deafe2740c0a378d,classification_compaction_repair_generation_001_complete,artifacts/local_structured_external_data/whole_corpus_external_data_exhaustive_pipeline_2026-08-04/classified_observations/repair_generation_001/lanes/classification_lane_001/outcomes.jsonl
EXTPAYLOAD-3bc681901c60aa7c5143cb9e,classification_compaction_repair_generation_001_complete,artifacts/local_structured_external_data/whole_corpus_external_data_exhaustive_pipeline_2026-08-04/classified_observations/repair_generation_001/lanes/classification_lane_001/outcomes.jsonl
EXTPAYLOAD-3bcea669c04abccec1d04366,classification_compaction_repair_generation_001_complete,artifacts/local_structured_external_data/whole_corpus_external_data_exhaustive_pipeline_2026-08-04/classified_observations/repair_generation_001/lanes/classification_lane_001/outcomes.jsonl
EXTPAYLOAD-3bd123511fa1a9d0b96650a5,classification_compaction_repair_generation_001_complete,artifacts/local_structured_external_data/whole_corpus_external_data_exhaustive_pipeline_2026-08-04/classified_observations/repair_generation_001/lanes/classification_lane_001/outcomes.jsonl
EXTPAYLOAD-3bf0c275c1a835b1049ceae0,classification_compaction_repair_generation_001_complete,artifacts/local_structured_external_data/whole_corpus_external_data_exhaustive_pipeline_2026-08-04/classified_observations/repair_generation_001/lanes/classification_lane_001/outcomes.jsonl
EXTPAYLOAD-3c2a36b57927c00dec7b4016,classification_compaction_repair_generation_001_complete,artifacts/local_structured_external_data/whole_corpus_external_data_exhaustive_pipeline_2026-08-04/classified_observations/repair_generation_001/lanes/classification_lane_001/outcomes.jsonl
EXTPAYLOAD-3c3130875e9ee6c8fbeabc59,classification_compaction_repair_generation_001_complete,artifacts/local_structured_external_data/whole_corpus_external_data_exhaustive_pipeline_2026-08-04/classified_observations/repair_generation_001/lanes/classification_lane_001/outcomes.jsonl
EXTPAYLOAD-3c34a53871ab3037e70fb779,classification_compaction_repair_generation_001_complete,artifacts/local_structured_external_data/whole_corpus_external_data_exhaustive_pipeline_2026-08-04/classified_observations/repair_generation_001/lanes/classification_lane_001/outcomes.jsonl
EXTPAYLOAD-3c86fd545c81c4ae56c85edd,classification_compaction_repair_generation_001_complete,artifacts/local_structured_external_data/whole_corpus_external_data_exhaustive_pipeline_2026-08-04/classified_observations/repair_generation_001/lanes/classification_lane_001/outcomes.jsonl
EXTPAYLOAD-3c94626c3a162701f5b1b5e2,classification_compaction_repair_generation_001_complete,artifacts/local_structured_external_data/whole_corpus_external_data_exhaustive_pipeline_2026-08-04/classified_observations/repair_generation_001/lanes/classification_lane_001/outcomes.jsonl
EXTPAYLOAD-3caac49ef9dfb4feb22a39f3,classification_compaction_repair_generation_001_complete,artifacts/local_structured_external_data/whole_corpus_external_data_exhaustive_pipeline_2026-08-04/classified_observations/repair_generation_001/lanes/classification_lane_001/outcomes.jsonl
EXTPAYLOAD-3cc8f505e575b8d0d5934e1e,classification_compaction_repair_generation_001_complete,artifacts/local_structured_external_data/whole_corpus_external_data_exhaustive_pipeline_2026-08-04/classified_observations/repair_generation_001/lanes/classification_lane_001/outcomes.jsonl
EXTPAYLOAD-3ce41b360f6a01f04e8a3b2a,classification_compaction_repair_generation_001_complete,artifacts/local_structured_external_data/whole_corpus_external_data_exhaustive_pipeline_2026-08-04/classified_observations/repair_generation_001/lanes/classification_lane_001/outcomes.jsonl
EXTPAYLOAD-3cf742a857347e672d20ced9,classification_compaction_repair_generation_001_complete,artifacts/local_structured_external_data/whole_corpus_external_data_exhaustive_pipeline_2026-08-04/classified_observations/repair_generation_001/lanes/classification_lane_001/outcomes.jsonl
EXTPAYLOAD-3cf843fd96ab1efbdce980d2,classification_compaction_repair_generation_001_complete,artifacts/local_structured_external_data/whole_corpus_external_data_exhaustive_pipeline_2026-08-04/classified_observations/repair_generation_001/lanes/classification_lane_001/outcomes.jsonl
EXTPAYLOAD-3d06d3b71b11753fca4f832d,classification_compaction_repair_generation_001_complete,artifacts/local_structured_external_data/whole_corpus_external_data_exhaustive_pipeline_2026-08-04/classified_observations/repair_generation_001/lanes/classification_lane_001/outcomes.jsonl
EXTPAYLOAD-3d1a143194a69eb6b7be9ff8,classification_compaction_repair_generation_001_complete,artifacts/local_structured_external_data/whole_corpus_external_data_exhaustive_pipeline_2026-08-04/classified_observations/repair_generation_001/lanes/classification_lane_001/outcomes.jsonl
EXTPAYLOAD-3d200311290cfe4fd49e78b5,classification_compaction_repair_generation_001_complete,artifacts/local_structured_external_data/whole_corpus_external_data_exhaustive_pipeline_2026-08-04/classified_observations/repair_generation_001/lanes/classification_lane_001/outcomes.jsonl
EXTPAYLOAD-3d3488aedf93f4a879366fa7,classification_compaction_repair_generation_001_complete,artifacts/local_structured_external_data/whole_corpus_external_data_exhaustive_pipeline_2026-08-04/classified_observations/repair_generation_001/lanes/classification_lane_001/outcomes.jsonl
EXTPAYLOAD-3d3fa20b6c3e96aa0e754642,classification_compaction_repair_generation_001_complete,artifacts/local_structured_external_data/whole_corpus_external_data_exhaustive_pipeline_2026-08-04/classified_observations/repair_generation_001/lanes/classification_lane_001/outcomes.jsonl
EXTPAYLOAD-3d76d3c95b4453c5e3c45f4a,classification_compaction_repair_generation_001_complete,artifacts/local_structured_external_data/whole_corpus_external_data_exhaustive_pipeline_2026-08-04/classified_observations/repair_generation_001/lanes/classification_lane_001/outcomes.jsonl
EXTPAYLOAD-3d8ca7a2896197724fe6b4bd,classification_compaction_repair_generation_001_complete,artifacts/local_structured_external_data/whole_corpus_external_data_exhaustive_pipeline_2026-08-04/classified_observations/repair_generation_001/lanes/classification_lane_001/outcomes.jsonl
EXTPAYLOAD-3d91b28b9016a674432e6fb8,classification_compaction_repair_generation_001_complete,artifacts/local_structured_external_data/whole_corpus_external_data_exhaustive_pipeline_2026-08-04/classified_observations/repair_generation_001/lanes/classification_lane_001/outcomes.jsonl
EXTPAYLOAD-3d9fd9738a5b0fc3f7a60abb,classification_compaction_repair_generation_001_complete,artifacts/local_structured_external_data/whole_corpus_external_data_exhaustive_pipeline_2026-08-04/classified_observations/repair_generation_001/lanes/classification_lane_001/outcomes.jsonl
EXTPAYLOAD-3db11fcd9a62034fe1678997,classification_compaction_repair_generation_001_complete,artifacts/local_structured_external_data/whole_corpus_external_data_exhaustive_pipeline_2026-08-04/classified_observations/repair_generation_001/lanes/classification_lane_001/outcomes.jsonl
EXTPAYLOAD-3db4dfd8fd34a63715b40ac3,classification_compaction_repair_generation_001_complete,artifacts/local_structured_external_data/whole_corpus_external_data_exhaustive_pipeline_2026-08-04/classified_observations/repair_generation_001/lanes/classification_lane_001/outcomes.jsonl
EXTPAYLOAD-3dbd609785216c828686d25e,classification_compaction_repair_generation_001_complete,artifacts/local_structured_external_data/whole_corpus_external_data_exhaustive_pipeline_2026-08-04/classified_observations/repair_generation_001/lanes/classification_lane_001/outcomes.jsonl
EXTPAYLOAD-3dd125d61973caeed83c76b7,classification_compaction_repair_generation_001_complete,artifacts/local_structured_external_data/whole_corpus_external_data_exhaustive_pipeline_2026-08-04/classified_observations/repair_generation_001/lanes/classification_lane_001/outcomes.jsonl
EXTPAYLOAD-3dddf288dd9acd15037de0e2,classification_compaction_repair_generation_001_complete,artifacts/local_structured_external_data/whole_corpus_external_data_exhaustive_pipeline_2026-08-04/classified_observations/repair_generation_001/lanes/classification_lane_001/outcomes.jsonl
EXTPAYLOAD-3ddf1d56b8dc3f683e92d52e,classification_compaction_repair_generation_001_complete,artifacts/local_structured_external_data/whole_corpus_external_data_exhaustive_pipeline_2026-08-04/classified_observations/repair_generation_001/lanes/classification_lane_001/outcomes.jsonl
EXTPAYLOAD-3df455320e12261cdb30509b,classification_compaction_repair_generation_001_complete,artifacts/local_structured_external_data/whole_corpus_external_data_exhaustive_pipeline_2026-08-04/classified_observations/repair_generation_001/lanes/classification_lane_001/outcomes.jsonl
EXTPAYLOAD-3e49cc7b7c04a5c0c3dc672d,classification_compaction_repair_generation_001_complete,artifacts/local_structured_external_data/whole_corpus_external_data_exhaustive_pipeline_2026-08-04/classified_observations/repair_generation_001/lanes/classification_lane_001/outcomes.jsonl
EXTPAYLOAD-3e537dcaa0dc31ea38d63396,classification_compaction_repair_generation_001_complete,artifacts/local_structured_external_data/whole_corpus_external_data_exhaustive_pipeline_2026-08-04/classified_observations/repair_generation_001/lanes/classification_lane_001/outcomes.jsonl
EXTPAYLOAD-3e7c158abcc2ab6d60dd10d2,classification_compaction_repair_generation_001_complete,artifacts/local_structured_external_data/whole_corpus_external_data_exhaustive_pipeline_2026-08-04/classified_observations/repair_generation_001/lanes/classification_lane_001/outcomes.jsonl
EXTPAYLOAD-3e7c287e5ccf5749c590e018,classification_compaction_repair_generation_001_complete,artifacts/local_structured_external_data/whole_corpus_external_data_exhaustive_pipeline_2026-08-04/classified_observations/repair_generation_001/lanes/classification_lane_001/outcomes.jsonl
EXTPAYLOAD-3e7f162781a2339a215ff756,classification_compaction_repair_generation_001_complete,artifacts/local_structured_external_data/whole_corpus_external_data_exhaustive_pipeline_2026-08-04/classified_observations/repair_generation_001/lanes/classification_lane_001/outcomes.jsonl
EXTPAYLOAD-3ea3b2ba835f928e4379da8c,classification_compaction_repair_generation_001_complete,artifacts/local_structured_external_data/whole_corpus_external_data_exhaustive_pipeline_2026-08-04/classified_observations/repair_generation_001/lanes/classification_lane_001/outcomes.jsonl
EXTPAYLOAD-3eabd9828587de45c24befd7,classification_compaction_repair_generation_001_complete,artifacts/local_structured_external_data/whole_corpus_external_data_exhaustive_pipeline_2026-08-04/classified_observations/repair_generation_001/lanes/classification_lane_001/outcomes.jsonl
EXTPAYLOAD-3eb51e361c0ba405fef4c971,classification_compaction_repair_generation_001_complete,artifacts/local_structured_external_data/whole_corpus_external_data_exhaustive_pipeline_2026-08-04/classified_observations/repair_generation_001/lanes/classification_lane_001/outcomes.jsonl
EXTPAYLOAD-3eb80b258f5dcc1a577ebbe4,classification_compaction_repair_generation_001_complete,artifacts/local_structured_external_data/whole_corpus_external_data_exhaustive_pipeline_2026-08-04/classified_observations/repair_generation_001/lanes/classification_lane_001/outcomes.jsonl
EXTPAYLOAD-3ee9c7cbae697736d15925c6,classification_compaction_repair_generation_001_complete,artifacts/local_structured_external_data/whole_corpus_external_data_exhaustive_pipeline_2026-08-04/classified_observations/repair_generation_001/lanes/classification_lane_001/outcomes.jsonl
EXTPAYLOAD-3ef616a5cb2e63412c446767,classification_compaction_repair_generation_001_complete,artifacts/local_structured_external_data/whole_corpus_external_data_exhaustive_pipeline_2026-08-04/classified_observations/repair_generation_001/lanes/classification_lane_001/outcomes.jsonl
EXTPAYLOAD-3f1ebfea9b79509527eb61eb,classification_compaction_repair_generation_001_complete,artifacts/local_structured_external_data/whole_corpus_external_data_exhaustive_pipeline_2026-08-04/classified_observations/repair_generation_001/lanes/classification_lane_001/outcomes.jsonl
EXTPAYLOAD-3f5c9966eb62d8e1eda85428,classification_compaction_repair_generation_001_complete,artifacts/local_structured_external_data/whole_corpus_external_data_exhaustive_pipeline_2026-08-04/classified_observations/repair_generation_001/lanes/classification_lane_001/outcomes.jsonl
EXTPAYLOAD-3f736281b382f8b6ef52ff23,classification_compaction_repair_generation_001_complete,artifacts/local_structured_external_data/whole_corpus_external_data_exhaustive_pipeline_2026-08-04/classified_observations/repair_generation_001/lanes/classification_lane_001/outcomes.jsonl
EXTPAYLOAD-3fe154b6bfbe126827519e57,classification_compaction_repair_generation_001_complete,artifacts/local_structured_external_data/whole_corpus_external_data_exhaustive_pipeline_2026-08-04/classified_observations/repair_generation_001/lanes/classification_lane_001/outcomes.jsonl
EXTPAYLOAD-402da5bf86faeca151769427,classification_compaction_repair_generation_001_complete,artifacts/local_structured_external_data/whole_corpus_external_data_exhaustive_pipeline_2026-08-04/classified_observations/repair_generation_001/lanes/classification_lane_001/outcomes.jsonl
EXTPAYLOAD-402ee1e50483eb65cd0896e4,classification_compaction_repair_generation_001_complete,artifacts/local_structured_external_data/whole_corpus_external_data_exhaustive_pipeline_2026-08-04/classified_observations/repair_generation_001/lanes/classification_lane_001/outcomes.jsonl
EXTPAYLOAD-4033983d4676641312a08ff6,classification_compaction_repair_generation_001_complete,artifacts/local_structured_external_data/whole_corpus_external_data_exhaustive_pipeline_2026-08-04/classified_observations/repair_generation_001/lanes/classification_lane_001/outcomes.jsonl
EXTPAYLOAD-403e18baa7495e077b21867e,classification_compaction_repair_generation_001_complete,artifacts/local_structured_external_data/whole_corpus_external_data_exhaustive_pipeline_2026-08-04/classified_observations/repair_generation_001/lanes/classification_lane_001/outcomes.jsonl
EXTPAYLOAD-406f8b7ee955fdf5739e2af3,classification_compaction_repair_generation_001_complete,artifacts/local_structured_external_data/whole_corpus_external_data_exhaustive_pipeline_2026-08-04/classified_observations/repair_generation_001/lanes/classification_lane_001/outcomes.jsonl
EXTPAYLOAD-407250d6640da83404039bd2,classification_compaction_repair_generation_001_complete,artifacts/local_structured_external_data/whole_corpus_external_data_exhaustive_pipeline_2026-08-04/classified_observations/repair_generation_001/lanes/classification_lane_001/outcomes.jsonl
EXTPAYLOAD-407cadb1a5ccc70cd6196eb2,classification_compaction_repair_generation_001_complete,artifacts/local_structured_external_data/whole_corpus_external_data_exhaustive_pipeline_2026-08-04/classified_observations/repair_generation_001/lanes/classification_lane_001/outcomes.jsonl
EXTPAYLOAD-40a056a99503b8ba0bb3b063,classification_compaction_repair_generation_001_complete,artifacts/local_structured_external_data/whole_corpus_external_data_exhaustive_pipeline_2026-08-04/classified_observations/repair_generation_001/lanes/classification_lane_001/outcomes.jsonl
EXTPAYLOAD-40ab29e8cd0b4f457eec72ad,classification_compaction_repair_generation_001_complete,artifacts/local_structured_external_data/whole_corpus_external_data_exhaustive_pipeline_2026-08-04/classified_observations/repair_generation_001/lanes/classification_lane_001/outcomes.jsonl
EXTPAYLOAD-40b1ea574e05d59d4c46b69b,classification_compaction_repair_generation_001_complete,artifacts/local_structured_external_data/whole_corpus_external_data_exhaustive_pipeline_2026-08-04/classified_observations/repair_generation_001/lanes/classification_lane_001/outcomes.jsonl
EXTPAYLOAD-40c92fa5322c5c84c2025c8e,classification_compaction_repair_generation_001_complete,artifacts/local_structured_external_data/whole_corpus_external_data_exhaustive_pipeline_2026-08-04/classified_observations/repair_generation_001/lanes/classification_lane_001/outcomes.jsonl
EXTPAYLOAD-40db155f68811fec51d6f35e,classification_compaction_repair_generation_001_complete,artifacts/local_structured_external_data/whole_corpus_external_data_exhaustive_pipeline_2026-08-04/classified_observations/repair_generation_001/lanes/classification_lane_001/outcomes.jsonl
EXTPAYLOAD-4102703844404d98ef87d73f,classification_compaction_repair_generation_001_complete,artifacts/local_structured_external_data/whole_corpus_external_data_exhaustive_pipeline_2026-08-04/classified_observations/repair_generation_001/lanes/classification_lane_001/outcomes.jsonl
EXTPAYLOAD-410c60631116a7e097019e02,classification_compaction_repair_generation_001_complete,artifacts/local_structured_external_data/whole_corpus_external_data_exhaustive_pipeline_2026-08-04/classified_observations/repair_generation_001/lanes/classification_lane_001/outcomes.jsonl
EXTPAYLOAD-410dce62b35a45490600dd76,classification_compaction_repair_generation_001_complete,artifacts/local_structured_external_data/whole_corpus_external_data_exhaustive_pipeline_2026-08-04/classified_observations/repair_generation_001/lanes/classification_lane_001/outcomes.jsonl
EXTPAYLOAD-41340a491e15c493ff352c0d,classification_compaction_repair_generation_001_complete,artifacts/local_structured_external_data/whole_corpus_external_data_exhaustive_pipeline_2026-08-04/classified_observations/repair_generation_001/lanes/classification_lane_001/outcomes.jsonl
EXTPAYLOAD-415d267a71e62078ea453e79,classification_compaction_repair_generation_001_complete,artifacts/local_structured_external_data/whole_corpus_external_data_exhaustive_pipeline_2026-08-04/classified_observations/repair_generation_001/lanes/classification_lane_001/outcomes.jsonl
EXTPAYLOAD-416907cafd23fe5e4f4a11b9,classification_compaction_repair_generation_001_complete,artifacts/local_structured_external_data/whole_corpus_external_data_exhaustive_pipeline_2026-08-04/classified_observations/repair_generation_001/lanes/classification_lane_001/outcomes.jsonl
EXTPAYLOAD-417fa4d805be60c011743b5f,classification_compaction_repair_generation_001_complete,artifacts/local_structured_external_data/whole_corpus_external_data_exhaustive_pipeline_2026-08-04/classified_observations/repair_generation_001/lanes/classification_lane_001/outcomes.jsonl
EXTPAYLOAD-4183daf4b16d36bf50c838bb,classification_compaction_repair_generation_001_complete,artifacts/local_structured_external_data/whole_corpus_external_data_exhaustive_pipeline_2026-08-04/classified_observations/repair_generation_001/lanes/classification_lane_001/outcomes.jsonl
EXTPAYLOAD-4191a919ca10ac2a14b01f9d,classification_compaction_repair_generation_001_complete,artifacts/local_structured_external_data/whole_corpus_external_data_exhaustive_pipeline_2026-08-04/classified_observations/repair_generation_001/lanes/classification_lane_001/outcomes.jsonl
EXTPAYLOAD-41b09a8c3e31b204f928a3d3,classification_compaction_repair_generation_001_complete,artifacts/local_structured_external_data/whole_corpus_external_data_exhaustive_pipeline_2026-08-04/classified_observations/repair_generation_001/lanes/classification_lane_001/outcomes.jsonl
EXTPAYLOAD-41cf3bd323f526f0cf9a2b5e,classification_compaction_repair_generation_001_complete,artifacts/local_structured_external_data/whole_corpus_external_data_exhaustive_pipeline_2026-08-04/classified_observations/repair_generation_001/lanes/classification_lane_001/outcomes.jsonl
EXTPAYLOAD-41d1a294a9ebe7ceee1a8f76,classification_compaction_repair_generation_001_complete,artifacts/local_structured_external_data/whole_corpus_external_data_exhaustive_pipeline_2026-08-04/classified_observations/repair_generation_001/lanes/classification_lane_001/outcomes.jsonl
EXTPAYLOAD-41e0dd826cd2b37b2b7fbec6,classification_compaction_repair_generation_001_complete,artifacts/local_structured_external_data/whole_corpus_external_data_exhaustive_pipeline_2026-08-04/classified_observations/repair_generation_001/lanes/classification_lane_001/outcomes.jsonl
EXTPAYLOAD-41e33da85f8bf3f105cb9466,classification_compaction_repair_generation_001_complete,artifacts/local_structured_external_data/whole_corpus_external_data_exhaustive_pipeline_2026-08-04/classified_observations/repair_generation_001/lanes/classification_lane_001/outcomes.jsonl
EXTPAYLOAD-4228468b08c4845c5c62eea6,classification_compaction_repair_generation_001_complete,artifacts/local_structured_external_data/whole_corpus_external_data_exhaustive_pipeline_2026-08-04/classified_observations/repair_generation_001/lanes/classification_lane_001/outcomes.jsonl
EXTPAYLOAD-4243d967e17ac07fd2e75086,classification_compaction_repair_generation_001_complete,artifacts/local_structured_external_data/whole_corpus_external_data_exhaustive_pipeline_2026-08-04/classified_observations/repair_generation_001/lanes/classification_lane_001/outcomes.jsonl
EXTPAYLOAD-4250c108787c73f5596c4543,classification_compaction_repair_generation_001_complete,artifacts/local_structured_external_data/whole_corpus_external_data_exhaustive_pipeline_2026-08-04/classified_observations/repair_generation_001/lanes/classification_lane_001/outcomes.jsonl
EXTPAYLOAD-42563a4ceabbe814b8ed58ab,classification_compaction_repair_generation_001_complete,artifacts/local_structured_external_data/whole_corpus_external_data_exhaustive_pipeline_2026-08-04/classified_observations/repair_generation_001/lanes/classification_lane_001/outcomes.jsonl
EXTPAYLOAD-427f53a0d7d503f1d65d271b,classification_compaction_repair_generation_001_complete,artifacts/local_structured_external_data/whole_corpus_external_data_exhaustive_pipeline_2026-08-04/classified_observations/repair_generation_001/lanes/classification_lane_001/outcomes.jsonl
EXTPAYLOAD-428647d36ba09b222a5ae31d,classification_compaction_repair_generation_001_complete,artifacts/local_structured_external_data/whole_corpus_external_data_exhaustive_pipeline_2026-08-04/classified_observations/repair_generation_001/lanes/classification_lane_001/outcomes.jsonl
EXTPAYLOAD-4289f004473e44857bf52995,classification_compaction_repair_generation_001_complete,artifacts/local_structured_external_data/whole_corpus_external_data_exhaustive_pipeline_2026-08-04/classified_observations/repair_generation_001/lanes/classification_lane_001/outcomes.jsonl
EXTPAYLOAD-42aa78be63ae95b627a05fd3,classification_compaction_repair_generation_001_complete,artifacts/local_structured_external_data/whole_corpus_external_data_exhaustive_pipeline_2026-08-04/classified_observations/repair_generation_001/lanes/classification_lane_001/outcomes.jsonl
EXTPAYLOAD-42c1fb97474bbc65fbe8d249,classification_compaction_repair_generation_001_complete,artifacts/local_structured_external_data/whole_corpus_external_data_exhaustive_pipeline_2026-08-04/classified_observations/repair_generation_001/lanes/classification_lane_001/outcomes.jsonl
EXTPAYLOAD-42c52d61cd2eba99cc563c59,classification_compaction_repair_generation_001_complete,artifacts/local_structured_external_data/whole_corpus_external_data_exhaustive_pipeline_2026-08-04/classified_observations/repair_generation_001/lanes/classification_lane_001/outcomes.jsonl
EXTPAYLOAD-42c62bb52bb75d27e6c33f6b,classification_compaction_repair_generation_001_complete,artifacts/local_structured_external_data/whole_corpus_external_data_exhaustive_pipeline_2026-08-04/classified_observations/repair_generation_001/lanes/classification_lane_001/outcomes.jsonl
EXTPAYLOAD-42ebe09bbd291668fbeb2c8b,classification_compaction_repair_generation_001_complete,artifacts/local_structured_external_data/whole_corpus_external_data_exhaustive_pipeline_2026-08-04/classified_observations/repair_generation_001/lanes/classification_lane_001/outcomes.jsonl
EXTPAYLOAD-430516eedd564dc1600c0fa8,classification_compaction_repair_generation_001_complete,artifacts/local_structured_external_data/whole_corpus_external_data_exhaustive_pipeline_2026-08-04/classified_observations/repair_generation_001/lanes/classification_lane_001/outcomes.jsonl
EXTPAYLOAD-4326e2270235e3f5479a06a1,classification_compaction_repair_generation_001_complete,artifacts/local_structured_external_data/whole_corpus_external_data_exhaustive_pipeline_2026-08-04/classified_observations/repair_generation_001/lanes/classification_lane_001/outcomes.jsonl
EXTPAYLOAD-433634fd7d28ee1e84fc9720,classification_compaction_repair_generation_001_complete,artifacts/local_structured_external_data/whole_corpus_external_data_exhaustive_pipeline_2026-08-04/classified_observations/repair_generation_001/lanes/classification_lane_001/outcomes.jsonl
EXTPAYLOAD-4343ed6337cf28890afd0046,classification_compaction_repair_generation_001_complete,artifacts/local_structured_external_data/whole_corpus_external_data_exhaustive_pipeline_2026-08-04/classified_observations/repair_generation_001/lanes/classification_lane_001/outcomes.jsonl
EXTPAYLOAD-43456b0afadb407fe7e8cc00,classification_compaction_repair_generation_001_complete,artifacts/local_structured_external_data/whole_corpus_external_data_exhaustive_pipeline_2026-08-04/classified_observations/repair_generation_001/lanes/classification_lane_001/outcomes.jsonl
EXTPAYLOAD-4359bfc81b1e4f44ce8eea0a,classification_compaction_repair_generation_001_complete,artifacts/local_structured_external_data/whole_corpus_external_data_exhaustive_pipeline_2026-08-04/classified_observations/repair_generation_001/lanes/classification_lane_001/outcomes.jsonl
EXTPAYLOAD-43e06e57419edbb75806af8e,classification_compaction_repair_generation_001_complete,artifacts/local_structured_external_data/whole_corpus_external_data_exhaustive_pipeline_2026-08-04/classified_observations/repair_generation_001/lanes/classification_lane_001/outcomes.jsonl
EXTPAYLOAD-4402ffce8374664db0923feb,classification_compaction_repair_generation_001_complete,artifacts/local_structured_external_data/whole_corpus_external_data_exhaustive_pipeline_2026-08-04/classified_observations/repair_generation_001/lanes/classification_lane_001/outcomes.jsonl
EXTPAYLOAD-4403da3a667ddda94957b0cd,classification_compaction_repair_generation_001_complete,artifacts/local_structured_external_data/whole_corpus_external_data_exhaustive_pipeline_2026-08-04/classified_observations/repair_generation_001/lanes/classification_lane_001/outcomes.jsonl
EXTPAYLOAD-4428c7b01a85d09293dea497,classification_compaction_repair_generation_001_complete,artifacts/local_structured_external_data/whole_corpus_external_data_exhaustive_pipeline_2026-08-04/classified_observations/repair_generation_001/lanes/classification_lane_001/outcomes.jsonl
EXTPAYLOAD-443c9ce201fad365007b3a17,classification_compaction_repair_generation_001_complete,artifacts/local_structured_external_data/whole_corpus_external_data_exhaustive_pipeline_2026-08-04/classified_observations/repair_generation_001/lanes/classification_lane_001/outcomes.jsonl
EXTPAYLOAD-44419ba0fa0e8be1d50c1483,classification_compaction_repair_generation_001_complete,artifacts/local_structured_external_data/whole_corpus_external_data_exhaustive_pipeline_2026-08-04/classified_observations/repair_generation_001/lanes/classification_lane_001/outcomes.jsonl
EXTPAYLOAD-444929af23a801195aa0dc1a,classification_compaction_repair_generation_001_complete,artifacts/local_structured_external_data/whole_corpus_external_data_exhaustive_pipeline_2026-08-04/classified_observations/repair_generation_001/lanes/classification_lane_001/outcomes.jsonl
EXTPAYLOAD-444a7ad8ad55a787762aecc4,classification_compaction_repair_generation_001_complete,artifacts/local_structured_external_data/whole_corpus_external_data_exhaustive_pipeline_2026-08-04/classified_observations/repair_generation_001/lanes/classification_lane_001/outcomes.jsonl
EXTPAYLOAD-44872dfddae6ae17407f08fc,classification_compaction_repair_generation_001_complete,artifacts/local_structured_external_data/whole_corpus_external_data_exhaustive_pipeline_2026-08-04/classified_observations/repair_generation_001/lanes/classification_lane_001/outcomes.jsonl
EXTPAYLOAD-4494e795e0e44a80d6538eb6,classification_compaction_repair_generation_001_complete,artifacts/local_structured_external_data/whole_corpus_external_data_exhaustive_pipeline_2026-08-04/classified_observations/repair_generation_001/lanes/classification_lane_001/outcomes.jsonl
EXTPAYLOAD-44a579b9d9c078721d1bcc3a,classification_compaction_repair_generation_001_complete,artifacts/local_structured_external_data/whole_corpus_external_data_exhaustive_pipeline_2026-08-04/classified_observations/repair_generation_001/lanes/classification_lane_001/outcomes.jsonl
EXTPAYLOAD-44adfca8e7423708e8280451,classification_compaction_repair_generation_001_complete,artifacts/local_structured_external_data/whole_corpus_external_data_exhaustive_pipeline_2026-08-04/classified_observations/repair_generation_001/lanes/classification_lane_001/outcomes.jsonl
EXTPAYLOAD-44b46e54baf06047bad6cc2e,classification_compaction_repair_generation_001_complete,artifacts/local_structured_external_data/whole_corpus_external_data_exhaustive_pipeline_2026-08-04/classified_observations/repair_generation_001/lanes/classification_lane_001/outcomes.jsonl
EXTPAYLOAD-44c0c1d7ab5367125c785fd3,classification_compaction_repair_generation_001_complete,artifacts/local_structured_external_data/whole_corpus_external_data_exhaustive_pipeline_2026-08-04/classified_observations/repair_generation_001/lanes/classification_lane_001/outcomes.jsonl
EXTPAYLOAD-44ce23a037475b58bdcc0c01,classification_compaction_repair_generation_001_complete,artifacts/local_structured_external_data/whole_corpus_external_data_exhaustive_pipeline_2026-08-04/classified_observations/repair_generation_001/lanes/classification_lane_001/outcomes.jsonl
EXTPAYLOAD-44e8d753e6d2aac1be241cd1,classification_compaction_repair_generation_001_complete,artifacts/local_structured_external_data/whole_corpus_external_data_exhaustive_pipeline_2026-08-04/classified_observations/repair_generation_001/lanes/classification_lane_001/outcomes.jsonl
EXTPAYLOAD-45061989bf34f3a336be47cd,classification_compaction_repair_generation_001_complete,artifacts/local_structured_external_data/whole_corpus_external_data_exhaustive_pipeline_2026-08-04/classified_observations/repair_generation_001/lanes/classification_lane_001/outcomes.jsonl
EXTPAYLOAD-4519eca9b9928d6e68f3868d,classification_compaction_repair_generation_001_complete,artifacts/local_structured_external_data/whole_corpus_external_data_exhaustive_pipeline_2026-08-04/classified_observations/repair_generation_001/lanes/classification_lane_001/outcomes.jsonl
EXTPAYLOAD-4521f9fe866fc0118719de49,classification_compaction_repair_generation_001_complete,artifacts/local_structured_external_data/whole_corpus_external_data_exhaustive_pipeline_2026-08-04/classified_observations/repair_generation_001/lanes/classification_lane_001/outcomes.jsonl
EXTPAYLOAD-453babfd687bdc457e78f4f0,classification_compaction_repair_generation_001_complete,artifacts/local_structured_external_data/whole_corpus_external_data_exhaustive_pipeline_2026-08-04/classified_observations/repair_generation_001/lanes/classification_lane_001/outcomes.jsonl
EXTPAYLOAD-454276d6a379f78942bb95d4,classification_compaction_repair_generation_001_complete,artifacts/local_structured_external_data/whole_corpus_external_data_exhaustive_pipeline_2026-08-04/classified_observations/repair_generation_001/lanes/classification_lane_001/outcomes.jsonl
EXTPAYLOAD-45634f3f2d7a88234fe634f6,classification_compaction_repair_generation_001_complete,artifacts/local_structured_external_data/whole_corpus_external_data_exhaustive_pipeline_2026-08-04/classified_observations/repair_generation_001/lanes/classification_lane_001/outcomes.jsonl
EXTPAYLOAD-4578d92b770070264fca495d,classification_compaction_repair_generation_001_complete,artifacts/local_structured_external_data/whole_corpus_external_data_exhaustive_pipeline_2026-08-04/classified_observations/repair_generation_001/lanes/classification_lane_001/outcomes.jsonl
EXTPAYLOAD-4586b2e3a65bc59f3c055cea,classification_compaction_repair_generation_001_complete,artifacts/local_structured_external_data/whole_corpus_external_data_exhaustive_pipeline_2026-08-04/classified_observations/repair_generation_001/lanes/classification_lane_001/outcomes.jsonl
EXTPAYLOAD-4591e452fefcc1ebc60f44f4,classification_compaction_repair_generation_001_complete,artifacts/local_structured_external_data/whole_corpus_external_data_exhaustive_pipeline_2026-08-04/classified_observations/repair_generation_001/lanes/classification_lane_001/outcomes.jsonl
EXTPAYLOAD-45947f38f231f5e97798a16b,classification_compaction_repair_generation_001_complete,artifacts/local_structured_external_data/whole_corpus_external_data_exhaustive_pipeline_2026-08-04/classified_observations/repair_generation_001/lanes/classification_lane_001/outcomes.jsonl
EXTPAYLOAD-45d642f69b3d2000a84acdfa,classification_compaction_repair_generation_001_complete,artifacts/local_structured_external_data/whole_corpus_external_data_exhaustive_pipeline_2026-08-04/classified_observations/repair_generation_001/lanes/classification_lane_001/outcomes.jsonl
EXTPAYLOAD-45e36e3ea043c6b16ff82e2d,classification_compaction_repair_generation_001_complete,artifacts/local_structured_external_data/whole_corpus_external_data_exhaustive_pipeline_2026-08-04/classified_observations/repair_generation_001/lanes/classification_lane_001/outcomes.jsonl
EXTPAYLOAD-45fe4ba65d6b1eacbaf9822c,classification_compaction_repair_generation_001_complete,artifacts/local_structured_external_data/whole_corpus_external_data_exhaustive_pipeline_2026-08-04/classified_observations/repair_generation_001/lanes/classification_lane_001/outcomes.jsonl
EXTPAYLOAD-4614ca10593de441b2c7eb2d,classification_compaction_repair_generation_001_complete,artifacts/local_structured_external_data/whole_corpus_external_data_exhaustive_pipeline_2026-08-04/classified_observations/repair_generation_001/lanes/classification_lane_001/outcomes.jsonl
EXTPAYLOAD-4635b111fb3b1b144f1c14bc,classification_compaction_repair_generation_001_complete,artifacts/local_structured_external_data/whole_corpus_external_data_exhaustive_pipeline_2026-08-04/classified_observations/repair_generation_001/lanes/classification_lane_001/outcomes.jsonl
EXTPAYLOAD-46d848ed7d6295fd9542b4c2,classification_compaction_repair_generation_001_complete,artifacts/local_structured_external_data/whole_corpus_external_data_exhaustive_pipeline_2026-08-04/classified_observations/repair_generation_001/lanes/classification_lane_001/outcomes.jsonl
EXTPAYLOAD-46e0caa8967240c4b535d868,classification_compaction_repair_generation_001_complete,artifacts/local_structured_external_data/whole_corpus_external_data_exhaustive_pipeline_2026-08-04/classified_observations/repair_generation_001/lanes/classification_lane_001/outcomes.jsonl
EXTPAYLOAD-46e144dcb1d000cd279e4912,classification_compaction_repair_generation_001_complete,artifacts/local_structured_external_data/whole_corpus_external_data_exhaustive_pipeline_2026-08-04/classified_observations/repair_generation_001/lanes/classification_lane_001/outcomes.jsonl
EXTPAYLOAD-46e2ce1f8050d78ff5f5bab6,classification_compaction_repair_generation_001_complete,artifacts/local_structured_external_data/whole_corpus_external_data_exhaustive_pipeline_2026-08-04/classified_observations/repair_generation_001/lanes/classification_lane_001/outcomes.jsonl
EXTPAYLOAD-46eb79ac219a47efb8ec065d,classification_compaction_repair_generation_001_complete,artifacts/local_structured_external_data/whole_corpus_external_data_exhaustive_pipeline_2026-08-04/classified_observations/repair_generation_001/lanes/classification_lane_001/outcomes.jsonl
EXTPAYLOAD-46f1dd1e5a96203c6c78d428,classification_compaction_repair_generation_001_complete,artifacts/local_structured_external_data/whole_corpus_external_data_exhaustive_pipeline_2026-08-04/classified_observations/repair_generation_001/lanes/classification_lane_001/outcomes.jsonl
EXTPAYLOAD-47012de1584672dbfc97e57f,classification_compaction_repair_generation_001_complete,artifacts/local_structured_external_data/whole_corpus_external_data_exhaustive_pipeline_2026-08-04/classified_observations/repair_generation_001/lanes/classification_lane_001/outcomes.jsonl
EXTPAYLOAD-47052cefcb002da964d1cd98,classification_compaction_repair_generation_001_complete,artifacts/local_structured_external_data/whole_corpus_external_data_exhaustive_pipeline_2026-08-04/classified_observations/repair_generation_001/lanes/classification_lane_001/outcomes.jsonl
EXTPAYLOAD-4726737358947538ebec9462,classification_compaction_repair_generation_001_complete,artifacts/local_structured_external_data/whole_corpus_external_data_exhaustive_pipeline_2026-08-04/classified_observations/repair_generation_001/lanes/classification_lane_001/outcomes.jsonl
EXTPAYLOAD-476ae6a1e3d42a6eeac25b76,classification_compaction_repair_generation_001_complete,artifacts/local_structured_external_data/whole_corpus_external_data_exhaustive_pipeline_2026-08-04/classified_observations/repair_generation_001/lanes/classification_lane_001/outcomes.jsonl
EXTPAYLOAD-479c8bfc1a07ab315686c199,classification_compaction_repair_generation_001_complete,artifacts/local_structured_external_data/whole_corpus_external_data_exhaustive_pipeline_2026-08-04/classified_observations/repair_generation_001/lanes/classification_lane_001/outcomes.jsonl
EXTPAYLOAD-47a01799492828346dc41b1b,classification_compaction_repair_generation_001_complete,artifacts/local_structured_external_data/whole_corpus_external_data_exhaustive_pipeline_2026-08-04/classified_observations/repair_generation_001/lanes/classification_lane_001/outcomes.jsonl
EXTPAYLOAD-47bf8c406c7104777e7d534d,classification_compaction_repair_generation_001_complete,artifacts/local_structured_external_data/whole_corpus_external_data_exhaustive_pipeline_2026-08-04/classified_observations/repair_generation_001/lanes/classification_lane_001/outcomes.jsonl
EXTPAYLOAD-47c8ca5dab7db3faaddf1718,classification_compaction_repair_generation_001_complete,artifacts/local_structured_external_data/whole_corpus_external_data_exhaustive_pipeline_2026-08-04/classified_observations/repair_generation_001/lanes/classification_lane_001/outcomes.jsonl
EXTPAYLOAD-47d737292ac0276877c87a9d,classification_compaction_repair_generation_001_complete,artifacts/local_structured_external_data/whole_corpus_external_data_exhaustive_pipeline_2026-08-04/classified_observations/repair_generation_001/lanes/classification_lane_001/outcomes.jsonl
EXTPAYLOAD-47d808ae2c48ff4c0ac77f2c,classification_compaction_repair_generation_001_complete,artifacts/local_structured_external_data/whole_corpus_external_data_exhaustive_pipeline_2026-08-04/classified_observations/repair_generation_001/lanes/classification_lane_001/outcomes.jsonl
EXTPAYLOAD-47d90ead79d318f901fd69fc,classification_compaction_repair_generation_001_complete,artifacts/local_structured_external_data/whole_corpus_external_data_exhaustive_pipeline_2026-08-04/classified_observations/repair_generation_001/lanes/classification_lane_001/outcomes.jsonl
EXTPAYLOAD-47de78c2a6cfb019d9652526,classification_compaction_repair_generation_001_complete,artifacts/local_structured_external_data/whole_corpus_external_data_exhaustive_pipeline_2026-08-04/classified_observations/repair_generation_001/lanes/classification_lane_001/outcomes.jsonl
EXTPAYLOAD-48030bc58ccc440eb6fa7298,classification_compaction_repair_generation_001_complete,artifacts/local_structured_external_data/whole_corpus_external_data_exhaustive_pipeline_2026-08-04/classified_observations/repair_generation_001/lanes/classification_lane_001/outcomes.jsonl
EXTPAYLOAD-48088bba6b7738fccba629c2,classification_compaction_repair_generation_001_complete,artifacts/local_structured_external_data/whole_corpus_external_data_exhaustive_pipeline_2026-08-04/classified_observations/repair_generation_001/lanes/classification_lane_001/outcomes.jsonl
EXTPAYLOAD-481aa14c253b2c16c01ff42d,classification_compaction_repair_generation_001_complete,artifacts/local_structured_external_data/whole_corpus_external_data_exhaustive_pipeline_2026-08-04/classified_observations/repair_generation_001/lanes/classification_lane_001/outcomes.jsonl
EXTPAYLOAD-481b3215f88a7a527e6ac99e,classification_compaction_repair_generation_001_complete,artifacts/local_structured_external_data/whole_corpus_external_data_exhaustive_pipeline_2026-08-04/classified_observations/repair_generation_001/lanes/classification_lane_001/outcomes.jsonl
EXTPAYLOAD-483bf4a712a5db3fe6f59e26,classification_compaction_repair_generation_001_complete,artifacts/local_structured_external_data/whole_corpus_external_data_exhaustive_pipeline_2026-08-04/classified_observations/repair_generation_001/lanes/classification_lane_001/outcomes.jsonl
EXTPAYLOAD-4878089dd324477f1ef074f6,classification_compaction_repair_generation_001_complete,artifacts/local_structured_external_data/whole_corpus_external_data_exhaustive_pipeline_2026-08-04/classified_observations/repair_generation_001/lanes/classification_lane_001/outcomes.jsonl
EXTPAYLOAD-48bb76cc2b3074b77632d108,classification_compaction_repair_generation_001_complete,artifacts/local_structured_external_data/whole_corpus_external_data_exhaustive_pipeline_2026-08-04/classified_observations/repair_generation_001/lanes/classification_lane_001/outcomes.jsonl
EXTPAYLOAD-48cdbb4ddde5c7f0af0e6cdc,classification_compaction_repair_generation_001_complete,artifacts/local_structured_external_data/whole_corpus_external_data_exhaustive_pipeline_2026-08-04/classified_observations/repair_generation_001/lanes/classification_lane_001/outcomes.jsonl
EXTPAYLOAD-48db5894635e05619f01993b,classification_compaction_repair_generation_001_complete,artifacts/local_structured_external_data/whole_corpus_external_data_exhaustive_pipeline_2026-08-04/classified_observations/repair_generation_001/lanes/classification_lane_001/outcomes.jsonl
EXTPAYLOAD-48e6e8fc7d849d337e7a7ef7,classification_compaction_repair_generation_001_complete,artifacts/local_structured_external_data/whole_corpus_external_data_exhaustive_pipeline_2026-08-04/classified_observations/repair_generation_001/lanes/classification_lane_001/outcomes.jsonl
EXTPAYLOAD-48e9ee513d015ac0827d4633,classification_compaction_repair_generation_001_complete,artifacts/local_structured_external_data/whole_corpus_external_data_exhaustive_pipeline_2026-08-04/classified_observations/repair_generation_001/lanes/classification_lane_001/outcomes.jsonl
EXTPAYLOAD-48fa74115d63d626fe1e66fa,classification_compaction_repair_generation_001_complete,artifacts/local_structured_external_data/whole_corpus_external_data_exhaustive_pipeline_2026-08-04/classified_observations/repair_generation_001/lanes/classification_lane_001/outcomes.jsonl
EXTPAYLOAD-48faa19d7ebb267f85613c48,classification_compaction_repair_generation_001_complete,artifacts/local_structured_external_data/whole_corpus_external_data_exhaustive_pipeline_2026-08-04/classified_observations/repair_generation_001/lanes/classification_lane_001/outcomes.jsonl
EXTPAYLOAD-4903bbb76f3c65042adbe796,classification_compaction_repair_generation_001_complete,artifacts/local_structured_external_data/whole_corpus_external_data_exhaustive_pipeline_2026-08-04/classified_observations/repair_generation_001/lanes/classification_lane_001/outcomes.jsonl
EXTPAYLOAD-490b1c2516c4b412a7b04dac,classification_compaction_repair_generation_001_complete,artifacts/local_structured_external_data/whole_corpus_external_data_exhaustive_pipeline_2026-08-04/classified_observations/repair_generation_001/lanes/classification_lane_001/outcomes.jsonl
EXTPAYLOAD-4918104fa3404451d8ded05f,classification_compaction_repair_generation_001_complete,artifacts/local_structured_external_data/whole_corpus_external_data_exhaustive_pipeline_2026-08-04/classified_observations/repair_generation_001/lanes/classification_lane_001/outcomes.jsonl
EXTPAYLOAD-495941ba8d8770910a24e85f,classification_compaction_repair_generation_001_complete,artifacts/local_structured_external_data/whole_corpus_external_data_exhaustive_pipeline_2026-08-04/classified_observations/repair_generation_001/lanes/classification_lane_001/outcomes.jsonl
EXTPAYLOAD-496dc8411d1305f9bad5c2e8,classification_compaction_repair_generation_001_complete,artifacts/local_structured_external_data/whole_corpus_external_data_exhaustive_pipeline_2026-08-04/classified_observations/repair_generation_001/lanes/classification_lane_001/outcomes.jsonl
EXTPAYLOAD-49990c0afb733887cb375622,classification_compaction_repair_generation_001_complete,artifacts/local_structured_external_data/whole_corpus_external_data_exhaustive_pipeline_2026-08-04/classified_observations/repair_generation_001/lanes/classification_lane_001/outcomes.jsonl
EXTPAYLOAD-49acb85b22a8e524ac17c231,classification_compaction_repair_generation_001_complete,artifacts/local_structured_external_data/whole_corpus_external_data_exhaustive_pipeline_2026-08-04/classified_observations/repair_generation_001/lanes/classification_lane_001/outcomes.jsonl
EXTPAYLOAD-4a3f764cb6383e6d8a209a3b,classification_compaction_repair_generation_001_complete,artifacts/local_structured_external_data/whole_corpus_external_data_exhaustive_pipeline_2026-08-04/classified_observations/repair_generation_001/lanes/classification_lane_001/outcomes.jsonl
EXTPAYLOAD-4a42166c2c78577f2ef0d109,classification_compaction_repair_generation_001_complete,artifacts/local_structured_external_data/whole_corpus_external_data_exhaustive_pipeline_2026-08-04/classified_observations/repair_generation_001/lanes/classification_lane_001/outcomes.jsonl
EXTPAYLOAD-4a51095fc260fac38999b1ae,classification_compaction_repair_generation_001_complete,artifacts/local_structured_external_data/whole_corpus_external_data_exhaustive_pipeline_2026-08-04/classified_observations/repair_generation_001/lanes/classification_lane_001/outcomes.jsonl
EXTPAYLOAD-4a7592c4ec4f956d245d7769,classification_compaction_repair_generation_001_complete,artifacts/local_structured_external_data/whole_corpus_external_data_exhaustive_pipeline_2026-08-04/classified_observations/repair_generation_001/lanes/classification_lane_001/outcomes.jsonl
EXTPAYLOAD-4a760f9a36717666cec461e5,classification_compaction_repair_generation_001_complete,artifacts/local_structured_external_data/whole_corpus_external_data_exhaustive_pipeline_2026-08-04/classified_observations/repair_generation_001/lanes/classification_lane_001/outcomes.jsonl
EXTPAYLOAD-4a772f57f97c7e8677ef29a9,classification_compaction_repair_generation_001_complete,artifacts/local_structured_external_data/whole_corpus_external_data_exhaustive_pipeline_2026-08-04/classified_observations/repair_generation_001/lanes/classification_lane_001/outcomes.jsonl
EXTPAYLOAD-4a79de1395faf45826dafc32,classification_compaction_repair_generation_001_complete,artifacts/local_structured_external_data/whole_corpus_external_data_exhaustive_pipeline_2026-08-04/classified_observations/repair_generation_001/lanes/classification_lane_001/outcomes.jsonl
EXTPAYLOAD-4aa9577d334c82d47f2719c7,classification_compaction_repair_generation_001_complete,artifacts/local_structured_external_data/whole_corpus_external_data_exhaustive_pipeline_2026-08-04/classified_observations/repair_generation_001/lanes/classification_lane_001/outcomes.jsonl
EXTPAYLOAD-4ab5d29a01152815fb0c348e,classification_compaction_repair_generation_001_complete,artifacts/local_structured_external_data/whole_corpus_external_data_exhaustive_pipeline_2026-08-04/classified_observations/repair_generation_001/lanes/classification_lane_001/outcomes.jsonl
EXTPAYLOAD-4ab671d27d3bb60e783d4007,classification_compaction_repair_generation_001_complete,artifacts/local_structured_external_data/whole_corpus_external_data_exhaustive_pipeline_2026-08-04/classified_observations/repair_generation_001/lanes/classification_lane_001/outcomes.jsonl
EXTPAYLOAD-4ae381bee0b2cc3ef9c51a94,classification_compaction_repair_generation_001_complete,artifacts/local_structured_external_data/whole_corpus_external_data_exhaustive_pipeline_2026-08-04/classified_observations/repair_generation_001/lanes/classification_lane_001/outcomes.jsonl
EXTPAYLOAD-4aea9f999f1f8e5be8dcc2f8,classification_compaction_repair_generation_001_complete,artifacts/local_structured_external_data/whole_corpus_external_data_exhaustive_pipeline_2026-08-04/classified_observations/repair_generation_001/lanes/classification_lane_001/outcomes.jsonl
EXTPAYLOAD-4af2501cc83e05378921bdc6,classification_compaction_repair_generation_001_complete,artifacts/local_structured_external_data/whole_corpus_external_data_exhaustive_pipeline_2026-08-04/classified_observations/repair_generation_001/lanes/classification_lane_001/outcomes.jsonl
EXTPAYLOAD-4af40ad780602c5dd348b630,classification_compaction_repair_generation_001_complete,artifacts/local_structured_external_data/whole_corpus_external_data_exhaustive_pipeline_2026-08-04/classified_observations/repair_generation_001/lanes/classification_lane_001/outcomes.jsonl
EXTPAYLOAD-4af6ee4d2638cc171cc9ac75,classification_compaction_repair_generation_001_complete,artifacts/local_structured_external_data/whole_corpus_external_data_exhaustive_pipeline_2026-08-04/classified_observations/repair_generation_001/lanes/classification_lane_001/outcomes.jsonl
EXTPAYLOAD-4af94c4c566b0d486737eb1a,classification_compaction_repair_generation_001_complete,artifacts/local_structured_external_data/whole_corpus_external_data_exhaustive_pipeline_2026-08-04/classified_observations/repair_generation_001/lanes/classification_lane_001/outcomes.jsonl
EXTPAYLOAD-4b0aaaec85bf7ae4e08b8b20,classification_compaction_repair_generation_001_complete,artifacts/local_structured_external_data/whole_corpus_external_data_exhaustive_pipeline_2026-08-04/classified_observations/repair_generation_001/lanes/classification_lane_001/outcomes.jsonl
EXTPAYLOAD-4b17c7489a7edd2338519603,classification_compaction_repair_generation_001_complete,artifacts/local_structured_external_data/whole_corpus_external_data_exhaustive_pipeline_2026-08-04/classified_observations/repair_generation_001/lanes/classification_lane_001/outcomes.jsonl
EXTPAYLOAD-4b225b8ee647cdf9887508ed,classification_compaction_repair_generation_001_complete,artifacts/local_structured_external_data/whole_corpus_external_data_exhaustive_pipeline_2026-08-04/classified_observations/repair_generation_001/lanes/classification_lane_001/outcomes.jsonl
EXTPAYLOAD-4b2298844870c6f19eb4645f,classification_compaction_repair_generation_001_complete,artifacts/local_structured_external_data/whole_corpus_external_data_exhaustive_pipeline_2026-08-04/classified_observations/repair_generation_001/lanes/classification_lane_001/outcomes.jsonl
EXTPAYLOAD-4b35bb4be60870aacdd30fb8,classification_compaction_repair_generation_001_complete,artifacts/local_structured_external_data/whole_corpus_external_data_exhaustive_pipeline_2026-08-04/classified_observations/repair_generation_001/lanes/classification_lane_001/outcomes.jsonl
EXTPAYLOAD-4b3e9f1c482d46b5a5f08da2,classification_compaction_repair_generation_001_complete,artifacts/local_structured_external_data/whole_corpus_external_data_exhaustive_pipeline_2026-08-04/classified_observations/repair_generation_001/lanes/classification_lane_001/outcomes.jsonl
EXTPAYLOAD-4b4e2873ec18190fa170a50c,classification_compaction_repair_generation_001_complete,artifacts/local_structured_external_data/whole_corpus_external_data_exhaustive_pipeline_2026-08-04/classified_observations/repair_generation_001/lanes/classification_lane_001/outcomes.jsonl
EXTPAYLOAD-4b589cc0cce99a48cef64842,classification_compaction_repair_generation_001_complete,artifacts/local_structured_external_data/whole_corpus_external_data_exhaustive_pipeline_2026-08-04/classified_observations/repair_generation_001/lanes/classification_lane_001/outcomes.jsonl
EXTPAYLOAD-4b61a0555a13a755a74a437f,classification_compaction_repair_generation_001_complete,artifacts/local_structured_external_data/whole_corpus_external_data_exhaustive_pipeline_2026-08-04/classified_observations/repair_generation_001/lanes/classification_lane_001/outcomes.jsonl
EXTPAYLOAD-4b75f1bf49bfec8eef740634,classification_compaction_repair_generation_001_complete,artifacts/local_structured_external_data/whole_corpus_external_data_exhaustive_pipeline_2026-08-04/classified_observations/repair_generation_001/lanes/classification_lane_001/outcomes.jsonl
EXTPAYLOAD-4bc36e41c3a822cb05d13195,classification_compaction_repair_generation_001_complete,artifacts/local_structured_external_data/whole_corpus_external_data_exhaustive_pipeline_2026-08-04/classified_observations/repair_generation_001/lanes/classification_lane_001/outcomes.jsonl
EXTPAYLOAD-4beb513415fb39527406031f,classification_compaction_repair_generation_001_complete,artifacts/local_structured_external_data/whole_corpus_external_data_exhaustive_pipeline_2026-08-04/classified_observations/repair_generation_001/lanes/classification_lane_001/outcomes.jsonl
EXTPAYLOAD-4c003c951866045a1e2ce09d,classification_compaction_repair_generation_001_complete,artifacts/local_structured_external_data/whole_corpus_external_data_exhaustive_pipeline_2026-08-04/classified_observations/repair_generation_001/lanes/classification_lane_001/outcomes.jsonl
EXTPAYLOAD-4c0a3e19409d5e17ce9db2f1,classification_compaction_repair_generation_001_complete,artifacts/local_structured_external_data/whole_corpus_external_data_exhaustive_pipeline_2026-08-04/classified_observations/repair_generation_001/lanes/classification_lane_001/outcomes.jsonl
EXTPAYLOAD-4c18048552d9be6bf1d26815,classification_compaction_repair_generation_001_complete,artifacts/local_structured_external_data/whole_corpus_external_data_exhaustive_pipeline_2026-08-04/classified_observations/repair_generation_001/lanes/classification_lane_001/outcomes.jsonl
EXTPAYLOAD-4c18303ddb79ef5780abe3ed,classification_compaction_repair_generation_001_complete,artifacts/local_structured_external_data/whole_corpus_external_data_exhaustive_pipeline_2026-08-04/classified_observations/repair_generation_001/lanes/classification_lane_001/outcomes.jsonl
EXTPAYLOAD-4c2476bea0679ca6fa82dc81,classification_compaction_repair_generation_001_complete,artifacts/local_structured_external_data/whole_corpus_external_data_exhaustive_pipeline_2026-08-04/classified_observations/repair_generation_001/lanes/classification_lane_001/outcomes.jsonl
EXTPAYLOAD-4c2efffbe377bc073cff9bb7,classification_compaction_repair_generation_001_complete,artifacts/local_structured_external_data/whole_corpus_external_data_exhaustive_pipeline_2026-08-04/classified_observations/repair_generation_001/lanes/classification_lane_001/outcomes.jsonl
EXTPAYLOAD-4c57dd712926c1de0a5b8416,classification_compaction_repair_generation_001_complete,artifacts/local_structured_external_data/whole_corpus_external_data_exhaustive_pipeline_2026-08-04/classified_observations/repair_generation_001/lanes/classification_lane_001/outcomes.jsonl
EXTPAYLOAD-4c72f27f6168606471831d27,classification_compaction_repair_generation_001_complete,artifacts/local_structured_external_data/whole_corpus_external_data_exhaustive_pipeline_2026-08-04/classified_observations/repair_generation_001/lanes/classification_lane_001/outcomes.jsonl
EXTPAYLOAD-4c8059893d9ec037c682e0f1,classification_compaction_repair_generation_001_complete,artifacts/local_structured_external_data/whole_corpus_external_data_exhaustive_pipeline_2026-08-04/classified_observations/repair_generation_001/lanes/classification_lane_001/outcomes.jsonl
EXTPAYLOAD-4c8ce84cdc59cf19be780c75,classification_compaction_repair_generation_001_complete,artifacts/local_structured_external_data/whole_corpus_external_data_exhaustive_pipeline_2026-08-04/classified_observations/repair_generation_001/lanes/classification_lane_001/outcomes.jsonl
EXTPAYLOAD-4cb86232b86046e5dac0fdd6,classification_compaction_repair_generation_001_complete,artifacts/local_structured_external_data/whole_corpus_external_data_exhaustive_pipeline_2026-08-04/classified_observations/repair_generation_001/lanes/classification_lane_001/outcomes.jsonl
EXTPAYLOAD-4cd761f660fb71352ae51862,classification_compaction_repair_generation_001_complete,artifacts/local_structured_external_data/whole_corpus_external_data_exhaustive_pipeline_2026-08-04/classified_observations/repair_generation_001/lanes/classification_lane_001/outcomes.jsonl
EXTPAYLOAD-4cd7a8af9d1336a2de0ed3a0,classification_compaction_repair_generation_001_complete,artifacts/local_structured_external_data/whole_corpus_external_data_exhaustive_pipeline_2026-08-04/classified_observations/repair_generation_001/lanes/classification_lane_001/outcomes.jsonl
EXTPAYLOAD-4ceb361bd72a9ec8b082203c,classification_compaction_repair_generation_001_complete,artifacts/local_structured_external_data/whole_corpus_external_data_exhaustive_pipeline_2026-08-04/classified_observations/repair_generation_001/lanes/classification_lane_001/outcomes.jsonl
EXTPAYLOAD-4cfa48bdde6a549658f51c8d,classification_compaction_repair_generation_001_complete,artifacts/local_structured_external_data/whole_corpus_external_data_exhaustive_pipeline_2026-08-04/classified_observations/repair_generation_001/lanes/classification_lane_001/outcomes.jsonl
EXTPAYLOAD-4cfd33fb2352b2e553f08838,classification_compaction_repair_generation_001_complete,artifacts/local_structured_external_data/whole_corpus_external_data_exhaustive_pipeline_2026-08-04/classified_observations/repair_generation_001/lanes/classification_lane_001/outcomes.jsonl
EXTPAYLOAD-4d287eddd491e2ca31021ac2,classification_compaction_repair_generation_001_complete,artifacts/local_structured_external_data/whole_corpus_external_data_exhaustive_pipeline_2026-08-04/classified_observations/repair_generation_001/lanes/classification_lane_001/outcomes.jsonl
EXTPAYLOAD-4d539ef8201d8d27418851ef,classification_compaction_repair_generation_001_complete,artifacts/local_structured_external_data/whole_corpus_external_data_exhaustive_pipeline_2026-08-04/classified_observations/repair_generation_001/lanes/classification_lane_001/outcomes.jsonl
EXTPAYLOAD-4d99f0cd53dd0757465d6f24,classification_compaction_repair_generation_001_complete,artifacts/local_structured_external_data/whole_corpus_external_data_exhaustive_pipeline_2026-08-04/classified_observations/repair_generation_001/lanes/classification_lane_001/outcomes.jsonl
EXTPAYLOAD-4da669ec3e326977eb6b401d,classification_compaction_repair_generation_001_complete,artifacts/local_structured_external_data/whole_corpus_external_data_exhaustive_pipeline_2026-08-04/classified_observations/repair_generation_001/lanes/classification_lane_001/outcomes.jsonl
EXTPAYLOAD-4db6d944bb911b60a305d281,classification_compaction_repair_generation_001_complete,artifacts/local_structured_external_data/whole_corpus_external_data_exhaustive_pipeline_2026-08-04/classified_observations/repair_generation_001/lanes/classification_lane_001/outcomes.jsonl
EXTPAYLOAD-4dd639f1b0a87b9ca6b36063,classification_compaction_repair_generation_001_complete,artifacts/local_structured_external_data/whole_corpus_external_data_exhaustive_pipeline_2026-08-04/classified_observations/repair_generation_001/lanes/classification_lane_001/outcomes.jsonl
EXTPAYLOAD-4de4bf44a7deba9274bf2a31,classification_compaction_repair_generation_001_complete,artifacts/local_structured_external_data/whole_corpus_external_data_exhaustive_pipeline_2026-08-04/classified_observations/repair_generation_001/lanes/classification_lane_001/outcomes.jsonl
EXTPAYLOAD-4de55b1d233de0da80b06d50,classification_compaction_repair_generation_001_complete,artifacts/local_structured_external_data/whole_corpus_external_data_exhaustive_pipeline_2026-08-04/classified_observations/repair_generation_001/lanes/classification_lane_001/outcomes.jsonl
EXTPAYLOAD-4de8e37c48f9f3a27227190b,classification_compaction_repair_generation_001_complete,artifacts/local_structured_external_data/whole_corpus_external_data_exhaustive_pipeline_2026-08-04/classified_observations/repair_generation_001/lanes/classification_lane_001/outcomes.jsonl
EXTPAYLOAD-4df77002c6b3564bfbc83428,classification_compaction_repair_generation_001_complete,artifacts/local_structured_external_data/whole_corpus_external_data_exhaustive_pipeline_2026-08-04/classified_observations/repair_generation_001/lanes/classification_lane_001/outcomes.jsonl
EXTPAYLOAD-4e15cbbc127c1ee10352050a,classification_compaction_repair_generation_001_complete,artifacts/local_structured_external_data/whole_corpus_external_data_exhaustive_pipeline_2026-08-04/classified_observations/repair_generation_001/lanes/classification_lane_001/outcomes.jsonl
EXTPAYLOAD-4e2ac0e72375c23de67c252a,classification_compaction_repair_generation_001_complete,artifacts/local_structured_external_data/whole_corpus_external_data_exhaustive_pipeline_2026-08-04/classified_observations/repair_generation_001/lanes/classification_lane_001/outcomes.jsonl
EXTPAYLOAD-4e2f8904e80739b83fdf06ff,classification_compaction_repair_generation_001_complete,artifacts/local_structured_external_data/whole_corpus_external_data_exhaustive_pipeline_2026-08-04/classified_observations/repair_generation_001/lanes/classification_lane_001/outcomes.jsonl
EXTPAYLOAD-4e4006caf96274d909b6cc4e,classification_compaction_repair_generation_001_complete,artifacts/local_structured_external_data/whole_corpus_external_data_exhaustive_pipeline_2026-08-04/classified_observations/repair_generation_001/lanes/classification_lane_001/outcomes.jsonl
EXTPAYLOAD-4e7a85786cc05f0052ecf4ce,classification_compaction_repair_generation_001_complete,artifacts/local_structured_external_data/whole_corpus_external_data_exhaustive_pipeline_2026-08-04/classified_observations/repair_generation_001/lanes/classification_lane_001/outcomes.jsonl
EXTPAYLOAD-4e87ac880495377b64ff4e3e,classification_compaction_repair_generation_001_complete,artifacts/local_structured_external_data/whole_corpus_external_data_exhaustive_pipeline_2026-08-04/classified_observations/repair_generation_001/lanes/classification_lane_001/outcomes.jsonl
EXTPAYLOAD-4e8fd43e2eaf1333b4d98e56,classification_compaction_repair_generation_001_complete,artifacts/local_structured_external_data/whole_corpus_external_data_exhaustive_pipeline_2026-08-04/classified_observations/repair_generation_001/lanes/classification_lane_001/outcomes.jsonl
EXTPAYLOAD-4efb25ed5484b1f400783510,classification_compaction_repair_generation_001_complete,artifacts/local_structured_external_data/whole_corpus_external_data_exhaustive_pipeline_2026-08-04/classified_observations/repair_generation_001/lanes/classification_lane_001/outcomes.jsonl
EXTPAYLOAD-4f00ed75824e6c70764bcccb,classification_compaction_repair_generation_001_complete,artifacts/local_structured_external_data/whole_corpus_external_data_exhaustive_pipeline_2026-08-04/classified_observations/repair_generation_001/lanes/classification_lane_001/outcomes.jsonl
EXTPAYLOAD-4f44db3681402619d8b580aa,classification_compaction_repair_generation_001_complete,artifacts/local_structured_external_data/whole_corpus_external_data_exhaustive_pipeline_2026-08-04/classified_observations/repair_generation_001/lanes/classification_lane_001/outcomes.jsonl
EXTPAYLOAD-4f48343dc6c94993f6801e05,classification_compaction_repair_generation_001_complete,artifacts/local_structured_external_data/whole_corpus_external_data_exhaustive_pipeline_2026-08-04/classified_observations/repair_generation_001/lanes/classification_lane_001/outcomes.jsonl
EXTPAYLOAD-4f658152a706ce78bfb5f5f5,classification_compaction_repair_generation_001_complete,artifacts/local_structured_external_data/whole_corpus_external_data_exhaustive_pipeline_2026-08-04/classified_observations/repair_generation_001/lanes/classification_lane_001/outcomes.jsonl
EXTPAYLOAD-4f7788f278a84216af5b9a9d,classification_compaction_repair_generation_001_complete,artifacts/local_structured_external_data/whole_corpus_external_data_exhaustive_pipeline_2026-08-04/classified_observations/repair_generation_001/lanes/classification_lane_001/outcomes.jsonl
EXTPAYLOAD-4f7ff567f65dc6aea7af0205,classification_compaction_repair_generation_001_complete,artifacts/local_structured_external_data/whole_corpus_external_data_exhaustive_pipeline_2026-08-04/classified_observations/repair_generation_001/lanes/classification_lane_001/outcomes.jsonl
EXTPAYLOAD-4fc85088e16ab986355b0943,classification_compaction_repair_generation_001_complete,artifacts/local_structured_external_data/whole_corpus_external_data_exhaustive_pipeline_2026-08-04/classified_observations/repair_generation_001/lanes/classification_lane_001/outcomes.jsonl
EXTPAYLOAD-4fcf3a3f27252b2675b7e91c,classification_compaction_repair_generation_001_complete,artifacts/local_structured_external_data/whole_corpus_external_data_exhaustive_pipeline_2026-08-04/classified_observations/repair_generation_001/lanes/classification_lane_001/outcomes.jsonl
EXTPAYLOAD-4fe133d47b89a5fee0d11026,classification_compaction_repair_generation_001_complete,artifacts/local_structured_external_data/whole_corpus_external_data_exhaustive_pipeline_2026-08-04/classified_observations/repair_generation_001/lanes/classification_lane_001/outcomes.jsonl
EXTPAYLOAD-501ebca5b67ad31d08a58ef3,classification_compaction_repair_generation_001_complete,artifacts/local_structured_external_data/whole_corpus_external_data_exhaustive_pipeline_2026-08-04/classified_observations/repair_generation_001/lanes/classification_lane_001/outcomes.jsonl
EXTPAYLOAD-503567094fd1461f18717bca,classification_compaction_repair_generation_001_complete,artifacts/local_structured_external_data/whole_corpus_external_data_exhaustive_pipeline_2026-08-04/classified_observations/repair_generation_001/lanes/classification_lane_001/outcomes.jsonl
EXTPAYLOAD-50369878ada7b2faffa2ea40,classification_compaction_repair_generation_001_complete,artifacts/local_structured_external_data/whole_corpus_external_data_exhaustive_pipeline_2026-08-04/classified_observations/repair_generation_001/lanes/classification_lane_001/outcomes.jsonl
EXTPAYLOAD-504424f4fe0082358594706a,classification_compaction_repair_generation_001_complete,artifacts/local_structured_external_data/whole_corpus_external_data_exhaustive_pipeline_2026-08-04/classified_observations/repair_generation_001/lanes/classification_lane_001/outcomes.jsonl
EXTPAYLOAD-504c5990a873baf1c0b1f697,classification_compaction_repair_generation_001_complete,artifacts/local_structured_external_data/whole_corpus_external_data_exhaustive_pipeline_2026-08-04/classified_observations/repair_generation_001/lanes/classification_lane_001/outcomes.jsonl
EXTPAYLOAD-505a31a1e66e6787c9f5b55c,classification_compaction_repair_generation_001_complete,artifacts/local_structured_external_data/whole_corpus_external_data_exhaustive_pipeline_2026-08-04/classified_observations/repair_generation_001/lanes/classification_lane_001/outcomes.jsonl
EXTPAYLOAD-506763d0afcde9b8b239f24c,classification_compaction_repair_generation_001_complete,artifacts/local_structured_external_data/whole_corpus_external_data_exhaustive_pipeline_2026-08-04/classified_observations/repair_generation_001/lanes/classification_lane_001/outcomes.jsonl
EXTPAYLOAD-5095e360669a42970ae671bd,classification_compaction_repair_generation_001_complete,artifacts/local_structured_external_data/whole_corpus_external_data_exhaustive_pipeline_2026-08-04/classified_observations/repair_generation_001/lanes/classification_lane_001/outcomes.jsonl
EXTPAYLOAD-50a91f5dd2a99eae248ea3b3,classification_compaction_repair_generation_001_complete,artifacts/local_structured_external_data/whole_corpus_external_data_exhaustive_pipeline_2026-08-04/classified_observations/repair_generation_001/lanes/classification_lane_001/outcomes.jsonl
EXTPAYLOAD-50a9426ff236302038aa6957,classification_compaction_repair_generation_001_complete,artifacts/local_structured_external_data/whole_corpus_external_data_exhaustive_pipeline_2026-08-04/classified_observations/repair_generation_001/lanes/classification_lane_001/outcomes.jsonl
EXTPAYLOAD-50d5485d5260b9d57828d413,classification_compaction_repair_generation_001_complete,artifacts/local_structured_external_data/whole_corpus_external_data_exhaustive_pipeline_2026-08-04/classified_observations/repair_generation_001/lanes/classification_lane_001/outcomes.jsonl
EXTPAYLOAD-511e0c97916913d2c1670a16,classification_compaction_repair_generation_001_complete,artifacts/local_structured_external_data/whole_corpus_external_data_exhaustive_pipeline_2026-08-04/classified_observations/repair_generation_001/lanes/classification_lane_001/outcomes.jsonl
EXTPAYLOAD-5126a64116349e760a684e97,classification_compaction_repair_generation_001_complete,artifacts/local_structured_external_data/whole_corpus_external_data_exhaustive_pipeline_2026-08-04/classified_observations/repair_generation_001/lanes/classification_lane_001/outcomes.jsonl
EXTPAYLOAD-5128e3f8cd42db9a2cbf686e,classification_compaction_repair_generation_001_complete,artifacts/local_structured_external_data/whole_corpus_external_data_exhaustive_pipeline_2026-08-04/classified_observations/repair_generation_001/lanes/classification_lane_001/outcomes.jsonl
EXTPAYLOAD-5131c055df14ffced7c708ce,classification_compaction_repair_generation_001_complete,artifacts/local_structured_external_data/whole_corpus_external_data_exhaustive_pipeline_2026-08-04/classified_observations/repair_generation_001/lanes/classification_lane_001/outcomes.jsonl
EXTPAYLOAD-5135fc7f01e6a2f5cd657928,classification_compaction_repair_generation_001_complete,artifacts/local_structured_external_data/whole_corpus_external_data_exhaustive_pipeline_2026-08-04/classified_observations/repair_generation_001/lanes/classification_lane_001/outcomes.jsonl
EXTPAYLOAD-517edb8e144ecbfb20b730ff,classification_compaction_repair_generation_001_complete,artifacts/local_structured_external_data/whole_corpus_external_data_exhaustive_pipeline_2026-08-04/classified_observations/repair_generation_001/lanes/classification_lane_001/outcomes.jsonl
EXTPAYLOAD-51bc60a5f613ae22abc11c9a,classification_compaction_repair_generation_001_complete,artifacts/local_structured_external_data/whole_corpus_external_data_exhaustive_pipeline_2026-08-04/classified_observations/repair_generation_001/lanes/classification_lane_001/outcomes.jsonl
EXTPAYLOAD-51d0cb19a420f9d027601c28,classification_compaction_repair_generation_001_complete,artifacts/local_structured_external_data/whole_corpus_external_data_exhaustive_pipeline_2026-08-04/classified_observations/repair_generation_001/lanes/classification_lane_001/outcomes.jsonl
EXTPAYLOAD-51d429b45e03528bc5418994,classification_compaction_repair_generation_001_complete,artifacts/local_structured_external_data/whole_corpus_external_data_exhaustive_pipeline_2026-08-04/classified_observations/repair_generation_001/lanes/classification_lane_001/outcomes.jsonl
EXTPAYLOAD-51d6dc42c8c705640b3babe2,classification_compaction_repair_generation_001_complete,artifacts/local_structured_external_data/whole_corpus_external_data_exhaustive_pipeline_2026-08-04/classified_observations/repair_generation_001/lanes/classification_lane_001/outcomes.jsonl
EXTPAYLOAD-51de50d88224d1ebe91a3916,classification_compaction_repair_generation_001_complete,artifacts/local_structured_external_data/whole_corpus_external_data_exhaustive_pipeline_2026-08-04/classified_observations/repair_generation_001/lanes/classification_lane_001/outcomes.jsonl
EXTPAYLOAD-51eecfdeeb323f7ffbf2c547,classification_compaction_repair_generation_001_complete,artifacts/local_structured_external_data/whole_corpus_external_data_exhaustive_pipeline_2026-08-04/classified_observations/repair_generation_001/lanes/classification_lane_001/outcomes.jsonl
EXTPAYLOAD-5212a64a9e9d614130db9960,classification_compaction_repair_generation_001_complete,artifacts/local_structured_external_data/whole_corpus_external_data_exhaustive_pipeline_2026-08-04/classified_observations/repair_generation_001/lanes/classification_lane_001/outcomes.jsonl
EXTPAYLOAD-523538e7a1800bcaed369750,classification_compaction_repair_generation_001_complete,artifacts/local_structured_external_data/whole_corpus_external_data_exhaustive_pipeline_2026-08-04/classified_observations/repair_generation_001/lanes/classification_lane_001/outcomes.jsonl
EXTPAYLOAD-5248fe58f0b98da46de76e77,classification_compaction_repair_generation_001_complete,artifacts/local_structured_external_data/whole_corpus_external_data_exhaustive_pipeline_2026-08-04/classified_observations/repair_generation_001/lanes/classification_lane_001/outcomes.jsonl
EXTPAYLOAD-52719a93478f773ccfc7d1f8,classification_compaction_repair_generation_001_complete,artifacts/local_structured_external_data/whole_corpus_external_data_exhaustive_pipeline_2026-08-04/classified_observations/repair_generation_001/lanes/classification_lane_001/outcomes.jsonl
EXTPAYLOAD-527d562da8e197750ac62e86,classification_compaction_repair_generation_001_complete,artifacts/local_structured_external_data/whole_corpus_external_data_exhaustive_pipeline_2026-08-04/classified_observations/repair_generation_001/lanes/classification_lane_001/outcomes.jsonl
EXTPAYLOAD-527fcd557567498b00d147a4,classification_compaction_repair_generation_001_complete,artifacts/local_structured_external_data/whole_corpus_external_data_exhaustive_pipeline_2026-08-04/classified_observations/repair_generation_001/lanes/classification_lane_001/outcomes.jsonl
EXTPAYLOAD-5289385b2e92581ce01dcc2a,classification_compaction_repair_generation_001_complete,artifacts/local_structured_external_data/whole_corpus_external_data_exhaustive_pipeline_2026-08-04/classified_observations/repair_generation_001/lanes/classification_lane_001/outcomes.jsonl
EXTPAYLOAD-528f0d5dd014e2c786c49057,classification_compaction_repair_generation_001_complete,artifacts/local_structured_external_data/whole_corpus_external_data_exhaustive_pipeline_2026-08-04/classified_observations/repair_generation_001/lanes/classification_lane_001/outcomes.jsonl
EXTPAYLOAD-528f87cbab03294da4805065,classification_compaction_repair_generation_001_complete,artifacts/local_structured_external_data/whole_corpus_external_data_exhaustive_pipeline_2026-08-04/classified_observations/repair_generation_001/lanes/classification_lane_001/outcomes.jsonl
EXTPAYLOAD-52958783b9b1e208f9cb08ee,classification_compaction_repair_generation_001_complete,artifacts/local_structured_external_data/whole_corpus_external_data_exhaustive_pipeline_2026-08-04/classified_observations/repair_generation_001/lanes/classification_lane_001/outcomes.jsonl
EXTPAYLOAD-5295b159ad3b8e2146c3c3c4,classification_compaction_repair_generation_001_complete,artifacts/local_structured_external_data/whole_corpus_external_data_exhaustive_pipeline_2026-08-04/classified_observations/repair_generation_001/lanes/classification_lane_001/outcomes.jsonl
EXTPAYLOAD-52ceabb6c7ae29ec739eaabe,classification_compaction_repair_generation_001_complete,artifacts/local_structured_external_data/whole_corpus_external_data_exhaustive_pipeline_2026-08-04/classified_observations/repair_generation_001/lanes/classification_lane_001/outcomes.jsonl
EXTPAYLOAD-52e85ccebba124278a9ba253,classification_compaction_repair_generation_001_complete,artifacts/local_structured_external_data/whole_corpus_external_data_exhaustive_pipeline_2026-08-04/classified_observations/repair_generation_001/lanes/classification_lane_001/outcomes.jsonl
EXTPAYLOAD-5357d7556d1c003fe69e5ced,classification_compaction_repair_generation_001_complete,artifacts/local_structured_external_data/whole_corpus_external_data_exhaustive_pipeline_2026-08-04/classified_observations/repair_generation_001/lanes/classification_lane_001/outcomes.jsonl
EXTPAYLOAD-535c4dca0f5325c81c915c9f,classification_compaction_repair_generation_001_complete,artifacts/local_structured_external_data/whole_corpus_external_data_exhaustive_pipeline_2026-08-04/classified_observations/repair_generation_001/lanes/classification_lane_001/outcomes.jsonl
EXTPAYLOAD-53828f1f2e5a908b87946362,classification_compaction_repair_generation_001_complete,artifacts/local_structured_external_data/whole_corpus_external_data_exhaustive_pipeline_2026-08-04/classified_observations/repair_generation_001/lanes/classification_lane_001/outcomes.jsonl
EXTPAYLOAD-53b86cc38ceb96b14e882a55,classification_compaction_repair_generation_001_complete,artifacts/local_structured_external_data/whole_corpus_external_data_exhaustive_pipeline_2026-08-04/classified_observations/repair_generation_001/lanes/classification_lane_001/outcomes.jsonl
EXTPAYLOAD-53bf047dd54190e9078ea1bf,classification_compaction_repair_generation_001_complete,artifacts/local_structured_external_data/whole_corpus_external_data_exhaustive_pipeline_2026-08-04/classified_observations/repair_generation_001/lanes/classification_lane_001/outcomes.jsonl
EXTPAYLOAD-53c1e5819d32fb5420e754e2,classification_compaction_repair_generation_001_complete,artifacts/local_structured_external_data/whole_corpus_external_data_exhaustive_pipeline_2026-08-04/classified_observations/repair_generation_001/lanes/classification_lane_001/outcomes.jsonl
EXTPAYLOAD-53d1eb07154d4e509afaf75c,classification_compaction_repair_generation_001_complete,artifacts/local_structured_external_data/whole_corpus_external_data_exhaustive_pipeline_2026-08-04/classified_observations/repair_generation_001/lanes/classification_lane_001/outcomes.jsonl
EXTPAYLOAD-53de0da989ab1f39730a67e5,classification_compaction_repair_generation_001_complete,artifacts/local_structured_external_data/whole_corpus_external_data_exhaustive_pipeline_2026-08-04/classified_observations/repair_generation_001/lanes/classification_lane_001/outcomes.jsonl
EXTPAYLOAD-53f1a5be247c1f6b24a3acdc,classification_compaction_repair_generation_001_complete,artifacts/local_structured_external_data/whole_corpus_external_data_exhaustive_pipeline_2026-08-04/classified_observations/repair_generation_001/lanes/classification_lane_001/outcomes.jsonl
EXTPAYLOAD-53f9afc47d19f2606ac8d4f3,classification_compaction_repair_generation_001_complete,artifacts/local_structured_external_data/whole_corpus_external_data_exhaustive_pipeline_2026-08-04/classified_observations/repair_generation_001/lanes/classification_lane_001/outcomes.jsonl
EXTPAYLOAD-542fcd08df4d46c299b286ca,classification_compaction_repair_generation_001_complete,artifacts/local_structured_external_data/whole_corpus_external_data_exhaustive_pipeline_2026-08-04/classified_observations/repair_generation_001/lanes/classification_lane_001/outcomes.jsonl
EXTPAYLOAD-544da3aa27c91e24eb82f96d,classification_compaction_repair_generation_001_complete,artifacts/local_structured_external_data/whole_corpus_external_data_exhaustive_pipeline_2026-08-04/classified_observations/repair_generation_001/lanes/classification_lane_001/outcomes.jsonl
EXTPAYLOAD-546720b941152a107466bbd6,classification_compaction_repair_generation_001_complete,artifacts/local_structured_external_data/whole_corpus_external_data_exhaustive_pipeline_2026-08-04/classified_observations/repair_generation_001/lanes/classification_lane_001/outcomes.jsonl
EXTPAYLOAD-547dadb2a6f372f769c3ac79,classification_compaction_repair_generation_001_complete,artifacts/local_structured_external_data/whole_corpus_external_data_exhaustive_pipeline_2026-08-04/classified_observations/repair_generation_001/lanes/classification_lane_001/outcomes.jsonl
EXTPAYLOAD-5492c39d3f77c52896b6c874,classification_compaction_repair_generation_001_complete,artifacts/local_structured_external_data/whole_corpus_external_data_exhaustive_pipeline_2026-08-04/classified_observations/repair_generation_001/lanes/classification_lane_001/outcomes.jsonl
EXTPAYLOAD-54c9d210850fee8febb715fa,classification_compaction_repair_generation_001_complete,artifacts/local_structured_external_data/whole_corpus_external_data_exhaustive_pipeline_2026-08-04/classified_observations/repair_generation_001/lanes/classification_lane_001/outcomes.jsonl
EXTPAYLOAD-54d5180e9a03efe7043f5977,classification_compaction_repair_generation_001_complete,artifacts/local_structured_external_data/whole_corpus_external_data_exhaustive_pipeline_2026-08-04/classified_observations/repair_generation_001/lanes/classification_lane_001/outcomes.jsonl
EXTPAYLOAD-5510ecdbd72be6abbd5511e9,classification_compaction_repair_generation_001_complete,artifacts/local_structured_external_data/whole_corpus_external_data_exhaustive_pipeline_2026-08-04/classified_observations/repair_generation_001/lanes/classification_lane_001/outcomes.jsonl
EXTPAYLOAD-5539c86869eee995d8d14576,classification_compaction_repair_generation_001_complete,artifacts/local_structured_external_data/whole_corpus_external_data_exhaustive_pipeline_2026-08-04/classified_observations/repair_generation_001/lanes/classification_lane_001/outcomes.jsonl
EXTPAYLOAD-553aa17787d390d1c6efc432,classification_compaction_repair_generation_001_complete,artifacts/local_structured_external_data/whole_corpus_external_data_exhaustive_pipeline_2026-08-04/classified_observations/repair_generation_001/lanes/classification_lane_001/outcomes.jsonl
EXTPAYLOAD-55495f052c831f9d478acc6f,classification_compaction_repair_generation_001_complete,artifacts/local_structured_external_data/whole_corpus_external_data_exhaustive_pipeline_2026-08-04/classified_observations/repair_generation_001/lanes/classification_lane_001/outcomes.jsonl
EXTPAYLOAD-554b3d4ef8bc5743c540d6cf,classification_compaction_repair_generation_001_complete,artifacts/local_structured_external_data/whole_corpus_external_data_exhaustive_pipeline_2026-08-04/classified_observations/repair_generation_001/lanes/classification_lane_001/outcomes.jsonl
EXTPAYLOAD-5573e54403e15915a721da89,classification_compaction_repair_generation_001_complete,artifacts/local_structured_external_data/whole_corpus_external_data_exhaustive_pipeline_2026-08-04/classified_observations/repair_generation_001/lanes/classification_lane_001/outcomes.jsonl
EXTPAYLOAD-55ae048a840eaf7e29f02ed4,classification_compaction_repair_generation_001_complete,artifacts/local_structured_external_data/whole_corpus_external_data_exhaustive_pipeline_2026-08-04/classified_observations/repair_generation_001/lanes/classification_lane_001/outcomes.jsonl
EXTPAYLOAD-55c8afb3d30b2544cc42cb5a,classification_compaction_repair_generation_001_complete,artifacts/local_structured_external_data/whole_corpus_external_data_exhaustive_pipeline_2026-08-04/classified_observations/repair_generation_001/lanes/classification_lane_001/outcomes.jsonl
EXTPAYLOAD-55dfc30f6bf8cf78e83056f0,classification_compaction_repair_generation_001_complete,artifacts/local_structured_external_data/whole_corpus_external_data_exhaustive_pipeline_2026-08-04/classified_observations/repair_generation_001/lanes/classification_lane_001/outcomes.jsonl
EXTPAYLOAD-55ed59acd1172e69fb9b7960,classification_compaction_repair_generation_001_complete,artifacts/local_structured_external_data/whole_corpus_external_data_exhaustive_pipeline_2026-08-04/classified_observations/repair_generation_001/lanes/classification_lane_001/outcomes.jsonl
EXTPAYLOAD-55f05a0de6968eaf86586860,classification_compaction_repair_generation_001_complete,artifacts/local_structured_external_data/whole_corpus_external_data_exhaustive_pipeline_2026-08-04/classified_observations/repair_generation_001/lanes/classification_lane_001/outcomes.jsonl
EXTPAYLOAD-55fc109a3f550bbbb5730304,classification_compaction_repair_generation_001_complete,artifacts/local_structured_external_data/whole_corpus_external_data_exhaustive_pipeline_2026-08-04/classified_observations/repair_generation_001/lanes/classification_lane_001/outcomes.jsonl
EXTPAYLOAD-5606007caf8a7681e6a865f1,classification_compaction_repair_generation_001_complete,artifacts/local_structured_external_data/whole_corpus_external_data_exhaustive_pipeline_2026-08-04/classified_observations/repair_generation_001/lanes/classification_lane_001/outcomes.jsonl
EXTPAYLOAD-5618567e630e98bfa6be0271,classification_compaction_repair_generation_001_complete,artifacts/local_structured_external_data/whole_corpus_external_data_exhaustive_pipeline_2026-08-04/classified_observations/repair_generation_001/lanes/classification_lane_001/outcomes.jsonl
EXTPAYLOAD-561eae240daece49f7e018a9,classification_compaction_repair_generation_001_complete,artifacts/local_structured_external_data/whole_corpus_external_data_exhaustive_pipeline_2026-08-04/classified_observations/repair_generation_001/lanes/classification_lane_001/outcomes.jsonl
EXTPAYLOAD-563e369df877392f000ef455,classification_compaction_repair_generation_001_complete,artifacts/local_structured_external_data/whole_corpus_external_data_exhaustive_pipeline_2026-08-04/classified_observations/repair_generation_001/lanes/classification_lane_001/outcomes.jsonl
EXTPAYLOAD-5658cfb8887b5d13228b4fa7,classification_compaction_repair_generation_001_complete,artifacts/local_structured_external_data/whole_corpus_external_data_exhaustive_pipeline_2026-08-04/classified_observations/repair_generation_001/lanes/classification_lane_001/outcomes.jsonl
EXTPAYLOAD-566221c5950bb688a8bd4a79,classification_compaction_repair_generation_001_complete,artifacts/local_structured_external_data/whole_corpus_external_data_exhaustive_pipeline_2026-08-04/classified_observations/repair_generation_001/lanes/classification_lane_001/outcomes.jsonl
EXTPAYLOAD-5665858898f118dc74ec0915,classification_compaction_repair_generation_001_complete,artifacts/local_structured_external_data/whole_corpus_external_data_exhaustive_pipeline_2026-08-04/classified_observations/repair_generation_001/lanes/classification_lane_001/outcomes.jsonl
EXTPAYLOAD-5691286cc6c05f76c785738a,classification_compaction_repair_generation_001_complete,artifacts/local_structured_external_data/whole_corpus_external_data_exhaustive_pipeline_2026-08-04/classified_observations/repair_generation_001/lanes/classification_lane_001/outcomes.jsonl
EXTPAYLOAD-569ea3eec2d69228a0166908,classification_compaction_repair_generation_001_complete,artifacts/local_structured_external_data/whole_corpus_external_data_exhaustive_pipeline_2026-08-04/classified_observations/repair_generation_001/lanes/classification_lane_001/outcomes.jsonl
EXTPAYLOAD-56a2d23143c366b3f6792fb3,classification_compaction_repair_generation_001_complete,artifacts/local_structured_external_data/whole_corpus_external_data_exhaustive_pipeline_2026-08-04/classified_observations/repair_generation_001/lanes/classification_lane_001/outcomes.jsonl
EXTPAYLOAD-56b4bb4bade2e5b5c86aab4c,classification_compaction_repair_generation_001_complete,artifacts/local_structured_external_data/whole_corpus_external_data_exhaustive_pipeline_2026-08-04/classified_observations/repair_generation_001/lanes/classification_lane_001/outcomes.jsonl
EXTPAYLOAD-56bfc969d106fa009b64287c,classification_compaction_repair_generation_001_complete,artifacts/local_structured_external_data/whole_corpus_external_data_exhaustive_pipeline_2026-08-04/classified_observations/repair_generation_001/lanes/classification_lane_001/outcomes.jsonl
EXTPAYLOAD-56c41ab6543690f6c632b88f,classification_compaction_repair_generation_001_complete,artifacts/local_structured_external_data/whole_corpus_external_data_exhaustive_pipeline_2026-08-04/classified_observations/repair_generation_001/lanes/classification_lane_001/outcomes.jsonl
EXTPAYLOAD-56ec88803a8ec9fc278c7283,classification_compaction_repair_generation_001_complete,artifacts/local_structured_external_data/whole_corpus_external_data_exhaustive_pipeline_2026-08-04/classified_observations/repair_generation_001/lanes/classification_lane_001/outcomes.jsonl
EXTPAYLOAD-56f469275943f45c38beb6f7,classification_compaction_repair_generation_001_complete,artifacts/local_structured_external_data/whole_corpus_external_data_exhaustive_pipeline_2026-08-04/classified_observations/repair_generation_001/lanes/classification_lane_001/outcomes.jsonl
EXTPAYLOAD-570988fa9aff57fd7964464c,classification_compaction_repair_generation_001_complete,artifacts/local_structured_external_data/whole_corpus_external_data_exhaustive_pipeline_2026-08-04/classified_observations/repair_generation_001/lanes/classification_lane_001/outcomes.jsonl
EXTPAYLOAD-570ea36f231b5aae3ead802e,classification_compaction_repair_generation_001_complete,artifacts/local_structured_external_data/whole_corpus_external_data_exhaustive_pipeline_2026-08-04/classified_observations/repair_generation_001/lanes/classification_lane_001/outcomes.jsonl
EXTPAYLOAD-574bfc08a6a160592391e6de,classification_compaction_repair_generation_001_complete,artifacts/local_structured_external_data/whole_corpus_external_data_exhaustive_pipeline_2026-08-04/classified_observations/repair_generation_001/lanes/classification_lane_001/outcomes.jsonl
EXTPAYLOAD-5752c6035cc3a277e3c32baa,classification_compaction_repair_generation_001_complete,artifacts/local_structured_external_data/whole_corpus_external_data_exhaustive_pipeline_2026-08-04/classified_observations/repair_generation_001/lanes/classification_lane_001/outcomes.jsonl
EXTPAYLOAD-575359bf7b207b651f0bc780,classification_compaction_repair_generation_001_complete,artifacts/local_structured_external_data/whole_corpus_external_data_exhaustive_pipeline_2026-08-04/classified_observations/repair_generation_001/lanes/classification_lane_001/outcomes.jsonl
EXTPAYLOAD-5784e4459218f89202737a43,classification_compaction_repair_generation_001_complete,artifacts/local_structured_external_data/whole_corpus_external_data_exhaustive_pipeline_2026-08-04/classified_observations/repair_generation_001/lanes/classification_lane_001/outcomes.jsonl
EXTPAYLOAD-5795af74c559523bbf429a55,classification_compaction_repair_generation_001_complete,artifacts/local_structured_external_data/whole_corpus_external_data_exhaustive_pipeline_2026-08-04/classified_observations/repair_generation_001/lanes/classification_lane_001/outcomes.jsonl
EXTPAYLOAD-579faec94f6d1a7f6baff06c,classification_compaction_repair_generation_001_complete,artifacts/local_structured_external_data/whole_corpus_external_data_exhaustive_pipeline_2026-08-04/classified_observations/repair_generation_001/lanes/classification_lane_001/outcomes.jsonl
EXTPAYLOAD-57a5a27966a862a04e86550a,classification_compaction_repair_generation_001_complete,artifacts/local_structured_external_data/whole_corpus_external_data_exhaustive_pipeline_2026-08-04/classified_observations/repair_generation_001/lanes/classification_lane_001/outcomes.jsonl
EXTPAYLOAD-57d2d895bd0ff42eee8f9dcf,classification_compaction_repair_generation_001_complete,artifacts/local_structured_external_data/whole_corpus_external_data_exhaustive_pipeline_2026-08-04/classified_observations/repair_generation_001/lanes/classification_lane_001/outcomes.jsonl
EXTPAYLOAD-57eee096317d6a6e6ff0ed5a,classification_compaction_repair_generation_001_complete,artifacts/local_structured_external_data/whole_corpus_external_data_exhaustive_pipeline_2026-08-04/classified_observations/repair_generation_001/lanes/classification_lane_001/outcomes.jsonl
EXTPAYLOAD-57f7dd92a558b5de669f0727,classification_compaction_repair_generation_001_complete,artifacts/local_structured_external_data/whole_corpus_external_data_exhaustive_pipeline_2026-08-04/classified_observations/repair_generation_001/lanes/classification_lane_001/outcomes.jsonl
EXTPAYLOAD-57fbfd46524ec2685706c83e,classification_compaction_repair_generation_001_complete,artifacts/local_structured_external_data/whole_corpus_external_data_exhaustive_pipeline_2026-08-04/classified_observations/repair_generation_001/lanes/classification_lane_001/outcomes.jsonl
EXTPAYLOAD-580070731c2079b5b8201b4e,classification_compaction_repair_generation_001_complete,artifacts/local_structured_external_data/whole_corpus_external_data_exhaustive_pipeline_2026-08-04/classified_observations/repair_generation_001/lanes/classification_lane_001/outcomes.jsonl
EXTPAYLOAD-5832b8848f67e38fa1af7e92,classification_compaction_repair_generation_001_complete,artifacts/local_structured_external_data/whole_corpus_external_data_exhaustive_pipeline_2026-08-04/classified_observations/repair_generation_001/lanes/classification_lane_001/outcomes.jsonl
EXTPAYLOAD-583b6fc963d9f41d41293f1d,classification_compaction_repair_generation_001_complete,artifacts/local_structured_external_data/whole_corpus_external_data_exhaustive_pipeline_2026-08-04/classified_observations/repair_generation_001/lanes/classification_lane_001/outcomes.jsonl
EXTPAYLOAD-58485afb8603d962b985814f,classification_compaction_repair_generation_001_complete,artifacts/local_structured_external_data/whole_corpus_external_data_exhaustive_pipeline_2026-08-04/classified_observations/repair_generation_001/lanes/classification_lane_001/outcomes.jsonl
EXTPAYLOAD-58546bf0f2d2a5cd8d8934bc,classification_compaction_repair_generation_001_complete,artifacts/local_structured_external_data/whole_corpus_external_data_exhaustive_pipeline_2026-08-04/classified_observations/repair_generation_001/lanes/classification_lane_001/outcomes.jsonl
EXTPAYLOAD-587c250a541f81bfd13b31b9,classification_compaction_repair_generation_001_complete,artifacts/local_structured_external_data/whole_corpus_external_data_exhaustive_pipeline_2026-08-04/classified_observations/repair_generation_001/lanes/classification_lane_001/outcomes.jsonl
EXTPAYLOAD-58826268b707af62048f38f3,classification_compaction_repair_generation_001_complete,artifacts/local_structured_external_data/whole_corpus_external_data_exhaustive_pipeline_2026-08-04/classified_observations/repair_generation_001/lanes/classification_lane_001/outcomes.jsonl
EXTPAYLOAD-5894c46a1c206563b6622d9e,classification_compaction_repair_generation_001_complete,artifacts/local_structured_external_data/whole_corpus_external_data_exhaustive_pipeline_2026-08-04/classified_observations/repair_generation_001/lanes/classification_lane_001/outcomes.jsonl
EXTPAYLOAD-58b05261cae1b5cfaa9e21f1,classification_compaction_repair_generation_001_complete,artifacts/local_structured_external_data/whole_corpus_external_data_exhaustive_pipeline_2026-08-04/classified_observations/repair_generation_001/lanes/classification_lane_001/outcomes.jsonl
EXTPAYLOAD-58b0a50e5fc2ac593f833052,classification_compaction_repair_generation_001_complete,artifacts/local_structured_external_data/whole_corpus_external_data_exhaustive_pipeline_2026-08-04/classified_observations/repair_generation_001/lanes/classification_lane_001/outcomes.jsonl
EXTPAYLOAD-58b2ea544668db32ae08698d,classification_compaction_repair_generation_001_complete,artifacts/local_structured_external_data/whole_corpus_external_data_exhaustive_pipeline_2026-08-04/classified_observations/repair_generation_001/lanes/classification_lane_001/outcomes.jsonl
EXTPAYLOAD-58c27e2e56f8bf804b1fd0f0,classification_compaction_repair_generation_001_complete,artifacts/local_structured_external_data/whole_corpus_external_data_exhaustive_pipeline_2026-08-04/classified_observations/repair_generation_001/lanes/classification_lane_001/outcomes.jsonl
EXTPAYLOAD-58d35ef5fb3d7dfdfceda0a1,classification_compaction_repair_generation_001_complete,artifacts/local_structured_external_data/whole_corpus_external_data_exhaustive_pipeline_2026-08-04/classified_observations/repair_generation_001/lanes/classification_lane_001/outcomes.jsonl
EXTPAYLOAD-58d9a5b8b9ef4dbcad0e821e,classification_compaction_repair_generation_001_complete,artifacts/local_structured_external_data/whole_corpus_external_data_exhaustive_pipeline_2026-08-04/classified_observations/repair_generation_001/lanes/classification_lane_001/outcomes.jsonl
EXTPAYLOAD-5911c3d1b0f51e50080a9ea9,classification_compaction_repair_generation_001_complete,artifacts/local_structured_external_data/whole_corpus_external_data_exhaustive_pipeline_2026-08-04/classified_observations/repair_generation_001/lanes/classification_lane_001/outcomes.jsonl
EXTPAYLOAD-593345e47a6cff200c8cf4ec,classification_compaction_repair_generation_001_complete,artifacts/local_structured_external_data/whole_corpus_external_data_exhaustive_pipeline_2026-08-04/classified_observations/repair_generation_001/lanes/classification_lane_001/outcomes.jsonl
EXTPAYLOAD-593f50d2e586188a2c83b0db,classification_compaction_repair_generation_001_complete,artifacts/local_structured_external_data/whole_corpus_external_data_exhaustive_pipeline_2026-08-04/classified_observations/repair_generation_001/lanes/classification_lane_001/outcomes.jsonl
EXTPAYLOAD-5972a923cbaf3d56776a6057,classification_compaction_repair_generation_001_complete,artifacts/local_structured_external_data/whole_corpus_external_data_exhaustive_pipeline_2026-08-04/classified_observations/repair_generation_001/lanes/classification_lane_001/outcomes.jsonl
EXTPAYLOAD-5982fc671273671a99f3d5df,classification_compaction_repair_generation_001_complete,artifacts/local_structured_external_data/whole_corpus_external_data_exhaustive_pipeline_2026-08-04/classified_observations/repair_generation_001/lanes/classification_lane_001/outcomes.jsonl
EXTPAYLOAD-598d4764a9f998ee2c3f7389,classification_compaction_repair_generation_001_complete,artifacts/local_structured_external_data/whole_corpus_external_data_exhaustive_pipeline_2026-08-04/classified_observations/repair_generation_001/lanes/classification_lane_001/outcomes.jsonl
EXTPAYLOAD-598f5ff4762472e9519c7d8c,classification_compaction_repair_generation_001_complete,artifacts/local_structured_external_data/whole_corpus_external_data_exhaustive_pipeline_2026-08-04/classified_observations/repair_generation_001/lanes/classification_lane_001/outcomes.jsonl
EXTPAYLOAD-5993fc6f1e9f41f3f1497b6d,classification_compaction_repair_generation_001_complete,artifacts/local_structured_external_data/whole_corpus_external_data_exhaustive_pipeline_2026-08-04/classified_observations/repair_generation_001/lanes/classification_lane_001/outcomes.jsonl
EXTPAYLOAD-599ebd32b3de16ed577e3eb2,classification_compaction_repair_generation_001_complete,artifacts/local_structured_external_data/whole_corpus_external_data_exhaustive_pipeline_2026-08-04/classified_observations/repair_generation_001/lanes/classification_lane_001/outcomes.jsonl
EXTPAYLOAD-59b3f7b414c9aa80c1491a80,classification_compaction_repair_generation_001_complete,artifacts/local_structured_external_data/whole_corpus_external_data_exhaustive_pipeline_2026-08-04/classified_observations/repair_generation_001/lanes/classification_lane_001/outcomes.jsonl
EXTPAYLOAD-59d6108274932707c67376ee,classification_compaction_repair_generation_001_complete,artifacts/local_structured_external_data/whole_corpus_external_data_exhaustive_pipeline_2026-08-04/classified_observations/repair_generation_001/lanes/classification_lane_001/outcomes.jsonl
EXTPAYLOAD-59da3773029942a1e527c9ee,classification_compaction_repair_generation_001_complete,artifacts/local_structured_external_data/whole_corpus_external_data_exhaustive_pipeline_2026-08-04/classified_observations/repair_generation_001/lanes/classification_lane_001/outcomes.jsonl
EXTPAYLOAD-59f15194d3a63360ff9facdc,classification_compaction_repair_generation_001_complete,artifacts/local_structured_external_data/whole_corpus_external_data_exhaustive_pipeline_2026-08-04/classified_observations/repair_generation_001/lanes/classification_lane_001/outcomes.jsonl
EXTPAYLOAD-5a0501cafdee65b0cb06e201,classification_compaction_repair_generation_001_complete,artifacts/local_structured_external_data/whole_corpus_external_data_exhaustive_pipeline_2026-08-04/classified_observations/repair_generation_001/lanes/classification_lane_001/outcomes.jsonl
EXTPAYLOAD-5a2c7a0d61684c14096a0920,classification_compaction_repair_generation_001_complete,artifacts/local_structured_external_data/whole_corpus_external_data_exhaustive_pipeline_2026-08-04/classified_observations/repair_generation_001/lanes/classification_lane_001/outcomes.jsonl
EXTPAYLOAD-5a487432b4b38a69972c6ba6,classification_compaction_repair_generation_001_complete,artifacts/local_structured_external_data/whole_corpus_external_data_exhaustive_pipeline_2026-08-04/classified_observations/repair_generation_001/lanes/classification_lane_001/outcomes.jsonl
EXTPAYLOAD-5a6f18b290a626133e430461,classification_compaction_repair_generation_001_complete,artifacts/local_structured_external_data/whole_corpus_external_data_exhaustive_pipeline_2026-08-04/classified_observations/repair_generation_001/lanes/classification_lane_001/outcomes.jsonl
EXTPAYLOAD-5a7ff1002de1c47679bcfb18,classification_compaction_repair_generation_001_complete,artifacts/local_structured_external_data/whole_corpus_external_data_exhaustive_pipeline_2026-08-04/classified_observations/repair_generation_001/lanes/classification_lane_001/outcomes.jsonl
EXTPAYLOAD-5a9b6bdf8feb44791ef796f1,classification_compaction_repair_generation_001_complete,artifacts/local_structured_external_data/whole_corpus_external_data_exhaustive_pipeline_2026-08-04/classified_observations/repair_generation_001/lanes/classification_lane_001/outcomes.jsonl
EXTPAYLOAD-5ab6ec368671e7ccc32bed1d,classification_compaction_repair_generation_001_complete,artifacts/local_structured_external_data/whole_corpus_external_data_exhaustive_pipeline_2026-08-04/classified_observations/repair_generation_001/lanes/classification_lane_001/outcomes.jsonl
EXTPAYLOAD-5ac04480490dedc98fdd7721,classification_compaction_repair_generation_001_complete,artifacts/local_structured_external_data/whole_corpus_external_data_exhaustive_pipeline_2026-08-04/classified_observations/repair_generation_001/lanes/classification_lane_001/outcomes.jsonl
EXTPAYLOAD-5ac61b45a27c0faf03001768,classification_compaction_repair_generation_001_complete,artifacts/local_structured_external_data/whole_corpus_external_data_exhaustive_pipeline_2026-08-04/classified_observations/repair_generation_001/lanes/classification_lane_001/outcomes.jsonl
EXTPAYLOAD-5ad0188137a980691ee515f8,classification_compaction_repair_generation_001_complete,artifacts/local_structured_external_data/whole_corpus_external_data_exhaustive_pipeline_2026-08-04/classified_observations/repair_generation_001/lanes/classification_lane_001/outcomes.jsonl
EXTPAYLOAD-5aeb2210ac37f97cd379b0f0,classification_compaction_repair_generation_001_complete,artifacts/local_structured_external_data/whole_corpus_external_data_exhaustive_pipeline_2026-08-04/classified_observations/repair_generation_001/lanes/classification_lane_001/outcomes.jsonl
EXTPAYLOAD-5b0f50c9890c5143e4d0c6b5,classification_compaction_repair_generation_001_complete,artifacts/local_structured_external_data/whole_corpus_external_data_exhaustive_pipeline_2026-08-04/classified_observations/repair_generation_001/lanes/classification_lane_001/outcomes.jsonl
EXTPAYLOAD-5b333eebdee658432ec52d8b,classification_compaction_repair_generation_001_complete,artifacts/local_structured_external_data/whole_corpus_external_data_exhaustive_pipeline_2026-08-04/classified_observations/repair_generation_001/lanes/classification_lane_001/outcomes.jsonl
EXTPAYLOAD-5b424612a60f27d0c04f2d34,classification_compaction_repair_generation_001_complete,artifacts/local_structured_external_data/whole_corpus_external_data_exhaustive_pipeline_2026-08-04/classified_observations/repair_generation_001/lanes/classification_lane_001/outcomes.jsonl
EXTPAYLOAD-5b4431b94cbd508da69198a4,classification_compaction_repair_generation_001_complete,artifacts/local_structured_external_data/whole_corpus_external_data_exhaustive_pipeline_2026-08-04/classified_observations/repair_generation_001/lanes/classification_lane_001/outcomes.jsonl
EXTPAYLOAD-5b570bb0dd3f4ac4813580ff,classification_compaction_repair_generation_001_complete,artifacts/local_structured_external_data/whole_corpus_external_data_exhaustive_pipeline_2026-08-04/classified_observations/repair_generation_001/lanes/classification_lane_001/outcomes.jsonl
EXTPAYLOAD-5b5ab98efaf74b1cbb3f73fb,classification_compaction_repair_generation_001_complete,artifacts/local_structured_external_data/whole_corpus_external_data_exhaustive_pipeline_2026-08-04/classified_observations/repair_generation_001/lanes/classification_lane_001/outcomes.jsonl
EXTPAYLOAD-5b6d00a0760db9f480031744,classification_compaction_repair_generation_001_complete,artifacts/local_structured_external_data/whole_corpus_external_data_exhaustive_pipeline_2026-08-04/classified_observations/repair_generation_001/lanes/classification_lane_001/outcomes.jsonl
EXTPAYLOAD-5b72c10fd30670f78997efd2,classification_compaction_repair_generation_001_complete,artifacts/local_structured_external_data/whole_corpus_external_data_exhaustive_pipeline_2026-08-04/classified_observations/repair_generation_001/lanes/classification_lane_001/outcomes.jsonl
EXTPAYLOAD-5b7707cd71b8dd330e458ad7,classification_compaction_repair_generation_001_complete,artifacts/local_structured_external_data/whole_corpus_external_data_exhaustive_pipeline_2026-08-04/classified_observations/repair_generation_001/lanes/classification_lane_001/outcomes.jsonl
EXTPAYLOAD-5b847b6117d69548c86647e2,classification_compaction_repair_generation_001_complete,artifacts/local_structured_external_data/whole_corpus_external_data_exhaustive_pipeline_2026-08-04/classified_observations/repair_generation_001/lanes/classification_lane_001/outcomes.jsonl
EXTPAYLOAD-5b8e4edaeed6772b282e8954,classification_compaction_repair_generation_001_complete,artifacts/local_structured_external_data/whole_corpus_external_data_exhaustive_pipeline_2026-08-04/classified_observations/repair_generation_001/lanes/classification_lane_001/outcomes.jsonl
EXTPAYLOAD-5bd7709d77e8187fcddf2740,classification_compaction_repair_generation_001_complete,artifacts/local_structured_external_data/whole_corpus_external_data_exhaustive_pipeline_2026-08-04/classified_observations/repair_generation_001/lanes/classification_lane_001/outcomes.jsonl
EXTPAYLOAD-5c26b19d2b423ea9e7707a0b,classification_compaction_repair_generation_001_complete,artifacts/local_structured_external_data/whole_corpus_external_data_exhaustive_pipeline_2026-08-04/classified_observations/repair_generation_001/lanes/classification_lane_001/outcomes.jsonl
EXTPAYLOAD-5c46a1a637074ee04a78ada5,classification_compaction_repair_generation_001_complete,artifacts/local_structured_external_data/whole_corpus_external_data_exhaustive_pipeline_2026-08-04/classified_observations/repair_generation_001/lanes/classification_lane_001/outcomes.jsonl
EXTPAYLOAD-5c4a23fbbac94da5c5f6078b,classification_compaction_repair_generation_001_complete,artifacts/local_structured_external_data/whole_corpus_external_data_exhaustive_pipeline_2026-08-04/classified_observations/repair_generation_001/lanes/classification_lane_001/outcomes.jsonl
EXTPAYLOAD-5c51827c60314dffb0433d23,classification_compaction_repair_generation_001_complete,artifacts/local_structured_external_data/whole_corpus_external_data_exhaustive_pipeline_2026-08-04/classified_observations/repair_generation_001/lanes/classification_lane_001/outcomes.jsonl
EXTPAYLOAD-5c5b04801ec9b6242c0e5411,classification_compaction_repair_generation_001_complete,artifacts/local_structured_external_data/whole_corpus_external_data_exhaustive_pipeline_2026-08-04/classified_observations/repair_generation_001/lanes/classification_lane_001/outcomes.jsonl
EXTPAYLOAD-5c88806f74b5e513a3488dd4,classification_compaction_repair_generation_001_complete,artifacts/local_structured_external_data/whole_corpus_external_data_exhaustive_pipeline_2026-08-04/classified_observations/repair_generation_001/lanes/classification_lane_001/outcomes.jsonl
EXTPAYLOAD-5cf00d80321f25673384e7fe,classification_compaction_repair_generation_001_complete,artifacts/local_structured_external_data/whole_corpus_external_data_exhaustive_pipeline_2026-08-04/classified_observations/repair_generation_001/lanes/classification_lane_001/outcomes.jsonl
EXTPAYLOAD-5d03f452914cd3375af3261f,classification_compaction_repair_generation_001_complete,artifacts/local_structured_external_data/whole_corpus_external_data_exhaustive_pipeline_2026-08-04/classified_observations/repair_generation_001/lanes/classification_lane_001/outcomes.jsonl
EXTPAYLOAD-5d0440bc085adf1d46486b00,classification_compaction_repair_generation_001_complete,artifacts/local_structured_external_data/whole_corpus_external_data_exhaustive_pipeline_2026-08-04/classified_observations/repair_generation_001/lanes/classification_lane_001/outcomes.jsonl
EXTPAYLOAD-5d11212767cf2159203e6e5d,classification_compaction_repair_generation_001_complete,artifacts/local_structured_external_data/whole_corpus_external_data_exhaustive_pipeline_2026-08-04/classified_observations/repair_generation_001/lanes/classification_lane_001/outcomes.jsonl
EXTPAYLOAD-5d194fd2b4629b74d47477cf,classification_compaction_repair_generation_001_complete,artifacts/local_structured_external_data/whole_corpus_external_data_exhaustive_pipeline_2026-08-04/classified_observations/repair_generation_001/lanes/classification_lane_001/outcomes.jsonl
EXTPAYLOAD-5d1b28c47e5e4af2fc26a594,classification_compaction_repair_generation_001_complete,artifacts/local_structured_external_data/whole_corpus_external_data_exhaustive_pipeline_2026-08-04/classified_observations/repair_generation_001/lanes/classification_lane_001/outcomes.jsonl
EXTPAYLOAD-5d1bb29d509e42a4932a2981,classification_compaction_repair_generation_001_complete,artifacts/local_structured_external_data/whole_corpus_external_data_exhaustive_pipeline_2026-08-04/classified_observations/repair_generation_001/lanes/classification_lane_001/outcomes.jsonl
EXTPAYLOAD-5d72e0b6deb618547cb20fa5,classification_compaction_repair_generation_001_complete,artifacts/local_structured_external_data/whole_corpus_external_data_exhaustive_pipeline_2026-08-04/classified_observations/repair_generation_001/lanes/classification_lane_001/outcomes.jsonl
EXTPAYLOAD-5d76ae2dc06ee71af6fe3b54,classification_compaction_repair_generation_001_complete,artifacts/local_structured_external_data/whole_corpus_external_data_exhaustive_pipeline_2026-08-04/classified_observations/repair_generation_001/lanes/classification_lane_001/outcomes.jsonl
EXTPAYLOAD-5d9be4dc791d0d12cd53b73f,classification_compaction_repair_generation_001_complete,artifacts/local_structured_external_data/whole_corpus_external_data_exhaustive_pipeline_2026-08-04/classified_observations/repair_generation_001/lanes/classification_lane_001/outcomes.jsonl
EXTPAYLOAD-5dcb38afba0b948644c8b668,classification_compaction_repair_generation_001_complete,artifacts/local_structured_external_data/whole_corpus_external_data_exhaustive_pipeline_2026-08-04/classified_observations/repair_generation_001/lanes/classification_lane_001/outcomes.jsonl
EXTPAYLOAD-5ddb9fece7d0859e073bad95,classification_compaction_repair_generation_001_complete,artifacts/local_structured_external_data/whole_corpus_external_data_exhaustive_pipeline_2026-08-04/classified_observations/repair_generation_001/lanes/classification_lane_001/outcomes.jsonl
EXTPAYLOAD-5de35106546bd7721ab7b876,classification_compaction_repair_generation_001_complete,artifacts/local_structured_external_data/whole_corpus_external_data_exhaustive_pipeline_2026-08-04/classified_observations/repair_generation_001/lanes/classification_lane_001/outcomes.jsonl
EXTPAYLOAD-5df2986910813d66add2d08c,classification_compaction_repair_generation_001_complete,artifacts/local_structured_external_data/whole_corpus_external_data_exhaustive_pipeline_2026-08-04/classified_observations/repair_generation_001/lanes/classification_lane_001/outcomes.jsonl
EXTPAYLOAD-5df93c247490e15a9fe5e08c,classification_compaction_repair_generation_001_complete,artifacts/local_structured_external_data/whole_corpus_external_data_exhaustive_pipeline_2026-08-04/classified_observations/repair_generation_001/lanes/classification_lane_001/outcomes.jsonl
EXTPAYLOAD-5e1f58536f4bd817f705e67c,classification_compaction_repair_generation_001_complete,artifacts/local_structured_external_data/whole_corpus_external_data_exhaustive_pipeline_2026-08-04/classified_observations/repair_generation_001/lanes/classification_lane_001/outcomes.jsonl
EXTPAYLOAD-5e1fcfb39cbeba7b1ca8608d,classification_compaction_repair_generation_001_complete,artifacts/local_structured_external_data/whole_corpus_external_data_exhaustive_pipeline_2026-08-04/classified_observations/repair_generation_001/lanes/classification_lane_001/outcomes.jsonl
EXTPAYLOAD-5e2e43f5819ecf6ad9373f1c,classification_compaction_repair_generation_001_complete,artifacts/local_structured_external_data/whole_corpus_external_data_exhaustive_pipeline_2026-08-04/classified_observations/repair_generation_001/lanes/classification_lane_001/outcomes.jsonl
EXTPAYLOAD-5e403065c25a1f437a56b636,classification_compaction_repair_generation_001_complete,artifacts/local_structured_external_data/whole_corpus_external_data_exhaustive_pipeline_2026-08-04/classified_observations/repair_generation_001/lanes/classification_lane_001/outcomes.jsonl
EXTPAYLOAD-5e7ebabfdee906533a9bbeee,classification_compaction_repair_generation_001_complete,artifacts/local_structured_external_data/whole_corpus_external_data_exhaustive_pipeline_2026-08-04/classified_observations/repair_generation_001/lanes/classification_lane_001/outcomes.jsonl
EXTPAYLOAD-5e93a8270cdc404ee5fd7777,classification_compaction_repair_generation_001_complete,artifacts/local_structured_external_data/whole_corpus_external_data_exhaustive_pipeline_2026-08-04/classified_observations/repair_generation_001/lanes/classification_lane_001/outcomes.jsonl
EXTPAYLOAD-5e9c866100fad289634a6af6,classification_compaction_repair_generation_001_complete,artifacts/local_structured_external_data/whole_corpus_external_data_exhaustive_pipeline_2026-08-04/classified_observations/repair_generation_001/lanes/classification_lane_001/outcomes.jsonl
EXTPAYLOAD-5ebd3e3daf55e18052850517,classification_compaction_repair_generation_001_complete,artifacts/local_structured_external_data/whole_corpus_external_data_exhaustive_pipeline_2026-08-04/classified_observations/repair_generation_001/lanes/classification_lane_001/outcomes.jsonl
EXTPAYLOAD-5edb2cb1d27f52fe7168d775,classification_compaction_repair_generation_001_complete,artifacts/local_structured_external_data/whole_corpus_external_data_exhaustive_pipeline_2026-08-04/classified_observations/repair_generation_001/lanes/classification_lane_001/outcomes.jsonl
EXTPAYLOAD-5ee87f414e11d5ab5f4866d4,classification_compaction_repair_generation_001_complete,artifacts/local_structured_external_data/whole_corpus_external_data_exhaustive_pipeline_2026-08-04/classified_observations/repair_generation_001/lanes/classification_lane_001/outcomes.jsonl
EXTPAYLOAD-5eefe3ed7c6009979147dc1a,classification_compaction_repair_generation_001_complete,artifacts/local_structured_external_data/whole_corpus_external_data_exhaustive_pipeline_2026-08-04/classified_observations/repair_generation_001/lanes/classification_lane_001/outcomes.jsonl
EXTPAYLOAD-5efd638efba864074d689e6b,classification_compaction_repair_generation_001_complete,artifacts/local_structured_external_data/whole_corpus_external_data_exhaustive_pipeline_2026-08-04/classified_observations/repair_generation_001/lanes/classification_lane_001/outcomes.jsonl
EXTPAYLOAD-5f0eb6b8182be228aab948dc,classification_compaction_repair_generation_001_complete,artifacts/local_structured_external_data/whole_corpus_external_data_exhaustive_pipeline_2026-08-04/classified_observations/repair_generation_001/lanes/classification_lane_001/outcomes.jsonl
EXTPAYLOAD-5f3a76219f51b85acc4d327c,classification_compaction_repair_generation_001_complete,artifacts/local_structured_external_data/whole_corpus_external_data_exhaustive_pipeline_2026-08-04/classified_observations/repair_generation_001/lanes/classification_lane_001/outcomes.jsonl
EXTPAYLOAD-5f84700d2c3a2272608025ed,classification_compaction_repair_generation_001_complete,artifacts/local_structured_external_data/whole_corpus_external_data_exhaustive_pipeline_2026-08-04/classified_observations/repair_generation_001/lanes/classification_lane_001/outcomes.jsonl
EXTPAYLOAD-5f8ab0bb492264340506ebc3,classification_compaction_repair_generation_001_complete,artifacts/local_structured_external_data/whole_corpus_external_data_exhaustive_pipeline_2026-08-04/classified_observations/repair_generation_001/lanes/classification_lane_001/outcomes.jsonl
EXTPAYLOAD-5f9fb436fb78eecc2f9e2f20,classification_compaction_repair_generation_001_complete,artifacts/local_structured_external_data/whole_corpus_external_data_exhaustive_pipeline_2026-08-04/classified_observations/repair_generation_001/lanes/classification_lane_001/outcomes.jsonl
EXTPAYLOAD-5fae5a3aade2848f4d7d396c,classification_compaction_repair_generation_001_complete,artifacts/local_structured_external_data/whole_corpus_external_data_exhaustive_pipeline_2026-08-04/classified_observations/repair_generation_001/lanes/classification_lane_001/outcomes.jsonl
EXTPAYLOAD-5fd7da266bce0fcffc590566,classification_compaction_repair_generation_001_complete,artifacts/local_structured_external_data/whole_corpus_external_data_exhaustive_pipeline_2026-08-04/classified_observations/repair_generation_001/lanes/classification_lane_001/outcomes.jsonl
EXTPAYLOAD-5feb6eaa11ee951f8b185151,classification_compaction_repair_generation_001_complete,artifacts/local_structured_external_data/whole_corpus_external_data_exhaustive_pipeline_2026-08-04/classified_observations/repair_generation_001/lanes/classification_lane_001/outcomes.jsonl
EXTPAYLOAD-6001561b3e297a16635147c2,classification_compaction_repair_generation_001_complete,artifacts/local_structured_external_data/whole_corpus_external_data_exhaustive_pipeline_2026-08-04/classified_observations/repair_generation_001/lanes/classification_lane_001/outcomes.jsonl
EXTPAYLOAD-600ab5ec35d7d7171e358c81,classification_compaction_repair_generation_001_complete,artifacts/local_structured_external_data/whole_corpus_external_data_exhaustive_pipeline_2026-08-04/classified_observations/repair_generation_001/lanes/classification_lane_001/outcomes.jsonl
EXTPAYLOAD-602c375de4720a7014a9be08,classification_compaction_repair_generation_001_complete,artifacts/local_structured_external_data/whole_corpus_external_data_exhaustive_pipeline_2026-08-04/classified_observations/repair_generation_001/lanes/classification_lane_001/outcomes.jsonl
EXTPAYLOAD-6063ecfd83f7f8dc58bb67fe,classification_compaction_repair_generation_001_complete,artifacts/local_structured_external_data/whole_corpus_external_data_exhaustive_pipeline_2026-08-04/classified_observations/repair_generation_001/lanes/classification_lane_001/outcomes.jsonl
EXTPAYLOAD-6082e275fcd4b1d3ec635397,classification_compaction_repair_generation_001_complete,artifacts/local_structured_external_data/whole_corpus_external_data_exhaustive_pipeline_2026-08-04/classified_observations/repair_generation_001/lanes/classification_lane_001/outcomes.jsonl
EXTPAYLOAD-6098e5bc355c4e215569c3d9,classification_compaction_repair_generation_001_complete,artifacts/local_structured_external_data/whole_corpus_external_data_exhaustive_pipeline_2026-08-04/classified_observations/repair_generation_001/lanes/classification_lane_001/outcomes.jsonl
EXTPAYLOAD-609a240b6074519feeb886d8,classification_compaction_repair_generation_001_complete,artifacts/local_structured_external_data/whole_corpus_external_data_exhaustive_pipeline_2026-08-04/classified_observations/repair_generation_001/lanes/classification_lane_001/outcomes.jsonl
EXTPAYLOAD-60b3d50078ea9481d9541a11,classification_compaction_repair_generation_001_complete,artifacts/local_structured_external_data/whole_corpus_external_data_exhaustive_pipeline_2026-08-04/classified_observations/repair_generation_001/lanes/classification_lane_001/outcomes.jsonl
EXTPAYLOAD-60d531a7e533672180f54a3c,classification_compaction_repair_generation_001_complete,artifacts/local_structured_external_data/whole_corpus_external_data_exhaustive_pipeline_2026-08-04/classified_observations/repair_generation_001/lanes/classification_lane_001/outcomes.jsonl
EXTPAYLOAD-6104fa260a4c7044d66f30e0,classification_compaction_repair_generation_001_complete,artifacts/local_structured_external_data/whole_corpus_external_data_exhaustive_pipeline_2026-08-04/classified_observations/repair_generation_001/lanes/classification_lane_001/outcomes.jsonl
EXTPAYLOAD-611920d9aa4f60ca75f1a52a,classification_compaction_repair_generation_001_complete,artifacts/local_structured_external_data/whole_corpus_external_data_exhaustive_pipeline_2026-08-04/classified_observations/repair_generation_001/lanes/classification_lane_001/outcomes.jsonl
EXTPAYLOAD-61251d0e5c3fb54dc5952470,classification_compaction_repair_generation_001_complete,artifacts/local_structured_external_data/whole_corpus_external_data_exhaustive_pipeline_2026-08-04/classified_observations/repair_generation_001/lanes/classification_lane_001/outcomes.jsonl
EXTPAYLOAD-612c2636809545650a352d5d,classification_compaction_repair_generation_001_complete,artifacts/local_structured_external_data/whole_corpus_external_data_exhaustive_pipeline_2026-08-04/classified_observations/repair_generation_001/lanes/classification_lane_001/outcomes.jsonl
EXTPAYLOAD-61419eb346d0c082638496bc,classification_compaction_repair_generation_001_complete,artifacts/local_structured_external_data/whole_corpus_external_data_exhaustive_pipeline_2026-08-04/classified_observations/repair_generation_001/lanes/classification_lane_001/outcomes.jsonl
EXTPAYLOAD-614777bfe3d70d45d7f424e5,classification_compaction_repair_generation_001_complete,artifacts/local_structured_external_data/whole_corpus_external_data_exhaustive_pipeline_2026-08-04/classified_observations/repair_generation_001/lanes/classification_lane_001/outcomes.jsonl
EXTPAYLOAD-615fcb931d30cdea3620ee83,classification_compaction_repair_generation_001_complete,artifacts/local_structured_external_data/whole_corpus_external_data_exhaustive_pipeline_2026-08-04/classified_observations/repair_generation_001/lanes/classification_lane_001/outcomes.jsonl
EXTPAYLOAD-6179bbe91f0b67684af58388,classification_compaction_repair_generation_001_complete,artifacts/local_structured_external_data/whole_corpus_external_data_exhaustive_pipeline_2026-08-04/classified_observations/repair_generation_001/lanes/classification_lane_001/outcomes.jsonl
EXTPAYLOAD-6198f6a860dd97ab904e8f59,classification_compaction_repair_generation_001_complete,artifacts/local_structured_external_data/whole_corpus_external_data_exhaustive_pipeline_2026-08-04/classified_observations/repair_generation_001/lanes/classification_lane_001/outcomes.jsonl
EXTPAYLOAD-619eaf473c82413eeb212862,classification_compaction_repair_generation_001_complete,artifacts/local_structured_external_data/whole_corpus_external_data_exhaustive_pipeline_2026-08-04/classified_observations/repair_generation_001/lanes/classification_lane_001/outcomes.jsonl
EXTPAYLOAD-61a9189f81372d3a770462ea,classification_compaction_repair_generation_001_complete,artifacts/local_structured_external_data/whole_corpus_external_data_exhaustive_pipeline_2026-08-04/classified_observations/repair_generation_001/lanes/classification_lane_001/outcomes.jsonl
EXTPAYLOAD-61a98569e8ea8b34128eea8e,classification_compaction_repair_generation_001_complete,artifacts/local_structured_external_data/whole_corpus_external_data_exhaustive_pipeline_2026-08-04/classified_observations/repair_generation_001/lanes/classification_lane_001/outcomes.jsonl
EXTPAYLOAD-61b91e4a910ee9c0fe73404d,classification_compaction_repair_generation_001_complete,artifacts/local_structured_external_data/whole_corpus_external_data_exhaustive_pipeline_2026-08-04/classified_observations/repair_generation_001/lanes/classification_lane_001/outcomes.jsonl
EXTPAYLOAD-61cb2790a676aeeb1d53e271,classification_compaction_repair_generation_001_complete,artifacts/local_structured_external_data/whole_corpus_external_data_exhaustive_pipeline_2026-08-04/classified_observations/repair_generation_001/lanes/classification_lane_001/outcomes.jsonl
EXTPAYLOAD-61f13b8475d36d9b7c996174,classification_compaction_repair_generation_001_complete,artifacts/local_structured_external_data/whole_corpus_external_data_exhaustive_pipeline_2026-08-04/classified_observations/repair_generation_001/lanes/classification_lane_001/outcomes.jsonl
EXTPAYLOAD-61fd6ce045cb9c527d70960c,classification_compaction_repair_generation_001_complete,artifacts/local_structured_external_data/whole_corpus_external_data_exhaustive_pipeline_2026-08-04/classified_observations/repair_generation_001/lanes/classification_lane_001/outcomes.jsonl
EXTPAYLOAD-621265df52613841dde2b4ec,classification_compaction_repair_generation_001_complete,artifacts/local_structured_external_data/whole_corpus_external_data_exhaustive_pipeline_2026-08-04/classified_observations/repair_generation_001/lanes/classification_lane_001/outcomes.jsonl
EXTPAYLOAD-6218b8b254e96926308bc2ea,classification_compaction_repair_generation_001_complete,artifacts/local_structured_external_data/whole_corpus_external_data_exhaustive_pipeline_2026-08-04/classified_observations/repair_generation_001/lanes/classification_lane_001/outcomes.jsonl
EXTPAYLOAD-622d10e0eef00ca3fc64ece2,classification_compaction_repair_generation_001_complete,artifacts/local_structured_external_data/whole_corpus_external_data_exhaustive_pipeline_2026-08-04/classified_observations/repair_generation_001/lanes/classification_lane_001/outcomes.jsonl
EXTPAYLOAD-6239dfa5144b9a70862048ca,classification_compaction_repair_generation_001_complete,artifacts/local_structured_external_data/whole_corpus_external_data_exhaustive_pipeline_2026-08-04/classified_observations/repair_generation_001/lanes/classification_lane_001/outcomes.jsonl
EXTPAYLOAD-62606c7756451a210d158132,classification_compaction_repair_generation_001_complete,artifacts/local_structured_external_data/whole_corpus_external_data_exhaustive_pipeline_2026-08-04/classified_observations/repair_generation_001/lanes/classification_lane_001/outcomes.jsonl
EXTPAYLOAD-626480b8829cd38c4b7efe29,classification_compaction_repair_generation_001_complete,artifacts/local_structured_external_data/whole_corpus_external_data_exhaustive_pipeline_2026-08-04/classified_observations/repair_generation_001/lanes/classification_lane_001/outcomes.jsonl
EXTPAYLOAD-626a6aaf4b8f8a76a02f9360,classification_compaction_repair_generation_001_complete,artifacts/local_structured_external_data/whole_corpus_external_data_exhaustive_pipeline_2026-08-04/classified_observations/repair_generation_001/lanes/classification_lane_001/outcomes.jsonl
EXTPAYLOAD-629479997f6455c072bbbb43,classification_compaction_repair_generation_001_complete,artifacts/local_structured_external_data/whole_corpus_external_data_exhaustive_pipeline_2026-08-04/classified_observations/repair_generation_001/lanes/classification_lane_001/outcomes.jsonl
EXTPAYLOAD-630cb3f6dfc56cd76c377b91,classification_compaction_repair_generation_001_complete,artifacts/local_structured_external_data/whole_corpus_external_data_exhaustive_pipeline_2026-08-04/classified_observations/repair_generation_001/lanes/classification_lane_001/outcomes.jsonl
EXTPAYLOAD-631841b8f6788cee910122e8,classification_compaction_repair_generation_001_complete,artifacts/local_structured_external_data/whole_corpus_external_data_exhaustive_pipeline_2026-08-04/classified_observations/repair_generation_001/lanes/classification_lane_001/outcomes.jsonl
EXTPAYLOAD-632fd646728415f8ff23c7d1,classification_compaction_repair_generation_001_complete,artifacts/local_structured_external_data/whole_corpus_external_data_exhaustive_pipeline_2026-08-04/classified_observations/repair_generation_001/lanes/classification_lane_001/outcomes.jsonl
EXTPAYLOAD-63896ff772e42261cb4ec19b,classification_compaction_repair_generation_001_complete,artifacts/local_structured_external_data/whole_corpus_external_data_exhaustive_pipeline_2026-08-04/classified_observations/repair_generation_001/lanes/classification_lane_001/outcomes.jsonl
EXTPAYLOAD-63bb8f6ab412aa5e2d1fc752,classification_compaction_repair_generation_001_complete,artifacts/local_structured_external_data/whole_corpus_external_data_exhaustive_pipeline_2026-08-04/classified_observations/repair_generation_001/lanes/classification_lane_001/outcomes.jsonl
EXTPAYLOAD-63eefc6e3a2131825b70b56e,classification_compaction_repair_generation_001_complete,artifacts/local_structured_external_data/whole_corpus_external_data_exhaustive_pipeline_2026-08-04/classified_observations/repair_generation_001/lanes/classification_lane_001/outcomes.jsonl
EXTPAYLOAD-63f46a349f7d474fcfa79e55,classification_compaction_repair_generation_001_complete,artifacts/local_structured_external_data/whole_corpus_external_data_exhaustive_pipeline_2026-08-04/classified_observations/repair_generation_001/lanes/classification_lane_001/outcomes.jsonl
EXTPAYLOAD-64004fa6eba567761d53bb7a,classification_compaction_repair_generation_001_complete,artifacts/local_structured_external_data/whole_corpus_external_data_exhaustive_pipeline_2026-08-04/classified_observations/repair_generation_001/lanes/classification_lane_001/outcomes.jsonl
EXTPAYLOAD-641cf26d0bbdca97988a02d3,classification_compaction_repair_generation_001_complete,artifacts/local_structured_external_data/whole_corpus_external_data_exhaustive_pipeline_2026-08-04/classified_observations/repair_generation_001/lanes/classification_lane_001/outcomes.jsonl
EXTPAYLOAD-642876973eadab87c3d4567f,classification_compaction_repair_generation_001_complete,artifacts/local_structured_external_data/whole_corpus_external_data_exhaustive_pipeline_2026-08-04/classified_observations/repair_generation_001/lanes/classification_lane_001/outcomes.jsonl
EXTPAYLOAD-6468571ea12d1afc028f46ec,classification_compaction_repair_generation_001_complete,artifacts/local_structured_external_data/whole_corpus_external_data_exhaustive_pipeline_2026-08-04/classified_observations/repair_generation_001/lanes/classification_lane_001/outcomes.jsonl
EXTPAYLOAD-648a1bc48e5014c734ec024f,classification_compaction_repair_generation_001_complete,artifacts/local_structured_external_data/whole_corpus_external_data_exhaustive_pipeline_2026-08-04/classified_observations/repair_generation_001/lanes/classification_lane_001/outcomes.jsonl
EXTPAYLOAD-6492a5fce179da1d4c8a64f4,classification_compaction_repair_generation_001_complete,artifacts/local_structured_external_data/whole_corpus_external_data_exhaustive_pipeline_2026-08-04/classified_observations/repair_generation_001/lanes/classification_lane_001/outcomes.jsonl
EXTPAYLOAD-64af500651ff47dcb4959526,classification_compaction_repair_generation_001_complete,artifacts/local_structured_external_data/whole_corpus_external_data_exhaustive_pipeline_2026-08-04/classified_observations/repair_generation_001/lanes/classification_lane_001/outcomes.jsonl
EXTPAYLOAD-64b0a679fc28d7834ba234b3,classification_compaction_repair_generation_001_complete,artifacts/local_structured_external_data/whole_corpus_external_data_exhaustive_pipeline_2026-08-04/classified_observations/repair_generation_001/lanes/classification_lane_001/outcomes.jsonl
EXTPAYLOAD-64c2f495bbf134e44df125dd,classification_compaction_repair_generation_001_complete,artifacts/local_structured_external_data/whole_corpus_external_data_exhaustive_pipeline_2026-08-04/classified_observations/repair_generation_001/lanes/classification_lane_001/outcomes.jsonl
EXTPAYLOAD-64d18297b978ab8ac4d830c6,classification_compaction_repair_generation_001_complete,artifacts/local_structured_external_data/whole_corpus_external_data_exhaustive_pipeline_2026-08-04/classified_observations/repair_generation_001/lanes/classification_lane_001/outcomes.jsonl
EXTPAYLOAD-64d68f2b970c238eacaffdff,classification_compaction_repair_generation_001_complete,artifacts/local_structured_external_data/whole_corpus_external_data_exhaustive_pipeline_2026-08-04/classified_observations/repair_generation_001/lanes/classification_lane_001/outcomes.jsonl
EXTPAYLOAD-64e410ee78db274b748326e0,classification_compaction_repair_generation_001_complete,artifacts/local_structured_external_data/whole_corpus_external_data_exhaustive_pipeline_2026-08-04/classified_observations/repair_generation_001/lanes/classification_lane_001/outcomes.jsonl
EXTPAYLOAD-64e944237f6ea4e9042afd0a,classification_compaction_repair_generation_001_complete,artifacts/local_structured_external_data/whole_corpus_external_data_exhaustive_pipeline_2026-08-04/classified_observations/repair_generation_001/lanes/classification_lane_001/outcomes.jsonl
EXTPAYLOAD-65162264ccad2198b7cf3d9a,classification_compaction_repair_generation_001_complete,artifacts/local_structured_external_data/whole_corpus_external_data_exhaustive_pipeline_2026-08-04/classified_observations/repair_generation_001/lanes/classification_lane_001/outcomes.jsonl
EXTPAYLOAD-65582bd102dfe3dd81e07232,classification_compaction_repair_generation_001_complete,artifacts/local_structured_external_data/whole_corpus_external_data_exhaustive_pipeline_2026-08-04/classified_observations/repair_generation_001/lanes/classification_lane_001/outcomes.jsonl
EXTPAYLOAD-65595f875a7f06f611d42088,classification_compaction_repair_generation_001_complete,artifacts/local_structured_external_data/whole_corpus_external_data_exhaustive_pipeline_2026-08-04/classified_observations/repair_generation_001/lanes/classification_lane_001/outcomes.jsonl
EXTPAYLOAD-656d781a930535d7810290e5,classification_compaction_repair_generation_001_complete,artifacts/local_structured_external_data/whole_corpus_external_data_exhaustive_pipeline_2026-08-04/classified_observations/repair_generation_001/lanes/classification_lane_001/outcomes.jsonl
EXTPAYLOAD-6594c30968d226aef4078b79,classification_compaction_repair_generation_001_complete,artifacts/local_structured_external_data/whole_corpus_external_data_exhaustive_pipeline_2026-08-04/classified_observations/repair_generation_001/lanes/classification_lane_001/outcomes.jsonl
EXTPAYLOAD-659564fa5f9fdfae4beb4f1b,classification_compaction_repair_generation_001_complete,artifacts/local_structured_external_data/whole_corpus_external_data_exhaustive_pipeline_2026-08-04/classified_observations/repair_generation_001/lanes/classification_lane_001/outcomes.jsonl
EXTPAYLOAD-659703ee1043beaa667122aa,classification_compaction_repair_generation_001_complete,artifacts/local_structured_external_data/whole_corpus_external_data_exhaustive_pipeline_2026-08-04/classified_observations/repair_generation_001/lanes/classification_lane_001/outcomes.jsonl
EXTPAYLOAD-65a2940877d39436694ee2ae,classification_compaction_repair_generation_001_complete,artifacts/local_structured_external_data/whole_corpus_external_data_exhaustive_pipeline_2026-08-04/classified_observations/repair_generation_001/lanes/classification_lane_001/outcomes.jsonl
EXTPAYLOAD-65af37f55791dfe6b7723040,classification_compaction_repair_generation_001_complete,artifacts/local_structured_external_data/whole_corpus_external_data_exhaustive_pipeline_2026-08-04/classified_observations/repair_generation_001/lanes/classification_lane_001/outcomes.jsonl
EXTPAYLOAD-65af667c1d5f474a36d69d64,classification_compaction_repair_generation_001_complete,artifacts/local_structured_external_data/whole_corpus_external_data_exhaustive_pipeline_2026-08-04/classified_observations/repair_generation_001/lanes/classification_lane_001/outcomes.jsonl
EXTPAYLOAD-65b0cc06e74b7effb261bc9f,classification_compaction_repair_generation_001_complete,artifacts/local_structured_external_data/whole_corpus_external_data_exhaustive_pipeline_2026-08-04/classified_observations/repair_generation_001/lanes/classification_lane_001/outcomes.jsonl
EXTPAYLOAD-65d7a9cca6bda051db491789,classification_compaction_repair_generation_001_complete,artifacts/local_structured_external_data/whole_corpus_external_data_exhaustive_pipeline_2026-08-04/classified_observations/repair_generation_001/lanes/classification_lane_001/outcomes.jsonl
EXTPAYLOAD-65dbf9fe638b3176d4f4eefd,classification_compaction_repair_generation_001_complete,artifacts/local_structured_external_data/whole_corpus_external_data_exhaustive_pipeline_2026-08-04/classified_observations/repair_generation_001/lanes/classification_lane_001/outcomes.jsonl
EXTPAYLOAD-65efb87ed732c04ab45d8bbb,classification_compaction_repair_generation_001_complete,artifacts/local_structured_external_data/whole_corpus_external_data_exhaustive_pipeline_2026-08-04/classified_observations/repair_generation_001/lanes/classification_lane_001/outcomes.jsonl
EXTPAYLOAD-65f8e2e1c1c019179326abf3,classification_compaction_repair_generation_001_complete,artifacts/local_structured_external_data/whole_corpus_external_data_exhaustive_pipeline_2026-08-04/classified_observations/repair_generation_001/lanes/classification_lane_001/outcomes.jsonl
EXTPAYLOAD-660895de351a6eac6236084f,classification_compaction_repair_generation_001_complete,artifacts/local_structured_external_data/whole_corpus_external_data_exhaustive_pipeline_2026-08-04/classified_observations/repair_generation_001/lanes/classification_lane_001/outcomes.jsonl
EXTPAYLOAD-661141723a4dbbba6a677fa9,classification_compaction_repair_generation_001_complete,artifacts/local_structured_external_data/whole_corpus_external_data_exhaustive_pipeline_2026-08-04/classified_observations/repair_generation_001/lanes/classification_lane_001/outcomes.jsonl
EXTPAYLOAD-66298c73aa1e3250c45fc741,classification_compaction_repair_generation_001_complete,artifacts/local_structured_external_data/whole_corpus_external_data_exhaustive_pipeline_2026-08-04/classified_observations/repair_generation_001/lanes/classification_lane_001/outcomes.jsonl
EXTPAYLOAD-66317b04eb31959278a91ffb,classification_compaction_repair_generation_001_complete,artifacts/local_structured_external_data/whole_corpus_external_data_exhaustive_pipeline_2026-08-04/classified_observations/repair_generation_001/lanes/classification_lane_001/outcomes.jsonl
EXTPAYLOAD-667db8f2747f9ae21c854654,classification_compaction_repair_generation_001_complete,artifacts/local_structured_external_data/whole_corpus_external_data_exhaustive_pipeline_2026-08-04/classified_observations/repair_generation_001/lanes/classification_lane_001/outcomes.jsonl
EXTPAYLOAD-6683d3ea9f8b04fdb3245733,classification_compaction_repair_generation_001_complete,artifacts/local_structured_external_data/whole_corpus_external_data_exhaustive_pipeline_2026-08-04/classified_observations/repair_generation_001/lanes/classification_lane_001/outcomes.jsonl
EXTPAYLOAD-668838b49c6b85d57a5170d1,classification_compaction_repair_generation_001_complete,artifacts/local_structured_external_data/whole_corpus_external_data_exhaustive_pipeline_2026-08-04/classified_observations/repair_generation_001/lanes/classification_lane_001/outcomes.jsonl
EXTPAYLOAD-6688ca42144bb4fcc884cd3d,classification_compaction_repair_generation_001_complete,artifacts/local_structured_external_data/whole_corpus_external_data_exhaustive_pipeline_2026-08-04/classified_observations/repair_generation_001/lanes/classification_lane_001/outcomes.jsonl
EXTPAYLOAD-668a984e7f9b7e30c3d57fde,classification_compaction_repair_generation_001_complete,artifacts/local_structured_external_data/whole_corpus_external_data_exhaustive_pipeline_2026-08-04/classified_observations/repair_generation_001/lanes/classification_lane_001/outcomes.jsonl
EXTPAYLOAD-66c9d81f8d44e961b4da2e61,classification_compaction_repair_generation_001_complete,artifacts/local_structured_external_data/whole_corpus_external_data_exhaustive_pipeline_2026-08-04/classified_observations/repair_generation_001/lanes/classification_lane_001/outcomes.jsonl
EXTPAYLOAD-66e8bc27929501bea522cb55,classification_compaction_repair_generation_001_complete,artifacts/local_structured_external_data/whole_corpus_external_data_exhaustive_pipeline_2026-08-04/classified_observations/repair_generation_001/lanes/classification_lane_001/outcomes.jsonl
EXTPAYLOAD-67027e3ff68e8fbfa7c1d107,classification_compaction_repair_generation_001_complete,artifacts/local_structured_external_data/whole_corpus_external_data_exhaustive_pipeline_2026-08-04/classified_observations/repair_generation_001/lanes/classification_lane_001/outcomes.jsonl
EXTPAYLOAD-673769e71f6695617c88df62,classification_compaction_repair_generation_001_complete,artifacts/local_structured_external_data/whole_corpus_external_data_exhaustive_pipeline_2026-08-04/classified_observations/repair_generation_001/lanes/classification_lane_001/outcomes.jsonl
EXTPAYLOAD-673f4c9be62b26060073ed79,classification_compaction_repair_generation_001_complete,artifacts/local_structured_external_data/whole_corpus_external_data_exhaustive_pipeline_2026-08-04/classified_observations/repair_generation_001/lanes/classification_lane_001/outcomes.jsonl
EXTPAYLOAD-67cfcc350eec8a561874e221,classification_compaction_repair_generation_001_complete,artifacts/local_structured_external_data/whole_corpus_external_data_exhaustive_pipeline_2026-08-04/classified_observations/repair_generation_001/lanes/classification_lane_001/outcomes.jsonl
EXTPAYLOAD-67ebee74c620435c5cf3de44,classification_compaction_repair_generation_001_complete,artifacts/local_structured_external_data/whole_corpus_external_data_exhaustive_pipeline_2026-08-04/classified_observations/repair_generation_001/lanes/classification_lane_001/outcomes.jsonl
EXTPAYLOAD-67f1b5bafeea873d28b30fbe,classification_compaction_repair_generation_001_complete,artifacts/local_structured_external_data/whole_corpus_external_data_exhaustive_pipeline_2026-08-04/classified_observations/repair_generation_001/lanes/classification_lane_001/outcomes.jsonl
EXTPAYLOAD-683628e9521fd08204e173b1,classification_compaction_repair_generation_001_complete,artifacts/local_structured_external_data/whole_corpus_external_data_exhaustive_pipeline_2026-08-04/classified_observations/repair_generation_001/lanes/classification_lane_001/outcomes.jsonl
EXTPAYLOAD-6849196331da91dda030dfbb,classification_compaction_repair_generation_001_complete,artifacts/local_structured_external_data/whole_corpus_external_data_exhaustive_pipeline_2026-08-04/classified_observations/repair_generation_001/lanes/classification_lane_001/outcomes.jsonl
EXTPAYLOAD-6865498761642b9258ff2aa6,classification_compaction_repair_generation_001_complete,artifacts/local_structured_external_data/whole_corpus_external_data_exhaustive_pipeline_2026-08-04/classified_observations/repair_generation_001/lanes/classification_lane_001/outcomes.jsonl
EXTPAYLOAD-689f21ad6029e61f28ed8686,classification_compaction_repair_generation_001_complete,artifacts/local_structured_external_data/whole_corpus_external_data_exhaustive_pipeline_2026-08-04/classified_observations/repair_generation_001/lanes/classification_lane_001/outcomes.jsonl
EXTPAYLOAD-68a8c1aa943c3bb0933783c3,classification_compaction_repair_generation_001_complete,artifacts/local_structured_external_data/whole_corpus_external_data_exhaustive_pipeline_2026-08-04/classified_observations/repair_generation_001/lanes/classification_lane_001/outcomes.jsonl
EXTPAYLOAD-68b1942d640ed9119dc8b2cf,classification_compaction_repair_generation_001_complete,artifacts/local_structured_external_data/whole_corpus_external_data_exhaustive_pipeline_2026-08-04/classified_observations/repair_generation_001/lanes/classification_lane_001/outcomes.jsonl
EXTPAYLOAD-68db5583497c2536573b38eb,classification_compaction_repair_generation_001_complete,artifacts/local_structured_external_data/whole_corpus_external_data_exhaustive_pipeline_2026-08-04/classified_observations/repair_generation_001/lanes/classification_lane_001/outcomes.jsonl
EXTPAYLOAD-68e0ffac0a690e421fe7576e,classification_compaction_repair_generation_001_complete,artifacts/local_structured_external_data/whole_corpus_external_data_exhaustive_pipeline_2026-08-04/classified_observations/repair_generation_001/lanes/classification_lane_001/outcomes.jsonl
EXTPAYLOAD-68f2a0dc0211a813812081bd,classification_compaction_repair_generation_001_complete,artifacts/local_structured_external_data/whole_corpus_external_data_exhaustive_pipeline_2026-08-04/classified_observations/repair_generation_001/lanes/classification_lane_001/outcomes.jsonl
EXTPAYLOAD-68f74f0556950c7f97943d8d,classification_compaction_repair_generation_001_complete,artifacts/local_structured_external_data/whole_corpus_external_data_exhaustive_pipeline_2026-08-04/classified_observations/repair_generation_001/lanes/classification_lane_001/outcomes.jsonl
EXTPAYLOAD-690162732975552dfbdb79ca,classification_compaction_repair_generation_001_complete,artifacts/local_structured_external_data/whole_corpus_external_data_exhaustive_pipeline_2026-08-04/classified_observations/repair_generation_001/lanes/classification_lane_001/outcomes.jsonl
EXTPAYLOAD-69033fd69c4e8f2e41792720,classification_compaction_repair_generation_001_complete,artifacts/local_structured_external_data/whole_corpus_external_data_exhaustive_pipeline_2026-08-04/classified_observations/repair_generation_001/lanes/classification_lane_001/outcomes.jsonl
EXTPAYLOAD-690d665b67fe77780226e3d8,classification_compaction_repair_generation_001_complete,artifacts/local_structured_external_data/whole_corpus_external_data_exhaustive_pipeline_2026-08-04/classified_observations/repair_generation_001/lanes/classification_lane_001/outcomes.jsonl
EXTPAYLOAD-69376f7a7242d38e486039db,classification_compaction_repair_generation_001_complete,artifacts/local_structured_external_data/whole_corpus_external_data_exhaustive_pipeline_2026-08-04/classified_observations/repair_generation_001/lanes/classification_lane_001/outcomes.jsonl
EXTPAYLOAD-697a17f3e810b9118f53ec21,classification_compaction_repair_generation_001_complete,artifacts/local_structured_external_data/whole_corpus_external_data_exhaustive_pipeline_2026-08-04/classified_observations/repair_generation_001/lanes/classification_lane_001/outcomes.jsonl
EXTPAYLOAD-69aef48a51932cf6ef772cc0,classification_compaction_repair_generation_001_complete,artifacts/local_structured_external_data/whole_corpus_external_data_exhaustive_pipeline_2026-08-04/classified_observations/repair_generation_001/lanes/classification_lane_001/outcomes.jsonl
EXTPAYLOAD-69d9fad032b680f04a931ffc,classification_compaction_repair_generation_001_complete,artifacts/local_structured_external_data/whole_corpus_external_data_exhaustive_pipeline_2026-08-04/classified_observations/repair_generation_001/lanes/classification_lane_001/outcomes.jsonl
EXTPAYLOAD-69de188462c3ce47b8d57db0,classification_compaction_repair_generation_001_complete,artifacts/local_structured_external_data/whole_corpus_external_data_exhaustive_pipeline_2026-08-04/classified_observations/repair_generation_001/lanes/classification_lane_001/outcomes.jsonl
EXTPAYLOAD-69e714f60e622e8b49d8bce0,classification_compaction_repair_generation_001_complete,artifacts/local_structured_external_data/whole_corpus_external_data_exhaustive_pipeline_2026-08-04/classified_observations/repair_generation_001/lanes/classification_lane_001/outcomes.jsonl
EXTPAYLOAD-6a0b2f25ab9ea674d2e95d92,classification_compaction_repair_generation_001_complete,artifacts/local_structured_external_data/whole_corpus_external_data_exhaustive_pipeline_2026-08-04/classified_observations/repair_generation_001/lanes/classification_lane_001/outcomes.jsonl
EXTPAYLOAD-6a21e266c0ac36c349bfdc57,classification_compaction_repair_generation_001_complete,artifacts/local_structured_external_data/whole_corpus_external_data_exhaustive_pipeline_2026-08-04/classified_observations/repair_generation_001/lanes/classification_lane_001/outcomes.jsonl
EXTPAYLOAD-6a350f115b385385770623ed,classification_compaction_repair_generation_001_complete,artifacts/local_structured_external_data/whole_corpus_external_data_exhaustive_pipeline_2026-08-04/classified_observations/repair_generation_001/lanes/classification_lane_001/outcomes.jsonl
EXTPAYLOAD-6a532346da11697c30d9f33f,classification_compaction_repair_generation_001_complete,artifacts/local_structured_external_data/whole_corpus_external_data_exhaustive_pipeline_2026-08-04/classified_observations/repair_generation_001/lanes/classification_lane_001/outcomes.jsonl
EXTPAYLOAD-6a5daa57e9954c90d8cfa7df,classification_compaction_repair_generation_001_complete,artifacts/local_structured_external_data/whole_corpus_external_data_exhaustive_pipeline_2026-08-04/classified_observations/repair_generation_001/lanes/classification_lane_001/outcomes.jsonl
EXTPAYLOAD-6a5f9b403e4f698d60247b2a,classification_compaction_repair_generation_001_complete,artifacts/local_structured_external_data/whole_corpus_external_data_exhaustive_pipeline_2026-08-04/classified_observations/repair_generation_001/lanes/classification_lane_001/outcomes.jsonl
EXTPAYLOAD-6a86bff1348f6658468c9929,classification_compaction_repair_generation_001_complete,artifacts/local_structured_external_data/whole_corpus_external_data_exhaustive_pipeline_2026-08-04/classified_observations/repair_generation_001/lanes/classification_lane_001/outcomes.jsonl
EXTPAYLOAD-6aa185355fcb9785548bb51d,classification_compaction_repair_generation_001_complete,artifacts/local_structured_external_data/whole_corpus_external_data_exhaustive_pipeline_2026-08-04/classified_observations/repair_generation_001/lanes/classification_lane_001/outcomes.jsonl
EXTPAYLOAD-6aae8cf63d881c2ef216871e,classification_compaction_repair_generation_001_complete,artifacts/local_structured_external_data/whole_corpus_external_data_exhaustive_pipeline_2026-08-04/classified_observations/repair_generation_001/lanes/classification_lane_001/outcomes.jsonl
EXTPAYLOAD-6ab3705f83e1873dc7cdc940,classification_compaction_repair_generation_001_complete,artifacts/local_structured_external_data/whole_corpus_external_data_exhaustive_pipeline_2026-08-04/classified_observations/repair_generation_001/lanes/classification_lane_001/outcomes.jsonl
EXTPAYLOAD-6ab71cbca846f9b8452aa168,classification_compaction_repair_generation_001_complete,artifacts/local_structured_external_data/whole_corpus_external_data_exhaustive_pipeline_2026-08-04/classified_observations/repair_generation_001/lanes/classification_lane_001/outcomes.jsonl
EXTPAYLOAD-6ac0ec26115b9a75ec2d464b,classification_compaction_repair_generation_001_complete,artifacts/local_structured_external_data/whole_corpus_external_data_exhaustive_pipeline_2026-08-04/classified_observations/repair_generation_001/lanes/classification_lane_001/outcomes.jsonl
EXTPAYLOAD-6ac7b2b32e245c7c088e57ec,classification_compaction_repair_generation_001_complete,artifacts/local_structured_external_data/whole_corpus_external_data_exhaustive_pipeline_2026-08-04/classified_observations/repair_generation_001/lanes/classification_lane_001/outcomes.jsonl
EXTPAYLOAD-6ac98ebfa88a006b9852da78,classification_compaction_repair_generation_001_complete,artifacts/local_structured_external_data/whole_corpus_external_data_exhaustive_pipeline_2026-08-04/classified_observations/repair_generation_001/lanes/classification_lane_001/outcomes.jsonl
EXTPAYLOAD-6ace60a06006ddd5a5f6ca09,classification_compaction_repair_generation_001_complete,artifacts/local_structured_external_data/whole_corpus_external_data_exhaustive_pipeline_2026-08-04/classified_observations/repair_generation_001/lanes/classification_lane_001/outcomes.jsonl
EXTPAYLOAD-6ad40376afc379ba8916d4cb,classification_compaction_repair_generation_001_complete,artifacts/local_structured_external_data/whole_corpus_external_data_exhaustive_pipeline_2026-08-04/classified_observations/repair_generation_001/lanes/classification_lane_001/outcomes.jsonl
EXTPAYLOAD-6ae389508e9a7750ff03b3f1,classification_compaction_repair_generation_001_complete,artifacts/local_structured_external_data/whole_corpus_external_data_exhaustive_pipeline_2026-08-04/classified_observations/repair_generation_001/lanes/classification_lane_001/outcomes.jsonl
EXTPAYLOAD-6af7470fe2f7e57cbda66134,classification_compaction_repair_generation_001_complete,artifacts/local_structured_external_data/whole_corpus_external_data_exhaustive_pipeline_2026-08-04/classified_observations/repair_generation_001/lanes/classification_lane_001/outcomes.jsonl
EXTPAYLOAD-6b5c770e2e95e7a2d9e373a0,classification_compaction_repair_generation_001_complete,artifacts/local_structured_external_data/whole_corpus_external_data_exhaustive_pipeline_2026-08-04/classified_observations/repair_generation_001/lanes/classification_lane_001/outcomes.jsonl
EXTPAYLOAD-6b5d04b8d183629d924e8c7c,classification_compaction_repair_generation_001_complete,artifacts/local_structured_external_data/whole_corpus_external_data_exhaustive_pipeline_2026-08-04/classified_observations/repair_generation_001/lanes/classification_lane_001/outcomes.jsonl
EXTPAYLOAD-6b63dfafb1ba066737557b5c,classification_compaction_repair_generation_001_complete,artifacts/local_structured_external_data/whole_corpus_external_data_exhaustive_pipeline_2026-08-04/classified_observations/repair_generation_001/lanes/classification_lane_001/outcomes.jsonl
EXTPAYLOAD-6b6ffe13c4676aac2ba3ccd9,classification_compaction_repair_generation_001_complete,artifacts/local_structured_external_data/whole_corpus_external_data_exhaustive_pipeline_2026-08-04/classified_observations/repair_generation_001/lanes/classification_lane_001/outcomes.jsonl
EXTPAYLOAD-6b945314a4367b321ebe8562,classification_compaction_repair_generation_001_complete,artifacts/local_structured_external_data/whole_corpus_external_data_exhaustive_pipeline_2026-08-04/classified_observations/repair_generation_001/lanes/classification_lane_001/outcomes.jsonl
EXTPAYLOAD-6b9c68964da5d5ac36b074b9,classification_compaction_repair_generation_001_complete,artifacts/local_structured_external_data/whole_corpus_external_data_exhaustive_pipeline_2026-08-04/classified_observations/repair_generation_001/lanes/classification_lane_001/outcomes.jsonl
EXTPAYLOAD-6bc54d262e8a317dbd4d1cdc,classification_compaction_repair_generation_001_complete,artifacts/local_structured_external_data/whole_corpus_external_data_exhaustive_pipeline_2026-08-04/classified_observations/repair_generation_001/lanes/classification_lane_001/outcomes.jsonl
EXTPAYLOAD-6bce76f7f46a2d0bf363e8e7,classification_compaction_repair_generation_001_complete,artifacts/local_structured_external_data/whole_corpus_external_data_exhaustive_pipeline_2026-08-04/classified_observations/repair_generation_001/lanes/classification_lane_001/outcomes.jsonl
EXTPAYLOAD-6bdefbbfd5d2408697c87851,classification_compaction_repair_generation_001_complete,artifacts/local_structured_external_data/whole_corpus_external_data_exhaustive_pipeline_2026-08-04/classified_observations/repair_generation_001/lanes/classification_lane_001/outcomes.jsonl
EXTPAYLOAD-6be1c46e1cc7a050712a1a73,classification_compaction_repair_generation_001_complete,artifacts/local_structured_external_data/whole_corpus_external_data_exhaustive_pipeline_2026-08-04/classified_observations/repair_generation_001/lanes/classification_lane_001/outcomes.jsonl
EXTPAYLOAD-6c2b4055d5355fe7eb31d50c,classification_compaction_repair_generation_001_complete,artifacts/local_structured_external_data/whole_corpus_external_data_exhaustive_pipeline_2026-08-04/classified_observations/repair_generation_001/lanes/classification_lane_001/outcomes.jsonl
EXTPAYLOAD-6c3af8d57e38abea947b0748,classification_compaction_repair_generation_001_complete,artifacts/local_structured_external_data/whole_corpus_external_data_exhaustive_pipeline_2026-08-04/classified_observations/repair_generation_001/lanes/classification_lane_001/outcomes.jsonl
EXTPAYLOAD-6c5d48fd912f82578d87b466,classification_compaction_repair_generation_001_complete,artifacts/local_structured_external_data/whole_corpus_external_data_exhaustive_pipeline_2026-08-04/classified_observations/repair_generation_001/lanes/classification_lane_001/outcomes.jsonl
EXTPAYLOAD-6c768171fc4e1e9fdbe4e73c,classification_compaction_repair_generation_001_complete,artifacts/local_structured_external_data/whole_corpus_external_data_exhaustive_pipeline_2026-08-04/classified_observations/repair_generation_001/lanes/classification_lane_001/outcomes.jsonl
EXTPAYLOAD-6c9e299b013aec6ef0c48344,classification_compaction_repair_generation_001_complete,artifacts/local_structured_external_data/whole_corpus_external_data_exhaustive_pipeline_2026-08-04/classified_observations/repair_generation_001/lanes/classification_lane_001/outcomes.jsonl
EXTPAYLOAD-6ca2ab6733c75c42d580c6d9,classification_compaction_repair_generation_001_complete,artifacts/local_structured_external_data/whole_corpus_external_data_exhaustive_pipeline_2026-08-04/classified_observations/repair_generation_001/lanes/classification_lane_001/outcomes.jsonl
EXTPAYLOAD-6cd049b9589bd0f5f51e55af,classification_compaction_repair_generation_001_complete,artifacts/local_structured_external_data/whole_corpus_external_data_exhaustive_pipeline_2026-08-04/classified_observations/repair_generation_001/lanes/classification_lane_001/outcomes.jsonl
EXTPAYLOAD-6cd3c13650869d3c8bb7f93e,classification_compaction_repair_generation_001_complete,artifacts/local_structured_external_data/whole_corpus_external_data_exhaustive_pipeline_2026-08-04/classified_observations/repair_generation_001/lanes/classification_lane_001/outcomes.jsonl
EXTPAYLOAD-6cd9fa12c521992a7d7b4372,classification_compaction_repair_generation_001_complete,artifacts/local_structured_external_data/whole_corpus_external_data_exhaustive_pipeline_2026-08-04/classified_observations/repair_generation_001/lanes/classification_lane_001/outcomes.jsonl
EXTPAYLOAD-6d03af9e0e53590e7e12e264,classification_compaction_repair_generation_001_complete,artifacts/local_structured_external_data/whole_corpus_external_data_exhaustive_pipeline_2026-08-04/classified_observations/repair_generation_001/lanes/classification_lane_001/outcomes.jsonl
EXTPAYLOAD-6d0aadaf085012efd55a3bb3,classification_compaction_repair_generation_001_complete,artifacts/local_structured_external_data/whole_corpus_external_data_exhaustive_pipeline_2026-08-04/classified_observations/repair_generation_001/lanes/classification_lane_001/outcomes.jsonl
EXTPAYLOAD-6d3299132b83366ec8d72b21,classification_compaction_repair_generation_001_complete,artifacts/local_structured_external_data/whole_corpus_external_data_exhaustive_pipeline_2026-08-04/classified_observations/repair_generation_001/lanes/classification_lane_001/outcomes.jsonl
EXTPAYLOAD-6d4efa13c60b1f294f49771b,classification_compaction_repair_generation_001_complete,artifacts/local_structured_external_data/whole_corpus_external_data_exhaustive_pipeline_2026-08-04/classified_observations/repair_generation_001/lanes/classification_lane_001/outcomes.jsonl
EXTPAYLOAD-6d63a64a45c770cfa1ac0d61,classification_compaction_repair_generation_001_complete,artifacts/local_structured_external_data/whole_corpus_external_data_exhaustive_pipeline_2026-08-04/classified_observations/repair_generation_001/lanes/classification_lane_001/outcomes.jsonl
EXTPAYLOAD-6d9546309432b9118a2b2faa,classification_compaction_repair_generation_001_complete,artifacts/local_structured_external_data/whole_corpus_external_data_exhaustive_pipeline_2026-08-04/classified_observations/repair_generation_001/lanes/classification_lane_001/outcomes.jsonl
EXTPAYLOAD-6df12f12aae4167099e72807,classification_compaction_repair_generation_001_complete,artifacts/local_structured_external_data/whole_corpus_external_data_exhaustive_pipeline_2026-08-04/classified_observations/repair_generation_001/lanes/classification_lane_001/outcomes.jsonl
EXTPAYLOAD-6e4c360b702daf96771c8835,classification_compaction_repair_generation_001_complete,artifacts/local_structured_external_data/whole_corpus_external_data_exhaustive_pipeline_2026-08-04/classified_observations/repair_generation_001/lanes/classification_lane_001/outcomes.jsonl
EXTPAYLOAD-6e4cbee0ca78c7973bedf77b,classification_compaction_repair_generation_001_complete,artifacts/local_structured_external_data/whole_corpus_external_data_exhaustive_pipeline_2026-08-04/classified_observations/repair_generation_001/lanes/classification_lane_001/outcomes.jsonl
EXTPAYLOAD-6e4ea6995354ae32b79f82d3,classification_compaction_repair_generation_001_complete,artifacts/local_structured_external_data/whole_corpus_external_data_exhaustive_pipeline_2026-08-04/classified_observations/repair_generation_001/lanes/classification_lane_001/outcomes.jsonl
EXTPAYLOAD-6e4fa668d3221e312bcc6a49,classification_compaction_repair_generation_001_complete,artifacts/local_structured_external_data/whole_corpus_external_data_exhaustive_pipeline_2026-08-04/classified_observations/repair_generation_001/lanes/classification_lane_001/outcomes.jsonl
EXTPAYLOAD-6e527a0b4d80ca2b79cd4a87,classification_compaction_repair_generation_001_complete,artifacts/local_structured_external_data/whole_corpus_external_data_exhaustive_pipeline_2026-08-04/classified_observations/repair_generation_001/lanes/classification_lane_001/outcomes.jsonl
EXTPAYLOAD-6e5bb457af8dd787a9aaa183,classification_compaction_repair_generation_001_complete,artifacts/local_structured_external_data/whole_corpus_external_data_exhaustive_pipeline_2026-08-04/classified_observations/repair_generation_001/lanes/classification_lane_001/outcomes.jsonl
EXTPAYLOAD-6e610eee8f0cb0d905f0c6b3,classification_compaction_repair_generation_001_complete,artifacts/local_structured_external_data/whole_corpus_external_data_exhaustive_pipeline_2026-08-04/classified_observations/repair_generation_001/lanes/classification_lane_001/outcomes.jsonl
EXTPAYLOAD-6e69d577b2bc0adc941af6a5,classification_compaction_repair_generation_001_complete,artifacts/local_structured_external_data/whole_corpus_external_data_exhaustive_pipeline_2026-08-04/classified_observations/repair_generation_001/lanes/classification_lane_001/outcomes.jsonl
EXTPAYLOAD-6e716ffae25ca6a918f9e585,classification_compaction_repair_generation_001_complete,artifacts/local_structured_external_data/whole_corpus_external_data_exhaustive_pipeline_2026-08-04/classified_observations/repair_generation_001/lanes/classification_lane_001/outcomes.jsonl
EXTPAYLOAD-6e78e6224a61933117e75730,classification_compaction_repair_generation_001_complete,artifacts/local_structured_external_data/whole_corpus_external_data_exhaustive_pipeline_2026-08-04/classified_observations/repair_generation_001/lanes/classification_lane_001/outcomes.jsonl
EXTPAYLOAD-6e8d889f447f05fe454ae2f3,classification_compaction_repair_generation_001_complete,artifacts/local_structured_external_data/whole_corpus_external_data_exhaustive_pipeline_2026-08-04/classified_observations/repair_generation_001/lanes/classification_lane_001/outcomes.jsonl
EXTPAYLOAD-6ed8f020ac12ed34ffaabe19,classification_compaction_repair_generation_001_complete,artifacts/local_structured_external_data/whole_corpus_external_data_exhaustive_pipeline_2026-08-04/classified_observations/repair_generation_001/lanes/classification_lane_001/outcomes.jsonl
EXTPAYLOAD-6f023d18526af262e5538e5b,classification_compaction_repair_generation_001_complete,artifacts/local_structured_external_data/whole_corpus_external_data_exhaustive_pipeline_2026-08-04/classified_observations/repair_generation_001/lanes/classification_lane_001/outcomes.jsonl
EXTPAYLOAD-6f04764067f2c47b7d1fe06a,classification_compaction_repair_generation_001_complete,artifacts/local_structured_external_data/whole_corpus_external_data_exhaustive_pipeline_2026-08-04/classified_observations/repair_generation_001/lanes/classification_lane_001/outcomes.jsonl
EXTPAYLOAD-6f2afab0c69b51e0b9926398,classification_compaction_repair_generation_001_complete,artifacts/local_structured_external_data/whole_corpus_external_data_exhaustive_pipeline_2026-08-04/classified_observations/repair_generation_001/lanes/classification_lane_001/outcomes.jsonl
EXTPAYLOAD-6f2d7f5958c6a45f6a81af0f,classification_compaction_repair_generation_001_complete,artifacts/local_structured_external_data/whole_corpus_external_data_exhaustive_pipeline_2026-08-04/classified_observations/repair_generation_001/lanes/classification_lane_001/outcomes.jsonl
EXTPAYLOAD-6f459213936b91bd2abfa5ac,classification_compaction_repair_generation_001_complete,artifacts/local_structured_external_data/whole_corpus_external_data_exhaustive_pipeline_2026-08-04/classified_observations/repair_generation_001/lanes/classification_lane_001/outcomes.jsonl
EXTPAYLOAD-6f5eeaf5057bbef07c1c7be3,classification_compaction_repair_generation_001_complete,artifacts/local_structured_external_data/whole_corpus_external_data_exhaustive_pipeline_2026-08-04/classified_observations/repair_generation_001/lanes/classification_lane_001/outcomes.jsonl
EXTPAYLOAD-6f6188c5753f4942008c9e60,classification_compaction_repair_generation_001_complete,artifacts/local_structured_external_data/whole_corpus_external_data_exhaustive_pipeline_2026-08-04/classified_observations/repair_generation_001/lanes/classification_lane_001/outcomes.jsonl
EXTPAYLOAD-6f6b66060a606359c2f4019d,classification_compaction_repair_generation_001_complete,artifacts/local_structured_external_data/whole_corpus_external_data_exhaustive_pipeline_2026-08-04/classified_observations/repair_generation_001/lanes/classification_lane_001/outcomes.jsonl
EXTPAYLOAD-6f6d3ef0dff2c5d4252307b9,classification_compaction_repair_generation_001_complete,artifacts/local_structured_external_data/whole_corpus_external_data_exhaustive_pipeline_2026-08-04/classified_observations/repair_generation_001/lanes/classification_lane_001/outcomes.jsonl
EXTPAYLOAD-6f742793efea8928ca623927,classification_compaction_repair_generation_001_complete,artifacts/local_structured_external_data/whole_corpus_external_data_exhaustive_pipeline_2026-08-04/classified_observations/repair_generation_001/lanes/classification_lane_001/outcomes.jsonl
EXTPAYLOAD-6f7c1d82f0980a2eedc29645,classification_compaction_repair_generation_001_complete,artifacts/local_structured_external_data/whole_corpus_external_data_exhaustive_pipeline_2026-08-04/classified_observations/repair_generation_001/lanes/classification_lane_001/outcomes.jsonl
EXTPAYLOAD-6f7de213d6d67d1d864a27ce,classification_compaction_repair_generation_001_complete,artifacts/local_structured_external_data/whole_corpus_external_data_exhaustive_pipeline_2026-08-04/classified_observations/repair_generation_001/lanes/classification_lane_001/outcomes.jsonl
EXTPAYLOAD-6f80d403260763da3892649b,classification_compaction_repair_generation_001_complete,artifacts/local_structured_external_data/whole_corpus_external_data_exhaustive_pipeline_2026-08-04/classified_observations/repair_generation_001/lanes/classification_lane_001/outcomes.jsonl
EXTPAYLOAD-6f901a647faf248dbda8120b,classification_compaction_repair_generation_001_complete,artifacts/local_structured_external_data/whole_corpus_external_data_exhaustive_pipeline_2026-08-04/classified_observations/repair_generation_001/lanes/classification_lane_001/outcomes.jsonl
EXTPAYLOAD-6f9a8b88f164577ce58c7622,classification_compaction_repair_generation_001_complete,artifacts/local_structured_external_data/whole_corpus_external_data_exhaustive_pipeline_2026-08-04/classified_observations/repair_generation_001/lanes/classification_lane_001/outcomes.jsonl
EXTPAYLOAD-6fa6ff759493898b80ba23a2,classification_compaction_repair_generation_001_complete,artifacts/local_structured_external_data/whole_corpus_external_data_exhaustive_pipeline_2026-08-04/classified_observations/repair_generation_001/lanes/classification_lane_001/outcomes.jsonl
EXTPAYLOAD-6fa93c6b150ea19377b03df4,classification_compaction_repair_generation_001_complete,artifacts/local_structured_external_data/whole_corpus_external_data_exhaustive_pipeline_2026-08-04/classified_observations/repair_generation_001/lanes/classification_lane_001/outcomes.jsonl
EXTPAYLOAD-6fa9af5282d300da24fb7e45,classification_compaction_repair_generation_001_complete,artifacts/local_structured_external_data/whole_corpus_external_data_exhaustive_pipeline_2026-08-04/classified_observations/repair_generation_001/lanes/classification_lane_001/outcomes.jsonl
EXTPAYLOAD-6fb2052296056521e02f78e3,classification_compaction_repair_generation_001_complete,artifacts/local_structured_external_data/whole_corpus_external_data_exhaustive_pipeline_2026-08-04/classified_observations/repair_generation_001/lanes/classification_lane_001/outcomes.jsonl
EXTPAYLOAD-6fc4fe8a598232eaa4abc643,classification_compaction_repair_generation_001_complete,artifacts/local_structured_external_data/whole_corpus_external_data_exhaustive_pipeline_2026-08-04/classified_observations/repair_generation_001/lanes/classification_lane_001/outcomes.jsonl
EXTPAYLOAD-6fd336e7873126287cab76b2,classification_compaction_repair_generation_001_complete,artifacts/local_structured_external_data/whole_corpus_external_data_exhaustive_pipeline_2026-08-04/classified_observations/repair_generation_001/lanes/classification_lane_001/outcomes.jsonl
EXTPAYLOAD-6ff593e9e8752d3f029210ea,classification_compaction_repair_generation_001_complete,artifacts/local_structured_external_data/whole_corpus_external_data_exhaustive_pipeline_2026-08-04/classified_observations/repair_generation_001/lanes/classification_lane_001/outcomes.jsonl
EXTPAYLOAD-6fff3139be9a491c03838c3f,classification_compaction_repair_generation_001_complete,artifacts/local_structured_external_data/whole_corpus_external_data_exhaustive_pipeline_2026-08-04/classified_observations/repair_generation_001/lanes/classification_lane_001/outcomes.jsonl
EXTPAYLOAD-700ce1b2e0a781207f3a2f15,classification_compaction_repair_generation_001_complete,artifacts/local_structured_external_data/whole_corpus_external_data_exhaustive_pipeline_2026-08-04/classified_observations/repair_generation_001/lanes/classification_lane_001/outcomes.jsonl
EXTPAYLOAD-70479479c35056ee1c998634,classification_compaction_repair_generation_001_complete,artifacts/local_structured_external_data/whole_corpus_external_data_exhaustive_pipeline_2026-08-04/classified_observations/repair_generation_001/lanes/classification_lane_001/outcomes.jsonl
EXTPAYLOAD-70584cfc510e03b491ac3880,classification_compaction_repair_generation_001_complete,artifacts/local_structured_external_data/whole_corpus_external_data_exhaustive_pipeline_2026-08-04/classified_observations/repair_generation_001/lanes/classification_lane_001/outcomes.jsonl
EXTPAYLOAD-706f768e03c16e7a38455c46,classification_compaction_repair_generation_001_complete,artifacts/local_structured_external_data/whole_corpus_external_data_exhaustive_pipeline_2026-08-04/classified_observations/repair_generation_001/lanes/classification_lane_001/outcomes.jsonl
EXTPAYLOAD-7075b30f721c966080acadb2,classification_compaction_repair_generation_001_complete,artifacts/local_structured_external_data/whole_corpus_external_data_exhaustive_pipeline_2026-08-04/classified_observations/repair_generation_001/lanes/classification_lane_001/outcomes.jsonl
EXTPAYLOAD-70a877b14203f94b30d6310c,classification_compaction_repair_generation_001_complete,artifacts/local_structured_external_data/whole_corpus_external_data_exhaustive_pipeline_2026-08-04/classified_observations/repair_generation_001/lanes/classification_lane_001/outcomes.jsonl
EXTPAYLOAD-70ac22b4fbbbfc87e811983d,classification_compaction_repair_generation_001_complete,artifacts/local_structured_external_data/whole_corpus_external_data_exhaustive_pipeline_2026-08-04/classified_observations/repair_generation_001/lanes/classification_lane_001/outcomes.jsonl
EXTPAYLOAD-70ac5fffe77d6b589de25a24,classification_compaction_repair_generation_001_complete,artifacts/local_structured_external_data/whole_corpus_external_data_exhaustive_pipeline_2026-08-04/classified_observations/repair_generation_001/lanes/classification_lane_001/outcomes.jsonl
EXTPAYLOAD-70efc7adaeed361089918374,classification_compaction_repair_generation_001_complete,artifacts/local_structured_external_data/whole_corpus_external_data_exhaustive_pipeline_2026-08-04/classified_observations/repair_generation_001/lanes/classification_lane_001/outcomes.jsonl
EXTPAYLOAD-70f6f29cba514dc5dfa91849,classification_compaction_repair_generation_001_complete,artifacts/local_structured_external_data/whole_corpus_external_data_exhaustive_pipeline_2026-08-04/classified_observations/repair_generation_001/lanes/classification_lane_001/outcomes.jsonl
EXTPAYLOAD-70f9688a3730383d0ae1f997,classification_compaction_repair_generation_001_complete,artifacts/local_structured_external_data/whole_corpus_external_data_exhaustive_pipeline_2026-08-04/classified_observations/repair_generation_001/lanes/classification_lane_001/outcomes.jsonl
EXTPAYLOAD-70fcafe2798586102df84d87,classification_compaction_repair_generation_001_complete,artifacts/local_structured_external_data/whole_corpus_external_data_exhaustive_pipeline_2026-08-04/classified_observations/repair_generation_001/lanes/classification_lane_001/outcomes.jsonl
EXTPAYLOAD-711675e2140b6b8d81f829fa,classification_compaction_repair_generation_001_complete,artifacts/local_structured_external_data/whole_corpus_external_data_exhaustive_pipeline_2026-08-04/classified_observations/repair_generation_001/lanes/classification_lane_001/outcomes.jsonl
EXTPAYLOAD-71168aad96cc280330a34aa1,classification_compaction_repair_generation_001_complete,artifacts/local_structured_external_data/whole_corpus_external_data_exhaustive_pipeline_2026-08-04/classified_observations/repair_generation_001/lanes/classification_lane_001/outcomes.jsonl
EXTPAYLOAD-71413671ee460bc69683cbe5,classification_compaction_repair_generation_001_complete,artifacts/local_structured_external_data/whole_corpus_external_data_exhaustive_pipeline_2026-08-04/classified_observations/repair_generation_001/lanes/classification_lane_001/outcomes.jsonl
EXTPAYLOAD-71530cda2200158a007a1f5a,classification_compaction_repair_generation_001_complete,artifacts/local_structured_external_data/whole_corpus_external_data_exhaustive_pipeline_2026-08-04/classified_observations/repair_generation_001/lanes/classification_lane_001/outcomes.jsonl
EXTPAYLOAD-71907003a63609e4bb595fd4,classification_compaction_repair_generation_001_complete,artifacts/local_structured_external_data/whole_corpus_external_data_exhaustive_pipeline_2026-08-04/classified_observations/repair_generation_001/lanes/classification_lane_001/outcomes.jsonl
EXTPAYLOAD-71b144e6daf9fee34bb07a6a,classification_compaction_repair_generation_001_complete,artifacts/local_structured_external_data/whole_corpus_external_data_exhaustive_pipeline_2026-08-04/classified_observations/repair_generation_001/lanes/classification_lane_001/outcomes.jsonl
EXTPAYLOAD-71d4a7aaca7302804a8e6aef,classification_compaction_repair_generation_001_complete,artifacts/local_structured_external_data/whole_corpus_external_data_exhaustive_pipeline_2026-08-04/classified_observations/repair_generation_001/lanes/classification_lane_001/outcomes.jsonl
EXTPAYLOAD-71db7570e2abb9822fd1543b,classification_compaction_repair_generation_001_complete,artifacts/local_structured_external_data/whole_corpus_external_data_exhaustive_pipeline_2026-08-04/classified_observations/repair_generation_001/lanes/classification_lane_001/outcomes.jsonl
EXTPAYLOAD-71de8e74daae4364455e1633,classification_compaction_repair_generation_001_complete,artifacts/local_structured_external_data/whole_corpus_external_data_exhaustive_pipeline_2026-08-04/classified_observations/repair_generation_001/lanes/classification_lane_001/outcomes.jsonl
EXTPAYLOAD-71e88a2398746c84007752fb,classification_compaction_repair_generation_001_complete,artifacts/local_structured_external_data/whole_corpus_external_data_exhaustive_pipeline_2026-08-04/classified_observations/repair_generation_001/lanes/classification_lane_001/outcomes.jsonl
EXTPAYLOAD-72027b090fef5fe67a7b223f,classification_compaction_repair_generation_001_complete,artifacts/local_structured_external_data/whole_corpus_external_data_exhaustive_pipeline_2026-08-04/classified_observations/repair_generation_001/lanes/classification_lane_001/outcomes.jsonl
EXTPAYLOAD-721269b9cc5ce0127674e81c,classification_compaction_repair_generation_001_complete,artifacts/local_structured_external_data/whole_corpus_external_data_exhaustive_pipeline_2026-08-04/classified_observations/repair_generation_001/lanes/classification_lane_001/outcomes.jsonl
EXTPAYLOAD-721ef935c887743c0f755137,classification_compaction_repair_generation_001_complete,artifacts/local_structured_external_data/whole_corpus_external_data_exhaustive_pipeline_2026-08-04/classified_observations/repair_generation_001/lanes/classification_lane_001/outcomes.jsonl
EXTPAYLOAD-72287b01788bd70d1c02d120,classification_compaction_repair_generation_001_complete,artifacts/local_structured_external_data/whole_corpus_external_data_exhaustive_pipeline_2026-08-04/classified_observations/repair_generation_001/lanes/classification_lane_001/outcomes.jsonl
EXTPAYLOAD-723d621de6b4b1725c9340fc,classification_compaction_repair_generation_001_complete,artifacts/local_structured_external_data/whole_corpus_external_data_exhaustive_pipeline_2026-08-04/classified_observations/repair_generation_001/lanes/classification_lane_001/outcomes.jsonl
EXTPAYLOAD-724c2a135fcf5f5f7bc30bb9,classification_compaction_repair_generation_001_complete,artifacts/local_structured_external_data/whole_corpus_external_data_exhaustive_pipeline_2026-08-04/classified_observations/repair_generation_001/lanes/classification_lane_001/outcomes.jsonl
EXTPAYLOAD-725e2e200cdf55edc0b2e67e,classification_compaction_repair_generation_001_complete,artifacts/local_structured_external_data/whole_corpus_external_data_exhaustive_pipeline_2026-08-04/classified_observations/repair_generation_001/lanes/classification_lane_001/outcomes.jsonl
EXTPAYLOAD-728f582e676683815dfdeebb,classification_compaction_repair_generation_001_complete,artifacts/local_structured_external_data/whole_corpus_external_data_exhaustive_pipeline_2026-08-04/classified_observations/repair_generation_001/lanes/classification_lane_001/outcomes.jsonl
EXTPAYLOAD-72c566e6451a9eb128793982,classification_compaction_repair_generation_001_complete,artifacts/local_structured_external_data/whole_corpus_external_data_exhaustive_pipeline_2026-08-04/classified_observations/repair_generation_001/lanes/classification_lane_001/outcomes.jsonl
EXTPAYLOAD-72f161c82a789ffbba447b23,classification_compaction_repair_generation_001_complete,artifacts/local_structured_external_data/whole_corpus_external_data_exhaustive_pipeline_2026-08-04/classified_observations/repair_generation_001/lanes/classification_lane_001/outcomes.jsonl
EXTPAYLOAD-72fadcbb889096c750a58578,classification_compaction_repair_generation_001_complete,artifacts/local_structured_external_data/whole_corpus_external_data_exhaustive_pipeline_2026-08-04/classified_observations/repair_generation_001/lanes/classification_lane_001/outcomes.jsonl
EXTPAYLOAD-7304ad1e172ce224ae83bd6a,classification_compaction_repair_generation_001_complete,artifacts/local_structured_external_data/whole_corpus_external_data_exhaustive_pipeline_2026-08-04/classified_observations/repair_generation_001/lanes/classification_lane_001/outcomes.jsonl
EXTPAYLOAD-7316064f264749d48de920a8,classification_compaction_repair_generation_001_complete,artifacts/local_structured_external_data/whole_corpus_external_data_exhaustive_pipeline_2026-08-04/classified_observations/repair_generation_001/lanes/classification_lane_001/outcomes.jsonl
EXTPAYLOAD-73178efc7285c2260d685690,classification_compaction_repair_generation_001_complete,artifacts/local_structured_external_data/whole_corpus_external_data_exhaustive_pipeline_2026-08-04/classified_observations/repair_generation_001/lanes/classification_lane_001/outcomes.jsonl
EXTPAYLOAD-73482a6e9b65703c7ecaca53,classification_compaction_repair_generation_001_complete,artifacts/local_structured_external_data/whole_corpus_external_data_exhaustive_pipeline_2026-08-04/classified_observations/repair_generation_001/lanes/classification_lane_001/outcomes.jsonl
EXTPAYLOAD-736489da6ea6b9180ebda890,classification_compaction_repair_generation_001_complete,artifacts/local_structured_external_data/whole_corpus_external_data_exhaustive_pipeline_2026-08-04/classified_observations/repair_generation_001/lanes/classification_lane_001/outcomes.jsonl
EXTPAYLOAD-7371be82ca5cd061f6c6499b,classification_compaction_repair_generation_001_complete,artifacts/local_structured_external_data/whole_corpus_external_data_exhaustive_pipeline_2026-08-04/classified_observations/repair_generation_001/lanes/classification_lane_001/outcomes.jsonl
EXTPAYLOAD-737676a34d9e637e7419b6c6,classification_compaction_repair_generation_001_complete,artifacts/local_structured_external_data/whole_corpus_external_data_exhaustive_pipeline_2026-08-04/classified_observations/repair_generation_001/lanes/classification_lane_001/outcomes.jsonl
EXTPAYLOAD-7378559f36e8c90cfe731e85,classification_compaction_repair_generation_001_complete,artifacts/local_structured_external_data/whole_corpus_external_data_exhaustive_pipeline_2026-08-04/classified_observations/repair_generation_001/lanes/classification_lane_001/outcomes.jsonl
EXTPAYLOAD-73d8237a16f7632bb3a4b5e4,classification_compaction_repair_generation_001_complete,artifacts/local_structured_external_data/whole_corpus_external_data_exhaustive_pipeline_2026-08-04/classified_observations/repair_generation_001/lanes/classification_lane_001/outcomes.jsonl
EXTPAYLOAD-73f17251f64e3c6b77b1e47e,classification_compaction_repair_generation_001_complete,artifacts/local_structured_external_data/whole_corpus_external_data_exhaustive_pipeline_2026-08-04/classified_observations/repair_generation_001/lanes/classification_lane_001/outcomes.jsonl
EXTPAYLOAD-740d7f97726c003cd50ce56c,classification_compaction_repair_generation_001_complete,artifacts/local_structured_external_data/whole_corpus_external_data_exhaustive_pipeline_2026-08-04/classified_observations/repair_generation_001/lanes/classification_lane_001/outcomes.jsonl
EXTPAYLOAD-7431fef77768b4622272c3be,classification_compaction_repair_generation_001_complete,artifacts/local_structured_external_data/whole_corpus_external_data_exhaustive_pipeline_2026-08-04/classified_observations/repair_generation_001/lanes/classification_lane_001/outcomes.jsonl
EXTPAYLOAD-743526d0b13bdcdc3a4fbfad,classification_compaction_repair_generation_001_complete,artifacts/local_structured_external_data/whole_corpus_external_data_exhaustive_pipeline_2026-08-04/classified_observations/repair_generation_001/lanes/classification_lane_001/outcomes.jsonl
EXTPAYLOAD-743d224e8242c62771938e2b,classification_compaction_repair_generation_001_complete,artifacts/local_structured_external_data/whole_corpus_external_data_exhaustive_pipeline_2026-08-04/classified_observations/repair_generation_001/lanes/classification_lane_001/outcomes.jsonl
EXTPAYLOAD-745b3f3c7630168aa6745804,classification_compaction_repair_generation_001_complete,artifacts/local_structured_external_data/whole_corpus_external_data_exhaustive_pipeline_2026-08-04/classified_observations/repair_generation_001/lanes/classification_lane_001/outcomes.jsonl
EXTPAYLOAD-74732c82e77343eb6b594b49,classification_compaction_repair_generation_001_complete,artifacts/local_structured_external_data/whole_corpus_external_data_exhaustive_pipeline_2026-08-04/classified_observations/repair_generation_001/lanes/classification_lane_001/outcomes.jsonl
EXTPAYLOAD-747a318e7ff911e7d53359ae,classification_compaction_repair_generation_001_complete,artifacts/local_structured_external_data/whole_corpus_external_data_exhaustive_pipeline_2026-08-04/classified_observations/repair_generation_001/lanes/classification_lane_001/outcomes.jsonl
EXTPAYLOAD-748a51aa0ca218658002fa3b,classification_compaction_repair_generation_001_complete,artifacts/local_structured_external_data/whole_corpus_external_data_exhaustive_pipeline_2026-08-04/classified_observations/repair_generation_001/lanes/classification_lane_001/outcomes.jsonl
EXTPAYLOAD-748b7edff671f28ac5a7b2bf,classification_compaction_repair_generation_001_complete,artifacts/local_structured_external_data/whole_corpus_external_data_exhaustive_pipeline_2026-08-04/classified_observations/repair_generation_001/lanes/classification_lane_001/outcomes.jsonl
EXTPAYLOAD-74990546b0b9fa34936252d6,classification_compaction_repair_generation_001_complete,artifacts/local_structured_external_data/whole_corpus_external_data_exhaustive_pipeline_2026-08-04/classified_observations/repair_generation_001/lanes/classification_lane_001/outcomes.jsonl
EXTPAYLOAD-74994b6fce70094260161678,classification_compaction_repair_generation_001_complete,artifacts/local_structured_external_data/whole_corpus_external_data_exhaustive_pipeline_2026-08-04/classified_observations/repair_generation_001/lanes/classification_lane_001/outcomes.jsonl
EXTPAYLOAD-7499f9140ea1c10a086f41b7,classification_compaction_repair_generation_001_complete,artifacts/local_structured_external_data/whole_corpus_external_data_exhaustive_pipeline_2026-08-04/classified_observations/repair_generation_001/lanes/classification_lane_001/outcomes.jsonl
EXTPAYLOAD-74a589a6e40b7abad0fe0104,classification_compaction_repair_generation_001_complete,artifacts/local_structured_external_data/whole_corpus_external_data_exhaustive_pipeline_2026-08-04/classified_observations/repair_generation_001/lanes/classification_lane_001/outcomes.jsonl
EXTPAYLOAD-74bc6f40d2a3531e78856e54,classification_compaction_repair_generation_001_complete,artifacts/local_structured_external_data/whole_corpus_external_data_exhaustive_pipeline_2026-08-04/classified_observations/repair_generation_001/lanes/classification_lane_001/outcomes.jsonl
EXTPAYLOAD-74c2f67fe5a2af04910d1a21,classification_compaction_repair_generation_001_complete,artifacts/local_structured_external_data/whole_corpus_external_data_exhaustive_pipeline_2026-08-04/classified_observations/repair_generation_001/lanes/classification_lane_001/outcomes.jsonl
EXTPAYLOAD-74cebf34c9a4d6f35022ca34,classification_compaction_repair_generation_001_complete,artifacts/local_structured_external_data/whole_corpus_external_data_exhaustive_pipeline_2026-08-04/classified_observations/repair_generation_001/lanes/classification_lane_001/outcomes.jsonl
EXTPAYLOAD-750e331be2a712bd13fff3b2,classification_compaction_repair_generation_001_complete,artifacts/local_structured_external_data/whole_corpus_external_data_exhaustive_pipeline_2026-08-04/classified_observations/repair_generation_001/lanes/classification_lane_001/outcomes.jsonl
EXTPAYLOAD-75176cd84918040b6d47c01e,classification_compaction_repair_generation_001_complete,artifacts/local_structured_external_data/whole_corpus_external_data_exhaustive_pipeline_2026-08-04/classified_observations/repair_generation_001/lanes/classification_lane_001/outcomes.jsonl
EXTPAYLOAD-751f6e235bc7234728bec7da,classification_compaction_repair_generation_001_complete,artifacts/local_structured_external_data/whole_corpus_external_data_exhaustive_pipeline_2026-08-04/classified_observations/repair_generation_001/lanes/classification_lane_001/outcomes.jsonl
EXTPAYLOAD-752025cbecb77f7cd6b5a8f3,classification_compaction_repair_generation_001_complete,artifacts/local_structured_external_data/whole_corpus_external_data_exhaustive_pipeline_2026-08-04/classified_observations/repair_generation_001/lanes/classification_lane_001/outcomes.jsonl
EXTPAYLOAD-75491b0f101a58a8c450ceb6,classification_compaction_repair_generation_001_complete,artifacts/local_structured_external_data/whole_corpus_external_data_exhaustive_pipeline_2026-08-04/classified_observations/repair_generation_001/lanes/classification_lane_001/outcomes.jsonl
EXTPAYLOAD-755a13f3b134071644c909bd,classification_compaction_repair_generation_001_complete,artifacts/local_structured_external_data/whole_corpus_external_data_exhaustive_pipeline_2026-08-04/classified_observations/repair_generation_001/lanes/classification_lane_001/outcomes.jsonl
EXTPAYLOAD-755f55b70d4f9367732544f5,classification_compaction_repair_generation_001_complete,artifacts/local_structured_external_data/whole_corpus_external_data_exhaustive_pipeline_2026-08-04/classified_observations/repair_generation_001/lanes/classification_lane_001/outcomes.jsonl
EXTPAYLOAD-7597a1fad2d4826c578c14a2,classification_compaction_repair_generation_001_complete,artifacts/local_structured_external_data/whole_corpus_external_data_exhaustive_pipeline_2026-08-04/classified_observations/repair_generation_001/lanes/classification_lane_001/outcomes.jsonl
EXTPAYLOAD-75ac691606e9a8f2ce8ccf62,classification_compaction_repair_generation_001_complete,artifacts/local_structured_external_data/whole_corpus_external_data_exhaustive_pipeline_2026-08-04/classified_observations/repair_generation_001/lanes/classification_lane_001/outcomes.jsonl
EXTPAYLOAD-75b586d063f53588977d319e,classification_compaction_repair_generation_001_complete,artifacts/local_structured_external_data/whole_corpus_external_data_exhaustive_pipeline_2026-08-04/classified_observations/repair_generation_001/lanes/classification_lane_001/outcomes.jsonl
EXTPAYLOAD-75c3459305284eabe3e2ed7b,classification_compaction_repair_generation_001_complete,artifacts/local_structured_external_data/whole_corpus_external_data_exhaustive_pipeline_2026-08-04/classified_observations/repair_generation_001/lanes/classification_lane_001/outcomes.jsonl
EXTPAYLOAD-75cc5f6506bc2ef3fd556b64,classification_compaction_repair_generation_001_complete,artifacts/local_structured_external_data/whole_corpus_external_data_exhaustive_pipeline_2026-08-04/classified_observations/repair_generation_001/lanes/classification_lane_001/outcomes.jsonl
EXTPAYLOAD-75ddcb169d99ab7f80bae6b6,classification_compaction_repair_generation_001_complete,artifacts/local_structured_external_data/whole_corpus_external_data_exhaustive_pipeline_2026-08-04/classified_observations/repair_generation_001/lanes/classification_lane_001/outcomes.jsonl
EXTPAYLOAD-76172d314ecbf8e101da0731,classification_compaction_repair_generation_001_complete,artifacts/local_structured_external_data/whole_corpus_external_data_exhaustive_pipeline_2026-08-04/classified_observations/repair_generation_001/lanes/classification_lane_001/outcomes.jsonl
EXTPAYLOAD-7625fa9386d78bd71f872871,classification_compaction_repair_generation_001_complete,artifacts/local_structured_external_data/whole_corpus_external_data_exhaustive_pipeline_2026-08-04/classified_observations/repair_generation_001/lanes/classification_lane_001/outcomes.jsonl
EXTPAYLOAD-7630c5010970f8d2be52be2c,classification_compaction_repair_generation_001_complete,artifacts/local_structured_external_data/whole_corpus_external_data_exhaustive_pipeline_2026-08-04/classified_observations/repair_generation_001/lanes/classification_lane_001/outcomes.jsonl
EXTPAYLOAD-76359584a9cf11ac71cb7676,classification_compaction_repair_generation_001_complete,artifacts/local_structured_external_data/whole_corpus_external_data_exhaustive_pipeline_2026-08-04/classified_observations/repair_generation_001/lanes/classification_lane_001/outcomes.jsonl
EXTPAYLOAD-768fb079628b89cc8f0295fc,classification_compaction_repair_generation_001_complete,artifacts/local_structured_external_data/whole_corpus_external_data_exhaustive_pipeline_2026-08-04/classified_observations/repair_generation_001/lanes/classification_lane_001/outcomes.jsonl
EXTPAYLOAD-769037bbb0e2f61825af46ef,classification_compaction_repair_generation_001_complete,artifacts/local_structured_external_data/whole_corpus_external_data_exhaustive_pipeline_2026-08-04/classified_observations/repair_generation_001/lanes/classification_lane_001/outcomes.jsonl
EXTPAYLOAD-76d0e9f423561996aeb9c318,classification_compaction_repair_generation_001_complete,artifacts/local_structured_external_data/whole_corpus_external_data_exhaustive_pipeline_2026-08-04/classified_observations/repair_generation_001/lanes/classification_lane_001/outcomes.jsonl
EXTPAYLOAD-76d858672b1294b8f81c168f,classification_compaction_repair_generation_001_complete,artifacts/local_structured_external_data/whole_corpus_external_data_exhaustive_pipeline_2026-08-04/classified_observations/repair_generation_001/lanes/classification_lane_001/outcomes.jsonl
EXTPAYLOAD-770db3e4452a99a1756707a2,classification_compaction_repair_generation_001_complete,artifacts/local_structured_external_data/whole_corpus_external_data_exhaustive_pipeline_2026-08-04/classified_observations/repair_generation_001/lanes/classification_lane_001/outcomes.jsonl
EXTPAYLOAD-7712c62ef2388a7c71bc8c50,classification_compaction_repair_generation_001_complete,artifacts/local_structured_external_data/whole_corpus_external_data_exhaustive_pipeline_2026-08-04/classified_observations/repair_generation_001/lanes/classification_lane_001/outcomes.jsonl
EXTPAYLOAD-7723ab0a9ec23bc484511306,classification_compaction_repair_generation_001_complete,artifacts/local_structured_external_data/whole_corpus_external_data_exhaustive_pipeline_2026-08-04/classified_observations/repair_generation_001/lanes/classification_lane_001/outcomes.jsonl
EXTPAYLOAD-772d8f6e078fa475f847d22a,classification_compaction_repair_generation_001_complete,artifacts/local_structured_external_data/whole_corpus_external_data_exhaustive_pipeline_2026-08-04/classified_observations/repair_generation_001/lanes/classification_lane_001/outcomes.jsonl
EXTPAYLOAD-7751743710d564d7e6411acf,classification_compaction_repair_generation_001_complete,artifacts/local_structured_external_data/whole_corpus_external_data_exhaustive_pipeline_2026-08-04/classified_observations/repair_generation_001/lanes/classification_lane_001/outcomes.jsonl
EXTPAYLOAD-77c2d3ce5f828f9d17ce2659,classification_compaction_repair_generation_001_complete,artifacts/local_structured_external_data/whole_corpus_external_data_exhaustive_pipeline_2026-08-04/classified_observations/repair_generation_001/lanes/classification_lane_001/outcomes.jsonl
EXTPAYLOAD-77d0d146ab9001342ab260c3,classification_compaction_repair_generation_001_complete,artifacts/local_structured_external_data/whole_corpus_external_data_exhaustive_pipeline_2026-08-04/classified_observations/repair_generation_001/lanes/classification_lane_001/outcomes.jsonl
EXTPAYLOAD-77d8c1390d507b73e2dadf9c,classification_compaction_repair_generation_001_complete,artifacts/local_structured_external_data/whole_corpus_external_data_exhaustive_pipeline_2026-08-04/classified_observations/repair_generation_001/lanes/classification_lane_001/outcomes.jsonl
EXTPAYLOAD-781d536512c51ea432eb8a3e,classification_compaction_repair_generation_001_complete,artifacts/local_structured_external_data/whole_corpus_external_data_exhaustive_pipeline_2026-08-04/classified_observations/repair_generation_001/lanes/classification_lane_001/outcomes.jsonl
EXTPAYLOAD-782a125e515213ca53893ecc,classification_compaction_repair_generation_001_complete,artifacts/local_structured_external_data/whole_corpus_external_data_exhaustive_pipeline_2026-08-04/classified_observations/repair_generation_001/lanes/classification_lane_001/outcomes.jsonl
EXTPAYLOAD-7838393a93a06074913f1d8e,classification_compaction_repair_generation_001_complete,artifacts/local_structured_external_data/whole_corpus_external_data_exhaustive_pipeline_2026-08-04/classified_observations/repair_generation_001/lanes/classification_lane_001/outcomes.jsonl
EXTPAYLOAD-78534362d6bd1347255cdeaa,classification_compaction_repair_generation_001_complete,artifacts/local_structured_external_data/whole_corpus_external_data_exhaustive_pipeline_2026-08-04/classified_observations/repair_generation_001/lanes/classification_lane_001/outcomes.jsonl
EXTPAYLOAD-78792c710639fe0097d027dd,classification_compaction_repair_generation_001_complete,artifacts/local_structured_external_data/whole_corpus_external_data_exhaustive_pipeline_2026-08-04/classified_observations/repair_generation_001/lanes/classification_lane_001/outcomes.jsonl
EXTPAYLOAD-787fabf6213f80f316a0b79b,classification_compaction_repair_generation_001_complete,artifacts/local_structured_external_data/whole_corpus_external_data_exhaustive_pipeline_2026-08-04/classified_observations/repair_generation_001/lanes/classification_lane_001/outcomes.jsonl
EXTPAYLOAD-7882b2c9ccb2416b68357a1a,classification_compaction_repair_generation_001_complete,artifacts/local_structured_external_data/whole_corpus_external_data_exhaustive_pipeline_2026-08-04/classified_observations/repair_generation_001/lanes/classification_lane_001/outcomes.jsonl
EXTPAYLOAD-789b04ef5865e3872b64f746,classification_compaction_repair_generation_001_complete,artifacts/local_structured_external_data/whole_corpus_external_data_exhaustive_pipeline_2026-08-04/classified_observations/repair_generation_001/lanes/classification_lane_001/outcomes.jsonl
EXTPAYLOAD-78c7ebae96db106c7666eeca,classification_compaction_repair_generation_001_complete,artifacts/local_structured_external_data/whole_corpus_external_data_exhaustive_pipeline_2026-08-04/classified_observations/repair_generation_001/lanes/classification_lane_001/outcomes.jsonl
EXTPAYLOAD-78f7c166963b0baaed124332,classification_compaction_repair_generation_001_complete,artifacts/local_structured_external_data/whole_corpus_external_data_exhaustive_pipeline_2026-08-04/classified_observations/repair_generation_001/lanes/classification_lane_001/outcomes.jsonl
EXTPAYLOAD-793153a517a07935af060733,classification_compaction_repair_generation_001_complete,artifacts/local_structured_external_data/whole_corpus_external_data_exhaustive_pipeline_2026-08-04/classified_observations/repair_generation_001/lanes/classification_lane_001/outcomes.jsonl
EXTPAYLOAD-796bd65badf08020cbd9b741,classification_compaction_repair_generation_001_complete,artifacts/local_structured_external_data/whole_corpus_external_data_exhaustive_pipeline_2026-08-04/classified_observations/repair_generation_001/lanes/classification_lane_001/outcomes.jsonl
EXTPAYLOAD-7986788c2d80c49a1423f832,classification_compaction_repair_generation_001_complete,artifacts/local_structured_external_data/whole_corpus_external_data_exhaustive_pipeline_2026-08-04/classified_observations/repair_generation_001/lanes/classification_lane_001/outcomes.jsonl
EXTPAYLOAD-798e95ae9622b598a47b07f4,classification_compaction_repair_generation_001_complete,artifacts/local_structured_external_data/whole_corpus_external_data_exhaustive_pipeline_2026-08-04/classified_observations/repair_generation_001/lanes/classification_lane_001/outcomes.jsonl
EXTPAYLOAD-79959757585481093346128b,classification_compaction_repair_generation_001_complete,artifacts/local_structured_external_data/whole_corpus_external_data_exhaustive_pipeline_2026-08-04/classified_observations/repair_generation_001/lanes/classification_lane_001/outcomes.jsonl
EXTPAYLOAD-79a42b54a77633d7fffa409f,classification_compaction_repair_generation_001_complete,artifacts/local_structured_external_data/whole_corpus_external_data_exhaustive_pipeline_2026-08-04/classified_observations/repair_generation_001/lanes/classification_lane_001/outcomes.jsonl
EXTPAYLOAD-79d6332163ff8ffcb0bdef46,classification_compaction_repair_generation_001_complete,artifacts/local_structured_external_data/whole_corpus_external_data_exhaustive_pipeline_2026-08-04/classified_observations/repair_generation_001/lanes/classification_lane_001/outcomes.jsonl
EXTPAYLOAD-79dc82687999b474b8168b76,classification_compaction_repair_generation_001_complete,artifacts/local_structured_external_data/whole_corpus_external_data_exhaustive_pipeline_2026-08-04/classified_observations/repair_generation_001/lanes/classification_lane_001/outcomes.jsonl
EXTPAYLOAD-7a2dbc917fe01ccb05dc7648,classification_compaction_repair_generation_001_complete,artifacts/local_structured_external_data/whole_corpus_external_data_exhaustive_pipeline_2026-08-04/classified_observations/repair_generation_001/lanes/classification_lane_001/outcomes.jsonl
EXTPAYLOAD-7a343c849b1b3a97304f2879,classification_compaction_repair_generation_001_complete,artifacts/local_structured_external_data/whole_corpus_external_data_exhaustive_pipeline_2026-08-04/classified_observations/repair_generation_001/lanes/classification_lane_001/outcomes.jsonl
EXTPAYLOAD-7a603dc9de3ca321ad6ab883,classification_compaction_repair_generation_001_complete,artifacts/local_structured_external_data/whole_corpus_external_data_exhaustive_pipeline_2026-08-04/classified_observations/repair_generation_001/lanes/classification_lane_001/outcomes.jsonl
EXTPAYLOAD-7a65bf4a29e0650a93a6e6d5,classification_compaction_repair_generation_001_complete,artifacts/local_structured_external_data/whole_corpus_external_data_exhaustive_pipeline_2026-08-04/classified_observations/repair_generation_001/lanes/classification_lane_001/outcomes.jsonl
EXTPAYLOAD-7a9cbd58184b1b3f7f1f2fb4,classification_compaction_repair_generation_001_complete,artifacts/local_structured_external_data/whole_corpus_external_data_exhaustive_pipeline_2026-08-04/classified_observations/repair_generation_001/lanes/classification_lane_001/outcomes.jsonl
EXTPAYLOAD-7ab10854e5533ef3f678d691,classification_compaction_repair_generation_001_complete,artifacts/local_structured_external_data/whole_corpus_external_data_exhaustive_pipeline_2026-08-04/classified_observations/repair_generation_001/lanes/classification_lane_001/outcomes.jsonl
EXTPAYLOAD-7acd65b2fef8d33c36f0a7d3,classification_compaction_repair_generation_001_complete,artifacts/local_structured_external_data/whole_corpus_external_data_exhaustive_pipeline_2026-08-04/classified_observations/repair_generation_001/lanes/classification_lane_001/outcomes.jsonl
EXTPAYLOAD-7af9111ad09c0554206558d5,classification_compaction_repair_generation_001_complete,artifacts/local_structured_external_data/whole_corpus_external_data_exhaustive_pipeline_2026-08-04/classified_observations/repair_generation_001/lanes/classification_lane_001/outcomes.jsonl
EXTPAYLOAD-7afd6b7113e00ffead343d43,classification_compaction_repair_generation_001_complete,artifacts/local_structured_external_data/whole_corpus_external_data_exhaustive_pipeline_2026-08-04/classified_observations/repair_generation_001/lanes/classification_lane_001/outcomes.jsonl
EXTPAYLOAD-7b0083150c05e6a9a3aa253c,classification_compaction_repair_generation_001_complete,artifacts/local_structured_external_data/whole_corpus_external_data_exhaustive_pipeline_2026-08-04/classified_observations/repair_generation_001/lanes/classification_lane_001/outcomes.jsonl
EXTPAYLOAD-7b00ef7cd9af5c5f2d000198,classification_compaction_repair_generation_001_complete,artifacts/local_structured_external_data/whole_corpus_external_data_exhaustive_pipeline_2026-08-04/classified_observations/repair_generation_001/lanes/classification_lane_001/outcomes.jsonl
EXTPAYLOAD-7b2f6d4b27a5d132653b3876,classification_compaction_repair_generation_001_complete,artifacts/local_structured_external_data/whole_corpus_external_data_exhaustive_pipeline_2026-08-04/classified_observations/repair_generation_001/lanes/classification_lane_001/outcomes.jsonl
EXTPAYLOAD-7b3bf2364eeb243de7e1a7c4,classification_compaction_repair_generation_001_complete,artifacts/local_structured_external_data/whole_corpus_external_data_exhaustive_pipeline_2026-08-04/classified_observations/repair_generation_001/lanes/classification_lane_001/outcomes.jsonl
EXTPAYLOAD-7b472db4ff90f94cd98d069a,classification_compaction_repair_generation_001_complete,artifacts/local_structured_external_data/whole_corpus_external_data_exhaustive_pipeline_2026-08-04/classified_observations/repair_generation_001/lanes/classification_lane_001/outcomes.jsonl
EXTPAYLOAD-7b501fb24601842ecf43059a,classification_compaction_repair_generation_001_complete,artifacts/local_structured_external_data/whole_corpus_external_data_exhaustive_pipeline_2026-08-04/classified_observations/repair_generation_001/lanes/classification_lane_001/outcomes.jsonl
EXTPAYLOAD-7b945fe3bcde4f741088187d,classification_compaction_repair_generation_001_complete,artifacts/local_structured_external_data/whole_corpus_external_data_exhaustive_pipeline_2026-08-04/classified_observations/repair_generation_001/lanes/classification_lane_001/outcomes.jsonl
EXTPAYLOAD-7b9d32e10ec7a25f856fe528,classification_compaction_repair_generation_001_complete,artifacts/local_structured_external_data/whole_corpus_external_data_exhaustive_pipeline_2026-08-04/classified_observations/repair_generation_001/lanes/classification_lane_001/outcomes.jsonl
EXTPAYLOAD-7ba17079c953f5b02de2de41,classification_compaction_repair_generation_001_complete,artifacts/local_structured_external_data/whole_corpus_external_data_exhaustive_pipeline_2026-08-04/classified_observations/repair_generation_001/lanes/classification_lane_001/outcomes.jsonl
EXTPAYLOAD-7ba4e73bbb380e663a8f3c2d,classification_compaction_repair_generation_001_complete,artifacts/local_structured_external_data/whole_corpus_external_data_exhaustive_pipeline_2026-08-04/classified_observations/repair_generation_001/lanes/classification_lane_001/outcomes.jsonl
EXTPAYLOAD-7ba5c2ffa8f9aefe6e23b7bf,classification_compaction_repair_generation_001_complete,artifacts/local_structured_external_data/whole_corpus_external_data_exhaustive_pipeline_2026-08-04/classified_observations/repair_generation_001/lanes/classification_lane_001/outcomes.jsonl
EXTPAYLOAD-7ba93e540120e293eec72f8f,classification_compaction_repair_generation_001_complete,artifacts/local_structured_external_data/whole_corpus_external_data_exhaustive_pipeline_2026-08-04/classified_observations/repair_generation_001/lanes/classification_lane_001/outcomes.jsonl
EXTPAYLOAD-7be04ea777c7a91072e714eb,classification_compaction_repair_generation_001_complete,artifacts/local_structured_external_data/whole_corpus_external_data_exhaustive_pipeline_2026-08-04/classified_observations/repair_generation_001/lanes/classification_lane_001/outcomes.jsonl
EXTPAYLOAD-7c01bd7219822c16e35a6479,classification_compaction_repair_generation_001_complete,artifacts/local_structured_external_data/whole_corpus_external_data_exhaustive_pipeline_2026-08-04/classified_observations/repair_generation_001/lanes/classification_lane_001/outcomes.jsonl
EXTPAYLOAD-7c0606cd0d7a2a8a8f7fbed6,classification_compaction_repair_generation_001_complete,artifacts/local_structured_external_data/whole_corpus_external_data_exhaustive_pipeline_2026-08-04/classified_observations/repair_generation_001/lanes/classification_lane_001/outcomes.jsonl
EXTPAYLOAD-7c39c30bba25610ba10664f3,classification_compaction_repair_generation_001_complete,artifacts/local_structured_external_data/whole_corpus_external_data_exhaustive_pipeline_2026-08-04/classified_observations/repair_generation_001/lanes/classification_lane_001/outcomes.jsonl
EXTPAYLOAD-7c5057a3fad055ea6b517b59,classification_compaction_repair_generation_001_complete,artifacts/local_structured_external_data/whole_corpus_external_data_exhaustive_pipeline_2026-08-04/classified_observations/repair_generation_001/lanes/classification_lane_001/outcomes.jsonl
EXTPAYLOAD-7c65d6cbf61164c1985c0ace,classification_compaction_repair_generation_001_complete,artifacts/local_structured_external_data/whole_corpus_external_data_exhaustive_pipeline_2026-08-04/classified_observations/repair_generation_001/lanes/classification_lane_001/outcomes.jsonl
EXTPAYLOAD-7ca6f1bc5d653285f55e099c,classification_compaction_repair_generation_001_complete,artifacts/local_structured_external_data/whole_corpus_external_data_exhaustive_pipeline_2026-08-04/classified_observations/repair_generation_001/lanes/classification_lane_001/outcomes.jsonl
EXTPAYLOAD-7cb961abf7b11c04234f758b,classification_compaction_repair_generation_001_complete,artifacts/local_structured_external_data/whole_corpus_external_data_exhaustive_pipeline_2026-08-04/classified_observations/repair_generation_001/lanes/classification_lane_001/outcomes.jsonl
EXTPAYLOAD-7cc4eaf598b8cf2da9583650,classification_compaction_repair_generation_001_complete,artifacts/local_structured_external_data/whole_corpus_external_data_exhaustive_pipeline_2026-08-04/classified_observations/repair_generation_001/lanes/classification_lane_001/outcomes.jsonl
EXTPAYLOAD-7cd58ff12c41af375a45ee58,classification_compaction_repair_generation_001_complete,artifacts/local_structured_external_data/whole_corpus_external_data_exhaustive_pipeline_2026-08-04/classified_observations/repair_generation_001/lanes/classification_lane_001/outcomes.jsonl
EXTPAYLOAD-7cf05e2a2814fd909867a248,classification_compaction_repair_generation_001_complete,artifacts/local_structured_external_data/whole_corpus_external_data_exhaustive_pipeline_2026-08-04/classified_observations/repair_generation_001/lanes/classification_lane_001/outcomes.jsonl
EXTPAYLOAD-7d01563ea65daa964f844ef0,classification_compaction_repair_generation_001_complete,artifacts/local_structured_external_data/whole_corpus_external_data_exhaustive_pipeline_2026-08-04/classified_observations/repair_generation_001/lanes/classification_lane_001/outcomes.jsonl
EXTPAYLOAD-7d113096d82df05c25b8f57d,classification_compaction_repair_generation_001_complete,artifacts/local_structured_external_data/whole_corpus_external_data_exhaustive_pipeline_2026-08-04/classified_observations/repair_generation_001/lanes/classification_lane_001/outcomes.jsonl
EXTPAYLOAD-7d3ba4df393aff07f9efcbe5,classification_compaction_repair_generation_001_complete,artifacts/local_structured_external_data/whole_corpus_external_data_exhaustive_pipeline_2026-08-04/classified_observations/repair_generation_001/lanes/classification_lane_001/outcomes.jsonl
EXTPAYLOAD-7d4c3b57a2de443f655551c6,classification_compaction_repair_generation_001_complete,artifacts/local_structured_external_data/whole_corpus_external_data_exhaustive_pipeline_2026-08-04/classified_observations/repair_generation_001/lanes/classification_lane_001/outcomes.jsonl
EXTPAYLOAD-7d54459272a4b970ba88b189,classification_compaction_repair_generation_001_complete,artifacts/local_structured_external_data/whole_corpus_external_data_exhaustive_pipeline_2026-08-04/classified_observations/repair_generation_001/lanes/classification_lane_001/outcomes.jsonl
EXTPAYLOAD-7d64cfe76c752c151caa804a,classification_compaction_repair_generation_001_complete,artifacts/local_structured_external_data/whole_corpus_external_data_exhaustive_pipeline_2026-08-04/classified_observations/repair_generation_001/lanes/classification_lane_001/outcomes.jsonl
EXTPAYLOAD-7dbdd4ea8773650f227407f8,classification_compaction_repair_generation_001_complete,artifacts/local_structured_external_data/whole_corpus_external_data_exhaustive_pipeline_2026-08-04/classified_observations/repair_generation_001/lanes/classification_lane_001/outcomes.jsonl
EXTPAYLOAD-7dde0feaaf12a4d3abfa5ac8,classification_compaction_repair_generation_001_complete,artifacts/local_structured_external_data/whole_corpus_external_data_exhaustive_pipeline_2026-08-04/classified_observations/repair_generation_001/lanes/classification_lane_001/outcomes.jsonl
EXTPAYLOAD-7df785e60f487da88d6a2a80,classification_compaction_repair_generation_001_complete,artifacts/local_structured_external_data/whole_corpus_external_data_exhaustive_pipeline_2026-08-04/classified_observations/repair_generation_001/lanes/classification_lane_001/outcomes.jsonl
EXTPAYLOAD-7e0445794b08fd135de2921f,classification_compaction_repair_generation_001_complete,artifacts/local_structured_external_data/whole_corpus_external_data_exhaustive_pipeline_2026-08-04/classified_observations/repair_generation_001/lanes/classification_lane_001/outcomes.jsonl
EXTPAYLOAD-7e354b5cf23fd835988d5875,classification_compaction_repair_generation_001_complete,artifacts/local_structured_external_data/whole_corpus_external_data_exhaustive_pipeline_2026-08-04/classified_observations/repair_generation_001/lanes/classification_lane_001/outcomes.jsonl
EXTPAYLOAD-7e97e1804ebeca1b49757dcd,classification_compaction_repair_generation_001_complete,artifacts/local_structured_external_data/whole_corpus_external_data_exhaustive_pipeline_2026-08-04/classified_observations/repair_generation_001/lanes/classification_lane_001/outcomes.jsonl
EXTPAYLOAD-7e98e8647f8269c719d626b5,classification_compaction_repair_generation_001_complete,artifacts/local_structured_external_data/whole_corpus_external_data_exhaustive_pipeline_2026-08-04/classified_observations/repair_generation_001/lanes/classification_lane_001/outcomes.jsonl
EXTPAYLOAD-7eac844fd42cf1a59bf0efab,classification_compaction_repair_generation_001_complete,artifacts/local_structured_external_data/whole_corpus_external_data_exhaustive_pipeline_2026-08-04/classified_observations/repair_generation_001/lanes/classification_lane_001/outcomes.jsonl
EXTPAYLOAD-7eaf588b1b2f0e25df70bef3,classification_compaction_repair_generation_001_complete,artifacts/local_structured_external_data/whole_corpus_external_data_exhaustive_pipeline_2026-08-04/classified_observations/repair_generation_001/lanes/classification_lane_001/outcomes.jsonl
EXTPAYLOAD-7ec02b87976e6a3e8c1bf4b4,classification_compaction_repair_generation_001_complete,artifacts/local_structured_external_data/whole_corpus_external_data_exhaustive_pipeline_2026-08-04/classified_observations/repair_generation_001/lanes/classification_lane_001/outcomes.jsonl
EXTPAYLOAD-7eddf2dbb39bdadb2a8098e6,classification_compaction_repair_generation_001_complete,artifacts/local_structured_external_data/whole_corpus_external_data_exhaustive_pipeline_2026-08-04/classified_observations/repair_generation_001/lanes/classification_lane_001/outcomes.jsonl
EXTPAYLOAD-7eee7b0933f04b49fe048f1b,classification_compaction_repair_generation_001_complete,artifacts/local_structured_external_data/whole_corpus_external_data_exhaustive_pipeline_2026-08-04/classified_observations/repair_generation_001/lanes/classification_lane_001/outcomes.jsonl
EXTPAYLOAD-7f053054ba85f47f493f9578,classification_compaction_repair_generation_001_complete,artifacts/local_structured_external_data/whole_corpus_external_data_exhaustive_pipeline_2026-08-04/classified_observations/repair_generation_001/lanes/classification_lane_001/outcomes.jsonl
EXTPAYLOAD-7f44d6984aad677e8ed4c7f0,classification_compaction_repair_generation_001_complete,artifacts/local_structured_external_data/whole_corpus_external_data_exhaustive_pipeline_2026-08-04/classified_observations/repair_generation_001/lanes/classification_lane_001/outcomes.jsonl
EXTPAYLOAD-7f4e9d23e298141cff239b0b,classification_compaction_repair_generation_001_complete,artifacts/local_structured_external_data/whole_corpus_external_data_exhaustive_pipeline_2026-08-04/classified_observations/repair_generation_001/lanes/classification_lane_001/outcomes.jsonl
EXTPAYLOAD-7f85818d3d531f8410e8dd3f,classification_compaction_repair_generation_001_complete,artifacts/local_structured_external_data/whole_corpus_external_data_exhaustive_pipeline_2026-08-04/classified_observations/repair_generation_001/lanes/classification_lane_001/outcomes.jsonl
EXTPAYLOAD-7f88e27d15131bb4ab0ebe41,classification_compaction_repair_generation_001_complete,artifacts/local_structured_external_data/whole_corpus_external_data_exhaustive_pipeline_2026-08-04/classified_observations/repair_generation_001/lanes/classification_lane_001/outcomes.jsonl
EXTPAYLOAD-7f94fec6ed8e879e9671d43c,classification_compaction_repair_generation_001_complete,artifacts/local_structured_external_data/whole_corpus_external_data_exhaustive_pipeline_2026-08-04/classified_observations/repair_generation_001/lanes/classification_lane_001/outcomes.jsonl
EXTPAYLOAD-7fa6cf12a8175e453b0c2fe8,classification_compaction_repair_generation_001_complete,artifacts/local_structured_external_data/whole_corpus_external_data_exhaustive_pipeline_2026-08-04/classified_observations/repair_generation_001/lanes/classification_lane_001/outcomes.jsonl
EXTPAYLOAD-7fa8b3a7b14a4aa06fd8b182,classification_compaction_repair_generation_001_complete,artifacts/local_structured_external_data/whole_corpus_external_data_exhaustive_pipeline_2026-08-04/classified_observations/repair_generation_001/lanes/classification_lane_001/outcomes.jsonl
EXTPAYLOAD-7fb367052ce18a3c272c69cf,classification_compaction_repair_generation_001_complete,artifacts/local_structured_external_data/whole_corpus_external_data_exhaustive_pipeline_2026-08-04/classified_observations/repair_generation_001/lanes/classification_lane_001/outcomes.jsonl
EXTPAYLOAD-7fbd42253b1ca80ccb31ef51,classification_compaction_repair_generation_001_complete,artifacts/local_structured_external_data/whole_corpus_external_data_exhaustive_pipeline_2026-08-04/classified_observations/repair_generation_001/lanes/classification_lane_001/outcomes.jsonl
EXTPAYLOAD-7fbe9df71a4eeb0e41947663,classification_compaction_repair_generation_001_complete,artifacts/local_structured_external_data/whole_corpus_external_data_exhaustive_pipeline_2026-08-04/classified_observations/repair_generation_001/lanes/classification_lane_001/outcomes.jsonl
EXTPAYLOAD-7fcc8b902669a7fcd475fe3a,classification_compaction_repair_generation_001_complete,artifacts/local_structured_external_data/whole_corpus_external_data_exhaustive_pipeline_2026-08-04/classified_observations/repair_generation_001/lanes/classification_lane_001/outcomes.jsonl
EXTPAYLOAD-7fd1233cfcdecc8bbf2173f7,classification_compaction_repair_generation_001_complete,artifacts/local_structured_external_data/whole_corpus_external_data_exhaustive_pipeline_2026-08-04/classified_observations/repair_generation_001/lanes/classification_lane_001/outcomes.jsonl
EXTPAYLOAD-7fe791f5de580d973d4b6bfb,classification_compaction_repair_generation_001_complete,artifacts/local_structured_external_data/whole_corpus_external_data_exhaustive_pipeline_2026-08-04/classified_observations/repair_generation_001/lanes/classification_lane_001/outcomes.jsonl
EXTPAYLOAD-7fe7f5c471f811f670402110,classification_compaction_repair_generation_001_complete,artifacts/local_structured_external_data/whole_corpus_external_data_exhaustive_pipeline_2026-08-04/classified_observations/repair_generation_001/lanes/classification_lane_001/outcomes.jsonl
EXTPAYLOAD-8019043319ab748f544b2889,classification_compaction_repair_generation_001_complete,artifacts/local_structured_external_data/whole_corpus_external_data_exhaustive_pipeline_2026-08-04/classified_observations/repair_generation_001/lanes/classification_lane_001/outcomes.jsonl
EXTPAYLOAD-8057c5880ad814372620bfd7,classification_compaction_repair_generation_001_complete,artifacts/local_structured_external_data/whole_corpus_external_data_exhaustive_pipeline_2026-08-04/classified_observations/repair_generation_001/lanes/classification_lane_001/outcomes.jsonl
EXTPAYLOAD-807f7af4909430bc91b323e8,classification_compaction_repair_generation_001_complete,artifacts/local_structured_external_data/whole_corpus_external_data_exhaustive_pipeline_2026-08-04/classified_observations/repair_generation_001/lanes/classification_lane_001/outcomes.jsonl
EXTPAYLOAD-808b204f3367dc6ddbb0aaaa,classification_compaction_repair_generation_001_complete,artifacts/local_structured_external_data/whole_corpus_external_data_exhaustive_pipeline_2026-08-04/classified_observations/repair_generation_001/lanes/classification_lane_001/outcomes.jsonl
EXTPAYLOAD-80a8f994cef6a4df81ebe987,classification_compaction_repair_generation_001_complete,artifacts/local_structured_external_data/whole_corpus_external_data_exhaustive_pipeline_2026-08-04/classified_observations/repair_generation_001/lanes/classification_lane_001/outcomes.jsonl
EXTPAYLOAD-80aaa3c1a0620e4a2ce49b22,classification_compaction_repair_generation_001_complete,artifacts/local_structured_external_data/whole_corpus_external_data_exhaustive_pipeline_2026-08-04/classified_observations/repair_generation_001/lanes/classification_lane_001/outcomes.jsonl
EXTPAYLOAD-80afc38cf340cd5b912b88c4,classification_compaction_repair_generation_001_complete,artifacts/local_structured_external_data/whole_corpus_external_data_exhaustive_pipeline_2026-08-04/classified_observations/repair_generation_001/lanes/classification_lane_001/outcomes.jsonl
EXTPAYLOAD-80d994ed02d5ea268c7ed2c4,classification_compaction_repair_generation_001_complete,artifacts/local_structured_external_data/whole_corpus_external_data_exhaustive_pipeline_2026-08-04/classified_observations/repair_generation_001/lanes/classification_lane_001/outcomes.jsonl
EXTPAYLOAD-80da6ebe915790bc052e986a,classification_compaction_repair_generation_001_complete,artifacts/local_structured_external_data/whole_corpus_external_data_exhaustive_pipeline_2026-08-04/classified_observations/repair_generation_001/lanes/classification_lane_001/outcomes.jsonl
EXTPAYLOAD-80e7501eb49224cffe5ef3f4,classification_compaction_repair_generation_001_complete,artifacts/local_structured_external_data/whole_corpus_external_data_exhaustive_pipeline_2026-08-04/classified_observations/repair_generation_001/lanes/classification_lane_001/outcomes.jsonl
EXTPAYLOAD-8109bc6e4207aba2a6485b4a,classification_compaction_repair_generation_001_complete,artifacts/local_structured_external_data/whole_corpus_external_data_exhaustive_pipeline_2026-08-04/classified_observations/repair_generation_001/lanes/classification_lane_001/outcomes.jsonl
EXTPAYLOAD-8127dd0eaa42e43fc716c26d,classification_compaction_repair_generation_001_complete,artifacts/local_structured_external_data/whole_corpus_external_data_exhaustive_pipeline_2026-08-04/classified_observations/repair_generation_001/lanes/classification_lane_001/outcomes.jsonl
EXTPAYLOAD-812bc16ed2ffa4a9d1a4219a,classification_compaction_repair_generation_001_complete,artifacts/local_structured_external_data/whole_corpus_external_data_exhaustive_pipeline_2026-08-04/classified_observations/repair_generation_001/lanes/classification_lane_001/outcomes.jsonl
EXTPAYLOAD-812f3e5940fc4ee81f69f4ec,classification_compaction_repair_generation_001_complete,artifacts/local_structured_external_data/whole_corpus_external_data_exhaustive_pipeline_2026-08-04/classified_observations/repair_generation_001/lanes/classification_lane_001/outcomes.jsonl
EXTPAYLOAD-813c3d6d2144751935ccfd58,classification_compaction_repair_generation_001_complete,artifacts/local_structured_external_data/whole_corpus_external_data_exhaustive_pipeline_2026-08-04/classified_observations/repair_generation_001/lanes/classification_lane_001/outcomes.jsonl
EXTPAYLOAD-814c4095a01de11a0097146a,classification_compaction_repair_generation_001_complete,artifacts/local_structured_external_data/whole_corpus_external_data_exhaustive_pipeline_2026-08-04/classified_observations/repair_generation_001/lanes/classification_lane_001/outcomes.jsonl
EXTPAYLOAD-816bd65e74757b910962b058,classification_compaction_repair_generation_001_complete,artifacts/local_structured_external_data/whole_corpus_external_data_exhaustive_pipeline_2026-08-04/classified_observations/repair_generation_001/lanes/classification_lane_001/outcomes.jsonl
EXTPAYLOAD-817bae1f4b726ebfc0e17722,classification_compaction_repair_generation_001_complete,artifacts/local_structured_external_data/whole_corpus_external_data_exhaustive_pipeline_2026-08-04/classified_observations/repair_generation_001/lanes/classification_lane_001/outcomes.jsonl
EXTPAYLOAD-81a358514c6d46d1693eeba8,classification_compaction_repair_generation_001_complete,artifacts/local_structured_external_data/whole_corpus_external_data_exhaustive_pipeline_2026-08-04/classified_observations/repair_generation_001/lanes/classification_lane_001/outcomes.jsonl
EXTPAYLOAD-81c4cb07daac8422022e86fa,classification_compaction_repair_generation_001_complete,artifacts/local_structured_external_data/whole_corpus_external_data_exhaustive_pipeline_2026-08-04/classified_observations/repair_generation_001/lanes/classification_lane_001/outcomes.jsonl
EXTPAYLOAD-81dc48cc020fbc07ab898586,classification_compaction_repair_generation_001_complete,artifacts/local_structured_external_data/whole_corpus_external_data_exhaustive_pipeline_2026-08-04/classified_observations/repair_generation_001/lanes/classification_lane_001/outcomes.jsonl
EXTPAYLOAD-81e47026fa26945f79a69ba2,classification_compaction_repair_generation_001_complete,artifacts/local_structured_external_data/whole_corpus_external_data_exhaustive_pipeline_2026-08-04/classified_observations/repair_generation_001/lanes/classification_lane_001/outcomes.jsonl
EXTPAYLOAD-821e2da7ecb7ee5e6d367fd4,classification_compaction_repair_generation_001_complete,artifacts/local_structured_external_data/whole_corpus_external_data_exhaustive_pipeline_2026-08-04/classified_observations/repair_generation_001/lanes/classification_lane_001/outcomes.jsonl
EXTPAYLOAD-82231237ee8bfee0123be828,classification_compaction_repair_generation_001_complete,artifacts/local_structured_external_data/whole_corpus_external_data_exhaustive_pipeline_2026-08-04/classified_observations/repair_generation_001/lanes/classification_lane_001/outcomes.jsonl
EXTPAYLOAD-8225005fa5e340612d6a83de,classification_compaction_repair_generation_001_complete,artifacts/local_structured_external_data/whole_corpus_external_data_exhaustive_pipeline_2026-08-04/classified_observations/repair_generation_001/lanes/classification_lane_001/outcomes.jsonl
EXTPAYLOAD-824c8047eae23e97e603337f,classification_compaction_repair_generation_001_complete,artifacts/local_structured_external_data/whole_corpus_external_data_exhaustive_pipeline_2026-08-04/classified_observations/repair_generation_001/lanes/classification_lane_001/outcomes.jsonl
EXTPAYLOAD-82504cc8aaa25480fff4063d,classification_compaction_repair_generation_001_complete,artifacts/local_structured_external_data/whole_corpus_external_data_exhaustive_pipeline_2026-08-04/classified_observations/repair_generation_001/lanes/classification_lane_001/outcomes.jsonl
EXTPAYLOAD-825f5b8bc3f000abbe883068,classification_compaction_repair_generation_001_complete,artifacts/local_structured_external_data/whole_corpus_external_data_exhaustive_pipeline_2026-08-04/classified_observations/repair_generation_001/lanes/classification_lane_001/outcomes.jsonl
EXTPAYLOAD-828eac59fcde8724b7aacde7,classification_compaction_repair_generation_001_complete,artifacts/local_structured_external_data/whole_corpus_external_data_exhaustive_pipeline_2026-08-04/classified_observations/repair_generation_001/lanes/classification_lane_001/outcomes.jsonl
EXTPAYLOAD-829462b094e954037d6a42ec,classification_compaction_repair_generation_001_complete,artifacts/local_structured_external_data/whole_corpus_external_data_exhaustive_pipeline_2026-08-04/classified_observations/repair_generation_001/lanes/classification_lane_001/outcomes.jsonl
EXTPAYLOAD-829cda47190c0a03b1b4a94e,classification_compaction_repair_generation_001_complete,artifacts/local_structured_external_data/whole_corpus_external_data_exhaustive_pipeline_2026-08-04/classified_observations/repair_generation_001/lanes/classification_lane_001/outcomes.jsonl
EXTPAYLOAD-82cf739552cc81badb839bf2,classification_compaction_repair_generation_001_complete,artifacts/local_structured_external_data/whole_corpus_external_data_exhaustive_pipeline_2026-08-04/classified_observations/repair_generation_001/lanes/classification_lane_001/outcomes.jsonl
EXTPAYLOAD-82e27ade9f4629065574d9ab,classification_compaction_repair_generation_001_complete,artifacts/local_structured_external_data/whole_corpus_external_data_exhaustive_pipeline_2026-08-04/classified_observations/repair_generation_001/lanes/classification_lane_001/outcomes.jsonl
EXTPAYLOAD-82f4b41be4e3ecc043cddba2,classification_compaction_repair_generation_001_complete,artifacts/local_structured_external_data/whole_corpus_external_data_exhaustive_pipeline_2026-08-04/classified_observations/repair_generation_001/lanes/classification_lane_001/outcomes.jsonl
EXTPAYLOAD-82f4e59bada44292915f447b,classification_compaction_repair_generation_001_complete,artifacts/local_structured_external_data/whole_corpus_external_data_exhaustive_pipeline_2026-08-04/classified_observations/repair_generation_001/lanes/classification_lane_001/outcomes.jsonl
EXTPAYLOAD-82fb89016eaf878ea5bf84ad,classification_compaction_repair_generation_001_complete,artifacts/local_structured_external_data/whole_corpus_external_data_exhaustive_pipeline_2026-08-04/classified_observations/repair_generation_001/lanes/classification_lane_001/outcomes.jsonl
EXTPAYLOAD-8302cc566c95f06601460541,classification_compaction_repair_generation_001_complete,artifacts/local_structured_external_data/whole_corpus_external_data_exhaustive_pipeline_2026-08-04/classified_observations/repair_generation_001/lanes/classification_lane_001/outcomes.jsonl
EXTPAYLOAD-8316a21d871bd02ee03e55a7,classification_compaction_repair_generation_001_complete,artifacts/local_structured_external_data/whole_corpus_external_data_exhaustive_pipeline_2026-08-04/classified_observations/repair_generation_001/lanes/classification_lane_001/outcomes.jsonl
EXTPAYLOAD-8375fe0ec931dc721170f108,classification_compaction_repair_generation_001_complete,artifacts/local_structured_external_data/whole_corpus_external_data_exhaustive_pipeline_2026-08-04/classified_observations/repair_generation_001/lanes/classification_lane_001/outcomes.jsonl
EXTPAYLOAD-837ef0108786de2c669bdf72,classification_compaction_repair_generation_001_complete,artifacts/local_structured_external_data/whole_corpus_external_data_exhaustive_pipeline_2026-08-04/classified_observations/repair_generation_001/lanes/classification_lane_001/outcomes.jsonl
EXTPAYLOAD-8397eba0d3fe529e088edcdf,classification_compaction_repair_generation_001_complete,artifacts/local_structured_external_data/whole_corpus_external_data_exhaustive_pipeline_2026-08-04/classified_observations/repair_generation_001/lanes/classification_lane_001/outcomes.jsonl
EXTPAYLOAD-839cba11b7a521003458a0fc,classification_compaction_repair_generation_001_complete,artifacts/local_structured_external_data/whole_corpus_external_data_exhaustive_pipeline_2026-08-04/classified_observations/repair_generation_001/lanes/classification_lane_001/outcomes.jsonl
EXTPAYLOAD-83c31af5ab73da27e76fc14e,classification_compaction_repair_generation_001_complete,artifacts/local_structured_external_data/whole_corpus_external_data_exhaustive_pipeline_2026-08-04/classified_observations/repair_generation_001/lanes/classification_lane_001/outcomes.jsonl
EXTPAYLOAD-83d47fe9995d8275624ba249,classification_compaction_repair_generation_001_complete,artifacts/local_structured_external_data/whole_corpus_external_data_exhaustive_pipeline_2026-08-04/classified_observations/repair_generation_001/lanes/classification_lane_001/outcomes.jsonl
EXTPAYLOAD-83e919c0f24e9a4c13a09d66,classification_compaction_repair_generation_001_complete,artifacts/local_structured_external_data/whole_corpus_external_data_exhaustive_pipeline_2026-08-04/classified_observations/repair_generation_001/lanes/classification_lane_001/outcomes.jsonl
EXTPAYLOAD-843ab061cc25c89da82d71d2,classification_compaction_repair_generation_001_complete,artifacts/local_structured_external_data/whole_corpus_external_data_exhaustive_pipeline_2026-08-04/classified_observations/repair_generation_001/lanes/classification_lane_001/outcomes.jsonl
EXTPAYLOAD-8447828b4dfe63a6bf6918a2,classification_compaction_repair_generation_001_complete,artifacts/local_structured_external_data/whole_corpus_external_data_exhaustive_pipeline_2026-08-04/classified_observations/repair_generation_001/lanes/classification_lane_001/outcomes.jsonl
EXTPAYLOAD-8461eb8325ca05f2b344af2e,classification_compaction_repair_generation_001_complete,artifacts/local_structured_external_data/whole_corpus_external_data_exhaustive_pipeline_2026-08-04/classified_observations/repair_generation_001/lanes/classification_lane_001/outcomes.jsonl
EXTPAYLOAD-846518fba52e46609bd7dc8d,classification_compaction_repair_generation_001_complete,artifacts/local_structured_external_data/whole_corpus_external_data_exhaustive_pipeline_2026-08-04/classified_observations/repair_generation_001/lanes/classification_lane_001/outcomes.jsonl
EXTPAYLOAD-84ba4407685191b54ff5c8c8,classification_compaction_repair_generation_001_complete,artifacts/local_structured_external_data/whole_corpus_external_data_exhaustive_pipeline_2026-08-04/classified_observations/repair_generation_001/lanes/classification_lane_001/outcomes.jsonl
EXTPAYLOAD-84bdeae25bdb5e8d15e52043,classification_compaction_repair_generation_001_complete,artifacts/local_structured_external_data/whole_corpus_external_data_exhaustive_pipeline_2026-08-04/classified_observations/repair_generation_001/lanes/classification_lane_001/outcomes.jsonl
EXTPAYLOAD-84c367932272bc96cb4dba6a,classification_compaction_repair_generation_001_complete,artifacts/local_structured_external_data/whole_corpus_external_data_exhaustive_pipeline_2026-08-04/classified_observations/repair_generation_001/lanes/classification_lane_001/outcomes.jsonl
EXTPAYLOAD-84dbded920f5803e82b7eaeb,classification_compaction_repair_generation_001_complete,artifacts/local_structured_external_data/whole_corpus_external_data_exhaustive_pipeline_2026-08-04/classified_observations/repair_generation_001/lanes/classification_lane_001/outcomes.jsonl
EXTPAYLOAD-84f37de0c289ece36aba94a7,classification_compaction_repair_generation_001_complete,artifacts/local_structured_external_data/whole_corpus_external_data_exhaustive_pipeline_2026-08-04/classified_observations/repair_generation_001/lanes/classification_lane_001/outcomes.jsonl
EXTPAYLOAD-850a37b05068cbbab6b2860b,classification_compaction_repair_generation_001_complete,artifacts/local_structured_external_data/whole_corpus_external_data_exhaustive_pipeline_2026-08-04/classified_observations/repair_generation_001/lanes/classification_lane_001/outcomes.jsonl
EXTPAYLOAD-85133a3186804973e0c7cc70,classification_compaction_repair_generation_001_complete,artifacts/local_structured_external_data/whole_corpus_external_data_exhaustive_pipeline_2026-08-04/classified_observations/repair_generation_001/lanes/classification_lane_001/outcomes.jsonl
EXTPAYLOAD-851db809d60c63047e7c611d,classification_compaction_repair_generation_001_complete,artifacts/local_structured_external_data/whole_corpus_external_data_exhaustive_pipeline_2026-08-04/classified_observations/repair_generation_001/lanes/classification_lane_001/outcomes.jsonl
EXTPAYLOAD-853466be63bbe76e6cbc6b81,classification_compaction_repair_generation_001_complete,artifacts/local_structured_external_data/whole_corpus_external_data_exhaustive_pipeline_2026-08-04/classified_observations/repair_generation_001/lanes/classification_lane_001/outcomes.jsonl
EXTPAYLOAD-853d05c6ee57a0d2458c4ad9,classification_compaction_repair_generation_001_complete,artifacts/local_structured_external_data/whole_corpus_external_data_exhaustive_pipeline_2026-08-04/classified_observations/repair_generation_001/lanes/classification_lane_001/outcomes.jsonl
EXTPAYLOAD-855b1ef356aab4bed199a25d,classification_compaction_repair_generation_001_complete,artifacts/local_structured_external_data/whole_corpus_external_data_exhaustive_pipeline_2026-08-04/classified_observations/repair_generation_001/lanes/classification_lane_001/outcomes.jsonl
EXTPAYLOAD-857cca4225442b538e2d9bdc,classification_compaction_repair_generation_001_complete,artifacts/local_structured_external_data/whole_corpus_external_data_exhaustive_pipeline_2026-08-04/classified_observations/repair_generation_001/lanes/classification_lane_001/outcomes.jsonl
EXTPAYLOAD-857de38515d5b5c85fe853f8,classification_compaction_repair_generation_001_complete,artifacts/local_structured_external_data/whole_corpus_external_data_exhaustive_pipeline_2026-08-04/classified_observations/repair_generation_001/lanes/classification_lane_001/outcomes.jsonl
EXTPAYLOAD-858ac36fd3e4f8fd9716cd57,classification_compaction_repair_generation_001_complete,artifacts/local_structured_external_data/whole_corpus_external_data_exhaustive_pipeline_2026-08-04/classified_observations/repair_generation_001/lanes/classification_lane_001/outcomes.jsonl
EXTPAYLOAD-8596a7e962857cb3b88a3861,classification_compaction_repair_generation_001_complete,artifacts/local_structured_external_data/whole_corpus_external_data_exhaustive_pipeline_2026-08-04/classified_observations/repair_generation_001/lanes/classification_lane_001/outcomes.jsonl
EXTPAYLOAD-85a0db818b4f6697dee65a36,classification_compaction_repair_generation_001_complete,artifacts/local_structured_external_data/whole_corpus_external_data_exhaustive_pipeline_2026-08-04/classified_observations/repair_generation_001/lanes/classification_lane_001/outcomes.jsonl
EXTPAYLOAD-85a151abddb995bbae27ddb1,classification_compaction_repair_generation_001_complete,artifacts/local_structured_external_data/whole_corpus_external_data_exhaustive_pipeline_2026-08-04/classified_observations/repair_generation_001/lanes/classification_lane_001/outcomes.jsonl
EXTPAYLOAD-85d6a5988db974499a912805,classification_compaction_repair_generation_001_complete,artifacts/local_structured_external_data/whole_corpus_external_data_exhaustive_pipeline_2026-08-04/classified_observations/repair_generation_001/lanes/classification_lane_001/outcomes.jsonl
EXTPAYLOAD-85e6b3b6196951ebafbd7a4c,classification_compaction_repair_generation_001_complete,artifacts/local_structured_external_data/whole_corpus_external_data_exhaustive_pipeline_2026-08-04/classified_observations/repair_generation_001/lanes/classification_lane_001/outcomes.jsonl
EXTPAYLOAD-85f38b08791ce9c60ecbb007,classification_compaction_repair_generation_001_complete,artifacts/local_structured_external_data/whole_corpus_external_data_exhaustive_pipeline_2026-08-04/classified_observations/repair_generation_001/lanes/classification_lane_001/outcomes.jsonl
EXTPAYLOAD-86195f734d222bac85e7000a,classification_compaction_repair_generation_001_complete,artifacts/local_structured_external_data/whole_corpus_external_data_exhaustive_pipeline_2026-08-04/classified_observations/repair_generation_001/lanes/classification_lane_001/outcomes.jsonl
EXTPAYLOAD-861dc1121e76ed2a1590a2e0,classification_compaction_repair_generation_001_complete,artifacts/local_structured_external_data/whole_corpus_external_data_exhaustive_pipeline_2026-08-04/classified_observations/repair_generation_001/lanes/classification_lane_001/outcomes.jsonl
EXTPAYLOAD-8646c17b641a307bdc390560,classification_compaction_repair_generation_001_complete,artifacts/local_structured_external_data/whole_corpus_external_data_exhaustive_pipeline_2026-08-04/classified_observations/repair_generation_001/lanes/classification_lane_001/outcomes.jsonl
EXTPAYLOAD-8655dc13fed63185dea3bbf6,classification_compaction_repair_generation_001_complete,artifacts/local_structured_external_data/whole_corpus_external_data_exhaustive_pipeline_2026-08-04/classified_observations/repair_generation_001/lanes/classification_lane_001/outcomes.jsonl
EXTPAYLOAD-867fa3072d58a8a64a9040ee,classification_compaction_repair_generation_001_complete,artifacts/local_structured_external_data/whole_corpus_external_data_exhaustive_pipeline_2026-08-04/classified_observations/repair_generation_001/lanes/classification_lane_001/outcomes.jsonl
EXTPAYLOAD-86af76a0a7b4a636dd569168,classification_compaction_repair_generation_001_complete,artifacts/local_structured_external_data/whole_corpus_external_data_exhaustive_pipeline_2026-08-04/classified_observations/repair_generation_001/lanes/classification_lane_001/outcomes.jsonl
EXTPAYLOAD-86b0b01873ccac4476a7857c,classification_compaction_repair_generation_001_complete,artifacts/local_structured_external_data/whole_corpus_external_data_exhaustive_pipeline_2026-08-04/classified_observations/repair_generation_001/lanes/classification_lane_001/outcomes.jsonl
EXTPAYLOAD-86b2543c12c1b604f2979f3f,classification_compaction_repair_generation_001_complete,artifacts/local_structured_external_data/whole_corpus_external_data_exhaustive_pipeline_2026-08-04/classified_observations/repair_generation_001/lanes/classification_lane_001/outcomes.jsonl
EXTPAYLOAD-86be84bfcef33478b93285da,classification_compaction_repair_generation_001_complete,artifacts/local_structured_external_data/whole_corpus_external_data_exhaustive_pipeline_2026-08-04/classified_observations/repair_generation_001/lanes/classification_lane_001/outcomes.jsonl
EXTPAYLOAD-86d9c8a089f8b40cddcfbbb8,classification_compaction_repair_generation_001_complete,artifacts/local_structured_external_data/whole_corpus_external_data_exhaustive_pipeline_2026-08-04/classified_observations/repair_generation_001/lanes/classification_lane_001/outcomes.jsonl
EXTPAYLOAD-8705bcbd4c2f45f3693abbab,classification_compaction_repair_generation_001_complete,artifacts/local_structured_external_data/whole_corpus_external_data_exhaustive_pipeline_2026-08-04/classified_observations/repair_generation_001/lanes/classification_lane_001/outcomes.jsonl
EXTPAYLOAD-87116a6577038f914710b31e,classification_compaction_repair_generation_001_complete,artifacts/local_structured_external_data/whole_corpus_external_data_exhaustive_pipeline_2026-08-04/classified_observations/repair_generation_001/lanes/classification_lane_001/outcomes.jsonl
EXTPAYLOAD-875afc26edb532ff1929db5c,classification_compaction_repair_generation_001_complete,artifacts/local_structured_external_data/whole_corpus_external_data_exhaustive_pipeline_2026-08-04/classified_observations/repair_generation_001/lanes/classification_lane_001/outcomes.jsonl
EXTPAYLOAD-876d5b68969baf3f7d526e29,classification_compaction_repair_generation_001_complete,artifacts/local_structured_external_data/whole_corpus_external_data_exhaustive_pipeline_2026-08-04/classified_observations/repair_generation_001/lanes/classification_lane_001/outcomes.jsonl
EXTPAYLOAD-877291a35bd87ddb8de6eae7,classification_compaction_repair_generation_001_complete,artifacts/local_structured_external_data/whole_corpus_external_data_exhaustive_pipeline_2026-08-04/classified_observations/repair_generation_001/lanes/classification_lane_001/outcomes.jsonl
EXTPAYLOAD-8774dc77e053b18a02717280,classification_compaction_repair_generation_001_complete,artifacts/local_structured_external_data/whole_corpus_external_data_exhaustive_pipeline_2026-08-04/classified_observations/repair_generation_001/lanes/classification_lane_001/outcomes.jsonl
EXTPAYLOAD-877d9aeaef9e71ca866dfafa,classification_compaction_repair_generation_001_complete,artifacts/local_structured_external_data/whole_corpus_external_data_exhaustive_pipeline_2026-08-04/classified_observations/repair_generation_001/lanes/classification_lane_001/outcomes.jsonl
EXTPAYLOAD-878ac37410222ff5e7c62a48,classification_compaction_repair_generation_001_complete,artifacts/local_structured_external_data/whole_corpus_external_data_exhaustive_pipeline_2026-08-04/classified_observations/repair_generation_001/lanes/classification_lane_001/outcomes.jsonl
EXTPAYLOAD-879c028094482856e8540f31,classification_compaction_repair_generation_001_complete,artifacts/local_structured_external_data/whole_corpus_external_data_exhaustive_pipeline_2026-08-04/classified_observations/repair_generation_001/lanes/classification_lane_001/outcomes.jsonl
EXTPAYLOAD-87d4fcc8fc6a800c28255459,classification_compaction_repair_generation_001_complete,artifacts/local_structured_external_data/whole_corpus_external_data_exhaustive_pipeline_2026-08-04/classified_observations/repair_generation_001/lanes/classification_lane_001/outcomes.jsonl
EXTPAYLOAD-87de7f8fd122c123a41247a6,classification_compaction_repair_generation_001_complete,artifacts/local_structured_external_data/whole_corpus_external_data_exhaustive_pipeline_2026-08-04/classified_observations/repair_generation_001/lanes/classification_lane_001/outcomes.jsonl
EXTPAYLOAD-880bd473b0d0826145ca5009,classification_compaction_repair_generation_001_complete,artifacts/local_structured_external_data/whole_corpus_external_data_exhaustive_pipeline_2026-08-04/classified_observations/repair_generation_001/lanes/classification_lane_001/outcomes.jsonl
EXTPAYLOAD-880e06de8f5b3edc653ea24e,classification_compaction_repair_generation_001_complete,artifacts/local_structured_external_data/whole_corpus_external_data_exhaustive_pipeline_2026-08-04/classified_observations/repair_generation_001/lanes/classification_lane_001/outcomes.jsonl
EXTPAYLOAD-8827ae45af804e103db8c38a,classification_compaction_repair_generation_001_complete,artifacts/local_structured_external_data/whole_corpus_external_data_exhaustive_pipeline_2026-08-04/classified_observations/repair_generation_001/lanes/classification_lane_001/outcomes.jsonl
EXTPAYLOAD-8853ee91c6d3a8d7a2529dbb,classification_compaction_repair_generation_001_complete,artifacts/local_structured_external_data/whole_corpus_external_data_exhaustive_pipeline_2026-08-04/classified_observations/repair_generation_001/lanes/classification_lane_001/outcomes.jsonl
EXTPAYLOAD-8862472fd8b0b049f6b9fccf,classification_compaction_repair_generation_001_complete,artifacts/local_structured_external_data/whole_corpus_external_data_exhaustive_pipeline_2026-08-04/classified_observations/repair_generation_001/lanes/classification_lane_001/outcomes.jsonl
EXTPAYLOAD-887d656b7585d6059b9b1643,classification_compaction_repair_generation_001_complete,artifacts/local_structured_external_data/whole_corpus_external_data_exhaustive_pipeline_2026-08-04/classified_observations/repair_generation_001/lanes/classification_lane_001/outcomes.jsonl
EXTPAYLOAD-88972e6ddb8dbbe25a019b6a,classification_compaction_repair_generation_001_complete,artifacts/local_structured_external_data/whole_corpus_external_data_exhaustive_pipeline_2026-08-04/classified_observations/repair_generation_001/lanes/classification_lane_001/outcomes.jsonl
EXTPAYLOAD-88e453959997cde8679af82b,classification_compaction_repair_generation_001_complete,artifacts/local_structured_external_data/whole_corpus_external_data_exhaustive_pipeline_2026-08-04/classified_observations/repair_generation_001/lanes/classification_lane_001/outcomes.jsonl
EXTPAYLOAD-88ead00af1f0b78e936b94a8,classification_compaction_repair_generation_001_complete,artifacts/local_structured_external_data/whole_corpus_external_data_exhaustive_pipeline_2026-08-04/classified_observations/repair_generation_001/lanes/classification_lane_001/outcomes.jsonl
EXTPAYLOAD-89271df19ce8f365dcd4e12c,classification_compaction_repair_generation_001_complete,artifacts/local_structured_external_data/whole_corpus_external_data_exhaustive_pipeline_2026-08-04/classified_observations/repair_generation_001/lanes/classification_lane_001/outcomes.jsonl
EXTPAYLOAD-893e81eef3e9c12b00a27ebe,classification_compaction_repair_generation_001_complete,artifacts/local_structured_external_data/whole_corpus_external_data_exhaustive_pipeline_2026-08-04/classified_observations/repair_generation_001/lanes/classification_lane_001/outcomes.jsonl
EXTPAYLOAD-8955b7456930b5480fbaa900,classification_compaction_repair_generation_001_complete,artifacts/local_structured_external_data/whole_corpus_external_data_exhaustive_pipeline_2026-08-04/classified_observations/repair_generation_001/lanes/classification_lane_001/outcomes.jsonl
EXTPAYLOAD-896fcb8408f7ebc3a65cc340,classification_compaction_repair_generation_001_complete,artifacts/local_structured_external_data/whole_corpus_external_data_exhaustive_pipeline_2026-08-04/classified_observations/repair_generation_001/lanes/classification_lane_001/outcomes.jsonl
EXTPAYLOAD-89be87d2eef0e3d49dac713d,classification_compaction_repair_generation_001_complete,artifacts/local_structured_external_data/whole_corpus_external_data_exhaustive_pipeline_2026-08-04/classified_observations/repair_generation_001/lanes/classification_lane_001/outcomes.jsonl
EXTPAYLOAD-89c24e35ba96e54de438e420,classification_compaction_repair_generation_001_complete,artifacts/local_structured_external_data/whole_corpus_external_data_exhaustive_pipeline_2026-08-04/classified_observations/repair_generation_001/lanes/classification_lane_001/outcomes.jsonl
EXTPAYLOAD-89d1d9182fb15e2d43f62700,classification_compaction_repair_generation_001_complete,artifacts/local_structured_external_data/whole_corpus_external_data_exhaustive_pipeline_2026-08-04/classified_observations/repair_generation_001/lanes/classification_lane_001/outcomes.jsonl
EXTPAYLOAD-89e766087bbe794a8460f714,classification_compaction_repair_generation_001_complete,artifacts/local_structured_external_data/whole_corpus_external_data_exhaustive_pipeline_2026-08-04/classified_observations/repair_generation_001/lanes/classification_lane_001/outcomes.jsonl
EXTPAYLOAD-89e86d10c47e12fe38f2d74b,classification_compaction_repair_generation_001_complete,artifacts/local_structured_external_data/whole_corpus_external_data_exhaustive_pipeline_2026-08-04/classified_observations/repair_generation_001/lanes/classification_lane_001/outcomes.jsonl
EXTPAYLOAD-8a02fdb451ecade08dbe28aa,classification_compaction_repair_generation_001_complete,artifacts/local_structured_external_data/whole_corpus_external_data_exhaustive_pipeline_2026-08-04/classified_observations/repair_generation_001/lanes/classification_lane_001/outcomes.jsonl
EXTPAYLOAD-8a04414c6e32c59b71ba3347,classification_compaction_repair_generation_001_complete,artifacts/local_structured_external_data/whole_corpus_external_data_exhaustive_pipeline_2026-08-04/classified_observations/repair_generation_001/lanes/classification_lane_001/outcomes.jsonl
EXTPAYLOAD-8a0753e20f8c712fe81f4932,classification_compaction_repair_generation_001_complete,artifacts/local_structured_external_data/whole_corpus_external_data_exhaustive_pipeline_2026-08-04/classified_observations/repair_generation_001/lanes/classification_lane_001/outcomes.jsonl
EXTPAYLOAD-8a0e256bc9e6943351d3ef02,classification_compaction_repair_generation_001_complete,artifacts/local_structured_external_data/whole_corpus_external_data_exhaustive_pipeline_2026-08-04/classified_observations/repair_generation_001/lanes/classification_lane_001/outcomes.jsonl
EXTPAYLOAD-8a322121e947b9b6a30dd378,classification_compaction_repair_generation_001_complete,artifacts/local_structured_external_data/whole_corpus_external_data_exhaustive_pipeline_2026-08-04/classified_observations/repair_generation_001/lanes/classification_lane_001/outcomes.jsonl
EXTPAYLOAD-8a3b95772b81bf23e17308c7,classification_compaction_repair_generation_001_complete,artifacts/local_structured_external_data/whole_corpus_external_data_exhaustive_pipeline_2026-08-04/classified_observations/repair_generation_001/lanes/classification_lane_001/outcomes.jsonl
EXTPAYLOAD-8a4397ad085108cfa08969de,classification_compaction_repair_generation_001_complete,artifacts/local_structured_external_data/whole_corpus_external_data_exhaustive_pipeline_2026-08-04/classified_observations/repair_generation_001/lanes/classification_lane_001/outcomes.jsonl
EXTPAYLOAD-8a558b563771c8bfe0cd1e23,classification_compaction_repair_generation_001_complete,artifacts/local_structured_external_data/whole_corpus_external_data_exhaustive_pipeline_2026-08-04/classified_observations/repair_generation_001/lanes/classification_lane_001/outcomes.jsonl
EXTPAYLOAD-8a5af6589c3b5790dbf31b49,classification_compaction_repair_generation_001_complete,artifacts/local_structured_external_data/whole_corpus_external_data_exhaustive_pipeline_2026-08-04/classified_observations/repair_generation_001/lanes/classification_lane_001/outcomes.jsonl
EXTPAYLOAD-8a6894167ee8a9a239bd0033,classification_compaction_repair_generation_001_complete,artifacts/local_structured_external_data/whole_corpus_external_data_exhaustive_pipeline_2026-08-04/classified_observations/repair_generation_001/lanes/classification_lane_001/outcomes.jsonl
EXTPAYLOAD-8a815dbf203e9c094817ed63,classification_compaction_repair_generation_001_complete,artifacts/local_structured_external_data/whole_corpus_external_data_exhaustive_pipeline_2026-08-04/classified_observations/repair_generation_001/lanes/classification_lane_001/outcomes.jsonl
EXTPAYLOAD-8a8629f384da10ea9af60a89,classification_compaction_repair_generation_001_complete,artifacts/local_structured_external_data/whole_corpus_external_data_exhaustive_pipeline_2026-08-04/classified_observations/repair_generation_001/lanes/classification_lane_001/outcomes.jsonl
EXTPAYLOAD-8a9023e5ce1cc42f12626119,classification_compaction_repair_generation_001_complete,artifacts/local_structured_external_data/whole_corpus_external_data_exhaustive_pipeline_2026-08-04/classified_observations/repair_generation_001/lanes/classification_lane_001/outcomes.jsonl
EXTPAYLOAD-8a9753ec6ec4d3325de1cf3a,classification_compaction_repair_generation_001_complete,artifacts/local_structured_external_data/whole_corpus_external_data_exhaustive_pipeline_2026-08-04/classified_observations/repair_generation_001/lanes/classification_lane_001/outcomes.jsonl
EXTPAYLOAD-8a98a38f69fd8ea6fed477e9,classification_compaction_repair_generation_001_complete,artifacts/local_structured_external_data/whole_corpus_external_data_exhaustive_pipeline_2026-08-04/classified_observations/repair_generation_001/lanes/classification_lane_001/outcomes.jsonl
EXTPAYLOAD-8a9a0f26dceb87d751283305,classification_compaction_repair_generation_001_complete,artifacts/local_structured_external_data/whole_corpus_external_data_exhaustive_pipeline_2026-08-04/classified_observations/repair_generation_001/lanes/classification_lane_001/outcomes.jsonl
EXTPAYLOAD-8aa5b2d62ca555a56fdb6224,classification_compaction_repair_generation_001_complete,artifacts/local_structured_external_data/whole_corpus_external_data_exhaustive_pipeline_2026-08-04/classified_observations/repair_generation_001/lanes/classification_lane_001/outcomes.jsonl
EXTPAYLOAD-8ad15d87b845388d7f471037,classification_compaction_repair_generation_001_complete,artifacts/local_structured_external_data/whole_corpus_external_data_exhaustive_pipeline_2026-08-04/classified_observations/repair_generation_001/lanes/classification_lane_001/outcomes.jsonl
EXTPAYLOAD-8aeb097d611a76db0c757843,classification_compaction_repair_generation_001_complete,artifacts/local_structured_external_data/whole_corpus_external_data_exhaustive_pipeline_2026-08-04/classified_observations/repair_generation_001/lanes/classification_lane_001/outcomes.jsonl
EXTPAYLOAD-8b15a48717ff9a47b3cf3ba8,classification_compaction_repair_generation_001_complete,artifacts/local_structured_external_data/whole_corpus_external_data_exhaustive_pipeline_2026-08-04/classified_observations/repair_generation_001/lanes/classification_lane_001/outcomes.jsonl
EXTPAYLOAD-8b1a235d4bec7a89f4a8b519,classification_compaction_repair_generation_001_complete,artifacts/local_structured_external_data/whole_corpus_external_data_exhaustive_pipeline_2026-08-04/classified_observations/repair_generation_001/lanes/classification_lane_001/outcomes.jsonl
EXTPAYLOAD-8b5115d53d3a7a31e0688a2b,classification_compaction_repair_generation_001_complete,artifacts/local_structured_external_data/whole_corpus_external_data_exhaustive_pipeline_2026-08-04/classified_observations/repair_generation_001/lanes/classification_lane_001/outcomes.jsonl
EXTPAYLOAD-8b86ca73a5a0fdb66e0cbc4a,classification_compaction_repair_generation_001_complete,artifacts/local_structured_external_data/whole_corpus_external_data_exhaustive_pipeline_2026-08-04/classified_observations/repair_generation_001/lanes/classification_lane_001/outcomes.jsonl
EXTPAYLOAD-8be5760a64d4c65a6b2c23f6,classification_compaction_repair_generation_001_complete,artifacts/local_structured_external_data/whole_corpus_external_data_exhaustive_pipeline_2026-08-04/classified_observations/repair_generation_001/lanes/classification_lane_001/outcomes.jsonl
EXTPAYLOAD-8bfbcd51ed96d462ba1c1c21,classification_compaction_repair_generation_001_complete,artifacts/local_structured_external_data/whole_corpus_external_data_exhaustive_pipeline_2026-08-04/classified_observations/repair_generation_001/lanes/classification_lane_001/outcomes.jsonl
EXTPAYLOAD-8c1226fd92b19ceeb2151443,classification_compaction_repair_generation_001_complete,artifacts/local_structured_external_data/whole_corpus_external_data_exhaustive_pipeline_2026-08-04/classified_observations/repair_generation_001/lanes/classification_lane_001/outcomes.jsonl
EXTPAYLOAD-8c243753a9a5257935395a84,classification_compaction_repair_generation_001_complete,artifacts/local_structured_external_data/whole_corpus_external_data_exhaustive_pipeline_2026-08-04/classified_observations/repair_generation_001/lanes/classification_lane_001/outcomes.jsonl
EXTPAYLOAD-8c399996b971303ceaa3f868,classification_compaction_repair_generation_001_complete,artifacts/local_structured_external_data/whole_corpus_external_data_exhaustive_pipeline_2026-08-04/classified_observations/repair_generation_001/lanes/classification_lane_001/outcomes.jsonl
EXTPAYLOAD-8c5dff4e19a20addb7208a48,classification_compaction_repair_generation_001_complete,artifacts/local_structured_external_data/whole_corpus_external_data_exhaustive_pipeline_2026-08-04/classified_observations/repair_generation_001/lanes/classification_lane_001/outcomes.jsonl
EXTPAYLOAD-8c6e7dea13b453fa55122103,classification_compaction_repair_generation_001_complete,artifacts/local_structured_external_data/whole_corpus_external_data_exhaustive_pipeline_2026-08-04/classified_observations/repair_generation_001/lanes/classification_lane_001/outcomes.jsonl
EXTPAYLOAD-8c769525587e7593a157dc91,classification_compaction_repair_generation_001_complete,artifacts/local_structured_external_data/whole_corpus_external_data_exhaustive_pipeline_2026-08-04/classified_observations/repair_generation_001/lanes/classification_lane_001/outcomes.jsonl
EXTPAYLOAD-8c9c3a8fcdf10f5928116646,classification_compaction_repair_generation_001_complete,artifacts/local_structured_external_data/whole_corpus_external_data_exhaustive_pipeline_2026-08-04/classified_observations/repair_generation_001/lanes/classification_lane_001/outcomes.jsonl
EXTPAYLOAD-8cad046f7fa0fd3d6c970d1c,classification_compaction_repair_generation_001_complete,artifacts/local_structured_external_data/whole_corpus_external_data_exhaustive_pipeline_2026-08-04/classified_observations/repair_generation_001/lanes/classification_lane_001/outcomes.jsonl
EXTPAYLOAD-8cc77bd48163450f2cccf12f,classification_compaction_repair_generation_001_complete,artifacts/local_structured_external_data/whole_corpus_external_data_exhaustive_pipeline_2026-08-04/classified_observations/repair_generation_001/lanes/classification_lane_001/outcomes.jsonl
EXTPAYLOAD-8ccbc0eca3e2646c3c13cfff,classification_compaction_repair_generation_001_complete,artifacts/local_structured_external_data/whole_corpus_external_data_exhaustive_pipeline_2026-08-04/classified_observations/repair_generation_001/lanes/classification_lane_001/outcomes.jsonl
EXTPAYLOAD-8cfe340a6d86afcdc614ca9f,classification_compaction_repair_generation_001_complete,artifacts/local_structured_external_data/whole_corpus_external_data_exhaustive_pipeline_2026-08-04/classified_observations/repair_generation_001/lanes/classification_lane_001/outcomes.jsonl
EXTPAYLOAD-8d085d16bdaa693cf83f0678,classification_compaction_repair_generation_001_complete,artifacts/local_structured_external_data/whole_corpus_external_data_exhaustive_pipeline_2026-08-04/classified_observations/repair_generation_001/lanes/classification_lane_001/outcomes.jsonl
EXTPAYLOAD-8d2686e4baa954a962228b17,classification_compaction_repair_generation_001_complete,artifacts/local_structured_external_data/whole_corpus_external_data_exhaustive_pipeline_2026-08-04/classified_observations/repair_generation_001/lanes/classification_lane_001/outcomes.jsonl
EXTPAYLOAD-8d2f78753d2a847d32a920ae,classification_compaction_repair_generation_001_complete,artifacts/local_structured_external_data/whole_corpus_external_data_exhaustive_pipeline_2026-08-04/classified_observations/repair_generation_001/lanes/classification_lane_001/outcomes.jsonl
EXTPAYLOAD-8d572bc77a5541043d2ae0aa,classification_compaction_repair_generation_001_complete,artifacts/local_structured_external_data/whole_corpus_external_data_exhaustive_pipeline_2026-08-04/classified_observations/repair_generation_001/lanes/classification_lane_001/outcomes.jsonl
EXTPAYLOAD-8d7426eb9099fb5ba3f4aee1,classification_compaction_repair_generation_001_complete,artifacts/local_structured_external_data/whole_corpus_external_data_exhaustive_pipeline_2026-08-04/classified_observations/repair_generation_001/lanes/classification_lane_001/outcomes.jsonl
EXTPAYLOAD-8d8967688647399e960cfb9e,classification_compaction_repair_generation_001_complete,artifacts/local_structured_external_data/whole_corpus_external_data_exhaustive_pipeline_2026-08-04/classified_observations/repair_generation_001/lanes/classification_lane_001/outcomes.jsonl
EXTPAYLOAD-8d8e5796c60184650f619ee8,classification_compaction_repair_generation_001_complete,artifacts/local_structured_external_data/whole_corpus_external_data_exhaustive_pipeline_2026-08-04/classified_observations/repair_generation_001/lanes/classification_lane_001/outcomes.jsonl
EXTPAYLOAD-8d966083999c969913c9b84c,classification_compaction_repair_generation_001_complete,artifacts/local_structured_external_data/whole_corpus_external_data_exhaustive_pipeline_2026-08-04/classified_observations/repair_generation_001/lanes/classification_lane_001/outcomes.jsonl
EXTPAYLOAD-8da21d2ec1ced9e50a198847,classification_compaction_repair_generation_001_complete,artifacts/local_structured_external_data/whole_corpus_external_data_exhaustive_pipeline_2026-08-04/classified_observations/repair_generation_001/lanes/classification_lane_001/outcomes.jsonl
EXTPAYLOAD-8da4a4e5199353baf07ec211,classification_compaction_repair_generation_001_complete,artifacts/local_structured_external_data/whole_corpus_external_data_exhaustive_pipeline_2026-08-04/classified_observations/repair_generation_001/lanes/classification_lane_001/outcomes.jsonl
EXTPAYLOAD-8da95d76de1a918a2b96b8c5,classification_compaction_repair_generation_001_complete,artifacts/local_structured_external_data/whole_corpus_external_data_exhaustive_pipeline_2026-08-04/classified_observations/repair_generation_001/lanes/classification_lane_001/outcomes.jsonl
EXTPAYLOAD-8db7532f328292195da552b4,classification_compaction_repair_generation_001_complete,artifacts/local_structured_external_data/whole_corpus_external_data_exhaustive_pipeline_2026-08-04/classified_observations/repair_generation_001/lanes/classification_lane_001/outcomes.jsonl
EXTPAYLOAD-8dc2621122d41b1ccef73fb3,classification_compaction_repair_generation_001_complete,artifacts/local_structured_external_data/whole_corpus_external_data_exhaustive_pipeline_2026-08-04/classified_observations/repair_generation_001/lanes/classification_lane_001/outcomes.jsonl
EXTPAYLOAD-8de92d29d8495a6c55a6961f,classification_compaction_repair_generation_001_complete,artifacts/local_structured_external_data/whole_corpus_external_data_exhaustive_pipeline_2026-08-04/classified_observations/repair_generation_001/lanes/classification_lane_001/outcomes.jsonl
EXTPAYLOAD-8df5a73c8ac63704654e5a80,classification_compaction_repair_generation_001_complete,artifacts/local_structured_external_data/whole_corpus_external_data_exhaustive_pipeline_2026-08-04/classified_observations/repair_generation_001/lanes/classification_lane_001/outcomes.jsonl
EXTPAYLOAD-8e1ae3330eaaaa0d8e321339,classification_compaction_repair_generation_001_complete,artifacts/local_structured_external_data/whole_corpus_external_data_exhaustive_pipeline_2026-08-04/classified_observations/repair_generation_001/lanes/classification_lane_001/outcomes.jsonl
EXTPAYLOAD-8e1b9e2a1d338054e2dd582b,classification_compaction_repair_generation_001_complete,artifacts/local_structured_external_data/whole_corpus_external_data_exhaustive_pipeline_2026-08-04/classified_observations/repair_generation_001/lanes/classification_lane_001/outcomes.jsonl
EXTPAYLOAD-8e31f2c9ac5069645c7240db,classification_compaction_repair_generation_001_complete,artifacts/local_structured_external_data/whole_corpus_external_data_exhaustive_pipeline_2026-08-04/classified_observations/repair_generation_001/lanes/classification_lane_001/outcomes.jsonl
EXTPAYLOAD-8e6c80553f23d09cebfb67cd,classification_compaction_repair_generation_001_complete,artifacts/local_structured_external_data/whole_corpus_external_data_exhaustive_pipeline_2026-08-04/classified_observations/repair_generation_001/lanes/classification_lane_001/outcomes.jsonl
EXTPAYLOAD-8eb02918a15578203ac6c723,classification_compaction_repair_generation_001_complete,artifacts/local_structured_external_data/whole_corpus_external_data_exhaustive_pipeline_2026-08-04/classified_observations/repair_generation_001/lanes/classification_lane_001/outcomes.jsonl
EXTPAYLOAD-8eb630128a45c17163dc0625,classification_compaction_repair_generation_001_complete,artifacts/local_structured_external_data/whole_corpus_external_data_exhaustive_pipeline_2026-08-04/classified_observations/repair_generation_001/lanes/classification_lane_001/outcomes.jsonl
EXTPAYLOAD-8ecce30db8d915a290237724,classification_compaction_repair_generation_001_complete,artifacts/local_structured_external_data/whole_corpus_external_data_exhaustive_pipeline_2026-08-04/classified_observations/repair_generation_001/lanes/classification_lane_001/outcomes.jsonl
EXTPAYLOAD-8f15138798ef83afa3b578a0,classification_compaction_repair_generation_001_complete,artifacts/local_structured_external_data/whole_corpus_external_data_exhaustive_pipeline_2026-08-04/classified_observations/repair_generation_001/lanes/classification_lane_001/outcomes.jsonl
EXTPAYLOAD-8f18e1e74009732356987ff6,classification_compaction_repair_generation_001_complete,artifacts/local_structured_external_data/whole_corpus_external_data_exhaustive_pipeline_2026-08-04/classified_observations/repair_generation_001/lanes/classification_lane_001/outcomes.jsonl
EXTPAYLOAD-8f190db942fcde9c1f0b95fb,classification_compaction_repair_generation_001_complete,artifacts/local_structured_external_data/whole_corpus_external_data_exhaustive_pipeline_2026-08-04/classified_observations/repair_generation_001/lanes/classification_lane_001/outcomes.jsonl
EXTPAYLOAD-8f2624a75b161a188e5ab72a,classification_compaction_repair_generation_001_complete,artifacts/local_structured_external_data/whole_corpus_external_data_exhaustive_pipeline_2026-08-04/classified_observations/repair_generation_001/lanes/classification_lane_001/outcomes.jsonl
EXTPAYLOAD-8f50c4210309f75f1754068e,classification_compaction_repair_generation_001_complete,artifacts/local_structured_external_data/whole_corpus_external_data_exhaustive_pipeline_2026-08-04/classified_observations/repair_generation_001/lanes/classification_lane_001/outcomes.jsonl
EXTPAYLOAD-8f61578e5316bbaecc7e1688,classification_compaction_repair_generation_001_complete,artifacts/local_structured_external_data/whole_corpus_external_data_exhaustive_pipeline_2026-08-04/classified_observations/repair_generation_001/lanes/classification_lane_001/outcomes.jsonl
EXTPAYLOAD-8f67622f5e8bd7bae75f8dc2,classification_compaction_repair_generation_001_complete,artifacts/local_structured_external_data/whole_corpus_external_data_exhaustive_pipeline_2026-08-04/classified_observations/repair_generation_001/lanes/classification_lane_001/outcomes.jsonl
EXTPAYLOAD-8f9dfc5b448da73936b5d141,classification_compaction_repair_generation_001_complete,artifacts/local_structured_external_data/whole_corpus_external_data_exhaustive_pipeline_2026-08-04/classified_observations/repair_generation_001/lanes/classification_lane_001/outcomes.jsonl
EXTPAYLOAD-8fc26973745ff8f6b02143bd,classification_compaction_repair_generation_001_complete,artifacts/local_structured_external_data/whole_corpus_external_data_exhaustive_pipeline_2026-08-04/classified_observations/repair_generation_001/lanes/classification_lane_001/outcomes.jsonl
EXTPAYLOAD-8fcf3bb1c2086df6b1b36621,classification_compaction_repair_generation_001_complete,artifacts/local_structured_external_data/whole_corpus_external_data_exhaustive_pipeline_2026-08-04/classified_observations/repair_generation_001/lanes/classification_lane_001/outcomes.jsonl
EXTPAYLOAD-9002efbd53f14824f426d96a,classification_compaction_repair_generation_001_complete,artifacts/local_structured_external_data/whole_corpus_external_data_exhaustive_pipeline_2026-08-04/classified_observations/repair_generation_001/lanes/classification_lane_001/outcomes.jsonl
EXTPAYLOAD-9008087c5cf8ddae8be92de6,classification_compaction_repair_generation_001_complete,artifacts/local_structured_external_data/whole_corpus_external_data_exhaustive_pipeline_2026-08-04/classified_observations/repair_generation_001/lanes/classification_lane_001/outcomes.jsonl
EXTPAYLOAD-9015bf8ee2c0c644c6bf1545,classification_compaction_repair_generation_001_complete,artifacts/local_structured_external_data/whole_corpus_external_data_exhaustive_pipeline_2026-08-04/classified_observations/repair_generation_001/lanes/classification_lane_001/outcomes.jsonl
EXTPAYLOAD-901b16a4a30f518da97ad75c,classification_compaction_repair_generation_001_complete,artifacts/local_structured_external_data/whole_corpus_external_data_exhaustive_pipeline_2026-08-04/classified_observations/repair_generation_001/lanes/classification_lane_001/outcomes.jsonl
EXTPAYLOAD-903b68f961e7c7eb4c644b7b,classification_compaction_repair_generation_001_complete,artifacts/local_structured_external_data/whole_corpus_external_data_exhaustive_pipeline_2026-08-04/classified_observations/repair_generation_001/lanes/classification_lane_001/outcomes.jsonl
EXTPAYLOAD-9052d3ddaacabe98246c375a,classification_compaction_repair_generation_001_complete,artifacts/local_structured_external_data/whole_corpus_external_data_exhaustive_pipeline_2026-08-04/classified_observations/repair_generation_001/lanes/classification_lane_001/outcomes.jsonl
EXTPAYLOAD-906733d9c18e92ee9a89196b,classification_compaction_repair_generation_001_complete,artifacts/local_structured_external_data/whole_corpus_external_data_exhaustive_pipeline_2026-08-04/classified_observations/repair_generation_001/lanes/classification_lane_001/outcomes.jsonl
EXTPAYLOAD-906aad2947d27474028ee67f,classification_compaction_repair_generation_001_complete,artifacts/local_structured_external_data/whole_corpus_external_data_exhaustive_pipeline_2026-08-04/classified_observations/repair_generation_001/lanes/classification_lane_001/outcomes.jsonl
EXTPAYLOAD-9078a48dea2472ee57aa8954,classification_compaction_repair_generation_001_complete,artifacts/local_structured_external_data/whole_corpus_external_data_exhaustive_pipeline_2026-08-04/classified_observations/repair_generation_001/lanes/classification_lane_001/outcomes.jsonl
EXTPAYLOAD-90a1ee00803877dcaa8e1006,classification_compaction_repair_generation_001_complete,artifacts/local_structured_external_data/whole_corpus_external_data_exhaustive_pipeline_2026-08-04/classified_observations/repair_generation_001/lanes/classification_lane_001/outcomes.jsonl
EXTPAYLOAD-90b985ef200c612620a67a95,classification_compaction_repair_generation_001_complete,artifacts/local_structured_external_data/whole_corpus_external_data_exhaustive_pipeline_2026-08-04/classified_observations/repair_generation_001/lanes/classification_lane_001/outcomes.jsonl
EXTPAYLOAD-90d0a7f19577131ab915da47,classification_compaction_repair_generation_001_complete,artifacts/local_structured_external_data/whole_corpus_external_data_exhaustive_pipeline_2026-08-04/classified_observations/repair_generation_001/lanes/classification_lane_001/outcomes.jsonl
EXTPAYLOAD-90e129fbe11466de2fabc72e,classification_compaction_repair_generation_001_complete,artifacts/local_structured_external_data/whole_corpus_external_data_exhaustive_pipeline_2026-08-04/classified_observations/repair_generation_001/lanes/classification_lane_001/outcomes.jsonl
EXTPAYLOAD-9122f953ea642ed10beebf02,classification_compaction_repair_generation_001_complete,artifacts/local_structured_external_data/whole_corpus_external_data_exhaustive_pipeline_2026-08-04/classified_observations/repair_generation_001/lanes/classification_lane_001/outcomes.jsonl
EXTPAYLOAD-912771bf7879f4fe54bd9428,classification_compaction_repair_generation_001_complete,artifacts/local_structured_external_data/whole_corpus_external_data_exhaustive_pipeline_2026-08-04/classified_observations/repair_generation_001/lanes/classification_lane_001/outcomes.jsonl
EXTPAYLOAD-912dde5b7fa96ec7e2e3f0c1,classification_compaction_repair_generation_001_complete,artifacts/local_structured_external_data/whole_corpus_external_data_exhaustive_pipeline_2026-08-04/classified_observations/repair_generation_001/lanes/classification_lane_001/outcomes.jsonl
EXTPAYLOAD-9141a177f5e1e4c21010fef2,classification_compaction_repair_generation_001_complete,artifacts/local_structured_external_data/whole_corpus_external_data_exhaustive_pipeline_2026-08-04/classified_observations/repair_generation_001/lanes/classification_lane_001/outcomes.jsonl
EXTPAYLOAD-91827415218be3b3a85dc8fd,classification_compaction_repair_generation_001_complete,artifacts/local_structured_external_data/whole_corpus_external_data_exhaustive_pipeline_2026-08-04/classified_observations/repair_generation_001/lanes/classification_lane_001/outcomes.jsonl
EXTPAYLOAD-918d62e7bd78a0d469f57de7,classification_compaction_repair_generation_001_complete,artifacts/local_structured_external_data/whole_corpus_external_data_exhaustive_pipeline_2026-08-04/classified_observations/repair_generation_001/lanes/classification_lane_001/outcomes.jsonl
EXTPAYLOAD-91b0ad8ccb214f06841cd23a,classification_compaction_repair_generation_001_complete,artifacts/local_structured_external_data/whole_corpus_external_data_exhaustive_pipeline_2026-08-04/classified_observations/repair_generation_001/lanes/classification_lane_001/outcomes.jsonl
EXTPAYLOAD-91b472eafc0aee77084a4c60,classification_compaction_repair_generation_001_complete,artifacts/local_structured_external_data/whole_corpus_external_data_exhaustive_pipeline_2026-08-04/classified_observations/repair_generation_001/lanes/classification_lane_001/outcomes.jsonl
EXTPAYLOAD-91b7ce497a30482fb4e5c81c,classification_compaction_repair_generation_001_complete,artifacts/local_structured_external_data/whole_corpus_external_data_exhaustive_pipeline_2026-08-04/classified_observations/repair_generation_001/lanes/classification_lane_001/outcomes.jsonl
EXTPAYLOAD-91c2ad709e240e03c3ca0689,classification_compaction_repair_generation_001_complete,artifacts/local_structured_external_data/whole_corpus_external_data_exhaustive_pipeline_2026-08-04/classified_observations/repair_generation_001/lanes/classification_lane_001/outcomes.jsonl
EXTPAYLOAD-91ce728ff3848d6203b5a9b7,classification_compaction_repair_generation_001_complete,artifacts/local_structured_external_data/whole_corpus_external_data_exhaustive_pipeline_2026-08-04/classified_observations/repair_generation_001/lanes/classification_lane_001/outcomes.jsonl
EXTPAYLOAD-91e194109d49587f66ed0434,classification_compaction_repair_generation_001_complete,artifacts/local_structured_external_data/whole_corpus_external_data_exhaustive_pipeline_2026-08-04/classified_observations/repair_generation_001/lanes/classification_lane_001/outcomes.jsonl
EXTPAYLOAD-91eb52e8fef3a3c37dbef2d1,classification_compaction_repair_generation_001_complete,artifacts/local_structured_external_data/whole_corpus_external_data_exhaustive_pipeline_2026-08-04/classified_observations/repair_generation_001/lanes/classification_lane_001/outcomes.jsonl
EXTPAYLOAD-91f1ac45ceb27fe9747d4f08,classification_compaction_repair_generation_001_complete,artifacts/local_structured_external_data/whole_corpus_external_data_exhaustive_pipeline_2026-08-04/classified_observations/repair_generation_001/lanes/classification_lane_001/outcomes.jsonl
EXTPAYLOAD-92038e48665e335f3391880b,classification_compaction_repair_generation_001_complete,artifacts/local_structured_external_data/whole_corpus_external_data_exhaustive_pipeline_2026-08-04/classified_observations/repair_generation_001/lanes/classification_lane_001/outcomes.jsonl
EXTPAYLOAD-9209d4fa757a645c0730cfd8,classification_compaction_repair_generation_001_complete,artifacts/local_structured_external_data/whole_corpus_external_data_exhaustive_pipeline_2026-08-04/classified_observations/repair_generation_001/lanes/classification_lane_001/outcomes.jsonl
EXTPAYLOAD-920b2f5f28ca7a7fe95c8212,classification_compaction_repair_generation_001_complete,artifacts/local_structured_external_data/whole_corpus_external_data_exhaustive_pipeline_2026-08-04/classified_observations/repair_generation_001/lanes/classification_lane_001/outcomes.jsonl
EXTPAYLOAD-9213161b91825d6d0111810e,classification_compaction_repair_generation_001_complete,artifacts/local_structured_external_data/whole_corpus_external_data_exhaustive_pipeline_2026-08-04/classified_observations/repair_generation_001/lanes/classification_lane_001/outcomes.jsonl
EXTPAYLOAD-9215e3a08276a35f99c10a94,classification_compaction_repair_generation_001_complete,artifacts/local_structured_external_data/whole_corpus_external_data_exhaustive_pipeline_2026-08-04/classified_observations/repair_generation_001/lanes/classification_lane_001/outcomes.jsonl
EXTPAYLOAD-92177671527e62666d41ee72,classification_compaction_repair_generation_001_complete,artifacts/local_structured_external_data/whole_corpus_external_data_exhaustive_pipeline_2026-08-04/classified_observations/repair_generation_001/lanes/classification_lane_001/outcomes.jsonl
EXTPAYLOAD-922cbc84e27d1880da2117ac,classification_compaction_repair_generation_001_complete,artifacts/local_structured_external_data/whole_corpus_external_data_exhaustive_pipeline_2026-08-04/classified_observations/repair_generation_001/lanes/classification_lane_001/outcomes.jsonl
EXTPAYLOAD-92309f7775c8ce2d74a1b6a2,classification_compaction_repair_generation_001_complete,artifacts/local_structured_external_data/whole_corpus_external_data_exhaustive_pipeline_2026-08-04/classified_observations/repair_generation_001/lanes/classification_lane_001/outcomes.jsonl
EXTPAYLOAD-924f5a50ac2c40fdb64c6597,classification_compaction_repair_generation_001_complete,artifacts/local_structured_external_data/whole_corpus_external_data_exhaustive_pipeline_2026-08-04/classified_observations/repair_generation_001/lanes/classification_lane_001/outcomes.jsonl
EXTPAYLOAD-92c788ecfaf40dc9f7358e53,classification_compaction_repair_generation_001_complete,artifacts/local_structured_external_data/whole_corpus_external_data_exhaustive_pipeline_2026-08-04/classified_observations/repair_generation_001/lanes/classification_lane_001/outcomes.jsonl
EXTPAYLOAD-9315d9ea818515d17fe7661b,classification_compaction_repair_generation_001_complete,artifacts/local_structured_external_data/whole_corpus_external_data_exhaustive_pipeline_2026-08-04/classified_observations/repair_generation_001/lanes/classification_lane_001/outcomes.jsonl
EXTPAYLOAD-933198f9da57f85fbe64be96,classification_compaction_repair_generation_001_complete,artifacts/local_structured_external_data/whole_corpus_external_data_exhaustive_pipeline_2026-08-04/classified_observations/repair_generation_001/lanes/classification_lane_001/outcomes.jsonl
EXTPAYLOAD-933e5371877e11f4119ef70d,classification_compaction_repair_generation_001_complete,artifacts/local_structured_external_data/whole_corpus_external_data_exhaustive_pipeline_2026-08-04/classified_observations/repair_generation_001/lanes/classification_lane_001/outcomes.jsonl
EXTPAYLOAD-93522766e0d0805962a8e826,classification_compaction_repair_generation_001_complete,artifacts/local_structured_external_data/whole_corpus_external_data_exhaustive_pipeline_2026-08-04/classified_observations/repair_generation_001/lanes/classification_lane_001/outcomes.jsonl
EXTPAYLOAD-935d4eefc5b088fdc82ce13f,classification_compaction_repair_generation_001_complete,artifacts/local_structured_external_data/whole_corpus_external_data_exhaustive_pipeline_2026-08-04/classified_observations/repair_generation_001/lanes/classification_lane_001/outcomes.jsonl
EXTPAYLOAD-936ba70b62998fb88ac35ff5,classification_compaction_repair_generation_001_complete,artifacts/local_structured_external_data/whole_corpus_external_data_exhaustive_pipeline_2026-08-04/classified_observations/repair_generation_001/lanes/classification_lane_001/outcomes.jsonl
EXTPAYLOAD-9377f1f70fe5c5721ac7fefb,classification_compaction_repair_generation_001_complete,artifacts/local_structured_external_data/whole_corpus_external_data_exhaustive_pipeline_2026-08-04/classified_observations/repair_generation_001/lanes/classification_lane_001/outcomes.jsonl
EXTPAYLOAD-9388240618ceb82891daa368,classification_compaction_repair_generation_001_complete,artifacts/local_structured_external_data/whole_corpus_external_data_exhaustive_pipeline_2026-08-04/classified_observations/repair_generation_001/lanes/classification_lane_001/outcomes.jsonl
EXTPAYLOAD-93cab6886eba543e7da7ac84,classification_compaction_repair_generation_001_complete,artifacts/local_structured_external_data/whole_corpus_external_data_exhaustive_pipeline_2026-08-04/classified_observations/repair_generation_001/lanes/classification_lane_001/outcomes.jsonl
EXTPAYLOAD-93d477f4c221049025b02574,classification_compaction_repair_generation_001_complete,artifacts/local_structured_external_data/whole_corpus_external_data_exhaustive_pipeline_2026-08-04/classified_observations/repair_generation_001/lanes/classification_lane_001/outcomes.jsonl
EXTPAYLOAD-93ea5e88e4fc1fde9ff02489,classification_compaction_repair_generation_001_complete,artifacts/local_structured_external_data/whole_corpus_external_data_exhaustive_pipeline_2026-08-04/classified_observations/repair_generation_001/lanes/classification_lane_001/outcomes.jsonl
EXTPAYLOAD-93f7d333c70164212cb989cc,classification_compaction_repair_generation_001_complete,artifacts/local_structured_external_data/whole_corpus_external_data_exhaustive_pipeline_2026-08-04/classified_observations/repair_generation_001/lanes/classification_lane_001/outcomes.jsonl
EXTPAYLOAD-940ab4b701a98db6c821a163,classification_compaction_repair_generation_001_complete,artifacts/local_structured_external_data/whole_corpus_external_data_exhaustive_pipeline_2026-08-04/classified_observations/repair_generation_001/lanes/classification_lane_001/outcomes.jsonl
EXTPAYLOAD-941c63b0522f1c36f30d0070,classification_compaction_repair_generation_001_complete,artifacts/local_structured_external_data/whole_corpus_external_data_exhaustive_pipeline_2026-08-04/classified_observations/repair_generation_001/lanes/classification_lane_001/outcomes.jsonl
EXTPAYLOAD-942e5b0ea21706e90e976f9a,classification_compaction_repair_generation_001_complete,artifacts/local_structured_external_data/whole_corpus_external_data_exhaustive_pipeline_2026-08-04/classified_observations/repair_generation_001/lanes/classification_lane_001/outcomes.jsonl
EXTPAYLOAD-9479d8fe8dbb25327e35d0a0,classification_compaction_repair_generation_001_complete,artifacts/local_structured_external_data/whole_corpus_external_data_exhaustive_pipeline_2026-08-04/classified_observations/repair_generation_001/lanes/classification_lane_001/outcomes.jsonl
EXTPAYLOAD-948cc584c356a343f7cf6feb,classification_compaction_repair_generation_001_complete,artifacts/local_structured_external_data/whole_corpus_external_data_exhaustive_pipeline_2026-08-04/classified_observations/repair_generation_001/lanes/classification_lane_001/outcomes.jsonl
EXTPAYLOAD-949e0646a7101a0ebb9e0705,classification_compaction_repair_generation_001_complete,artifacts/local_structured_external_data/whole_corpus_external_data_exhaustive_pipeline_2026-08-04/classified_observations/repair_generation_001/lanes/classification_lane_001/outcomes.jsonl
EXTPAYLOAD-94a5d0ba72af18d43f948051,classification_compaction_repair_generation_001_complete,artifacts/local_structured_external_data/whole_corpus_external_data_exhaustive_pipeline_2026-08-04/classified_observations/repair_generation_001/lanes/classification_lane_001/outcomes.jsonl
EXTPAYLOAD-94bcd16fb28e17de67fb9280,classification_compaction_repair_generation_001_complete,artifacts/local_structured_external_data/whole_corpus_external_data_exhaustive_pipeline_2026-08-04/classified_observations/repair_generation_001/lanes/classification_lane_001/outcomes.jsonl
EXTPAYLOAD-951be5158b9fbafa2e9b558b,classification_compaction_repair_generation_001_complete,artifacts/local_structured_external_data/whole_corpus_external_data_exhaustive_pipeline_2026-08-04/classified_observations/repair_generation_001/lanes/classification_lane_001/outcomes.jsonl
EXTPAYLOAD-954133833ab49666c9fd193e,classification_compaction_repair_generation_001_complete,artifacts/local_structured_external_data/whole_corpus_external_data_exhaustive_pipeline_2026-08-04/classified_observations/repair_generation_001/lanes/classification_lane_001/outcomes.jsonl
EXTPAYLOAD-954fa7afc6eb777cab189c21,classification_compaction_repair_generation_001_complete,artifacts/local_structured_external_data/whole_corpus_external_data_exhaustive_pipeline_2026-08-04/classified_observations/repair_generation_001/lanes/classification_lane_001/outcomes.jsonl
EXTPAYLOAD-955b37e357c697e8babe80db,classification_compaction_repair_generation_001_complete,artifacts/local_structured_external_data/whole_corpus_external_data_exhaustive_pipeline_2026-08-04/classified_observations/repair_generation_001/lanes/classification_lane_001/outcomes.jsonl
EXTPAYLOAD-9571fc1a64fa618f202ca464,classification_compaction_repair_generation_001_complete,artifacts/local_structured_external_data/whole_corpus_external_data_exhaustive_pipeline_2026-08-04/classified_observations/repair_generation_001/lanes/classification_lane_001/outcomes.jsonl
EXTPAYLOAD-95943558c587a735fd380ede,classification_compaction_repair_generation_001_complete,artifacts/local_structured_external_data/whole_corpus_external_data_exhaustive_pipeline_2026-08-04/classified_observations/repair_generation_001/lanes/classification_lane_001/outcomes.jsonl
EXTPAYLOAD-95adbc5bce73e4f0a0e11f06,classification_compaction_repair_generation_001_complete,artifacts/local_structured_external_data/whole_corpus_external_data_exhaustive_pipeline_2026-08-04/classified_observations/repair_generation_001/lanes/classification_lane_001/outcomes.jsonl
EXTPAYLOAD-95af00109d30a1b41b000872,classification_compaction_repair_generation_001_complete,artifacts/local_structured_external_data/whole_corpus_external_data_exhaustive_pipeline_2026-08-04/classified_observations/repair_generation_001/lanes/classification_lane_001/outcomes.jsonl
EXTPAYLOAD-9638b7cd5d8e6b105fc6c7c0,classification_compaction_repair_generation_001_complete,artifacts/local_structured_external_data/whole_corpus_external_data_exhaustive_pipeline_2026-08-04/classified_observations/repair_generation_001/lanes/classification_lane_001/outcomes.jsonl
EXTPAYLOAD-9641290204d8a40d7b777347,classification_compaction_repair_generation_001_complete,artifacts/local_structured_external_data/whole_corpus_external_data_exhaustive_pipeline_2026-08-04/classified_observations/repair_generation_001/lanes/classification_lane_001/outcomes.jsonl
EXTPAYLOAD-966bcb457785ece119e463aa,classification_compaction_repair_generation_001_complete,artifacts/local_structured_external_data/whole_corpus_external_data_exhaustive_pipeline_2026-08-04/classified_observations/repair_generation_001/lanes/classification_lane_001/outcomes.jsonl
EXTPAYLOAD-966d5e1a51fa34d6f2754b60,classification_compaction_repair_generation_001_complete,artifacts/local_structured_external_data/whole_corpus_external_data_exhaustive_pipeline_2026-08-04/classified_observations/repair_generation_001/lanes/classification_lane_001/outcomes.jsonl
EXTPAYLOAD-9677906e8806349b70aa86fd,classification_compaction_repair_generation_001_complete,artifacts/local_structured_external_data/whole_corpus_external_data_exhaustive_pipeline_2026-08-04/classified_observations/repair_generation_001/lanes/classification_lane_001/outcomes.jsonl
EXTPAYLOAD-967f1e0ccd04dbee4e33aa7a,classification_compaction_repair_generation_001_complete,artifacts/local_structured_external_data/whole_corpus_external_data_exhaustive_pipeline_2026-08-04/classified_observations/repair_generation_001/lanes/classification_lane_001/outcomes.jsonl
EXTPAYLOAD-9692916c267e4c7c6e0cc341,classification_compaction_repair_generation_001_complete,artifacts/local_structured_external_data/whole_corpus_external_data_exhaustive_pipeline_2026-08-04/classified_observations/repair_generation_001/lanes/classification_lane_001/outcomes.jsonl
EXTPAYLOAD-96ddcd94b3300f212970ee79,classification_compaction_repair_generation_001_complete,artifacts/local_structured_external_data/whole_corpus_external_data_exhaustive_pipeline_2026-08-04/classified_observations/repair_generation_001/lanes/classification_lane_001/outcomes.jsonl
EXTPAYLOAD-96e55290c00d55830f1803ac,classification_compaction_repair_generation_001_complete,artifacts/local_structured_external_data/whole_corpus_external_data_exhaustive_pipeline_2026-08-04/classified_observations/repair_generation_001/lanes/classification_lane_001/outcomes.jsonl
EXTPAYLOAD-96e995a961cd9a1bdac4e004,classification_compaction_repair_generation_001_complete,artifacts/local_structured_external_data/whole_corpus_external_data_exhaustive_pipeline_2026-08-04/classified_observations/repair_generation_001/lanes/classification_lane_001/outcomes.jsonl
EXTPAYLOAD-9714856c40736ae42ccc7ca6,classification_compaction_repair_generation_001_complete,artifacts/local_structured_external_data/whole_corpus_external_data_exhaustive_pipeline_2026-08-04/classified_observations/repair_generation_001/lanes/classification_lane_001/outcomes.jsonl
EXTPAYLOAD-972bc0cbad856e3501ac73da,classification_compaction_repair_generation_001_complete,artifacts/local_structured_external_data/whole_corpus_external_data_exhaustive_pipeline_2026-08-04/classified_observations/repair_generation_001/lanes/classification_lane_001/outcomes.jsonl
EXTPAYLOAD-9731efcd52eef2487af7f696,classification_compaction_repair_generation_001_complete,artifacts/local_structured_external_data/whole_corpus_external_data_exhaustive_pipeline_2026-08-04/classified_observations/repair_generation_001/lanes/classification_lane_001/outcomes.jsonl
EXTPAYLOAD-9747bea607af1c61f069afc9,classification_compaction_repair_generation_001_complete,artifacts/local_structured_external_data/whole_corpus_external_data_exhaustive_pipeline_2026-08-04/classified_observations/repair_generation_001/lanes/classification_lane_001/outcomes.jsonl
EXTPAYLOAD-977c0bd4d3ccf7824de277c2,classification_compaction_repair_generation_001_complete,artifacts/local_structured_external_data/whole_corpus_external_data_exhaustive_pipeline_2026-08-04/classified_observations/repair_generation_001/lanes/classification_lane_001/outcomes.jsonl
EXTPAYLOAD-97ad76118f32b2c9f5cb7cf2,classification_compaction_repair_generation_001_complete,artifacts/local_structured_external_data/whole_corpus_external_data_exhaustive_pipeline_2026-08-04/classified_observations/repair_generation_001/lanes/classification_lane_001/outcomes.jsonl
EXTPAYLOAD-97b157ec139544e527084847,classification_compaction_repair_generation_001_complete,artifacts/local_structured_external_data/whole_corpus_external_data_exhaustive_pipeline_2026-08-04/classified_observations/repair_generation_001/lanes/classification_lane_001/outcomes.jsonl
EXTPAYLOAD-97cc16e60efb3e67ecb3f7d3,classification_compaction_repair_generation_001_complete,artifacts/local_structured_external_data/whole_corpus_external_data_exhaustive_pipeline_2026-08-04/classified_observations/repair_generation_001/lanes/classification_lane_001/outcomes.jsonl
EXTPAYLOAD-97d5f175a203187deb6460e9,classification_compaction_repair_generation_001_complete,artifacts/local_structured_external_data/whole_corpus_external_data_exhaustive_pipeline_2026-08-04/classified_observations/repair_generation_001/lanes/classification_lane_001/outcomes.jsonl
EXTPAYLOAD-97e71b448e8878b5e1ac590c,classification_compaction_repair_generation_001_complete,artifacts/local_structured_external_data/whole_corpus_external_data_exhaustive_pipeline_2026-08-04/classified_observations/repair_generation_001/lanes/classification_lane_001/outcomes.jsonl
EXTPAYLOAD-980454d5aacaa71f22b8aaed,classification_compaction_repair_generation_001_complete,artifacts/local_structured_external_data/whole_corpus_external_data_exhaustive_pipeline_2026-08-04/classified_observations/repair_generation_001/lanes/classification_lane_001/outcomes.jsonl
EXTPAYLOAD-981e95b07ce33b05bb55e440,classification_compaction_repair_generation_001_complete,artifacts/local_structured_external_data/whole_corpus_external_data_exhaustive_pipeline_2026-08-04/classified_observations/repair_generation_001/lanes/classification_lane_001/outcomes.jsonl
EXTPAYLOAD-983927e022d995d20c2a2f89,classification_compaction_repair_generation_001_complete,artifacts/local_structured_external_data/whole_corpus_external_data_exhaustive_pipeline_2026-08-04/classified_observations/repair_generation_001/lanes/classification_lane_001/outcomes.jsonl
EXTPAYLOAD-984b6586934546ad8a777394,classification_compaction_repair_generation_001_complete,artifacts/local_structured_external_data/whole_corpus_external_data_exhaustive_pipeline_2026-08-04/classified_observations/repair_generation_001/lanes/classification_lane_001/outcomes.jsonl
EXTPAYLOAD-985f6f590bbd5c9dbdac0282,classification_compaction_repair_generation_001_complete,artifacts/local_structured_external_data/whole_corpus_external_data_exhaustive_pipeline_2026-08-04/classified_observations/repair_generation_001/lanes/classification_lane_001/outcomes.jsonl
EXTPAYLOAD-986de15319e9a82e09069206,classification_compaction_repair_generation_001_complete,artifacts/local_structured_external_data/whole_corpus_external_data_exhaustive_pipeline_2026-08-04/classified_observations/repair_generation_001/lanes/classification_lane_001/outcomes.jsonl
EXTPAYLOAD-9882c508804be1e37e4d4322,classification_compaction_repair_generation_001_complete,artifacts/local_structured_external_data/whole_corpus_external_data_exhaustive_pipeline_2026-08-04/classified_observations/repair_generation_001/lanes/classification_lane_001/outcomes.jsonl
EXTPAYLOAD-988ee7be73e73f8b6ba65e3a,classification_compaction_repair_generation_001_complete,artifacts/local_structured_external_data/whole_corpus_external_data_exhaustive_pipeline_2026-08-04/classified_observations/repair_generation_001/lanes/classification_lane_001/outcomes.jsonl
EXTPAYLOAD-9897f8ef36ccd22a63e88854,classification_compaction_repair_generation_001_complete,artifacts/local_structured_external_data/whole_corpus_external_data_exhaustive_pipeline_2026-08-04/classified_observations/repair_generation_001/lanes/classification_lane_001/outcomes.jsonl
EXTPAYLOAD-98ab0947b8aabcb6a4803dc6,classification_compaction_repair_generation_001_complete,artifacts/local_structured_external_data/whole_corpus_external_data_exhaustive_pipeline_2026-08-04/classified_observations/repair_generation_001/lanes/classification_lane_001/outcomes.jsonl
EXTPAYLOAD-98b67684706615a10dd2ac6b,classification_compaction_repair_generation_001_complete,artifacts/local_structured_external_data/whole_corpus_external_data_exhaustive_pipeline_2026-08-04/classified_observations/repair_generation_001/lanes/classification_lane_001/outcomes.jsonl
EXTPAYLOAD-98d74372bc3a35ce3bee8e05,classification_compaction_repair_generation_001_complete,artifacts/local_structured_external_data/whole_corpus_external_data_exhaustive_pipeline_2026-08-04/classified_observations/repair_generation_001/lanes/classification_lane_001/outcomes.jsonl
EXTPAYLOAD-98d9148d0bb912fbdaa3764e,classification_compaction_repair_generation_001_complete,artifacts/local_structured_external_data/whole_corpus_external_data_exhaustive_pipeline_2026-08-04/classified_observations/repair_generation_001/lanes/classification_lane_001/outcomes.jsonl
EXTPAYLOAD-98dbbeeb2a55ad203af0371a,classification_compaction_repair_generation_001_complete,artifacts/local_structured_external_data/whole_corpus_external_data_exhaustive_pipeline_2026-08-04/classified_observations/repair_generation_001/lanes/classification_lane_001/outcomes.jsonl
EXTPAYLOAD-9921a4ab82118ca8983d2c17,classification_compaction_repair_generation_001_complete,artifacts/local_structured_external_data/whole_corpus_external_data_exhaustive_pipeline_2026-08-04/classified_observations/repair_generation_001/lanes/classification_lane_001/outcomes.jsonl
EXTPAYLOAD-9926119f9070e0b516a45f8a,classification_compaction_repair_generation_001_complete,artifacts/local_structured_external_data/whole_corpus_external_data_exhaustive_pipeline_2026-08-04/classified_observations/repair_generation_001/lanes/classification_lane_001/outcomes.jsonl
EXTPAYLOAD-99328b17969d45c1f0e476c0,classification_compaction_repair_generation_001_complete,artifacts/local_structured_external_data/whole_corpus_external_data_exhaustive_pipeline_2026-08-04/classified_observations/repair_generation_001/lanes/classification_lane_001/outcomes.jsonl
EXTPAYLOAD-99619acf598eefe92c6f60a7,classification_compaction_repair_generation_001_complete,artifacts/local_structured_external_data/whole_corpus_external_data_exhaustive_pipeline_2026-08-04/classified_observations/repair_generation_001/lanes/classification_lane_001/outcomes.jsonl
EXTPAYLOAD-9977ed96a39a233507dec001,classification_compaction_repair_generation_001_complete,artifacts/local_structured_external_data/whole_corpus_external_data_exhaustive_pipeline_2026-08-04/classified_observations/repair_generation_001/lanes/classification_lane_001/outcomes.jsonl
EXTPAYLOAD-99a237368191b3717bd4885d,classification_compaction_repair_generation_001_complete,artifacts/local_structured_external_data/whole_corpus_external_data_exhaustive_pipeline_2026-08-04/classified_observations/repair_generation_001/lanes/classification_lane_001/outcomes.jsonl
EXTPAYLOAD-99c1643a987b69d861568d97,classification_compaction_repair_generation_001_complete,artifacts/local_structured_external_data/whole_corpus_external_data_exhaustive_pipeline_2026-08-04/classified_observations/repair_generation_001/lanes/classification_lane_001/outcomes.jsonl
EXTPAYLOAD-99d44b4d6f74ed3b7a3279bc,classification_compaction_repair_generation_001_complete,artifacts/local_structured_external_data/whole_corpus_external_data_exhaustive_pipeline_2026-08-04/classified_observations/repair_generation_001/lanes/classification_lane_001/outcomes.jsonl
EXTPAYLOAD-99d690f0e262df57515ef98c,classification_compaction_repair_generation_001_complete,artifacts/local_structured_external_data/whole_corpus_external_data_exhaustive_pipeline_2026-08-04/classified_observations/repair_generation_001/lanes/classification_lane_001/outcomes.jsonl
EXTPAYLOAD-99dceb57b57fdb99046969d4,classification_compaction_repair_generation_001_complete,artifacts/local_structured_external_data/whole_corpus_external_data_exhaustive_pipeline_2026-08-04/classified_observations/repair_generation_001/lanes/classification_lane_001/outcomes.jsonl
EXTPAYLOAD-99df88504bc155e54c990c56,classification_compaction_repair_generation_001_complete,artifacts/local_structured_external_data/whole_corpus_external_data_exhaustive_pipeline_2026-08-04/classified_observations/repair_generation_001/lanes/classification_lane_001/outcomes.jsonl
EXTPAYLOAD-9a06dd64cc96bab69e5fdcfc,classification_compaction_repair_generation_001_complete,artifacts/local_structured_external_data/whole_corpus_external_data_exhaustive_pipeline_2026-08-04/classified_observations/repair_generation_001/lanes/classification_lane_001/outcomes.jsonl
EXTPAYLOAD-9a189f5f70ac7e41f44fd453,classification_compaction_repair_generation_001_complete,artifacts/local_structured_external_data/whole_corpus_external_data_exhaustive_pipeline_2026-08-04/classified_observations/repair_generation_001/lanes/classification_lane_001/outcomes.jsonl
EXTPAYLOAD-9a3e61bed873d3415e158ee9,classification_compaction_repair_generation_001_complete,artifacts/local_structured_external_data/whole_corpus_external_data_exhaustive_pipeline_2026-08-04/classified_observations/repair_generation_001/lanes/classification_lane_001/outcomes.jsonl
EXTPAYLOAD-9a42bda191d451dba7564777,classification_compaction_repair_generation_001_complete,artifacts/local_structured_external_data/whole_corpus_external_data_exhaustive_pipeline_2026-08-04/classified_observations/repair_generation_001/lanes/classification_lane_001/outcomes.jsonl
EXTPAYLOAD-9a5cf5678976a46d47ae485f,classification_compaction_repair_generation_001_complete,artifacts/local_structured_external_data/whole_corpus_external_data_exhaustive_pipeline_2026-08-04/classified_observations/repair_generation_001/lanes/classification_lane_001/outcomes.jsonl
EXTPAYLOAD-9a5d6b29a18c0581fc53c719,classification_compaction_repair_generation_001_complete,artifacts/local_structured_external_data/whole_corpus_external_data_exhaustive_pipeline_2026-08-04/classified_observations/repair_generation_001/lanes/classification_lane_001/outcomes.jsonl
EXTPAYLOAD-9a78282c073827ac8a1b750d,classification_compaction_repair_generation_001_complete,artifacts/local_structured_external_data/whole_corpus_external_data_exhaustive_pipeline_2026-08-04/classified_observations/repair_generation_001/lanes/classification_lane_001/outcomes.jsonl
EXTPAYLOAD-9a7e343b67a145003e17dff4,classification_compaction_repair_generation_001_complete,artifacts/local_structured_external_data/whole_corpus_external_data_exhaustive_pipeline_2026-08-04/classified_observations/repair_generation_001/lanes/classification_lane_001/outcomes.jsonl
EXTPAYLOAD-9aa66260f9507b4f1dcff706,classification_compaction_repair_generation_001_complete,artifacts/local_structured_external_data/whole_corpus_external_data_exhaustive_pipeline_2026-08-04/classified_observations/repair_generation_001/lanes/classification_lane_001/outcomes.jsonl
EXTPAYLOAD-9ab0654c833468f0ec7584f7,classification_compaction_repair_generation_001_complete,artifacts/local_structured_external_data/whole_corpus_external_data_exhaustive_pipeline_2026-08-04/classified_observations/repair_generation_001/lanes/classification_lane_001/outcomes.jsonl
EXTPAYLOAD-9aca6c4c29838dcd1cd42bb6,classification_compaction_repair_generation_001_complete,artifacts/local_structured_external_data/whole_corpus_external_data_exhaustive_pipeline_2026-08-04/classified_observations/repair_generation_001/lanes/classification_lane_001/outcomes.jsonl
EXTPAYLOAD-9acbd6cbf8213fbf2f93b27c,classification_compaction_repair_generation_001_complete,artifacts/local_structured_external_data/whole_corpus_external_data_exhaustive_pipeline_2026-08-04/classified_observations/repair_generation_001/lanes/classification_lane_001/outcomes.jsonl
EXTPAYLOAD-9ad852b87d1643bafb3e2806,classification_compaction_repair_generation_001_complete,artifacts/local_structured_external_data/whole_corpus_external_data_exhaustive_pipeline_2026-08-04/classified_observations/repair_generation_001/lanes/classification_lane_001/outcomes.jsonl
EXTPAYLOAD-9ad992f0fa7f4ccb956b2d07,classification_compaction_repair_generation_001_complete,artifacts/local_structured_external_data/whole_corpus_external_data_exhaustive_pipeline_2026-08-04/classified_observations/repair_generation_001/lanes/classification_lane_001/outcomes.jsonl
EXTPAYLOAD-9adf4afbf57f0312d0523c31,classification_compaction_repair_generation_001_complete,artifacts/local_structured_external_data/whole_corpus_external_data_exhaustive_pipeline_2026-08-04/classified_observations/repair_generation_001/lanes/classification_lane_001/outcomes.jsonl
EXTPAYLOAD-9ae39688c2b0baa77b0c5ffc,classification_compaction_repair_generation_001_complete,artifacts/local_structured_external_data/whole_corpus_external_data_exhaustive_pipeline_2026-08-04/classified_observations/repair_generation_001/lanes/classification_lane_001/outcomes.jsonl
EXTPAYLOAD-9b10cc59e840006bcb047377,classification_compaction_repair_generation_001_complete,artifacts/local_structured_external_data/whole_corpus_external_data_exhaustive_pipeline_2026-08-04/classified_observations/repair_generation_001/lanes/classification_lane_001/outcomes.jsonl
EXTPAYLOAD-9b1d2882a0a7090cfe037529,classification_compaction_repair_generation_001_complete,artifacts/local_structured_external_data/whole_corpus_external_data_exhaustive_pipeline_2026-08-04/classified_observations/repair_generation_001/lanes/classification_lane_001/outcomes.jsonl
EXTPAYLOAD-9b66d1fe16480520d8f36384,classification_compaction_repair_generation_001_complete,artifacts/local_structured_external_data/whole_corpus_external_data_exhaustive_pipeline_2026-08-04/classified_observations/repair_generation_001/lanes/classification_lane_001/outcomes.jsonl
EXTPAYLOAD-9b69f78f6fe93185196921ad,classification_compaction_repair_generation_001_complete,artifacts/local_structured_external_data/whole_corpus_external_data_exhaustive_pipeline_2026-08-04/classified_observations/repair_generation_001/lanes/classification_lane_001/outcomes.jsonl
EXTPAYLOAD-9bd65818b0f97173fbbdc4d3,classification_compaction_repair_generation_001_complete,artifacts/local_structured_external_data/whole_corpus_external_data_exhaustive_pipeline_2026-08-04/classified_observations/repair_generation_001/lanes/classification_lane_001/outcomes.jsonl
EXTPAYLOAD-9bf2e10798e5489a27d22395,classification_compaction_repair_generation_001_complete,artifacts/local_structured_external_data/whole_corpus_external_data_exhaustive_pipeline_2026-08-04/classified_observations/repair_generation_001/lanes/classification_lane_001/outcomes.jsonl
EXTPAYLOAD-9bf47654b81b7dd0c801860b,classification_compaction_repair_generation_001_complete,artifacts/local_structured_external_data/whole_corpus_external_data_exhaustive_pipeline_2026-08-04/classified_observations/repair_generation_001/lanes/classification_lane_001/outcomes.jsonl
EXTPAYLOAD-9bf62851c160bdad9687ceb7,classification_compaction_repair_generation_001_complete,artifacts/local_structured_external_data/whole_corpus_external_data_exhaustive_pipeline_2026-08-04/classified_observations/repair_generation_001/lanes/classification_lane_001/outcomes.jsonl
EXTPAYLOAD-9c020c7334e014a6c2569e74,classification_compaction_repair_generation_001_complete,artifacts/local_structured_external_data/whole_corpus_external_data_exhaustive_pipeline_2026-08-04/classified_observations/repair_generation_001/lanes/classification_lane_001/outcomes.jsonl
EXTPAYLOAD-9c15d38c195c5e15b863e1d8,classification_compaction_repair_generation_001_complete,artifacts/local_structured_external_data/whole_corpus_external_data_exhaustive_pipeline_2026-08-04/classified_observations/repair_generation_001/lanes/classification_lane_001/outcomes.jsonl
EXTPAYLOAD-9c1fbcd5d82a33780a5834a1,classification_compaction_repair_generation_001_complete,artifacts/local_structured_external_data/whole_corpus_external_data_exhaustive_pipeline_2026-08-04/classified_observations/repair_generation_001/lanes/classification_lane_001/outcomes.jsonl
EXTPAYLOAD-9c3fde9f35a59b06e2c4ae20,classification_compaction_repair_generation_001_complete,artifacts/local_structured_external_data/whole_corpus_external_data_exhaustive_pipeline_2026-08-04/classified_observations/repair_generation_001/lanes/classification_lane_001/outcomes.jsonl
EXTPAYLOAD-9c4449fa641fe5cb60e23b1f,classification_compaction_repair_generation_001_complete,artifacts/local_structured_external_data/whole_corpus_external_data_exhaustive_pipeline_2026-08-04/classified_observations/repair_generation_001/lanes/classification_lane_001/outcomes.jsonl
EXTPAYLOAD-9c4497951799b15dae99416e,classification_compaction_repair_generation_001_complete,artifacts/local_structured_external_data/whole_corpus_external_data_exhaustive_pipeline_2026-08-04/classified_observations/repair_generation_001/lanes/classification_lane_001/outcomes.jsonl
EXTPAYLOAD-9ca5906183b42fa7a983caaf,classification_compaction_repair_generation_001_complete,artifacts/local_structured_external_data/whole_corpus_external_data_exhaustive_pipeline_2026-08-04/classified_observations/repair_generation_001/lanes/classification_lane_001/outcomes.jsonl
EXTPAYLOAD-9cb471306b6dd7a98097ff69,classification_compaction_repair_generation_001_complete,artifacts/local_structured_external_data/whole_corpus_external_data_exhaustive_pipeline_2026-08-04/classified_observations/repair_generation_001/lanes/classification_lane_001/outcomes.jsonl
EXTPAYLOAD-9cb65a6bf4b08aef8091b7af,classification_compaction_repair_generation_001_complete,artifacts/local_structured_external_data/whole_corpus_external_data_exhaustive_pipeline_2026-08-04/classified_observations/repair_generation_001/lanes/classification_lane_001/outcomes.jsonl
EXTPAYLOAD-9cc2b9a1028564ad1f00def4,classification_compaction_repair_generation_001_complete,artifacts/local_structured_external_data/whole_corpus_external_data_exhaustive_pipeline_2026-08-04/classified_observations/repair_generation_001/lanes/classification_lane_001/outcomes.jsonl
EXTPAYLOAD-9cdd866f2c73efff02a5cea1,classification_compaction_repair_generation_001_complete,artifacts/local_structured_external_data/whole_corpus_external_data_exhaustive_pipeline_2026-08-04/classified_observations/repair_generation_001/lanes/classification_lane_001/outcomes.jsonl
EXTPAYLOAD-9d1520803474f4a130e4cca6,classification_compaction_repair_generation_001_complete,artifacts/local_structured_external_data/whole_corpus_external_data_exhaustive_pipeline_2026-08-04/classified_observations/repair_generation_001/lanes/classification_lane_001/outcomes.jsonl
EXTPAYLOAD-9d1dc74f3bfffdff850866dc,classification_compaction_repair_generation_001_complete,artifacts/local_structured_external_data/whole_corpus_external_data_exhaustive_pipeline_2026-08-04/classified_observations/repair_generation_001/lanes/classification_lane_001/outcomes.jsonl
EXTPAYLOAD-9d2fca34252eb508a149bd05,classification_compaction_repair_generation_001_complete,artifacts/local_structured_external_data/whole_corpus_external_data_exhaustive_pipeline_2026-08-04/classified_observations/repair_generation_001/lanes/classification_lane_001/outcomes.jsonl
EXTPAYLOAD-9d74029d4a161a6e1f8a6086,classification_compaction_repair_generation_001_complete,artifacts/local_structured_external_data/whole_corpus_external_data_exhaustive_pipeline_2026-08-04/classified_observations/repair_generation_001/lanes/classification_lane_001/outcomes.jsonl
EXTPAYLOAD-9da98b20c8c619eb081705dc,classification_compaction_repair_generation_001_complete,artifacts/local_structured_external_data/whole_corpus_external_data_exhaustive_pipeline_2026-08-04/classified_observations/repair_generation_001/lanes/classification_lane_001/outcomes.jsonl
EXTPAYLOAD-9dc23d4f3f259fc23d2d92b5,classification_compaction_repair_generation_001_complete,artifacts/local_structured_external_data/whole_corpus_external_data_exhaustive_pipeline_2026-08-04/classified_observations/repair_generation_001/lanes/classification_lane_001/outcomes.jsonl
EXTPAYLOAD-9dc5de471305af028dd104ec,classification_compaction_repair_generation_001_complete,artifacts/local_structured_external_data/whole_corpus_external_data_exhaustive_pipeline_2026-08-04/classified_observations/repair_generation_001/lanes/classification_lane_001/outcomes.jsonl
EXTPAYLOAD-9dcca5c4cf0d5b41c8dab67c,classification_compaction_repair_generation_001_complete,artifacts/local_structured_external_data/whole_corpus_external_data_exhaustive_pipeline_2026-08-04/classified_observations/repair_generation_001/lanes/classification_lane_001/outcomes.jsonl
EXTPAYLOAD-9ddb56296440d92e2bf18212,classification_compaction_repair_generation_001_complete,artifacts/local_structured_external_data/whole_corpus_external_data_exhaustive_pipeline_2026-08-04/classified_observations/repair_generation_001/lanes/classification_lane_001/outcomes.jsonl
EXTPAYLOAD-9df1ea5b5f65fda6b1f52b22,classification_compaction_repair_generation_001_complete,artifacts/local_structured_external_data/whole_corpus_external_data_exhaustive_pipeline_2026-08-04/classified_observations/repair_generation_001/lanes/classification_lane_001/outcomes.jsonl
EXTPAYLOAD-9e08a8a25fc9bef52bfd2732,classification_compaction_repair_generation_001_complete,artifacts/local_structured_external_data/whole_corpus_external_data_exhaustive_pipeline_2026-08-04/classified_observations/repair_generation_001/lanes/classification_lane_001/outcomes.jsonl
EXTPAYLOAD-9e1bcf862215957f51ae6537,classification_compaction_repair_generation_001_complete,artifacts/local_structured_external_data/whole_corpus_external_data_exhaustive_pipeline_2026-08-04/classified_observations/repair_generation_001/lanes/classification_lane_001/outcomes.jsonl
EXTPAYLOAD-9e480914ad985ae4a7f1b20f,classification_compaction_repair_generation_001_complete,artifacts/local_structured_external_data/whole_corpus_external_data_exhaustive_pipeline_2026-08-04/classified_observations/repair_generation_001/lanes/classification_lane_001/outcomes.jsonl
EXTPAYLOAD-9e6718d91cc6334bf1d693d1,classification_compaction_repair_generation_001_complete,artifacts/local_structured_external_data/whole_corpus_external_data_exhaustive_pipeline_2026-08-04/classified_observations/repair_generation_001/lanes/classification_lane_001/outcomes.jsonl
EXTPAYLOAD-9e85487b7591aeca51032215,classification_compaction_repair_generation_001_complete,artifacts/local_structured_external_data/whole_corpus_external_data_exhaustive_pipeline_2026-08-04/classified_observations/repair_generation_001/lanes/classification_lane_001/outcomes.jsonl
EXTPAYLOAD-9e8840836b5561b17a0f60b1,classification_compaction_repair_generation_001_complete,artifacts/local_structured_external_data/whole_corpus_external_data_exhaustive_pipeline_2026-08-04/classified_observations/repair_generation_001/lanes/classification_lane_001/outcomes.jsonl
EXTPAYLOAD-9ebdae9dba1b77a2b87f033f,classification_compaction_repair_generation_001_complete,artifacts/local_structured_external_data/whole_corpus_external_data_exhaustive_pipeline_2026-08-04/classified_observations/repair_generation_001/lanes/classification_lane_001/outcomes.jsonl
EXTPAYLOAD-9ec1470e9b452aab514e526c,classification_compaction_repair_generation_001_complete,artifacts/local_structured_external_data/whole_corpus_external_data_exhaustive_pipeline_2026-08-04/classified_observations/repair_generation_001/lanes/classification_lane_001/outcomes.jsonl
EXTPAYLOAD-9ecc8a7c2a226d745a543126,classification_compaction_repair_generation_001_complete,artifacts/local_structured_external_data/whole_corpus_external_data_exhaustive_pipeline_2026-08-04/classified_observations/repair_generation_001/lanes/classification_lane_001/outcomes.jsonl
EXTPAYLOAD-9ed05ee8329f1079b4cf57b8,classification_compaction_repair_generation_001_complete,artifacts/local_structured_external_data/whole_corpus_external_data_exhaustive_pipeline_2026-08-04/classified_observations/repair_generation_001/lanes/classification_lane_001/outcomes.jsonl
EXTPAYLOAD-9ef1d85ff1bb8ca26ebf0828,classification_compaction_repair_generation_001_complete,artifacts/local_structured_external_data/whole_corpus_external_data_exhaustive_pipeline_2026-08-04/classified_observations/repair_generation_001/lanes/classification_lane_001/outcomes.jsonl
EXTPAYLOAD-9efd3625dc3ce70d99c2a63c,classification_compaction_repair_generation_001_complete,artifacts/local_structured_external_data/whole_corpus_external_data_exhaustive_pipeline_2026-08-04/classified_observations/repair_generation_001/lanes/classification_lane_001/outcomes.jsonl
EXTPAYLOAD-9f07aa479f86bd31e8c80072,classification_compaction_repair_generation_001_complete,artifacts/local_structured_external_data/whole_corpus_external_data_exhaustive_pipeline_2026-08-04/classified_observations/repair_generation_001/lanes/classification_lane_001/outcomes.jsonl
EXTPAYLOAD-9f3870968ab8e382ecbf4b70,classification_compaction_repair_generation_001_complete,artifacts/local_structured_external_data/whole_corpus_external_data_exhaustive_pipeline_2026-08-04/classified_observations/repair_generation_001/lanes/classification_lane_001/outcomes.jsonl
EXTPAYLOAD-9f3b6ddef99cf97dc22f86c6,classification_compaction_repair_generation_001_complete,artifacts/local_structured_external_data/whole_corpus_external_data_exhaustive_pipeline_2026-08-04/classified_observations/repair_generation_001/lanes/classification_lane_001/outcomes.jsonl
EXTPAYLOAD-9f4104f37478a2e9a51e0ae0,classification_compaction_repair_generation_001_complete,artifacts/local_structured_external_data/whole_corpus_external_data_exhaustive_pipeline_2026-08-04/classified_observations/repair_generation_001/lanes/classification_lane_001/outcomes.jsonl
EXTPAYLOAD-9f5a430b34cfeef47651f689,classification_compaction_repair_generation_001_complete,artifacts/local_structured_external_data/whole_corpus_external_data_exhaustive_pipeline_2026-08-04/classified_observations/repair_generation_001/lanes/classification_lane_001/outcomes.jsonl
EXTPAYLOAD-9f61fe35d0b7a07502c3fcb6,classification_compaction_repair_generation_001_complete,artifacts/local_structured_external_data/whole_corpus_external_data_exhaustive_pipeline_2026-08-04/classified_observations/repair_generation_001/lanes/classification_lane_001/outcomes.jsonl
EXTPAYLOAD-9f71c0ca3f03eabffc6fb758,classification_compaction_repair_generation_001_complete,artifacts/local_structured_external_data/whole_corpus_external_data_exhaustive_pipeline_2026-08-04/classified_observations/repair_generation_001/lanes/classification_lane_001/outcomes.jsonl
EXTPAYLOAD-9f814eec2db8c8e3ab871438,classification_compaction_repair_generation_001_complete,artifacts/local_structured_external_data/whole_corpus_external_data_exhaustive_pipeline_2026-08-04/classified_observations/repair_generation_001/lanes/classification_lane_001/outcomes.jsonl
EXTPAYLOAD-9f8bec24e7f781667659702e,classification_compaction_repair_generation_001_complete,artifacts/local_structured_external_data/whole_corpus_external_data_exhaustive_pipeline_2026-08-04/classified_observations/repair_generation_001/lanes/classification_lane_001/outcomes.jsonl
EXTPAYLOAD-9fb0daa3a3f7c2f5027edc78,classification_compaction_repair_generation_001_complete,artifacts/local_structured_external_data/whole_corpus_external_data_exhaustive_pipeline_2026-08-04/classified_observations/repair_generation_001/lanes/classification_lane_001/outcomes.jsonl
EXTPAYLOAD-9fbe8619b2036103b4f1b2a9,classification_compaction_repair_generation_001_complete,artifacts/local_structured_external_data/whole_corpus_external_data_exhaustive_pipeline_2026-08-04/classified_observations/repair_generation_001/lanes/classification_lane_001/outcomes.jsonl
EXTPAYLOAD-9fcc2efc4006b9f55b209092,classification_compaction_repair_generation_001_complete,artifacts/local_structured_external_data/whole_corpus_external_data_exhaustive_pipeline_2026-08-04/classified_observations/repair_generation_001/lanes/classification_lane_001/outcomes.jsonl
EXTPAYLOAD-9fd261c4631a8258f9f32023,classification_compaction_repair_generation_001_complete,artifacts/local_structured_external_data/whole_corpus_external_data_exhaustive_pipeline_2026-08-04/classified_observations/repair_generation_001/lanes/classification_lane_001/outcomes.jsonl
EXTPAYLOAD-a0266bfbe25c2ae7a4ed8275,classification_compaction_repair_generation_001_complete,artifacts/local_structured_external_data/whole_corpus_external_data_exhaustive_pipeline_2026-08-04/classified_observations/repair_generation_001/lanes/classification_lane_001/outcomes.jsonl
EXTPAYLOAD-a0283255b87f72fc3049fb24,classification_compaction_repair_generation_001_complete,artifacts/local_structured_external_data/whole_corpus_external_data_exhaustive_pipeline_2026-08-04/classified_observations/repair_generation_001/lanes/classification_lane_001/outcomes.jsonl
EXTPAYLOAD-a02944fd31ffb6d3c46d06a2,classification_compaction_repair_generation_001_complete,artifacts/local_structured_external_data/whole_corpus_external_data_exhaustive_pipeline_2026-08-04/classified_observations/repair_generation_001/lanes/classification_lane_001/outcomes.jsonl
EXTPAYLOAD-a02be8f52a87c4bf2535c61a,classification_compaction_repair_generation_001_complete,artifacts/local_structured_external_data/whole_corpus_external_data_exhaustive_pipeline_2026-08-04/classified_observations/repair_generation_001/lanes/classification_lane_001/outcomes.jsonl
EXTPAYLOAD-a0345c443af19345e705f141,classification_compaction_repair_generation_001_complete,artifacts/local_structured_external_data/whole_corpus_external_data_exhaustive_pipeline_2026-08-04/classified_observations/repair_generation_001/lanes/classification_lane_001/outcomes.jsonl
EXTPAYLOAD-a05161eb01ab97bbd5c33fba,classification_compaction_repair_generation_001_complete,artifacts/local_structured_external_data/whole_corpus_external_data_exhaustive_pipeline_2026-08-04/classified_observations/repair_generation_001/lanes/classification_lane_001/outcomes.jsonl
EXTPAYLOAD-a058fe96dde679a7e8eefc32,classification_compaction_repair_generation_001_complete,artifacts/local_structured_external_data/whole_corpus_external_data_exhaustive_pipeline_2026-08-04/classified_observations/repair_generation_001/lanes/classification_lane_001/outcomes.jsonl
EXTPAYLOAD-a07a32a2105ee77eb79fe527,classification_compaction_repair_generation_001_complete,artifacts/local_structured_external_data/whole_corpus_external_data_exhaustive_pipeline_2026-08-04/classified_observations/repair_generation_001/lanes/classification_lane_001/outcomes.jsonl
EXTPAYLOAD-a081500509af1cc86687fb1a,classification_compaction_repair_generation_001_complete,artifacts/local_structured_external_data/whole_corpus_external_data_exhaustive_pipeline_2026-08-04/classified_observations/repair_generation_001/lanes/classification_lane_001/outcomes.jsonl
EXTPAYLOAD-a08d4af1267bebb79d7e8c0b,classification_compaction_repair_generation_001_complete,artifacts/local_structured_external_data/whole_corpus_external_data_exhaustive_pipeline_2026-08-04/classified_observations/repair_generation_001/lanes/classification_lane_001/outcomes.jsonl
EXTPAYLOAD-a092e903152582464e68dbc0,classification_compaction_repair_generation_001_complete,artifacts/local_structured_external_data/whole_corpus_external_data_exhaustive_pipeline_2026-08-04/classified_observations/repair_generation_001/lanes/classification_lane_001/outcomes.jsonl
EXTPAYLOAD-a0a763436a55c083387ac8be,classification_compaction_repair_generation_001_complete,artifacts/local_structured_external_data/whole_corpus_external_data_exhaustive_pipeline_2026-08-04/classified_observations/repair_generation_001/lanes/classification_lane_001/outcomes.jsonl
EXTPAYLOAD-a0d1f5f1e31b4c39814eff96,classification_compaction_repair_generation_001_complete,artifacts/local_structured_external_data/whole_corpus_external_data_exhaustive_pipeline_2026-08-04/classified_observations/repair_generation_001/lanes/classification_lane_001/outcomes.jsonl
EXTPAYLOAD-a0efbc9c861a3d75993ca0af,classification_compaction_repair_generation_001_complete,artifacts/local_structured_external_data/whole_corpus_external_data_exhaustive_pipeline_2026-08-04/classified_observations/repair_generation_001/lanes/classification_lane_001/outcomes.jsonl
EXTPAYLOAD-a0fd8a03f2410b145612d8d2,classification_compaction_repair_generation_001_complete,artifacts/local_structured_external_data/whole_corpus_external_data_exhaustive_pipeline_2026-08-04/classified_observations/repair_generation_001/lanes/classification_lane_001/outcomes.jsonl
EXTPAYLOAD-a122ac59fc9da5da70fc29ca,classification_compaction_repair_generation_001_complete,artifacts/local_structured_external_data/whole_corpus_external_data_exhaustive_pipeline_2026-08-04/classified_observations/repair_generation_001/lanes/classification_lane_001/outcomes.jsonl
EXTPAYLOAD-a129da46139ccf4a2d11bbaf,classification_compaction_repair_generation_001_complete,artifacts/local_structured_external_data/whole_corpus_external_data_exhaustive_pipeline_2026-08-04/classified_observations/repair_generation_001/lanes/classification_lane_001/outcomes.jsonl
EXTPAYLOAD-a15d5c7ae5553b1b38712b7f,classification_compaction_repair_generation_001_complete,artifacts/local_structured_external_data/whole_corpus_external_data_exhaustive_pipeline_2026-08-04/classified_observations/repair_generation_001/lanes/classification_lane_001/outcomes.jsonl
EXTPAYLOAD-a1711efc5340d76ede9f4146,classification_compaction_repair_generation_001_complete,artifacts/local_structured_external_data/whole_corpus_external_data_exhaustive_pipeline_2026-08-04/classified_observations/repair_generation_001/lanes/classification_lane_001/outcomes.jsonl
EXTPAYLOAD-a1c0d410d9e39e66991d7c17,classification_compaction_repair_generation_001_complete,artifacts/local_structured_external_data/whole_corpus_external_data_exhaustive_pipeline_2026-08-04/classified_observations/repair_generation_001/lanes/classification_lane_001/outcomes.jsonl
EXTPAYLOAD-a1d043ffce25b99e9347c6f0,classification_compaction_repair_generation_001_complete,artifacts/local_structured_external_data/whole_corpus_external_data_exhaustive_pipeline_2026-08-04/classified_observations/repair_generation_001/lanes/classification_lane_001/outcomes.jsonl
EXTPAYLOAD-a1d65a71b44fc5e08aff2b79,classification_compaction_repair_generation_001_complete,artifacts/local_structured_external_data/whole_corpus_external_data_exhaustive_pipeline_2026-08-04/classified_observations/repair_generation_001/lanes/classification_lane_001/outcomes.jsonl
EXTPAYLOAD-a1ddd946461331ad71dd28a5,classification_compaction_repair_generation_001_complete,artifacts/local_structured_external_data/whole_corpus_external_data_exhaustive_pipeline_2026-08-04/classified_observations/repair_generation_001/lanes/classification_lane_001/outcomes.jsonl
EXTPAYLOAD-a1e041445577322d50d5dfd6,classification_compaction_repair_generation_001_complete,artifacts/local_structured_external_data/whole_corpus_external_data_exhaustive_pipeline_2026-08-04/classified_observations/repair_generation_001/lanes/classification_lane_001/outcomes.jsonl
EXTPAYLOAD-a1e2ddb6105f0dd9e764c2ec,classification_compaction_repair_generation_001_complete,artifacts/local_structured_external_data/whole_corpus_external_data_exhaustive_pipeline_2026-08-04/classified_observations/repair_generation_001/lanes/classification_lane_001/outcomes.jsonl
EXTPAYLOAD-a1f272645b60505d2fb59013,classification_compaction_repair_generation_001_complete,artifacts/local_structured_external_data/whole_corpus_external_data_exhaustive_pipeline_2026-08-04/classified_observations/repair_generation_001/lanes/classification_lane_001/outcomes.jsonl
EXTPAYLOAD-a2141715acee4f67cb68875d,classification_compaction_repair_generation_001_complete,artifacts/local_structured_external_data/whole_corpus_external_data_exhaustive_pipeline_2026-08-04/classified_observations/repair_generation_001/lanes/classification_lane_001/outcomes.jsonl
EXTPAYLOAD-a24f6ef790a8d1b7674445e4,classification_compaction_repair_generation_001_complete,artifacts/local_structured_external_data/whole_corpus_external_data_exhaustive_pipeline_2026-08-04/classified_observations/repair_generation_001/lanes/classification_lane_001/outcomes.jsonl
EXTPAYLOAD-a2585af75f2209596b183f32,classification_compaction_repair_generation_001_complete,artifacts/local_structured_external_data/whole_corpus_external_data_exhaustive_pipeline_2026-08-04/classified_observations/repair_generation_001/lanes/classification_lane_001/outcomes.jsonl
EXTPAYLOAD-a26d620e56a1a738358d5746,classification_compaction_repair_generation_001_complete,artifacts/local_structured_external_data/whole_corpus_external_data_exhaustive_pipeline_2026-08-04/classified_observations/repair_generation_001/lanes/classification_lane_001/outcomes.jsonl
EXTPAYLOAD-a27dbc5e708c62e371c98827,classification_compaction_repair_generation_001_complete,artifacts/local_structured_external_data/whole_corpus_external_data_exhaustive_pipeline_2026-08-04/classified_observations/repair_generation_001/lanes/classification_lane_001/outcomes.jsonl
EXTPAYLOAD-a2a5efbc4e0089e9ccfb03be,classification_compaction_repair_generation_001_complete,artifacts/local_structured_external_data/whole_corpus_external_data_exhaustive_pipeline_2026-08-04/classified_observations/repair_generation_001/lanes/classification_lane_001/outcomes.jsonl
EXTPAYLOAD-a2c74273338c49f189fde47b,classification_compaction_repair_generation_001_complete,artifacts/local_structured_external_data/whole_corpus_external_data_exhaustive_pipeline_2026-08-04/classified_observations/repair_generation_001/lanes/classification_lane_001/outcomes.jsonl
EXTPAYLOAD-a2cad69b2eef23851e9220cf,classification_compaction_repair_generation_001_complete,artifacts/local_structured_external_data/whole_corpus_external_data_exhaustive_pipeline_2026-08-04/classified_observations/repair_generation_001/lanes/classification_lane_001/outcomes.jsonl
EXTPAYLOAD-a2dcfff950e55cd0b528f6ea,classification_compaction_repair_generation_001_complete,artifacts/local_structured_external_data/whole_corpus_external_data_exhaustive_pipeline_2026-08-04/classified_observations/repair_generation_001/lanes/classification_lane_001/outcomes.jsonl
EXTPAYLOAD-a359d806b6bb6daf1985421b,classification_compaction_repair_generation_001_complete,artifacts/local_structured_external_data/whole_corpus_external_data_exhaustive_pipeline_2026-08-04/classified_observations/repair_generation_001/lanes/classification_lane_001/outcomes.jsonl
EXTPAYLOAD-a35fe223ac5129e2aae7c5fa,classification_compaction_repair_generation_001_complete,artifacts/local_structured_external_data/whole_corpus_external_data_exhaustive_pipeline_2026-08-04/classified_observations/repair_generation_001/lanes/classification_lane_001/outcomes.jsonl
EXTPAYLOAD-a375c081f148843bad9d2e95,classification_compaction_repair_generation_001_complete,artifacts/local_structured_external_data/whole_corpus_external_data_exhaustive_pipeline_2026-08-04/classified_observations/repair_generation_001/lanes/classification_lane_001/outcomes.jsonl
EXTPAYLOAD-a375f7b1aee409d364c1c143,classification_compaction_repair_generation_001_complete,artifacts/local_structured_external_data/whole_corpus_external_data_exhaustive_pipeline_2026-08-04/classified_observations/repair_generation_001/lanes/classification_lane_001/outcomes.jsonl
EXTPAYLOAD-a3abb18799c1da8b332b4d44,classification_compaction_repair_generation_001_complete,artifacts/local_structured_external_data/whole_corpus_external_data_exhaustive_pipeline_2026-08-04/classified_observations/repair_generation_001/lanes/classification_lane_001/outcomes.jsonl
EXTPAYLOAD-a3af88e3f6f32db072933e22,classification_compaction_repair_generation_001_complete,artifacts/local_structured_external_data/whole_corpus_external_data_exhaustive_pipeline_2026-08-04/classified_observations/repair_generation_001/lanes/classification_lane_001/outcomes.jsonl
EXTPAYLOAD-a3bafc1d21a9a4b3affc968b,classification_compaction_repair_generation_001_complete,artifacts/local_structured_external_data/whole_corpus_external_data_exhaustive_pipeline_2026-08-04/classified_observations/repair_generation_001/lanes/classification_lane_001/outcomes.jsonl
EXTPAYLOAD-a3d22b5e3c6f9cbd631a4d3e,classification_compaction_repair_generation_001_complete,artifacts/local_structured_external_data/whole_corpus_external_data_exhaustive_pipeline_2026-08-04/classified_observations/repair_generation_001/lanes/classification_lane_001/outcomes.jsonl
EXTPAYLOAD-a3d6296ff77e84553f333a81,classification_compaction_repair_generation_001_complete,artifacts/local_structured_external_data/whole_corpus_external_data_exhaustive_pipeline_2026-08-04/classified_observations/repair_generation_001/lanes/classification_lane_001/outcomes.jsonl
EXTPAYLOAD-a3eb2a8c4f50faa2b5f85214,classification_compaction_repair_generation_001_complete,artifacts/local_structured_external_data/whole_corpus_external_data_exhaustive_pipeline_2026-08-04/classified_observations/repair_generation_001/lanes/classification_lane_001/outcomes.jsonl
EXTPAYLOAD-a3fa7461b35975484170ce53,classification_compaction_repair_generation_001_complete,artifacts/local_structured_external_data/whole_corpus_external_data_exhaustive_pipeline_2026-08-04/classified_observations/repair_generation_001/lanes/classification_lane_001/outcomes.jsonl
EXTPAYLOAD-a425387566afb35159bb6594,classification_compaction_repair_generation_001_complete,artifacts/local_structured_external_data/whole_corpus_external_data_exhaustive_pipeline_2026-08-04/classified_observations/repair_generation_001/lanes/classification_lane_001/outcomes.jsonl
EXTPAYLOAD-a4396c2949d961412b280d35,classification_compaction_repair_generation_001_complete,artifacts/local_structured_external_data/whole_corpus_external_data_exhaustive_pipeline_2026-08-04/classified_observations/repair_generation_001/lanes/classification_lane_001/outcomes.jsonl
EXTPAYLOAD-a45b5afddd35fc258e61819c,classification_compaction_repair_generation_001_complete,artifacts/local_structured_external_data/whole_corpus_external_data_exhaustive_pipeline_2026-08-04/classified_observations/repair_generation_001/lanes/classification_lane_001/outcomes.jsonl
EXTPAYLOAD-a45bef70c480c782d49619e6,classification_compaction_repair_generation_001_complete,artifacts/local_structured_external_data/whole_corpus_external_data_exhaustive_pipeline_2026-08-04/classified_observations/repair_generation_001/lanes/classification_lane_001/outcomes.jsonl
EXTPAYLOAD-a45c9d1f4ac8154523fb18b3,classification_compaction_repair_generation_001_complete,artifacts/local_structured_external_data/whole_corpus_external_data_exhaustive_pipeline_2026-08-04/classified_observations/repair_generation_001/lanes/classification_lane_001/outcomes.jsonl
EXTPAYLOAD-a465ec83a37c686570ad3fe1,classification_compaction_repair_generation_001_complete,artifacts/local_structured_external_data/whole_corpus_external_data_exhaustive_pipeline_2026-08-04/classified_observations/repair_generation_001/lanes/classification_lane_001/outcomes.jsonl
EXTPAYLOAD-a46643a1018368431586321c,classification_compaction_repair_generation_001_complete,artifacts/local_structured_external_data/whole_corpus_external_data_exhaustive_pipeline_2026-08-04/classified_observations/repair_generation_001/lanes/classification_lane_001/outcomes.jsonl
EXTPAYLOAD-a467ecb2ff7ecfc1131bb893,classification_compaction_repair_generation_001_complete,artifacts/local_structured_external_data/whole_corpus_external_data_exhaustive_pipeline_2026-08-04/classified_observations/repair_generation_001/lanes/classification_lane_001/outcomes.jsonl
EXTPAYLOAD-a480acc5cd1214bb6d47ba37,classification_compaction_repair_generation_001_complete,artifacts/local_structured_external_data/whole_corpus_external_data_exhaustive_pipeline_2026-08-04/classified_observations/repair_generation_001/lanes/classification_lane_001/outcomes.jsonl
EXTPAYLOAD-a4929b2cbca8ca39dc338f23,classification_compaction_repair_generation_001_complete,artifacts/local_structured_external_data/whole_corpus_external_data_exhaustive_pipeline_2026-08-04/classified_observations/repair_generation_001/lanes/classification_lane_001/outcomes.jsonl
EXTPAYLOAD-a4943ee0740bcd3aded1cd6e,classification_compaction_repair_generation_001_complete,artifacts/local_structured_external_data/whole_corpus_external_data_exhaustive_pipeline_2026-08-04/classified_observations/repair_generation_001/lanes/classification_lane_001/outcomes.jsonl
EXTPAYLOAD-a4a4abb39dab6576a46b6a25,classification_compaction_repair_generation_001_complete,artifacts/local_structured_external_data/whole_corpus_external_data_exhaustive_pipeline_2026-08-04/classified_observations/repair_generation_001/lanes/classification_lane_001/outcomes.jsonl
EXTPAYLOAD-a4b1ff2442b442db06815136,classification_compaction_repair_generation_001_complete,artifacts/local_structured_external_data/whole_corpus_external_data_exhaustive_pipeline_2026-08-04/classified_observations/repair_generation_001/lanes/classification_lane_001/outcomes.jsonl
EXTPAYLOAD-a4b20217a0fa4b45c999aa7e,classification_compaction_repair_generation_001_complete,artifacts/local_structured_external_data/whole_corpus_external_data_exhaustive_pipeline_2026-08-04/classified_observations/repair_generation_001/lanes/classification_lane_001/outcomes.jsonl
EXTPAYLOAD-a4f064457ddebd61102de61b,classification_compaction_repair_generation_001_complete,artifacts/local_structured_external_data/whole_corpus_external_data_exhaustive_pipeline_2026-08-04/classified_observations/repair_generation_001/lanes/classification_lane_001/outcomes.jsonl
EXTPAYLOAD-a4fac9b0c16570733a0a8102,classification_compaction_repair_generation_001_complete,artifacts/local_structured_external_data/whole_corpus_external_data_exhaustive_pipeline_2026-08-04/classified_observations/repair_generation_001/lanes/classification_lane_001/outcomes.jsonl
EXTPAYLOAD-a50522259f30270f4a3ce5e7,classification_compaction_repair_generation_001_complete,artifacts/local_structured_external_data/whole_corpus_external_data_exhaustive_pipeline_2026-08-04/classified_observations/repair_generation_001/lanes/classification_lane_001/outcomes.jsonl
EXTPAYLOAD-a53825f114df38035617612f,classification_compaction_repair_generation_001_complete,artifacts/local_structured_external_data/whole_corpus_external_data_exhaustive_pipeline_2026-08-04/classified_observations/repair_generation_001/lanes/classification_lane_001/outcomes.jsonl
EXTPAYLOAD-a5424a81890f88e547d97b86,classification_compaction_repair_generation_001_complete,artifacts/local_structured_external_data/whole_corpus_external_data_exhaustive_pipeline_2026-08-04/classified_observations/repair_generation_001/lanes/classification_lane_001/outcomes.jsonl
EXTPAYLOAD-a551f61e6e0fb5d6a7368612,classification_compaction_repair_generation_001_complete,artifacts/local_structured_external_data/whole_corpus_external_data_exhaustive_pipeline_2026-08-04/classified_observations/repair_generation_001/lanes/classification_lane_001/outcomes.jsonl
EXTPAYLOAD-a58abfad52147f24ab6807de,classification_compaction_repair_generation_001_complete,artifacts/local_structured_external_data/whole_corpus_external_data_exhaustive_pipeline_2026-08-04/classified_observations/repair_generation_001/lanes/classification_lane_001/outcomes.jsonl
EXTPAYLOAD-a58ac2fbe7fce1cc4587fe94,classification_compaction_repair_generation_001_complete,artifacts/local_structured_external_data/whole_corpus_external_data_exhaustive_pipeline_2026-08-04/classified_observations/repair_generation_001/lanes/classification_lane_001/outcomes.jsonl
EXTPAYLOAD-a5d6a1272199d763b8f07e9c,classification_compaction_repair_generation_001_complete,artifacts/local_structured_external_data/whole_corpus_external_data_exhaustive_pipeline_2026-08-04/classified_observations/repair_generation_001/lanes/classification_lane_001/outcomes.jsonl
EXTPAYLOAD-a5ffb53677d7965148372e49,classification_compaction_repair_generation_001_complete,artifacts/local_structured_external_data/whole_corpus_external_data_exhaustive_pipeline_2026-08-04/classified_observations/repair_generation_001/lanes/classification_lane_001/outcomes.jsonl
EXTPAYLOAD-a606d126b4e30ba952860b10,classification_compaction_repair_generation_001_complete,artifacts/local_structured_external_data/whole_corpus_external_data_exhaustive_pipeline_2026-08-04/classified_observations/repair_generation_001/lanes/classification_lane_001/outcomes.jsonl
EXTPAYLOAD-a61bc7548b130dc0737458eb,classification_compaction_repair_generation_001_complete,artifacts/local_structured_external_data/whole_corpus_external_data_exhaustive_pipeline_2026-08-04/classified_observations/repair_generation_001/lanes/classification_lane_001/outcomes.jsonl
EXTPAYLOAD-a691b4df743d74eb14702af1,classification_compaction_repair_generation_001_complete,artifacts/local_structured_external_data/whole_corpus_external_data_exhaustive_pipeline_2026-08-04/classified_observations/repair_generation_001/lanes/classification_lane_001/outcomes.jsonl
EXTPAYLOAD-a6963985efeb20ceeb3d9a8f,classification_compaction_repair_generation_001_complete,artifacts/local_structured_external_data/whole_corpus_external_data_exhaustive_pipeline_2026-08-04/classified_observations/repair_generation_001/lanes/classification_lane_001/outcomes.jsonl
EXTPAYLOAD-a6aa90d4305b70826c5c12e4,classification_compaction_repair_generation_001_complete,artifacts/local_structured_external_data/whole_corpus_external_data_exhaustive_pipeline_2026-08-04/classified_observations/repair_generation_001/lanes/classification_lane_001/outcomes.jsonl
EXTPAYLOAD-a6b6c84297b493d907132af5,classification_compaction_repair_generation_001_complete,artifacts/local_structured_external_data/whole_corpus_external_data_exhaustive_pipeline_2026-08-04/classified_observations/repair_generation_001/lanes/classification_lane_001/outcomes.jsonl
EXTPAYLOAD-a6b9aab69db4217821a8b619,classification_compaction_repair_generation_001_complete,artifacts/local_structured_external_data/whole_corpus_external_data_exhaustive_pipeline_2026-08-04/classified_observations/repair_generation_001/lanes/classification_lane_001/outcomes.jsonl
EXTPAYLOAD-a6d39e6e9371b369a8417bb7,classification_compaction_repair_generation_001_complete,artifacts/local_structured_external_data/whole_corpus_external_data_exhaustive_pipeline_2026-08-04/classified_observations/repair_generation_001/lanes/classification_lane_001/outcomes.jsonl
EXTPAYLOAD-a6f83c368d80898e4e96b02e,classification_compaction_repair_generation_001_complete,artifacts/local_structured_external_data/whole_corpus_external_data_exhaustive_pipeline_2026-08-04/classified_observations/repair_generation_001/lanes/classification_lane_001/outcomes.jsonl
EXTPAYLOAD-a6fe7e6d15ba31ffb68e49fe,classification_compaction_repair_generation_001_complete,artifacts/local_structured_external_data/whole_corpus_external_data_exhaustive_pipeline_2026-08-04/classified_observations/repair_generation_001/lanes/classification_lane_001/outcomes.jsonl
EXTPAYLOAD-a7009639b840a9fd36cc54c6,classification_compaction_repair_generation_001_complete,artifacts/local_structured_external_data/whole_corpus_external_data_exhaustive_pipeline_2026-08-04/classified_observations/repair_generation_001/lanes/classification_lane_001/outcomes.jsonl
EXTPAYLOAD-a7082fffbbc10aa0be5c204c,classification_compaction_repair_generation_001_complete,artifacts/local_structured_external_data/whole_corpus_external_data_exhaustive_pipeline_2026-08-04/classified_observations/repair_generation_001/lanes/classification_lane_001/outcomes.jsonl
EXTPAYLOAD-a72a26a46ccb2ed4e037ee3a,classification_compaction_repair_generation_001_complete,artifacts/local_structured_external_data/whole_corpus_external_data_exhaustive_pipeline_2026-08-04/classified_observations/repair_generation_001/lanes/classification_lane_001/outcomes.jsonl
EXTPAYLOAD-a74807e62d0a6ff341646204,classification_compaction_repair_generation_001_complete,artifacts/local_structured_external_data/whole_corpus_external_data_exhaustive_pipeline_2026-08-04/classified_observations/repair_generation_001/lanes/classification_lane_001/outcomes.jsonl
EXTPAYLOAD-a77482351c1da029ed3629a2,classification_compaction_repair_generation_001_complete,artifacts/local_structured_external_data/whole_corpus_external_data_exhaustive_pipeline_2026-08-04/classified_observations/repair_generation_001/lanes/classification_lane_001/outcomes.jsonl
EXTPAYLOAD-a7937292dcda872aadc5d205,classification_compaction_repair_generation_001_complete,artifacts/local_structured_external_data/whole_corpus_external_data_exhaustive_pipeline_2026-08-04/classified_observations/repair_generation_001/lanes/classification_lane_001/outcomes.jsonl
EXTPAYLOAD-a795b7391de61b98d16628c3,classification_compaction_repair_generation_001_complete,artifacts/local_structured_external_data/whole_corpus_external_data_exhaustive_pipeline_2026-08-04/classified_observations/repair_generation_001/lanes/classification_lane_001/outcomes.jsonl
EXTPAYLOAD-a79a604928aa727ffe4f9f2a,classification_compaction_repair_generation_001_complete,artifacts/local_structured_external_data/whole_corpus_external_data_exhaustive_pipeline_2026-08-04/classified_observations/repair_generation_001/lanes/classification_lane_001/outcomes.jsonl
EXTPAYLOAD-a7a3a6e187535a6f5a87a179,classification_compaction_repair_generation_001_complete,artifacts/local_structured_external_data/whole_corpus_external_data_exhaustive_pipeline_2026-08-04/classified_observations/repair_generation_001/lanes/classification_lane_001/outcomes.jsonl
EXTPAYLOAD-a7a9f7d9635fe95afcac324d,classification_compaction_repair_generation_001_complete,artifacts/local_structured_external_data/whole_corpus_external_data_exhaustive_pipeline_2026-08-04/classified_observations/repair_generation_001/lanes/classification_lane_001/outcomes.jsonl
EXTPAYLOAD-a7ab52526f8f6a431dbd5d8c,classification_compaction_repair_generation_001_complete,artifacts/local_structured_external_data/whole_corpus_external_data_exhaustive_pipeline_2026-08-04/classified_observations/repair_generation_001/lanes/classification_lane_001/outcomes.jsonl
EXTPAYLOAD-a7b6395da67d72f57c96f436,classification_compaction_repair_generation_001_complete,artifacts/local_structured_external_data/whole_corpus_external_data_exhaustive_pipeline_2026-08-04/classified_observations/repair_generation_001/lanes/classification_lane_001/outcomes.jsonl
EXTPAYLOAD-a7bd18892d2887b7c6d47ce8,classification_compaction_repair_generation_001_complete,artifacts/local_structured_external_data/whole_corpus_external_data_exhaustive_pipeline_2026-08-04/classified_observations/repair_generation_001/lanes/classification_lane_001/outcomes.jsonl
EXTPAYLOAD-a7cecfcfd205d938f2590e78,classification_compaction_repair_generation_001_complete,artifacts/local_structured_external_data/whole_corpus_external_data_exhaustive_pipeline_2026-08-04/classified_observations/repair_generation_001/lanes/classification_lane_001/outcomes.jsonl
EXTPAYLOAD-a81717f5a66b8547cd9ce6da,classification_compaction_repair_generation_001_complete,artifacts/local_structured_external_data/whole_corpus_external_data_exhaustive_pipeline_2026-08-04/classified_observations/repair_generation_001/lanes/classification_lane_001/outcomes.jsonl
EXTPAYLOAD-a8288f854dbe679dafb1806b,classification_compaction_repair_generation_001_complete,artifacts/local_structured_external_data/whole_corpus_external_data_exhaustive_pipeline_2026-08-04/classified_observations/repair_generation_001/lanes/classification_lane_001/outcomes.jsonl
EXTPAYLOAD-a839ea13a77f69f0833ecb5b,classification_compaction_repair_generation_001_complete,artifacts/local_structured_external_data/whole_corpus_external_data_exhaustive_pipeline_2026-08-04/classified_observations/repair_generation_001/lanes/classification_lane_001/outcomes.jsonl
EXTPAYLOAD-a843c9326d1df12083d2eb65,classification_compaction_repair_generation_001_complete,artifacts/local_structured_external_data/whole_corpus_external_data_exhaustive_pipeline_2026-08-04/classified_observations/repair_generation_001/lanes/classification_lane_001/outcomes.jsonl
EXTPAYLOAD-a86dd9e373b7153abdfa5394,classification_compaction_repair_generation_001_complete,artifacts/local_structured_external_data/whole_corpus_external_data_exhaustive_pipeline_2026-08-04/classified_observations/repair_generation_001/lanes/classification_lane_001/outcomes.jsonl
EXTPAYLOAD-a88093939323f8deb4f258a1,classification_compaction_repair_generation_001_complete,artifacts/local_structured_external_data/whole_corpus_external_data_exhaustive_pipeline_2026-08-04/classified_observations/repair_generation_001/lanes/classification_lane_001/outcomes.jsonl
EXTPAYLOAD-a8d0958529126c3e25806e7c,classification_compaction_repair_generation_001_complete,artifacts/local_structured_external_data/whole_corpus_external_data_exhaustive_pipeline_2026-08-04/classified_observations/repair_generation_001/lanes/classification_lane_001/outcomes.jsonl
EXTPAYLOAD-a8ee42a8b83125fa6c16b746,classification_compaction_repair_generation_001_complete,artifacts/local_structured_external_data/whole_corpus_external_data_exhaustive_pipeline_2026-08-04/classified_observations/repair_generation_001/lanes/classification_lane_001/outcomes.jsonl
EXTPAYLOAD-a996d472c48d37ef023ee309,classification_compaction_repair_generation_001_complete,artifacts/local_structured_external_data/whole_corpus_external_data_exhaustive_pipeline_2026-08-04/classified_observations/repair_generation_001/lanes/classification_lane_001/outcomes.jsonl
EXTPAYLOAD-a9a92fdd35e0690502b5f9b9,classification_compaction_repair_generation_001_complete,artifacts/local_structured_external_data/whole_corpus_external_data_exhaustive_pipeline_2026-08-04/classified_observations/repair_generation_001/lanes/classification_lane_001/outcomes.jsonl
EXTPAYLOAD-a9b5f85cbf4656ddacaaf035,classification_compaction_repair_generation_001_complete,artifacts/local_structured_external_data/whole_corpus_external_data_exhaustive_pipeline_2026-08-04/classified_observations/repair_generation_001/lanes/classification_lane_001/outcomes.jsonl
EXTPAYLOAD-a9d99a460b8741a4e0cdb05c,classification_compaction_repair_generation_001_complete,artifacts/local_structured_external_data/whole_corpus_external_data_exhaustive_pipeline_2026-08-04/classified_observations/repair_generation_001/lanes/classification_lane_001/outcomes.jsonl
EXTPAYLOAD-a9e2241ad509737c0bdd5202,classification_compaction_repair_generation_001_complete,artifacts/local_structured_external_data/whole_corpus_external_data_exhaustive_pipeline_2026-08-04/classified_observations/repair_generation_001/lanes/classification_lane_001/outcomes.jsonl
EXTPAYLOAD-a9f86d917a966e396a3fc905,classification_compaction_repair_generation_001_complete,artifacts/local_structured_external_data/whole_corpus_external_data_exhaustive_pipeline_2026-08-04/classified_observations/repair_generation_001/lanes/classification_lane_001/outcomes.jsonl
EXTPAYLOAD-aa071a921537853c92b164f5,classification_compaction_repair_generation_001_complete,artifacts/local_structured_external_data/whole_corpus_external_data_exhaustive_pipeline_2026-08-04/classified_observations/repair_generation_001/lanes/classification_lane_001/outcomes.jsonl
EXTPAYLOAD-aa1d58e8842baa2c69b2be31,classification_compaction_repair_generation_001_complete,artifacts/local_structured_external_data/whole_corpus_external_data_exhaustive_pipeline_2026-08-04/classified_observations/repair_generation_001/lanes/classification_lane_001/outcomes.jsonl
EXTPAYLOAD-aa29a38968208cb3002a3e94,classification_compaction_repair_generation_001_complete,artifacts/local_structured_external_data/whole_corpus_external_data_exhaustive_pipeline_2026-08-04/classified_observations/repair_generation_001/lanes/classification_lane_001/outcomes.jsonl
EXTPAYLOAD-aa305d7c45999bc95680cb0d,classification_compaction_repair_generation_001_complete,artifacts/local_structured_external_data/whole_corpus_external_data_exhaustive_pipeline_2026-08-04/classified_observations/repair_generation_001/lanes/classification_lane_001/outcomes.jsonl
EXTPAYLOAD-aa3c64777ac6a62c0607d6c2,classification_compaction_repair_generation_001_complete,artifacts/local_structured_external_data/whole_corpus_external_data_exhaustive_pipeline_2026-08-04/classified_observations/repair_generation_001/lanes/classification_lane_001/outcomes.jsonl
EXTPAYLOAD-aa3e0a3543d5557ad11a0e65,classification_compaction_repair_generation_001_complete,artifacts/local_structured_external_data/whole_corpus_external_data_exhaustive_pipeline_2026-08-04/classified_observations/repair_generation_001/lanes/classification_lane_001/outcomes.jsonl
EXTPAYLOAD-aa54367b41b33e56d1374e22,classification_compaction_repair_generation_001_complete,artifacts/local_structured_external_data/whole_corpus_external_data_exhaustive_pipeline_2026-08-04/classified_observations/repair_generation_001/lanes/classification_lane_001/outcomes.jsonl
EXTPAYLOAD-aa7d86907f9fcc977cec1585,classification_compaction_repair_generation_001_complete,artifacts/local_structured_external_data/whole_corpus_external_data_exhaustive_pipeline_2026-08-04/classified_observations/repair_generation_001/lanes/classification_lane_001/outcomes.jsonl
EXTPAYLOAD-aac66b9526429c279168bb08,classification_compaction_repair_generation_001_complete,artifacts/local_structured_external_data/whole_corpus_external_data_exhaustive_pipeline_2026-08-04/classified_observations/repair_generation_001/lanes/classification_lane_001/outcomes.jsonl
EXTPAYLOAD-aad7228f18e8335a042d7ed8,classification_compaction_repair_generation_001_complete,artifacts/local_structured_external_data/whole_corpus_external_data_exhaustive_pipeline_2026-08-04/classified_observations/repair_generation_001/lanes/classification_lane_001/outcomes.jsonl
EXTPAYLOAD-ab407ece6403c4aa1e77a2e8,classification_compaction_repair_generation_001_complete,artifacts/local_structured_external_data/whole_corpus_external_data_exhaustive_pipeline_2026-08-04/classified_observations/repair_generation_001/lanes/classification_lane_001/outcomes.jsonl
EXTPAYLOAD-ab5bf26a2dfd20fdc52c66fc,classification_compaction_repair_generation_001_complete,artifacts/local_structured_external_data/whole_corpus_external_data_exhaustive_pipeline_2026-08-04/classified_observations/repair_generation_001/lanes/classification_lane_001/outcomes.jsonl
EXTPAYLOAD-ab6b4fea93aaedd156b7131b,classification_compaction_repair_generation_001_complete,artifacts/local_structured_external_data/whole_corpus_external_data_exhaustive_pipeline_2026-08-04/classified_observations/repair_generation_001/lanes/classification_lane_001/outcomes.jsonl
EXTPAYLOAD-ab7a0c1b0c97bfaac3b03c92,classification_compaction_repair_generation_001_complete,artifacts/local_structured_external_data/whole_corpus_external_data_exhaustive_pipeline_2026-08-04/classified_observations/repair_generation_001/lanes/classification_lane_001/outcomes.jsonl
EXTPAYLOAD-ab8c7abd961084189d444dcf,classification_compaction_repair_generation_001_complete,artifacts/local_structured_external_data/whole_corpus_external_data_exhaustive_pipeline_2026-08-04/classified_observations/repair_generation_001/lanes/classification_lane_001/outcomes.jsonl
EXTPAYLOAD-ab93562a2445b0e9d4b317b6,classification_compaction_repair_generation_001_complete,artifacts/local_structured_external_data/whole_corpus_external_data_exhaustive_pipeline_2026-08-04/classified_observations/repair_generation_001/lanes/classification_lane_001/outcomes.jsonl
EXTPAYLOAD-ab98a0d8a3295feb3c857cf5,classification_compaction_repair_generation_001_complete,artifacts/local_structured_external_data/whole_corpus_external_data_exhaustive_pipeline_2026-08-04/classified_observations/repair_generation_001/lanes/classification_lane_001/outcomes.jsonl
EXTPAYLOAD-abf70314d0133172792b3c53,classification_compaction_repair_generation_001_complete,artifacts/local_structured_external_data/whole_corpus_external_data_exhaustive_pipeline_2026-08-04/classified_observations/repair_generation_001/lanes/classification_lane_001/outcomes.jsonl
EXTPAYLOAD-ac4e9b8101847490270307a8,classification_compaction_repair_generation_001_complete,artifacts/local_structured_external_data/whole_corpus_external_data_exhaustive_pipeline_2026-08-04/classified_observations/repair_generation_001/lanes/classification_lane_001/outcomes.jsonl
EXTPAYLOAD-ac612c28c7b36b63732428c4,classification_compaction_repair_generation_001_complete,artifacts/local_structured_external_data/whole_corpus_external_data_exhaustive_pipeline_2026-08-04/classified_observations/repair_generation_001/lanes/classification_lane_001/outcomes.jsonl
EXTPAYLOAD-ac79e0a3b0e7bd7f1a7af01a,classification_compaction_repair_generation_001_complete,artifacts/local_structured_external_data/whole_corpus_external_data_exhaustive_pipeline_2026-08-04/classified_observations/repair_generation_001/lanes/classification_lane_001/outcomes.jsonl
EXTPAYLOAD-ac9fde7156fa20d0abb7ab33,classification_compaction_repair_generation_001_complete,artifacts/local_structured_external_data/whole_corpus_external_data_exhaustive_pipeline_2026-08-04/classified_observations/repair_generation_001/lanes/classification_lane_001/outcomes.jsonl
EXTPAYLOAD-aca19983ac347d5cca07d7f4,classification_compaction_repair_generation_001_complete,artifacts/local_structured_external_data/whole_corpus_external_data_exhaustive_pipeline_2026-08-04/classified_observations/repair_generation_001/lanes/classification_lane_001/outcomes.jsonl
EXTPAYLOAD-accd12b1489f1326d1af2ba2,classification_compaction_repair_generation_001_complete,artifacts/local_structured_external_data/whole_corpus_external_data_exhaustive_pipeline_2026-08-04/classified_observations/repair_generation_001/lanes/classification_lane_001/outcomes.jsonl
EXTPAYLOAD-acd6b64c8051bdb1a3c2e644,classification_compaction_repair_generation_001_complete,artifacts/local_structured_external_data/whole_corpus_external_data_exhaustive_pipeline_2026-08-04/classified_observations/repair_generation_001/lanes/classification_lane_001/outcomes.jsonl
EXTPAYLOAD-ace944834e16366fb4bc80d8,classification_compaction_repair_generation_001_complete,artifacts/local_structured_external_data/whole_corpus_external_data_exhaustive_pipeline_2026-08-04/classified_observations/repair_generation_001/lanes/classification_lane_001/outcomes.jsonl
EXTPAYLOAD-aceda8ce08d6959db62878e6,classification_compaction_repair_generation_001_complete,artifacts/local_structured_external_data/whole_corpus_external_data_exhaustive_pipeline_2026-08-04/classified_observations/repair_generation_001/lanes/classification_lane_001/outcomes.jsonl
EXTPAYLOAD-acf5861b15a0d9928c6ed1cd,classification_compaction_repair_generation_001_complete,artifacts/local_structured_external_data/whole_corpus_external_data_exhaustive_pipeline_2026-08-04/classified_observations/repair_generation_001/lanes/classification_lane_001/outcomes.jsonl
EXTPAYLOAD-ad3abc960af2f2624c2dd998,classification_compaction_repair_generation_001_complete,artifacts/local_structured_external_data/whole_corpus_external_data_exhaustive_pipeline_2026-08-04/classified_observations/repair_generation_001/lanes/classification_lane_001/outcomes.jsonl
EXTPAYLOAD-ad4c9953af936be95559c2b5,classification_compaction_repair_generation_001_complete,artifacts/local_structured_external_data/whole_corpus_external_data_exhaustive_pipeline_2026-08-04/classified_observations/repair_generation_001/lanes/classification_lane_001/outcomes.jsonl
EXTPAYLOAD-ad5627293046b9841bf5f0f4,classification_compaction_repair_generation_001_complete,artifacts/local_structured_external_data/whole_corpus_external_data_exhaustive_pipeline_2026-08-04/classified_observations/repair_generation_001/lanes/classification_lane_001/outcomes.jsonl
EXTPAYLOAD-ad669d6b5835f239a72e6d12,classification_compaction_repair_generation_001_complete,artifacts/local_structured_external_data/whole_corpus_external_data_exhaustive_pipeline_2026-08-04/classified_observations/repair_generation_001/lanes/classification_lane_001/outcomes.jsonl
EXTPAYLOAD-ad8761fdbd2bd580d1ead38f,classification_compaction_repair_generation_001_complete,artifacts/local_structured_external_data/whole_corpus_external_data_exhaustive_pipeline_2026-08-04/classified_observations/repair_generation_001/lanes/classification_lane_001/outcomes.jsonl
EXTPAYLOAD-adc5ce514487e7311aa0089b,classification_compaction_repair_generation_001_complete,artifacts/local_structured_external_data/whole_corpus_external_data_exhaustive_pipeline_2026-08-04/classified_observations/repair_generation_001/lanes/classification_lane_001/outcomes.jsonl
EXTPAYLOAD-adce5a00d831f4502a532f4a,classification_compaction_repair_generation_001_complete,artifacts/local_structured_external_data/whole_corpus_external_data_exhaustive_pipeline_2026-08-04/classified_observations/repair_generation_001/lanes/classification_lane_001/outcomes.jsonl
EXTPAYLOAD-add5ed9a29566c4c06f86b29,classification_compaction_repair_generation_001_complete,artifacts/local_structured_external_data/whole_corpus_external_data_exhaustive_pipeline_2026-08-04/classified_observations/repair_generation_001/lanes/classification_lane_001/outcomes.jsonl
EXTPAYLOAD-adf10059a4d3fd16fd0dfddd,classification_compaction_repair_generation_001_complete,artifacts/local_structured_external_data/whole_corpus_external_data_exhaustive_pipeline_2026-08-04/classified_observations/repair_generation_001/lanes/classification_lane_001/outcomes.jsonl
EXTPAYLOAD-adf5b7f6f07d318e5ae39cf2,classification_compaction_repair_generation_001_complete,artifacts/local_structured_external_data/whole_corpus_external_data_exhaustive_pipeline_2026-08-04/classified_observations/repair_generation_001/lanes/classification_lane_001/outcomes.jsonl
EXTPAYLOAD-ae1328a4c53a485096a706d2,classification_compaction_repair_generation_001_complete,artifacts/local_structured_external_data/whole_corpus_external_data_exhaustive_pipeline_2026-08-04/classified_observations/repair_generation_001/lanes/classification_lane_001/outcomes.jsonl
EXTPAYLOAD-ae2ae795967ec61d8f3c6063,classification_compaction_repair_generation_001_complete,artifacts/local_structured_external_data/whole_corpus_external_data_exhaustive_pipeline_2026-08-04/classified_observations/repair_generation_001/lanes/classification_lane_001/outcomes.jsonl
EXTPAYLOAD-ae3b5b02c8976ea737c0fefc,classification_compaction_repair_generation_001_complete,artifacts/local_structured_external_data/whole_corpus_external_data_exhaustive_pipeline_2026-08-04/classified_observations/repair_generation_001/lanes/classification_lane_001/outcomes.jsonl
EXTPAYLOAD-ae56a4b9cf26abd8c1113daa,classification_compaction_repair_generation_001_complete,artifacts/local_structured_external_data/whole_corpus_external_data_exhaustive_pipeline_2026-08-04/classified_observations/repair_generation_001/lanes/classification_lane_001/outcomes.jsonl
EXTPAYLOAD-ae6226b3684fceb95b1bd1a9,classification_compaction_repair_generation_001_complete,artifacts/local_structured_external_data/whole_corpus_external_data_exhaustive_pipeline_2026-08-04/classified_observations/repair_generation_001/lanes/classification_lane_001/outcomes.jsonl
EXTPAYLOAD-ae84b18994f26fed42b29d26,classification_compaction_repair_generation_001_complete,artifacts/local_structured_external_data/whole_corpus_external_data_exhaustive_pipeline_2026-08-04/classified_observations/repair_generation_001/lanes/classification_lane_001/outcomes.jsonl
EXTPAYLOAD-aea08abb156a39e222e8b967,classification_compaction_repair_generation_001_complete,artifacts/local_structured_external_data/whole_corpus_external_data_exhaustive_pipeline_2026-08-04/classified_observations/repair_generation_001/lanes/classification_lane_001/outcomes.jsonl
EXTPAYLOAD-aebe55e1d90bb684f7c374bf,classification_compaction_repair_generation_001_complete,artifacts/local_structured_external_data/whole_corpus_external_data_exhaustive_pipeline_2026-08-04/classified_observations/repair_generation_001/lanes/classification_lane_001/outcomes.jsonl
EXTPAYLOAD-aef50b7924de4ed1886fd842,classification_compaction_repair_generation_001_complete,artifacts/local_structured_external_data/whole_corpus_external_data_exhaustive_pipeline_2026-08-04/classified_observations/repair_generation_001/lanes/classification_lane_001/outcomes.jsonl
EXTPAYLOAD-af4e2ddff67d2e58c64ce05b,classification_compaction_repair_generation_001_complete,artifacts/local_structured_external_data/whole_corpus_external_data_exhaustive_pipeline_2026-08-04/classified_observations/repair_generation_001/lanes/classification_lane_001/outcomes.jsonl
EXTPAYLOAD-afc2964826249a834481aa60,classification_compaction_repair_generation_001_complete,artifacts/local_structured_external_data/whole_corpus_external_data_exhaustive_pipeline_2026-08-04/classified_observations/repair_generation_001/lanes/classification_lane_001/outcomes.jsonl
EXTPAYLOAD-afc2cc61b527091526d528f7,classification_compaction_repair_generation_001_complete,artifacts/local_structured_external_data/whole_corpus_external_data_exhaustive_pipeline_2026-08-04/classified_observations/repair_generation_001/lanes/classification_lane_001/outcomes.jsonl
EXTPAYLOAD-afd44fdf853a2377a1473892,classification_compaction_repair_generation_001_complete,artifacts/local_structured_external_data/whole_corpus_external_data_exhaustive_pipeline_2026-08-04/classified_observations/repair_generation_001/lanes/classification_lane_001/outcomes.jsonl
EXTPAYLOAD-afd8c3c6bf7dabd1816c7fd1,classification_compaction_repair_generation_001_complete,artifacts/local_structured_external_data/whole_corpus_external_data_exhaustive_pipeline_2026-08-04/classified_observations/repair_generation_001/lanes/classification_lane_001/outcomes.jsonl
EXTPAYLOAD-afda3667828f5b5d615252bd,classification_compaction_repair_generation_001_complete,artifacts/local_structured_external_data/whole_corpus_external_data_exhaustive_pipeline_2026-08-04/classified_observations/repair_generation_001/lanes/classification_lane_001/outcomes.jsonl
EXTPAYLOAD-afee6c0ab19326abe838e547,classification_compaction_repair_generation_001_complete,artifacts/local_structured_external_data/whole_corpus_external_data_exhaustive_pipeline_2026-08-04/classified_observations/repair_generation_001/lanes/classification_lane_001/outcomes.jsonl
EXTPAYLOAD-aff3ea3493c2fe185cc44f44,classification_compaction_repair_generation_001_complete,artifacts/local_structured_external_data/whole_corpus_external_data_exhaustive_pipeline_2026-08-04/classified_observations/repair_generation_001/lanes/classification_lane_001/outcomes.jsonl
EXTPAYLOAD-affa4bf265db7fefbed23734,classification_compaction_repair_generation_001_complete,artifacts/local_structured_external_data/whole_corpus_external_data_exhaustive_pipeline_2026-08-04/classified_observations/repair_generation_001/lanes/classification_lane_001/outcomes.jsonl
EXTPAYLOAD-affc03e69f45259d5905be61,classification_compaction_repair_generation_001_complete,artifacts/local_structured_external_data/whole_corpus_external_data_exhaustive_pipeline_2026-08-04/classified_observations/repair_generation_001/lanes/classification_lane_001/outcomes.jsonl
EXTPAYLOAD-b00b4c7c8a8b19d87fb65390,classification_compaction_repair_generation_001_complete,artifacts/local_structured_external_data/whole_corpus_external_data_exhaustive_pipeline_2026-08-04/classified_observations/repair_generation_001/lanes/classification_lane_001/outcomes.jsonl
EXTPAYLOAD-b0113ab498ed5365cfee7e05,classification_compaction_repair_generation_001_complete,artifacts/local_structured_external_data/whole_corpus_external_data_exhaustive_pipeline_2026-08-04/classified_observations/repair_generation_001/lanes/classification_lane_001/outcomes.jsonl
EXTPAYLOAD-b0331a12c58469a18a27b77f,classification_compaction_repair_generation_001_complete,artifacts/local_structured_external_data/whole_corpus_external_data_exhaustive_pipeline_2026-08-04/classified_observations/repair_generation_001/lanes/classification_lane_001/outcomes.jsonl
EXTPAYLOAD-b0397f96b306be8007b74550,classification_compaction_repair_generation_001_complete,artifacts/local_structured_external_data/whole_corpus_external_data_exhaustive_pipeline_2026-08-04/classified_observations/repair_generation_001/lanes/classification_lane_001/outcomes.jsonl
EXTPAYLOAD-b047c071c6f58b3b63517752,classification_compaction_repair_generation_001_complete,artifacts/local_structured_external_data/whole_corpus_external_data_exhaustive_pipeline_2026-08-04/classified_observations/repair_generation_001/lanes/classification_lane_001/outcomes.jsonl
EXTPAYLOAD-b049e9bf9da4212585106207,classification_compaction_repair_generation_001_complete,artifacts/local_structured_external_data/whole_corpus_external_data_exhaustive_pipeline_2026-08-04/classified_observations/repair_generation_001/lanes/classification_lane_001/outcomes.jsonl
EXTPAYLOAD-b083aafd8a16671936aa77ff,classification_compaction_repair_generation_001_complete,artifacts/local_structured_external_data/whole_corpus_external_data_exhaustive_pipeline_2026-08-04/classified_observations/repair_generation_001/lanes/classification_lane_001/outcomes.jsonl
EXTPAYLOAD-b0a2dc52855940a9901a4989,classification_compaction_repair_generation_001_complete,artifacts/local_structured_external_data/whole_corpus_external_data_exhaustive_pipeline_2026-08-04/classified_observations/repair_generation_001/lanes/classification_lane_001/outcomes.jsonl
EXTPAYLOAD-b0b7b7eb794c11c97c74d02a,classification_compaction_repair_generation_001_complete,artifacts/local_structured_external_data/whole_corpus_external_data_exhaustive_pipeline_2026-08-04/classified_observations/repair_generation_001/lanes/classification_lane_001/outcomes.jsonl
EXTPAYLOAD-b0c2e34e7d11f99edb99cc8a,classification_compaction_repair_generation_001_complete,artifacts/local_structured_external_data/whole_corpus_external_data_exhaustive_pipeline_2026-08-04/classified_observations/repair_generation_001/lanes/classification_lane_001/outcomes.jsonl
EXTPAYLOAD-b0d209b289f00c562fce0d8e,classification_compaction_repair_generation_001_complete,artifacts/local_structured_external_data/whole_corpus_external_data_exhaustive_pipeline_2026-08-04/classified_observations/repair_generation_001/lanes/classification_lane_001/outcomes.jsonl
EXTPAYLOAD-b0e441a01da14aae465408db,classification_compaction_repair_generation_001_complete,artifacts/local_structured_external_data/whole_corpus_external_data_exhaustive_pipeline_2026-08-04/classified_observations/repair_generation_001/lanes/classification_lane_001/outcomes.jsonl
EXTPAYLOAD-b107ab58e962fa7416f23608,classification_compaction_repair_generation_001_complete,artifacts/local_structured_external_data/whole_corpus_external_data_exhaustive_pipeline_2026-08-04/classified_observations/repair_generation_001/lanes/classification_lane_001/outcomes.jsonl
EXTPAYLOAD-b119a525b60cd9752f1749cf,classification_compaction_repair_generation_001_complete,artifacts/local_structured_external_data/whole_corpus_external_data_exhaustive_pipeline_2026-08-04/classified_observations/repair_generation_001/lanes/classification_lane_001/outcomes.jsonl
EXTPAYLOAD-b131a468ccde7ddb4e16c515,classification_compaction_repair_generation_001_complete,artifacts/local_structured_external_data/whole_corpus_external_data_exhaustive_pipeline_2026-08-04/classified_observations/repair_generation_001/lanes/classification_lane_001/outcomes.jsonl
EXTPAYLOAD-b1c45777ff9ec1a6d330aebf,classification_compaction_repair_generation_001_complete,artifacts/local_structured_external_data/whole_corpus_external_data_exhaustive_pipeline_2026-08-04/classified_observations/repair_generation_001/lanes/classification_lane_001/outcomes.jsonl
EXTPAYLOAD-b1dfc92b01f6b4c5e2210f37,classification_compaction_repair_generation_001_complete,artifacts/local_structured_external_data/whole_corpus_external_data_exhaustive_pipeline_2026-08-04/classified_observations/repair_generation_001/lanes/classification_lane_001/outcomes.jsonl
EXTPAYLOAD-b1e2927c157008e07f42be99,classification_compaction_repair_generation_001_complete,artifacts/local_structured_external_data/whole_corpus_external_data_exhaustive_pipeline_2026-08-04/classified_observations/repair_generation_001/lanes/classification_lane_001/outcomes.jsonl
EXTPAYLOAD-b1ffb00165923ad55bab95a5,classification_compaction_repair_generation_001_complete,artifacts/local_structured_external_data/whole_corpus_external_data_exhaustive_pipeline_2026-08-04/classified_observations/repair_generation_001/lanes/classification_lane_001/outcomes.jsonl
EXTPAYLOAD-b202daa912a1ff3a23e1470d,classification_compaction_repair_generation_001_complete,artifacts/local_structured_external_data/whole_corpus_external_data_exhaustive_pipeline_2026-08-04/classified_observations/repair_generation_001/lanes/classification_lane_001/outcomes.jsonl
EXTPAYLOAD-b21d9cd729063556e22b9bda,classification_compaction_repair_generation_001_complete,artifacts/local_structured_external_data/whole_corpus_external_data_exhaustive_pipeline_2026-08-04/classified_observations/repair_generation_001/lanes/classification_lane_001/outcomes.jsonl
EXTPAYLOAD-b22d2ba8e628a7ab788388a7,classification_compaction_repair_generation_001_complete,artifacts/local_structured_external_data/whole_corpus_external_data_exhaustive_pipeline_2026-08-04/classified_observations/repair_generation_001/lanes/classification_lane_001/outcomes.jsonl
EXTPAYLOAD-b22e0e471534b7fe6a9bd351,classification_compaction_repair_generation_001_complete,artifacts/local_structured_external_data/whole_corpus_external_data_exhaustive_pipeline_2026-08-04/classified_observations/repair_generation_001/lanes/classification_lane_001/outcomes.jsonl
EXTPAYLOAD-b26ec945e5d6cc11df204566,classification_compaction_repair_generation_001_complete,artifacts/local_structured_external_data/whole_corpus_external_data_exhaustive_pipeline_2026-08-04/classified_observations/repair_generation_001/lanes/classification_lane_001/outcomes.jsonl
EXTPAYLOAD-b2ac1c068e4ab7ceeb417265,classification_compaction_repair_generation_001_complete,artifacts/local_structured_external_data/whole_corpus_external_data_exhaustive_pipeline_2026-08-04/classified_observations/repair_generation_001/lanes/classification_lane_001/outcomes.jsonl
EXTPAYLOAD-b2b19de7f031f317a246e8f1,classification_compaction_repair_generation_001_complete,artifacts/local_structured_external_data/whole_corpus_external_data_exhaustive_pipeline_2026-08-04/classified_observations/repair_generation_001/lanes/classification_lane_001/outcomes.jsonl
EXTPAYLOAD-b2c410e68769230ece9fa391,classification_compaction_repair_generation_001_complete,artifacts/local_structured_external_data/whole_corpus_external_data_exhaustive_pipeline_2026-08-04/classified_observations/repair_generation_001/lanes/classification_lane_001/outcomes.jsonl
EXTPAYLOAD-b2cf79ac293fe9e406a4529b,classification_compaction_repair_generation_001_complete,artifacts/local_structured_external_data/whole_corpus_external_data_exhaustive_pipeline_2026-08-04/classified_observations/repair_generation_001/lanes/classification_lane_001/outcomes.jsonl
EXTPAYLOAD-b2d7709df15077fbb7a39aaa,classification_compaction_repair_generation_001_complete,artifacts/local_structured_external_data/whole_corpus_external_data_exhaustive_pipeline_2026-08-04/classified_observations/repair_generation_001/lanes/classification_lane_001/outcomes.jsonl
EXTPAYLOAD-b2d82d7d9d5d6fc95f221206,classification_compaction_repair_generation_001_complete,artifacts/local_structured_external_data/whole_corpus_external_data_exhaustive_pipeline_2026-08-04/classified_observations/repair_generation_001/lanes/classification_lane_001/outcomes.jsonl
EXTPAYLOAD-b2dbf2e660433735f9c41c90,classification_compaction_repair_generation_001_complete,artifacts/local_structured_external_data/whole_corpus_external_data_exhaustive_pipeline_2026-08-04/classified_observations/repair_generation_001/lanes/classification_lane_001/outcomes.jsonl
EXTPAYLOAD-b32adb80509530dcf7d2cad1,classification_compaction_repair_generation_001_complete,artifacts/local_structured_external_data/whole_corpus_external_data_exhaustive_pipeline_2026-08-04/classified_observations/repair_generation_001/lanes/classification_lane_001/outcomes.jsonl
EXTPAYLOAD-b32f7bab54e51ba8813a8746,classification_compaction_repair_generation_001_complete,artifacts/local_structured_external_data/whole_corpus_external_data_exhaustive_pipeline_2026-08-04/classified_observations/repair_generation_001/lanes/classification_lane_001/outcomes.jsonl
EXTPAYLOAD-b33492eeed3b44d8e5fed713,classification_compaction_repair_generation_001_complete,artifacts/local_structured_external_data/whole_corpus_external_data_exhaustive_pipeline_2026-08-04/classified_observations/repair_generation_001/lanes/classification_lane_001/outcomes.jsonl
EXTPAYLOAD-b36e6a960c06f241e6338b5b,classification_compaction_repair_generation_001_complete,artifacts/local_structured_external_data/whole_corpus_external_data_exhaustive_pipeline_2026-08-04/classified_observations/repair_generation_001/lanes/classification_lane_001/outcomes.jsonl
EXTPAYLOAD-b39f7cd993ade531647264e9,classification_compaction_repair_generation_001_complete,artifacts/local_structured_external_data/whole_corpus_external_data_exhaustive_pipeline_2026-08-04/classified_observations/repair_generation_001/lanes/classification_lane_001/outcomes.jsonl
EXTPAYLOAD-b3c94b8b1e011ed3acacdefd,classification_compaction_repair_generation_001_complete,artifacts/local_structured_external_data/whole_corpus_external_data_exhaustive_pipeline_2026-08-04/classified_observations/repair_generation_001/lanes/classification_lane_001/outcomes.jsonl
EXTPAYLOAD-b40840acaaa65dee0df962f3,classification_compaction_repair_generation_001_complete,artifacts/local_structured_external_data/whole_corpus_external_data_exhaustive_pipeline_2026-08-04/classified_observations/repair_generation_001/lanes/classification_lane_001/outcomes.jsonl
EXTPAYLOAD-b40a23c7a8a4ab6b5e563337,classification_compaction_repair_generation_001_complete,artifacts/local_structured_external_data/whole_corpus_external_data_exhaustive_pipeline_2026-08-04/classified_observations/repair_generation_001/lanes/classification_lane_001/outcomes.jsonl
EXTPAYLOAD-b410b593663018c11f93c4cd,classification_compaction_repair_generation_001_complete,artifacts/local_structured_external_data/whole_corpus_external_data_exhaustive_pipeline_2026-08-04/classified_observations/repair_generation_001/lanes/classification_lane_001/outcomes.jsonl
EXTPAYLOAD-b432d4f95328f90fd9ad33a9,classification_compaction_repair_generation_001_complete,artifacts/local_structured_external_data/whole_corpus_external_data_exhaustive_pipeline_2026-08-04/classified_observations/repair_generation_001/lanes/classification_lane_001/outcomes.jsonl
EXTPAYLOAD-b44daa3314a1679a4ce10c9f,classification_compaction_repair_generation_001_complete,artifacts/local_structured_external_data/whole_corpus_external_data_exhaustive_pipeline_2026-08-04/classified_observations/repair_generation_001/lanes/classification_lane_001/outcomes.jsonl
EXTPAYLOAD-b4572643fa385c37a56fa8a5,classification_compaction_repair_generation_001_complete,artifacts/local_structured_external_data/whole_corpus_external_data_exhaustive_pipeline_2026-08-04/classified_observations/repair_generation_001/lanes/classification_lane_001/outcomes.jsonl
EXTPAYLOAD-b45844fea1f886f84070773a,classification_compaction_repair_generation_001_complete,artifacts/local_structured_external_data/whole_corpus_external_data_exhaustive_pipeline_2026-08-04/classified_observations/repair_generation_001/lanes/classification_lane_001/outcomes.jsonl
EXTPAYLOAD-b45c1ed4f180c61b5ca3a122,classification_compaction_repair_generation_001_complete,artifacts/local_structured_external_data/whole_corpus_external_data_exhaustive_pipeline_2026-08-04/classified_observations/repair_generation_001/lanes/classification_lane_001/outcomes.jsonl
EXTPAYLOAD-b464cdaa9cbde075d944573f,classification_compaction_repair_generation_001_complete,artifacts/local_structured_external_data/whole_corpus_external_data_exhaustive_pipeline_2026-08-04/classified_observations/repair_generation_001/lanes/classification_lane_001/outcomes.jsonl
EXTPAYLOAD-b479a09caca1c16c372daacc,classification_compaction_repair_generation_001_complete,artifacts/local_structured_external_data/whole_corpus_external_data_exhaustive_pipeline_2026-08-04/classified_observations/repair_generation_001/lanes/classification_lane_001/outcomes.jsonl
EXTPAYLOAD-b48a67d574e83574fa9dc2d0,classification_compaction_repair_generation_001_complete,artifacts/local_structured_external_data/whole_corpus_external_data_exhaustive_pipeline_2026-08-04/classified_observations/repair_generation_001/lanes/classification_lane_001/outcomes.jsonl
EXTPAYLOAD-b49095c6d1e7f4cb702b6314,classification_compaction_repair_generation_001_complete,artifacts/local_structured_external_data/whole_corpus_external_data_exhaustive_pipeline_2026-08-04/classified_observations/repair_generation_001/lanes/classification_lane_001/outcomes.jsonl
EXTPAYLOAD-b4a3069f12c8b8339d0105a2,classification_compaction_repair_generation_001_complete,artifacts/local_structured_external_data/whole_corpus_external_data_exhaustive_pipeline_2026-08-04/classified_observations/repair_generation_001/lanes/classification_lane_001/outcomes.jsonl
EXTPAYLOAD-b4ad7d98bf006070fc04b772,classification_compaction_repair_generation_001_complete,artifacts/local_structured_external_data/whole_corpus_external_data_exhaustive_pipeline_2026-08-04/classified_observations/repair_generation_001/lanes/classification_lane_001/outcomes.jsonl
EXTPAYLOAD-b4aeed96bb75b442169eff95,classification_compaction_repair_generation_001_complete,artifacts/local_structured_external_data/whole_corpus_external_data_exhaustive_pipeline_2026-08-04/classified_observations/repair_generation_001/lanes/classification_lane_001/outcomes.jsonl
EXTPAYLOAD-b4b829196c7d93922af91b41,classification_compaction_repair_generation_001_complete,artifacts/local_structured_external_data/whole_corpus_external_data_exhaustive_pipeline_2026-08-04/classified_observations/repair_generation_001/lanes/classification_lane_001/outcomes.jsonl
EXTPAYLOAD-b4c41ac1de8483bc7eb0b37d,classification_compaction_repair_generation_001_complete,artifacts/local_structured_external_data/whole_corpus_external_data_exhaustive_pipeline_2026-08-04/classified_observations/repair_generation_001/lanes/classification_lane_001/outcomes.jsonl
EXTPAYLOAD-b4e3db06635077b08a761d3e,classification_compaction_repair_generation_001_complete,artifacts/local_structured_external_data/whole_corpus_external_data_exhaustive_pipeline_2026-08-04/classified_observations/repair_generation_001/lanes/classification_lane_001/outcomes.jsonl
EXTPAYLOAD-b4f0592e78862f5ad788475e,classification_compaction_repair_generation_001_complete,artifacts/local_structured_external_data/whole_corpus_external_data_exhaustive_pipeline_2026-08-04/classified_observations/repair_generation_001/lanes/classification_lane_001/outcomes.jsonl
EXTPAYLOAD-b52a4aa22e506de77ba46b37,classification_compaction_repair_generation_001_complete,artifacts/local_structured_external_data/whole_corpus_external_data_exhaustive_pipeline_2026-08-04/classified_observations/repair_generation_001/lanes/classification_lane_001/outcomes.jsonl
EXTPAYLOAD-b53d919600be49cfab34d147,classification_compaction_repair_generation_001_complete,artifacts/local_structured_external_data/whole_corpus_external_data_exhaustive_pipeline_2026-08-04/classified_observations/repair_generation_001/lanes/classification_lane_001/outcomes.jsonl
EXTPAYLOAD-b549b4cb16975f509a8bd41f,classification_compaction_repair_generation_001_complete,artifacts/local_structured_external_data/whole_corpus_external_data_exhaustive_pipeline_2026-08-04/classified_observations/repair_generation_001/lanes/classification_lane_001/outcomes.jsonl
EXTPAYLOAD-b56d1ea05aa342fd24a4e9ab,classification_compaction_repair_generation_001_complete,artifacts/local_structured_external_data/whole_corpus_external_data_exhaustive_pipeline_2026-08-04/classified_observations/repair_generation_001/lanes/classification_lane_001/outcomes.jsonl
EXTPAYLOAD-b57cd749a2f549a0a25fe758,classification_compaction_repair_generation_001_complete,artifacts/local_structured_external_data/whole_corpus_external_data_exhaustive_pipeline_2026-08-04/classified_observations/repair_generation_001/lanes/classification_lane_001/outcomes.jsonl
EXTPAYLOAD-b58b061469ccc3ef689e0071,classification_compaction_repair_generation_001_complete,artifacts/local_structured_external_data/whole_corpus_external_data_exhaustive_pipeline_2026-08-04/classified_observations/repair_generation_001/lanes/classification_lane_001/outcomes.jsonl
EXTPAYLOAD-b596f14698789998ef811d3e,classification_compaction_repair_generation_001_complete,artifacts/local_structured_external_data/whole_corpus_external_data_exhaustive_pipeline_2026-08-04/classified_observations/repair_generation_001/lanes/classification_lane_001/outcomes.jsonl
EXTPAYLOAD-b5b0b37bf6845964423da9f0,classification_compaction_repair_generation_001_complete,artifacts/local_structured_external_data/whole_corpus_external_data_exhaustive_pipeline_2026-08-04/classified_observations/repair_generation_001/lanes/classification_lane_001/outcomes.jsonl
EXTPAYLOAD-b5d4d43b6ebf707119912fc5,classification_compaction_repair_generation_001_complete,artifacts/local_structured_external_data/whole_corpus_external_data_exhaustive_pipeline_2026-08-04/classified_observations/repair_generation_001/lanes/classification_lane_001/outcomes.jsonl
EXTPAYLOAD-b5d9af308fd22255a08b98a0,classification_compaction_repair_generation_001_complete,artifacts/local_structured_external_data/whole_corpus_external_data_exhaustive_pipeline_2026-08-04/classified_observations/repair_generation_001/lanes/classification_lane_001/outcomes.jsonl
EXTPAYLOAD-b5dffc86a60c13c378567cd3,classification_compaction_repair_generation_001_complete,artifacts/local_structured_external_data/whole_corpus_external_data_exhaustive_pipeline_2026-08-04/classified_observations/repair_generation_001/lanes/classification_lane_001/outcomes.jsonl
EXTPAYLOAD-b5e1eb34587ca58bcbc2913e,classification_compaction_repair_generation_001_complete,artifacts/local_structured_external_data/whole_corpus_external_data_exhaustive_pipeline_2026-08-04/classified_observations/repair_generation_001/lanes/classification_lane_001/outcomes.jsonl
EXTPAYLOAD-b5f2445d86e5512cbcf46568,classification_compaction_repair_generation_001_complete,artifacts/local_structured_external_data/whole_corpus_external_data_exhaustive_pipeline_2026-08-04/classified_observations/repair_generation_001/lanes/classification_lane_001/outcomes.jsonl
EXTPAYLOAD-b5f56d6063bbc3886039f3c8,classification_compaction_repair_generation_001_complete,artifacts/local_structured_external_data/whole_corpus_external_data_exhaustive_pipeline_2026-08-04/classified_observations/repair_generation_001/lanes/classification_lane_001/outcomes.jsonl
EXTPAYLOAD-b5f8a2488db296021804a4c5,classification_compaction_repair_generation_001_complete,artifacts/local_structured_external_data/whole_corpus_external_data_exhaustive_pipeline_2026-08-04/classified_observations/repair_generation_001/lanes/classification_lane_001/outcomes.jsonl
EXTPAYLOAD-b60b64aa8c0d55438f971300,classification_compaction_repair_generation_001_complete,artifacts/local_structured_external_data/whole_corpus_external_data_exhaustive_pipeline_2026-08-04/classified_observations/repair_generation_001/lanes/classification_lane_001/outcomes.jsonl
EXTPAYLOAD-b60feb50aa94c2a9b75a2d3b,classification_compaction_repair_generation_001_complete,artifacts/local_structured_external_data/whole_corpus_external_data_exhaustive_pipeline_2026-08-04/classified_observations/repair_generation_001/lanes/classification_lane_001/outcomes.jsonl
EXTPAYLOAD-b61b51b466947a02dd56a227,classification_compaction_repair_generation_001_complete,artifacts/local_structured_external_data/whole_corpus_external_data_exhaustive_pipeline_2026-08-04/classified_observations/repair_generation_001/lanes/classification_lane_001/outcomes.jsonl
EXTPAYLOAD-b6321d2f438e54e12d7738d7,classification_compaction_repair_generation_001_complete,artifacts/local_structured_external_data/whole_corpus_external_data_exhaustive_pipeline_2026-08-04/classified_observations/repair_generation_001/lanes/classification_lane_001/outcomes.jsonl
EXTPAYLOAD-b64da604b0c9d01800f0b26d,classification_compaction_repair_generation_001_complete,artifacts/local_structured_external_data/whole_corpus_external_data_exhaustive_pipeline_2026-08-04/classified_observations/repair_generation_001/lanes/classification_lane_001/outcomes.jsonl
EXTPAYLOAD-b664c2d8ae2f6e30bbf57d56,classification_compaction_repair_generation_001_complete,artifacts/local_structured_external_data/whole_corpus_external_data_exhaustive_pipeline_2026-08-04/classified_observations/repair_generation_001/lanes/classification_lane_001/outcomes.jsonl
EXTPAYLOAD-b668e9afed2ecc40d80b729d,classification_compaction_repair_generation_001_complete,artifacts/local_structured_external_data/whole_corpus_external_data_exhaustive_pipeline_2026-08-04/classified_observations/repair_generation_001/lanes/classification_lane_001/outcomes.jsonl
EXTPAYLOAD-b6df97559c715d33aee7faba,classification_compaction_repair_generation_001_complete,artifacts/local_structured_external_data/whole_corpus_external_data_exhaustive_pipeline_2026-08-04/classified_observations/repair_generation_001/lanes/classification_lane_001/outcomes.jsonl
EXTPAYLOAD-b6e570cc3c8626ca5ed291fd,classification_compaction_repair_generation_001_complete,artifacts/local_structured_external_data/whole_corpus_external_data_exhaustive_pipeline_2026-08-04/classified_observations/repair_generation_001/lanes/classification_lane_001/outcomes.jsonl
EXTPAYLOAD-b6fafa1f884c07a93d09151b,classification_compaction_repair_generation_001_complete,artifacts/local_structured_external_data/whole_corpus_external_data_exhaustive_pipeline_2026-08-04/classified_observations/repair_generation_001/lanes/classification_lane_001/outcomes.jsonl
EXTPAYLOAD-b71b6bc64024814d078f7bc0,classification_compaction_repair_generation_001_complete,artifacts/local_structured_external_data/whole_corpus_external_data_exhaustive_pipeline_2026-08-04/classified_observations/repair_generation_001/lanes/classification_lane_001/outcomes.jsonl
EXTPAYLOAD-b721c6b6b52d5fcd9141aa19,classification_compaction_repair_generation_001_complete,artifacts/local_structured_external_data/whole_corpus_external_data_exhaustive_pipeline_2026-08-04/classified_observations/repair_generation_001/lanes/classification_lane_001/outcomes.jsonl
EXTPAYLOAD-b72551f017e6597353dddcc7,classification_compaction_repair_generation_001_complete,artifacts/local_structured_external_data/whole_corpus_external_data_exhaustive_pipeline_2026-08-04/classified_observations/repair_generation_001/lanes/classification_lane_001/outcomes.jsonl
EXTPAYLOAD-b72ef4431591b50d9310516a,classification_compaction_repair_generation_001_complete,artifacts/local_structured_external_data/whole_corpus_external_data_exhaustive_pipeline_2026-08-04/classified_observations/repair_generation_001/lanes/classification_lane_001/outcomes.jsonl
EXTPAYLOAD-b7306d4d500f7d3a4db240bd,classification_compaction_repair_generation_001_complete,artifacts/local_structured_external_data/whole_corpus_external_data_exhaustive_pipeline_2026-08-04/classified_observations/repair_generation_001/lanes/classification_lane_001/outcomes.jsonl
EXTPAYLOAD-b73db805dd714646e726c058,classification_compaction_repair_generation_001_complete,artifacts/local_structured_external_data/whole_corpus_external_data_exhaustive_pipeline_2026-08-04/classified_observations/repair_generation_001/lanes/classification_lane_001/outcomes.jsonl
EXTPAYLOAD-b76bf2447513786e8e27a3a0,classification_compaction_repair_generation_001_complete,artifacts/local_structured_external_data/whole_corpus_external_data_exhaustive_pipeline_2026-08-04/classified_observations/repair_generation_001/lanes/classification_lane_001/outcomes.jsonl
EXTPAYLOAD-b7733037dc484620ee7c3091,classification_compaction_repair_generation_001_complete,artifacts/local_structured_external_data/whole_corpus_external_data_exhaustive_pipeline_2026-08-04/classified_observations/repair_generation_001/lanes/classification_lane_001/outcomes.jsonl
EXTPAYLOAD-b79596b6e61d9154ebf3cd9f,classification_compaction_repair_generation_001_complete,artifacts/local_structured_external_data/whole_corpus_external_data_exhaustive_pipeline_2026-08-04/classified_observations/repair_generation_001/lanes/classification_lane_001/outcomes.jsonl
EXTPAYLOAD-b79e2f3aa34d891e777f9f1e,classification_compaction_repair_generation_001_complete,artifacts/local_structured_external_data/whole_corpus_external_data_exhaustive_pipeline_2026-08-04/classified_observations/repair_generation_001/lanes/classification_lane_001/outcomes.jsonl
EXTPAYLOAD-b79ff153e4dd3894c24c4c4a,classification_compaction_repair_generation_001_complete,artifacts/local_structured_external_data/whole_corpus_external_data_exhaustive_pipeline_2026-08-04/classified_observations/repair_generation_001/lanes/classification_lane_001/outcomes.jsonl
EXTPAYLOAD-b7ae9177938547d4a364de0b,classification_compaction_repair_generation_001_complete,artifacts/local_structured_external_data/whole_corpus_external_data_exhaustive_pipeline_2026-08-04/classified_observations/repair_generation_001/lanes/classification_lane_001/outcomes.jsonl
EXTPAYLOAD-b7bb3cced5f02c5ca7d962f9,classification_compaction_repair_generation_001_complete,artifacts/local_structured_external_data/whole_corpus_external_data_exhaustive_pipeline_2026-08-04/classified_observations/repair_generation_001/lanes/classification_lane_001/outcomes.jsonl
EXTPAYLOAD-b7c1b7b48bf61b458624747d,classification_compaction_repair_generation_001_complete,artifacts/local_structured_external_data/whole_corpus_external_data_exhaustive_pipeline_2026-08-04/classified_observations/repair_generation_001/lanes/classification_lane_001/outcomes.jsonl
EXTPAYLOAD-b7d4c87794c7a62738f7154a,classification_compaction_repair_generation_001_complete,artifacts/local_structured_external_data/whole_corpus_external_data_exhaustive_pipeline_2026-08-04/classified_observations/repair_generation_001/lanes/classification_lane_001/outcomes.jsonl
EXTPAYLOAD-b7dd29d46fcad97c52506651,classification_compaction_repair_generation_001_complete,artifacts/local_structured_external_data/whole_corpus_external_data_exhaustive_pipeline_2026-08-04/classified_observations/repair_generation_001/lanes/classification_lane_001/outcomes.jsonl
EXTPAYLOAD-b7ecbdf80e121ab6b224f096,classification_compaction_repair_generation_001_complete,artifacts/local_structured_external_data/whole_corpus_external_data_exhaustive_pipeline_2026-08-04/classified_observations/repair_generation_001/lanes/classification_lane_001/outcomes.jsonl
EXTPAYLOAD-b7f224818baab53c89e8f3a2,classification_compaction_repair_generation_001_complete,artifacts/local_structured_external_data/whole_corpus_external_data_exhaustive_pipeline_2026-08-04/classified_observations/repair_generation_001/lanes/classification_lane_001/outcomes.jsonl
EXTPAYLOAD-b7f8f6e722894012fdbebce6,classification_compaction_repair_generation_001_complete,artifacts/local_structured_external_data/whole_corpus_external_data_exhaustive_pipeline_2026-08-04/classified_observations/repair_generation_001/lanes/classification_lane_001/outcomes.jsonl
EXTPAYLOAD-b819b5ba5f723050ea0f3035,classification_compaction_repair_generation_001_complete,artifacts/local_structured_external_data/whole_corpus_external_data_exhaustive_pipeline_2026-08-04/classified_observations/repair_generation_001/lanes/classification_lane_001/outcomes.jsonl
EXTPAYLOAD-b81d6bb2b9cd703c7066fee9,classification_compaction_repair_generation_001_complete,artifacts/local_structured_external_data/whole_corpus_external_data_exhaustive_pipeline_2026-08-04/classified_observations/repair_generation_001/lanes/classification_lane_001/outcomes.jsonl
EXTPAYLOAD-b841729e0c990fc59a3ab68d,classification_compaction_repair_generation_001_complete,artifacts/local_structured_external_data/whole_corpus_external_data_exhaustive_pipeline_2026-08-04/classified_observations/repair_generation_001/lanes/classification_lane_001/outcomes.jsonl
EXTPAYLOAD-b8545cc8b058f3cdd11b21ae,classification_compaction_repair_generation_001_complete,artifacts/local_structured_external_data/whole_corpus_external_data_exhaustive_pipeline_2026-08-04/classified_observations/repair_generation_001/lanes/classification_lane_001/outcomes.jsonl
EXTPAYLOAD-b865231d54d0aedfb375d84d,classification_compaction_repair_generation_001_complete,artifacts/local_structured_external_data/whole_corpus_external_data_exhaustive_pipeline_2026-08-04/classified_observations/repair_generation_001/lanes/classification_lane_001/outcomes.jsonl
EXTPAYLOAD-b872f29e1c76927dd9eaf237,classification_compaction_repair_generation_001_complete,artifacts/local_structured_external_data/whole_corpus_external_data_exhaustive_pipeline_2026-08-04/classified_observations/repair_generation_001/lanes/classification_lane_001/outcomes.jsonl
EXTPAYLOAD-b87e7772faeb9cc9c19abbda,classification_compaction_repair_generation_001_complete,artifacts/local_structured_external_data/whole_corpus_external_data_exhaustive_pipeline_2026-08-04/classified_observations/repair_generation_001/lanes/classification_lane_001/outcomes.jsonl
EXTPAYLOAD-b88b3207893b791cc592be37,classification_compaction_repair_generation_001_complete,artifacts/local_structured_external_data/whole_corpus_external_data_exhaustive_pipeline_2026-08-04/classified_observations/repair_generation_001/lanes/classification_lane_001/outcomes.jsonl
EXTPAYLOAD-b896aa2a5b78de65c93d4d7b,classification_compaction_repair_generation_001_complete,artifacts/local_structured_external_data/whole_corpus_external_data_exhaustive_pipeline_2026-08-04/classified_observations/repair_generation_001/lanes/classification_lane_001/outcomes.jsonl
EXTPAYLOAD-b8afe6b902b7e22d881f355c,classification_compaction_repair_generation_001_complete,artifacts/local_structured_external_data/whole_corpus_external_data_exhaustive_pipeline_2026-08-04/classified_observations/repair_generation_001/lanes/classification_lane_001/outcomes.jsonl
EXTPAYLOAD-b8b6d743c5b40e12c37f2d5c,classification_compaction_repair_generation_001_complete,artifacts/local_structured_external_data/whole_corpus_external_data_exhaustive_pipeline_2026-08-04/classified_observations/repair_generation_001/lanes/classification_lane_001/outcomes.jsonl
EXTPAYLOAD-b8bf095d520b6e6c1ab40ed5,classification_compaction_repair_generation_001_complete,artifacts/local_structured_external_data/whole_corpus_external_data_exhaustive_pipeline_2026-08-04/classified_observations/repair_generation_001/lanes/classification_lane_001/outcomes.jsonl
EXTPAYLOAD-b8cee114775b9703adf96dff,classification_compaction_repair_generation_001_complete,artifacts/local_structured_external_data/whole_corpus_external_data_exhaustive_pipeline_2026-08-04/classified_observations/repair_generation_001/lanes/classification_lane_001/outcomes.jsonl
EXTPAYLOAD-b8d693bc1b392bce6af3f3ba,classification_compaction_repair_generation_001_complete,artifacts/local_structured_external_data/whole_corpus_external_data_exhaustive_pipeline_2026-08-04/classified_observations/repair_generation_001/lanes/classification_lane_001/outcomes.jsonl
EXTPAYLOAD-b8e8542dd69263898b59b9af,classification_compaction_repair_generation_001_complete,artifacts/local_structured_external_data/whole_corpus_external_data_exhaustive_pipeline_2026-08-04/classified_observations/repair_generation_001/lanes/classification_lane_001/outcomes.jsonl
EXTPAYLOAD-b909bbca7e7ac754a49b814b,classification_compaction_repair_generation_001_complete,artifacts/local_structured_external_data/whole_corpus_external_data_exhaustive_pipeline_2026-08-04/classified_observations/repair_generation_001/lanes/classification_lane_001/outcomes.jsonl
EXTPAYLOAD-b92cd81ef178e62e156c4d9b,classification_compaction_repair_generation_001_complete,artifacts/local_structured_external_data/whole_corpus_external_data_exhaustive_pipeline_2026-08-04/classified_observations/repair_generation_001/lanes/classification_lane_001/outcomes.jsonl
EXTPAYLOAD-b96dce8e3e8cf80821f33664,classification_compaction_repair_generation_001_complete,artifacts/local_structured_external_data/whole_corpus_external_data_exhaustive_pipeline_2026-08-04/classified_observations/repair_generation_001/lanes/classification_lane_001/outcomes.jsonl
EXTPAYLOAD-b9a83709f1748e7f3fa21425,classification_compaction_repair_generation_001_complete,artifacts/local_structured_external_data/whole_corpus_external_data_exhaustive_pipeline_2026-08-04/classified_observations/repair_generation_001/lanes/classification_lane_001/outcomes.jsonl
EXTPAYLOAD-b9bb6496c6004340fafffa5e,classification_compaction_repair_generation_001_complete,artifacts/local_structured_external_data/whole_corpus_external_data_exhaustive_pipeline_2026-08-04/classified_observations/repair_generation_001/lanes/classification_lane_001/outcomes.jsonl
EXTPAYLOAD-b9c9132f3d238b4afa4bfafb,classification_compaction_repair_generation_001_complete,artifacts/local_structured_external_data/whole_corpus_external_data_exhaustive_pipeline_2026-08-04/classified_observations/repair_generation_001/lanes/classification_lane_001/outcomes.jsonl
EXTPAYLOAD-b9d1060cfd277187fc3f60e9,classification_compaction_repair_generation_001_complete,artifacts/local_structured_external_data/whole_corpus_external_data_exhaustive_pipeline_2026-08-04/classified_observations/repair_generation_001/lanes/classification_lane_001/outcomes.jsonl
EXTPAYLOAD-b9d88014164f031155d87090,classification_compaction_repair_generation_001_complete,artifacts/local_structured_external_data/whole_corpus_external_data_exhaustive_pipeline_2026-08-04/classified_observations/repair_generation_001/lanes/classification_lane_001/outcomes.jsonl
EXTPAYLOAD-b9e5dd6e22d9d440b8485336,classification_compaction_repair_generation_001_complete,artifacts/local_structured_external_data/whole_corpus_external_data_exhaustive_pipeline_2026-08-04/classified_observations/repair_generation_001/lanes/classification_lane_001/outcomes.jsonl
EXTPAYLOAD-ba30226799fa35e706b80e16,classification_compaction_repair_generation_001_complete,artifacts/local_structured_external_data/whole_corpus_external_data_exhaustive_pipeline_2026-08-04/classified_observations/repair_generation_001/lanes/classification_lane_001/outcomes.jsonl
EXTPAYLOAD-ba52aeabf66aa9c98ac6dc4d,classification_compaction_repair_generation_001_complete,artifacts/local_structured_external_data/whole_corpus_external_data_exhaustive_pipeline_2026-08-04/classified_observations/repair_generation_001/lanes/classification_lane_001/outcomes.jsonl
EXTPAYLOAD-ba78a1272e43d763e3e859e3,classification_compaction_repair_generation_001_complete,artifacts/local_structured_external_data/whole_corpus_external_data_exhaustive_pipeline_2026-08-04/classified_observations/repair_generation_001/lanes/classification_lane_001/outcomes.jsonl
EXTPAYLOAD-baa7830df703a67738c7f158,classification_compaction_repair_generation_001_complete,artifacts/local_structured_external_data/whole_corpus_external_data_exhaustive_pipeline_2026-08-04/classified_observations/repair_generation_001/lanes/classification_lane_001/outcomes.jsonl
EXTPAYLOAD-bab3c2221e54338c0f756582,classification_compaction_repair_generation_001_complete,artifacts/local_structured_external_data/whole_corpus_external_data_exhaustive_pipeline_2026-08-04/classified_observations/repair_generation_001/lanes/classification_lane_001/outcomes.jsonl
EXTPAYLOAD-bab86081bdde325e092077d3,classification_compaction_repair_generation_001_complete,artifacts/local_structured_external_data/whole_corpus_external_data_exhaustive_pipeline_2026-08-04/classified_observations/repair_generation_001/lanes/classification_lane_001/outcomes.jsonl
EXTPAYLOAD-bacb49979cc226bd68770ca5,classification_compaction_repair_generation_001_complete,artifacts/local_structured_external_data/whole_corpus_external_data_exhaustive_pipeline_2026-08-04/classified_observations/repair_generation_001/lanes/classification_lane_001/outcomes.jsonl
EXTPAYLOAD-bad8b701eb9d04401ab56119,classification_compaction_repair_generation_001_complete,artifacts/local_structured_external_data/whole_corpus_external_data_exhaustive_pipeline_2026-08-04/classified_observations/repair_generation_001/lanes/classification_lane_001/outcomes.jsonl
EXTPAYLOAD-bae826f0484f7898c663dcaf,classification_compaction_repair_generation_001_complete,artifacts/local_structured_external_data/whole_corpus_external_data_exhaustive_pipeline_2026-08-04/classified_observations/repair_generation_001/lanes/classification_lane_001/outcomes.jsonl
EXTPAYLOAD-bb0e8a5f397a67fc3dc8f8be,classification_compaction_repair_generation_001_complete,artifacts/local_structured_external_data/whole_corpus_external_data_exhaustive_pipeline_2026-08-04/classified_observations/repair_generation_001/lanes/classification_lane_001/outcomes.jsonl
EXTPAYLOAD-bb2e6fa812c917767763b145,classification_compaction_repair_generation_001_complete,artifacts/local_structured_external_data/whole_corpus_external_data_exhaustive_pipeline_2026-08-04/classified_observations/repair_generation_001/lanes/classification_lane_001/outcomes.jsonl
EXTPAYLOAD-bb2eac1cc2af50a8007b5e9f,classification_compaction_repair_generation_001_complete,artifacts/local_structured_external_data/whole_corpus_external_data_exhaustive_pipeline_2026-08-04/classified_observations/repair_generation_001/lanes/classification_lane_001/outcomes.jsonl
EXTPAYLOAD-bb48957121de0ffb6af1bade,classification_compaction_repair_generation_001_complete,artifacts/local_structured_external_data/whole_corpus_external_data_exhaustive_pipeline_2026-08-04/classified_observations/repair_generation_001/lanes/classification_lane_001/outcomes.jsonl
EXTPAYLOAD-bb4d830a7bb3f2cb8bc30a2f,classification_compaction_repair_generation_001_complete,artifacts/local_structured_external_data/whole_corpus_external_data_exhaustive_pipeline_2026-08-04/classified_observations/repair_generation_001/lanes/classification_lane_001/outcomes.jsonl
EXTPAYLOAD-bb7c1beaf17200a3f26722cc,classification_compaction_repair_generation_001_complete,artifacts/local_structured_external_data/whole_corpus_external_data_exhaustive_pipeline_2026-08-04/classified_observations/repair_generation_001/lanes/classification_lane_001/outcomes.jsonl
EXTPAYLOAD-bb8b2933d9609c00705e5e9c,classification_compaction_repair_generation_001_complete,artifacts/local_structured_external_data/whole_corpus_external_data_exhaustive_pipeline_2026-08-04/classified_observations/repair_generation_001/lanes/classification_lane_001/outcomes.jsonl
EXTPAYLOAD-bba40c994957edbbffbba0ae,classification_compaction_repair_generation_001_complete,artifacts/local_structured_external_data/whole_corpus_external_data_exhaustive_pipeline_2026-08-04/classified_observations/repair_generation_001/lanes/classification_lane_001/outcomes.jsonl
EXTPAYLOAD-bbada47a7d39df8c6f93cdb4,classification_compaction_repair_generation_001_complete,artifacts/local_structured_external_data/whole_corpus_external_data_exhaustive_pipeline_2026-08-04/classified_observations/repair_generation_001/lanes/classification_lane_001/outcomes.jsonl
EXTPAYLOAD-bbb48765b9952abdc2ec1b8e,classification_compaction_repair_generation_001_complete,artifacts/local_structured_external_data/whole_corpus_external_data_exhaustive_pipeline_2026-08-04/classified_observations/repair_generation_001/lanes/classification_lane_001/outcomes.jsonl
EXTPAYLOAD-bbe3f78e094748bfa5136ff9,classification_compaction_repair_generation_001_complete,artifacts/local_structured_external_data/whole_corpus_external_data_exhaustive_pipeline_2026-08-04/classified_observations/repair_generation_001/lanes/classification_lane_001/outcomes.jsonl
EXTPAYLOAD-bbe61664f09cfc8b79afc764,classification_compaction_repair_generation_001_complete,artifacts/local_structured_external_data/whole_corpus_external_data_exhaustive_pipeline_2026-08-04/classified_observations/repair_generation_001/lanes/classification_lane_001/outcomes.jsonl
EXTPAYLOAD-bbecd44722d8801987832893,classification_compaction_repair_generation_001_complete,artifacts/local_structured_external_data/whole_corpus_external_data_exhaustive_pipeline_2026-08-04/classified_observations/repair_generation_001/lanes/classification_lane_001/outcomes.jsonl
EXTPAYLOAD-bc010d47dbd278b6829ba702,classification_compaction_repair_generation_001_complete,artifacts/local_structured_external_data/whole_corpus_external_data_exhaustive_pipeline_2026-08-04/classified_observations/repair_generation_001/lanes/classification_lane_001/outcomes.jsonl
EXTPAYLOAD-bc048433ffa2c58997f1f603,classification_compaction_repair_generation_001_complete,artifacts/local_structured_external_data/whole_corpus_external_data_exhaustive_pipeline_2026-08-04/classified_observations/repair_generation_001/lanes/classification_lane_001/outcomes.jsonl
EXTPAYLOAD-bc13b592bde5ce1bcd7b4030,classification_compaction_repair_generation_001_complete,artifacts/local_structured_external_data/whole_corpus_external_data_exhaustive_pipeline_2026-08-04/classified_observations/repair_generation_001/lanes/classification_lane_001/outcomes.jsonl
EXTPAYLOAD-bc2630c548f98eecf970875a,classification_compaction_repair_generation_001_complete,artifacts/local_structured_external_data/whole_corpus_external_data_exhaustive_pipeline_2026-08-04/classified_observations/repair_generation_001/lanes/classification_lane_001/outcomes.jsonl
EXTPAYLOAD-bc3da3ab27ac7978445dcbbb,classification_compaction_repair_generation_001_complete,artifacts/local_structured_external_data/whole_corpus_external_data_exhaustive_pipeline_2026-08-04/classified_observations/repair_generation_001/lanes/classification_lane_001/outcomes.jsonl
EXTPAYLOAD-bc46f837a8b567ec4d1c6f93,classification_compaction_repair_generation_001_complete,artifacts/local_structured_external_data/whole_corpus_external_data_exhaustive_pipeline_2026-08-04/classified_observations/repair_generation_001/lanes/classification_lane_001/outcomes.jsonl
EXTPAYLOAD-bc9647200c2b1faa34ee9f22,classification_compaction_repair_generation_001_complete,artifacts/local_structured_external_data/whole_corpus_external_data_exhaustive_pipeline_2026-08-04/classified_observations/repair_generation_001/lanes/classification_lane_001/outcomes.jsonl
EXTPAYLOAD-bc9ea178c26a0d6d21ef43aa,classification_compaction_repair_generation_001_complete,artifacts/local_structured_external_data/whole_corpus_external_data_exhaustive_pipeline_2026-08-04/classified_observations/repair_generation_001/lanes/classification_lane_001/outcomes.jsonl
EXTPAYLOAD-bca0a99b4a24aebad5f448a2,classification_compaction_repair_generation_001_complete,artifacts/local_structured_external_data/whole_corpus_external_data_exhaustive_pipeline_2026-08-04/classified_observations/repair_generation_001/lanes/classification_lane_001/outcomes.jsonl
EXTPAYLOAD-bca57ce7571a55d0ebd0716a,classification_compaction_repair_generation_001_complete,artifacts/local_structured_external_data/whole_corpus_external_data_exhaustive_pipeline_2026-08-04/classified_observations/repair_generation_001/lanes/classification_lane_001/outcomes.jsonl
EXTPAYLOAD-bcb847712f64835bc5b4bf16,classification_compaction_repair_generation_001_complete,artifacts/local_structured_external_data/whole_corpus_external_data_exhaustive_pipeline_2026-08-04/classified_observations/repair_generation_001/lanes/classification_lane_001/outcomes.jsonl
EXTPAYLOAD-bcd947f7ccb70fc7d6f59cb1,classification_compaction_repair_generation_001_complete,artifacts/local_structured_external_data/whole_corpus_external_data_exhaustive_pipeline_2026-08-04/classified_observations/repair_generation_001/lanes/classification_lane_001/outcomes.jsonl
EXTPAYLOAD-bcecc56e6efb46933a999911,classification_compaction_repair_generation_001_complete,artifacts/local_structured_external_data/whole_corpus_external_data_exhaustive_pipeline_2026-08-04/classified_observations/repair_generation_001/lanes/classification_lane_001/outcomes.jsonl
EXTPAYLOAD-bd123f6757df9b2555fbbf02,classification_compaction_repair_generation_001_complete,artifacts/local_structured_external_data/whole_corpus_external_data_exhaustive_pipeline_2026-08-04/classified_observations/repair_generation_001/lanes/classification_lane_001/outcomes.jsonl
EXTPAYLOAD-bd28742dbe84819b07f85d4f,classification_compaction_repair_generation_001_complete,artifacts/local_structured_external_data/whole_corpus_external_data_exhaustive_pipeline_2026-08-04/classified_observations/repair_generation_001/lanes/classification_lane_001/outcomes.jsonl
EXTPAYLOAD-bd2a5d9d185752f52785e643,classification_compaction_repair_generation_001_complete,artifacts/local_structured_external_data/whole_corpus_external_data_exhaustive_pipeline_2026-08-04/classified_observations/repair_generation_001/lanes/classification_lane_001/outcomes.jsonl
EXTPAYLOAD-bd5cf940b80137759bc59bd9,classification_compaction_repair_generation_001_complete,artifacts/local_structured_external_data/whole_corpus_external_data_exhaustive_pipeline_2026-08-04/classified_observations/repair_generation_001/lanes/classification_lane_001/outcomes.jsonl
EXTPAYLOAD-bd878beeae0e823b78c618c8,classification_compaction_repair_generation_001_complete,artifacts/local_structured_external_data/whole_corpus_external_data_exhaustive_pipeline_2026-08-04/classified_observations/repair_generation_001/lanes/classification_lane_001/outcomes.jsonl
EXTPAYLOAD-bda46a3c2708c7e01e62a6da,classification_compaction_repair_generation_001_complete,artifacts/local_structured_external_data/whole_corpus_external_data_exhaustive_pipeline_2026-08-04/classified_observations/repair_generation_001/lanes/classification_lane_001/outcomes.jsonl
EXTPAYLOAD-bddc1717b5a139099257d0ba,classification_compaction_repair_generation_001_complete,artifacts/local_structured_external_data/whole_corpus_external_data_exhaustive_pipeline_2026-08-04/classified_observations/repair_generation_001/lanes/classification_lane_001/outcomes.jsonl
EXTPAYLOAD-be179d1c988882a70bed34fa,classification_compaction_repair_generation_001_complete,artifacts/local_structured_external_data/whole_corpus_external_data_exhaustive_pipeline_2026-08-04/classified_observations/repair_generation_001/lanes/classification_lane_001/outcomes.jsonl
EXTPAYLOAD-be1d8bee53af024fed7053fa,classification_compaction_repair_generation_001_complete,artifacts/local_structured_external_data/whole_corpus_external_data_exhaustive_pipeline_2026-08-04/classified_observations/repair_generation_001/lanes/classification_lane_001/outcomes.jsonl
EXTPAYLOAD-be29b18099287a95a8cd68ad,classification_compaction_repair_generation_001_complete,artifacts/local_structured_external_data/whole_corpus_external_data_exhaustive_pipeline_2026-08-04/classified_observations/repair_generation_001/lanes/classification_lane_001/outcomes.jsonl
EXTPAYLOAD-be4c0bff277c2ef787024da7,classification_compaction_repair_generation_001_complete,artifacts/local_structured_external_data/whole_corpus_external_data_exhaustive_pipeline_2026-08-04/classified_observations/repair_generation_001/lanes/classification_lane_001/outcomes.jsonl
EXTPAYLOAD-be5cd898b216a12824010537,classification_compaction_repair_generation_001_complete,artifacts/local_structured_external_data/whole_corpus_external_data_exhaustive_pipeline_2026-08-04/classified_observations/repair_generation_001/lanes/classification_lane_001/outcomes.jsonl
EXTPAYLOAD-be6521da02b73ad3d568ec1f,classification_compaction_repair_generation_001_complete,artifacts/local_structured_external_data/whole_corpus_external_data_exhaustive_pipeline_2026-08-04/classified_observations/repair_generation_001/lanes/classification_lane_001/outcomes.jsonl
EXTPAYLOAD-be7e147ea2f42f2ae4fb084a,classification_compaction_repair_generation_001_complete,artifacts/local_structured_external_data/whole_corpus_external_data_exhaustive_pipeline_2026-08-04/classified_observations/repair_generation_001/lanes/classification_lane_001/outcomes.jsonl
EXTPAYLOAD-bea9a0f27e7302a95b9dba75,classification_compaction_repair_generation_001_complete,artifacts/local_structured_external_data/whole_corpus_external_data_exhaustive_pipeline_2026-08-04/classified_observations/repair_generation_001/lanes/classification_lane_001/outcomes.jsonl
EXTPAYLOAD-becfa8239812de2db0e8a131,classification_compaction_repair_generation_001_complete,artifacts/local_structured_external_data/whole_corpus_external_data_exhaustive_pipeline_2026-08-04/classified_observations/repair_generation_001/lanes/classification_lane_001/outcomes.jsonl
EXTPAYLOAD-beda2cb290e3fe67cfa0227c,classification_compaction_repair_generation_001_complete,artifacts/local_structured_external_data/whole_corpus_external_data_exhaustive_pipeline_2026-08-04/classified_observations/repair_generation_001/lanes/classification_lane_001/outcomes.jsonl
EXTPAYLOAD-bf3eb06a72a70deaa39762eb,classification_compaction_repair_generation_001_complete,artifacts/local_structured_external_data/whole_corpus_external_data_exhaustive_pipeline_2026-08-04/classified_observations/repair_generation_001/lanes/classification_lane_001/outcomes.jsonl
EXTPAYLOAD-bf48d0c12abf977d00692f4f,classification_compaction_repair_generation_001_complete,artifacts/local_structured_external_data/whole_corpus_external_data_exhaustive_pipeline_2026-08-04/classified_observations/repair_generation_001/lanes/classification_lane_001/outcomes.jsonl
EXTPAYLOAD-bf526f9b86c06c022adb7483,classification_compaction_repair_generation_001_complete,artifacts/local_structured_external_data/whole_corpus_external_data_exhaustive_pipeline_2026-08-04/classified_observations/repair_generation_001/lanes/classification_lane_001/outcomes.jsonl
EXTPAYLOAD-bf77191aed181181d1d88606,classification_compaction_repair_generation_001_complete,artifacts/local_structured_external_data/whole_corpus_external_data_exhaustive_pipeline_2026-08-04/classified_observations/repair_generation_001/lanes/classification_lane_001/outcomes.jsonl
EXTPAYLOAD-bf7e18ad033a5996ace3227e,classification_compaction_repair_generation_001_complete,artifacts/local_structured_external_data/whole_corpus_external_data_exhaustive_pipeline_2026-08-04/classified_observations/repair_generation_001/lanes/classification_lane_001/outcomes.jsonl
EXTPAYLOAD-bf83543c5ccaa7d1c6a6a413,classification_compaction_repair_generation_001_complete,artifacts/local_structured_external_data/whole_corpus_external_data_exhaustive_pipeline_2026-08-04/classified_observations/repair_generation_001/lanes/classification_lane_001/outcomes.jsonl
EXTPAYLOAD-bf838c0b8a5037d8fa44eade,classification_compaction_repair_generation_001_complete,artifacts/local_structured_external_data/whole_corpus_external_data_exhaustive_pipeline_2026-08-04/classified_observations/repair_generation_001/lanes/classification_lane_001/outcomes.jsonl
EXTPAYLOAD-bfa0266c743b91c31356dfb3,classification_compaction_repair_generation_001_complete,artifacts/local_structured_external_data/whole_corpus_external_data_exhaustive_pipeline_2026-08-04/classified_observations/repair_generation_001/lanes/classification_lane_001/outcomes.jsonl
EXTPAYLOAD-bfa4352508bb899ff51e234c,classification_compaction_repair_generation_001_complete,artifacts/local_structured_external_data/whole_corpus_external_data_exhaustive_pipeline_2026-08-04/classified_observations/repair_generation_001/lanes/classification_lane_001/outcomes.jsonl
EXTPAYLOAD-bfa7d9913f61172cf407c03c,classification_compaction_repair_generation_001_complete,artifacts/local_structured_external_data/whole_corpus_external_data_exhaustive_pipeline_2026-08-04/classified_observations/repair_generation_001/lanes/classification_lane_001/outcomes.jsonl
EXTPAYLOAD-bfd605d7516162f0947b3777,classification_compaction_repair_generation_001_complete,artifacts/local_structured_external_data/whole_corpus_external_data_exhaustive_pipeline_2026-08-04/classified_observations/repair_generation_001/lanes/classification_lane_001/outcomes.jsonl
EXTPAYLOAD-bfe2319dd43399ca2678efe9,classification_compaction_repair_generation_001_complete,artifacts/local_structured_external_data/whole_corpus_external_data_exhaustive_pipeline_2026-08-04/classified_observations/repair_generation_001/lanes/classification_lane_001/outcomes.jsonl
EXTPAYLOAD-bfedcfea2daf4cc7dcce2cf8,classification_compaction_repair_generation_001_complete,artifacts/local_structured_external_data/whole_corpus_external_data_exhaustive_pipeline_2026-08-04/classified_observations/repair_generation_001/lanes/classification_lane_001/outcomes.jsonl
EXTPAYLOAD-bfffa26621bf3844d2b93b82,classification_compaction_repair_generation_001_complete,artifacts/local_structured_external_data/whole_corpus_external_data_exhaustive_pipeline_2026-08-04/classified_observations/repair_generation_001/lanes/classification_lane_001/outcomes.jsonl
EXTPAYLOAD-c0122bb9a8eef1410b59ac66,classification_compaction_repair_generation_001_complete,artifacts/local_structured_external_data/whole_corpus_external_data_exhaustive_pipeline_2026-08-04/classified_observations/repair_generation_001/lanes/classification_lane_001/outcomes.jsonl
EXTPAYLOAD-c018852cb3f16b91b397e0ac,classification_compaction_repair_generation_001_complete,artifacts/local_structured_external_data/whole_corpus_external_data_exhaustive_pipeline_2026-08-04/classified_observations/repair_generation_001/lanes/classification_lane_001/outcomes.jsonl
EXTPAYLOAD-c01e360eae2474c2772fa2c7,classification_compaction_repair_generation_001_complete,artifacts/local_structured_external_data/whole_corpus_external_data_exhaustive_pipeline_2026-08-04/classified_observations/repair_generation_001/lanes/classification_lane_001/outcomes.jsonl
EXTPAYLOAD-c03ac0a6b47cc86c74f51f98,classification_compaction_repair_generation_001_complete,artifacts/local_structured_external_data/whole_corpus_external_data_exhaustive_pipeline_2026-08-04/classified_observations/repair_generation_001/lanes/classification_lane_001/outcomes.jsonl
EXTPAYLOAD-c03e4e4b1d730e82aafe37f3,classification_compaction_repair_generation_001_complete,artifacts/local_structured_external_data/whole_corpus_external_data_exhaustive_pipeline_2026-08-04/classified_observations/repair_generation_001/lanes/classification_lane_001/outcomes.jsonl
EXTPAYLOAD-c0501932d71c63f4462d849f,classification_compaction_repair_generation_001_complete,artifacts/local_structured_external_data/whole_corpus_external_data_exhaustive_pipeline_2026-08-04/classified_observations/repair_generation_001/lanes/classification_lane_001/outcomes.jsonl
EXTPAYLOAD-c073e2c722fbbab1134bcfda,classification_compaction_repair_generation_001_complete,artifacts/local_structured_external_data/whole_corpus_external_data_exhaustive_pipeline_2026-08-04/classified_observations/repair_generation_001/lanes/classification_lane_001/outcomes.jsonl
EXTPAYLOAD-c0b02d8ac03c301a33d41cbc,classification_compaction_repair_generation_001_complete,artifacts/local_structured_external_data/whole_corpus_external_data_exhaustive_pipeline_2026-08-04/classified_observations/repair_generation_001/lanes/classification_lane_001/outcomes.jsonl
EXTPAYLOAD-c0dc47f4fbbc4effd1fcc4c4,classification_compaction_repair_generation_001_complete,artifacts/local_structured_external_data/whole_corpus_external_data_exhaustive_pipeline_2026-08-04/classified_observations/repair_generation_001/lanes/classification_lane_001/outcomes.jsonl
EXTPAYLOAD-c0f4537beb52c6129343954e,classification_compaction_repair_generation_001_complete,artifacts/local_structured_external_data/whole_corpus_external_data_exhaustive_pipeline_2026-08-04/classified_observations/repair_generation_001/lanes/classification_lane_001/outcomes.jsonl
EXTPAYLOAD-c107a5ebe9d0d14df97ba876,classification_compaction_repair_generation_001_complete,artifacts/local_structured_external_data/whole_corpus_external_data_exhaustive_pipeline_2026-08-04/classified_observations/repair_generation_001/lanes/classification_lane_001/outcomes.jsonl
EXTPAYLOAD-c135b7b6a710c769b22392af,classification_compaction_repair_generation_001_complete,artifacts/local_structured_external_data/whole_corpus_external_data_exhaustive_pipeline_2026-08-04/classified_observations/repair_generation_001/lanes/classification_lane_001/outcomes.jsonl
EXTPAYLOAD-c13d2085cb3aac8f4eb9091b,classification_compaction_repair_generation_001_complete,artifacts/local_structured_external_data/whole_corpus_external_data_exhaustive_pipeline_2026-08-04/classified_observations/repair_generation_001/lanes/classification_lane_001/outcomes.jsonl
EXTPAYLOAD-c146f1146b641ad55b0631aa,classification_compaction_repair_generation_001_complete,artifacts/local_structured_external_data/whole_corpus_external_data_exhaustive_pipeline_2026-08-04/classified_observations/repair_generation_001/lanes/classification_lane_001/outcomes.jsonl
EXTPAYLOAD-c1668d5656f4f452b8a06c53,classification_compaction_repair_generation_001_complete,artifacts/local_structured_external_data/whole_corpus_external_data_exhaustive_pipeline_2026-08-04/classified_observations/repair_generation_001/lanes/classification_lane_001/outcomes.jsonl
EXTPAYLOAD-c16cf04b0833d9c8701afe55,classification_compaction_repair_generation_001_complete,artifacts/local_structured_external_data/whole_corpus_external_data_exhaustive_pipeline_2026-08-04/classified_observations/repair_generation_001/lanes/classification_lane_001/outcomes.jsonl
EXTPAYLOAD-c174971860c69dd10dd2f58a,classification_compaction_repair_generation_001_complete,artifacts/local_structured_external_data/whole_corpus_external_data_exhaustive_pipeline_2026-08-04/classified_observations/repair_generation_001/lanes/classification_lane_001/outcomes.jsonl
EXTPAYLOAD-c184956172a5d3cac1d9140a,classification_compaction_repair_generation_001_complete,artifacts/local_structured_external_data/whole_corpus_external_data_exhaustive_pipeline_2026-08-04/classified_observations/repair_generation_001/lanes/classification_lane_001/outcomes.jsonl
EXTPAYLOAD-c1b9fbf6df876c93391d05d2,classification_compaction_repair_generation_001_complete,artifacts/local_structured_external_data/whole_corpus_external_data_exhaustive_pipeline_2026-08-04/classified_observations/repair_generation_001/lanes/classification_lane_001/outcomes.jsonl
EXTPAYLOAD-c1d51f297f7bdccb20217df0,classification_compaction_repair_generation_001_complete,artifacts/local_structured_external_data/whole_corpus_external_data_exhaustive_pipeline_2026-08-04/classified_observations/repair_generation_001/lanes/classification_lane_001/outcomes.jsonl
EXTPAYLOAD-c207bdb472dd04cfb151b9a6,classification_compaction_repair_generation_001_complete,artifacts/local_structured_external_data/whole_corpus_external_data_exhaustive_pipeline_2026-08-04/classified_observations/repair_generation_001/lanes/classification_lane_001/outcomes.jsonl
EXTPAYLOAD-c22fe5b7ea580ed7a5141a8f,classification_compaction_repair_generation_001_complete,artifacts/local_structured_external_data/whole_corpus_external_data_exhaustive_pipeline_2026-08-04/classified_observations/repair_generation_001/lanes/classification_lane_001/outcomes.jsonl
EXTPAYLOAD-c24417317edca2869b81b87e,classification_compaction_repair_generation_001_complete,artifacts/local_structured_external_data/whole_corpus_external_data_exhaustive_pipeline_2026-08-04/classified_observations/repair_generation_001/lanes/classification_lane_001/outcomes.jsonl
EXTPAYLOAD-c252c0f9f7e3a97acd52b6f1,classification_compaction_repair_generation_001_complete,artifacts/local_structured_external_data/whole_corpus_external_data_exhaustive_pipeline_2026-08-04/classified_observations/repair_generation_001/lanes/classification_lane_001/outcomes.jsonl
EXTPAYLOAD-c29c47daa0d36a3519c3454b,classification_compaction_repair_generation_001_complete,artifacts/local_structured_external_data/whole_corpus_external_data_exhaustive_pipeline_2026-08-04/classified_observations/repair_generation_001/lanes/classification_lane_001/outcomes.jsonl
EXTPAYLOAD-c2afa76dd07bdd6c785991fa,classification_compaction_repair_generation_001_complete,artifacts/local_structured_external_data/whole_corpus_external_data_exhaustive_pipeline_2026-08-04/classified_observations/repair_generation_001/lanes/classification_lane_001/outcomes.jsonl
EXTPAYLOAD-c2c376cc61c9ebd9965b2787,classification_compaction_repair_generation_001_complete,artifacts/local_structured_external_data/whole_corpus_external_data_exhaustive_pipeline_2026-08-04/classified_observations/repair_generation_001/lanes/classification_lane_001/outcomes.jsonl
EXTPAYLOAD-c2d5323ddc80d108067d19d0,classification_compaction_repair_generation_001_complete,artifacts/local_structured_external_data/whole_corpus_external_data_exhaustive_pipeline_2026-08-04/classified_observations/repair_generation_001/lanes/classification_lane_001/outcomes.jsonl
EXTPAYLOAD-c2dc25102f6f85500b4035cb,classification_compaction_repair_generation_001_complete,artifacts/local_structured_external_data/whole_corpus_external_data_exhaustive_pipeline_2026-08-04/classified_observations/repair_generation_001/lanes/classification_lane_001/outcomes.jsonl
EXTPAYLOAD-c2e03e732f7b0c12f315e445,classification_compaction_repair_generation_001_complete,artifacts/local_structured_external_data/whole_corpus_external_data_exhaustive_pipeline_2026-08-04/classified_observations/repair_generation_001/lanes/classification_lane_001/outcomes.jsonl
EXTPAYLOAD-c2e1b97e967c43e8310ce4ba,classification_compaction_repair_generation_001_complete,artifacts/local_structured_external_data/whole_corpus_external_data_exhaustive_pipeline_2026-08-04/classified_observations/repair_generation_001/lanes/classification_lane_001/outcomes.jsonl
EXTPAYLOAD-c2e847c48f02356548acd5bf,classification_compaction_repair_generation_001_complete,artifacts/local_structured_external_data/whole_corpus_external_data_exhaustive_pipeline_2026-08-04/classified_observations/repair_generation_001/lanes/classification_lane_001/outcomes.jsonl
EXTPAYLOAD-c2f320d9f8067a99068de35b,classification_compaction_repair_generation_001_complete,artifacts/local_structured_external_data/whole_corpus_external_data_exhaustive_pipeline_2026-08-04/classified_observations/repair_generation_001/lanes/classification_lane_001/outcomes.jsonl
EXTPAYLOAD-c2f68952fe58a7b2726cb085,classification_compaction_repair_generation_001_complete,artifacts/local_structured_external_data/whole_corpus_external_data_exhaustive_pipeline_2026-08-04/classified_observations/repair_generation_001/lanes/classification_lane_001/outcomes.jsonl
EXTPAYLOAD-c3384213a3b202830e35e0a8,classification_compaction_repair_generation_001_complete,artifacts/local_structured_external_data/whole_corpus_external_data_exhaustive_pipeline_2026-08-04/classified_observations/repair_generation_001/lanes/classification_lane_001/outcomes.jsonl
EXTPAYLOAD-c34853dfd7c5129b586cc198,classification_compaction_repair_generation_001_complete,artifacts/local_structured_external_data/whole_corpus_external_data_exhaustive_pipeline_2026-08-04/classified_observations/repair_generation_001/lanes/classification_lane_001/outcomes.jsonl
EXTPAYLOAD-c35c796af2e0c7ca2e00a535,classification_compaction_repair_generation_001_complete,artifacts/local_structured_external_data/whole_corpus_external_data_exhaustive_pipeline_2026-08-04/classified_observations/repair_generation_001/lanes/classification_lane_001/outcomes.jsonl
EXTPAYLOAD-c35f74ce607b3895bf340e24,classification_compaction_repair_generation_001_complete,artifacts/local_structured_external_data/whole_corpus_external_data_exhaustive_pipeline_2026-08-04/classified_observations/repair_generation_001/lanes/classification_lane_001/outcomes.jsonl
EXTPAYLOAD-c38cd8dab6b723cb32221281,classification_compaction_repair_generation_001_complete,artifacts/local_structured_external_data/whole_corpus_external_data_exhaustive_pipeline_2026-08-04/classified_observations/repair_generation_001/lanes/classification_lane_001/outcomes.jsonl
EXTPAYLOAD-c39f2b9aa993e0c0ed845ecb,classification_compaction_repair_generation_001_complete,artifacts/local_structured_external_data/whole_corpus_external_data_exhaustive_pipeline_2026-08-04/classified_observations/repair_generation_001/lanes/classification_lane_001/outcomes.jsonl
EXTPAYLOAD-c3ad4a2e1fda92454d5b50d1,classification_compaction_repair_generation_001_complete,artifacts/local_structured_external_data/whole_corpus_external_data_exhaustive_pipeline_2026-08-04/classified_observations/repair_generation_001/lanes/classification_lane_001/outcomes.jsonl
EXTPAYLOAD-c3bb7278d2e90d7d19ee703b,classification_compaction_repair_generation_001_complete,artifacts/local_structured_external_data/whole_corpus_external_data_exhaustive_pipeline_2026-08-04/classified_observations/repair_generation_001/lanes/classification_lane_001/outcomes.jsonl
EXTPAYLOAD-c3fdf8b0dae01ab91b5ca5d3,classification_compaction_repair_generation_001_complete,artifacts/local_structured_external_data/whole_corpus_external_data_exhaustive_pipeline_2026-08-04/classified_observations/repair_generation_001/lanes/classification_lane_001/outcomes.jsonl
EXTPAYLOAD-c4074fb9aa7e4dd8f33cfa49,classification_compaction_repair_generation_001_complete,artifacts/local_structured_external_data/whole_corpus_external_data_exhaustive_pipeline_2026-08-04/classified_observations/repair_generation_001/lanes/classification_lane_001/outcomes.jsonl
EXTPAYLOAD-c40a8971bb075db313567416,classification_compaction_repair_generation_001_complete,artifacts/local_structured_external_data/whole_corpus_external_data_exhaustive_pipeline_2026-08-04/classified_observations/repair_generation_001/lanes/classification_lane_001/outcomes.jsonl
EXTPAYLOAD-c40fc91d5b749a078b01047c,classification_compaction_repair_generation_001_complete,artifacts/local_structured_external_data/whole_corpus_external_data_exhaustive_pipeline_2026-08-04/classified_observations/repair_generation_001/lanes/classification_lane_001/outcomes.jsonl
EXTPAYLOAD-c42eaa34e08186611ab36b05,classification_compaction_repair_generation_001_complete,artifacts/local_structured_external_data/whole_corpus_external_data_exhaustive_pipeline_2026-08-04/classified_observations/repair_generation_001/lanes/classification_lane_001/outcomes.jsonl
EXTPAYLOAD-c44cdcc4a6c54792d4f51a7c,classification_compaction_repair_generation_001_complete,artifacts/local_structured_external_data/whole_corpus_external_data_exhaustive_pipeline_2026-08-04/classified_observations/repair_generation_001/lanes/classification_lane_001/outcomes.jsonl
EXTPAYLOAD-c482a3c7a804ff96c57e28e5,classification_compaction_repair_generation_001_complete,artifacts/local_structured_external_data/whole_corpus_external_data_exhaustive_pipeline_2026-08-04/classified_observations/repair_generation_001/lanes/classification_lane_001/outcomes.jsonl
EXTPAYLOAD-c4a7a611598e14203db0ed1d,classification_compaction_repair_generation_001_complete,artifacts/local_structured_external_data/whole_corpus_external_data_exhaustive_pipeline_2026-08-04/classified_observations/repair_generation_001/lanes/classification_lane_001/outcomes.jsonl
EXTPAYLOAD-c4dfa53a0bff1c424cc614ad,classification_compaction_repair_generation_001_complete,artifacts/local_structured_external_data/whole_corpus_external_data_exhaustive_pipeline_2026-08-04/classified_observations/repair_generation_001/lanes/classification_lane_001/outcomes.jsonl
EXTPAYLOAD-c4e8e718f206b9bfa4ab298b,classification_compaction_repair_generation_001_complete,artifacts/local_structured_external_data/whole_corpus_external_data_exhaustive_pipeline_2026-08-04/classified_observations/repair_generation_001/lanes/classification_lane_001/outcomes.jsonl
EXTPAYLOAD-c4eeb8fd33426072f2b4e050,classification_compaction_repair_generation_001_complete,artifacts/local_structured_external_data/whole_corpus_external_data_exhaustive_pipeline_2026-08-04/classified_observations/repair_generation_001/lanes/classification_lane_001/outcomes.jsonl
EXTPAYLOAD-c4f34b1b8ea4c517c6975adb,classification_compaction_repair_generation_001_complete,artifacts/local_structured_external_data/whole_corpus_external_data_exhaustive_pipeline_2026-08-04/classified_observations/repair_generation_001/lanes/classification_lane_001/outcomes.jsonl
EXTPAYLOAD-c503de972c50d791f7ce0065,classification_compaction_repair_generation_001_complete,artifacts/local_structured_external_data/whole_corpus_external_data_exhaustive_pipeline_2026-08-04/classified_observations/repair_generation_001/lanes/classification_lane_001/outcomes.jsonl
EXTPAYLOAD-c51906d2800f665f0f93dbbb,classification_compaction_repair_generation_001_complete,artifacts/local_structured_external_data/whole_corpus_external_data_exhaustive_pipeline_2026-08-04/classified_observations/repair_generation_001/lanes/classification_lane_001/outcomes.jsonl
EXTPAYLOAD-c51ad7bafc9f9d7ad74e32bc,classification_compaction_repair_generation_001_complete,artifacts/local_structured_external_data/whole_corpus_external_data_exhaustive_pipeline_2026-08-04/classified_observations/repair_generation_001/lanes/classification_lane_001/outcomes.jsonl
EXTPAYLOAD-c53445d45841e969df34179a,classification_compaction_repair_generation_001_complete,artifacts/local_structured_external_data/whole_corpus_external_data_exhaustive_pipeline_2026-08-04/classified_observations/repair_generation_001/lanes/classification_lane_001/outcomes.jsonl
EXTPAYLOAD-c543c44fd64970340e9255e6,classification_compaction_repair_generation_001_complete,artifacts/local_structured_external_data/whole_corpus_external_data_exhaustive_pipeline_2026-08-04/classified_observations/repair_generation_001/lanes/classification_lane_001/outcomes.jsonl
EXTPAYLOAD-c561dbcc1c715e1be0978db9,classification_compaction_repair_generation_001_complete,artifacts/local_structured_external_data/whole_corpus_external_data_exhaustive_pipeline_2026-08-04/classified_observations/repair_generation_001/lanes/classification_lane_001/outcomes.jsonl
EXTPAYLOAD-c56f4b2464278cf033a23c22,classification_compaction_repair_generation_001_complete,artifacts/local_structured_external_data/whole_corpus_external_data_exhaustive_pipeline_2026-08-04/classified_observations/repair_generation_001/lanes/classification_lane_001/outcomes.jsonl
EXTPAYLOAD-c589ed1b31c0a5fa7cd7c89b,classification_compaction_repair_generation_001_complete,artifacts/local_structured_external_data/whole_corpus_external_data_exhaustive_pipeline_2026-08-04/classified_observations/repair_generation_001/lanes/classification_lane_001/outcomes.jsonl
EXTPAYLOAD-c5a150eefb3b333c390fad0c,classification_compaction_repair_generation_001_complete,artifacts/local_structured_external_data/whole_corpus_external_data_exhaustive_pipeline_2026-08-04/classified_observations/repair_generation_001/lanes/classification_lane_001/outcomes.jsonl
EXTPAYLOAD-c5ae08ac4df444ed76959971,classification_compaction_repair_generation_001_complete,artifacts/local_structured_external_data/whole_corpus_external_data_exhaustive_pipeline_2026-08-04/classified_observations/repair_generation_001/lanes/classification_lane_001/outcomes.jsonl
EXTPAYLOAD-c5b740c6d7751a679a8e4150,classification_compaction_repair_generation_001_complete,artifacts/local_structured_external_data/whole_corpus_external_data_exhaustive_pipeline_2026-08-04/classified_observations/repair_generation_001/lanes/classification_lane_001/outcomes.jsonl
EXTPAYLOAD-c5ceb82c375284b0a8eef4a4,classification_compaction_repair_generation_001_complete,artifacts/local_structured_external_data/whole_corpus_external_data_exhaustive_pipeline_2026-08-04/classified_observations/repair_generation_001/lanes/classification_lane_001/outcomes.jsonl
EXTPAYLOAD-c5d270d86e4a3114f2f93b86,classification_compaction_repair_generation_001_complete,artifacts/local_structured_external_data/whole_corpus_external_data_exhaustive_pipeline_2026-08-04/classified_observations/repair_generation_001/lanes/classification_lane_001/outcomes.jsonl
EXTPAYLOAD-c5f948325b1fe99e78b697ec,classification_compaction_repair_generation_001_complete,artifacts/local_structured_external_data/whole_corpus_external_data_exhaustive_pipeline_2026-08-04/classified_observations/repair_generation_001/lanes/classification_lane_001/outcomes.jsonl
EXTPAYLOAD-c5fedea2ab1b65de8c01c8bc,classification_compaction_repair_generation_001_complete,artifacts/local_structured_external_data/whole_corpus_external_data_exhaustive_pipeline_2026-08-04/classified_observations/repair_generation_001/lanes/classification_lane_001/outcomes.jsonl
EXTPAYLOAD-c61314e5fccaee659785d7a0,classification_compaction_repair_generation_001_complete,artifacts/local_structured_external_data/whole_corpus_external_data_exhaustive_pipeline_2026-08-04/classified_observations/repair_generation_001/lanes/classification_lane_001/outcomes.jsonl
EXTPAYLOAD-c61615b9c1f325b2dad3bc54,classification_compaction_repair_generation_001_complete,artifacts/local_structured_external_data/whole_corpus_external_data_exhaustive_pipeline_2026-08-04/classified_observations/repair_generation_001/lanes/classification_lane_001/outcomes.jsonl
EXTPAYLOAD-c617dc03f57093eb44a2d242,classification_compaction_repair_generation_001_complete,artifacts/local_structured_external_data/whole_corpus_external_data_exhaustive_pipeline_2026-08-04/classified_observations/repair_generation_001/lanes/classification_lane_001/outcomes.jsonl
EXTPAYLOAD-c65c33e4b0900a64e2c25f54,classification_compaction_repair_generation_001_complete,artifacts/local_structured_external_data/whole_corpus_external_data_exhaustive_pipeline_2026-08-04/classified_observations/repair_generation_001/lanes/classification_lane_001/outcomes.jsonl
EXTPAYLOAD-c669bea03f9682b676dd3318,classification_compaction_repair_generation_001_complete,artifacts/local_structured_external_data/whole_corpus_external_data_exhaustive_pipeline_2026-08-04/classified_observations/repair_generation_001/lanes/classification_lane_001/outcomes.jsonl
EXTPAYLOAD-c66df6ed131d8511f4ecff4f,classification_compaction_repair_generation_001_complete,artifacts/local_structured_external_data/whole_corpus_external_data_exhaustive_pipeline_2026-08-04/classified_observations/repair_generation_001/lanes/classification_lane_001/outcomes.jsonl
EXTPAYLOAD-c6bfccb9565f04807dabc742,classification_compaction_repair_generation_001_complete,artifacts/local_structured_external_data/whole_corpus_external_data_exhaustive_pipeline_2026-08-04/classified_observations/repair_generation_001/lanes/classification_lane_001/outcomes.jsonl
EXTPAYLOAD-c6c94114954858332196cf5b,classification_compaction_repair_generation_001_complete,artifacts/local_structured_external_data/whole_corpus_external_data_exhaustive_pipeline_2026-08-04/classified_observations/repair_generation_001/lanes/classification_lane_001/outcomes.jsonl
EXTPAYLOAD-c6e3302d222cfe9757661762,classification_compaction_repair_generation_001_complete,artifacts/local_structured_external_data/whole_corpus_external_data_exhaustive_pipeline_2026-08-04/classified_observations/repair_generation_001/lanes/classification_lane_001/outcomes.jsonl
EXTPAYLOAD-c6e5c8d53454afce11039789,classification_compaction_repair_generation_001_complete,artifacts/local_structured_external_data/whole_corpus_external_data_exhaustive_pipeline_2026-08-04/classified_observations/repair_generation_001/lanes/classification_lane_001/outcomes.jsonl
EXTPAYLOAD-c6fcf38be66a8530a6ef29be,classification_compaction_repair_generation_001_complete,artifacts/local_structured_external_data/whole_corpus_external_data_exhaustive_pipeline_2026-08-04/classified_observations/repair_generation_001/lanes/classification_lane_001/outcomes.jsonl
EXTPAYLOAD-c70320358e52bd496b54443e,classification_compaction_repair_generation_001_complete,artifacts/local_structured_external_data/whole_corpus_external_data_exhaustive_pipeline_2026-08-04/classified_observations/repair_generation_001/lanes/classification_lane_001/outcomes.jsonl
EXTPAYLOAD-c714fb8bcabedc0a3c8fa569,classification_compaction_repair_generation_001_complete,artifacts/local_structured_external_data/whole_corpus_external_data_exhaustive_pipeline_2026-08-04/classified_observations/repair_generation_001/lanes/classification_lane_001/outcomes.jsonl
EXTPAYLOAD-c7162763fd5b9a780642ecb1,classification_compaction_repair_generation_001_complete,artifacts/local_structured_external_data/whole_corpus_external_data_exhaustive_pipeline_2026-08-04/classified_observations/repair_generation_001/lanes/classification_lane_001/outcomes.jsonl
EXTPAYLOAD-c716426343f3d5f032a6754e,classification_compaction_repair_generation_001_complete,artifacts/local_structured_external_data/whole_corpus_external_data_exhaustive_pipeline_2026-08-04/classified_observations/repair_generation_001/lanes/classification_lane_001/outcomes.jsonl
EXTPAYLOAD-c71663c203864837819b6729,classification_compaction_repair_generation_001_complete,artifacts/local_structured_external_data/whole_corpus_external_data_exhaustive_pipeline_2026-08-04/classified_observations/repair_generation_001/lanes/classification_lane_001/outcomes.jsonl
EXTPAYLOAD-c71edeb2f556cbfa946026a8,classification_compaction_repair_generation_001_complete,artifacts/local_structured_external_data/whole_corpus_external_data_exhaustive_pipeline_2026-08-04/classified_observations/repair_generation_001/lanes/classification_lane_001/outcomes.jsonl
EXTPAYLOAD-c71fa4a318638eb121a21be4,classification_compaction_repair_generation_001_complete,artifacts/local_structured_external_data/whole_corpus_external_data_exhaustive_pipeline_2026-08-04/classified_observations/repair_generation_001/lanes/classification_lane_001/outcomes.jsonl
EXTPAYLOAD-c722f12632badb61f99780f9,classification_compaction_repair_generation_001_complete,artifacts/local_structured_external_data/whole_corpus_external_data_exhaustive_pipeline_2026-08-04/classified_observations/repair_generation_001/lanes/classification_lane_001/outcomes.jsonl
EXTPAYLOAD-c740c63e8924946a3fef9c59,classification_compaction_repair_generation_001_complete,artifacts/local_structured_external_data/whole_corpus_external_data_exhaustive_pipeline_2026-08-04/classified_observations/repair_generation_001/lanes/classification_lane_001/outcomes.jsonl
EXTPAYLOAD-c77e2276b7a10d093dc4c825,classification_compaction_repair_generation_001_complete,artifacts/local_structured_external_data/whole_corpus_external_data_exhaustive_pipeline_2026-08-04/classified_observations/repair_generation_001/lanes/classification_lane_001/outcomes.jsonl
EXTPAYLOAD-c78d51fb78e636259da96586,classification_compaction_repair_generation_001_complete,artifacts/local_structured_external_data/whole_corpus_external_data_exhaustive_pipeline_2026-08-04/classified_observations/repair_generation_001/lanes/classification_lane_001/outcomes.jsonl
EXTPAYLOAD-c78ddfae402dc6e145b0d8e8,classification_compaction_repair_generation_001_complete,artifacts/local_structured_external_data/whole_corpus_external_data_exhaustive_pipeline_2026-08-04/classified_observations/repair_generation_001/lanes/classification_lane_001/outcomes.jsonl
EXTPAYLOAD-c7c71f0159e9dffdebb46c48,classification_compaction_repair_generation_001_complete,artifacts/local_structured_external_data/whole_corpus_external_data_exhaustive_pipeline_2026-08-04/classified_observations/repair_generation_001/lanes/classification_lane_001/outcomes.jsonl
EXTPAYLOAD-c7e3d44437df59c7b25b0fc5,classification_compaction_repair_generation_001_complete,artifacts/local_structured_external_data/whole_corpus_external_data_exhaustive_pipeline_2026-08-04/classified_observations/repair_generation_001/lanes/classification_lane_001/outcomes.jsonl
EXTPAYLOAD-c7e651ab9d30ad1fc5b93872,classification_compaction_repair_generation_001_complete,artifacts/local_structured_external_data/whole_corpus_external_data_exhaustive_pipeline_2026-08-04/classified_observations/repair_generation_001/lanes/classification_lane_001/outcomes.jsonl
EXTPAYLOAD-c804371770e66e66e85cab8a,classification_compaction_repair_generation_001_complete,artifacts/local_structured_external_data/whole_corpus_external_data_exhaustive_pipeline_2026-08-04/classified_observations/repair_generation_001/lanes/classification_lane_001/outcomes.jsonl
EXTPAYLOAD-c824d102dfc757e5f721ba42,classification_compaction_repair_generation_001_complete,artifacts/local_structured_external_data/whole_corpus_external_data_exhaustive_pipeline_2026-08-04/classified_observations/repair_generation_001/lanes/classification_lane_001/outcomes.jsonl
EXTPAYLOAD-c82a47d110ca9f3e9ca87a0e,classification_compaction_repair_generation_001_complete,artifacts/local_structured_external_data/whole_corpus_external_data_exhaustive_pipeline_2026-08-04/classified_observations/repair_generation_001/lanes/classification_lane_001/outcomes.jsonl
EXTPAYLOAD-c834678795dbdeaaac520037,classification_compaction_repair_generation_001_complete,artifacts/local_structured_external_data/whole_corpus_external_data_exhaustive_pipeline_2026-08-04/classified_observations/repair_generation_001/lanes/classification_lane_001/outcomes.jsonl
EXTPAYLOAD-c835747d782b86fe73b04f0b,classification_compaction_repair_generation_001_complete,artifacts/local_structured_external_data/whole_corpus_external_data_exhaustive_pipeline_2026-08-04/classified_observations/repair_generation_001/lanes/classification_lane_001/outcomes.jsonl
EXTPAYLOAD-c848eec4e9bb48448d4325a5,classification_compaction_repair_generation_001_complete,artifacts/local_structured_external_data/whole_corpus_external_data_exhaustive_pipeline_2026-08-04/classified_observations/repair_generation_001/lanes/classification_lane_001/outcomes.jsonl
EXTPAYLOAD-c850a470265f659a770229df,classification_compaction_repair_generation_001_complete,artifacts/local_structured_external_data/whole_corpus_external_data_exhaustive_pipeline_2026-08-04/classified_observations/repair_generation_001/lanes/classification_lane_001/outcomes.jsonl
EXTPAYLOAD-c857c93dda82f3166682f8b5,classification_compaction_repair_generation_001_complete,artifacts/local_structured_external_data/whole_corpus_external_data_exhaustive_pipeline_2026-08-04/classified_observations/repair_generation_001/lanes/classification_lane_001/outcomes.jsonl
EXTPAYLOAD-c881c719931f077ab8b6a19b,classification_compaction_repair_generation_001_complete,artifacts/local_structured_external_data/whole_corpus_external_data_exhaustive_pipeline_2026-08-04/classified_observations/repair_generation_001/lanes/classification_lane_001/outcomes.jsonl
EXTPAYLOAD-c891cb81f848b45a1c8a253c,classification_compaction_repair_generation_001_complete,artifacts/local_structured_external_data/whole_corpus_external_data_exhaustive_pipeline_2026-08-04/classified_observations/repair_generation_001/lanes/classification_lane_001/outcomes.jsonl
EXTPAYLOAD-c8a2339d10ad16db2308d32a,classification_compaction_repair_generation_001_complete,artifacts/local_structured_external_data/whole_corpus_external_data_exhaustive_pipeline_2026-08-04/classified_observations/repair_generation_001/lanes/classification_lane_001/outcomes.jsonl
EXTPAYLOAD-c8bad4f8de8ec78cf19694c6,classification_compaction_repair_generation_001_complete,artifacts/local_structured_external_data/whole_corpus_external_data_exhaustive_pipeline_2026-08-04/classified_observations/repair_generation_001/lanes/classification_lane_001/outcomes.jsonl
EXTPAYLOAD-c8c991542ada8acc8a56ecd9,classification_compaction_repair_generation_001_complete,artifacts/local_structured_external_data/whole_corpus_external_data_exhaustive_pipeline_2026-08-04/classified_observations/repair_generation_001/lanes/classification_lane_001/outcomes.jsonl
EXTPAYLOAD-c8d0920eb14979f71a1a26a0,classification_compaction_repair_generation_001_complete,artifacts/local_structured_external_data/whole_corpus_external_data_exhaustive_pipeline_2026-08-04/classified_observations/repair_generation_001/lanes/classification_lane_001/outcomes.jsonl
EXTPAYLOAD-c8f41441ecc222613b879f5e,classification_compaction_repair_generation_001_complete,artifacts/local_structured_external_data/whole_corpus_external_data_exhaustive_pipeline_2026-08-04/classified_observations/repair_generation_001/lanes/classification_lane_001/outcomes.jsonl
EXTPAYLOAD-c8fca3b127e1bb232c1f6f2c,classification_compaction_repair_generation_001_complete,artifacts/local_structured_external_data/whole_corpus_external_data_exhaustive_pipeline_2026-08-04/classified_observations/repair_generation_001/lanes/classification_lane_001/outcomes.jsonl
EXTPAYLOAD-c90732a3cd2b285fd902606e,classification_compaction_repair_generation_001_complete,artifacts/local_structured_external_data/whole_corpus_external_data_exhaustive_pipeline_2026-08-04/classified_observations/repair_generation_001/lanes/classification_lane_001/outcomes.jsonl
EXTPAYLOAD-c9281c21eebb819289ee204b,classification_compaction_repair_generation_001_complete,artifacts/local_structured_external_data/whole_corpus_external_data_exhaustive_pipeline_2026-08-04/classified_observations/repair_generation_001/lanes/classification_lane_001/outcomes.jsonl
EXTPAYLOAD-c95266df1cb89fc53510ed3f,classification_compaction_repair_generation_001_complete,artifacts/local_structured_external_data/whole_corpus_external_data_exhaustive_pipeline_2026-08-04/classified_observations/repair_generation_001/lanes/classification_lane_001/outcomes.jsonl
EXTPAYLOAD-c9580fc8e50861427083d7d5,classification_compaction_repair_generation_001_complete,artifacts/local_structured_external_data/whole_corpus_external_data_exhaustive_pipeline_2026-08-04/classified_observations/repair_generation_001/lanes/classification_lane_001/outcomes.jsonl
EXTPAYLOAD-c95ade5557dd98c63a5f5344,classification_compaction_repair_generation_001_complete,artifacts/local_structured_external_data/whole_corpus_external_data_exhaustive_pipeline_2026-08-04/classified_observations/repair_generation_001/lanes/classification_lane_001/outcomes.jsonl
EXTPAYLOAD-c9875ebe7b8db52215fe69a4,classification_compaction_repair_generation_001_complete,artifacts/local_structured_external_data/whole_corpus_external_data_exhaustive_pipeline_2026-08-04/classified_observations/repair_generation_001/lanes/classification_lane_001/outcomes.jsonl
EXTPAYLOAD-c994bca351e2de0bcbd7b3aa,classification_compaction_repair_generation_001_complete,artifacts/local_structured_external_data/whole_corpus_external_data_exhaustive_pipeline_2026-08-04/classified_observations/repair_generation_001/lanes/classification_lane_001/outcomes.jsonl
EXTPAYLOAD-c9bb118b876ecc1f3290cfaa,classification_compaction_repair_generation_001_complete,artifacts/local_structured_external_data/whole_corpus_external_data_exhaustive_pipeline_2026-08-04/classified_observations/repair_generation_001/lanes/classification_lane_001/outcomes.jsonl
EXTPAYLOAD-c9cc15d09fedbce0d55b7a37,classification_compaction_repair_generation_001_complete,artifacts/local_structured_external_data/whole_corpus_external_data_exhaustive_pipeline_2026-08-04/classified_observations/repair_generation_001/lanes/classification_lane_001/outcomes.jsonl
EXTPAYLOAD-c9daea900e1cd71f45301a3f,classification_compaction_repair_generation_001_complete,artifacts/local_structured_external_data/whole_corpus_external_data_exhaustive_pipeline_2026-08-04/classified_observations/repair_generation_001/lanes/classification_lane_001/outcomes.jsonl
EXTPAYLOAD-ca0ecae54760045b7257c38c,classification_compaction_repair_generation_001_complete,artifacts/local_structured_external_data/whole_corpus_external_data_exhaustive_pipeline_2026-08-04/classified_observations/repair_generation_001/lanes/classification_lane_001/outcomes.jsonl
EXTPAYLOAD-ca29065c8364d853bb36d063,classification_compaction_repair_generation_001_complete,artifacts/local_structured_external_data/whole_corpus_external_data_exhaustive_pipeline_2026-08-04/classified_observations/repair_generation_001/lanes/classification_lane_001/outcomes.jsonl
EXTPAYLOAD-ca58df6809d4ce808b837cc6,classification_compaction_repair_generation_001_complete,artifacts/local_structured_external_data/whole_corpus_external_data_exhaustive_pipeline_2026-08-04/classified_observations/repair_generation_001/lanes/classification_lane_001/outcomes.jsonl
EXTPAYLOAD-ca8c788fe6ea22d95301d350,classification_compaction_repair_generation_001_complete,artifacts/local_structured_external_data/whole_corpus_external_data_exhaustive_pipeline_2026-08-04/classified_observations/repair_generation_001/lanes/classification_lane_001/outcomes.jsonl
EXTPAYLOAD-ca9df8b618d0f90c52466b36,classification_compaction_repair_generation_001_complete,artifacts/local_structured_external_data/whole_corpus_external_data_exhaustive_pipeline_2026-08-04/classified_observations/repair_generation_001/lanes/classification_lane_001/outcomes.jsonl
EXTPAYLOAD-caa29b1ad9890609d5f3b7b3,classification_compaction_repair_generation_001_complete,artifacts/local_structured_external_data/whole_corpus_external_data_exhaustive_pipeline_2026-08-04/classified_observations/repair_generation_001/lanes/classification_lane_001/outcomes.jsonl
EXTPAYLOAD-caf28451ed4a43a898c0c68b,classification_compaction_repair_generation_001_complete,artifacts/local_structured_external_data/whole_corpus_external_data_exhaustive_pipeline_2026-08-04/classified_observations/repair_generation_001/lanes/classification_lane_001/outcomes.jsonl
EXTPAYLOAD-cb11ccf688089ecf5eca3b02,classification_compaction_repair_generation_001_complete,artifacts/local_structured_external_data/whole_corpus_external_data_exhaustive_pipeline_2026-08-04/classified_observations/repair_generation_001/lanes/classification_lane_001/outcomes.jsonl
EXTPAYLOAD-cb2c544b3bb46d5c1b2a4471,classification_compaction_repair_generation_001_complete,artifacts/local_structured_external_data/whole_corpus_external_data_exhaustive_pipeline_2026-08-04/classified_observations/repair_generation_001/lanes/classification_lane_001/outcomes.jsonl
EXTPAYLOAD-cb5c3c6f6094063c77ab76ed,classification_compaction_repair_generation_001_complete,artifacts/local_structured_external_data/whole_corpus_external_data_exhaustive_pipeline_2026-08-04/classified_observations/repair_generation_001/lanes/classification_lane_001/outcomes.jsonl
EXTPAYLOAD-cb62cd1cc8c8c5ce9202e5e5,classification_compaction_repair_generation_001_complete,artifacts/local_structured_external_data/whole_corpus_external_data_exhaustive_pipeline_2026-08-04/classified_observations/repair_generation_001/lanes/classification_lane_001/outcomes.jsonl
EXTPAYLOAD-cb8a2c072bc719b111be64b1,classification_compaction_repair_generation_001_complete,artifacts/local_structured_external_data/whole_corpus_external_data_exhaustive_pipeline_2026-08-04/classified_observations/repair_generation_001/lanes/classification_lane_001/outcomes.jsonl
EXTPAYLOAD-cb9557c82d231a86406d9d50,classification_compaction_repair_generation_001_complete,artifacts/local_structured_external_data/whole_corpus_external_data_exhaustive_pipeline_2026-08-04/classified_observations/repair_generation_001/lanes/classification_lane_001/outcomes.jsonl
EXTPAYLOAD-cba30126b4574563f087af5a,classification_compaction_repair_generation_001_complete,artifacts/local_structured_external_data/whole_corpus_external_data_exhaustive_pipeline_2026-08-04/classified_observations/repair_generation_001/lanes/classification_lane_001/outcomes.jsonl
EXTPAYLOAD-cbb69d0d9294e30f03a1666f,classification_compaction_repair_generation_001_complete,artifacts/local_structured_external_data/whole_corpus_external_data_exhaustive_pipeline_2026-08-04/classified_observations/repair_generation_001/lanes/classification_lane_001/outcomes.jsonl
EXTPAYLOAD-cbce6eb1eccf51ec335a5bbf,classification_compaction_repair_generation_001_complete,artifacts/local_structured_external_data/whole_corpus_external_data_exhaustive_pipeline_2026-08-04/classified_observations/repair_generation_001/lanes/classification_lane_001/outcomes.jsonl
EXTPAYLOAD-cbf61aed5fb8e66a383a3267,classification_compaction_repair_generation_001_complete,artifacts/local_structured_external_data/whole_corpus_external_data_exhaustive_pipeline_2026-08-04/classified_observations/repair_generation_001/lanes/classification_lane_001/outcomes.jsonl
EXTPAYLOAD-cc083d19a4db28bd4d551598,classification_compaction_repair_generation_001_complete,artifacts/local_structured_external_data/whole_corpus_external_data_exhaustive_pipeline_2026-08-04/classified_observations/repair_generation_001/lanes/classification_lane_001/outcomes.jsonl
EXTPAYLOAD-cc2afef595a339d725b8abd8,classification_compaction_repair_generation_001_complete,artifacts/local_structured_external_data/whole_corpus_external_data_exhaustive_pipeline_2026-08-04/classified_observations/repair_generation_001/lanes/classification_lane_001/outcomes.jsonl
EXTPAYLOAD-cc2e96f090eb11901fb94e86,classification_compaction_repair_generation_001_complete,artifacts/local_structured_external_data/whole_corpus_external_data_exhaustive_pipeline_2026-08-04/classified_observations/repair_generation_001/lanes/classification_lane_001/outcomes.jsonl
EXTPAYLOAD-cc3012344890bc43330cc4d0,classification_compaction_repair_generation_001_complete,artifacts/local_structured_external_data/whole_corpus_external_data_exhaustive_pipeline_2026-08-04/classified_observations/repair_generation_001/lanes/classification_lane_001/outcomes.jsonl
EXTPAYLOAD-cc4147af5fb08bbc7bee86dc,classification_compaction_repair_generation_001_complete,artifacts/local_structured_external_data/whole_corpus_external_data_exhaustive_pipeline_2026-08-04/classified_observations/repair_generation_001/lanes/classification_lane_001/outcomes.jsonl
EXTPAYLOAD-cc8c3c10d29a4e2f7312f2d5,classification_compaction_repair_generation_001_complete,artifacts/local_structured_external_data/whole_corpus_external_data_exhaustive_pipeline_2026-08-04/classified_observations/repair_generation_001/lanes/classification_lane_001/outcomes.jsonl
EXTPAYLOAD-cccab4fabbbde7edff01d43f,classification_compaction_repair_generation_001_complete,artifacts/local_structured_external_data/whole_corpus_external_data_exhaustive_pipeline_2026-08-04/classified_observations/repair_generation_001/lanes/classification_lane_001/outcomes.jsonl
EXTPAYLOAD-ccd7009f8298e07d40eac59e,classification_compaction_repair_generation_001_complete,artifacts/local_structured_external_data/whole_corpus_external_data_exhaustive_pipeline_2026-08-04/classified_observations/repair_generation_001/lanes/classification_lane_001/outcomes.jsonl
EXTPAYLOAD-ccee3be1eee73c55297ebc8d,classification_compaction_repair_generation_001_complete,artifacts/local_structured_external_data/whole_corpus_external_data_exhaustive_pipeline_2026-08-04/classified_observations/repair_generation_001/lanes/classification_lane_001/outcomes.jsonl
EXTPAYLOAD-ccf52d132924fcfef6768629,classification_compaction_repair_generation_001_complete,artifacts/local_structured_external_data/whole_corpus_external_data_exhaustive_pipeline_2026-08-04/classified_observations/repair_generation_001/lanes/classification_lane_001/outcomes.jsonl
EXTPAYLOAD-cd24ff473a7529d252d7bec6,classification_compaction_repair_generation_001_complete,artifacts/local_structured_external_data/whole_corpus_external_data_exhaustive_pipeline_2026-08-04/classified_observations/repair_generation_001/lanes/classification_lane_001/outcomes.jsonl
EXTPAYLOAD-cd2e9917c23f27e3049ed63d,classification_compaction_repair_generation_001_complete,artifacts/local_structured_external_data/whole_corpus_external_data_exhaustive_pipeline_2026-08-04/classified_observations/repair_generation_001/lanes/classification_lane_001/outcomes.jsonl
EXTPAYLOAD-cdbae1f86020cde0c3557999,classification_compaction_repair_generation_001_complete,artifacts/local_structured_external_data/whole_corpus_external_data_exhaustive_pipeline_2026-08-04/classified_observations/repair_generation_001/lanes/classification_lane_001/outcomes.jsonl
EXTPAYLOAD-cdc8fd7b99ae4c6a2e17b0a8,classification_compaction_repair_generation_001_complete,artifacts/local_structured_external_data/whole_corpus_external_data_exhaustive_pipeline_2026-08-04/classified_observations/repair_generation_001/lanes/classification_lane_001/outcomes.jsonl
EXTPAYLOAD-cdca08bf1a115b06ae2d1601,classification_compaction_repair_generation_001_complete,artifacts/local_structured_external_data/whole_corpus_external_data_exhaustive_pipeline_2026-08-04/classified_observations/repair_generation_001/lanes/classification_lane_001/outcomes.jsonl
EXTPAYLOAD-cdf367a2f8a38276ee13e0e8,classification_compaction_repair_generation_001_complete,artifacts/local_structured_external_data/whole_corpus_external_data_exhaustive_pipeline_2026-08-04/classified_observations/repair_generation_001/lanes/classification_lane_001/outcomes.jsonl
EXTPAYLOAD-ce0ea8b9178a732a637a6de0,classification_compaction_repair_generation_001_complete,artifacts/local_structured_external_data/whole_corpus_external_data_exhaustive_pipeline_2026-08-04/classified_observations/repair_generation_001/lanes/classification_lane_001/outcomes.jsonl
EXTPAYLOAD-ce0eadff0878fb5d53455031,classification_compaction_repair_generation_001_complete,artifacts/local_structured_external_data/whole_corpus_external_data_exhaustive_pipeline_2026-08-04/classified_observations/repair_generation_001/lanes/classification_lane_001/outcomes.jsonl
EXTPAYLOAD-ce17184b5eb86444c5def76a,classification_compaction_repair_generation_001_complete,artifacts/local_structured_external_data/whole_corpus_external_data_exhaustive_pipeline_2026-08-04/classified_observations/repair_generation_001/lanes/classification_lane_001/outcomes.jsonl
EXTPAYLOAD-ce6ba608a1fc96fbc4e5162d,classification_compaction_repair_generation_001_complete,artifacts/local_structured_external_data/whole_corpus_external_data_exhaustive_pipeline_2026-08-04/classified_observations/repair_generation_001/lanes/classification_lane_001/outcomes.jsonl
EXTPAYLOAD-ce6d3d6d513a99a5891bc9ef,classification_compaction_repair_generation_001_complete,artifacts/local_structured_external_data/whole_corpus_external_data_exhaustive_pipeline_2026-08-04/classified_observations/repair_generation_001/lanes/classification_lane_001/outcomes.jsonl
EXTPAYLOAD-ce6ef199eabbb2ee135a5375,classification_compaction_repair_generation_001_complete,artifacts/local_structured_external_data/whole_corpus_external_data_exhaustive_pipeline_2026-08-04/classified_observations/repair_generation_001/lanes/classification_lane_001/outcomes.jsonl
EXTPAYLOAD-ce83974b8cba150df9722aef,classification_compaction_repair_generation_001_complete,artifacts/local_structured_external_data/whole_corpus_external_data_exhaustive_pipeline_2026-08-04/classified_observations/repair_generation_001/lanes/classification_lane_001/outcomes.jsonl
EXTPAYLOAD-ceb4263e891a521331505cad,classification_compaction_repair_generation_001_complete,artifacts/local_structured_external_data/whole_corpus_external_data_exhaustive_pipeline_2026-08-04/classified_observations/repair_generation_001/lanes/classification_lane_001/outcomes.jsonl
EXTPAYLOAD-cec3a9c2b071e9d339b822db,classification_compaction_repair_generation_001_complete,artifacts/local_structured_external_data/whole_corpus_external_data_exhaustive_pipeline_2026-08-04/classified_observations/repair_generation_001/lanes/classification_lane_001/outcomes.jsonl
EXTPAYLOAD-ceda426070f8b1503b8fd41d,classification_compaction_repair_generation_001_complete,artifacts/local_structured_external_data/whole_corpus_external_data_exhaustive_pipeline_2026-08-04/classified_observations/repair_generation_001/lanes/classification_lane_001/outcomes.jsonl
EXTPAYLOAD-ceeb1d19097c56e38061bd60,classification_compaction_repair_generation_001_complete,artifacts/local_structured_external_data/whole_corpus_external_data_exhaustive_pipeline_2026-08-04/classified_observations/repair_generation_001/lanes/classification_lane_001/outcomes.jsonl
EXTPAYLOAD-cef924f9fa9d54fed6710191,classification_compaction_repair_generation_001_complete,artifacts/local_structured_external_data/whole_corpus_external_data_exhaustive_pipeline_2026-08-04/classified_observations/repair_generation_001/lanes/classification_lane_001/outcomes.jsonl
EXTPAYLOAD-cf02493faf99e8ba4c53273d,classification_compaction_repair_generation_001_complete,artifacts/local_structured_external_data/whole_corpus_external_data_exhaustive_pipeline_2026-08-04/classified_observations/repair_generation_001/lanes/classification_lane_001/outcomes.jsonl
EXTPAYLOAD-cf21a986f4e9be91dfb9b1b5,classification_compaction_repair_generation_001_complete,artifacts/local_structured_external_data/whole_corpus_external_data_exhaustive_pipeline_2026-08-04/classified_observations/repair_generation_001/lanes/classification_lane_001/outcomes.jsonl
EXTPAYLOAD-cf260474de8124b588bb0719,classification_compaction_repair_generation_001_complete,artifacts/local_structured_external_data/whole_corpus_external_data_exhaustive_pipeline_2026-08-04/classified_observations/repair_generation_001/lanes/classification_lane_001/outcomes.jsonl
EXTPAYLOAD-cf29912ed621388993cde742,classification_compaction_repair_generation_001_complete,artifacts/local_structured_external_data/whole_corpus_external_data_exhaustive_pipeline_2026-08-04/classified_observations/repair_generation_001/lanes/classification_lane_001/outcomes.jsonl
EXTPAYLOAD-cf2e83885483f0799b69e3a6,classification_compaction_repair_generation_001_complete,artifacts/local_structured_external_data/whole_corpus_external_data_exhaustive_pipeline_2026-08-04/classified_observations/repair_generation_001/lanes/classification_lane_001/outcomes.jsonl
EXTPAYLOAD-cf47c0bd43cc4f86ffb88d18,classification_compaction_repair_generation_001_complete,artifacts/local_structured_external_data/whole_corpus_external_data_exhaustive_pipeline_2026-08-04/classified_observations/repair_generation_001/lanes/classification_lane_001/outcomes.jsonl
EXTPAYLOAD-cf5282f097a1b52d7d79ee53,classification_compaction_repair_generation_001_complete,artifacts/local_structured_external_data/whole_corpus_external_data_exhaustive_pipeline_2026-08-04/classified_observations/repair_generation_001/lanes/classification_lane_001/outcomes.jsonl
EXTPAYLOAD-cf9b0d4c29a1ddb12d827f0f,classification_compaction_repair_generation_001_complete,artifacts/local_structured_external_data/whole_corpus_external_data_exhaustive_pipeline_2026-08-04/classified_observations/repair_generation_001/lanes/classification_lane_001/outcomes.jsonl
EXTPAYLOAD-cfa05e2dea34c8d0f53e0f1e,classification_compaction_repair_generation_001_complete,artifacts/local_structured_external_data/whole_corpus_external_data_exhaustive_pipeline_2026-08-04/classified_observations/repair_generation_001/lanes/classification_lane_001/outcomes.jsonl
EXTPAYLOAD-cfd19f01991ce916f9d9db85,classification_compaction_repair_generation_001_complete,artifacts/local_structured_external_data/whole_corpus_external_data_exhaustive_pipeline_2026-08-04/classified_observations/repair_generation_001/lanes/classification_lane_001/outcomes.jsonl
EXTPAYLOAD-cff4c5d03fd2915116da6fd9,classification_compaction_repair_generation_001_complete,artifacts/local_structured_external_data/whole_corpus_external_data_exhaustive_pipeline_2026-08-04/classified_observations/repair_generation_001/lanes/classification_lane_001/outcomes.jsonl
EXTPAYLOAD-cffb20c083f2996a5cab9446,classification_compaction_repair_generation_001_complete,artifacts/local_structured_external_data/whole_corpus_external_data_exhaustive_pipeline_2026-08-04/classified_observations/repair_generation_001/lanes/classification_lane_001/outcomes.jsonl
EXTPAYLOAD-cfff69f163ad6985aacb6877,classification_compaction_repair_generation_001_complete,artifacts/local_structured_external_data/whole_corpus_external_data_exhaustive_pipeline_2026-08-04/classified_observations/repair_generation_001/lanes/classification_lane_001/outcomes.jsonl
EXTPAYLOAD-d022b79f3d0e72067b64f51e,classification_compaction_repair_generation_001_complete,artifacts/local_structured_external_data/whole_corpus_external_data_exhaustive_pipeline_2026-08-04/classified_observations/repair_generation_001/lanes/classification_lane_001/outcomes.jsonl
EXTPAYLOAD-d047a1694eb735010cd50b4f,classification_compaction_repair_generation_001_complete,artifacts/local_structured_external_data/whole_corpus_external_data_exhaustive_pipeline_2026-08-04/classified_observations/repair_generation_001/lanes/classification_lane_001/outcomes.jsonl
EXTPAYLOAD-d047e44e3938784d6735c2b4,classification_compaction_repair_generation_001_complete,artifacts/local_structured_external_data/whole_corpus_external_data_exhaustive_pipeline_2026-08-04/classified_observations/repair_generation_001/lanes/classification_lane_001/outcomes.jsonl
EXTPAYLOAD-d055ffa9d271490d48a00c6c,classification_compaction_repair_generation_001_complete,artifacts/local_structured_external_data/whole_corpus_external_data_exhaustive_pipeline_2026-08-04/classified_observations/repair_generation_001/lanes/classification_lane_001/outcomes.jsonl
EXTPAYLOAD-d059a434a0fcd62fc09aa5af,classification_compaction_repair_generation_001_complete,artifacts/local_structured_external_data/whole_corpus_external_data_exhaustive_pipeline_2026-08-04/classified_observations/repair_generation_001/lanes/classification_lane_001/outcomes.jsonl
EXTPAYLOAD-d06724d855b7eb4c3ca6dbd3,classification_compaction_repair_generation_001_complete,artifacts/local_structured_external_data/whole_corpus_external_data_exhaustive_pipeline_2026-08-04/classified_observations/repair_generation_001/lanes/classification_lane_001/outcomes.jsonl
EXTPAYLOAD-d06cf1ed2d6b221bbc64d432,classification_compaction_repair_generation_001_complete,artifacts/local_structured_external_data/whole_corpus_external_data_exhaustive_pipeline_2026-08-04/classified_observations/repair_generation_001/lanes/classification_lane_001/outcomes.jsonl
EXTPAYLOAD-d06f3cb6b865853da556f39b,classification_compaction_repair_generation_001_complete,artifacts/local_structured_external_data/whole_corpus_external_data_exhaustive_pipeline_2026-08-04/classified_observations/repair_generation_001/lanes/classification_lane_001/outcomes.jsonl
EXTPAYLOAD-d0958ea2f477a3335ff37edb,classification_compaction_repair_generation_001_complete,artifacts/local_structured_external_data/whole_corpus_external_data_exhaustive_pipeline_2026-08-04/classified_observations/repair_generation_001/lanes/classification_lane_001/outcomes.jsonl
EXTPAYLOAD-d098b74fe35d61cde6c3f79a,classification_compaction_repair_generation_001_complete,artifacts/local_structured_external_data/whole_corpus_external_data_exhaustive_pipeline_2026-08-04/classified_observations/repair_generation_001/lanes/classification_lane_001/outcomes.jsonl
EXTPAYLOAD-d0b56fa429f32f8a9017edc3,classification_compaction_repair_generation_001_complete,artifacts/local_structured_external_data/whole_corpus_external_data_exhaustive_pipeline_2026-08-04/classified_observations/repair_generation_001/lanes/classification_lane_001/outcomes.jsonl
EXTPAYLOAD-d0d4939e204979ecaa2baf52,classification_compaction_repair_generation_001_complete,artifacts/local_structured_external_data/whole_corpus_external_data_exhaustive_pipeline_2026-08-04/classified_observations/repair_generation_001/lanes/classification_lane_001/outcomes.jsonl
EXTPAYLOAD-d0ebfe605e620fda6121205e,classification_compaction_repair_generation_001_complete,artifacts/local_structured_external_data/whole_corpus_external_data_exhaustive_pipeline_2026-08-04/classified_observations/repair_generation_001/lanes/classification_lane_001/outcomes.jsonl
EXTPAYLOAD-d0fccd0c0da5e56df875eaf7,classification_compaction_repair_generation_001_complete,artifacts/local_structured_external_data/whole_corpus_external_data_exhaustive_pipeline_2026-08-04/classified_observations/repair_generation_001/lanes/classification_lane_001/outcomes.jsonl
EXTPAYLOAD-d1323b362988636403d1ff39,classification_compaction_repair_generation_001_complete,artifacts/local_structured_external_data/whole_corpus_external_data_exhaustive_pipeline_2026-08-04/classified_observations/repair_generation_001/lanes/classification_lane_001/outcomes.jsonl
EXTPAYLOAD-d1399bdfcd2867bd0d0d2b42,classification_compaction_repair_generation_001_complete,artifacts/local_structured_external_data/whole_corpus_external_data_exhaustive_pipeline_2026-08-04/classified_observations/repair_generation_001/lanes/classification_lane_001/outcomes.jsonl
EXTPAYLOAD-d13a787355fe24c639895e75,classification_compaction_repair_generation_001_complete,artifacts/local_structured_external_data/whole_corpus_external_data_exhaustive_pipeline_2026-08-04/classified_observations/repair_generation_001/lanes/classification_lane_001/outcomes.jsonl
EXTPAYLOAD-d140681a24ffbed8f5278082,classification_compaction_repair_generation_001_complete,artifacts/local_structured_external_data/whole_corpus_external_data_exhaustive_pipeline_2026-08-04/classified_observations/repair_generation_001/lanes/classification_lane_001/outcomes.jsonl
EXTPAYLOAD-d1579368977c2ef9b766fd6d,classification_compaction_repair_generation_001_complete,artifacts/local_structured_external_data/whole_corpus_external_data_exhaustive_pipeline_2026-08-04/classified_observations/repair_generation_001/lanes/classification_lane_001/outcomes.jsonl
EXTPAYLOAD-d18658c24836fe329e91d863,classification_compaction_repair_generation_001_complete,artifacts/local_structured_external_data/whole_corpus_external_data_exhaustive_pipeline_2026-08-04/classified_observations/repair_generation_001/lanes/classification_lane_001/outcomes.jsonl
EXTPAYLOAD-d1be32416c074f260a68bc87,classification_compaction_repair_generation_001_complete,artifacts/local_structured_external_data/whole_corpus_external_data_exhaustive_pipeline_2026-08-04/classified_observations/repair_generation_001/lanes/classification_lane_001/outcomes.jsonl
EXTPAYLOAD-d1ec2acb887123db65a87b2a,classification_compaction_repair_generation_001_complete,artifacts/local_structured_external_data/whole_corpus_external_data_exhaustive_pipeline_2026-08-04/classified_observations/repair_generation_001/lanes/classification_lane_001/outcomes.jsonl
EXTPAYLOAD-d204011117d20fce9dbcaf21,classification_compaction_repair_generation_001_complete,artifacts/local_structured_external_data/whole_corpus_external_data_exhaustive_pipeline_2026-08-04/classified_observations/repair_generation_001/lanes/classification_lane_001/outcomes.jsonl
EXTPAYLOAD-d23db4b5d88b1f4b7f77333d,classification_compaction_repair_generation_001_complete,artifacts/local_structured_external_data/whole_corpus_external_data_exhaustive_pipeline_2026-08-04/classified_observations/repair_generation_001/lanes/classification_lane_001/outcomes.jsonl
EXTPAYLOAD-d2666702ef42765311a289fe,classification_compaction_repair_generation_001_complete,artifacts/local_structured_external_data/whole_corpus_external_data_exhaustive_pipeline_2026-08-04/classified_observations/repair_generation_001/lanes/classification_lane_001/outcomes.jsonl
EXTPAYLOAD-d269c22e6b3bdf90c4c20929,classification_compaction_repair_generation_001_complete,artifacts/local_structured_external_data/whole_corpus_external_data_exhaustive_pipeline_2026-08-04/classified_observations/repair_generation_001/lanes/classification_lane_001/outcomes.jsonl
EXTPAYLOAD-d26fa49f169fa7965404c813,classification_compaction_repair_generation_001_complete,artifacts/local_structured_external_data/whole_corpus_external_data_exhaustive_pipeline_2026-08-04/classified_observations/repair_generation_001/lanes/classification_lane_001/outcomes.jsonl
EXTPAYLOAD-d289beb0ca0d358bf5dd55b9,classification_compaction_repair_generation_001_complete,artifacts/local_structured_external_data/whole_corpus_external_data_exhaustive_pipeline_2026-08-04/classified_observations/repair_generation_001/lanes/classification_lane_001/outcomes.jsonl
EXTPAYLOAD-d28c44a9ecd2dd80adc2b16d,classification_compaction_repair_generation_001_complete,artifacts/local_structured_external_data/whole_corpus_external_data_exhaustive_pipeline_2026-08-04/classified_observations/repair_generation_001/lanes/classification_lane_001/outcomes.jsonl
EXTPAYLOAD-d29989523f1f03df1ab8c43a,classification_compaction_repair_generation_001_complete,artifacts/local_structured_external_data/whole_corpus_external_data_exhaustive_pipeline_2026-08-04/classified_observations/repair_generation_001/lanes/classification_lane_001/outcomes.jsonl
EXTPAYLOAD-d2ad05c37432460bb58a5073,classification_compaction_repair_generation_001_complete,artifacts/local_structured_external_data/whole_corpus_external_data_exhaustive_pipeline_2026-08-04/classified_observations/repair_generation_001/lanes/classification_lane_001/outcomes.jsonl
EXTPAYLOAD-d2b9a2a185bd3e3360ff5e9c,classification_compaction_repair_generation_001_complete,artifacts/local_structured_external_data/whole_corpus_external_data_exhaustive_pipeline_2026-08-04/classified_observations/repair_generation_001/lanes/classification_lane_001/outcomes.jsonl
EXTPAYLOAD-d2c977e49177d6a1a909ef74,classification_compaction_repair_generation_001_complete,artifacts/local_structured_external_data/whole_corpus_external_data_exhaustive_pipeline_2026-08-04/classified_observations/repair_generation_001/lanes/classification_lane_001/outcomes.jsonl
EXTPAYLOAD-d2f9a33d702e4620b13c5bcb,classification_compaction_repair_generation_001_complete,artifacts/local_structured_external_data/whole_corpus_external_data_exhaustive_pipeline_2026-08-04/classified_observations/repair_generation_001/lanes/classification_lane_001/outcomes.jsonl
EXTPAYLOAD-d31e6d7c6b59c9aa3b63cbc6,classification_compaction_repair_generation_001_complete,artifacts/local_structured_external_data/whole_corpus_external_data_exhaustive_pipeline_2026-08-04/classified_observations/repair_generation_001/lanes/classification_lane_001/outcomes.jsonl
EXTPAYLOAD-d3227fd97161898d4d169a6b,classification_compaction_repair_generation_001_complete,artifacts/local_structured_external_data/whole_corpus_external_data_exhaustive_pipeline_2026-08-04/classified_observations/repair_generation_001/lanes/classification_lane_001/outcomes.jsonl
EXTPAYLOAD-d3298c19217b982a478ee003,classification_compaction_repair_generation_001_complete,artifacts/local_structured_external_data/whole_corpus_external_data_exhaustive_pipeline_2026-08-04/classified_observations/repair_generation_001/lanes/classification_lane_001/outcomes.jsonl
EXTPAYLOAD-d3607f196154a3957ce7f3ea,classification_compaction_repair_generation_001_complete,artifacts/local_structured_external_data/whole_corpus_external_data_exhaustive_pipeline_2026-08-04/classified_observations/repair_generation_001/lanes/classification_lane_001/outcomes.jsonl
EXTPAYLOAD-d36b17480333b048aab84f42,classification_compaction_repair_generation_001_complete,artifacts/local_structured_external_data/whole_corpus_external_data_exhaustive_pipeline_2026-08-04/classified_observations/repair_generation_001/lanes/classification_lane_001/outcomes.jsonl
EXTPAYLOAD-d379588435a3bb0e45f7d688,classification_compaction_repair_generation_001_complete,artifacts/local_structured_external_data/whole_corpus_external_data_exhaustive_pipeline_2026-08-04/classified_observations/repair_generation_001/lanes/classification_lane_001/outcomes.jsonl
EXTPAYLOAD-d380531db14e7c7a9f3c02dc,classification_compaction_repair_generation_001_complete,artifacts/local_structured_external_data/whole_corpus_external_data_exhaustive_pipeline_2026-08-04/classified_observations/repair_generation_001/lanes/classification_lane_001/outcomes.jsonl
EXTPAYLOAD-d383ee6286d089ef96efcae2,classification_compaction_repair_generation_001_complete,artifacts/local_structured_external_data/whole_corpus_external_data_exhaustive_pipeline_2026-08-04/classified_observations/repair_generation_001/lanes/classification_lane_001/outcomes.jsonl
EXTPAYLOAD-d3a4bc16f24f499763c58277,classification_compaction_repair_generation_001_complete,artifacts/local_structured_external_data/whole_corpus_external_data_exhaustive_pipeline_2026-08-04/classified_observations/repair_generation_001/lanes/classification_lane_001/outcomes.jsonl
EXTPAYLOAD-d3bdd01cf3c58a440a3937ab,classification_compaction_repair_generation_001_complete,artifacts/local_structured_external_data/whole_corpus_external_data_exhaustive_pipeline_2026-08-04/classified_observations/repair_generation_001/lanes/classification_lane_001/outcomes.jsonl
EXTPAYLOAD-d3ce675d8f6ccf5f48cc0bfb,classification_compaction_repair_generation_001_complete,artifacts/local_structured_external_data/whole_corpus_external_data_exhaustive_pipeline_2026-08-04/classified_observations/repair_generation_001/lanes/classification_lane_001/outcomes.jsonl
EXTPAYLOAD-d3edc2322110bb2fbdbd865e,classification_compaction_repair_generation_001_complete,artifacts/local_structured_external_data/whole_corpus_external_data_exhaustive_pipeline_2026-08-04/classified_observations/repair_generation_001/lanes/classification_lane_001/outcomes.jsonl
EXTPAYLOAD-d3fc905a1aebbb769ba8c36a,classification_compaction_repair_generation_001_complete,artifacts/local_structured_external_data/whole_corpus_external_data_exhaustive_pipeline_2026-08-04/classified_observations/repair_generation_001/lanes/classification_lane_001/outcomes.jsonl
EXTPAYLOAD-d412554dbe770d933f297719,classification_compaction_repair_generation_001_complete,artifacts/local_structured_external_data/whole_corpus_external_data_exhaustive_pipeline_2026-08-04/classified_observations/repair_generation_001/lanes/classification_lane_001/outcomes.jsonl
EXTPAYLOAD-d426b6b0790b3a5cc1c072f6,classification_compaction_repair_generation_001_complete,artifacts/local_structured_external_data/whole_corpus_external_data_exhaustive_pipeline_2026-08-04/classified_observations/repair_generation_001/lanes/classification_lane_001/outcomes.jsonl
EXTPAYLOAD-d45b5cd200947021a0825756,classification_compaction_repair_generation_001_complete,artifacts/local_structured_external_data/whole_corpus_external_data_exhaustive_pipeline_2026-08-04/classified_observations/repair_generation_001/lanes/classification_lane_001/outcomes.jsonl
EXTPAYLOAD-d4610bd9c3a5a3aabba7cf0f,classification_compaction_repair_generation_001_complete,artifacts/local_structured_external_data/whole_corpus_external_data_exhaustive_pipeline_2026-08-04/classified_observations/repair_generation_001/lanes/classification_lane_001/outcomes.jsonl
EXTPAYLOAD-d491c24473d702ff20bd73e1,classification_compaction_repair_generation_001_complete,artifacts/local_structured_external_data/whole_corpus_external_data_exhaustive_pipeline_2026-08-04/classified_observations/repair_generation_001/lanes/classification_lane_001/outcomes.jsonl
EXTPAYLOAD-d4a3af70b6d679ceb573fc26,classification_compaction_repair_generation_001_complete,artifacts/local_structured_external_data/whole_corpus_external_data_exhaustive_pipeline_2026-08-04/classified_observations/repair_generation_001/lanes/classification_lane_001/outcomes.jsonl
EXTPAYLOAD-d4a73ceb8e51025e74f3de74,classification_compaction_repair_generation_001_complete,artifacts/local_structured_external_data/whole_corpus_external_data_exhaustive_pipeline_2026-08-04/classified_observations/repair_generation_001/lanes/classification_lane_001/outcomes.jsonl
EXTPAYLOAD-d4e0fe985f35deaf0d698a02,classification_compaction_repair_generation_001_complete,artifacts/local_structured_external_data/whole_corpus_external_data_exhaustive_pipeline_2026-08-04/classified_observations/repair_generation_001/lanes/classification_lane_001/outcomes.jsonl
EXTPAYLOAD-d4f47cc82e005ac7e28188b3,classification_compaction_repair_generation_001_complete,artifacts/local_structured_external_data/whole_corpus_external_data_exhaustive_pipeline_2026-08-04/classified_observations/repair_generation_001/lanes/classification_lane_001/outcomes.jsonl
EXTPAYLOAD-d5110328fe25be941907495f,classification_compaction_repair_generation_001_complete,artifacts/local_structured_external_data/whole_corpus_external_data_exhaustive_pipeline_2026-08-04/classified_observations/repair_generation_001/lanes/classification_lane_001/outcomes.jsonl
EXTPAYLOAD-d513531a16c0c18ecba827f6,classification_compaction_repair_generation_001_complete,artifacts/local_structured_external_data/whole_corpus_external_data_exhaustive_pipeline_2026-08-04/classified_observations/repair_generation_001/lanes/classification_lane_001/outcomes.jsonl
EXTPAYLOAD-d514bce79330ad38450a84c2,classification_compaction_repair_generation_001_complete,artifacts/local_structured_external_data/whole_corpus_external_data_exhaustive_pipeline_2026-08-04/classified_observations/repair_generation_001/lanes/classification_lane_001/outcomes.jsonl
EXTPAYLOAD-d527f5ecd132ab69b1c07669,classification_compaction_repair_generation_001_complete,artifacts/local_structured_external_data/whole_corpus_external_data_exhaustive_pipeline_2026-08-04/classified_observations/repair_generation_001/lanes/classification_lane_001/outcomes.jsonl
EXTPAYLOAD-d537ce7432ea980ec32dbba4,classification_compaction_repair_generation_001_complete,artifacts/local_structured_external_data/whole_corpus_external_data_exhaustive_pipeline_2026-08-04/classified_observations/repair_generation_001/lanes/classification_lane_001/outcomes.jsonl
EXTPAYLOAD-d547fbcd8a4c793148c1e469,classification_compaction_repair_generation_001_complete,artifacts/local_structured_external_data/whole_corpus_external_data_exhaustive_pipeline_2026-08-04/classified_observations/repair_generation_001/lanes/classification_lane_001/outcomes.jsonl
EXTPAYLOAD-d5a244a554d5775065307e72,classification_compaction_repair_generation_001_complete,artifacts/local_structured_external_data/whole_corpus_external_data_exhaustive_pipeline_2026-08-04/classified_observations/repair_generation_001/lanes/classification_lane_001/outcomes.jsonl
EXTPAYLOAD-d5b698ad4274fe522cccb5c1,classification_compaction_repair_generation_001_complete,artifacts/local_structured_external_data/whole_corpus_external_data_exhaustive_pipeline_2026-08-04/classified_observations/repair_generation_001/lanes/classification_lane_001/outcomes.jsonl
EXTPAYLOAD-d5e8c26c656b6a64bcf16ca0,classification_compaction_repair_generation_001_complete,artifacts/local_structured_external_data/whole_corpus_external_data_exhaustive_pipeline_2026-08-04/classified_observations/repair_generation_001/lanes/classification_lane_001/outcomes.jsonl
EXTPAYLOAD-d5fd4efa1795cceaceb844ef,classification_compaction_repair_generation_001_complete,artifacts/local_structured_external_data/whole_corpus_external_data_exhaustive_pipeline_2026-08-04/classified_observations/repair_generation_001/lanes/classification_lane_001/outcomes.jsonl
EXTPAYLOAD-d636a42a0cfb2f5842b6ca7b,classification_compaction_repair_generation_001_complete,artifacts/local_structured_external_data/whole_corpus_external_data_exhaustive_pipeline_2026-08-04/classified_observations/repair_generation_001/lanes/classification_lane_001/outcomes.jsonl
EXTPAYLOAD-d642dd18e8687015df10bdd6,classification_compaction_repair_generation_001_complete,artifacts/local_structured_external_data/whole_corpus_external_data_exhaustive_pipeline_2026-08-04/classified_observations/repair_generation_001/lanes/classification_lane_001/outcomes.jsonl
EXTPAYLOAD-d65b53ec1f934326a07d95cd,classification_compaction_repair_generation_001_complete,artifacts/local_structured_external_data/whole_corpus_external_data_exhaustive_pipeline_2026-08-04/classified_observations/repair_generation_001/lanes/classification_lane_001/outcomes.jsonl
EXTPAYLOAD-d680960da825cd1dd29b3d40,classification_compaction_repair_generation_001_complete,artifacts/local_structured_external_data/whole_corpus_external_data_exhaustive_pipeline_2026-08-04/classified_observations/repair_generation_001/lanes/classification_lane_001/outcomes.jsonl
EXTPAYLOAD-d691b9ab98d8863f1691f506,classification_compaction_repair_generation_001_complete,artifacts/local_structured_external_data/whole_corpus_external_data_exhaustive_pipeline_2026-08-04/classified_observations/repair_generation_001/lanes/classification_lane_001/outcomes.jsonl
EXTPAYLOAD-d6cc22ee06c870fd00d5fedf,classification_compaction_repair_generation_001_complete,artifacts/local_structured_external_data/whole_corpus_external_data_exhaustive_pipeline_2026-08-04/classified_observations/repair_generation_001/lanes/classification_lane_001/outcomes.jsonl
EXTPAYLOAD-d6d65f1e587454baf72df9a8,classification_compaction_repair_generation_001_complete,artifacts/local_structured_external_data/whole_corpus_external_data_exhaustive_pipeline_2026-08-04/classified_observations/repair_generation_001/lanes/classification_lane_001/outcomes.jsonl
EXTPAYLOAD-d6e167594bf5bb659136c8a5,classification_compaction_repair_generation_001_complete,artifacts/local_structured_external_data/whole_corpus_external_data_exhaustive_pipeline_2026-08-04/classified_observations/repair_generation_001/lanes/classification_lane_001/outcomes.jsonl
EXTPAYLOAD-d6fb8c5baecef5b6c15dea21,classification_compaction_repair_generation_001_complete,artifacts/local_structured_external_data/whole_corpus_external_data_exhaustive_pipeline_2026-08-04/classified_observations/repair_generation_001/lanes/classification_lane_001/outcomes.jsonl
EXTPAYLOAD-d70fe3f4042baf9f6eb4edc1,classification_compaction_repair_generation_001_complete,artifacts/local_structured_external_data/whole_corpus_external_data_exhaustive_pipeline_2026-08-04/classified_observations/repair_generation_001/lanes/classification_lane_001/outcomes.jsonl
EXTPAYLOAD-d72edd37f1f3e92b402fd600,classification_compaction_repair_generation_001_complete,artifacts/local_structured_external_data/whole_corpus_external_data_exhaustive_pipeline_2026-08-04/classified_observations/repair_generation_001/lanes/classification_lane_001/outcomes.jsonl
EXTPAYLOAD-d77b3f5ea7f82342c3bc65ac,classification_compaction_repair_generation_001_complete,artifacts/local_structured_external_data/whole_corpus_external_data_exhaustive_pipeline_2026-08-04/classified_observations/repair_generation_001/lanes/classification_lane_001/outcomes.jsonl
EXTPAYLOAD-d784af748736805f3bcda836,classification_compaction_repair_generation_001_complete,artifacts/local_structured_external_data/whole_corpus_external_data_exhaustive_pipeline_2026-08-04/classified_observations/repair_generation_001/lanes/classification_lane_001/outcomes.jsonl
EXTPAYLOAD-d78ca96200651d55830e20c4,classification_compaction_repair_generation_001_complete,artifacts/local_structured_external_data/whole_corpus_external_data_exhaustive_pipeline_2026-08-04/classified_observations/repair_generation_001/lanes/classification_lane_001/outcomes.jsonl
EXTPAYLOAD-d79a531099bec9c7ad9c7005,classification_compaction_repair_generation_001_complete,artifacts/local_structured_external_data/whole_corpus_external_data_exhaustive_pipeline_2026-08-04/classified_observations/repair_generation_001/lanes/classification_lane_001/outcomes.jsonl
EXTPAYLOAD-d7bf0876d96e2922a1665f25,classification_compaction_repair_generation_001_complete,artifacts/local_structured_external_data/whole_corpus_external_data_exhaustive_pipeline_2026-08-04/classified_observations/repair_generation_001/lanes/classification_lane_001/outcomes.jsonl
EXTPAYLOAD-d7cccaf107991fe367cd070f,classification_compaction_repair_generation_001_complete,artifacts/local_structured_external_data/whole_corpus_external_data_exhaustive_pipeline_2026-08-04/classified_observations/repair_generation_001/lanes/classification_lane_001/outcomes.jsonl
EXTPAYLOAD-d81cbb99950d38479f1bcae9,classification_compaction_repair_generation_001_complete,artifacts/local_structured_external_data/whole_corpus_external_data_exhaustive_pipeline_2026-08-04/classified_observations/repair_generation_001/lanes/classification_lane_001/outcomes.jsonl
EXTPAYLOAD-d81cee04fb83891b9f31e9a0,classification_compaction_repair_generation_001_complete,artifacts/local_structured_external_data/whole_corpus_external_data_exhaustive_pipeline_2026-08-04/classified_observations/repair_generation_001/lanes/classification_lane_001/outcomes.jsonl
EXTPAYLOAD-d81d464d63d7957efbb966cd,classification_compaction_repair_generation_001_complete,artifacts/local_structured_external_data/whole_corpus_external_data_exhaustive_pipeline_2026-08-04/classified_observations/repair_generation_001/lanes/classification_lane_001/outcomes.jsonl
EXTPAYLOAD-d81f0574f142e4fce6b4309f,classification_compaction_repair_generation_001_complete,artifacts/local_structured_external_data/whole_corpus_external_data_exhaustive_pipeline_2026-08-04/classified_observations/repair_generation_001/lanes/classification_lane_001/outcomes.jsonl
EXTPAYLOAD-d841f3092852c26a12eeb79b,classification_compaction_repair_generation_001_complete,artifacts/local_structured_external_data/whole_corpus_external_data_exhaustive_pipeline_2026-08-04/classified_observations/repair_generation_001/lanes/classification_lane_001/outcomes.jsonl
EXTPAYLOAD-d86871c3c59f63d2114e3cbd,classification_compaction_repair_generation_001_complete,artifacts/local_structured_external_data/whole_corpus_external_data_exhaustive_pipeline_2026-08-04/classified_observations/repair_generation_001/lanes/classification_lane_001/outcomes.jsonl
EXTPAYLOAD-d8712cfd308b3cae692b3b9f,classification_compaction_repair_generation_001_complete,artifacts/local_structured_external_data/whole_corpus_external_data_exhaustive_pipeline_2026-08-04/classified_observations/repair_generation_001/lanes/classification_lane_001/outcomes.jsonl
EXTPAYLOAD-d87d5cb5463362cfdb627355,classification_compaction_repair_generation_001_complete,artifacts/local_structured_external_data/whole_corpus_external_data_exhaustive_pipeline_2026-08-04/classified_observations/repair_generation_001/lanes/classification_lane_001/outcomes.jsonl
EXTPAYLOAD-d87e9822673e54393056b010,classification_compaction_repair_generation_001_complete,artifacts/local_structured_external_data/whole_corpus_external_data_exhaustive_pipeline_2026-08-04/classified_observations/repair_generation_001/lanes/classification_lane_001/outcomes.jsonl
EXTPAYLOAD-d8860022f01f3f5ca9080742,classification_compaction_repair_generation_001_complete,artifacts/local_structured_external_data/whole_corpus_external_data_exhaustive_pipeline_2026-08-04/classified_observations/repair_generation_001/lanes/classification_lane_001/outcomes.jsonl
EXTPAYLOAD-d897648b7f6fb05493970e39,classification_compaction_repair_generation_001_complete,artifacts/local_structured_external_data/whole_corpus_external_data_exhaustive_pipeline_2026-08-04/classified_observations/repair_generation_001/lanes/classification_lane_001/outcomes.jsonl
EXTPAYLOAD-d8da2768d2082b223eca1311,classification_compaction_repair_generation_001_complete,artifacts/local_structured_external_data/whole_corpus_external_data_exhaustive_pipeline_2026-08-04/classified_observations/repair_generation_001/lanes/classification_lane_001/outcomes.jsonl
EXTPAYLOAD-d904c9442d83e4268a492d7e,classification_compaction_repair_generation_001_complete,artifacts/local_structured_external_data/whole_corpus_external_data_exhaustive_pipeline_2026-08-04/classified_observations/repair_generation_001/lanes/classification_lane_001/outcomes.jsonl
EXTPAYLOAD-d966f59a32eec6a0adfeb3cf,classification_compaction_repair_generation_001_complete,artifacts/local_structured_external_data/whole_corpus_external_data_exhaustive_pipeline_2026-08-04/classified_observations/repair_generation_001/lanes/classification_lane_001/outcomes.jsonl
EXTPAYLOAD-d96abef3953398ad09fdc464,classification_compaction_repair_generation_001_complete,artifacts/local_structured_external_data/whole_corpus_external_data_exhaustive_pipeline_2026-08-04/classified_observations/repair_generation_001/lanes/classification_lane_001/outcomes.jsonl
EXTPAYLOAD-d981f2cb6648404b3bb60c74,classification_compaction_repair_generation_001_complete,artifacts/local_structured_external_data/whole_corpus_external_data_exhaustive_pipeline_2026-08-04/classified_observations/repair_generation_001/lanes/classification_lane_001/outcomes.jsonl
EXTPAYLOAD-d9abaae679939be977913cf0,classification_compaction_repair_generation_001_complete,artifacts/local_structured_external_data/whole_corpus_external_data_exhaustive_pipeline_2026-08-04/classified_observations/repair_generation_001/lanes/classification_lane_001/outcomes.jsonl
EXTPAYLOAD-d9c4dc941358e29b30349850,classification_compaction_repair_generation_001_complete,artifacts/local_structured_external_data/whole_corpus_external_data_exhaustive_pipeline_2026-08-04/classified_observations/repair_generation_001/lanes/classification_lane_001/outcomes.jsonl
EXTPAYLOAD-d9e06f4343fa6771adf881e7,classification_compaction_repair_generation_001_complete,artifacts/local_structured_external_data/whole_corpus_external_data_exhaustive_pipeline_2026-08-04/classified_observations/repair_generation_001/lanes/classification_lane_001/outcomes.jsonl
EXTPAYLOAD-d9e56707810ce6a9df393e19,classification_compaction_repair_generation_001_complete,artifacts/local_structured_external_data/whole_corpus_external_data_exhaustive_pipeline_2026-08-04/classified_observations/repair_generation_001/lanes/classification_lane_001/outcomes.jsonl
EXTPAYLOAD-da0c45791115a9c057d282e0,classification_compaction_repair_generation_001_complete,artifacts/local_structured_external_data/whole_corpus_external_data_exhaustive_pipeline_2026-08-04/classified_observations/repair_generation_001/lanes/classification_lane_001/outcomes.jsonl
EXTPAYLOAD-da1298c99f6d29ef4f5ceb9d,classification_compaction_repair_generation_001_complete,artifacts/local_structured_external_data/whole_corpus_external_data_exhaustive_pipeline_2026-08-04/classified_observations/repair_generation_001/lanes/classification_lane_001/outcomes.jsonl
EXTPAYLOAD-da32e6b0defac7e53c87b08e,classification_compaction_repair_generation_001_complete,artifacts/local_structured_external_data/whole_corpus_external_data_exhaustive_pipeline_2026-08-04/classified_observations/repair_generation_001/lanes/classification_lane_001/outcomes.jsonl
EXTPAYLOAD-da53b30b14ec40a5fb7c8be8,classification_compaction_repair_generation_001_complete,artifacts/local_structured_external_data/whole_corpus_external_data_exhaustive_pipeline_2026-08-04/classified_observations/repair_generation_001/lanes/classification_lane_001/outcomes.jsonl
EXTPAYLOAD-da54f32f520a86a3f0c5b826,classification_compaction_repair_generation_001_complete,artifacts/local_structured_external_data/whole_corpus_external_data_exhaustive_pipeline_2026-08-04/classified_observations/repair_generation_001/lanes/classification_lane_001/outcomes.jsonl
EXTPAYLOAD-da5fb38679933546c61862f0,classification_compaction_repair_generation_001_complete,artifacts/local_structured_external_data/whole_corpus_external_data_exhaustive_pipeline_2026-08-04/classified_observations/repair_generation_001/lanes/classification_lane_001/outcomes.jsonl
EXTPAYLOAD-da739c24c3a6f789ed36b4d9,classification_compaction_repair_generation_001_complete,artifacts/local_structured_external_data/whole_corpus_external_data_exhaustive_pipeline_2026-08-04/classified_observations/repair_generation_001/lanes/classification_lane_001/outcomes.jsonl
EXTPAYLOAD-da75b9969b934c925f945ad8,classification_compaction_repair_generation_001_complete,artifacts/local_structured_external_data/whole_corpus_external_data_exhaustive_pipeline_2026-08-04/classified_observations/repair_generation_001/lanes/classification_lane_001/outcomes.jsonl
EXTPAYLOAD-da8a4c019e9262e79f4af534,classification_compaction_repair_generation_001_complete,artifacts/local_structured_external_data/whole_corpus_external_data_exhaustive_pipeline_2026-08-04/classified_observations/repair_generation_001/lanes/classification_lane_001/outcomes.jsonl
EXTPAYLOAD-da8c1aa310e470b6eaf505d2,classification_compaction_repair_generation_001_complete,artifacts/local_structured_external_data/whole_corpus_external_data_exhaustive_pipeline_2026-08-04/classified_observations/repair_generation_001/lanes/classification_lane_001/outcomes.jsonl
EXTPAYLOAD-da8e44d6623776d7b2abeb8b,classification_compaction_repair_generation_001_complete,artifacts/local_structured_external_data/whole_corpus_external_data_exhaustive_pipeline_2026-08-04/classified_observations/repair_generation_001/lanes/classification_lane_001/outcomes.jsonl
EXTPAYLOAD-daaccfc5bb085ebef2a5565b,classification_compaction_repair_generation_001_complete,artifacts/local_structured_external_data/whole_corpus_external_data_exhaustive_pipeline_2026-08-04/classified_observations/repair_generation_001/lanes/classification_lane_001/outcomes.jsonl
EXTPAYLOAD-dae8cd4112f0d8a0a05a769b,classification_compaction_repair_generation_001_complete,artifacts/local_structured_external_data/whole_corpus_external_data_exhaustive_pipeline_2026-08-04/classified_observations/repair_generation_001/lanes/classification_lane_001/outcomes.jsonl
EXTPAYLOAD-db0e0eff3d2939acb2c6ff4c,classification_compaction_repair_generation_001_complete,artifacts/local_structured_external_data/whole_corpus_external_data_exhaustive_pipeline_2026-08-04/classified_observations/repair_generation_001/lanes/classification_lane_001/outcomes.jsonl
EXTPAYLOAD-db13834c8ebd29c10be273a7,classification_compaction_repair_generation_001_complete,artifacts/local_structured_external_data/whole_corpus_external_data_exhaustive_pipeline_2026-08-04/classified_observations/repair_generation_001/lanes/classification_lane_001/outcomes.jsonl
EXTPAYLOAD-db24d702bd91b03b143cdf24,classification_compaction_repair_generation_001_complete,artifacts/local_structured_external_data/whole_corpus_external_data_exhaustive_pipeline_2026-08-04/classified_observations/repair_generation_001/lanes/classification_lane_001/outcomes.jsonl
EXTPAYLOAD-db3401b77c6f660c9b724964,classification_compaction_repair_generation_001_complete,artifacts/local_structured_external_data/whole_corpus_external_data_exhaustive_pipeline_2026-08-04/classified_observations/repair_generation_001/lanes/classification_lane_001/outcomes.jsonl
EXTPAYLOAD-db7088de0f13433a67b5f3d8,classification_compaction_repair_generation_001_complete,artifacts/local_structured_external_data/whole_corpus_external_data_exhaustive_pipeline_2026-08-04/classified_observations/repair_generation_001/lanes/classification_lane_001/outcomes.jsonl
EXTPAYLOAD-db7f6bfe97c6797d481fda67,classification_compaction_repair_generation_001_complete,artifacts/local_structured_external_data/whole_corpus_external_data_exhaustive_pipeline_2026-08-04/classified_observations/repair_generation_001/lanes/classification_lane_001/outcomes.jsonl
EXTPAYLOAD-db827d448233338a421aa900,classification_compaction_repair_generation_001_complete,artifacts/local_structured_external_data/whole_corpus_external_data_exhaustive_pipeline_2026-08-04/classified_observations/repair_generation_001/lanes/classification_lane_001/outcomes.jsonl
EXTPAYLOAD-db875a548a420a0ad35fd666,classification_compaction_repair_generation_001_complete,artifacts/local_structured_external_data/whole_corpus_external_data_exhaustive_pipeline_2026-08-04/classified_observations/repair_generation_001/lanes/classification_lane_001/outcomes.jsonl
EXTPAYLOAD-db91684314673575ccb56546,classification_compaction_repair_generation_001_complete,artifacts/local_structured_external_data/whole_corpus_external_data_exhaustive_pipeline_2026-08-04/classified_observations/repair_generation_001/lanes/classification_lane_001/outcomes.jsonl
EXTPAYLOAD-db99175966a6be466582698c,classification_compaction_repair_generation_001_complete,artifacts/local_structured_external_data/whole_corpus_external_data_exhaustive_pipeline_2026-08-04/classified_observations/repair_generation_001/lanes/classification_lane_001/outcomes.jsonl
EXTPAYLOAD-db99bfee93dc8d242f2982ed,classification_compaction_repair_generation_001_complete,artifacts/local_structured_external_data/whole_corpus_external_data_exhaustive_pipeline_2026-08-04/classified_observations/repair_generation_001/lanes/classification_lane_001/outcomes.jsonl
EXTPAYLOAD-dba427c07b63c1d7c9e1a7cd,classification_compaction_repair_generation_001_complete,artifacts/local_structured_external_data/whole_corpus_external_data_exhaustive_pipeline_2026-08-04/classified_observations/repair_generation_001/lanes/classification_lane_001/outcomes.jsonl
EXTPAYLOAD-dbc40542aa34358745dc196a,classification_compaction_repair_generation_001_complete,artifacts/local_structured_external_data/whole_corpus_external_data_exhaustive_pipeline_2026-08-04/classified_observations/repair_generation_001/lanes/classification_lane_001/outcomes.jsonl
EXTPAYLOAD-dc00e093733989164b1cc098,classification_compaction_repair_generation_001_complete,artifacts/local_structured_external_data/whole_corpus_external_data_exhaustive_pipeline_2026-08-04/classified_observations/repair_generation_001/lanes/classification_lane_001/outcomes.jsonl
EXTPAYLOAD-dc205318d866af02a692e1ab,classification_compaction_repair_generation_001_complete,artifacts/local_structured_external_data/whole_corpus_external_data_exhaustive_pipeline_2026-08-04/classified_observations/repair_generation_001/lanes/classification_lane_001/outcomes.jsonl
EXTPAYLOAD-dc288f5a9211adadfdf9e8ab,classification_compaction_repair_generation_001_complete,artifacts/local_structured_external_data/whole_corpus_external_data_exhaustive_pipeline_2026-08-04/classified_observations/repair_generation_001/lanes/classification_lane_001/outcomes.jsonl
EXTPAYLOAD-dc2932eb19126afb50278b1a,classification_compaction_repair_generation_001_complete,artifacts/local_structured_external_data/whole_corpus_external_data_exhaustive_pipeline_2026-08-04/classified_observations/repair_generation_001/lanes/classification_lane_001/outcomes.jsonl
EXTPAYLOAD-dc323807a14848b08dee608f,classification_compaction_repair_generation_001_complete,artifacts/local_structured_external_data/whole_corpus_external_data_exhaustive_pipeline_2026-08-04/classified_observations/repair_generation_001/lanes/classification_lane_001/outcomes.jsonl
EXTPAYLOAD-dc40e82b9a341ca0ce184118,classification_compaction_repair_generation_001_complete,artifacts/local_structured_external_data/whole_corpus_external_data_exhaustive_pipeline_2026-08-04/classified_observations/repair_generation_001/lanes/classification_lane_001/outcomes.jsonl
EXTPAYLOAD-dc4791230622722d0312e0f8,classification_compaction_repair_generation_001_complete,artifacts/local_structured_external_data/whole_corpus_external_data_exhaustive_pipeline_2026-08-04/classified_observations/repair_generation_001/lanes/classification_lane_001/outcomes.jsonl
EXTPAYLOAD-dc57234dd829ac7a94790be3,classification_compaction_repair_generation_001_complete,artifacts/local_structured_external_data/whole_corpus_external_data_exhaustive_pipeline_2026-08-04/classified_observations/repair_generation_001/lanes/classification_lane_001/outcomes.jsonl
EXTPAYLOAD-dc8e1f42aaeeb49a76774517,classification_compaction_repair_generation_001_complete,artifacts/local_structured_external_data/whole_corpus_external_data_exhaustive_pipeline_2026-08-04/classified_observations/repair_generation_001/lanes/classification_lane_001/outcomes.jsonl
EXTPAYLOAD-dcae4735f275c7a90e17091c,classification_compaction_repair_generation_001_complete,artifacts/local_structured_external_data/whole_corpus_external_data_exhaustive_pipeline_2026-08-04/classified_observations/repair_generation_001/lanes/classification_lane_001/outcomes.jsonl
EXTPAYLOAD-dcbf0848970c7662d976c7f3,classification_compaction_repair_generation_001_complete,artifacts/local_structured_external_data/whole_corpus_external_data_exhaustive_pipeline_2026-08-04/classified_observations/repair_generation_001/lanes/classification_lane_001/outcomes.jsonl
EXTPAYLOAD-dcc34569b77fc6b6dcf69128,classification_compaction_repair_generation_001_complete,artifacts/local_structured_external_data/whole_corpus_external_data_exhaustive_pipeline_2026-08-04/classified_observations/repair_generation_001/lanes/classification_lane_001/outcomes.jsonl
EXTPAYLOAD-dd20f6460212f6d185fe92b9,classification_compaction_repair_generation_001_complete,artifacts/local_structured_external_data/whole_corpus_external_data_exhaustive_pipeline_2026-08-04/classified_observations/repair_generation_001/lanes/classification_lane_001/outcomes.jsonl
EXTPAYLOAD-dd357ce3d914a0a06e61a586,classification_compaction_repair_generation_001_complete,artifacts/local_structured_external_data/whole_corpus_external_data_exhaustive_pipeline_2026-08-04/classified_observations/repair_generation_001/lanes/classification_lane_001/outcomes.jsonl
EXTPAYLOAD-dd3e91741c3bc37c69dc9906,classification_compaction_repair_generation_001_complete,artifacts/local_structured_external_data/whole_corpus_external_data_exhaustive_pipeline_2026-08-04/classified_observations/repair_generation_001/lanes/classification_lane_001/outcomes.jsonl
EXTPAYLOAD-dd6b90170491c87a7c64daab,classification_compaction_repair_generation_001_complete,artifacts/local_structured_external_data/whole_corpus_external_data_exhaustive_pipeline_2026-08-04/classified_observations/repair_generation_001/lanes/classification_lane_001/outcomes.jsonl
EXTPAYLOAD-dd9c4f3b886978e2a6d6cf73,classification_compaction_repair_generation_001_complete,artifacts/local_structured_external_data/whole_corpus_external_data_exhaustive_pipeline_2026-08-04/classified_observations/repair_generation_001/lanes/classification_lane_001/outcomes.jsonl
EXTPAYLOAD-ddc0f1657d5e3a4bc17ccdea,classification_compaction_repair_generation_001_complete,artifacts/local_structured_external_data/whole_corpus_external_data_exhaustive_pipeline_2026-08-04/classified_observations/repair_generation_001/lanes/classification_lane_001/outcomes.jsonl
EXTPAYLOAD-ddcd73e87c85d5a6018f61a5,classification_compaction_repair_generation_001_complete,artifacts/local_structured_external_data/whole_corpus_external_data_exhaustive_pipeline_2026-08-04/classified_observations/repair_generation_001/lanes/classification_lane_001/outcomes.jsonl
EXTPAYLOAD-ddf7cb4e2e63c025e5038ac5,classification_compaction_repair_generation_001_complete,artifacts/local_structured_external_data/whole_corpus_external_data_exhaustive_pipeline_2026-08-04/classified_observations/repair_generation_001/lanes/classification_lane_001/outcomes.jsonl
EXTPAYLOAD-de062b5ad8e78788486b001e,classification_compaction_repair_generation_001_complete,artifacts/local_structured_external_data/whole_corpus_external_data_exhaustive_pipeline_2026-08-04/classified_observations/repair_generation_001/lanes/classification_lane_001/outcomes.jsonl
EXTPAYLOAD-de07548997a1beeac6f20002,classification_compaction_repair_generation_001_complete,artifacts/local_structured_external_data/whole_corpus_external_data_exhaustive_pipeline_2026-08-04/classified_observations/repair_generation_001/lanes/classification_lane_001/outcomes.jsonl
EXTPAYLOAD-de10808619cdd77100e6bad0,classification_compaction_repair_generation_001_complete,artifacts/local_structured_external_data/whole_corpus_external_data_exhaustive_pipeline_2026-08-04/classified_observations/repair_generation_001/lanes/classification_lane_001/outcomes.jsonl
EXTPAYLOAD-de1a482f749c08eee70e1987,classification_compaction_repair_generation_001_complete,artifacts/local_structured_external_data/whole_corpus_external_data_exhaustive_pipeline_2026-08-04/classified_observations/repair_generation_001/lanes/classification_lane_001/outcomes.jsonl
EXTPAYLOAD-de245773e281fb9dfca1f1d0,classification_compaction_repair_generation_001_complete,artifacts/local_structured_external_data/whole_corpus_external_data_exhaustive_pipeline_2026-08-04/classified_observations/repair_generation_001/lanes/classification_lane_001/outcomes.jsonl
EXTPAYLOAD-de37212709f8feb0195d57b9,classification_compaction_repair_generation_001_complete,artifacts/local_structured_external_data/whole_corpus_external_data_exhaustive_pipeline_2026-08-04/classified_observations/repair_generation_001/lanes/classification_lane_001/outcomes.jsonl
EXTPAYLOAD-de45586100d2ba7a0d84d178,classification_compaction_repair_generation_001_complete,artifacts/local_structured_external_data/whole_corpus_external_data_exhaustive_pipeline_2026-08-04/classified_observations/repair_generation_001/lanes/classification_lane_001/outcomes.jsonl
EXTPAYLOAD-de4c41a943bb95f68f03581d,classification_compaction_repair_generation_001_complete,artifacts/local_structured_external_data/whole_corpus_external_data_exhaustive_pipeline_2026-08-04/classified_observations/repair_generation_001/lanes/classification_lane_001/outcomes.jsonl
EXTPAYLOAD-de549a7500fe5baf0ffbad79,classification_compaction_repair_generation_001_complete,artifacts/local_structured_external_data/whole_corpus_external_data_exhaustive_pipeline_2026-08-04/classified_observations/repair_generation_001/lanes/classification_lane_001/outcomes.jsonl
EXTPAYLOAD-de58260c97c1a9d297173343,classification_compaction_repair_generation_001_complete,artifacts/local_structured_external_data/whole_corpus_external_data_exhaustive_pipeline_2026-08-04/classified_observations/repair_generation_001/lanes/classification_lane_001/outcomes.jsonl
EXTPAYLOAD-de960ae25f4eb63ad1fd2f8d,classification_compaction_repair_generation_001_complete,artifacts/local_structured_external_data/whole_corpus_external_data_exhaustive_pipeline_2026-08-04/classified_observations/repair_generation_001/lanes/classification_lane_001/outcomes.jsonl
EXTPAYLOAD-de9e52cd88ff140cf86bb48b,classification_compaction_repair_generation_001_complete,artifacts/local_structured_external_data/whole_corpus_external_data_exhaustive_pipeline_2026-08-04/classified_observations/repair_generation_001/lanes/classification_lane_001/outcomes.jsonl
EXTPAYLOAD-deaa66f07eda6c418f5d3939,classification_compaction_repair_generation_001_complete,artifacts/local_structured_external_data/whole_corpus_external_data_exhaustive_pipeline_2026-08-04/classified_observations/repair_generation_001/lanes/classification_lane_001/outcomes.jsonl
EXTPAYLOAD-dead5276838a052f98cda1b6,classification_compaction_repair_generation_001_complete,artifacts/local_structured_external_data/whole_corpus_external_data_exhaustive_pipeline_2026-08-04/classified_observations/repair_generation_001/lanes/classification_lane_001/outcomes.jsonl
EXTPAYLOAD-deb3153ebc819dc5189f51fc,classification_compaction_repair_generation_001_complete,artifacts/local_structured_external_data/whole_corpus_external_data_exhaustive_pipeline_2026-08-04/classified_observations/repair_generation_001/lanes/classification_lane_001/outcomes.jsonl
EXTPAYLOAD-ded3f75e36226046b834bb38,classification_compaction_repair_generation_001_complete,artifacts/local_structured_external_data/whole_corpus_external_data_exhaustive_pipeline_2026-08-04/classified_observations/repair_generation_001/lanes/classification_lane_001/outcomes.jsonl
EXTPAYLOAD-ded5601546643154b664f368,classification_compaction_repair_generation_001_complete,artifacts/local_structured_external_data/whole_corpus_external_data_exhaustive_pipeline_2026-08-04/classified_observations/repair_generation_001/lanes/classification_lane_001/outcomes.jsonl
EXTPAYLOAD-dedce0aff851420af1dc5073,classification_compaction_repair_generation_001_complete,artifacts/local_structured_external_data/whole_corpus_external_data_exhaustive_pipeline_2026-08-04/classified_observations/repair_generation_001/lanes/classification_lane_001/outcomes.jsonl
EXTPAYLOAD-dede3095afc3f9ca8f5420b3,classification_compaction_repair_generation_001_complete,artifacts/local_structured_external_data/whole_corpus_external_data_exhaustive_pipeline_2026-08-04/classified_observations/repair_generation_001/lanes/classification_lane_001/outcomes.jsonl
EXTPAYLOAD-def45fa16724bb024e767280,classification_compaction_repair_generation_001_complete,artifacts/local_structured_external_data/whole_corpus_external_data_exhaustive_pipeline_2026-08-04/classified_observations/repair_generation_001/lanes/classification_lane_001/outcomes.jsonl
EXTPAYLOAD-def80dbd0f77519fd1c2a23c,classification_compaction_repair_generation_001_complete,artifacts/local_structured_external_data/whole_corpus_external_data_exhaustive_pipeline_2026-08-04/classified_observations/repair_generation_001/lanes/classification_lane_001/outcomes.jsonl
EXTPAYLOAD-df12fe67857e854f05b8830c,classification_compaction_repair_generation_001_complete,artifacts/local_structured_external_data/whole_corpus_external_data_exhaustive_pipeline_2026-08-04/classified_observations/repair_generation_001/lanes/classification_lane_001/outcomes.jsonl
EXTPAYLOAD-df1efbeb78265fcfb1be1f97,classification_compaction_repair_generation_001_complete,artifacts/local_structured_external_data/whole_corpus_external_data_exhaustive_pipeline_2026-08-04/classified_observations/repair_generation_001/lanes/classification_lane_001/outcomes.jsonl
EXTPAYLOAD-df25ddb21f1b22111cf4576a,classification_compaction_repair_generation_001_complete,artifacts/local_structured_external_data/whole_corpus_external_data_exhaustive_pipeline_2026-08-04/classified_observations/repair_generation_001/lanes/classification_lane_001/outcomes.jsonl
EXTPAYLOAD-df77e83e42f357922795c1d6,classification_compaction_repair_generation_001_complete,artifacts/local_structured_external_data/whole_corpus_external_data_exhaustive_pipeline_2026-08-04/classified_observations/repair_generation_001/lanes/classification_lane_001/outcomes.jsonl
EXTPAYLOAD-dfa320d578cc7247162884fc,classification_compaction_repair_generation_001_complete,artifacts/local_structured_external_data/whole_corpus_external_data_exhaustive_pipeline_2026-08-04/classified_observations/repair_generation_001/lanes/classification_lane_001/outcomes.jsonl
EXTPAYLOAD-dfadea6c843353dc313e345b,classification_compaction_repair_generation_001_complete,artifacts/local_structured_external_data/whole_corpus_external_data_exhaustive_pipeline_2026-08-04/classified_observations/repair_generation_001/lanes/classification_lane_001/outcomes.jsonl
EXTPAYLOAD-dfb541e9f019e275ff4bad6b,classification_compaction_repair_generation_001_complete,artifacts/local_structured_external_data/whole_corpus_external_data_exhaustive_pipeline_2026-08-04/classified_observations/repair_generation_001/lanes/classification_lane_001/outcomes.jsonl
EXTPAYLOAD-dfce33226b4b9f324eac6abb,classification_compaction_repair_generation_001_complete,artifacts/local_structured_external_data/whole_corpus_external_data_exhaustive_pipeline_2026-08-04/classified_observations/repair_generation_001/lanes/classification_lane_001/outcomes.jsonl
EXTPAYLOAD-dfec2d79645eb89ccc163258,classification_compaction_repair_generation_001_complete,artifacts/local_structured_external_data/whole_corpus_external_data_exhaustive_pipeline_2026-08-04/classified_observations/repair_generation_001/lanes/classification_lane_001/outcomes.jsonl
EXTPAYLOAD-dfeec2ac13bf0cd12a9f39b2,classification_compaction_repair_generation_001_complete,artifacts/local_structured_external_data/whole_corpus_external_data_exhaustive_pipeline_2026-08-04/classified_observations/repair_generation_001/lanes/classification_lane_001/outcomes.jsonl
EXTPAYLOAD-dffbda42fd6a8a2c2752f975,classification_compaction_repair_generation_001_complete,artifacts/local_structured_external_data/whole_corpus_external_data_exhaustive_pipeline_2026-08-04/classified_observations/repair_generation_001/lanes/classification_lane_001/outcomes.jsonl
EXTPAYLOAD-dffff30d3b7077c7dd9efac2,classification_compaction_repair_generation_001_complete,artifacts/local_structured_external_data/whole_corpus_external_data_exhaustive_pipeline_2026-08-04/classified_observations/repair_generation_001/lanes/classification_lane_001/outcomes.jsonl
EXTPAYLOAD-e0121b2819edc93cf71191a3,classification_compaction_repair_generation_001_complete,artifacts/local_structured_external_data/whole_corpus_external_data_exhaustive_pipeline_2026-08-04/classified_observations/repair_generation_001/lanes/classification_lane_001/outcomes.jsonl
EXTPAYLOAD-e03ab8629adfdc383e27f3b4,classification_compaction_repair_generation_001_complete,artifacts/local_structured_external_data/whole_corpus_external_data_exhaustive_pipeline_2026-08-04/classified_observations/repair_generation_001/lanes/classification_lane_001/outcomes.jsonl
EXTPAYLOAD-e03e0d079b750f0f41b2ed6b,classification_compaction_repair_generation_001_complete,artifacts/local_structured_external_data/whole_corpus_external_data_exhaustive_pipeline_2026-08-04/classified_observations/repair_generation_001/lanes/classification_lane_001/outcomes.jsonl
EXTPAYLOAD-e0494bf4a3594fe749ff8b91,classification_compaction_repair_generation_001_complete,artifacts/local_structured_external_data/whole_corpus_external_data_exhaustive_pipeline_2026-08-04/classified_observations/repair_generation_001/lanes/classification_lane_001/outcomes.jsonl
EXTPAYLOAD-e051ffc6df2dcd25313d1492,classification_compaction_repair_generation_001_complete,artifacts/local_structured_external_data/whole_corpus_external_data_exhaustive_pipeline_2026-08-04/classified_observations/repair_generation_001/lanes/classification_lane_001/outcomes.jsonl
EXTPAYLOAD-e0537babe99464c2661d24b3,classification_compaction_repair_generation_001_complete,artifacts/local_structured_external_data/whole_corpus_external_data_exhaustive_pipeline_2026-08-04/classified_observations/repair_generation_001/lanes/classification_lane_001/outcomes.jsonl
EXTPAYLOAD-e0cad86c296e88571f99ea21,classification_compaction_repair_generation_001_complete,artifacts/local_structured_external_data/whole_corpus_external_data_exhaustive_pipeline_2026-08-04/classified_observations/repair_generation_001/lanes/classification_lane_001/outcomes.jsonl
EXTPAYLOAD-e0d5e2bb886f88c1682cabeb,classification_compaction_repair_generation_001_complete,artifacts/local_structured_external_data/whole_corpus_external_data_exhaustive_pipeline_2026-08-04/classified_observations/repair_generation_001/lanes/classification_lane_001/outcomes.jsonl
EXTPAYLOAD-e0f3b908debec4e725b96140,classification_compaction_repair_generation_001_complete,artifacts/local_structured_external_data/whole_corpus_external_data_exhaustive_pipeline_2026-08-04/classified_observations/repair_generation_001/lanes/classification_lane_001/outcomes.jsonl
EXTPAYLOAD-e103c672957e000b63790e08,classification_compaction_repair_generation_001_complete,artifacts/local_structured_external_data/whole_corpus_external_data_exhaustive_pipeline_2026-08-04/classified_observations/repair_generation_001/lanes/classification_lane_001/outcomes.jsonl
EXTPAYLOAD-e10c8b4b60b8643d97e9c201,classification_compaction_repair_generation_001_complete,artifacts/local_structured_external_data/whole_corpus_external_data_exhaustive_pipeline_2026-08-04/classified_observations/repair_generation_001/lanes/classification_lane_001/outcomes.jsonl
EXTPAYLOAD-e118857e7ed9f3aa83a773dc,classification_compaction_repair_generation_001_complete,artifacts/local_structured_external_data/whole_corpus_external_data_exhaustive_pipeline_2026-08-04/classified_observations/repair_generation_001/lanes/classification_lane_001/outcomes.jsonl
EXTPAYLOAD-e127da71ca72206b5e47ef65,classification_compaction_repair_generation_001_complete,artifacts/local_structured_external_data/whole_corpus_external_data_exhaustive_pipeline_2026-08-04/classified_observations/repair_generation_001/lanes/classification_lane_001/outcomes.jsonl
EXTPAYLOAD-e133c4c03312cb03345523a1,classification_compaction_repair_generation_001_complete,artifacts/local_structured_external_data/whole_corpus_external_data_exhaustive_pipeline_2026-08-04/classified_observations/repair_generation_001/lanes/classification_lane_001/outcomes.jsonl
EXTPAYLOAD-e16145a69d983ef2eac1d10b,classification_compaction_repair_generation_001_complete,artifacts/local_structured_external_data/whole_corpus_external_data_exhaustive_pipeline_2026-08-04/classified_observations/repair_generation_001/lanes/classification_lane_001/outcomes.jsonl
EXTPAYLOAD-e16bb92abc086ecf2ce2aa22,classification_compaction_repair_generation_001_complete,artifacts/local_structured_external_data/whole_corpus_external_data_exhaustive_pipeline_2026-08-04/classified_observations/repair_generation_001/lanes/classification_lane_001/outcomes.jsonl
EXTPAYLOAD-e16ca7c93f697f978b9e042c,classification_compaction_repair_generation_001_complete,artifacts/local_structured_external_data/whole_corpus_external_data_exhaustive_pipeline_2026-08-04/classified_observations/repair_generation_001/lanes/classification_lane_001/outcomes.jsonl
EXTPAYLOAD-e16e77e3f90b6e0ea63af90d,classification_compaction_repair_generation_001_complete,artifacts/local_structured_external_data/whole_corpus_external_data_exhaustive_pipeline_2026-08-04/classified_observations/repair_generation_001/lanes/classification_lane_001/outcomes.jsonl
EXTPAYLOAD-e16f3b97a1b163f7733bc61a,classification_compaction_repair_generation_001_complete,artifacts/local_structured_external_data/whole_corpus_external_data_exhaustive_pipeline_2026-08-04/classified_observations/repair_generation_001/lanes/classification_lane_001/outcomes.jsonl
EXTPAYLOAD-e1740c8dbd42d07184129bb4,classification_compaction_repair_generation_001_complete,artifacts/local_structured_external_data/whole_corpus_external_data_exhaustive_pipeline_2026-08-04/classified_observations/repair_generation_001/lanes/classification_lane_001/outcomes.jsonl
EXTPAYLOAD-e177b4c95ed11b49b1a9a69c,classification_compaction_repair_generation_001_complete,artifacts/local_structured_external_data/whole_corpus_external_data_exhaustive_pipeline_2026-08-04/classified_observations/repair_generation_001/lanes/classification_lane_001/outcomes.jsonl
EXTPAYLOAD-e1a08d3f9938f2c3d5b18a76,classification_compaction_repair_generation_001_complete,artifacts/local_structured_external_data/whole_corpus_external_data_exhaustive_pipeline_2026-08-04/classified_observations/repair_generation_001/lanes/classification_lane_001/outcomes.jsonl
EXTPAYLOAD-e1bcff8f0dd5f31ef01aae3d,classification_compaction_repair_generation_001_complete,artifacts/local_structured_external_data/whole_corpus_external_data_exhaustive_pipeline_2026-08-04/classified_observations/repair_generation_001/lanes/classification_lane_001/outcomes.jsonl
EXTPAYLOAD-e1df4a6abf1b32ecff7b367f,classification_compaction_repair_generation_001_complete,artifacts/local_structured_external_data/whole_corpus_external_data_exhaustive_pipeline_2026-08-04/classified_observations/repair_generation_001/lanes/classification_lane_001/outcomes.jsonl
EXTPAYLOAD-e1f6529cf8fee7cb35da5f00,classification_compaction_repair_generation_001_complete,artifacts/local_structured_external_data/whole_corpus_external_data_exhaustive_pipeline_2026-08-04/classified_observations/repair_generation_001/lanes/classification_lane_001/outcomes.jsonl
EXTPAYLOAD-e20fb269899dd379b01f77db,classification_compaction_repair_generation_001_complete,artifacts/local_structured_external_data/whole_corpus_external_data_exhaustive_pipeline_2026-08-04/classified_observations/repair_generation_001/lanes/classification_lane_001/outcomes.jsonl
EXTPAYLOAD-e2513264acee78ba148583f3,classification_compaction_repair_generation_001_complete,artifacts/local_structured_external_data/whole_corpus_external_data_exhaustive_pipeline_2026-08-04/classified_observations/repair_generation_001/lanes/classification_lane_001/outcomes.jsonl
EXTPAYLOAD-e2665317b129597c001f5bbe,classification_compaction_repair_generation_001_complete,artifacts/local_structured_external_data/whole_corpus_external_data_exhaustive_pipeline_2026-08-04/classified_observations/repair_generation_001/lanes/classification_lane_001/outcomes.jsonl
EXTPAYLOAD-e27cdd8928435206dd511055,classification_compaction_repair_generation_001_complete,artifacts/local_structured_external_data/whole_corpus_external_data_exhaustive_pipeline_2026-08-04/classified_observations/repair_generation_001/lanes/classification_lane_001/outcomes.jsonl
EXTPAYLOAD-e296a8d598ca09abe742ca82,classification_compaction_repair_generation_001_complete,artifacts/local_structured_external_data/whole_corpus_external_data_exhaustive_pipeline_2026-08-04/classified_observations/repair_generation_001/lanes/classification_lane_001/outcomes.jsonl
EXTPAYLOAD-e2ca963d728c0747b7429f1e,classification_compaction_repair_generation_001_complete,artifacts/local_structured_external_data/whole_corpus_external_data_exhaustive_pipeline_2026-08-04/classified_observations/repair_generation_001/lanes/classification_lane_001/outcomes.jsonl
EXTPAYLOAD-e2da637c6902adb85be23be5,classification_compaction_repair_generation_001_complete,artifacts/local_structured_external_data/whole_corpus_external_data_exhaustive_pipeline_2026-08-04/classified_observations/repair_generation_001/lanes/classification_lane_001/outcomes.jsonl
EXTPAYLOAD-e333f7795482ba848d3d2e45,classification_compaction_repair_generation_001_complete,artifacts/local_structured_external_data/whole_corpus_external_data_exhaustive_pipeline_2026-08-04/classified_observations/repair_generation_001/lanes/classification_lane_001/outcomes.jsonl
EXTPAYLOAD-e34faabbd51c2da295196f96,classification_compaction_repair_generation_001_complete,artifacts/local_structured_external_data/whole_corpus_external_data_exhaustive_pipeline_2026-08-04/classified_observations/repair_generation_001/lanes/classification_lane_001/outcomes.jsonl
EXTPAYLOAD-e35c53a0416665b7ba37b690,classification_compaction_repair_generation_001_complete,artifacts/local_structured_external_data/whole_corpus_external_data_exhaustive_pipeline_2026-08-04/classified_observations/repair_generation_001/lanes/classification_lane_001/outcomes.jsonl
EXTPAYLOAD-e35cd44653191c44189cfe9d,classification_compaction_repair_generation_001_complete,artifacts/local_structured_external_data/whole_corpus_external_data_exhaustive_pipeline_2026-08-04/classified_observations/repair_generation_001/lanes/classification_lane_001/outcomes.jsonl
EXTPAYLOAD-e37c189a7939f7aca5292bbb,classification_compaction_repair_generation_001_complete,artifacts/local_structured_external_data/whole_corpus_external_data_exhaustive_pipeline_2026-08-04/classified_observations/repair_generation_001/lanes/classification_lane_001/outcomes.jsonl
EXTPAYLOAD-e3a9d1939172eecce395f981,classification_compaction_repair_generation_001_complete,artifacts/local_structured_external_data/whole_corpus_external_data_exhaustive_pipeline_2026-08-04/classified_observations/repair_generation_001/lanes/classification_lane_001/outcomes.jsonl
EXTPAYLOAD-e3b695d960caaf51482922f8,classification_compaction_repair_generation_001_complete,artifacts/local_structured_external_data/whole_corpus_external_data_exhaustive_pipeline_2026-08-04/classified_observations/repair_generation_001/lanes/classification_lane_001/outcomes.jsonl
EXTPAYLOAD-e3d4c2ebab355b4fed647dfc,classification_compaction_repair_generation_001_complete,artifacts/local_structured_external_data/whole_corpus_external_data_exhaustive_pipeline_2026-08-04/classified_observations/repair_generation_001/lanes/classification_lane_001/outcomes.jsonl
EXTPAYLOAD-e3d52875758aed69b452b91d,classification_compaction_repair_generation_001_complete,artifacts/local_structured_external_data/whole_corpus_external_data_exhaustive_pipeline_2026-08-04/classified_observations/repair_generation_001/lanes/classification_lane_001/outcomes.jsonl
EXTPAYLOAD-e3d895742d30a2013d818bd6,classification_compaction_repair_generation_001_complete,artifacts/local_structured_external_data/whole_corpus_external_data_exhaustive_pipeline_2026-08-04/classified_observations/repair_generation_001/lanes/classification_lane_001/outcomes.jsonl
EXTPAYLOAD-e3f083204b31556edfe1f963,classification_compaction_repair_generation_001_complete,artifacts/local_structured_external_data/whole_corpus_external_data_exhaustive_pipeline_2026-08-04/classified_observations/repair_generation_001/lanes/classification_lane_001/outcomes.jsonl
EXTPAYLOAD-e3f1ef98a99d5d91ac6c1722,classification_compaction_repair_generation_001_complete,artifacts/local_structured_external_data/whole_corpus_external_data_exhaustive_pipeline_2026-08-04/classified_observations/repair_generation_001/lanes/classification_lane_001/outcomes.jsonl
EXTPAYLOAD-e40bbf9cde429963a98ba926,classification_compaction_repair_generation_001_complete,artifacts/local_structured_external_data/whole_corpus_external_data_exhaustive_pipeline_2026-08-04/classified_observations/repair_generation_001/lanes/classification_lane_001/outcomes.jsonl
EXTPAYLOAD-e4206407e20c543c19c900aa,classification_compaction_repair_generation_001_complete,artifacts/local_structured_external_data/whole_corpus_external_data_exhaustive_pipeline_2026-08-04/classified_observations/repair_generation_001/lanes/classification_lane_001/outcomes.jsonl
EXTPAYLOAD-e454f70b6691f1365ed45fa5,classification_compaction_repair_generation_001_complete,artifacts/local_structured_external_data/whole_corpus_external_data_exhaustive_pipeline_2026-08-04/classified_observations/repair_generation_001/lanes/classification_lane_001/outcomes.jsonl
EXTPAYLOAD-e472b0c8f5616183e2be16eb,classification_compaction_repair_generation_001_complete,artifacts/local_structured_external_data/whole_corpus_external_data_exhaustive_pipeline_2026-08-04/classified_observations/repair_generation_001/lanes/classification_lane_001/outcomes.jsonl
EXTPAYLOAD-e4979d45380fae73b1f6cbce,classification_compaction_repair_generation_001_complete,artifacts/local_structured_external_data/whole_corpus_external_data_exhaustive_pipeline_2026-08-04/classified_observations/repair_generation_001/lanes/classification_lane_001/outcomes.jsonl
EXTPAYLOAD-e4cca67c7f24beefd1b2cb2d,classification_compaction_repair_generation_001_complete,artifacts/local_structured_external_data/whole_corpus_external_data_exhaustive_pipeline_2026-08-04/classified_observations/repair_generation_001/lanes/classification_lane_001/outcomes.jsonl
EXTPAYLOAD-e4ed9dd8cfec84a2dffe2140,classification_compaction_repair_generation_001_complete,artifacts/local_structured_external_data/whole_corpus_external_data_exhaustive_pipeline_2026-08-04/classified_observations/repair_generation_001/lanes/classification_lane_001/outcomes.jsonl
EXTPAYLOAD-e4f41a236ba952b3edce3c28,classification_compaction_repair_generation_001_complete,artifacts/local_structured_external_data/whole_corpus_external_data_exhaustive_pipeline_2026-08-04/classified_observations/repair_generation_001/lanes/classification_lane_001/outcomes.jsonl
EXTPAYLOAD-e4f51e440a02110ca2c5fa9e,classification_compaction_repair_generation_001_complete,artifacts/local_structured_external_data/whole_corpus_external_data_exhaustive_pipeline_2026-08-04/classified_observations/repair_generation_001/lanes/classification_lane_001/outcomes.jsonl
EXTPAYLOAD-e521b6674520c69337cc63db,classification_compaction_repair_generation_001_complete,artifacts/local_structured_external_data/whole_corpus_external_data_exhaustive_pipeline_2026-08-04/classified_observations/repair_generation_001/lanes/classification_lane_001/outcomes.jsonl
EXTPAYLOAD-e541e1fb0b05cdd01c0ca8bf,classification_compaction_repair_generation_001_complete,artifacts/local_structured_external_data/whole_corpus_external_data_exhaustive_pipeline_2026-08-04/classified_observations/repair_generation_001/lanes/classification_lane_001/outcomes.jsonl
EXTPAYLOAD-e557e7952cb4596e7edd8c81,classification_compaction_repair_generation_001_complete,artifacts/local_structured_external_data/whole_corpus_external_data_exhaustive_pipeline_2026-08-04/classified_observations/repair_generation_001/lanes/classification_lane_001/outcomes.jsonl
EXTPAYLOAD-e55afcaaae72c326ecf94528,classification_compaction_repair_generation_001_complete,artifacts/local_structured_external_data/whole_corpus_external_data_exhaustive_pipeline_2026-08-04/classified_observations/repair_generation_001/lanes/classification_lane_001/outcomes.jsonl
EXTPAYLOAD-e57c92efa1ccf10e331c94dc,classification_compaction_repair_generation_001_complete,artifacts/local_structured_external_data/whole_corpus_external_data_exhaustive_pipeline_2026-08-04/classified_observations/repair_generation_001/lanes/classification_lane_001/outcomes.jsonl
EXTPAYLOAD-e5ba4d8c099d3dca037052f6,classification_compaction_repair_generation_001_complete,artifacts/local_structured_external_data/whole_corpus_external_data_exhaustive_pipeline_2026-08-04/classified_observations/repair_generation_001/lanes/classification_lane_001/outcomes.jsonl
EXTPAYLOAD-e5c6e9d83f1df158b92e6ead,classification_compaction_repair_generation_001_complete,artifacts/local_structured_external_data/whole_corpus_external_data_exhaustive_pipeline_2026-08-04/classified_observations/repair_generation_001/lanes/classification_lane_001/outcomes.jsonl
EXTPAYLOAD-e5cc764868e73fbdb9f4d857,classification_compaction_repair_generation_001_complete,artifacts/local_structured_external_data/whole_corpus_external_data_exhaustive_pipeline_2026-08-04/classified_observations/repair_generation_001/lanes/classification_lane_001/outcomes.jsonl
EXTPAYLOAD-e5ce0ff62979228fd00ac161,classification_compaction_repair_generation_001_complete,artifacts/local_structured_external_data/whole_corpus_external_data_exhaustive_pipeline_2026-08-04/classified_observations/repair_generation_001/lanes/classification_lane_001/outcomes.jsonl
EXTPAYLOAD-e5d5fd9e467b19894a8cfe85,classification_compaction_repair_generation_001_complete,artifacts/local_structured_external_data/whole_corpus_external_data_exhaustive_pipeline_2026-08-04/classified_observations/repair_generation_001/lanes/classification_lane_001/outcomes.jsonl
EXTPAYLOAD-e5eafda99fedb7d5fa927e44,classification_compaction_repair_generation_001_complete,artifacts/local_structured_external_data/whole_corpus_external_data_exhaustive_pipeline_2026-08-04/classified_observations/repair_generation_001/lanes/classification_lane_001/outcomes.jsonl
EXTPAYLOAD-e5f2c682ec48c08e31585430,classification_compaction_repair_generation_001_complete,artifacts/local_structured_external_data/whole_corpus_external_data_exhaustive_pipeline_2026-08-04/classified_observations/repair_generation_001/lanes/classification_lane_001/outcomes.jsonl
EXTPAYLOAD-e5fc6d0cbf6bdbdba79c709d,classification_compaction_repair_generation_001_complete,artifacts/local_structured_external_data/whole_corpus_external_data_exhaustive_pipeline_2026-08-04/classified_observations/repair_generation_001/lanes/classification_lane_001/outcomes.jsonl
EXTPAYLOAD-e5fee46b5fb3c2cedb1c0f9f,classification_compaction_repair_generation_001_complete,artifacts/local_structured_external_data/whole_corpus_external_data_exhaustive_pipeline_2026-08-04/classified_observations/repair_generation_001/lanes/classification_lane_001/outcomes.jsonl
EXTPAYLOAD-e606e7ca64de72090d54aef3,classification_compaction_repair_generation_001_complete,artifacts/local_structured_external_data/whole_corpus_external_data_exhaustive_pipeline_2026-08-04/classified_observations/repair_generation_001/lanes/classification_lane_001/outcomes.jsonl
EXTPAYLOAD-e62aed31eea23fbb807dca99,classification_compaction_repair_generation_001_complete,artifacts/local_structured_external_data/whole_corpus_external_data_exhaustive_pipeline_2026-08-04/classified_observations/repair_generation_001/lanes/classification_lane_001/outcomes.jsonl
EXTPAYLOAD-e63cdab61511dd8e90f2b876,classification_compaction_repair_generation_001_complete,artifacts/local_structured_external_data/whole_corpus_external_data_exhaustive_pipeline_2026-08-04/classified_observations/repair_generation_001/lanes/classification_lane_001/outcomes.jsonl
EXTPAYLOAD-e64cf2ddc52427b18175797b,classification_compaction_repair_generation_001_complete,artifacts/local_structured_external_data/whole_corpus_external_data_exhaustive_pipeline_2026-08-04/classified_observations/repair_generation_001/lanes/classification_lane_001/outcomes.jsonl
EXTPAYLOAD-e66221f84a4715737e787f16,classification_compaction_repair_generation_001_complete,artifacts/local_structured_external_data/whole_corpus_external_data_exhaustive_pipeline_2026-08-04/classified_observations/repair_generation_001/lanes/classification_lane_001/outcomes.jsonl
EXTPAYLOAD-e68a7d9213c7c7096d7e49b6,classification_compaction_repair_generation_001_complete,artifacts/local_structured_external_data/whole_corpus_external_data_exhaustive_pipeline_2026-08-04/classified_observations/repair_generation_001/lanes/classification_lane_001/outcomes.jsonl
EXTPAYLOAD-e68b6b24bc5cb1f6c7c17350,classification_compaction_repair_generation_001_complete,artifacts/local_structured_external_data/whole_corpus_external_data_exhaustive_pipeline_2026-08-04/classified_observations/repair_generation_001/lanes/classification_lane_001/outcomes.jsonl
EXTPAYLOAD-e693a8134f9dd9a59eae5283,classification_compaction_repair_generation_001_complete,artifacts/local_structured_external_data/whole_corpus_external_data_exhaustive_pipeline_2026-08-04/classified_observations/repair_generation_001/lanes/classification_lane_001/outcomes.jsonl
EXTPAYLOAD-e6c8c47b59d0db8aefd54040,classification_compaction_repair_generation_001_complete,artifacts/local_structured_external_data/whole_corpus_external_data_exhaustive_pipeline_2026-08-04/classified_observations/repair_generation_001/lanes/classification_lane_001/outcomes.jsonl
EXTPAYLOAD-e6e8d6ba0e85a7faed4ecc85,classification_compaction_repair_generation_001_complete,artifacts/local_structured_external_data/whole_corpus_external_data_exhaustive_pipeline_2026-08-04/classified_observations/repair_generation_001/lanes/classification_lane_001/outcomes.jsonl
EXTPAYLOAD-e6f7722412b45964799f16ee,classification_compaction_repair_generation_001_complete,artifacts/local_structured_external_data/whole_corpus_external_data_exhaustive_pipeline_2026-08-04/classified_observations/repair_generation_001/lanes/classification_lane_001/outcomes.jsonl
EXTPAYLOAD-e71a99b7396b6c1c57c3936f,classification_compaction_repair_generation_001_complete,artifacts/local_structured_external_data/whole_corpus_external_data_exhaustive_pipeline_2026-08-04/classified_observations/repair_generation_001/lanes/classification_lane_001/outcomes.jsonl
EXTPAYLOAD-e7468d55c57d837f57fa6ffe,classification_compaction_repair_generation_001_complete,artifacts/local_structured_external_data/whole_corpus_external_data_exhaustive_pipeline_2026-08-04/classified_observations/repair_generation_001/lanes/classification_lane_001/outcomes.jsonl
EXTPAYLOAD-e762df4efcc7dc795aaaada4,classification_compaction_repair_generation_001_complete,artifacts/local_structured_external_data/whole_corpus_external_data_exhaustive_pipeline_2026-08-04/classified_observations/repair_generation_001/lanes/classification_lane_001/outcomes.jsonl
EXTPAYLOAD-e76d82ff67f2ff2b671a5d9f,classification_compaction_repair_generation_001_complete,artifacts/local_structured_external_data/whole_corpus_external_data_exhaustive_pipeline_2026-08-04/classified_observations/repair_generation_001/lanes/classification_lane_001/outcomes.jsonl
EXTPAYLOAD-e79bdb1a160674c3d3d22a1d,classification_compaction_repair_generation_001_complete,artifacts/local_structured_external_data/whole_corpus_external_data_exhaustive_pipeline_2026-08-04/classified_observations/repair_generation_001/lanes/classification_lane_001/outcomes.jsonl
EXTPAYLOAD-e7c39c402b2939a31e901b66,classification_compaction_repair_generation_001_complete,artifacts/local_structured_external_data/whole_corpus_external_data_exhaustive_pipeline_2026-08-04/classified_observations/repair_generation_001/lanes/classification_lane_001/outcomes.jsonl
EXTPAYLOAD-e7d1e515a70e35206c5b110c,classification_compaction_repair_generation_001_complete,artifacts/local_structured_external_data/whole_corpus_external_data_exhaustive_pipeline_2026-08-04/classified_observations/repair_generation_001/lanes/classification_lane_001/outcomes.jsonl
EXTPAYLOAD-e7df880b585c301f7ac94de7,classification_compaction_repair_generation_001_complete,artifacts/local_structured_external_data/whole_corpus_external_data_exhaustive_pipeline_2026-08-04/classified_observations/repair_generation_001/lanes/classification_lane_001/outcomes.jsonl
EXTPAYLOAD-e7ff5ca680aba650b8f58431,classification_compaction_repair_generation_001_complete,artifacts/local_structured_external_data/whole_corpus_external_data_exhaustive_pipeline_2026-08-04/classified_observations/repair_generation_001/lanes/classification_lane_001/outcomes.jsonl
EXTPAYLOAD-e808e4b10e02171b1ef6ba00,classification_compaction_repair_generation_001_complete,artifacts/local_structured_external_data/whole_corpus_external_data_exhaustive_pipeline_2026-08-04/classified_observations/repair_generation_001/lanes/classification_lane_001/outcomes.jsonl
EXTPAYLOAD-e80e856a9923ceb997bd5f4e,classification_compaction_repair_generation_001_complete,artifacts/local_structured_external_data/whole_corpus_external_data_exhaustive_pipeline_2026-08-04/classified_observations/repair_generation_001/lanes/classification_lane_001/outcomes.jsonl
EXTPAYLOAD-e81c2ed6a1b26bb25193895a,classification_compaction_repair_generation_001_complete,artifacts/local_structured_external_data/whole_corpus_external_data_exhaustive_pipeline_2026-08-04/classified_observations/repair_generation_001/lanes/classification_lane_001/outcomes.jsonl
EXTPAYLOAD-e83ac8b012e8186b44bc13b6,classification_compaction_repair_generation_001_complete,artifacts/local_structured_external_data/whole_corpus_external_data_exhaustive_pipeline_2026-08-04/classified_observations/repair_generation_001/lanes/classification_lane_001/outcomes.jsonl
EXTPAYLOAD-e85fde17ca716c2afd25bf17,classification_compaction_repair_generation_001_complete,artifacts/local_structured_external_data/whole_corpus_external_data_exhaustive_pipeline_2026-08-04/classified_observations/repair_generation_001/lanes/classification_lane_001/outcomes.jsonl
EXTPAYLOAD-e8630c303ee10b6f32afe079,classification_compaction_repair_generation_001_complete,artifacts/local_structured_external_data/whole_corpus_external_data_exhaustive_pipeline_2026-08-04/classified_observations/repair_generation_001/lanes/classification_lane_001/outcomes.jsonl
EXTPAYLOAD-e8795406c98198fc34497d0a,classification_compaction_repair_generation_001_complete,artifacts/local_structured_external_data/whole_corpus_external_data_exhaustive_pipeline_2026-08-04/classified_observations/repair_generation_001/lanes/classification_lane_001/outcomes.jsonl
EXTPAYLOAD-e8840fb3bddc6be7a022d85a,classification_compaction_repair_generation_001_complete,artifacts/local_structured_external_data/whole_corpus_external_data_exhaustive_pipeline_2026-08-04/classified_observations/repair_generation_001/lanes/classification_lane_001/outcomes.jsonl
EXTPAYLOAD-e8bc2e18ad119826fe9bcd9b,classification_compaction_repair_generation_001_complete,artifacts/local_structured_external_data/whole_corpus_external_data_exhaustive_pipeline_2026-08-04/classified_observations/repair_generation_001/lanes/classification_lane_001/outcomes.jsonl
EXTPAYLOAD-e8e30af2d9a62e76bfb123e4,classification_compaction_repair_generation_001_complete,artifacts/local_structured_external_data/whole_corpus_external_data_exhaustive_pipeline_2026-08-04/classified_observations/repair_generation_001/lanes/classification_lane_001/outcomes.jsonl
EXTPAYLOAD-e8f198892e58eeeb98bd1926,classification_compaction_repair_generation_001_complete,artifacts/local_structured_external_data/whole_corpus_external_data_exhaustive_pipeline_2026-08-04/classified_observations/repair_generation_001/lanes/classification_lane_001/outcomes.jsonl
EXTPAYLOAD-e8f65804763108822e50c3d8,classification_compaction_repair_generation_001_complete,artifacts/local_structured_external_data/whole_corpus_external_data_exhaustive_pipeline_2026-08-04/classified_observations/repair_generation_001/lanes/classification_lane_001/outcomes.jsonl
EXTPAYLOAD-e924e02359f9d25daf431994,classification_compaction_repair_generation_001_complete,artifacts/local_structured_external_data/whole_corpus_external_data_exhaustive_pipeline_2026-08-04/classified_observations/repair_generation_001/lanes/classification_lane_001/outcomes.jsonl
EXTPAYLOAD-e93f358b1e34b32dfeeedbca,classification_compaction_repair_generation_001_complete,artifacts/local_structured_external_data/whole_corpus_external_data_exhaustive_pipeline_2026-08-04/classified_observations/repair_generation_001/lanes/classification_lane_001/outcomes.jsonl
EXTPAYLOAD-e96b11709adec28feaecbc3a,classification_compaction_repair_generation_001_complete,artifacts/local_structured_external_data/whole_corpus_external_data_exhaustive_pipeline_2026-08-04/classified_observations/repair_generation_001/lanes/classification_lane_001/outcomes.jsonl
EXTPAYLOAD-e972cbdc2e71749866c5df1e,classification_compaction_repair_generation_001_complete,artifacts/local_structured_external_data/whole_corpus_external_data_exhaustive_pipeline_2026-08-04/classified_observations/repair_generation_001/lanes/classification_lane_001/outcomes.jsonl
EXTPAYLOAD-e999cea8fa74a75483d6d4e4,classification_compaction_repair_generation_001_complete,artifacts/local_structured_external_data/whole_corpus_external_data_exhaustive_pipeline_2026-08-04/classified_observations/repair_generation_001/lanes/classification_lane_001/outcomes.jsonl
EXTPAYLOAD-e9a9356ff98192886c98ef0c,classification_compaction_repair_generation_001_complete,artifacts/local_structured_external_data/whole_corpus_external_data_exhaustive_pipeline_2026-08-04/classified_observations/repair_generation_001/lanes/classification_lane_001/outcomes.jsonl
EXTPAYLOAD-e9b473518b0e345c0b69d21c,classification_compaction_repair_generation_001_complete,artifacts/local_structured_external_data/whole_corpus_external_data_exhaustive_pipeline_2026-08-04/classified_observations/repair_generation_001/lanes/classification_lane_001/outcomes.jsonl
EXTPAYLOAD-e9bb0989af7dcaaaf5b7dba6,classification_compaction_repair_generation_001_complete,artifacts/local_structured_external_data/whole_corpus_external_data_exhaustive_pipeline_2026-08-04/classified_observations/repair_generation_001/lanes/classification_lane_001/outcomes.jsonl
EXTPAYLOAD-e9d38513298a605f915306b2,classification_compaction_repair_generation_001_complete,artifacts/local_structured_external_data/whole_corpus_external_data_exhaustive_pipeline_2026-08-04/classified_observations/repair_generation_001/lanes/classification_lane_001/outcomes.jsonl
EXTPAYLOAD-e9d5bb2fb55e50018e468fe1,classification_compaction_repair_generation_001_complete,artifacts/local_structured_external_data/whole_corpus_external_data_exhaustive_pipeline_2026-08-04/classified_observations/repair_generation_001/lanes/classification_lane_001/outcomes.jsonl
EXTPAYLOAD-e9ef724e161a2be146b23a05,classification_compaction_repair_generation_001_complete,artifacts/local_structured_external_data/whole_corpus_external_data_exhaustive_pipeline_2026-08-04/classified_observations/repair_generation_001/lanes/classification_lane_001/outcomes.jsonl
EXTPAYLOAD-ea038b6830a619834cffa1e2,classification_compaction_repair_generation_001_complete,artifacts/local_structured_external_data/whole_corpus_external_data_exhaustive_pipeline_2026-08-04/classified_observations/repair_generation_001/lanes/classification_lane_001/outcomes.jsonl
EXTPAYLOAD-ea20ebfcafa8edcda4c97202,classification_compaction_repair_generation_001_complete,artifacts/local_structured_external_data/whole_corpus_external_data_exhaustive_pipeline_2026-08-04/classified_observations/repair_generation_001/lanes/classification_lane_001/outcomes.jsonl
EXTPAYLOAD-ea258f14eaf2738f6eb91205,classification_compaction_repair_generation_001_complete,artifacts/local_structured_external_data/whole_corpus_external_data_exhaustive_pipeline_2026-08-04/classified_observations/repair_generation_001/lanes/classification_lane_001/outcomes.jsonl
EXTPAYLOAD-ea3036b550c84a63447e65ed,classification_compaction_repair_generation_001_complete,artifacts/local_structured_external_data/whole_corpus_external_data_exhaustive_pipeline_2026-08-04/classified_observations/repair_generation_001/lanes/classification_lane_001/outcomes.jsonl
EXTPAYLOAD-ea3200a0441a69efdb1b3a2e,classification_compaction_repair_generation_001_complete,artifacts/local_structured_external_data/whole_corpus_external_data_exhaustive_pipeline_2026-08-04/classified_observations/repair_generation_001/lanes/classification_lane_001/outcomes.jsonl
EXTPAYLOAD-ea33b3d5889ec38860bae35c,classification_compaction_repair_generation_001_complete,artifacts/local_structured_external_data/whole_corpus_external_data_exhaustive_pipeline_2026-08-04/classified_observations/repair_generation_001/lanes/classification_lane_001/outcomes.jsonl
EXTPAYLOAD-ea380204a5d139847a6469fe,classification_compaction_repair_generation_001_complete,artifacts/local_structured_external_data/whole_corpus_external_data_exhaustive_pipeline_2026-08-04/classified_observations/repair_generation_001/lanes/classification_lane_001/outcomes.jsonl
EXTPAYLOAD-ea85c836364ccf2f07d0a56f,classification_compaction_repair_generation_001_complete,artifacts/local_structured_external_data/whole_corpus_external_data_exhaustive_pipeline_2026-08-04/classified_observations/repair_generation_001/lanes/classification_lane_001/outcomes.jsonl
EXTPAYLOAD-eaa1703e12586fb57d9855e2,classification_compaction_repair_generation_001_complete,artifacts/local_structured_external_data/whole_corpus_external_data_exhaustive_pipeline_2026-08-04/classified_observations/repair_generation_001/lanes/classification_lane_001/outcomes.jsonl
EXTPAYLOAD-eaad929e036138108890b942,classification_compaction_repair_generation_001_complete,artifacts/local_structured_external_data/whole_corpus_external_data_exhaustive_pipeline_2026-08-04/classified_observations/repair_generation_001/lanes/classification_lane_001/outcomes.jsonl
EXTPAYLOAD-eab6ce558f7aa34f3cf5286f,classification_compaction_repair_generation_001_complete,artifacts/local_structured_external_data/whole_corpus_external_data_exhaustive_pipeline_2026-08-04/classified_observations/repair_generation_001/lanes/classification_lane_001/outcomes.jsonl
EXTPAYLOAD-ead899ba646a612b3cd999da,classification_compaction_repair_generation_001_complete,artifacts/local_structured_external_data/whole_corpus_external_data_exhaustive_pipeline_2026-08-04/classified_observations/repair_generation_001/lanes/classification_lane_001/outcomes.jsonl
EXTPAYLOAD-eb21745d07431d5f4145743c,classification_compaction_repair_generation_001_complete,artifacts/local_structured_external_data/whole_corpus_external_data_exhaustive_pipeline_2026-08-04/classified_observations/repair_generation_001/lanes/classification_lane_001/outcomes.jsonl
EXTPAYLOAD-eb27a51305270ec43337d927,classification_compaction_repair_generation_001_complete,artifacts/local_structured_external_data/whole_corpus_external_data_exhaustive_pipeline_2026-08-04/classified_observations/repair_generation_001/lanes/classification_lane_001/outcomes.jsonl
EXTPAYLOAD-eb38fe3445ad4ce82edd9c44,classification_compaction_repair_generation_001_complete,artifacts/local_structured_external_data/whole_corpus_external_data_exhaustive_pipeline_2026-08-04/classified_observations/repair_generation_001/lanes/classification_lane_001/outcomes.jsonl
EXTPAYLOAD-eb49dff8f2975d0c29633aa7,classification_compaction_repair_generation_001_complete,artifacts/local_structured_external_data/whole_corpus_external_data_exhaustive_pipeline_2026-08-04/classified_observations/repair_generation_001/lanes/classification_lane_001/outcomes.jsonl
EXTPAYLOAD-eb55bff846826cdaee02df95,classification_compaction_repair_generation_001_complete,artifacts/local_structured_external_data/whole_corpus_external_data_exhaustive_pipeline_2026-08-04/classified_observations/repair_generation_001/lanes/classification_lane_001/outcomes.jsonl
EXTPAYLOAD-eb5994741f5eacf1c2e3ba12,classification_compaction_repair_generation_001_complete,artifacts/local_structured_external_data/whole_corpus_external_data_exhaustive_pipeline_2026-08-04/classified_observations/repair_generation_001/lanes/classification_lane_001/outcomes.jsonl
EXTPAYLOAD-eb8454e8f38fd2d7949077e6,classification_compaction_repair_generation_001_complete,artifacts/local_structured_external_data/whole_corpus_external_data_exhaustive_pipeline_2026-08-04/classified_observations/repair_generation_001/lanes/classification_lane_001/outcomes.jsonl
EXTPAYLOAD-ebab284c88a4b8706d3ad19d,classification_compaction_repair_generation_001_complete,artifacts/local_structured_external_data/whole_corpus_external_data_exhaustive_pipeline_2026-08-04/classified_observations/repair_generation_001/lanes/classification_lane_001/outcomes.jsonl
EXTPAYLOAD-ebb52b9f04630652eb1f76b1,classification_compaction_repair_generation_001_complete,artifacts/local_structured_external_data/whole_corpus_external_data_exhaustive_pipeline_2026-08-04/classified_observations/repair_generation_001/lanes/classification_lane_001/outcomes.jsonl
EXTPAYLOAD-ebc930f651af71c97ee00df4,classification_compaction_repair_generation_001_complete,artifacts/local_structured_external_data/whole_corpus_external_data_exhaustive_pipeline_2026-08-04/classified_observations/repair_generation_001/lanes/classification_lane_001/outcomes.jsonl
EXTPAYLOAD-ebe4f729bca572e8d9cb81b6,classification_compaction_repair_generation_001_complete,artifacts/local_structured_external_data/whole_corpus_external_data_exhaustive_pipeline_2026-08-04/classified_observations/repair_generation_001/lanes/classification_lane_001/outcomes.jsonl
EXTPAYLOAD-ebf44c354613f7d71c413c7e,classification_compaction_repair_generation_001_complete,artifacts/local_structured_external_data/whole_corpus_external_data_exhaustive_pipeline_2026-08-04/classified_observations/repair_generation_001/lanes/classification_lane_001/outcomes.jsonl
EXTPAYLOAD-ec1afac23bd3595685264775,classification_compaction_repair_generation_001_complete,artifacts/local_structured_external_data/whole_corpus_external_data_exhaustive_pipeline_2026-08-04/classified_observations/repair_generation_001/lanes/classification_lane_001/outcomes.jsonl
EXTPAYLOAD-ec2ca046eb18d929681c96d3,classification_compaction_repair_generation_001_complete,artifacts/local_structured_external_data/whole_corpus_external_data_exhaustive_pipeline_2026-08-04/classified_observations/repair_generation_001/lanes/classification_lane_001/outcomes.jsonl
EXTPAYLOAD-ec54ba612bda276745666993,classification_compaction_repair_generation_001_complete,artifacts/local_structured_external_data/whole_corpus_external_data_exhaustive_pipeline_2026-08-04/classified_observations/repair_generation_001/lanes/classification_lane_001/outcomes.jsonl
EXTPAYLOAD-ec775de664dab4640ee2f7a6,classification_compaction_repair_generation_001_complete,artifacts/local_structured_external_data/whole_corpus_external_data_exhaustive_pipeline_2026-08-04/classified_observations/repair_generation_001/lanes/classification_lane_001/outcomes.jsonl
EXTPAYLOAD-ec9baa1eb744e9690962136a,classification_compaction_repair_generation_001_complete,artifacts/local_structured_external_data/whole_corpus_external_data_exhaustive_pipeline_2026-08-04/classified_observations/repair_generation_001/lanes/classification_lane_001/outcomes.jsonl
EXTPAYLOAD-ec9f9721f913158dcbbb2759,classification_compaction_repair_generation_001_complete,artifacts/local_structured_external_data/whole_corpus_external_data_exhaustive_pipeline_2026-08-04/classified_observations/repair_generation_001/lanes/classification_lane_001/outcomes.jsonl
EXTPAYLOAD-ecb8ac5add16c89faafe833a,classification_compaction_repair_generation_001_complete,artifacts/local_structured_external_data/whole_corpus_external_data_exhaustive_pipeline_2026-08-04/classified_observations/repair_generation_001/lanes/classification_lane_001/outcomes.jsonl
EXTPAYLOAD-ece0bcd460ee11b59cc6928c,classification_compaction_repair_generation_001_complete,artifacts/local_structured_external_data/whole_corpus_external_data_exhaustive_pipeline_2026-08-04/classified_observations/repair_generation_001/lanes/classification_lane_001/outcomes.jsonl
EXTPAYLOAD-ecfd5ef7d20e9af20c970ba6,classification_compaction_repair_generation_001_complete,artifacts/local_structured_external_data/whole_corpus_external_data_exhaustive_pipeline_2026-08-04/classified_observations/repair_generation_001/lanes/classification_lane_001/outcomes.jsonl
EXTPAYLOAD-ed012ed808f00a8c7d3d94e4,classification_compaction_repair_generation_001_complete,artifacts/local_structured_external_data/whole_corpus_external_data_exhaustive_pipeline_2026-08-04/classified_observations/repair_generation_001/lanes/classification_lane_001/outcomes.jsonl
EXTPAYLOAD-ed0ff26397b121802525e491,classification_compaction_repair_generation_001_complete,artifacts/local_structured_external_data/whole_corpus_external_data_exhaustive_pipeline_2026-08-04/classified_observations/repair_generation_001/lanes/classification_lane_001/outcomes.jsonl
EXTPAYLOAD-ed43705a093ae94e162bde7b,classification_compaction_repair_generation_001_complete,artifacts/local_structured_external_data/whole_corpus_external_data_exhaustive_pipeline_2026-08-04/classified_observations/repair_generation_001/lanes/classification_lane_001/outcomes.jsonl
EXTPAYLOAD-ed82477aef4a78c0a2965b78,classification_compaction_repair_generation_001_complete,artifacts/local_structured_external_data/whole_corpus_external_data_exhaustive_pipeline_2026-08-04/classified_observations/repair_generation_001/lanes/classification_lane_001/outcomes.jsonl
EXTPAYLOAD-ed875bf7e86009949690ca29,classification_compaction_repair_generation_001_complete,artifacts/local_structured_external_data/whole_corpus_external_data_exhaustive_pipeline_2026-08-04/classified_observations/repair_generation_001/lanes/classification_lane_001/outcomes.jsonl
EXTPAYLOAD-ed87e806bf9e70761767f3e2,classification_compaction_repair_generation_001_complete,artifacts/local_structured_external_data/whole_corpus_external_data_exhaustive_pipeline_2026-08-04/classified_observations/repair_generation_001/lanes/classification_lane_001/outcomes.jsonl
EXTPAYLOAD-eda58131ca5d71bf16367e47,classification_compaction_repair_generation_001_complete,artifacts/local_structured_external_data/whole_corpus_external_data_exhaustive_pipeline_2026-08-04/classified_observations/repair_generation_001/lanes/classification_lane_001/outcomes.jsonl
EXTPAYLOAD-edd6151413354a1c4be938fc,classification_compaction_repair_generation_001_complete,artifacts/local_structured_external_data/whole_corpus_external_data_exhaustive_pipeline_2026-08-04/classified_observations/repair_generation_001/lanes/classification_lane_001/outcomes.jsonl
EXTPAYLOAD-eddd87a5caf9b5d76fec3a92,classification_compaction_repair_generation_001_complete,artifacts/local_structured_external_data/whole_corpus_external_data_exhaustive_pipeline_2026-08-04/classified_observations/repair_generation_001/lanes/classification_lane_001/outcomes.jsonl
EXTPAYLOAD-edef9b42138090af55579d57,classification_compaction_repair_generation_001_complete,artifacts/local_structured_external_data/whole_corpus_external_data_exhaustive_pipeline_2026-08-04/classified_observations/repair_generation_001/lanes/classification_lane_001/outcomes.jsonl
EXTPAYLOAD-edf1c52bfe76ab57d539fb71,classification_compaction_repair_generation_001_complete,artifacts/local_structured_external_data/whole_corpus_external_data_exhaustive_pipeline_2026-08-04/classified_observations/repair_generation_001/lanes/classification_lane_001/outcomes.jsonl
EXTPAYLOAD-edf28fd46f4f3cd7057589d7,classification_compaction_repair_generation_001_complete,artifacts/local_structured_external_data/whole_corpus_external_data_exhaustive_pipeline_2026-08-04/classified_observations/repair_generation_001/lanes/classification_lane_001/outcomes.jsonl
EXTPAYLOAD-edf5acaa0056f9afd5aaadc7,classification_compaction_repair_generation_001_complete,artifacts/local_structured_external_data/whole_corpus_external_data_exhaustive_pipeline_2026-08-04/classified_observations/repair_generation_001/lanes/classification_lane_001/outcomes.jsonl
EXTPAYLOAD-ee0664dc7da1c0e7107cc0c9,classification_compaction_repair_generation_001_complete,artifacts/local_structured_external_data/whole_corpus_external_data_exhaustive_pipeline_2026-08-04/classified_observations/repair_generation_001/lanes/classification_lane_001/outcomes.jsonl
EXTPAYLOAD-ee0923ea1379aa7b136a6ba3,classification_compaction_repair_generation_001_complete,artifacts/local_structured_external_data/whole_corpus_external_data_exhaustive_pipeline_2026-08-04/classified_observations/repair_generation_001/lanes/classification_lane_001/outcomes.jsonl
EXTPAYLOAD-ee0addfd903ca9c6d031b261,classification_compaction_repair_generation_001_complete,artifacts/local_structured_external_data/whole_corpus_external_data_exhaustive_pipeline_2026-08-04/classified_observations/repair_generation_001/lanes/classification_lane_001/outcomes.jsonl
EXTPAYLOAD-ee3e40af83c1631f8be61cc9,classification_compaction_repair_generation_001_complete,artifacts/local_structured_external_data/whole_corpus_external_data_exhaustive_pipeline_2026-08-04/classified_observations/repair_generation_001/lanes/classification_lane_001/outcomes.jsonl
EXTPAYLOAD-ee6b7c02839a27ab7b860a1e,classification_compaction_repair_generation_001_complete,artifacts/local_structured_external_data/whole_corpus_external_data_exhaustive_pipeline_2026-08-04/classified_observations/repair_generation_001/lanes/classification_lane_001/outcomes.jsonl
EXTPAYLOAD-ee96bb767e0d0edb85c37187,classification_compaction_repair_generation_001_complete,artifacts/local_structured_external_data/whole_corpus_external_data_exhaustive_pipeline_2026-08-04/classified_observations/repair_generation_001/lanes/classification_lane_001/outcomes.jsonl
EXTPAYLOAD-eebc79e556a075fc134fad36,classification_compaction_repair_generation_001_complete,artifacts/local_structured_external_data/whole_corpus_external_data_exhaustive_pipeline_2026-08-04/classified_observations/repair_generation_001/lanes/classification_lane_001/outcomes.jsonl
EXTPAYLOAD-eec185dd1f07d5a8e188c6cc,classification_compaction_repair_generation_001_complete,artifacts/local_structured_external_data/whole_corpus_external_data_exhaustive_pipeline_2026-08-04/classified_observations/repair_generation_001/lanes/classification_lane_001/outcomes.jsonl
EXTPAYLOAD-eecd9a3739350770aa56793d,classification_compaction_repair_generation_001_complete,artifacts/local_structured_external_data/whole_corpus_external_data_exhaustive_pipeline_2026-08-04/classified_observations/repair_generation_001/lanes/classification_lane_001/outcomes.jsonl
EXTPAYLOAD-eeed043ea39ee787e87b2334,classification_compaction_repair_generation_001_complete,artifacts/local_structured_external_data/whole_corpus_external_data_exhaustive_pipeline_2026-08-04/classified_observations/repair_generation_001/lanes/classification_lane_001/outcomes.jsonl
EXTPAYLOAD-eef5658f5dcf451c54150e84,classification_compaction_repair_generation_001_complete,artifacts/local_structured_external_data/whole_corpus_external_data_exhaustive_pipeline_2026-08-04/classified_observations/repair_generation_001/lanes/classification_lane_001/outcomes.jsonl
EXTPAYLOAD-ef0d4646ace67cafa03a7b82,classification_compaction_repair_generation_001_complete,artifacts/local_structured_external_data/whole_corpus_external_data_exhaustive_pipeline_2026-08-04/classified_observations/repair_generation_001/lanes/classification_lane_001/outcomes.jsonl
EXTPAYLOAD-ef22a5181553bb6910db7424,classification_compaction_repair_generation_001_complete,artifacts/local_structured_external_data/whole_corpus_external_data_exhaustive_pipeline_2026-08-04/classified_observations/repair_generation_001/lanes/classification_lane_001/outcomes.jsonl
EXTPAYLOAD-ef2f50185a707a10bbb38c15,classification_compaction_repair_generation_001_complete,artifacts/local_structured_external_data/whole_corpus_external_data_exhaustive_pipeline_2026-08-04/classified_observations/repair_generation_001/lanes/classification_lane_001/outcomes.jsonl
EXTPAYLOAD-ef6f2520a8eee396be4cc591,classification_compaction_repair_generation_001_complete,artifacts/local_structured_external_data/whole_corpus_external_data_exhaustive_pipeline_2026-08-04/classified_observations/repair_generation_001/lanes/classification_lane_001/outcomes.jsonl
EXTPAYLOAD-ef70c4a5eb13b9119bbb940f,classification_compaction_repair_generation_001_complete,artifacts/local_structured_external_data/whole_corpus_external_data_exhaustive_pipeline_2026-08-04/classified_observations/repair_generation_001/lanes/classification_lane_001/outcomes.jsonl
EXTPAYLOAD-ef9b7761db01e726a8e60492,classification_compaction_repair_generation_001_complete,artifacts/local_structured_external_data/whole_corpus_external_data_exhaustive_pipeline_2026-08-04/classified_observations/repair_generation_001/lanes/classification_lane_001/outcomes.jsonl
EXTPAYLOAD-efb9772dfc4252c162a78d4f,classification_compaction_repair_generation_001_complete,artifacts/local_structured_external_data/whole_corpus_external_data_exhaustive_pipeline_2026-08-04/classified_observations/repair_generation_001/lanes/classification_lane_001/outcomes.jsonl
EXTPAYLOAD-efcacba2da0bf2da74cf0c1d,classification_compaction_repair_generation_001_complete,artifacts/local_structured_external_data/whole_corpus_external_data_exhaustive_pipeline_2026-08-04/classified_observations/repair_generation_001/lanes/classification_lane_001/outcomes.jsonl
EXTPAYLOAD-f00d091f78108bc4c8dd5cad,classification_compaction_repair_generation_001_complete,artifacts/local_structured_external_data/whole_corpus_external_data_exhaustive_pipeline_2026-08-04/classified_observations/repair_generation_001/lanes/classification_lane_001/outcomes.jsonl
EXTPAYLOAD-f0614e3d5af5eaa820d1b010,classification_compaction_repair_generation_001_complete,artifacts/local_structured_external_data/whole_corpus_external_data_exhaustive_pipeline_2026-08-04/classified_observations/repair_generation_001/lanes/classification_lane_001/outcomes.jsonl
EXTPAYLOAD-f0649d445bcdaed5c5d6275f,classification_compaction_repair_generation_001_complete,artifacts/local_structured_external_data/whole_corpus_external_data_exhaustive_pipeline_2026-08-04/classified_observations/repair_generation_001/lanes/classification_lane_001/outcomes.jsonl
EXTPAYLOAD-f0736355fbb91f8f89a706e0,classification_compaction_repair_generation_001_complete,artifacts/local_structured_external_data/whole_corpus_external_data_exhaustive_pipeline_2026-08-04/classified_observations/repair_generation_001/lanes/classification_lane_001/outcomes.jsonl
EXTPAYLOAD-f076cfc72d346d7dbef97b92,classification_compaction_repair_generation_001_complete,artifacts/local_structured_external_data/whole_corpus_external_data_exhaustive_pipeline_2026-08-04/classified_observations/repair_generation_001/lanes/classification_lane_001/outcomes.jsonl
EXTPAYLOAD-f090d8cce64ab107125bfd46,classification_compaction_repair_generation_001_complete,artifacts/local_structured_external_data/whole_corpus_external_data_exhaustive_pipeline_2026-08-04/classified_observations/repair_generation_001/lanes/classification_lane_001/outcomes.jsonl
EXTPAYLOAD-f0c0a3472b79d0ee8c4d31cb,classification_compaction_repair_generation_001_complete,artifacts/local_structured_external_data/whole_corpus_external_data_exhaustive_pipeline_2026-08-04/classified_observations/repair_generation_001/lanes/classification_lane_001/outcomes.jsonl
EXTPAYLOAD-f0d2bed207d841669cf4d841,classification_compaction_repair_generation_001_complete,artifacts/local_structured_external_data/whole_corpus_external_data_exhaustive_pipeline_2026-08-04/classified_observations/repair_generation_001/lanes/classification_lane_001/outcomes.jsonl
EXTPAYLOAD-f11ea82d0e7aef524bed761e,classification_compaction_repair_generation_001_complete,artifacts/local_structured_external_data/whole_corpus_external_data_exhaustive_pipeline_2026-08-04/classified_observations/repair_generation_001/lanes/classification_lane_001/outcomes.jsonl
EXTPAYLOAD-f126a2eede9ede09b094b644,classification_compaction_repair_generation_001_complete,artifacts/local_structured_external_data/whole_corpus_external_data_exhaustive_pipeline_2026-08-04/classified_observations/repair_generation_001/lanes/classification_lane_001/outcomes.jsonl
EXTPAYLOAD-f12796a1b862fd083e78cc93,classification_compaction_repair_generation_001_complete,artifacts/local_structured_external_data/whole_corpus_external_data_exhaustive_pipeline_2026-08-04/classified_observations/repair_generation_001/lanes/classification_lane_001/outcomes.jsonl
EXTPAYLOAD-f12e544306ed02b4ec220680,classification_compaction_repair_generation_001_complete,artifacts/local_structured_external_data/whole_corpus_external_data_exhaustive_pipeline_2026-08-04/classified_observations/repair_generation_001/lanes/classification_lane_001/outcomes.jsonl
EXTPAYLOAD-f13d9f81d172810271238dcc,classification_compaction_repair_generation_001_complete,artifacts/local_structured_external_data/whole_corpus_external_data_exhaustive_pipeline_2026-08-04/classified_observations/repair_generation_001/lanes/classification_lane_001/outcomes.jsonl
EXTPAYLOAD-f15fcdc41f03fd80598c9b15,classification_compaction_repair_generation_001_complete,artifacts/local_structured_external_data/whole_corpus_external_data_exhaustive_pipeline_2026-08-04/classified_observations/repair_generation_001/lanes/classification_lane_001/outcomes.jsonl
EXTPAYLOAD-f191cb0cfe0abbbd497e6059,classification_compaction_repair_generation_001_complete,artifacts/local_structured_external_data/whole_corpus_external_data_exhaustive_pipeline_2026-08-04/classified_observations/repair_generation_001/lanes/classification_lane_001/outcomes.jsonl
EXTPAYLOAD-f191d30e164886eda12a040f,classification_compaction_repair_generation_001_complete,artifacts/local_structured_external_data/whole_corpus_external_data_exhaustive_pipeline_2026-08-04/classified_observations/repair_generation_001/lanes/classification_lane_001/outcomes.jsonl
EXTPAYLOAD-f1e53cbbf42db5cdfed07e3f,classification_compaction_repair_generation_001_complete,artifacts/local_structured_external_data/whole_corpus_external_data_exhaustive_pipeline_2026-08-04/classified_observations/repair_generation_001/lanes/classification_lane_001/outcomes.jsonl
EXTPAYLOAD-f20d698396d28b659d50a0f9,classification_compaction_repair_generation_001_complete,artifacts/local_structured_external_data/whole_corpus_external_data_exhaustive_pipeline_2026-08-04/classified_observations/repair_generation_001/lanes/classification_lane_001/outcomes.jsonl
EXTPAYLOAD-f2216430e3f81409ad8a6caf,classification_compaction_repair_generation_001_complete,artifacts/local_structured_external_data/whole_corpus_external_data_exhaustive_pipeline_2026-08-04/classified_observations/repair_generation_001/lanes/classification_lane_001/outcomes.jsonl
EXTPAYLOAD-f223a21c47d8e9cb8a9394e4,classification_compaction_repair_generation_001_complete,artifacts/local_structured_external_data/whole_corpus_external_data_exhaustive_pipeline_2026-08-04/classified_observations/repair_generation_001/lanes/classification_lane_001/outcomes.jsonl
EXTPAYLOAD-f240592973a714cc7483d855,classification_compaction_repair_generation_001_complete,artifacts/local_structured_external_data/whole_corpus_external_data_exhaustive_pipeline_2026-08-04/classified_observations/repair_generation_001/lanes/classification_lane_001/outcomes.jsonl
EXTPAYLOAD-f252ab6f624eb6225e265b39,classification_compaction_repair_generation_001_complete,artifacts/local_structured_external_data/whole_corpus_external_data_exhaustive_pipeline_2026-08-04/classified_observations/repair_generation_001/lanes/classification_lane_001/outcomes.jsonl
EXTPAYLOAD-f256efd9c9b47f41294512f5,classification_compaction_repair_generation_001_complete,artifacts/local_structured_external_data/whole_corpus_external_data_exhaustive_pipeline_2026-08-04/classified_observations/repair_generation_001/lanes/classification_lane_001/outcomes.jsonl
EXTPAYLOAD-f28f8070c85825fea4a23ded,classification_compaction_repair_generation_001_complete,artifacts/local_structured_external_data/whole_corpus_external_data_exhaustive_pipeline_2026-08-04/classified_observations/repair_generation_001/lanes/classification_lane_001/outcomes.jsonl
EXTPAYLOAD-f2c63c26797c0d28b9417fda,classification_compaction_repair_generation_001_complete,artifacts/local_structured_external_data/whole_corpus_external_data_exhaustive_pipeline_2026-08-04/classified_observations/repair_generation_001/lanes/classification_lane_001/outcomes.jsonl
EXTPAYLOAD-f2c9d667012bdc0f49d6402c,classification_compaction_repair_generation_001_complete,artifacts/local_structured_external_data/whole_corpus_external_data_exhaustive_pipeline_2026-08-04/classified_observations/repair_generation_001/lanes/classification_lane_001/outcomes.jsonl
EXTPAYLOAD-f314ade5cbac7276fb88f743,classification_compaction_repair_generation_001_complete,artifacts/local_structured_external_data/whole_corpus_external_data_exhaustive_pipeline_2026-08-04/classified_observations/repair_generation_001/lanes/classification_lane_001/outcomes.jsonl
EXTPAYLOAD-f3159a248d03ae6f00b46e30,classification_compaction_repair_generation_001_complete,artifacts/local_structured_external_data/whole_corpus_external_data_exhaustive_pipeline_2026-08-04/classified_observations/repair_generation_001/lanes/classification_lane_001/outcomes.jsonl
EXTPAYLOAD-f35311644e96ad71eb7aaddb,classification_compaction_repair_generation_001_complete,artifacts/local_structured_external_data/whole_corpus_external_data_exhaustive_pipeline_2026-08-04/classified_observations/repair_generation_001/lanes/classification_lane_001/outcomes.jsonl
EXTPAYLOAD-f35346dd0902973db6a9c630,classification_compaction_repair_generation_001_complete,artifacts/local_structured_external_data/whole_corpus_external_data_exhaustive_pipeline_2026-08-04/classified_observations/repair_generation_001/lanes/classification_lane_001/outcomes.jsonl
EXTPAYLOAD-f356f7f5edb933130bf00427,classification_compaction_repair_generation_001_complete,artifacts/local_structured_external_data/whole_corpus_external_data_exhaustive_pipeline_2026-08-04/classified_observations/repair_generation_001/lanes/classification_lane_001/outcomes.jsonl
EXTPAYLOAD-f362482834021ccdf3af369b,classification_compaction_repair_generation_001_complete,artifacts/local_structured_external_data/whole_corpus_external_data_exhaustive_pipeline_2026-08-04/classified_observations/repair_generation_001/lanes/classification_lane_001/outcomes.jsonl
EXTPAYLOAD-f3633d8acafbbd39ef09979f,classification_compaction_repair_generation_001_complete,artifacts/local_structured_external_data/whole_corpus_external_data_exhaustive_pipeline_2026-08-04/classified_observations/repair_generation_001/lanes/classification_lane_001/outcomes.jsonl
EXTPAYLOAD-f378153e473ff7d922a6efe4,classification_compaction_repair_generation_001_complete,artifacts/local_structured_external_data/whole_corpus_external_data_exhaustive_pipeline_2026-08-04/classified_observations/repair_generation_001/lanes/classification_lane_001/outcomes.jsonl
EXTPAYLOAD-f39d38caa4c5225fc6f776c0,classification_compaction_repair_generation_001_complete,artifacts/local_structured_external_data/whole_corpus_external_data_exhaustive_pipeline_2026-08-04/classified_observations/repair_generation_001/lanes/classification_lane_001/outcomes.jsonl
EXTPAYLOAD-f3abbecb52cd6d6942498af0,classification_compaction_repair_generation_001_complete,artifacts/local_structured_external_data/whole_corpus_external_data_exhaustive_pipeline_2026-08-04/classified_observations/repair_generation_001/lanes/classification_lane_001/outcomes.jsonl
EXTPAYLOAD-f3e1c9eecb8eba7923185475,classification_compaction_repair_generation_001_complete,artifacts/local_structured_external_data/whole_corpus_external_data_exhaustive_pipeline_2026-08-04/classified_observations/repair_generation_001/lanes/classification_lane_001/outcomes.jsonl
EXTPAYLOAD-f3f01baeac08e4bd7114d4a7,classification_compaction_repair_generation_001_complete,artifacts/local_structured_external_data/whole_corpus_external_data_exhaustive_pipeline_2026-08-04/classified_observations/repair_generation_001/lanes/classification_lane_001/outcomes.jsonl
EXTPAYLOAD-f3f52d9a7ea380b7f9dd2b17,classification_compaction_repair_generation_001_complete,artifacts/local_structured_external_data/whole_corpus_external_data_exhaustive_pipeline_2026-08-04/classified_observations/repair_generation_001/lanes/classification_lane_001/outcomes.jsonl
EXTPAYLOAD-f41faf0ddcd94d0fda49be82,classification_compaction_repair_generation_001_complete,artifacts/local_structured_external_data/whole_corpus_external_data_exhaustive_pipeline_2026-08-04/classified_observations/repair_generation_001/lanes/classification_lane_001/outcomes.jsonl
EXTPAYLOAD-f42a2092009438637715ef16,classification_compaction_repair_generation_001_complete,artifacts/local_structured_external_data/whole_corpus_external_data_exhaustive_pipeline_2026-08-04/classified_observations/repair_generation_001/lanes/classification_lane_001/outcomes.jsonl
EXTPAYLOAD-f45eacc700604895f8d5a2e1,classification_compaction_repair_generation_001_complete,artifacts/local_structured_external_data/whole_corpus_external_data_exhaustive_pipeline_2026-08-04/classified_observations/repair_generation_001/lanes/classification_lane_001/outcomes.jsonl
EXTPAYLOAD-f46384f3c43570784de6082b,classification_compaction_repair_generation_001_complete,artifacts/local_structured_external_data/whole_corpus_external_data_exhaustive_pipeline_2026-08-04/classified_observations/repair_generation_001/lanes/classification_lane_001/outcomes.jsonl
EXTPAYLOAD-f49226d279135224e2871695,classification_compaction_repair_generation_001_complete,artifacts/local_structured_external_data/whole_corpus_external_data_exhaustive_pipeline_2026-08-04/classified_observations/repair_generation_001/lanes/classification_lane_001/outcomes.jsonl
EXTPAYLOAD-f492fa1b14f04a424b06c4e5,classification_compaction_repair_generation_001_complete,artifacts/local_structured_external_data/whole_corpus_external_data_exhaustive_pipeline_2026-08-04/classified_observations/repair_generation_001/lanes/classification_lane_001/outcomes.jsonl
EXTPAYLOAD-f4a27df8d2a544d66321542b,classification_compaction_repair_generation_001_complete,artifacts/local_structured_external_data/whole_corpus_external_data_exhaustive_pipeline_2026-08-04/classified_observations/repair_generation_001/lanes/classification_lane_001/outcomes.jsonl
EXTPAYLOAD-f4a865234b5563efa0d5c59a,classification_compaction_repair_generation_001_complete,artifacts/local_structured_external_data/whole_corpus_external_data_exhaustive_pipeline_2026-08-04/classified_observations/repair_generation_001/lanes/classification_lane_001/outcomes.jsonl
EXTPAYLOAD-f4c1aecf82f645c7dc25ad38,classification_compaction_repair_generation_001_complete,artifacts/local_structured_external_data/whole_corpus_external_data_exhaustive_pipeline_2026-08-04/classified_observations/repair_generation_001/lanes/classification_lane_001/outcomes.jsonl
EXTPAYLOAD-f4de0c60d031528c4cfcae39,classification_compaction_repair_generation_001_complete,artifacts/local_structured_external_data/whole_corpus_external_data_exhaustive_pipeline_2026-08-04/classified_observations/repair_generation_001/lanes/classification_lane_001/outcomes.jsonl
EXTPAYLOAD-f4faf405abd9155a5efa3b74,classification_compaction_repair_generation_001_complete,artifacts/local_structured_external_data/whole_corpus_external_data_exhaustive_pipeline_2026-08-04/classified_observations/repair_generation_001/lanes/classification_lane_001/outcomes.jsonl
EXTPAYLOAD-f502d346bc4f68bc787eecce,classification_compaction_repair_generation_001_complete,artifacts/local_structured_external_data/whole_corpus_external_data_exhaustive_pipeline_2026-08-04/classified_observations/repair_generation_001/lanes/classification_lane_001/outcomes.jsonl
EXTPAYLOAD-f510054707f025a0e964f873,classification_compaction_repair_generation_001_complete,artifacts/local_structured_external_data/whole_corpus_external_data_exhaustive_pipeline_2026-08-04/classified_observations/repair_generation_001/lanes/classification_lane_001/outcomes.jsonl
EXTPAYLOAD-f515c1fbda5e96693491846d,classification_compaction_repair_generation_001_complete,artifacts/local_structured_external_data/whole_corpus_external_data_exhaustive_pipeline_2026-08-04/classified_observations/repair_generation_001/lanes/classification_lane_001/outcomes.jsonl
EXTPAYLOAD-f529552d20a494886d778d1f,classification_compaction_repair_generation_001_complete,artifacts/local_structured_external_data/whole_corpus_external_data_exhaustive_pipeline_2026-08-04/classified_observations/repair_generation_001/lanes/classification_lane_001/outcomes.jsonl
EXTPAYLOAD-f539a69bdae4697891c9ae6f,classification_compaction_repair_generation_001_complete,artifacts/local_structured_external_data/whole_corpus_external_data_exhaustive_pipeline_2026-08-04/classified_observations/repair_generation_001/lanes/classification_lane_001/outcomes.jsonl
EXTPAYLOAD-f54ba88aefbc208494f68789,classification_compaction_repair_generation_001_complete,artifacts/local_structured_external_data/whole_corpus_external_data_exhaustive_pipeline_2026-08-04/classified_observations/repair_generation_001/lanes/classification_lane_001/outcomes.jsonl
EXTPAYLOAD-f54d667220ad8c1890a53e3f,classification_compaction_repair_generation_001_complete,artifacts/local_structured_external_data/whole_corpus_external_data_exhaustive_pipeline_2026-08-04/classified_observations/repair_generation_001/lanes/classification_lane_001/outcomes.jsonl
EXTPAYLOAD-f5504fb8cc8f836a1bc8b172,classification_compaction_repair_generation_001_complete,artifacts/local_structured_external_data/whole_corpus_external_data_exhaustive_pipeline_2026-08-04/classified_observations/repair_generation_001/lanes/classification_lane_001/outcomes.jsonl
EXTPAYLOAD-f5835076bf40723575efb214,classification_compaction_repair_generation_001_complete,artifacts/local_structured_external_data/whole_corpus_external_data_exhaustive_pipeline_2026-08-04/classified_observations/repair_generation_001/lanes/classification_lane_001/outcomes.jsonl
EXTPAYLOAD-f58f96b9d7f5adba2413e8dc,classification_compaction_repair_generation_001_complete,artifacts/local_structured_external_data/whole_corpus_external_data_exhaustive_pipeline_2026-08-04/classified_observations/repair_generation_001/lanes/classification_lane_001/outcomes.jsonl
EXTPAYLOAD-f5dc37781dffc4a6123ecc1e,classification_compaction_repair_generation_001_complete,artifacts/local_structured_external_data/whole_corpus_external_data_exhaustive_pipeline_2026-08-04/classified_observations/repair_generation_001/lanes/classification_lane_001/outcomes.jsonl
EXTPAYLOAD-f5fbc23647b1f7f7ba64723e,classification_compaction_repair_generation_001_complete,artifacts/local_structured_external_data/whole_corpus_external_data_exhaustive_pipeline_2026-08-04/classified_observations/repair_generation_001/lanes/classification_lane_001/outcomes.jsonl
EXTPAYLOAD-f61eebf748ae5afac30b1875,classification_compaction_repair_generation_001_complete,artifacts/local_structured_external_data/whole_corpus_external_data_exhaustive_pipeline_2026-08-04/classified_observations/repair_generation_001/lanes/classification_lane_001/outcomes.jsonl
EXTPAYLOAD-f62d41301d5a946698b5a6d8,classification_compaction_repair_generation_001_complete,artifacts/local_structured_external_data/whole_corpus_external_data_exhaustive_pipeline_2026-08-04/classified_observations/repair_generation_001/lanes/classification_lane_001/outcomes.jsonl
EXTPAYLOAD-f637ff761737d1be2b258e70,classification_compaction_repair_generation_001_complete,artifacts/local_structured_external_data/whole_corpus_external_data_exhaustive_pipeline_2026-08-04/classified_observations/repair_generation_001/lanes/classification_lane_001/outcomes.jsonl
EXTPAYLOAD-f641576f68267a9d19e5193b,classification_compaction_repair_generation_001_complete,artifacts/local_structured_external_data/whole_corpus_external_data_exhaustive_pipeline_2026-08-04/classified_observations/repair_generation_001/lanes/classification_lane_001/outcomes.jsonl
EXTPAYLOAD-f650a860cb191ab9009037df,classification_compaction_repair_generation_001_complete,artifacts/local_structured_external_data/whole_corpus_external_data_exhaustive_pipeline_2026-08-04/classified_observations/repair_generation_001/lanes/classification_lane_001/outcomes.jsonl
EXTPAYLOAD-f668ef3b5bece9cfa453a6c2,classification_compaction_repair_generation_001_complete,artifacts/local_structured_external_data/whole_corpus_external_data_exhaustive_pipeline_2026-08-04/classified_observations/repair_generation_001/lanes/classification_lane_001/outcomes.jsonl
EXTPAYLOAD-f67bd0097de6f1e4f36c3fda,classification_compaction_repair_generation_001_complete,artifacts/local_structured_external_data/whole_corpus_external_data_exhaustive_pipeline_2026-08-04/classified_observations/repair_generation_001/lanes/classification_lane_001/outcomes.jsonl
EXTPAYLOAD-f68333a33d8e21751582ec00,classification_compaction_repair_generation_001_complete,artifacts/local_structured_external_data/whole_corpus_external_data_exhaustive_pipeline_2026-08-04/classified_observations/repair_generation_001/lanes/classification_lane_001/outcomes.jsonl
EXTPAYLOAD-f68e011a5a1ab9eaa6a727ce,classification_compaction_repair_generation_001_complete,artifacts/local_structured_external_data/whole_corpus_external_data_exhaustive_pipeline_2026-08-04/classified_observations/repair_generation_001/lanes/classification_lane_001/outcomes.jsonl
EXTPAYLOAD-f6a5e0a0738bb3503b84dac9,classification_compaction_repair_generation_001_complete,artifacts/local_structured_external_data/whole_corpus_external_data_exhaustive_pipeline_2026-08-04/classified_observations/repair_generation_001/lanes/classification_lane_001/outcomes.jsonl
EXTPAYLOAD-f6db400b578bb3c54e4709b9,classification_compaction_repair_generation_001_complete,artifacts/local_structured_external_data/whole_corpus_external_data_exhaustive_pipeline_2026-08-04/classified_observations/repair_generation_001/lanes/classification_lane_001/outcomes.jsonl
EXTPAYLOAD-f716466095a39c6438e2d881,classification_compaction_repair_generation_001_complete,artifacts/local_structured_external_data/whole_corpus_external_data_exhaustive_pipeline_2026-08-04/classified_observations/repair_generation_001/lanes/classification_lane_001/outcomes.jsonl
EXTPAYLOAD-f738b4ae36ff037ba7290bce,classification_compaction_repair_generation_001_complete,artifacts/local_structured_external_data/whole_corpus_external_data_exhaustive_pipeline_2026-08-04/classified_observations/repair_generation_001/lanes/classification_lane_001/outcomes.jsonl
EXTPAYLOAD-f73cfaad6dca94d5a1e3ccfc,classification_compaction_repair_generation_001_complete,artifacts/local_structured_external_data/whole_corpus_external_data_exhaustive_pipeline_2026-08-04/classified_observations/repair_generation_001/lanes/classification_lane_001/outcomes.jsonl
EXTPAYLOAD-f7456080a1a1b3a0fa740f34,classification_compaction_repair_generation_001_complete,artifacts/local_structured_external_data/whole_corpus_external_data_exhaustive_pipeline_2026-08-04/classified_observations/repair_generation_001/lanes/classification_lane_001/outcomes.jsonl
EXTPAYLOAD-f75856f613a2e032f4b0f2b7,classification_compaction_repair_generation_001_complete,artifacts/local_structured_external_data/whole_corpus_external_data_exhaustive_pipeline_2026-08-04/classified_observations/repair_generation_001/lanes/classification_lane_001/outcomes.jsonl
EXTPAYLOAD-f766e72dc3d85c72fc463ae9,classification_compaction_repair_generation_001_complete,artifacts/local_structured_external_data/whole_corpus_external_data_exhaustive_pipeline_2026-08-04/classified_observations/repair_generation_001/lanes/classification_lane_001/outcomes.jsonl
EXTPAYLOAD-f76ca470f4b2a11c7e5cf4ef,classification_compaction_repair_generation_001_complete,artifacts/local_structured_external_data/whole_corpus_external_data_exhaustive_pipeline_2026-08-04/classified_observations/repair_generation_001/lanes/classification_lane_001/outcomes.jsonl
EXTPAYLOAD-f76fc75b32ae57ac0cb3a554,classification_compaction_repair_generation_001_complete,artifacts/local_structured_external_data/whole_corpus_external_data_exhaustive_pipeline_2026-08-04/classified_observations/repair_generation_001/lanes/classification_lane_001/outcomes.jsonl
EXTPAYLOAD-f796e454e67842c6acdac29b,classification_compaction_repair_generation_001_complete,artifacts/local_structured_external_data/whole_corpus_external_data_exhaustive_pipeline_2026-08-04/classified_observations/repair_generation_001/lanes/classification_lane_001/outcomes.jsonl
EXTPAYLOAD-f7f2244d937d2f66c48dea15,classification_compaction_repair_generation_001_complete,artifacts/local_structured_external_data/whole_corpus_external_data_exhaustive_pipeline_2026-08-04/classified_observations/repair_generation_001/lanes/classification_lane_001/outcomes.jsonl
EXTPAYLOAD-f806a273abcef602456a8061,classification_compaction_repair_generation_001_complete,artifacts/local_structured_external_data/whole_corpus_external_data_exhaustive_pipeline_2026-08-04/classified_observations/repair_generation_001/lanes/classification_lane_001/outcomes.jsonl
EXTPAYLOAD-f826cac24a8b333f601f2745,classification_compaction_repair_generation_001_complete,artifacts/local_structured_external_data/whole_corpus_external_data_exhaustive_pipeline_2026-08-04/classified_observations/repair_generation_001/lanes/classification_lane_001/outcomes.jsonl
EXTPAYLOAD-f83a2f1415db11af0891a167,classification_compaction_repair_generation_001_complete,artifacts/local_structured_external_data/whole_corpus_external_data_exhaustive_pipeline_2026-08-04/classified_observations/repair_generation_001/lanes/classification_lane_001/outcomes.jsonl
EXTPAYLOAD-f851edd2db018d39103cfc90,classification_compaction_repair_generation_001_complete,artifacts/local_structured_external_data/whole_corpus_external_data_exhaustive_pipeline_2026-08-04/classified_observations/repair_generation_001/lanes/classification_lane_001/outcomes.jsonl
EXTPAYLOAD-f87629452673080e96ff78da,classification_compaction_repair_generation_001_complete,artifacts/local_structured_external_data/whole_corpus_external_data_exhaustive_pipeline_2026-08-04/classified_observations/repair_generation_001/lanes/classification_lane_001/outcomes.jsonl
EXTPAYLOAD-f88b9ea473863ebbf533af14,classification_compaction_repair_generation_001_complete,artifacts/local_structured_external_data/whole_corpus_external_data_exhaustive_pipeline_2026-08-04/classified_observations/repair_generation_001/lanes/classification_lane_001/outcomes.jsonl
EXTPAYLOAD-f89dda3de768d5f1b059b542,classification_compaction_repair_generation_001_complete,artifacts/local_structured_external_data/whole_corpus_external_data_exhaustive_pipeline_2026-08-04/classified_observations/repair_generation_001/lanes/classification_lane_001/outcomes.jsonl
EXTPAYLOAD-f8c05fa535ef93506e732f6e,classification_compaction_repair_generation_001_complete,artifacts/local_structured_external_data/whole_corpus_external_data_exhaustive_pipeline_2026-08-04/classified_observations/repair_generation_001/lanes/classification_lane_001/outcomes.jsonl
EXTPAYLOAD-f8c6b9c578c4d8e1a0a2131a,classification_compaction_repair_generation_001_complete,artifacts/local_structured_external_data/whole_corpus_external_data_exhaustive_pipeline_2026-08-04/classified_observations/repair_generation_001/lanes/classification_lane_001/outcomes.jsonl
EXTPAYLOAD-f8e14a8b949654f67272a996,classification_compaction_repair_generation_001_complete,artifacts/local_structured_external_data/whole_corpus_external_data_exhaustive_pipeline_2026-08-04/classified_observations/repair_generation_001/lanes/classification_lane_001/outcomes.jsonl
EXTPAYLOAD-f9225e668208aeb40e7e73fb,classification_compaction_repair_generation_001_complete,artifacts/local_structured_external_data/whole_corpus_external_data_exhaustive_pipeline_2026-08-04/classified_observations/repair_generation_001/lanes/classification_lane_001/outcomes.jsonl
EXTPAYLOAD-f942efb320fbcdcc06ffb1af,classification_compaction_repair_generation_001_complete,artifacts/local_structured_external_data/whole_corpus_external_data_exhaustive_pipeline_2026-08-04/classified_observations/repair_generation_001/lanes/classification_lane_001/outcomes.jsonl
EXTPAYLOAD-f968f2f050e7ad520eac4960,classification_compaction_repair_generation_001_complete,artifacts/local_structured_external_data/whole_corpus_external_data_exhaustive_pipeline_2026-08-04/classified_observations/repair_generation_001/lanes/classification_lane_001/outcomes.jsonl
EXTPAYLOAD-f9987194c3c5a06d168a3f52,classification_compaction_repair_generation_001_complete,artifacts/local_structured_external_data/whole_corpus_external_data_exhaustive_pipeline_2026-08-04/classified_observations/repair_generation_001/lanes/classification_lane_001/outcomes.jsonl
EXTPAYLOAD-f9c1305b94605a0a9b446b33,classification_compaction_repair_generation_001_complete,artifacts/local_structured_external_data/whole_corpus_external_data_exhaustive_pipeline_2026-08-04/classified_observations/repair_generation_001/lanes/classification_lane_001/outcomes.jsonl
EXTPAYLOAD-fa00305c540f08db3ba7f91a,classification_compaction_repair_generation_001_complete,artifacts/local_structured_external_data/whole_corpus_external_data_exhaustive_pipeline_2026-08-04/classified_observations/repair_generation_001/lanes/classification_lane_001/outcomes.jsonl
EXTPAYLOAD-fa016daf6f5e1bdfa45228c7,classification_compaction_repair_generation_001_complete,artifacts/local_structured_external_data/whole_corpus_external_data_exhaustive_pipeline_2026-08-04/classified_observations/repair_generation_001/lanes/classification_lane_001/outcomes.jsonl
EXTPAYLOAD-fa45cd75e2fa308f1f305f6c,classification_compaction_repair_generation_001_complete,artifacts/local_structured_external_data/whole_corpus_external_data_exhaustive_pipeline_2026-08-04/classified_observations/repair_generation_001/lanes/classification_lane_001/outcomes.jsonl
EXTPAYLOAD-fa5afc9d09a46a92cdd8c882,classification_compaction_repair_generation_001_complete,artifacts/local_structured_external_data/whole_corpus_external_data_exhaustive_pipeline_2026-08-04/classified_observations/repair_generation_001/lanes/classification_lane_001/outcomes.jsonl
EXTPAYLOAD-fa659c6c2b6be870dd7ef966,classification_compaction_repair_generation_001_complete,artifacts/local_structured_external_data/whole_corpus_external_data_exhaustive_pipeline_2026-08-04/classified_observations/repair_generation_001/lanes/classification_lane_001/outcomes.jsonl
EXTPAYLOAD-fa732d39bfb27b2a2cdc44c7,classification_compaction_repair_generation_001_complete,artifacts/local_structured_external_data/whole_corpus_external_data_exhaustive_pipeline_2026-08-04/classified_observations/repair_generation_001/lanes/classification_lane_001/outcomes.jsonl
EXTPAYLOAD-fabdc598a896812aeab40da3,classification_compaction_repair_generation_001_complete,artifacts/local_structured_external_data/whole_corpus_external_data_exhaustive_pipeline_2026-08-04/classified_observations/repair_generation_001/lanes/classification_lane_001/outcomes.jsonl
EXTPAYLOAD-faf8fa48710cbeffca7a9bc2,classification_compaction_repair_generation_001_complete,artifacts/local_structured_external_data/whole_corpus_external_data_exhaustive_pipeline_2026-08-04/classified_observations/repair_generation_001/lanes/classification_lane_001/outcomes.jsonl
EXTPAYLOAD-faffdc5f01c744d134cb8e9c,classification_compaction_repair_generation_001_complete,artifacts/local_structured_external_data/whole_corpus_external_data_exhaustive_pipeline_2026-08-04/classified_observations/repair_generation_001/lanes/classification_lane_001/outcomes.jsonl
EXTPAYLOAD-fb24a39fc06dc082d7772127,classification_compaction_repair_generation_001_complete,artifacts/local_structured_external_data/whole_corpus_external_data_exhaustive_pipeline_2026-08-04/classified_observations/repair_generation_001/lanes/classification_lane_001/outcomes.jsonl
EXTPAYLOAD-fb2b57a6e4bc6c0a4eddc5ca,classification_compaction_repair_generation_001_complete,artifacts/local_structured_external_data/whole_corpus_external_data_exhaustive_pipeline_2026-08-04/classified_observations/repair_generation_001/lanes/classification_lane_001/outcomes.jsonl
EXTPAYLOAD-fb38135ac96f7f1a857b3334,classification_compaction_repair_generation_001_complete,artifacts/local_structured_external_data/whole_corpus_external_data_exhaustive_pipeline_2026-08-04/classified_observations/repair_generation_001/lanes/classification_lane_001/outcomes.jsonl
EXTPAYLOAD-fb420a771a14596019b7f115,classification_compaction_repair_generation_001_complete,artifacts/local_structured_external_data/whole_corpus_external_data_exhaustive_pipeline_2026-08-04/classified_observations/repair_generation_001/lanes/classification_lane_001/outcomes.jsonl
EXTPAYLOAD-fb468033d3cd46af0c5b1084,classification_compaction_repair_generation_001_complete,artifacts/local_structured_external_data/whole_corpus_external_data_exhaustive_pipeline_2026-08-04/classified_observations/repair_generation_001/lanes/classification_lane_001/outcomes.jsonl
EXTPAYLOAD-fb4bf03076c5266c762f6f87,classification_compaction_repair_generation_001_complete,artifacts/local_structured_external_data/whole_corpus_external_data_exhaustive_pipeline_2026-08-04/classified_observations/repair_generation_001/lanes/classification_lane_001/outcomes.jsonl
EXTPAYLOAD-fb59f89d05563849a3dc1023,classification_compaction_repair_generation_001_complete,artifacts/local_structured_external_data/whole_corpus_external_data_exhaustive_pipeline_2026-08-04/classified_observations/repair_generation_001/lanes/classification_lane_001/outcomes.jsonl
EXTPAYLOAD-fb600bcf520726f9db87d873,classification_compaction_repair_generation_001_complete,artifacts/local_structured_external_data/whole_corpus_external_data_exhaustive_pipeline_2026-08-04/classified_observations/repair_generation_001/lanes/classification_lane_001/outcomes.jsonl
EXTPAYLOAD-fb7ff321123654f836d0d141,classification_compaction_repair_generation_001_complete,artifacts/local_structured_external_data/whole_corpus_external_data_exhaustive_pipeline_2026-08-04/classified_observations/repair_generation_001/lanes/classification_lane_001/outcomes.jsonl
EXTPAYLOAD-fb8535faeaa97c684f5ec672,classification_compaction_repair_generation_001_complete,artifacts/local_structured_external_data/whole_corpus_external_data_exhaustive_pipeline_2026-08-04/classified_observations/repair_generation_001/lanes/classification_lane_001/outcomes.jsonl
EXTPAYLOAD-fba16cfa15e28100bf73fd7e,classification_compaction_repair_generation_001_complete,artifacts/local_structured_external_data/whole_corpus_external_data_exhaustive_pipeline_2026-08-04/classified_observations/repair_generation_001/lanes/classification_lane_001/outcomes.jsonl
EXTPAYLOAD-fbadd3069b99ef17beb21265,classification_compaction_repair_generation_001_complete,artifacts/local_structured_external_data/whole_corpus_external_data_exhaustive_pipeline_2026-08-04/classified_observations/repair_generation_001/lanes/classification_lane_001/outcomes.jsonl
EXTPAYLOAD-fbbb41aa39fcb9ae31816576,classification_compaction_repair_generation_001_complete,artifacts/local_structured_external_data/whole_corpus_external_data_exhaustive_pipeline_2026-08-04/classified_observations/repair_generation_001/lanes/classification_lane_001/outcomes.jsonl
EXTPAYLOAD-fbed929f073cc90ee416ca58,classification_compaction_repair_generation_001_complete,artifacts/local_structured_external_data/whole_corpus_external_data_exhaustive_pipeline_2026-08-04/classified_observations/repair_generation_001/lanes/classification_lane_001/outcomes.jsonl
EXTPAYLOAD-fc14c127140b5c5230b5b943,classification_compaction_repair_generation_001_complete,artifacts/local_structured_external_data/whole_corpus_external_data_exhaustive_pipeline_2026-08-04/classified_observations/repair_generation_001/lanes/classification_lane_001/outcomes.jsonl
EXTPAYLOAD-fc2448eb0a07f94bf6429ce7,classification_compaction_repair_generation_001_complete,artifacts/local_structured_external_data/whole_corpus_external_data_exhaustive_pipeline_2026-08-04/classified_observations/repair_generation_001/lanes/classification_lane_001/outcomes.jsonl
EXTPAYLOAD-fc60fd23cbb598f5d3102736,classification_compaction_repair_generation_001_complete,artifacts/local_structured_external_data/whole_corpus_external_data_exhaustive_pipeline_2026-08-04/classified_observations/repair_generation_001/lanes/classification_lane_001/outcomes.jsonl
EXTPAYLOAD-fc74863f1803c139967fe53e,classification_compaction_repair_generation_001_complete,artifacts/local_structured_external_data/whole_corpus_external_data_exhaustive_pipeline_2026-08-04/classified_observations/repair_generation_001/lanes/classification_lane_001/outcomes.jsonl
EXTPAYLOAD-fc8659c1f794f60d4980b5eb,classification_compaction_repair_generation_001_complete,artifacts/local_structured_external_data/whole_corpus_external_data_exhaustive_pipeline_2026-08-04/classified_observations/repair_generation_001/lanes/classification_lane_001/outcomes.jsonl
EXTPAYLOAD-fca97ab856668bb31ba93796,classification_compaction_repair_generation_001_complete,artifacts/local_structured_external_data/whole_corpus_external_data_exhaustive_pipeline_2026-08-04/classified_observations/repair_generation_001/lanes/classification_lane_001/outcomes.jsonl
EXTPAYLOAD-fcd10567ab5381c7b9c2fbc9,classification_compaction_repair_generation_001_complete,artifacts/local_structured_external_data/whole_corpus_external_data_exhaustive_pipeline_2026-08-04/classified_observations/repair_generation_001/lanes/classification_lane_001/outcomes.jsonl
EXTPAYLOAD-fcfa1c84837d93877f27872b,classification_compaction_repair_generation_001_complete,artifacts/local_structured_external_data/whole_corpus_external_data_exhaustive_pipeline_2026-08-04/classified_observations/repair_generation_001/lanes/classification_lane_001/outcomes.jsonl
EXTPAYLOAD-fd2fd05701c9f67df3ec4df9,classification_compaction_repair_generation_001_complete,artifacts/local_structured_external_data/whole_corpus_external_data_exhaustive_pipeline_2026-08-04/classified_observations/repair_generation_001/lanes/classification_lane_001/outcomes.jsonl
EXTPAYLOAD-fd6df50bb7095d8830918005,classification_compaction_repair_generation_001_complete,artifacts/local_structured_external_data/whole_corpus_external_data_exhaustive_pipeline_2026-08-04/classified_observations/repair_generation_001/lanes/classification_lane_001/outcomes.jsonl
EXTPAYLOAD-fd874343cb68975bafc2aab8,classification_compaction_repair_generation_001_complete,artifacts/local_structured_external_data/whole_corpus_external_data_exhaustive_pipeline_2026-08-04/classified_observations/repair_generation_001/lanes/classification_lane_001/outcomes.jsonl
EXTPAYLOAD-fd8f30f3e682c9b71e99f7d6,classification_compaction_repair_generation_001_complete,artifacts/local_structured_external_data/whole_corpus_external_data_exhaustive_pipeline_2026-08-04/classified_observations/repair_generation_001/lanes/classification_lane_001/outcomes.jsonl
EXTPAYLOAD-fd90c3f4dd0f527fa516b592,classification_compaction_repair_generation_001_complete,artifacts/local_structured_external_data/whole_corpus_external_data_exhaustive_pipeline_2026-08-04/classified_observations/repair_generation_001/lanes/classification_lane_001/outcomes.jsonl
EXTPAYLOAD-fda14a5e15ae34a57b6449e3,classification_compaction_repair_generation_001_complete,artifacts/local_structured_external_data/whole_corpus_external_data_exhaustive_pipeline_2026-08-04/classified_observations/repair_generation_001/lanes/classification_lane_001/outcomes.jsonl
EXTPAYLOAD-fdffa3c95d5118bf1d204445,classification_compaction_repair_generation_001_complete,artifacts/local_structured_external_data/whole_corpus_external_data_exhaustive_pipeline_2026-08-04/classified_observations/repair_generation_001/lanes/classification_lane_001/outcomes.jsonl
EXTPAYLOAD-fe0a8f57b83fa20219708fb3,classification_compaction_repair_generation_001_complete,artifacts/local_structured_external_data/whole_corpus_external_data_exhaustive_pipeline_2026-08-04/classified_observations/repair_generation_001/lanes/classification_lane_001/outcomes.jsonl
EXTPAYLOAD-fe35f9313c54a5068860ebe7,classification_compaction_repair_generation_001_complete,artifacts/local_structured_external_data/whole_corpus_external_data_exhaustive_pipeline_2026-08-04/classified_observations/repair_generation_001/lanes/classification_lane_001/outcomes.jsonl
EXTPAYLOAD-fe381438b2031e0a2f16eb9b,classification_compaction_repair_generation_001_complete,artifacts/local_structured_external_data/whole_corpus_external_data_exhaustive_pipeline_2026-08-04/classified_observations/repair_generation_001/lanes/classification_lane_001/outcomes.jsonl
EXTPAYLOAD-fe49a51e1a3efa188e523cb4,classification_compaction_repair_generation_001_complete,artifacts/local_structured_external_data/whole_corpus_external_data_exhaustive_pipeline_2026-08-04/classified_observations/repair_generation_001/lanes/classification_lane_001/outcomes.jsonl
EXTPAYLOAD-fe854613836ebd6f39a9bfef,classification_compaction_repair_generation_001_complete,artifacts/local_structured_external_data/whole_corpus_external_data_exhaustive_pipeline_2026-08-04/classified_observations/repair_generation_001/lanes/classification_lane_001/outcomes.jsonl
EXTPAYLOAD-fe9315bf067747201c6ab888,classification_compaction_repair_generation_001_complete,artifacts/local_structured_external_data/whole_corpus_external_data_exhaustive_pipeline_2026-08-04/classified_observations/repair_generation_001/lanes/classification_lane_001/outcomes.jsonl
EXTPAYLOAD-fec1388663ed42873f9d9c8e,classification_compaction_repair_generation_001_complete,artifacts/local_structured_external_data/whole_corpus_external_data_exhaustive_pipeline_2026-08-04/classified_observations/repair_generation_001/lanes/classification_lane_001/outcomes.jsonl
EXTPAYLOAD-ff2cf7a43f5c7703b2ca8f72,classification_compaction_repair_generation_001_complete,artifacts/local_structured_external_data/whole_corpus_external_data_exhaustive_pipeline_2026-08-04/classified_observations/repair_generation_001/lanes/classification_lane_001/outcomes.jsonl
EXTPAYLOAD-ff4d2d89961646eba73645fc,classification_compaction_repair_generation_001_complete,artifacts/local_structured_external_data/whole_corpus_external_data_exhaustive_pipeline_2026-08-04/classified_observations/repair_generation_001/lanes/classification_lane_001/outcomes.jsonl
EXTPAYLOAD-ff6ca926e8decc7175ef571d,classification_compaction_repair_generation_001_complete,artifacts/local_structured_external_data/whole_corpus_external_data_exhaustive_pipeline_2026-08-04/classified_observations/repair_generation_001/lanes/classification_lane_001/outcomes.jsonl
EXTPAYLOAD-ff829a79b38484ae311e9863,classification_compaction_repair_generation_001_complete,artifacts/local_structured_external_data/whole_corpus_external_data_exhaustive_pipeline_2026-08-04/classified_observations/repair_generation_001/lanes/classification_lane_001/outcomes.jsonl
EXTPAYLOAD-ffbe53f79ba45fa2bb02401e,classification_compaction_repair_generation_001_complete,artifacts/local_structured_external_data/whole_corpus_external_data_exhaustive_pipeline_2026-08-04/classified_observations/repair_generation_001/lanes/classification_lane_001/outcomes.jsonl
EXTPAYLOAD-ffc035db5a30f13107d04d59,classification_compaction_repair_generation_001_complete,artifacts/local_structured_external_data/whole_corpus_external_data_exhaustive_pipeline_2026-08-04/classified_observations/repair_generation_001/lanes/classification_lane_001/outcomes.jsonl
EXTPAYLOAD-ffc3c6884ceeb6031c47ff4d,classification_compaction_repair_generation_001_complete,artifacts/local_structured_external_data/whole_corpus_external_data_exhaustive_pipeline_2026-08-04/classified_observations/repair_generation_001/lanes/classification_lane_001/outcomes.jsonl
EXTPAYLOAD-ffc51bdc2ea22bdc74b32ab4,classification_compaction_repair_generation_001_complete,artifacts/local_structured_external_data/whole_corpus_external_data_exhaustive_pipeline_2026-08-04/classified_observations/repair_generation_001/lanes/classification_lane_001/outcomes.jsonl
EXTPAYLOAD-ffc8a1c75e0fcf5e9a43ddbd,classification_compaction_repair_generation_001_complete,artifacts/local_structured_external_data/whole_corpus_external_data_exhaustive_pipeline_2026-08-04/classified_observations/repair_generation_001/lanes/classification_lane_001/outcomes.jsonl
EXTPAYLOAD-ffdf84e9f0f554e9b325febb,classification_compaction_repair_generation_001_complete,artifacts/local_structured_external_data/whole_corpus_external_data_exhaustive_pipeline_2026-08-04/classified_observations/repair_generation_001/lanes/classification_lane_001/outcomes.jsonl
EXTPAYLOAD-ffe89f12d7447afa1a5d7e54,classification_compaction_repair_generation_001_complete,artifacts/local_structured_external_data/whole_corpus_external_data_exhaustive_pipeline_2026-08-04/classified_observations/repair_generation_001/lanes/classification_lane_001/outcomes.jsonl
EXTPAYLOAD-fff0e523739a2ebacf1d5fa2,classification_compaction_repair_generation_001_complete,artifacts/local_structured_external_data/whole_corpus_external_data_exhaustive_pipeline_2026-08-04/classified_observations/repair_generation_001/lanes/classification_lane_001/outcomes.jsonl
EXTPAYLOAD-fff9cad8e18c6b4bc650ed90,classification_compaction_repair_generation_001_complete,artifacts/local_structured_external_data/whole_corpus_external_data_exhaustive_pipeline_2026-08-04/classified_observations/repair_generation_001/lanes/classification_lane_001/outcomes.jsonl
