6-28-2022 09:59 AM

CITY OF ELIZABETHTON
ADOPTED BUDGET REPORT
AS OF: JUNE 30TH, 2022

PAGE:

1

101-GENERAL FUND
REVENUES

(------------------- 2021-2022 -------------------) 2022-2023
2022-2023
ORIGINAL
2018-2019
2019-2020
2020-2021
ORIGINAL
CURRENT
Y-T-D
PROJECTED
REQUESTED
APPROVED
vs APPROVED
ACTUAL
ACTUAL
ACTUAL
BUDGET
BUDGET
ACTUAL
YEAR END
BUDGET
BUDGET
INCR/(DECR)
________________________________________________________________________________________________________________________________________________________________________

TAXES
=====
CURRENT PROPERTY TAXES
101-0000-311-10-01 CURRENT-CURRENT YEAR
101-0000-311-10-03 DELINQ.-CURRENT YEAR
TOTAL CURRENT PROPERTY TAXES

4,530,048
133,636
4,663,684

4,697,506
168,463
4,865,969

4,838,389
11,124
4,849,513

4,783,410
170,277
4,953,687

4,783,410
170,277
4,953,687

4,749,963
82,794
4,832,757

4,603,151
194,000
4,797,151

4,852,016
16,590
4,868,606

4,852,016
16,590 (
4,868,606 (

68,606
153,687)
85,081)

DELINQUENT PROPERTY TAX
101-0000-312-10-01 DELINQ PROP TAX PRIO
101-0000-312-50-00 INTEREST & PENALTY
101-0000-312-51-00 LEGAL NOTICE-TITLE O
101-0000-312-60-00 ATTORNEY FEES
TOTAL DELINQUENT PROPERTY TAX

235,535
32,623
0
23,551
291,709

233,346
39,071
0
23,129
295,546

277,876
47,631
0
27,121
352,628

250,643
29,102
0
25,064
304,809

250,643
29,102
0
25,064
304,809

155,591
32,852
0
15,774
204,217

240,000
35,000
2,000
25,000
302,000

243,089
29,102
0
24,309
296,500

243,089 (
29,102
0
24,309 (
296,500 (

7,554)
0
0
755)
8,309)

4,062,638
902,809
4,965,447

4,212,965
936,214
5,149,179

4,730,122
1,051,138
5,781,260

4,423,614
983,025
5,406,639

4,423,614
983,025
5,406,639

4,519,001
1,004,222
5,523,223

4,065,000
897,042
4,962,042

4,600,000
1,022,000
5,622,000

4,772,000
1,060,600
5,832,600

348,386
77,575
425,961

SELECTIVE USE TAXES
101-0000-314-01-00 LOCAL BEER TAX 17%
TOTAL SELECTIVE USE TAXES

469,399
469,399

510,197
510,197

513,979
513,979

500,000
500,000

500,000
500,000

528,207
528,207

507,000
507,000

500,000
500,000

500,000
500,000

0
0

IN LIEU OF TAXES
101-0000-315-01-00 IN LIEU OF-ELIZ ELEC
101-0000-315-02-00 ELIZ HOUSING AUTHORI
101-0000-315-09-00 BROOKHAVEN HOMES FOR
101-0000-315-10-00 JOHNSON CITY POWER B
TOTAL IN LIEU OF TAXES

1,355,772
8,520
3,777
0
1,368,070

1,358,471
15,108
3,920
59
1,377,558

1,270,076
14,356
3,806
5
1,288,244

1,270,076
12,000
3,750
0
1,285,826

1,270,076
12,000
3,750
0
1,285,826

1,285,248
17,706
3,670
263
1,306,887

1,355,772
8,520
3,777
77
1,368,146

1,299,242
15,000
3,750
0
1,317,992

1,299,242
15,000
3,750
0
1,317,992

29,166
3,000
0
0
32,166

SALES TAX
101-0000-313-01-00
101-0000-313-02-00
TOTAL SALES TAX

LOCAL OPTION 2.25%
LOCAL SCHOOL .50%

BUSINESS TAXES
101-0000-316-01-00 BUSINESS GROSS RECEI
2
0
2
0
0
0
0
0
0
0
101-0000-316-02-00 BUSINESS TAX CITY CL
33,300
24,986
43,888
30,000
30,000
38,216
31,584
30,000
30,000
0
234,044
413,442
300,000
300,000
359,674
325,000
300,000
300,000
0
101-0000-316-03-00 BUSINESS TAX CITY FI
309,740
TOTAL BUSINESS TAXES
343,042
259,030
457,332
330,000
330,000
397,890
356,584
330,000
330,000
0
________________________________________________________________________________________________________________________________________________________________________
TOTAL TAXES

12,101,350

12,457,479

13,242,955

12,780,961

12,780,961

12,793,181

12,292,923

12,935,098

13,145,698

364,737

0
13
5,219
90

0
0
4,550
45

2,591
0
4,760
15

0
0
5,000
100

0
0
5,000
100

30
0
4,679
0

0
0
5,000
125

0
0
5,000
100

0
0
5,000
100

0
0
0
0

LICENSES & PERMITS
==================
LICENSES
101-0000-321-01-00
101-0000-321-02-00
101-0000-321-03-00
101-0000-321-05-00

BUSINESS LICENSE
INTEREST & PENALTY
BEER LICENSE
ELECTRIC/GAS/PLUMBIN

6-28-2022 09:59 AM

CITY OF ELIZABETHTON
ADOPTED BUDGET REPORT
AS OF: JUNE 30TH, 2022

PAGE:

2

101-GENERAL FUND
REVENUES

(------------------- 2021-2022 -------------------) 2022-2023
2022-2023
ORIGINAL
2018-2019
2019-2020
2020-2021
ORIGINAL
CURRENT
Y-T-D
PROJECTED
REQUESTED
APPROVED
vs APPROVED
ACTUAL
ACTUAL
ACTUAL
BUDGET
BUDGET
ACTUAL
YEAR END
BUDGET
BUDGET
INCR/(DECR)
________________________________________________________________________________________________________________________________________________________________________
101-0000-321-07-02 TRANSIT VENDORS
0
0
55
0
0
0
0
0
0
0
0
200
0
0
500
0
0
0
0
101-0000-321-09-00 FIREWORKS DISPLAYS
100
TOTAL LICENSES
5,422
4,595
7,620
5,100
5,100
5,209
5,125
5,100
5,100
0
SPECIAL PERMITS
101-0000-322-02-00 ELECTRIC
12,236
6,972
11,820
12,000
12,000
10,277
13,784
12,000
12,000
0
101-0000-322-03-00 BUILDING
89,940
55,580
91,029
88,000
88,000
83,329
92,000
88,000
88,000
0
101-0000-322-04-00 PLUMBING
4,330
3,595
5,490
4,500
4,500
4,105
5,000
5,000
5,000
500
101-0000-322-05-00 GAS
2,240
1,120
2,467
2,300
2,300
1,556
2,300
2,300
2,300
0
101-0000-322-06-00 DEMOLITION
300
200
950
500
500
300
750
500
500
0
101-0000-322-07-00 CURB CUTS
120
120
60
100
100
121
120
100
100
0
101-0000-322-08-00 STREET CUTS
(
28)
0
0
0
0
0
0
0
0
0
101-0000-322-09-00 POOL PERMIT
0
105
0
100
100
175
175
100
100
0
101-0000-322-10-00 MISCELLANEOUS PERMIT
110
0
20
150
150
0
650
150
150
0
75
175
100
100
400
375
100
100
0
101-0000-322-11-00 EROSION&SEDIMENT PER
75
TOTAL SPECIAL PERMITS
109,323
67,766
112,010
107,750
107,750
100,262
115,154
108,250
108,250
500
________________________________________________________________________________________________________________________________________________________________________
TOTAL LICENSES & PERMITS

114,745

72,361

119,630

112,850

112,850

105,471

120,279

113,350

113,350

28,182
41,400
35,825
139,844
1,257,292
501,151
6,562
170,942
49,941
19,150
1,232
0
2,251,522

28,144
57,600
29,916
197,744
1,291,506
508,124
6,659
177,266
138,134
19,204
1,232
0
2,455,530

28,144
57,600
34,489
162,497
1,504,022
501,416
3,215
160,250
77,022
22,693
1,232
5,238
2,557,818

28,144
60,800
33,000
70,000
1,356,082
480,000
6,500
175,000
50,000
20,000
1,232
14,000
2,294,758

28,144
60,800
33,000
70,000
1,356,082
480,000
6,500
175,000
50,000
20,000
1,232
14,000
2,294,758

27,036
59,200
40,212
65,549
1,633,705
514,782
6,644
152,316
137,311
21,449
1,232
14,028
2,673,464

28,720
42,000
35,000
139,844
1,249,000
500,000
7,000
168,000
56,500
22,205
1,233
0
2,249,502

26,667
60,800
33,000
0
1,500,000
500,000
6,500
170,000
50,000
20,000
1,232
14,000
2,382,199

26,667 (
60,800
33,000
0 (
1,565,000
500,000
6,500
170,000 (
100,000
20,000
1,232
14,000
2,497,199

2,434

5,144

4,400

4,400

0

10,000

4,400

500

INTERGOVERNMENTAL
=================
STATE OF TENN
101-0000-331-01-00 STATE OF TN CITY STR
101-0000-331-02-00 PUB SAFETY SUPP PAY
101-0000-331-03-00 MIXED DRINK TAX-CITY
101-0000-331-04-00 HALL INCOME TAX
101-0000-331-05-00 SALES TAX
101-0000-331-06-00 GASOLINE & MOTOR FUE
101-0000-331-07-00 BEER TAX
101-0000-331-08-00 TVA REPLACEMENT TAX
101-0000-331-09-00 EXCISE TAX
101-0000-331-12-00 TELECOMMUNICATIONS T
101-0000-331-13-00 ST LAND ACQUIS REIMB
101-0000-331-15-00 ONLINE GABLING TAX
TOTAL STATE OF TENN

STATE OF TENN - GRANTS
101-0000-332-03-00 LIBRARY GRANT
10,529
TECH GRANT 50% MATCH
1
3,000.00
TOP GRANT 30% MATCH
1
1,400.00
101-0000-332-06-00 GOV HIGHWAY SAFETY
5,000
101-0000-332-07-00 STATE STREET MAINT C
35,563
TDOT CONTRACT
1
73,000.00
101-0000-332-09-00 SAFETY GRANT
2,020
101-0000-332-14-00 ECONONIC & COMMUNITY
0
PLACEMAKERS GRANT
1
35,550.00
101-0000-332-22-00 SAFE ROUTES TO SCHOO
0
101-0000-332-23-00 MULTI-MODAL GRANT
0

4,400

1,477)
0
0
70,000)
208,918
20,000
0
5,000)
50,000
0
0
0
202,441

0

3,000
1,400
0
16,051

0
69,103

0
73,000

0
73,000

0
42,363

5,000
71,000

0
73,000

0
250,000

3,000
0

2,500
0

2,500
35,550

3,000
0

2,020
250,000

2,500
35,550

0
18,525

6,889
338,327

138,626
0

138,626
0

0
0

134,626
210,235

138,626
0

0
73,000
73,000
2,500
35,550
35,550
138,626
0

0
0
0
35,550
0
0

6-28-2022 09:59 AM

CITY OF ELIZABETHTON
ADOPTED BUDGET REPORT
AS OF: JUNE 30TH, 2022

PAGE:

3

101-GENERAL FUND
REVENUES

(------------------- 2021-2022 -------------------) 2022-2023
2022-2023
ORIGINAL
2018-2019
2019-2020
2020-2021
ORIGINAL
CURRENT
Y-T-D
PROJECTED
REQUESTED
APPROVED
vs APPROVED
ACTUAL
ACTUAL
ACTUAL
BUDGET
BUDGET
ACTUAL
YEAR END
BUDGET
BUDGET
INCR/(DECR)
________________________________________________________________________________________________________________________________________________________________________
101-0000-332-25-00 THDA GRANT
0
0
453,368
70,657
70,657
40,152
497,000
0
0 (
70,657)
101-0000-332-27-00 SRO GRANT
0
0
0
0
0
0
100,476
0
0
0
101-0000-332-28-00 KEEP CARTER COUNTY B
0
1,500
0
0
0
0
0
0
0
0
101-0000-332-30-00 TN GOVERNOR'S LG GRA
0
0
327,858
162,800
162,800
162,800
0
0
0 (
162,800)
101-0000-332-31-00 TDOT- GAP CREEK BRID
0
0
496,038
0
0
0
0
0
0
0
101-0000-332-32-00 TDOT - RESSER RD BRI
0
0
0
0
1,375,928
1,229,607
0
0
0
0
101-0000-332-33-00 TDEC - DOWNTOWN IMPR
0
0
0
0
150,000
0
0
150,000
150,000
150,000
101-0000-332-34-00 TDOT - URBAN TRANSPO
0
0
0
0
0
0
0
0
175,000
175,000
0
0
0
0
0
0
0
625,000
625,000
101-0000-332-35-00 TDEC - LOCAL PARKS &
0
TOTAL STATE OF TENN - GRANTS
53,113
288,510
1,699,727
451,983
2,013,461
1,477,922
1,280,357
404,076
1,204,076
752,093
FEDERAL GOV - GRANTS
101-0000-333-05-00 ARC - BONNIE KATE
101-0000-333-06-00 APPALACHIA HIDTA FED
101-0000-333-12-00 COVID EMERGENCY SUPP
TOTAL FEDERAL GOV - GRANTS

0
14,155
0
14,155

0
8,522
0
8,522

0
5,576
0
5,576

0
13,900
0
13,900

0
13,900
60,750
74,650

0
5,249
17,918
23,167

0
12,939
0
12,939

0
13,900
0
13,900

500,000
13,900
0
513,900

500,000
0
0
500,000

OTHER GOVT / AGENCIES
101-0000-334-02-00 CARTER CO LIBRARY AP
65,600
75,000
75,000
75,000
75,000
75,000
65,600
75,000
75,000
0
101-0000-334-03-00 CARTER CO FIRE DEPT
0
0
5,000
5,000
5,000
5,000
0
5,000
5,000
0
101-0000-334-06-00 PARK & REC/CARTER CO
12,000
25,000
25,000
25,000
25,000
25,000
12,000
25,000
25,000
0
0
183,091
0
0
0
0
0
0
0
101-0000-334-17-00 TN CARES ACT
0
TOTAL OTHER GOVT / AGENCIES
77,600
100,000
288,091
105,000
105,000
105,000
77,600
105,000
105,000
0
________________________________________________________________________________________________________________________________________________________________________
TOTAL INTERGOVERNMENTAL

2,396,390

2,852,563

4,551,212

2,865,641

4,487,869

4,279,552

3,620,398

2,905,175

168,166
658,677
0
0
0
237,013

211,905
658,677
0
0
0
235,942

160,000
658,677
0
0
0
225,000

160,000
658,677
0
0
0
225,000

191,308
658,677
0
0
0
243,392

140,000
658,677
660,000
0
0
127,000

170,000
658,677
0
0
0
120,000

1,063,856

1,106,524

1,043,677

1,043,677

1,093,377

1,585,677

152,207
176,226
16,769
345,201

185,610
167,792
10,528
363,931

200,000
190,000
20,000
410,000

200,000
190,000
20,000
410,000

380,254
270,992
7,464
658,711

265,000
297,000
28,000
590,000

4,320,175

1,454,534

GENERAL GOVT CHARGES
====================
GENERAL GOV CHARGES
101-0000-341-01-00 RETAIL LIQUOR LICENS
153,311
101-0000-341-03-45 WATER & SEWER (ADMIN
658,677
101-0000-341-03-50 ELIZABETHTON ELECTRI
638,306
101-0000-341-03-55 SANITATION (ADMIN CH
0
101-0000-341-03-65 ELECTRIC FUND (ADMIN
0
101-0000-341-04-00 SPECIAL POLICE SERVI
127,019
SRO GRANT
1
42,563.00
OFFICER @ TAD
1
60,000.00
OFFICER @ EHA
1
60,000.00
TOTAL GENERAL GOV CHARGES
1,577,314
GARAGE SERVICES
101-0000-342-01-00 FUEL SALES
101-0000-342-02-00 PARTS/OVERHEAD
101-0000-342-03-00 LABOR & REPAIR CHARG
TOTAL GARAGE SERVICES

166,266
187,659
19,931
373,855

180,000
20,000
700,802
42,125
0
0
24,670
24,670
74,040
74,040
162,563 (
62,437)
42,563
60,000
60,000_____ ___________
948,677
1,142,075
98,398

200,000
175,000
15,000
390,000

200,000
175,000 (
15,000 (
390,000 (

0
15,000)
5,000)
20,000)

6-28-2022 09:59 AM

CITY OF ELIZABETHTON
ADOPTED BUDGET REPORT
AS OF: JUNE 30TH, 2022

PAGE:

4

101-GENERAL FUND
REVENUES

(------------------- 2021-2022 -------------------) 2022-2023
2022-2023
ORIGINAL
2018-2019
2019-2020
2020-2021
ORIGINAL
CURRENT
Y-T-D
PROJECTED
REQUESTED
APPROVED
vs APPROVED
ACTUAL
ACTUAL
ACTUAL
BUDGET
BUDGET
ACTUAL
YEAR END
BUDGET
BUDGET
INCR/(DECR)
________________________________________________________________________________________________________________________________________________________________________
HEALTH
101-0000-345-01-00
TOTAL HEALTH

DOG TAGS

0
0

0
0

0
0

0
0

0
0

0
0

15
15

0
0

0
0

0
0

CULTURE - RECREATION
101-0000-347-10-01 TWINS SEASON TICKETS
469
0
0
0
0
0
469
0
0
0
101-0000-347-10-02 DAILY TICKETS
18,332
0
0
0
0
0
18,332
0
0
0
101-0000-347-10-04 SOUVENIR SALES
6,237
0
0
0
0
0
6,195
0
0
0
101-0000-347-10-06 MISCELLAEOUS REVENUE
4,650
0
0
0
0
0
4,665
0
0
0
101-0000-347-10-07 STADIUM ADVERTISING
11,250
0
0
0
0
0
11,250
0
0
0
101-0000-347-10-08 PROGRAM ADS
2,745
0
0
0
0
0
2,745
0
0
0
101-0000-347-20-01 POOL SEASON TICKET S
80
0
0
200
200
0
250
0
0 (
200)
101-0000-347-20-02 DAILY TICKET SALES
16,910
11,024
5,681
16,500
16,500
18,250
18,568
16,500
16,500
0
101-0000-347-20-03 CONCESSIONS SALES
0
0
0
0
0
0
600
0
0
0
101-0000-347-20-06 MISCELLANEOUS REVENU
4,451
2,196
1,326
3,000
3,000
5,720
5,528
3,000
3,000
0
101-0000-347-20-07 SWIMMING LESSONS
500
0
0
0
0
0
500
0
0
0
101-0000-347-30-01 BASKETBALL ENTRANCE
4,107
4,442
480
5,000
5,000
3,360
5,000
5,000
5,000
0
101-0000-347-30-02 FOOTBALL ENTRANCE FE
1,040
0
0
500
500
0
1,040
500
500
0
101-0000-347-30-05 VOLLEY BALL ENTRANCE
2,971
2,301
2,750
3,000
3,000
2,080
3,000
3,000
3,000
0
101-0000-347-30-06 MISCELLANEOUS REVENU
0
0
0
0
0
0
114
0
0
0
101-0000-347-40-02 RENTAL FEE
8,969
6,540
3,995
9,000
9,000
9,170
11,000
9,000
9,000
0
101-0000-347-40-03 DON TETRICK PAVILION
943
315
1,435
500
500
1,665
700
500
500
0
101-0000-347-40-04 VENDING MACH COMMISS
0
0
0
0
0
0
700
0
0
0
101-0000-347-40-06 MISCELLANEOUS REVENU
0
0
0
0
0
13,250
0
0
0
0
101-0000-347-50-01 COVERED BRIDGE DAYS
0
0
7,000
0
34,210
40,948
0
0
45,000
45,000
101-0000-347-60-01 ATHLETIC RESERVATION
0
0
18,338
10,000
10,000
10,284
0
10,000
10,000
0
101-0000-347-70-01 CONCERT - TICKET SAL
0
0
0
0
0
0
0
0
300,000
300,000
SEPTEMBER 2022 CHRISTIA
1
159,000.00
159,000
SEPTEMBER 2022 COUNTY
1
180,000.00
180,000
BUDGETARY ADJUSTMENT
(
39,000.00)
(
39,000)
101-0000-347-70-02 CONCERT - SPONSORSHI
0
0
0
0
0
5,000
0
0
120,000
120,000
SEPTEMBER 2022 CHRISTIA
1
60,000.00
60,000
SEPTEMBER 2022 COUNTRY
1
60,000.00
60,000
101-0000-347-70-03 CONCERTS - CONCESSIO
0
0
0
0
0
0
0
0
20,000
20,000
SEPTEMBER 2022 CHRISTIA
1
10,000.00
10,000
SEPTEMBER 2022 COUNTRY
1
10,000.00
10,000
1,610
3,920
2,500
2,500
5,360
3,462
2,500
2,500
0
101-0000-347-98-00 PAVILION RENTAL
3,153
TOTAL CULTURE - RECREATION
86,807
28,428
44,925
50,200
84,410
115,087
94,118
50,000
535,000
484,800
________________________________________________________________________________________________________________________________________________________________________
TOTAL GENERAL GOVT CHARGES

2,037,976

1,437,485

1,515,379

1,503,877

1,538,087

1,867,174

2,269,810

1,388,677

2,067,075

563,198

66,140
0
21,393

72,390
0
14,915

78,461
0
21,426

70,000
0
20,000

70,000
0
20,000

54,017
0
15,175

65,000
1,500
20,000

70,000
0
20,000

70,000
0
20,000

0
0
0

FINES
=====
POLICE
101-0000-351-01-01
101-0000-351-02-00
101-0000-351-03-00

TRAFFIC FINES
MOVING TRAFFIC VIOLA
FINES DEFENSE DRIVIN

6-28-2022 09:59 AM

CITY OF ELIZABETHTON
ADOPTED BUDGET REPORT
AS OF: JUNE 30TH, 2022

PAGE:

5

101-GENERAL FUND
REVENUES

(------------------- 2021-2022 -------------------) 2022-2023
2022-2023
ORIGINAL
2018-2019
2019-2020
2020-2021
ORIGINAL
CURRENT
Y-T-D
PROJECTED
REQUESTED
APPROVED
vs APPROVED
ACTUAL
ACTUAL
ACTUAL
BUDGET
BUDGET
ACTUAL
YEAR END
BUDGET
BUDGET
INCR/(DECR)
________________________________________________________________________________________________________________________________________________________________________
101-0000-351-05-00 SESS/CIRC/JUV/COURT
29,477
30,851
33,897
30,000
30,000
23,731
35,000
30,000
30,000
0
101-0000-351-09-00 FINANCIAL RESPONSIBI
7,340
8,982
11,347
8,000
8,000
7,606
10,000
8,000
8,000
0
101-0000-351-15-00 SEX OFFENDER REG. FE
300
750
901
1,050
1,050
750
800
1,050
1,050
0
1,050_____ ___________
SEX OFFENDERS REGISTERE
7
150.00
TOTAL POLICE
124,650
127,888
146,032
129,050
129,050
101,278
132,300
129,050
129,050
0
OTHER FINES
101-0000-352-02-00 LIBRARY FINES
16,668
11,892
2,062
17,000
17,000
7,231
19,000
17,000
17,000
0
2,795
4,450
2,500
2,500
3,400
3,500
2,500
2,500
0
101-0000-352-04-00 SEIZED DRIVER'S LICE
2,955
TOTAL OTHER FINES
19,623
14,687
6,512
19,500
19,500
10,631
22,500
19,500
19,500
0
________________________________________________________________________________________________________________________________________________________________________
TOTAL FINES

144,274

142,575

152,545

148,550

148,550

111,909

154,800

148,550

148,550

0

68,154
3,336
12,824
7,390
91,705

45,313
4,701
9,985
1,843
61,843

4,908
10,033
1,214
159
16,314

10,000
10,000
2,000
500
22,500

10,000
10,000
2,000
500
22,500

5,372
7,254
1,723
1,000
15,349

67,000
2,700
12,281
7,180
89,161

1,800
10,000
1,500
200
13,500

10,000
10,000
2,000
500
22,500

0
0
0
0
0

167,435
137,445
78,960
10
383,850

166,114
131,590
96,625
0
394,329

161,061
123,755
96,625
0
381,440

167,000
130,000
96,625
0
393,625

167,000
130,000
96,625
0
393,625

160,161
163,081
96,625
0
419,867

168,000
135,000
78,960
0
381,960

160,000
125,000
96,625
0
381,625

160,000 (
142,000
96,625
0
398,625

0
3,749
0
3,000
0
50,000

1,200
3,901
89,461
0
0
10,000

0
2,000
0
0
0
20,000

0
2,000
120,000
0
0
50,000

50
249
120,000
0
0
23,493

100
2,400
0
2,000
0
0

0
2,000
0
0
0
29,843

0
4,318
0
0
61,066

41,857
3,988
5,000
4,000
159,406

0
5,000
5,000
4,000
36,000

0
5,000
5,000
4,000
186,000

0
4,933
5,000
755
154,479

0
4,500
0
0
9,000

0
5,000
5,000
4,000
45,843

OTHER REVENUES
==============
INTEREST
101-0000-361-01-00
101-0000-361-03-00
101-0000-361-05-00
101-0000-361-06-00
TOTAL INTEREST

INTEREST/INVESTMENTS
CASH IN CHECKING
SCHOOL SALES TAX INT
GENERAL FUND CAPITAL

RENTS & ROYALTIES
101-0000-363-01-00 TV CABLE FRANCHISE
101-0000-363-03-00 NATURAL GAS FRANCHIS
101-0000-363-04-00 TN VOC REHAB TRNING
101-0000-363-07-00 LEASE/RENTAL CITY PR
TOTAL RENTS & ROYALTIES

SPECIFIED USE
101-0000-365-02-00 PRIVATE CONTRIBUTION
0
101-0000-365-04-00 LIBRARY
3,079
101-0000-365-09-00 PARK & RECREATION
0
101-0000-365-11-00 TML SAFETY GRANT
0
101-0000-365-12-00 "GRIST MILL" ON THE
135
101-0000-365-15-00 NRPA GRANT
0
ESTIMATED REIMBURSEMENT
0
16,346.00
FY 2023 REVENUES
1
29,843.00
101-0000-365-16-00 PROJECT SAFE NEIGHBO
0
101-0000-365-18-00 FIRE DEPARTMENT
3,719
101-0000-365-21-00 PEP PROPERTY GRANT
0
101-0000-365-22-00 PEP DRIVING GRANT
0
TOTAL SPECIFIED USE
6,932
0000-365-18-0FIRE DEPARTMENT

PERMANENT NOTES:
Designated donations for Fire Pup (Fire Safety) program

0000-365-20-0Other Post Retirement BenePERMANENT NOTES:

0
2,000
0
0
0
29,843
0
29,843
0
5,000
5,000
4,000
45,843

7,000)
12,000
0
0
5,000

0
0
0
0
0
9,843

0
0
0
0
9,843

6-28-2022 09:59 AM

CITY OF ELIZABETHTON
ADOPTED BUDGET REPORT
AS OF: JUNE 30TH, 2022

PAGE:

6

101-GENERAL FUND
REVENUES

(------------------- 2021-2022 -------------------) 2022-2023
2022-2023
ORIGINAL
2018-2019
2019-2020
2020-2021
ORIGINAL
CURRENT
Y-T-D
PROJECTED
REQUESTED
APPROVED
vs APPROVED
ACTUAL
ACTUAL
ACTUAL
BUDGET
BUDGET
ACTUAL
YEAR END
BUDGET
BUDGET
INCR/(DECR)
________________________________________________________________________________________________________________________________________________________________________
Estimated Payouts from OPEB funds for employees retiring in
fiscal year
MISCELLANEOUS REVENUE
101-0000-369-01-00 OTHER MISCELLANEOUS
13,751
26,595
7,601
11,000
11,000
11,587
13,200
11,000
11,000
0
101-0000-369-03-00 INSURANCE PROCEEDS
7,634
6,570
95,672
5,000
19,679
27,541
7,000
5,000
5,000
0
101-0000-369-04-00 TAX PAYMENTS-OVER/(S
0 (
115)
0
0
0
0
0
0
0
0
101-0000-369-05-00 DAMAGE/LOST BOOKS FE
520
215
134
500
500
90
525
500
500
0
101-0000-369-06-00 SALE OF BRASS/COPPER
787
99
1,060
500
500
141
1,000
500
500
0
101-0000-369-08-00 CREDIT CARD PROCESSI
1,053
1,448
1,523
1,000
1,000
1,838
1,200
1,000
1,000
0
101-0000-369-12-00 CO-STARTERS CLASS RE
1,220
0
0
0
0
0
1,500
0
0
0
101-0000-369-13-00 CAP CONT MN TWINS
0
50,080
50,080
50,080
50,080
50,080
50,080
50,080
50,080
0
CONTRIBUTION 10 YR BEG
1
50,080.00
50,080
101-0000-369-14-00 SCHOOL SRO CONTRIBUT
0
0
0
0
0
0
85,000
0
0
0
101-0000-369-15-00 CRASH REPORTS - LEXI
0
592
0
0
0
0
0
0
0
0
101-0000-369-16-00 LITIGATION PROCEEDS
0
0
453,602
0
0
389,173
0
0
0
0
0
0
0
0
1,350
0
0
0
0
101-0000-369-17-00 MISC PLANNING & BUIL
0
TOTAL MISCELLANEOUS REVENUE
24,965
85,485
609,672
68,080
82,759
481,801
159,505
68,080
68,080
0
________________________________________________________________________________________________________________________________________________________________________
TOTAL OTHER REVENUES

507,452

602,724

1,166,832

520,205

684,884

1,071,496

639,626

509,048

535,048

14,843

NON-REVENUE RECEIPTS
====================
NON-REVENUE RECEIPTS
101-0000-381-01-00 FUND BALANCE APPROPR
0
0
0
1,123,501
1,561,768
0
0
0
1,930,442
806,941
VEHICLE LIFT
1
17,812.00
17,812
TIRE CHANGER
1
40,500.00
40,500
PATROL VEHICLES
2
58,304.00
116,608
POOL IMPROVEMENTS
1
390,000.00
390,000
CITY PARK PAVILIONS
3
12,000.00
36,000
FRANKLIN FITNESS CENTER
1
500,000.00
500,000
COWAN PROPERTY
1
650,000.00
650,000
ZERO TURN LAWN MOWER
2
11,500.00
23,000
BONNIE KATE MATCH
1
236,736.00
236,736
TRANSFER TO CAP PROJECT
1
44,153.00
44,153
ESTIMATED OPERATIONAL R
(
124,367.00)
(
124,367)
101-0000-381-02-00 ASSIGN. FUND BALANCE
0
0
0
0
0
0
0
0
157,250
157,250
COVERED BRIDGE - TAP GR
1
141,000.00
141,000
LIBRARY - BURROW ESTATE
1
5,000.00
5,000
LIBRARY - BRONSON ESTAT
1
1,500.00
1,500
9,750_____ ___________
PARKS & REC - FIREWORKS
1
9,750.00
TOTAL NON-REVENUE RECEIPTS
0
0
0
1,123,501
1,561,768
0
0
0
2,087,692
964,191
________________________________________________________________________________________________________________________________________________________________________
TOTAL NON-REVENUE RECEIPTS

0

0

0

1,123,501

1,561,768

0

0

0

2,087,692

964,191

6-28-2022 09:59 AM

CITY OF ELIZABETHTON
ADOPTED BUDGET REPORT
AS OF: JUNE 30TH, 2022

PAGE:

7

101-GENERAL FUND
REVENUES

(------------------- 2021-2022 -------------------) 2022-2023
2022-2023
ORIGINAL
2018-2019
2019-2020
2020-2021
ORIGINAL
CURRENT
Y-T-D
PROJECTED
REQUESTED
APPROVED
vs APPROVED
ACTUAL
ACTUAL
ACTUAL
BUDGET
BUDGET
ACTUAL
YEAR END
BUDGET
BUDGET
INCR/(DECR)
________________________________________________________________________________________________________________________________________________________________________
OTHER FINANCING SOURCES
=======================
INTERFUND OPER TRANSFERS
101-0000-391-36-00 ARPA FUND 127
0
PATROL CARS
2
58,304.00
BATTALION CHIEF VEHICLE
1
63,500.00
SALT DOG SPREADER
2
7,117.50
CANOPY MONEY
1
30,000.00
SIDWALK IMPROVEMENTS AD
1
50,000.00
101-0000-391-40-00 OPEB INVESTMENT TRUS
22,749
101-0000-391-84-00 DEBT ISSUE CAP PROJ
0
LPRF MATCH 50%
1
625,000.00
TOTAL INTERFUND OPER TRANSFERS
22,749
SALE OF FIXED ASSETS
101-0000-392-01-00 FIXED ASSETS
101-0000-392-02-00 REAL ESTATE
101-0000-392-05-00 CONFISCATED ITEMS
101-0000-392-06-00 CONFISCATE AUTOS DUI
101-0000-392-08-00 GOVDEAL MISC AUCTION
TOTAL SALE OF FIXED ASSETS

11,327
0
0
3,454
5,722
20,502

0

0

0

0

0

0

0

69,542
0

69,469
0

75,479
0

75,479
0

76,472
0

25,000
0

69,542

69,469

75,479

75,479

76,472

25,000

274,343
274,343
116,608
63,500
14,235
30,000
50,000
75,479
72,557 (
2,922)
0
625,000
625,000
625,000_____ ___________
75,479
971,900
896,421

3,159
0
320
4,332
14,112
21,923

5,343
100
185
6,398
2,844
14,870

10,000
0
0
5,000
1,000
16,000

10,000
0
0
5,000
1,000
16,000

32,666
0
0
9,945
1,530
44,142

12,000
0
300
13,000
7,000
32,300

10,000
0
0
5,000
1,000
16,000

10,000
0
0
5,000
1,000
16,000

0
0
0
0
0
0

PROCEEDS OF LT DEBT
___________ ___________ ___________ ___________ ___________ ___________ ___________ ___________ ___________ ___________
________________________________________________________________________________________________________________________________________________________________________
TOTAL OTHER FINANCING SOURCES
43,251
91,465
84,339
91,479
91,479
120,614
57,300
91,479
987,900
896,421
________________________________________________________________________________________________________________________________________________________________________
TOTAL REVENUES

17,345,438

17,656,652

20,832,893

19,147,064

21,406,448

20,349,399

19,155,136

18,091,377

23,405,488

4,258,424

6-28-2022 09:59 AM

CITY OF ELIZABETHTON
ADOPTED BUDGET REPORT
AS OF: JUNE 30TH, 2022

PAGE:

8

101-GENERAL FUND
CITY COUNCIL
EXPENDITURES

(------------------- 2021-2022 -------------------) 2022-2023
2022-2023
ORIGINAL
2018-2019
2019-2020
2020-2021
ORIGINAL
CURRENT
Y-T-D
PROJECTED
REQUESTED
APPROVED
vs APPROVED
ACTUAL
ACTUAL
ACTUAL
BUDGET
BUDGET
ACTUAL
YEAR END
BUDGET
BUDGET
INCR/(DECR)
________________________________________________________________________________________________________________________________________________________________________

CITY COUNCIL-ADMIN
==================
PERSONNEL SERVICES
101-1101-500-10-11 SALARIES/WAGES
TOTAL PERSONNEL SERVICES

13,277
13,277

13,354
13,354

13,288
13,288

13,200
13,200

13,200
13,200

12,331
12,331

13,650
13,650

13,200
13,200

13,200
13,200

0
0

EMPLOYEE BENEFITS
101-1101-500-20-11 FICA
101-1101-500-20-12 MEDICARE
101-1101-500-20-17 EMPLOYEE LIFE INS
101-1101-500-20-19 WORKERS COMPENSATION
TOTAL EMPLOYEE BENEFITS

823
193
252
57
1,325

828
194
246
60
1,328

824
193
240
53
1,310

818
191
588
60
1,657

818
191
588
60
1,657

765
179
222
43
1,208

846
198
312
66
1,422

819
192
588
60
1,659

819
192
588
60
1,659

1
1
0
0
2

36
3,252
244
0
0
2,306
3,592

32
3,623
436
0
0
170
7,693

100
3,800
300
200
0
7,000
15,000

100
3,800
300
200
0
7,000
15,000

22
2,531
268
0
0
3,141
13,828

100
3,000
217
120
1,000
2,700
8,000

100
3,800
300
200
0
7,000
15,000

380
9,809

200
12,154

200
26,600

200
26,600

355
20,145

3,000
18,137

200
26,600

CONTRACTUAL SERVICES
101-1101-500-30-11 POSTAL DELIVERY SERV
53
101-1101-500-30-31 LEGAL NOTICES
3,622
101-1101-500-30-45 TELEPHONE SERVICES
242
101-1101-500-30-71 SUBSCRIPTIONS & BOOK
0
101-1101-500-30-75 MEMBERSHIP / DUES
824
101-1101-500-30-78 EDUC,SEMINARS,TRAINI
2,565
101-1101-500-30-83 TRAVEL-BUSINESS EXPE
11,572
TML Legislative Confere
4
500.00
TML Annual Conference
4
500.00
Governors Confernce
2
500.00
Council Retreat
1
5,000.00
101-1101-500-30-99 OTHER CONTRACTED SER
2,806
TOTAL CONTRACTUAL SERVICES
21,685

100
3,800
500
0 (
0
5,000 (
10,000 (
2,000
2,000
1,000
5,000
200
19,600 (

0
0
200
200)
0
2,000)
5,000)

0
7,000)

SUPPLIES & MATERIALS
101-1101-500-40-11 OFFICE SUPLYS & MATE
TOTAL SUPPLIES & MATERIALS

3,344
3,344

2,932
2,932

3,384
3,384

4,000
4,000

4,000
4,000

1,933
1,933

3,500
3,500

4,000
4,000

4,000
4,000

0
0

FIXED CHARGES
101-1101-500-50-10 LIABILITY,GENERAL
101-1101-500-50-11 LIABILITY,ERRORS & O
TOTAL FIXED CHARGES

52
30,521
30,573

65
29,566
29,631

73
28,344
28,417

100
30,600
30,700

100
30,600
30,700

73
30,522
30,595

60
30,550
30,610

100
30,600
30,700

100
30,600
30,700

0
0
0

763

1,946

1,800

1,800

460

700

1,800

GRANTS & OTHER
101-1101-500-60-89 OTHER MISCELLANEOUS
1,098
Miscellaneous
1
300.00
101-1101-500-60-97 COVID EXPENSE - CARE
0
TOTAL GRANTS & OTHER
1,098

300 (

1,500)

0
300 (

0
1,500)

300
0
763

3,858
5,804

0
1,800

0
1,800

0
460

0
700

0
1,800

6-28-2022 09:59 AM

CITY OF ELIZABETHTON
ADOPTED BUDGET REPORT
AS OF: JUNE 30TH, 2022

PAGE:

9

101-GENERAL FUND
CITY COUNCIL
EXPENDITURES

(------------------- 2021-2022 -------------------) 2022-2023
2022-2023
ORIGINAL
2018-2019
2019-2020
2020-2021
ORIGINAL
CURRENT
Y-T-D
PROJECTED
REQUESTED
APPROVED
vs APPROVED
ACTUAL
ACTUAL
ACTUAL
BUDGET
BUDGET
ACTUAL
YEAR END
BUDGET
BUDGET
INCR/(DECR)
________________________________________________________________________________________________________________________________________________________________________
___________ ___________ ___________ ___________ ___________ ___________ ___________ ___________ ___________ ___________
CAPITAL OUTLAY
________________________________________________________________________________________________________________________________________________________________________
TOTAL CITY COUNCIL-ADMIN

71,302

57,817

64,357

77,957

77,957

66,671

68,020

77,959

69,459 (

8,498)

1,020
71
1,091

969
0
969

1,282
0
1,282

1,700
1,500
3,200

1,700
1,500
3,200

928
0
928

1,100
1,295
2,395

1,700
1,500
3,200

1,500 (
0 (
1,500 (

200)
1,500)
1,700)

___________

___________

___________

___________

___________

___________

___________

___________

CITY COUN-BOARDS&COMMISS
========================
CONTRACTUAL SERVICES
101-1102-500-30-31 LEGAL NOTICES
101-1102-500-30-99 OTHER CONTRACTED SER
TOTAL CONTRACTUAL SERVICES
SUPPLIES & MATERIALS

___________

___________

GRANTS & OTHER
___________ ___________ ___________ ___________ ___________ ___________ ___________ ___________ ___________ ___________
________________________________________________________________________________________________________________________________________________________________________
TOTAL CITY COUN-BOARDS&COMMISS

1,091

969

1,282

3,200

3,200

928

2,395

3,200

1,500 (

1,700)

CITY COUNCIL-ELECTIONS
======================
CONTRACTUAL SERVICES
101-1104-500-30-99 OTHER CONTRACTUAL SE
212
0
0
500
500
0
400
500
500
0
TOTAL CONTRACTUAL SERVICES
212
0
0
500
500
0
400
500
500
0
________________________________________________________________________________________________________________________________________________________________________
TOTAL CITY COUNCIL-ELECTIONS
212
0
0
500
500
0
400
500
500
0
________________________________________________________________________________________________________________________________________________________________________
TOTAL CITY COUNCIL

72,605

58,787

65,640

81,657

81,657

67,600

70,815

81,659

71,459 (

10,198)

6-28-2022 09:59 AM

CITY OF ELIZABETHTON
ADOPTED BUDGET REPORT
AS OF: JUNE 30TH, 2022

PAGE: 10

101-GENERAL FUND
CITY JUDGE
EXPENDITURES

(------------------- 2021-2022 -------------------) 2022-2023
2022-2023
ORIGINAL
2018-2019
2019-2020
2020-2021
ORIGINAL
CURRENT
Y-T-D
PROJECTED
REQUESTED
APPROVED
vs APPROVED
ACTUAL
ACTUAL
ACTUAL
BUDGET
BUDGET
ACTUAL
YEAR END
BUDGET
BUDGET
INCR/(DECR)
________________________________________________________________________________________________________________________________________________________________________

CITY JUDGE/ADMIN
================
PERSONNEL SERVICES
101-1201-500-10-11 SALARIES/WAGES
TOTAL PERSONNEL SERVICES

15,542
15,542

13,497
13,497

15,548
15,548

15,500
15,500

15,500
15,500

15,029
15,029

15,500
15,500

15,500
15,500

15,500
15,500

0
0

EMPLOYEE BENEFITS
101-1201-500-20-11 FICA
101-1201-500-20-12 MEDICARE
101-1201-500-20-17 EMPLOYEE LIFE INS
101-1201-500-20-19 WORKERS COMPENSATION
TOTAL EMPLOYEE BENEFITS

964
225
26
67
1,281

837
196
30
70
1,132

964
225
39
62
1,291

961
225
84
75
1,345

961
225
84
75
1,345

932
218
38
50
1,238

961
225
52
78
1,316

961
225
84
75
1,345

961
225
84
75
1,345

0
0
0
0
0

CONTRACTUAL SERVICES
101-1201-500-30-99 OTHER CONTRACTED SER
TOTAL CONTRACTUAL SERVICES

8,301
8,301

5,812
5,812

9,692
9,692

9,500
9,500

9,500
9,500

10,776
10,776

8,400
8,400

9,500
9,500

12,000
12,000

2,500
2,500

SUPPLIES & MATERIALS
101-1201-500-40-11 OFFICE SUPLYS & MATE
TOTAL SUPPLIES & MATERIALS

0
0

0
0

0
0

0
0

0
0

178
178

0
0

0
0

0
0

0
0

FIXED CHARGES
101-1201-500-50-10 LIABILITY,GENERAL
TOTAL FIXED CHARGES

62
62

76
76

86
86

90
90

90
90

86
86

75
75

90
90

90
90

0
0

GRANTS & OTHER
___________ ___________ ___________ ___________ ___________ ___________ ___________ ___________ ___________ ___________
________________________________________________________________________________________________________________________________________________________________________
TOTAL CITY JUDGE/ADMIN
25,186
20,517
26,617
26,435
26,435
27,307
25,291
26,435
28,935
2,500
________________________________________________________________________________________________________________________________________________________________________
TOTAL CITY JUDGE

25,186

20,517

26,617

26,435

26,435

27,307

25,291

26,435

28,935

2,500

6-28-2022 09:59 AM

CITY OF ELIZABETHTON
ADOPTED BUDGET REPORT
AS OF: JUNE 30TH, 2022

PAGE: 11

101-GENERAL FUND
CITY MANAGER
EXPENDITURES

(------------------- 2021-2022 -------------------) 2022-2023
2022-2023
ORIGINAL
2018-2019
2019-2020
2020-2021
ORIGINAL
CURRENT
Y-T-D
PROJECTED
REQUESTED
APPROVED
vs APPROVED
ACTUAL
ACTUAL
ACTUAL
BUDGET
BUDGET
ACTUAL
YEAR END
BUDGET
BUDGET
INCR/(DECR)
________________________________________________________________________________________________________________________________________________________________________

CITY MANAGER/ADMIN
==================
PERSONNEL SERVICES
101-1301-500-10-11 SALARIES/WAGES
101-1301-500-10-14 HOLIDAY BONUS
TOTAL PERSONNEL SERVICES

94,395
0
94,395

106,217
150
106,367

106,123
150
106,273

114,000
150
114,150

114,000
150
114,150

110,487
150
110,637

94,016
0
94,016

114,000
150
114,150

155,000
300
155,300

41,000
150
41,150

EMPLOYEE BENEFITS
101-1301-500-20-11 FICA
101-1301-500-20-12 MEDICARE
101-1301-500-20-13 TCRS CONTRIBUTION
101-1301-500-20-14 TCRS - 401K CONTRIBU
101-1301-500-20-15 EMPLOYEE HEALTH INS
101-1301-500-20-17 EMPLOYEE LIFE INS
101-1301-500-20-19 WORKERS COMPENSATION
TOTAL EMPLOYEE BENEFITS

6,008
1,405
1,273
5,021
7,065
84
405
21,261

6,457
1,510
3,947
3,090
8,264
84
478
23,831

6,431
1,504
5,958
0
8,624
82
426
23,025

7,077
1,655
10,274
0
9,778
84
500
29,368

7,077
1,655
10,274
0
9,778
84
500
29,368

6,705
1,568
10,415
0
10,072
82
368
29,210

5,828
1,363
0
8,461
7,000
84
405
23,141

7,077
1,655
10,274
0
9,778
84
500
29,368

9,629
2,252
13,977
0
19,688
168
500
46,214

2,552
597
3,703
0
9,910
84
0
16,846

30
906
0
675

27
1,198
0
685

120
1,000
50
800

120
1,000
50
800

0
1,772
0
680

120
850
0
592

120
1,000
50
800

120
1,000
50
800

0
0
0
0

CONTRACTUAL SERVICES
101-1301-500-30-11 POSTAL DELIVERY SERV
1
101-1301-500-30-45 TELEPHONE SERVICES
898
101-1301-500-30-63 REP & MAINT-OFFICE E
0
101-1301-500-30-71 SUBSCRIPTIONS & BOOK
462
JC Press Subscription
1
175.00
Lexus Nexus Subscriptio
1
625.00
101-1301-500-30-75 MEMBERSHIP / DUES
4,315
Chamber of Commerce
1
600.00
TML
1
4,000.00
TCMA
1
250.00
MISC
1
150.00
CY Incrase
1
3,000.00
101-1301-500-30-78 EDUC,SEMINARS,TRAINI
744
MTAS Classes
4
50.00
TML Legislative
1
150.00
TML Annual
1
300.00
TCMA Spring
1
250.00
TCMA Fall
1
250.00
FTDD
1
100.00
Various
1
1,200.00
CY Increase
1
2,550.00
101-1301-500-30-83 TRAVEL-BUSINESS EXPE
1,893
101-1301-500-30-85 AUTO ALLOWANCE
6,035
101-1301-500-30-99 OHTER CONTRACTED SER
550
TOTAL CONTRACTUAL SERVICES
14,898

175
625
9,197

8,133

5,000

5,000

7,448

4,743

5,000

8,000

3,000

600
4,000
250
150
3,000
530

351

2,450

2,450

1,216

675

2,450

5,000

2,550

200
150
300
250
250
100
1,200
2,550
2,443
6,070
0
19,850

0
6,040
0
16,434

3,000
6,000
0
18,420

3,000
6,000
0
18,420

3,190
5,605
0
19,910

1,670
6,000
600
15,250

3,000
6,000
0
18,420

5,000
6,000
0
25,970

2,000
0
0
7,550

6-28-2022 09:59 AM

CITY OF ELIZABETHTON
ADOPTED BUDGET REPORT
AS OF: JUNE 30TH, 2022

PAGE: 12

101-GENERAL FUND
CITY MANAGER
EXPENDITURES

(------------------- 2021-2022 -------------------) 2022-2023
2022-2023
ORIGINAL
2018-2019
2019-2020
2020-2021
ORIGINAL
CURRENT
Y-T-D
PROJECTED
REQUESTED
APPROVED
vs APPROVED
ACTUAL
ACTUAL
ACTUAL
BUDGET
BUDGET
ACTUAL
YEAR END
BUDGET
BUDGET
INCR/(DECR)
________________________________________________________________________________________________________________________________________________________________________
SUPPLIES & MATERIALS
101-1301-500-40-11 OFFICE SUPLYS & MATE
1,245
101-1301-500-40-13 OFFICE EQUIPMENT
0
101-1301-500-40-29 GEN. OPERATING SUPPL
340
BASE LINE
1
400.00
PUBLIC RELATIONS OFFICE
1
14,500.00
TOTAL SUPPLIES & MATERIALS
1,584

451
123
72

570
120
0

1,500
500
400

1,500
500
400

776
0
148

1,200
500
100

647

690

2,400

2,400

924

1,800

FIXED CHARGES
101-1301-500-50-10 LIABILITY,GENERAL
101-1301-500-50-13 SURETY BOND (OFFICIA
101-1301-500-50-23 PROPERTY (CONTENTS)
101-1301-500-50-24 VEHICLES-INS
TOTAL FIXED CHARGES

370
263
13
181
827

519
263
7
145
934

590
263
8
143
1,003

600
300
13
400
1,313

600
300
13
400
1,313

635
263
11
177
1,085

500
0
13
483
996

600
300
13
400
1,313

600
300
13
400
1,313

0
0
0
0
0

GRANTS & OTHER
101-1301-500-60-89 OTHER MISC EXPENSES
101-1301-500-60-97 COVID EXPENSE - CARE
TOTAL GRANTS & OTHER

32
0
32

0
148
148

0
1,794
1,794

100
0
100

100
0
100

0
0
0

50
0
50

100
0
100

100
0
100

0
0
0

1,500
500
400

1,500
0
1,500
1,000
14,900
14,500
400
14,500_____ ___________
2,400
17,900
15,500

CAPITAL OUTLAY
___________ ___________ ___________ ___________ ___________ ___________ ___________ ___________ ___________ ___________
________________________________________________________________________________________________________________________________________________________________________
TOTAL CITY MANAGER/ADMIN
132,997
151,777
149,219
165,751
165,751
161,767
135,253
165,751
246,797
81,046
________________________________________________________________________________________________________________________________________________________________________
TOTAL CITY MANAGER

132,997

151,777

149,219

165,751

165,751

161,767

135,253

165,751

246,797

81,046

6-28-2022 09:59 AM

CITY OF ELIZABETHTON
ADOPTED BUDGET REPORT
AS OF: JUNE 30TH, 2022

PAGE: 13

101-GENERAL FUND
FINANCE ACCOUNTING & BUDG
EXPENDITURES

(------------------- 2021-2022 -------------------) 2022-2023
2022-2023
ORIGINAL
2018-2019
2019-2020
2020-2021
ORIGINAL
CURRENT
Y-T-D
PROJECTED
REQUESTED
APPROVED
vs APPROVED
ACTUAL
ACTUAL
ACTUAL
BUDGET
BUDGET
ACTUAL
YEAR END
BUDGET
BUDGET
INCR/(DECR)
________________________________________________________________________________________________________________________________________________________________________

FINANCE & BUDGET/ADMIN
======================
PERSONNEL SERVICES
101-1401-500-10-11 SALARIES/WAGES
101-1401-500-10-12 OVERTIME
101-1401-500-10-14 HOLIDAY BONUS
101-1401-500-10-18 OTHER SALARIES & WAG
101-1401-500-10-20 FRANKLIN FITNESS CEN
TOTAL PERSONNEL SERVICES

207,961
1,186
980
947
0
211,073

176,394
765
841
960
0
178,958

188,426
1,405
800
1,549
0
192,180

203,264
1,412
890
479
0
206,045

203,264
1,412
890
479
0
206,045

197,350
666
881
233
0
199,130

195,000
1,200
1,500
2,200
18
199,918

208,560
1,185
910
0
0
210,655

225,588
1,185 (
910
0 (
0
227,683

22,324
227)
20
479)
0
21,638

EMPLOYEE BENEFITS
101-1401-500-20-11 FICA
101-1401-500-20-12 MEDICARE
101-1401-500-20-13 TCRS CONTRIBUTION
101-1401-500-20-14 TCRS - 401K CONTRIBU
101-1401-500-20-15 EMPLOYEE HEALTH INS
101-1401-500-20-17 EMPLOYEE LIFE INS
101-1401-500-20-19 WORKERS COMPENSATION
101-1401-500-20-20 UNEMPLOYMENT INSURAN
TOTAL EMPLOYEE BENEFITS

12,787
2,991
28,361
362
27,585
394
449
0
72,928

10,869
2,542
19,542
309
21,935
327
486
743
56,753

11,536
2,743
21,284
0
23,786
332
403
0
60,084

12,775
2,988
25,683
0
27,521
369
750
0
70,086

12,775
2,988
25,683
0
27,521
369
750
0
70,086

12,161
2,844
24,706
0
28,086
366
309
0
68,471

12,500
2,900
27,800
500
25,867
460
449
0
70,475

13,061
3,056
26,147
0
28,545
383
750
0
71,942

14,116
3,302
28,147
0
28,485
383
750
0
75,183

1,341
314
2,464
0
964
14
0
0
5,097

5,586
2,072
932
1,410
0
37,000
0)
0
68
76
5,034
2,730
0
444
676
52,602

6,697
2,219
1,476
2,393
10
37,000
0
0
486
94
5,674
1,113
0
105
0
56,652

6,500
3,500
1,500
2,100
300
37,000
1,000
0
350
500
5,000
3,100
0
500
1,500
62,545

6,500
3,500
1,500
2,100
300
37,000
1,000
0
350
500
5,000
3,100
0
500
1,500
62,545

5,530
2,248
1,506
1,529
2
37,500
0
0
0
386
6,741
185
0
0
678
53,146

5,940
2,823
1,000
1,700
200
37,000
0
150
183
140
4,000
3,100
190
290
1,000
36,323

6,500
3,500
1,500
2,500
300
37,500
1,000
0
500
500
5,500
3,100
0
500
1,500
67,550

CONTRACTUAL SERVICES
101-1401-500-30-11 POSTAL DELIVERY SERV
5,978
101-1401-500-30-21 PRINTING SERVICES
2,420
101-1401-500-30-31 LEGAL NOTICES
437
101-1401-500-30-45 TELEPHONE SERVICES
1,758
101-1401-500-30-51 MEDICAL SERVICES
78
101-1401-500-30-53 ACCOUNTING / AUDIT S
37,000
101-1401-500-30-63 REP & MAINT-OFFICE E
168 (
101-1401-500-30-71 SUBSCRIPTIONS & BOOK
0
101-1401-500-30-72 BANK CHG-NEW CHECKS/
164
101-1401-500-30-75 MEMBERSHIP / DUES
45
101-1401-500-30-76 ETS CREDIT CARD CHAR
4,643
101-1401-500-30-78 EDUC,SEMINARS,TRAINI
1,040
101-1401-500-30-79 MISCELLANEOUS EXPENS
277
101-1401-500-30-80 ADVERTISING/NEWSPAPE
171
101-1401-500-30-83 TRAVEL-BUSINESS EXPE
0
101-1401-500-30-99 OTHER CONTRACTUAL SE
48,302
ACCESS
1
3,500.00
ACCUFORCE
1
2,000.00
BUSINESS INFORMATION S
1
800.00
CARTER COUNTY-ASSESSMEN
1
12,000.00
CBIZ-OPEB
1
4,500.00
DIEBOLD INC
1
1,500.00
GRANICUS
1
8,600.00
MERCHANTS CREDIT BUREAU
1
100.00
NOVATECK/NOVAACOPY
1
5,000.00

6,500
3,000 (
1,500
2,500
100 (
37,500
500 (
0
500
500
5,500
1,500 (
0
500
1,000 (
67,550
3,500
2,000
800
12,000
4,500
1,500
8,600
100
5,000

0
500)
0
400
200)
500
500)
0
150
0
500
1,600)
0
0
500)
5,005

6-28-2022 09:59 AM

CITY OF ELIZABETHTON
ADOPTED BUDGET REPORT
AS OF: JUNE 30TH, 2022

PAGE: 14

101-GENERAL FUND
FINANCE ACCOUNTING & BUDG
EXPENDITURES

(------------------- 2021-2022 -------------------) 2022-2023
2022-2023
ORIGINAL
2018-2019
2019-2020
2020-2021
ORIGINAL
CURRENT
Y-T-D
PROJECTED
REQUESTED
APPROVED
vs APPROVED
ACTUAL
ACTUAL
ACTUAL
BUDGET
BUDGET
ACTUAL
YEAR END
BUDGET
BUDGET
INCR/(DECR)
________________________________________________________________________________________________________________________________________________________________________
PITNEY BOWES
1
3,000.00
3,000
SOUTHEASTERN SECURITY
1
50.00
50
TYLER TECHNOLOGIES
1
25,000.00
25,000
TYLER TECH - INCODE 10
0
150,000.00
0
1,500_____ ___________
MISCELLANEOUS
1
1,500.00
TOTAL CONTRACTUAL SERVICES
102,481
108,630
113,920
125,395
125,395
109,452
94,038
131,950
128,650
3,255
SUPPLIES & MATERIALS
101-1401-500-40-11 OFFICE SUPLYS & MATE
101-1401-500-40-13 OFFICE EQUIPMENT
101-1401-500-40-29 GEN. OPERATING SUPPL
101-1401-500-40-31 GASOLINE & DIESEL FU
101-1401-500-40-33 VEH-PARTS/OIL/FLUID/
TOTAL SUPPLIES & MATERIALS

8,965
2,132
224
352
49
11,722

7,374
930
402
86
57
8,849

7,298
1,109
291
106
195
8,999

10,000
2,000
300
200
100
12,600

10,000
2,000
300
200
100
12,600

8,518
0
204
284
108
9,114

8,505
2,000
300
300
50
11,155

10,000
2,000
300
200
100
12,600

10,000
1,500 (
300
382
100
12,282 (

0
500)
0
182
0
318)

FIXED CHARGES
101-1401-500-50-10 LIABILITY,GENERAL
101-1401-500-50-13 SURETY BONDS (OFFICI
101-1401-500-50-23 PROPERTY (CONTENTS)
101-1401-500-50-33 EQUIPMENT-RENTAL/LEA
101-1401-500-50-53 BANK FEES
101-1401-500-50-97 CASH & OTHER VARIANC
TOTAL FIXED CHARGES

801
1,580
76
0
0
73
2,529

1,032
1,363
58
0
20
5,495
7,969

1,136
1,669
59
0
0
133
2,997

1,500
2,000
125
0
225
0
3,850

1,500
2,000
125
0
225
0 (
3,850

1,146
1,641
68
0
0
36)
2,818

1,134
1,719
125
250
225
125
3,578

1,500
2,000
125
0
0
0
3,625

1,500
2,000
125
0
0 (
0
3,625 (

0
0
0
0
225)
0
225)

GRANTS & OTHER
101-1401-500-60-89 OTHER MISCELLANEOUS
101-1401-500-60-97 COVID EXPENSE - CARE
TOTAL GRANTS & OTHER

46
0
46

29
7,197
7,226

3,876
7,543
11,419

0
0
0

0
0
0

20
0
20

300
0
300

0
0
0

0
0
0

0
0
0

CAPITAL OUTLAY
101-1401-500-90-64 OFFICE MACHINERY/EQU
0
0
0
0
0
0
1,000
0
0
0
0
0
0
30,000
0
0
0
0
0
101-1401-500-90-99 OTHER CAPITAL OUTLAY
0
TOTAL CAPITAL OUTLAY
0
0
0
0
30,000
0
1,000
0
0
0
________________________________________________________________________________________________________________________________________________________________________
TOTAL FINANCE & BUDGET/ADMIN

400,781

368,385

389,599

417,976

447,976

389,006

380,465

430,772

447,423

29,447

122,327
53
3,361
950
0
126,691

125,316
37
3,884
950
0
130,187

124,002
101
3,328
800
4,475
132,706

118,454
340
3,800
600
0
123,194

118,454
340
3,800
600
0
123,194

109,042
987
3,181
450
0
113,659

120,011
351
3,200
950
0
124,512

118,540
340
3,800
600
0
123,280

124,467
340
3,800
600
0
129,207

6,013
0
0
0
0
6,013

FINANCE FLEET MAINT
===================
PERSONNEL SERVICES
101-1404-500-10-11 SALARIES/WAGES
101-1404-500-10-12 OVERTIME
101-1404-500-10-13 STANDBY/ON CALL
101-1404-500-10-14 HOLIDAY BONUS
101-1404-500-10-18 OTHER SALARIES & WAG
TOTAL PERSONNEL SERVICES

6-28-2022 09:59 AM

CITY OF ELIZABETHTON
ADOPTED BUDGET REPORT
AS OF: JUNE 30TH, 2022

PAGE: 15

101-GENERAL FUND
FINANCE ACCOUNTING & BUDG
EXPENDITURES

(------------------- 2021-2022 -------------------) 2022-2023
2022-2023
ORIGINAL
2018-2019
2019-2020
2020-2021
ORIGINAL
CURRENT
Y-T-D
PROJECTED
REQUESTED
APPROVED
vs APPROVED
ACTUAL
ACTUAL
ACTUAL
BUDGET
BUDGET
ACTUAL
YEAR END
BUDGET
BUDGET
INCR/(DECR)
________________________________________________________________________________________________________________________________________________________________________
EMPLOYEE BENEFITS
101-1404-500-20-11 FICA
101-1404-500-20-12 MEDICARE
101-1404-500-20-13 TCRS CONTRIBUTION
101-1404-500-20-14 TCRS - 401K CONTRIBU
101-1404-500-20-15 EMPLOYEE HEALTH INS
101-1404-500-20-17 EMPLOYEE LIFE INS
101-1404-500-20-19 WORKERS COMPENSATION
101-1404-500-20-26 CLOTHING/UNIFORM/SHO
101-1404-500-20-91 TRADE & TOOLS ALLOWA
TOTAL EMPLOYEE BENEFITS

7,271
1,700
14,933
1,244
26,605
330
4,922
2,080
1,825
60,910

7,596
1,776
15,089
758
23,089
310
6,304
2,569
2,933
60,425

8,176
1,912
12,024
0
20,869
283
5,643
3,104
4,504
56,515

7,638
1,786
13,514
0
24,853
336
6,500
2,300
5,000
61,927

7,638
1,786
13,514
0
24,853
336
6,500
2,300
5,000
61,927

1404-500-20-2CLOTHING/UNIFORM/SHOES

NEXT YEAR NOTES:
We will taking the purchase of shoes, and bibs out of this
line item. The purchase of uniforms, cleaning, etc. will
come out of contracted services.

1404-500-20-9TRADE & TOOLS ALLOWANCE

NEXT YEAR NOTES:
Increasing the purchase of tools $500. This is an
additional $100 per employee and an additional $100 for the
garage.

CONTRACTUAL SERVICES
101-1404-500-30-31 LEGAL NOTICES
101-1404-500-30-41 ELECTRICITY
101-1404-500-30-42 WATER & SEWER
101-1404-500-30-43 NATURAL GAS & PROPAN
101-1404-500-30-45 TELEPHONE SERVICES
101-1404-500-30-48 WASTE COLLECTN & DIS
101-1404-500-30-51 MEDICAL SERVICES
101-1404-500-30-60 REP & MAINT-COMMUNIC
101-1404-500-30-61 REP & MAINT-VEHICLES
101-1404-500-30-62 REP & MAINT-EQUIPMEN
101-1404-500-30-63 REP & MAINT-OFFICE E
101-1404-500-30-64 REP & MAINT-BLDG/GRO
101-1404-500-30-70 MAINTENANCE COMPUTER
101-1404-500-30-78 EDUC,SEMINARS,TRAINI
101-1404-500-30-80 ADVERTISING/NEWSPAPE
101-1404-500-30-83 TRAVEL-BUSINESS EXPE
101-1404-500-30-99 OTHER CONTRACTUAL SE
TOTAL CONTRACTUAL SERVICES
1404-500-30-4NATURAL GAS & PROPANE

0
18,862
1,844
6,423
255
1,158
45
0
0
0
0
2,150
2,262
648
0
30
10,333
44,010

0
19,147
1,549
7,448
411
1,463
216
0
0
0
0
783
2,758
0
0
0
9,948
43,723

479
15,961
1,786
7,216
446
1,625
342
0
0
0
0
1,739
2,722
128
0
0
9,295
41,739

50
20,750
2,400
7,100
800
2,000
500
300
1,000
1,650
250
8,967
4,100
1,000
500
500
12,000
63,867

50
20,750
2,400
7,100
800
2,000
500
300
1,000
1,650
250
6,466
4,100
1,000
500
500
12,000
61,366

NEXT YEAR NOTES:
This line item has been running tight the past few years,
requesting to add $400 to this line item.

1404-500-30-9OTHER CONTRACTUAL SERVICE NEXT YEAR NOTES:
The following are contracted services for the city garage.
Manager Plus $1953.00

7,021
1,642
12,410
0
22,055
289
4,008
2,970
4,813
55,208

6,775
1,584
15,500
1,500
26,823
336
5,603
1,817
2,500
62,438

7,644
1,788
13,522
0
24,854
336
6,500
1,500
5,500
61,644

8,011
1,874
14,172
0
25,042
336
6,500
1,500 (
5,500
62,935

373
88
658
0
189
0
0
800)
500
1,008

0
18,475
3,198
10,584
1,842
1,250
366
0
521
939
0
3,168
3,898
0
0
0
6,189
50,431

0
19,316
1,975
7,000
500
1,000
125
300
0
500
250
3,000
2,500
1,000
0
0
11,615
49,081

50
20,750
2,400
7,500
800
2,000
500
300
1,000
1,650
250
8,967
4,100
1,000
500
500
13,000
65,267

50
20,000 (
2,400
10,000
800
1,500 (
500
0 (
1,000
1,500 (
0 (
4,000 (
4,100
0 (
0 (
0 (
13,000
58,850 (

0
750)
0
2,900
0
500)
0
300)
0
150)
250)
4,967)
0
1,000)
500)
500)
1,000
5,017)

6-28-2022 09:59 AM

CITY OF ELIZABETHTON
ADOPTED BUDGET REPORT
AS OF: JUNE 30TH, 2022

PAGE: 16

101-GENERAL FUND
FINANCE ACCOUNTING & BUDG
EXPENDITURES

(------------------- 2021-2022 -------------------) 2022-2023
2022-2023
ORIGINAL
2018-2019
2019-2020
2020-2021
ORIGINAL
CURRENT
Y-T-D
PROJECTED
REQUESTED
APPROVED
vs APPROVED
ACTUAL
ACTUAL
ACTUAL
BUDGET
BUDGET
ACTUAL
YEAR END
BUDGET
BUDGET
INCR/(DECR)
________________________________________________________________________________________________________________________________________________________________________
NAPA Tracks $1897.00
Cintas Uniforms $1920.00
Norwll (Preventive Maint) $2044.00
Waste Collection $600.00
Cintas first aid $3000.00
Pest Control $240.00
Annual Tank Test $300.00
Fire Extinguisher Services $430.00
SUPPLIES & MATERIALS
101-1404-500-40-11 OFFICE SUPLYS & MATE
27
101-1404-500-40-13 OFFICE EQUIPMENT
0
101-1404-500-40-24 JANITORAL SUPPLIES
0
101-1404-500-40-28 EDUCATIONAL & TRAIN
0
101-1404-500-40-29 GEN. OPERATING SUPPL
1,975
BASELINE
1
2,500.00
WELDER
1
1,000.00
PLASMA CUTTER
1
1,500.00
AC MACHINE
1
4,389.00
101-1404-500-40-31 GASOLINE & DIESEL FU
975
101-1404-500-40-33 VEH-PARTS/OIL/FLUID/
896
101-1404-500-40-39 OTHER REPAIR & MAINT
0
TOTAL SUPPLIES & MATERIALS
3,872

507
0
0
0
811

325
0
200
148
605

5,800
200
325
250
2,500

5,800
200
325
250
2,500

710
783
0
2,811

783
555
0
2,615

2,000
1,400
400
12,875

2,000
1,400
400
12,875

NEXT YEAR NOTES:
Requsting to purchase an office chair for the city garage.
Estimated cost $300.00

1404-500-40-2EDUCATIONAL & TRAIN SPLY

NEXT YEAR NOTES:
New employee as well as one current employee will need to
acquire CDL license and ASE Certification to work on heavy
equipment. Line item increased $250.00.

1404-500-40-3OTHER REPAIR & MAINT SPLY NEXT YEAR NOTES:
We have not used this line item in years.
to have funding in this line item.

FIXED CHARGES
101-1404-500-50-10
101-1404-500-50-21
101-1404-500-50-22
101-1404-500-50-23
101-1404-500-50-24

LIABILITY,GENERAL
BUILDINGS-INSURANCE
EQUIPMENT - INSURANC
PROPERTY (CONTENTS)
VEHICLES-INS

300
0
0
0
2,350

5,800
500
325
500
2,500

400 (
500
325
500
9,389

5,400)
300
0
250
6,889

2,500
1,000
1,500
4,389

1404-500-40-1OFFICE EQUIPMENT

PURCHASES FOR RESALE
101-1404-500-41-30 COST OF GOODS SOLD
101-1404-500-41-31 GASOLINE & DIESEL FU
101-1404-500-41-33 VEH PARTS/TIRE/FLUI(
101-1404-500-41-38 BENCH STOCK
TOTAL PURCHASES FOR RESALE

2,648
0
150
0
0

1,182
809
0
4,789

1,000
1,000
0
4,650

2,000
1,400
0
13,025

1,863 (
1,400
0 (
14,377

400,000
0
0
0
400,000

137)
0
400)
1,502

It is unnceccsary

286,083
0
18)
0
286,065

279,552
0
0
0
279,552

329,408
0
54
0
329,462

400,000
0
0
0
400,000

415,000
0
0
0
415,000

0
365,559
268,130
5,645
639,335

400,000
0
0
0
400,000

400,000
0
0
0
400,000

500
1,818
10
0
268

640
1,727
11
28
226

732
2,015
12
32
218

1,020
1,872
20
30
800

1,020
1,872
20
30
800

685
2,370
14
37
270

500
2,000
0
0
800

900
2,400
20
45
800

900 (
2,400
20
45
800

0
0
0
0
0

120)
528
0
15
0

6-28-2022 09:59 AM

CITY OF ELIZABETHTON
ADOPTED BUDGET REPORT
AS OF: JUNE 30TH, 2022

PAGE: 17

101-GENERAL FUND
FINANCE ACCOUNTING & BUDG
EXPENDITURES

(------------------- 2021-2022 -------------------) 2022-2023
2022-2023
ORIGINAL
2018-2019
2019-2020
2020-2021
ORIGINAL
CURRENT
Y-T-D
PROJECTED
REQUESTED
APPROVED
vs APPROVED
ACTUAL
ACTUAL
ACTUAL
BUDGET
BUDGET
ACTUAL
YEAR END
BUDGET
BUDGET
INCR/(DECR)
________________________________________________________________________________________________________________________________________________________________________
3,002
250
3,500
3,500
23
1,600
3,500
3,500
0
101-1404-500-50-67 STATE FEES/OTHER
250
TOTAL FIXED CHARGES
2,846
5,634
3,258
7,242
7,242
3,398
4,900
7,665
7,665
423
1404-500-50-1LIABILITY,GENERAL

NEXT YEAR NOTES:
Slightly reduced the amount budgeted in this line item based
on the last five years.

1404-500-50-2BUILDINGS-INSURANCE

NEXT YEAR NOTES:
Increased line item based on previous two (2) years data.

1404-500-50-2PROPERTY (CONTENTS) INS

NEXT YEAR NOTES:
Increased line item based on previous two (2) years data.

GRANTS & OTHER
101-1404-500-60-01

TN GOVERNOR'S GRANT
0
0
0
101-1404-500-60-97 COVID EXPENSE - CARE
TOTAL GRANTS & OTHER

0

0

5,559

31,178

31,178

49,181

0

0

0.00
0.00
0.00

CAPITAL OUTLAY
101-1404-500-90-21 BUILDING & IMPROVEME
Heavy Duty Pressure Was
1
17,812.00
101-1404-500-90-71 MOTOR EQUIPMENT
0
0.00
101-1404-500-90-99 OTHER CAPITAL OUTLAY
Vehicle Lift
1
40,500.00
Tire Changer
1
7,409.00
Welder
0
1,000.00
Plasma Cutter
0
1,500.00
AC Machine
0
4,389.00
TOTAL CAPITAL OUTLAY

0 (

31,178)

0
0 (

0
31,178)

0
0
0
0
0

0
0

454
6,013

0
31,178

0
31,178

0
49,181

0
0

0
0

0

0

0

0

0

22,151

0

17,812

0

0

0

26,000

28,501

28,501

0

0

0

17,274

9,385

0

0

0

0

54,798

0

17,274

9,385

26,000

28,501

50,652

0

72,610

1404-500-90-2BUILDING & IMPROVEMENTS

NEXT YEAR NOTES:
Heavy Duty Pressure Washer. This item is used in the Wash
Bay at the City Garage to clean City vehicles. The current
Pressure washer is fifteen (15) years old and has been
showing signs of wear and tear.

1404-500-90-9OTHER CAPITAL OUTLAY

NEXT YEAR NOTES:
Vehicle Lift $40,500.00: Used to lift Heavy Duty Equipment
<18,000 lbs(Sanitation Trucks, Dump Trucks)
AC Machine $4,389.00: Current equipment is 15 years old and
showing signs of expiring. Equipment is used to recharge
air conditioning units on city vehicles and will clean out
the system.
Tire Changer $7,409.00: The current tire changer is about
to expire and is need of replacement. Repair cost exceeds
the purchase of a new one.

17,812
17,812
17,812
0 (
26,000)
0
47,909
47,909
40,500
7,409
0
0
0_____ ___________
65,721
39,721

6-28-2022 09:59 AM

CITY OF ELIZABETHTON
ADOPTED BUDGET REPORT
AS OF: JUNE 30TH, 2022

PAGE: 18

101-GENERAL FUND
FINANCE ACCOUNTING & BUDG
EXPENDITURES

(------------------- 2021-2022 -------------------) 2022-2023
2022-2023
ORIGINAL
2018-2019
2019-2020
2020-2021
ORIGINAL
CURRENT
Y-T-D
PROJECTED
REQUESTED
APPROVED
vs APPROVED
ACTUAL
ACTUAL
ACTUAL
BUDGET
BUDGET
ACTUAL
YEAR END
BUDGET
BUDGET
INCR/(DECR)
________________________________________________________________________________________________________________________________________________________________________
Welder $1,000.00 and Plasma Cutter $1,500.00: These items
are needed for the garage for repair and maintenance of
vehicles.
________________________________________________________________________________________________________________________________________________________________________
TOTAL FINANCE FLEET MAINT

524,393

539,606

581,692

726,283

741,283

966,652

645,581

743,491

738,755

12,472

PERSONNEL SERVICES

___________

___________

___________

___________

___________

___________

___________

___________

___________

___________

EMPLOYEE BENEFITS

___________

___________

___________

___________

___________

___________

___________

___________

___________

___________

530
78
2,724
46,615

13,043
1,272
2,595
35,016

17,100
4,000
5,500
37,219

17,100
4,000
5,500
37,219

12,972
1,763
9,427
36,049

600
3,500
6,400
41,366

17,100
4,000
5,500
37,219

49,947

51,925

63,819

63,819

60,211

51,866

63,819

FINANCE - MGT INF SYSTEM
========================

CONTRACTUAL SERVICES
101-1405-500-30-45 TELEPHONE SERVICES
566
101-1405-500-30-63 REP & MAINT-OFFICE E
3,413
101-1405-500-30-70 MAINTENANCE - SOFTWA
7,085
101-1405-500-30-99 OTHER CONTRACTUAL SE
45,137
Website Hosting
1
1,000.00
Anthony
1
15,600.00
Fire Wall
1
1,850.00
Archive
1
3,000.00
Mail Service Office 365
1
7,500.00
Log Me In
1
1,849.00
Pulseway
1
320.00
Back Up Cloud
1
4,300.00
Adobe
1
1,800.00
TOTAL CONTRACTUAL SERVICES
56,201

15,000 (
2,100)
3,000 (
1,000)
4,000 (
1,500)
37,219
0
1,000
15,600
1,850
3,000
7,500
1,849
320
4,300
1,800_____ ___________
59,219 (
4,600)

SUPPLIES & MATERIALS
101-1405-500-40-11 OFFICE SUPLYS & MATE
101-1405-500-40-12 ELIZ ELECTRIC REIMB(
101-1405-500-40-17 HARDWARE PARTS/COMPO
TOTAL SUPPLIES & MATERIALS

18
9)
4,975
4,984

129
0
488
617

473
0
4,754
5,228

1,000
0
6,185
7,185

1,000
0
6,185
7,185

266
0
0
266

500
0
1,500
2,000

1,000
0
6,185
7,185

1,000
0
5,000 (
6,000 (

FIXED CHARGES
101-1405-500-50-10 LIABILITY,GENERAL
101-1405-500-50-21 BUILDINGS - INSURANC
101-1405-500-50-22 EQUIPMENT-INSURANCE
101-1405-500-50-23 PROPERTY (CONTENTS)
TOTAL FIXED CHARGES

2,290
0
0
78
2,368

2,217
0
0
82
2,299

2,126
0
0
174
2,300

2,350
0
0
200
2,550

2,350
0
0
200
2,550

2,289
0
0
86
2,375

2,400
1,700
15
100
4,215

2,350
0
0
200
2,550

2,350
0
0
200
2,550

0
0
0
0
0

___________

___________

___________

___________

___________

___________

___________

___________

___________

___________

GRANTS & OTHER

0
0
1,185)
1,185)

6-28-2022 09:59 AM

CITY OF ELIZABETHTON
ADOPTED BUDGET REPORT
AS OF: JUNE 30TH, 2022

PAGE: 19

101-GENERAL FUND
FINANCE ACCOUNTING & BUDG
EXPENDITURES

(------------------- 2021-2022 -------------------) 2022-2023
2022-2023
ORIGINAL
2018-2019
2019-2020
2020-2021
ORIGINAL
CURRENT
Y-T-D
PROJECTED
REQUESTED
APPROVED
vs APPROVED
ACTUAL
ACTUAL
ACTUAL
BUDGET
BUDGET
ACTUAL
YEAR END
BUDGET
BUDGET
INCR/(DECR)
________________________________________________________________________________________________________________________________________________________________________
___________ ___________ ___________ ___________ ___________ ___________ ___________ ___________ ___________ ___________
CAPITAL OUTLAY
________________________________________________________________________________________________________________________________________________________________________
TOTAL FINANCE - MGT INF SYSTEM

63,554

52,863

59,453

73,554

73,554

62,852

58,081

73,554

67,769 (

5,785)

PERSONNEL SERVICES
101-1406-500-10-11 SALARIES/WAGES
101-1406-500-10-14 HOLIDAY BONUS
TOTAL PERSONNEL SERVICES

19,147
90
19,237

19,770
90
19,860

19,743
90
19,833

21,987
90
22,077

21,987
90
22,077

21,307
90
21,397

18,600
90
18,690

21,990
90
22,080

23,090
90
23,180

1,103
0
1,103

EMPLOYEE BENEFITS
101-1406-500-20-11 FICA
101-1406-500-20-12 MEDICARE
101-1406-500-20-13 TCRS CONTRIBUTION
101-1406-500-20-14 TCRS - 401K CONTRIBU
101-1406-500-20-15 EMPLOYEE HEALTH INS
101-1406-500-20-17 EMPLOYEE LIFE INS
101-1406-500-20-19 WORKERS COMPENSATION
TOTAL EMPLOYEE BENEFITS

1,182
276
237
957
3,667
50
32
6,401

1,220
285
693
546
3,330
50
35
6,159

1,215
285
1,037
0
3,500
49
30
6,116

1,369
320
1,987
0
3,729
50
72
7,527

1,369
320
1,987
0
3,729
50
72
7,527

1,316
308
1,918
0
3,730
49
25
7,345

1,195
298
1,000
1,000
3,800
57
40
7,391

1,369
321
1,988
0
3,729
50
72
7,529

1,438
337
2,087
0
3,757
51
72
7,742

69
17
100
0
28
1
0
215

CONTRACTUAL SERVICES
101-1406-500-30-21 PRINTING SERVICES
101-1406-500-30-45 TELEPHONE SERVICES
101-1406-500-30-51 MEDICAL SERVICES
101-1406-500-30-63 REP & MAINT-OFFICE E
101-1406-500-30-78 EDUC,SEMINARS,TRAINI
101-1406-500-30-80 ADVERTISING/NEWSPAPE
101-1406-500-30-99 OTHER CONTRACTED SER
NOVA COPY
0
TOTAL CONTRACTUAL SERVICES

431
121
0
0
0
0
1,650
0.00
2,202

369
122
0
0
0
0
3,798

463
218
0
0
0
0
1,687

700
200
100
100
150
0
1,884

700
200
100
100
150
0
1,884

224
134
0
0
0
0
961

800
200
100
100
150
500
1,441

200
200
100
100
150
0
550

4,289

2,368

3,134

3,134

1,319

3,291

1,300

1,176
25

1,100
200

2,200
100

FINANCE - PAYROLL
=================

1406-500-30-2PRINTING SERVICES

200 (
500)
200
0
100
0
100
0
150
0
0
0
550 (
1,334)
550_____ ___________
1,300 (
1,834)

CURRENT YEAR NOTES:
Reduced this line by $500 to move W2/ACA expense to office
supplies. 40-11 will be increased by $500 to budget in right
line. $200 left incase printed envelopes are needed. Net
effect on budget is 0.

SUPPLIES & MATERIALS
101-1406-500-40-11 OFFICE SUPLYS & MATE
1,167
101-1406-500-40-13 OFFICE EQUIPMENT
0
Laptop
0
750.00
Misc
1
100.00
TOTAL SUPPLIES & MATERIALS
1,167

1,000
64

1,063

1,297
199

1,496

1,700
100

1,800

1,700
100

1,800

1,201

1,300

2,300

2,200
100

500
0

0
100_____ ___________
2,300
500

6-28-2022 09:59 AM

CITY OF ELIZABETHTON
ADOPTED BUDGET REPORT
AS OF: JUNE 30TH, 2022

PAGE: 20

101-GENERAL FUND
FINANCE ACCOUNTING & BUDG
EXPENDITURES

(------------------- 2021-2022 -------------------) 2022-2023
2022-2023
ORIGINAL
2018-2019
2019-2020
2020-2021
ORIGINAL
CURRENT
Y-T-D
PROJECTED
REQUESTED
APPROVED
vs APPROVED
ACTUAL
ACTUAL
ACTUAL
BUDGET
BUDGET
ACTUAL
YEAR END
BUDGET
BUDGET
INCR/(DECR)
________________________________________________________________________________________________________________________________________________________________________
FIXED CHARGES
101-1406-500-50-10 LIABILITY,GENERAL
101-1406-500-50-23 PROPERTY (CONTENTS)
TOTAL FIXED CHARGES
GRANTS & OTHER

76
14
90

97
12
109

110
12
122

135
20
155

135
20
155

123
14
137

100
12
112

135
20
155

135
20
155

0
0
0

___________

___________

___________

___________

___________

___________

___________

___________

___________

___________

CAPITAL OUTLAY
___________ ___________ ___________ ___________ ___________ ___________ ___________ ___________ ___________ ___________
________________________________________________________________________________________________________________________________________________________________________
TOTAL FINANCE - PAYROLL

29,098

31,481

29,935

34,693

34,693

31,399

30,784

33,364

34,677 (

16)

FINANCE - MISC
==============
GRANTS & OTHER
101-1498-500-60-99 REIMBURSABLE EXPENS(
519)
471
418
300
300
679
500
300
300
0
TOTAL GRANTS & OTHER
(
519)
471
418
300
300
679
500
300
300
0
________________________________________________________________________________________________________________________________________________________________________
TOTAL FINANCE - MISC
(
519)
471
418
300
300
679
500
300
300
0
________________________________________________________________________________________________________________________________________________________________________
TOTAL FINANCE ACCOUNTING & BUDG

1,017,307

992,805

1,061,098

1,252,806

1,297,806

1,450,588

1,115,410

1,281,481

1,288,924

36,118

6-28-2022 09:59 AM

CITY OF ELIZABETHTON
ADOPTED BUDGET REPORT
AS OF: JUNE 30TH, 2022

PAGE: 21

101-GENERAL FUND
CITY ATTORNEY
EXPENDITURES

(------------------- 2021-2022 -------------------) 2022-2023
2022-2023
ORIGINAL
2018-2019
2019-2020
2020-2021
ORIGINAL
CURRENT
Y-T-D
PROJECTED
REQUESTED
APPROVED
vs APPROVED
ACTUAL
ACTUAL
ACTUAL
BUDGET
BUDGET
ACTUAL
YEAR END
BUDGET
BUDGET
INCR/(DECR)
________________________________________________________________________________________________________________________________________________________________________

CITY ATTY-ADMIN
===============
PERSONNEL SERVICES
101-1501-500-10-11 SALARIES/WAGES
101-1501-500-10-14 HOLIDAY BONUS
TOTAL PERSONNEL SERVICES

17,928
300
18,228

18,503
400
18,903

18,483
400
18,883

19,140
400
19,540

19,140
400
19,540

17,851
400
18,251

17,868
300
18,168

19,136
400
19,536

20,093
400
20,493

953
0
953

EMPLOYEE BENEFITS
101-1501-500-20-11 FICA
101-1501-500-20-12 MEDICARE
101-1501-500-20-17 EMPLOYEE LIFE INS
101-1501-500-20-19 WORKERS COMPENSATION
TOTAL EMPLOYEE BENEFITS

2,898
678
41
310
3,927

2,696
630
41
325
3,692

2,383
557
38
289
3,267

3,071
718
84
600
4,473

3,071
718
84
600
4,473

1,865
436
37
232
2,570

3,042
711
84
359
4,196

3,072
719
84
600
4,475

3,131
733
84
600
4,548

60
15
0
0
75

CONTRACTUAL SERVICES
101-1501-500-30-11 POSTAL DELIVERY SERV
101-1501-500-30-31 LEGAL NOTICES
101-1501-500-30-45 TELEPHONE SERVICES
101-1501-500-30-50 ATT. LEGAL FEES FLOW
101-1501-500-30-52 LEGAL SERVICES
101-1501-500-30-71 SUBSCRIPTIONS & BOOK
101-1501-500-30-75 MEMBERSHIP / DUES
101-1501-500-30-78 EDUC,SEMINARS,TRAINI
101-1501-500-30-83 TRAVEL-BUSINESS EXPE
101-1501-500-30-99 OTHER CONTRACTUAL SE
TOTAL CONTRACTUAL SERVICES

2,316
0
242
23,441
28,520
1,572
125
1,143
541
14,782
72,681

2,097
0
244
23,054
24,728
1,572
125
934
0
3,871
56,625

1,181
0
436
27,121
19,546
406
125
0
0
781
49,595

2,400
0
265
25,000
30,000
1,200
100
700
1,000
7,200
67,865

2,400
0
265
25,000
30,000
1,200
100
700
1,000
7,200
67,865

1,928
0
268
15,698
11,832
262
0
0
0
27
30,014

2,500
1,000
217
23,000
25,000
1,200
100
1,200
500
20,000
74,717

2,400
0
265
25,000
30,000
1,200
100
700
1,000
7,200
67,865

2,400
0
265
24,309 (
30,000
1,200
100
700
1,000
7,200
67,174 (

0
0
0
691)
0
0
0
0
0
0
691)

SUPPLIES & MATERIALS
101-1501-500-40-11 OFFICE SUPLYS & MATE
TOTAL SUPPLIES & MATERIALS

188
188

23
23

39
39

200
200

200
200

0
0

200
200

200
200

200
200

0
0

FIXED CHARGES
101-1501-500-50-10 LIABILITY,GENERAL
TOTAL FIXED CHARGES

284
284

353
353

401
401

450
450

450
450

400
400

375
375

450
450

450
450

0
0

GRANTS & OTHER
101-1501-500-60-89 OTHER MISCELLANEOUS
TOTAL GRANTS & OTHER

32
32

0
0

0
0

0
0

0
0

0
0

50
50

0
0

0
0

0
0

CAPITAL OUTLAY
___________ ___________ ___________ ___________ ___________ ___________ ___________ ___________ ___________ ___________
________________________________________________________________________________________________________________________________________________________________________
TOTAL CITY ATTY-ADMIN
95,339
79,597
72,184
92,528
92,528
51,235
97,706
92,526
92,865
337
________________________________________________________________________________________________________________________________________________________________________
TOTAL CITY ATTORNEY

95,339

79,597

72,184

92,528

92,528

51,235

97,706

92,526

92,865

337

6-28-2022 09:59 AM

CITY OF ELIZABETHTON
ADOPTED BUDGET REPORT
AS OF: JUNE 30TH, 2022

PAGE: 22

101-GENERAL FUND
PERSONNEL
EXPENDITURES

(------------------- 2021-2022 -------------------) 2022-2023
2022-2023
ORIGINAL
2018-2019
2019-2020
2020-2021
ORIGINAL
CURRENT
Y-T-D
PROJECTED
REQUESTED
APPROVED
vs APPROVED
ACTUAL
ACTUAL
ACTUAL
BUDGET
BUDGET
ACTUAL
YEAR END
BUDGET
BUDGET
INCR/(DECR)
________________________________________________________________________________________________________________________________________________________________________

PERS.-RETIREMENT BENEFIT
========================
PERSONNEL SERVICES

___________

___________

___________

___________

___________

___________

___________

___________

82,803
0
82,803

65,917
34,980
100,897

69,531
34,150
103,681

75,479
32,000
107,479

75,479
32,000
107,479

76,472
56,296
132,769

89,000
0
89,000

75,479
32,000
107,479

___________

___________

___________

___________

___________

___________

___________

___________

___________

___________

0
0

0
0

0
0

0
0

0
0

0
0

5,000
5,000

0
0

0
0

0
0

EMPLOYEE BENEFITS
101-1602-500-20-62 HEALTH INS/RETIREE
101-1602-500-20-64 HEALTH INSURANCE HRA
TOTAL EMPLOYEE BENEFITS
CONTRACTUAL SERVICES
FIXED CHARGES
101-1602-500-50-56 OPEB ACTUARY STUDY
TOTAL FIXED CHARGES

___________

___________

72,557 (
40,000
112,557

2,922)
8,000
5,078

GRANTS & OTHER
___________ ___________ ___________ ___________ ___________ ___________ ___________ ___________ ___________ ___________
________________________________________________________________________________________________________________________________________________________________________
TOTAL PERS.-RETIREMENT BENEFIT

82,803

100,897

103,681

107,479

107,479

132,769

94,000

107,479

112,557

5,078

PERSONNEL SERVICES
101-1604-500-10-11 SALARIES/WAGES
101-1604-500-10-14 HOLIDAY BONUS
101-1604-500-10-20 FRANKLIN FITNESS CEN
TOTAL PERSONNEL SERVICES

57,497
330
0
57,827

57,731
240
0
57,971

58,099
390
0
58,489

61,379
390
300
62,069

61,379
390
300
62,069

58,994
390
0
59,384

57,468
1,020
0
58,488

61,415
390
300
62,105

64,485
390
300
65,175

3,106
0
0
3,106

EMPLOYEE BENEFITS
101-1604-500-20-11 FICA
101-1604-500-20-12 MEDICARE
101-1604-500-20-13 TCRS CONTRIBUTION
101-1604-500-20-14 TCRS - 401K CONTRIBU
101-1604-500-20-15 EMPLOYEE HEALTH INS
101-1604-500-20-17 EMPLOYEE LIFE INS
101-1604-500-20-19 WORKERS COMPENSATION
TOTAL EMPLOYEE BENEFITS

3,547
830
5,341
1,137
7,346
101
189
18,490

3,586
839
6,103
430
5,554
84
206
16,802

3,608
844
6,523
0
6,999
99
179
18,252

3,830
896
7,767
0
7,457
101
320
20,371

3,830
896
7,767
0
7,457
101
320
20,371

3,664
857
7,425
0
7,461
98
148
19,652

3,575
836
5,056
2,049
6,909
125
210
18,760

3,832
897
7,770
0
7,457
101
320
20,377

4,023
941
8,156
0
7,513
101
320
21,054

193
45
389
0
56
0
0
683

101
0
0
766
306

42
62
0
769
665

30
104
0
1,062
438

100
150
100
1,200
850

100
150
100
1,200
850

14
138
0
776
668

126
239
75
728
715

100
150
100
1,200
875

100
150
100
1,200
875

0
0
0
0
25

PERS.-RISK MANAGEMENT
=====================

CONTRACTUAL SERVICES
101-1604-500-30-11 POSTAL DELIVERY SERV
101-1604-500-30-21 PRINTING SERVICES
101-1604-500-30-31 LEGAL NOTICES
101-1604-500-30-45 TELEPHONE SERVICES
101-1604-500-30-51 MEDICAL SERVICES
MedWorks Randoms Fee
0
FMCSA/DOT Queries
0

0.00
0.00

350
200

6-28-2022 09:59 AM

CITY OF ELIZABETHTON
ADOPTED BUDGET REPORT
AS OF: JUNE 30TH, 2022

PAGE: 23

101-GENERAL FUND
PERSONNEL
EXPENDITURES

(------------------- 2021-2022 -------------------) 2022-2023
2022-2023
ORIGINAL
2018-2019
2019-2020
2020-2021
ORIGINAL
CURRENT
Y-T-D
PROJECTED
REQUESTED
APPROVED
vs APPROVED
ACTUAL
ACTUAL
ACTUAL
BUDGET
BUDGET
ACTUAL
YEAR END
BUDGET
BUDGET
INCR/(DECR)
________________________________________________________________________________________________________________________________________________________________________
Annual MVR Checks
0
0.00
325
101-1604-500-30-63 REP & MAINT-OFFICE E
0
0
0
75
75
0
0
75
75
0
101-1604-500-30-71 SUBSCRIPTIONS & BOOK
1,074
1,074
1,074
1,225
1,225
537
1,200
225
225 (
1,000)
101-1604-500-30-75 MEMBERSHIP / DUES
423
184
515
350
350
257
333
575
575
225
PRIMA
0
0.00
385
TNPRIMA
0
0.00
95
TPMA
0
0.00
95
101-1604-500-30-78 EDUC,SEMINARS,TRAINI
75
0
415
1,800
1,800
824
726
1,800
1,800
0
101-1604-500-30-80 ADVERTISING/NEWSPAPE
0
332
0
100
100
0
250
100
100
0
101-1604-500-30-83 TRAVEL-BUSINESS EXPE
504
0
0
600
600
0
350
1,000
1,000
400
101-1604-500-30-86 PUBLIC RELATIONS EXP
3,664
3,463
994
5,400
5,400
3,079
4,922
5,400
5,400
0
101-1604-500-30-99 OTHER CONTRACTUAL SE
472
476
411
4,540
4,540
536
350
4,540
540 (
4,000)
Nova Copy Monthly Fee
12
45.00
540
0_____ ___________
FLSA Exemption Study
0
4,000.00
TOTAL CONTRACTUAL SERVICES
7,385
7,067
5,042
16,490
16,490
6,829
10,013
16,140
12,140 (
4,350)
1604-500-30-7EDUC,SEMINARS,TRAINING

CURRENT YEAR NOTES:
In FY21 $1000 was added for Austin Depew's PHR
training/certification. That is not needed for this year,
but I am adding $1000 from 30-71. We no longer need the
books we have subscribed to in previous years, and I hope to
reallocate that money for additional training opportunities
for the department.

SUPPLIES & MATERIALS
101-1604-500-40-11 OFFICE SUPLYS & MATE
101-1604-500-40-13 OFFICE EQUIPMENT
101-1604-500-40-28 EDUCATIONAL/TRAINING
101-1604-500-40-29 GEN. OPERATING SUPPL
101-1604-500-40-48 MEDICAL SUPPLY ITEMS
101-1604-500-40-99 OTHER SUPPLIES & MAT
TOTAL SUPPLIES & MATERIALS

1,958
0
50
0
350
17
2,375

669
0
0
25
188
64
945

1,036
0
0
0
0
0
1,036

1,572
750
0
0
50
72
2,444

1604-500-40-1OFFICE EQUIPMENT

CURRENT YEAR NOTES:
Two office chairs

1604-500-40-2GEN. OPERATING SUPPLIES

CURRENT YEAR NOTES:
Purchasing security cards with the same site code to fix a
problem with Police department.

FIXED CHARGES
101-1604-500-50-10 LIABILITY,GENERAL
101-1604-500-50-23 PROPERTY (CONTENTS)
TOTAL FIXED CHARGES

226
5
231

297
7
304

324
8
332

410
15
425

1,572
750
0
0
50
72
2,444

856
5,275
0
0
0
0
6,131

1,671
1,400
65
65
350
65
3,616

1,572
400
0
1,000
50
72
3,094

1,572
400 (
0
1,000
50
72
3,094

410
15
425

343
8
352

264
4
268

410
15
425

410
15
425

0
350)
0
1,000
0
0
650

0
0
0

6-28-2022 09:59 AM

CITY OF ELIZABETHTON
ADOPTED BUDGET REPORT
AS OF: JUNE 30TH, 2022

PAGE: 24

101-GENERAL FUND
PERSONNEL
EXPENDITURES

(------------------- 2021-2022 -------------------) 2022-2023
2022-2023
ORIGINAL
2018-2019
2019-2020
2020-2021
ORIGINAL
CURRENT
Y-T-D
PROJECTED
REQUESTED
APPROVED
vs APPROVED
ACTUAL
ACTUAL
ACTUAL
BUDGET
BUDGET
ACTUAL
YEAR END
BUDGET
BUDGET
INCR/(DECR)
________________________________________________________________________________________________________________________________________________________________________
GRANTS & OTHER

___________

___________

___________

___________

___________

___________

___________

___________

___________

___________

CAPITAL OUTLAY
___________ ___________ ___________ ___________ ___________ ___________ ___________ ___________ ___________ ___________
________________________________________________________________________________________________________________________________________________________________________
TOTAL PERS.-RISK MANAGEMENT
86,308
83,090
83,152
101,799
101,799
92,348
91,145
102,141
101,888
89
________________________________________________________________________________________________________________________________________________________________________
TOTAL PERSONNEL

169,111

183,987

186,833

209,278

209,278

225,116

185,145

209,620

214,445

5,167

6-28-2022 09:59 AM

CITY OF ELIZABETHTON
ADOPTED BUDGET REPORT
AS OF: JUNE 30TH, 2022

PAGE: 25

101-GENERAL FUND
PURCHASING/WAREHOUSE
EXPENDITURES

(------------------- 2021-2022 -------------------) 2022-2023
2022-2023
ORIGINAL
2018-2019
2019-2020
2020-2021
ORIGINAL
CURRENT
Y-T-D
PROJECTED
REQUESTED
APPROVED
vs APPROVED
ACTUAL
ACTUAL
ACTUAL
BUDGET
BUDGET
ACTUAL
YEAR END
BUDGET
BUDGET
INCR/(DECR)
________________________________________________________________________________________________________________________________________________________________________

PURCHASING ADMIN
================
PERSONNEL SERVICES
101-1701-500-10-11 SALARIES/WAGES
101-1701-500-10-14 HOLIDAY BONUS
101-1701-500-10-20 FRANKLIN FITNESS CEN
TOTAL PERSONNEL SERVICES

31,749
240
0
31,989

32,778
240
0
33,018

32,718
240
180
33,138

33,915
240
300
34,455

33,915
240
300
34,455

32,881
300
0
33,181

30,700
240
0
30,940

33,921
300
300
34,521

35,617
300
300
36,217

1,702
60
0
1,762

EMPLOYEE BENEFITS
101-1701-500-20-11 FICA
101-1701-500-20-12 MEDICARE
101-1701-500-20-13 TCRS CONTRIBUTION
101-1701-500-20-15 EMPLOYEE HEALTH INS
101-1701-500-20-17 EMPLOYEE LIFE INS
101-1701-500-20-19 WORKERS COMPENSATION
TOTAL EMPLOYEE BENEFITS

1,983
464
4,624
3,667
50
137
10,924

2,048
479
4,905
3,330
50
148
10,961

2,066
483
4,896
3,500
49
132
11,126

2,118
495
5,089
3,729
50
300
11,781

2,118
495
5,089
3,729
50
300
11,781

2,068
484
4,919
3,730
49
110
11,361

1,958
458
4,524
3,162
50
155
10,307

2,122
497
5,099
3,729
51
300
11,798

2,227
521
5,352
3,757
51
300
12,208

109
26
263
28
1
0
427

CONTRACTUAL SERVICES
101-1701-500-30-11 POSTAL DELIVERY SERV
101-1701-500-30-21 PRINTING SERVICES
101-1701-500-30-31 LEGAL NOTICES
101-1701-500-30-45 TELEPHONE SERVICES
101-1701-500-30-51 MEDICAL SERVICES
101-1701-500-30-75 MEMBERSHIP / DUES
101-1701-500-30-78 EDUC,SEMINARS,TRAINI
101-1701-500-30-83 TRAVEL
101-1701-500-30-99 OTHER CONTRACTUAL SE
TOTAL CONTRACTUAL SERVICES

1
484
31
604
0
190
0
0
293
1,601

0
484
31
608
0
318
50
0
274
1,765

0
242
61
798
0
0
0
0
246
1,347

50
968
350
750
25
460
300
300
350
3,553

50
968
350
750
25
460
300
300
350
3,553

0
242
61
604
0
0
0
0
234
1,141

25
550
300
585
0
400
400
600
235
3,095

50
968
350
750
25
460
300
300
350
3,553

50
968
350
750
25
460
300
300
350
3,553

0
0
0
0
0
0
0
0
0
0

SUPPLIES & MATERIALS
101-1701-500-40-11 OFFICE SUPLYS & MATE
101-1701-500-40-29 GEN. OPERATING SUPPL
101-1701-500-40-99 OTHER SUPPLIES & MAT
TOTAL SUPPLIES & MATERIALS

287
67
0
355

243
271
132
646

1,746
0
145
1,891

300
400
100
800

300
400
100
800

297
38
0
335

275
200
250
725

300
400
400
1,100

300
400
400
1,100

0
0
300
300

200
2
202

190
2
192

175
2
177

200
3
203

200
3
203

0
1
1

1701-500-40-9OTHER SUPPLIES & MATERLS

FIXED CHARGES
101-1701-500-50-10 LIABILITY,GENERAL
101-1701-500-50-23 PROPERTY (CONTENTS)
TOTAL FIXED CHARGES

NEXT YEAR NOTES:
I am needing a new office chair for my office.
cost $300.

1701-500-50-2PROPERTY (CONTENTS) INS

125
2
127

161
2
163

183
2
185

Estimated

200
2
202

NEXT YEAR NOTES:
Increased this line by $1.00 to cover projected cost.

6-28-2022 09:59 AM

CITY OF ELIZABETHTON
ADOPTED BUDGET REPORT
AS OF: JUNE 30TH, 2022

PAGE: 26

101-GENERAL FUND
PURCHASING/WAREHOUSE
EXPENDITURES

(------------------- 2021-2022 -------------------) 2022-2023
2022-2023
ORIGINAL
2018-2019
2019-2020
2020-2021
ORIGINAL
CURRENT
Y-T-D
PROJECTED
REQUESTED
APPROVED
vs APPROVED
ACTUAL
ACTUAL
ACTUAL
BUDGET
BUDGET
ACTUAL
YEAR END
BUDGET
BUDGET
INCR/(DECR)
________________________________________________________________________________________________________________________________________________________________________
GRANTS & OTHER

___________

___________

___________

___________

___________

___________

___________

___________

___________

___________

CAPITAL OUTLAY
___________ ___________ ___________ ___________ ___________ ___________ ___________ ___________ ___________ ___________
________________________________________________________________________________________________________________________________________________________________________
TOTAL PURCHASING ADMIN

44,996

46,553

47,688

50,791

50,791

46,210

45,244

51,175

53,281

2,490

___________

___________

___________

___________

___________

___________

___________

___________

___________

___________

PURCH-WAREHOUSE CENT REC
========================
PERSONNEL SERVICES

EMPLOYEE BENEFITS
101-1702-500-20-15 EMPLOYEE HEALTH INS(
101-1702-500-20-17 EMPLOYEE LIFE INS
101-1702-500-20-19 WORKERS COMPENSATION
101-1702-500-20-26 CLOTHING/UNIFORM/SHO
TOTAL EMPLOYEE BENEFITS

463)
7 (
0
1,953
1,497

0 (
7)
0
1,681
1,674

483)
0
302
1,550
1,368

0
0
0
0
0

0
0
0
0
0

0
0
0
0
0

45
0
0
1,300
1,345

0
0
0
0
0

0
0
0
0
0

0
0
0
0
0

CONTRACTUAL SERVICES
101-1702-500-30-21 PRINTING SERVICES
101-1702-500-30-43 NATURAL GAS & PROPAN
101-1702-500-30-45 TELEPHONE SERVICES
101-1702-500-30-51 MEDICAL SERVICES
101-1702-500-30-61 REP & MAINT-VEHICLES
101-1702-500-30-62 REP & MAINT-EQUIPMEN
101-1702-500-30-63 REP & MAINT-OFFICE E
101-1702-500-30-64 REP & MAINT-BLDG/GRO
101-1702-500-30-75 MEMBERSHIP / DUES
101-1702-500-30-78 EDUC,SEMINARS,TRAINI
101-1702-500-30-80 ADVERTISING/NEWPAPER
TOTAL CONTRACTUAL SERVICES

0
0
444
338
0
0
0
0
83
30
815
1,710

0
0
486
426
0
0
0
0
0
668
404
1,984

0
0
633
0
0
0
0
287
83
0
431
1,434

0
0
0
0
0
0
0
0
0
0
0
0

0
0
0
0
0
0
0
0
0
0
0
0

0
0
612
0
0
0
0
0
0
0
0
612

50
50
495
70
200
50
240
500
100
750
450
2,954

0
0
0
0
0
0
0
0
0
0
0
0

0
0
0
0
0
0
0
0
0
0
0
0

0
0
0
0
0
0
0
0
0
0
0
0

SUPPLIES & MATERIALS
101-1702-500-40-11 OFFICE SUPLYS & MATE
101-1702-500-40-29 GEN. OPERATING SUPPL
101-1702-500-40-31 GASOLINE & DIESEL FU
101-1702-500-40-33 VEH-PARTS/OIL/FLUID/
TOTAL SUPPLIES & MATERIALS

127
0
303
0
430

8
173
241
0
422

348
19
306
115
787

0
0
0
0
0

0
0
0
0
0

76
0
383
0
458

300
600
377
100
1,377

0
0
0
0
0

0
0
0
0
0

0
0
0
0
0

FIXED CHARGES
101-1702-500-50-22 EQUIPMENT-INSURANCE
101-1702-500-50-23 PROPERTY (CONTENTS)
101-1702-500-50-24 VEHICLES-INS
TOTAL FIXED CHARGES

22
3
134
159

18
4
114
136

21
4
109
135

0
0
0
0

0
0
0
0

25
5
135
166

21
3
150
174

0
0
0
0

0
0
0
0

0
0
0
0

6-28-2022 09:59 AM

CITY OF ELIZABETHTON
ADOPTED BUDGET REPORT
AS OF: JUNE 30TH, 2022

PAGE: 27

101-GENERAL FUND
PURCHASING/WAREHOUSE
EXPENDITURES

(------------------- 2021-2022 -------------------) 2022-2023
2022-2023
ORIGINAL
2018-2019
2019-2020
2020-2021
ORIGINAL
CURRENT
Y-T-D
PROJECTED
REQUESTED
APPROVED
vs APPROVED
ACTUAL
ACTUAL
ACTUAL
BUDGET
BUDGET
ACTUAL
YEAR END
BUDGET
BUDGET
INCR/(DECR)
________________________________________________________________________________________________________________________________________________________________________
GRANTS & OTHER
101-1702-500-60-97 COVID EXPENSE - CARE
TOTAL GRANTS & OTHER

0
0

10
10

0
0

0
0

0
0

0
0

0
0

0
0

0
0

0
0

CAPITAL OUTLAY
___________ ___________ ___________ ___________ ___________ ___________ ___________ ___________ ___________ ___________
________________________________________________________________________________________________________________________________________________________________________
TOTAL PURCH-WAREHOUSE CENT REC
3,797
4,225
3,724
0
0
1,236
5,850
0
0
0
________________________________________________________________________________________________________________________________________________________________________
TOTAL PURCHASING/WAREHOUSE

48,793

50,779

51,413

50,791

50,791

47,446

51,094

51,175

53,281

2,490

6-28-2022 09:59 AM

CITY OF ELIZABETHTON
ADOPTED BUDGET REPORT
AS OF: JUNE 30TH, 2022

PAGE: 28

101-GENERAL FUND
ELECTRIC DEPARTMENT
EXPENDITURES

(------------------- 2021-2022 -------------------) 2022-2023
2022-2023
ORIGINAL
2018-2019
2019-2020
2020-2021
ORIGINAL
CURRENT
Y-T-D
PROJECTED
REQUESTED
APPROVED
vs APPROVED
ACTUAL
ACTUAL
ACTUAL
BUDGET
BUDGET
ACTUAL
YEAR END
BUDGET
BUDGET
INCR/(DECR)
________________________________________________________________________________________________________________________________________________________________________

ELECTRIC
========
PERSONNEL SERVICES
101-1800-500-10-11 SALARIES/WAGES
101-1800-500-10-12 OVERTIME
101-1800-500-10-13 STANDBY/ON CALL
101-1800-500-10-14 HOLIDAY BONUS
101-1800-500-10-20 FRANKLIN FITNESS CEN
TOTAL PERSONNEL SERVICES

418,642
9,584
117
2,244
0
430,587

0
0
0
0
0
0

EMPLOYEE BENEFITS
101-1800-500-20-11 FICA
101-1800-500-20-12 MEDICARE
101-1800-500-20-13 TCRS CONTRIBUTION
101-1800-500-20-14 TCRS - 401K CONTRIBU
101-1800-500-20-15 EMPLOYEE HEALTH INSU
101-1800-500-20-17 EMPLOYEE LIFE INSURA
101-1800-500-20-19 WORKERS COMPENSATION
101-1800-500-20-64 HEALTH INSURANCE HRA
TOTAL EMPLOYEE BENEFITS

25,222
5,899
43,417
5,495
67,783
880
227
0
148,923

0
0
0 (
0
0
0
0
0
0 (

CONTRACTUAL SERVICES
101-1800-500-30-11 POSTAL DELIVERY SERV
101-1800-500-30-21 PRINTING SERVICES
101-1800-500-30-31 LEGAL NOTICES
101-1800-500-30-45 TELEPHONE SERVICES
101-1800-500-30-48 WASTE COLLECTION & D
101-1800-500-30-51 MEDICAL SERVICES
101-1800-500-30-63 REP & MAINT-OFFICE E
101-1800-500-30-78 EDUC, SEMINARS, TRAI
101-1800-500-30-80 ADVERTISING/NEWSPAPE
101-1800-500-30-83 TRAVEL-BUSINESS EXPE
101-1800-500-30-99 OTHER CONTRACTUAL SE
TOTAL CONTRACTUAL SERVICES

2,469
275
34
314
1,880
117
548
1,397
257
0
38,819
46,109

SUPPLIES & MATERIALS
101-1800-500-40-11 OFFICE SUPPLIES & MA
101-1800-500-40-13 OFFICE EQUIPMENT
101-1800-500-40-17 ADP PARTS/COMPONENTS
TOTAL SUPPLIES & MATERIALS
FIXED CHARGES
101-1800-500-50-10 LIABILITY, GENERAL
101-1800-500-50-13 SURETY BOND
TOTAL FIXED CHARGES

0
0
0
0
0
0

0
0
0
0
0
0

0
0
0
0
0
0

27,040
660
149
0
0
27,849

403,000
10,000
200
2,545
207
415,952

0
0
0
0
0
0

0
0
0
0
0
0

0
0
0
0
0
0

0
0
5,425)
0
0
0
0
0
5,425)

0
0
0
0
0
0
0
0
0

0
0
0
0
0
0
0
0
0

1,687
395
3,435
0
4,941
59
0
391
10,908

26,248
6,139
50,000
5,000
62,236
1,155
1,791
0
152,569

0
0
0
0
0
0
0
0
0

0
0
0
0
0
0
0
0
0

0
0
0
0
0
0
0
0
0

0
0
0
0
0
0
0
0
0
0
0
0

0
0
0
0
0
0
0
0
0
0
0
0

0
0
0
0
0
0
0
0
0
0
0
0

0
0
0
0
0
0
0
0
0
0
0
0

154
0
251
22
0
267
16
0
0
0
6,064
6,775

300
136
126
1,000
1,710
270
982
3,300
500
421
35,000
43,745

0
0
0
0
0
0
0
0
0
0
0
0

0
0
0
0
0
0
0
0
0
0
0
0

0
0
0
0
0
0
0
0
0
0
0
0

6,029
342
500
6,871

0
0
0
0

0
0
0
0

0
0
0
0

0
0
0
0

766
0
0
766

5,600
2,269
500
8,369

0
0
0
0

0
0
0
0

0
0
0
0

1,486
1,308
2,794

0
0
0

0
0
0

0
0
0

0
0
0

0
0
0

1,994
1,502
3,496

0
0
0

0
0
0

0
0
0

6-28-2022 09:59 AM

CITY OF ELIZABETHTON
ADOPTED BUDGET REPORT
AS OF: JUNE 30TH, 2022

PAGE: 29

101-GENERAL FUND
ELECTRIC DEPARTMENT
EXPENDITURES

(------------------- 2021-2022 -------------------) 2022-2023
2022-2023
ORIGINAL
2018-2019
2019-2020
2020-2021
ORIGINAL
CURRENT
Y-T-D
PROJECTED
REQUESTED
APPROVED
vs APPROVED
ACTUAL
ACTUAL
ACTUAL
BUDGET
BUDGET
ACTUAL
YEAR END
BUDGET
BUDGET
INCR/(DECR)
________________________________________________________________________________________________________________________________________________________________________
GRANTS & OTHER
101-1800-500-60-89 OTHER MISCELLANEOUS
TOTAL GRANTS & OTHER

13
13

0
0

0
0

0
0

0
0

0
0

0
0

0
0

0
0

0
0

CAPITAL OUTLAY
101-1800-500-90-64 OFFICE EQUIPMENT
0
0
0
0
0
0
300
0
0
0
TOTAL CAPITAL OUTLAY
0
0
0
0
0
0
300
0
0
0
________________________________________________________________________________________________________________________________________________________________________
TOTAL ELECTRIC
635,296
0 (
5,425)
0
0
46,299
624,431
0
0
0
________________________________________________________________________________________________________________________________________________________________________
TOTAL ELECTRIC DEPARTMENT

635,296

0 (

5,425)

0

0

46,299

624,431

0

0

0

6-28-2022 09:59 AM

CITY OF ELIZABETHTON
ADOPTED BUDGET REPORT
AS OF: JUNE 30TH, 2022

PAGE: 30

101-GENERAL FUND
POLICE DEPT.
EXPENDITURES

(------------------- 2021-2022 -------------------) 2022-2023
2022-2023
ORIGINAL
2018-2019
2019-2020
2020-2021
ORIGINAL
CURRENT
Y-T-D
PROJECTED
REQUESTED
APPROVED
vs APPROVED
ACTUAL
ACTUAL
ACTUAL
BUDGET
BUDGET
ACTUAL
YEAR END
BUDGET
BUDGET
INCR/(DECR)
________________________________________________________________________________________________________________________________________________________________________

POLICE ADMIN
============
PERSONNEL SERVICES
101-2001-500-10-11 SALARIES/WAGES
351,959
101-2001-500-10-12 OVERTIME
6,006
101-2001-500-10-14 HOLIDAY BONUS
2,550
101-2001-500-10-15 SUPPLEMENTAL TRAININ
3,000
101-2001-500-10-18 OTHER SALARIES & WAG
0
SPECIAL TEAMS UNIT
1
1,560.00
101-2001-500-10-20 FRANKLIN FITNESS CEN
600
TOTAL PERSONNEL SERVICES
364,114

363,828
2,984
2,400
4,000
0

327,435
3,799
2,250
4,000
4,550

363,294
7,641
2,350
4,800
0

363,294
7,641
2,350
4,800
0

348,802
2,758
2,450
4,000
0

341,900
3,467
2,550
3,000
0

363,293
7,641
2,450
4,800
0

27,136
0
100
0
1,560

1,200
379,384

390,430
7,641
2,450
4,800
1,560
1,560
1,200
408,081

300
373,512

500
342,534

1,200
379,285

1,200
379,285

600
358,610

0
350,917

0
28,796

EMPLOYEE BENEFITS
101-2001-500-20-11 FICA
101-2001-500-20-12 MEDICARE
101-2001-500-20-13 TCRS CONTRIBUTION
101-2001-500-20-14 TCRS - 401K CONTRIBU
101-2001-500-20-15 EMPLOYEE HEALTH INS
101-2001-500-20-17 EMPLOYEE LIFE INS
101-2001-500-20-19 WORKERS COMPENSATION
101-2001-500-20-26 CLOTHING/UNIFORM/SHO
TOTAL EMPLOYEE BENEFITS

21,757
5,088
49,184
1,024
50,672
665
11,769
2,934
143,094

22,327
5,221
52,142
608
48,378
671
12,204
1,964
143,515

20,038
4,710
44,749
0
46,273
575
13,965
3,939
134,250

23,144
5,413
52,691
0
57,337
672
15,000
4,200
158,457

23,144
5,413
52,691
0
57,337
672
15,000
4,200
158,457

21,033
4,919
49,749
0
55,899
634
12,716
3,902
148,853

21,852
5,111
49,899
2,000
46,060
672
14,107
3,383
143,084

23,150
5,415
52,706
0
57,337
672
15,000
4,200
158,480

24,929
5,831
56,841
0
59,065
672
15,000
4,200
166,538

1,785
418
4,150
0
1,728
0
0
0
8,081

CONTRACTUAL SERVICES
101-2001-500-30-11 POSTAL DELIVERY SERV
101-2001-500-30-31 LEGAL NOTICES
101-2001-500-30-41 ELECTRICITY
101-2001-500-30-42 WATER & SEWER
101-2001-500-30-43 NATURAL GAS & PROPAN
101-2001-500-30-45 TELEPHONE SERVICES
101-2001-500-30-51 MEDICAL SERVICES
101-2001-500-30-55 COMPUTER/DATA PROCES
101-2001-500-30-60 REP & MAINT-COMMUNIC
101-2001-500-30-61 REP & MAINT-VEHICLES
101-2001-500-30-62 REP & MAINT-EQUIPMEN
101-2001-500-30-63 REP & MAINT-OFFICE E
101-2001-500-30-64 REP & MAINT-BLDG/GRO
101-2001-500-30-69 REP & MAINT-OTHER
101-2001-500-30-71 SUBSCRIPTIONS & BOOK
101-2001-500-30-75 MEMBERSHIP / DUES
101-2001-500-30-78 EDUC,SEMINARS,TRAINI
101-2001-500-30-80 ADVERTISING/NEWSPAPE
0
101-2001-500-30-83 TRAVEL-BUSINESS EXPE
101-2001-500-30-99 OTHER CONTRACTUAL SE
CHARTER - JORDAN
0
CHARTER - PD
0

907
1,072
11,098
1,587
905
4,659
401
2,996
0
285
0
384
16,201
1,037
0
500
2,782
0 (
0.00
9,495
48,942
0.00
0.00

1,003
515
9,521
2,098
879
4,298
206
11,369
0
142
0
560
6,586
1,183
0
400
5,814
22)

1,036
2,059
11,054
2,094
1,264
29,517
292
3,023
95
0
301
405
2,129
1,492
500
970
5,150
0

1,250
1,500
20,000
3,000
1,815
29,000
4,650
6,200
100
1,000
350
350
11,500
1,485
835
1,000
4,500
0

1,250
1,500
20,000
3,000
2,565
29,000
4,650
6,200
100
500
350
92
14,058
1,835
835
1,000
4,500
0

479
1,983
13,794
2,803
2,299
27,717
90
6,598
0
14
500
62
8,076
1,807
180
945
1,380
0

700
1,000
10,717
1,500
1,307
4,133
400
5,000
0
739
350
350
20,000
1,100
0
600
3,000
506

1,250
2,200
17,500
3,000
2,000
31,400
4,650
8,075
8,000
500
350
400
15,000
1,485
835
1,000
4,500
0

0
0
5,000)
0
185
2,400
4,150)
1,200)
1,400
500)
0
50
3,500
0
0
0
0
0

5,649
217,869

6,516
64,931

11,800
91,751

11,800
68,080

8,744
51,082

8,000
45,000

11,800
132,670

1,250
1,500
15,000 (
3,000
2,000
31,400
500 (
5,000 (
1,500
500 (
350
400
15,000
1,485
835
1,000
4,500
0
0
10,000 (
103,580
2,200
2,700

1,800)
11,829

6-28-2022 09:59 AM

CITY OF ELIZABETHTON
ADOPTED BUDGET REPORT
AS OF: JUNE 30TH, 2022

PAGE: 31

101-GENERAL FUND
POLICE DEPT.
EXPENDITURES

(------------------- 2021-2022 -------------------) 2022-2023
2022-2023
ORIGINAL
2018-2019
2019-2020
2020-2021
ORIGINAL
CURRENT
Y-T-D
PROJECTED
REQUESTED
APPROVED
vs APPROVED
ACTUAL
ACTUAL
ACTUAL
BUDGET
BUDGET
ACTUAL
YEAR END
BUDGET
BUDGET
INCR/(DECR)
________________________________________________________________________________________________________________________________________________________________________
CINTAS
0
0.00
3,400
CODE MESSAGING
0
0.00
360
DCI - TBI SOFTWARE
0
0.00
3,150
FLEENOR PD
0
0.00
850
FLEENOR - LIBRARY
0
0.00
220
TN CRIM PORTAL RENEWAL
0
0.00
440
NOVA - MAIN & CID
0
0.00
6,900
LESO STATE OF TN
0
0.00
600
FIRE EXTINGUISHERS & SI
0
0.00
1,800
PEST CONTROL
0
0.00
600
TACP ADDREDITATION
0
0.00
850
TACP ENTRY, PROMOTIONAL
0
0.00
1,000
TYLER TECHNOLOGY
0
0.00
15,000
DTRS SOFTWARE
0
0.00
1,875
TBI FISCAL SERVICES
0
0.00
560
CENTRAL SQUARE RMS
0
0.00
46,600
MICROSOFT LEASE OFFICE
0
0.00
9,635
GENERATOR MAINT HQ
0
0.00
1,250
GENERATOR MAINT HOLSTON
0
0.00
750
COP CITIZEN REPORTING
0
30,000.00
0
EMAIL ACCOUNTS
0
0.00
2,000
840_____ ___________
EMA - MASS COMMUNICATIO
0
0.00
TOTAL CONTRACTUAL SERVICES
103,250
268,069
132,828
192,086
171,315
128,552
104,401
246,615
198,800
6,714
2001-500-30-4NATURAL GAS & PROPANE

PERMANENT NOTES:
ATMOS
BLOSSMAN
CITY WASHBAY

2001-500-30-4TELEPHONE SERVICES

CURRENT YEAR NOTES:
MOVED CID TO MAIN

2001-500-30-6REP & MAINT-COMMUNICATION NEXT YEAR NOTES:
MOVE FROM 30-99 ACCOUNT
2001-500-30-6REP & MAINT-BLDG/GROUNDS

CURRENT YEAR NOTES:
PRIVACY FENCE FOR WAREHOUSE STORIE SIDE
LANDSCAPE WEST SIDE OF BUILDING

2001-500-30-9OTHER CONTRACTUAL SERVICE NEXT YEAR NOTES:
CITIZEN REPORTING 2 YEAR -ODD
SUPPLIES & MATERIALS
101-2001-500-40-11 OFFICE SUPLYS & MATE
101-2001-500-40-13 OFFICE EQUIPMENT
HEARING IMPARIED COMM D
0
DESKTOPS, CAPT, TRAF, P
0
FLAMMABLE STORAGE CABIN
0
101-2001-500-40-24 JANITORAL SUPPLIES
101-2001-500-40-28 EDUCATIONAL & TRAIN

2,481
5,299
0.00
0.00
0.00
1,765
0

1,744
16,850

3,702
5,598

3,550
7,500

3,550
13,171

1,895
8,672

3,234
0

3,550
15,825

1,823
0

1,272
57

2,500
250

2,550
250

2,540
250

2,127
0

3,000
250

3,550
13,125
3,200
8,800
1,125
3,000
250

0
5,625

500
0

6-28-2022 09:59 AM

CITY OF ELIZABETHTON
ADOPTED BUDGET REPORT
AS OF: JUNE 30TH, 2022

PAGE: 32

101-GENERAL FUND
POLICE DEPT.
EXPENDITURES

(------------------- 2021-2022 -------------------) 2022-2023
2022-2023
ORIGINAL
2018-2019
2019-2020
2020-2021
ORIGINAL
CURRENT
Y-T-D
PROJECTED
REQUESTED
APPROVED
vs APPROVED
ACTUAL
ACTUAL
ACTUAL
BUDGET
BUDGET
ACTUAL
YEAR END
BUDGET
BUDGET
INCR/(DECR)
________________________________________________________________________________________________________________________________________________________________________
101-2001-500-40-29 GEN. OPERATING SUPPL
1,899
2,589
1,592
3,000
10,875
10,866
2,000
3,000
3,000
0
101-2001-500-40-31 GASOLINE & DIESEL FU
2,864
3,425
1,668
4,800
4,800
3,711
2,500
5,000
6,854
2,054
101-2001-500-40-33 VEH-PARTS/OIL/FLUID/
2,104
7,564
3,921
3,000
5,000
7,312
2,100
3,500
3,500
500
101-2001-500-40-99 OTHER MATERIALS/SUPP
0
0
0
0
76,000
0
0
76,000
6,000
6,000
6,000_____ ___________
12 SHELVING UNITS
1
6,000.00
TOTAL SUPPLIES & MATERIALS
16,412
33,995
17,808
24,600
116,196
35,245
11,961
110,125
39,279
14,679
FIXED CHARGES
101-2001-500-50-10 LIABILITY,GENERAL
101-2001-500-50-21 BUILDINGS-INSURANCE
101-2001-500-50-23 PROPERTY (CONTENTS)
101-2001-500-50-24 VEHICLES-INS
101-2001-500-50-33 EQUIPMENT-RENTAL/LEA
TOTAL FIXED CHARGES

3,757
1,685
186
696
0
6,324

3,233
1,599
173
447
0
5,452

3,244
1,964
194
428
959
6,790

3,950
1,800
250
842
5,000
11,842

4,100
4,125
250
842
5,000
14,317

4,095
4,117
238
708
0
9,158

3,916
1,685
186
700
0
6,487

4,100
4,200
250
842
5,000
14,392

GRANTS & OTHER
101-2001-500-60-01 POLICE GRANT EXPENDI
101-2001-500-60-15 SEX OFFENDERS ADMIN.
101-2001-500-60-89 OTHER MISCELLANEOUS
101-2001-500-60-97 COVID EXPENSE - CARE
TOTAL GRANTS & OTHER

0
50
0
0
50

0
0
16
300
316

41,857
0
699
0
42,555

0
350
0
0
350

0
350
0
0
350

0
200
0
0
200

0
1,681
16
0
1,697

0
350
0
0
350

4,100
4,200
250
842
2,500 (
11,892

0
350
0
0
350

150
2,400
0
0
2,500)
50

0
0
0
0
0

CAPITAL OUTLAY
101-2001-500-90-64 OFFICE MACHINERY/EQU
0
0
0
0
0
0
8,600
14,800
0
0
NETWORK SWITCH
0
8,800.00
0
101-2001-500-90-99 OTHER CAPITAL OUTLAY
9,001
0
0
0
0
0
0
0
0
0
0_____ ___________
FIRING RANGE
0
76,000.00
TOTAL CAPITAL OUTLAY
9,001
0
0
0
0
0
8,600
14,800
0
0
________________________________________________________________________________________________________________________________________________________________________
TOTAL POLICE ADMIN

642,245

824,858

676,765

766,620

839,920

680,618

627,146

924,146

824,940

58,320

1,189,785
153,106
36
4,450
20,000
40,643
6,277

1,253,693
131,862
376
5,150
20,000
41,804
5,589

1,260,291
160,537
800
5,450
22,400
44,127
12,000

1,260,291
207,599
800
5,450
22,400
44,527
11,600

1,241,742
131,768
0
5,100
20,800
45,463
4,137

1,055,000
135,000
0
5,000
16,200
44,000
9,000

1,290,239
162,940
800
5,700
22,400
44,000
12,000

184,630
0
0
100
0
627)
23,400

300
1,414,597

200
1,458,673

3,900
1,509,505

3,900
1,556,567

0
1,449,009

0
1,264,200

3,900
1,541,979

1,444,921
160,537
800
5,550
22,400
43,500 (
35,400
12,000
23,400
3,900
1,717,008

POLICE PATROL&TRAF SAFE
=======================
PERSONNEL SERVICES
101-2002-500-10-11 SALARIES/WAGES
1,021,128
101-2002-500-10-12 OVERTIME
146,229
101-2002-500-10-13 STANDBY/ON CALL
206
101-2002-500-10-14 HOLIDAY BONUS
4,100
101-2002-500-10-15 SUPPLEMENTAL TRAININ
13,200
101-2002-500-10-17 HOLIDAY PAY
37,386
101-2002-500-10-18 OTHER SALARIES & WAG
3,980
BASE LINE
1
12,000.00
SPECIAL UNIT
1
23,400.00
101-2002-500-10-20 FRANKLIN FITNESS CEN
300
TOTAL PERSONNEL SERVICES
1,226,528

0
207,503

6-28-2022 09:59 AM

CITY OF ELIZABETHTON
ADOPTED BUDGET REPORT
AS OF: JUNE 30TH, 2022

PAGE: 33

101-GENERAL FUND
POLICE DEPT.
EXPENDITURES

(------------------- 2021-2022 -------------------) 2022-2023
2022-2023
ORIGINAL
2018-2019
2019-2020
2020-2021
ORIGINAL
CURRENT
Y-T-D
PROJECTED
REQUESTED
APPROVED
vs APPROVED
ACTUAL
ACTUAL
ACTUAL
BUDGET
BUDGET
ACTUAL
YEAR END
BUDGET
BUDGET
INCR/(DECR)
________________________________________________________________________________________________________________________________________________________________________
EMPLOYEE BENEFITS
101-2002-500-20-11 FICA
101-2002-500-20-12 MEDICARE
101-2002-500-20-13 TCRS CONTRIBUTION
101-2002-500-20-14 TCRS - 401K CONTRIBU
101-2002-500-20-15 EMPLOYEE HEALTH INS
101-2002-500-20-17 EMPLOYEE LIFE INS
101-2002-500-20-19 WORKERS COMPENSATION
101-2002-500-20-20 UNEMPLOYMENT INSURAN
101-2002-500-20-26 CLOTHING/UNIFORM/SHO
TOTAL EMPLOYEE BENEFITS
2002-500-20-2CLOTHING/UNIFORM/SHOES

74,859
17,507
135,041
15,123
151,969
2,076
55,525
0
17,068
469,168

86,621
20,258
151,966
13,453
156,222
2,302
63,995
394 (
35,947
531,157

88,421
20,888
160,844
0
171,341
2,368
68,484
197)
26,057
538,206

91,215
21,332
185,610
0
183,752
2,436
73,162
0
30,000
587,507

91,215
21,332
185,610
0
183,752
2,436
73,162
0
30,000
587,507

88,682
20,740
177,542
0
183,817
2,336
67,745
0
27,050
567,912

73,048
17,084
162,817
9,000
145,000
2,520
69,000
0
21,000
499,469

93,228
21,804
188,592
0
189,965
2,520
73,162
0
33,000
602,271

384
1,944
64
152
244
3,297
637
12,601
690
200
21,440
7,110
0
0
1,400
224,795

350
2,385
351
123
1,082
3,852
3,286
1,356
2,013
0
24,990
10,728
0
0
1,025
245,749

700
3,330
550
225
1,000
15,700
3,700
15,000
2,000
200
28,000
30,200
500
0
4,000
277,634

700
3,330
550
225
1,000
15,700
2,900
15,000
2,000
200
28,000
30,200
500
0
4,000
276,434

73
665
207
224
267
5,330
956
17,148
65
25
9,584
17,245
12
0
555
222,696

500
2,000
99
147
300
3,700
5,000
10,771
4,390
1,065
13,000
12,000
0
0
3,000
161,358

700
3,330
400
225
1,000
15,700
7,050
15,000
2,000
200
28,000
30,200
500
0
4,000
328,899

274,958

297,289

382,739

380,739

275,053

217,330

437,204

104,080
24,342
204,463
0
197,003
2,520
73,162
0
33,000
638,570

12,865
3,010
18,853
0
13,251
84
0
0
3,000
51,063

CURRENT YEAR NOTES:
COVID COST INCREASES

CONTRACTUAL SERVICES
101-2002-500-30-11 POSTAL DELIVERY SERV
340
101-2002-500-30-21 PRINTING SERVICES
1,609
101-2002-500-30-42 WATER
75
101-2002-500-30-43 PROPANE GAS
143
101-2002-500-30-45 TELEPHONE SERVICES
432
101-2002-500-30-51 MEDICAL SERVICES
4,197
101-2002-500-30-60 REP & MAINT-COMMUNIC
0
101-2002-500-30-61 REP & MAINT-VEHICLES
3,379
101-2002-500-30-62 REP & MAINT-EQUIPMEN
1,388
101-2002-500-30-75 MEMBERSHIP / DUES
240
101-2002-500-30-78 EDUC,SEMINARS,TRAINI
14,733
101-2002-500-30-83 TRAVEL-BUSINESS EXPE
14,095
101-2002-500-30-84 INTERPRETOR SERVICES
0
101-2002-500-30-97 CARTER COUNTY ECD 91
0
101-2002-500-30-98 TOWING SERVICES
2,325
101-2002-500-30-99 OTHER CONTRACTUAL SE
179,403
AGENY 360 FTO SOFTWART
1
600.00
GPS TRACKER FOR MATV
0
0.00
RADAR RECERTIFICATION
0
0.00
VITURAL ACADEMY
0
0.00
AXON-TASER 5 YEAR
0
0.00
IN-CAR CAMERA SYSTEMS
10
195.00
WATCHGAURD BWC ANNUAL
39
195.00
WATCHGAURD LPR ANNUAL
4
2,150.00
BIOHAZARD LAUNDRY
0
0.00
E-AGENT GATEWAY TBI
0
0.00
NOVA COPY
0
0.00
TRAFFIC CAMERA
0
5,000.00
TOTAL CONTRACTUAL SERVICES
222,359

2002-500-30-8ADVERTISING/NEWSPAPER/PUBLPERMANENT NOTES:
DELETE ACCOUNT OR INACTIVE

700
0
3,330
0
400 (
150)
225
0
1,000
0
5,000 (
10,700)
3,700
0
15,000
0
2,000
0
200
0
28,000
0
15,000 (
15,200)
500
0
220,230
220,230
4,000
0
69,660 (
207,974)
600
555
2,000
3,350
33,600
1,950
7,605
8,600
1,000
8,400
2,000
0_____ ___________
368,945 (
13,794)

6-28-2022 09:59 AM

CITY OF ELIZABETHTON
ADOPTED BUDGET REPORT
AS OF: JUNE 30TH, 2022

PAGE: 34

101-GENERAL FUND
POLICE DEPT.
EXPENDITURES

(------------------- 2021-2022 -------------------) 2022-2023
2022-2023
ORIGINAL
2018-2019
2019-2020
2020-2021
ORIGINAL
CURRENT
Y-T-D
PROJECTED
REQUESTED
APPROVED
vs APPROVED
ACTUAL
ACTUAL
ACTUAL
BUDGET
BUDGET
ACTUAL
YEAR END
BUDGET
BUDGET
INCR/(DECR)
________________________________________________________________________________________________________________________________________________________________________
SUPPLIES & MATERIALS
101-2002-500-40-11 OFFICE SUPLYS & MATE
621
101-2002-500-40-13 OFFICE EQUIPMENT
5,259
101-2002-500-40-20 DEF DRIVER CLASS SUP
2,232
101-2002-500-40-22 LAB SUPPLIES & ACCES
0
101-2002-500-40-28 EDUCATIONAL & TRAIN
658
101-2002-500-40-29 GEN. OPERATING SUPPL
25,734
BASELINE
1
30,000.00
DOWNTOWN RADARS
0
3,000.00
PATROL LOCKERS
1
4,200.00
101-2002-500-40-31 GASOLINE & DIESEL FU
53,852
101-2002-500-40-33 VEH-PARTS/OIL/FLUID/
34,751
101-2002-500-40-39 OTHER REPAIR & MAINT
0
BASELINE
1
4,000.00
ACCIDENT RECONSTRUCTION
1
6,000.00
TOTAL SUPPLIES & MATERIALS
123,108

598
20,896
5,607
0
507
32,168

948
35,131
2,945
47
1,078
26,243

1,000
500
8,120
0
2,135
32,090

1,000
700
8,120
0
2,135
45,778

1,000
5,321
6,858
0
2,062
30,421

900
6,000
3,118
140
1,500
15,000

1,000
500
8,120
0
10,350
32,000

48,930
44,740
0

54,317
49,544
0

70,000
45,100
25

70,000
45,100
25

69,804
38,293
0

48,466
43,818
25

72,000
45,100
4,000

153,445

170,254

158,970

172,858

153,758

118,966

173,070

17,133
70
8,793
25,996

16,124
80
8,440
24,644

21,240
300
10,949
32,489

21,240
300
11,949
33,489

18,798
23
11,934
30,755

16,082
96
10,401
26,579

19,000
150
12,000
31,150

0
0

106,293
0

3,200
0

3,200
0

31,901
0

0
0

0
0

0
5,981
5,981

0
101
106,394

0
0
3,200

0
0
3,200

0
0
31,901

5,200
0
5,200

0

0

0

0

3,550

5,700

2002-500-40-2EDUCATIONAL & TRAIN SPLY

CURRENT YEAR NOTES:
SOMMUNITIONS 8250 ANNUAL 1200

2002-500-40-2GEN. OPERATING SUPPLIES

NEXT YEAR NOTES:
13000 FOR PPE FROM GRANT

1,000
0
500
0
8,120
0
0
0
2,135
0
34,200
2,110
30,000
0
4,200
121,346
51,346
45,100
0
10,000
9,975
4,000
6,000_____ ___________
222,401
63,431

2002-500-40-3OTHER REPAIR & MAINT SPLY CURRENT YEAR NOTES:
REPAIR NIGHTVISION
FIXED CHARGES
101-2002-500-50-10 LIABILITY,GENERAL
101-2002-500-50-22 EQUIPMENT-INSURANCE
101-2002-500-50-24 VEHICLES-INS
TOTAL FIXED CHARGES

16,082
96
9,700
25,878

GRANTS & OTHER
101-2002-500-60-01 TN GOVERNOR'S GRANT
0
101-2002-500-60-02 AMERICAN RESCUE PLAN
0
PATROL VEHICLES
2
58,304.00
101-2002-500-60-89 OTHER MISCELLANEOUS
5,045
101-2002-500-60-97 COVID EXPENSE - CARE
0
TOTAL GRANTS & OTHER
5,045
CAPITAL OUTLAY
101-2002-500-90-60 MACHINERY & EQUIPMEN
2,150
IN CAR CAMERAS
0
6,400.00
101-2002-500-90-64 OFFICE EQUIPMENT
0
101-2002-500-90-71 MOTOR EQUIPMENT
131,342
4 PATROL VEHICLES
2
58,304.00
TOTAL CAPITAL OUTLAY
133,492
2002-500-90-6OFFICE EQUIPMENT

PERMANENT NOTES:

19,000 (
150 (
12,000
31,150 (

2,240)
150)
1,051
1,339)

0 (
116,608
116,608
0
0
0
0
0
116,608

3,200)
116,608

31,600

0

0
0
113,408

0

0
0
0

0
0

0
159,225

0
159,225

0
10,331

0
135,000

0

0

159,225

159,225

13,881

140,700

10,200
233,218

0
0
116,608 (
42,617)
116,608_____ ___________
275,018
116,608 (
42,617)

6-28-2022 09:59 AM

CITY OF ELIZABETHTON
ADOPTED BUDGET REPORT
AS OF: JUNE 30TH, 2022

PAGE: 35

101-GENERAL FUND
POLICE DEPT.
EXPENDITURES

(------------------- 2021-2022 -------------------) 2022-2023
2022-2023
ORIGINAL
2018-2019
2019-2020
2020-2021
ORIGINAL
CURRENT
Y-T-D
PROJECTED
REQUESTED
APPROVED
vs APPROVED
ACTUAL
ACTUAL
ACTUAL
BUDGET
BUDGET
ACTUAL
YEAR END
BUDGET
BUDGET
INCR/(DECR)
________________________________________________________________________________________________________________________________________________________________________
Printer and Computers
________________________________________________________________________________________________________________________________________________________________________
TOTAL POLICE PATROL&TRAF SAFE

2,205,578

2,406,134

2,595,461

2,833,635

2,893,585

2,522,269

2,272,444

3,060,692

3,211,290

377,655

404,219
21,403
2,981
1,700
7,200
3,610
0

352,513
17,116
3,515
1,450
6,400
2,602
0

441,638
38,137
2,320
1,900
7,200
7,577
0

441,638
35,637
4,820
1,900
7,200
7,577
0

386,178
18,456
4,981
1,750
6,400
852
0

407,200
41,237
2,646
1,900
5,400
4,645
0

398,122
35,740
2,600
1,750
7,200
900
0

0
441,113

228
383,824

900
499,672

900
499,672

300
418,917

500
463,528

900
447,212

432,346 (
35,737 (
3,600
1,750 (
7,200
900 (
4,680
4,680
900
487,113 (

0
12,559)

29,699 (
6,946 (
59,971 (
0
65,324 (
756 (
25,133
8,250
196,079 (

779)
182)
2,603)
0
374)
84)
0
750
3,272)

POLICE-CRIMINAL INVEST
======================
PERSONNEL SERVICES
101-2003-500-10-11 SALARIES/WAGES
417,665
101-2003-500-10-12 OVERTIME
42,035
101-2003-500-10-13 STAND BY
2,611
101-2003-500-10-14 HOLIDAY BONUS
1,900
101-2003-500-10-15 SUPPLEMENTAL TRAININ
5,400
101-2003-500-10-17 HOLIDAY PAY
4,645
101-2003-500-10-18 OTHER SALARIES & WAG
4,475
SPECIAL UNIT
1
4,680.00
101-2003-500-10-20 FRANKLIN FITNESS CEN
300
TOTAL PERSONNEL SERVICES
479,031
EMPLOYEE BENEFITS
101-2003-500-20-11 FICA
101-2003-500-20-12 MEDICARE
101-2003-500-20-13 TCRS CONTRIBUTION
101-2003-500-20-14 TCRS - 401K CONTRIBU
101-2003-500-20-15 EMPLOYEE HEALTH INS
101-2003-500-20-17 EMPLOYEE LIFE INS
101-2003-500-20-19 WORKERS COMPENSATION
101-2003-500-20-26 CLOTHING/UNIFORM/SHO
TOTAL EMPLOYEE BENEFITS

29,396
6,875
60,615
2,447
59,343
819
19,009
7,079
185,584

26,617
6,225
54,985
2,043
53,617
769
19,296
3,719
167,271

22,827
5,371
43,600
0
51,692
671
21,282
7,227
152,670

30,478
7,128
62,574
0
65,698
840
25,133
7,500
199,351

30,478
7,128
62,574
0
65,698
840
25,133
6,900
198,751

25,142
5,880
49,910
0
57,940
708
20,166
4,677
164,423

26,224
7,050
64,119
3,936
56,035
840
23,640
5,734
187,578

27,287
6,382
57,702
0
59,985
756
25,133
8,250
185,495

CONTRACTUAL SERVICES
101-2003-500-30-21 PRINTING SERVICES
101-2003-500-30-45 TELEPHONE SERVICES
101-2003-500-30-51 MEDICAL SERVICES
101-2003-500-30-60 REP & MAINT-COMMUNIC
101-2003-500-30-61 REP & MAINT-VEHICLES
101-2003-500-30-63 REP & MAINT-OFFICE E
101-2003-500-30-64 REP & MAINT-BLDG/GRO
101-2003-500-30-69 REP & MAINT-OTHER
101-2003-500-30-71 SUBSCRIPTIONS & BOOK
101-2003-500-30-75 MEMBERSHIP / DUES
101-2003-500-30-78 EDUC,SEMINARS,TRAINI
101-2003-500-30-83 TRAVEL-BUSINESS EXPE
101-2003-500-30-99 OTHER CONTRACTUAL SE
LEEDS ON LINE
0
CHARTER VICE
0
TRANSUNION TLO
0
TIP 411 REVEWAL 2YR
0
ROCIC
0
TOTAL CONTRACTUAL SERVICES

90
2,738
184
0
2,652
0
357
0
0
0
4,030
7,110
8,125
0.00
0.00
0.00
0.00
0.00
25,286

90
2,671
758
0
211
0
168
0
0
0
3,720
4,916
9,265

0
3,228
210
0
65
0
600
0
30
300
4,895
4,633
12,038

200
3,685
5,560
650
3,520
100
0
100
50
330
6,250
7,040
7,910

200
3,685
5,560
4,150
3,520
110
260
100
50
330
2,805
11,285
8,760

76
802
276
315
2,041
109
260
70
0
0
1,570
11,275
9,778

200
2,889
300
0
1,369
99
912
0
0
300
4,200
6,200
7,250

200
1,200
5,560
0
3,520
100
0
500
50
330
4,200
9,263
12,970

21,800

25,999

35,395

40,815

26,573

23,720

37,893

9,292)
2,400)
1,280
150)
0
6,677)
4,680

200
0
1,200 (
2,485)
1,000 (
4,560)
0 (
650)
3,000 (
520)
100
0
0
0
500
400
50
0
330
0
4,200 (
2,050)
9,263
2,223
12,970
5,060
3,250
1,320
2,100
6,000
300_____ ___________
32,813 (
2,582)

6-28-2022 09:59 AM

CITY OF ELIZABETHTON
ADOPTED BUDGET REPORT
AS OF: JUNE 30TH, 2022

PAGE: 36

101-GENERAL FUND
POLICE DEPT.
EXPENDITURES

(------------------- 2021-2022 -------------------) 2022-2023
2022-2023
ORIGINAL
2018-2019
2019-2020
2020-2021
ORIGINAL
CURRENT
Y-T-D
PROJECTED
REQUESTED
APPROVED
vs APPROVED
ACTUAL
ACTUAL
ACTUAL
BUDGET
BUDGET
ACTUAL
YEAR END
BUDGET
BUDGET
INCR/(DECR)
________________________________________________________________________________________________________________________________________________________________________
2003-500-30-4TELEPHONE SERVICES
CURRENT YEAR NOTES:
MOVED TO 2001 TO COVER INCREASE COST FROM CID INTO MAIN
2003-500-30-9OTHER CONTRACTUAL SERVICE PERMANENT NOTES:
Leads online, Nova Copy, Fleenor Security Monitoring,
TransUnion, Charter, Culligan
2003-500-30-9OTHER CONTRACTUAL SERVICE NEXT YEAR NOTES:
LEADS ONLINE INCREASE TO 3879.00
SUPPLIES & MATERIALS
101-2003-500-40-11 OFFICE SUPLYS & MATE
1,940
101-2003-500-40-13 OFFICE EQUIPMENT
0
BASELINE
1
6,000.00
DESKS
2
4,200.00
FILING CABINET
1
6,900.00
101-2003-500-40-29 GEN. OPERATING SUPPL
2,730
101-2003-500-40-31 GASOLINE & DIESEL FU
6,113
101-2003-500-40-33 VEH-PARTS/OIL/FLUID/
3,423
TOTAL SUPPLIES & MATERIALS
14,205

1,601
7,887

2,309
5,553

2,315
3,400

2,315
3,475

2,294
14,902

2,315
0

2,315
9,700

0
17,900

4,000
5,850
3,570
25,435

2,315
21,300
6,000
8,400
6,900
4,000
6,962
3,570
38,147

2,471
5,260
4,088
21,307

1,419
4,914
5,913
20,108

4,000
5,850
3,570
19,135

3,925
5,850
3,570
19,135

3,772
3,661
1,254
25,884

3,000
5,850
3,570
14,735

___________

___________

0
1,112
0
19,012

2003-500-40-1OFFICE EQUIPMENT

CURRENT YEAR NOTES:
2200 CRIME SCENE CAMERA
700 CRIME SCENE SOFTWARE
6800 REPLACE VICE DESKTOPS

PURCHASES FOR RESALE

___________

___________

___________

___________

___________

___________

___________

___________

5,652
3,612
9,264

5,165
2,855
8,020

5,072
3,175
8,247

6,000
3,800
9,800

6,000
2,390
8,390

5,955
2,361
8,316

5,652
3,612
9,264

6,000
2,500
8,500

6,000
2,500 (
8,500 (

0
0

130
130

0
0

250
250

340
340

340
340

200
200

250
250

250
250

0
0

___________

___________

___________

___________

___________

___________

___________

___________

___________

___________

0

0

0

0

0

0

0

15,300

0

0

FIXED CHARGES
101-2003-500-50-10 LIABILITY,GENERAL
101-2003-500-50-24 VEHICLES-INS
TOTAL FIXED CHARGES
GRANTS & OTHER
101-2003-500-60-94 UNDERCOVER EXPENSE/S
TOTAL GRANTS & OTHER
POLICE GRANTS
CAPITAL OUTLAY
101-2003-500-90-64 OFFICE EQUIPMENT
FILING CABINET
0
101-2003-500-90-71 MOTOR EQUIPMENT
CID VEHICLE
0
TOTAL CAPITAL OUTLAY

6,900.00

0
1,300)
1,300)

0
0

0

0

29,000

29,000

24,505

0

29,000

0

0

0

29,000

29,000

24,505

0

44,300

29,000.00

2003-500-90-6COMP. HARDWARE/SOFTWARE

PERMANENT NOTES:
Tech/Intel Officer, Equipment

2003-500-90-6OFFICE EQUIPMENT

PERMANENT NOTES:

0 (
29,000)
0_____ ___________
0 (
29,000)

6-28-2022 09:59 AM

CITY OF ELIZABETHTON
ADOPTED BUDGET REPORT
AS OF: JUNE 30TH, 2022

PAGE: 37

101-GENERAL FUND
POLICE DEPT.
EXPENDITURES

(------------------- 2021-2022 -------------------) 2022-2023
2022-2023
ORIGINAL
2018-2019
2019-2020
2020-2021
ORIGINAL
CURRENT
Y-T-D
PROJECTED
REQUESTED
APPROVED
vs APPROVED
ACTUAL
ACTUAL
ACTUAL
BUDGET
BUDGET
ACTUAL
YEAR END
BUDGET
BUDGET
INCR/(DECR)
________________________________________________________________________________________________________________________________________________________________________
4500 Fingerprint WorkStation
5100 Fingerprint Fuming Chamber
2003-500-90-7MOTOR EQUIPMENT

PERMANENT NOTES:
1 New Vehicle 23000
Veh Equipment 6000
________________________________________________________________________________________________________________________________________________________________________
TOTAL POLICE-CRIMINAL INVEST

713,369

659,640

590,847

792,603

796,103

668,958

699,025

749,085

762,902 (

29,701)

1,223
1,223

1,325
1,325

348
348

3,780
3,780

3,780
3,780

3,290
3,290

1,338
1,338

3,780
3,780

3,780
3,780

0
0

0
0

0
0

0
0

500
0

500
0

354
0

0
0

1,500
4,200

1,500
4,200

1,000
4,200

POLICE-DARE COMMUN RELAT
========================
CONTRACTUAL SERVICES
101-2004-500-30-86 PUBLIC RELATIONS EXP
TOTAL CONTRACTUAL SERVICES
SUPPLIES & MATERIALS
101-2004-500-40-29 GEN. OPERATING SUPPL
101-2004-500-40-72 MATRLS/SUP OTHR THAN
SPECIAL EVENT CANOPY
0
TRAILER WRAP
0
TOTAL SUPPLIES & MATERIALS

0.00
0.00
0

0

0

500

500

354

0

5,700

2,200
2,000_____ ___________
5,700
5,200

___________ ___________ ___________ ___________ ___________ ___________ ___________ ___________ ___________ ___________
GRANTS & OTHER
________________________________________________________________________________________________________________________________________________________________________
TOTAL POLICE-DARE COMMUN RELAT
1,223
1,325
348
4,280
4,280
3,644
1,338
9,480
9,480
5,200
________________________________________________________________________________________________________________________________________________________________________
TOTAL POLICE DEPT.

3,562,415

PERMANENT NOTES:
CHARTER JORDAN AND PD
CINTAS
CODE MESSAGING
DCI TBI SOFTWARE
FLEENOR MONITORING PD & LIBRARY
TN CRIM PORTAL RENEWAL
NOVA COPY
LESO PROGRAM STATE OF TN
FIRE EXTINGUISHER
PEST CONTROL
TACP ACCREDITATION
TACP ENTRY LEVEL & PROMOTIONAL TESTING
TYLER TECHNOLOGY
DTRS SOFTWARE
TBI - FISCAL SERVICES
CENTRAL SQUARE TECHNOLOGY
MICROSOFT OFFICE

3,891,958

3,863,420

4,397,138

4,533,888

3,875,489

3,599,953

4,743,403

4,808,612

411,474

6-28-2022 09:59 AM

101-GENERAL FUND
POLICE DEPT.
EXPENDITURES

CITY OF ELIZABETHTON
ADOPTED BUDGET REPORT
AS OF: JUNE 30TH, 2022

PAGE: 38

(------------------- 2021-2022 -------------------) 2022-2023
2022-2023
ORIGINAL
2018-2019
2019-2020
2020-2021
ORIGINAL
CURRENT
Y-T-D
PROJECTED
REQUESTED
APPROVED
vs APPROVED
ACTUAL
ACTUAL
ACTUAL
BUDGET
BUDGET
ACTUAL
YEAR END
BUDGET
BUDGET
INCR/(DECR)
________________________________________________________________________________________________________________________________________________________________________
GENERATORS MAINTENANCE
EMAIL ACCENT CLOUD
MASS COMMUNICATION EMA

6-28-2022 09:59 AM

CITY OF ELIZABETHTON
ADOPTED BUDGET REPORT
AS OF: JUNE 30TH, 2022

PAGE: 39

101-GENERAL FUND
FIRE DEPT.
EXPENDITURES

(------------------- 2021-2022 -------------------) 2022-2023
2022-2023
ORIGINAL
2018-2019
2019-2020
2020-2021
ORIGINAL
CURRENT
Y-T-D
PROJECTED
REQUESTED
APPROVED
vs APPROVED
ACTUAL
ACTUAL
ACTUAL
BUDGET
BUDGET
ACTUAL
YEAR END
BUDGET
BUDGET
INCR/(DECR)
________________________________________________________________________________________________________________________________________________________________________

FIRE ADMIN
==========
PERSONNEL SERVICES
101-2101-500-10-11 SALARIES/WAGES
167,518
101-2101-500-10-14 HOLIDAY BONUS
1,200
101-2101-500-10-15 SUPPLEMENTAL TRAININ
2,400
101-2101-500-10-18 OTHER SALARIES & WAG
4,425
B. Carrier Retirement
1
16,365.00
TOTAL PERSONNEL SERVICES
175,543

177,562
1,300
2,400
0

178,733
1,300
2,400
0

186,165
1,300
2,400
3,675

186,165
1,300
2,400
3,675

183,307
950
3,200
3,675

160,547
1,200
1,800
4,425

181,262

182,433

193,540

193,540

191,132

167,972

195,468
9,303
950 (
350)
2,400
0
16,365
12,690
16,365_____ ___________
189,510
215,183
21,643

EMPLOYEE BENEFITS
101-2101-500-20-11 FICA
101-2101-500-20-12 MEDICARE
101-2101-500-20-13 TCRS CONTRIBUTION
101-2101-500-20-15 EMPLOYEE HEALTH INS
101-2101-500-20-17 EMPLOYEE LIFE INS
101-2101-500-20-19 WORKERS COMPENSATION
TOTAL EMPLOYEE BENEFITS

10,881
2,545
23,251
16,807
238
5,273
58,994

11,263
2,634
26,457
16,650
252
6,065
63,320

11,331
2,650
26,631
17,498
247
5,271
63,627

11,851
2,772
28,480
18,641
252
6,500
68,496

11,851
2,772
28,480
18,641
252
6,500
68,496

11,851
2,771
27,313
18,599
244
4,625
65,404

10,139
2,371
23,481
17,921
312
5,934
60,157

11,682
2,732
28,074
18,641
252
6,500
67,881

13,274
3,105
31,899
18,781
252
6,500
73,811

1,423
333
3,419
140
0
0
5,315

CONTRACTUAL SERVICES
101-2101-500-30-11 POSTAL DELIVERY SERV
101-2101-500-30-31 LEGAL NOTICES
101-2101-500-30-41 ELECTRICITY
101-2101-500-30-42 WATER & SEWER
101-2101-500-30-43 NATURAL GAS & PROPAN
101-2101-500-30-45 TELEPHONE SERVICES
101-2101-500-30-51 MEDICAL SERVICES
101-2101-500-30-60 REP & MAINT-COMMUNIC
101-2101-500-30-61 REP & MAINT-VEHICLES
101-2101-500-30-64 REP & MAINT-BLDG/GRO
101-2101-500-30-71 SUBSCRIPTIONS & BOOK
101-2101-500-30-75 MEMBERSHIP / DUES
101-2101-500-30-78 EDUC,SEMINARS,TRAINI
101-2101-500-30-80 ADVERTISING/NEWSPAPE
101-2101-500-30-83 TRAVEL-BUSINESS EXPE
101-2101-500-30-86 PUBLIC RELATIONS EXP
101-2101-500-30-87 FIRE PUP PROGRAM
101-2101-500-30-99 OTHER CONTRACTUAL SE
TOTAL CONTRACTUAL SERVICES

48
0
13,611
4,822
4,511
15,492
60
0
1,315
11,843
1,132
50
678
717
193
2,867
3,719
8,833
69,889

23
0
10,350
4,370
5,447
17,719
215
45
1,543
11,338
184
0
1,025
0
886
4,104
2,817
10,583
70,649

80
105
9,177
4,421
4,737
21,860
676
0
309
14,025
346
0
124
0
1,600
2,279
3,988
9,049
72,773

400
350
11,000
4,500
5,000
21,500
800
0
2,000
15,000
500
300
500
0
2,000
3,000
5,000
12,900
84,750

400
850
11,000
4,500
5,000
21,500
800
0
2,000
9,200
600
300
500
0
85
3,000
5,000
12,900
77,635

87
1,072
9,831
4,108
6,254
17,629
30
0
1,639
9,805
308
289
299
0
0
2,248
4,233
9,962
67,793

80
334
11,514
4,100
3,500
14,622
150
0
1,800
11,500
1,200
235
600
0
500
3,000
2,000
8,500
63,635

500
800
12,000
4,500
5,000
20,000
800
0
2,000
15,000
500
300
500
0
2,000
3,000
5,000
12,900
84,800

500
800
12,000
4,500
5,000
20,000 (
800
0
2,000
15,000
500
300
500
0
2,000
3,000
5,000
12,900
84,800

100
450
1,000
0
0
1,500)
0
0
0
0
0
0
0
0
0
0
0
0
50

2101-500-30-3LEGAL NOTICES

CURRENT YEAR NOTES:
We were over in this line due to unexpected new hire
advertisements.
This amount corrects for this

2101-500-30-4ELECTRICITY

PERMANENT NOTES:
At 50% of the budget year we have used

51% of the current

186,160
950
2,400
0

6-28-2022 09:59 AM

CITY OF ELIZABETHTON
ADOPTED BUDGET REPORT
AS OF: JUNE 30TH, 2022

PAGE: 40

101-GENERAL FUND
FIRE DEPT.
EXPENDITURES

(------------------- 2021-2022 -------------------) 2022-2023
2022-2023
ORIGINAL
2018-2019
2019-2020
2020-2021
ORIGINAL
CURRENT
Y-T-D
PROJECTED
REQUESTED
APPROVED
vs APPROVED
ACTUAL
ACTUAL
ACTUAL
BUDGET
BUDGET
ACTUAL
YEAR END
BUDGET
BUDGET
INCR/(DECR)
________________________________________________________________________________________________________________________________________________________________________
budget, this line is adjusted for this.
2101-500-30-4TELEPHONE SERVICES

CURRENT YEAR NOTES:
At 50% of the budget year we are at 39.94%
this line has been adjusted down.

2101-500-30-9OTHER CONTRACTUAL SERVICE PERMANENT NOTES:
$2,500.00 fire program software
$900.00 service generators
$3,800 911 dispatch
$700.00 new hire test
$300.00 cad page service
$1,000.00 mass notification system
$700.00 HVAC service norwell
$1,700.00 rent comm line
$1,200.00 field operation cad service
$100.00 ring camera service
SUPPLIES & MATERIALS
101-2101-500-40-11 OFFICE SUPLYS & MATE
101-2101-500-40-13 OFFICE EQUIPMENT
101-2101-500-40-24 JANITORAL SUPPLIES
101-2101-500-40-29 GEN. OPERATING SUPPL
101-2101-500-40-31 GASOLINE & DIESEL FU
101-2101-500-40-33 VEH-PARTS/OIL/FLUID/
TOTAL SUPPLIES & MATERIALS

2,055
686
2,489
945
3,679
373
10,227

1,858
2,724
2,865
610
2,753
294
11,104

1,677
2,063
3,751
331
2,377
1,221
11,419

2,200
2,300
3,000
0
4,000
1,500
13,000

2,200
2,300
3,000
0
4,000
1,500
13,000

2,337
2,152
1,914
0
4,272
197
10,871

2,000
2,000
2,000
1,000
3,208
1,343
11,551

2,200
2,300
3,000
0
4,000
1,500
13,000

2,200
2,300
3,000
0
6,318
1,500
15,318

0
0
0
0
2,318
0
2,318

FIXED CHARGES
101-2101-500-50-10 LIABILITY,GENERAL
101-2101-500-50-21 BUILDINGS-INSURANCE
101-2101-500-50-23 PROPERTY (CONTENTS)
101-2101-500-50-24 VEHICLES-INS
TOTAL FIXED CHARGES

946
1,864
14
696
3,520

1,103
1,774
14
596
3,487

1,305
2,072
14
570
3,961

1,280
1,900
15
770
3,965

1,330
2,560
20
770
4,680

1,312
2,560
19
666
4,556

1,080
1,864
15
700
3,659

1,280
1,900
15
770
3,965

1,312
2,560
20
770
4,662

32
660
5
0
697

2101-500-50-1LIABILITY,GENERAL

CURRENT YEAR NOTES:
This line went over $31.50 this year
I made a $50.00 budget amendment in January 2022

2101-500-50-2BUILDINGS-INSURANCE

CURRENT YEAR NOTES:
Building insurance was over $659.68
I did a budget amendment in January for $660.00

2101-500-50-3EQUIPMENT-RENTAL/LEASE

PERMANENT NOTES:
copy machine

6-28-2022 09:59 AM

CITY OF ELIZABETHTON
ADOPTED BUDGET REPORT
AS OF: JUNE 30TH, 2022

PAGE: 41

101-GENERAL FUND
FIRE DEPT.
EXPENDITURES

(------------------- 2021-2022 -------------------) 2022-2023
2022-2023
ORIGINAL
2018-2019
2019-2020
2020-2021
ORIGINAL
CURRENT
Y-T-D
PROJECTED
REQUESTED
APPROVED
vs APPROVED
ACTUAL
ACTUAL
ACTUAL
BUDGET
BUDGET
ACTUAL
YEAR END
BUDGET
BUDGET
INCR/(DECR)
________________________________________________________________________________________________________________________________________________________________________
GRANTS & OTHER
101-2101-500-60-97 COVID EXPENSE - CARE
TOTAL GRANTS & OTHER
FIRE GRANTS

0
0

432
432

0
0

0
0

0
0

0
0

0
0

0
0

0
0

0
0

___________

___________

___________

___________

___________

___________

___________

___________

___________

___________

It is unknown if we will need any matching funds for grants
recieved in 21/22
CAPITAL OUTLAY
101-2101-500-90-60 MACHINERY & EQUIPMEN
7,561
0
0
0
0
1,458
10,000
0
0
0
TOTAL CAPITAL OUTLAY
7,561
0
0
0
0
1,458
10,000
0
0
0
________________________________________________________________________________________________________________________________________________________________________
TOTAL FIRE ADMIN

325,734

330,254

334,214

363,751

357,351

341,213

316,974

359,156

393,774

30,023

1,156,364
4,949
7,600
17,400
59,658
0
300
1,246,271

1,192,958
2,831
8,050
24,000
61,993
3,625
600
1,294,057

1,193,077
16,623
7,900
24,800
60,773
0
300
1,303,473

1,239,763
6,000
8,200
24,000
61,243
16,384
800
1,356,390

1,239,763
6,000
8,200
24,000
61,243
16,384
800
1,356,390

1,215,256
10,816
7,450
24,800
62,364
12,175
0
1,332,860

1,116,000
5,000
8,400
18,000
60,000
0
600
1,208,000

1,305,573
18,000
7,750
24,000
61,400
16,384
800
1,433,907

1,286,989
18,000
7,300 (
24,000
59,000 (
0 (
800
1,396,089

47,226
12,000
900)
0
2,243)
16,384)
0
39,699

82,670
19,334
183,673
0
194,030
2,520
40,000
0
12,000
534,227

80,917
18,925
168,803
0
185,863
2,404
32,744
0
10,256
499,913

75,000
17,900
168,878
2,100
195,000
2,520
40,000
0
11,000
512,398

86,349
20,195
175,666
0
212,670
2,772
40,000
0
10,000
547,652

85,020
19,884
176,615 (
0
213,364
2,520
40,000
0
10,000
547,403

2,350
550
7,058)
0
19,334
0
0
0
2,000
17,176

FIRE SUPPRESSION
================
PERSONNEL SERVICES
101-2103-500-10-11 SALARIES/WAGES
101-2103-500-10-12 OVERTIME
101-2103-500-10-14 HOLIDAY BONUS
101-2103-500-10-15 SUPPLEMENTAL TRAININ
101-2103-500-10-17 HOLIDAY PAY
101-2103-500-10-18 OTHER SALARIES & WAG
101-2103-500-10-20 FRANKLIN FITNESS CEN
TOTAL PERSONNEL SERVICES
2103-500-10-1OVERTIME

CURRENT YEAR NOTES:
This year we went over budget on overtime due to covid
manning issues.

2103-500-10-1SUPPLEMENTAL TRAINING PAY PERMANENT NOTES:
This line item is 100% paid for by the state of TN
EMPLOYEE BENEFITS
101-2103-500-20-11 FICA
101-2103-500-20-12 MEDICARE
101-2103-500-20-13 TCRS CONTRIBUTION
101-2103-500-20-14 TCRS - 401K CONTRIBU
101-2103-500-20-15 EMPLOYEE HEALTH INS
101-2103-500-20-17 EMPLOYEE LIFE INS
101-2103-500-20-19 WORKERS COMPENSATION
101-2103-500-20-20 UNEMPLOYMENT INSURAN
101-2103-500-20-26 CLOTHING/UNIFORM/SHO
TOTAL EMPLOYEE BENEFITS
2103-500-20-2CLOTHING/UNIFORM/SHOES

74,180
17,348
166,437
3,737
189,650
2,427
36,910
0
11,645
502,335

77,386
18,098
170,241
3,616
175,719
2,452
38,061
1,954 (
8,984
496,511

CURRENT YEAR NOTES:

78,123
18,462
169,489
0
173,918
2,432
38,428
936)
8,389
488,305

82,670
19,334
183,673
0
194,030
2,520
40,000
0
8,000
530,227

6-28-2022 09:59 AM

CITY OF ELIZABETHTON
ADOPTED BUDGET REPORT
AS OF: JUNE 30TH, 2022

PAGE: 42

101-GENERAL FUND
FIRE DEPT.
EXPENDITURES

(------------------- 2021-2022 -------------------) 2022-2023
2022-2023
ORIGINAL
2018-2019
2019-2020
2020-2021
ORIGINAL
CURRENT
Y-T-D
PROJECTED
REQUESTED
APPROVED
vs APPROVED
ACTUAL
ACTUAL
ACTUAL
BUDGET
BUDGET
ACTUAL
YEAR END
BUDGET
BUDGET
INCR/(DECR)
________________________________________________________________________________________________________________________________________________________________________
We have used more in uniforms than anticipated this year. At
50% of the year we are at 101 % of the current budget,I did
a budget amendment to cover this cost in January 2022.
CONTRACTUAL SERVICES
101-2103-500-30-42 WATER
101-2103-500-30-43 PROPANE GAS
101-2103-500-30-45 TELEPHONE SERVICES
101-2103-500-30-51 MEDICAL SERVICES
101-2103-500-30-60 REP & MAINT-COMMUNIC
101-2103-500-30-61 REP & MAINT-VEHICLES
101-2103-500-30-62 REP & MAINT-EQUIPMEN
101-2103-500-30-69 REP & MAINT-OTHER
101-2103-500-30-71 SUBSCRIPTIONS & BOOK
101-2103-500-30-78 EDUC,SEMINARS,TRAINI
101-2103-500-30-83 TRAVEL-BUSINESS EXPE
TOTAL CONTRACTUAL SERVICES

4
17
198
2,386
0
18,500
11,508
0
168
5,275
381
38,438

0
0
0
1,932
3,105
6,346
27,125
0
70
8,007
32
46,617

0
0
0
3,919
2,389
7,353
18,670
0
95
2,540
0
34,967

0
0
0
7,000
4,000
7,500
14,000
0
500
5,000
2,000
40,000

0
0
0
7,000
4,000
7,500
10,000
0
500
6,000
500
35,500

2103-500-30-5MEDICAL SERVICES

PERMANENT NOTES:
This includes funds for cancer screenings for all fire dept.
employees

2103-500-30-5MEDICAL SERVICES

CURRENT YEAR NOTES:
This year we didn't use the entire amount for cancer
screenings because of a discrepancy with the medical
provider which has been rectified.

2103-500-30-6REP & MAINT-VEHICLES

CURRENT YEAR NOTES:
Vehicle maintenance continues to increase.

2103-500-30-6REP & MAINT-EQUIPMENT

CURRENT YEAR NOTES:
Repairs as needed

SUPPLIES & MATERIALS
101-2103-500-40-25 PROTECTIVE CLOTHING/
11,079
101-2103-500-40-28 EDUCATIONAL & TRAIN
0
101-2103-500-40-29 GEN. OPERATING SUPPL
19,319
BASE LINE
1
11,000.00
5 IN HOSE
1
7,000.00
FAN
1
3,000.00
101-2103-500-40-31 GASOLINE & DIESEL FU
9,366
101-2103-500-40-33 VEH-PARTS/OIL/FLUID/
12,717
TOTAL SUPPLIES & MATERIALS
52,482

107
0
326
2,000
4,000
10,000
9,500
10
300
4,000
2,000
32,242

0
0
0
7,000
4,000
9,000
14,000
0
500
5,000
2,000
41,500

10,972
0
11,599

12,974
0
11,626

13,500
200
11,000

14,000
200
16,800

7,824
0
15,484

10,800
0
13,000

15,500
200
11,000

6,642
21,636
50,850

5,714
12,633
42,946

11,000
11,000
46,700

11,000
11,000
53,000

10,254
9,604
43,166

7,500
11,600
42,900

11,000
11,000
48,700

2103-500-40-2PROTECTIVE CLOTHING/UNIFORCURRENT YEAR NOTES:
Turn-out gear is a necessity for the fire dept. We have seen
back orders and an almost exponential increase in cost for
this equipment in recent years.
2103-500-40-2GEN. OPERATING SUPPLIES

0
0
0
3,670
3,969
5,684
6,880
0
450
5,616
0
26,269

CURRENT YEAR NOTES:

0
0
0
5,000 (
4,000
8,000
4,000 (
0
500
5,000
2,000
28,500 (

15,500
200
21,000
11,000
7,000
3,000
18,456
11,000
66,156

0
0
0
2,000)
0
500
10,000)
0
0
0
0
11,500)

2,000
0
10,000

7,456
0
19,456

6-28-2022 09:59 AM

CITY OF ELIZABETHTON
ADOPTED BUDGET REPORT
AS OF: JUNE 30TH, 2022

PAGE: 43

101-GENERAL FUND
FIRE DEPT.
EXPENDITURES

(------------------- 2021-2022 -------------------) 2022-2023
2022-2023
ORIGINAL
2018-2019
2019-2020
2020-2021
ORIGINAL
CURRENT
Y-T-D
PROJECTED
REQUESTED
APPROVED
vs APPROVED
ACTUAL
ACTUAL
ACTUAL
BUDGET
BUDGET
ACTUAL
YEAR END
BUDGET
BUDGET
INCR/(DECR)
________________________________________________________________________________________________________________________________________________________________________
replace and increase amount of 5 inch supply hose $7,000.00
purchase an electric firefighting positive pressure fan
$3,000.00
FIXED CHARGES
101-2103-500-50-10 LIABILITY,GENERAL
101-2103-500-50-24 VEHICLES-INS
TOTAL FIXED CHARGES
2103-500-50-1LIABILITY,GENERAL

6,440
7,371
13,811

8,029
6,903
14,932

9,205
5,829
15,034

8,625
7,500
16,125

9,225
7,500
16,725

9,214
6,831
16,045

8,625
8,035
16,660

9,500
7,500
17,000

9,500
7,500
17,000

875
0
875

63,500
63,500
0
63,500

63,500

CURRENT YEAR NOTES:
This line went over this year, I did a $600.00 budget
amendment in January 2022.

GRANTS & OTHER
101-2103-500-60-02 AMERICAN RESCUE PLAN
BATAILIAN CHIEF VEHCILE
1
63,500.00
101-2103-500-60-97 COVID EXPENSE - CARE
TOTAL GRANTS & OTHER
CAPITAL OUTLAY
101-2103-500-90-71 MOTOR EQUIPMENT/FIRE
101-2103-500-90-99 OTHER CAPITAL OUTLAY
STATION 1 ADDITION
0 1,700,000.00
TOTAL CAPITAL OUTLAY

0

0

0

0

0

0

0

0

0
0

1,922
1,922

0
0

0
0

0
0

0
0

0
0

0
0

0
0

0
0

0
0

0
0

0
0

0
0

0
0

60,000
1,700,000

0

0

0

0

0

0

0

1,760,000

0
63,500

0
0
0
0
0_____ ___________
0
0

2103-500-90-7MOTOR EQUIPMENT/FIRE TRK. CURRENT YEAR NOTES:
The fire department goal is to replace our diesel Battalion
Chief vehicle with a modified electric pick-up.with
modifications to be made in house to our specific need.
2103-500-90-9OTHER CAPITAL OUTLAY

PERMANENT NOTES:
Funding for an addition to fire station 1 which will allow
the department to move the ladder truck to response zone 1
and make needed improvements to living quarters.
________________________________________________________________________________________________________________________________________________________________________
TOTAL FIRE SUPPRESSION
1,853,336
1,904,888
1,884,724
1,989,442
1,995,842
1,918,254
1,812,200
3,848,759
2,118,648
129,206
________________________________________________________________________________________________________________________________________________________________________
TOTAL FIRE DEPT.

2,179,071

2,235,142

2,218,938

2,353,193

2,353,193

2,259,467

2,129,174

4,207,915

2,512,422

159,229

6-28-2022 09:59 AM

CITY OF ELIZABETHTON
ADOPTED BUDGET REPORT
AS OF: JUNE 30TH, 2022

PAGE: 44

101-GENERAL FUND
STREET & HIGHWAYS
EXPENDITURES

(------------------- 2021-2022 -------------------) 2022-2023
2022-2023
ORIGINAL
2018-2019
2019-2020
2020-2021
ORIGINAL
CURRENT
Y-T-D
PROJECTED
REQUESTED
APPROVED
vs APPROVED
ACTUAL
ACTUAL
ACTUAL
BUDGET
BUDGET
ACTUAL
YEAR END
BUDGET
BUDGET
INCR/(DECR)
________________________________________________________________________________________________________________________________________________________________________

ST&HWY-STREET MAINT
===================
PERSONNEL SERVICES
101-3002-500-10-11 SALARIES/WAGES
101-3002-500-10-12 OVERTIME
101-3002-500-10-13 STANDBY/ON CALL
101-3002-500-10-14 HOLIDAY BONUS
101-3002-500-10-18 OTHER SALARIES & WAG
TOTAL PERSONNEL SERVICES

336,896
35,383
28,546
2,455
1,975
405,255

257,133
18,203
25,033
1,655
0
302,024

262,215
17,511
45,099
1,855
0
326,680

338,382
24,273
24,440
2,190
0
389,285

338,382
24,273
24,440
2,190
0
389,285

236,508
27,853
43,826
1,690
0
309,877

337,100
32,425
25,904
3,105
6,086
404,619

339,046
23,721
46,000
2,290
0
411,057

355,999
23,721 (
46,000
2,290
0
428,010

17,617
552)
21,560
100
0
38,725

EMPLOYEE BENEFITS
101-3002-500-20-11 FICA
101-3002-500-20-12 MEDICARE
101-3002-500-20-13 TCRS CONTRIBUTION
101-3002-500-20-14 TCRS - 401K CONTRIBU
101-3002-500-20-15 EMPLOYEE HEALTH INS
101-3002-500-20-17 EMPLOYEE LIFE INS
101-3002-500-20-19 WORKERS COMPENSATION
101-3002-500-20-26 CLOTHING/UNIFORM/SHO
TOTAL EMPLOYEE BENEFITS

24,831
5,807
46,376
4,351
81,605
1,129
16,222
9,490
189,811

18,554
4,340
34,182
2,699
54,232
813
15,531
8,447
138,797

19,969
4,690
38,318
0
60,097
837
14,429
10,660
149,001

24,133
5,644
47,745
0
76,424
1,033
25,000
11,000
190,979

24,133
5,644
47,745
0
76,424
1,033
25,000
11,000
190,979

19,035
4,452
39,525
0
57,743
750
11,483
7,920
140,907

29,800
6,974
55,761
3,000
79,228
1,243
25,000
8,745
209,751

25,486
5,961
48,582
0
76,425
1,034
25,000
11,000
193,488

26,537
6,207
50,599
0
77,002
1,034
25,000
11,000
197,379

2,404
563
2,854
0
578
1
0
0
6,400

CONTRACTUAL SERVICES
101-3002-500-30-11 POSTAL DELIVERY SERV
101-3002-500-30-31 LEGAL NOTICES
101-3002-500-30-42 WATER
101-3002-500-30-43 PROPANE GAS
101-3002-500-30-45 TELEPHONE SERVICES
101-3002-500-30-51 MEDICAL SERVICES
101-3002-500-30-60 REP & MAINT-COMMUNIC
101-3002-500-30-61 REP & MAINT-VEHICLES
101-3002-500-30-62 REP & MAINT-EQUIPMEN
101-3002-500-30-63 REP & MAINT-OFFICE E
101-3002-500-30-64 REP & MAINT-BLDG/GRO
101-3002-500-30-65 REP & MAINT - BREEZE
101-3002-500-30-69 REP & MAINT-OTHER
101-3002-500-30-75 MEMBERSHIP / DUES
101-3002-500-30-78 EDUC,SEMINARS,TRAINI
101-3002-500-30-80 ADVERTISING/NEWSPAPE
101-3002-500-30-83 TRAVEL-BUSINESS EXPE
101-3002-500-30-99 OTHER CONTRACTUAL SE
tree trimming
0
traffic line painting (
0
pigeon control
0
3M contract renewal
0
TOTAL CONTRACTUAL SERVICES

47
241
232
373
2,372
783
1,323
583
4,932
285
7,105
0
0
114
469
790
0
86,194
0.00
0.00
0.00
0.00
105,843

1
419
175
373
2,727
318
720
320
6,552
240
6,678
0
0
446
784
479
0
39,340

2
1,184
517
167
3,829
1,116
1,500
435
8,816
275
12,149
0
0
460
899
0
0
47,750

180
2,100
400
600
3,120
1,400
5,000
5,600
8,800
330
10,000
0
0
460
1,200
0
1,000
52,500

180
2,100
400
600
3,120
1,400
5,000
5,600
8,800
330
10,000
0
0
460
1,200
0
1,000
29,945

98
553
585
570
3,456
1,607
113
0
8,391
274
2,815
0
0
474
0
0
0
1,198

180
600
226
400
2,440
600
600
1,000
4,000
400
7,000
0
100
260
1,100
880
1,000
100,000

180
2,100
440
600
3,120
1,400
3,000
5,600
8,800
350
10,000
10,000
0
460
1,200
0
1,000
52,500

59,571

79,098

92,690

70,135

20,135

120,786

100,750

180
0
2,100
0
440
40
600
0
3,120
0
1,400
0
3,000 (
2,000)
1,500 (
4,100)
8,800
0
350
20
10,000
0
10,000
10,000
0
0
460
0
1,200
0
0
0
500 (
500)
52,500
0
15,000
33,000
3,000
1,500_____ ___________
96,150
3,460

6-28-2022 09:59 AM

CITY OF ELIZABETHTON
ADOPTED BUDGET REPORT
AS OF: JUNE 30TH, 2022

PAGE: 45

101-GENERAL FUND
STREET & HIGHWAYS
EXPENDITURES

(------------------- 2021-2022 -------------------) 2022-2023
2022-2023
ORIGINAL
2018-2019
2019-2020
2020-2021
ORIGINAL
CURRENT
Y-T-D
PROJECTED
REQUESTED
APPROVED
vs APPROVED
ACTUAL
ACTUAL
ACTUAL
BUDGET
BUDGET
ACTUAL
YEAR END
BUDGET
BUDGET
INCR/(DECR)
________________________________________________________________________________________________________________________________________________________________________
SUPPLIES & MATERIALS
101-3002-500-40-11 OFFICE SUPLYS & MATE
19,811
101-3002-500-40-13 OFFICE EQUIPMENT
0
101-3002-500-40-24 JANITORAL SUPPLIES
2,030
101-3002-500-40-29 GEN. OPERATING SUPPL
37,955
101-3002-500-40-31 GASOLINE & DIESEL FU
33,117
101-3002-500-40-33 VEH-PARTS/OIL/FLUID/
81,719
101-3002-500-40-39 OTHER REPAIR & MAINT
5,715
Drainage Improvements
1
5,000.00
101-3002-500-40-51 CONCRETE PRODUCTS
35,049
101-3002-500-40-55 CRUSHED STONE & SAND
10,352
101-3002-500-40-58 SALT/SODIUM CHLORIDE
18,587
101-3002-500-40-65 ASPHALT
7,843
TOTAL SUPPLIES & MATERIALS
252,177
FIXED CHARGES
101-3002-500-50-10 LIABILITY,GENERAL
101-3002-500-50-21 BUILDINGS-INSURANCE
101-3002-500-50-22 EQUIPMENT-INSURANCE
101-3002-500-50-23 PROPERY (CONTENTS) I
101-3002-500-50-24 VEHICLES-INS
101-3002-500-50-33 EQUIPMENT-RENTAL/LEA
101-3002-500-50-67 STATE FEES/OTHER
TOTAL FIXED CHARGES

12,545
2,116
1,114
27,364
15,831
31,753
2,957

12,622
0
1,186
21,066
18,211
37,635
3,110

13,400
1,050
2,115
44,990
48,000
54,795
0

13,400
1,050
2,115
44,990
48,000
51,774
0

11,034
0
846
16,023
26,930
25,471
0

14,000
0
2,115
30,000
30,000
69,000
7,040

13,400
0
2,115
45,000
48,000
54,795
0

26,960
1,023
0
8,257
129,919

10,471
10,042
38,411
5,589
158,343

0
8,800
70,000
12,500
255,650

0
8,800
38,870
12,500
221,499

0
5,920
38,867
2,866
127,956

35,175
9,000
30,000
11,500
237,830

1,586
2,113
477
25
3,550
551
0
8,302

1,823
2,471
441
28
3,462
1,600
0
9,825

2,475
2,300
550
50
5,000
5,700
85
16,160

2,475
2,300
550
50
5,000
5,700
85
16,160

1,808
2,749
522
34
3,726
596
0
9,435

0
0

0
0

0
0

108,616
0

108,616
0

0
0
0
0

0
0
816
816

494,838
0
155
494,994

0
0
0
108,616

0
16,556
0
68,752
25,916

0
0
0
0
336

30,000
5,000
0
50,000
0

1,334
2,220
466
27
4,621
592
0
9,260

GRANTS & OTHER
101-3002-500-60-01 TN GOVERNOR'S GRANT
101-3002-500-60-02 AMERICAN RESCUE PLAN
SIDEWALK IMPROVEMENTS
1
50,000.00
SALT DOG SPREADERS
2
7,117.50
CANOPY MONEY
1
30,000.00
101-3002-500-60-70 TDOT - GAP CREEK BRI
101-3002-500-60-71 TDOT - REESER RD BRI
101-3002-500-60-97 COVID EXPENSE - CARE
TOTAL GRANTS & OTHER

CAPITAL OUTLAY
101-3002-500-90-30 SNOW REMOVAL ATTACHM
0
101-3002-500-90-32 DRAINAGE IMPROVEMENT
33,831
101-3002-500-90-58 STREET INFRASTRUCTUR
32,233
101-3002-500-90-59 SIDEWALK IMPROVE ADA
147,461
101-3002-500-90-60 MACHINERY & EQUIPMEN
16,691
2022 Cat 305 mini excav
0
76,517.68
Trailer
0
15,000.00
Saltdogg electric sprea
0
7,117.50
101-3002-500-90-71 MOTOR EQUIPMENT
0
Ford F550 dumptruck
0
81,137.00
101-3002-500-90-90 MULTI-MODAL GRANT TW
9,000
101-3002-500-90-98 OTHER CAPITAL OUTLAY
0

0
1,050)
0
14,990)
4,579)
9,795)
5,000

0
8,800
70,000
12,500
254,610

13,400
0 (
2,115
30,000 (
43,421 (
45,000 (
5,000
5,000
0
8,800
70,000
12,500
230,236 (

2,000
2,700
500
25
5,000
700
0
10,925

2,475
2,800
550
50
5,000
5,700
85
16,660

2,025 (
2,800
550
50
5,000
2,500 (
85
13,010 (

450)
500
0
0
0
3,200)
0
3,150)

72,327
0

0
0

0
0

108,616)
94,235

0
1,375,928
0
1,484,544

0
900,566
0
972,894

0
0
0
0

0
0
0
0

0 (
94,235
50,000
14,235
30,000
0
0
0
94,235 (

18,850
5,000
0
72,555
0

0
0
0
46,438
0

0
20,000
35,000
130,000
25,000

0
5,000
0
100,000
105,752

0 (
0 (
0
0 (
0

30,000)
5,000)
0
50,000)
0

0 (

59,000)

0
0 (

0
83,052)

0
0
0
0
25,414)

0
0
0
14,381)

0
0
0
0

0

59,000

60,203

60,203

0

81,137
0

32,942
0

352,510
0

0
83,052

0
0

0
0

227,300
0

0
0

6-28-2022 09:59 AM

CITY OF ELIZABETHTON
ADOPTED BUDGET REPORT
AS OF: JUNE 30TH, 2022

PAGE: 46

101-GENERAL FUND
STREET & HIGHWAYS
EXPENDITURES

(------------------- 2021-2022 -------------------) 2022-2023
2022-2023
ORIGINAL
2018-2019
2019-2020
2020-2021
ORIGINAL
CURRENT
Y-T-D
PROJECTED
REQUESTED
APPROVED
vs APPROVED
ACTUAL
ACTUAL
ACTUAL
BUDGET
BUDGET
ACTUAL
YEAR END
BUDGET
BUDGET
INCR/(DECR)
________________________________________________________________________________________________________________________________________________________________________
RESEARCH FOR PAVING MET
0
0.00
0
132,165
0
0
0
0
140,000
30,000
0
0
101-3002-500-90-99 OTHER CAPITAL OUTLAY
27,914
TOTAL CAPITAL OUTLAY
267,129
276,331
352,846
227,052
156,608
106,641
577,300
321,889
0 (
227,052)
3002-500-90-9OTHER CAPITAL OUTLAY

CURRENT YEAR NOTES:
Downtown columns
________________________________________________________________________________________________________________________________________________________________________
TOTAL ST&HWY-STREET MAINT

1,229,474

915,760

1,570,786

1,280,432

2,529,210

1,687,846

1,561,211

1,298,454

1,059,020 (

221,412)

ST&HWY-PARKS&SPEC EVENTS
========================
CONTRACTUAL SERVICES
101-3003-500-30-41 ELECTRICITY
4,037
3,918
3,863
4,950
4,950
3,700
3,988
4,950
4,950
0
TOTAL CONTRACTUAL SERVICES
4,037
3,918
3,863
4,950
4,950
3,700
3,988
4,950
4,950
0
________________________________________________________________________________________________________________________________________________________________________
TOTAL ST&HWY-PARKS&SPEC EVENTS

4,037

3,918

3,863

4,950

4,950

3,700

3,988

4,950

4,950

0

436,188
436,188

432,079
432,079

430,138
430,138

450,000
450,000

450,000
450,000

459,363
459,363

433,558
433,558

450,000
450,000

___________

___________

___________

___________

___________

___________

___________

___________

___________

___________

0
0

0
0

15,300
15,300

0
0

0
0

0
0

0
0

0
0

0
0

0
0

ST&HWY-STATE STREET AID
=======================
CONTRACTUAL SERVICES
101-3004-500-30-41 ELECTRICITY
TOTAL CONTRACTUAL SERVICES
SUPPLIES & MATERIALS
GRANTS & OTHER
101-3004-500-60-01 TN GOVERNOR'S GRANT
TOTAL GRANTS & OTHER

445,000 (
445,000 (

5,000)
5,000)

CAPITAL OUTLAY
101-3004-500-90-58 STREET INFRASTRUCTUR
428,148
0
446,459
455,000
571,000
400,291
400,000
455,000
455,000
0
2,000
0
0
0
0
0
0
0
0
101-3004-500-90-59 STREET & OTHER LIGHT
0
TOTAL CAPITAL OUTLAY
428,148
2,000
446,459
455,000
571,000
400,291
400,000
455,000
455,000
0
________________________________________________________________________________________________________________________________________________________________________
TOTAL ST&HWY-STATE STREET AID

864,336

434,079

891,897

905,000

1,021,000

859,655

833,558

905,000

900,000 (

5,000)

119,576
3,282
10,124
820
0

123,326
2,740
10,180
820
0

124,481
2,894
7,847
850
4,820

135,821
3,850
10,600
820
0

135,821
3,850
10,600
820
0

89,573
2,326
7,061
200
0

118,974
3,657
8,863
820
0

94,682
3,850
10,000
700
0

99,416 (
3,850
10,000 (
700 (
0

36,405)
0
600)
120)
0

ST&HWY-ENGINEERING
==================
PERSONNEL SERVICES
101-3005-500-10-11
101-3005-500-10-12
101-3005-500-10-13
101-3005-500-10-14
101-3005-500-10-18

SALARIES/WAGES
OVERTIME
STANDBY/ON CALL
HOLIDAY BONUS
OTHER SALARIES & WAG

6-28-2022 09:59 AM

CITY OF ELIZABETHTON
ADOPTED BUDGET REPORT
AS OF: JUNE 30TH, 2022

PAGE: 47

101-GENERAL FUND
STREET & HIGHWAYS
EXPENDITURES

(------------------- 2021-2022 -------------------) 2022-2023
2022-2023
ORIGINAL
2018-2019
2019-2020
2020-2021
ORIGINAL
CURRENT
Y-T-D
PROJECTED
REQUESTED
APPROVED
vs APPROVED
ACTUAL
ACTUAL
ACTUAL
BUDGET
BUDGET
ACTUAL
YEAR END
BUDGET
BUDGET
INCR/(DECR)
________________________________________________________________________________________________________________________________________________________________________
101-3005-500-10-20 FRANKLIN FITNESS CEN
300
300
300
300
300
300
300
600
600
300
Matthew Balogh
1
300.00
300
300_____ ___________
David Carney
1
300.00
TOTAL PERSONNEL SERVICES
134,101
137,366
141,193
151,391
151,391
99,460
132,614
109,832
114,566 (
36,825)
3005-500-10-1OTHER SALARIES & WAGES

PERMANENT NOTES:
Retirement payout for Mike Potter

EMPLOYEE BENEFITS
101-3005-500-20-11 FICA
101-3005-500-20-12 MEDICARE
101-3005-500-20-13 TCRS CONTRIBUTION
101-3005-500-20-15 EMPLOYEE HEALTH INS
101-3005-500-20-17 EMPLOYEE LIFE INS
101-3005-500-20-19 WORKERS COMPENSATION
101-3005-500-20-26 CLOTHING/UNIFORM/SHO
TOTAL EMPLOYEE BENEFITS

8,234
1,926
19,282
14,079
193
765
119
44,597

CONTRACTUAL SERVICES
101-3005-500-30-11 POSTAL DELIVERY SERV
0
101-3005-500-30-41 ELECTRICITY
2,652
101-3005-500-30-42 WATER & SEWER
661
101-3005-500-30-45 TELEPHONE SERVICES
2,611
101-3005-500-30-51 MEDICAL SERVICES
0
101-3005-500-30-54 ARCHITECTUAL/ENGINEE
16,295
ENGINEERING &SURVEYING
1
35,000.00
SR 91 PROJ TRAFF SIG IN
1
5,000.00
101-3005-500-30-55 COMPUTER/DATA PROCES
1,161
ESRI Software
1
2,500.00
ADOBE PRO SOFTWARE
2
75.00
101-3005-500-30-61 REP & MAINT-VEHICLES
0
101-3005-500-30-62 REP & MAINT-EQUIPMEN
30,613
101-3005-500-30-63 REP & MAINT-OFFICE E
759
SCANNER MAINTENANCE CON
1
1,080.00
PLOTTER MAINTENANCE CON
1
750.00
0
0.00
101-3005-500-30-75 MEMBERSHIP / DUES
422
101-3005-500-30-78 EDUC,SEMINARS,TRAINI
175 (
101-3005-500-30-83 TRAVEL-BUSINESS EXPE
270
101-3005-500-30-99 OTHER CONTRACTUAL SE
1,643
OCE` All-in-one Plotter
12
130.00
TOTAL CONTRACTUAL SERVICES
57,263

8,424
1,970
20,301
12,954
193
785
130
44,757

8,590
2,027
18,407
11,244
164
554
130
41,116

9,368
2,191
22,513
14,441
193
1,223
500
50,429

9,368
2,191
22,513
14,441
193
1,223
500
50,429

6,085
1,423
12,349
11,996
150
306
383
32,692

7,642
1,787
17,861
14,262
193
1,223
500
43,468

6,773
1,584
13,318
12,427
168
1,223
500
35,993

0
2,656
533
2,754
0
42,128

0
2,484
455
3,000
0
24,204

50
3,000
720
4,540
75
45,000

50
3,000
720
4,540
75
39,500

35
2,388
500
3,065
78
13,205

26
3,900
400
3,812
0
40,000

50
3,000
720
4,540
75
45,000

4,426

3,693

3,938

3,938

2,483

2,000

2,650

0
21,918
0

0
25,424
1,189

2,000
40,000
1,830

2,000
40,000
1,830

0
4,826
0

1,000
40,000
1,830

2,000
40,000
1,830

700
517)
466
3,711

800
100
0
2,721

800
2,500
2,500
4,500

800
2,500
2,500
4,500

463
431
0
2,244

500
175
2,500
4,000

500
2,500
2,500
1,560

78,774

64,070

111,453

105,953

29,718

100,143

106,925

3005-500-30-4NATURAL GAS & PROPANE

PERMANENT NOTES:
This bill is paid by Water Resources as part of the office
expense cost share.

3005-500-30-5COMPUTER/DATA PROCESSING

PERMANENT NOTES:
Annual Adobe Pro subscription
Annual substricption for GIS/ESRI licensing agreement w/EED

7,066 (
1,653 (
13,900 (
19,688
168 (
1,223
500
44,198 (

2,302)
538)
8,613)
5,247
25)
0
0
6,231)

50
0
3,000
0
720
0
4,000 (
540)
75
0
40,000 (
5,000)
35,000
5,000
2,650 (
1,288)
2,500
150
0 (
2,000)
30,000 (
10,000)
1,830
0
1,080
750
0
500 (
300)
2,500
0
2,500
0
1,560 (
2,940)
1,560_____ ___________
89,385 (
22,068)

6-28-2022 09:59 AM

CITY OF ELIZABETHTON
ADOPTED BUDGET REPORT
AS OF: JUNE 30TH, 2022

PAGE: 48

101-GENERAL FUND
STREET & HIGHWAYS
EXPENDITURES

(------------------- 2021-2022 -------------------) 2022-2023
2022-2023
ORIGINAL
2018-2019
2019-2020
2020-2021
ORIGINAL
CURRENT
Y-T-D
PROJECTED
REQUESTED
APPROVED
vs APPROVED
ACTUAL
ACTUAL
ACTUAL
BUDGET
BUDGET
ACTUAL
YEAR END
BUDGET
BUDGET
INCR/(DECR)
________________________________________________________________________________________________________________________________________________________________________
SUPPLIES & MATERIALS
101-3005-500-40-11 OFFICE SUPLYS & MATE
1,007
101-3005-500-40-24 JANITORAL SUPPLIES
0
101-3005-500-40-29 GEN. OPERATING SUPPL
2,411
BASELINE
1
2,665.00
COMPUTER
1
1,500.00
101-3005-500-40-31 GASOLINE & DIESEL FU
2,328
101-3005-500-40-33 VEH-PARTS/OIL/FLUID/
599
101-3005-500-40-39 OTHER REPAIR & MAINT
9,534
TOTAL SUPPLIES & MATERIALS
15,879

533
0
1,576

538
0
743

1,080
0
2,665

1,080
0
2,665

1,046
0
875

1,080
100
2,665

1,080
0
2,665

2,389
1,598
1,638
7,733

3,616
806
15,309
21,012

2,750
2,700
22,500
31,695

2,750
2,700
22,500
31,695

4,436
1,456
10,903
18,716

2,750
1,000
13,268
20,863

4,000
2,700
22,500
32,945

6,493
2,700
15,000 (
29,438 (

3,743
0
7,500)
2,257)

853
0

767
0

940
0

940
0

528
0

940
0

940
8,575

940
8,575

0
8,575

72

82

77

77

112

86

120

52
342
4,393
5,712

52
327
4,393
5,622

48
454
6,900
8,419

48
454
1,005
2,524

66
406
733
1,845

51
454
4,000
5,531

70
430
0
10,135

GRANTS & OTHER
101-3005-500-60-01 TN GOVERNOR'S GRANT
101-3005-500-60-97 COVID EXPENSE - CARE
TOTAL GRANTS & OTHER

0
1,275
1,275

53,871
0
53,871

0
0
0

0
0
0

0
0
0

0
0
0

0
0
0

34,013

0

80,000

80,000

0

80,000

40,000

CAPITAL OUTLAY
101-3005-500-90-60 MACHINERY/EQUIPMENT
53,741
TRAFFIC SIGNAL UPGRADE
0
40,000.00
0
0.00
0
0.00
101-3005-500-90-64 OFFICE MACHINERY/EQU
0
ENG MOBILE WORK STATION
0
3,200.00
TOTAL CAPITAL OUTLAY
53,741
3005-500-90-6MACHINERY/EQUIPMENT

0
0
1,500

2,665
1,500

FIXED CHARGES
101-3005-500-50-10 LIABILITY,GENERAL
699
101-3005-500-50-21 BUILDINGS-INSURANCE
0
TRAFFIC SIGNAL INSURANC
1
8,575.00
101-3005-500-50-22 EQUIPMENT-INSURANCE
86
TRAFFIC SIGNAL INS. PRE
0
8,575.00
BASELINE
1
120.00
101-3005-500-50-23 PROPERTY (CONTENTS)
51
101-3005-500-50-24 VEHICLES-INS
402
101-3005-500-50-33 EQUIPMENT-RENTAL/LEA
4,393
TOTAL FIXED CHARGES
5,631

0
0
0

1,080
0
4,165

8,575
120

43

0
120
70
430 (
0 (
10,135

0
0
0

0 (

22
24)
6,900)
1,716

0
0
0

80,000)

0
0
0
0

0

0

5,895

5,895

0

0

34,013

0

80,000

85,895

5,895

80,000

40,000

PERMANENT NOTES:
REPLACEMENT OF OVERHEAD TRAFFIC SIGNAL WIRING AND SIGNAL
HEADS.
FY 14-15 - Veterans & Broad and Veterans & Siam
FY 15-16 - Veterans & Elk and Siam & Bluefield/Walker
FY 16-17 - SR 67(W.ELK) & G ST/SR 91
FY 17-18 - G ST & Bemberg
FY 20-21 - SR 359 & Powder Branch Rd.
FY 21-22 - SR 67(W.Elk) & Hudson
FY 21-22 - SR 67(W.ELK) & Bemberg
FY 22-23 - Elk Ave & Sycamore

0
0
0_____ ___________
0 (
80,000)

6-28-2022 09:59 AM

CITY OF ELIZABETHTON
ADOPTED BUDGET REPORT
AS OF: JUNE 30TH, 2022

PAGE: 49

101-GENERAL FUND
STREET & HIGHWAYS
EXPENDITURES

(------------------- 2021-2022 -------------------) 2022-2023
2022-2023
ORIGINAL
2018-2019
2019-2020
2020-2021
ORIGINAL
CURRENT
Y-T-D
PROJECTED
REQUESTED
APPROVED
vs APPROVED
ACTUAL
ACTUAL
ACTUAL
BUDGET
BUDGET
ACTUAL
YEAR END
BUDGET
BUDGET
INCR/(DECR)
________________________________________________________________________________________________________________________________________________________________________
3005-500-90-6MACHINERY/EQUIPMENT
NEXT YEAR NOTES:
ELK AT SYCAMORE TRAFFIC SIGNAL UPGRADE-LED LAMPS,NEW WIRING,
AND NEW EMERGENCY VEHICLE PREEMPTION
________________________________________________________________________________________________________________________________________________________________________
TOTAL ST&HWY-ENGINEERING

311,212

309,630

326,883

433,387

427,887

188,326

382,619

335,830

287,722 (

145,665)

44,720
706
400
45,826

46,212
132
400
46,745

45,975
1,394
400
47,769

47,655
500
400
48,555

47,655
500
400
48,555

46,262
0
400
46,662

43,044
500
400
43,944

47,653
1,500
400
49,553

50,036
1,500
400
51,936

2,381
1,000
0
3,381

2,806
656
6,586
6,132
84
0
130
0.00
16,395

2,898
678
6,905
5,550
84
0
130

2,958
692
7,058
5,917
83
1,586
249

3,010
704
7,235
6,214
84
1,000
250

3,010
704
7,235
6,214
84
1,000
250

2,893
677
6,893
6,217
82
1,135
231

2,720
636
6,314
5,757
104
218
200

3,073
719
7,384
6,214
84
1,000
250

16,245

18,542

18,497

18,497

18,128

15,950

18,724

6,434
1,000
1,075
0
389
5,500

5,958
0
150
0
0
19,646

30,000
1,200
1,000
250
2,000
5,500

15,000
1,200
1,000
250
2,000
5,500

7,193
500
575
0
0
0

18,617
1,200
1,000
250
1,500
1,000

30,000
1,200
1,000
250
2,000
5,500

14,398

25,754

39,950

24,950

8,268

23,567

39,950

STORM WATER
===========
PERSONNEL SERVICES
101-3006-500-10-11 SALARIES/WAGES
101-3006-500-10-12 OVERTIME
101-3006-500-10-14 HOLIDAY BONUS
TOTAL PERSONNEL SERVICES
EMPLOYEE BENEFITS
101-3006-500-20-11 FICA
101-3006-500-20-12 MEDICARE
101-3006-500-20-13 TCRS CONTRIBUTION
101-3006-500-20-15 EMPLOYEE HEALTH INS
101-3006-500-20-17 EMPLOYEE LIFE INS
101-3006-500-20-19 WORKERS COMPENSATION
101-3006-500-20-26 CLOTHING/UNIFORM/SHO
Joseph's Work Boots and
0
TOTAL EMPLOYEE BENEFITS

CONTRACTUAL SERVICES
101-3006-500-30-54 ARCHITECTUAL/ENGINEE
7,864
101-3006-500-30-75 MEMBERSHIP / DUES
911
101-3006-500-30-78 EDUC,SEMINARS, TRAIN
525
101-3006-500-30-80 ADVERTISING/NEWPAPER
0
101-3006-500-30-83 TRAVEL-BUSINESS EXP
684
101-3006-500-30-99 OTHER CONTRACTUAL SE
0
Annual BMP maintenance
1
5,500.00
TOTAL CONTRACTUAL SERVICES
9,984

3006-500-30-5ARCHITECTUAL/ENGINEERING SPERMANENT NOTES:
Adjusted annually as part of the expense to Wood Engineering
for MS4 Permit Services. Wood is jointly hired by Johnson
City, Bristol (TN), and Elizabethton. Costs for joint tasks
are shared as follows: 50% is divided evenly and the
remaining 50% is divided according to population.
3006-500-30-9OTHER CONTRACTUAL SERV STOPERMANENT NOTES:
This line item is used to fund required contract work to
maintain Best Management Practices, according to our MS4
permit, in our jurisdiction.

3,220
210
754
50
7,739
504
6,261
47
84
0
1,000
0
250
0
250_____ ___________
19,308
811

30,000
0
1,200
0
1,000
0
250
0
2,000
0
5,500
0
5,500_____ ___________
39,950
0

6-28-2022 09:59 AM

CITY OF ELIZABETHTON
ADOPTED BUDGET REPORT
AS OF: JUNE 30TH, 2022

PAGE: 50

101-GENERAL FUND
STREET & HIGHWAYS
EXPENDITURES

(------------------- 2021-2022 -------------------) 2022-2023
2022-2023
ORIGINAL
2018-2019
2019-2020
2020-2021
ORIGINAL
CURRENT
Y-T-D
PROJECTED
REQUESTED
APPROVED
vs APPROVED
ACTUAL
ACTUAL
ACTUAL
BUDGET
BUDGET
ACTUAL
YEAR END
BUDGET
BUDGET
INCR/(DECR)
________________________________________________________________________________________________________________________________________________________________________
SUPPLIES & MATERIALS
101-3006-500-40-29 GEN OPERATING SUPPLI
TOTAL SUPPLIES & MATERIALS

1,850
1,850

1,491
1,491

1,882
1,882

2,000
2,000

2,000
2,000

23
23

2,000
2,000

2,000
2,000

2,000
2,000

0
0

FIXED CHARGES
101-3006-500-50-10 LIABILITY, GENERAL
101-3006-500-50-67 STATE FEES/OTHER STO
TOTAL FIXED CHARGES

0
3,460
3,460

0
3,460
3,460

260
3,460
3,720

250
3,460
3,710

250
3,460
3,710

270
3,460
3,730

0
3,460
3,460

250
3,460
3,710

250
3,460
3,710

0
0
0

___________

___________

___________

___________

___________

___________

___________

___________

___________

___________

GRANTS & OTHER

CAPITAL OUTLAY
___________ ___________ ___________ ___________ ___________ ___________ ___________ ___________ ___________ ___________
________________________________________________________________________________________________________________________________________________________________________
TOTAL STORM WATER
77,515
82,338
97,667
112,712
97,712
76,810
88,921
113,937
116,904
4,192
________________________________________________________________________________________________________________________________________________________________________
TOTAL STREET & HIGHWAYS

2,486,574

1,745,725

2,891,096

2,736,481

4,080,759

2,816,336

2,870,298

2,658,171

2,368,596 (

367,885)

6-28-2022 09:59 AM

CITY OF ELIZABETHTON
ADOPTED BUDGET REPORT
AS OF: JUNE 30TH, 2022

PAGE: 51

101-GENERAL FUND
ANIMAL SHELTER
EXPENDITURES

(------------------- 2021-2022 -------------------) 2022-2023
2022-2023
ORIGINAL
2018-2019
2019-2020
2020-2021
ORIGINAL
CURRENT
Y-T-D
PROJECTED
REQUESTED
APPROVED
vs APPROVED
ACTUAL
ACTUAL
ACTUAL
BUDGET
BUDGET
ACTUAL
YEAR END
BUDGET
BUDGET
INCR/(DECR)
________________________________________________________________________________________________________________________________________________________________________

ANIMAL SHLTR-ADMIN
==================
PERSONNEL SERVICES

___________

___________

___________

___________

___________

___________

___________

___________

___________

___________

EMPLOYEE BENEFITS

___________

___________

___________

___________

___________

___________

___________

___________

___________

___________

108,450
108,450

140,074
140,074

125,000
125,000

125,000
125,000

150,000
150,000

150,000
150,000

100,000
100,000

150,000
150,000

133,600
133,600

8,600
8,600

SUPPLIES & MATERIALS

___________

___________

___________

___________

___________

___________

___________

___________

___________

___________

FIXED CHARGES

___________

___________

___________

___________

___________

___________

___________

___________

___________

___________

GRANTS & OTHER

___________

___________

___________

___________

___________

___________

___________

___________

___________

___________

CONTRACTUAL SERVICES
101-4001-500-30-99 OTHER CONTRACTED SER
TOTAL CONTRACTUAL SERVICES

CAPITAL OUTLAY
___________ ___________ ___________ ___________ ___________ ___________ ___________ ___________ ___________ ___________
________________________________________________________________________________________________________________________________________________________________________
TOTAL ANIMAL SHLTR-ADMIN
108,450
140,074
125,000
125,000
150,000
150,000
100,000
150,000
133,600
8,600
________________________________________________________________________________________________________________________________________________________________________
TOTAL ANIMAL SHELTER

108,450

140,074

125,000

125,000

150,000

150,000

100,000

150,000

133,600

8,600

6-28-2022 09:59 AM

CITY OF ELIZABETHTON
ADOPTED BUDGET REPORT
AS OF: JUNE 30TH, 2022

PAGE: 52

101-GENERAL FUND
SPECIAL APPROPIATIONS
EXPENDITURES

(------------------- 2021-2022 -------------------) 2022-2023
2022-2023
ORIGINAL
2018-2019
2019-2020
2020-2021
ORIGINAL
CURRENT
Y-T-D
PROJECTED
REQUESTED
APPROVED
vs APPROVED
ACTUAL
ACTUAL
ACTUAL
BUDGET
BUDGET
ACTUAL
YEAR END
BUDGET
BUDGET
INCR/(DECR)
________________________________________________________________________________________________________________________________________________________________________

SPEC APPROP-NONPROF AGCY
========================
GRANTS & OTHER
101-4102-500-60-41 AMERICAN RED CROSS
1,075
0
0
0
0
0
1,075
0
0
0
101-4102-500-60-42 ELIZ SENIOR CITIZENS
45,000
45,000
45,000
45,000
45,000
45,000
45,000
45,000
45,000
0
101-4102-500-60-43 LOAVES & FISHES
0
0
0
0
0
0
0
24,000
0
0
101-4102-500-60-44 DAWN OF HOPE
1,500
1,500
1,500
1,500
1,500
0
1,500
0
0 (
1,500)
101-4102-500-60-46 SHEPARD'S INN
12,000
12,000
12,000
12,000
12,000
12,000
12,000
12,000
12,000
0
101-4102-500-60-47 EAST TN SPAY & NEUTE
0
0
0
0
0
0
0
2,500
2,500
2,500
101-4102-500-60-49 BOYS & GIRLS CLUB, I
14,000
14,000
30,000
30,000
30,000
22,500
14,000
30,000
30,000
0
101-4102-500-60-52 ALZHEIMERS ASSOCIATI
2,450
0
2,450
0
0
0
2,450
2,450
0
0
101-4102-500-60-53 SECOND HARVEST FOOD
1,500
2,000
2,000
2,000
2,000
2,000
1,500
2,000
2,000
0
101-4102-500-60-54 FRIENDS OF SYCAMORE
2,500
2,500
2,500
2,500
2,500
2,500
2,500
2,500
0 (
2,500)
101-4102-500-60-55 ARM FOOD PANTRY
0
2,500
2,500
3,000
3,000
3,000
0
3,000
3,000
0
101-4102-500-60-57 CARTER CO HONOR GUAR
0
10,000
0
0
0
0
0
0
0
0
101-4102-500-60-59 CHILDRENS ADVOCACY C
0
0
5,000
5,000
5,000
5,000
0
5,000
5,000
0
101-4102-500-60-60 KIDS LIKE US
0
0
10,000
10,000
10,000
10,000
0
20,000
10,000
0
101-4102-500-60-61 KEEP CARTER COUNTY B
0
0
0
5,000
5,000
5,000
0
5,000
5,000
0
0
0
0
0
0
0
0
2,500
2,500
101-4102-500-60-62 CARTER COMPASSION CE
0
TOTAL GRANTS & OTHER
80,025
89,500
112,950
116,000
116,000
107,000
80,025
153,450
117,000
1,000
________________________________________________________________________________________________________________________________________________________________________
TOTAL SPEC APPROP-NONPROF AGCY
80,025
89,500
112,950
116,000
116,000
107,000
80,025
153,450
117,000
1,000
________________________________________________________________________________________________________________________________________________________________________
TOTAL SPECIAL APPROPIATIONS

80,025

89,500

112,950

116,000

116,000

107,000

80,025

153,450

117,000

1,000

6-28-2022 09:59 AM

CITY OF ELIZABETHTON
ADOPTED BUDGET REPORT
AS OF: JUNE 30TH, 2022

PAGE: 53

101-GENERAL FUND
BUILDING & MUN CODE ENF.
EXPENDITURES

(------------------- 2021-2022 -------------------) 2022-2023
2022-2023
ORIGINAL
2018-2019
2019-2020
2020-2021
ORIGINAL
CURRENT
Y-T-D
PROJECTED
REQUESTED
APPROVED
vs APPROVED
ACTUAL
ACTUAL
ACTUAL
BUDGET
BUDGET
ACTUAL
YEAR END
BUDGET
BUDGET
INCR/(DECR)
________________________________________________________________________________________________________________________________________________________________________

CODE ENF-ADMIN
==============
PERSONNEL SERVICES
101-5001-500-10-11 SALARIES/WAGES
101-5001-500-10-12 OVERTIME
101-5001-500-10-14 HOLIDAY BONUS
TOTAL PERSONNEL SERVICES

134,039
148
575
134,762

EMPLOYEE BENEFITS
101-5001-500-20-11 FICA
8,309
101-5001-500-20-12 MEDICARE
1,944
101-5001-500-20-13 TCRS CONTRIBUTION
10,566
101-5001-500-20-14 TCRS - 401K CONTRIBU
3,360
101-5001-500-20-15 EMPLOYEE HEALTH INS
21,390
101-5001-500-20-17 EMPLOYEE LIFE INS
294
101-5001-500-20-19 WORKERS COMPENSATION
4,306
101-5001-500-20-26 CLOTHING/UNIFORM/SHO
818
Steve Donnolly
1
290.00
Chris Isaacs
1
290.00
Josh Benson
1
290.00
Boot/Shoe Allowance
3
110.00
TOTAL EMPLOYEE BENEFITS
50,986
CONTRACTUAL SERVICES
101-5001-500-30-11 POSTAL DELIVERY SERV
132
Flood Outreach - CRS
1
150.00
Certified Mail
1
100.00
Regular Mail
1
150.00
101-5001-500-30-31 LEGAL NOTICES
0
101-5001-500-30-45 TELEPHONE SERVICES
1,496
101-5001-500-30-51 MEDICAL SERVICES
0
101-5001-500-30-60 REP & MAINT-COMMUNIC
0
GENERAL REPAIRS
1
300.00
101-5001-500-30-61 REP & MAINT-VEHICLES
0
101-5001-500-30-63 REP & MAINT-OFFICE E
0
Printer Contract
1
500.00
Office Equipment
1
150.00
101-5001-500-30-71 SUBSCRIPTIONS & BOOK
748
NEC Code Book (2020)
1
190.00
General Code Book Updat
1
150.00
2018 Res Code Set
1
470.00
101-5001-500-30-75 MEMBERSHIP / DUES
255
Department ICC
1
135.00
Steve IAEI
1
120.00
Steve UETBOA
1
35.00
Miscellaneous Membershi
1
175.00
Chris IAEI
1
120.00

138,409
233
575
139,217

114,883
57
575
115,515

145,417
100
575
146,092

145,417
100
575
146,092

114,341
0
150
114,491

134,000
411
4,150
138,561

127,961
100
450
128,511

8,627
2,018
12,800
1,929
19,425
293
4,673
811

7,018
1,672
10,796
0
15,755
230
4,247
848

9,051
2,117
17,376
0
21,747
294
6,000
870

9,051
2,117
17,376
0
21,747
294
6,000
870

6,908
1,616
10,236
0
17,061
211
3,077
799

8,383
1,960
9,552
4,000
21,693
354
6,000
870

7,968
1,863
11,566
0
18,640
252
6,000
1,200

50,575

40,565

57,455

57,455

39,907

52,812

47,489

85

96

325

325

407

841

400

134,360 (
100
450 (
134,910 (

11,057)
0
125)
11,182)

8,365 (
686)
1,957 (
160)
12,142 (
5,234)
0
0
25,948
4,201
252 (
42)
6,000
0
1,200
330
290
290
290
330_____ ___________
55,864 (
1,591)

400

75

250
3,000
100
300

0
1,400
0
0

150
100
150
0
1,475
0
0

0
1,658
117
0

250
1,600
100
300

250
1,600
100
300

106
3,693
90
0

50
1,600
100
300

250
3,000
100
300

0
322

0
0

500
650

500
650

0
0

500
1,050

500
650

300
500
650

0
0

810

0

620

0

500
150
536

474

810

810

679

760

810
190
150
470

490

340

620

620

580

620

620
135
120
35
175
120

6-28-2022 09:59 AM

CITY OF ELIZABETHTON
ADOPTED BUDGET REPORT
AS OF: JUNE 30TH, 2022

PAGE: 54

101-GENERAL FUND
BUILDING & MUN CODE ENF.
EXPENDITURES

(------------------- 2021-2022 -------------------) 2022-2023
2022-2023
ORIGINAL
2018-2019
2019-2020
2020-2021
ORIGINAL
CURRENT
Y-T-D
PROJECTED
REQUESTED
APPROVED
vs APPROVED
ACTUAL
ACTUAL
ACTUAL
BUDGET
BUDGET
ACTUAL
YEAR END
BUDGET
BUDGET
INCR/(DECR)
________________________________________________________________________________________________________________________________________________________________________
Chris UETBOA
1
35.00
35
101-5001-500-30-78 EDUC,SEMINARS,TRAINI
822
358
534
2,700
2,700
2,241
1,500
2,700
2,700
0
Chris ICC Recert.
1
95.00
95
Steve ICC Recert.
1
135.00
135
Chris General Training
1
400.00
400
Chris Cert Tests
1
250.00
250
Steve General Training
1
400.00
400
Josh General Training
1
200.00
200
UETBOA Conf.
1
210.00
210
Steve Cert Tests
1
430.00
430
FEMA Training
1
150.00
150
Chris Cert Tests
1
430.00
430
101-5001-500-30-80 ADVERTISING/NEWSPAPE
0
0
773
0
0
0
200
0
0
0
101-5001-500-30-83 TRAVEL-BUSINESS EXPE
1,303
2,055
826
3,100
3,100
498
2,000
3,100
3,100
0
Steve General Travel
1
1,000.00
1,000
Chris General Travel
1
700.00
700
Josh General Travel
1
400.00
400
FEMA Floodplain Mgr. Tr
1
1,000.00
1,000
101-5001-500-30-99 OTHER CONTRACTUAL SE
8,922
8,484
23,491
34,050
32,550
14,010
28,521
34,050
22,050 (
12,000)
Vacant Home Demo
1
15,000.00
15,000
TCIM Archival Fees
1
800.00
800
Title Searcher Software
1
250.00
250
Implement Online Permit
0
12,000.00
0
6,000_____ ___________
Annual Online Permittin
1
6,000.00
TOTAL CONTRACTUAL SERVICES
13,677
13,805
28,308
45,005
43,505
22,305
38,042
46,480
34,480 (
10,525)
5001-500-30-4TELEPHONE SERVICES

PERMANENT NOTES:
3 cell phone plans
3 data plans for iPads

SUPPLIES & MATERIALS
101-5001-500-40-11 OFFICE SUPLYS & MATE
692
General Office Supplies
1
700.00
Flood & Inspection Mate
1
200.00
Business Cards
1
100.00
101-5001-500-40-13 OFFICE EQUIPMENT
294
Computer
1
1,600.00
Gen. Office Equipment
1
500.00
101-5001-500-40-29 GEN. OPERATING SUPPL
101
101-5001-500-40-31 GASOLINE & DIESEL FU
1,099
101-5001-500-40-33 VEH-PARTS/OIL/FLUID/
67
TOTAL SUPPLIES & MATERIALS
2,253

689

547

900

900

937

900

1,000

1,000

100

700
200
100
1,919

1,971

2,100

2,100

1,926

450

2,100

2,100

0

1,600
500
110
794
233
3,745

0
794
9
3,322

5001-500-40-3VEH-PARTS/OIL/FLUID/TIRES CURRENT YEAR NOTES:
Additional funds needed for truck tires

100
1,500
500
5,100

100
1,500
2,000
6,600

0
1,230
1,907
6,000

300
1,700
500
3,850

100
1,500
1,000
5,700

100
2,016
1,000
6,216

0
516
500
1,116

6-28-2022 09:59 AM

CITY OF ELIZABETHTON
ADOPTED BUDGET REPORT
AS OF: JUNE 30TH, 2022

PAGE: 55

101-GENERAL FUND
BUILDING & MUN CODE ENF.
EXPENDITURES

(------------------- 2021-2022 -------------------) 2022-2023
2022-2023
ORIGINAL
2018-2019
2019-2020
2020-2021
ORIGINAL
CURRENT
Y-T-D
PROJECTED
REQUESTED
APPROVED
vs APPROVED
ACTUAL
ACTUAL
ACTUAL
BUDGET
BUDGET
ACTUAL
YEAR END
BUDGET
BUDGET
INCR/(DECR)
________________________________________________________________________________________________________________________________________________________________________
FIXED CHARGES
101-5001-500-50-10 LIABILITY,GENERAL
101-5001-500-50-23 PROPERTY (CONTENTS)
101-5001-500-50-24 VEHICLES-INS
TOTAL FIXED CHARGES
GRANTS & OTHER

530
14
402
946

684
13
342
1,039

774
7
327
1,108

700
20
500
1,220

700
20
500
1,220

812
8
406
1,226

950
20
530
1,500

700
20
500
1,220

700
20
500
1,220

0
0
0
0

___________

___________

___________

___________

___________

___________

___________

___________

___________

___________

CAPITAL OUTLAY
___________ ___________ ___________ ___________ ___________ ___________ ___________ ___________ ___________ ___________
________________________________________________________________________________________________________________________________________________________________________
TOTAL CODE ENF-ADMIN

202,624

208,382

188,818

254,872

254,872

183,929

234,765

229,400

232,690 (

22,182)

PERSONNEL SERVICES
101-5002-500-10-11 SALARIES/WAGES
101-5002-500-10-12 OVERTIME
101-5002-500-10-14 HOLIDAY BONUS
TOTAL PERSONNEL SERVICES

23,707
669
300
24,676

24,963
72
300
25,335

24,921
0
400
25,321

26,325
1,695
400
28,420

26,325
1,695
400
28,420

25,543
38
400
25,981

23,236
700
300
24,236

26,254
1,696
400
28,350

27,672
1,696
400
29,768

1,347
1
0
1,348

EMPLOYEE BENEFITS
101-5002-500-20-11 FICA
101-5002-500-20-12 MEDICARE
101-5002-500-20-13 TCRS CONTRIBUTION
101-5002-500-20-15 EMPLOYEE HEALTH INS
101-5002-500-20-17 EMPLOYEE LIFE INS
101-5002-500-20-19 WORKERS COMPENSATION
101-5002-500-20-26 CLOTHING/UNIFORM/SHO
TOTAL EMPLOYEE BENEFITS

1,530
358
3,534
5,760
79
1,013
0
12,274

1,571
367
3,730
5,243
79
1,142
123
12,256

1,570
367
3,713
5,486
77
1,113
152
12,479

1,762
412
4,235
6,214
84
1,200
150
14,057

1,762
412
4,235
6,214
84
1,200
150
14,057

1,611
377
3,812
6,389
70
1,012
92
13,362

1,513
351
3,461
5,412
84
1,131
0
11,952

1,764
413
4,239
6,214
84
1,200
150
14,064

1,846
432
4,436
6,261
84
1,200
150
14,409

84
20
201
47
0
0
0
352

16,730
3,916
1,201
283
0
10,426

18,406
3,858
720
481
0
10,078

19,500
4,500
1,400
400
0
7,340

19,500
4,500
1,400
400
0
7,340

17,461
4,114
2,112
306
0
1,739

20,000
5,000
1,400
300
900
5,485

19,500
4,500
1,400
400
0
8,840

0
0
600
0
0
1,500

17,612

6,073

34,900

32,400

7,761

10,000

34,900

19,500
4,500
2,000
400
0
8,840
2,500
1,500
200
1,140
2,000
1,500
34,900
4,500
16,000
400

CODE ENF-MUNI BLDG CITY
=======================

CONTRACTUAL SERVICES
101-5002-500-30-41 ELECTRICITY
17,491
101-5002-500-30-42 WATER & SEWER
3,638
101-5002-500-30-43 NATURAL GAS & PROPAN
1,443
101-5002-500-30-45 TELEPHONE SERVICES
284
101-5002-500-30-48 WASTE COLLECTN & DIS
0
101-5002-500-30-62 REP & MAINT-EQUIPMEN
2,860
Gen. Maint & Repair
1
2,500.00
Elevator Inspection
1
1,500.00
Fleenor Fire Annual Ins
1
200.00
Fleenor Monitoring
1
1,140.00
HVAC Maint. Contract
1
2,000.00
2 Security Cameras
2
750.00
101-5002-500-30-64 REP & MAINT-BLDG/GRO
9,238
Carpet Cleaning
1
4,500.00
Landscaping
1
16,000.00
Pest Control Spray
4
100.00

0

6-28-2022 09:59 AM

CITY OF ELIZABETHTON
ADOPTED BUDGET REPORT
AS OF: JUNE 30TH, 2022

PAGE: 56

101-GENERAL FUND
BUILDING & MUN CODE ENF.
EXPENDITURES

(------------------- 2021-2022 -------------------) 2022-2023
2022-2023
ORIGINAL
2018-2019
2019-2020
2020-2021
ORIGINAL
CURRENT
Y-T-D
PROJECTED
REQUESTED
APPROVED
vs APPROVED
ACTUAL
ACTUAL
ACTUAL
BUDGET
BUDGET
ACTUAL
YEAR END
BUDGET
BUDGET
INCR/(DECR)
________________________________________________________________________________________________________________________________________________________________________
Gen. Repairs & Updates
1
6,000.00
6,000
Replace Interior Door H
1
8,000.00
8,000
101-5002-500-30-80 ADVERTISING/NEWSPAPE
0
0
0
0
0
0
100
0
0
0
6,112
7,356
4,500
4,500
6,498
4,312
4,500
4,500
0
101-5002-500-30-99 OTHER CONTRACTUAL SE
3,807
TOTAL CONTRACTUAL SERVICES
38,761
56,279
46,972
72,540
70,040
39,991
47,497
74,040
74,640
2,100
SUPPLIES & MATERIALS
101-5002-500-40-24 JANITORAL SUPPLIES
101-5002-500-40-29 GENERAL OPERATING SU
101-5002-500-40-39 OTHER REPAIR & MAINT
TOTAL SUPPLIES & MATERIALS

2,164
0
318
2,482

2,029
0
503
2,532

1,387
249
0
1,636

2,400
300
300
3,000

2,400
300
300
3,000

1,925
64
0
1,989

2,500
0
300
2,800

2,400
300
300
3,000

2,400
300
300
3,000

0
0
0
0

FIXED CHARGES
101-5002-500-50-10 LIABILITY,GENERAL
101-5002-500-50-21 BUILDINGS-INSURANCE
101-5002-500-50-23 PROPERTY (CONTENTS)
TOTAL FIXED CHARGES

97
2,298
2
2,397

130
2,182
2
2,314

148
2,545
2
2,696

150
2,300
5
2,455

150
2,300
5
2,455

158
3,291
3
3,452

150
2,100
2
2,252

150
2,300
5
2,455

150
3,500
5
3,655

0
1,200
0
1,200

GRANTS & OTHER
101-5002-500-60-01 TN GOVERNOR'S GRANT
101-5002-500-60-97 COVID EXPENSE - CARE
TOTAL GRANTS & OTHER

0
0
0

0
375
375

18,300
0
18,300

0
0
0

0
0
0

0
0
0

0
0
0

0
0
0

0
0
0

0
0
0

CAPITAL OUTLAY
101-5002-500-90-21 BUILDING & IMPROVEME
0
0
0
0
0
0
3,000
0
0
0
TOTAL CAPITAL OUTLAY
0
0
0
0
0
0
3,000
0
0
0
________________________________________________________________________________________________________________________________________________________________________
TOTAL CODE ENF-MUNI BLDG CITY

80,590

99,090

107,404

120,472

117,972

84,775

91,737

121,909

800

2,183

3,100

3,100

965

3,100

3,100

125,472

5,000

3,100

0

CODE ENF-TN VOC/SR CENT
=======================
CONTRACTUAL SERVICES
101-5003-500-30-62 REP & MAINT-EQUIPMEN
3,223
Gen. Maint. & Repair
1
1,000.00
HVAC Maint. Contract
1
2,100.00
101-5003-500-30-64 REP & MAINT-BLDG/GRO
1,980
101-5003-500-30-65 REP & MAINT-BLD/GROU
0
101-5003-500-30-69 REP & MAINT-OTHER
357
101-5003-500-30-99 OTHER CONTRACTUAL SE
3,690
TOTAL CONTRACTUAL SERVICES
9,251

1,649
0
275
2,220
4,944

484
0
300
2,116
5,082

1,500
1,200
3,000
1,500
10,300

16,179
1,200
3,000
1,500
24,979

15,120
1,200
225
1,628
19,138

1,500
1,000
400
3,500
9,500

1,500
1,200
3,000
1,500
10,300

1,500
1,200
3,000
1,500
10,300

0
0
0
0
0

FIXED CHARGES
101-5003-500-50-21 BUILDINGS-INSURANCE
TOTAL FIXED CHARGES

1,227
1,227

1,435
1,435

1,300
1,300

1,300
1,300

1,788
1,788

1,300
1,300

1,300
1,300

1,300
1,300

0
0

1,288
1,288

1,000
2,100

6-28-2022 09:59 AM

CITY OF ELIZABETHTON
ADOPTED BUDGET REPORT
AS OF: JUNE 30TH, 2022

PAGE: 57

101-GENERAL FUND
BUILDING & MUN CODE ENF.
EXPENDITURES

(------------------- 2021-2022 -------------------) 2022-2023
2022-2023
ORIGINAL
2018-2019
2019-2020
2020-2021
ORIGINAL
CURRENT
Y-T-D
PROJECTED
REQUESTED
APPROVED
vs APPROVED
ACTUAL
ACTUAL
ACTUAL
BUDGET
BUDGET
ACTUAL
YEAR END
BUDGET
BUDGET
INCR/(DECR)
________________________________________________________________________________________________________________________________________________________________________
GRANTS & OTHER

___________

___________

___________

___________

___________

___________

___________

___________

___________

___________

CAPITAL OUTLAY
101-5003-500-90-99 OTHER CAPITAL OUTLAY
0
74,000
0
0
0
0
80,000
0
0
0
TOTAL CAPITAL OUTLAY
0
74,000
0
0
0
0
80,000
0
0
0
________________________________________________________________________________________________________________________________________________________________________
TOTAL CODE ENF-TN VOC/SR CENT
10,539
80,171
6,517
11,600
26,279
20,926
90,800
11,600
11,600
0
________________________________________________________________________________________________________________________________________________________________________
TOTAL BUILDING & MUN CODE ENF.

293,753

387,643

302,739

386,944

399,123

289,629

417,302

362,909

369,762 (

17,182)

6-28-2022 09:59 AM

CITY OF ELIZABETHTON
ADOPTED BUDGET REPORT
AS OF: JUNE 30TH, 2022

PAGE: 58

101-GENERAL FUND
PLANNING & DEVELOPMENT
EXPENDITURES

(------------------- 2021-2022 -------------------) 2022-2023
2022-2023
ORIGINAL
2018-2019
2019-2020
2020-2021
ORIGINAL
CURRENT
Y-T-D
PROJECTED
REQUESTED
APPROVED
vs APPROVED
ACTUAL
ACTUAL
ACTUAL
BUDGET
BUDGET
ACTUAL
YEAR END
BUDGET
BUDGET
INCR/(DECR)
________________________________________________________________________________________________________________________________________________________________________

PLAN&DEV-ADMIN
==============
PERSONNEL SERVICES
101-5201-500-10-11 SALARIES/WAGES
76,400
101-5201-500-10-12 OVERTIME
148
101-5201-500-10-14 HOLIDAY BONUS
225
101-5201-500-10-20 FRANKLIN FITNESS CEN
0
Courtney Washburn
1
300.00
TOTAL PERSONNEL SERVICES
76,773
5201-500-10-1OVERTIME

115,236
233
275
0

120,361
57
225
0

123,670
297
425
300

123,670
297
425
300

116,717
0
300
0

75,000
300
225
0

137,468
300
450
300

145,542
21,872
300
3
450
25
300
0
300_____ ___________
146,592
21,900

115,744

120,643

124,692

124,692

117,017

75,525

138,518

7,148
1,672
12,966
584
11,088
168
391
34,017

7,430
1,741
7,343
0
12,891
182
343
29,930

7,712
1,804
12,099
0
15,534
210
350
37,709

7,712
1,804
12,099
0
15,534
210
350
37,709

7,213
1,687
10,495
0
14,528
197
279
34,399

4,563
1,067
10,747
0
8,636
126
350
25,488

8,570
2,005
12,440
0
18,641
252
350
42,258

9,071
2,122
13,167
0
18,781
252
350
43,743

1,359
318
1,068
0
3,247
42
0
6,034

129
65
211
1,587
102
0
0
0

16
0
106
1,973
39
0
0
9,385

250
150
150
1,500
100
250
200
0

250
150
150
1,500
100
250
200
2,500

12
0
106
1,615
156
0
0
2,240

400
150
150
1,200
0
100
200
0

250
150
150
1,500
100
250
200
0

250
150
150
1,500
100
250
0 (
2,880

0
0
0
0
0
0
200)
2,880

0
461

0
377

150
550

150
550

0
418

350
327

150
550

PERMANENT NOTES:
Alyssa overtime for meetings.

EMPLOYEE BENEFITS
101-5201-500-20-11 FICA
101-5201-500-20-12 MEDICARE
101-5201-500-20-13 TCRS CONTRIBUTION
101-5201-500-20-14 TCRS - 401K CONTRIBU
101-5201-500-20-15 EMPLOYEE HEALTH INS
101-5201-500-20-17 EMPLOYEE LIFE INS
101-5201-500-20-19 WORKERS COMPENSATION
TOTAL EMPLOYEE BENEFITS

4,742
1,109
11,099
0
9,167
126
293
26,535

CONTRACTUAL SERVICES
101-5201-500-30-11 POSTAL DELIVERY SERV
146
101-5201-500-30-21 PRINTING SERVICES
0
101-5201-500-30-31 LEGAL NOTICES
104
101-5201-500-30-45 TELEPHONE SERVICES
978
101-5201-500-30-51 MEDICAL SERVICES
0
101-5201-500-30-52 LEGAL SERVICES
0
101-5201-500-30-63 REP & MAINT-OFFICE E
0
101-5201-500-30-64 REP & MAINT-BLDG/GRO
0
WG LANDSCAPING MAINTENA
1
2,880.00
101-5201-500-30-71 SUBSCRIPTIONS & BOOK
0
101-5201-500-30-75 MEMBERSHIP / DUES
877
APA Membership
1
440.00
IDB Board Reporting
2
25.00
Legislative Breakfast
2
30.00
101-5201-500-30-78 EDUC,SEMINARS,TRAINI
220
TAPA Conferences
1
400.00
ED Governor's Conferenc
1
280.00
Misc. Training
1
330.00
101-5201-500-30-79 COMMISSIONS/BOARDS/E
100
Commission Training
1
850.00
National Alliance for H
1
150.00
101-5201-500-30-83 TRAVEL-BUSINESS EXPE
2,001
TAPA Conference
1
1,050.00

2,880
150
550

0
0

1,010

0

440
50
60
840 (

205)

1,010

1,010

400

960

1,010
400
280
330

0

122

1,000

1,000

100

400

1,000

1,000

0

850
150
4,839

730

3,750

3,750

2,580

2,750

3,750

3,750
1,050

0

6-28-2022 09:59 AM

CITY OF ELIZABETHTON
ADOPTED BUDGET REPORT
AS OF: JUNE 30TH, 2022

PAGE: 59

101-GENERAL FUND
PLANNING & DEVELOPMENT
EXPENDITURES

(------------------- 2021-2022 -------------------) 2022-2023
2022-2023
ORIGINAL
2018-2019
2019-2020
2020-2021
ORIGINAL
CURRENT
Y-T-D
PROJECTED
REQUESTED
APPROVED
vs APPROVED
ACTUAL
ACTUAL
ACTUAL
BUDGET
BUDGET
ACTUAL
YEAR END
BUDGET
BUDGET
INCR/(DECR)
________________________________________________________________________________________________________________________________________________________________________
ED Governor's Conferenc
1
900.00
900
TVA Training
1
900.00
900
Commissioner Travel
1
900.00
900
101-5201-500-30-99 OTHER CONTRACTUAL SE
29,187
25,770
16,076
42,440
42,440
31,056
35,000
54,440
30,440 (
12,000)
FTDD Planning
1
14,300.00
14,300
ArcGIS Software Mainten
1
1,200.00
1,200
ArcGIS Bus. Analyst Onl
1
3,000.00
3,000
Title VI
1
200.00
200
CO.STARTER Program
1
2,500.00
2,500
Title Searcher
1
240.00
240
ED Training & Activitie
1
3,000.00
3,000
Permitting Software Imp
0
12,000.00
0
Annual Software Fee
1
6,000.00
6,000
0_____ ___________
Placer.ai ED Data Tool
0
12,000.00
TOTAL CONTRACTUAL SERVICES
33,613
34,003
28,620
51,500
54,000
38,683
41,987
63,500
42,180 (
9,320)
5201-500-30-5LEGAL SERVICES

PERMANENT NOTES:
To record replats for closed ROWs.

SUPPLIES & MATERIALS
101-5201-500-40-11 OFFICE SUPLYS & MATE
101-5201-500-40-13 OFFICE EQUIPMENT
101-5201-500-40-29 GEN OPERATING SUPPLI
101-5201-500-40-31 GASOLINE & DIESEL FU
101-5201-500-40-33 VEH-PARTS/OIL/FLUID/
101-5201-500-40-99 OTHER SUPPLIES & MAT
TOTAL SUPPLIES & MATERIALS

421
0
0
0
0
0
421

216
3,486
264
0
0
0
3,966

2,081
0
0
0
0
0
2,081

1,500
250
150
0
0
150
2,050

1,500
250
150
0
0
150
2,050

710
200
0
0
0
0
910

1,295
100
150
300
100
240
2,185

1,500
250
150
0
0
150
2,050

1,500
250
150
0
0
150
2,050

0
0
0
0
0
0
0

FIXED CHARGES
101-5201-500-50-10 LIABILITY,GENERAL
101-5201-500-50-23 PROPERTY (CONTENTS)
TOTAL FIXED CHARGES

302
12
314

593
3
596

665
3
669

725
15
740

725
15
740

691
5
695

550
9
559

725
15
740

725
15
740

0
0
0

0

0

6,247

10,000

10,000

8,020

10,000

25,000

15,000

0
0

78
78

0
6,247

0
10,000

0
10,000

0
8,020

0
10,000

0
25,000

25,000
10,000
15,000
0
25,000

0
250,000
0
603
0

2,100
0
426,343
897
0

138,626
0
70,657
0
0

138,626
37,417
70,657
0
127,400

2,987
21,028
67,177
0
72,885

136,991
250,000
494,000
0
0

138,626
37,417
0
0
141,000

0
37,417
70,657)
0
141,000

0
0

0
0

0
0

150,000
0

0
0

0
0

150,000
0

138,626
37,417
0 (
0
141,000
42,000
99,000
150,000
192,500

GRANTS & OTHER
101-5201-500-60-89 OTHER EXPENSES
Downtown Facade Grant P
1
10,000.00
Downtown Facade Grant P
1
15,000.00
101-5201-500-60-97 COVID EXPENSE - CARE
TOTAL GRANTS & OTHER

PLANNING & DEV. GRANT
101-5201-500-83-03 SAFE ROUTES TO SCHOO
1,635
101-5201-500-83-04 ECONOMIC & COMMUNITY
0
101-5201-500-83-05 THDA GRANT
0
101-5201-500-83-06 KEEP CC BEAUTIFUL TD
0
101-5201-500-83-07 TAP GRANT - COVERED
0
NEPA
1
42,000.00
Design
1
99,000.00
101-5201-500-83-08 DOWNTOWN IMPROVEMENT
0
101-5201-500-83-09 TDOT - URBAN TRANSPO
0

0
15,000

150,000
192,500

6-28-2022 09:59 AM

CITY OF ELIZABETHTON
ADOPTED BUDGET REPORT
AS OF: JUNE 30TH, 2022

PAGE: 60

101-GENERAL FUND
PLANNING & DEVELOPMENT
EXPENDITURES

(------------------- 2021-2022 -------------------) 2022-2023
2022-2023
ORIGINAL
2018-2019
2019-2020
2020-2021
ORIGINAL
CURRENT
Y-T-D
PROJECTED
REQUESTED
APPROVED
vs APPROVED
ACTUAL
ACTUAL
ACTUAL
BUDGET
BUDGET
ACTUAL
YEAR END
BUDGET
BUDGET
INCR/(DECR)
________________________________________________________________________________________________________________________________________________________________________
GRANT FUNDED
1
175,000.00
175,000
CITY MATCH (10%)
1
17,500.00
17,500
0
0
0
0
0
0
0
736,736
736,736
101-5201-500-83-10 ARC GRANT - BONNIE K
0
TOTAL PLANNING & DEV. GRANT
1,635
250,603
429,340
209,283
524,100
164,077
880,991
467,043
1,396,279
1,186,996
CAPITAL OUTLAY
101-5201-500-90-21 BUILDINGS & IMPROVEM
TOTAL CAPITAL OUTLAY

0
0

29,895
29,895

3,130
3,130

0
0

0
0

0
0

0
0

0
0

0
0

0
0

GENERAL GOV. CAPITAL PRO
___________ ___________ ___________ ___________ ___________ ___________ ___________ ___________ ___________ ___________
________________________________________________________________________________________________________________________________________________________________________
TOTAL PLAN&DEV-ADMIN
139,291
468,902
620,659
435,974
753,291
363,801
1,036,735
739,109
1,656,584
1,220,610
________________________________________________________________________________________________________________________________________________________________________
TOTAL PLANNING & DEVELOPMENT

139,291

468,902

620,659

435,974

753,291

363,801

1,036,735

739,109

1,656,584

1,220,610

6-28-2022 09:59 AM

CITY OF ELIZABETHTON
ADOPTED BUDGET REPORT
AS OF: JUNE 30TH, 2022

PAGE: 61

101-GENERAL FUND
RECREATION SERVICES
EXPENDITURES

(------------------- 2021-2022 -------------------) 2022-2023
2022-2023
ORIGINAL
2018-2019
2019-2020
2020-2021
ORIGINAL
CURRENT
Y-T-D
PROJECTED
REQUESTED
APPROVED
vs APPROVED
ACTUAL
ACTUAL
ACTUAL
BUDGET
BUDGET
ACTUAL
YEAR END
BUDGET
BUDGET
INCR/(DECR)
________________________________________________________________________________________________________________________________________________________________________

REC SVCS-ADMIN
==============
PERSONNEL SERVICES
101-6001-500-10-11 SALARIES/WAGES
101-6001-500-10-12 OVERTIME
101-6001-500-10-14 HOLIDAY BONUS
TOTAL PERSONNEL SERVICES

151,269
4,499
750
156,517

125,172
3,358
850
129,379

125,322
1,376
850
127,547

129,727
5,000
850
135,577

129,727
5,000
850
135,577

127,798
5,370
950
134,118

120,000
3,500
750
124,250

133,058
3,000
950
137,008

140,784
3,000 (
950
144,734

11,057
2,000)
100
9,157

EMPLOYEE BENEFITS
101-6001-500-20-11 FICA
101-6001-500-20-12 MEDICARE
101-6001-500-20-13 TCRS CONTRIBUTION
101-6001-500-20-15 EMPLOYEE HEALTH INS
101-6001-500-20-17 EMPLOYEE LIFE INS
101-6001-500-20-19 WORKERS COMPENSATION
101-6001-500-20-26 CLOTHING/UNIFORM/SHO
TOTAL EMPLOYEE BENEFITS

8,529
1,995
18,219
23,364
252
1,859
330
54,547

7,417
1,735
19,151
19,364
252
1,993
122
50,033

7,204
1,692
18,878
20,588
246
1,842
485
50,934

8,406
1,966
20,201
22,204
252
2,475
500
56,004

8,406
1,966
20,201
22,204
252
2,475
500
56,004

7,243
1,694
19,842
25,856
245
1,617
0
56,496

9,000
2,215
16,615
22,000
207
3,600
350
53,987

8,495
1,987
20,415
25,768
252
2,475
500
59,892

8,974
2,099
21,566
27,976
252
2,475
500
63,842

568
133
1,365
5,772
0
0
0
7,838

7
1,344
359
0

26
870
907
0

400
2,500
500
0

400
1,800
500
0

16
1,447
335
0

600
2,000
500
0

400
2,500
500
0

400
2,500
500
4,200

0
0
0
4,200

4,121
500
2,498
1,149
0
0
9,978

8,079
1,125
410
0
4,000
5,000
20,416

8,000
2,500
2,200
2,200
0
0
18,300

8,000
1,125
2,174
1,201
37,210
0
52,410

6,955
1,125
2,170
1,201
49,928
2,076
65,253

2,500
650
1,000
1,500
0
16,442
25,192

8,000
2,500
2,200
2,200
60,000
0
78,300

8,000
1,500 (
2,200
1,500 (
60,000
0
80,800

0
1,000)
0
700)
60,000
0
62,500

400
1,800
250
3,100
650
51,000
57,200

275
835
143
1,293
566
44,839
47,951

349
0
250
3,100
375
0
4,074

400
1,800
250
3,100
850
0
6,400

400
1,800
250
2,281 (
850
0
5,581 (

0
0
0
819)
200
0
619)

6001-500-20-1EMPLOYEE HEALTH INS

PERMANENT NOTES:
2 family & 1 single

CONTRACTUAL SERVICES
101-6001-500-30-11 POSTAL DELIVERY SERV
87
101-6001-500-30-21 PRINTING SERVICES
1,692
101-6001-500-30-31 LEGAL NOTICES
316
101-6001-500-30-41 ELECTRICITY
0
3 PHASE DISCONNECT - ST
12
350.00
101-6001-500-30-45 TELEPHONE SERVICES
2,393
101-6001-500-30-75 MEMBERSHIP / DUES
595
101-6001-500-30-78 EDUC,SEMINARS,TRAINI
348
101-6001-500-30-83 TRAVEL-BUSINESS EXPE
1,401
101-6001-500-30-98 COVERED BRIDGE DAYS
0
101-6001-500-30-99 OTHER CONTRACTED SER
16,442
TOTAL CONTRACTUAL SERVICES
23,273
6001-500-30-9COVERED BRIDGE DAYS

4,200

CURRENT YEAR NOTES:
INCREASE REFLECTS THE NEED FOR OPERATIONS AND BOOKING OF
TALENT

SUPPLIES & MATERIALS
101-6001-500-40-11 OFFICE SUPLYS & MATE
101-6001-500-40-13 OFFICE EQUIPMENT
101-6001-500-40-29 GEN. OPERATING SUPPL
101-6001-500-40-31 GASOLINE & DIESEL FU
101-6001-500-40-33 VEH-PARTS/OIL/FLUID/
101-6001-500-40-99 OTHER SUPPLIES & MAT
TOTAL SUPPLIES & MATERIALS

123
1,458
0
1,916
123
0
3,620

374
1,430
123
827
307
0
3,061

48
1,850
101
772
952
0
3,723

400
1,800
250
3,100
650
0
6,200

6-28-2022 09:59 AM

CITY OF ELIZABETHTON
ADOPTED BUDGET REPORT
AS OF: JUNE 30TH, 2022

PAGE: 62

101-GENERAL FUND
RECREATION SERVICES
EXPENDITURES

(------------------- 2021-2022 -------------------) 2022-2023
2022-2023
ORIGINAL
2018-2019
2019-2020
2020-2021
ORIGINAL
CURRENT
Y-T-D
PROJECTED
REQUESTED
APPROVED
vs APPROVED
ACTUAL
ACTUAL
ACTUAL
BUDGET
BUDGET
ACTUAL
YEAR END
BUDGET
BUDGET
INCR/(DECR)
________________________________________________________________________________________________________________________________________________________________________
6001-500-40-3VEH-PARTS/OIL/FLUID/TIRES CURRENT YEAR NOTES:
INCREASE REFLECTS EXPENSE HISTORY
FIXED CHARGES
101-6001-500-50-10 LIABILITY,GENERAL
101-6001-500-50-22 EQUIPMENT-INSURANCE
101-6001-500-50-23 PROPERTY (CONTENTS)
101-6001-500-50-24 VEHICLES-INS
TOTAL FIXED CHARGES

1,436
0
7
268
1,711

GRANTS & OTHER
101-6001-500-60-01 TN GOVERNOR'S GRANT
101-6001-500-60-02 TDEC - LPRF GRANT
COVERED BRIDGE PARK
1 1,250,000.00
101-6001-500-60-97 COVID EXPENSE - CARE
TOTAL GRANTS & OTHER

1,002
0
7
228
1,237

1,241
0
5
218
1,464

1,800
132
10
300
2,242

1,800
132
10
300
2,242

1,193
0
8
270
1,471

1,764
132
10
300
2,206

0
0

0
0

0
0

19,806
0

19,806
0

16,902
0

0
0

0
0

30
30

0
0

0
19,806

0
19,806

0
16,902

0
0

1,800
132
10
300
2,242

1,800
0 (
10
300
2,110 (

0
132)
0
0
132)

19,806
0 (
0
1,250,000
1,250,000
0
0
19,806
1,250,000

19,806)
1,250,000
0
1,230,194

CAPITAL OUTLAY
___________ ___________ ___________ ___________ ___________ ___________ ___________ ___________ ___________ ___________
________________________________________________________________________________________________________________________________________________________________________
TOTAL REC SVCS-ADMIN

239,669

193,718

204,085

238,129

323,239

322,192

209,709

303,648

1,547,067

1,308,938

6
31,079
31,085

54
22,591
22,645

0
11,009
11,009

350
35,592
35,942

350
35,592
35,942

133
29,289
29,422

0
33,107
33,107

350
35,592
35,942

350
37,374
37,724

0
1,782
1,782

2,318
542
1,500
0
4,360

111
25
0
0
136

REC SVCS-SWIMMING POOL
======================
PERSONNEL SERVICES
101-6002-500-10-12 OVERTIME
101-6002-500-10-31 SALARIES/WAGES/TEMPO
TOTAL PERSONNEL SERVICES
6002-500-10-3SALARIES/WAGES/TEMPORARY

CURRENT YEAR NOTES:
Need to review to see if they received PY Raise.

EMPLOYEE BENEFITS
101-6002-500-20-11 FICA
101-6002-500-20-12 MEDICARE
101-6002-500-20-19 WORKERS COMPENSATION
101-6002-500-20-20 UNEMPLOYMENT INSURAN
TOTAL EMPLOYEE BENEFITS

1,927
451
943
0
3,321

1,404
328
1,050
944
3,727

683
160
971
341
2,154

2,207
517
1,500
0
4,224

2,207
517
1,500
0
4,224

1,824
427
826
0
3,077

2,053
500
943
0
3,496

2,207
517
1,500
0
4,224

CONTRACTUAL SERVICES
101-6002-500-30-21 PRINTING SERVICES
0
101-6002-500-30-31 LEGAL NOTICES
0
101-6002-500-30-41 ELECTRICITY
8,123
101-6002-500-30-42 WATER & SEWER
1,086
101-6002-500-30-45 TELEPHONE SERVICES
735
101-6002-500-30-51 MEDICAL SERVICES
1,170
101-6002-500-30-62 REP & MAINT-EQUIPMEN
1,836
101-6002-500-30-64 REP & MAINT-BLDG/GRO
6,416
Annual Budget
1
3,000.00

0
0
6,738
1,077
679
0
186
5,578

0
114
1,636
852
691
858
3,784
12,774

200
375
13,650
1,200
750
1,200
4,500
11,500

200
375
10,650
1,200
750
1,200
4,500
11,500

0
93
7,811
1,230
703
1,248
535
11,035

125
375
10,000
1,200
750
1,200
3,200
8,100

200
375
13,650
1,380
750
1,200
4,500
12,500

200
375
10,000 (
1,380
750
1,200
3,500 (
12,500
3,000

0
0
3,650)
180
0
0
1,000)
1,000

6-28-2022 09:59 AM

CITY OF ELIZABETHTON
ADOPTED BUDGET REPORT
AS OF: JUNE 30TH, 2022

PAGE: 63

101-GENERAL FUND
RECREATION SERVICES
EXPENDITURES

(------------------- 2021-2022 -------------------) 2022-2023
2022-2023
ORIGINAL
2018-2019
2019-2020
2020-2021
ORIGINAL
CURRENT
Y-T-D
PROJECTED
REQUESTED
APPROVED
vs APPROVED
ACTUAL
ACTUAL
ACTUAL
BUDGET
BUDGET
ACTUAL
YEAR END
BUDGET
BUDGET
INCR/(DECR)
________________________________________________________________________________________________________________________________________________________________________
9,500_____ ___________
BATH HOUSE IMPROVEMENTS
1
9,500.00
TOTAL CONTRACTUAL SERVICES
19,365
14,258
20,710
33,375
30,375
22,655
24,950
34,555
29,905 (
3,470)
6002-500-30-4WATER & SEWER

CURRENT YEAR NOTES:
INCREASE REFLECTS EXPENSE HISTORY

SUPPLIES & MATERIALS
101-6002-500-40-22 LAB SUPPLIES & ACCES
101-6002-500-40-24 JANITORAL SUPPLIES
101-6002-500-40-29 GEN. OPERATING SUPPL
TOTAL SUPPLIES & MATERIALS

5,364
0
1,133
6,497

2,670
0
0
2,670

5,338
469
1,548
7,355

5,500
500
1,600
7,600

5,500
500
1,600
7,600

6,498
475
919
7,892

5,500
350
1,300
7,150

15,000
500
1,600
17,100

15,000
500
1,600
17,100

9,500
0
0
9,500

6002-500-40-2LAB SUPPLIES & ACCESORIES CURRENT YEAR NOTES:
INCREASE REFLECTS RISE IN CHLORINE PRICES
PURCHASES FOR RESALE

___________

___________

___________

___________

___________

___________

___________

___________

___________

___________

315
992
340
1,647

372
944
340
1,656

429
1,104
550
2,083

885
1,175
900
2,960

885
1,175
900
2,960

865
1,273
340
2,478

758
1,175
900
2,833

885
1,350
900
3,135

885
1,350
900
3,135

0
175
0
175

___________

___________

___________

___________

___________

___________

___________

FIXED CHARGES
101-6002-500-50-10 LIABILITY,GENERAL
101-6002-500-50-21 BUILDINGS-INSURANCE
101-6002-500-50-67 STATE FEES/OTHER
TOTAL FIXED CHARGES
6002-500-50-2BUILDINGS-INSURANCE

CURRENT YEAR NOTES:
INCREASE REFLECTS EXPENSE HISTORY

GRANTS & OTHER

___________

___________

___________

CAPITAL OUTLAY
101-6002-500-90-21 CAPITAL OUTLAY BUILD
0
0
0
0
0
0
0
390,000
390,000
390,000
390,000_____ ___________
IMPROVEMENTS TO POOL IN
1
390,000.00
TOTAL CAPITAL OUTLAY
0
0
0
0
0
0
0
390,000
390,000
390,000
________________________________________________________________________________________________________________________________________________________________________
TOTAL REC SVCS-SWIMMING POOL

61,914

44,956

43,310

84,101

81,101

65,523

71,536

484,956

482,224

398,123

131,618
13,045
1,400
44,987
3,760
194,810

142,249
4,734
1,550
49,599
1,875
200,008

140,604
12,660
1,200
40,018
5,096
199,578

146,964
12,000
1,200
61,382
9,048
230,594

146,964
12,000
1,200
61,382
9,048
230,594

140,594
9,996
1,650
46,777
4,171
203,188

125,503
10,000
1,400
34,384
5,841
177,128

147,015
14,000
1,950
69,764
9,048
241,777

154,366
14,000
1,800
43,904 (
9,048
223,118 (

7,402
2,000
600
17,478)
0
7,476)

REC SVCS-ATH FIELDS/PARK
========================
PERSONNEL SERVICES
101-6003-500-10-11 SALARIES/WAGES
101-6003-500-10-12 OVERTIME
101-6003-500-10-14 HOLIDAY BONUS
101-6003-500-10-18 OTHER SALARIES & WAG
101-6003-500-10-31 SALARIES/WAGES/TEMPO
TOTAL PERSONNEL SERVICES

6-28-2022 09:59 AM

CITY OF ELIZABETHTON
ADOPTED BUDGET REPORT
AS OF: JUNE 30TH, 2022

PAGE: 64

101-GENERAL FUND
RECREATION SERVICES
EXPENDITURES

(------------------- 2021-2022 -------------------) 2022-2023
2022-2023
ORIGINAL
2018-2019
2019-2020
2020-2021
ORIGINAL
CURRENT
Y-T-D
PROJECTED
REQUESTED
APPROVED
vs APPROVED
ACTUAL
ACTUAL
ACTUAL
BUDGET
BUDGET
ACTUAL
YEAR END
BUDGET
BUDGET
INCR/(DECR)
________________________________________________________________________________________________________________________________________________________________________
EMPLOYEE BENEFITS
101-6003-500-20-11 FICA
101-6003-500-20-12 MEDICARE
101-6003-500-20-13 TCRS CONTRIBUTION
101-6003-500-20-14 TCRS - 401K CONTRIBU
101-6003-500-20-15 EMPLOYEE HEALTH INS
101-6003-500-20-17 EMPLOYEE LIFE INS
101-6003-500-20-19 WORKERS COMPENSATION
101-6003-500-20-20 UNEMPLOYMENT INSURAN
101-6003-500-20-26 CLOTHING/UNIFORM/SHO
TOTAL EMPLOYEE BENEFITS
6003-500-20-2CLOTHING/UNIFORM/SHOES

11,361
2,657
17,934
1,132
33,214
420
5,748
0
5,283
77,749

12,239
2,862
18,781
617
29,381
340
9,873
29 (
5,430
79,550

12,595
2,990
18,190
0
24,751
397
6,277
14)
5,580
70,766

14,521
3,396
20,821
0
34,631
420
10,000
0
4,200
87,989

14,521
3,396
20,821
0
34,631
420
10,000
0
4,200
87,989

12,986
3,037
18,802
0
29,688
355
6,723
0
4,818
76,410

10,771
2,519
19,384
850
31,000
420
7,500
0
4,500
76,945

15,169
3,548
21,078
0
34,631
420
10,000
0
4,800
89,646

14,049 (
3,286 (
22,036
0
31,302 (
420
10,000
0
4,800
85,893 (

472)
110)
1,215
0
3,329)
0
0
0
600
2,096)

40,000 (
25,000
4,900
18,000
2,000
1,000
4,000
0
4,000
5,000 (
5,000
34,500
6,000
8,000
4,500
16,000
225
2,500
440,000
65,000
70,000
50,000
60,000
10,000
10,000
87,500
87,500
24,750
18,700
6,200
8,000
2,000
0

8,046)
530
1,400
0
0
0
0

CURRENT YEAR NOTES:
INCREASE REFLECTS EXPENSE HISTORY

CONTRACTUAL SERVICES
101-6003-500-30-41 ELECTRICITY
33,605
101-6003-500-30-42 WATER & SEWER
18,219
101-6003-500-30-43 NATURAL GAS & PROPAN
1,572
101-6003-500-30-45 TELEPHONE SERVICES
4,752
101-6003-500-30-48 WASTE COLLECTN & DIS
1,086
101-6003-500-30-51 MEDICAL SERVICES
123
101-6003-500-30-61 REP & MAINT-VEHICLES
2,279
0
0.00
Annual Equipment Mainte
1
4,000.00
101-6003-500-30-62 REP & MAINT-EQUIPMEN
5,182
Annual Maintenance
1
5,000.00
101-6003-500-30-64 REP & MAINT-BLDG/GRO
14,926
Annual Maintenance
1
6,000.00
CHRISTMAS LIGHTING-BRID
1
8,000.00
HARMON PARK PAVILION EL
1
4,500.00
PAVE DOUGLAS PARK COURT
1
16,000.00
101-6003-500-30-75 MEMBERSHIP / DUES
0
101-6003-500-30-83 TRAVEL-BUSINESS EXPE
802
101-6003-500-30-97 OTHER CONCERT EVENTS
0
SEP 22 ARTIST 1/2 CHRI
1
65,000.00
SEP 22 ARTIST 1/2 COUN
1
70,000.00
SEP 22
MISC. CHRISTIA
1
50,000.00
SEP 22
MISC. COUNTRY
1
60,000.00
SEP 22
PROMOTOR CHRIS
1
10,000.00
SEP 22
PROMOTER COUNT
1
10,000.00
SEP 23
ARTIST 1/2 CHR
1
87,500.00
SEP 23
ARTIST 1/2 COU
1
87,500.00
101-6003-500-30-98 OTHER RECREATION EVE
11,263
101-6003-500-30-99 OTHER CONTRACTED SER
14,522
Port O John Rentals
1
6,200.00
TREE SERVICE
1
8,000.00
PEST CONTROL
1
2,000.00
LANDSCAPING- TRAIL TREE
0
5,000.00

35,011
20,792
3,781
15,877
525
0
3,170

37,249
21,469
3,754
16,251
531
904
3,607

48,046
24,470
3,500
18,000
2,000
1,000
4,000

42,046
24,470
3,500
18,000
1,000
1,000
3,000

40,305
23,166
5,707
14,621
132
1,000
2,658

28,000
18,000
1,327
3,836
1,100
276
3,816

55,253
28,141
4,900
18,000
2,000
1,000
4,000

8,756

26,814

6,000

7,000

4,583

15,000

5,000

18,451

18,745

27,500

27,500

22,448

15,000

34,500

175
2,907
0

180
0
0

225
2,500
0

225
0
185,000

180
0
107,693

225
2,250
0

225
2,500
0

6,896
12,738

11,950
11,705

12,500
14,200

27,600
14,200

24,795
12,667

1,000
8,000

15,000
23,700

1,000)
7,000

0
0
440,000

12,250
4,500

6-28-2022 09:59 AM

CITY OF ELIZABETHTON
ADOPTED BUDGET REPORT
AS OF: JUNE 30TH, 2022

PAGE: 65

101-GENERAL FUND
RECREATION SERVICES
EXPENDITURES

(------------------- 2021-2022 -------------------) 2022-2023
2022-2023
ORIGINAL
2018-2019
2019-2020
2020-2021
ORIGINAL
CURRENT
Y-T-D
PROJECTED
REQUESTED
APPROVED
vs APPROVED
ACTUAL
ACTUAL
ACTUAL
BUDGET
BUDGET
ACTUAL
YEAR END
BUDGET
BUDGET
INCR/(DECR)
________________________________________________________________________________________________________________________________________________________________________
2,500_____ ___________
LANDSCAPING- PARK MAINT
1
2,500.00
TOTAL CONTRACTUAL SERVICES
108,331
129,079
153,159
163,941
354,541
259,954
97,830
194,219
620,575
456,634
6003-500-30-4ELECTRICITY

CURRENT YEAR NOTES:
INCREASE OF 15% REFLECTS EXPENSE HISTORY AND NEW FACILITY

6003-500-30-4WATER & SEWER

CURRENT YEAR NOTES:
INCREASE OF 15% REFLECTS EXPENSE HISTORY AND NEW FACILITY

6003-500-30-4NATURAL GAS & PROPANE

CURRENT YEAR NOTES:
INCREASE OF 40% REFLECTS EXPENSE HISTORY AND NEW FACILITY

6003-500-30-6REP & MAINT-VEHICLES

PERMANENT NOTES:
Annual Maintenance of Equipment

6003-500-30-9OTHER RECREATION EVENTS

PERMANENT NOTES:
Funding for Community Special Events and Programming

6003-500-30-9OTHER RECREATION EVENTS

CURRENT YEAR NOTES:
INCREASE REFLECTS THE NEW PROMGRAMMING AND EVENTS FOR
CITIZENS

SUPPLIES & MATERIALS
101-6003-500-40-29 GEN. OPERATING SUPPL
26,587
BASE LINE
1
30,000.00
12 TABLES
0
1,000.00
101-6003-500-40-31 GASOLINE & DIESEL FU
9,510
101-6003-500-40-33 VEH-PARTS/OIL/FLUID/
3,055
101-6003-500-40-39 OTHER REPAIR & MAINT
12,940
Annual Maintenance
1
8,000.00
Annual Trail Maintenanc
1
6,500.00
Mulch-Playgrounds & Fac
1
5,000.00
101-6003-500-40-55 CRUSHED STONE & SAND
5,909
Annual Maint
0
0.00
0
0.00
TOTAL SUPPLIES & MATERIALS
58,002

24,988

28,192

31,400

31,400

30,416

24,185

33,500

7,309
3,771
5,783

8,242
2,801
17,377

9,200
4,500
17,500

9,200
3,000
17,500

10,099
1,386
10,641

6,939
2,174
12,000

10,304
4,500
19,500

2,188

5,521

7,500

7,500

5,491

6,000

7,500

44,040

62,134

70,100

68,600

58,032

51,297

75,304

4,500
4,750
400
894
10,544

2,902
3,467
256
811
7,436

3,902
3,057
245
976
8,180

4,500
4,750
400
894
10,544

6003-500-40-2GEN. OPERATING SUPPLIES

CURRENT YEAR NOTES:
INCREASE REFLECTS GROWING EXPENSE TO MAINTAIN PARK
FACILITIES AND EVETNS

6003-500-40-3GASOLINE & DIESEL FUEL

CURRENT YEAR NOTES:
INCREASE OF 12% RELECTS RISING COST OF FUEL PRICES

FIXED CHARGES
101-6003-500-50-10 LIABILITY,GENERAL
101-6003-500-50-21 BUILDINGS-INSURANCE
101-6003-500-50-22 EQUIPMENT-INSURANCE
101-6003-500-50-24 VEHICLES-INS
TOTAL FIXED CHARGES

3,902
3,057
245
976
8,180

2,827
2,356
190
846
6,219

3,149
2,755
217
817
6,938

4,500
4,750
400
894
10,544

30,000 (
1,400)
30,000
0
17,124
7,924
4,500
0
19,500
2,000
8,000
6,500
5,000
6,000 (
1,500)
6,000
0_____ ___________
77,124
7,024

4,500
4,750
400
894
10,544

0
0
0
0
0

6-28-2022 09:59 AM

CITY OF ELIZABETHTON
ADOPTED BUDGET REPORT
AS OF: JUNE 30TH, 2022

PAGE: 66

101-GENERAL FUND
RECREATION SERVICES
EXPENDITURES

(------------------- 2021-2022 -------------------) 2022-2023
2022-2023
ORIGINAL
2018-2019
2019-2020
2020-2021
ORIGINAL
CURRENT
Y-T-D
PROJECTED
REQUESTED
APPROVED
vs APPROVED
ACTUAL
ACTUAL
ACTUAL
BUDGET
BUDGET
ACTUAL
YEAR END
BUDGET
BUDGET
INCR/(DECR)
________________________________________________________________________________________________________________________________________________________________________
6003-500-50-2BUILDINGS-INSURANCE
CURRENT YEAR NOTES:
INCREASE REFLECTS ADDITIONAL COVERAGE FOR MAINTENANCE
BUILDING
GRANTS & OTHER
101-6003-500-60-80 NRPA GRANT
101-6003-500-60-97 COVID EXPENSE - CARE
TOTAL GRANTS & OTHER

0
0
0

CAPITAL OUTLAY
101-6003-500-90-04 HAMPTON BIKE TRAIL
0
101-6003-500-90-21 BUILDING & IMPROVEM
56,121
HAMPTON TRAIL EXPANSION
0
100,000.00
JOE O'BRIEN FIELD INFIE
0
66,000.00
CITY PARK PAVILION & EQ
3
12,000.00
101-6003-500-90-60 MACHINERY & EQUIPMEN
54,329
101-6003-500-90-70 BLDG & BLDG IMPROVEM
0
PURCHASE OF FRANKLIN FI
1
500,000.00
PURCHASE OF TOM COWAN P
1
650,000.00
101-6003-500-90-71 MOTOR EQUIPMENT
0
ZERO TURN MOWERS
2
11,500.00
101-6003-500-90-99 OTHER CAPITAL OUTLAY
0
TOTAL CAPITAL OUTLAY
110,449

26,656
3,356
30,012

35,743
872
36,615

0
0
0

50,000
0
50,000

23,859
0
23,859

0
0
0

0
0
0

0
17,847

0
0

0
0

75,000
0

0
0

0
56,121

0
214,000

0
0

89,461
0

0
0

0
0

0
0

55,000
0

0

0

50,000

50,000

49,724

20,000

0
17,847

0
89,461

0
50,000

0
125,000

0
49,724

117,181
248,302

29,843
0
29,843

0
36,000
0
0
36,000
0
0
1,125,000
1,150,000
500,000
650,000
23,000
23,000 (
23,000
0
0
1,362,000
1,209,000

29,843
0
29,843

0
36,000

0
1,150,000

27,000)
0
1,159,000

CAPITAL PROJ.
___________ ___________ ___________ ___________ ___________ ___________ ___________ ___________ ___________ ___________
________________________________________________________________________________________________________________________________________________________________________
TOTAL REC SVCS-ATH FIELDS/PARK

557,521

506,753

618,651

613,168

927,268

678,603

659,682

1,973,490

2,256,097

1,642,929

34,722
6,105
550
10,540 (
51,916

57,367
4,403
400
0)
62,170

57,317
3,028
550
0
60,895

59,883
5,000
550
0
65,433

59,883
5,000
550
0
65,433

58,054
7,001
550
0
65,604

31,339
4,500
600
11,000
47,439

59,904
5,000
550
0
65,454

68,659
5,000
550
0
74,209

8,776
0
0
0
8,776

REC SVCS-MILL ST REC CNT
========================
PERSONNEL SERVICES
101-6004-500-10-11 SALARIES/WAGES
101-6004-500-10-12 OVERTIME
101-6004-500-10-14 HOLIDAY BONUS
101-6004-500-10-21 SALARIES/PART TIME
TOTAL PERSONNEL SERVICES
6004-500-10-1OVERTIME

CURRENT YEAR NOTES:
INCREASE DIE TO ANNUAL SPECIAL EVENTS

6004-500-10-2SALARIES/PART TIME

PERMANENT NOTES:
This line item reflects one part-time position.

6-28-2022 09:59 AM

CITY OF ELIZABETHTON
ADOPTED BUDGET REPORT
AS OF: JUNE 30TH, 2022

PAGE: 67

101-GENERAL FUND
RECREATION SERVICES
EXPENDITURES

(------------------- 2021-2022 -------------------) 2022-2023
2022-2023
ORIGINAL
2018-2019
2019-2020
2020-2021
ORIGINAL
CURRENT
Y-T-D
PROJECTED
REQUESTED
APPROVED
vs APPROVED
ACTUAL
ACTUAL
ACTUAL
BUDGET
BUDGET
ACTUAL
YEAR END
BUDGET
BUDGET
INCR/(DECR)
________________________________________________________________________________________________________________________________________________________________________
EMPLOYEE BENEFITS
101-6004-500-20-11 FICA
101-6004-500-20-12 MEDICARE
101-6004-500-20-13 TCRS CONTRIBUTION
101-6004-500-20-14 TCRS - 401K CONTRIBU
101-6004-500-20-15 EMPLOYEE HEALTH INS
101-6004-500-20-17 EMPLOYEE LIFE INS
101-6004-500-20-19 WORKERS COMPENSATION
101-6004-500-20-26 CLOTHING/UNIFORM/SHO
TOTAL EMPLOYEE BENEFITS

3,102
726
5,884
0
6,362
84
1,401
384
17,942

CONTRACTUAL SERVICES
101-6004-500-30-21 PRINTING SERVICES
53
101-6004-500-30-41 ELECTRICITY
9,295
101-6004-500-30-42 WATER & SEWER
3,553
101-6004-500-30-43 NATURAL GAS & PROPAN
4,431
101-6004-500-30-45 TELEPHONE SERVICES
851
101-6004-500-30-48 WASTE COLLECTN & DIS
0
101-6004-500-30-51 MEDICAL SERVICES
0
101-6004-500-30-64 REP & MAINT-BLDG/GRO
5,334
FINISH GYM FLOOR & PAIN
1
16,000.00
101-6004-500-30-78 EDUC,SEMINARS,TRAINI
0
101-6004-500-30-83 TRAVEL-BUSINESS EXPE
1,469
TOTAL CONTRACTUAL SERVICES
24,987

3,688
863
6,694
620
11,076
161
1,989
0
25,090

3,512
841
6,768
0
12,059
144
1,694
125
25,143

4,057
949
9,750
0
12,928
168
2,000
380
30,232

4,057
949
9,750
0
12,928
168
2,000
380
30,232

3,910
914
8,210
0
12,894
163
1,504
0
27,596

3,156
738
5,458
0
6,072
84
1,401
0
16,909

4,059
950
9,753
0
12,928
168
2,000
380
30,238

4,601
1,077
11,058
0
12,521 (
168
2,000
380
31,805

544
128
1,308
0
407)
0
0
0
1,573

0
7,906
3,618
4,196
0
0
0
5,394

721
6,818
3,382
3,385
0
0
0
5,990

800
11,000
4,000
5,000
0
0
150
13,500

800
10,000
4,000
5,000
0
0
150
7,040

478
7,612
3,765
5,086
0
0
0
3,911

0
11,000
3,500
5,000
2,000
2,115
150
5,910

800
11,000
4,000
5,000
0
0
150
16,000

0
0
0
0
0
0
150)
2,500

643
1,886
23,643

635
0
20,931

850
1,800
37,100

0
200
27,190

0
0
20,853

500
1,500
31,675

850
1,800
39,600

800
11,000
4,000
5,000
0
0
0 (
16,000
16,000
850
1,800
39,450

166
0
2,000
11,174
961
14,300

345
3,288
2,000
9,000
1,000
15,633

400
0
3,000
12,000
1,000
16,400

6004-500-30-7EDUC,SEMINARS,TRAINING

PERMANENT NOTES:
Funding used to attend educational seminars such as the TRPA
district meetings.

6004-500-30-8TRAVEL-BUSINESS EXPENSES

PERMANENT NOTES:
Funding used to attend the annual TRPA State Convention

SUPPLIES & MATERIALS
101-6004-500-40-11 OFFICE SUPLYS & MATE
101-6004-500-40-13 OFFICE EQUIPMENT
101-6004-500-40-24 JANITORAL SUPPLIES
101-6004-500-40-29 GEN. OPERATING SUPPL
101-6004-500-40-39 OTHER REPAIR & MAINT
TOTAL SUPPLIES & MATERIALS

384
3,288
1,569
8,931
594
14,767

264
0
805
6,938
117
8,125

328
0
1,970
8,953
0
11,251

400
0
2,000
9,000
1,000
12,400

6004-500-40-2JANITORAL SUPPLIES

CURRENT YEAR NOTES:
INCREASE IN PROGRAMMING IS A RESULT OF INCREASE FUNDING
REQUEST

6004-500-40-2GEN. OPERATING SUPPLIES

CURRENT YEAR NOTES:
INCREASE REFLECTS THE COST FOR NEW PROGRAMMING AND EVENTS

400
0
2,000
11,450
1,000
14,850

400
0
3,000
12,000
1,000
16,400

0
0
2,350

0
0
1,000
3,000
0
4,000

6-28-2022 09:59 AM

CITY OF ELIZABETHTON
ADOPTED BUDGET REPORT
AS OF: JUNE 30TH, 2022

PAGE: 68

101-GENERAL FUND
RECREATION SERVICES
EXPENDITURES

(------------------- 2021-2022 -------------------) 2022-2023
2022-2023
ORIGINAL
2018-2019
2019-2020
2020-2021
ORIGINAL
CURRENT
Y-T-D
PROJECTED
REQUESTED
APPROVED
vs APPROVED
ACTUAL
ACTUAL
ACTUAL
BUDGET
BUDGET
ACTUAL
YEAR END
BUDGET
BUDGET
INCR/(DECR)
________________________________________________________________________________________________________________________________________________________________________
FIXED CHARGES
101-6004-500-50-10 LIABILITY,GENERAL
101-6004-500-50-21 BUILDINGS-INSURANCE
TOTAL FIXED CHARGES
6004-500-50-2BUILDINGS-INSURANCE

951
1,530
2,481

724
1,455
2,179

850
1,699
2,549

1,285
1,785
3,070

1,285
1,785
3,070

793
2,113
2,906

1,224
1,700
2,924

1,285
2,500
3,785

1,285
2,500
3,785

0
715
715

435
435

0
0

0
0

0
0

0
0

0
0

0
0

0
0

CURRENT YEAR NOTES:
INCREASE REFLECTS BUDGET TRENDS

GRANTS & OTHER
101-6004-500-60-97 COVID EXPENSE - CARE
TOTAL GRANTS & OTHER

0
0

0
0

CAPITAL OUTLAY
101-6004-500-90-21 BUILDING IMPROVEMENT
0
0
0
0
6,460
6,460
0
0
0
0
TOTAL CAPITAL OUTLAY
0
0
0
0
6,460
6,460
0
0
0
0
________________________________________________________________________________________________________________________________________________________________________
TOTAL REC SVCS-MILL ST REC CNT

112,093

121,206

121,205

148,235

147,235

137,719

114,580

155,477

165,649

17,414

___________

___________

___________

___________

___________

___________

___________

___________

___________

___________

0
0

0
0

REC SVCS-SPORTS LEAGUE
======================
PERSONNEL SERVICES

EMPLOYEE BENEFITS
101-6005-500-20-19 WORKERS COMPENSATION
TOTAL EMPLOYEE BENEFITS

0
0

0
0

0
0

0
0

0
0

0
0

134
134

0
0

CONTRACTUAL SERVICES
101-6005-500-30-99 OTHER CONTRACTUAL SE
TOTAL CONTRACTUAL SERVICES

8,780
8,780

7,679
7,679

1,835
1,835

19,000
19,000

9,500
9,500

5,340
5,340

14,000
14,000

19,000
19,000

10,000 (
10,000 (

SUPPLIES & MATERIALS
101-6005-500-40-11 OFFICE SUPLYS & MATE
101-6005-500-40-29 GEN. OPERATING SUPPL
TOTAL SUPPLIES & MATERIALS

0
1,154
1,154

0
546
546

0
868
868

220
1,500
1,720

220
11,000
11,220

0
10,303
10,303

220
1,500
1,720

220
1,500
1,720

220
1,500
1,720

0
0
0

0
0

3,147
3,147

3,624
3,624

3,147
3,147

3,147
3,147

4,009
4,009

94
94

4,200
4,200

4,200
4,200

1,053
1,053

FIXED CHARGES
101-6005-500-50-10 LIABILITY,GENERAL
TOTAL FIXED CHARGES
6005-500-50-1LIABILITY,GENERAL

CURRENT YEAR NOTES:
INCREASE REFLECTS BUDGET TRENDS

9,000)
9,000)

6-28-2022 09:59 AM

CITY OF ELIZABETHTON
ADOPTED BUDGET REPORT
AS OF: JUNE 30TH, 2022

PAGE: 69

101-GENERAL FUND
RECREATION SERVICES
EXPENDITURES

(------------------- 2021-2022 -------------------) 2022-2023
2022-2023
ORIGINAL
2018-2019
2019-2020
2020-2021
ORIGINAL
CURRENT
Y-T-D
PROJECTED
REQUESTED
APPROVED
vs APPROVED
ACTUAL
ACTUAL
ACTUAL
BUDGET
BUDGET
ACTUAL
YEAR END
BUDGET
BUDGET
INCR/(DECR)
________________________________________________________________________________________________________________________________________________________________________
GRANTS & OTHER
101-6005-500-60-97 COVID EXPENSE - CARE
0
0
26
0
0
0
0
0
0
0
TOTAL GRANTS & OTHER
0
0
26
0
0
0
0
0
0
0
________________________________________________________________________________________________________________________________________________________________________
TOTAL REC SVCS-SPORTS LEAGUE

9,934

11,372

6,353

23,867

23,867

19,652

15,948

24,920

15,920 (

7,947)

PERSONNEL SERVICES
101-6006-500-10-12 OVERTIME
101-6006-500-10-31 SALARIES/WAGES/TEMPO
TOTAL PERSONNEL SERVICES

156
23,759
23,914

0
0
0

0
0
0

0
0
0

0
0
0

0
0
0

156
32,000
32,156

0
0
0

0
0
0

0
0
0

EMPLOYEE BENEFITS
101-6006-500-20-11 FICA
101-6006-500-20-12 MEDICARE
101-6006-500-20-13 TCRS CONTRIBUTION
101-6006-500-20-15 EMPLOYEE HEALTH INS
101-6006-500-20-17 EMPLOYEE LIFE INS
101-6006-500-20-19 WORKERS COMPENSATION
101-6006-500-20-26 CLOTHING/UNIFORM/SHO
TOTAL EMPLOYEE BENEFITS

1,483
347
1,004
0
0
905
0
3,739

0
0
0
0
0
0
0
0

0
0
0
0
0
0
0
0

0
0
0
0
0
0
0
0

0
0
0
0
0
0
0
0

0
0
0
0
0
0
0
0

2,000
471
1,155
39
1
1,215
385
5,266

0
0
0
0
0
0
0
0

0
0
0
0
0
0
0
0

0
0
0
0
0
0
0
0

CONTRACTUAL SERVICES
101-6006-500-30-11 POSTAL DELIVERY SERV
101-6006-500-30-21 PRINTING SERVICES
101-6006-500-30-45 TELEPHONE SERVICES
101-6006-500-30-75 MEMBERSHIP / DUES
101-6006-500-30-83 TRAVEL-BUSINESS EXPE
TOTAL CONTRACTUAL SERVICES

0
86
283
11,085
2,395
13,848

0
0
116
0
0
116

0
0
137
0
0
137

0
0
0
0
0
0

0
0
0
0
0
0

0
0
116
0
0
116

100
1,800
525
11,000
2,000
15,425

0
0
0
0
0
0

0
0
0
0
0
0

0
0
0
0
0
0

0
0
0
0
0

0
0
0
0
0

200
1,700
0
6,500
8,400

0
0
0
0
0

0
0
0
0
0

0
0
0
0
0

REC SVCS-APPALACHIAN LGE
========================

6006-500-30-2PRINTING SERVICES

PERMANENT NOTES:
Increased amount based on additional marketing and sales
information

SUPPLIES & MATERIALS
101-6006-500-40-11 OFFICE SUPLYS & MATE
101-6006-500-40-14 STADIUM ADVERTISING
101-6006-500-40-15 PROGRAM EXPENSES
101-6006-500-40-29 GEN. OPERATING SUPPL
TOTAL SUPPLIES & MATERIALS

253
738
750
6,476 (
8,218 (

1
0
0
300)
299)

0
0
0
0
0

0
0
0
0
0

6-28-2022 09:59 AM

CITY OF ELIZABETHTON
ADOPTED BUDGET REPORT
AS OF: JUNE 30TH, 2022

PAGE: 70

101-GENERAL FUND
RECREATION SERVICES
EXPENDITURES

(------------------- 2021-2022 -------------------) 2022-2023
2022-2023
ORIGINAL
2018-2019
2019-2020
2020-2021
ORIGINAL
CURRENT
Y-T-D
PROJECTED
REQUESTED
APPROVED
vs APPROVED
ACTUAL
ACTUAL
ACTUAL
BUDGET
BUDGET
ACTUAL
YEAR END
BUDGET
BUDGET
INCR/(DECR)
________________________________________________________________________________________________________________________________________________________________________
PURCHASES FOR RESALE
101-6006-500-41-40 CAPS,SHIRTS,CONCESSI
TOTAL PURCHASES FOR RESALE

1,684
1,684

0
0

0
0

0
0

0
0

0
0

0
0

0
0

0
0

0
0

FIXED CHARGES
101-6006-500-50-10 LIABILITY,GENERAL
101-6006-500-50-21 BUILDINGS-INSURANCE
TOTAL FIXED CHARGES

614
0
614

0
2,866
2,866

0
2,883
2,883

0
3,000
3,000

0
3,000
3,000

0
3,345
3,345

614
572
1,186

0
3,500
3,500

0
3,500
3,500

0
500
500

___________

___________

___________

___________

___________

___________

___________

6006-500-50-2BUILDINGS-INSURANCE

CURRENT YEAR NOTES:
INCREASE REFLECTS CURRENT BUDGET TRENDS

GRANTS & OTHER

___________

___________

___________

CAPITAL OUTLAY
___________ ___________ ___________ ___________ ___________ ___________ ___________ ___________ ___________ ___________
________________________________________________________________________________________________________________________________________________________________________
TOTAL REC SVCS-APPALACHIAN LGE

52,017

2,682

3,020

3,000

3,000

3,461

62,433

3,500

3,500

500

22,768
1,862
3,084
2,877
16,630
47,220

22,474
1,677
3,521
0
22,132
49,805

21,408
1,862
3,358
120
745
27,493

24,635
1,800
5,500
3,500
700
36,135

21,635
1,800
5,500
3,500
700
33,135

20,173
2,147
4,967
3,432
573
31,292

21,454
1,500
4,000
0
16,000
42,954

24,635
2,160
5,500
3,500
700
36,495

24,635
2,160
5,500
3,500
700
36,495

0
360
0
0
0
360

2,928
2,928

2,782
2,782

2,782
2,782

3,657
3,657

2,650
2,650

3,800
3,800

3,800
3,800

1,018
1,018

___________

___________

___________

___________

___________

___________

___________

___________

REC SVCS-BOYS&GIRLS CLUB
========================
CONTRACTUAL SERVICES
101-6007-500-30-41 ELECTRICITY
101-6007-500-30-42 WATER & SEWER
101-6007-500-30-43 NATURAL GAS & PROPAN
101-6007-500-30-64 REP & MAINT-BLDG/GRO
101-6007-500-30-99 OTHER CONTRACTUAL SE
TOTAL CONTRACTUAL SERVICES
6007-500-30-4WATER & SEWER

FIXED CHARGES
101-6007-500-50-21 BUILDINGS-INSURANCE
TOTAL FIXED CHARGES

CURRENT YEAR NOTES:
INCREASE OF 20% REFLECTS BUDGET TRENDS

2,628
2,628

2,504
2,504

6007-500-50-2BUILDINGS-INSURANCE

CURRENT YEAR NOTES:
INCREASE REFLECTS BUDGET TRENDS

GRANTS & OTHER

___________

___________

CAPITAL OUTLAY
101-6007-500-90-99 OTHER CAPITAL OUTLAY
25,063
0
0
0
0
0
25,063
0
0
0
TOTAL CAPITAL OUTLAY
25,063
0
0
0
0
0
25,063
0
0
0
________________________________________________________________________________________________________________________________________________________________________
TOTAL REC SVCS-BOYS&GIRLS CLUB
74,911
52,309
30,421
38,917
35,917
34,948
70,667
40,295
40,295
1,378
________________________________________________________________________________________________________________________________________________________________________
TOTAL RECREATION SERVICES

1,108,059

932,996

1,027,044

1,149,417

1,541,627

1,262,098

1,204,554

2,986,286

4,510,752

3,361,335

6-28-2022 09:59 AM

CITY OF ELIZABETHTON
ADOPTED BUDGET REPORT
AS OF: JUNE 30TH, 2022

PAGE: 71

101-GENERAL FUND
PUBLIC LIBRARY
EXPENDITURES

(------------------- 2021-2022 -------------------) 2022-2023
2022-2023
ORIGINAL
2018-2019
2019-2020
2020-2021
ORIGINAL
CURRENT
Y-T-D
PROJECTED
REQUESTED
APPROVED
vs APPROVED
ACTUAL
ACTUAL
ACTUAL
BUDGET
BUDGET
ACTUAL
YEAR END
BUDGET
BUDGET
INCR/(DECR)
________________________________________________________________________________________________________________________________________________________________________

PUB LIBR - ADMIN
================
PERSONNEL SERVICES
101-6101-500-10-11 SALARIES/WAGES
101-6101-500-10-12 OVERTIME
101-6101-500-10-14 HOLIDAY BONUS
101-6101-500-10-21 SALARIES/PART TIME
TOTAL PERSONNEL SERVICES

184,289
0
1,400
61,540
247,228

221,429
0
1,350
50,218
272,997

223,294
0
1,500
43,467
268,262

231,441
0
1,800
54,828
288,069

233,361
0
1,800
54,828
289,989

220,302
0
1,500
52,170
273,971

188,000
100
1,400
75,203
264,703

231,442
0
1,800
66,743
299,985

243,014
0
1,800
57,566
302,380

11,573
0
0
2,738
14,311

EMPLOYEE BENEFITS
101-6101-500-20-11 FICA
101-6101-500-20-12 MEDICARE
101-6101-500-20-13 TCRS CONTRIBUTION
101-6101-500-20-14 TCRS - 401K CONTRIBU
101-6101-500-20-15 EMPLOYEE HEALTH INS
101-6101-500-20-17 EMPLOYEE LIFE INS
101-6101-500-20-19 WORKERS COMPENSATION
TOTAL EMPLOYEE BENEFITS

15,103
3,532
20,924
2,108
33,661
488
516
76,332

16,715
3,909
19,539
2,307
34,700
524
577
78,271

16,419
3,839
22,305
0
40,766
575
487
84,392

17,860
4,177
27,700
0
43,494
672
1,050
94,953

17,980
4,205
27,873
0
43,494
672
1,050
95,274

16,787
3,926
26,033
0
42,419
559
461
90,185

17,556
4,106
25,102
0
37,210
504
1,000
85,478

18,600
4,350
27,701
0
43,494
588
1,050
95,783

18,748
4,385
29,079
0
43,822
588 (
1,050
97,672

888
208
1,379
0
328
84)
0
2,719

CONTRACTUAL SERVICES
101-6101-500-30-11 POSTAL DELIVERY SERV
101-6101-500-30-21 PRINTING SERVICES
101-6101-500-30-31 LEGAL NOTICES
101-6101-500-30-41 ELECTRICITY
101-6101-500-30-42 WATER & SEWER
101-6101-500-30-43 NATURAL GAS & PROPAN
101-6101-500-30-45 TELEPHONE SERVICES
101-6101-500-30-51 MEDICAL SERVICES
101-6101-500-30-63 REP & MAINT-OFFICE E
101-6101-500-30-64 REP & MAINT-BLDG/GRO
GENERAL BUILDING MAINTE
0
101-6101-500-30-75 MEMBERSHIP / DUES
101-6101-500-30-78 EDUC,SEMINARS,TRAINI
101-6101-500-30-80 FINES, FEES, LOST BO
101-6101-500-30-83 TRAVEL-BUSINESS EXPE
101-6101-500-30-99 OTHER CONTRACTUAL SE
TOTAL CONTRACTUAL SERVICES

490
0
433
23,860
3,107
4,321
3,662
282
0
20,991
0.00
1,497
55
272
1,620
17,038
77,628

402
0
323
20,140
1,584
4,381
3,860
266
0
14,177

199
0
460
18,527
1,375
4,261
4,024
188
0
3,315

500
0
200
25,000
2,500
5,000
4,000
94
0
20,000

500
0
200
23,200
2,500
6,800
4,000
94
0
20,821

243
0
113
18,647
1,563
6,838
3,123
94
0
16,920

600
100
150
23,704
2,856
4,800
3,600
500
600
27,750

250
0
115
25,000
2,500
5,000
4,000
94
0
20,000

250)
0
85)
0
0
0
0
0
0
0

853
388
173
909
15,085
62,541

1,073
240
234
30
18,659
52,585

2,400
2,000
800
0
15,000
77,494

2,400
2,000
800
0
13,730
77,045

1,557
258
163
0
13,295
62,815

1,500
1,000
400
1,000
17,180
85,740

2,000
1,000
800
0
15,000
75,759

250 (
0
115 (
25,000
2,500
5,000
4,000
94
0
20,000
20,000
2,000 (
1,000 (
800
0
15,000
75,759 (

6101-500-30-1POSTAL DELIVERY SERVICE

CURRENT YEAR NOTES:
Reduced b/c rely more on digital notification

6101-500-30-3LEGAL NOTICES

CURRENT YEAR NOTES:
Covers cost of one position

6101-500-30-4TELEPHONE SERVICES

CURRENT YEAR NOTES:
Verizon $98/mo; Spectrum $200/mo; Century Link $6/mo;
Charter $29/mo; for a total of $3996/year

400)
1,000)
0
0
0
1,735)

6-28-2022 09:59 AM

CITY OF ELIZABETHTON
ADOPTED BUDGET REPORT
AS OF: JUNE 30TH, 2022

PAGE: 72

101-GENERAL FUND
PUBLIC LIBRARY
EXPENDITURES

(------------------- 2021-2022 -------------------) 2022-2023
2022-2023
ORIGINAL
2018-2019
2019-2020
2020-2021
ORIGINAL
CURRENT
Y-T-D
PROJECTED
REQUESTED
APPROVED
vs APPROVED
ACTUAL
ACTUAL
ACTUAL
BUDGET
BUDGET
ACTUAL
YEAR END
BUDGET
BUDGET
INCR/(DECR)
________________________________________________________________________________________________________________________________________________________________________
6101-500-30-5MEDICAL SERVICES
CURRENT YEAR NOTES:
Covers cost of one position
6101-500-30-7MEMBERSHIP / DUES

CURRENT YEAR NOTES:
For 7FT Staff: ALA $1036; PLA $539; Other $402

6101-500-30-8TRAVEL-BUSINESS EXPENSES

CURRENT YEAR NOTES:
No planned travel for FY22/23

6101-500-30-9OTHER CONTRACTUAL SERVICE CURRENT YEAR NOTES:
NovaTech aprox $300/mo for 3 machines; Fleenor $210/mo; ILS
$6814; Code&Color $50/mo; aprox $13,534/year
SUPPLIES & MATERIALS
101-6101-500-40-11 OFFICE SUPLYS & MATE
101-6101-500-40-13 OFFICE EQUIPMENT
101-6101-500-40-18 LIBRARY BOOKS & MATE
101-6101-500-40-24 JANITORAL SUPPLIES
101-6101-500-40-29 GEN. OPERATING SUPPL
PROGRAMMING
0
Archival Supplies
0
Other Gen Ops Sup
0
101-6101-500-40-31 GASOLINE & DIESEL FU
101-6101-500-40-39 OTHER REPAIR & MAINT
101-6101-500-40-98 SPECIFIED DONATIONS
TOTAL SUPPLIES & MATERIALS
6101-500-40-9SPECIFIED DONATIONS LIB.

5,935
5,993
42,113
1,110
20,047
0.00
0.00
0.00
0
0
0
75,197

3,428
585
41,259
890
9,040

2,229
1,584
44,955
507
11,483

11,000
7,700
60,000
1,000
20,000

8,759
7,700
60,000
1,000
19,179

4,381
3,254
48,482
789
12,757

40,000
5,933
45,000
2,000
12,842

10,000
7,200
67,000
1,000
20,000

0
0
0
55,202

0
0
995
61,754

0
0
2,000
101,700

0
0
2,000
98,638

0
0
0
69,663

200
1,500
0
107,475

0
0
1,000
106,200

10,000 (
7,200 (
63,020
1,000
20,000
4,000
1,000
15,000
0
0
1,000 (
102,220

1,000)
500)
3,020
0
0

0
0
1,000)
520

CURRENT YEAR NOTES:
Reduced b/c haven't received same donations as prior FY

FIXED CHARGES
101-6101-500-50-10 LIABILITY,GENERAL
101-6101-500-50-21 BUILDINGS-INSURANCE
101-6101-500-50-23 PROPERTY (CONTENTS)
TOTAL FIXED CHARGES

1,042
5,348
76
6,466

1,387
5,045
82
6,514

1,533
5,845
79
7,457

1,800
5,800
100
7,700

1,800
7,070
100
8,970

1,602
7,070
88
8,760

1,042
5,348
100
6,490

1,800
7,100
100
9,000

1,800
7,100
100
9,000

0
1,300
0
1,300

GRANTS & OTHER
101-6101-500-60-01 TN GOVERNOR'S GRANT
101-6101-500-60-51 BURROW ESTATE DONATI
101-6101-500-60-52 S. MARTIN BRONSON ES
101-6101-500-60-53 LIBRARY GRANTS (NON101-6101-500-60-54 LSTA GRANT MATCHING
TOTAL GRANTS & OTHER

0
0
0
0
0
0

0
0
0
0
4,868
4,868

49,166
0
0
9,389
0
58,555

0
5,000
1,500
12,000
0
18,500

0
5,000
1,500
12,000
0
18,500

0
0
0
13,133
0
13,133

0
5,000
1,500
1,774
6,486
14,760

0
5,000
1,500
12,000
0
18,500

0
5,000
1,500
12,000
0
18,500

0
0
0
0
0
0

CAPITAL OUTLAY
101-6101-500-90-99 OTHER CAPITAL OUTLAY
92,723
0
0
0
0
0
112,277
0
0
0
TOTAL CAPITAL OUTLAY
92,723
0
0
0
0
0
112,277
0
0
0
________________________________________________________________________________________________________________________________________________________________________
TOTAL PUB LIBR - ADMIN

575,575

480,394

533,004

588,416

588,416

518,526

676,923

605,227

605,531

17,115

6-28-2022 09:59 AM

CITY OF ELIZABETHTON
ADOPTED BUDGET REPORT
AS OF: JUNE 30TH, 2022

PAGE: 73

101-GENERAL FUND
PUBLIC LIBRARY
EXPENDITURES

(------------------- 2021-2022 -------------------) 2022-2023
2022-2023
ORIGINAL
2018-2019
2019-2020
2020-2021
ORIGINAL
CURRENT
Y-T-D
PROJECTED
REQUESTED
APPROVED
vs APPROVED
ACTUAL
ACTUAL
ACTUAL
BUDGET
BUDGET
ACTUAL
YEAR END
BUDGET
BUDGET
INCR/(DECR)
________________________________________________________________________________________________________________________________________________________________________
________________________________________________________________________________________________________________________________________________________________________
TOTAL PUBLIC LIBRARY

575,575

480,394

533,004

588,416

588,416

518,526

676,923

605,227

605,531

17,115

6-28-2022 09:59 AM

CITY OF ELIZABETHTON
ADOPTED BUDGET REPORT
AS OF: JUNE 30TH, 2022

PAGE: 74

101-GENERAL FUND
DEBT SERVICE
EXPENDITURES

(------------------- 2021-2022 -------------------) 2022-2023
2022-2023
ORIGINAL
2018-2019
2019-2020
2020-2021
ORIGINAL
CURRENT
Y-T-D
PROJECTED
REQUESTED
APPROVED
vs APPROVED
ACTUAL
ACTUAL
ACTUAL
BUDGET
BUDGET
ACTUAL
YEAR END
BUDGET
BUDGET
INCR/(DECR)
________________________________________________________________________________________________________________________________________________________________________

DEBT SERVICE - BONDS
====================
DEBT SERVICE

___________

DEBT SERVICE PRINCIPAL
101-7002-500-71-24 SCHOOL BOND 2009 PRI
415,000
101-7002-500-71-25 GO BOND 2010B $505,0
35,000
101-7002-500-71-26 GO BOND 2012 $2.145
135,000
101-7002-500-71-27 SCHOOL BOND 2013 PRI
0
SEPTEMBER 2022
1
40,000.00
101-7002-500-71-28 GO BOND 2017 PRINCIP
220,000
SEPTEMBER 2022
1
160,000.00
101-7002-500-71-29 GO BOND 2017 SCHOOL
30,000
SEPTEMBER 2022
1
450,000.00
101-7002-500-71-30 GO BOND 2020 CITY PR
0
MARCH 2023
1
125,000.00
101-7002-500-71-31 GO BOND 2020 SCH PRI
0
MARCH 2023
1
50,000.00
TOTAL DEBT SERVICE PRINCIPAL
835,000

___________

___________

___________

___________

___________

___________

___________

0
35,000
100,000
0

0
0
0
0

0
0
0
20,000

0
0
0
20,000

0
0
0
20,000

415,000
35,000
135,000
0

0
0
0
40,000

225,000

160,000

155,000

155,000

155,000

220,000

455,000

470,000

460,000

460,000

460,000

30,000

0

130,000

120,000

120,000

120,000

0

0

50,000

45,000

45,000

45,000

0

815,000

810,000

800,000

800,000

800,000

835,000

___________

___________

0
0
0
0
0
0
40,000
20,000
40,000
160,000
160,000
5,000
160,000
450,000
450,000 (
10,000)
450,000
125,000
125,000
5,000
125,000
50,000
50,000
5,000
50,000_____ ___________
825,000
825,000
25,000

DEBT SERVICE INTEREST
101-7002-500-72-24 2009 SCHOOL BOND INT
8,196
0
0
0
0
0
8,196
0
0
0
101-7002-500-72-25 GO BOND 2010B $505,0
2,231
1,138
0
0
0
0
2,232
0
0
0
101-7002-500-72-26 GO BOND 2012 $2.145
3,775
1,750
0
0
0
0
3,775
0
0
0
101-7002-500-72-27 SCHOOL BOND 2013 INT
200,625
200,625
200,625
200,325
200,325
200,325
200,625
199,425
199,425 (
900)
SEPTEMBER 2022
1
100,012.50
100,013
MARCH 2023
1
99,412.50
99,413
101-7002-500-72-28 GO BOND 2017 INTERES
67,098
62,648
58,798
55,648
55,648
55,648
89,798
52,498
52,498 (
3,150)
SEPTEMBER 2022
1
27,048.75
27,049
MARCH 2023
1
25,448.75
25,449
ROUNDING
1
0.50
1
101-7002-500-72-29 GO BOND 2017 SCHOOL
45,700
40,850
31,600
22,300
22,300
22,300
45,700
13,200
13,200 (
9,100)
SEPTEMBER 2022
1
8,850.00
8,850
MARCH 2023
1
4,350.00
4,350
101-7002-500-72-30 GO BOND 2020 CITY IN
0
0
75,215
80,218
80,218
80,218
0
75,418
75,418 (
4,800)
SEPTEMBER 2022
1
37,708.75
37,709
MARCH 2023
1
37,708.75
37,709
ROUNDING
1
0.50
1
101-7002-500-72-31 GO BOND 2020 SCH INT
0
0
28,233
30,063
30,063
30,063
0
28,263
28,263 (
1,800)
SEPTEMBER 2022
1
14,131.25
14,131
MARCH 2023
1
14,131.25
14,131
1_____ ___________
ROUNDING
1
0.50
TOTAL DEBT SERVICE INTEREST
327,625
307,010
394,470
388,554
388,554
388,553
350,326
368,804
368,804 (
19,750)
________________________________________________________________________________________________________________________________________________________________________
TOTAL DEBT SERVICE - BONDS

1,162,625

1,122,010

1,204,470

1,188,554

1,188,554

1,188,553

1,185,326

1,193,804

1,193,804

5,250

6-28-2022 09:59 AM

CITY OF ELIZABETHTON
ADOPTED BUDGET REPORT
AS OF: JUNE 30TH, 2022

PAGE: 75

101-GENERAL FUND
DEBT SERVICE
EXPENDITURES

(------------------- 2021-2022 -------------------) 2022-2023
2022-2023
ORIGINAL
2018-2019
2019-2020
2020-2021
ORIGINAL
CURRENT
Y-T-D
PROJECTED
REQUESTED
APPROVED
vs APPROVED
ACTUAL
ACTUAL
ACTUAL
BUDGET
BUDGET
ACTUAL
YEAR END
BUDGET
BUDGET
INCR/(DECR)
________________________________________________________________________________________________________________________________________________________________________
DEBT SERVICE-OTHER DEBTS
========================
DEBT SERVICE

___________

DEBT SERVICE PRINCIPAL
101-7003-500-71-24 CON $252k - FIRE TRU
38,316
101-7003-500-71-25 CON FY14 $441,838
90,983
101-7003-500-71-28 CON FY16 $177,500
60,112
101-7003-500-71-30 CON FY19 $450,800
0
DECEMBER 2022
1
64,288.52
ROUNDING
1
0.48
TOTAL DEBT SERVICE PRINCIPAL
189,411

___________

___________

___________

___________

___________

___________

___________

0
0
0
58,714

0
0
0
60,484

0
0
0
62,374

0
0
0
62,374

0
0
0
62,374

38,316
90,983
60,099
0

0
0
0
64,289

58,714

60,484

62,374

62,374

62,374

189,398

64,289

___________

___________

0
0
0
0
0
0
64,289
1,915
64,289
0_____ ___________
64,289
1,915

DEBT SERVICE INTEREST
101-7003-500-72-24 CON $252k - FIRE TRU
816
0
0
0
0
0
816
0
0
0
101-7003-500-72-25 CON FY14 $441,838
726
0
0
0
0
0
726
0
0
0
101-7003-500-72-28 CON FY16 $177,500
942
0
0
0
0
0
955
0
0
0
101-7003-500-72-30 CON FY19 $450,800
0
13,840
12,070
10,181
10,181
10,180
0
8,266
8,266 (
1,915)
DECEMBER 2022
1
8,265.31
8,265
1_____ ___________
ROUNDING
1
0.69
TOTAL DEBT SERVICE INTEREST
2,484
13,840
12,070
10,181
10,181
10,180
2,497
8,266
8,266 (
1,915)
________________________________________________________________________________________________________________________________________________________________________
TOTAL DEBT SERVICE-OTHER DEBTS

191,895

72,554

72,554

72,555

72,555

72,554

191,895

72,555

72,555

0

DEBT SERVICE-LT LEASE
=====================
___________ ___________ ___________ ___________ ___________ ___________ ___________ ___________ ___________ ___________
DEBT SERVICE
________________________________________________________________________________________________________________________________________________________________________
DEBT SERVICE-MISC CHARGE
========================
DEBT SERVICE
101-7005-500-70-97 PAYING AGENTS FEE SC
1,628
292
1,736
2,168
2,168
1,838
921
2,313
2,313
145
REGIONS FEES GO BOND 20
1
930.00
930
REGIONS FEES GO BOND 20
1
308.00
308
REGIONS FEES GO BOND 20
1
1,075.00
1,075
101-7005-500-70-98 PAYING AGENTS FEES
2,750
1,816
815
2,738
2,738
3,880
2,750
2,988
2,988
250
REGIONS FEES- 1/2 GO BO
1
930.00
930
REGIONS FEES- 1/3 GO BO
1
308.00
308
1,750_____ ___________
DISSEMINATION AGENT
1
1,750.00
TOTAL DEBT SERVICE
4,378
2,108
2,552
4,906
4,906
5,718
3,671
5,301
5,301
395
________________________________________________________________________________________________________________________________________________________________________
TOTAL DEBT SERVICE-MISC CHARGE
4,378
2,108
2,552
4,906
4,906
5,718
3,671
5,301
5,301
395
________________________________________________________________________________________________________________________________________________________________________
TOTAL DEBT SERVICE

1,358,897

1,196,672

1,279,576

1,266,015

1,266,015

1,266,824

1,380,892

1,271,660

1,271,660

5,645

6-28-2022 09:59 AM

CITY OF ELIZABETHTON
ADOPTED BUDGET REPORT
AS OF: JUNE 30TH, 2022

PAGE: 76

101-GENERAL FUND
INTER-GOVERNMENTAL
EXPENDITURES

(------------------- 2021-2022 -------------------) 2022-2023
2022-2023
ORIGINAL
2018-2019
2019-2020
2020-2021
ORIGINAL
CURRENT
Y-T-D
PROJECTED
REQUESTED
APPROVED
vs APPROVED
ACTUAL
ACTUAL
ACTUAL
BUDGET
BUDGET
ACTUAL
YEAR END
BUDGET
BUDGET
INCR/(DECR)
________________________________________________________________________________________________________________________________________________________________________

INTERGOVT-OTHERS
================
SPECIAL APPROP-OTHER GOV
101-8002-500-61-01 CARTER CO HEALTH DEP
28,910
101-8002-500-61-04 FIRST TN DEVELOPMENT
4,379
101-8002-500-61-05 CARTER CO EMERG MGT
18,271
BASE
1
18,271.00
ALARM SYSTEM
0
3,766.00
CITY MANAGER
1
929.00
101-8002-500-61-06 NE TN REGIONAL ECONO
35,000
101-8002-500-61-07 TN REHAB/VOCATION CE
20,350
101-8002-500-61-08 RESCUE SQUAD
120,000
101-8002-500-61-09 SOIL CONSERVATION
4,000
101-8002-500-61-11 DOWNTOWN BUSINESS AS
10,000
101-8002-500-61-13 HOLIDAY LIGHTING COM
1,960
101-8002-500-61-16 CARTER CO IMAGINATIO
5,000
101-8002-500-61-17 FIRST TN HUMAN RESOU
5,000
101-8002-500-61-19 JERICHO ORIENTAL BAN
3,500
101-8002-500-61-20 IND DEV BOARD SNAP O
45,000
TOTAL SPECIAL APPROP-OTHER GOV
301,370

28,910
4,379
18,271

28,910
4,379
18,271

28,910
4,379
18,271

28,910
4,379
18,271

28,910
4,379
13,703

28,910
4,379
18,271

28,910
4,298
22,037

35,000
20,350
120,000
4,000
3,000
2,150
5,000
5,000
0
0
246,060

35,000
20,350
120,000
4,000
0
2,150
5,000
5,000
0
0
243,060

35,000
20,350
120,000
4,000
0
2,500
5,000
5,000
0
0
243,410

35,000
20,350
120,000
4,000
0
2,500
5,000
5,000
0
0
243,410

17,500
20,350
120,000
4,000
0
2,500
0
5,000
0
0
216,342

35,000
20,350
120,000
4,000
10,000
1,960
5,000
5,000
3,500
45,000
301,370

0
20,350
150,000
5,500
0
2,500
5,000
5,000
0
0
243,595

28,910
4,298 (
19,200
18,271
0
929
35,000
20,350
130,000
4,000
0
7,500
5,000
5,000
0
0
259,258

0
81)
929

0
0
10,000
0
0
5,000
0
0
0
0
15,848

8002-500-61-0TN REHAB/VOCATION CENTER

PERMANENT NOTES:
TRC Elizabethton receives no state funding only local and
federal.
________________________________________________________________________________________________________________________________________________________________________
TOTAL INTERGOVT-OTHERS
301,370
246,060
243,060
243,410
243,410
216,342
301,370
243,595
259,258
15,848
________________________________________________________________________________________________________________________________________________________________________
TOTAL INTER-GOVERNMENTAL

301,370

246,060

243,060

243,410

243,410

216,342

301,370

243,595

259,258

15,848

6-28-2022 09:59 AM

CITY OF ELIZABETHTON
ADOPTED BUDGET REPORT
AS OF: JUNE 30TH, 2022

PAGE: 77

101-GENERAL FUND
INTER-FUND TRANSFERS
EXPENDITURES

(------------------- 2021-2022 -------------------) 2022-2023
2022-2023
ORIGINAL
2018-2019
2019-2020
2020-2021
ORIGINAL
CURRENT
Y-T-D
PROJECTED
REQUESTED
APPROVED
vs APPROVED
ACTUAL
ACTUAL
ACTUAL
BUDGET
BUDGET
ACTUAL
YEAR END
BUDGET
BUDGET
INCR/(DECR)
________________________________________________________________________________________________________________________________________________________________________

INTERFUND TRANSFERS
===================
INTER-FUND TRNSF/INTRNL
101-9202-500-62-36 BONNIE KATE 145
6,000
101-9202-500-62-72 PARK & REC GRANT 172
14,000
LINEAR TRAIL COMPLETION
1
50,000.00
101-9202-500-62-84 CAPITAL PROJ FUND
0
JOE O'BRIEN FIELD
1
48,355.00
101-9202-500-62-87 OPEB INVESTMENT TRUS
20,000
TOTAL INTER-FUND TRNSF/INTRNL
40,000

6,000
14,000

6,000
0

6,000
50,000

6,000
50,000

6,000
50,000

6,000
14,000

6,000
50,000

0

163,479

178,180

178,180

178,180

0

0

0
20,000

20,000
189,479

20,000
254,180

20,000
254,180

20,000
254,180

20,000
40,000

20,000
76,000

6,000
50,000
50,000
48,355 (
48,355
20,000
124,355 (

0
0
129,825)
0
129,825)

INTER-FUND TRNSF/EXTRNL
101-9202-500-63-01 GEN PURP-SCHOOL-OPER 2,400,000
2,400,000
2,400,000
2,400,000
2,400,000
2,400,000
2,400,000
2,400,000
2,400,000
0
OPERATING ALLOCATION
1 2,400,000.00
2,400,000
SECURITY PROJECTS
0
0.00
0
101-9202-500-63-02 SCHOOL SALES TAX
275,000
0
0
545,000
545,000
0
275,000
0
0 (
545,000)
101-9202-500-63-03 ELIZ MUN AIRPORT FUN
145,000
145,000
145,000
145,000
145,000
145,000
145,000
145,000
145,000
0
101-9202-500-63-06 GOLF COURSE
260,000
209,759
90,000
110,650
97,300
97,300
140,000
110,650
110,650
0
MANAGEMENT FEE
12
7,500.00
90,000
BUDGET COVERAGE
1
20,650.00
20,650
15,295
16,966
15,000
15,000
20,106
13,000
15,000
15,000
0
101-9202-500-63-07 MIXED DRINK TAX CITY
53,086
TOTAL INTER-FUND TRNSF/EXTRNL
3,133,086
2,770,054
2,651,966
3,215,650
3,202,300
2,662,406
2,973,000
2,670,650
2,670,650 (
545,000)
________________________________________________________________________________________________________________________________________________________________________
TOTAL INTERFUND TRANSFERS
3,173,086
2,790,054
2,841,445
3,469,830
3,456,480
2,916,586
3,013,000
2,746,650
2,795,005 (
674,825)
________________________________________________________________________________________________________________________________________________________________________
TOTAL INTER-FUND TRANSFERS
3,173,086
2,790,054
2,841,445
3,469,830
3,456,480
2,916,586
3,013,000
2,746,650
2,795,005 (
674,825)
________________________________________________________________________________________________________________________________________________________________________
TOTAL EXPENDITURES

17,563,200
===========

16,143,367
===========

17,666,511
===========

19,147,064
===========

21,406,448
===========

18,119,455
===========

19,115,370
===========

REVENUE OVER/(UNDER) EXPENDITURES

(

22,777,022
===========

23,405,488
===========

4,258,424
===========

217,763)
1,513,286
=========== ===========

3,166,382
===========

0
===========

0
===========

2,229,943
===========

39,766 ( 4,685,645)
0
=========== =========== ===========

0
===========

6-06-2022 09:26 AM

CITY OF ELIZABETHTON
ADOPTED BUDGET REPORT
AS OF: MAY 31ST, 2022

PAGE:

1

127-AMERICAN RESCUE PLAN FUND
REVENUES

(------------------- 2021-2022 -------------------) 2022-2023
2022-2023
ORIGINAL
2018-2019
2019-2020
2020-2021
ORIGINAL
CURRENT
Y-T-D
PROJECTED
REQUESTED
APPROVED
vs APPROVED
ACTUAL
ACTUAL
ACTUAL
BUDGET
BUDGET
ACTUAL
YEAR END
BUDGET
BUDGET
INCR/(DECR)
________________________________________________________________________________________________________________________________________________________________________

INTERGOVERNMENTAL
=================
FEDERAL GOV - GRANTS
127-0000-333-01-00 AMERICAN RESCUE PLAN
0
0
0
0
0
0
0
0
274,343
274,343
274,343_____ ___________
GEN FUND TRANSFER - FY
1
274,343.00
TOTAL FEDERAL GOV - GRANTS
0
0
0
0
0
0
0
0
274,343
274,343
________________________________________________________________________________________________________________________________________________________________________
TOTAL INTERGOVERNMENTAL

0

0

0

0

0

0

0

0

274,343

274,343

OTHER REVENUES
==============
INTEREST
127-0000-361-01-00 INTEREST/INVESTMENTS
0
0
0
0
0
146
0
0
0
0
TOTAL INTEREST
0
0
0
0
0
146
0
0
0
0
________________________________________________________________________________________________________________________________________________________________________
TOTAL OTHER REVENUES
0
0
0
0
0
146
0
0
0
0
________________________________________________________________________________________________________________________________________________________________________
TOTAL REVENUES

0

0

0

0

0

146

0

0

274,343

274,343

6-06-2022 09:26 AM

CITY OF ELIZABETHTON
ADOPTED BUDGET REPORT
AS OF: MAY 31ST, 2022

PAGE:

2

127-AMERICAN RESCUE PLAN FUND
AMERICAN RESCUE PLAN ACT
EXPENDITURES

(------------------- 2021-2022 -------------------) 2022-2023
2022-2023
ORIGINAL
2018-2019
2019-2020
2020-2021
ORIGINAL
CURRENT
Y-T-D
PROJECTED
REQUESTED
APPROVED
vs APPROVED
ACTUAL
ACTUAL
ACTUAL
BUDGET
BUDGET
ACTUAL
YEAR END
BUDGET
BUDGET
INCR/(DECR)
________________________________________________________________________________________________________________________________________________________________________

AMERICAN RESCUE PLAN ACT
========================
INTER-FUND TRNSF/INTRNL
127-1410-500-62-01 GENERAL FUND 101
0
0
0
0
0
0
0
0
274,343
274,343
PATROL CARS
2
58,304.00
116,608
BATTALION CHIEF VEHICLE
1
63,500.00
63,500
SIDEWALK IMPROVEMENTS A
1
50,000.00
50,000
SALT DOG SPREADERS
2
7,117.50
14,235
30,000_____ ___________
CANOPY MONEY
1
30,000.00
TOTAL INTER-FUND TRNSF/INTRNL
0
0
0
0
0
0
0
0
274,343
274,343
________________________________________________________________________________________________________________________________________________________________________
TOTAL AMERICAN RESCUE PLAN ACT
0
0
0
0
0
0
0
0
274,343
274,343
________________________________________________________________________________________________________________________________________________________________________
TOTAL AMERICAN RESCUE PLAN ACT
0
0
0
0
0
0
0
0
274,343
274,343
________________________________________________________________________________________________________________________________________________________________________
TOTAL EXPENDITURES

0
===========

0
===========

0
===========

0
===========

0
===========

0
===========

0
===========

0
===========

274,343
===========

274,343
===========

REVENUE OVER/(UNDER) EXPENDITURES

0
===========

0
===========

0
===========

0
===========

0
===========

146
===========

0
===========

0
===========

0
===========

0
===========

6-06-2022 09:26 AM

CITY OF ELIZABETHTON
ADOPTED BUDGET REPORT
AS OF: MAY 31ST, 2022

PAGE:

1

131-DRUG FUND
REVENUES

(------------------- 2021-2022 -------------------) 2022-2023
2022-2023
ORIGINAL
2018-2019
2019-2020
2020-2021
ORIGINAL
CURRENT
Y-T-D
PROJECTED
REQUESTED
APPROVED
vs APPROVED
ACTUAL
ACTUAL
ACTUAL
BUDGET
BUDGET
ACTUAL
YEAR END
BUDGET
BUDGET
INCR/(DECR)
________________________________________________________________________________________________________________________________________________________________________

INTERGOVERNMENTAL
=================
___________

FEDERAL GOV - GRANTS

___________

___________

___________

___________

___________

___________

___________

___________

___________

OTHER GOVT / AGENCIES
___________ ___________ ___________ ___________ ___________ ___________ ___________ ___________ ___________ ___________
________________________________________________________________________________________________________________________________________________________________________
FINES
=====
POLICE
131-0000-351-03-00 SEIZED FUNDS (PENDI(
891)
0
0
0
0
0
3,200
0
0
0
131-0000-351-04-00 SEIZED FUNDS
18,838
10,381
2,479
10,500
10,500
10,905
11,000
8,000
8,000 (
2,500)
131-0000-351-05-00 SESS/CIRC/JUV/COURT
13,488
10,389
6,886
13,200
13,200
6,940
9,000
13,000
13,000 (
200)
131-0000-351-08-00 COURT ORDERED SETTLE
250
2,300
500
4,000
4,000
0
4,000
1,000
1,000 (
3,000)
131-0000-351-09-00 DOJ EQUI. SHARING AG
15,564
17,980
624
30,000
30,000
22,599
16,000
30,000
30,000
0
0
0
0
0
14,476
0
0
0
0
131-0000-351-10-00 DOJ FUNDS
0
TOTAL POLICE
47,249
41,050
10,489
57,700
57,700
54,920
43,200
52,000
52,000 (
5,700)
________________________________________________________________________________________________________________________________________________________________________
TOTAL FINES

47,249

41,050

10,489

57,700

57,700

54,920

43,200

52,000

52,000 (

5,700)

1,133
3,086
4,219

818
2,231
3,049

75
217
293

900
500
1,400

900
500
1,400

37
26
62

900
3,000
3,900

0
500
500

0 (
500
500 (

900)
0
900)

___________

___________

___________

___________

___________

___________

___________

___________

OTHER REVENUES
==============
INTEREST
131-0000-361-01-00
131-0000-361-03-00
TOTAL INTEREST

INTEREST/INVESTMENTS
CASH IN CHECKING

SPECIFIED USE

___________

___________

MISCELLANEOUS REVENUE
131-0000-369-01-00 OTHER MISCELLANEOUS
31,291
7,736
12,027
5,000
5,000
0
32,000
6,000
6,000
1,000
TOTAL MISCELLANEOUS REVENUE
31,291
7,736
12,027
5,000
5,000
0
32,000
6,000
6,000
1,000
________________________________________________________________________________________________________________________________________________________________________
TOTAL OTHER REVENUES

35,509

10,785

12,319

6,400

6,400

62

35,900

6,500

6,500

100

NON-REVENUE RECEIPTS
====================
NON-REVENUE RECEIPTS
131-0000-381-01-00 FUND BALANCE APPROPR
0
0
0
0
0
0
0
13,900
13,900
13,900
TOTAL NON-REVENUE RECEIPTS
0
0
0
0
0
0
0
13,900
13,900
13,900
________________________________________________________________________________________________________________________________________________________________________
TOTAL NON-REVENUE RECEIPTS

0

0

0

0

0

0

0

13,900

13,900

13,900

6-06-2022 09:26 AM

CITY OF ELIZABETHTON
ADOPTED BUDGET REPORT
AS OF: MAY 31ST, 2022

PAGE:

2

131-DRUG FUND
REVENUES

(------------------- 2021-2022 -------------------) 2022-2023
2022-2023
ORIGINAL
2018-2019
2019-2020
2020-2021
ORIGINAL
CURRENT
Y-T-D
PROJECTED
REQUESTED
APPROVED
vs APPROVED
ACTUAL
ACTUAL
ACTUAL
BUDGET
BUDGET
ACTUAL
YEAR END
BUDGET
BUDGET
INCR/(DECR)
________________________________________________________________________________________________________________________________________________________________________
OTHER FINANCING SOURCES
=======================
INTERFUND OPER TRANSFERS

___________

___________

___________

___________

___________

___________

___________

___________

___________

___________

SALE OF FIXED ASSETS
131-0000-392-06-00 CONFISCATE AUTOS DUI
8,402
162
3,664
5,000
5,000
10,823
10,000
5,000
5,000
0
TOTAL SALE OF FIXED ASSETS
8,402
162
3,664
5,000
5,000
10,823
10,000
5,000
5,000
0
________________________________________________________________________________________________________________________________________________________________________
TOTAL OTHER FINANCING SOURCES
8,402
162
3,664
5,000
5,000
10,823
10,000
5,000
5,000
0
________________________________________________________________________________________________________________________________________________________________________
TOTAL REVENUES

91,159

51,997

26,472

69,100

69,100

65,805

89,100

77,400

77,400

8,300

6-06-2022 09:26 AM

CITY OF ELIZABETHTON
ADOPTED BUDGET REPORT
AS OF: MAY 31ST, 2022

PAGE:

3

131-DRUG FUND
POLICE
EXPENDITURES

(------------------- 2021-2022 -------------------) 2022-2023
2022-2023
ORIGINAL
2018-2019
2019-2020
2020-2021
ORIGINAL
CURRENT
Y-T-D
PROJECTED
REQUESTED
APPROVED
vs APPROVED
ACTUAL
ACTUAL
ACTUAL
BUDGET
BUDGET
ACTUAL
YEAR END
BUDGET
BUDGET
INCR/(DECR)
________________________________________________________________________________________________________________________________________________________________________

POLICE DRUG ENFORCEMENT
=======================
PERSONNEL SERVICES

___________

___________

___________

___________

___________

___________

___________

___________

___________

___________

EMPLOYEE BENEFITS

___________

___________

___________

___________

___________

___________

___________

___________

___________

___________

0
0
0

0
0
0

0
0
0

1,000
0
0

1,000
0
0

0
17
0

0
47
0

0
20
7,580

0

0

0

1,000

1,000

17

47

7,600

0

3,370

500

700

553

1,981

1,000

CONTRACTUAL SERVICES
131-2006-500-30-61 REP & MAINT-VEHICLES
131-2006-500-30-74 BANK ANALYSIS CHARGE
131-2006-500-30-99 OTHER CONTRACTUAL SE
ERAD & LETS
0
TOTAL CONTRACTUAL SERVICES

0.00

0 (
1,000)
20
20
7,580
7,580
7,580_____ ___________
7,600
6,600

SUPPLIES & MATERIALS
131-2006-500-40-29 OPERATING SUPPLIES
115
OPERATING SUPPLIES
1
1,000.00
131-2006-500-40-31 GASOLINE & DIESEL FU
3,558
131-2006-500-40-33 VEH-PARTS/OIL/FLUID/
6,745
131-2006-500-40-98 FINGER PRINTING SUPP
0
FINGERPRINT MACHINE UPG
0
0.00
TOTAL SUPPLIES & MATERIALS
10,419

2,788
4,700
0

3,641
5,264
2,567

3,500
6,000
4,200

3,500
8,200
4,000

2,918
9,625
0

3,000
5,000
0

7,488

14,841

14,200

16,400

13,096

9,981

___________

___________

___________

___________

___________

___________

___________

___________

11,805
11,805

9,055
9,055

6,430
6,430

10,000
10,000

7,800
7,800

2,120
2,120

6,000
6,000

8,000
8,000

8,000 (
8,000 (

FIXED CHARGES
GRANTS & OTHER
131-2006-500-60-94 UNDERCOVER EXPENSE
TOTAL GRANTS & OTHER
2006-500-60-9UNDERCOVER EXPENSE

500

3,500
6,000
17,300

3,500
0
6,000
0
17,300
13,100
17,300_____ ___________
27,800
27,800
13,600
___________

___________

2,000)
2,000)

PERMANENT NOTES:
This fund is used for our Vice Personnel to make undercover
operations.

SPECIAL APPROP-OTHER GOV
131-2006-500-61-80 DRUG TASK FORCE
TOTAL SPECIAL APPROP-OTHER GOV
INTER-FUND TRNSF/EXTRNL

1,000
1,000

0
0

0
0

4,000
4,000

4,000
4,000

4,000
4,000

4,000
4,000

0
0

4,000
4,000

4,000
4,000

0
0

___________

___________

___________

___________

___________

___________

___________

___________

___________

___________

11,876
11,876

29,354
29,354

30,000
30,000

30,000
30,000

32,417
32,417

33,399
33,399

30,000
30,000

30,000
30,000

0
0

POLICE GRANTS
131-2006-500-80-03 DOJ EQUI. SHARING AG
TOTAL POLICE GRANTS

35,488
35,488

6-06-2022 09:26 AM

CITY OF ELIZABETHTON
ADOPTED BUDGET REPORT
AS OF: MAY 31ST, 2022

PAGE:

4

131-DRUG FUND
POLICE
EXPENDITURES

(------------------- 2021-2022 -------------------) 2022-2023
2022-2023
ORIGINAL
2018-2019
2019-2020
2020-2021
ORIGINAL
CURRENT
Y-T-D
PROJECTED
REQUESTED
APPROVED
vs APPROVED
ACTUAL
ACTUAL
ACTUAL
BUDGET
BUDGET
ACTUAL
YEAR END
BUDGET
BUDGET
INCR/(DECR)
________________________________________________________________________________________________________________________________________________________________________
CAPITAL OUTLAY
131-2006-500-90-60 MACHINERY & EQUIPMEN
131-2006-500-90-71 MOTOR EQUIPMENT
131-2006-500-90-99 OTHER CAPITAL OUTLAY
TOTAL CAPITAL OUTLAY

9,550
0
0
9,550

0
0
0
0

0
0
0
0

0
9,900
0
9,900

0
9,900
0
9,900

0
0
0
0

9,550
0
250
9,800

0
0
0
0

0
0 (
0
0 (

0
9,900)
0
9,900)

FIXED ASSETS
___________ ___________ ___________ ___________ ___________ ___________ ___________ ___________ ___________ ___________
________________________________________________________________________________________________________________________________________________________________________
TOTAL POLICE DRUG ENFORCEMENT
67,262
28,419
54,625
69,100
69,100
51,650
59,227
77,400
77,400
8,300
________________________________________________________________________________________________________________________________________________________________________
TOTAL POLICE

67,262

28,419

54,625

69,100

69,100

51,650

59,227

77,400

77,400

8,300

PERMANENT NOTES:
CHARTER JORDAN AND PD
CINTAS
CODE MESSAGING
DCI TBI SOFTWARE
FLEENOR MONITORING PD & LIBRARY
TN CRIM PORTAL RENEWAL
NOVA COPY
LESO PROGRAM STATE OF TN
FIRE EXTINGUISHER
PEST CONTROL
TACP ACCREDITATION
TACP ENTRY LEVEL & PROMOTIONAL TESTING
TYLER TECHNOLOGY
DTRS SOFTWARE
TBI - FISCAL SERVICES
CENTRAL SQUARE TECHNOLOGY
MICROSOFT OFFICE
GENERATORS MAINTENANCE
EMAIL ACCENT CLOUD
MASS COMMUNICATION EMA
________________________________________________________________________________________________________________________________________________________________________
TOTAL EXPENDITURES

67,262
===========

28,419
===========

54,625
===========

69,100
===========

69,100
===========

51,650
===========

59,227
===========

77,400
===========

77,400
===========

8,300
===========

REVENUE OVER/(UNDER) EXPENDITURES

23,897
===========

23,578 (
28,153)
0
=========== =========== ===========

0
===========

14,155
===========

29,873
===========

0
===========

0
===========

0
===========

6-06-2022 09:26 AM

CITY OF ELIZABETHTON
ADOPTED BUDGET REPORT
AS OF: MAY 31ST, 2022

PAGE:

1

132-POLICE COMMUNITY RELATION
REVENUES

(------------------- 2021-2022 -------------------) 2022-2023
2022-2023
ORIGINAL
2018-2019
2019-2020
2020-2021
ORIGINAL
CURRENT
Y-T-D
PROJECTED
REQUESTED
APPROVED
vs APPROVED
ACTUAL
ACTUAL
ACTUAL
BUDGET
BUDGET
ACTUAL
YEAR END
BUDGET
BUDGET
INCR/(DECR)
________________________________________________________________________________________________________________________________________________________________________

INTERGOVERNMENTAL
=================
___________ ___________ ___________ ___________ ___________ ___________ ___________ ___________ ___________ ___________
OTHER GOVT / AGENCIES
________________________________________________________________________________________________________________________________________________________________________
OTHER REVENUES
==============
INTEREST
132-0000-361-03-00
TOTAL INTEREST

CASH IN CHECKING

9
9

13
13

17
17

10
10

10
10

13
13

5
5

16
16

16
16

6
6

SPECIFIED USE
132-0000-365-05-00 POLICE PUBLIC RELAT
0
0
2,500
1,000
1,000
0
1,000
1,000
1,000
0
132-0000-365-06-00 POLICE - SHOP WITH A
0
5,925
2,250
5,000
5,000
7,030
0
3,000
5,000
0
TOTAL SPECIFIED USE
0
5,925
4,750
6,000
6,000
7,030
1,000
4,000
6,000
0
________________________________________________________________________________________________________________________________________________________________________
TOTAL OTHER REVENUES

9

5,938

4,767

6,010

6,010

7,043

1,005

4,016

6,016

6

NON-REVENUE RECEIPTS
====================
NON-REVENUE RECEIPTS
132-0000-381-01-00 FUND BALANCE APPROPR
0
0
0
0
0
0
0
2,000
0
0
TOTAL NON-REVENUE RECEIPTS
0
0
0
0
0
0
0
2,000
0
0
________________________________________________________________________________________________________________________________________________________________________
TOTAL NON-REVENUE RECEIPTS

0

0

0

0

0

0

0

2,000

0

0

OTHER FINANCING SOURCES
=======================
___________ ___________ ___________ ___________ ___________ ___________ ___________ ___________ ___________ ___________
INTERFUND OPER TRANSFERS
________________________________________________________________________________________________________________________________________________________________________
________________________________________________________________________________________________________________________________________________________________________
TOTAL REVENUES

9

5,938

4,767

6,010

6,010

7,043

1,005

6,016

6,016

6

6-06-2022 09:26 AM

CITY OF ELIZABETHTON
ADOPTED BUDGET REPORT
AS OF: MAY 31ST, 2022

PAGE:

2

132-POLICE COMMUNITY RELATION
POLICE
EXPENDITURES

(------------------- 2021-2022 -------------------) 2022-2023
2022-2023
ORIGINAL
2018-2019
2019-2020
2020-2021
ORIGINAL
CURRENT
Y-T-D
PROJECTED
REQUESTED
APPROVED
vs APPROVED
ACTUAL
ACTUAL
ACTUAL
BUDGET
BUDGET
ACTUAL
YEAR END
BUDGET
BUDGET
INCR/(DECR)
________________________________________________________________________________________________________________________________________________________________________

POLICE/DARE/COMMUN REL
======================
CONTRACTUAL SERVICES
132-2004-500-30-86 PUBLIC RELATIONS EXP
132-2004-500-30-87 SHOP WITH A COP EXPE
TOTAL CONTRACTUAL SERVICES

0
0
0

762
5,286
6,048

378
1,500
1,878

1,010
5,000
6,010

1,010
5,000
6,010

918
5,567
6,485

1,000
0
1,000

1,016
5,000
6,016

1,016
5,000
6,016

6
0
6

SUPPLIES & MATERIALS

___________

___________

___________

___________

___________

___________

___________

___________

___________

___________

GRANTS & OTHER

___________

___________

___________

___________

___________

___________

___________

___________

___________

___________

CAPITAL OUTLAY
___________ ___________ ___________ ___________ ___________ ___________ ___________ ___________ ___________ ___________
________________________________________________________________________________________________________________________________________________________________________
TOTAL POLICE/DARE/COMMUN REL
0
6,048
1,878
6,010
6,010
6,485
1,000
6,016
6,016
6
________________________________________________________________________________________________________________________________________________________________________
TOTAL POLICE

0

6,048

1,878

6,010

6,010

6,485

1,000

6,016

6,016

6

PERMANENT NOTES:
CHARTER JORDAN AND PD
CINTAS
CODE MESSAGING
DCI TBI SOFTWARE
FLEENOR MONITORING PD & LIBRARY
TN CRIM PORTAL RENEWAL
NOVA COPY
LESO PROGRAM STATE OF TN
FIRE EXTINGUISHER
PEST CONTROL
TACP ACCREDITATION
TACP ENTRY LEVEL & PROMOTIONAL TESTING
TYLER TECHNOLOGY
DTRS SOFTWARE
TBI - FISCAL SERVICES
CENTRAL SQUARE TECHNOLOGY
MICROSOFT OFFICE
GENERATORS MAINTENANCE
EMAIL ACCENT CLOUD
MASS COMMUNICATION EMA
________________________________________________________________________________________________________________________________________________________________________
TOTAL EXPENDITURES

0
===========

6,048
===========

1,878
===========

6,010
===========

6,010
===========

6,485
===========

1,000
===========

6,016
===========

6,016
===========

6
===========

REVENUE OVER/(UNDER) EXPENDITURES

9 (
110)
2,889
=========== =========== ===========

0
===========

0
===========

557
===========

5
===========

0
===========

0
===========

0
===========

6-06-2022 09:26 AM

CITY OF ELIZABETHTON
ADOPTED BUDGET REPORT
AS OF: MAY 31ST, 2022

PAGE:

1

134-POLICE EQUIPMENT
REVENUES

(------------------- 2021-2022 -------------------) 2022-2023
2022-2023
ORIGINAL
2018-2019
2019-2020
2020-2021
ORIGINAL
CURRENT
Y-T-D
PROJECTED
REQUESTED
APPROVED
vs APPROVED
ACTUAL
ACTUAL
ACTUAL
BUDGET
BUDGET
ACTUAL
YEAR END
BUDGET
BUDGET
INCR/(DECR)
________________________________________________________________________________________________________________________________________________________________________

INTERGOVERNMENTAL
=================
STATE OF TENN - GRANTS
134-0000-332-06-00 GOV HIGHWAY SAFETY
134-0000-332-17-00 FED BULLET PROOF VES
134-0000-332-17-03 USDJ - SMALL RURAL C
TOTAL STATE OF TENN - GRANTS

0
0
0
0

0
0
0
0

0
12,335
0
12,335

0
3,500
0
3,500

0
3,500
22,500
26,000

0
0
0
0

5,000
3,311
0
8,311

2,500
6,500
0
9,000

2,500
6,500
0
9,000

2,500
3,000
0
5,500

OTHER GOVT / AGENCIES
___________ ___________ ___________ ___________ ___________ ___________ ___________ ___________ ___________ ___________
________________________________________________________________________________________________________________________________________________________________________
TOTAL INTERGOVERNMENTAL

0

0

12,335

3,500

26,000

0

8,311

9,000

9,000

5,500

FINES
=====
POLICE
134-0000-351-01-00 NON-MOVING VIOLATIO(
12)(
12)
0
0
0
0
0
0
0
0
134-0000-351-01-01 TRAFFIC FINES
29,337
32,918
35,565
29,000
29,000
23,306
29,289
30,000
30,000
1,000
134-0000-351-03-00 FINES DEFENSE DRIVIN
13,912
9,146
11,561
12,000
12,000
7,855
13,825
12,000
12,000
0
134-0000-351-09-00 FINANCIAL RESPONSIBI
3,146
3,849
4,863
3,500
3,500
3,065
4,319
4,200
4,200
700
39,856
39,410
39,000
39,000
29,287
38,585
39,000
39,000
0
134-0000-351-18-00 TECHNOLOGY FEE- POL
39,227
TOTAL POLICE
85,610
85,758
91,399
83,500
83,500
63,513
86,018
85,200
85,200
1,700
________________________________________________________________________________________________________________________________________________________________________
TOTAL FINES

85,610

85,758

91,399

83,500

83,500

63,513

86,018

85,200

85,200

1,700

236
236

328
328

408
408

300
300

300
300

241
241

121
121

300
300

300
300

0
0

0
0

0
0

0
0

0
0

0
0

4,000
4,000

0
0

0
0

0
0

0
0

OTHER REVENUES
==============
INTEREST
134-0000-361-03-00
TOTAL INTEREST

CASH IN CHECKING

SPECIFIED USE
134-0000-365-15-00 POL EQUIPMENT-DONATI
TOTAL SPECIFIED USE

MISCELLANEOUS REVENUE
134-0000-369-01-00 OTHER MISCELLANEOUS
0
25
0
0
0
0
0
0
0
0
0
0
0
0
0
500
0
0
0
134-0000-369-03-00 CBC COLLECTIONS
0
TOTAL MISCELLANEOUS REVENUE
0
25
0
0
0
0
500
0
0
0
________________________________________________________________________________________________________________________________________________________________________
TOTAL OTHER REVENUES

236

353

408

300

300

4,241

621

300

300

0

6-06-2022 09:26 AM

CITY OF ELIZABETHTON
ADOPTED BUDGET REPORT
AS OF: MAY 31ST, 2022

PAGE:

2

134-POLICE EQUIPMENT
REVENUES

(------------------- 2021-2022 -------------------) 2022-2023
2022-2023
ORIGINAL
2018-2019
2019-2020
2020-2021
ORIGINAL
CURRENT
Y-T-D
PROJECTED
REQUESTED
APPROVED
vs APPROVED
ACTUAL
ACTUAL
ACTUAL
BUDGET
BUDGET
ACTUAL
YEAR END
BUDGET
BUDGET
INCR/(DECR)
________________________________________________________________________________________________________________________________________________________________________
NON-REVENUE RECEIPTS
====================
NON-REVENUE RECEIPTS
134-0000-381-01-00 FUND BALANCE APPROPR
0
0
0
0
0
0
0
0
18,300
18,300
TOTAL NON-REVENUE RECEIPTS
0
0
0
0
0
0
0
0
18,300
18,300
________________________________________________________________________________________________________________________________________________________________________
TOTAL NON-REVENUE RECEIPTS

0

0

0

0

0

0

0

0

18,300

18,300

___________

___________

___________

___________

___________

___________

___________

___________

___________

___________

OTHER FINANCING SOURCES
=======================
INTERFUND OPER TRANSFERS

SALE OF FIXED ASSETS
___________ ___________ ___________ ___________ ___________ ___________ ___________ ___________ ___________ ___________
________________________________________________________________________________________________________________________________________________________________________
________________________________________________________________________________________________________________________________________________________________________
TOTAL REVENUES

85,846

86,111

104,142

87,300

109,800

67,754

94,950

94,500

112,800

25,500

6-06-2022 09:26 AM

CITY OF ELIZABETHTON
ADOPTED BUDGET REPORT
AS OF: MAY 31ST, 2022

PAGE:

3

134-POLICE EQUIPMENT
POLICE
EXPENDITURES

(------------------- 2021-2022 -------------------) 2022-2023
2022-2023
ORIGINAL
2018-2019
2019-2020
2020-2021
ORIGINAL
CURRENT
Y-T-D
PROJECTED
REQUESTED
APPROVED
vs APPROVED
ACTUAL
ACTUAL
ACTUAL
BUDGET
BUDGET
ACTUAL
YEAR END
BUDGET
BUDGET
INCR/(DECR)
________________________________________________________________________________________________________________________________________________________________________

POLICE CAPITAL EQUIPMENT
========================
EMPLOYEE BENEFITS
134-2007-500-20-26 UNIFORM/BODY ARMOR
5,575
VEST 10 REPLACEMENT 3 N
13
1,000.00
TOTAL EMPLOYEE BENEFITS
5,575
CONTRACTUAL SERVICES
134-2007-500-30-99 OTHER CONTRACTUAL SE
GUARDIAN TRACKING
0
POWER DMS
0
TOTAL CONTRACTUAL SERVICES

1,600

3,780

7,000

10,302

10,302

5,000

13,000

13,000
6,000
13,000_____ ___________
13,000
13,000
6,000

1,600

3,780

7,000

10,302

10,302

5,000

0

2,163

2,163

6,500

8,660

8,656

0

7,900

0

2,163

2,163

6,500

8,660

8,656

0

7,900

0.00
0.00

7,900
1,400
2,200
5,700_____ ___________
7,900
1,400

2007-500-30-9OTHER CONTRACTUAL SERVICE PERMANENT NOTES:
ERAD
POWERDMS
SUPPLIES & MATERIALS

___________

___________

___________

___________

___________

___________

___________

___________

___________

___________

FIXED CHARGES

___________

___________

___________

___________

___________

___________

___________

___________

___________

___________

0
0

0
0

0
0

0
0

45,000
45,000

0
0

0
0

0
0

0
0

0
0

INTER-FUND TRNSF/EXTRNL

___________

___________

___________

___________

___________

___________

___________

___________

___________

___________

POLICE GRANTS

___________

___________

___________

___________

___________

___________

___________

___________

___________

___________

GRANTS & OTHER
134-2007-500-60-01 USDJ - SMALL CAMERA
TOTAL GRANTS & OTHER

CAPITAL OUTLAY
134-2007-500-90-61 TECHNOLOGY FEE EQUI
39,636
35,432
33,035
37,000
34,431
28,554
34,000
37,000
55,300
18,300
6 TABLETS 3 MOUNTS
0
0.00
25,369
6 MOBILE PRINTERS
0
0.00
4,004
AIR FIBER NETWORK ANTEN
0
0.00
3,353
QNAP SERVER BWC'S
0
0.00
4,274
CM ADDED COMPUTERS
1
11,500.00
11,500
CM ADDED DESKTOP CID
1
6,800.00
6,800
134-2007-500-90-67 POLICE WEAPONS
0
0
0
0
409
409
0
0
0
0
134-2007-500-90-71 MOTOR EQUIPMENT
0
11,027
0
0
0
0
44,000
0
0
0
134-2007-500-90-99 OTHER CAPITAL OUTLAY
9,135
19,222
47,739
36,800
10,998
4,876
7,000
36,600
36,600 (
200)
4 In-Car & Body Camera
0
0.00
20,300
10 Training Room Chairs
0
0.00
3,100
SRT Rifle Optics
0
0.00
6,260
SRT Van Rack and Equipm
0
0.00
1,500
5,440_____ ___________
Optic for Handguns
0
0.00
TOTAL CAPITAL OUTLAY
48,770
65,682
80,774
73,800
45,838
33,839
85,000
73,600
91,900
18,100
________________________________________________________________________________________________________________________________________________________________________
TOTAL POLICE CAPITAL EQUIPMENT

54,345

69,445

86,717

87,300

109,800

52,797

90,000

94,500

112,800

25,500

6-06-2022 09:26 AM

CITY OF ELIZABETHTON
ADOPTED BUDGET REPORT
AS OF: MAY 31ST, 2022

PAGE:

4

134-POLICE EQUIPMENT
POLICE
EXPENDITURES

(------------------- 2021-2022 -------------------) 2022-2023
2022-2023
ORIGINAL
2018-2019
2019-2020
2020-2021
ORIGINAL
CURRENT
Y-T-D
PROJECTED
REQUESTED
APPROVED
vs APPROVED
ACTUAL
ACTUAL
ACTUAL
BUDGET
BUDGET
ACTUAL
YEAR END
BUDGET
BUDGET
INCR/(DECR)
________________________________________________________________________________________________________________________________________________________________________
________________________________________________________________________________________________________________________________________________________________________
TOTAL POLICE

54,345

69,445

86,717

87,300

109,800

52,797

90,000

94,500

112,800

25,500

PERMANENT NOTES:
CHARTER JORDAN AND PD
CINTAS
CODE MESSAGING
DCI TBI SOFTWARE
FLEENOR MONITORING PD & LIBRARY
TN CRIM PORTAL RENEWAL
NOVA COPY
LESO PROGRAM STATE OF TN
FIRE EXTINGUISHER
PEST CONTROL
TACP ACCREDITATION
TACP ENTRY LEVEL & PROMOTIONAL TESTING
TYLER TECHNOLOGY
DTRS SOFTWARE
TBI - FISCAL SERVICES
CENTRAL SQUARE TECHNOLOGY
MICROSOFT OFFICE
GENERATORS MAINTENANCE
EMAIL ACCENT CLOUD
MASS COMMUNICATION EMA
________________________________________________________________________________________________________________________________________________________________________
TOTAL EXPENDITURES

54,345
===========

69,445
===========

86,717
===========

87,300
===========

109,800
===========

52,797
===========

90,000
===========

94,500
===========

112,800
===========

25,500
===========

REVENUE OVER/(UNDER) EXPENDITURES

31,500
===========

16,666
===========

17,426
===========

0
===========

0
===========

14,957
===========

4,950
===========

0
===========

0
===========

0
===========

6-06-2022 09:26 AM

CITY OF ELIZABETHTON
ADOPTED BUDGET REPORT
AS OF: MAY 31ST, 2022

PAGE:

1

140-OPEB INVESTM TRUST FUND
REVENUES

(------------------- 2021-2022 -------------------) 2022-2023
2022-2023
ORIGINAL
2018-2019
2019-2020
2020-2021
ORIGINAL
CURRENT
Y-T-D
PROJECTED
REQUESTED
APPROVED
vs APPROVED
ACTUAL
ACTUAL
ACTUAL
BUDGET
BUDGET
ACTUAL
YEAR END
BUDGET
BUDGET
INCR/(DECR)
________________________________________________________________________________________________________________________________________________________________________

OTHER REVENUES
==============
INTEREST
140-0000-361-01-00
TOTAL INTEREST

INTEREST / INVESTMEN

SPECIFIED USE
140-0000-365-01-00 TRANSFER IN
GENERAL FUND
SANITATION FUND
WATER SEWER
ELECTRIC FUND
TOTAL SPECIFIED USE

1
1
1
1

0
0

0
0

0
0

0
0

0
0

0
0

101,393
101,393

0
0

45,000
20,000.00
5,000.00
25,000.00
32,000.00
45,000

0

82,000

82,000

82,000

82,000

213,658

82,000

0

82,000

82,000

82,000

82,000

213,658

0
0

0
0

82,000
0
20,000
5,000
25,000
32,000_____ ___________
82,000
82,000
0

MISCELLANEOUS REVENUE
140-0000-369-12-00 CHANGE IN INVESTMENT
274,385
273,901
53,703
0
0 (
295,243)(
180,130)
0
0
0
0
0
0
0
0
96,215
0
0
0
140-0000-369-13-00 RETURN OF PRINCIPAL
0
TOTAL MISCELLANEOUS REVENUE
274,385
273,901
53,703
0
0 (
295,243)(
83,914)
0
0
0
________________________________________________________________________________________________________________________________________________________________________
TOTAL OTHER REVENUES

319,385

273,901

135,703

82,000

82,000 (

213,243)

231,137

82,000

82,000

0

NON-REVENUE RECEIPTS
====================
NON-REVENUE RECEIPTS
140-0000-381-01-00 FUND BALANCE APPROPR
0
0
0
92,927
92,927
0
0
92,927
83,946 (
8,981)
TOTAL NON-REVENUE RECEIPTS
0
0
0
92,927
92,927
0
0
92,927
83,946 (
8,981)
________________________________________________________________________________________________________________________________________________________________________
TOTAL NON-REVENUE RECEIPTS
0
0
0
92,927
92,927
0
0
92,927
83,946 (
8,981)
________________________________________________________________________________________________________________________________________________________________________
TOTAL REVENUES

319,385

273,901

135,703

174,927

174,927 (

213,243)

231,137

174,927

165,946 (

8,981)

6-06-2022 09:26 AM

CITY OF ELIZABETHTON
ADOPTED BUDGET REPORT
AS OF: MAY 31ST, 2022

PAGE:

2

140-OPEB INVESTM TRUST FUND
OPEB INVESTMENT TRUST
EXPENDITURES

(------------------- 2021-2022 -------------------) 2022-2023
2022-2023
ORIGINAL
2018-2019
2019-2020
2020-2021
ORIGINAL
CURRENT
Y-T-D
PROJECTED
REQUESTED
APPROVED
vs APPROVED
ACTUAL
ACTUAL
ACTUAL
BUDGET
BUDGET
ACTUAL
YEAR END
BUDGET
BUDGET
INCR/(DECR)
________________________________________________________________________________________________________________________________________________________________________

OPEB INVESTMENT TRUST
=====================
EMPLOYEE BENEFITS
140-1400-500-20-21 TRANSFER OUT
GENERAL FUND
1
SANITATION FUND
1
WATER SEWER
1
ELECTRIC FUND
1
TOTAL EMPLOYEE BENEFITS

47,113
72,557.00
6,261.00
29,048.00
23,080.00
47,113

CONTRACTUAL SERVICES
140-1400-500-30-21 AGENCY ADMIN CHARGES
TOTAL CONTRACTUAL SERVICES

32,915
32,915

116,350

114,350

139,927

139,927

110,170

7,371

116,350

114,350

139,927

139,927

110,170

7,371

34,527
34,527

35,136
35,136

30,000
30,000

30,000
30,000

34,515
34,515

30,392
30,392

139,927

130,946 (
8,981)
72,557
6,261
29,048
23,080_____ ___________
139,927
130,946 (
8,981)

30,000
30,000

30,000
30,000

0
0

GRANTS & OTHER
140-1400-500-60-89 OTHER MISCELLANEOUS
36
0
68
5,000
5,000
12
2,261
5,000
5,000
0
TOTAL GRANTS & OTHER
36
0
68
5,000
5,000
12
2,261
5,000
5,000
0
________________________________________________________________________________________________________________________________________________________________________
TOTAL OPEB INVESTMENT TRUST
80,064
150,878
149,554
174,927
174,927
144,697
40,024
174,927
165,946 (
8,981)
________________________________________________________________________________________________________________________________________________________________________
TOTAL OPEB INVESTMENT TRUST
80,064
150,878
149,554
174,927
174,927
144,697
40,024
174,927
165,946 (
8,981)
________________________________________________________________________________________________________________________________________________________________________
TOTAL EXPENDITURES

80,064
===========

150,878
===========

149,554
===========

174,927
===========

REVENUE OVER/(UNDER) EXPENDITURES

239,321
===========

123,023 (
13,852)
0
=========== =========== ===========

174,927
===========

144,697
===========

40,024
===========

174,927
===========

165,946 (
8,981)
=========== ===========

0 (
357,940)
191,112
=========== =========== ===========

0
===========

0
===========

0
===========

6-06-2022 09:26 AM

CITY OF ELIZABETHTON
ADOPTED BUDGET REPORT
AS OF: MAY 31ST, 2022

PAGE:

1

145-BONNIE KATE FUND
REVENUES

(------------------- 2021-2022 -------------------) 2022-2023
2022-2023
ORIGINAL
2018-2019
2019-2020
2020-2021
ORIGINAL
CURRENT
Y-T-D
PROJECTED
REQUESTED
APPROVED
vs APPROVED
ACTUAL
ACTUAL
ACTUAL
BUDGET
BUDGET
ACTUAL
YEAR END
BUDGET
BUDGET
INCR/(DECR)
________________________________________________________________________________________________________________________________________________________________________

INTERGOVERNMENTAL
=================
OTHER GOVT / AGENCIES
145-0000-334-15-00 ECCF BONNIE KATE THE
16,750
16,387
0
0
0
0
16,750
0
0
0
TOTAL OTHER GOVT / AGENCIES
16,750
16,387
0
0
0
0
16,750
0
0
0
________________________________________________________________________________________________________________________________________________________________________
TOTAL INTERGOVERNMENTAL

16,750

16,387

0

0

0

0

16,750

0

0

0

GENERAL GOVT CHARGES
====================
CULTURE - RECREATION
145-0000-347-50-01 TICKET SALES - BONNI
5,182
500
0
0
0
0
10,000
0
0
0
145-0000-347-50-03 MERCHANDISE
1,160
0
0
0
0
0
1,160
0
0
0
145-0000-347-50-04 ADVERTISING SALES
1,100
0
0
0
0
0
2,100
0
0
0
0
0
0
0
0
1,000
0
0
0
145-0000-347-50-05 CONCESSIONS
343
TOTAL CULTURE - RECREATION
7,785
500
0
0
0
0
14,260
0
0
0
________________________________________________________________________________________________________________________________________________________________________
TOTAL GENERAL GOVT CHARGES

7,785

500

0

0

0

0

14,260

0

0

0

RENTS & ROYALTIES
145-0000-363-08-00 LEASE/RENTAL - OPERA
145-0000-363-09-00 LEASE/RENTAL - RESTA
TOTAL RENTS & ROYALTIES

1,235
7,500
8,735

95
6,230
6,325

0
7,700
7,700

0
8,400
8,400

0
8,400
8,400

0
7,700
7,700

1,000
9,000
10,000

0
8,400
8,400

0
8,400
8,400

0
0
0

SPECIFIED USE
145-0000-365-17-00 DONATIONS - OPERATIO
145-0000-365-18-00 DONATIONS - RENOVATI
TOTAL SPECIFIED USE

2,724
1,650
4,374

2,650
990
3,640

60
10
70

2,000
2,000
4,000

2,000
2,000
4,000

463
678
1,141

2,500
3,000
5,500

2,000
2,000
4,000

2,000
2,000
4,000

0
0
0

OTHER REVENUES
==============

MISCELLANEOUS REVENUE
145-0000-369-01-00 OTHER MISC REVENUE
365
5,000
0
500
500
0
0
500
500
0
TOTAL MISCELLANEOUS REVENUE
365
5,000
0
500
500
0
0
500
500
0
________________________________________________________________________________________________________________________________________________________________________
TOTAL OTHER REVENUES

13,474

14,965

7,770

12,900

12,900

8,841

15,500

12,900

12,900

0

6-06-2022 09:26 AM

CITY OF ELIZABETHTON
ADOPTED BUDGET REPORT
AS OF: MAY 31ST, 2022

PAGE:

2

145-BONNIE KATE FUND
REVENUES

(------------------- 2021-2022 -------------------) 2022-2023
2022-2023
ORIGINAL
2018-2019
2019-2020
2020-2021
ORIGINAL
CURRENT
Y-T-D
PROJECTED
REQUESTED
APPROVED
vs APPROVED
ACTUAL
ACTUAL
ACTUAL
BUDGET
BUDGET
ACTUAL
YEAR END
BUDGET
BUDGET
INCR/(DECR)
________________________________________________________________________________________________________________________________________________________________________
NON-REVENUE RECEIPTS
====================
___________ ___________ ___________ ___________ ___________ ___________ ___________ ___________ ___________ ___________
NON-REVENUE RECEIPTS
________________________________________________________________________________________________________________________________________________________________________
OTHER FINANCING SOURCES
=======================
INTERFUND OPER TRANSFERS
145-0000-391-01-00 GENERAL FUND 101
6,000
6,000
6,000
6,000
6,000
6,000
6,000
6,000
6,000
0
TOTAL INTERFUND OPER TRANSFERS
6,000
6,000
6,000
6,000
6,000
6,000
6,000
6,000
6,000
0
________________________________________________________________________________________________________________________________________________________________________
TOTAL OTHER FINANCING SOURCES
6,000
6,000
6,000
6,000
6,000
6,000
6,000
6,000
6,000
0
________________________________________________________________________________________________________________________________________________________________________
TOTAL REVENUES

44,009

37,851

13,770

18,900

18,900

14,841

52,510

18,900

18,900

0

6-06-2022 09:26 AM

CITY OF ELIZABETHTON
ADOPTED BUDGET REPORT
AS OF: MAY 31ST, 2022

PAGE:

3

145-BONNIE KATE FUND
BONNIE KATE
EXPENDITURES

(------------------- 2021-2022 -------------------) 2022-2023
2022-2023
ORIGINAL
2018-2019
2019-2020
2020-2021
ORIGINAL
CURRENT
Y-T-D
PROJECTED
REQUESTED
APPROVED
vs APPROVED
ACTUAL
ACTUAL
ACTUAL
BUDGET
BUDGET
ACTUAL
YEAR END
BUDGET
BUDGET
INCR/(DECR)
________________________________________________________________________________________________________________________________________________________________________

BONNIE KATE
===========
CONTRACTUAL SERVICES
145-1450-500-30-32 ADVERTISING EXPENSE
145-1450-500-30-41 ELECTRICITY
145-1450-500-30-42 WATER & SEWER
145-1450-500-30-43 NATURAL GAS & PROPAN
145-1450-500-30-45 TELEPHONE SERVICE
145-1450-500-30-64 REP & MAINT - BLDG/G
145-1450-500-30-72 BANK CHG -NEW CHECKS
145-1450-500-30-97 PERFORMANCES
145-1450-500-30-99 OTHER CONTRACTUAL SE
TOTAL CONTRACTUAL SERVICES

4,150
2,687
1,390
1,297
512
2,742
0
600
14,594
27,973

1,061
2,119
1,660
1,785
506
4,949
55
0
4,960
17,095

1,213
1,946
1,430
1,147
500
0
0
0
2,777
9,013

0
3,600
2,100
2,800
600
1,000
0
0
6,500
16,600

0
3,600
2,100
2,800
600
1,000
0
0
6,500
16,600

0
2,663
824
2,225
453
0
0
0
770
6,935

3,200
2,500
1,250
2,100
400
2,500
0
600
14,300
26,850

0
3,600
2,100
2,800
600
1,000
0
0
6,500
16,600

0
3,600
2,100
2,800
600
1,000
0
0
6,500
16,600

0
0
0
0
0
0
0
0
0
0

FIXED CHARGES
145-1450-500-50-15 PROPERTY TAXES
145-1450-500-50-21 BUILDINGS - INSURANC
TOTAL FIXED CHARGES

457
562
1,019

463
547
1,010

463
629
1,092

550
650
1,200

550
650
1,200

442
928
1,370

500
600
1,100

550
650
1,200

550
650
1,200

0
0
0

GRANTS & OTHER
145-1450-500-60-89 OTHER MISCELLANEOUS
TOTAL GRANTS & OTHER

971
971

918
918

0
0

1,100
1,100

1,100
1,100

0
0

1,000
1,000

1,100
1,100

1,100
1,100

0
0

___________

___________

___________

___________

___________

___________

___________

___________

___________

___________

INTER-FUND TRNSF/INTRNL

CAPITAL OUTLAY
145-1450-500-90-99 OTHER CAPITAL OUTLAY
10,968
27,125
3,798
0
0
0
16,750
0
0
0
TOTAL CAPITAL OUTLAY
10,968
27,125
3,798
0
0
0
16,750
0
0
0
________________________________________________________________________________________________________________________________________________________________________
TOTAL BONNIE KATE
40,930
46,148
13,903
18,900
18,900
8,305
45,700
18,900
18,900
0
________________________________________________________________________________________________________________________________________________________________________
TOTAL BONNIE KATE
40,930
46,148
13,903
18,900
18,900
8,305
45,700
18,900
18,900
0
________________________________________________________________________________________________________________________________________________________________________
TOTAL EXPENDITURES

40,930
===========

46,148
===========

13,903
===========

18,900
===========

18,900
===========

8,305
===========

45,700
===========

18,900
===========

18,900
===========

0
===========

REVENUE OVER/(UNDER) EXPENDITURES

3,079 (
8,297)(
133)
0
=========== =========== =========== ===========

0
===========

6,536
===========

6,810
===========

0
===========

0
===========

0
===========

6-06-2022 09:26 AM

CITY OF ELIZABETHTON
ADOPTED BUDGET REPORT
AS OF: MAY 31ST, 2022

PAGE:

1

172-PARK & REC GRANT FUND
REVENUES

(------------------- 2021-2022 -------------------) 2022-2023
2022-2023
ORIGINAL
2018-2019
2019-2020
2020-2021
ORIGINAL
CURRENT
Y-T-D
PROJECTED
REQUESTED
APPROVED
vs APPROVED
ACTUAL
ACTUAL
ACTUAL
BUDGET
BUDGET
ACTUAL
YEAR END
BUDGET
BUDGET
INCR/(DECR)
________________________________________________________________________________________________________________________________________________________________________

INTERGOVERNMENTAL
=================
STATE OF TENN - GRANTS
172-0000-332-21-00 ISTEA LINEAR PATH GR
0
0
0
869,308
869,308
0
0
869,308
869,308
0
TOTAL STATE OF TENN - GRANTS
0
0
0
869,308
869,308
0
0
869,308
869,308
0
________________________________________________________________________________________________________________________________________________________________________
TOTAL INTERGOVERNMENTAL

0

0

0

869,308

869,308

0

0

869,308

869,308

0

736
736

796
796

867
867

147
147

147
147

492
492

500
500

147
147

147
147

0
0

___________

___________

___________

___________

___________

___________

___________

___________

___________

___________

OTHER REVENUES
==============
INTEREST
172-0000-361-03-00
TOTAL INTEREST

CASH IN CHECKING

SPECIFIED USE

MISCELLANEOUS REVENUE
___________ ___________ ___________ ___________ ___________ ___________ ___________ ___________ ___________ ___________
________________________________________________________________________________________________________________________________________________________________________
TOTAL OTHER REVENUES

736

796

867

147

147

492

500

147

147

0

NON-REVENUE RECEIPTS
====================
NON-REVENUE RECEIPTS
172-0000-381-01-00 FUND BALANCE APPROPR
0
0
0
259,978
259,978
0
0
259,978
310,470
50,492
TOTAL NON-REVENUE RECEIPTS
0
0
0
259,978
259,978
0
0
259,978
310,470
50,492
________________________________________________________________________________________________________________________________________________________________________
TOTAL NON-REVENUE RECEIPTS

0

0

0

259,978

259,978

0

0

259,978

310,470

50,492

OTHER FINANCING SOURCES
=======================
INTERFUND OPER TRANSFERS
172-0000-391-01-00 GENERAL FUND 101
14,000
14,000
0
50,000
50,000
50,000
14,000
50,000
50,000
0
TOTAL INTERFUND OPER TRANSFERS
14,000
14,000
0
50,000
50,000
50,000
14,000
50,000
50,000
0
________________________________________________________________________________________________________________________________________________________________________
TOTAL OTHER FINANCING SOURCES
14,000
14,000
0
50,000
50,000
50,000
14,000
50,000
50,000
0
________________________________________________________________________________________________________________________________________________________________________
TOTAL REVENUES

14,736

14,796

867

1,179,433

1,179,433

50,492

14,500

1,179,433

1,229,925

50,492

6-06-2022 09:26 AM

CITY OF ELIZABETHTON
ADOPTED BUDGET REPORT
AS OF: MAY 31ST, 2022

PAGE:

2

172-PARK & REC GRANT FUND
RECREATION SERVICES
EXPENDITURES

(------------------- 2021-2022 -------------------) 2022-2023
2022-2023
ORIGINAL
2018-2019
2019-2020
2020-2021
ORIGINAL
CURRENT
Y-T-D
PROJECTED
REQUESTED
APPROVED
vs APPROVED
ACTUAL
ACTUAL
ACTUAL
BUDGET
BUDGET
ACTUAL
YEAR END
BUDGET
BUDGET
INCR/(DECR)
________________________________________________________________________________________________________________________________________________________________________

PARK&REC GRANT-FLDS/PARK
========================
INTER-FUND TRNSF/INTRNL

___________

___________

___________

___________

___________

___________

___________

___________

___________

___________

CAPITAL OUTLAY

___________

___________

___________

___________

___________

___________

___________

___________

___________

___________

CAPITAL PROJ.
172-6003-500-93-07 LINEAR PARK PHASE V
0
2,600
0
1,179,433
1,179,433
0
0
1,179,433
1,229,925
50,492
TOTAL CAPITAL PROJ.
0
2,600
0
1,179,433
1,179,433
0
0
1,179,433
1,229,925
50,492
________________________________________________________________________________________________________________________________________________________________________
TOTAL PARK&REC GRANT-FLDS/PARK
0
2,600
0
1,179,433
1,179,433
0
0
1,179,433
1,229,925
50,492
________________________________________________________________________________________________________________________________________________________________________
TOTAL RECREATION SERVICES
0
2,600
0
1,179,433
1,179,433
0
0
1,179,433
1,229,925
50,492
________________________________________________________________________________________________________________________________________________________________________
TOTAL EXPENDITURES

0
===========

2,600
===========

0
===========

1,179,433
===========

1,179,433
===========

0
===========

0
===========

1,179,433
===========

1,229,925
===========

50,492
===========

REVENUE OVER/(UNDER) EXPENDITURES

14,736
===========

12,196
===========

867
===========

0
===========

0
===========

50,492
===========

14,500
===========

0
===========

0
===========

0
===========

6-06-2022 09:26 AM

CITY OF ELIZABETHTON
ADOPTED BUDGET REPORT
AS OF: MAY 31ST, 2022

PAGE:

1

173-JOE O'BRIEN FIELD CAPITAL
REVENUES

(------------------- 2021-2022 -------------------) 2022-2023
2022-2023
ORIGINAL
2018-2019
2019-2020
2020-2021
ORIGINAL
CURRENT
Y-T-D
PROJECTED
REQUESTED
APPROVED
vs APPROVED
ACTUAL
ACTUAL
ACTUAL
BUDGET
BUDGET
ACTUAL
YEAR END
BUDGET
BUDGET
INCR/(DECR)
________________________________________________________________________________________________________________________________________________________________________

OTHER REVENUES
==============
INTEREST
173-0000-361-03-00
TOTAL INTEREST

CASH IN CHECKING

17
17

18
18

19
19

50
50

50
50

10
10

20
20

50
50

50
50

0
0

SPECIFIED USE
___________ ___________ ___________ ___________ ___________ ___________ ___________ ___________ ___________ ___________
________________________________________________________________________________________________________________________________________________________________________
TOTAL OTHER REVENUES
17
18
19
50
50
10
20
50
50
0
________________________________________________________________________________________________________________________________________________________________________
TOTAL REVENUES

17

18

19

50

50

10

20

50

50

0

6-06-2022 09:26 AM

CITY OF ELIZABETHTON
ADOPTED BUDGET REPORT
AS OF: MAY 31ST, 2022

PAGE:

2

173-JOE O'BRIEN FIELD CAPITAL
APPALACHIAN LEAGUE
EXPENDITURES

(------------------- 2021-2022 -------------------) 2022-2023
2022-2023
ORIGINAL
2018-2019
2019-2020
2020-2021
ORIGINAL
CURRENT
Y-T-D
PROJECTED
REQUESTED
APPROVED
vs APPROVED
ACTUAL
ACTUAL
ACTUAL
BUDGET
BUDGET
ACTUAL
YEAR END
BUDGET
BUDGET
INCR/(DECR)
________________________________________________________________________________________________________________________________________________________________________

APPALACHIAN LEAGUE
==================
CONTRACTUAL SERVICES

___________

___________

___________

___________

___________

___________

___________

___________

___________

___________

SUPPLIES & MATERIALS

___________

___________

___________

___________

___________

___________

___________

___________

___________

___________

CAPITAL OUTLAY
173-6003-500-90-99 OTHER CAPITAL PROJEC
0
0
0
50
50
0
0
50
50
0
TOTAL CAPITAL OUTLAY
0
0
0
50
50
0
0
50
50
0
________________________________________________________________________________________________________________________________________________________________________
TOTAL APPALACHIAN LEAGUE
0
0
0
50
50
0
0
50
50
0
________________________________________________________________________________________________________________________________________________________________________
TOTAL APPALACHIAN LEAGUE
0
0
0
50
50
0
0
50
50
0
________________________________________________________________________________________________________________________________________________________________________
TOTAL EXPENDITURES

0
===========

0
===========

0
===========

50
===========

50
===========

0
===========

0
===========

50
===========

50
===========

0
===========

REVENUE OVER/(UNDER) EXPENDITURES

17
===========

18
===========

19
===========

0
===========

0
===========

10
===========

20
===========

0
===========

0
===========

0
===========

6-06-2022 09:26 AM

CITY OF ELIZABETHTON
ADOPTED BUDGET REPORT
AS OF: MAY 31ST, 2022

PAGE:

1

184-DEBT ISSUE CAPITAL PROJ.
REVENUES

(------------------- 2021-2022 -------------------) 2022-2023
2022-2023
ORIGINAL
2018-2019
2019-2020
2020-2021
ORIGINAL
CURRENT
Y-T-D
PROJECTED
REQUESTED
APPROVED
vs APPROVED
ACTUAL
ACTUAL
ACTUAL
BUDGET
BUDGET
ACTUAL
YEAR END
BUDGET
BUDGET
INCR/(DECR)
________________________________________________________________________________________________________________________________________________________________________

INTERGOVERNMENTAL
=================
FEDERAL GOV - GRANTS
184-0000-333-01-00 USDA GRANT
0
0
155,221
0
0
0
0
0
0
0
TOTAL FEDERAL GOV - GRANTS
0
0
155,221
0
0
0
0
0
0
0
________________________________________________________________________________________________________________________________________________________________________
TOTAL INTERGOVERNMENTAL

0

0

155,221

0

0

0

0

0

29,850
24
29,874

10,596
0
10,596

6,267
0
6,267

5,000
0
5,000

5,000
0
5,000

613
0
613

30,000
25
30,025

5,000
0
5,000

___________

___________

___________

___________

___________

___________

___________

___________

0

0

OTHER REVENUES
==============
INTEREST
184-0000-361-01-00
184-0000-361-03-00
TOTAL INTEREST

INVESTMENTS
CASH IN CHECKING

SPECIFIED USE

500 (
0
500 (
___________

4,500)
0
4,500)

___________

MISCELLANEOUS REVENUE
___________ ___________ ___________ ___________ ___________ ___________ ___________ ___________ ___________ ___________
________________________________________________________________________________________________________________________________________________________________________
TOTAL OTHER REVENUES

29,874

10,596

6,267

5,000

5,000

613

30,025

5,000

500 (

4,500)

NON-REVENUE RECEIPTS
====================
NON-REVENUE RECEIPTS
184-0000-381-01-00 FUND BALANCE APPROPR
0
0
0
1,546,328
1,546,328
0
0
1,546,328
810,628 (
735,700)
TOTAL NON-REVENUE RECEIPTS
0
0
0
1,546,328
1,546,328
0
0
1,546,328
810,628 (
735,700)
________________________________________________________________________________________________________________________________________________________________________
TOTAL NON-REVENUE RECEIPTS

0

0

0

1,546,328

1,546,328

0

0

1,546,328

0

0

163,479

178,180

178,180

178,180

0

178,180

0

0

163,479

178,180

178,180

178,180

0

450,800
0
0
0
450,800

0
90,748
4,396,582
3,418
4,490,748

0
0
0
0
0

0
0
0
0
0

0
0
0
0
0

0
0
0
0
0

450,800
0
0
0
450,800

810,628 (

735,700)

OTHER FINANCING SOURCES
=======================
INTERFUND OPER TRANSFERS
184-0000-391-01-00 GENERAL FUND 101
JOE O'BRIEN FIELD
1
TOTAL INTERFUND OPER TRANSFERS

48,355.00

PROCEEDS OF LT DEBT
184-0000-393-10-00 CAPITAL OUTLAY NOTES
184-0000-393-13-00 2020 BOND PREMIUM
184-0000-393-20-00 BOND SALE
184-0000-393-24-00 2020 BOND ISSUE
TOTAL PROCEEDS OF LT DEBT

48,355 (
129,825)
48,355_____ ___________
178,180
48,355 (
129,825)

0
0
0
0
0

0
0
0
0
0

0
0
0
0
0

6-06-2022 09:26 AM

CITY OF ELIZABETHTON
ADOPTED BUDGET REPORT
AS OF: MAY 31ST, 2022

PAGE:

2

184-DEBT ISSUE CAPITAL PROJ.
REVENUES

(------------------- 2021-2022 -------------------) 2022-2023
2022-2023
ORIGINAL
2018-2019
2019-2020
2020-2021
ORIGINAL
CURRENT
Y-T-D
PROJECTED
REQUESTED
APPROVED
vs APPROVED
ACTUAL
ACTUAL
ACTUAL
BUDGET
BUDGET
ACTUAL
YEAR END
BUDGET
BUDGET
INCR/(DECR)
________________________________________________________________________________________________________________________________________________________________________
________________________________________________________________________________________________________________________________________________________________________
TOTAL OTHER FINANCING SOURCES
450,800
4,490,748
163,479
178,180
178,180
178,180
450,800
178,180
48,355 (
129,825)
________________________________________________________________________________________________________________________________________________________________________
TOTAL REVENUES

480,674

4,501,344

324,967

1,729,508

1,729,508

178,793

480,825

1,729,508

859,483 (

870,025)

6-06-2022 09:26 AM

CITY OF ELIZABETHTON
ADOPTED BUDGET REPORT
AS OF: MAY 31ST, 2022

PAGE:

3

184-DEBT ISSUE CAPITAL PROJ.
FINANCE
EXPENDITURES

(------------------- 2021-2022 -------------------) 2022-2023
2022-2023
ORIGINAL
2018-2019
2019-2020
2020-2021
ORIGINAL
CURRENT
Y-T-D
PROJECTED
REQUESTED
APPROVED
vs APPROVED
ACTUAL
ACTUAL
ACTUAL
BUDGET
BUDGET
ACTUAL
YEAR END
BUDGET
BUDGET
INCR/(DECR)
________________________________________________________________________________________________________________________________________________________________________

CAP PROJ - BONNIE KATE
======================
CAPITAL PROJ.
184-1450-500-93-01 BONNIE KATE RENOVATI
97,440
53,781
0
0
0
0
97,440
0
0
0
TOTAL CAPITAL PROJ.
97,440
53,781
0
0
0
0
97,440
0
0
0
________________________________________________________________________________________________________________________________________________________________________
TOTAL CAP PROJ - BONNIE KATE
97,440
53,781
0
0
0
0
97,440
0
0
0
________________________________________________________________________________________________________________________________________________________________________
TOTAL FINANCE

97,440

53,781

0

0

0

0

97,440

0

0

0

6-06-2022 09:26 AM

CITY OF ELIZABETHTON
ADOPTED BUDGET REPORT
AS OF: MAY 31ST, 2022

PAGE:

4

184-DEBT ISSUE CAPITAL PROJ.
POLICE
EXPENDITURES

(------------------- 2021-2022 -------------------) 2022-2023
2022-2023
ORIGINAL
2018-2019
2019-2020
2020-2021
ORIGINAL
CURRENT
Y-T-D
PROJECTED
REQUESTED
APPROVED
vs APPROVED
ACTUAL
ACTUAL
ACTUAL
BUDGET
BUDGET
ACTUAL
YEAR END
BUDGET
BUDGET
INCR/(DECR)
________________________________________________________________________________________________________________________________________________________________________

CAP PROJ- POLICE ADMIN
======================
CAPITAL PROJ.
184-2001-500-93-01 POLICE BUILDING PROJ
41,379
174,894
1,872,996
129,055
129,055
474,515
41,379
129,055
4,202 (
124,853)
TOTAL CAPITAL PROJ.
41,379
174,894
1,872,996
129,055
129,055
474,515
41,379
129,055
4,202 (
124,853)
________________________________________________________________________________________________________________________________________________________________________
TOTAL CAP PROJ- POLICE ADMIN

41,379

174,894

1,872,996

129,055

129,055

474,515

41,379

129,055

___________

___________

___________

___________

___________

___________

___________

___________

4,202 (

124,853)

CAP PROJ-POL PATR&TRAFF
=======================
SUPPLIES & MATERIALS

___________

___________

CAPITAL OUTLAY
184-2002-500-90-99 OTHER CAPITAL OUTLAY
71,287
42,773
0
0
0
26,824
140,884
0
0
0
0_____ ___________
RADIO CONSOLE POLICE/FI
0
140,000.00
TOTAL CAPITAL OUTLAY
71,287
42,773
0
0
0
26,824
140,884
0
0
0
________________________________________________________________________________________________________________________________________________________________________
TOTAL CAP PROJ-POL PATR&TRAFF
71,287
42,773
0
0
0
26,824
140,884
0
0
0
________________________________________________________________________________________________________________________________________________________________________
TOTAL POLICE

112,666
PERMANENT NOTES:
CHARTER JORDAN AND PD
CINTAS
CODE MESSAGING
DCI TBI SOFTWARE
FLEENOR MONITORING PD & LIBRARY
TN CRIM PORTAL RENEWAL
NOVA COPY
LESO PROGRAM STATE OF TN
FIRE EXTINGUISHER
PEST CONTROL
TACP ACCREDITATION
TACP ENTRY LEVEL & PROMOTIONAL TESTING
TYLER TECHNOLOGY
DTRS SOFTWARE
TBI - FISCAL SERVICES
CENTRAL SQUARE TECHNOLOGY
MICROSOFT OFFICE
GENERATORS MAINTENANCE
EMAIL ACCENT CLOUD
MASS COMMUNICATION EMA

217,667

1,872,996

129,055

129,055

501,339

182,263

129,055

4,202 (

124,853)

6-06-2022 09:26 AM

CITY OF ELIZABETHTON
ADOPTED BUDGET REPORT
AS OF: MAY 31ST, 2022

PAGE:

5

184-DEBT ISSUE CAPITAL PROJ.
FIRE
EXPENDITURES

(------------------- 2021-2022 -------------------) 2022-2023
2022-2023
ORIGINAL
2018-2019
2019-2020
2020-2021
ORIGINAL
CURRENT
Y-T-D
PROJECTED
REQUESTED
APPROVED
vs APPROVED
ACTUAL
ACTUAL
ACTUAL
BUDGET
BUDGET
ACTUAL
YEAR END
BUDGET
BUDGET
INCR/(DECR)
________________________________________________________________________________________________________________________________________________________________________

DEBT ISSUE-FIRE SUPPR.
======================
CAPITAL OUTLAY
184-2103-500-90-21 BUILDING & IMPROVEME
53,663
0
0
0
0
0
53,663
0
0
0
ASBESTOS ABATEMENT FIRE
0
23,000.00
0
184-2103-500-90-60 MACHINERY & EQUIPMEN
205,459
0
0
0
0
0
205,459
0
0
0
AIR PACKS
0
231,000.00
0
184-2103-500-90-71 MOTOR EQUIPMENT/FIRE
0
0
339,779
0
0
0
0
0
0
0
0
155,221
0
0
0
0
0
0
0
184-2103-500-90-72 MOTOR EQUIPMENT/GRAN
0
TOTAL CAPITAL OUTLAY
259,122
0
495,000
0
0
0
259,122
0
0
0
________________________________________________________________________________________________________________________________________________________________________
TOTAL DEBT ISSUE-FIRE SUPPR.
259,122
0
495,000
0
0
0
259,122
0
0
0
________________________________________________________________________________________________________________________________________________________________________
TOTAL FIRE

259,122

0

495,000

0

0

0

259,122

0

0

0

6-06-2022 09:26 AM

CITY OF ELIZABETHTON
ADOPTED BUDGET REPORT
AS OF: MAY 31ST, 2022

PAGE:

6

184-DEBT ISSUE CAPITAL PROJ.
STREET & HIGHWAYS
EXPENDITURES

(------------------- 2021-2022 -------------------) 2022-2023
2022-2023
ORIGINAL
2018-2019
2019-2020
2020-2021
ORIGINAL
CURRENT
Y-T-D
PROJECTED
REQUESTED
APPROVED
vs APPROVED
ACTUAL
ACTUAL
ACTUAL
BUDGET
BUDGET
ACTUAL
YEAR END
BUDGET
BUDGET
INCR/(DECR)
________________________________________________________________________________________________________________________________________________________________________

DEBT ISSUE-ST&HWY MAINT
=======================
CONTRACTUAL SERVICES

___________

CAPITAL OUTLAY
184-3002-500-90-24 BUILDING/GROUNDS CIT
110,865
PARKING LOT
0
80,000.00
TOTAL CAPITAL OUTLAY
110,865
PUBLIC WORKS CAPITAL PRO
184-3002-500-94-11 ELK AVE BRIDGE
EXSISTING FUND
1
TOTAL PUBLIC WORKS CAPITAL PRO

10,547
45,173.00
10,547

___________

___________

___________

___________

___________

___________

___________

0

0

0

0

0

110,865

0

0

0

0

0

0

110,865

0

3,833

66,595

224,399

224,399

179,243

18,792

224,399

3,833

66,595

224,399

224,399

179,243

18,792

___________

___________

0
0
0_____ ___________
0
0

45,173 (
179,226)
45,173_____ ___________
224,399
45,173 (
179,226)

___________ ___________ ___________ ___________ ___________ ___________ ___________ ___________ ___________ ___________
GENERAL GOV. CAPITAL PRO
________________________________________________________________________________________________________________________________________________________________________
TOTAL DEBT ISSUE-ST&HWY MAINT
121,412
3,833
66,595
224,399
224,399
179,243
129,657
224,399
45,173 (
179,226)
________________________________________________________________________________________________________________________________________________________________________
TOTAL STREET & HIGHWAYS

121,412

3,833

66,595

224,399

224,399

179,243

129,657

224,399

45,173 (

179,226)

6-06-2022 09:26 AM

CITY OF ELIZABETHTON
ADOPTED BUDGET REPORT
AS OF: MAY 31ST, 2022

PAGE:

7

184-DEBT ISSUE CAPITAL PROJ.
ANIMAL SHELTER
EXPENDITURES

(------------------- 2021-2022 -------------------) 2022-2023
2022-2023
ORIGINAL
2018-2019
2019-2020
2020-2021
ORIGINAL
CURRENT
Y-T-D
PROJECTED
REQUESTED
APPROVED
vs APPROVED
ACTUAL
ACTUAL
ACTUAL
BUDGET
BUDGET
ACTUAL
YEAR END
BUDGET
BUDGET
INCR/(DECR)
________________________________________________________________________________________________________________________________________________________________________

ANIMAL SHELTER
==============
___________ ___________ ___________ ___________ ___________ ___________ ___________ ___________ ___________ ___________
CAPITAL OUTLAY
________________________________________________________________________________________________________________________________________________________________________
________________________________________________________________________________________________________________________________________________________________________

6-06-2022 09:26 AM

CITY OF ELIZABETHTON
ADOPTED BUDGET REPORT
AS OF: MAY 31ST, 2022

PAGE:

8

184-DEBT ISSUE CAPITAL PROJ.
RECREATIONAL SERVICES
EXPENDITURES

(------------------- 2021-2022 -------------------) 2022-2023
2022-2023
ORIGINAL
2018-2019
2019-2020
2020-2021
ORIGINAL
CURRENT
Y-T-D
PROJECTED
REQUESTED
APPROVED
vs APPROVED
ACTUAL
ACTUAL
ACTUAL
BUDGET
BUDGET
ACTUAL
YEAR END
BUDGET
BUDGET
INCR/(DECR)
________________________________________________________________________________________________________________________________________________________________________
CAP PROJ-ATH FIELDS/PARK
========================
CAPITAL OUTLAY
184-6003-500-90-99 OTHER CAPITAL PROJEC
DOUGLAS PARK RESTROOMS
1
38,700.00
RIVERSIDE PARKING/COURT
1
52,700.00
JOE O'BRIEN FIELD
1
66,000.00
TOTAL CAPITAL OUTLAY

0

0

0

151,400

151,400

28,271

0

0

0

0

151,400

151,400

28,271

0

151,400

157,400
6,000
38,700
52,700
66,000_____ ___________
151,400
157,400
6,000

CAPITAL PROJ.
184-6003-500-93-05 TWINS ESCROW
(
457,753)
261,891
46,840
0
0
0
0
0
0
0
184-6003-500-93-06 JOE OBRIEN FIELD PRO 1,972,110
0
0
0
0
0
1,972,110
0
0
0
184-6003-500-93-07 COVERED BRIDGE
0
0
0
499,999
499,999
0
0
499,999
0 (
499,999)
184-6003-500-93-08 SPORTS COMPLEX
16,900
0
0
0
0
0
16,900
0
0
0
0
0
150,000
150,000
0
0
150,000
0 (
150,000)
184-6003-500-93-09 MAINTENANCE BUILDING
0
TOTAL CAPITAL PROJ.
1,531,257
261,891
46,840
649,999
649,999
0
1,989,010
649,999
0 (
649,999)
________________________________________________________________________________________________________________________________________________________________________
TOTAL CAP PROJ-ATH FIELDS/PARK

1,531,257

261,891

46,840

801,399

801,399

28,271

1,989,010

801,399

157,400 (

643,999)

GOLF COURSE
===========
CAPITAL PROJ.
184-6008-500-93-02 GOLF COURSE IMPROVEM
236,265
65,945
0
0
0
0
260,666
0
0
0
TOTAL CAPITAL PROJ.
236,265
65,945
0
0
0
0
260,666
0
0
0
________________________________________________________________________________________________________________________________________________________________________
TOTAL GOLF COURSE
236,265
65,945
0
0
0
0
260,666
0
0
0
________________________________________________________________________________________________________________________________________________________________________
TOTAL RECREATIONAL SERVICES

1,767,522

327,836

46,840

801,399

801,399

28,271

2,249,676

801,399

157,400 (

643,999)

6-06-2022 09:26 AM

CITY OF ELIZABETHTON
ADOPTED BUDGET REPORT
AS OF: MAY 31ST, 2022

PAGE:

9

184-DEBT ISSUE CAPITAL PROJ.
DEBT SERVICE
EXPENDITURES

(------------------- 2021-2022 -------------------) 2022-2023
2022-2023
ORIGINAL
2018-2019
2019-2020
2020-2021
ORIGINAL
CURRENT
Y-T-D
PROJECTED
REQUESTED
APPROVED
vs APPROVED
ACTUAL
ACTUAL
ACTUAL
BUDGET
BUDGET
ACTUAL
YEAR END
BUDGET
BUDGET
INCR/(DECR)
________________________________________________________________________________________________________________________________________________________________________

DEBT SERVICE-MISC CHARGE
========================
DEBT SERVICE
184-7005-500-70-90 COST OF ISSUANCE EXP
0
94,166
0
0
0
0
0
0
0
0
TOTAL DEBT SERVICE
0
94,166
0
0
0
0
0
0
0
0
________________________________________________________________________________________________________________________________________________________________________
TOTAL DEBT SERVICE-MISC CHARGE
0
94,166
0
0
0
0
0
0
0
0
________________________________________________________________________________________________________________________________________________________________________
TOTAL DEBT SERVICE

0

94,166

0

0

0

0

0

0

0

0

6-06-2022 09:26 AM

CITY OF ELIZABETHTON
ADOPTED BUDGET REPORT
AS OF: MAY 31ST, 2022

PAGE: 10

184-DEBT ISSUE CAPITAL PROJ.
INTER-FUND TRANSF/INTRNL
EXPENDITURES

(------------------- 2021-2022 -------------------) 2022-2023
2022-2023
ORIGINAL
2018-2019
2019-2020
2020-2021
ORIGINAL
CURRENT
Y-T-D
PROJECTED
REQUESTED
APPROVED
vs APPROVED
ACTUAL
ACTUAL
ACTUAL
BUDGET
BUDGET
ACTUAL
YEAR END
BUDGET
BUDGET
INCR/(DECR)
________________________________________________________________________________________________________________________________________________________________________

INTER-FUND TRANSFERS
====================
INTER-FUND TRNSF/INTRNL
184-9202-500-62-30 GENERAL
COVERED BRIDGE - 2017 B
1
COVERED BRIDGE 2020 FUN
1
INTEREST
1
TOTAL INTER-FUND TRNSF/INTRNL

0

0

0

0

0

0

0

0

0

0

0

0

0

0

577,060.37
31,052.63
16,887.00

0

625,000
625,000
577,060
31,053
16,887_____ ___________
0
625,000
625,000

INTER-FUND TRNSF/EXTRNL
184-9202-500-63-04 ELIZ BOARD OF EDUCAT
0
0
1,190,627
574,655
574,655
0
0
574,655
27,708 (
546,947)
TOTAL INTER-FUND TRNSF/EXTRNL
0
0
1,190,627
574,655
574,655
0
0
574,655
27,708 (
546,947)
________________________________________________________________________________________________________________________________________________________________________
TOTAL INTER-FUND TRANSFERS
0
0
1,190,627
574,655
574,655
0
0
574,655
652,708
78,053
________________________________________________________________________________________________________________________________________________________________________
TOTAL INTER-FUND TRANSF/INTRNL
0
0
1,190,627
574,655
574,655
0
0
574,655
652,708
78,053
________________________________________________________________________________________________________________________________________________________________________
TOTAL EXPENDITURES

2,358,161
===========

REVENUE OVER/(UNDER) EXPENDITURES

(

697,283
===========

3,672,057
===========

1,729,508
===========

1,877,487)
3,804,061 ( 3,347,090)
0
=========== =========== =========== ===========

1,729,508
===========

708,853
===========

2,918,158
===========

1,729,508
===========

0 (
530,060)( 2,437,333)
0
=========== =========== =========== ===========

859,483 (
870,025)
=========== ===========
0
===========

0
===========

6-06-2022 09:26 AM

CITY OF ELIZABETHTON
ADOPTED BUDGET REPORT
AS OF: MAY 31ST, 2022

PAGE:

1

188-VET WALK OF HONOR PHASE 2
REVENUES

(------------------- 2021-2022 -------------------) 2022-2023
2022-2023
ORIGINAL
2018-2019
2019-2020
2020-2021
ORIGINAL
CURRENT
Y-T-D
PROJECTED
REQUESTED
APPROVED
vs APPROVED
ACTUAL
ACTUAL
ACTUAL
BUDGET
BUDGET
ACTUAL
YEAR END
BUDGET
BUDGET
INCR/(DECR)
________________________________________________________________________________________________________________________________________________________________________

OTHER REVENUES
==============
INTEREST
188-0000-361-01-00
188-0000-361-03-00
TOTAL INTEREST

INTEREST - INVESTMEN
INTEREST - CHECKING

SPECIFIED USE
188-0000-365-12-03 VET WALK OF HONOR PH
188-0000-365-17-00 DONATION - WALK OF H
TOTAL SPECIFIED USE

0
292
292

0
305
305

0
304
304

250
0
250

250
0
250

0
150
150

0
250
250

250
0
250

250
0
250

0
0
0

1,700 (
103
1,803 (

1,700)
0
1,700)

1,300
0
1,300

14,000
0
14,000

14,000
0
14,000

3,700
0
3,700

2,000
400
2,400

14,000
0
14,000

14,000
0
14,000

0
0
0

MISCELLANEOUS REVENUE
188-0000-369-01-00 OTHER MISC. REVENUE
0
0
0
0
0
40
0
0
0
0
TOTAL MISCELLANEOUS REVENUE
0
0
0
0
0
40
0
0
0
0
________________________________________________________________________________________________________________________________________________________________________
TOTAL OTHER REVENUES

2,095 (

1,395)

1,604

14,250

14,250

3,890

2,650

14,250

14,250

0

NON-REVENUE RECEIPTS
====================
FUND BALANCE ALLOCATED
188-0000-385-01-00 FUND BALANCE APPROPI
0
0
0
0
38,400
0
0
0
0
0
TOTAL FUND BALANCE ALLOCATED
0
0
0
0
38,400
0
0
0
0
0
________________________________________________________________________________________________________________________________________________________________________
TOTAL NON-REVENUE RECEIPTS

0

0

0

0

38,400

0

0

0

0

0

OTHER FINANCING SOURCES
=======================
___________ ___________ ___________ ___________ ___________ ___________ ___________ ___________ ___________ ___________
INTERFUND OPER TRANSFERS
________________________________________________________________________________________________________________________________________________________________________
________________________________________________________________________________________________________________________________________________________________________
TOTAL REVENUES

2,095 (

1,395)

1,604

14,250

52,650

3,890

2,650

14,250

14,250

0

6-06-2022 09:26 AM

CITY OF ELIZABETHTON
ADOPTED BUDGET REPORT
AS OF: MAY 31ST, 2022

PAGE:

2

188-VET WALK OF HONOR PHASE 2
RECREATION SERVICES
EXPENDITURES

(------------------- 2021-2022 -------------------) 2022-2023
2022-2023
ORIGINAL
2018-2019
2019-2020
2020-2021
ORIGINAL
CURRENT
Y-T-D
PROJECTED
REQUESTED
APPROVED
vs APPROVED
ACTUAL
ACTUAL
ACTUAL
BUDGET
BUDGET
ACTUAL
YEAR END
BUDGET
BUDGET
INCR/(DECR)
________________________________________________________________________________________________________________________________________________________________________

VET WALK OF HONOR
=================
PERSONNEL SERVICES

___________

___________

___________

___________

___________

___________

___________

___________

___________

___________

EMPLOYEE BENEFITS

___________

___________

___________

___________

___________

___________

___________

___________

___________

___________

CONTRACTUAL SERVICES
188-6003-500-30-99 OTHER CONTRACTUAL SE
3,233
Clock Maintenance
1
700.00
Other
1
1,300.00
TOTAL CONTRACTUAL SERVICES
3,233

721

0

2,000

2,000

1,111

0

2,000

721

0

2,000

2,000

1,111

0

2,000

SUPPLIES & MATERIALS
188-6003-500-40-39 OTHER MAINT & REPAIR
TOTAL SUPPLIES & MATERIALS

769
769

1,246
1,246

2,000
2,000

2,000
2,000

1,784
1,784

5,000
5,000

2,000
2,000

2,000
2,000

0
0

900)
900)

0
0

0
0

0
0

0
0

0
0

0
0

0
0

0
0

___________

___________

___________

___________

___________

___________

___________

___________

___________

GRANTS & OTHER
188-6003-500-60-89 OTHER MISC EXPENSES
TOTAL GRANTS & OTHER

698
698

INTER-FUND TRNSF/INTRNL

0 (
0 (
___________

2,000
0
700
1,300_____ ___________
2,000
0

PARK REC GRANTS DONAT.
188-6003-500-82-04 WALK OF HONOR PHASE
796
0
0
10,250
48,650
23,148
5,000
10,250
10,250
0
TOTAL PARK REC GRANTS DONAT.
796
0
0
10,250
48,650
23,148
5,000
10,250
10,250
0
________________________________________________________________________________________________________________________________________________________________________
TOTAL VET WALK OF HONOR
4,727
590
1,246
14,250
52,650
26,043
10,000
14,250
14,250
0
________________________________________________________________________________________________________________________________________________________________________
TOTAL RECREATION SERVICES
4,727
590
1,246
14,250
52,650
26,043
10,000
14,250
14,250
0
________________________________________________________________________________________________________________________________________________________________________
TOTAL EXPENDITURES

4,727
===========

REVENUE OVER/(UNDER) EXPENDITURES

(

590
===========

1,246
===========

14,250
===========

52,650
===========

26,043
===========

10,000
===========

14,250
===========

14,250
===========

0
===========

2,632)(
1,985)
358
=========== =========== ===========

0
===========

0 (
22,153)(
7,350)
0
=========== =========== =========== ===========

0
===========

0
===========

6-06-2022 09:26 AM

CITY OF ELIZABETHTON
ADOPTED BUDGET REPORT
AS OF: MAY 31ST, 2022

PAGE:

1

516-E. BOLLING MEMORIAL TRUST
REVENUES

(------------------- 2021-2022 -------------------) 2022-2023
2022-2023
ORIGINAL
2018-2019
2019-2020
2020-2021
ORIGINAL
CURRENT
Y-T-D
PROJECTED
REQUESTED
APPROVED
vs APPROVED
ACTUAL
ACTUAL
ACTUAL
BUDGET
BUDGET
ACTUAL
YEAR END
BUDGET
BUDGET
INCR/(DECR)
________________________________________________________________________________________________________________________________________________________________________

OTHER REVENUES
==============
INTEREST
516-0000-361-01-00
TOTAL INTEREST

INVESTMENTS

696
696

502
502

46
46

200
200

200
200

22
22

650
650

200
200

200
200

0
0

MISCELLANEOUS REVENUE
___________ ___________ ___________ ___________ ___________ ___________ ___________ ___________ ___________ ___________
________________________________________________________________________________________________________________________________________________________________________
TOTAL OTHER REVENUES
696
502
46
200
200
22
650
200
200
0
________________________________________________________________________________________________________________________________________________________________________
TOTAL REVENUES

696

502

46

200

200

22

650

200

200

0

6-06-2022 09:26 AM

CITY OF ELIZABETHTON
ADOPTED BUDGET REPORT
AS OF: MAY 31ST, 2022

PAGE:

2

516-E. BOLLING MEMORIAL TRUST
RECREATION SERVICES
EXPENDITURES

(------------------- 2021-2022 -------------------) 2022-2023
2022-2023
ORIGINAL
2018-2019
2019-2020
2020-2021
ORIGINAL
CURRENT
Y-T-D
PROJECTED
REQUESTED
APPROVED
vs APPROVED
ACTUAL
ACTUAL
ACTUAL
BUDGET
BUDGET
ACTUAL
YEAR END
BUDGET
BUDGET
INCR/(DECR)
________________________________________________________________________________________________________________________________________________________________________

E BOLLING MEM TRUST
===================
CAPITAL OUTLAY
516-6003-500-90-99 OTHER CAPITAL OUTLAY
0
0
0
200
200
0
0
200
200
0
TOTAL CAPITAL OUTLAY
0
0
0
200
200
0
0
200
200
0
________________________________________________________________________________________________________________________________________________________________________
TOTAL E BOLLING MEM TRUST
0
0
0
200
200
0
0
200
200
0
________________________________________________________________________________________________________________________________________________________________________
TOTAL RECREATION SERVICES
0
0
0
200
200
0
0
200
200
0
________________________________________________________________________________________________________________________________________________________________________
TOTAL EXPENDITURES

0
===========

0
===========

0
===========

200
===========

200
===========

0
===========

0
===========

200
===========

200
===========

0
===========

REVENUE OVER/(UNDER) EXPENDITURES

696
===========

502
===========

46
===========

0
===========

0
===========

22
===========

650
===========

0
===========

0
===========

0
===========

6-06-2022 02:39 PM

CITY OF ELIZABETHTON
ADOPTED BUDGET REPORT
AS OF: MAY 31ST, 2022

PAGE:

1

135-SANITATION & SOLID WASTE
REVENUES

(------------------- 2021-2022 -------------------) 2022-2023
2022-2023
ORIGINAL
2018-2019
2019-2020
2020-2021
ORIGINAL
CURRENT
Y-T-D
PROJECTED
REQUESTED
APPROVED
vs APPROVED
ACTUAL
ACTUAL
ACTUAL
BUDGET
BUDGET
ACTUAL
YEAR END
BUDGET
BUDGET
INCR/(DECR)
________________________________________________________________________________________________________________________________________________________________________

INTERGOVERNMENTAL
=================
STATE OF TENN - GRANTS

___________

___________

___________

___________

___________

___________

___________

___________

___________

___________

OTHER GOVT / AGENCIES
135-0000-334-17-00 TN CARES ACT
0
0
739
0
0
0
0
0
0
0
TOTAL OTHER GOVT / AGENCIES
0
0
739
0
0
0
0
0
0
0
________________________________________________________________________________________________________________________________________________________________________
TOTAL INTERGOVERNMENTAL

0

0

739

0

0

0

0

0

0

0

___________

___________

___________

___________

___________

___________

___________

___________

___________

___________

GENERAL GOVT CHARGES
====================
GENERAL GOV CHARGES

SERVICES
135-0000-344-30-01 BULK CONTAINER FEES
588,902
664,171
675,381
670,000
670,000
628,162
565,000
685,000
685,000
15,000
135-0000-344-30-02 SANITATION PENALTIES
16,000
16,831
21,206
19,000
19,000
20,071
14,000
19,000
19,000
0
135-0000-344-30-04 HOUSEHOLD CONTAINERS
1,116
1,916
2,625
1,000
1,000
2,941
919
1,000
1,000
0
135-0000-344-30-06 BRUSH PICK UP
586
1,034
310
600
600
1,482
400
600
600
0
135-0000-344-30-07 SOLID WASTE USER FEE
617,443
802,608
810,326
808,000
808,000
748,950
599,968
815,000
815,000
7,000
5,014
15,586
15,000
15,000
25,448
0
28,000
28,000
13,000
135-0000-344-30-08 DUMPSTER RENTALS
0
TOTAL SERVICES
1,224,046
1,491,574
1,525,433
1,513,600
1,513,600
1,427,054
1,180,287
1,548,600
1,548,600
35,000
________________________________________________________________________________________________________________________________________________________________________
TOTAL GENERAL GOVT CHARGES

1,224,046

1,491,574

1,525,433

1,513,600

1,513,600

1,427,054

1,180,287

1,548,600

1,548,600

35,000

___________

___________

___________

___________

___________

___________

___________

___________

___________

___________

OTHER REVENUES
==============
INTEREST

MISCELLANEOUS REVENUE
135-0000-369-01-00 OTHER MISCELLANEOUS
479
561
141
500
500
764
916
500
500
0
219
257
200
200
254,088
214
200
200
0
135-0000-369-03-00 INSURANCE PROCEEDS
213
TOTAL MISCELLANEOUS REVENUE
692
780
398
700
700
254,852
1,130
700
700
0
________________________________________________________________________________________________________________________________________________________________________
TOTAL OTHER REVENUES

692

780

398

700

700

254,852

1,130

700

0
0
0

0
0
0

0
0
0

50,622
0
50,622

50,622
0
50,622

0
0
0

0
0
0

50,622
0
50,622

700

0

NON-REVENUE RECEIPTS
====================
NON-REVENUE RECEIPTS
135-0000-381-01-00 FUND BALANCE APPROPR
135-0000-381-02-00 RETAINED EARNINGS AP
TOTAL NON-REVENUE RECEIPTS

0 (
500,832
500,832

50,622)
500,832
450,210

6-06-2022 02:39 PM

CITY OF ELIZABETHTON
ADOPTED BUDGET REPORT
AS OF: MAY 31ST, 2022

PAGE:

2

135-SANITATION & SOLID WASTE
REVENUES

(------------------- 2021-2022 -------------------) 2022-2023
2022-2023
ORIGINAL
2018-2019
2019-2020
2020-2021
ORIGINAL
CURRENT
Y-T-D
PROJECTED
REQUESTED
APPROVED
vs APPROVED
ACTUAL
ACTUAL
ACTUAL
BUDGET
BUDGET
ACTUAL
YEAR END
BUDGET
BUDGET
INCR/(DECR)
________________________________________________________________________________________________________________________________________________________________________
________________________________________________________________________________________________________________________________________________________________________
TOTAL NON-REVENUE RECEIPTS

0

0

0

50,622

50,622

0

0

50,622

500,832

450,210

INTERFUND OPER TRANSFERS
135-0000-391-40-00 OPEB INVESTMENT TRUS
TOTAL INTERFUND OPER TRANSFERS

0
0

5,527
5,527

5,793
5,793

6,214
6,214

6,214
6,214

4,660
4,660

0
0

6,214
6,214

6,261
6,261

47
47

SALE OF FIXED ASSETS
135-0000-392-01-00 FIXED ASSETS
(
135-0000-392-02-00 FIXED ASSET CONTRIBU
TOTAL SALE OF FIXED ASSETS
(

9,530)
0
9,530)

0 (
156,843
156,843 (

22,666)
0
22,666)

2,000
0
2,000

2,000 (
0
2,000 (

24,374)(
0
24,374)(

9,530)
0
9,530)

2,000
0
2,000

2,000
0
2,000

0
0
0

OTHER FINANCING SOURCES
=======================

PROCEEDS OF LT DEBT
___________ ___________ ___________ ___________ ___________ ___________ ___________ ___________ ___________ ___________
________________________________________________________________________________________________________________________________________________________________________
TOTAL OTHER FINANCING SOURCES
(
9,530)
162,370 (
16,873)
8,214
8,214 (
19,714)(
9,530)
8,214
8,261
47
________________________________________________________________________________________________________________________________________________________________________
TOTAL REVENUES

1,215,208

1,654,724

1,509,697

1,573,136

1,573,136

1,662,193

1,171,887

1,608,136

2,058,393

485,257

6-06-2022 02:39 PM

CITY OF ELIZABETHTON
ADOPTED BUDGET REPORT
AS OF: MAY 31ST, 2022

PAGE:

3

135-SANITATION & SOLID WASTE
SANITATION/SOLID WASTE
EXPENDITURES

(------------------- 2021-2022 -------------------) 2022-2023
2022-2023
ORIGINAL
2018-2019
2019-2020
2020-2021
ORIGINAL
CURRENT
Y-T-D
PROJECTED
REQUESTED
APPROVED
vs APPROVED
ACTUAL
ACTUAL
ACTUAL
BUDGET
BUDGET
ACTUAL
YEAR END
BUDGET
BUDGET
INCR/(DECR)
________________________________________________________________________________________________________________________________________________________________________

SANITATION DISPOSA SRV
======================
PERSONNEL SERVICES
135-3103-500-10-11 SALARIES/WAGES
135-3103-500-10-12 OVERTIME
135-3103-500-10-13 STANDBY/ON CALL
135-3103-500-10-14 HOLIDAY BONUS
135-3103-500-10-18 OTHER SALARIES & WAG
TOTAL PERSONNEL SERVICES

250,018
8,138
215
1,445
0
259,816

335,849
10,740
343
2,295
0
349,228

331,874
11,822
264
2,095
0
346,056

378,217
18,727
5,550
2,510
0
405,004

378,217
18,727
5,550
2,510
0
405,004

317,665
14,429
248
2,360
0
334,701

249,341
10,000
1,000
10,945
2,900
274,186

378,551
18,728
2,420
2,510
0
402,209

394,979
18,728
2,420 (
2,510
0
418,637

16,762
1
3,130)
0
0
13,633

EMPLOYEE BENEFITS
135-3103-500-20-11 FICA
135-3103-500-20-12 MEDICARE
135-3103-500-20-13 TCRS CONTRIBUTION
135-3103-500-20-14 TCRS - 401K CONTRIBU
135-3103-500-20-15 EMPLOYEE HEALTH INS
135-3103-500-20-17 EMPLOYEE LIFE INS
135-3103-500-20-19 WORKERS COMPENSATION
135-3103-500-20-26 CLOTHING/UNIFORM/SHO
135-3103-500-20-62 HEALTH INS/RETIREE
135-3103-500-20-64 HEALTH INSURANCE HRA
TOTAL EMPLOYEE BENEFITS

15,944
3,729
32,702
1,688
53,438
728
13,077
5,229
5,651
0
132,186

20,883
4,884
42,008
1,929
65,186
1,032
19,374
6,644
5,527
4,456
171,923

20,958
4,968
39,779
0
68,500
945
15,808
7,500
5,798
3,966
168,223

25,110
5,873
55,600
0
78,910
1,067
20,000
7,150
6,214
4,500
204,424

25,110
5,873
55,600
0
78,910
1,067
20,000
7,150
6,214
4,500
204,424

20,517
4,799
42,849
0
65,555
869
19,592
5,246
5,696
2,400
167,522

15,291
3,576
33,719
1,100
53,000
1,000
16,167
6,045
5,757
0
135,655

24,937
5,833
55,378
0
79,411
1,067
20,000
7,150
6,214
4,500
204,490

25,956
6,071
57,610
0
84,915
1,067
20,000
7,150
6,261
4,500
213,530

846
198
2,010
0
6,005
0
0
0
47
0
9,106

1,524
1,000
103
210
402
569
724
1,000
0
3,853
47
0
5,180
223
45,159

1,879
1,000
480
589
232
668
725
1,000
2,813
5,571
60
254
2,960
223
43,770

2,000
1,100
1,000
350
827
760
1,000
1,000
3,250
7,200
2,000
300
6,000
410
70,540

2,000
1,100
1,000
350
827
760
1,000
1,000
3,250
7,200
2,000
300
6,000
410
64,340

1,240
1,000
519
586
562
466
84
1,500
0
0
70
0
1,795
0
49,061

1,500
1,000
900
136
400
200
500
1,000
3,000
0
2,000
300
6,000
330
10,000

2,000
1,100
1,000
350
800
760
1,000
1,000
2,250
7,200
2,000
330
6,000
410
70,540

59,995

62,221

97,737

91,537

56,883

27,266

CONTRACTUAL SERVICES
135-3103-500-30-11 POSTAL DELIVERY SERV
1,331
135-3103-500-30-21 PRINTING SERVICES
930
135-3103-500-30-31 LEGAL NOTICES
669
135-3103-500-30-42 WATER
155
135-3103-500-30-43 PROPANE GAS
385
135-3103-500-30-45 TELEPHONE SERVICES
120
135-3103-500-30-51 MEDICAL SERVICES
409
135-3103-500-30-53 ACCOUNTING / AUDIT S
1,000
135-3103-500-30-60 REP & MAINT-COMMUNIC
310
135-3103-500-30-61 REP & MAINT-VEHICLES
0
135-3103-500-30-62 REP & MAINT-EQUIPMEN
41
135-3103-500-30-63 REP & MAINT-OFFICE E
260
135-3103-500-30-64 REP & MAINT-BLDG/GRO
5,701
135-3103-500-30-78 EDUC,SEMINARS,TRAINI
223
135-3103-500-30-99 OTHER CONTRACTUAL SE
6,730
BRUSH GRINDING
1
60,000.00
MISCELLANEOUS CHARGES
0
0.00
TOTAL CONTRACTUAL SERVICES
18,264

2,000
0
1,100
0
1,000
0
350
0
800 (
27)
760
0
1,000
0
1,000
0
2,250 (
1,000)
7,200
0
2,000
0
330
30
6,000
0
410
0
70,540
0
60,000
10,540_____ ___________
96,740
96,740 (
997)

6-06-2022 02:39 PM

CITY OF ELIZABETHTON
ADOPTED BUDGET REPORT
AS OF: MAY 31ST, 2022

PAGE:

4

135-SANITATION & SOLID WASTE
SANITATION/SOLID WASTE
EXPENDITURES

(------------------- 2021-2022 -------------------) 2022-2023
2022-2023
ORIGINAL
2018-2019
2019-2020
2020-2021
ORIGINAL
CURRENT
Y-T-D
PROJECTED
REQUESTED
APPROVED
vs APPROVED
ACTUAL
ACTUAL
ACTUAL
BUDGET
BUDGET
ACTUAL
YEAR END
BUDGET
BUDGET
INCR/(DECR)
________________________________________________________________________________________________________________________________________________________________________
SUPPLIES & MATERIALS
135-3103-500-40-11 OFFICE SUPLYS & MATE
135-3103-500-40-13 OFFICE EQUIPMENT
135-3103-500-40-24 JANITORAL SUPPLIES
135-3103-500-40-29 GEN. OPERATING SUPPL
135-3103-500-40-31 GASOLINE & DIESEL FU
135-3103-500-40-33 VEH-PARTS/OIL/FLUID/
135-3103-500-40-98 DUMPSTER RENTALS
TOTAL SUPPLIES & MATERIALS

1,569
0
0
9,144
42,903
121,325
0
174,941

579
0
0
4,811
40,269
124,592
0
170,251

354
0
245
5,617
38,287
113,338
16,398
174,239

1,570
1,200
1,000
12,535
60,000
130,000
20,000
226,305

1,570
1,200
1,000
12,535
60,000
130,000
26,200
232,505

290
0
272
2,296
52,187
94,634
26,198
175,876

1,430
100
0
6,000
35,000
99,681
0
142,211

1,570
1,200
1,000
12,535
55,000
130,000
30,000
231,305

1,570
1,200
1,000
12,535
111,966
130,000
30,000
288,271

0
0
0
0
51,966
0
10,000
61,966

PURCHASES FOR RESALE
135-3103-500-41-61 SOLID WASTE CONTAINE
TOTAL PURCHASES FOR RESALE

11,649
11,649

10,669
10,669

11,151
11,151

13,120
13,120

13,120
13,120

12,315
12,315

12,000
12,000

14,000
14,000

14,000
14,000

880
880

FIXED CHARGES
135-3103-500-50-10 LIABILITY,GENERAL
135-3103-500-50-21 BUILDINGS - INSURANC
135-3103-500-50-22 EQUIPMENT-INSURANCE
135-3103-500-50-24 VEHICLES-INS
135-3103-500-50-33 EQUIPMENT-RENTAL/LEA
135-3103-500-50-54 GASB 45 OPEB
(
135-3103-500-50-56 OPEB ACTUARY STUDY
135-3103-500-50-57 GASB 68 PENSION EXP(
135-3103-500-50-60 RECYCLING CHARGES/CO
135-3103-500-50-62 LANDFILL FEE/DISP CH
135-3103-500-50-71 CLOSED LANDFILL COST
135-3103-500-50-81 ADMIN CHARGES/GENERA
135-3103-500-50-98 BAD DEBTS
TOTAL FIXED CHARGES

4,495
82
0
4,399
235
6,054)(
0
21,255)(
229
361,702
30,835
0
4,801
379,469

4,807
78
0
4,484
557
7,464)
0
9,359)(
215
402,932
25,075
0
4,498
425,824

5,530
91
104
3,898
510
6,692
0
19,540)
0
388,653
25,818
0
4,498
416,254

6,500
100
100
5,000
600
0
0
0
500
420,000
35,000
0
3,000
470,800

6,500
100
100
5,000
600
0
0
0
500
420,000
35,000
0
3,000
470,800

5,561
108
122
4,882
411
0
0
0
0
340,206
1,288
0
0
352,577

5,700
75
0
5,445
550
1,000
225
0
1,000
375,000
30,000
0
3,000
421,995

6,500
100
100
5,500
600
0
0
0
0
440,000
35,000
0
3,000
490,800

6,500
100
100
5,500
600
0
0
0
0 (
440,000
35,000
24,670
3,000
515,470

0
0
0
500
0
0
0
0
500)
20,000
0
24,670
0
44,670

DEPRECIATION
135-3103-500-51-64 DEP - MOTOR VEHICLES
135-3103-500-51-69 OTHER FIXED ASSETS
TOTAL DEPRECIATION

88,183
3,975
92,158

124,891
3,975
128,866

131,735
3,975
135,710

146,770
3,976
150,746

146,770
3,976
150,746

119,870
3,313
123,182

83,000
3,818
86,818

146,770
3,976
150,746

169,637
3,975 (
173,612

22,867
1)
22,866

GRANTS & OTHER
135-3103-500-60-87 OPEB INVESTMENT TRUS
135-3103-500-60-97 COVID EXPENSES - CAR
TOTAL GRANTS & OTHER

0
0
0

0
639
639

5,000
155
5,155

5,000
0
5,000

5,000
0
5,000

5,000
0
5,000

0
0
0

5,000
0
5,000

5,000
0
5,000

0
0
0

___________

___________

___________

___________

___________

___________

___________

___________

___________

___________

DEBT SERVICE PRINCIPAL

$290,000 BUDGETED @ 3.5% FOR 5 YEARS 1ST PERIOD FY 12-13

6-06-2022 02:39 PM

CITY OF ELIZABETHTON
ADOPTED BUDGET REPORT
AS OF: MAY 31ST, 2022

PAGE:

5

135-SANITATION & SOLID WASTE
SANITATION/SOLID WASTE
EXPENDITURES

(------------------- 2021-2022 -------------------) 2022-2023
2022-2023
ORIGINAL
2018-2019
2019-2020
2020-2021
ORIGINAL
CURRENT
Y-T-D
PROJECTED
REQUESTED
APPROVED
vs APPROVED
ACTUAL
ACTUAL
ACTUAL
BUDGET
BUDGET
ACTUAL
YEAR END
BUDGET
BUDGET
INCR/(DECR)
________________________________________________________________________________________________________________________________________________________________________
DEBT SERVICE INTEREST

___________

CAPITAL OUTLAY
135-3103-500-90-21 BUILDINGS & IMPROVEM
0
135-3103-500-90-60 MACHINERY & EQUIPMEN
7,024
135-3103-500-90-71 MOTOR EQUIPMENT
0
2023 Mack Front Loader
1
333,133.00
135-3103-500-90-98 DUMPSTER RENTAL PURC
0
TOTAL CAPITAL OUTLAY
7,024

___________

___________

___________

___________

___________

___________

___________

___________

___________

0
5,000
0

0
0
0

0
0
0

0
0
0

32,924
0
0

0
5,000
0

0
0
325,433

0
0
333,133
333,133
0
0
325,433
333,133

0
0
333,133

13,095
18,095

0
0

0
0

0
0

0
32,924

0
5,000

0
333,133

FIXED ASSETS
___________ ___________ ___________ ___________ ___________ ___________ ___________ ___________ ___________ ___________
________________________________________________________________________________________________________________________________________________________________________
TOTAL SANITATION DISPOSA SRV
1,075,507
1,335,490
1,319,010
1,573,136
1,573,136
1,260,981
1,105,131
1,920,723
2,058,393
485,257
________________________________________________________________________________________________________________________________________________________________________
TOTAL SANITATION/SOLID WASTE
1,075,507
1,335,490
1,319,010
1,573,136
1,573,136
1,260,981
1,105,131
1,920,723
2,058,393
485,257
________________________________________________________________________________________________________________________________________________________________________
TOTAL EXPENDITURES

1,075,507
===========

1,335,490
===========

1,319,010
===========

1,573,136
===========

1,573,136
===========

1,260,981
===========

1,105,131
===========

1,920,723
===========

2,058,393
===========

485,257
===========

REVENUE OVER/(UNDER) EXPENDITURES

139,702
===========

319,234
===========

190,687
===========

0
===========

0
===========

401,212
===========

66,756 (
312,587)
0
=========== =========== ===========

0
===========

6-06-2022 02:39 PM

CITY OF ELIZABETHTON
ADOPTED BUDGET REPORT
AS OF: MAY 31ST, 2022

PAGE:

1

445-WATER/SEWER FUND
REVENUES

(------------------- 2021-2022 -------------------) 2022-2023
2022-2023
ORIGINAL
2018-2019
2019-2020
2020-2021
ORIGINAL
CURRENT
Y-T-D
PROJECTED
REQUESTED
APPROVED
vs APPROVED
ACTUAL
ACTUAL
ACTUAL
BUDGET
BUDGET
ACTUAL
YEAR END
BUDGET
BUDGET
INCR/(DECR)
________________________________________________________________________________________________________________________________________________________________________

INTERGOVERNMENTAL
=================
STATE OF TENN

___________

___________

___________

___________

___________

___________

___________

___________

___________

___________

STATE OF TENN - GRANTS

___________

___________

___________

___________

___________

___________

___________

___________

___________

___________

18,832
343,968
362,800

72,572
126,005
198,577

0
0
0

0
0
0

0
0
0

0
0
0

0
0
0

0
0
0

0
0
0

FEDERAL GOV - GRANTS
445-0000-333-06-00 ARC-ECONOMIC DEVELOP
445-0000-333-10-00 CDBG WATER REHABILIT
TOTAL FEDERAL GOV - GRANTS

0
41,348
41,348

OTHER GOVT / AGENCIES
445-0000-334-01-00 TEMA
0
0
28,772
0
0
0
0
0
0
0
0
13,557
0
0
0
0
0
0
0
445-0000-334-17-00 TN CARES ACT
0
TOTAL OTHER GOVT / AGENCIES
0
0
42,329
0
0
0
0
0
0
0
________________________________________________________________________________________________________________________________________________________________________
TOTAL INTERGOVERNMENTAL

41,348

362,800

240,906

0

0

0

0

0

0

0

6,771
6,771

5,036
5,036

3,160
3,160

3,500
3,500

3,500
3,500

2,037
2,037

5,500
5,500

3,500
3,500

3,500
3,500

0
0

GENERAL GOVT CHARGES
====================
GENERAL GOV CHARGES
445-0000-341-03-45 WATER & SEWER
TOTAL GENERAL GOV CHARGES

SERVICES
445-0000-344-10-00 WRRWA CONTRACTED REV
140,186
140,186
140,186
140,186
140,186
0
140,186
140,186
140,186
0
445-0000-344-10-01 WATER SALES FOR SERV 6,128,755
6,277,838
6,419,767
6,419,484
6,419,484
5,969,594
6,250,000
6,419,484
6,419,484
0
445-0000-344-10-02 WATER PENALTIES
112,438
85,694
108,386
115,000
115,000
97,358
100,000
105,000
105,000 (
10,000)
445-0000-344-10-03 WATER TAP FEES
44,650
41,000
48,550
60,000
60,000
42,300
41,500
50,000
50,000 (
10,000)
445-0000-344-10-06 WATER SERVICE CHARGE
97,550
90,797
95,862
90,000
90,000
92,209
95,000
90,000
90,000
0
445-0000-344-10-07 WATER OTHER MISC OPE
1,005
1,264
3,033
0
0
4,249
2,500
0
0
0
445-0000-344-10-09 BACKFLOW DEVICE TEST
0
0
0
30,000
30,000
0
0
30,000
30,000
0
445-0000-344-20-01 SEWER SALES FOR SERV 2,869,605
2,980,897
3,092,067
3,026,095
3,026,095
2,895,780
2,800,000
3,026,095
3,026,095
0
445-0000-344-20-02 SEWER PENALTIES
39,792
33,916
43,320
35,000
35,000
40,514
35,100
35,000
35,000
0
445-0000-344-20-03 SEWER TAP FEES
27,055
30,200
12,600
14,000
14,000
14,000
27,500
14,000
14,000
0
472
861
0
0
0
0
0
0
0
445-0000-344-20-07 SEWER OTHER MISC OPE
0
TOTAL SERVICES
9,461,038
9,682,264
9,964,633
9,929,765
9,929,765
9,156,003
9,491,786
9,909,765
9,909,765 (
20,000)
________________________________________________________________________________________________________________________________________________________________________
TOTAL GENERAL GOVT CHARGES

9,467,809

9,687,301

9,967,793

9,933,265

9,933,265

9,158,041

9,497,286

9,913,265

9,913,265 (

20,000)

6-06-2022 02:39 PM

CITY OF ELIZABETHTON
ADOPTED BUDGET REPORT
AS OF: MAY 31ST, 2022

PAGE:

2

445-WATER/SEWER FUND
REVENUES

(------------------- 2021-2022 -------------------) 2022-2023
2022-2023
ORIGINAL
2018-2019
2019-2020
2020-2021
ORIGINAL
CURRENT
Y-T-D
PROJECTED
REQUESTED
APPROVED
vs APPROVED
ACTUAL
ACTUAL
ACTUAL
BUDGET
BUDGET
ACTUAL
YEAR END
BUDGET
BUDGET
INCR/(DECR)
________________________________________________________________________________________________________________________________________________________________________
FINES
=====
___________ ___________ ___________ ___________ ___________ ___________ ___________ ___________ ___________ ___________
OTHER FINES
________________________________________________________________________________________________________________________________________________________________________
OTHER REVENUES
==============
INTEREST
445-0000-361-01-00
445-0000-361-03-00
TOTAL INTEREST

INTEREST/INVESTMENTS
CASH IN CHECKING

31,410
125,672
157,082

22,014
97,092
119,105

1,568
22,687
24,255

2,500
24,000
26,500

2,500
24,000
26,500

890
16,144
17,035

27,800
114,000
141,800

2,500
24,000
26,500

2,500
24,000
26,500

0
0
0

RENTS & ROYALTIES
445-0000-363-07-00 LEASE/RENTAL CITY PR
TOTAL RENTS & ROYALTIES

21,162
21,162

21,629
21,629

22,148
22,148

21,709
21,709

21,709
21,709

20,781
20,781

20,500
20,500

21,709
21,709

21,709
21,709

0
0

MISCELLANEOUS REVENUE
445-0000-369-01-00 OTHER MISCELLANEOUS
445-0000-369-02-00 GARNISH. & COURT RUL
445-0000-369-03-00 INSURANCE PROCEEDS
445-0000-369-05-00 TML SAFETY GRANT
445-0000-369-06-00 SALE OF BRASS/COPPER
445-0000-369-08-00 CREDIT CARD PROCESSI
TOTAL MISCELLANEOUS REVENUE

4,288
168,984
1,557
1,980
5,471
0
182,281

12,260
168,985
5,660
0
1,616
0
188,520

4,731
168,984
1,856
0
1,030
0
176,601

4,500
168,987
0
0
10,000
0
183,487

4,500
168,987
0
0
10,000
0
183,487

4,548
169,235
1,674
0
651
0
176,109

7,000
168,984
1,595
2,000
13,000
2,000
194,579

4,500
187,253
0
0
5,000
0
196,753

4,500
187,253
0
0
5,000 (
0
196,753

0
18,266
0
0
5,000)
0
13,266

0000-369-02-0GARNISH. & COURT RULINGS

PERMANENT NOTES:
Payment from Court Order Civil Action No. 24908 City V.
North American Fibers, Inc.
________________________________________________________________________________________________________________________________________________________________________
TOTAL OTHER REVENUES

360,524

329,255

223,004

231,696

231,696

213,925

356,879

244,962

244,962

13,266

NON-REVENUE RECEIPTS
====================
NON-REVENUE RECEIPTS
445-0000-381-02-00 RETAINED EARNINGS AP
0
0
0
652,078
720,478
0
0
0
2,384,136
1,732,058
TOTAL NON-REVENUE RECEIPTS
0
0
0
652,078
720,478
0
0
0
2,384,136
1,732,058
________________________________________________________________________________________________________________________________________________________________________
TOTAL NON-REVENUE RECEIPTS

0

0

0

652,078

720,478

0

0

0

2,384,136

1,732,058

6-06-2022 02:39 PM

CITY OF ELIZABETHTON
ADOPTED BUDGET REPORT
AS OF: MAY 31ST, 2022

PAGE:

3

445-WATER/SEWER FUND
REVENUES

(------------------- 2021-2022 -------------------) 2022-2023
2022-2023
ORIGINAL
2018-2019
2019-2020
2020-2021
ORIGINAL
CURRENT
Y-T-D
PROJECTED
REQUESTED
APPROVED
vs APPROVED
ACTUAL
ACTUAL
ACTUAL
BUDGET
BUDGET
ACTUAL
YEAR END
BUDGET
BUDGET
INCR/(DECR)
________________________________________________________________________________________________________________________________________________________________________
OTHER FINANCING SOURCES
=======================
INTERFUND OPER TRANSFERS
445-0000-391-40-00 OPEB INVESTMENT TRUS
TOTAL INTERFUND OPER TRANSFERS

0
0

15,305
15,305

12,096
12,096

30,388
30,388

30,388
30,388

24,361
24,361

0
0

30,388
30,388

29,048 (
29,048 (

1,340)
1,340)

SALE OF FIXED ASSETS
445-0000-392-01-00 FIXED ASSETS
445-0000-392-08-00 GOVDEALS MISC AUCTIO
TOTAL SALE OF FIXED ASSETS

10,679
8,231
18,910

0
139
139

40,657
648
41,305

15,000
10,000
25,000

15,000
10,000
25,000

27,475
379
27,854

11,000
8,500
19,500

15,000
5,000
20,000

15,000
5,000 (
20,000 (

0
5,000)
5,000)

___________ ___________ ___________ ___________ ___________ ___________ ___________ ___________ ___________ ___________
PROCEEDS OF LT DEBT
________________________________________________________________________________________________________________________________________________________________________
TOTAL OTHER FINANCING SOURCES
18,910
15,443
53,401
55,388
55,388
52,215
19,500
50,388
49,048 (
6,340)
________________________________________________________________________________________________________________________________________________________________________
TOTAL REVENUES

9,888,591

10,394,798

10,485,104

10,872,427

10,940,827

9,424,180

9,873,665

10,208,615

12,591,411

1,718,984

6-06-2022 02:39 PM

CITY OF ELIZABETHTON
ADOPTED BUDGET REPORT
AS OF: MAY 31ST, 2022

PAGE:

4

445-WATER/SEWER FUND
METER SRVCS/WATER BILLIN
EXPENDITURES

(------------------- 2021-2022 -------------------) 2022-2023
2022-2023
ORIGINAL
2018-2019
2019-2020
2020-2021
ORIGINAL
CURRENT
Y-T-D
PROJECTED
REQUESTED
APPROVED
vs APPROVED
ACTUAL
ACTUAL
ACTUAL
BUDGET
BUDGET
ACTUAL
YEAR END
BUDGET
BUDGET
INCR/(DECR)
________________________________________________________________________________________________________________________________________________________________________

WATER&SEWER SYS-FINANCE
=======================
PERSONNEL SERVICES
445-1401-500-10-11 SALARIES/WAGES
149,027
FINANCE DEPARTMENT
1
87,833.00
HUMAN RESOURCES
1
21,495.00
PURCHASING DEPARTMENT
1
85,713.00
445-1401-500-10-12 OVERTIME
3,461
FINANCE DEPARTMENT
1
3,965.00
HUMAN RESOURCES
1
0.00
PURCHASING DEPARTMENT
1
738.00
445-1401-500-10-13 STANDBY/ON CALL
89
445-1401-500-10-14 HOLIDAY BONUS
967
FINANCE DEPARTMENT
1
570.00
HUMAN RESOURCES
1
130.00
PURCHASING DEPARTMENT
1
550.00
445-1401-500-10-18 OTHER SALARIES & WAG
8,835
445-1401-500-10-20 FRANKLIN FITNESS CEN
0
TOTAL PERSONNEL SERVICES
162,378
EMPLOYEE BENEFITS
445-1401-500-20-11 FICA
9,551
FINANCE DEPARTMENT
1
5,727.00
HUMAN RESOURCES
1
1,341.00
PURCHASING DEPARTMENT
1
5,444.00
445-1401-500-20-12 MEDICARE
2,234
FINANCE DEPARTMENT
1
1,339.00
HUMAN RESOURCES
1
314.00
PURCHASING DEPARTMENT
1
1,273.00
ROUNDING
1
1.00
445-1401-500-20-13 TCRS CONTRIBUTION
15,111
FINANCE DEPARTMENT
1
10,128.00
HUMAN RESOURCES
1
2,719.00
PURCHASING DEPARTMENT
1
11,137.00
445-1401-500-20-14 TCRS - 401K CONTRIBU
2,630
445-1401-500-20-15 EMPLOYEE HEALTH INS
26,978
FINANCE DEPARTMENT
1
18,415.00
HUMAN RESOURCES
1
2,485.00
PURCHASING DEPARTMENT
1
13,670.00
INSURANCE 7%
1
2,397.00
445-1401-500-20-17 EMPLOYEE LIFE INS
354
FINANCE DEPARTMENT
1
234.00
HUMAN RESOURCES
1
34.00
PURCHASING DEPARTMENT
1
185.00
ROUNDING
(
1.00)
445-1401-500-20-19 WORKERS COMPENSATION
783
TOTAL EMPLOYEE BENEFITS
57,640

153,634

133,518

148,335

148,335

132,588

151,233

185,753

2,856

3,828

4,406

4,406

2,414

5,200

4,703

0
986

0
879

500
1,054

500
1,054

0
899

200
967

813
1,250

8,957
0
166,433

6,158
60
144,442

4,469
0
158,764

4,469
0
158,764

2,174
0
138,075

8,676
75
166,351

0
0
192,519

9,990

8,579

9,844

9,844

8,346

10,313

11,935

2,336

2,038

2,302

2,302

1,952

2,412

2,792

15,134

14,008

18,104

18,104

15,835

20,000

22,879

1,881
24,250

0
21,966

0
28,541

0
28,541

0
25,255

1,600
29,700

0
34,570

356

299

373

373

320

396

453

289
54,236

1,252
48,143

800
59,964

800
59,964

183
51,891

1,000
65,421

(
800
73,429

195,041
87,833
21,495
85,713
4,703
3,965
0
738
813
1,250
570
130
550
0 (
0
201,807

46,706

12,512
5,727
1,341
5,444
2,927
1,339
314
1,273
1
23,984
10,128
2,719
11,137
0
36,967
18,415
2,485
13,670
2,397
452
234
34
185
1)
800
77,642

2,668

297

313
196

4,469)
0
43,043

625

5,880

0
8,426

79

0
17,678

6-06-2022 02:39 PM

CITY OF ELIZABETHTON
ADOPTED BUDGET REPORT
AS OF: MAY 31ST, 2022

PAGE:

5

445-WATER/SEWER FUND
METER SRVCS/WATER BILLIN
EXPENDITURES

(------------------- 2021-2022 -------------------) 2022-2023
2022-2023
ORIGINAL
2018-2019
2019-2020
2020-2021
ORIGINAL
CURRENT
Y-T-D
PROJECTED
REQUESTED
APPROVED
vs APPROVED
ACTUAL
ACTUAL
ACTUAL
BUDGET
BUDGET
ACTUAL
YEAR END
BUDGET
BUDGET
INCR/(DECR)
________________________________________________________________________________________________________________________________________________________________________
CONTRACTUAL SERVICES
445-1401-500-30-51 MEDICAL SERVICES
0
445-1401-500-30-63 REP & MAINT - OFFICE
119
445-1401-500-30-99 OTHER CONTRACTUAL SE
0
ACCUFORCE - TEMPS
1
14,000.00
TOTAL CONTRACTUAL SERVICES
119

0
80
0

44
104
20,288

0
150
14,000

0
150
14,000

76
179
8,642

0
200
0

80

20,435

14,150

14,150

8,897

200

SUPPLIES & MATERIALS
445-1401-500-40-13 OFFICE EQUIPMENT
TOTAL SUPPLIES & MATERIALS

0
0

0
0

0
0

0
0

0
0

0
0

200
200

0
0

0
0

0
0

FIXED CHARGES
445-1401-500-50-10 LIABILITY, GENERAL
TOTAL FIXED CHARGES

487
487

634
634

711
711

1,000
1,000

1,000
1,000

662
662

670
670

1,000
1,000

1,000
1,000

0
0

___________

___________

___________

___________

___________

___________

___________

___________

___________

___________

GRANTS & OTHER

0
150
14,000

0
0
150
0
14,000
0
14,000_____ ___________
14,150
14,150
0

CAPITAL OUTLAY
___________ ___________ ___________ ___________ ___________ ___________ ___________ ___________ ___________ ___________
________________________________________________________________________________________________________________________________________________________________________
TOTAL WATER&SEWER SYS-FINANCE

220,624

221,383

213,732

233,878

233,878

199,524

232,841

281,098

294,599

60,721

PERSONNEL SERVICES
445-1402-500-10-11 SALARIES/WAGES
445-1402-500-10-12 OVERTIME
445-1402-500-10-13 STANDBY/ON CALL
445-1402-500-10-14 HOLIDAY BONUS
445-1402-500-10-18 OTHER SALARIES AND W
445-1402-500-10-20 FRANKLIN FITNESS CEN
TOTAL PERSONNEL SERVICES

152,803
4,288
4,421
1,700
0
0
163,211

163,260
3,779
4,234
1,700
4,250
0
177,223

172,577
6,675
3,757
1,650
3,555
0
188,214

168,919
3,500
4,080
1,600
6,995
0
185,094

168,919
5,000
4,080
1,600
5,495
0
185,094

143,056
4,959
3,442
1,250
5,195
0
157,903

155,000
4,000
4,000
1,700
0
300
165,000

150,654
8,000
3,800
1,050
0
0
163,504

158,188 (
8,001
3,801 (
1,050 (
0 (
0
171,040 (

10,731)
4,501
279)
550)
6,995)
0
14,054)

EMPLOYEE BENEFITS
445-1402-500-20-11 FICA
445-1402-500-20-12 MEDICARE
445-1402-500-20-13 TCRS CONTRIBUTION
445-1402-500-20-14 TCRS - 401K CONTRIBU
445-1402-500-20-15 EMPLOYEE HEALTH INS
445-1402-500-20-17 EMPLOYEE LIFE INS
445-1402-500-20-19 WORKERS COMPENSATION
445-1402-500-20-26 CLOTHING/UNIFORM/SHO
TOTAL EMPLOYEE BENEFITS

10,075
2,356
20,613
1,063
29,015
370
6,094
3,410
72,996

11,207
2,621
20,355
648
25,414
370
5,918
3,989
70,522

11,400
2,666
18,897
0
29,647
418
5,967
3,893
72,887

11,223
2,625
21,767
0
31,067
420
5,800
4,000
76,902

11,223
2,625
21,767
0
31,067
420
6,300
3,500
76,902

9,739
2,278
15,349
0
27,442
370
6,188
2,801
64,168

10,644
2,489
21,530
2,000
30,360
420
7,200
3,200
77,843

9,902
2,316
15,182
0
31,067
420
5,800
4,000
68,687

10,369 (
2,425 (
15,903 (
0
33,220
420
5,800
4,000
72,137 (

854)
200)
5,864)
0
2,153
0
0
0
4,765)

WATER&SEWER SYS-METER SV
========================

6-06-2022 02:39 PM

CITY OF ELIZABETHTON
ADOPTED BUDGET REPORT
AS OF: MAY 31ST, 2022

PAGE:

6

445-WATER/SEWER FUND
METER SRVCS/WATER BILLIN
EXPENDITURES

(------------------- 2021-2022 -------------------) 2022-2023
2022-2023
ORIGINAL
2018-2019
2019-2020
2020-2021
ORIGINAL
CURRENT
Y-T-D
PROJECTED
REQUESTED
APPROVED
vs APPROVED
ACTUAL
ACTUAL
ACTUAL
BUDGET
BUDGET
ACTUAL
YEAR END
BUDGET
BUDGET
INCR/(DECR)
________________________________________________________________________________________________________________________________________________________________________
CONTRACTUAL SERVICES
445-1402-500-30-31 LEGAL NOTICES
445-1402-500-30-41 ELECTRICITY
445-1402-500-30-42 WATER
445-1402-500-30-43 PROPANE GAS
445-1402-500-30-45 TELEPHONE SERVICES
445-1402-500-30-51 MEDICAL SERVICES
445-1402-500-30-61 REP & MAINT-VEHICLES
445-1402-500-30-62 REP & MAINT-EQUIPMEN
445-1402-500-30-63 REP & MAINT-OFFICE E
445-1402-500-30-76 ETS CREDIT CARD CHAR
445-1402-500-30-78 EDUC,SEMINARS,TRAINI
445-1402-500-30-79 MISCELLANEOUS EXPENS
TOTAL CONTRACTUAL SERVICES

421
338
32
87
770
140
2,478
1,214
2,371
63,801
0
399
72,050

348
350
37
93
411
318
2,110
349
380
70,061
0
405
74,862

419
351
191
58
509
236
897
3,360
213
88,383
0
207
94,825

500
450
200
200
500
500
3,000
5,000
4,000
85,000
0
500
99,850

900
450
200
200
750
500
3,000
7,500
4,000
92,000
0
500
110,000

1402-500-30-4ELECTRICITY

PERMANENT NOTES:
ELECTRICITY FOR STORAGE BUILDING ON HATTIE AVENUE TO METER
SERVICES.

1402-500-30-6REP & MAINT-EQUIPMENT

PERMANENT NOTES:
Testing and repairs for large meters.

746
247
85
115
705
264
2,828
6,337
3,003
95,409
0
274
110,013

500
324
25
100
700
150
3,000
2,000
2,000
55,000
200
500
64,499

500
450
200
200
500
500
3,000
4,000
3,000
85,000
0
500
97,850

500
450
200
200
500
500
3,000
4,000 (
3,000 (
85,000
0
500
97,850 (

0
0
0
0
0
0
0
1,000)
1,000)
0
0
0
2,000)

350
11,300 (
5,000
3,600
2,700
26,529
7,000
1,200
46,379

0
6,200)

SUPPLIES & MATERIALS
445-1402-500-40-11 OFFICE SUPLYS & MATE
276 (
445-1402-500-40-29 GEN. OPERATING SUPPL
3,147
GENERAL OPERATING SUPPL
1
5,000.00
WATER BILL STOCK
1
3,600.00
CABINET
1
2,700.00
445-1402-500-40-31 GASOLINE & DIESEL FU
12,898
445-1402-500-40-33 VEH-PARTS/OIL/FLUID/
6,345
445-1402-500-40-99 OTHER SUPPLIES & MAT
683
TOTAL SUPPLIES & MATERIALS
23,349

0)
3,149

261
13,626

350
17,500

350
7,350

0
2,116

300
3,489

350
11,300

10,751
5,352
55
19,307

12,852
8,973
172
35,885

17,000
7,000
1,200
43,050

17,000
7,000
1,200
32,900

13,690
3,318
0
19,124

11,582
8,000
1,000
24,371

17,000
7,000
1,200
36,850

FIXED CHARGES
445-1402-500-50-10 LIABILITY,GENERAL
445-1402-500-50-24 VEHICLES-INS
TOTAL FIXED CHARGES

2,352
804
3,156

2,725
678
3,403

3,298
654
3,952

4,000
1,200
5,200

4,000
1,200
5,200

3,339
811
4,151

4,000
1,000
5,000

4,000
1,200
5,200

4,000
1,200
5,200

0
0
0

0
0
0

5,018
0
5,018

0
0
0

0
0
0

0
0
0

0
42
42

0
0
0

0
0
0

0
0
0

0
0
0

GRANTS & OTHER
445-1402-500-60-97 COVID EXPENSES - CAR
445-1402-500-60-99 REIMBURSABLE EXPENSE
TOTAL GRANTS & OTHER

9,529
0
0
3,329

CAPITAL OUTLAY
___________ ___________ ___________ ___________ ___________ ___________ ___________ ___________ ___________ ___________
________________________________________________________________________________________________________________________________________________________________________
TOTAL WATER&SEWER SYS-METER SV

334,763

350,336

395,763

410,096

410,096

355,399

336,713

372,091

392,606 (

17,490)

6-06-2022 02:39 PM

CITY OF ELIZABETHTON
ADOPTED BUDGET REPORT
AS OF: MAY 31ST, 2022

PAGE:

7

445-WATER/SEWER FUND
METER SRVCS/WATER BILLIN
EXPENDITURES

(------------------- 2021-2022 -------------------) 2022-2023
2022-2023
ORIGINAL
2018-2019
2019-2020
2020-2021
ORIGINAL
CURRENT
Y-T-D
PROJECTED
REQUESTED
APPROVED
vs APPROVED
ACTUAL
ACTUAL
ACTUAL
BUDGET
BUDGET
ACTUAL
YEAR END
BUDGET
BUDGET
INCR/(DECR)
________________________________________________________________________________________________________________________________________________________________________
WATER&SEWER SYS-BILLING
=======================
PERSONNEL SERVICES
445-1403-500-10-11 SALARIES/WAGES
445-1403-500-10-12 OVERTIME
445-1403-500-10-14 HOLIDAY BONUS
TOTAL PERSONNEL SERVICES

35,639
3,027
300
38,966

61,664
1,434
450
63,548

61,690
2,569
550
64,809

66,562
2,600
600
69,762

66,562
2,600
600
69,762

59,597
773
550
60,919

34,000
3,000
300
37,300

66,560
2,600
550
69,710

69,888
2,600
550 (
73,038

3,326
0
50)
3,276

EMPLOYEE BENEFITS
445-1403-500-20-11 FICA
445-1403-500-20-12 MEDICARE
445-1403-500-20-13 TCRS CONTRIBUTION
445-1403-500-20-14 TCRS - 401K CONTRIBU
445-1403-500-20-15 EMPLOYEE HEALTH INS
445-1403-500-20-17 EMPLOYEE LIFE INS
445-1403-500-20-19 WORKERS COMPENSATION
TOTAL EMPLOYEE BENEFITS

2,341
548
5,557
0
6,132
84
61
14,724

3,854
901
6,532
610
10,697
158
117
22,869

3,769
881
6,316
0
12,059
136
103
23,264

4,325
1,012
8,612
0
12,427
168
65
26,609

4,325
1,012
8,612
0
12,427
168
95
26,639

3,681
861
7,383
0
11,850
124
78
23,976

2,259
528
5,284
0
6,200
84
69
14,424

4,322
1,011
8,608
0
12,427
168
65
26,601

4,529
1,060
9,016
0
13,288
168
65
28,126

204
48
404
0
861
0
0
1,517

40,000
0
70
500
0
1,000
0
0
57,505
99,075

36,754
0
0
472
0
549
0
0
76,987
114,761

36,000
6,000
100
445
25
4,000
150
100
36,000
82,820

42,000
0
100
500
0
1,000
0
0
57,505
101,105

42,000
0
100
500
0
1,000
0
0
57,505
101,105

2,000
0
0
0
0
0
0
0
0
2,000

1403-500-20-6HEALTH INS/RETIREE

PERMANENT NOTES:
Starting in FY 18, retiree medical insurance will be paid
out of 445-1602-500-20-62

CONTRACTUAL SERVICES
445-1403-500-30-11 POSTAL DELIVERY SERV
445-1403-500-30-21 PRINTING SERVICES
445-1403-500-30-31 LEGAL NOTICES
445-1403-500-30-45 TELEPHONE SERVICES
445-1403-500-30-51 MEDICAL SERVICES
445-1403-500-30-63 REP & MAINT-OFFICE E
445-1403-500-30-78 EDUC,SEMINARS,TRAINI
445-1403-500-30-83 TRAVEL-BUSINESS EXPE
445-1403-500-30-99 OTHER CONTRACTUAL SE
TOTAL CONTRACTUAL SERVICES

36,224
4,290
34
488
0
168
0
0
39,491
80,696

36,291
4,336
0
482
0
0
0
0
50,776
91,884

37,574
3,768
0
790
0
742
0
0
89,577
132,450

40,000
0
100
500
0
1,000
0
0
57,505
99,105

1403-500-30-9OTHER CONTRACTUAL SERVICESPERMANENT NOTES:
To Cover Tyler Tech (Incode); Elecsys; and Merchant's Credit
Bureau; CBC & NOVACOPY
SUPPLIES & MATERIALS
445-1403-500-40-11 OFFICE SUPLYS & MATE
TOTAL SUPPLIES & MATERIALS

6,249
6,249

4,543
4,543

904
904

7,200
7,200

7,200
7,200

6,296
6,296

1,000
1,000

7,200
7,200

7,200
7,200

0
0

FIXED CHARGES
445-1403-500-50-10 LIABILITY,GENERAL
445-1403-500-50-13 SURETY BONDS (OFFICI
445-1403-500-50-23 PROPERTY (CONTENTS)
445-1403-500-50-53 BANK FEES
TOTAL FIXED CHARGES

144
0
69
0
213

328
0
63
0
391

373
0
42
0
416

350
0
125
250
725

425
0
125
175
725

388
0
42
0
430

350
150
125
250
875

350
0
125
250
725

350
0
125
250
725

0
0
0
0
0

6-06-2022 02:39 PM

CITY OF ELIZABETHTON
ADOPTED BUDGET REPORT
AS OF: MAY 31ST, 2022

PAGE:

8

445-WATER/SEWER FUND
METER SRVCS/WATER BILLIN
EXPENDITURES

(------------------- 2021-2022 -------------------) 2022-2023
2022-2023
ORIGINAL
2018-2019
2019-2020
2020-2021
ORIGINAL
CURRENT
Y-T-D
PROJECTED
REQUESTED
APPROVED
vs APPROVED
ACTUAL
ACTUAL
ACTUAL
BUDGET
BUDGET
ACTUAL
YEAR END
BUDGET
BUDGET
INCR/(DECR)
________________________________________________________________________________________________________________________________________________________________________
GRANTS & OTHER
445-1403-500-60-97 COVID EXPENSES - CAR
TOTAL GRANTS & OTHER

0
0

4,406
4,406

0
0

0
0

0
0

0
0

0
0

0
0

0
0

0
0

CAPITAL OUTLAY
___________ ___________ ___________ ___________ ___________ ___________ ___________ ___________ ___________ ___________
________________________________________________________________________________________________________________________________________________________________________
TOTAL WATER&SEWER SYS-BILLING
140,847
187,641
221,843
203,401
203,401
206,383
136,419
205,341
210,194
6,793
________________________________________________________________________________________________________________________________________________________________________
TOTAL METER SRVCS/WATER BILLIN

696,235

759,360

831,337

847,375

847,375

761,306

705,974

858,530

897,399

50,024

6-06-2022 02:39 PM

CITY OF ELIZABETHTON
ADOPTED BUDGET REPORT
AS OF: MAY 31ST, 2022

PAGE:

9

445-WATER/SEWER FUND
PERSONNEL
EXPENDITURES

(------------------- 2021-2022 -------------------) 2022-2023
2022-2023
ORIGINAL
2018-2019
2019-2020
2020-2021
ORIGINAL
CURRENT
Y-T-D
PROJECTED
REQUESTED
APPROVED
vs APPROVED
ACTUAL
ACTUAL
ACTUAL
BUDGET
BUDGET
ACTUAL
YEAR END
BUDGET
BUDGET
INCR/(DECR)
________________________________________________________________________________________________________________________________________________________________________

WATER & SEWER PERSONNEL
=======================
EMPLOYEE BENEFITS
445-1602-500-20-62 HEALTH INSURANCE /RE
445-1602-500-20-63 HEALTH INS/RETIREE D
445-1602-500-20-64 HEALTH INSURANCE HRA
TOTAL EMPLOYEE BENEFITS

11,291
10
0
11,301

11,055
0
5,645
16,700

11,596
0
10,776
22,372

30,388
0
10,576
40,964

30,388
0
10,576
40,964

31,776
0
15,731
47,507

12,265
0
0
12,265

30,388
0
10,576
40,964

29,048 (
0
17,000
46,048

1,340)
0
6,424
5,084

1602-500-20-6HEALTH INSURANCE /RETIREE CURRENT YEAR NOTES:
Need to review with Retire's
FIXED CHARGES
445-1602-500-50-54 GASB 45 OPEB ACCRUAL
25,000
0
25,000
25,000
25,000
25,000
25,000
25,000
25,000
0
TOTAL FIXED CHARGES
25,000
0
25,000
25,000
25,000
25,000
25,000
25,000
25,000
0
________________________________________________________________________________________________________________________________________________________________________
TOTAL WATER & SEWER PERSONNEL
36,301
16,700
47,372
65,964
65,964
72,507
37,265
65,964
71,048
5,084
________________________________________________________________________________________________________________________________________________________________________
TOTAL PERSONNEL

36,301

16,700

47,372

65,964

65,964

72,507

37,265

65,964

71,048

5,084

6-06-2022 02:39 PM

CITY OF ELIZABETHTON
ADOPTED BUDGET REPORT
AS OF: MAY 31ST, 2022

PAGE: 10

445-WATER/SEWER FUND
WATER
EXPENDITURES

(------------------- 2021-2022 -------------------) 2022-2023
2022-2023
ORIGINAL
2018-2019
2019-2020
2020-2021
ORIGINAL
CURRENT
Y-T-D
PROJECTED
REQUESTED
APPROVED
vs APPROVED
ACTUAL
ACTUAL
ACTUAL
BUDGET
BUDGET
ACTUAL
YEAR END
BUDGET
BUDGET
INCR/(DECR)
________________________________________________________________________________________________________________________________________________________________________

WATER&SEWER SYS-ADMIN
=====================
PERSONNEL SERVICES
445-3201-500-10-11 SALARIES/WAGES
128,167
SUZANNE WILLIAMS
1
31,395.00
50% JONATHAN PLESANT
1
43,309.00
445-3201-500-10-12 OVERTIME
192
445-3201-500-10-13 STANDBY/ON CALL
0
445-3201-500-10-14 HOLIDAY BONUS
854
445-3201-500-10-18 OTHER SALARIES AND W
0
TERESA WOODS - PT
1
15,692.00
SHARON BANNER
1
18,957.00
TOTAL PERSONNEL SERVICES
129,213
3201-500-10-1SALARIES/WAGES

156,105

166,174

166,174

98,636

145,000

71,146

74,704 (
91,470)
31,395
43,309
300 (
1,700)
0
0
525 (
479)
34,649
34,649
15,692
18,957_____ ___________
110,178 (
59,000)

775
76
1,004
0

284
0
1,055
1,862

2,000
0
1,004
0

2,000
0
1,004
0

293
202
725
10,366

2,500
400
1,000
0

300
0
525
32,999

153,735

159,306

169,178

169,178

110,222

148,900

104,970

10,768
2,518
23,283
0
30,029
337
470
0
350
0
67,755

6,659
1,558
12,307
0
14,384
157
356
0
179
0
35,600

9,200
2,125
21,000
0
18,000
295
700
300
400
0
52,020

6,508
1,522
10,657
0
11,102
126
470
0
500
0
30,885

6,831 (
1,598 (
11,187 (
0
11,873 (
126 (
470
0
500
0
32,585 (

3,937)
920)
12,096)
0
18,156)
211)
0
0
150
0
35,170)

300
300
130
2,000
50
5,000
31,000
850
1,800
1,000

476
0
532
944
78
1,476
31,500
0
70
760

260
200
130
1,000
25
5,000
31,430
850
2,000
850

300
300
130
2,000
50
5,000
31,500
850
1,800
1,100

300
300
130
2,000
50
5,000
31,500
850
1,800
1,100

0
0
0
0
0
0
500
0
0
100

PERMANENT NOTES:
COVERS SHARE OF GENERAL MANAGER'S SALARY, ADMINISTRATIVE
ASSISTANTS,COMPLIANCE COORDINATOR AND PART-TIME
ADIMINISTRATIVE ASSISTANT

EMPLOYEE BENEFITS
445-3201-500-20-11 FICA
445-3201-500-20-12 MEDICARE
445-3201-500-20-13 TCRS CONTRIBUTION
445-3201-500-20-14 TCRS - 401K CONTRIBU
445-3201-500-20-15 EMPLOYEE HEALTH INS
445-3201-500-20-17 EMPLOYEE LIFE INS
445-3201-500-20-19 WORKERS COMPENSATION
445-3201-500-20-20 UNEMPLOYMENT INSURAN
445-3201-500-20-26 CLOTHING/UNIFORM/SHO
445-3201-500-20-62 HEALTH INS/RETIREE
TOTAL EMPLOYEE BENEFITS
3201-500-20-6HEALTH INS/RETIREE

151,880

8,059
1,885
15,524 (
0
15,378
212
470
0
329
0
41,857 (

9,434
2,206
83,630)(
817
18,881
282
746
0
205
0
51,059)(

10,106
2,363
116,029)
0
20,362
285
706
0
269
515
81,423)

10,768
2,518
23,283
0
30,029
337
470
0
350
0
67,755

PERMANENT NOTES:
Starting in FY 18, retiree medical insurance will be paid
out of 445-1602-500-20-62

CONTRACTUAL SERVICES
445-3201-500-30-11 POSTAL DELIVERY SERV
445-3201-500-30-21 PRINTING SERVICES
445-3201-500-30-31 LEGAL NOTICES
445-3201-500-30-45 TELEPHONE SERVICES
445-3201-500-30-51 MEDICAL SERVICES
445-3201-500-30-52 LEGAL SERVICES
445-3201-500-30-53 ACCOUNTING / AUDIT S
445-3201-500-30-61 REPAIR & MAINTENANCE
445-3201-500-30-62 REP & MAINT-EQUIPMEN
445-3201-500-30-63 REP & MAINT-OFFICE E

364
34
0
872
0
1,386
31,000
244
451
841

359
72
0
822
22
2,020
31,000
187
47
900

262
90
0
1,118
229
5,207
31,000
83
60
945

300
300
130
2,000
50
5,000
31,000
850
1,800
1,000

6-06-2022 02:39 PM

CITY OF ELIZABETHTON
ADOPTED BUDGET REPORT
AS OF: MAY 31ST, 2022

PAGE: 11

445-WATER/SEWER FUND
WATER
EXPENDITURES

(------------------- 2021-2022 -------------------) 2022-2023
2022-2023
ORIGINAL
2018-2019
2019-2020
2020-2021
ORIGINAL
CURRENT
Y-T-D
PROJECTED
REQUESTED
APPROVED
vs APPROVED
ACTUAL
ACTUAL
ACTUAL
BUDGET
BUDGET
ACTUAL
YEAR END
BUDGET
BUDGET
INCR/(DECR)
________________________________________________________________________________________________________________________________________________________________________
445-3201-500-30-75 MEMBERSHIP / DUES
12,525
11,947
12,023
14,570
14,570
10,883
13,120
14,570
14,570
0
TAUD Activity Fee
1
1,600.00
1,600
TAU Membership
1
6,000.00
6,000
TN OneCall membership
1
5,500.00
5,500
AWWA memberships JPC an
1
450.00
450
TWWA memberships
2
10.00
20
ADOBE
0
0.00
1,000
445-3201-500-30-78 EDUC,SEMINARS,TRAINI
150
275
4,522
9,750
9,750
5,814
600
9,750
9,750
0
445-3201-500-30-83 TRAVEL-BUSINESS EXPE
0
0
0
800
800
0
800
800
800
0
784
131
2,680
2,680
1,482
3,000
2,680
2,680
0
445-3201-500-30-99 OTHER CONTRACTUAL SE
2,680
TOTAL CONTRACTUAL SERVICES
50,545
48,434
55,670
70,230
70,230
54,015
59,265
70,830
70,830
600
3201-500-30-6REP & MAINT-EQUIPMENT

PERMANENT NOTES:
COVERS SUPPLIES FOR COPIER

SUPPLIES & MATERIALS
445-3201-500-40-11 OFFICE SUPLYS & MATE
2,740
445-3201-500-40-13 OFFICE EQUIPMENT
2,113
City Garage incidental
1
1,000.00
GM's office incidental
1
1,000.00
445-3201-500-40-31 GASOLINE & DIESEL FU
1,033
445-3201-500-40-33 VEH-PARTS/OIL/FLUID/
1,040
TOTAL SUPPLIES & MATERIALS
6,926
FIXED CHARGES
445-3201-500-50-10 LIABILITY,GENERAL
445-3201-500-50-21 BUILDINGS-INSURANCE
445-3201-500-50-22 EQUIPMENT INSURANCE
445-3201-500-50-23 PROPERTY (CONTENTS)
445-3201-500-50-24 VEHICLES-INS
445-3201-500-50-31 LAND-RENTALS/LEASES
445-3201-500-50-32 WAREHOUSE SPACE RENT
445-3201-500-50-33 EQUIPMENT-RENTAL/LEA
445-3201-500-50-54 GASB 45 OPEB
(
445-3201-500-50-56 OPEB ACTUARY STUDY
445-3201-500-50-57 GASB 68 PENSION EXP(
445-3201-500-50-67 STATE FEES/OTHER
445-3201-500-50-81 ADMIN CHARGES/GENERA
TOTAL FIXED CHARGES
3201-500-50-6STATE FEES/OTHER

584
20,078
1,013
29
175
162
0
0
19,180)
0
166,098)
17,879
658,677
513,319

2,106
1,329

4,190
1,519

4,900
2,000

4,900
2,000

1,829
0

2,000
6,000

4,900
2,000

4,900
2,000

0
0

1,000
1,000
1,743
1,352
6,530

917
1,416
8,041

2,400
1,000
10,300

2,400
1,000
10,300

747
55
2,630

1,500
1,000
10,500

2,400
1,000
10,300

2,482
1,000
10,382

82
0
82

1,007
19,125
1,070
29
148
164
0
0
2,264 (
0
0
18,015
658,677
700,499

853
22,370
1,421
33
142
344
0
0
15,305)
0
0
18,015
658,677
686,550

1,025
22,000
1,100
50
400
300
0
0
0
0
0
19,000
658,677
702,552

1,025
22,000
1,100
50
400
300
0
0
0
0
0
19,000
658,677
702,552

860
28,157
1,675
38
177
172
0
0
0
0
0
18,015
658,677
707,771

1,025
21,000
1,000
50
400
300
2,000
3,840
0
925
0
18,000
658,677
707,217

1,025
22,000
1,100
50
400
300
0
0
0
0
0
19,000
658,677
702,552

1,025
22,000
1,100
50
400
300
0
0
0
0
0
19,000
700,802
744,677

0
0
0
0
0
0
0
0
0
0
0
0
42,125
42,125

1,665
0
0
1,665

1,500
50
0
1,550

1,895
0
0
1,895

1,895
0
0
1,895

160
0
0
160

PERMANENT NOTES:
Covers State Annual Maintenance Fee based on number of meter
connections.

GRANTS & OTHER
445-3201-500-60-88 CONSULTANTS FEE EXPE
445-3201-500-60-89 OTHER MISC. EXPENSES
445-3201-500-60-99 REIMBURSABLE EXPENS(
TOTAL GRANTS & OTHER

1,659
0
517)
1,142

1,713
0
0
1,713

1,765
0
0
1,765

1,735
0
0
1,735

1,735
0
0
1,735

6-06-2022 02:39 PM

CITY OF ELIZABETHTON
ADOPTED BUDGET REPORT
AS OF: MAY 31ST, 2022

PAGE: 12

445-WATER/SEWER FUND
WATER
EXPENDITURES

(------------------- 2021-2022 -------------------) 2022-2023
2022-2023
ORIGINAL
2018-2019
2019-2020
2020-2021
ORIGINAL
CURRENT
Y-T-D
PROJECTED
REQUESTED
APPROVED
vs APPROVED
ACTUAL
ACTUAL
ACTUAL
BUDGET
BUDGET
ACTUAL
YEAR END
BUDGET
BUDGET
INCR/(DECR)
________________________________________________________________________________________________________________________________________________________________________
3201-500-60-8CONSULTANTS FEE EXPENSE
PERMANENT NOTES:
VERTICAL CONSULTANTS (CELL TOWER SITE LEASE
COMMISSIONS/CONSULTING FEES)
CAPITAL OUTLAY
445-3201-500-90-21 BUILDINGS & IMPROVEM
0
0
0
0
40,000
1,883,760
0
0
0
0
TOTAL CAPITAL OUTLAY
0
0
0
0
40,000
1,883,760
0
0
0
0
________________________________________________________________________________________________________________________________________________________________________
TOTAL WATER&SEWER SYS-ADMIN

743,002

859,852

829,909

1,021,750

1,061,750

2,795,663

979,452

921,432

970,547 (

51,203)

PERSONNEL SERVICES
445-3202-500-10-11 SALARIES/WAGES
445-3202-500-10-12 OVERTIME
445-3202-500-10-13 STANDBY/ON CALL
445-3202-500-10-14 HOLIDAY BONUS
TOTAL PERSONNEL SERVICES

179,817
7,520
7,172
1,000
195,509

207,198
11,685
7,414
850
227,147

205,570
11,190
6,514
1,100
224,375

181,687
8,096
11,341
950
202,074

181,687
8,096
11,341
950
202,074

187,692
10,667
7,562
950
206,871

178,000
6,600
14,000
1,000
199,600

210,891
12,270
6,900
1,100
231,161

221,436
12,271
6,900 (
1,100
241,707

39,749
4,175
4,441)
150
39,633

EMPLOYEE BENEFITS
445-3202-500-20-11 FICA
445-3202-500-20-12 MEDICARE
445-3202-500-20-13 TCRS CONTRIBUTION
445-3202-500-20-14 TCRS - 401K CONTRIBU
445-3202-500-20-15 EMPLOYEE HEALTH INS
445-3202-500-20-17 EMPLOYEE LIFE INS
445-3202-500-20-19 WORKERS COMPENSATION
445-3202-500-20-26 CLOTHING/UNIFORM/SHO
TOTAL EMPLOYEE BENEFITS

11,762
2,751
27,201
269
29,595
357
6,721
2,507
81,162

13,189
3,085
29,105
934
29,661
377
7,777
2,407
86,535

13,276
3,127
29,589
0
29,068
357
7,722
2,238
85,377

12,529
2,930
30,109
0
25,354
336
6,750
2,600
80,608

12,529
2,930
30,109
0
25,354
336
6,750
2,600
80,608

12,561
2,938
28,962
0
27,418
325
6,458
2,568
81,231

12,800
2,997
28,900
0
31,023
483
12,500
2,000
90,703

14,332
3,352
32,329
0
31,568
420
6,750
3,000
91,751

14,986
3,505
33,815
0
33,756
420
6,750
3,000
96,232

2,457
575
3,706
0
8,402
84
0
400
15,624

500
4,000
300
170,000
1,900
20
15,000
13,000
354,834
300
15,000
2,000
25,000

0
0
0
142,614
1,466
0
2,174
12,511
273,600
0
0
330
10,699

138
2,500
0
140,000
1,900
20
7,000
13,000
300,000
100
15,000
1,000
15,000

500
4,000
300
170,000
1,900
20
15,000
13,000
354,834
300
15,000
2,000
25,000

500
4,000
300
170,000
1,900
20
15,000
13,000
354,834
300
15,000
2,000
25,000

0
0
0
0
0
0
0
0
0
0
0
0
0

WATER&SEWER SOURC TRTMNT
========================

3202-500-20-6HEALTH INS/RETIREE

PERMANENT NOTES:
Starting in FY 18, retiree medical insurance will be paid
out of 445-1602-500-20-62

CONTRACTUAL SERVICES
445-3202-500-30-11 POSTAL DELIVERY SERV
445-3202-500-30-21 PRINTING SERVICES
445-3202-500-30-31 LEGAL NOTICES
445-3202-500-30-41 ELECTRICITY
445-3202-500-30-42 WATER & SEWER
445-3202-500-30-43 PROPANE GAS
445-3202-500-30-44 WATER PURC FROM UTIL
445-3202-500-30-45 TELEPHONE SERVICES
445-3202-500-30-46 WATER PURCHASE FROM
445-3202-500-30-51 MEDICAL SERVICES
445-3202-500-30-54 ARCHITECTUAL/ENGINEE
445-3202-500-30-61 REP & MAINT-VEHICLES
445-3202-500-30-62 REP & MAINT-EQUIPMEN

159
2,351
485
141,737
1,679
0
9,287
11,714
323,811
283
0
281
15,661

12
2,372
36
143,035
1,419
0
8,424
10,561
326,106
0
0
274
18,395

31
2,382
491
141,739
1,451
0
2,138
15,448
324,324
228
7,500
720
13,750

500
4,000
300
170,000
1,900
20
15,000
13,000
354,834
300
15,000
2,000
25,000

6-06-2022 02:39 PM

CITY OF ELIZABETHTON
ADOPTED BUDGET REPORT
AS OF: MAY 31ST, 2022

PAGE: 13

445-WATER/SEWER FUND
WATER
EXPENDITURES

(------------------- 2021-2022 -------------------) 2022-2023
2022-2023
ORIGINAL
2018-2019
2019-2020
2020-2021
ORIGINAL
CURRENT
Y-T-D
PROJECTED
REQUESTED
APPROVED
vs APPROVED
ACTUAL
ACTUAL
ACTUAL
BUDGET
BUDGET
ACTUAL
YEAR END
BUDGET
BUDGET
INCR/(DECR)
________________________________________________________________________________________________________________________________________________________________________
445-3202-500-30-63 REP & MAINT-OFFICE E
0
0
0
125
125
0
125
125
125
0
445-3202-500-30-64 REP & MAINT-BLDG/GRO
7,861
10,481
8,173
8,000
8,000
6,409
8,000
8,000
40,500
32,500
BASE LINE
1
8,000.00
8,000
MISC. SUMMERS/TAYLOR RE
1
32,500.00
32,500
445-3202-500-30-69 REP & MAINT-OTHER
0
420
0
2,000
2,000
0
0
2,000
2,000
0
445-3202-500-30-75 MEMBERSHIP / DUES
333
115
0
420
420
20
400
420
420
0
445-3202-500-30-78 EDUC,SEMINARS,TRAINI
595
1,170
888
2,000
2,000
519
1,323
2,000
2,000
0
445-3202-500-30-83 TRAVEL-BUSINESS EXPE
0
0
0
1,500
1,500
0
0
1,500
1,500
0
445-3202-500-30-98 EQUIPMENT- RENTAL
0
0
0
1,800
1,800
0
0
1,800
1,800
0
445-3202-500-30-99 OTHER CONTRACTUAL SE
37,739
29,683
24,792
60,080
45,180
19,552
45,000
43,452
63,452
3,372
Annual WTP's Meter Cali
1
5,850.00
5,850
Annual Outside Laborato
1
10,452.00
10,452
Other Lab Analysis Expe
1
15,000.00
15,000
Misc. Outside Vendor Se
1
12,150.00
12,150
20,000_____ ___________
Lead and Copper Invento
1
20,000.00
TOTAL CONTRACTUAL SERVICES
553,975
552,502
544,054
677,779
662,879
469,896
550,506
661,151
713,651
35,872
3202-500-30-4WATER PURCHASE FROM WRRWA PERMANENT NOTES:
FY 2016 rate $2.46/1,000 gal
FY 2017 rate $2.67/1,000 gal -- increased by 8.54%
FY 2018 rate $2.89/1,000 gal -- increased by 8.24%
FY 2019 rate $2.93/1,000 gal -- increased by 1.38%
FY 2020 rate $2.99/1,000 gal -- increased by 2.00%
FY 2021 rate $2.99/1,000 gal -- no increase
FY 2022 rate $3.03/1,000 gal -- increased by 1.5%
FY 2023 rate $3.03/1,000 gal -- no increase
SUPPLIES & MATERIALS
445-3202-500-40-11 OFFICE SUPLYS & MATE
458
445-3202-500-40-13 OFFICE EQUIPMENT
0
445-3202-500-40-22 LAB SUPPLIES & ACCES
16,314
445-3202-500-40-24 JANITORAL SUPPLIES
301
445-3202-500-40-28 EDUCATION & TRAINING
0
445-3202-500-40-29 GEN. OPERATING SUPPL
6,977
BASE LINE
1
11,400.00
MISC. SUMMER/TAYLOR REP
1
32,500.00
445-3202-500-40-31 GASOLINE & DIESEL FU
4,734
445-3202-500-40-33 VEH-PARTS/OIL/FLUID/
1,765
445-3202-500-40-36 PARTS,WTR/SWR LINES,
1,319
445-3202-500-40-39 OTHER REPAIR & MAINT
1,733
445-3202-500-40-47 CHEMICALS-OPERATIONA
94,459
TOTAL SUPPLIES & MATERIALS
128,060

661
1,753
21,110
241
0
3,048

660
1,309
19,424
372
0
2,179

1,000
900
20,000
400
1,500
11,400

1,000
900
20,000
400
1,500
11,400

119
1,038
17,724
467
0
5,649

899
0
16,017
275
0
5,083

1,000
900
25,000
500
1,500
11,400

4,096
2,365
0
7,754
103,112
144,138

6,976
1,565
0
7,659
96,150
136,295

9,000
5,000
6,000
27,000
120,000
202,200

9,000
5,000
6,000
27,000
120,000
202,200

4,422
2,015
9,495
2,816
106,670
150,413

6,000
3,000
2,000
5,500
100,000
138,775

9,000
5,000
6,000
27,000
170,000
257,300

3202-500-40-2LAB SUPPLIES & ACCESORIES CURRENT YEAR NOTES:
Increased $5,000.00 due to 12% surcharge per purchase by
Hach.
3202-500-40-4CHEMICALS-OPERATIONAL

CURRENT YEAR NOTES:
Increased $50,000.00 due to a 38% increase in the Bleach
price and 16% increase in the Phosphate price.

1,000
900
25,000
500
1,500
43,900
11,400
32,500
10,096
5,000
6,000
27,000
170,000
290,896

0
0
5,000
100
0
32,500

1,096
0
0
0
50,000
88,696

6-06-2022 02:39 PM

CITY OF ELIZABETHTON
ADOPTED BUDGET REPORT
AS OF: MAY 31ST, 2022

PAGE: 14

445-WATER/SEWER FUND
WATER
EXPENDITURES

(------------------- 2021-2022 -------------------) 2022-2023
2022-2023
ORIGINAL
2018-2019
2019-2020
2020-2021
ORIGINAL
CURRENT
Y-T-D
PROJECTED
REQUESTED
APPROVED
vs APPROVED
ACTUAL
ACTUAL
ACTUAL
BUDGET
BUDGET
ACTUAL
YEAR END
BUDGET
BUDGET
INCR/(DECR)
________________________________________________________________________________________________________________________________________________________________________
FIXED CHARGES
445-3202-500-50-10 LIABILITY,GENERAL
445-3202-500-50-24 VEHICLES-INS
445-3202-500-50-32 EQUIPMENT
445-3202-500-50-33 EQUIPMENT-RENTAL/LEA
445-3202-500-50-65 PROFESSIONAL LICENSE
445-3202-500-50-67 STATE FEES/OTHER
TOTAL FIXED CHARGES

2,737
876
11,880
0
300
700
16,493

3,581
748
19,587
0
300
700
24,916

4,268
721
18,916
0
350
700
24,955

4,667
876
0
0
350
1,000
6,893

4,667
876
0
0
350
1,000
6,893

3,789
811
0
0
300
700
5,600

4,500
982
2,000
178
300
1,000
8,960

4,667
876
0
0
350
1,000
6,893

4,667
876
0
0
350
1,000
6,893

0
0
0
0
0
0
0

___________

___________

___________

___________

___________

___________

___________

3202-500-50-3EQUIPMENT-RENTAL/LEASE

PERMANENT NOTES:
This line item was moved to line item 30-98.

GRANTS & OTHER

___________

___________

___________

CAPITAL OUTLAY
445-3202-500-90-11 LAND & SITE IMPROVEM
0
0
0
0
14,900
0
0
0
0
0
445-3202-500-90-60 MACHINERY & EQUIPMEN
0
0
0
0
0
0
1,692
0
0
0
Turbidity Meter Upgrade
0
10,000.00
0
445-3202-500-90-69 PUMPS
0
0
0
0
0
0
0
70,000
70,000
70,000
Replacement Pump Golf C
1
15,000.00
15,000
Replacement Pump Paty H
1
15,000.00
15,000
Replacement Pump Lynn M
1
20,000.00
20,000
Raw Water Pump Big Spr
1
20,000.00
20,000
445-3202-500-90-71 MOTOR EQUIPMENT
0
0
0
0
0
0
0
100,000
100,000
100,000
100,000_____ ___________
Crane Truck
1
100,000.00
TOTAL CAPITAL OUTLAY
0
0
0
0
14,900
0
1,692
170,000
170,000
170,000
________________________________________________________________________________________________________________________________________________________________________
TOTAL WATER&SEWER SOURC TRTMNT

975,199

1,035,238

1,015,055

1,169,554

1,169,554

914,010

990,236

1,418,256

1,519,379

349,825

702,715
62,214
75,240
3,750
22,404

727,860
35,655
82,662
4,300
10,536

810,010
61,241
80,000
4,600
0

810,010
61,241
80,000
4,600
0

682,160
46,089
65,451
4,150
3,650

555,000
57,000
65,000
3,950
20,000

884,082
69,676
83,000
4,550
28,974

118,275
8,435
3,000
50)
30,424

0
866,324

0
861,013

600
956,451

600
956,451

0
801,501

300
701,250

600
1,070,882

928,285
69,676
83,000
4,550 (
30,424
30,424
600
1,116,535

WATER&SEWER TRANS&DISTR
=======================
PERSONNEL SERVICES
445-3203-500-10-11 SALARIES/WAGES
563,913
445-3203-500-10-12 OVERTIME
52,509
445-3203-500-10-13 STANDBY/ON CALL
58,559
445-3203-500-10-14 HOLIDAY BONUS
3,550
445-3203-500-10-18 OTHER SALARIES & WAG
21,283
TERRY CHAMBERS - PT
1
30,424.00
445-3203-500-10-20 FRANKLIN FITNESS CEN
300
TOTAL PERSONNEL SERVICES
700,115
3203-500-10-1SALARIES/WAGES

PERMANENT NOTES:
1-SUPERVISOR
4-CREW LEADERS
1-CROSS CONNECTION WQ TECH
1-LEAK DETECTION WQ TECH
1-FLUSHING WQ TECH

0
160,084

6-06-2022 02:39 PM

CITY OF ELIZABETHTON
ADOPTED BUDGET REPORT
AS OF: MAY 31ST, 2022

PAGE: 15

445-WATER/SEWER FUND
WATER
EXPENDITURES

(------------------- 2021-2022 -------------------) 2022-2023
2022-2023
ORIGINAL
2018-2019
2019-2020
2020-2021
ORIGINAL
CURRENT
Y-T-D
PROJECTED
REQUESTED
APPROVED
vs APPROVED
ACTUAL
ACTUAL
ACTUAL
BUDGET
BUDGET
ACTUAL
YEAR END
BUDGET
BUDGET
INCR/(DECR)
________________________________________________________________________________________________________________________________________________________________________
11-UTILITY WORKERS
3203-500-10-1OTHER SALARIES & WAGES

PERMANENT NOTES:
Includes Willie Holsclaw's Salary

EMPLOYEE BENEFITS
445-3203-500-20-11 FICA
445-3203-500-20-12 MEDICARE
445-3203-500-20-13 TCRS CONTRIBUTION
445-3203-500-20-14 TCRS - 401K CONTRIBU
445-3203-500-20-15 EMPLOYEE HEALTH INS
445-3203-500-20-17 EMPLOYEE LIFE INS
445-3203-500-20-19 WORKERS COMPENSATION
445-3203-500-20-20 UNEMPLOYMENT INSURAN
445-3203-500-20-26 CLOTHING/UNIFORM/SHO
TOTAL EMPLOYEE BENEFITS

45,203
10,572
70,431
12,494
116,303
1,596
25,196
0
14,516
296,311

53,125
12,424
90,474
8,114
114,026
1,671
30,529
14
16,999
327,376

53,143
12,469
95,318
0
126,818
1,726
30,675
0
15,822
335,969

59,263
13,860
118,175
0
141,760
1,848
25,000
0
18,600
378,506

59,263
13,860
118,175
0
141,760
1,848
25,000
0
18,600
378,506

3203-500-20-2CLOTHING/UNIFORM/SHOES

PERMANENT NOTES:
Uniforms - Pants & Shirts $5,800
Overalls - Full bought as needed $100 each $1,700
Waders - Full body bought as needed @ $200 per pair $2,500
Boots - Steel Toe Safety $6,000
Rain Gear - Pants & Jacket as needed
Winter Coat - as needed

3203-500-20-6HEALTH INS/RETIREE

PERMANENT NOTES:
Starting in FY 18, retiree medical insurance will be paid
out of 445-1602-500-20-62

CONTRACTUAL SERVICES
445-3203-500-30-11 POSTAL DELIVERY SERV
202
445-3203-500-30-21 PRINTING SERVICES
1,154
445-3203-500-30-31 LEGAL NOTICES
484
445-3203-500-30-41 ELECTRICITY
127,355
445-3203-500-30-42 WATER & SEWER
48
445-3203-500-30-43 PROPANE GAS
117
445-3203-500-30-45 TELEPHONE SERVICES
24,960
445-3203-500-30-48 WASTE COLLECTN & DIS
0
445-3203-500-30-51 MEDICAL SERVICES
1,827
445-3203-500-30-54 ARCHITECTUAL/ENGINEE
57,828 (
Annual Engineering Budg
0
0.00
445-3203-500-30-59 OTHER PROFESSIONAL S
7,485
Electrician
1
4,000.00
Machine work and fabric
1
4,000.00
Sidewalk Repair
1
8,000.00
445-3203-500-30-61 REP & MAINT-VEHICLES
8,291
445-3203-500-30-62 REP & MAINT-EQUIPMEN
27,633
445-3203-500-30-63 REP & MAINT-OFFICE E
689
445-3203-500-30-64 REP & MAINT-BLDG/GRO
10,400
445-3203-500-30-69 REP & MAINT-OTHER
20

50,827
11,887
96,986
0
115,266
1,551
31,539
0
14,224
322,280

44,021
10,295
94,838
8,000
114,084
2,060
30,207
0
14,000
317,505

66,357
15,519
122,741
0
143,909
1,932
25,000
0
19,000
394,458

69,188
16,182
127,954
0
153,883
1,932
25,000
0
19,000
413,139

9,925
2,322
9,779
0
12,123
84
0
0
400
34,633

300
1,000
1,000
135,000
150
200
30,000
100
3,000
40,000 (
40,000
16,000
4,000
4,000
8,000
11,500
55,000
1,000
13,000
2,000

0
0
200
0
32
0
4,600
0
0
48,000)

294
0
946
126,291
53
109
28,929
0
1,646
33,761)

50
0
610
125,347
218
171
33,208
0
1,187
60,762

300
1,000
800
135,000
118
200
25,400
100
3,000
88,000

300
1,000
800
135,000
118
200
25,400
100
3,000
64,797

0
0
876
130,649
949
347
26,153
0
1,127
3,941

300
963
3,000
130,000
118
250
23,210
100
2,500
20,000

300
1,000
1,000
135,000
150
200
30,000
100
3,000
88,000

6,731

9,454

16,000

16,000

12,336

6,640

16,000

8,242
24,400 (
760
11,345
0

6,866
874)
850
11,345
0

11,500
55,000
1,000
13,000
2,000

11,500
55,000
1,000
13,000
2,000

2,805
15,228
406
9,455
0

11,500
30,000
900
13,000
100

11,500
55,000
1,000
13,000
2,000

0

0
0
0
0
0

6-06-2022 02:39 PM

CITY OF ELIZABETHTON
ADOPTED BUDGET REPORT
AS OF: MAY 31ST, 2022

PAGE: 16

445-WATER/SEWER FUND
WATER
EXPENDITURES

(------------------- 2021-2022 -------------------) 2022-2023
2022-2023
ORIGINAL
2018-2019
2019-2020
2020-2021
ORIGINAL
CURRENT
Y-T-D
PROJECTED
REQUESTED
APPROVED
vs APPROVED
ACTUAL
ACTUAL
ACTUAL
BUDGET
BUDGET
ACTUAL
YEAR END
BUDGET
BUDGET
INCR/(DECR)
________________________________________________________________________________________________________________________________________________________________________
445-3203-500-30-71 SUBSCRIPTIONS & BOOK
200
0
0
250
250
0
250
250
250
0
445-3203-500-30-75 MEMBERSHIP / DUES
950
650
881
2,500
2,500
1,281
2,500
2,500
2,500
0
445-3203-500-30-78 EDUC,SEMINARS,TRAINI
7,560
7,833
4,060
13,000
13,000
11,271
8,000
13,000
13,000
0
445-3203-500-30-83 TRAVEL-BUSINESS EXPE
5,832
5,286
3,692
6,000
6,000
7,278
5,000
6,000
6,000
0
445-3203-500-30-98 EQUIPMENT- RENTAL
0
0
1,087
20,000
20,000
2,662
0
20,000
20,000
0
445-3203-500-30-99 OTHER CONTRACTUAL SE
83,845
89,943
128,554
331,700
354,903
196,213
108,616
131,700
131,700 (
200,000)
ANNUAL TRI-CITY LOCATIN
12
1,750.00
21,000
ANNUAL HOIST MAINTENANC
1
2,500.00
2,500
ANNUAL BEST ANSWERING S
1
1,200.00
1,200
ASPHALT SERVICE
1
15,000.00
15,000
BORING FOR WATER LINES
1
2,000.00
2,000
TREE REMOVAL
1
5,000.00
5,000
GENERATOR MAINTENANCE
1
5,000.00
5,000
WATER TANK MAINTENANCE
1
27,000.00
27,000
ELECTRIC DEPT. - MAPPIN
1
1,500.00
1,500
BACKFLOW TESTING
0
0.00
30,000
LEAK DETECTION
1
1,500.00
1,500
Private property plumbi
1
20,000.00
20,000
0_____ ___________
1
0.00
TOTAL CONTRACTUAL SERVICES
366,879
279,696
387,468
725,868
725,868
422,974
366,947
530,700
482,700 (
243,168)
3203-500-30-5MEDICAL SERVICES

PERMANENT NOTES:
COVERS TESTING & PHYSICALS

3203-500-30-5OTHER PROFESSIONAL SRVCS

PERMANENT NOTES:
COVERS ELECTRICIAN, MACHINE SHOP FABRICATIONS, ETC.

3203-500-30-6REP & MAINT-EQUIPMENT

PERMANENT NOTES:
This line item covers repairs to high technology equipment
like the HDD machine which tend to be very expensive.

3203-500-30-6REP & MAINT-BLDG/GROUNDS

PERMANENT NOTES:
LAWN SERVICE FOR ALL WATER TANKS AND PUMP STATIONS.

3203-500-30-7MEMBERSHIP / DUES

PERMANENT NOTES:
MEMBERSHIPS TO AWWA, TWWA, ANNUAL LICENSE FEES, ETC.

3203-500-30-7EDUC,SEMINARS,TRAINING

PERMANENT NOTES:
SEVERAL CREW MEMBERS WILL NEED CONTINUING EDUCATION
TRAINING. ALSO, NEW EMPLOYEES NEED TRAFFIC & OTHER TRAINING

SUPPLIES & MATERIALS
445-3203-500-40-11 OFFICE SUPLYS & MATE
541
445-3203-500-40-13 OFFICE EQUIPMENT
3,493
445-3203-500-40-22 LAB SUPPLIES & ACCES
1,654
Chlorine Reagent
1
1,000.00
Iron Reagents
1
500.00
Phosphate Reagents
1
500.00
445-3203-500-40-24 JANITORAL SUPPLIES
0
445-3203-500-40-28 EDUCATIONAL & TRAIN
0

768
3,148
1,521

872
2,761
1,114

1,000
10,000
2,000

1,000
10,000
2,000

555
4,717
479

1,000
6,300
2,000

1,000
10,000
2,000

0
0

0
0

0
1,100

0
1,100

0
0

450
0

0
1,100

1,000
10,000
2,000
1,000
500
500
0
1,100

0
0
0

0
0

6-06-2022 02:39 PM

CITY OF ELIZABETHTON
ADOPTED BUDGET REPORT
AS OF: MAY 31ST, 2022

PAGE: 17

445-WATER/SEWER FUND
WATER
EXPENDITURES

(------------------- 2021-2022 -------------------) 2022-2023
2022-2023
ORIGINAL
2018-2019
2019-2020
2020-2021
ORIGINAL
CURRENT
Y-T-D
PROJECTED
REQUESTED
APPROVED
vs APPROVED
ACTUAL
ACTUAL
ACTUAL
BUDGET
BUDGET
ACTUAL
YEAR END
BUDGET
BUDGET
INCR/(DECR)
________________________________________________________________________________________________________________________________________________________________________
445-3203-500-40-29 GEN. OPERATING SUPPL
21,685
23,854
26,292
25,500
41,424
31,258
20,000
30,000
30,000
4,500
445-3203-500-40-31 GASOLINE & DIESEL FU
34,060
28,150
32,769
40,000
40,000
36,715
31,285
40,000
75,046
35,046
445-3203-500-40-32 OIL,GREASE & FLUIDS
113
0
0
1,000
1,000
173
671
1,000
1,000
0
445-3203-500-40-33 VEH-PARTS/OIL/FLUID/
41,718
36,073
35,281
50,000
50,000
37,002
41,698
50,000
50,000
0
445-3203-500-40-36 PARTS,WTR/SWR LINES,
132,087
201,441
169,627
325,000
237,647
191,240
224,794
325,000
325,000
0
445-3203-500-40-39 OTHER REPAIR & MAINT
19,971
14,920
9,665
18,500
18,500
6,205
11,739
18,500
18,500
0
445-3203-500-40-47 CHEMICALS-OPERATIONA
0
0
0
0
0
0
1,000
0
0
0
445-3203-500-40-51 CONCRETE PRODUCTS
5,313
6,851
3,007
10,000
10,000
4,997
7,059
12,000
12,000
2,000
445-3203-500-40-55 CRUSHED STONE & SAND
28,145
20,717
34,892
50,000
50,000
24,406
38,975
50,000
50,000
0
445-3203-500-40-65 ASPHALT
13,738
11,756
12,570
45,000
45,000
13,935
16,297
45,000
45,000
0
2,209
2,100
4,500
4,500
2,445
3,000
4,500
4,500
0
445-3203-500-40-99 OTHER SUPPLIES & MAT
1,281
TOTAL SUPPLIES & MATERIALS
303,801
351,407
330,951
583,600
512,171
354,127
406,268
590,100
625,146
41,546
3203-500-40-2LAB SUPPLIES & ACCESSORIESPERMANENT NOTES:
CHLORINE REAGENT - $1,500
IRON REAGENT - $1,000
PHOSPHATE REAGENTS - $500
FIXED CHARGES
445-3203-500-50-10 LIABILITY,GENERAL
445-3203-500-50-22 EQUIPMENT-INSURANCE
445-3203-500-50-24 VEHICLES-INS
445-3203-500-50-33 EQUIPMENT-RENTAL/LEA
445-3203-500-50-69 STATE FEES/WATER
TOTAL FIXED CHARGES

10,087
0
3,274
6,064
1,237
20,661

13,487
0
3,624
3,185
967
21,263

15,505
0
3,881
2,657
1,013
23,055

12,000
1,000
12,051
0
4,000
29,051

12,000
1,000
12,051
0
4,000
29,051

3203-500-50-3EQUIPMENT-RENTAL/LEASE

PERMANENT NOTES:
Please note that rockhammer rental etc. must be paid out of
30-98. This account was created and funded in FY21 because
rental etc. are not considered Fixed Charges.

3203-500-50-6STATE FEES/WATER

PERMANENT NOTES:
PLAN REVIEW FEES

GRANTS & OTHER
445-3203-500-60-89 OTHER MISCELLANEOUS
445-3203-500-60-97 COVID EXPENSES - CAR
TOTAL GRANTS & OTHER

0
0
0

0
4,381
4,381

0
42
42

4,000
0
4,000

4,000
0
4,000

17,286
0
3,701
260
600
21,846

12,000
1,000
12,000
12,000
4,000
41,000

12,000
1,000
12,051
0
4,000
29,051

12,000
1,000
12,051
0
4,000
29,051

0
0
0
0
0
0

0
0
0

2,907
0
2,907

4,000
0
4,000

4,000
0
4,000

0
0
0

CAPITAL OUTLAY
445-3203-500-90-13
445-3203-500-90-60

EASEMENTS & RIGHT OF
0
0
115,677
0
0
0
0
0
0
0
MACHINERY & EQUIPMEN
0
0
0
0
26,429
0
0
0
0
0
1
0.00
0
445-3203-500-90-71 MOTOR VEHICLES
0
0
0
0
0
38,115
0
243,000
243,000
243,000
F-150 Pickup
1
33,000.00
33,000
Large dump truck
1
150,000.00
150,000
Ford Ranger
2
30,000.00
60,000
0
0
0
0
56,629
0
0
0
0
445-3203-500-90-99 OTHER CAPITAL OUTLAY
0
TOTAL CAPITAL OUTLAY
0
0
115,677
0
26,429
94,744
0
243,000
243,000
243,000
________________________________________________________________________________________________________________________________________________________________________
TOTAL WATER&SEWER TRANS&DISTR

1,687,766

1,850,447

2,054,175

2,677,476

2,632,476

2,017,472

1,835,877

2,862,191

2,913,571

236,095

6-06-2022 02:39 PM

CITY OF ELIZABETHTON
ADOPTED BUDGET REPORT
AS OF: MAY 31ST, 2022

PAGE: 18

445-WATER/SEWER FUND
WATER
EXPENDITURES

(------------------- 2021-2022 -------------------) 2022-2023
2022-2023
ORIGINAL
2018-2019
2019-2020
2020-2021
ORIGINAL
CURRENT
Y-T-D
PROJECTED
REQUESTED
APPROVED
vs APPROVED
ACTUAL
ACTUAL
ACTUAL
BUDGET
BUDGET
ACTUAL
YEAR END
BUDGET
BUDGET
INCR/(DECR)
________________________________________________________________________________________________________________________________________________________________________
WATER&SEWER OTHER EXPENS
========================
FIXED CHARGES
445-3205-500-50-95 INVENTORY / SHORT &
445-3205-500-50-97 CASH & OTHER VARIAN(
445-3205-500-50-98 BAD DEBTS
TOTAL FIXED CHARGES

13 (
0)
43,711
43,724

8,007)
180
50,603
42,777

7,865
45
33,712
41,623

7,321
0
21,000
28,321

7,321
0
21,000
28,321

667
0
0
667

6,000
138
21,000
27,138

7,321
0
21,000
28,321

7,321
0
21,000
28,321

0
0
0
0

GRANTS & OTHER
445-3205-500-60-99 RETIREE REIMB. INSUR
0
86
0
0
0
0
0
0
0
0
TOTAL GRANTS & OTHER
0
86
0
0
0
0
0
0
0
0
________________________________________________________________________________________________________________________________________________________________________
TOTAL WATER&SEWER OTHER EXPENS

43,724

42,863

41,623

28,321

28,321

667

27,138

28,321

28,321

0

WATER&SEWER DEPRECIATION
========================
DEPRECIATION
445-3207-500-51-60 AMORT WRRWA WATER R
250,000
250,000
250,000
249,996
249,996
229,167
249,996
249,996
249,996
0
445-3207-500-51-61 DEP-BUILDINGS
83,624
82,799
79,694
113,024
113,024
66,660
79,454
113,024
104,007 (
9,017)
445-3207-500-51-62 DEP-LINES
279,785
278,223
284,722
284,382
284,382
239,435
277,301
284,382
300,019
15,637
445-3207-500-51-63 DEP-PLANT & MACHINER
120,169
125,903
131,330
221,759
221,759
108,918
125,007
221,759
129,033 (
92,726)
445-3207-500-51-64 DEP-MOTOR VEHICLES
174,417
203,370
211,383
226,162
226,162
179,208
150,000
226,162
239,338
13,176
25,515
33,993
33,011
33,011
31,742
18,000
33,011
32,767 (
244)
445-3207-500-51-69 DEP-OTHER ASSETS
22,368
TOTAL DEPRECIATION
930,364
965,810
991,122
1,128,334
1,128,334
855,130
899,758
1,128,334
1,055,160 (
73,174)
________________________________________________________________________________________________________________________________________________________________________
TOTAL WATER&SEWER DEPRECIATION
930,364
965,810
991,122
1,128,334
1,128,334
855,130
899,758
1,128,334
1,055,160 (
73,174)
________________________________________________________________________________________________________________________________________________________________________
TOTAL WATER

4,380,055

4,754,210

4,931,884

6,025,435

6,020,435

6,582,942

4,732,461

6,358,534

6,486,978

461,543

6-06-2022 02:39 PM

CITY OF ELIZABETHTON
ADOPTED BUDGET REPORT
AS OF: MAY 31ST, 2022

PAGE: 19

445-WATER/SEWER FUND
SEWER/SEWER TREATMENT
EXPENDITURES

(------------------- 2021-2022 -------------------) 2022-2023
2022-2023
ORIGINAL
2018-2019
2019-2020
2020-2021
ORIGINAL
CURRENT
Y-T-D
PROJECTED
REQUESTED
APPROVED
vs APPROVED
ACTUAL
ACTUAL
ACTUAL
BUDGET
BUDGET
ACTUAL
YEAR END
BUDGET
BUDGET
INCR/(DECR)
________________________________________________________________________________________________________________________________________________________________________

SEWER TRTMNT & COLLECTIO
========================
PERSONNEL SERVICES
445-3302-500-10-11 SALARIES/WAGES
445-3302-500-10-12 OVERTIME
445-3302-500-10-13 STANDBY/ON CALL
445-3302-500-10-14 HOLIDAY BONUS
445-3302-500-10-17 HOLIDAY PAY
445-3302-500-10-18 OTHER SALARIES & WAG
TOTAL PERSONNEL SERVICES

397,219
11,427
16,956
2,376
9,370
0
437,348

393,886
17,663
15,065
1,976
9,699
0
438,290

395,709
13,138
17,225
1,845
10,134
694
438,745

432,012
13,000
16,000
2,200
10,265
0
473,477

432,012
13,000
16,000
2,200
10,265
0
473,477

397,211
16,346
13,320
2,325
11,414
0
440,617

387,525
10,400
15,800
2,376
9,500
0
425,601

460,159
15,300
18,000
2,325
12,700
0
508,484

484,064
15,301
18,001
2,325
12,700
0
532,391

52,052
2,301
2,001
125
2,435
0
58,914

EMPLOYEE BENEFITS
445-3302-500-20-11 FICA
445-3302-500-20-12 MEDICARE
445-3302-500-20-13 TCRS CONTRIBUTION
445-3302-500-20-14 TCRS - 401K CONTRIBU
445-3302-500-20-15 EMPLOYEE HEALTH INS
445-3302-500-20-17 EMPLOYEE LIFE INS
445-3302-500-20-19 WORKERS COMPENSATION
445-3302-500-20-20 UNEMPLOYMENT INSURAN
445-3302-500-20-26 CLOTHING/UNIFORM/SHO
445-3302-500-20-62 HEALTH INS/RETIREE
TOTAL EMPLOYEE BENEFITS

26,831
6,275
55,965
2,663
77,945
1,173
10,799
0
7,422
0
189,074

26,944
6,301
55,897
1,652
56,611
910
11,184
1,008
6,907
0
167,413

27,437
6,430
53,345
0
62,950
901
9,187
72
6,853
97
167,273

29,361
6,867
62,726
0
77,587
982
9,500
0
8,800
0
195,823

29,361
6,867
62,726
0
77,587
982
9,500
0
8,800
0
195,823

26,902
6,292
57,560
0
65,785
850
7,719
0
7,441
0
172,548

25,561
5,978
57,825
2,000
82,000
1,024
10,000
0
7,000
0
191,388

31,526
7,374
66,707
0
73,236
966
9,500
0
9,000
0
198,309

33,009
7,720
69,881
0
78,313
966 (
9,500
0
9,000
0
208,389

3,648
853
7,155
0
726
16)
0
0
200
0
12,566

1,002
0
0
190,588
266
8,709
27,786
92,383
190
455
0
7,055
65,256
0
4,500
0
0
125

1,000
0
159
210,000
322
8,100
26,278
70,000
525
1,000
10,000
8,000
47,000
300
2,540
500
100
620

1,000
300
1,000
240,000
350
10,000
31,500
108,000
1,000
1,000
10,000
8,000
77,000
300
4,540
500
100
620

1,000 (
300
1,000
240,000
350
10,000
31,500
108,000
1,000
1,000
10,000
8,000
77,000
300
4,540
500
100
620

2,400)
0
0
0
0
0
0
18,000
0
0
0
0
0
0
0
0
0
0

3302-500-20-6HEALTH INS/RETIREE

PERMANENT NOTES:
Starting in FY 18, retiree medical insurance will be paid
out of 445-1602-500-20-62

CONTRACTUAL SERVICES
445-3302-500-30-11 POSTAL DELIVERY SERV
445-3302-500-30-21 PRINTING SERVICES
445-3302-500-30-31 LEGAL NOTICES
445-3302-500-30-41 ELECTRICITY
445-3302-500-30-42 WATER & SEWER
445-3302-500-30-43 NATURAL GAS & PROPAN
445-3302-500-30-45 TELEPHONE SERVICES
445-3302-500-30-48 WASTE COLLECTN & DIS
445-3302-500-30-51 MEDICAL SERVICES
445-3302-500-30-52 LEGAL SERVICES
445-3302-500-30-54 ARCHITECTUAL/ENGINEE
445-3302-500-30-61 REP & MAINT-VEHICLES
445-3302-500-30-62 REP & MAINT-EQUIPMEN
445-3302-500-30-63 REP & MAINT-OFFICE E
445-3302-500-30-64 REP & MAINT-BLDG/GRO
445-3302-500-30-69 REP & MAINT-OTHER
445-3302-500-30-71 SUBSCRIPTIONS & BOOK
445-3302-500-30-75 MEMBERSHIP / DUES

2,423
44
0
222,334
290
6,110
28,682
88,831
129
73
0
531
59,556
0
2,309
429
96
316

2,394
0
2,334
221,231
290
6,906
31,003
73,432
914
125
2,320
1,008
40,619
0
638
25
96
332

8
54
0
210,177
266
7,107
33,626
94,594
704
129
0
688
61,958
0
953
0
0
338

3,400
300
1,000
240,000
350
10,000
31,500
90,000
1,000
1,000
10,000
8,000
77,000
300
4,540
500
100
620

3,400
300
1,000
240,000
350
10,000
31,500
90,000
1,000
1,000
0
8,000
77,000
300
4,540
500
100
620

6-06-2022 02:39 PM

CITY OF ELIZABETHTON
ADOPTED BUDGET REPORT
AS OF: MAY 31ST, 2022

PAGE: 20

445-WATER/SEWER FUND
SEWER/SEWER TREATMENT
EXPENDITURES

(------------------- 2021-2022 -------------------) 2022-2023
2022-2023
ORIGINAL
2018-2019
2019-2020
2020-2021
ORIGINAL
CURRENT
Y-T-D
PROJECTED
REQUESTED
APPROVED
vs APPROVED
ACTUAL
ACTUAL
ACTUAL
BUDGET
BUDGET
ACTUAL
YEAR END
BUDGET
BUDGET
INCR/(DECR)
________________________________________________________________________________________________________________________________________________________________________
445-3302-500-30-78 EDUC,SEMINARS,TRAINI
1,025
725
4,784
5,000
5,000
3,274
4,000
5,000
5,000
0
445-3302-500-30-83 TRAVEL-BUSINESS EXPE
1,043
0
217
5,000
3,000
1,356
3,000
5,000
5,000
0
445-3302-500-30-98 EQUIPMENT-RENTAL
0
0
3,265
4,400
4,400
2,683
0
4,400
4,400
0
Main Copier Lease w/ ch
0
0.00
2,600
Lab & Operator's copier
0
0.00
440
Lab Tank Yearly Rental
0
0.00
360
Construction Equipment
0
0.00
1,000
445-3302-500-30-99 OTHER CONTRACTUAL SE
50,962
80,399
45,859
163,344
243,744
68,394
34,000
163,344
73,344 (
90,000)
Instrument Calibration
1
2,805.00
2,805
Commercial Laboratory S
1
18,132.00
18,132
Pretreatment Monitoring
1
18,620.00
18,620
Nor-Well
1
1,844.28
1,844
Tyler Technologies
1
5,800.00
5,800
26,143_____ ___________
Misc. Outside Vendor Se
1
26,142.72
TOTAL CONTRACTUAL SERVICES
465,185
464,788
464,727
657,354
725,754
474,022
427,444
672,954
582,954 (
74,400)
3302-500-30-4WASTE COLLECTN & DISPOSAL CURRENT YEAR NOTES:
Increased $18,000.00 due to 20% increase in Disposal costs
3302-500-30-9OTHER CONTRACTUAL SERVICE CURRENT YEAR NOTES:
Increased $20,000.00 due to being at 96% of Budget with 6
months left in the Budget Year.
Required Quarterly Lab tests Increased by 51%.
USA Bluebook increased by 12% per purchase.
SUPPLIES & MATERIALS
445-3302-500-40-11 OFFICE SUPLYS & MATE
445-3302-500-40-13 OFFICE EQUIPMENT
445-3302-500-40-22 LAB SUPPLIES & ACCES
445-3302-500-40-24 JANITORAL SUPPLIES
445-3302-500-40-28 EDUCATIONAL & TRAIN
445-3302-500-40-29 GEN. OPERATING SUPPL
445-3302-500-40-31 GASOLINE & DIESEL FU
445-3302-500-40-33 VEH-PARTS/OIL/FLUID/
445-3302-500-40-39 OTHER REPAIR & MAINT
445-3302-500-40-47 CHEMICALS-OPERATIONA
445-3302-500-40-55 CRUSHED STONE & SAND
445-3302-500-40-99 OTHER SUPPLIES & MAT
TOTAL SUPPLIES & MATERIALS
3302-500-40-4CHEMICALS-OPERATIONAL

FIXED CHARGES
445-3302-500-50-10
445-3302-500-50-21
445-3302-500-50-22
445-3302-500-50-23
445-3302-500-50-24

748
508
9,307
1,270
0
6,153
7,277
1,719
33,610
54,812
474
373
116,250

2,063
1,534
10,626
641
0
15,799
5,322
4,336
37,043
59,241
856
302
137,764

1,943
0
8,332
1,775
0
20,643
5,633
3,954
39,465
48,914
0
168
130,827

3,100
1,800
15,000
2,000
350
22,500
10,000
11,000
80,000
70,000
1,000
500
217,250

3,100
1,800
15,000
2,000
350
22,500
10,000
11,000
80,000
70,000
1,000
500
217,250

624
2,306
8,447
1,005
0
11,996
6,957
10,309
60,631
37,634
0
194
140,103

3,100
1,800
10,096
2,000
350
22,500
7,000
11,240
30,000
54,000
1,000
500
143,586

3,100
1,800
15,000
2,000
350
22,500
10,000
11,000
80,000
86,800
1,000
500
234,050

3,100
1,800
15,000
2,000
350
22,500
10,028
11,000
80,000
86,800
1,000
500
234,078

0
0
0
0
0
0
28
0
0
16,800
0
0
16,828

LIABILITY,GENERAL
BUILDINGS-INSURANCE
EQUIPMENT-INSURANCE
PROPERTY (CONTENTS)
VEHICLES-INS

1,021
55,734
513
47
2,626

749
59,536
217
76
1,021

1,000
51,000
513
42
1,000

1,021
55,734
513
47
2,626

1,021
55,734
513
47
2,626

0
0
0
0
0

CURRENT YEAR NOTES:
Increased $16,800.00 due to a 24% increase in Chemical
prices

420
55,734
217
47
880

514
53,082
182
45
911

588
53,931
184
64
849

1,021
55,734
513
47
2,626

6-06-2022 02:39 PM

CITY OF ELIZABETHTON
ADOPTED BUDGET REPORT
AS OF: MAY 31ST, 2022

PAGE: 21

445-WATER/SEWER FUND
SEWER/SEWER TREATMENT
EXPENDITURES

(------------------- 2021-2022 -------------------) 2022-2023
2022-2023
ORIGINAL
2018-2019
2019-2020
2020-2021
ORIGINAL
CURRENT
Y-T-D
PROJECTED
REQUESTED
APPROVED
vs APPROVED
ACTUAL
ACTUAL
ACTUAL
BUDGET
BUDGET
ACTUAL
YEAR END
BUDGET
BUDGET
INCR/(DECR)
________________________________________________________________________________________________________________________________________________________________________
445-3302-500-50-32 EQUIPMENT
25,248
29,096
3,209
0
0
0
30,000
0
0
0
445-3302-500-50-33 EQUIPMENT-RENTAL/LEA
2,752
2,643
200
0
0
0
4,407
0
0
0
445-3302-500-50-65 PROF. LICENSES & FEE
300
300
300
400
400
450
400
600
600
200
10,530
10,530
11,400
11,400
1,380
10,000
11,400
11,400
0
445-3302-500-50-67 STATE FEES/OTHER
8,990
TOTAL FIXED CHARGES
94,588
97,303
69,856
71,741
71,741
63,430
98,362
71,941
71,941
200
3302-500-50-6PROF. LICENSES & FEES

CURRENT YEAR NOTES:
Increased $200.00 due to Increase in Number of Potential new
Operator Licenses

GRANTS & OTHER
445-3302-500-60-89 OTHER MISCELLANEOUS
445-3302-500-60-97 COVID EXPENSES - CAR
TOTAL GRANTS & OTHER
CAPITAL OUTLAY
445-3302-500-90-60 MACHINERY & EQUIPMEN
Replace 40HP Ebara pump
2
22,000.00
Aeration Ditch Gearbox
1
30,000.00
Plant Return Drain Pump
1
20,000.00
TOTAL CAPITAL OUTLAY

0
0
0

0
125
125

23
301
324

50
0
50

50
0
50

0
0
0

50
0
50

50
0
50

0

0

0

0

0

0

0

94,000

0

0

0

0

0

0

0

50
0
50

0
0
0

94,000
94,000
44,000
30,000
20,000_____ ___________
94,000
94,000
94,000

___________ ___________ ___________ ___________ ___________ ___________ ___________ ___________ ___________ ___________
WATER CAPITAL PROJ.
________________________________________________________________________________________________________________________________________________________________________
TOTAL SEWER TRTMNT & COLLECTIO

1,302,444

1,305,684

1,271,751

1,615,695

1,684,095

1,290,721

1,286,431

1,779,788

1,723,803

108,108

PERSONNEL SERVICES
445-3303-500-10-11 SALARIES/WAGES
445-3303-500-10-12 OVERTIME
445-3303-500-10-13 STANDBY/ON CALL
445-3303-500-10-14 HOLIDAY BONUS
445-3303-500-10-18 OTHER SALARIES & WAG
TOTAL PERSONNEL SERVICES

199,956
21,575
34,048
1,600
0
257,180

233,544
25,195
33,050
1,750
0
293,539

229,463
27,717
30,429
1,750
0
289,359

254,046
27,407
31,414
1,850
0
314,717

254,046
27,407
31,414
1,850
0
314,717

225,666
25,777
27,918
1,700
0
281,061

215,967
20,000
31,000
1,600
3,000
271,567

261,331
27,898
31,000
1,850
0
322,079

274,398
27,899
31,001 (
1,850
0
335,148

20,352
492
413)
0
0
20,431

EMPLOYEE BENEFITS
445-3303-500-20-11 FICA
445-3303-500-20-12 MEDICARE
445-3303-500-20-13 TCRS CONTRIBUTION
445-3303-500-20-14 TCRS - 401K CONTRIBU
445-3303-500-20-15 EMPLOYEE HEALTH INS
445-3303-500-20-17 EMPLOYEE LIFE INS
445-3303-500-20-19 WORKER'S COMPENSATIO
445-3303-500-20-20 UNEMPLOYMENT INSURAN
445-3303-500-20-26 CLOTHING/UNIFORM/SHO
445-3303-500-20-62 HEALTH/ INS RETIREE
TOTAL EMPLOYEE BENEFITS

15,692
3,670
35,236
685
41,828
574
10,581
0
6,318
0
114,583

18,151
4,245
36,879
1,247
39,617
589
13,227
0
8,423
88
122,466

17,835
4,174
31,439
0
44,922
630
13,025
0
8,076
0
120,102

19,512
4,563
37,982
0
49,707
672
10,500
0
8,000
0
130,936

19,512
4,563
37,982
0
49,707
672
10,500
0
8,000
0
130,936

17,321
4,051
33,916
0
43,026
569
10,959
0
7,276
0
117,118

16,950
3,964
37,346
2,000
49,582
672
11,768
2,050
6,200
0
130,532

19,969
4,670
39,006
0
49,707
672
10,500
0
8,500
0
133,024

20,780
4,860
40,598
0
53,152
672
10,500
0
8,500
0
139,062

1,268
297
2,616
0
3,445
0
0
0
500
0
8,126

SEWER CONSTRUCTION
==================

6-06-2022 02:39 PM

CITY OF ELIZABETHTON
ADOPTED BUDGET REPORT
AS OF: MAY 31ST, 2022

PAGE: 22

445-WATER/SEWER FUND
SEWER/SEWER TREATMENT
EXPENDITURES

(------------------- 2021-2022 -------------------) 2022-2023
2022-2023
ORIGINAL
2018-2019
2019-2020
2020-2021
ORIGINAL
CURRENT
Y-T-D
PROJECTED
REQUESTED
APPROVED
vs APPROVED
ACTUAL
ACTUAL
ACTUAL
BUDGET
BUDGET
ACTUAL
YEAR END
BUDGET
BUDGET
INCR/(DECR)
________________________________________________________________________________________________________________________________________________________________________
3303-500-20-6HEALTH/ INS RETIREE
PERMANENT NOTES:
Starting in FY 18, retiree medical insurance will be paid
out of 445-1602-500-20-62
CONTRACTUAL SERVICES
445-3303-500-30-11 POSTAL DELIVERY SERV
584
445-3303-500-30-21 PRINTING SERVICES
1,154
445-3303-500-30-31 LEGAL NOTICES
117
445-3303-500-30-42 WATER & SEWER
36
445-3303-500-30-43 NATURAL GAS & PROPAN
49
445-3303-500-30-45 TELEPHONE SERVICES
2,900
445-3303-500-30-51 MEDICAL SERVICES
648
445-3303-500-30-54 ARCHITECTUAL/ENGINEE
23,008 (
Annual Engineering cost
1
25,000.00
445-3303-500-30-61 REP & MAINT-VEHICLES
1,822
445-3303-500-30-62 REP & MAINT-EQUIPMEN
2,712
445-3303-500-30-64 REP & MAINT-BLD/GROU
4,680
445-3303-500-30-68 REPAIR & MAINT-COMPU
0
SOFTWARE FOR SL-RAT EQU
0
0.00
445-3303-500-30-69 REP & MAINT-OTHER
0
445-3303-500-30-75 MEMBERSHIP / DUES
20
445-3303-500-30-78 EDUC,SEMINARS, TRAIN
4,223
445-3303-500-30-83 TRAVEL-BUSINESS EXPE
477
445-3303-500-30-98 EQUIPMENT-RENTAL
0
445-3303-500-30-99 OTHER CONTRACTUAL SE
38,892
Contract line location
1
15,500.00
Contract FOG program
1
11,000.00
Concrete cutting servic
1
5,000.00
Infosense Portal Licens
1
1,000.00
Sidewalk Repair
1
7,500.00
Private Property Legacy
0
0.00
TOTAL CONTRACTUAL SERVICES
81,320

0
0
106
24
59
3,160
1,186
20,029)

169
0
0
122
32
239
478
1,755

500
950
400
200
300
4,000
1,700
73,000

500
950
400
200
300
4,000
1,700
58,000

368
0
128
74
88
177
504
0

600
1,200
258
30
100
3,000
950
12,500

500
300
400
200
300
2,000
1,700
73,000

2,439
2,243
5,180
0

4,165
4,879
5,757
0

6,500
8,000
10,000
1,000

6,500
18,000
10,000
1,000

2,270
10,410
5,314
0

7,000
5,000
9,202
0

6,500
8,000
10,000
1,000

0
20
2,271
1,479
0
48,661

0
0
3,725
300
16,224
40,830

2,000
150
2,000
1,000
12,000
40,000

2,000
150
2,000
1,000
12,000
55,000

0
230
1,965
1,913
0
57,571

307
20
1,000
1,000
0
30,000

2,000
300
5,000
2,000
8,000
55,000

46,799

78,674

163,700

173,700

81,014

72,168

176,200

3303-500-30-5MEDICAL SERVICES

PERMANENT NOTES:
COVERS TESTING & PHYSICALS

3303-500-30-6REP & MAINT-EQUIPMENT

PERMANENT NOTES:
Covers repairs to camera & misc. equipment

3303-500-30-6REP & MAINT-BLD/GROUNDS

PERMANENT NOTES:
LAWN RANGER TO MOW @ LIFT STATIONS.

3303-500-30-6REPAIR & MAINT-COMPUTERS

PERMANENT NOTES:
COVER COST OF SL-RAT SOFTWARE

500
0
300 (
650)
400
0
200
0
300
0
2,000 (
2,000)
1,700
0
25,000 (
48,000)
25,000
6,500
0
8,000
0
10,000
0
1,000
0
1,000
2,000
0
300
150
5,000
3,000
2,000
1,000
8,000 (
4,000)
55,000
15,000
15,500
11,000
5,000
1,000
7,500
15,000_____ ___________
128,200 (
35,500)

6-06-2022 02:39 PM

CITY OF ELIZABETHTON
ADOPTED BUDGET REPORT
AS OF: MAY 31ST, 2022

PAGE: 23

445-WATER/SEWER FUND
SEWER/SEWER TREATMENT
EXPENDITURES

(------------------- 2021-2022 -------------------) 2022-2023
2022-2023
ORIGINAL
2018-2019
2019-2020
2020-2021
ORIGINAL
CURRENT
Y-T-D
PROJECTED
REQUESTED
APPROVED
vs APPROVED
ACTUAL
ACTUAL
ACTUAL
BUDGET
BUDGET
ACTUAL
YEAR END
BUDGET
BUDGET
INCR/(DECR)
________________________________________________________________________________________________________________________________________________________________________
SUPPLIES & MATERIALS
445-3303-500-40-11 OFFICE SUPPLIES & MA
0
445-3303-500-40-13 OFFICE EQUIPMENT
149
Operational computer eq
1
5,000.00
445-3303-500-40-24 JANITORIAL SUPPLIES
502
445-3303-500-40-29 GEN OPERATING SUPPLI
16,069
445-3303-500-40-31 GASOLINE & DIESEL FU
16,546
445-3303-500-40-33 VEH-PARTS/OIL/FLUID/
8,320
445-3303-500-40-36 PARTS,WTR/SWR LINES,
27,174
445-3303-500-40-39 OTHER REPAIR & MAINT
3,636
445-3303-500-40-47 CHEMICALS-OPERATIONA
2,484
445-3303-500-40-51 CONCRETE PRODUCTS
313
445-3303-500-40-55 CRUSHED STONE & SAND
22,698
445-3303-500-40-65 ASPHALT
6,633
445-3303-500-40-99 OTHER SUPPLIES & MAT
125
TOTAL SUPPLIES & MATERIALS
104,648

0
825

0
0

400
5,000

400
5,000

0
0

186
4,000

400
5,000

0
17,883
15,187
19,996
10,956
3,350
1,146
2,030
16,000
5,962
1,023
94,356

0
12,369
15,084
16,268
61,967
4,450
0
966
26,712
7,000
78
144,894

500
20,000
20,000
20,000
80,000
6,000
10,000
5,000
40,000
15,000
1,000
222,900

500
25,000
20,000
20,000
70,000
6,000
10,000
5,000
40,000
15,000
1,000
217,900

0
14,044
20,417
10,485
13,240
3,426
7,372
2,007
14,250
10,305
79
95,623

0
17,000
15,000
7,000
24,000
4,023
6,686
1,298
27,223
11,000
1,011
118,426

500
25,000
20,000
20,000
80,000
6,000
12,000
6,000
40,000
15,000
1,000
230,900

500
25,000
37,625
20,000
80,000
6,000
12,000
6,000
40,000
15,000
1,000
248,525

0
5,000
17,625
0
0
0
2,000
1,000
0
0
0
25,625

FIXED CHARGES
445-3303-500-50-24 VEHICLES-INSURANCE
445-3303-500-50-32 EQUIPM,ENT
445-3303-500-50-33 EQUIPMENT-RENTAL/LEA
445-3303-500-50-65 PROF. LICENSES & FEE
TOTAL FIXED CHARGES

1,602
0
0
300
1,902

1,139
0
3,550
470
5,159

986
0
0
350
1,336

2,800
0
0
500
3,300

2,800
0
0
500
3,300

1,516
0
0
0
1,516

2,200
4,000
2,000
350
8,550

2,800
0
0
500
3,300

2,800
0
0
500
3,300

0
0
0
0
0

GRANTS & OTHER
445-3303-500-60-97 COVID EXPENSES - CAR
445-3303-500-60-99 REIMBURSABLE EXPENSE
TOTAL GRANTS & OTHER

0
0
0

60
0
60

0
0
0

0
300
300

0
300
300

0
0
0

0
300
300

0
300
300

0
300
300

0
0
0

400
5,000

0
0

5,000

CAPITAL OUTLAY
445-3303-500-90-71 MOTOR EQUIPMENT
0
0
0
0
0
796
0
65,000
65,000
65,000
F-450 Crew Truck
1
65,000.00
65,000
0_____ ___________
0
0.00
TOTAL CAPITAL OUTLAY
0
0
0
0
0
796
0
65,000
65,000
65,000
________________________________________________________________________________________________________________________________________________________________________
TOTAL SEWER CONSTRUCTION

559,632

562,379

634,364

835,853

840,853

577,128

601,543

930,803

919,535

83,682

___________

___________

___________

___________

___________

___________

___________

___________

___________

___________

SEWER - OTHER EXPENSES
======================
EMPLOYEE BENEFITS

FIXED CHARGES
___________ ___________ ___________ ___________ ___________ ___________ ___________ ___________ ___________ ___________
________________________________________________________________________________________________________________________________________________________________________

6-06-2022 02:39 PM

CITY OF ELIZABETHTON
ADOPTED BUDGET REPORT
AS OF: MAY 31ST, 2022

PAGE: 24

445-WATER/SEWER FUND
SEWER/SEWER TREATMENT
EXPENDITURES

(------------------- 2021-2022 -------------------) 2022-2023
2022-2023
ORIGINAL
2018-2019
2019-2020
2020-2021
ORIGINAL
CURRENT
Y-T-D
PROJECTED
REQUESTED
APPROVED
vs APPROVED
ACTUAL
ACTUAL
ACTUAL
BUDGET
BUDGET
ACTUAL
YEAR END
BUDGET
BUDGET
INCR/(DECR)
________________________________________________________________________________________________________________________________________________________________________
SEWER SYS DEPRECIATION
======================
DEPRECIATION
445-3307-500-51-61 DEP-BUILDINGS
442,639
442,639
442,639
307,769
307,769
256,786
420,000
307,769
307,680 (
89)
445-3307-500-51-62 DEP-LINES
186,737
181,832
179,468
140,016
140,016
126,944
191,000
140,016
111,403 (
28,613)
445-3307-500-51-63 DEP-PLANT & MACHINER
29,788
42,113
50,784
52,185
52,185
42,149
24,000
52,185
51,679 (
506)
445-3307-500-51-64 DEP-MOTOR VEHICLES
54,844
50,708
49,363
78,282
78,282
48,599
47,000
78,282
72,417 (
5,865)
175,737
174,911
177,552
177,552
149,133
164,158
177,552
182,636
5,084
445-3307-500-51-69 DEP-OTHER ASSETS
174,346
TOTAL DEPRECIATION
888,353
893,028
897,165
755,804
755,804
623,612
846,158
755,804
725,815 (
29,989)
________________________________________________________________________________________________________________________________________________________________________
TOTAL SEWER SYS DEPRECIATION
888,353
893,028
897,165
755,804
755,804
623,612
846,158
755,804
725,815 (
29,989)
________________________________________________________________________________________________________________________________________________________________________
TOTAL SEWER/SEWER TREATMENT

2,750,429

2,761,091

2,803,281

3,207,352

3,280,752

2,491,460

2,734,133

3,466,395

3,369,153

161,801

6-06-2022 02:39 PM

CITY OF ELIZABETHTON
ADOPTED BUDGET REPORT
AS OF: MAY 31ST, 2022

PAGE: 25

445-WATER/SEWER FUND
DEBT SERVICE
EXPENDITURES

(------------------- 2021-2022 -------------------) 2022-2023
2022-2023
ORIGINAL
2018-2019
2019-2020
2020-2021
ORIGINAL
CURRENT
Y-T-D
PROJECTED
REQUESTED
APPROVED
vs APPROVED
ACTUAL
ACTUAL
ACTUAL
BUDGET
BUDGET
ACTUAL
YEAR END
BUDGET
BUDGET
INCR/(DECR)
________________________________________________________________________________________________________________________________________________________________________

WAT&SEWER BOND DEBT SVC
=======================
DEBT SERVICE

___________

DEBT SERVICE PRINCIPAL
445-7002-500-71-19 2002B REFUND CABS 5.
445-7002-500-71-23 WS BOND 2012 $2.190
445-7002-500-71-24 WS BOND 2017 EQP$470
TOTAL DEBT SERVICE PRINCIPAL

0
0
0
0

___________

___________

___________

___________

___________

___________

___________

___________

___________

0
0
0
0

0
0
0
0

0
0
0
0

0
0
0
0

297,841
115,000
420,000
832,841

0
0
0
0

306,116
100,000
270,000
676,116

306,116
100,000
270,000
676,116

306,116
100,000
270,000
676,116

DEBT SERVICE INTEREST
445-7002-500-72-19 2002B REF & IMP 5.65
438,627
457,258
474,572
577,159
577,159
577,159
516,031
648,885
648,885
71,726
445-7002-500-72-21 WS BOND SERIES2010B$
8,580
4,320
0
0
0
0
8,931
0
0
0
445-7002-500-72-22 WS BOND SERIES 2010C
7,475
3,575
0
0
0
0
7,800
0
0
0
445-7002-500-72-23 WS BOND 2012 $2.190
15,262
13,491
11,382
4,300
4,300
9,387
15,349
2,000
2,000 (
2,300)
445-7002-500-72-24 WS BOND 2017 EQP$470
80,211
67,508
86,494
64,928
64,928
64,928
80,978
74,012
74,012
9,084
INTEREST REQUIREMENT
1
58,028.00
58,028
15,984_____ ___________
AMORTIZATION OF 2017 RE
1
15,984.00
TOTAL DEBT SERVICE INTEREST
550,154
546,151
572,449
646,387
646,387
651,473
629,089
724,897
724,897
78,510
________________________________________________________________________________________________________________________________________________________________________
TOTAL WAT&SEWER BOND DEBT SVC

550,154

546,151

572,449

646,387

646,387

1,484,314

629,089

1,401,013

1,401,013

754,626

___________

___________

___________

___________

___________

___________

___________

___________

___________

___________

0
0
0
0
0
0
0

0
0
0
0
0
0
0

0
0
0
0
0
0
0

0
0
0
0
0
0
0

37,015
119,757
20,229
0
31,829
81,115
289,945

0
0
0
0
0
0
0

41,184
133,068
22,236
0
32,641
82,799
311,928

41,184
133,068
22,236
0
32,641
82,799
311,928

41,184
133,068
22,236
0
32,641
82,799
311,928

WAT&SEWER OTHER DEBT SVC
========================
DEBT SERVICE

DEBT SERVICE PRINCIPAL
445-7003-500-71-23 DW SRLF 2011 PRINCIP
445-7003-500-71-24 CW SRLF 2011 PRINCIP
445-7003-500-71-25 DG1-2012-120 WATER
445-7003-500-71-26 CON 2014 5 YR $263,(
445-7003-500-71-27 CON 2014 10 YR $300,
445-7003-500-71-29 CON 2017 5YR $397,50
TOTAL DEBT SERVICE PRINCIPAL
(

0
0
0
122)
0
0
122)

DEBT SERVICE INTEREST
445-7003-500-72-23 DW SRLF 2011 INTERES
14,666
13,885
13,069
12,264
12,264
11,242
13,464
11,424
11,424 (
840)
445-7003-500-72-24 CW SRLF 2011 INTERES
44,982
42,592
40,155
37,740
37,740
34,595
41,294
35,208
35,208 (
2,532)
445-7003-500-72-25 DG1-2012-120 WATER L
3,307
3,115
2,935
2,748
2,748
2,519
3,036
2,568
2,568 (
180)
445-7003-500-72-26 CAP OUTLAY 2014 5YR
142
0
0
0
0
0
810
0
0
0
445-7003-500-72-27 CAP OUTL 2014 10 YR
4,130
3,379
2,595
2,464
2,464
2,474
4,749
1,663
1,663 (
801)
445-7003-500-72-29 CON 2017 5YR $397,50
14,358
5,185
3,539
3,402
3,402
3,401
8,248
1,719
1,719 (
1,683)
0
0
886
886
0
0
0
0 (
886)
445-7003-500-72-30 SRLF 2022 INTEREST $
0
TOTAL DEBT SERVICE INTEREST
81,585
68,156
62,292
59,504
59,504
54,231
71,601
52,582
52,582 (
6,922)
________________________________________________________________________________________________________________________________________________________________________
TOTAL WAT&SEWER OTHER DEBT SVC

81,463

68,156

62,292

59,504

59,504

344,177

71,601

364,510

364,510

305,006

6-06-2022 02:39 PM

CITY OF ELIZABETHTON
ADOPTED BUDGET REPORT
AS OF: MAY 31ST, 2022

PAGE: 26

445-WATER/SEWER FUND
DEBT SERVICE
EXPENDITURES

(------------------- 2021-2022 -------------------) 2022-2023
2022-2023
ORIGINAL
2018-2019
2019-2020
2020-2021
ORIGINAL
CURRENT
Y-T-D
PROJECTED
REQUESTED
APPROVED
vs APPROVED
ACTUAL
ACTUAL
ACTUAL
BUDGET
BUDGET
ACTUAL
YEAR END
BUDGET
BUDGET
INCR/(DECR)
________________________________________________________________________________________________________________________________________________________________________
WAT&SEWER MISC DEBT SVC
=======================
DEBT SERVICE
445-7005-500-70-92 BOND SALES EXPENSE
19,035
19,035 (
945)
19,100
19,100
0
0
0
0 (
19,100)
445-7005-500-70-98 BOND AGENTS FEES
1,708
2,903
1,353
1,310
1,310
1,353
706
1,310
1,310
0
REGIONS FEES 1/3 OF GO
1
308.00
308
1,002_____ ___________
REGIONS FEES GO BOND 20
1
1,002.00
TOTAL DEBT SERVICE
20,743
21,938
408
20,410
20,410
1,353
706
1,310
1,310 (
19,100)
________________________________________________________________________________________________________________________________________________________________________
TOTAL WAT&SEWER MISC DEBT SVC
20,743
21,938
408
20,410
20,410
1,353
706
1,310
1,310 (
19,100)
________________________________________________________________________________________________________________________________________________________________________
TOTAL DEBT SERVICE

652,360

636,244

635,150

726,301

726,301

1,829,844

701,396

1,766,833

1,766,833

1,040,532

6-06-2022 02:39 PM

CITY OF ELIZABETHTON
ADOPTED BUDGET REPORT
AS OF: MAY 31ST, 2022

PAGE: 27

445-WATER/SEWER FUND
MISCELLANEOUS
EXPENDITURES

(------------------- 2021-2022 -------------------) 2022-2023
2022-2023
ORIGINAL
2018-2019
2019-2020
2020-2021
ORIGINAL
CURRENT
Y-T-D
PROJECTED
REQUESTED
APPROVED
vs APPROVED
ACTUAL
ACTUAL
ACTUAL
BUDGET
BUDGET
ACTUAL
YEAR END
BUDGET
BUDGET
INCR/(DECR)
________________________________________________________________________________________________________________________________________________________________________

MISC UNCLASS INDUS DEVL
=======================
___________ ___________ ___________ ___________ ___________ ___________ ___________ ___________ ___________ ___________
SPECIAL APPROP-OTHER GOV
________________________________________________________________________________________________________________________________________________________________________
________________________________________________________________________________________________________________________________________________________________________
________________________________________________________________________________________________________________________________________________________________________
TOTAL EXPENDITURES

8,515,380
===========

8,927,606
===========

9,249,025
===========

10,872,427
===========

10,940,827
===========

11,738,060
===========

8,911,228
===========

12,516,256
===========

12,591,411
===========

1,718,984
===========

REVENUE OVER/(UNDER) EXPENDITURES

1,373,211
===========

1,467,193
===========

1,236,080
===========

0
===========

0 ( 2,313,879)
962,437 ( 2,307,641)
0
=========== =========== =========== =========== ===========

0
===========
