span_extraction_id,rating_lane_id,stage,attempt,started_at,elapsed_seconds,status
CBSPAN-20260728-c8c91c8587619ded9e3af652,rating_lane_004,live,1,2026-07-29T02:16:09.315990+00:00,2.703471,success
CBSPAN-20260728-444214b155bbd6bc57400a1a,rating_lane_004,live,1,2026-07-29T02:16:09.509856+00:00,2.647793,success
CBSPAN-20260728-3634dfe9db8b40c4d8b952ec,rating_lane_004,live,1,2026-07-29T02:16:09.509875+00:00,2.511841,success
CBSPAN-20260728-14bdb71372116cdeb162b64b,rating_lane_004,live,1,2026-07-29T02:16:09.509883+00:00,2.631942,success
CBSPAN-20260728-86377b5c8105cfbc6feb62ed,rating_lane_004,live,1,2026-07-29T02:16:09.509929+00:00,2.657981,success
CBSPAN-20260728-05a07bb8b4a42b9d6a1d73be,rating_lane_004,live,1,2026-07-29T02:16:09.509940+00:00,3.505470,success
CBSPAN-20260728-3e968244d76a695e95c09a94,rating_lane_004,live,1,2026-07-29T02:16:09.509947+00:00,2.909600,success
CBSPAN-20260728-c8e2032f9873f155862771b5,rating_lane_004,live,1,2026-07-29T02:16:09.509955+00:00,2.511777,success
CBSPAN-20260728-16b33264bf338254c1de26f9,rating_lane_004,live,1,2026-07-29T02:16:09.509968+00:00,4.722583,success
CBSPAN-20260728-1494c0af1518f76599de75aa,rating_lane_004,live,1,2026-07-29T02:16:09.509972+00:00,5.684106,success
CBSPAN-20260728-1dbea9262748595afcc683d8,rating_lane_004,live,1,2026-07-29T02:16:09.509974+00:00,5.836018,success
CBSPAN-20260728-7ddfe60ab816b508ee9dcf4e,rating_lane_004,live,1,2026-07-29T02:16:09.509976+00:00,5.696171,success
CBSPAN-20260728-7056304e4e5b2442df038297,rating_lane_004,live,1,2026-07-29T02:16:09.509977+00:00,4.742992,success
CBSPAN-20260728-e94a6f7eaa77dc99d758d9d6,rating_lane_004,live,1,2026-07-29T02:16:09.509978+00:00,5.700915,success
CBSPAN-20260728-1d37912bc97bd6bc09ecb4a3,rating_lane_004,live,1,2026-07-29T02:16:09.509980+00:00,5.861693,success
CBSPAN-20260728-edab98dd8f6e7d665e400d76,rating_lane_004,live,1,2026-07-29T02:16:09.509981+00:00,6.859363,success
CBSPAN-20260728-de07d9d6dec74b77225a12ed,rating_lane_004,live,1,2026-07-29T02:16:09.509983+00:00,7.529899,success
CBSPAN-20260728-d3be7fd16146ae763c49ff38,rating_lane_004,live,1,2026-07-29T02:16:09.509984+00:00,7.074101,success
CBSPAN-20260728-74f1b9425d6410c50c35d65c,rating_lane_004,live,1,2026-07-29T02:16:09.509985+00:00,9.505102,success
CBSPAN-20260728-3766bba9ef3d3f9ad06dd42e,rating_lane_004,live,1,2026-07-29T02:16:09.509987+00:00,9.224035,success
CBSPAN-20260728-ff4bc8a10f86c1cff528385c,rating_lane_004,live,1,2026-07-29T02:16:09.509988+00:00,9.264785,success
CBSPAN-20260728-485f4fef50c93b3ebe49e976,rating_lane_004,live,1,2026-07-29T02:16:09.509989+00:00,9.157458,success
CBSPAN-20260728-4fb15a255e2168de55a860d7,rating_lane_004,live,1,2026-07-29T02:16:09.509990+00:00,9.112970,success
CBSPAN-20260728-7d8432325d0281f58d595a7a,rating_lane_004,live,1,2026-07-29T02:16:09.509992+00:00,10.191885,success
CBSPAN-20260728-82b884ba93f97d3060b7df00,rating_lane_004,live,1,2026-07-29T02:16:09.509993+00:00,13.631585,success
CBSPAN-20260728-6aa3d382661f4a8b5a3c54c2,rating_lane_004,live,1,2026-07-29T02:16:09.509995+00:00,10.182370,success
CBSPAN-20260728-ee9684d7ed9ed2bf74ae6c89,rating_lane_004,live,1,2026-07-29T02:16:09.509996+00:00,14.327705,success
CBSPAN-20260728-ee8b57d8b6f9c6ac621bb603,rating_lane_004,live,1,2026-07-29T02:16:09.509997+00:00,14.342558,success
CBSPAN-20260728-1a71a0d59e7eabea8d77ce51,rating_lane_004,live,1,2026-07-29T02:16:09.509998+00:00,14.342542,success
CBSPAN-20260728-4c880fe766b1a6fbfb89dcfa,rating_lane_004,live,1,2026-07-29T02:16:09.510001+00:00,14.339579,success
CBSPAN-20260728-1a36da936ae3fe9545ba23cb,rating_lane_004,live,1,2026-07-29T02:16:09.510002+00:00,13.981225,success
CBSPAN-20260728-9a25fc5d7028baa96e71eb6b,rating_lane_004,live,1,2026-07-29T02:16:09.510004+00:00,14.340105,success
CBSPAN-20260728-2fc05c445cc49286309cf6c2,rating_lane_004,live,1,2026-07-29T02:16:23.866902+00:00,5.286135,success
CBSPAN-20260728-fe5af658511269d7144919d4,rating_lane_004,live,1,2026-07-29T02:16:23.867066+00:00,3.284632,success
CBSPAN-20260728-c51631d5ad98299d75eb3229,rating_lane_004,live,1,2026-07-29T02:16:23.867146+00:00,3.818147,success
CBSPAN-20260728-bbd9892dc7e1a76c5d28435e,rating_lane_004,live,1,2026-07-29T02:16:23.867229+00:00,5.362776,success
CBSPAN-20260728-68c0a82e6a85a928151903fe,rating_lane_004,live,1,2026-07-29T02:16:23.867289+00:00,3.344416,success
CBSPAN-20260728-4bdeeef3b994ab33158c2098,rating_lane_004,live,1,2026-07-29T02:16:23.867318+00:00,2.842753,success
CBSPAN-20260728-557e19da7eeadd5c35c46a32,rating_lane_004,live,1,2026-07-29T02:16:23.867820+00:00,3.835205,success
CBSPAN-20260728-3c4f608acdd95efdc66cd2be,rating_lane_004,live,1,2026-07-29T02:16:23.867882+00:00,3.105340,success
CBSPAN-20260728-bb8e4fda7fed42273e043677,rating_lane_004,live,1,2026-07-29T02:16:23.867947+00:00,4.983871,success
CBSPAN-20260728-5e5029ac3efe433e4adbdde6,rating_lane_004,live,1,2026-07-29T02:16:23.867965+00:00,5.939113,success
CBSPAN-20260728-095e6418bcbce33bc46f1257,rating_lane_004,live,1,2026-07-29T02:16:23.867999+00:00,5.112282,success
CBSPAN-20260728-6b0f5d50f73517f347f8b10e,rating_lane_004,live,1,2026-07-29T02:16:23.868002+00:00,7.032328,success
CBSPAN-20260728-d81e206588ef65d50a248632,rating_lane_004,live,1,2026-07-29T02:16:23.868004+00:00,6.238450,success
CBSPAN-20260728-0b52aa1778d748ce41ebad38,rating_lane_004,live,1,2026-07-29T02:16:23.868006+00:00,6.334440,success
CBSPAN-20260728-93a3be2d0e062987c800d6d9,rating_lane_004,live,1,2026-07-29T02:16:23.868009+00:00,7.221757,success
CBSPAN-20260728-d44d52a57558fba63f1196a7,rating_lane_004,live,1,2026-07-29T02:16:23.868010+00:00,8.255611,success
CBSPAN-20260728-1c14ef1d6121f923643002d4,rating_lane_004,live,1,2026-07-29T02:16:23.868184+00:00,8.852752,success
CBSPAN-20260728-faa22db658b97b0acda7d39e,rating_lane_004,live,1,2026-07-29T02:16:23.868205+00:00,8.205309,success
CBSPAN-20260728-f61c62cfd5f66e933a418d42,rating_lane_004,live,1,2026-07-29T02:16:23.868208+00:00,9.930144,success
CBSPAN-20260728-2bbf9ad5bb451850d9523a5b,rating_lane_004,live,1,2026-07-29T02:16:23.868211+00:00,28.514565,success
CBSPAN-20260728-ff422aa0d69e557291b474f6,rating_lane_004,live,1,2026-07-29T02:16:23.868213+00:00,8.803379,success
CBSPAN-20260728-87448de3a0965263bdd2f803,rating_lane_004,live,1,2026-07-29T02:16:23.868215+00:00,24.846210,success
CBSPAN-20260728-156391f471adecb07879cbaf,rating_lane_004,live,1,2026-07-29T02:16:23.868217+00:00,29.309547,success
CBSPAN-20260728-7a7ea715a4fcc8e5779d95e1,rating_lane_004,live,1,2026-07-29T02:16:23.868219+00:00,31.266444,success
CBSPAN-20260728-d2168efbbf86fedbfd32888a,rating_lane_004,live,1,2026-07-29T02:16:23.868309+00:00,15.193657,success
CBSPAN-20260728-c1c43ccefff5252bec8a2fab,rating_lane_004,live,1,2026-07-29T02:16:23.868319+00:00,15.965866,success
CBSPAN-20260728-d64ed8ad559e6e4bf32d4425,rating_lane_004,live,1,2026-07-29T02:16:23.868325+00:00,16.685189,success
CBSPAN-20260728-3fba0d6701e63156fa85855e,rating_lane_004,live,1,2026-07-29T02:16:23.868329+00:00,25.009885,success
CBSPAN-20260728-9908ad3e7c38d47c75b86ef1,rating_lane_004,live,1,2026-07-29T02:16:23.868334+00:00,23.524279,success
CBSPAN-20260728-71f0ad64c8a6d2395ad51e22,rating_lane_004,live,1,2026-07-29T02:16:23.868338+00:00,30.318654,success
CBSPAN-20260728-f2770bfdc32dd6651d2ce997,rating_lane_004,live,1,2026-07-29T02:16:23.868343+00:00,25.657961,success
CBSPAN-20260728-f584785421be36d0a3a47b09,rating_lane_004,live,1,2026-07-29T02:16:23.868347+00:00,27.831545,success
CBSPAN-20260728-087fd5d188f49b3099eb04ed,rating_lane_004,live,1,2026-07-29T02:16:55.151328+00:00,3.585494,success
CBSPAN-20260728-963e202466958c3d8ffb5ef8,rating_lane_004,live,1,2026-07-29T02:16:55.151395+00:00,2.767792,success
CBSPAN-20260728-9cf7ef1e6250ff54199b3ba0,rating_lane_004,live,1,2026-07-29T02:16:55.151406+00:00,2.316353,success
CBSPAN-20260728-e4e1e82f590e117f30ce7350,rating_lane_004,live,1,2026-07-29T02:16:55.151415+00:00,2.651828,success
CBSPAN-20260728-17e5cd556f0cc77136c57d0e,rating_lane_004,live,1,2026-07-29T02:16:55.151423+00:00,2.356815,success
CBSPAN-20260728-9bbe88d4dba7043de4597cd9,rating_lane_004,live,1,2026-07-29T02:16:55.151431+00:00,2.922303,success
CBSPAN-20260728-257c74a0593925e8e59249dd,rating_lane_004,live,1,2026-07-29T02:16:55.151439+00:00,2.292048,success
CBSPAN-20260728-bf383d7ddf36da7608219039,rating_lane_004,live,1,2026-07-29T02:16:55.151516+00:00,3.739044,success
CBSPAN-20260728-5f074fe8422369c1e68defc3,rating_lane_004,live,1,2026-07-29T02:16:55.151525+00:00,5.030612,success
CBSPAN-20260728-dda1980ce84c0f5794b26575,rating_lane_004,live,1,2026-07-29T02:16:55.151529+00:00,4.413326,success
CBSPAN-20260728-71dcd55a389b47c412194a78,rating_lane_004,live,1,2026-07-29T02:16:55.151532+00:00,4.760814,success
CBSPAN-20260728-731be9aa41ac0f048d3807a2,rating_lane_004,live,1,2026-07-29T02:16:55.151534+00:00,5.200199,success
CBSPAN-20260728-59276d9040f65c479823ab66,rating_lane_004,live,1,2026-07-29T02:16:55.151536+00:00,5.492757,success
CBSPAN-20260728-317abf1e1138e1e9358ea093,rating_lane_004,live,1,2026-07-29T02:16:55.151538+00:00,5.948441,success
CBSPAN-20260728-5e73669d17f7342a643e7caa,rating_lane_004,live,1,2026-07-29T02:16:55.151539+00:00,6.396923,success
CBSPAN-20260728-52a2d18d0819e3187d9ef44d,rating_lane_004,live,1,2026-07-29T02:16:55.151541+00:00,6.267988,success
CBSPAN-20260728-5510ee5338c131279e7d9172,rating_lane_004,live,1,2026-07-29T02:16:55.151543+00:00,6.692633,success
CBSPAN-20260728-510302ab735a0fe94b470c33,rating_lane_004,live,1,2026-07-29T02:16:55.151545+00:00,7.792954,success
CBSPAN-20260728-e54639771f310bd878147a6e,rating_lane_004,live,1,2026-07-29T02:16:55.151547+00:00,21.174858,success
CBSPAN-20260728-105d2e11f9fb6ebbee518c88,rating_lane_004,live,1,2026-07-29T02:16:55.151549+00:00,8.123097,success
CBSPAN-20260728-a7a31a886144dc25d3911c28,rating_lane_004,live,1,2026-07-29T02:16:55.151551+00:00,7.816258,success
CBSPAN-20260728-74ed10b9f074b21c299f96c5,rating_lane_004,live,1,2026-07-29T02:16:55.151553+00:00,7.958943,success
CBSPAN-20260728-809e8d5812834be89d4f1cf4,rating_lane_004,live,1,2026-07-29T02:16:55.151556+00:00,8.827854,success
CBSPAN-20260728-193c2401e1c86656d9451167,rating_lane_004,live,1,2026-07-29T02:16:55.151558+00:00,8.123112,success
CBSPAN-20260728-d89c3535456edf88969a1cb7,rating_lane_004,live,1,2026-07-29T02:16:55.151560+00:00,9.881732,success
CBSPAN-20260728-d11439bed96732cf950cc308,rating_lane_004,live,1,2026-07-29T02:16:55.151562+00:00,10.903589,success
CBSPAN-20260728-72f843f51e2193669a3c4f70,rating_lane_004,live,1,2026-07-29T02:16:55.151564+00:00,11.556805,success
CBSPAN-20260728-5dbee6016379a3dd88d62c65,rating_lane_004,live,1,2026-07-29T02:16:55.151565+00:00,11.572823,success
CBSPAN-20260728-4bd64c80ad433b6cb81dae63,rating_lane_004,live,1,2026-07-29T02:16:55.151567+00:00,10.958953,success
CBSPAN-20260728-59203de86dfbb1ba1e9b2ae7,rating_lane_004,live,1,2026-07-29T02:16:55.151569+00:00,10.360466,success
CBSPAN-20260728-c77da0071ed3ec00bf09f194,rating_lane_004,live,1,2026-07-29T02:16:55.151571+00:00,11.546218,success
CBSPAN-20260728-6ae130ef59db70c9f216d742,rating_lane_004,live,1,2026-07-29T02:16:55.151573+00:00,12.899994,success
CBSPAN-20260728-5dbee6016379a3dd88d62c65,rating_lane_004,live,2,2026-07-29T02:17:16.331710+00:00,5.657470,success
CBSPAN-20260728-850f496e8e956e60871b949d,rating_lane_004,live,1,2026-07-29T02:17:22.003570+00:00,14.813635,success
CBSPAN-20260728-c3d799e81131292eef3e307e,rating_lane_004,live,1,2026-07-29T02:17:22.003607+00:00,13.870047,success
CBSPAN-20260728-e15cd7d2d7e8bcd26cbf3d27,rating_lane_004,live,1,2026-07-29T02:17:22.003619+00:00,14.044457,success
CBSPAN-20260728-0a95be3667250af04f52dd98,rating_lane_004,live,1,2026-07-29T02:17:22.003700+00:00,13.501211,success
CBSPAN-20260728-1405a455865aa34db8b823db,rating_lane_004,live,1,2026-07-29T02:17:22.003710+00:00,14.432191,success
CBSPAN-20260728-9fe38aae26ba49568ab4aa08,rating_lane_004,live,1,2026-07-29T02:17:22.003718+00:00,14.520206,success
CBSPAN-20260728-7e7b0edca791bb8aa94bed23,rating_lane_004,live,1,2026-07-29T02:17:22.003726+00:00,14.535735,success
CBSPAN-20260728-d14106a04e73b0174f29c56d,rating_lane_004,live,1,2026-07-29T02:17:22.003734+00:00,13.474045,success
CBSPAN-20260728-e5ae258227e0955ebe235a36,rating_lane_004,live,1,2026-07-29T02:17:22.003742+00:00,16.180953,success
CBSPAN-20260728-dbfa67ee93da1d1d2fca6b78,rating_lane_004,live,1,2026-07-29T02:17:22.003747+00:00,16.611911,success
CBSPAN-20260728-2ef3b7039f83dcf4664bb543,rating_lane_004,live,1,2026-07-29T02:17:22.003750+00:00,18.051664,success
CBSPAN-20260728-0ec3a508cef335541193cf5a,rating_lane_004,live,1,2026-07-29T02:17:22.003752+00:00,16.704277,success
CBSPAN-20260728-2184da079579ac751f43d1c3,rating_lane_004,live,1,2026-07-29T02:17:22.003754+00:00,17.905838,success
CBSPAN-20260728-d134cc3db9f3b6d00370bd79,rating_lane_004,live,1,2026-07-29T02:17:22.003756+00:00,17.777627,success
CBSPAN-20260728-f0fddc7d3ee15a37a159c211,rating_lane_004,live,1,2026-07-29T02:17:22.003758+00:00,17.764392,success
CBSPAN-20260728-000c318aed4db9d7c59d63b1,rating_lane_004,live,1,2026-07-29T02:17:22.003760+00:00,18.269222,success
CBSPAN-20260728-e80d282907e998ca24ac0c12,rating_lane_004,live,1,2026-07-29T02:17:22.003762+00:00,21.523707,success
CBSPAN-20260728-cecf6261835c8b5847a4bc99,rating_lane_004,live,1,2026-07-29T02:17:22.003764+00:00,18.912702,success
CBSPAN-20260728-db4b3184d40d4de4db4ef289,rating_lane_004,live,1,2026-07-29T02:17:22.003766+00:00,19.359660,success
CBSPAN-20260728-337363236517109e1f5ce7db,rating_lane_004,live,1,2026-07-29T02:17:22.003768+00:00,20.684806,success
CBSPAN-20260728-97bd05fb93c13616debadec6,rating_lane_004,live,1,2026-07-29T02:17:22.003770+00:00,20.108319,success
CBSPAN-20260728-bc31a8a366bbaccbc56a839e,rating_lane_004,live,1,2026-07-29T02:17:22.003771+00:00,19.879782,success
CBSPAN-20260728-617539088d75f0a490dea6de,rating_lane_004,live,1,2026-07-29T02:17:22.003774+00:00,20.144816,success
CBSPAN-20260728-f2bccf92718b3e895686da36,rating_lane_004,live,1,2026-07-29T02:17:22.003776+00:00,20.278449,success
CBSPAN-20260728-91ff38dc2befa62f96d7655b,rating_lane_004,live,1,2026-07-29T02:17:22.003777+00:00,21.987969,success
CBSPAN-20260728-ea392f3a754681d0fc50b3b0,rating_lane_004,live,1,2026-07-29T02:17:22.003779+00:00,21.735445,success
CBSPAN-20260728-604a2e8230b95b3d119e7f06,rating_lane_004,live,1,2026-07-29T02:17:22.003782+00:00,22.322493,success
CBSPAN-20260728-d7f184970da411a0ae254365,rating_lane_004,live,1,2026-07-29T02:17:22.003783+00:00,22.791022,success
CBSPAN-20260728-3526f3cc084f5a68078f7607,rating_lane_004,live,1,2026-07-29T02:17:22.003785+00:00,22.314167,success
CBSPAN-20260728-f5ad91ce2e204b9ddf130cc9,rating_lane_004,live,1,2026-07-29T02:17:22.003787+00:00,22.568695,success
CBSPAN-20260728-c646b60b781ab5abdc3081fc,rating_lane_004,live,1,2026-07-29T02:17:22.003789+00:00,25.440449,success
CBSPAN-20260728-9eef46095ed9f1f4c236cdc2,rating_lane_004,live,1,2026-07-29T02:17:22.003791+00:00,23.212462,success
CBSPAN-20260728-d36ac3c40f86184e0d275c18,rating_lane_004,live,1,2026-07-29T02:17:47.466507+00:00,3.486110,success
CBSPAN-20260728-b1eed87a02e087f8c5b040d8,rating_lane_004,live,1,2026-07-29T02:17:47.466583+00:00,3.454184,success
CBSPAN-20260728-28116a5590191e337bb48850,rating_lane_004,live,1,2026-07-29T02:17:47.466598+00:00,2.252217,success
CBSPAN-20260728-1e643e09f3272cfd3a20c7d0,rating_lane_004,live,1,2026-07-29T02:17:47.466609+00:00,3.490051,success
CBSPAN-20260728-545f5c7801bff7b7ab4303ec,rating_lane_004,live,1,2026-07-29T02:17:47.466620+00:00,2.616956,success
CBSPAN-20260728-96886cf5664b7664ba5bdbbf,rating_lane_004,live,1,2026-07-29T02:17:47.466630+00:00,3.643571,success
CBSPAN-20260728-e28b780d72e819e27db880fe,rating_lane_004,live,1,2026-07-29T02:17:47.466639+00:00,2.741527,success
CBSPAN-20260728-91cf215ebd1a7d03d7133561,rating_lane_004,live,1,2026-07-29T02:17:47.466725+00:00,5.493469,success
CBSPAN-20260728-ef76122e2f0c6c8d5ade535f,rating_lane_004,live,1,2026-07-29T02:17:47.466737+00:00,6.141240,success
CBSPAN-20260728-82e0999c0f3856989a57ef33,rating_lane_004,live,1,2026-07-29T02:17:47.466742+00:00,5.381827,success
CBSPAN-20260728-baf4f854c14b123ac15b5906,rating_lane_004,live,1,2026-07-29T02:17:47.466745+00:00,9.408509,success
CBSPAN-20260728-edf9127eca7936475fb5578c,rating_lane_004,live,1,2026-07-29T02:17:47.466747+00:00,5.987800,success
CBSPAN-20260728-0313c51634a95dc92733f204,rating_lane_004,live,1,2026-07-29T02:17:47.466750+00:00,7.334254,success
CBSPAN-20260728-1f596c323ac1dca5378b3c41,rating_lane_004,live,1,2026-07-29T02:17:47.466752+00:00,5.863285,success
CBSPAN-20260728-18623f1a74f781a134085b88,rating_lane_004,live,1,2026-07-29T02:17:47.466754+00:00,8.631383,success
CBSPAN-20260728-340eba99ba34a1de434685d8,rating_lane_004,live,1,2026-07-29T02:17:47.466756+00:00,7.768828,success
CBSPAN-20260728-0e0341cfa6d456f16405fdd0,rating_lane_004,live,1,2026-07-29T02:17:47.466759+00:00,8.982937,success
CBSPAN-20260728-41e7977d2cde4d8c9f004150,rating_lane_004,live,1,2026-07-29T02:17:47.466761+00:00,10.022226,success
CBSPAN-20260728-f7109386416547a2296a8d9b,rating_lane_004,live,1,2026-07-29T02:17:47.466763+00:00,9.509905,success
CBSPAN-20260728-1c41d2b417377ff43373bc89,rating_lane_004,live,1,2026-07-29T02:17:47.466765+00:00,9.001339,success
CBSPAN-20260728-94bdf864b76495f6ef273437,rating_lane_004,live,1,2026-07-29T02:17:47.466767+00:00,9.730781,success
CBSPAN-20260728-4a2bee7d590b90ff4e1e3b95,rating_lane_004,live,1,2026-07-29T02:17:47.466769+00:00,10.128928,success
CBSPAN-20260728-dbc95799d1fb2b5ad4534664,rating_lane_004,live,1,2026-07-29T02:17:47.466771+00:00,14.046663,success
CBSPAN-20260728-6762c3eb78bbcbfd9ca94c7b,rating_lane_004,live,1,2026-07-29T02:17:47.466774+00:00,11.739507,success
CBSPAN-20260728-c873c62f05b3b0986c916b13,rating_lane_004,live,1,2026-07-29T02:17:47.466776+00:00,11.170899,success
CBSPAN-20260728-8e833e5041c73d1931bf7809,rating_lane_004,live,1,2026-07-29T02:17:47.466778+00:00,12.195227,success
CBSPAN-20260728-8769c813d6e3445b0cfc5950,rating_lane_004,live,1,2026-07-29T02:17:47.466780+00:00,12.126638,success
CBSPAN-20260728-84a73bf585a9cd9bf2908dcc,rating_lane_004,live,1,2026-07-29T02:17:47.466782+00:00,12.104222,success
CBSPAN-20260728-db180a5fc1610f75fdd1921b,rating_lane_004,live,1,2026-07-29T02:17:47.466784+00:00,12.234042,success
CBSPAN-20260728-a1d254115404c9195a6f0c7a,rating_lane_004,live,1,2026-07-29T02:17:47.466786+00:00,12.640826,success
CBSPAN-20260728-6d0f82f9cee3885d1b04f144,rating_lane_004,live,1,2026-07-29T02:17:47.466788+00:00,12.955985,success
CBSPAN-20260728-7fe4d8c10647bf30a51b9f11,rating_lane_004,live,1,2026-07-29T02:17:47.466790+00:00,15.483065,success
CBSPAN-20260728-178d3eba678d8ad961809691,rating_lane_004,live,1,2026-07-29T02:18:02.970015+00:00,3.592415,success
CBSPAN-20260728-7185cfb76716329bfa16767e,rating_lane_004,live,1,2026-07-29T02:18:02.970056+00:00,3.898841,success
CBSPAN-20260728-6bb8e343829b0c1de12c5af8,rating_lane_004,live,1,2026-07-29T02:18:02.970070+00:00,3.592471,success
CBSPAN-20260728-4cec0d50a4d12147470e6405,rating_lane_004,live,1,2026-07-29T02:18:02.970080+00:00,3.846099,success
CBSPAN-20260728-1ce5a52c78ba0b167285c7ca,rating_lane_004,live,1,2026-07-29T02:18:02.970089+00:00,2.395028,success
CBSPAN-20260728-7e13d6c80161be6a3d7db4a2,rating_lane_004,live,1,2026-07-29T02:18:02.970099+00:00,3.820521,success
CBSPAN-20260728-6f5eb4e8460ecd6073cf99de,rating_lane_004,live,1,2026-07-29T02:18:02.970108+00:00,2.244681,success
CBSPAN-20260728-36c9a40c48d995e6e1763d78,rating_lane_004,live,1,2026-07-29T02:18:02.970196+00:00,3.879594,success
CBSPAN-20260728-a9558698db4cec692bb6ef4c,rating_lane_004,live,1,2026-07-29T02:18:02.970206+00:00,5.618120,success
CBSPAN-20260728-48df5e447aeb32985065a601,rating_lane_004,live,1,2026-07-29T02:18:02.970211+00:00,4.684212,success
CBSPAN-20260728-e9e29b8a6eabb37bdc09616b,rating_lane_004,live,1,2026-07-29T02:18:02.970214+00:00,6.855049,success
CBSPAN-20260728-f5ec72b7a127d5097cd65a63,rating_lane_004,live,1,2026-07-29T02:18:02.970216+00:00,6.055524,success
CBSPAN-20260728-2c2c2e11b7dcbddfd2477b63,rating_lane_004,live,1,2026-07-29T02:18:02.970219+00:00,6.584765,success
CBSPAN-20260728-f0a2d9cdd967c53351890f80,rating_lane_004,live,1,2026-07-29T02:18:02.970221+00:00,6.426844,success
CBSPAN-20260728-d22ade358e35051b952daecb,rating_lane_004,live,1,2026-07-29T02:18:02.970223+00:00,6.045981,success
CBSPAN-20260728-446e64c0e4ca714d3180cfa2,rating_lane_004,live,1,2026-07-29T02:18:02.970225+00:00,7.404902,success
CBSPAN-20260728-c1b4fd5bb0a11c80783e0846,rating_lane_004,live,1,2026-07-29T02:18:02.970227+00:00,6.658896,success
CBSPAN-20260728-75913ec376b385b36959bbd3,rating_lane_004,live,1,2026-07-29T02:18:02.970230+00:00,7.904193,success
CBSPAN-20260728-41e54c4d394aea18c4f2daeb,rating_lane_004,live,1,2026-07-29T02:18:02.970232+00:00,8.214004,success
CBSPAN-20260728-870d75b44a3b1d33a478901b,rating_lane_004,live,1,2026-07-29T02:18:02.970234+00:00,8.057771,success
CBSPAN-20260728-9ae070f5cf55ca082586d758,rating_lane_004,live,1,2026-07-29T02:18:02.970236+00:00,9.427906,success
CBSPAN-20260728-67a14e845cc771b90a803adf,rating_lane_004,live,1,2026-07-29T02:18:02.970238+00:00,9.230677,success
CBSPAN-20260728-e6bcab561228de5c17696b2d,rating_lane_004,live,1,2026-07-29T02:18:02.970240+00:00,9.809554,success
CBSPAN-20260728-017ff245779f973545b8aa17,rating_lane_004,live,1,2026-07-29T02:18:02.970242+00:00,10.197145,success
CBSPAN-20260728-1b53a9731a5c10c15955e564,rating_lane_004,live,1,2026-07-29T02:18:02.970244+00:00,10.629370,success
CBSPAN-20260728-393ac06fb7b160fd97ab66e4,rating_lane_004,live,1,2026-07-29T02:18:02.970246+00:00,12.513135,success
CBSPAN-20260728-29fe626d547fb95b2c2e9201,rating_lane_004,live,1,2026-07-29T02:18:02.970248+00:00,12.641882,success
CBSPAN-20260728-bce8ec257ffe68e2176cb417,rating_lane_004,live,1,2026-07-29T02:18:02.970251+00:00,11.345149,success
CBSPAN-20260728-f29754f6be07a9803c88453b,rating_lane_004,live,1,2026-07-29T02:18:02.970253+00:00,13.395330,success
CBSPAN-20260728-d01253e6b753c1d2e4c5528e,rating_lane_004,live,1,2026-07-29T02:18:02.970255+00:00,13.401616,success
CBSPAN-20260728-67f0361e74c1816ffa66e0ef,rating_lane_004,live,1,2026-07-29T02:18:02.970257+00:00,13.595129,success
CBSPAN-20260728-f765a52959673e223ef8c76e,rating_lane_004,live,1,2026-07-29T02:18:02.970259+00:00,13.367695,success
CBSPAN-20260728-11898d363583209768a46ae0,rating_lane_004,live,1,2026-07-29T02:18:16.589116+00:00,2.227461,success
CBSPAN-20260728-0e1a4997a64eb1fd5fbe2fee,rating_lane_004,live,1,2026-07-29T02:18:16.589160+00:00,5.456784,success
CBSPAN-20260728-5427ff71960d9b431e7de078,rating_lane_004,live,1,2026-07-29T02:18:16.589175+00:00,2.919996,success
CBSPAN-20260728-b2c5129bc5dfd44b0256ee2a,rating_lane_004,live,1,2026-07-29T02:18:16.589186+00:00,4.341640,success
CBSPAN-20260728-f91f8c9a15175fbb1ecf8533,rating_lane_004,live,1,2026-07-29T02:18:16.589196+00:00,4.681931,success
CBSPAN-20260728-c9cbbc2958bdcfe76a3ec3d6,rating_lane_004,live,1,2026-07-29T02:18:16.589206+00:00,2.230586,success
CBSPAN-20260728-2df6ce6672295b76900b5d03,rating_lane_004,live,1,2026-07-29T02:18:16.589216+00:00,3.119093,success
CBSPAN-20260728-40f42270d0e34df96bdbc5c9,rating_lane_004,live,1,2026-07-29T02:18:16.589309+00:00,3.115472,success
CBSPAN-20260728-974e2d19de9eb89547f15bb0,rating_lane_004,live,1,2026-07-29T02:18:16.589319+00:00,5.851095,success
CBSPAN-20260728-cf1a2e3d98576a41d4a0b10a,rating_lane_004,live,1,2026-07-29T02:18:16.589325+00:00,5.358392,success
CBSPAN-20260728-c70de8c48e8a19ff0fa606eb,rating_lane_004,live,1,2026-07-29T02:18:16.589328+00:00,5.678177,success
CBSPAN-20260728-0aad4cbdafe1dc762511d41f,rating_lane_004,live,1,2026-07-29T02:18:16.589330+00:00,6.414251,success
CBSPAN-20260728-0af294c1ca1dc7823201b3f4,rating_lane_004,live,1,2026-07-29T02:18:16.589332+00:00,5.617440,success
CBSPAN-20260728-8ea0d11875dae1a94fc0d896,rating_lane_004,live,1,2026-07-29T02:18:16.589334+00:00,6.876909,success
CBSPAN-20260728-20d3a4a516988119810b1571,rating_lane_004,live,1,2026-07-29T02:18:16.589337+00:00,8.218222,success
CBSPAN-20260728-39e5b2f3c2cc3536fd904a46,rating_lane_004,live,1,2026-07-29T02:18:16.589339+00:00,8.506506,success
CBSPAN-20260728-d9d21d52fc33ee58e6a10932,rating_lane_004,live,1,2026-07-29T02:18:16.589341+00:00,7.554354,success
CBSPAN-20260728-1153636a987b055e12f0f883,rating_lane_004,live,1,2026-07-29T02:18:16.589343+00:00,8.952805,success
CBSPAN-20260728-9e4634a4bf80adaa3fc84696,rating_lane_004,live,1,2026-07-29T02:18:16.589345+00:00,8.249264,success
CBSPAN-20260728-cb12d1b3c5d4d3724034cda3,rating_lane_004,live,1,2026-07-29T02:18:16.589347+00:00,10.929728,success
CBSPAN-20260728-fc8e3e2d0280adce2fc5072f,rating_lane_004,live,1,2026-07-29T02:18:16.589349+00:00,13.282813,success
CBSPAN-20260728-d6c7cb7b23afa02fda88709c,rating_lane_004,live,1,2026-07-29T02:18:16.589351+00:00,11.978362,success
CBSPAN-20260728-5ebe4f9bb583e27ebb800d39,rating_lane_004,live,1,2026-07-29T02:18:16.589353+00:00,11.924851,success
CBSPAN-20260728-1815d2f2ff626c7eccbaedc9,rating_lane_004,live,1,2026-07-29T02:18:16.589355+00:00,11.703338,success
CBSPAN-20260728-a719e77a750bccc47ef92b41,rating_lane_004,live,1,2026-07-29T02:18:16.589357+00:00,12.050493,success
CBSPAN-20260728-8b1e686ec1c24070ea46e248,rating_lane_004,live,1,2026-07-29T02:18:16.589359+00:00,12.155988,success
CBSPAN-20260728-5da8dad5c3992bd17a928b33,rating_lane_004,live,1,2026-07-29T02:18:16.589361+00:00,12.775263,success
CBSPAN-20260728-d9df4b5dcf71e56b2eddda09,rating_lane_004,live,1,2026-07-29T02:18:16.589363+00:00,13.712723,success
CBSPAN-20260728-7951f344c573e6908dc3dcfc,rating_lane_004,live,1,2026-07-29T02:18:16.589365+00:00,14.285472,success
CBSPAN-20260728-63829fce4585e03da8641c55,rating_lane_004,live,1,2026-07-29T02:18:16.589368+00:00,14.873438,success
CBSPAN-20260728-efc245d0c638d87274bc41f1,rating_lane_004,live,1,2026-07-29T02:18:16.589370+00:00,14.805819,success
CBSPAN-20260728-c27d0c7a9aeb8424c8368991,rating_lane_004,live,1,2026-07-29T02:18:16.589372+00:00,15.468804,success
CBSPAN-20260728-1815d2f2ff626c7eccbaedc9,rating_lane_004,live,2,2026-07-29T02:18:32.069144+00:00,2.784385,success
CBSPAN-20260728-c29b60f088558eefcf9d2df4,rating_lane_004,live,1,2026-07-29T02:18:34.869981+00:00,2.398444,success
CBSPAN-20260728-731247b621d3a068308762b9,rating_lane_004,live,1,2026-07-29T02:18:34.870023+00:00,2.259653,success
CBSPAN-20260728-8182993930a08b49ba88b487,rating_lane_004,live,1,2026-07-29T02:18:34.870034+00:00,2.868999,success
CBSPAN-20260728-e338f3a5b5837435bfb3802c,rating_lane_004,live,1,2026-07-29T02:18:34.871211+00:00,2.324766,success
CBSPAN-20260728-5afe765584088cb8c8cb9175,rating_lane_004,live,1,2026-07-29T02:18:34.871223+00:00,2.589482,success
CBSPAN-20260728-00d994b512b4c4735e156867,rating_lane_004,live,1,2026-07-29T02:18:34.871232+00:00,2.393772,success
CBSPAN-20260728-2258f950bfe8c99c3cfeacbf,rating_lane_004,live,1,2026-07-29T02:18:34.871240+00:00,4.487841,success
CBSPAN-20260728-7a120361e126d6e39027bacc,rating_lane_004,live,1,2026-07-29T02:18:34.871247+00:00,3.438784,success
CBSPAN-20260728-c50016378c5bf34e4d70000f,rating_lane_004,live,1,2026-07-29T02:18:34.871255+00:00,4.487732,success
CBSPAN-20260728-54de9ceca4fe727ef0b226e4,rating_lane_004,live,1,2026-07-29T02:18:34.871259+00:00,5.740642,success
CBSPAN-20260728-4f2ff531e496ee49716f9888,rating_lane_004,live,1,2026-07-29T02:18:34.871261+00:00,6.144138,success
CBSPAN-20260728-e4e92345787302b23e5cf3ee,rating_lane_004,live,1,2026-07-29T02:18:34.871263+00:00,4.781133,success
CBSPAN-20260728-766703f026cc7684c10503b1,rating_lane_004,live,1,2026-07-29T02:18:34.871265+00:00,5.320746,success
CBSPAN-20260728-6aac8137eea96eeaec565382,rating_lane_004,live,1,2026-07-29T02:18:34.871267+00:00,7.471904,success
CBSPAN-20260728-18ba3d9145064271973949cf,rating_lane_004,live,1,2026-07-29T02:18:34.871269+00:00,6.890941,success
CBSPAN-20260728-16d5866b6c6f61488e0d5c4a,rating_lane_004,live,1,2026-07-29T02:18:34.871271+00:00,6.609643,success
CBSPAN-20260728-16191df47c3470387a3ae6d6,rating_lane_004,live,1,2026-07-29T02:18:34.871273+00:00,8.015291,success
CBSPAN-20260728-8fb30a2e4b54cb49d80e6b8e,rating_lane_004,live,1,2026-07-29T02:18:34.871280+00:00,7.261984,success
CBSPAN-20260728-3062d27e0966b0557082f18e,rating_lane_004,live,1,2026-07-29T02:18:34.871282+00:00,7.750459,success
CBSPAN-20260728-cd193dfbe53d49ed783c2069,rating_lane_004,live,1,2026-07-29T02:18:34.871283+00:00,7.814907,success
CBSPAN-20260728-a1e32c58d193daba9e12d62b,rating_lane_004,live,1,2026-07-29T02:18:34.871285+00:00,9.744277,success
CBSPAN-20260728-21545c49f653a45c682ab697,rating_lane_004,live,1,2026-07-29T02:18:34.871287+00:00,8.833157,success
CBSPAN-20260728-9c5d09c87342caeb2d561c46,rating_lane_004,live,1,2026-07-29T02:18:34.871288+00:00,8.969808,success
CBSPAN-20260728-8e4c192d0c978cb6cbab4435,rating_lane_004,live,1,2026-07-29T02:18:34.871290+00:00,9.423924,success
CBSPAN-20260728-351e45ddc308fed3c94adf3e,rating_lane_004,live,1,2026-07-29T02:18:34.871292+00:00,11.343286,success
CBSPAN-20260728-7e726a2d77a7b5627fd1bc42,rating_lane_004,live,1,2026-07-29T02:18:34.871293+00:00,10.134937,success
CBSPAN-20260728-a58c83d63eca4bcb27cf8619,rating_lane_004,live,1,2026-07-29T02:18:34.871295+00:00,11.458722,success
CBSPAN-20260728-62024dadaf63ca1b91ad9209,rating_lane_004,live,1,2026-07-29T02:18:34.871296+00:00,10.883956,success
CBSPAN-20260728-803c9202d346348b7f8a3a45,rating_lane_004,live,1,2026-07-29T02:18:34.871298+00:00,11.299467,success
CBSPAN-20260728-90862f8a6e3826eebf4a9c28,rating_lane_004,live,1,2026-07-29T02:18:34.871300+00:00,14.043138,success
CBSPAN-20260728-ad24666d825b873cacf11cb4,rating_lane_004,live,1,2026-07-29T02:18:34.871301+00:00,11.622110,success
CBSPAN-20260728-a1b28f892a47307b4a71ee7d,rating_lane_004,live,1,2026-07-29T02:18:34.871303+00:00,13.700061,success
CBSPAN-20260728-e4e92345787302b23e5cf3ee,rating_lane_004,live,2,2026-07-29T02:18:48.925381+00:00,3.761789,success
CBSPAN-20260728-9c5d09c87342caeb2d561c46,rating_lane_004,live,2,2026-07-29T02:18:48.925458+00:00,3.036446,success
CBSPAN-20260728-20dac43ded0a9d893af05b24,rating_lane_004,live,1,2026-07-29T02:18:52.728464+00:00,20.737838,request_failed
CBSPAN-20260728-38db2c67fda8fe9bba54c307,rating_lane_004,live,1,2026-07-29T02:18:52.728538+00:00,24.778661,request_failed
CBSPAN-20260728-e2ee127582829c5c81898539,rating_lane_004,live,1,2026-07-29T02:18:52.728559+00:00,19.300238,request_failed
CBSPAN-20260728-7b295a6924458ca8bf69d22f,rating_lane_004,live,1,2026-07-29T02:18:52.728578+00:00,21.883743,request_failed
CBSPAN-20260728-9babfe9e9e67c90b3c4798f0,rating_lane_004,live,1,2026-07-29T02:18:52.728596+00:00,17.777705,request_failed
CBSPAN-20260728-2fc667e692ab5b39ad21d670,rating_lane_004,live,1,2026-07-29T02:18:52.728615+00:00,17.812077,request_failed
CBSPAN-20260728-5f6197a07291530261583df6,rating_lane_004,live,1,2026-07-29T02:18:52.728633+00:00,19.826896,request_failed
CBSPAN-20260728-b982fcc7b73491a3d1640900,rating_lane_004,live,1,2026-07-29T02:18:52.728651+00:00,21.547982,request_failed
CBSPAN-20260728-88ae41b386b26885f6f157ef,rating_lane_004,live,1,2026-07-29T02:18:52.728669+00:00,20.296068,success
CBSPAN-20260728-51afbf748bbdd1afd24daa69,rating_lane_004,live,1,2026-07-29T02:18:52.728678+00:00,20.773386,success
CBSPAN-20260728-620458826002a1a9e8e33447,rating_lane_004,live,1,2026-07-29T02:18:52.728683+00:00,21.513444,success
CBSPAN-20260728-edd9630b70451533b9a19339,rating_lane_004,live,1,2026-07-29T02:18:52.728687+00:00,22.016118,success
CBSPAN-20260728-feb4376167ba0875955499ef,rating_lane_004,live,1,2026-07-29T02:18:52.728691+00:00,22.716348,success
CBSPAN-20260728-8723f0907fbc64234b2c2bd0,rating_lane_004,live,1,2026-07-29T02:18:52.728695+00:00,23.569410,success
CBSPAN-20260728-4eaa1855ec6a9215d0106a6f,rating_lane_004,live,1,2026-07-29T02:18:52.728699+00:00,23.457879,success
CBSPAN-20260728-3a3ebb9278084741af47ef77,rating_lane_004,live,1,2026-07-29T02:18:52.728703+00:00,24.486144,success
CBSPAN-20260728-098583470ecf599e9b50828d,rating_lane_004,live,1,2026-07-29T02:18:52.728707+00:00,23.693807,success
CBSPAN-20260728-36e310a760e4051950117690,rating_lane_004,live,1,2026-07-29T02:18:52.728711+00:00,25.182081,success
CBSPAN-20260728-9f0d953c5b19ac667c8eafa2,rating_lane_004,live,1,2026-07-29T02:18:52.728715+00:00,24.132577,success
CBSPAN-20260728-937160f55c6a4aadbfe3310f,rating_lane_004,live,1,2026-07-29T02:18:52.728719+00:00,25.082760,success
CBSPAN-20260728-169ebc1da30e78a21e3457b3,rating_lane_004,live,1,2026-07-29T02:18:52.728723+00:00,25.560126,success
CBSPAN-20260728-cae377852d3ce92740872f01,rating_lane_004,live,1,2026-07-29T02:18:52.728727+00:00,25.860328,success
CBSPAN-20260728-67695dee6fd3772930312448,rating_lane_004,live,1,2026-07-29T02:18:52.728731+00:00,26.129659,success
CBSPAN-20260728-efd8e24e05a211278a92a08e,rating_lane_004,live,1,2026-07-29T02:18:52.728735+00:00,26.347376,success
CBSPAN-20260728-db232f5d4fd63863bd6afc4a,rating_lane_004,live,1,2026-07-29T02:18:52.728739+00:00,26.426207,success
CBSPAN-20260728-9a8a9f2cc5639361750d311c,rating_lane_004,live,1,2026-07-29T02:18:52.728743+00:00,27.527937,success
CBSPAN-20260728-b2b558a408cbcb2faa237a07,rating_lane_004,live,1,2026-07-29T02:18:52.728747+00:00,27.434819,success
CBSPAN-20260728-508badb53e4c9ff24458a17d,rating_lane_004,live,1,2026-07-29T02:18:52.728751+00:00,27.420423,success
CBSPAN-20260728-fd5b76a199ca024bc7900fc8,rating_lane_004,live,1,2026-07-29T02:18:52.728755+00:00,27.527954,success
CBSPAN-20260728-54ea0662c5678b1b0dcd0b95,rating_lane_004,live,1,2026-07-29T02:18:52.728759+00:00,28.778433,success
CBSPAN-20260728-379645cc982e19c1015b5ce7,rating_lane_004,live,1,2026-07-29T02:18:52.728763+00:00,28.670632,success
CBSPAN-20260728-c779dec877500c782d0c3d4d,rating_lane_004,live,1,2026-07-29T02:18:52.728767+00:00,29.454479,success
CBSPAN-20260728-20dac43ded0a9d893af05b24,rating_lane_004,live,2,2026-07-29T02:19:22.191624+00:00,2.808692,success
CBSPAN-20260728-38db2c67fda8fe9bba54c307,rating_lane_004,live,2,2026-07-29T02:19:22.191769+00:00,4.447018,success
CBSPAN-20260728-e2ee127582829c5c81898539,rating_lane_004,live,2,2026-07-29T02:19:22.191811+00:00,4.245423,success
CBSPAN-20260728-7b295a6924458ca8bf69d22f,rating_lane_004,live,2,2026-07-29T02:19:22.191834+00:00,2.277748,success
CBSPAN-20260728-9babfe9e9e67c90b3c4798f0,rating_lane_004,live,2,2026-07-29T02:19:22.191844+00:00,3.004753,success
CBSPAN-20260728-2fc667e692ab5b39ad21d670,rating_lane_004,live,2,2026-07-29T02:19:22.191852+00:00,3.544647,success
CBSPAN-20260728-5f6197a07291530261583df6,rating_lane_004,live,2,2026-07-29T02:19:22.191861+00:00,2.907137,success
CBSPAN-20260728-b982fcc7b73491a3d1640900,rating_lane_004,live,2,2026-07-29T02:19:22.191869+00:00,4.591737,success
CBSPAN-20260728-306a8333297d7fc77750e532,rating_lane_004,live,1,2026-07-29T02:19:26.806703+00:00,2.019729,success
CBSPAN-20260728-9492a7cde57c46817c5be0ad,rating_lane_004,live,1,2026-07-29T02:19:26.806774+00:00,4.633916,success
CBSPAN-20260728-1e09e201d8e745d7ab7a8e7b,rating_lane_004,live,1,2026-07-29T02:19:26.806786+00:00,2.455014,success
CBSPAN-20260728-8f3d33268bc32b81892352a0,rating_lane_004,live,1,2026-07-29T02:19:26.806796+00:00,2.106766,success
CBSPAN-20260728-383cea9c04457114b5c2a434,rating_lane_004,live,1,2026-07-29T02:19:26.806806+00:00,2.019658,success
CBSPAN-20260728-94cfc005fc8ae76b673e58fa,rating_lane_004,live,1,2026-07-29T02:19:26.806814+00:00,2.531065,success
CBSPAN-20260728-80aa5b7d44b680e9d1ad0539,rating_lane_004,live,1,2026-07-29T02:19:26.806822+00:00,2.350169,success
CBSPAN-20260728-97b2d279ce25594c78559af9,rating_lane_004,live,1,2026-07-29T02:19:26.806830+00:00,4.077134,success
CBSPAN-20260728-17c5d5cfd593a5c9af4b25d7,rating_lane_004,live,1,2026-07-29T02:19:26.806918+00:00,4.855124,success
CBSPAN-20260728-62fc941010f54f62a86a7ac4,rating_lane_004,live,1,2026-07-29T02:19:26.806923+00:00,4.796959,success
CBSPAN-20260728-8f4d17ff6c2ea287bff7e8e9,rating_lane_004,live,1,2026-07-29T02:19:26.806925+00:00,4.674015,success
CBSPAN-20260728-66e68bbceab99eee0f65f296,rating_lane_004,live,1,2026-07-29T02:19:26.806927+00:00,4.627328,success
CBSPAN-20260728-27139c11cb8bbad055830984,rating_lane_004,live,1,2026-07-29T02:19:26.806929+00:00,4.819907,success
CBSPAN-20260728-8010fd58c10a51391ebaf3b2,rating_lane_004,live,1,2026-07-29T02:19:26.806931+00:00,4.330786,success
CBSPAN-20260728-0b2e21257bc69781049bf85f,rating_lane_004,live,1,2026-07-29T02:19:26.806933+00:00,6.364159,success
CBSPAN-20260728-8f31a65987ddc4a17d48c258,rating_lane_004,live,1,2026-07-29T02:19:26.806935+00:00,6.549291,success
CBSPAN-20260728-360090a4a128b3d561746eb2,rating_lane_004,live,1,2026-07-29T02:19:26.806937+00:00,6.828560,success
CBSPAN-20260728-f39259d31ad412e6608fe123,rating_lane_004,live,1,2026-07-29T02:19:26.806939+00:00,6.720683,success
CBSPAN-20260728-580c09320543d62143710e8d,rating_lane_004,live,1,2026-07-29T02:19:26.806941+00:00,7.259308,success
CBSPAN-20260728-ce9cbb6520e873abc86dbba0,rating_lane_004,live,1,2026-07-29T02:19:26.806943+00:00,7.974396,success
CBSPAN-20260728-fc2b0b3f803232432f2113b8,rating_lane_004,live,1,2026-07-29T02:19:26.806945+00:00,8.349495,success
CBSPAN-20260728-3ab78311ff2a0aab6c4b0834,rating_lane_004,live,1,2026-07-29T02:19:26.806947+00:00,7.355840,success
CBSPAN-20260728-b2436fee29a39721a7faa42f,rating_lane_004,live,1,2026-07-29T02:19:26.806949+00:00,9.463917,success
CBSPAN-20260728-99011bda5c86df29d4f31fcd,rating_lane_004,live,1,2026-07-29T02:19:26.806951+00:00,8.863375,success
CBSPAN-20260728-fac1f1dc29aff91e0401488b,rating_lane_004,live,1,2026-07-29T02:19:26.806953+00:00,8.913494,success
CBSPAN-20260728-8dc1b4c03411dc4c937cee24,rating_lane_004,live,1,2026-07-29T02:19:26.806954+00:00,9.544299,success
CBSPAN-20260728-e0a7909129b447198a60607e,rating_lane_004,live,1,2026-07-29T02:19:26.806956+00:00,9.891863,success
CBSPAN-20260728-bcbc66b2057757696ade02d5,rating_lane_004,live,1,2026-07-29T02:19:26.806958+00:00,10.115680,success
CBSPAN-20260728-b87ed30b04f9025dcef62076,rating_lane_004,live,1,2026-07-29T02:19:26.806960+00:00,10.248150,success
CBSPAN-20260728-faed02f1941a4c9c8f6f2772,rating_lane_004,live,1,2026-07-29T02:19:26.806962+00:00,10.792432,success
CBSPAN-20260728-60b3e5a25cfda315a1b2a9ab,rating_lane_004,live,1,2026-07-29T02:19:26.806964+00:00,11.213521,success
CBSPAN-20260728-f2927615600f26899f3e8612,rating_lane_004,live,1,2026-07-29T02:19:26.806965+00:00,11.830861,success
CBSPAN-20260728-bcfcc05dd3e62b29c8fcdb33,rating_lane_004,live,1,2026-07-29T02:19:38.655147+00:00,3.255229,success
CBSPAN-20260728-b6a1f92f3042bbe0a75b15fc,rating_lane_004,live,1,2026-07-29T02:19:38.655182+00:00,2.374687,success
CBSPAN-20260728-e43135f2b5ec0a6630469bfb,rating_lane_004,live,1,2026-07-29T02:19:38.655191+00:00,3.182490,success
CBSPAN-20260728-dddd2a6ec738700b6b983fd7,rating_lane_004,live,1,2026-07-29T02:19:38.655198+00:00,3.425115,success
CBSPAN-20260728-39b02eea6f7b17d381f59017,rating_lane_004,live,1,2026-07-29T02:19:38.655205+00:00,3.209294,success
CBSPAN-20260728-d5795213b13b88dfa38c05a8,rating_lane_004,live,1,2026-07-29T02:19:38.655211+00:00,3.382677,success
CBSPAN-20260728-a568835fadbdbd92e56413e5,rating_lane_004,live,1,2026-07-29T02:19:38.655218+00:00,11.582354,success
CBSPAN-20260728-f3538809932ccb8c6a7f5846,rating_lane_004,live,1,2026-07-29T02:19:38.655277+00:00,2.756306,success
CBSPAN-20260728-d42d882c2d1434cc270ab39c,rating_lane_004,live,1,2026-07-29T02:19:38.655283+00:00,12.695354,success
CBSPAN-20260728-ed9b7cd76d3e31f822af4847,rating_lane_004,live,1,2026-07-29T02:19:38.655287+00:00,14.649788,success
CBSPAN-20260728-5ef442557fc8d8d9df53a500,rating_lane_004,live,1,2026-07-29T02:19:38.655289+00:00,13.264089,success
CBSPAN-20260728-e04c14773bb52a6700ee511c,rating_lane_004,live,1,2026-07-29T02:19:38.655290+00:00,12.695445,success
CBSPAN-20260728-2c12b195dcf2a5d907906c6e,rating_lane_004,live,1,2026-07-29T02:19:38.655292+00:00,19.421573,success
CBSPAN-20260728-7df204130652eb2e9988f768,rating_lane_004,live,1,2026-07-29T02:19:38.655293+00:00,14.057870,success
CBSPAN-20260728-888227e34e21686485e319cc,rating_lane_004,live,1,2026-07-29T02:19:38.655295+00:00,13.733923,success
CBSPAN-20260728-e62bf16630a36d5b3febb844,rating_lane_004,live,1,2026-07-29T02:19:38.655296+00:00,14.308881,success
CBSPAN-20260728-0d7fd2a8ebd15bb3b749b0f2,rating_lane_004,live,1,2026-07-29T02:19:38.655298+00:00,15.498339,success
CBSPAN-20260728-1539b9b6d20bfced17904813,rating_lane_004,live,1,2026-07-29T02:19:38.655299+00:00,15.607901,success
CBSPAN-20260728-cce4f10a0eb70d1c548b9573,rating_lane_004,live,1,2026-07-29T02:19:38.655301+00:00,15.619236,success
CBSPAN-20260728-a467903abe4f985207b7e4a4,rating_lane_004,live,1,2026-07-29T02:19:38.655302+00:00,16.071751,success
CBSPAN-20260728-a1331379ac5bb38b7af73ca5,rating_lane_004,live,1,2026-07-29T02:19:38.655304+00:00,16.231839,success
CBSPAN-20260728-78baf1144adfb015fa064bcd,rating_lane_004,live,1,2026-07-29T02:19:38.655305+00:00,16.584476,success
CBSPAN-20260728-0c4e1e82acabe5aa36576b3a,rating_lane_004,live,1,2026-07-29T02:19:38.655307+00:00,16.921506,success
CBSPAN-20260728-f39f1fac1618073d4f3dcd85,rating_lane_004,live,1,2026-07-29T02:19:38.655308+00:00,18.090283,success
CBSPAN-20260728-c0e449129756b79ad52742b3,rating_lane_004,live,1,2026-07-29T02:19:38.655310+00:00,19.344449,success
CBSPAN-20260728-597228702196750ec0b48d50,rating_lane_004,live,1,2026-07-29T02:19:38.655311+00:00,17.971969,success
CBSPAN-20260728-14f88a0f9981c200cf1395f0,rating_lane_004,live,1,2026-07-29T02:19:38.655313+00:00,18.750904,success
CBSPAN-20260728-61378d500abcba2578081f08,rating_lane_004,live,1,2026-07-29T02:19:38.655314+00:00,19.276550,success
CBSPAN-20260728-68d10c58f57db0c40d592c8a,rating_lane_004,live,1,2026-07-29T02:19:38.655316+00:00,19.525543,success
CBSPAN-20260728-88c19f494b877a2f102a41a8,rating_lane_004,live,1,2026-07-29T02:19:38.655317+00:00,19.199780,success
CBSPAN-20260728-7086607d9ba9238f4826a0b4,rating_lane_004,live,1,2026-07-29T02:19:38.655319+00:00,20.527718,success
CBSPAN-20260728-f8fe2ec285680aa4a17a1590,rating_lane_004,live,1,2026-07-29T02:19:38.655320+00:00,20.916456,success
CBSPAN-20260728-597228702196750ec0b48d50,rating_lane_004,live,2,2026-07-29T02:19:59.582184+00:00,4.838790,success
CBSPAN-20260728-b89105c4549770702b331097,rating_lane_004,live,1,2026-07-29T02:20:04.440331+00:00,2.470716,success
CBSPAN-20260728-2aaaaa54d3321be832d4113d,rating_lane_004,live,1,2026-07-29T02:20:04.440362+00:00,2.530739,success
CBSPAN-20260728-9be2e6f8865452023137efd9,rating_lane_004,live,1,2026-07-29T02:20:04.440371+00:00,3.349462,success
CBSPAN-20260728-443204f37cb10a12383f1c01,rating_lane_004,live,1,2026-07-29T02:20:04.441614+00:00,3.145120,success
CBSPAN-20260728-eed08aecc7540c6034cb3fad,rating_lane_004,live,1,2026-07-29T02:20:04.441623+00:00,2.640463,success
CBSPAN-20260728-80a5cba235e9067d86430475,rating_lane_004,live,1,2026-07-29T02:20:04.441635+00:00,4.144860,success
CBSPAN-20260728-38ab0395e1cd1a17ea0adc2b,rating_lane_004,live,1,2026-07-29T02:20:04.441643+00:00,2.371915,success
CBSPAN-20260728-2e5f93965180ca5627401280,rating_lane_004,live,1,2026-07-29T02:20:04.441650+00:00,2.368315,success
CBSPAN-20260728-79721ea5a8f7cb93ea9d58b4,rating_lane_004,live,1,2026-07-29T02:20:04.441656+00:00,4.794560,success
CBSPAN-20260728-5ae9bf040bf8ef64a8b28cd9,rating_lane_004,live,1,2026-07-29T02:20:04.441661+00:00,5.262426,success
CBSPAN-20260728-66b5b4122ef7856f66480c9f,rating_lane_004,live,1,2026-07-29T02:20:04.441663+00:00,5.778179,success
CBSPAN-20260728-c7c6708c339f1e4e3acdd55d,rating_lane_004,live,1,2026-07-29T02:20:04.441665+00:00,4.794442,success
CBSPAN-20260728-76b05e39ace38b562fc40e07,rating_lane_004,live,1,2026-07-29T02:20:04.441666+00:00,4.602523,success
CBSPAN-20260728-cfb0b2321645d5fa54f31d82,rating_lane_004,live,1,2026-07-29T02:20:04.441668+00:00,5.600134,success
CBSPAN-20260728-30d45d20823aef106c350968,rating_lane_004,live,1,2026-07-29T02:20:04.441670+00:00,5.896139,success
CBSPAN-20260728-d149925e39c90ec990ef21b4,rating_lane_004,live,1,2026-07-29T02:20:04.441672+00:00,7.165939,success
CBSPAN-20260728-ab4ddb82b8d5e249d09076a8,rating_lane_004,live,1,2026-07-29T02:20:04.441673+00:00,9.230114,success
CBSPAN-20260728-0968887a45ddfc2068fc7af3,rating_lane_004,live,1,2026-07-29T02:20:04.441675+00:00,8.351659,success
CBSPAN-20260728-d6be949e14647cc7d5614a14,rating_lane_004,live,1,2026-07-29T02:20:04.441676+00:00,7.398726,success
CBSPAN-20260728-b2d31eb395f5e24f73d86e03,rating_lane_004,live,1,2026-07-29T02:20:04.441678+00:00,7.577066,success
CBSPAN-20260728-7304a148d89a63d320b0049a,rating_lane_004,live,1,2026-07-29T02:20:04.441679+00:00,8.099470,success
CBSPAN-20260728-ad06142295f13a689acc324d,rating_lane_004,live,1,2026-07-29T02:20:04.441681+00:00,9.680695,success
CBSPAN-20260728-108618121c0aee64596ac55f,rating_lane_004,live,1,2026-07-29T02:20:04.441682+00:00,8.432732,success
CBSPAN-20260728-2b6976e1c8bca5a9a06b0e51,rating_lane_004,live,1,2026-07-29T02:20:04.441684+00:00,9.390874,success
CBSPAN-20260728-5e0170c3a26a11f7ffda9af9,rating_lane_004,live,1,2026-07-29T02:20:04.441685+00:00,9.392590,success
CBSPAN-20260728-c90cb83d7b054ce993f1daf9,rating_lane_004,live,1,2026-07-29T02:20:04.441687+00:00,10.465067,success
CBSPAN-20260728-a83109d60fd0c1df8535e82b,rating_lane_004,live,1,2026-07-29T02:20:04.441689+00:00,11.125808,success
CBSPAN-20260728-b514a7f17e592dd6b65c76f4,rating_lane_004,live,1,2026-07-29T02:20:04.441690+00:00,10.658736,success
CBSPAN-20260728-f13b64558e1a91473730d77a,rating_lane_004,live,1,2026-07-29T02:20:04.441692+00:00,10.659551,success
CBSPAN-20260728-f2f83e5e0ef4cee8c42ee365,rating_lane_004,live,1,2026-07-29T02:20:04.441693+00:00,11.647278,success
CBSPAN-20260728-ac190abdf92c5e7038b107e3,rating_lane_004,live,1,2026-07-29T02:20:04.441695+00:00,12.549436,success
CBSPAN-20260728-f3c447bf49a35d96118e17e9,rating_lane_004,live,1,2026-07-29T02:20:04.441697+00:00,12.540091,success
CBSPAN-20260728-3434857d7c7de077d7280b8f,rating_lane_004,live,1,2026-07-29T02:20:17.019783+00:00,2.738086,success
CBSPAN-20260728-25953c53031bc259d98948fe,rating_lane_004,live,1,2026-07-29T02:20:17.019839+00:00,3.028612,success
CBSPAN-20260728-5f80f84a4bf92bc2cc39592a,rating_lane_004,live,1,2026-07-29T02:20:17.019851+00:00,3.749180,success
CBSPAN-20260728-ba17bb7e5f836a270cb9f7fe,rating_lane_004,live,1,2026-07-29T02:20:17.019860+00:00,3.274777,success
CBSPAN-20260728-ef85aec17cad0994b39cd514,rating_lane_004,live,1,2026-07-29T02:20:17.019869+00:00,3.567508,success
CBSPAN-20260728-d02a7af3c96bd2eed695e15e,rating_lane_004,live,1,2026-07-29T02:20:17.019877+00:00,3.378608,success
CBSPAN-20260728-661c7d6efb43838146329782,rating_lane_004,live,1,2026-07-29T02:20:17.019884+00:00,2.825022,success
CBSPAN-20260728-a378e639bb8f41ab666b496f,rating_lane_004,live,1,2026-07-29T02:20:17.019972+00:00,3.138166,success
CBSPAN-20260728-503c281d5556be13843321e2,rating_lane_004,live,1,2026-07-29T02:20:17.019981+00:00,5.547906,success
CBSPAN-20260728-0485a83fc391c745e5f1a48f,rating_lane_004,live,1,2026-07-29T02:20:17.019985+00:00,5.357831,success
CBSPAN-20260728-585c770e5a913807db8c85ea,rating_lane_004,live,1,2026-07-29T02:20:17.019988+00:00,7.268663,success
CBSPAN-20260728-c718e84663a4e1b780c3b7a8,rating_lane_004,live,1,2026-07-29T02:20:17.019990+00:00,5.675874,success
CBSPAN-20260728-10d6f421a24e84672048ff99,rating_lane_004,live,1,2026-07-29T02:20:17.019991+00:00,5.735593,success
CBSPAN-20260728-ca21131e300616a5df45fc31,rating_lane_004,live,1,2026-07-29T02:20:17.019993+00:00,5.334932,success
CBSPAN-20260728-f652cf810252e3641418404d,rating_lane_004,live,1,2026-07-29T02:20:17.019995+00:00,6.276688,success
CBSPAN-20260728-00e05c0cfe9ceb15ef09a428,rating_lane_004,live,1,2026-07-29T02:20:17.019997+00:00,5.865219,success
CBSPAN-20260728-88686ae5a25c98cc6a0cbcdc,rating_lane_004,live,1,2026-07-29T02:20:17.019999+00:00,7.681711,success
CBSPAN-20260728-bc58edfca630618cc2675a1a,rating_lane_004,live,1,2026-07-29T02:20:17.020001+00:00,8.032920,success
CBSPAN-20260728-d16ece91cc07dccabb496146,rating_lane_004,live,1,2026-07-29T02:20:17.020002+00:00,7.681537,success
CBSPAN-20260728-6af8c844f8d1d0fabd11f381,rating_lane_004,live,1,2026-07-29T02:20:17.020004+00:00,9.049419,success
CBSPAN-20260728-48a60a4626b706f4a8c2fe3f,rating_lane_004,live,1,2026-07-29T02:20:17.020006+00:00,7.987557,success
CBSPAN-20260728-9c1342a8fa218acc789b3395,rating_lane_004,live,1,2026-07-29T02:20:17.020008+00:00,8.943336,success
CBSPAN-20260728-ceddfe61d179b8ac061edd7c,rating_lane_004,live,1,2026-07-29T02:20:17.020010+00:00,9.684094,success
CBSPAN-20260728-7d3067098beb8c7172e3ec77,rating_lane_004,live,1,2026-07-29T02:20:17.020012+00:00,9.773650,success
CBSPAN-20260728-0a695ebb414104ed394569ff,rating_lane_004,live,1,2026-07-29T02:20:17.020013+00:00,9.895152,success
CBSPAN-20260728-fb764a63188130f65cb4823e,rating_lane_004,live,1,2026-07-29T02:20:17.020015+00:00,10.369321,success
CBSPAN-20260728-87cd7b4c6232c7b7187fefce,rating_lane_004,live,1,2026-07-29T02:20:17.020017+00:00,10.565876,success
CBSPAN-20260728-557ce03b322e377deefdd70a,rating_lane_004,live,1,2026-07-29T02:20:17.020018+00:00,10.198787,success
CBSPAN-20260728-f727f91934040e9b6a28fd12,rating_lane_004,live,1,2026-07-29T02:20:17.020020+00:00,11.078384,success
CBSPAN-20260728-eed057fcfe6f551379f8d86b,rating_lane_004,live,1,2026-07-29T02:20:17.020022+00:00,11.900527,success
CBSPAN-20260728-36a6bb94c43e6fc1ce2155ff,rating_lane_004,live,1,2026-07-29T02:20:17.020024+00:00,11.905301,success
CBSPAN-20260728-aab1247c03a84c662905b2b9,rating_lane_004,live,1,2026-07-29T02:20:17.020025+00:00,11.876460,success
CBSPAN-20260728-f0059b130ca3c47ed952e119,rating_lane_004,live,1,2026-07-29T02:20:28.957447+00:00,3.626718,success
CBSPAN-20260728-d5c9a036602320f5595c1f8f,rating_lane_004,live,1,2026-07-29T02:20:28.957496+00:00,3.456571,success
CBSPAN-20260728-c0e9ad453ca82992ce6e7362,rating_lane_004,live,1,2026-07-29T02:20:28.957507+00:00,2.552996,success
CBSPAN-20260728-102837850e041a886657a11f,rating_lane_004,live,1,2026-07-29T02:20:28.957515+00:00,1.989194,success
CBSPAN-20260728-1d350f9f054a8a403055f8fe,rating_lane_004,live,1,2026-07-29T02:20:28.957523+00:00,2.769018,success
CBSPAN-20260728-7607898fb452391b1b351ea0,rating_lane_004,live,1,2026-07-29T02:20:28.957531+00:00,2.766437,success
CBSPAN-20260728-03e1896a3d270274bfac766e,rating_lane_004,live,1,2026-07-29T02:20:28.957539+00:00,3.474407,success
CBSPAN-20260728-68d6d86f95946e94d6d8e68a,rating_lane_004,live,1,2026-07-29T02:20:28.957612+00:00,2.401324,success
CBSPAN-20260728-e56ce32246db19416d8ccc0c,rating_lane_004,live,1,2026-07-29T02:20:28.957620+00:00,5.520866,success
CBSPAN-20260728-212cacb564dd749adf7aa93f,rating_lane_004,live,1,2026-07-29T02:20:28.957625+00:00,5.563428,success
CBSPAN-20260728-eacb23bd2dfa090876d080ab,rating_lane_004,live,1,2026-07-29T02:20:28.957627+00:00,5.532246,success
CBSPAN-20260728-1f2494f9928a1379909c53f1,rating_lane_004,live,1,2026-07-29T02:20:28.957629+00:00,5.840936,success
CBSPAN-20260728-6649a9e8ec5e75468322774d,rating_lane_004,live,1,2026-07-29T02:20:28.957631+00:00,5.550283,success
CBSPAN-20260728-5999cbefdc1b38926c0f20f5,rating_lane_004,live,1,2026-07-29T02:20:28.957633+00:00,5.955168,success
CBSPAN-20260728-4d19717cb213cf8d23994c9b,rating_lane_004,live,1,2026-07-29T02:20:28.957635+00:00,6.075365,success
CBSPAN-20260728-dadc106e852ecc81c92372c6,rating_lane_004,live,1,2026-07-29T02:20:28.957637+00:00,7.142243,success
CBSPAN-20260728-b57b2d115f84b45dffef1632,rating_lane_004,live,1,2026-07-29T02:20:28.957638+00:00,8.363367,success
CBSPAN-20260728-c1b27bddf1c05b04f68ab06d,rating_lane_004,live,1,2026-07-29T02:20:28.957640+00:00,8.004365,success
CBSPAN-20260728-e4f6a4018ce0f9fda670bf02,rating_lane_004,live,1,2026-07-29T02:20:28.957642+00:00,8.132588,success
CBSPAN-20260728-c526e3477fdd985037ef63ad,rating_lane_004,live,1,2026-07-29T02:20:28.957643+00:00,8.089466,success
CBSPAN-20260728-60cbf7da2459408b11d734c1,rating_lane_004,live,1,2026-07-29T02:20:28.957645+00:00,8.001435,success
CBSPAN-20260728-b710dd1c1ae4fb83ec7d7bce,rating_lane_004,live,1,2026-07-29T02:20:28.957647+00:00,9.243662,success
CBSPAN-20260728-719a130d35b40c0b4d55669a,rating_lane_004,live,1,2026-07-29T02:20:28.957649+00:00,8.339171,success
CBSPAN-20260728-0f772957da69426dc7c954ec,rating_lane_004,live,1,2026-07-29T02:20:28.957651+00:00,19.170574,success
CBSPAN-20260728-2c587cfcffc1e2b539922308,rating_lane_004,live,1,2026-07-29T02:20:28.957653+00:00,10.477177,success
CBSPAN-20260728-eddc38500b488d253421be05,rating_lane_004,live,1,2026-07-29T02:20:28.957654+00:00,10.491709,success
CBSPAN-20260728-fd4c5a1b61f123bc0f9cdf21,rating_lane_004,live,1,2026-07-29T02:20:28.957656+00:00,15.903176,success
CBSPAN-20260728-a93c72532cc2b3a2c25c0063,rating_lane_004,live,1,2026-07-29T02:20:28.957658+00:00,15.901834,success
CBSPAN-20260728-d35421ce857a323e84a783d6,rating_lane_004,live,1,2026-07-29T02:20:28.957660+00:00,16.046462,success
CBSPAN-20260728-6db908f62e84e3abbd75e516,rating_lane_004,live,1,2026-07-29T02:20:28.957661+00:00,19.356523,success
CBSPAN-20260728-eee64099f16fcd5e7024d9ea,rating_lane_004,live,1,2026-07-29T02:20:28.957663+00:00,18.489812,success
CBSPAN-20260728-c8ad88b11f8b9c641b3e78c2,rating_lane_004,live,1,2026-07-29T02:20:28.957665+00:00,18.078923,success
CBSPAN-20260728-aff8926a92a9dd9a758a53c1,rating_lane_004,live,1,2026-07-29T02:20:48.347444+00:00,2.573441,success
CBSPAN-20260728-19667d66f3e59f8b3b0f0d89,rating_lane_004,live,1,2026-07-29T02:20:48.347525+00:00,2.482838,success
CBSPAN-20260728-46617d49930870a61656d712,rating_lane_004,live,1,2026-07-29T02:20:48.347536+00:00,1.932133,success
CBSPAN-20260728-d2e245a925074ed5d83aea3a,rating_lane_004,live,1,2026-07-29T02:20:48.347550+00:00,2.436474,success
CBSPAN-20260728-7d5152473d31715a2fabb944,rating_lane_004,live,1,2026-07-29T02:20:48.347559+00:00,2.856422,success
CBSPAN-20260728-fbd6f255b8419d023da306bb,rating_lane_004,live,1,2026-07-29T02:20:48.347567+00:00,5.035062,success
CBSPAN-20260728-1ac3b656f36eb0849c54684a,rating_lane_004,live,1,2026-07-29T02:20:48.347575+00:00,2.451703,success
CBSPAN-20260728-97b743c1b751cc8f06e8436f,rating_lane_004,live,1,2026-07-29T02:20:48.347648+00:00,2.989375,success
CBSPAN-20260728-087e897f98126b8d6dceb032,rating_lane_004,live,1,2026-07-29T02:20:48.347655+00:00,3.978230,success
CBSPAN-20260728-6bde21e70bc496bf42685aab,rating_lane_004,live,1,2026-07-29T02:20:48.347659+00:00,4.438471,success
CBSPAN-20260728-15eb2a14ad214255bfc4c9e6,rating_lane_004,live,1,2026-07-29T02:20:48.347661+00:00,4.775046,success
CBSPAN-20260728-da58a2aa0fab15f50f38bafc,rating_lane_004,live,1,2026-07-29T02:20:48.347663+00:00,5.410717,success
CBSPAN-20260728-114eca4e431544449dc5cd04,rating_lane_004,live,1,2026-07-29T02:20:48.347665+00:00,5.271903,success
CBSPAN-20260728-c81362f6a7ada61b6b8e31e7,rating_lane_004,live,1,2026-07-29T02:20:48.347667+00:00,5.479070,success
CBSPAN-20260728-fefdea5c94ecb9e54c3b4433,rating_lane_004,live,1,2026-07-29T02:20:48.347668+00:00,5.704885,success
CBSPAN-20260728-a0aa12eee6156339beb86048,rating_lane_004,live,1,2026-07-29T02:20:48.347670+00:00,9.335038,success
CBSPAN-20260728-094dfd7dd92744f6102ba53d,rating_lane_004,live,1,2026-07-29T02:20:48.347672+00:00,8.473197,success
CBSPAN-20260728-25e296f5f8c6cd81469bc1bf,rating_lane_004,live,1,2026-07-29T02:20:48.347673+00:00,7.084765,success
CBSPAN-20260728-814bfc21fcf5c7c31e2eba67,rating_lane_004,live,1,2026-07-29T02:20:48.347675+00:00,7.697611,success
CBSPAN-20260728-27344e9deef1e5d90a19875b,rating_lane_004,live,1,2026-07-29T02:20:48.347677+00:00,7.767144,success
CBSPAN-20260728-49ee29b0d62046dca222aad6,rating_lane_004,live,1,2026-07-29T02:20:48.347678+00:00,7.637128,success
CBSPAN-20260728-1f11af22e9c7a53a70e651c8,rating_lane_004,live,1,2026-07-29T02:20:48.347680+00:00,8.971276,success
CBSPAN-20260728-624bcda6115ac08e12a954ff,rating_lane_004,live,1,2026-07-29T02:20:48.347682+00:00,7.872561,success
CBSPAN-20260728-cade4064049dd986a12bb6ec,rating_lane_004,live,1,2026-07-29T02:20:48.347683+00:00,9.473845,success
CBSPAN-20260728-3eaa66247fc3dec1177afa79,rating_lane_004,live,1,2026-07-29T02:20:48.347685+00:00,10.226583,success
CBSPAN-20260728-e3af00408e6c463aa9e368da,rating_lane_004,live,1,2026-07-29T02:20:48.347687+00:00,10.707540,success
CBSPAN-20260728-f73a713d106f00a51ad7150f,rating_lane_004,live,1,2026-07-29T02:20:48.347688+00:00,10.609504,success
CBSPAN-20260728-a1cdf35e3490c81e5b182186,rating_lane_004,live,1,2026-07-29T02:20:48.347690+00:00,9.839695,success
CBSPAN-20260728-5f048e9a8979d9559d6a2db3,rating_lane_004,live,1,2026-07-29T02:20:48.347692+00:00,10.677526,success
CBSPAN-20260728-3ab8e033b5c0848aab338eff,rating_lane_004,live,1,2026-07-29T02:20:48.347693+00:00,11.765831,success
CBSPAN-20260728-02c08506c1507050a3381d2c,rating_lane_004,live,1,2026-07-29T02:20:48.347695+00:00,13.475720,success
CBSPAN-20260728-cb259cfd2d89ec37e61c4fff,rating_lane_004,live,1,2026-07-29T02:20:48.347697+00:00,15.240459,success
CBSPAN-20260728-47be83213150002a94b85de1,rating_lane_004,live,1,2026-07-29T02:21:03.622512+00:00,2.585921,success
CBSPAN-20260728-16d0406a4451043bcc7a1e15,rating_lane_004,live,1,2026-07-29T02:21:03.622562+00:00,2.411186,success
CBSPAN-20260728-9724204373a2159bc2ede989,rating_lane_004,live,1,2026-07-29T02:21:03.622573+00:00,2.327870,success
CBSPAN-20260728-064315a911c9ef2ace734878,rating_lane_004,live,1,2026-07-29T02:21:03.622582+00:00,2.128188,success
CBSPAN-20260728-f3ed0486dc2c99392af1489b,rating_lane_004,live,1,2026-07-29T02:21:03.622590+00:00,2.411266,success
CBSPAN-20260728-5d24f1db5609f5073ade18e5,rating_lane_004,live,1,2026-07-29T02:21:03.622598+00:00,2.411176,success
CBSPAN-20260728-022fceb56e2f533bc06a2ada,rating_lane_004,live,1,2026-07-29T02:21:03.622605+00:00,2.067982,success
CBSPAN-20260728-3542ed8c54a110e386c3a95c,rating_lane_004,live,1,2026-07-29T02:21:03.622678+00:00,3.143881,success
CBSPAN-20260728-214e805e741a0df7a09c0e27,rating_lane_004,live,1,2026-07-29T02:21:03.622687+00:00,4.231879,success
CBSPAN-20260728-92c136a80be5963cbc5ebb82,rating_lane_004,live,1,2026-07-29T02:21:03.622691+00:00,4.353026,success
CBSPAN-20260728-752c4459558f9eb87bdfcdae,rating_lane_004,live,1,2026-07-29T02:21:03.622693+00:00,4.684282,success
CBSPAN-20260728-ef8f84abdfc2d7d3a4c1ea7f,rating_lane_004,live,1,2026-07-29T02:21:03.622695+00:00,4.686054,success
CBSPAN-20260728-b4ab13cd79860a9ab335add6,rating_lane_004,live,1,2026-07-29T02:21:03.622697+00:00,4.563792,success
CBSPAN-20260728-4567124677109955f76e264a,rating_lane_004,live,1,2026-07-29T02:21:03.622699+00:00,6.092693,success
CBSPAN-20260728-61432a900b013809dbda59af,rating_lane_004,live,1,2026-07-29T02:21:03.622701+00:00,5.042728,success
CBSPAN-20260728-2e2fbf4e6c80c21a31729def,rating_lane_004,live,1,2026-07-29T02:21:03.622703+00:00,5.029273,success
CBSPAN-20260728-d6dd9fa08f8b926f2143c92b,rating_lane_004,live,1,2026-07-29T02:21:03.622704+00:00,25.660520,success
CBSPAN-20260728-beb42e7c75cfc99b637694d2,rating_lane_004,live,1,2026-07-29T02:21:03.622706+00:00,6.450568,success
CBSPAN-20260728-07fa6643bbc8488e42722518,rating_lane_004,live,1,2026-07-29T02:21:03.622708+00:00,6.976308,success
CBSPAN-20260728-5de4751d9c938c2e162fce05,rating_lane_004,live,1,2026-07-29T02:21:03.622710+00:00,6.781675,success
CBSPAN-20260728-15dc848ef13bfc629e735da7,rating_lane_004,live,1,2026-07-29T02:21:03.622712+00:00,6.781558,success
CBSPAN-20260728-9b10ba85ac0dacad1ca952e7,rating_lane_004,live,1,2026-07-29T02:21:03.622714+00:00,7.306450,success
CBSPAN-20260728-1250a83cdff3a6ae5004b298,rating_lane_004,live,1,2026-07-29T02:21:03.622715+00:00,7.500810,success
CBSPAN-20260728-8e4a9703f77ecc6e1554e492,rating_lane_004,live,1,2026-07-29T02:21:03.622717+00:00,10.241337,success
CBSPAN-20260728-1ce633480f84017e400cfa0a,rating_lane_004,live,1,2026-07-29T02:21:03.622719+00:00,9.448819,success
CBSPAN-20260728-25a6e42a05223fa494bc2da9,rating_lane_004,live,1,2026-07-29T02:21:03.622721+00:00,10.648044,success
CBSPAN-20260728-48a827e64758b0ed9d9a06cf,rating_lane_004,live,1,2026-07-29T02:21:03.622722+00:00,9.070152,success
CBSPAN-20260728-654ece064f622074647e6ff9,rating_lane_004,live,1,2026-07-29T02:21:03.622724+00:00,9.595437,success
CBSPAN-20260728-8a0a060401fbea144615490f,rating_lane_004,live,1,2026-07-29T02:21:03.622726+00:00,10.647997,success
CBSPAN-20260728-96424b6801010f933f5d78b9,rating_lane_004,live,1,2026-07-29T02:21:03.622728+00:00,9.670072,success
CBSPAN-20260728-8bad37764f748a3b9a52faf5,rating_lane_004,live,1,2026-07-29T02:21:03.622729+00:00,11.176247,success
CBSPAN-20260728-b61e78694b84249cf626a3b1,rating_lane_004,live,1,2026-07-29T02:21:03.622731+00:00,11.794436,success
CBSPAN-20260728-b581cfc7064a1e49c67034d4,rating_lane_004,live,1,2026-07-29T02:21:29.336733+00:00,2.183529,success
CBSPAN-20260728-1d706acaccce32e023991aba,rating_lane_004,live,1,2026-07-29T02:21:29.336821+00:00,2.700450,success
CBSPAN-20260728-07d0e6936f2b6dbc13a08e05,rating_lane_004,live,1,2026-07-29T02:21:29.336834+00:00,2.612229,success
CBSPAN-20260728-6f9ca8ea8a20557dece8cfb3,rating_lane_004,live,1,2026-07-29T02:21:29.336844+00:00,3.484112,success
CBSPAN-20260728-c9a090c1be62c5d36f111b31,rating_lane_004,live,1,2026-07-29T02:21:29.336852+00:00,2.091876,success
CBSPAN-20260728-df26cd43312add93838ae80f,rating_lane_004,live,1,2026-07-29T02:21:29.336861+00:00,2.565565,success
CBSPAN-20260728-613e48975f9416e8b41676a6,rating_lane_004,live,1,2026-07-29T02:21:29.336868+00:00,2.671689,success
CBSPAN-20260728-d3f96bf378ad2e1a5d9e61df,rating_lane_004,live,1,2026-07-29T02:21:29.336956+00:00,2.565407,success
CBSPAN-20260728-12e5c8b2c5974100fb980d10,rating_lane_004,live,1,2026-07-29T02:21:29.336965+00:00,4.700696,success
CBSPAN-20260728-4bfbc7ee00cf3daa3f1ab26b,rating_lane_004,live,1,2026-07-29T02:21:29.336969+00:00,4.185121,success
CBSPAN-20260728-4ee31f3bc99cc6314c5190dd,rating_lane_004,live,1,2026-07-29T02:21:29.336972+00:00,5.244231,success
CBSPAN-20260728-8a3c4a8e5dcc638a48e5d4fa,rating_lane_004,live,1,2026-07-29T02:21:29.336974+00:00,4.703527,success
CBSPAN-20260728-52c1feb21b4de2a7b2431af0,rating_lane_004,live,1,2026-07-29T02:21:29.336975+00:00,4.786688,success
CBSPAN-20260728-de332a0c7a5833e6ff3fa241,rating_lane_004,live,1,2026-07-29T02:21:29.336977+00:00,5.948871,success
CBSPAN-20260728-9f49cf6b43b3b0bd4dff4a4c,rating_lane_004,live,1,2026-07-29T02:21:29.336979+00:00,5.726288,success
CBSPAN-20260728-54e7df4f62f9afc062cdede3,rating_lane_004,live,1,2026-07-29T02:21:29.336981+00:00,5.899376,success
CBSPAN-20260728-b6bbc2bb2b2011b6b28416a6,rating_lane_004,live,1,2026-07-29T02:21:29.336983+00:00,6.403225,success
CBSPAN-20260728-194ba9bd281f506600d557ab,rating_lane_004,live,1,2026-07-29T02:21:29.336985+00:00,7.290341,success
CBSPAN-20260728-2ca0b6eb4d96888903acf41d,rating_lane_004,live,1,2026-07-29T02:21:29.336987+00:00,8.536110,success
CBSPAN-20260728-14c849450c62e43c69b701be,rating_lane_004,live,1,2026-07-29T02:21:29.336989+00:00,7.810203,success
CBSPAN-20260728-16e2223ce1e3da1fe8904f43,rating_lane_004,live,1,2026-07-29T02:21:29.336991+00:00,7.810089,success
CBSPAN-20260728-e204eb1561c7dda20ca01280,rating_lane_004,live,1,2026-07-29T02:21:29.336992+00:00,9.650300,success
CBSPAN-20260728-a87982acfbf239fb7e81b41c,rating_lane_004,live,1,2026-07-29T02:21:29.336994+00:00,8.386796,success
CBSPAN-20260728-9b22ad8e876f7a828caf113c,rating_lane_004,live,1,2026-07-29T02:21:29.336996+00:00,8.331695,success
CBSPAN-20260728-e7a9110ceabb72f7fc57171a,rating_lane_004,live,1,2026-07-29T02:21:29.336998+00:00,8.855075,success
CBSPAN-20260728-b01be41b91fa58f2b2db8c8b,rating_lane_004,live,1,2026-07-29T02:21:29.336999+00:00,12.044620,success
CBSPAN-20260728-b6b18df292a952d67760e74a,rating_lane_004,live,1,2026-07-29T02:21:29.337001+00:00,10.482538,success
CBSPAN-20260728-e1ae59aa66bf7da7ec670c36,rating_lane_004,live,1,2026-07-29T02:21:29.337002+00:00,10.728917,success
CBSPAN-20260728-722dfdbb16616d8a8da64f24,rating_lane_004,live,1,2026-07-29T02:21:29.337004+00:00,10.956475,success
CBSPAN-20260728-9fcb59b2f834162a9cb9e270,rating_lane_004,live,1,2026-07-29T02:21:29.337006+00:00,10.956495,success
CBSPAN-20260728-2ca546a9b97c066332efe800,rating_lane_004,live,1,2026-07-29T02:21:29.337007+00:00,11.030013,success
CBSPAN-20260728-8cf3600718aa500c43f68cfc,rating_lane_004,live,1,2026-07-29T02:21:29.337009+00:00,10.956412,success
CBSPAN-20260728-b581cfc7064a1e49c67034d4,rating_lane_004,live,2,2026-07-29T02:21:41.393220+00:00,2.843969,success
CBSPAN-20260728-2412ca396e93d55b1732e271,rating_lane_004,live,1,2026-07-29T02:21:44.260326+00:00,2.561457,success
CBSPAN-20260728-383e62158fe98475f04eb6e5,rating_lane_004,live,1,2026-07-29T02:21:44.260360+00:00,3.766177,success
CBSPAN-20260728-4bfbebd218d1783730fd5b2a,rating_lane_004,live,1,2026-07-29T02:21:44.260370+00:00,2.684467,success
CBSPAN-20260728-676932fb76ba41e6b088c41a,rating_lane_004,live,1,2026-07-29T02:21:44.260434+00:00,2.323257,success
CBSPAN-20260728-fbca8f29f24bbde871eb2ef8,rating_lane_004,live,1,2026-07-29T02:21:44.260441+00:00,2.699430,success
CBSPAN-20260728-208ed490d7bcde44fa502f0a,rating_lane_004,live,1,2026-07-29T02:21:44.260448+00:00,3.187183,success
CBSPAN-20260728-c0e7bcda37f742251b6f5b58,rating_lane_004,live,1,2026-07-29T02:21:44.260454+00:00,2.323341,success
CBSPAN-20260728-39dca41614f3738e9152ebe3,rating_lane_004,live,1,2026-07-29T02:21:44.260461+00:00,3.092422,success
CBSPAN-20260728-570723ca511673b28b865bdb,rating_lane_004,live,1,2026-07-29T02:21:44.260467+00:00,5.661729,success
CBSPAN-20260728-25a71a27cb465c4ef2eac2b0,rating_lane_004,live,1,2026-07-29T02:21:44.260471+00:00,4.613065,success
CBSPAN-20260728-c4f1f37874817c8bb220f609,rating_lane_004,live,1,2026-07-29T02:21:44.260473+00:00,4.612986,success
CBSPAN-20260728-e1228e32d654c508243c3718,rating_lane_004,live,1,2026-07-29T02:21:44.260474+00:00,5.136059,success
CBSPAN-20260728-c71836f48e7ceb50c1f4c990,rating_lane_004,live,1,2026-07-29T02:21:44.260476+00:00,5.662940,success
CBSPAN-20260728-5fdd3b4c994b44ac7b410e57,rating_lane_004,live,1,2026-07-29T02:21:44.260478+00:00,6.785336,success
CBSPAN-20260728-f581c1ccae7544cf2e381e36,rating_lane_004,live,1,2026-07-29T02:21:44.260479+00:00,5.662268,success
CBSPAN-20260728-6763903c98261f903a0c2bc4,rating_lane_004,live,1,2026-07-29T02:21:44.260481+00:00,6.256344,success
CBSPAN-20260728-e179eedd02dddd8d78965ef8,rating_lane_004,live,1,2026-07-29T02:21:44.260482+00:00,7.758549,success
CBSPAN-20260728-d7f756715f69cb8f2e844920,rating_lane_004,live,1,2026-07-29T02:21:44.260483+00:00,6.551426,success
CBSPAN-20260728-f79a36363a50b03baeb8b1cc,rating_lane_004,live,1,2026-07-29T02:21:44.260485+00:00,8.740022,success
CBSPAN-20260728-795a7d36d98ebfb5cbf67d6d,rating_lane_004,live,1,2026-07-29T02:21:44.260486+00:00,8.927407,success
CBSPAN-20260728-98f567cc0a8697eecd83997b,rating_lane_004,live,1,2026-07-29T02:21:44.260488+00:00,9.134853,success
CBSPAN-20260728-281b9fa97e2d75a2fc5f1299,rating_lane_004,live,1,2026-07-29T02:21:44.260489+00:00,8.357179,success
CBSPAN-20260728-de194e0658276e1103b999e2,rating_lane_004,live,1,2026-07-29T02:21:44.260491+00:00,8.614539,success
CBSPAN-20260728-39e91312a19b1c70f4f61ba6,rating_lane_004,live,1,2026-07-29T02:21:44.260492+00:00,9.658761,success
CBSPAN-20260728-4d1398d0f11dc70cbbd9bd95,rating_lane_004,live,1,2026-07-29T02:21:44.260494+00:00,9.980035,success
CBSPAN-20260728-8b601df5f472f9039b81dd67,rating_lane_004,live,1,2026-07-29T02:21:44.260495+00:00,9.658836,success
CBSPAN-20260728-579cf28ca4edacdbf20e2a16,rating_lane_004,live,1,2026-07-29T02:21:44.260497+00:00,10.906190,success
CBSPAN-20260728-895c34a68e98b4c6565d09c9,rating_lane_004,live,1,2026-07-29T02:21:44.260498+00:00,10.906268,success
CBSPAN-20260728-f0cb71d13bd52dee76faf68f,rating_lane_004,live,1,2026-07-29T02:21:44.260500+00:00,11.237424,success
CBSPAN-20260728-19e38bb2ee8ce6ea52282004,rating_lane_004,live,1,2026-07-29T02:21:44.260501+00:00,11.469759,success
CBSPAN-20260728-fbe4fd952a52582fa66d87e1,rating_lane_004,live,1,2026-07-29T02:21:44.260503+00:00,11.477881,success
CBSPAN-20260728-bd4be8abd46bdf418d4f2254,rating_lane_004,live,1,2026-07-29T02:21:44.260504+00:00,12.188202,success
CBSPAN-20260728-55c684741c914053508add4e,rating_lane_004,live,1,2026-07-29T02:21:56.483886+00:00,5.303261,success
CBSPAN-20260728-66ac470ae8fb488642c9c85a,rating_lane_004,live,1,2026-07-29T02:21:56.483935+00:00,2.574347,success
CBSPAN-20260728-524152eeb64cb57746e83327,rating_lane_004,live,1,2026-07-29T02:21:56.483947+00:00,2.554413,success
CBSPAN-20260728-ba5c1a078cba05391b6a5c9c,rating_lane_004,live,1,2026-07-29T02:21:56.483957+00:00,3.399349,success
CBSPAN-20260728-19204ff0b3fdddc2cda58204,rating_lane_004,live,1,2026-07-29T02:21:56.483966+00:00,2.554376,success
CBSPAN-20260728-6d6b30f2a4921d24f0eb1025,rating_lane_004,live,1,2026-07-29T02:21:56.483974+00:00,2.946823,success
CBSPAN-20260728-abd50419303e61a523b72cd5,rating_lane_004,live,1,2026-07-29T02:21:56.483982+00:00,2.249785,success
CBSPAN-20260728-791ad5b5cb14ef069c2f4c83,rating_lane_004,live,1,2026-07-29T02:21:56.484066+00:00,2.889248,success
CBSPAN-20260728-e5887c58efdbab582fd061ea,rating_lane_004,live,1,2026-07-29T02:21:56.484075+00:00,5.453834,success
CBSPAN-20260728-cb8151bfc8f4af17cdf5b8e2,rating_lane_004,live,1,2026-07-29T02:21:56.484080+00:00,5.470818,success
CBSPAN-20260728-3b4e4dfcad1dbdd3bb036f0b,rating_lane_004,live,1,2026-07-29T02:21:56.484082+00:00,11.068092,success
CBSPAN-20260728-6bb15a7aec94ce807c765075,rating_lane_004,live,1,2026-07-29T02:21:56.484084+00:00,5.543346,success
CBSPAN-20260728-fb81820e77e7f47340adb98d,rating_lane_004,live,1,2026-07-29T02:21:56.484086+00:00,5.881241,success
CBSPAN-20260728-3b5c97c25fbc520de8be52f3,rating_lane_004,live,1,2026-07-29T02:21:56.484088+00:00,6.141720,success
CBSPAN-20260728-dcd36beb0bb82db7cb0bd08f,rating_lane_004,live,1,2026-07-29T02:21:56.484090+00:00,6.039038,success
CBSPAN-20260728-93d5429949991a09ff822fb9,rating_lane_004,live,1,2026-07-29T02:21:56.484092+00:00,7.612575,success
CBSPAN-20260728-7ce9f683515df56b2eb1b81e,rating_lane_004,live,1,2026-07-29T02:21:56.484094+00:00,7.398766,success
CBSPAN-20260728-f73eaff1a45430264aed1215,rating_lane_004,live,1,2026-07-29T02:21:56.484096+00:00,7.690366,success
CBSPAN-20260728-d48f743479a46abea96d9cc9,rating_lane_004,live,1,2026-07-29T02:21:56.484098+00:00,8.641755,success
CBSPAN-20260728-5fc50ab17e72036f2f59ffc1,rating_lane_004,live,1,2026-07-29T02:21:56.484100+00:00,7.696131,success
CBSPAN-20260728-5e0a7b53e9783a9704afd1f8,rating_lane_004,live,1,2026-07-29T02:21:56.484102+00:00,9.096245,success
CBSPAN-20260728-80f79c2b8f9836d11c98ccb6,rating_lane_004,live,1,2026-07-29T02:21:56.484104+00:00,8.648481,success
CBSPAN-20260728-f7be34b2bc427405473667b4,rating_lane_004,live,1,2026-07-29T02:21:56.484105+00:00,10.563629,success
CBSPAN-20260728-1c2ea60d69f3d2dafb3b5252,rating_lane_004,live,1,2026-07-29T02:21:56.484107+00:00,9.767580,success
CBSPAN-20260728-6dc4e66063d6a63f49ede2d1,rating_lane_004,live,1,2026-07-29T02:21:56.484109+00:00,13.165561,success
CBSPAN-20260728-7f822b9c882f5d7d9058c1b5,rating_lane_004,live,1,2026-07-29T02:21:56.484111+00:00,10.761927,success
CBSPAN-20260728-3a910c05d43878c965b711ed,rating_lane_004,live,1,2026-07-29T02:21:56.484113+00:00,10.887468,success
CBSPAN-20260728-8697c60e237452422506506c,rating_lane_004,live,1,2026-07-29T02:21:56.484115+00:00,17.101188,success
CBSPAN-20260728-364d51ae56f847cf0f2c3559,rating_lane_004,live,1,2026-07-29T02:21:56.484116+00:00,11.090337,success
CBSPAN-20260728-e08a52bea19404d8e35bff23,rating_lane_004,live,1,2026-07-29T02:21:56.484118+00:00,12.640996,success
CBSPAN-20260728-3eabd8bc4c96bbecf34b4af1,rating_lane_004,live,1,2026-07-29T02:21:56.484120+00:00,12.791428,success
CBSPAN-20260728-22948e2e0d77c82c4a59f787,rating_lane_004,live,1,2026-07-29T02:21:56.484122+00:00,13.390128,success
CBSPAN-20260728-7ef030a06984934c55151835,rating_lane_004,live,1,2026-07-29T02:22:13.620001+00:00,2.457875,success
CBSPAN-20260728-08a41c85a70b778d0c94b571,rating_lane_004,live,1,2026-07-29T02:22:13.620067+00:00,2.520209,success
CBSPAN-20260728-36523d7ae835cd48b7c0ea58,rating_lane_004,live,1,2026-07-29T02:22:13.620079+00:00,3.036584,success
CBSPAN-20260728-7b061508ad444479c209a9bb,rating_lane_004,live,1,2026-07-29T02:22:13.620088+00:00,3.374033,success
CBSPAN-20260728-d6254a39885df32ac2fd5033,rating_lane_004,live,1,2026-07-29T02:22:13.620095+00:00,3.374074,success
CBSPAN-20260728-a730aea2a6d4ba94513aebd3,rating_lane_004,live,1,2026-07-29T02:22:13.620103+00:00,2.405263,success
CBSPAN-20260728-f4875997805e9d9d098f1df7,rating_lane_004,live,1,2026-07-29T02:22:13.620111+00:00,2.593357,success
CBSPAN-20260728-73e922dcfc5f8df7e10da859,rating_lane_004,live,1,2026-07-29T02:22:13.620180+00:00,2.478479,success
CBSPAN-20260728-b0011c6f2def0e724db977d1,rating_lane_004,live,1,2026-07-29T02:22:13.620187+00:00,7.418122,success
CBSPAN-20260728-ceb9544e6b9bae1eec4b75a8,rating_lane_004,live,1,2026-07-29T02:22:13.620191+00:00,5.464090,success
CBSPAN-20260728-495d1cdc0d174597d16be0b4,rating_lane_004,live,1,2026-07-29T02:22:13.620193+00:00,4.945147,success
CBSPAN-20260728-6dcbbfd80436f66f5bd543f9,rating_lane_004,live,1,2026-07-29T02:22:13.620195+00:00,4.945039,success
CBSPAN-20260728-6febb82962331cdc327e84ce,rating_lane_004,live,1,2026-07-29T02:22:13.620197+00:00,5.155226,success
CBSPAN-20260728-07460397fc9e1576fd57be17,rating_lane_004,live,1,2026-07-29T02:22:13.620198+00:00,5.849977,success
CBSPAN-20260728-e36c13d0e54c81adda6dcaa6,rating_lane_004,live,1,2026-07-29T02:22:13.620200+00:00,6.794447,success
CBSPAN-20260728-c6330617f82a15caa36648e3,rating_lane_004,live,1,2026-07-29T02:22:13.620202+00:00,6.005947,success
CBSPAN-20260728-06b412d71ea4a35dfd6633bc,rating_lane_004,live,1,2026-07-29T02:22:13.620203+00:00,7.621447,success
CBSPAN-20260728-8a7c599a682d5b9c545c63fd,rating_lane_004,live,1,2026-07-29T02:22:13.620205+00:00,7.740401,success
CBSPAN-20260728-5d76dbdb3fe0af3ab0b14e17,rating_lane_004,live,1,2026-07-29T02:22:13.620207+00:00,8.091560,success
CBSPAN-20260728-3bf80b99cd4fc50e9416a7bf,rating_lane_004,live,1,2026-07-29T02:22:13.620208+00:00,8.616988,success
CBSPAN-20260728-996e47f4ce24020788962238,rating_lane_004,live,1,2026-07-29T02:22:13.620210+00:00,8.314683,success
CBSPAN-20260728-4a198d99624d274ffd00fafe,rating_lane_004,live,1,2026-07-29T02:22:13.620212+00:00,8.616859,success
CBSPAN-20260728-42fc90a753e0a80ef21c62ef,rating_lane_004,live,1,2026-07-29T02:22:13.620213+00:00,9.136380,success
CBSPAN-20260728-44830c48b048e5397f2c4bc1,rating_lane_004,live,1,2026-07-29T02:22:13.620215+00:00,9.451912,success
CBSPAN-20260728-18117b0e6e884cfeaa963a80,rating_lane_004,live,1,2026-07-29T02:22:13.620216+00:00,9.939290,success
CBSPAN-20260728-596d59b0c550a38261c6f456,rating_lane_004,live,1,2026-07-29T02:22:13.620218+00:00,11.218490,success
CBSPAN-20260728-13f934d7e232b485aeb4135b,rating_lane_004,live,1,2026-07-29T02:22:13.620220+00:00,11.002020,success
CBSPAN-20260728-77fc7c047237eaa854ff450e,rating_lane_004,live,1,2026-07-29T02:22:13.620221+00:00,10.167568,success
CBSPAN-20260728-5e45b86e2bf041a747086f31,rating_lane_004,live,1,2026-07-29T02:22:13.620223+00:00,11.474866,success
CBSPAN-20260728-ee009d3d59ccb31035289eaa,rating_lane_004,live,1,2026-07-29T02:22:13.620225+00:00,11.206860,success
CBSPAN-20260728-cd55fdb3dc31f22b0e31a67d,rating_lane_004,live,1,2026-07-29T02:22:13.620226+00:00,12.272020,success
CBSPAN-20260728-7d9e7df05079ec3ad37460ef,rating_lane_004,live,1,2026-07-29T02:22:13.620228+00:00,12.231424,success
CBSPAN-20260728-9d1a85b45a71fedbf48d7e7d,rating_lane_004,live,1,2026-07-29T02:22:25.922166+00:00,2.893433,success
CBSPAN-20260728-4597b8989030261b8d4f7499,rating_lane_004,live,1,2026-07-29T02:22:25.922207+00:00,3.646405,success
CBSPAN-20260728-dd957a22a06384921788e384,rating_lane_004,live,1,2026-07-29T02:22:25.922216+00:00,2.861989,success
CBSPAN-20260728-f4600f58df136a22ae82d201,rating_lane_004,live,1,2026-07-29T02:22:25.922224+00:00,3.019070,success
CBSPAN-20260728-e9a9de654858a6ed6ff341d8,rating_lane_004,live,1,2026-07-29T02:22:25.922231+00:00,2.223169,success
CBSPAN-20260728-23ebcf7bbcc0f0e073e966a5,rating_lane_004,live,1,2026-07-29T02:22:25.922238+00:00,2.591435,success
CBSPAN-20260728-b9fa9c2b780e0b1d2aef218c,rating_lane_004,live,1,2026-07-29T02:22:25.922246+00:00,2.266702,success
CBSPAN-20260728-b58be5d3a7c548679d1fba7b,rating_lane_004,live,1,2026-07-29T02:22:25.922311+00:00,2.986830,success
CBSPAN-20260728-d1362284d3b90fea37c68df1,rating_lane_004,live,1,2026-07-29T02:22:25.922318+00:00,4.903024,success
CBSPAN-20260728-1ab399a9e80f5365b6cd9a95,rating_lane_004,live,1,2026-07-29T02:22:25.922323+00:00,4.331122,success
CBSPAN-20260728-5460383255dc30f5bdfc189f,rating_lane_004,live,1,2026-07-29T02:22:25.922325+00:00,4.686871,success
CBSPAN-20260728-f920d015c8eafa75f0522e41,rating_lane_004,live,1,2026-07-29T02:22:25.922326+00:00,5.049704,success
CBSPAN-20260728-f4e62b0f1e1116380ecc18d9,rating_lane_004,live,1,2026-07-29T02:22:25.922328+00:00,5.143414,success
CBSPAN-20260728-835aa68d53acc671a14fec2e,rating_lane_004,live,1,2026-07-29T02:22:25.922330+00:00,5.550332,success
CBSPAN-20260728-5f801efb3ab702caf5bc67e0,rating_lane_004,live,1,2026-07-29T02:22:25.922331+00:00,5.067761,success
CBSPAN-20260728-1b21348cc901a2628d81aba9,rating_lane_004,live,1,2026-07-29T02:22:25.922333+00:00,6.379808,success
CBSPAN-20260728-b3d097585f0f01775e8a2838,rating_lane_004,live,1,2026-07-29T02:22:25.922335+00:00,6.791247,success
CBSPAN-20260728-8dab9c55550c7d825a7e3d69,rating_lane_004,live,1,2026-07-29T02:22:25.922336+00:00,8.214045,success
CBSPAN-20260728-2519cfd7b67380e2de36fc67,rating_lane_004,live,1,2026-07-29T02:22:25.922338+00:00,6.955354,success
CBSPAN-20260728-181c6defda7042448078864c,rating_lane_004,live,1,2026-07-29T02:22:25.922340+00:00,8.091500,success
CBSPAN-20260728-0b66f7bc9be4dae3fdd12b88,rating_lane_004,live,1,2026-07-29T02:22:25.922341+00:00,8.174957,success
CBSPAN-20260728-5ad760edab3aeff4354b25d9,rating_lane_004,live,1,2026-07-29T02:22:25.922342+00:00,7.423973,success
CBSPAN-20260728-6ed25399b29a6d1af84df26f,rating_lane_004,live,1,2026-07-29T02:22:25.922344+00:00,9.127411,success
CBSPAN-20260728-987a296946bad202ce8a639d,rating_lane_004,live,1,2026-07-29T02:22:25.922346+00:00,9.346011,success
CBSPAN-20260728-98b5c7569e2e714c9c520a57,rating_lane_004,live,1,2026-07-29T02:22:25.922347+00:00,10.213218,success
CBSPAN-20260728-64c9a75c3d37b71264963225,rating_lane_004,live,1,2026-07-29T02:22:25.922349+00:00,9.075661,success
CBSPAN-20260728-7da67dc77e9698266c20fe98,rating_lane_004,live,1,2026-07-29T02:22:25.922350+00:00,9.865491,success
CBSPAN-20260728-f2222b0f020efe17a0579fd2,rating_lane_004,live,1,2026-07-29T02:22:25.922352+00:00,11.092137,success
CBSPAN-20260728-4814c5a159c6556d382aee1f,rating_lane_004,live,1,2026-07-29T02:22:25.922353+00:00,10.681191,success
CBSPAN-20260728-d3022335902017baabd54022,rating_lane_004,live,1,2026-07-29T02:22:25.922355+00:00,11.891401,success
CBSPAN-20260728-b7d60c4ccb0aefc9d13664b4,rating_lane_004,live,1,2026-07-29T02:22:25.922357+00:00,11.730700,success
CBSPAN-20260728-814384225affd457584b0932,rating_lane_004,live,1,2026-07-29T02:22:25.922358+00:00,11.565221,success
CBSPAN-20260728-db0835c071e31848f8e43d25,rating_lane_004,live,1,2026-07-29T02:22:37.852360+00:00,2.603764,success
CBSPAN-20260728-1429a580165b0d849f4ba4fc,rating_lane_004,live,1,2026-07-29T02:22:37.852424+00:00,4.422751,success
CBSPAN-20260728-1d09c9a02c2d9cc97ee9b02f,rating_lane_004,live,1,2026-07-29T02:22:37.852435+00:00,2.847294,success
CBSPAN-20260728-a352af2c1fe8098885d0c79f,rating_lane_004,live,1,2026-07-29T02:22:37.852444+00:00,2.617525,success
CBSPAN-20260728-cc409db14e9138ac0168beec,rating_lane_004,live,1,2026-07-29T02:22:37.852451+00:00,2.214299,success
CBSPAN-20260728-f8ec56b484082b9184debd3d,rating_lane_004,live,1,2026-07-29T02:22:37.852459+00:00,3.650279,success
CBSPAN-20260728-3321675737b36599ecede44e,rating_lane_004,live,1,2026-07-29T02:22:37.852467+00:00,3.153618,success
CBSPAN-20260728-4010a84191a3901a7c78e820,rating_lane_004,live,1,2026-07-29T02:22:37.852536+00:00,2.130015,success
CBSPAN-20260728-99ea6f69ae2dd71cc852eaeb,rating_lane_004,live,1,2026-07-29T02:22:37.852543+00:00,4.260970,success
CBSPAN-20260728-313882a534922040dce31874,rating_lane_004,live,1,2026-07-29T02:22:37.852548+00:00,4.585633,success
CBSPAN-20260728-acff3697ce8df87be7da6870,rating_lane_004,live,1,2026-07-29T02:22:37.852550+00:00,4.726664,success
CBSPAN-20260728-c83d4d519d4a191a4aef34a7,rating_lane_004,live,1,2026-07-29T02:22:37.852552+00:00,5.496617,success
CBSPAN-20260728-4359c557596e087c11ae6061,rating_lane_004,live,1,2026-07-29T02:22:37.852554+00:00,4.879557,success
CBSPAN-20260728-963056de6c2cc0977d86d203,rating_lane_004,live,1,2026-07-29T02:22:37.852556+00:00,5.971656,success
CBSPAN-20260728-2d0c0a42d841df2d3a5fda5f,rating_lane_004,live,1,2026-07-29T02:22:37.852558+00:00,5.792758,success
CBSPAN-20260728-83320e3b1ee66ddb43bba717,rating_lane_004,live,1,2026-07-29T02:22:37.852560+00:00,7.048157,success
CBSPAN-20260728-ea3178144846e5dcd36fac82,rating_lane_004,live,1,2026-07-29T02:22:37.852562+00:00,7.465155,success
CBSPAN-20260728-e172c762c68ab0b4a02d5c83,rating_lane_004,live,1,2026-07-29T02:22:37.852564+00:00,7.178891,success
CBSPAN-20260728-0b5a668d78b4b2309165a3ca,rating_lane_004,live,1,2026-07-29T02:22:37.852566+00:00,7.559998,success
CBSPAN-20260728-02d988f0a3357000e422186e,rating_lane_004,live,1,2026-07-29T02:22:37.852567+00:00,7.313881,success
CBSPAN-20260728-e5b68add8618b77f08a401f3,rating_lane_004,live,1,2026-07-29T02:22:37.852569+00:00,8.069565,success
CBSPAN-20260728-db2fc6a66125c5331c46886d,rating_lane_004,live,1,2026-07-29T02:22:37.852571+00:00,8.348004,success
CBSPAN-20260728-9ef5903fc654c0dba4484e1b,rating_lane_004,live,1,2026-07-29T02:22:37.852572+00:00,7.938166,success
CBSPAN-20260728-ad55ee9bffed100099efee5c,rating_lane_004,live,1,2026-07-29T02:22:37.852574+00:00,9.584111,success
CBSPAN-20260728-2177246836342026bc0fb73b,rating_lane_004,live,1,2026-07-29T02:22:37.852576+00:00,9.357634,success
CBSPAN-20260728-a7a4ce3b01ef03079400bd3c,rating_lane_004,live,1,2026-07-29T02:22:37.852577+00:00,9.281688,success
CBSPAN-20260728-26188070a1eb960fd84b54cb,rating_lane_004,live,1,2026-07-29T02:22:37.852579+00:00,10.162564,success
CBSPAN-20260728-14904a46e0db99ec69963e9b,rating_lane_004,live,1,2026-07-29T02:22:37.852580+00:00,9.926200,success
CBSPAN-20260728-abfb03ef02bef31d7f3c952e,rating_lane_004,live,1,2026-07-29T02:22:37.852582+00:00,9.998176,success
CBSPAN-20260728-3760e1af711223ce5d343075,rating_lane_004,live,1,2026-07-29T02:22:37.852584+00:00,11.410099,success
CBSPAN-20260728-b9e8d550b467d6b33ba3d9f0,rating_lane_004,live,1,2026-07-29T02:22:37.852585+00:00,10.453262,success
CBSPAN-20260728-369f6b0c7a4841851d6189ef,rating_lane_004,live,1,2026-07-29T02:22:37.852587+00:00,11.925413,success
CBSPAN-20260728-f8ec56b484082b9184debd3d,rating_lane_004,live,2,2026-07-29T02:22:49.787135+00:00,3.762578,success
CBSPAN-20260728-e41067dd7d4e34feb3ae6ee7,rating_lane_004,live,1,2026-07-29T02:22:53.588195+00:00,2.439046,success
CBSPAN-20260728-bc18a88119db0653b8217110,rating_lane_004,live,1,2026-07-29T02:22:53.588235+00:00,3.137003,success
CBSPAN-20260728-dca93bca92fafd16a86c73b6,rating_lane_004,live,1,2026-07-29T02:22:53.588245+00:00,2.783481,success
CBSPAN-20260728-98cc99455abe64fa0731f59d,rating_lane_004,live,1,2026-07-29T02:22:53.588319+00:00,2.847909,success
CBSPAN-20260728-ecb97d961a672836e07f613a,rating_lane_004,live,1,2026-07-29T02:22:53.588327+00:00,2.580482,success
CBSPAN-20260728-3f30a5d4fc825a9cdd8b9b60,rating_lane_004,live,1,2026-07-29T02:22:53.588335+00:00,2.966655,success
CBSPAN-20260728-0781af7814a930a6ddbf946c,rating_lane_004,live,1,2026-07-29T02:22:53.588342+00:00,3.719862,success
CBSPAN-20260728-6ad0b8d0d031796677a0c0fb,rating_lane_004,live,1,2026-07-29T02:22:53.588350+00:00,2.111747,success
CBSPAN-20260728-fadcbf8d0d5105e696d2136b,rating_lane_004,live,1,2026-07-29T02:22:53.588358+00:00,4.386467,success
CBSPAN-20260728-18528879e2e11c52197931cd,rating_lane_004,live,1,2026-07-29T02:22:53.588362+00:00,4.887885,success
CBSPAN-20260728-19914c728a96b0f7feb5c2d4,rating_lane_004,live,1,2026-07-29T02:22:53.588364+00:00,4.765130,success
CBSPAN-20260728-fc77727955feb0030d6ff6d4,rating_lane_004,live,1,2026-07-29T02:22:53.588366+00:00,4.887752,success
CBSPAN-20260728-d8793ce0b90bd10e9e71c446,rating_lane_004,live,1,2026-07-29T02:22:53.588368+00:00,5.172441,success
CBSPAN-20260728-be2b571f559d123f010a3ffe,rating_lane_004,live,1,2026-07-29T02:22:53.588370+00:00,5.910283,success
CBSPAN-20260728-a583c16c43ad76022abf1e4a,rating_lane_004,live,1,2026-07-29T02:22:53.588372+00:00,5.060702,success
CBSPAN-20260728-bf919e805c2fc921e777c344,rating_lane_004,live,1,2026-07-29T02:22:53.588373+00:00,6.137851,success
CBSPAN-20260728-373b4dbca98c8747d97cf52f,rating_lane_004,live,1,2026-07-29T02:22:53.588375+00:00,6.844979,success
CBSPAN-20260728-8eca3ffe69008ada82715d3c,rating_lane_004,live,1,2026-07-29T02:22:53.588377+00:00,9.156481,success
CBSPAN-20260728-39ddd7e0306cec98f2498d31,rating_lane_004,live,1,2026-07-29T02:22:53.588378+00:00,7.764688,success
CBSPAN-20260728-6d672808656084767e4db4e7,rating_lane_004,live,1,2026-07-29T02:22:53.588380+00:00,7.119501,success
CBSPAN-20260728-04420a061a23604864b044c3,rating_lane_004,live,1,2026-07-29T02:22:53.588382+00:00,9.223586,success
CBSPAN-20260728-045c301d99255e438d6b0e12,rating_lane_004,live,1,2026-07-29T02:22:53.588383+00:00,7.967435,success
CBSPAN-20260728-e2da412acbbd0aa7fa388057,rating_lane_004,live,1,2026-07-29T02:22:53.588385+00:00,7.942239,success
CBSPAN-20260728-da85fcbbc8fecc6b63c0868b,rating_lane_004,live,1,2026-07-29T02:22:53.588387+00:00,8.683872,success
CBSPAN-20260728-f1b6338f90c1c2c9599f40c5,rating_lane_004,live,1,2026-07-29T02:22:53.588388+00:00,8.988649,success
CBSPAN-20260728-6b40e08365145bbc4feb0879,rating_lane_004,live,1,2026-07-29T02:22:53.588390+00:00,9.601736,success
CBSPAN-20260728-bcee55e5f3fbaf6b6be425e3,rating_lane_004,live,1,2026-07-29T02:22:53.588392+00:00,9.645116,success
CBSPAN-20260728-01130265689746661396d7ba,rating_lane_004,live,1,2026-07-29T02:22:53.588393+00:00,9.985203,success
CBSPAN-20260728-77ae1a61aed7c06a03bfbaec,rating_lane_004,live,1,2026-07-29T02:22:53.588395+00:00,10.478810,success
CBSPAN-20260728-2cd1865bccc8e3a298dea7c5,rating_lane_004,live,1,2026-07-29T02:22:53.588396+00:00,11.154261,success
CBSPAN-20260728-d6e0c556d2ab0f8a62b54c11,rating_lane_004,live,1,2026-07-29T02:22:53.588398+00:00,11.117049,success
CBSPAN-20260728-54adfc61ee8355a369c3d4ec,rating_lane_004,live,1,2026-07-29T02:22:53.588400+00:00,11.697921,success
CBSPAN-20260728-c6797b385734556f494c4e52,rating_lane_004,live,1,2026-07-29T02:23:05.330650+00:00,2.625024,success
CBSPAN-20260728-d631dd1ee05db78785cd9912,rating_lane_004,live,1,2026-07-29T02:23:05.330719+00:00,3.005934,success
CBSPAN-20260728-a865e5c28d8084c53ca9bdc6,rating_lane_004,live,1,2026-07-29T02:23:05.330733+00:00,2.462671,success
CBSPAN-20260728-d741512cdde01e39e489501c,rating_lane_004,live,1,2026-07-29T02:23:05.330742+00:00,5.138452,success
CBSPAN-20260728-cab5188273bd3ceae77b6d62,rating_lane_004,live,1,2026-07-29T02:23:05.330751+00:00,2.834169,success
CBSPAN-20260728-a84cb766bba0e662c413df48,rating_lane_004,live,1,2026-07-29T02:23:05.330759+00:00,2.492171,success
CBSPAN-20260728-4ece0b1397818d9c43f695e8,rating_lane_004,live,1,2026-07-29T02:23:05.330768+00:00,5.173454,success
CBSPAN-20260728-46e9c9c5ec686b4af1be48b6,rating_lane_004,live,1,2026-07-29T02:23:05.332364+00:00,4.671809,success
CBSPAN-20260728-c1f863ff297deb680b7415d1,rating_lane_004,live,1,2026-07-29T02:23:05.332374+00:00,4.668047,success
CBSPAN-20260728-19afd0693f1b8afbf412c01e,rating_lane_004,live,1,2026-07-29T02:23:05.332379+00:00,5.063860,success
CBSPAN-20260728-b7d13acc3e21ee94b1367c9b,rating_lane_004,live,1,2026-07-29T02:23:05.332381+00:00,4.475838,success
CBSPAN-20260728-801fddc9851bdf7cba2193cc,rating_lane_004,live,1,2026-07-29T02:23:05.332383+00:00,5.641152,success
CBSPAN-20260728-ea20b42d8c2e8eeeb2811ff2,rating_lane_004,live,1,2026-07-29T02:23:05.332385+00:00,5.893909,success
CBSPAN-20260728-3939363d578ed760a1639881,rating_lane_004,live,1,2026-07-29T02:23:05.332387+00:00,6.951889,success
CBSPAN-20260728-a8063411c34255b56bfd6bef,rating_lane_004,live,1,2026-07-29T02:23:05.332389+00:00,7.971980,success
CBSPAN-20260728-50db77b1795ee0038d8e1293,rating_lane_004,live,1,2026-07-29T02:23:05.332390+00:00,6.975326,success
CBSPAN-20260728-b93e90eaaf3b7ad84f38e37e,rating_lane_004,live,1,2026-07-29T02:23:05.332392+00:00,7.327308,success
CBSPAN-20260728-1694380a3ae6807bf3ffab5b,rating_lane_004,live,1,2026-07-29T02:23:05.332393+00:00,7.307663,success
CBSPAN-20260728-b049d1cd9a743bbf7b07f68b,rating_lane_004,live,1,2026-07-29T02:23:05.332395+00:00,7.469346,success
CBSPAN-20260728-796720a4fdaa328e221a958f,rating_lane_004,live,1,2026-07-29T02:23:05.332397+00:00,8.547825,success
CBSPAN-20260728-5aea3a333341f14757f52ab6,rating_lane_004,live,1,2026-07-29T02:23:05.332399+00:00,8.241413,success
CBSPAN-20260728-5afe39e44a69cc322e83c385,rating_lane_004,live,1,2026-07-29T02:23:05.332400+00:00,9.014744,success
CBSPAN-20260728-0b0879f4dd0a0bd374a56a52,rating_lane_004,live,1,2026-07-29T02:23:05.332402+00:00,9.654661,success
CBSPAN-20260728-a500db03d7f5dce4c022c335,rating_lane_004,live,1,2026-07-29T02:23:05.332404+00:00,9.201732,success
CBSPAN-20260728-8cb1d48a78af5de8a5ccc9df,rating_lane_004,live,1,2026-07-29T02:23:05.332405+00:00,10.288080,success
CBSPAN-20260728-dea0ab3290a6e3ada85f6d3b,rating_lane_004,live,1,2026-07-29T02:23:05.332407+00:00,10.328798,success
CBSPAN-20260728-c9519a57ceada6e05c4b0a7c,rating_lane_004,live,1,2026-07-29T02:23:05.332409+00:00,13.241605,success
CBSPAN-20260728-89569dce8fc0edcd955c8ca0,rating_lane_004,live,1,2026-07-29T02:23:05.332410+00:00,10.079028,success
CBSPAN-20260728-06f9d958d6ef97992f02d301,rating_lane_004,live,1,2026-07-29T02:23:05.332412+00:00,10.731061,success
CBSPAN-20260728-4bccd369c40c454b3cc5205d,rating_lane_004,live,1,2026-07-29T02:23:05.332413+00:00,11.395643,success
CBSPAN-20260728-0b4e28a1b8e5b8cef11148bf,rating_lane_004,live,1,2026-07-29T02:23:05.332415+00:00,11.562675,success
CBSPAN-20260728-920a97f4e8eda6b614a3015a,rating_lane_004,live,1,2026-07-29T02:23:05.332417+00:00,13.694018,success
CBSPAN-20260728-0b4e28a1b8e5b8cef11148bf,rating_lane_004,live,2,2026-07-29T02:23:19.034718+00:00,3.169226,success
CBSPAN-20260728-1225c384f4a4038621b69f36,rating_lane_004,live,1,2026-07-29T02:23:22.240908+00:00,2.295621,success
CBSPAN-20260728-f5359a6afb4a4c0782acec3e,rating_lane_004,live,1,2026-07-29T02:23:22.240951+00:00,3.113259,success
CBSPAN-20260728-c991f8abb3f85b5438843611,rating_lane_004,live,1,2026-07-29T02:23:22.240962+00:00,2.086217,success
CBSPAN-20260728-8e5a9f67371bc8df9f2239ed,rating_lane_004,live,1,2026-07-29T02:23:22.241048+00:00,2.529190,success
CBSPAN-20260728-e0b062c1f4fffa2413a8dd77,rating_lane_004,live,1,2026-07-29T02:23:22.241056+00:00,3.134832,success
CBSPAN-20260728-525022dfc29f21c6276c4777,rating_lane_004,live,1,2026-07-29T02:23:22.241064+00:00,2.532105,success
CBSPAN-20260728-4a81747c12117abcbecfd3bc,rating_lane_004,live,1,2026-07-29T02:23:22.241073+00:00,2.081062,success
CBSPAN-20260728-89d99dc599cd6f88473bb87d,rating_lane_004,live,1,2026-07-29T02:23:22.241081+00:00,2.504919,success
CBSPAN-20260728-cee90f50c2deaf5a18340392,rating_lane_004,live,1,2026-07-29T02:23:22.241088+00:00,4.373848,success
CBSPAN-20260728-73e2a729ba179a3dac35e678,rating_lane_004,live,1,2026-07-29T02:23:22.241092+00:00,3.922503,success
CBSPAN-20260728-02adc9d1ad249d4367ee4e8e,rating_lane_004,live,1,2026-07-29T02:23:22.241094+00:00,7.917561,success
CBSPAN-20260728-753628d77c91577f247ae97d,rating_lane_004,live,1,2026-07-29T02:23:22.241096+00:00,4.572054,success
CBSPAN-20260728-3f99e582f07a250a1e1ec218,rating_lane_004,live,1,2026-07-29T02:23:22.241098+00:00,5.736950,success
CBSPAN-20260728-d248990d05fc689e7f7807c3,rating_lane_004,live,1,2026-07-29T02:23:22.241100+00:00,4.883189,success
CBSPAN-20260728-50ec4b489af4ac93209e4582,rating_lane_004,live,1,2026-07-29T02:23:22.241101+00:00,5.271050,success
CBSPAN-20260728-b4c2bf369c67ce916e627da2,rating_lane_004,live,1,2026-07-29T02:23:22.241103+00:00,5.708705,success
CBSPAN-20260728-922c215a66048dbdb8f6dcbe,rating_lane_004,live,1,2026-07-29T02:23:22.241105+00:00,5.779986,success
CBSPAN-20260728-c275361262a11329364b6ccb,rating_lane_004,live,1,2026-07-29T02:23:22.241106+00:00,6.853950,success
CBSPAN-20260728-4053eb50ea918c5278953e45,rating_lane_004,live,1,2026-07-29T02:23:22.241108+00:00,7.770392,success
CBSPAN-20260728-c98a567bbec21f32f87e4c4d,rating_lane_004,live,1,2026-07-29T02:23:22.241110+00:00,7.320717,success
CBSPAN-20260728-a84943587b7b0311db634919,rating_lane_004,live,1,2026-07-29T02:23:22.241111+00:00,7.557434,success
CBSPAN-20260728-c46e82e5fb3b92579655dd06,rating_lane_004,live,1,2026-07-29T02:23:22.241113+00:00,8.751040,success
CBSPAN-20260728-ca72fd04da3751708801cf28,rating_lane_004,live,1,2026-07-29T02:23:22.241115+00:00,8.430465,success
CBSPAN-20260728-a6a980cbbc3972581a3f3ceb,rating_lane_004,live,1,2026-07-29T02:23:22.241116+00:00,8.465959,success
CBSPAN-20260728-a85df8890428b59c881144de,rating_lane_004,live,1,2026-07-29T02:23:22.241118+00:00,9.207357,success
CBSPAN-20260728-26f7d88e7b1688e6eba193ad,rating_lane_004,live,1,2026-07-29T02:23:22.241119+00:00,9.609703,success
CBSPAN-20260728-860a9e58d7ff720a92f34589,rating_lane_004,live,1,2026-07-29T02:23:22.241121+00:00,9.903463,success
CBSPAN-20260728-65bd73fa7ebfeac396a90082,rating_lane_004,live,1,2026-07-29T02:23:22.241123+00:00,11.245544,success
CBSPAN-20260728-3600a6f7fbc084747958dea0,rating_lane_004,live,1,2026-07-29T02:23:22.241124+00:00,10.177555,success
CBSPAN-20260728-d8c43452ef7fb47e641dce9a,rating_lane_004,live,1,2026-07-29T02:23:22.241126+00:00,11.790071,success
CBSPAN-20260728-a3b135e7c248689c4468d1cf,rating_lane_004,live,1,2026-07-29T02:23:22.241128+00:00,10.983307,success
CBSPAN-20260728-6479040017c15eab5cc4f64a,rating_lane_004,live,1,2026-07-29T02:23:22.241129+00:00,12.499569,success
CBSPAN-20260728-02adc9d1ad249d4367ee4e8e,rating_lane_004,live,2,2026-07-29T02:23:34.750747+00:00,2.490475,success
CBSPAN-20260728-e93dec95a216c88cca56d541,rating_lane_004,live,1,2026-07-29T02:23:37.279438+00:00,3.620322,success
CBSPAN-20260728-488cab5fc32fdee126259256,rating_lane_004,live,1,2026-07-29T02:23:37.279477+00:00,2.686764,success
CBSPAN-20260728-e6f3b00b93dd8a8d1a44e2c9,rating_lane_004,live,1,2026-07-29T02:23:37.279487+00:00,2.476213,success
CBSPAN-20260728-a5c6347a964e2b954e0943f0,rating_lane_004,live,1,2026-07-29T02:23:37.279561+00:00,2.648933,success
CBSPAN-20260728-cfdb4f9c284f43290ca0386e,rating_lane_004,live,1,2026-07-29T02:23:37.279570+00:00,4.941579,success
CBSPAN-20260728-d434155f20e340864c97fa71,rating_lane_004,live,1,2026-07-29T02:23:37.279577+00:00,2.759713,success
CBSPAN-20260728-49c436e9fced237ff0bbf4dd,rating_lane_004,live,1,2026-07-29T02:23:37.279585+00:00,3.272187,success
CBSPAN-20260728-b0d83a22d76ad095ee4e4369,rating_lane_004,live,1,2026-07-29T02:23:37.279594+00:00,2.299431,success
CBSPAN-20260728-ced746ce9ef335d9c4cdd919,rating_lane_004,live,1,2026-07-29T02:23:37.279600+00:00,4.694496,success
CBSPAN-20260728-f76bd12e5e27c1e6e77b6f5e,rating_lane_004,live,1,2026-07-29T02:23:37.279606+00:00,4.597704,success
CBSPAN-20260728-08fa88e0097a006782883e3b,rating_lane_004,live,1,2026-07-29T02:23:37.279608+00:00,5.111861,success
CBSPAN-20260728-55654aedc88a743a051ba080,rating_lane_004,live,1,2026-07-29T02:23:37.279610+00:00,6.152520,success
CBSPAN-20260728-e2eeb40dbd0d53a5a205b6be,rating_lane_004,live,1,2026-07-29T02:23:37.279612+00:00,5.297566,success
CBSPAN-20260728-7bee59b97dda0302659712f3,rating_lane_004,live,1,2026-07-29T02:23:37.279614+00:00,6.090343,success
CBSPAN-20260728-911489e4050a02a6f858a320,rating_lane_004,live,1,2026-07-29T02:23:37.279615+00:00,11.056555,success
CBSPAN-20260728-fa0c4350b35a847225758f23,rating_lane_004,live,1,2026-07-29T02:23:37.279617+00:00,7.379478,success
CBSPAN-20260728-89984839d2c7104bc44595ea,rating_lane_004,live,1,2026-07-29T02:23:37.279618+00:00,10.432966,success
CBSPAN-20260728-e0d509b69946df615404453e,rating_lane_004,live,1,2026-07-29T02:23:37.279620+00:00,7.738530,success
CBSPAN-20260728-530875f91cfe95335e2db602,rating_lane_004,live,1,2026-07-29T02:23:37.279622+00:00,8.815286,success
CBSPAN-20260728-464e7ccf73edf6dd6ec0639c,rating_lane_004,live,1,2026-07-29T02:23:37.279623+00:00,9.468110,success
CBSPAN-20260728-b28182e89a01a8cb9e589b0a,rating_lane_004,live,1,2026-07-29T02:23:37.279625+00:00,9.260428,success
CBSPAN-20260728-123c9bef982e136766a5ccb1,rating_lane_004,live,1,2026-07-29T02:23:37.279627+00:00,9.278705,success
CBSPAN-20260728-6169374bc55b8bb8ad4f06a6,rating_lane_004,live,1,2026-07-29T02:23:37.279628+00:00,10.574157,success
CBSPAN-20260728-96ef322dd8cf8ce6ca8ac310,rating_lane_004,live,1,2026-07-29T02:23:37.279630+00:00,10.144975,success
CBSPAN-20260728-ec92cae5ee6f280bd5836168,rating_lane_004,live,1,2026-07-29T02:23:37.279632+00:00,10.924093,success
CBSPAN-20260728-e921e60f0b5c96d4e688414e,rating_lane_004,live,1,2026-07-29T02:23:37.279633+00:00,12.011409,success
CBSPAN-20260728-be89673b9f81867aa1b8cb0c,rating_lane_004,live,1,2026-07-29T02:23:37.279635+00:00,13.221891,success
CBSPAN-20260728-a05b95f087e8262b6710ccfa,rating_lane_004,live,1,2026-07-29T02:23:37.279637+00:00,13.003430,success
CBSPAN-20260728-39463caf09416abe344db771,rating_lane_004,live,1,2026-07-29T02:23:37.279638+00:00,12.431286,success
CBSPAN-20260728-4bd6c3eb15775746d0af0b2f,rating_lane_004,live,1,2026-07-29T02:23:37.279642+00:00,13.131083,success
CBSPAN-20260728-f6293575b79fd4280e58b9ce,rating_lane_004,live,1,2026-07-29T02:23:37.279644+00:00,13.994466,success
CBSPAN-20260728-2f404193a0f894815a2a7433,rating_lane_004,live,1,2026-07-29T02:23:37.279646+00:00,13.114697,success
CBSPAN-20260728-a5c6347a964e2b954e0943f0,rating_lane_004,live,2,2026-07-29T02:23:51.290719+00:00,2.280400,success
CBSPAN-20260728-6169374bc55b8bb8ad4f06a6,rating_lane_004,live,2,2026-07-29T02:23:51.290831+00:00,4.877098,success
CBSPAN-20260728-34f5999dc2324707f588a986,rating_lane_004,live,1,2026-07-29T02:23:56.203613+00:00,3.024930,success
CBSPAN-20260728-3334f3a17bb54c649f457b54,rating_lane_004,live,1,2026-07-29T02:23:56.203697+00:00,2.261337,success
CBSPAN-20260728-021bb8f7421d5a25543bd71b,rating_lane_004,live,1,2026-07-29T02:23:56.203713+00:00,3.629017,success
CBSPAN-20260728-17fb457869a45aae86f8df78,rating_lane_004,live,1,2026-07-29T02:23:56.203724+00:00,2.966500,success
CBSPAN-20260728-cda9752e325ad54e90e89f6e,rating_lane_004,live,1,2026-07-29T02:23:56.203734+00:00,2.848473,success
CBSPAN-20260728-e55a82a012e9fda1bed741d3,rating_lane_004,live,1,2026-07-29T02:23:56.203745+00:00,2.258048,success
CBSPAN-20260728-c2a836e1e01a6473ec212f15,rating_lane_004,live,1,2026-07-29T02:23:56.203755+00:00,2.780720,success
CBSPAN-20260728-0ef90b8cae4eebb5fa72f52e,rating_lane_004,live,1,2026-07-29T02:23:56.203765+00:00,2.256909,success
CBSPAN-20260728-6ec9fb7890d0602b0059ac90,rating_lane_004,live,1,2026-07-29T02:23:56.203774+00:00,5.197441,success
CBSPAN-20260728-6b36d86a262047384d978703,rating_lane_004,live,1,2026-07-29T02:23:56.203780+00:00,4.033166,success
CBSPAN-20260728-9fe6b64944bf4ef6e26cdc23,rating_lane_004,live,1,2026-07-29T02:23:56.203782+00:00,5.972212,success
CBSPAN-20260728-6c69b590f9a47bae97fedcf0,rating_lane_004,live,1,2026-07-29T02:23:56.203784+00:00,5.480432,success
CBSPAN-20260728-95d20c96dc5954e900b4a8f7,rating_lane_004,live,1,2026-07-29T02:23:56.203785+00:00,4.945458,success
CBSPAN-20260728-a10569708a410c599adf1810,rating_lane_004,live,1,2026-07-29T02:23:56.203787+00:00,5.450396,success
CBSPAN-20260728-f7669c77c0c1eaa5547ec4c7,rating_lane_004,live,1,2026-07-29T02:23:56.203788+00:00,5.610211,success
CBSPAN-20260728-65fddd8fb85c6174d3fdca12,rating_lane_004,live,1,2026-07-29T02:23:56.203790+00:00,5.583105,success
CBSPAN-20260728-90b16d026332d4a4078e8493,rating_lane_004,live,1,2026-07-29T02:23:56.203791+00:00,7.304087,success
CBSPAN-20260728-6a866cb065329148719a7704,rating_lane_004,live,1,2026-07-29T02:23:56.203793+00:00,7.265263,success
CBSPAN-20260728-3d1157dce28ffe1a7700684e,rating_lane_004,live,1,2026-07-29T02:23:56.203794+00:00,8.131041,success
CBSPAN-20260728-d13454a1305580da3bfb8a23,rating_lane_004,live,1,2026-07-29T02:23:56.203796+00:00,8.157427,success
CBSPAN-20260728-7cc5f08c2546fd82151c0971,rating_lane_004,live,1,2026-07-29T02:23:56.203798+00:00,7.646038,success
CBSPAN-20260728-5dfb72c99f01593e1b5985f4,rating_lane_004,live,1,2026-07-29T02:23:56.203799+00:00,7.681919,success
CBSPAN-20260728-41ed1ec2192e978fefbf2529,rating_lane_004,live,1,2026-07-29T02:23:56.203801+00:00,8.007567,success
CBSPAN-20260728-c988dafe59e1a941e02b9a7c,rating_lane_004,live,1,2026-07-29T02:23:56.203802+00:00,8.338408,success
CBSPAN-20260728-5940e98ea75135ea1b289239,rating_lane_004,live,1,2026-07-29T02:23:56.203804+00:00,10.382091,success
CBSPAN-20260728-65f2571f440683288158e9c0,rating_lane_004,live,1,2026-07-29T02:23:56.203807+00:00,9.946800,success
CBSPAN-20260728-d7ff3528df1e5fe2746780ef,rating_lane_004,live,1,2026-07-29T02:23:56.203809+00:00,10.434295,success
CBSPAN-20260728-17f4ffa3e0541a91ad1b82b9,rating_lane_004,live,1,2026-07-29T02:23:56.203810+00:00,11.209066,success
CBSPAN-20260728-9815ff2e4cc5fccf0e8aeea3,rating_lane_004,live,1,2026-07-29T02:23:56.203812+00:00,10.207182,success
CBSPAN-20260728-a988dbde42f7bd7bcbe80294,rating_lane_004,live,1,2026-07-29T02:23:56.203814+00:00,10.520550,success
CBSPAN-20260728-1c7676144aca934cdb3b4887,rating_lane_004,live,1,2026-07-29T02:23:56.203815+00:00,12.080122,success
CBSPAN-20260728-454523b38db0d5b2cbc7645a,rating_lane_004,live,1,2026-07-29T02:23:56.203817+00:00,11.248834,success
CBSPAN-20260728-f7669c77c0c1eaa5547ec4c7,rating_lane_004,live,2,2026-07-29T02:24:08.298822+00:00,2.362486,success
CBSPAN-20260728-470def839ccbf6a1c9053371,rating_lane_004,live,1,2026-07-29T02:24:10.708035+00:00,2.619527,success
CBSPAN-20260728-36adc3b31c457ba5464864e8,rating_lane_004,live,1,2026-07-29T02:24:10.708076+00:00,2.235497,success
CBSPAN-20260728-0c764454e63e4ffa054a5def,rating_lane_004,live,1,2026-07-29T02:24:10.708087+00:00,4.429011,success
CBSPAN-20260728-622eea54b30eef80a48a061d,rating_lane_004,live,1,2026-07-29T02:24:10.708160+00:00,3.474541,success
CBSPAN-20260728-7d9bf4a006617f44c07d80a0,rating_lane_004,live,1,2026-07-29T02:24:10.708168+00:00,2.141019,success
CBSPAN-20260728-5ad23c262250565cea658672,rating_lane_004,live,1,2026-07-29T02:24:10.708176+00:00,5.502152,success
CBSPAN-20260728-fda56fd3c7ed8e13efaf81ce,rating_lane_004,live,1,2026-07-29T02:24:10.708183+00:00,3.167008,success
CBSPAN-20260728-c24f9d9fe4ccbced18bb61f2,rating_lane_004,live,1,2026-07-29T02:24:10.708189+00:00,3.014249,success
CBSPAN-20260728-99f42d00fbbc35f7219b86fa,rating_lane_004,live,1,2026-07-29T02:24:10.708196+00:00,4.176663,success
CBSPAN-20260728-fe3dfd1cb92171f485d2882f,rating_lane_004,live,1,2026-07-29T02:24:10.708200+00:00,4.787868,success
CBSPAN-20260728-e859ab3ef68a7abb4bdeda29,rating_lane_004,live,1,2026-07-29T02:24:10.708202+00:00,4.555371,success
CBSPAN-20260728-fc1dfe675b9591a6ecfbf311,rating_lane_004,live,1,2026-07-29T02:24:10.708204+00:00,5.075038,success
CBSPAN-20260728-218283059f373c1895ca3cbd,rating_lane_004,live,1,2026-07-29T02:24:10.708206+00:00,5.533319,success
CBSPAN-20260728-18e7bcf4c6829f3eacadebb1,rating_lane_004,live,1,2026-07-29T02:24:10.708207+00:00,6.180175,success
CBSPAN-20260728-728071a84ec250f225c2450e,rating_lane_004,live,1,2026-07-29T02:24:10.708209+00:00,6.826464,success
CBSPAN-20260728-a0cd904b36e0d0204e319067,rating_lane_004,live,1,2026-07-29T02:24:10.708210+00:00,7.105520,success
CBSPAN-20260728-7a3754846631c897b53820d7,rating_lane_004,live,1,2026-07-29T02:24:10.708212+00:00,12.752553,success
CBSPAN-20260728-4463eaaf5585a399f8364497,rating_lane_004,live,1,2026-07-29T02:24:10.708213+00:00,6.752516,success
CBSPAN-20260728-221bf93b727eaf8861d70c78,rating_lane_004,live,1,2026-07-29T02:24:10.708215+00:00,7.153353,success
CBSPAN-20260728-eb8181e4d1d947f1366e9a63,rating_lane_004,live,1,2026-07-29T02:24:10.708217+00:00,7.613394,success
CBSPAN-20260728-94566c35465dae42819b4c04,rating_lane_004,live,1,2026-07-29T02:24:10.708218+00:00,7.616011,success
CBSPAN-20260728-4d86bdd0454872f13e2dc1f1,rating_lane_004,live,1,2026-07-29T02:24:10.708219+00:00,8.604036,success
CBSPAN-20260728-76f99db2fb0a4fd6d6d21989,rating_lane_004,live,1,2026-07-29T02:24:10.708221+00:00,9.240694,success
CBSPAN-20260728-5f0a3138233b6c0113982894,rating_lane_004,live,1,2026-07-29T02:24:10.708222+00:00,8.779428,success
CBSPAN-20260728-9147ff9530acee50c8145e6b,rating_lane_004,live,1,2026-07-29T02:24:10.708224+00:00,12.055833,success
CBSPAN-20260728-c7ec39d89676d96de4ac305f,rating_lane_004,live,1,2026-07-29T02:24:10.708226+00:00,9.293437,success
CBSPAN-20260728-1596fef0e41a615a1540ac0d,rating_lane_004,live,1,2026-07-29T02:24:10.708227+00:00,11.440746,success
CBSPAN-20260728-55a8ddd9b655a34f8fd6d34e,rating_lane_004,live,1,2026-07-29T02:24:10.708229+00:00,10.650180,success
CBSPAN-20260728-88e113f815d5f8ca679e7b32,rating_lane_004,live,1,2026-07-29T02:24:10.708230+00:00,11.309480,success
CBSPAN-20260728-cc51dba0544f09a72460546a,rating_lane_004,live,1,2026-07-29T02:24:10.708232+00:00,11.479051,success
CBSPAN-20260728-16e8cbb53dd4760b88f04281,rating_lane_004,live,1,2026-07-29T02:24:10.708233+00:00,11.832346,success
CBSPAN-20260728-739fec571d145541ab8164cb,rating_lane_004,live,1,2026-07-29T02:24:10.708235+00:00,12.416635,success
CBSPAN-20260728-2f0952fef1933841a4b76673,rating_lane_004,live,1,2026-07-29T02:24:23.522972+00:00,2.498029,success
CBSPAN-20260728-5a64e5bf05f8abd0f3d4ba0d,rating_lane_004,live,1,2026-07-29T02:24:23.523045+00:00,2.322267,success
CBSPAN-20260728-18008ad367febfb541d92898,rating_lane_004,live,1,2026-07-29T02:24:23.523057+00:00,2.051233,success
CBSPAN-20260728-efa4e3660295b1fa18526a0c,rating_lane_004,live,1,2026-07-29T02:24:23.523067+00:00,2.581479,success
CBSPAN-20260728-133db045530229269301b9a5,rating_lane_004,live,1,2026-07-29T02:24:23.523075+00:00,2.245790,success
CBSPAN-20260728-2747a3aaf5b3727eaca4cffe,rating_lane_004,live,1,2026-07-29T02:24:23.523082+00:00,2.364791,success
CBSPAN-20260728-f62e89dc6279767b2b71b9ac,rating_lane_004,live,1,2026-07-29T02:24:23.523093+00:00,2.439740,success
CBSPAN-20260728-491563fa60a46accf797c44d,rating_lane_004,live,1,2026-07-29T02:24:23.523183+00:00,4.781322,success
CBSPAN-20260728-6bc0f3cbc2681865ef4e0470,rating_lane_004,live,1,2026-07-29T02:24:23.523198+00:00,4.014585,success
CBSPAN-20260728-6e5a42df4bf8d2fc8f988e54,rating_lane_004,live,1,2026-07-29T02:24:23.523214+00:00,4.447329,success
CBSPAN-20260728-f507efc46511b64bda2a14cc,rating_lane_004,live,1,2026-07-29T02:24:23.523216+00:00,4.679439,success
CBSPAN-20260728-55dc7de15ff29b2832510a6d,rating_lane_004,live,1,2026-07-29T02:24:23.523219+00:00,5.303157,success
CBSPAN-20260728-11cdeb291222943cec4d4342,rating_lane_004,live,1,2026-07-29T02:24:23.523220+00:00,5.090868,success
CBSPAN-20260728-2e18b88741d226795aa8e6a3,rating_lane_004,live,1,2026-07-29T02:24:23.523222+00:00,4.558537,success
CBSPAN-20260728-9386784e689280104fa94cec,rating_lane_004,live,1,2026-07-29T02:24:23.523224+00:00,5.100737,success
CBSPAN-20260728-65b7d24cc69450132e552797,rating_lane_004,live,1,2026-07-29T02:24:23.523226+00:00,5.867154,success
CBSPAN-20260728-373ddfc29d823d285a488278,rating_lane_004,live,1,2026-07-29T02:24:23.523228+00:00,6.729372,success
CBSPAN-20260728-b7f51ce511fcd731b80e763e,rating_lane_004,live,1,2026-07-29T02:24:23.523230+00:00,7.216130,success
CBSPAN-20260728-f299e528424e771d95bd95ab,rating_lane_004,live,1,2026-07-29T02:24:23.523233+00:00,7.582327,success
CBSPAN-20260728-12f94ed09c033eab2a102fa8,rating_lane_004,live,1,2026-07-29T02:24:23.523234+00:00,6.898574,success
CBSPAN-20260728-2f0403bfa40d8441bdc3b7c2,rating_lane_004,live,1,2026-07-29T02:24:23.523236+00:00,7.751282,success
CBSPAN-20260728-c31feb29d329b51a207caaae,rating_lane_004,live,1,2026-07-29T02:24:23.523238+00:00,7.751318,success
CBSPAN-20260728-15c8688a845ea3442a8dfb12,rating_lane_004,live,1,2026-07-29T02:24:23.523240+00:00,7.743486,success
CBSPAN-20260728-196e5f8cac09557a738a1b8d,rating_lane_004,live,1,2026-07-29T02:24:23.523242+00:00,8.353571,success
CBSPAN-20260728-30364d03a442b73a68297b24,rating_lane_004,live,1,2026-07-29T02:24:23.523245+00:00,10.315875,success
CBSPAN-20260728-5e0e5bc94393e691718877f6,rating_lane_004,live,1,2026-07-29T02:24:23.523247+00:00,9.069796,success
CBSPAN-20260728-70c9e2f196c7c41244e45974,rating_lane_004,live,1,2026-07-29T02:24:23.523249+00:00,10.168316,success
CBSPAN-20260728-ae02f3db4d7e68af617bf83c,rating_lane_004,live,1,2026-07-29T02:24:23.523253+00:00,10.265789,success
CBSPAN-20260728-15f06022f7fb53af76656a75,rating_lane_004,live,1,2026-07-29T02:24:23.523254+00:00,10.456428,success
CBSPAN-20260728-6e9e90c87d401fed83c5e79f,rating_lane_004,live,1,2026-07-29T02:24:23.523257+00:00,10.335592,success
CBSPAN-20260728-ff1882c57968840446343786,rating_lane_004,live,1,2026-07-29T02:24:23.523259+00:00,10.294856,success
CBSPAN-20260728-3a49c4250bf35d23db181ba9,rating_lane_004,live,1,2026-07-29T02:24:23.523263+00:00,10.641351,success
CBSPAN-20260728-68a682bd40a64af7f9f3d2eb,rating_lane_004,live,1,2026-07-29T02:24:34.221356+00:00,2.236955,success
CBSPAN-20260728-aca87f0375d0a2588edc4d5e,rating_lane_004,live,1,2026-07-29T02:24:34.221413+00:00,2.804850,success
CBSPAN-20260728-596d680a8a2d9e6c7cce4415,rating_lane_004,live,1,2026-07-29T02:24:34.221424+00:00,3.137320,success
CBSPAN-20260728-1cc0639dca966ce7c1f8ea79,rating_lane_004,live,1,2026-07-29T02:24:34.221433+00:00,3.662887,success
CBSPAN-20260728-d9975e0ae16700407d114f63,rating_lane_004,live,1,2026-07-29T02:24:34.221441+00:00,4.453363,success
CBSPAN-20260728-d7277d767b3b9b76697d0dd4,rating_lane_004,live,1,2026-07-29T02:24:34.221448+00:00,3.666493,success
CBSPAN-20260728-9cb95ecf0efaf914de58943d,rating_lane_004,live,1,2026-07-29T02:24:34.221455+00:00,2.430770,success
CBSPAN-20260728-3cc0c0d455b2e279ea67c1a3,rating_lane_004,live,1,2026-07-29T02:24:34.221524+00:00,3.625745,success
CBSPAN-20260728-7ea09a75fccde98034261679,rating_lane_004,live,1,2026-07-29T02:24:34.221532+00:00,5.192469,success
CBSPAN-20260728-2b5ad85ef33ba1853ce60b83,rating_lane_004,live,1,2026-07-29T02:24:34.221536+00:00,4.444327,success
CBSPAN-20260728-2c0327cc5eb721f28544f8b0,rating_lane_004,live,1,2026-07-29T02:24:34.221538+00:00,5.715171,success
CBSPAN-20260728-770026bc752e64b4620c9e71,rating_lane_004,live,1,2026-07-29T02:24:34.221540+00:00,5.815035,success
CBSPAN-20260728-6340b8ac352e34746d85ab7b,rating_lane_004,live,1,2026-07-29T02:24:34.221542+00:00,6.964936,success
CBSPAN-20260728-6ec5fdb1346ca833fd7f497f,rating_lane_004,live,1,2026-07-29T02:24:34.221544+00:00,6.553282,success
CBSPAN-20260728-17807e6b0c182f6e8c826a8d,rating_lane_004,live,1,2026-07-29T02:24:34.221546+00:00,6.390019,success
CBSPAN-20260728-c05b5e4792f60370fc163faf,rating_lane_004,live,1,2026-07-29T02:24:34.221547+00:00,6.919446,success
CBSPAN-20260728-b656a4dadaa9edc34cccda62,rating_lane_004,live,1,2026-07-29T02:24:34.221549+00:00,7.075718,success
CBSPAN-20260728-1502ba9ffa6669c123161a64,rating_lane_004,live,1,2026-07-29T02:24:34.221551+00:00,8.659230,success
CBSPAN-20260728-15186acbe9ee60f1011258ec,rating_lane_004,live,1,2026-07-29T02:24:34.221552+00:00,8.153515,success
CBSPAN-20260728-2b744193acf0a877cc7dd80e,rating_lane_004,live,1,2026-07-29T02:24:34.221554+00:00,8.176738,success
CBSPAN-20260728-f9ae761398a3c2a21a572224,rating_lane_004,live,1,2026-07-29T02:24:34.221555+00:00,9.011744,success
CBSPAN-20260728-3ced8ebb32efef862c0c562d,rating_lane_004,live,1,2026-07-29T02:24:34.221557+00:00,8.537635,success
CBSPAN-20260728-768912a38d477b37b1525385,rating_lane_004,live,1,2026-07-29T02:24:34.221559+00:00,10.738860,success
CBSPAN-20260728-6cc65e2e10ea267e63ae32b2,rating_lane_004,live,1,2026-07-29T02:24:34.221560+00:00,10.834237,success
CBSPAN-20260728-697689c2b53097531bae823f,rating_lane_004,live,1,2026-07-29T02:24:34.221562+00:00,10.020027,success
CBSPAN-20260728-7f872f72be6cdd3ab57527c6,rating_lane_004,live,1,2026-07-29T02:24:34.221563+00:00,10.836068,success
CBSPAN-20260728-2536ad5813aa2831d879f49f,rating_lane_004,live,1,2026-07-29T02:24:34.221565+00:00,10.300734,success
CBSPAN-20260728-9380dec960b6a5b4ed595044,rating_lane_004,live,1,2026-07-29T02:24:34.221566+00:00,11.672152,success
CBSPAN-20260728-375767b2e9165608fb42ee75,rating_lane_004,live,1,2026-07-29T02:24:34.221567+00:00,11.672201,success
CBSPAN-20260728-0917ed1a3a258ecc3591440c,rating_lane_004,live,1,2026-07-29T02:24:34.221569+00:00,11.173162,success
CBSPAN-20260728-c58d0485e60b5735a90bc0e6,rating_lane_004,live,1,2026-07-29T02:24:34.221571+00:00,12.451619,success
CBSPAN-20260728-e84f3ea797a65fecd54856be,rating_lane_004,live,1,2026-07-29T02:24:34.221572+00:00,12.726878,success
CBSPAN-20260728-bc755e6eee0d8c1edcb892cb,rating_lane_004,live,1,2026-07-29T02:24:46.989499+00:00,2.497937,success
CBSPAN-20260728-ea78a896cd9c4a9c732aaa90,rating_lane_004,live,1,2026-07-29T02:24:46.989532+00:00,2.857186,success
CBSPAN-20260728-d8265500332dcbb39b4e6526,rating_lane_004,live,1,2026-07-29T02:24:46.989542+00:00,3.028185,success
CBSPAN-20260728-9848cd042a8e5960a90eff02,rating_lane_004,live,1,2026-07-29T02:24:46.989550+00:00,2.227608,success
CBSPAN-20260728-717dce4d0097dd7714e10048,rating_lane_004,live,1,2026-07-29T02:24:46.989557+00:00,2.497824,success
CBSPAN-20260728-1cd38e881f3cf371336df0a7,rating_lane_004,live,1,2026-07-29T02:24:46.989565+00:00,3.027964,success
CBSPAN-20260728-8ed3b9e294c3340da283a27b,rating_lane_004,live,1,2026-07-29T02:24:46.989572+00:00,2.196353,success
CBSPAN-20260728-ec17da0cd0bcc599f0d336f5,rating_lane_004,live,1,2026-07-29T02:24:46.989642+00:00,3.028039,success
CBSPAN-20260728-7d34bce5518bb12b65e4762b,rating_lane_004,live,1,2026-07-29T02:24:46.989651+00:00,4.393179,success
CBSPAN-20260728-8737cce1b5b476cced9ee7bb,rating_lane_004,live,1,2026-07-29T02:24:46.989655+00:00,4.268214,success
CBSPAN-20260728-d345bb76a32a7266c144a667,rating_lane_004,live,1,2026-07-29T02:24:46.989657+00:00,6.695843,success
CBSPAN-20260728-7c40487b7a00142fffe12584,rating_lane_004,live,1,2026-07-29T02:24:46.989659+00:00,5.117057,success
CBSPAN-20260728-075dd8d28f4ba3f2a56f2cda,rating_lane_004,live,1,2026-07-29T02:24:46.989660+00:00,5.410571,success
CBSPAN-20260728-9a66490369a719aaaf2ed691,rating_lane_004,live,1,2026-07-29T02:24:46.989662+00:00,5.225271,success
CBSPAN-20260728-43c5c061ba2f87643ff798f9,rating_lane_004,live,1,2026-07-29T02:24:46.989664+00:00,5.740519,success
CBSPAN-20260728-d9826bfb3073b371dd86b1b9,rating_lane_004,live,1,2026-07-29T02:24:46.989666+00:00,5.645718,success
CBSPAN-20260728-4e7c9c3fe5034cf6a2e37d88,rating_lane_004,live,1,2026-07-29T02:24:46.989667+00:00,6.467639,success
CBSPAN-20260728-ea68cf7549487b7bc049cb71,rating_lane_004,live,1,2026-07-29T02:24:46.989669+00:00,6.930124,success
CBSPAN-20260728-300f5438f07b806187a249a1,rating_lane_004,live,1,2026-07-29T02:24:46.989670+00:00,7.414889,success
CBSPAN-20260728-6bb176a7e377045c08042de8,rating_lane_004,live,1,2026-07-29T02:24:46.989672+00:00,7.949232,success
CBSPAN-20260728-1835bef7f55796972934269e,rating_lane_004,live,1,2026-07-29T02:24:46.989674+00:00,8.464833,success
CBSPAN-20260728-37f376e56b11847f7ba710db,rating_lane_004,live,1,2026-07-29T02:24:46.989675+00:00,7.743749,success
CBSPAN-20260728-b60dab36d32fb82aa5317e5e,rating_lane_004,live,1,2026-07-29T02:24:46.989677+00:00,8.267534,success
CBSPAN-20260728-3707c270f7c7dc0a69dab999,rating_lane_004,live,1,2026-07-29T02:24:46.989679+00:00,8.819178,success
CBSPAN-20260728-d0fe829b21f932f2134e09ee,rating_lane_004,live,1,2026-07-29T02:24:46.989680+00:00,9.511803,success
CBSPAN-20260728-4b8acd45d197d4d416806252,rating_lane_004,live,1,2026-07-29T02:24:46.989682+00:00,9.867851,success
CBSPAN-20260728-392a910006aea3b074698cc6,rating_lane_004,live,1,2026-07-29T02:24:46.989684+00:00,10.039515,success
CBSPAN-20260728-d455aa04ffca6a399c6a00c6,rating_lane_004,live,1,2026-07-29T02:24:46.989685+00:00,10.067140,success
CBSPAN-20260728-9b3ec63a28e914e4e6eeb408,rating_lane_004,live,1,2026-07-29T02:24:46.989687+00:00,10.362298,success
CBSPAN-20260728-bfbb9f23f871a4a081658cba,rating_lane_004,live,1,2026-07-29T02:24:46.989688+00:00,10.654801,success
CBSPAN-20260728-bc86e12563fd6e38fed25036,rating_lane_004,live,1,2026-07-29T02:24:46.989690+00:00,10.632706,success
CBSPAN-20260728-2f14b11e8b07dc84bac72d23,rating_lane_004,live,1,2026-07-29T02:24:46.989692+00:00,11.413380,success
CBSPAN-20260728-3131a0bbb321ad210a091cbc,rating_lane_004,live,1,2026-07-29T02:24:58.463158+00:00,2.563313,success
CBSPAN-20260728-452236afddcdf6cd660a30d8,rating_lane_004,live,1,2026-07-29T02:24:58.463213+00:00,2.637357,success
CBSPAN-20260728-8e065609448e3329df4e203d,rating_lane_004,live,1,2026-07-29T02:24:58.463224+00:00,3.091389,success
CBSPAN-20260728-7757061230f6edd74be56f8e,rating_lane_004,live,1,2026-07-29T02:24:58.463232+00:00,2.676568,success
CBSPAN-20260728-78e259dacb32db0f6a744299,rating_lane_004,live,1,2026-07-29T02:24:58.463239+00:00,3.089055,success
CBSPAN-20260728-a089ae59bb7422d65f270c1e,rating_lane_004,live,1,2026-07-29T02:24:58.463246+00:00,2.563349,success
CBSPAN-20260728-dbff1072cf117f0792b347ff,rating_lane_004,live,1,2026-07-29T02:24:58.463254+00:00,2.563320,success
CBSPAN-20260728-0fb125b45ce6545255f528fc,rating_lane_004,live,1,2026-07-29T02:24:58.463323+00:00,2.884758,success
CBSPAN-20260728-a947bb6b956a62114c917a6b,rating_lane_004,live,1,2026-07-29T02:24:58.463331+00:00,4.895786,success
CBSPAN-20260728-b64fbb724367fde877be2e24,rating_lane_004,live,1,2026-07-29T02:24:58.463335+00:00,5.274927,success
CBSPAN-20260728-b9e507f05b48179131ab015c,rating_lane_004,live,1,2026-07-29T02:24:58.463337+00:00,6.122610,success
CBSPAN-20260728-7ee823cc0c32efeb2372d48b,rating_lane_004,live,1,2026-07-29T02:24:58.463339+00:00,4.467789,success
CBSPAN-20260728-9307c68d11422226c1c3e5d8,rating_lane_004,live,1,2026-07-29T02:24:58.463340+00:00,5.704556,success
CBSPAN-20260728-2426431486269f51fabfaba2,rating_lane_004,live,1,2026-07-29T02:24:58.463342+00:00,5.045483,success
CBSPAN-20260728-33ca9923ba5ade2a37a4f7ae,rating_lane_004,live,1,2026-07-29T02:24:58.463343+00:00,5.049378,success
CBSPAN-20260728-8f023710dc52291e67be85aa,rating_lane_004,live,1,2026-07-29T02:24:58.463345+00:00,5.382414,success
CBSPAN-20260728-775ce07a0240cd4d39579838,rating_lane_004,live,1,2026-07-29T02:24:58.463347+00:00,6.755696,success
CBSPAN-20260728-5b9d47d1c768c24e34495d41,rating_lane_004,live,1,2026-07-29T02:24:58.463348+00:00,7.189142,success
CBSPAN-20260728-7cbe1c04b81858e1cb9e90d2,rating_lane_004,live,1,2026-07-29T02:24:58.463350+00:00,6.826547,success
CBSPAN-20260728-b7bb4d50edd03555647a928b,rating_lane_004,live,1,2026-07-29T02:24:58.463351+00:00,10.635234,success
CBSPAN-20260728-e5e5545d525056559a0b525b,rating_lane_004,live,1,2026-07-29T02:24:58.463353+00:00,7.650579,success
CBSPAN-20260728-9990c5dfa5adb9e8aeffbc48,rating_lane_004,live,1,2026-07-29T02:24:58.463354+00:00,7.645210,success
CBSPAN-20260728-4978713509591f01d6bb5a2e,rating_lane_004,live,1,2026-07-29T02:24:58.463356+00:00,9.944207,success
CBSPAN-20260728-1ae19c5a66379df416f5ca0d,rating_lane_004,live,1,2026-07-29T02:24:58.463358+00:00,8.461553,success
CBSPAN-20260728-2aa5a3d6fcdf2a15dcbc99ed,rating_lane_004,live,1,2026-07-29T02:24:58.463359+00:00,9.900671,success
CBSPAN-20260728-90d9322b4b1f181046a73166,rating_lane_004,live,1,2026-07-29T02:24:58.463361+00:00,9.979243,success
CBSPAN-20260728-3a90133f4e5ca9e4b9878b6e,rating_lane_004,live,1,2026-07-29T02:24:58.463362+00:00,9.506634,success
CBSPAN-20260728-839be6238c971dffeb84b372,rating_lane_004,live,1,2026-07-29T02:24:58.463364+00:00,10.954004,success
CBSPAN-20260728-8f00e33aaf9dd7fe0a66d988,rating_lane_004,live,1,2026-07-29T02:24:58.463365+00:00,10.496437,success
CBSPAN-20260728-58ab8c0f9ef1e7f89455e9f5,rating_lane_004,live,1,2026-07-29T02:24:58.463367+00:00,10.954149,success
CBSPAN-20260728-7652f2def74ae304319e1f50,rating_lane_004,live,1,2026-07-29T02:24:58.463368+00:00,11.764462,success
CBSPAN-20260728-9cc0520c3d1f17ad26bbd956,rating_lane_004,live,1,2026-07-29T02:24:58.463370+00:00,12.271435,success
CBSPAN-20260728-1d68598b4d57391c8a283588,rating_lane_004,live,1,2026-07-29T02:25:10.792196+00:00,3.337023,success
CBSPAN-20260728-38645effa2e04033a07b11d5,rating_lane_004,live,1,2026-07-29T02:25:10.792228+00:00,3.229862,success
CBSPAN-20260728-57fe11864af6ee5c369b27f3,rating_lane_004,live,1,2026-07-29T02:25:10.792238+00:00,3.460168,success
CBSPAN-20260728-d2039c07a144e35e45cf7157,rating_lane_004,live,1,2026-07-29T02:25:10.792246+00:00,2.815661,success
CBSPAN-20260728-4a427044a0d8fd6c9f49767d,rating_lane_004,live,1,2026-07-29T02:25:10.792254+00:00,4.388053,success
CBSPAN-20260728-97c166e142286357ded00ccc,rating_lane_004,live,1,2026-07-29T02:25:10.792261+00:00,2.962231,success
CBSPAN-20260728-61c552af916abe11b4f13156,rating_lane_004,live,1,2026-07-29T02:25:10.792268+00:00,2.933389,success
CBSPAN-20260728-db72c0677f6db4673fcb2ff6,rating_lane_004,live,1,2026-07-29T02:25:10.792336+00:00,2.578722,success
CBSPAN-20260728-3faa82a7b0c967dc36325fe9,rating_lane_004,live,1,2026-07-29T02:25:10.792344+00:00,4.629465,success
CBSPAN-20260728-613529df48ee396a27da83a1,rating_lane_004,live,1,2026-07-29T02:25:10.792348+00:00,4.736851,success
CBSPAN-20260728-ea5e533b23f3cf25b6384cc6,rating_lane_004,live,1,2026-07-29T02:25:10.792350+00:00,5.995154,success
CBSPAN-20260728-e50769b55ed87bd0492e1daf,rating_lane_004,live,1,2026-07-29T02:25:10.792352+00:00,4.910801,success
CBSPAN-20260728-02b5764ea3346825b61253c6,rating_lane_004,live,1,2026-07-29T02:25:10.792354+00:00,5.244738,success
CBSPAN-20260728-57ccf95bc39a641d1f83a3b6,rating_lane_004,live,1,2026-07-29T02:25:10.792356+00:00,6.192243,success
CBSPAN-20260728-57dc354da40a3b4501240878,rating_lane_004,live,1,2026-07-29T02:25:10.792357+00:00,5.279144,success
CBSPAN-20260728-4079484d3e164a6154ab8122,rating_lane_004,live,1,2026-07-29T02:25:10.792359+00:00,7.224904,success
CBSPAN-20260728-bd866da50c16ce5b49fbf723,rating_lane_004,live,1,2026-07-29T02:25:10.792360+00:00,11.036871,success
CBSPAN-20260728-87382c1bea415c7ee3acc1cf,rating_lane_004,live,1,2026-07-29T02:25:10.792362+00:00,7.531565,success
CBSPAN-20260728-d564fa0c79adfa89d87420a8,rating_lane_004,live,1,2026-07-29T02:25:10.792364+00:00,7.080043,success
CBSPAN-20260728-681cce7271d048499dd4ef60,rating_lane_004,live,1,2026-07-29T02:25:10.792365+00:00,8.202107,success
CBSPAN-20260728-5b4878e4dcac04c82126dfb9,rating_lane_004,live,1,2026-07-29T02:25:10.792367+00:00,8.057517,success
CBSPAN-20260728-83f1dcb55ec75d810a8e499c,rating_lane_004,live,1,2026-07-29T02:25:10.792368+00:00,8.582823,success
CBSPAN-20260728-6ced9d3576093c4335f2382a,rating_lane_004,live,1,2026-07-29T02:25:10.792370+00:00,9.628519,success
CBSPAN-20260728-ce85d6f4c9e84228a422213a,rating_lane_004,live,1,2026-07-29T02:25:10.792372+00:00,9.371477,success
CBSPAN-20260728-3f90438699e6994f05e58e46,rating_lane_004,live,1,2026-07-29T02:25:10.792373+00:00,10.484260,success
CBSPAN-20260728-48c2bf29f8f56436a4d2d971,rating_lane_004,live,1,2026-07-29T02:25:10.792375+00:00,10.266801,success
CBSPAN-20260728-4e0584ef4610d430651d72cf,rating_lane_004,live,1,2026-07-29T02:25:10.792377+00:00,11.056678,success
CBSPAN-20260728-4385e30e0f6944b5b67f385f,rating_lane_004,live,1,2026-07-29T02:25:10.792378+00:00,10.675851,success
CBSPAN-20260728-3d6dd14b4e3994c07d47f48f,rating_lane_004,live,1,2026-07-29T02:25:10.792380+00:00,11.249128,success
CBSPAN-20260728-091bcfe37f4a31494963fd43,rating_lane_004,live,1,2026-07-29T02:25:10.792381+00:00,12.048537,success
CBSPAN-20260728-b38fc81c57d4912edd89f29d,rating_lane_004,live,1,2026-07-29T02:25:10.792383+00:00,12.398080,success
CBSPAN-20260728-0dae4972725f9832c08b544e,rating_lane_004,live,1,2026-07-29T02:25:10.792385+00:00,12.248985,success
CBSPAN-20260728-0d920eef9b2147adfda405b8,rating_lane_004,live,1,2026-07-29T02:25:23.303338+00:00,2.053381,success
CBSPAN-20260728-9578d1a4cd28773bc8b7461a,rating_lane_004,live,1,2026-07-29T02:25:23.303424+00:00,3.120374,success
CBSPAN-20260728-5eca4071f26f7a66b1d5ad90,rating_lane_004,live,1,2026-07-29T02:25:23.303434+00:00,2.393962,success
CBSPAN-20260728-beafa9f068c16873bc7ebbad,rating_lane_004,live,1,2026-07-29T02:25:23.303442+00:00,3.754596,success
CBSPAN-20260728-797589b873873cf5b05dc7e5,rating_lane_004,live,1,2026-07-29T02:25:23.303450+00:00,2.456231,success
CBSPAN-20260728-e838ca2f2cd5bd9a6c6d558b,rating_lane_004,live,1,2026-07-29T02:25:23.303457+00:00,2.251064,success
CBSPAN-20260728-b612009dd9f25b5514c7fb7f,rating_lane_004,live,1,2026-07-29T02:25:23.303465+00:00,2.767555,success
CBSPAN-20260728-8b88758834fe3c9d4ae55af8,rating_lane_004,live,1,2026-07-29T02:25:23.303473+00:00,2.777337,success
CBSPAN-20260728-3c10742ce19047184f6a261f,rating_lane_004,live,1,2026-07-29T02:25:23.303481+00:00,4.818842,success
CBSPAN-20260728-5e483af2129973968719ff78,rating_lane_004,live,1,2026-07-29T02:25:23.303485+00:00,4.889020,success
CBSPAN-20260728-1e98a2109b9ed60911589ca7,rating_lane_004,live,1,2026-07-29T02:25:23.303487+00:00,4.248389,success
CBSPAN-20260728-d08163c8681a4d6e540bef8e,rating_lane_004,live,1,2026-07-29T02:25:23.303488+00:00,5.335234,success
CBSPAN-20260728-b25fbf432a1e4279e7779a7e,rating_lane_004,live,1,2026-07-29T02:25:23.303490+00:00,5.335423,success
CBSPAN-20260728-2833badb107da91885f1a27d,rating_lane_004,live,1,2026-07-29T02:25:23.303491+00:00,4.955625,success
CBSPAN-20260728-9759faaddc6700667b560bf8,rating_lane_004,live,1,2026-07-29T02:25:23.303493+00:00,6.098119,success
CBSPAN-20260728-bd083c2e9edc1dcd5bf3b157,rating_lane_004,live,1,2026-07-29T02:25:23.303494+00:00,7.073851,success
CBSPAN-20260728-8829637541db8e999ac0d30a,rating_lane_004,live,1,2026-07-29T02:25:23.303495+00:00,7.223732,success
CBSPAN-20260728-8df539dd566075f2c42c54b2,rating_lane_004,live,1,2026-07-29T02:25:23.303497+00:00,7.412139,success
CBSPAN-20260728-3d028c41d2a6094e834fd930,rating_lane_004,live,1,2026-07-29T02:25:23.303498+00:00,7.606072,success
CBSPAN-20260728-60c6eca9cf71da9d54ee964f,rating_lane_004,live,1,2026-07-29T02:25:23.303500+00:00,7.593994,success
CBSPAN-20260728-f9fb3f3130856c01fbaf9509,rating_lane_004,live,1,2026-07-29T02:25:23.303501+00:00,10.728446,success
CBSPAN-20260728-4eaaaf3dbbb8ecdad26fc414,rating_lane_004,live,1,2026-07-29T02:25:23.303503+00:00,7.994603,success
CBSPAN-20260728-d005b9a9c5cadae9c561eb3d,rating_lane_004,live,1,2026-07-29T02:25:23.303504+00:00,8.466874,success
CBSPAN-20260728-9918158d3ff7b51c27e1e2fe,rating_lane_004,live,1,2026-07-29T02:25:23.303506+00:00,10.317752,success
CBSPAN-20260728-2df46a4ee360a1bbb3ffbeb8,rating_lane_004,live,1,2026-07-29T02:25:23.303507+00:00,9.325184,success
CBSPAN-20260728-184599d9db43e55897ed7cc0,rating_lane_004,live,1,2026-07-29T02:25:23.303509+00:00,10.457296,success
CBSPAN-20260728-c3435be88e1b38b820571d36,rating_lane_004,live,1,2026-07-29T02:25:23.303510+00:00,12.196919,success
CBSPAN-20260728-02999ed680d752d1e43867d8,rating_lane_004,live,1,2026-07-29T02:25:23.303512+00:00,9.979416,success
CBSPAN-20260728-27e8b3ec54c55a08b08c4fb9,rating_lane_004,live,1,2026-07-29T02:25:23.303513+00:00,13.722987,success
CBSPAN-20260728-d43067663b74e67be63fc376,rating_lane_004,live,1,2026-07-29T02:25:23.303514+00:00,10.537137,success
CBSPAN-20260728-e654178ce2e5ef7004a51d7c,rating_lane_004,live,1,2026-07-29T02:25:23.303516+00:00,11.981835,success
CBSPAN-20260728-d733ec500ab41a4ed389b58a,rating_lane_004,live,1,2026-07-29T02:25:23.303517+00:00,12.712594,success
CBSPAN-20260728-5e2e7500c1c5f3023c5c4f81,rating_lane_004,live,1,2026-07-29T02:25:37.082644+00:00,2.294869,success
CBSPAN-20260728-85986f8b2631a338d820b21a,rating_lane_004,live,1,2026-07-29T02:25:37.082676+00:00,2.829073,success
CBSPAN-20260728-36f3f5b1a1347dde5839872c,rating_lane_004,live,1,2026-07-29T02:25:37.082687+00:00,3.009479,success
CBSPAN-20260728-3b878f7f2f5ed3e629173b5c,rating_lane_004,live,1,2026-07-29T02:25:37.082694+00:00,2.654646,success
CBSPAN-20260728-01a90da56202986f9d5eaced,rating_lane_004,live,1,2026-07-29T02:25:37.082701+00:00,3.080327,success
CBSPAN-20260728-13bcc8014f40abea5631281e,rating_lane_004,live,1,2026-07-29T02:25:37.082709+00:00,2.271989,success
CBSPAN-20260728-d1a572f7633acabbccfeb50d,rating_lane_004,live,1,2026-07-29T02:25:37.082716+00:00,2.265216,success
CBSPAN-20260728-b35456d558fc80e8b52d7fcd,rating_lane_004,live,1,2026-07-29T02:25:37.082782+00:00,2.741721,success
CBSPAN-20260728-074daa6132cc417fc576fd85,rating_lane_004,live,1,2026-07-29T02:25:37.082790+00:00,4.949164,success
CBSPAN-20260728-076148f1399f483316ee2978,rating_lane_004,live,1,2026-07-29T02:25:37.082794+00:00,4.367629,success
CBSPAN-20260728-a37e830f798d97a307b826dd,rating_lane_004,live,1,2026-07-29T02:25:37.082795+00:00,5.040243,success
CBSPAN-20260728-9aa016c31287f5924f69d7b2,rating_lane_004,live,1,2026-07-29T02:25:37.082797+00:00,4.957533,success
CBSPAN-20260728-19562033e98ef1bf73e6d4b5,rating_lane_004,live,1,2026-07-29T02:25:37.082799+00:00,5.787211,success
CBSPAN-20260728-c09434af79f46b3b5068804e,rating_lane_004,live,1,2026-07-29T02:25:37.082800+00:00,4.763740,success
CBSPAN-20260728-5b146f7a362d3ce1a9125500,rating_lane_004,live,1,2026-07-29T02:25:37.082802+00:00,5.662603,success
CBSPAN-20260728-fcb8a8082f46acd1fc471dd1,rating_lane_004,live,1,2026-07-29T02:25:37.082804+00:00,5.912352,success
CBSPAN-20260728-9084c834792a122ee62b2efd,rating_lane_004,live,1,2026-07-29T02:25:37.082805+00:00,12.141677,success
CBSPAN-20260728-349c14a2f5e621a37f2ba5cc,rating_lane_004,live,1,2026-07-29T02:25:37.082807+00:00,7.261761,success
CBSPAN-20260728-60cd498a10c3bd8a9e91734b,rating_lane_004,live,1,2026-07-29T02:25:37.082808+00:00,7.988064,success
CBSPAN-20260728-47a206f5f41a4dac259abb98,rating_lane_004,live,1,2026-07-29T02:25:37.082810+00:00,7.567609,success
CBSPAN-20260728-ff6d12953f94000707f4737c,rating_lane_004,live,1,2026-07-29T02:25:37.082811+00:00,7.483987,success
CBSPAN-20260728-3a13bd5d6574a1ea8607e37a,rating_lane_004,live,1,2026-07-29T02:25:37.082813+00:00,9.064935,success
CBSPAN-20260728-3defe339c66f80bb20869e34,rating_lane_004,live,1,2026-07-29T02:25:37.082814+00:00,10.354029,success
CBSPAN-20260728-36293568b40675e25aca693f,rating_lane_004,live,1,2026-07-29T02:25:37.082816+00:00,9.404259,success
CBSPAN-20260728-03f4dd3e9db5913600ded32e,rating_lane_004,live,1,2026-07-29T02:25:37.082818+00:00,10.287234,success
CBSPAN-20260728-6fe63caf8d838e283f684735,rating_lane_004,live,1,2026-07-29T02:25:37.082819+00:00,10.299564,success
CBSPAN-20260728-d5b78df568eac2325d634ef3,rating_lane_004,live,1,2026-07-29T02:25:37.082821+00:00,9.681083,success
CBSPAN-20260728-814c2b5959cf102e1b3c5f29,rating_lane_004,live,1,2026-07-29T02:25:37.082822+00:00,9.953625,success
CBSPAN-20260728-46bd10e5b8a3784ff5204ae8,rating_lane_004,live,1,2026-07-29T02:25:37.082824+00:00,11.363762,success
CBSPAN-20260728-e6f6384e5820f474001ecbc8,rating_lane_004,live,1,2026-07-29T02:25:37.082825+00:00,11.933241,success
CBSPAN-20260728-e4b087736666f9566385c67f,rating_lane_004,live,1,2026-07-29T02:25:37.082827+00:00,11.933308,success
CBSPAN-20260728-6cae01aa616a222226ca26a6,rating_lane_004,live,1,2026-07-29T02:25:37.082828+00:00,12.310606,success
CBSPAN-20260728-b75419fbe7d1b849eca00330,rating_lane_004,live,1,2026-07-29T02:25:49.453181+00:00,4.386836,success
CBSPAN-20260728-df0cb11d64252d5ab08de230,rating_lane_004,live,1,2026-07-29T02:25:49.453216+00:00,2.991071,success
CBSPAN-20260728-5b4e42d459304be31fc69769,rating_lane_004,live,1,2026-07-29T02:25:49.453228+00:00,3.739821,success
CBSPAN-20260728-5174002c58792dbaaece3fb8,rating_lane_004,live,1,2026-07-29T02:25:49.453236+00:00,2.734528,success
CBSPAN-20260728-85857707262abe34cbb6fc4f,rating_lane_004,live,1,2026-07-29T02:25:49.453244+00:00,3.037447,success
CBSPAN-20260728-d272d5d04673ad46a7885b4c,rating_lane_004,live,1,2026-07-29T02:25:49.453253+00:00,2.846394,success
CBSPAN-20260728-aca37829a56f20a4abad23d7,rating_lane_004,live,1,2026-07-29T02:25:49.453260+00:00,2.454667,success
CBSPAN-20260728-18b48409ad384f247ba650fb,rating_lane_004,live,1,2026-07-29T02:25:49.453327+00:00,2.106925,success
CBSPAN-20260728-5a2f0d35398434c9a15cac7e,rating_lane_004,live,1,2026-07-29T02:25:49.453335+00:00,4.347424,success
CBSPAN-20260728-776f5202f7616c46dc39fc80,rating_lane_004,live,1,2026-07-29T02:25:49.453339+00:00,4.739128,success
CBSPAN-20260728-c4ec22a5a6c47baf01cae9e0,rating_lane_004,live,1,2026-07-29T02:25:49.453341+00:00,6.209876,success
CBSPAN-20260728-5ad9313cb02262cc757a5269,rating_lane_004,live,1,2026-07-29T02:25:49.453343+00:00,7.089235,success
CBSPAN-20260728-ae644331cba6302f3f80355c,rating_lane_004,live,1,2026-07-29T02:25:49.453345+00:00,5.628991,success
CBSPAN-20260728-c8f76df540390f5c3211e4a1,rating_lane_004,live,1,2026-07-29T02:25:49.453346+00:00,5.498334,success
CBSPAN-20260728-c6339128211083c3f6cbc6e3,rating_lane_004,live,1,2026-07-29T02:25:49.453348+00:00,5.988273,success
CBSPAN-20260728-68c0654b216781baabd19b47,rating_lane_004,live,1,2026-07-29T02:25:49.453349+00:00,6.829585,success
CBSPAN-20260728-074a239890ca911ca2e7f613,rating_lane_004,live,1,2026-07-29T02:25:49.453351+00:00,7.624411,success
CBSPAN-20260728-1dfb700e401f36825b612f93,rating_lane_004,live,1,2026-07-29T02:25:49.453353+00:00,7.168643,success
CBSPAN-20260728-5bb73572773196995764e816,rating_lane_004,live,1,2026-07-29T02:25:49.453354+00:00,7.839265,success
CBSPAN-20260728-111fc715a78c7f90cf8d2b2c,rating_lane_004,live,1,2026-07-29T02:25:49.453356+00:00,8.541891,success
CBSPAN-20260728-db2e7c0d531eaa9724ff530c,rating_lane_004,live,1,2026-07-29T02:25:49.453357+00:00,8.653945,success
CBSPAN-20260728-a47bc8281c328a33c7f65c10,rating_lane_004,live,1,2026-07-29T02:25:49.453359+00:00,8.489976,success
CBSPAN-20260728-0d8d3ad56436ae687f22d910,rating_lane_004,live,1,2026-07-29T02:25:49.453361+00:00,9.317673,success
CBSPAN-20260728-2f3ffaa9e48817d785c883fe,rating_lane_004,live,1,2026-07-29T02:25:49.453362+00:00,10.218553,success
CBSPAN-20260728-20d449a6f2fe3b51578f76be,rating_lane_004,live,1,2026-07-29T02:25:49.453364+00:00,9.510358,success
CBSPAN-20260728-058e46db02297848c3c0bbb6,rating_lane_004,live,1,2026-07-29T02:25:49.453365+00:00,9.862260,success
CBSPAN-20260728-55da506ea2871f073e44e4fd,rating_lane_004,live,1,2026-07-29T02:25:49.453367+00:00,10.704527,success
CBSPAN-20260728-107c8bcb45bd34bf09ade188,rating_lane_004,live,1,2026-07-29T02:25:49.453369+00:00,12.093247,success
CBSPAN-20260728-2e9beac0856696ec389847d3,rating_lane_004,live,1,2026-07-29T02:25:49.453370+00:00,11.611726,success
CBSPAN-20260728-a04612d72d588989ca9cc7c5,rating_lane_004,live,1,2026-07-29T02:25:49.453372+00:00,10.953625,success
CBSPAN-20260728-1c7fd450cf32090dfb926bfd,rating_lane_004,live,1,2026-07-29T02:25:49.453374+00:00,12.190983,success
CBSPAN-20260728-2ad00b7aee8e1e4cfb7c4ab3,rating_lane_004,live,1,2026-07-29T02:25:49.453376+00:00,11.666878,success
CBSPAN-20260728-c6339128211083c3f6cbc6e3,rating_lane_004,live,2,2026-07-29T02:26:01.657514+00:00,2.716882,success
CBSPAN-20260728-748424cfa0460a6a99a88ae0,rating_lane_004,live,1,2026-07-29T02:26:04.438624+00:00,2.701816,success
CBSPAN-20260728-7264aa3cb334d31c61f44434,rating_lane_004,live,1,2026-07-29T02:26:04.438664+00:00,2.499638,success
CBSPAN-20260728-ad7608fbe794a8c4046217f8,rating_lane_004,live,1,2026-07-29T02:26:04.438676+00:00,2.307341,success
CBSPAN-20260728-04d835606135243dbbafbe67,rating_lane_004,live,1,2026-07-29T02:26:04.438757+00:00,2.965855,success
CBSPAN-20260728-03982dab618e33770568d1fb,rating_lane_004,live,1,2026-07-29T02:26:04.438766+00:00,2.350154,success
CBSPAN-20260728-e963a2f1a3aa8ebae62520f4,rating_lane_004,live,1,2026-07-29T02:26:04.438774+00:00,2.088454,success
CBSPAN-20260728-7ae23c7ca20f00740008ac91,rating_lane_004,live,1,2026-07-29T02:26:04.438783+00:00,4.758087,success
CBSPAN-20260728-3faf22d0662ef5d27f73d7f3,rating_lane_004,live,1,2026-07-29T02:26:04.438792+00:00,3.665984,success
CBSPAN-20260728-c7504d0c383ebc34786be3c4,rating_lane_004,live,1,2026-07-29T02:26:04.438800+00:00,5.632370,success
CBSPAN-20260728-8e0d09cd2cbbdff922169566,rating_lane_004,live,1,2026-07-29T02:26:04.438804+00:00,4.503698,success
CBSPAN-20260728-9fb5cfa1e5822bd2d3b0b682,rating_lane_004,live,1,2026-07-29T02:26:04.438807+00:00,5.589217,success
CBSPAN-20260728-91a7e1b7cabb6b7dfe3527a7,rating_lane_004,live,1,2026-07-29T02:26:04.438809+00:00,5.513347,success
CBSPAN-20260728-6529e5de4ff5676b559bcbac,rating_lane_004,live,1,2026-07-29T02:26:04.438811+00:00,4.786641,success
CBSPAN-20260728-0b30f4bf9668fd9be5aeeb23,rating_lane_004,live,1,2026-07-29T02:26:04.438813+00:00,6.223624,success
CBSPAN-20260728-5fd28b569392c04aa2304f07,rating_lane_004,live,1,2026-07-29T02:26:04.438814+00:00,6.191388,success
CBSPAN-20260728-7a2a46a9594abceefcd0ae98,rating_lane_004,live,1,2026-07-29T02:26:04.438816+00:00,6.796709,success
CBSPAN-20260728-e18afd47f6624ffd6771d584,rating_lane_004,live,1,2026-07-29T02:26:04.438818+00:00,9.242287,success
CBSPAN-20260728-9b3aa812a2cf887a1a2503bb,rating_lane_004,live,1,2026-07-29T02:26:04.438819+00:00,7.546468,success
CBSPAN-20260728-d7b9df8c627f7812d0befe51,rating_lane_004,live,1,2026-07-29T02:26:04.438821+00:00,8.369972,success
CBSPAN-20260728-42bbbc93ba0189ec1da063cc,rating_lane_004,live,1,2026-07-29T02:26:04.438822+00:00,8.754891,success
CBSPAN-20260728-541ec5172172eaae70cfa77e,rating_lane_004,live,1,2026-07-29T02:26:04.438824+00:00,7.873985,success
CBSPAN-20260728-06fcb73b13eda12d6662199b,rating_lane_004,live,1,2026-07-29T02:26:04.438825+00:00,8.647788,success
CBSPAN-20260728-f19a22193fe506e783f3005a,rating_lane_004,live,1,2026-07-29T02:26:04.438827+00:00,8.337714,success
CBSPAN-20260728-a5bfde1e0990381be9ba2a35,rating_lane_004,live,1,2026-07-29T02:26:04.438829+00:00,9.434383,success
CBSPAN-20260728-fae8fb2b161c487cd8110b9f,rating_lane_004,live,1,2026-07-29T02:26:04.438830+00:00,10.069970,success
CBSPAN-20260728-c2e15fc5f885dbdcabadb950,rating_lane_004,live,1,2026-07-29T02:26:04.438832+00:00,10.427814,success
CBSPAN-20260728-a92879bb99c39bdca6fd8cfa,rating_lane_004,live,1,2026-07-29T02:26:04.438833+00:00,10.177006,success
CBSPAN-20260728-dcedf6620d473b8e44dd13e3,rating_lane_004,live,1,2026-07-29T02:26:04.438835+00:00,10.932787,success
CBSPAN-20260728-e135c688872c264b1ebb51bb,rating_lane_004,live,1,2026-07-29T02:26:04.438837+00:00,10.787356,success
CBSPAN-20260728-8e10a799a18ae5db8f01d5b8,rating_lane_004,live,1,2026-07-29T02:26:04.438838+00:00,11.160669,success
CBSPAN-20260728-91c4d237f37a3ebaad7fe00d,rating_lane_004,live,1,2026-07-29T02:26:04.438840+00:00,11.796198,success
CBSPAN-20260728-1f3197295bbb304f3b49e1f7,rating_lane_004,live,1,2026-07-29T02:26:04.438842+00:00,12.142073,success
CBSPAN-20260728-d89d0d1b08e767f9f161dea8,rating_lane_004,live,1,2026-07-29T02:26:16.641439+00:00,2.501944,success
CBSPAN-20260728-3035f86ea197e365e624317e,rating_lane_004,live,1,2026-07-29T02:26:16.641468+00:00,1.999082,success
CBSPAN-20260728-dbceba09defcd7dcdfbba946,rating_lane_004,live,1,2026-07-29T02:26:16.641477+00:00,4.874607,success
CBSPAN-20260728-27bd4a6d0c84c3e59198e038,rating_lane_004,live,1,2026-07-29T02:26:16.641484+00:00,3.044559,success
CBSPAN-20260728-1d468054c109b40860a10912,rating_lane_004,live,1,2026-07-29T02:26:16.641491+00:00,2.821850,success
CBSPAN-20260728-12088ee4a4a9e05bbe08170c,rating_lane_004,live,1,2026-07-29T02:26:16.641499+00:00,7.534189,success
CBSPAN-20260728-9b1cf5229594f0ef009a6a49,rating_lane_004,live,1,2026-07-29T02:26:16.641505+00:00,2.373358,success
CBSPAN-20260728-24bf9109440b3fe183b47fcb,rating_lane_004,live,1,2026-07-29T02:26:16.641567+00:00,3.071590,success
CBSPAN-20260728-239a3322d07a91a9a47982ee,rating_lane_004,live,1,2026-07-29T02:26:16.641575+00:00,3.810002,success
CBSPAN-20260728-065030b37e71e595e7dd7a25,rating_lane_004,live,1,2026-07-29T02:26:16.641579+00:00,4.315719,success
CBSPAN-20260728-4b1a0aa5a275e98b23155789,rating_lane_004,live,1,2026-07-29T02:26:16.641581+00:00,5.819307,success
CBSPAN-20260728-b93d7ca1edcfd897c7926468,rating_lane_004,live,1,2026-07-29T02:26:16.641582+00:00,5.780305,success
CBSPAN-20260728-5062249803c66368a79f9597,rating_lane_004,live,1,2026-07-29T02:26:16.641584+00:00,5.243621,success
CBSPAN-20260728-014ee9e578987eedf812d0b9,rating_lane_004,live,1,2026-07-29T02:26:16.641585+00:00,5.847956,success
CBSPAN-20260728-94d1d56cf6f01992b50c47b2,rating_lane_004,live,1,2026-07-29T02:26:16.641587+00:00,6.746541,success
CBSPAN-20260728-b3837478d32e63a05ce9c48f,rating_lane_004,live,1,2026-07-29T02:26:16.641589+00:00,7.322392,success
CBSPAN-20260728-b81c23c9d31bf3d5bcfb077f,rating_lane_004,live,1,2026-07-29T02:26:16.641590+00:00,6.967712,success
CBSPAN-20260728-5f37b14f4cbc13d858857108,rating_lane_004,live,1,2026-07-29T02:26:16.641592+00:00,7.311743,success
CBSPAN-20260728-9c268d64598550f3fce6a77d,rating_lane_004,live,1,2026-07-29T02:26:16.641593+00:00,7.893142,success
CBSPAN-20260728-ae550aa4c7c0d228ac5f1356,rating_lane_004,live,1,2026-07-29T02:26:16.641595+00:00,8.134681,success
CBSPAN-20260728-eea369ccd39c185b42b99dcf,rating_lane_004,live,1,2026-07-29T02:26:16.641597+00:00,9.600188,success
CBSPAN-20260728-d22f18d33bc6d124c2259a27,rating_lane_004,live,1,2026-07-29T02:26:16.641598+00:00,8.767871,success
CBSPAN-20260728-1e1f0a8392ffb4bba0c384b2,rating_lane_004,live,1,2026-07-29T02:26:16.641600+00:00,9.542859,success
CBSPAN-20260728-03df17d82ac4bf852006e8fc,rating_lane_004,live,1,2026-07-29T02:26:16.641601+00:00,14.887248,success
CBSPAN-20260728-b5810e21fb03692dc822581a,rating_lane_004,live,1,2026-07-29T02:26:16.641603+00:00,10.017987,success
CBSPAN-20260728-28e292efb531dee42319b28c,rating_lane_004,live,1,2026-07-29T02:26:16.641605+00:00,9.908218,success
CBSPAN-20260728-cdc85fd9544cae8271b468f7,rating_lane_004,live,1,2026-07-29T02:26:16.641606+00:00,10.359411,success
CBSPAN-20260728-d168506b1bb12cb21ea14d1a,rating_lane_004,live,1,2026-07-29T02:26:16.641608+00:00,10.233039,success
CBSPAN-20260728-70e342902ce85d2c18112cf9,rating_lane_004,live,1,2026-07-29T02:26:16.641610+00:00,11.156436,success
CBSPAN-20260728-f5734e29d4bcfe54a93c1db9,rating_lane_004,live,1,2026-07-29T02:26:16.641611+00:00,12.436915,success
CBSPAN-20260728-e5a40d255e06864683ac8b35,rating_lane_004,live,1,2026-07-29T02:26:16.641613+00:00,12.183315,success
CBSPAN-20260728-b3359675733bad66ab8983bf,rating_lane_004,live,1,2026-07-29T02:26:16.641614+00:00,18.343731,success
CBSPAN-20260728-eea369ccd39c185b42b99dcf,rating_lane_004,live,2,2026-07-29T02:26:34.994166+00:00,4.384043,success
CBSPAN-20260728-6c92983401893c1e60771de7,rating_lane_004,live,1,2026-07-29T02:26:39.438385+00:00,2.130078,success
CBSPAN-20260728-d337c39c17d8aabb2788897e,rating_lane_004,live,1,2026-07-29T02:26:39.438418+00:00,2.804856,success
CBSPAN-20260728-ec08315eb31ceca54c2cc787,rating_lane_004,live,1,2026-07-29T02:26:39.438430+00:00,2.856459,success
CBSPAN-20260728-7bff1d94d99a9215e38b436a,rating_lane_004,live,1,2026-07-29T02:26:39.438508+00:00,2.963408,success
CBSPAN-20260728-78408aedbd9ddf2605a18670,rating_lane_004,live,1,2026-07-29T02:26:39.438516+00:00,2.799511,success
CBSPAN-20260728-4e58a6a6aabbca9260dceae1,rating_lane_004,live,1,2026-07-29T02:26:39.438524+00:00,3.042275,success
CBSPAN-20260728-a1e2afc7525d12320616b00b,rating_lane_004,live,1,2026-07-29T02:26:39.438530+00:00,3.424258,success
CBSPAN-20260728-efad2423ff1ae7aa2021c7d6,rating_lane_004,live,1,2026-07-29T02:26:39.438538+00:00,2.608365,success
CBSPAN-20260728-85c4dff67a54b73dabe83b94,rating_lane_004,live,1,2026-07-29T02:26:39.438545+00:00,4.452362,success
CBSPAN-20260728-06fbd92a68c8364d4ac82cb7,rating_lane_004,live,1,2026-07-29T02:26:39.438550+00:00,5.071580,success
CBSPAN-20260728-58a38e266f8f101d36083c87,rating_lane_004,live,1,2026-07-29T02:26:39.438552+00:00,5.658203,success
CBSPAN-20260728-8226abccbad39eb804ea0bc9,rating_lane_004,live,1,2026-07-29T02:26:39.438554+00:00,5.877502,success
CBSPAN-20260728-84474218f2b260f156b6764e,rating_lane_004,live,1,2026-07-29T02:26:39.438555+00:00,5.662149,success
CBSPAN-20260728-edea6b403446ac60fcb5029b,rating_lane_004,live,1,2026-07-29T02:26:39.438557+00:00,6.241079,success
CBSPAN-20260728-da8b3ef50964786b06ab94f2,rating_lane_004,live,1,2026-07-29T02:26:39.438559+00:00,5.709038,success
CBSPAN-20260728-97a07e11c3b657ed8cdda8b0,rating_lane_004,live,1,2026-07-29T02:26:39.438561+00:00,5.796327,success
CBSPAN-20260728-0a2991eee87fd76a2966b005,rating_lane_004,live,1,2026-07-29T02:26:39.438563+00:00,7.021382,success
CBSPAN-20260728-8da68e1f166ea75c2cdbc652,rating_lane_004,live,1,2026-07-29T02:26:39.438565+00:00,9.675794,success
CBSPAN-20260728-33fef029c3998093ecd67f8e,rating_lane_004,live,1,2026-07-29T02:26:39.438566+00:00,8.253151,success
CBSPAN-20260728-e3e51a5c3cebf9d5a91d7049,rating_lane_004,live,1,2026-07-29T02:26:39.438568+00:00,7.735849,success
CBSPAN-20260728-2c944ae19a74a128b9b0632a,rating_lane_004,live,1,2026-07-29T02:26:39.438569+00:00,8.860299,success
CBSPAN-20260728-d6821aeb987f103339740d43,rating_lane_004,live,1,2026-07-29T02:26:39.438571+00:00,11.000730,success
CBSPAN-20260728-c254a599d66dddb9b300ca64,rating_lane_004,live,1,2026-07-29T02:26:39.438573+00:00,9.069523,success
CBSPAN-20260728-c032ac702ec96330aab7f8b9,rating_lane_004,live,1,2026-07-29T02:26:39.438574+00:00,9.248802,success
CBSPAN-20260728-0f1c7ca606871199d9898505,rating_lane_004,live,1,2026-07-29T02:26:39.438575+00:00,9.248750,success
CBSPAN-20260728-c620718b4a9b5fae4f5d3c10,rating_lane_004,live,1,2026-07-29T02:26:39.438577+00:00,9.990771,success
CBSPAN-20260728-a3939da4600f89b1bbf2a24e,rating_lane_004,live,1,2026-07-29T02:26:39.438579+00:00,10.511621,success
CBSPAN-20260728-c484b3f908f2a922846ebbb9,rating_lane_004,live,1,2026-07-29T02:26:39.438580+00:00,11.132477,success
CBSPAN-20260728-2a89b7078e811a0afd1d340a,rating_lane_004,live,1,2026-07-29T02:26:39.438582+00:00,11.650336,success
CBSPAN-20260728-42fe481b9f5ee8c8aa9a8167,rating_lane_004,live,1,2026-07-29T02:26:39.438583+00:00,11.575420,success
CBSPAN-20260728-c8ef033d329f3ac15ec32374,rating_lane_004,live,1,2026-07-29T02:26:39.438585+00:00,12.645690,success
CBSPAN-20260728-92d83311f5064cc92eeb4667,rating_lane_004,live,1,2026-07-29T02:26:39.438587+00:00,12.037683,success
CBSPAN-20260728-8da68e1f166ea75c2cdbc652,rating_lane_004,live,2,2026-07-29T02:26:52.090782+00:00,2.867411,success
CBSPAN-20260728-10f597607f64e9a2fe0ace7b,rating_lane_004,live,1,2026-07-29T02:26:55.008712+00:00,2.427163,success
CBSPAN-20260728-00ea309cd8f7cc6b82a452f4,rating_lane_004,live,1,2026-07-29T02:26:55.008739+00:00,2.452079,success
CBSPAN-20260728-2fe55b9a22743c1ba27a3187,rating_lane_004,live,1,2026-07-29T02:26:55.008748+00:00,2.410376,success
CBSPAN-20260728-bbbfea714251adeeaf412b94,rating_lane_004,live,1,2026-07-29T02:26:55.008808+00:00,2.423166,success
CBSPAN-20260728-f18c9c302d513dd91474f476,rating_lane_004,live,1,2026-07-29T02:26:55.008816+00:00,16.799365,success
CBSPAN-20260728-eb0498dbe591690cdf8e0ce2,rating_lane_004,live,1,2026-07-29T02:26:55.008822+00:00,2.509167,success
CBSPAN-20260728-9cd9e214db08a7c6f5357b5a,rating_lane_004,live,1,2026-07-29T02:26:55.008829+00:00,3.105723,success
CBSPAN-20260728-3ff91d680fc7b02e536af2b7,rating_lane_004,live,1,2026-07-29T02:26:55.008835+00:00,2.493682,success
CBSPAN-20260728-3a5a39a3e2ea309aedd36679,rating_lane_004,live,1,2026-07-29T02:26:55.008842+00:00,4.970712,success
CBSPAN-20260728-5fd52e86b3902a49b8184807,rating_lane_004,live,1,2026-07-29T02:26:55.008845+00:00,4.542068,success
CBSPAN-20260728-76aff8d23c330880eac5f3a3,rating_lane_004,live,1,2026-07-29T02:26:55.008847+00:00,4.970915,success
CBSPAN-20260728-e0ab4201c8d2934f70bca153,rating_lane_004,live,1,2026-07-29T02:26:55.008849+00:00,6.711519,success
CBSPAN-20260728-45251b0b2d01f96eed8ab00d,rating_lane_004,live,1,2026-07-29T02:26:55.008850+00:00,6.132212,success
CBSPAN-20260728-ba84fe0eb75295ab678f86fe,rating_lane_004,live,1,2026-07-29T02:26:55.008852+00:00,5.047391,success
CBSPAN-20260728-2fde7e8b74bde0dc3a85d2ad,rating_lane_004,live,1,2026-07-29T02:26:55.008853+00:00,5.251774,success
CBSPAN-20260728-9673a39b2cb0b8f54e1b4ab0,rating_lane_004,live,1,2026-07-29T02:26:55.008855+00:00,6.711671,success
CBSPAN-20260728-9df9b9b99c8fcfe913f6c7cf,rating_lane_004,live,1,2026-07-29T02:26:55.008856+00:00,7.848267,success
CBSPAN-20260728-d200b0cab2f1587c0c73e023,rating_lane_004,live,1,2026-07-29T02:26:55.008857+00:00,7.336582,success
CBSPAN-20260728-626b8216c58af5bd78d692fb,rating_lane_004,live,1,2026-07-29T02:26:55.008859+00:00,8.004331,success
CBSPAN-20260728-e8dca71608caab839a1a7308,rating_lane_004,live,1,2026-07-29T02:26:55.008860+00:00,7.219320,success
CBSPAN-20260728-a17c8c64c5469df6fcdc299f,rating_lane_004,live,1,2026-07-29T02:26:55.008862+00:00,9.471722,success
CBSPAN-20260728-8546f7e8850fd676c9859780,rating_lane_004,live,1,2026-07-29T02:26:55.008863+00:00,12.020746,success
CBSPAN-20260728-d03bbfc9e165113b573dc11b,rating_lane_004,live,1,2026-07-29T02:26:55.008865+00:00,9.480188,success
CBSPAN-20260728-6d7a210904f964b48460d399,rating_lane_004,live,1,2026-07-29T02:26:55.008866+00:00,9.859509,success
CBSPAN-20260728-de880e4dc5b352d3f4f2547d,rating_lane_004,live,1,2026-07-29T02:26:55.008868+00:00,9.813958,success
CBSPAN-20260728-6992623200b7d0fc6fbb8896,rating_lane_004,live,1,2026-07-29T02:26:55.008869+00:00,9.645248,success
CBSPAN-20260728-c5c4ebb4e1a7dbd22f6ad8b4,rating_lane_004,live,1,2026-07-29T02:26:55.008871+00:00,11.011369,success
CBSPAN-20260728-e5580119caeb74000a994e2e,rating_lane_004,live,1,2026-07-29T02:26:55.008873+00:00,12.539017,success
CBSPAN-20260728-5fc144db502ffefffc0c182c,rating_lane_004,live,1,2026-07-29T02:26:55.008874+00:00,12.147268,success
CBSPAN-20260728-1e007a30ca933fbe828ee202,rating_lane_004,live,1,2026-07-29T02:26:55.008875+00:00,11.821217,success
CBSPAN-20260728-6273f8c588f0f5743741a654,rating_lane_004,live,1,2026-07-29T02:26:55.008877+00:00,12.760475,success
CBSPAN-20260728-83664b8134740e3d6578870d,rating_lane_004,live,1,2026-07-29T02:26:55.008878+00:00,12.635266,success
CBSPAN-20260728-297a6c56163e3b29545132f1,rating_lane_004,live,1,2026-07-29T02:27:11.855761+00:00,2.893005,success
CBSPAN-20260728-8f86e2b1664d3ec7372b47c2,rating_lane_004,live,1,2026-07-29T02:27:11.855792+00:00,2.247645,success
CBSPAN-20260728-d3593630e1ed758287ff2f0f,rating_lane_004,live,1,2026-07-29T02:27:11.855801+00:00,2.311776,success
CBSPAN-20260728-40a44a6d510d7b2e17f54e15,rating_lane_004,live,1,2026-07-29T02:27:11.855809+00:00,2.241811,success
CBSPAN-20260728-2c9f42b08066beb43ba5862e,rating_lane_004,live,1,2026-07-29T02:27:11.855816+00:00,2.723227,success
CBSPAN-20260728-0e957d1317fa7deb2042b358,rating_lane_004,live,1,2026-07-29T02:27:11.855822+00:00,2.271376,success
CBSPAN-20260728-4951f420d17eb487ea9ac555,rating_lane_004,live,1,2026-07-29T02:27:11.855828+00:00,2.422829,success
CBSPAN-20260728-afe950d4c74397062edfcf26,rating_lane_004,live,1,2026-07-29T02:27:11.855888+00:00,2.670175,success
CBSPAN-20260728-39623b4100df7c3947571012,rating_lane_004,live,1,2026-07-29T02:27:11.855895+00:00,5.351821,success
CBSPAN-20260728-6cff59cace689976f3068273,rating_lane_004,live,1,2026-07-29T02:27:11.855899+00:00,5.008264,success
CBSPAN-20260728-0a950bb2def58990764fa1f1,rating_lane_004,live,1,2026-07-29T02:27:11.855901+00:00,5.679148,success
CBSPAN-20260728-e93d4a29304af3db07ebbfcd,rating_lane_004,live,1,2026-07-29T02:27:11.855903+00:00,4.631816,success
CBSPAN-20260728-3a561e2c1ff4ec5108cfcba9,rating_lane_004,live,1,2026-07-29T02:27:11.855904+00:00,5.324954,success
CBSPAN-20260728-bc4b3c67d5dcda1d5e041b7a,rating_lane_004,live,1,2026-07-29T02:27:11.855906+00:00,7.092799,success
CBSPAN-20260728-45189b65753e9eddbb97b852,rating_lane_004,live,1,2026-07-29T02:27:11.855907+00:00,4.946501,success
CBSPAN-20260728-bd8d33ab779d86ee85e7017e,rating_lane_004,live,1,2026-07-29T02:27:11.855909+00:00,7.537795,success
CBSPAN-20260728-a2c8eabf75a23eeea63b9734,rating_lane_004,live,1,2026-07-29T02:27:11.855911+00:00,6.705779,success
CBSPAN-20260728-a6239a32902fc6f0f4c88e8a,rating_lane_004,live,1,2026-07-29T02:27:11.855912+00:00,8.500476,success
CBSPAN-20260728-88a227629b053bb55769d65d,rating_lane_004,live,1,2026-07-29T02:27:11.855914+00:00,9.809921,success
CBSPAN-20260728-c00183721bd2ce8486bcc095,rating_lane_004,live,1,2026-07-29T02:27:11.855915+00:00,8.941369,success
CBSPAN-20260728-a8037d460991015de5882e4a,rating_lane_004,live,1,2026-07-29T02:27:11.855917+00:00,7.988065,success
CBSPAN-20260728-ad17b5a9213e31583a01b72a,rating_lane_004,live,1,2026-07-29T02:27:11.855918+00:00,8.500620,success
CBSPAN-20260728-af200521849a3aeb354aa691,rating_lane_004,live,1,2026-07-29T02:27:11.855920+00:00,9.470477,success
CBSPAN-20260728-ca83188ce10b1a350967e903,rating_lane_004,live,1,2026-07-29T02:27:11.855921+00:00,9.420139,success
CBSPAN-20260728-e35ba34e42e0fedb3680908c,rating_lane_004,live,1,2026-07-29T02:27:11.855923+00:00,10.239248,success
CBSPAN-20260728-c871ae363a6147b4b8fd2651,rating_lane_004,live,1,2026-07-29T02:27:11.855924+00:00,11.058995,success
CBSPAN-20260728-e5618aeb0126bf1fcf91b457,rating_lane_004,live,1,2026-07-29T02:27:11.855925+00:00,12.593856,success
CBSPAN-20260728-87f2e96b001172fa7ca9aefd,rating_lane_004,live,1,2026-07-29T02:27:11.855927+00:00,11.203550,success
CBSPAN-20260728-2729125198c3fbdf76fbcd2e,rating_lane_004,live,1,2026-07-29T02:27:11.855928+00:00,11.962322,success
CBSPAN-20260728-22aa7d702b4123f2f645de39,rating_lane_004,live,1,2026-07-29T02:27:11.855930+00:00,12.093861,success
CBSPAN-20260728-fe262b7f3b33b26bd4bfe394,rating_lane_004,live,1,2026-07-29T02:27:11.855931+00:00,12.108915,success
CBSPAN-20260728-b3e25ec3a5b1ac182dda87c0,rating_lane_004,live,1,2026-07-29T02:27:11.855933+00:00,12.093802,success
CBSPAN-20260728-20ec0ce176b502eb5822102b,rating_lane_004,live,1,2026-07-29T02:27:24.505717+00:00,2.226718,success
CBSPAN-20260728-409386c8a5cf7d1e50c4820e,rating_lane_004,live,1,2026-07-29T02:27:24.505749+00:00,2.224131,success
CBSPAN-20260728-88209997e5bd55b072d863b0,rating_lane_004,live,1,2026-07-29T02:27:24.505759+00:00,3.931621,success
CBSPAN-20260728-660528b86fa4a616cfe811d5,rating_lane_004,live,1,2026-07-29T02:27:24.505766+00:00,2.786116,success
CBSPAN-20260728-c0fba9bdcbe3b2262daa7090,rating_lane_004,live,1,2026-07-29T02:27:24.505773+00:00,2.592765,success
CBSPAN-20260728-97e346f8349f2ce7855ec17d,rating_lane_004,live,1,2026-07-29T02:27:24.505780+00:00,3.969994,success
CBSPAN-20260728-7c002318a85e87992520f543,rating_lane_004,live,1,2026-07-29T02:27:24.505786+00:00,2.545122,success
CBSPAN-20260728-6f659e64add807a3fe931340,rating_lane_004,live,1,2026-07-29T02:27:24.505849+00:00,3.760584,success
CBSPAN-20260728-c451bf345e465b44d89a03b5,rating_lane_004,live,1,2026-07-29T02:27:24.505856+00:00,4.844891,success
CBSPAN-20260728-14ab9dc010bb2f9a19067dc9,rating_lane_004,live,1,2026-07-29T02:27:24.505860+00:00,4.826771,success
CBSPAN-20260728-480e00920d09661c52facf33,rating_lane_004,live,1,2026-07-29T02:27:24.505862+00:00,4.871504,success
CBSPAN-20260728-85cbf65582422ab00f8e628c,rating_lane_004,live,1,2026-07-29T02:27:24.505864+00:00,6.055959,success
CBSPAN-20260728-20e51af04d9cafa9debe8845,rating_lane_004,live,1,2026-07-29T02:27:24.505866+00:00,5.884816,success
CBSPAN-20260728-8fe6506683f74142e75ab031,rating_lane_004,live,1,2026-07-29T02:27:24.505867+00:00,6.439034,success
CBSPAN-20260728-610d0a7fc88a5fc672a19ed5,rating_lane_004,live,1,2026-07-29T02:27:24.505869+00:00,6.665897,success
CBSPAN-20260728-b40e4dfebf4c396088ff6257,rating_lane_004,live,1,2026-07-29T02:27:24.505871+00:00,7.323085,success
CBSPAN-20260728-ca0a9724ecd5dfacdfc67cf5,rating_lane_004,live,1,2026-07-29T02:27:24.505872+00:00,7.558096,success
CBSPAN-20260728-2674889b99d9ce83782aacb1,rating_lane_004,live,1,2026-07-29T02:27:24.505874+00:00,6.906603,success
CBSPAN-20260728-09946551fb714390360f19eb,rating_lane_004,live,1,2026-07-29T02:27:24.505876+00:00,9.220943,success
CBSPAN-20260728-f546b55617e30d2bdb5a1d52,rating_lane_004,live,1,2026-07-29T02:27:24.505877+00:00,10.485933,success
CBSPAN-20260728-95f95d369adb85be39bdd4a2,rating_lane_004,live,1,2026-07-29T02:27:24.505879+00:00,9.396944,success
CBSPAN-20260728-e7600dc5a43a44881c5724db,rating_lane_004,live,1,2026-07-29T02:27:24.505880+00:00,9.220776,success
CBSPAN-20260728-8d750e46be48073530d37d2a,rating_lane_004,live,1,2026-07-29T02:27:24.505882+00:00,9.797114,success
CBSPAN-20260728-90f96a3f063579a22c313ecb,rating_lane_004,live,1,2026-07-29T02:27:24.505883+00:00,9.262648,success
CBSPAN-20260728-eca6d633add819fdfb495566,rating_lane_004,live,1,2026-07-29T02:27:24.505885+00:00,10.899807,success
CBSPAN-20260728-41a41e18627da02e0d018ea4,rating_lane_004,live,1,2026-07-29T02:27:24.505886+00:00,10.266916,success
CBSPAN-20260728-79a25d2cc06ef81cc55399ab,rating_lane_004,live,1,2026-07-29T02:27:24.505888+00:00,11.020536,success
CBSPAN-20260728-a4c06410f55fb623523f7df7,rating_lane_004,live,1,2026-07-29T02:27:24.505889+00:00,11.413603,success
CBSPAN-20260728-54df3036b8a56752497d0de1,rating_lane_004,live,1,2026-07-29T02:27:24.505891+00:00,11.630533,success
CBSPAN-20260728-6e59f4af4ebf45de7909d740,rating_lane_004,live,1,2026-07-29T02:27:24.505892+00:00,12.540729,success
CBSPAN-20260728-a53e5fb973c17aef20800296,rating_lane_004,live,1,2026-07-29T02:27:24.505894+00:00,13.185731,success
CBSPAN-20260728-48779e206ee7d50bd3772303,rating_lane_004,live,1,2026-07-29T02:27:24.505895+00:00,12.659835,success
CBSPAN-20260728-7b9378f0d6d74d8a49a4ae82,rating_lane_004,live,1,2026-07-29T02:27:37.757855+00:00,2.894781,success
CBSPAN-20260728-b1704e05188dddff9b7f17d8,rating_lane_004,live,1,2026-07-29T02:27:37.757888+00:00,2.464693,success
CBSPAN-20260728-f234a59bb15be82ba8e1ee47,rating_lane_004,live,1,2026-07-29T02:27:37.757898+00:00,2.474606,success
CBSPAN-20260728-2a38b56841be4a1b9cd46ecc,rating_lane_004,live,1,2026-07-29T02:27:37.757905+00:00,2.180710,success
CBSPAN-20260728-5b1648c8793aac7a6c144693,rating_lane_004,live,1,2026-07-29T02:27:37.757911+00:00,2.464815,success
CBSPAN-20260728-2d732e96acf515ab24a98b14,rating_lane_004,live,1,2026-07-29T02:27:37.757918+00:00,2.581561,success
CBSPAN-20260728-42e5ee06272b0d07ad36dc89,rating_lane_004,live,1,2026-07-29T02:27:37.757925+00:00,2.761616,success
CBSPAN-20260728-d418f7628352818563498b18,rating_lane_004,live,1,2026-07-29T02:27:37.758653+00:00,2.803727,success
CBSPAN-20260728-8e14b806802cd74c4e53a7e1,rating_lane_004,live,1,2026-07-29T02:27:37.758661+00:00,4.641603,success
CBSPAN-20260728-c64752735715e4d17e7e6544,rating_lane_004,live,1,2026-07-29T02:27:37.758665+00:00,5.378067,success
CBSPAN-20260728-da6c056477bbaefe78f6e1d3,rating_lane_004,live,1,2026-07-29T02:27:37.758667+00:00,4.918911,success
CBSPAN-20260728-30e5de0497ba168efe4274fb,rating_lane_004,live,1,2026-07-29T02:27:37.758669+00:00,5.366246,success
CBSPAN-20260728-6a8c06501bbb4a7ede2ce39e,rating_lane_004,live,1,2026-07-29T02:27:37.758670+00:00,6.660823,success
CBSPAN-20260728-bcdebb49c1751c06839b9ccc,rating_lane_004,live,1,2026-07-29T02:27:37.758672+00:00,5.943302,success
CBSPAN-20260728-6516e5f3649a493457c0b9ef,rating_lane_004,live,1,2026-07-29T02:27:37.758674+00:00,5.375374,success
CBSPAN-20260728-d6b781d2cae0a0a14c800113,rating_lane_004,live,1,2026-07-29T02:27:37.758676+00:00,5.945734,success
CBSPAN-20260728-6b54cbe062f2228af6a8c026,rating_lane_004,live,1,2026-07-29T02:27:37.758677+00:00,7.070087,success
CBSPAN-20260728-b2e10963088538425882821d,rating_lane_004,live,1,2026-07-29T02:27:37.758678+00:00,7.417628,success
CBSPAN-20260728-1c31f2af63115431006ec2e5,rating_lane_004,live,1,2026-07-29T02:27:37.758680+00:00,7.987925,success
CBSPAN-20260728-6eb8644340ff22ef6052be49,rating_lane_004,live,1,2026-07-29T02:27:37.758682+00:00,11.348118,success
CBSPAN-20260728-459a35cf9a5c3158b3f17f42,rating_lane_004,live,1,2026-07-29T02:27:37.758683+00:00,8.290168,success
CBSPAN-20260728-ecf093f4d61024b10075b7cc,rating_lane_004,live,1,2026-07-29T02:27:37.758685+00:00,8.471191,success
CBSPAN-20260728-7965ebdf4a488347eff2bcba,rating_lane_004,live,1,2026-07-29T02:27:37.758686+00:00,8.741466,success
CBSPAN-20260728-73acd7e41ffcedb2d532790b,rating_lane_004,live,1,2026-07-29T02:27:37.758688+00:00,9.360581,success
CBSPAN-20260728-78b7a6aae702460fbc347d2b,rating_lane_004,live,1,2026-07-29T02:27:37.758689+00:00,8.912114,success
CBSPAN-20260728-bb7a79f9fe25146e64fe6706,rating_lane_004,live,1,2026-07-29T02:27:37.758691+00:00,10.067856,success
CBSPAN-20260728-e9149f5196b5027811df3782,rating_lane_004,live,1,2026-07-29T02:27:37.758692+00:00,10.882794,success
CBSPAN-20260728-0f3204232c7789d64cce6e82,rating_lane_004,live,1,2026-07-29T02:27:37.758693+00:00,11.529547,success
CBSPAN-20260728-2bddd89cfd1e380c97c6e201,rating_lane_004,live,1,2026-07-29T02:27:37.758695+00:00,10.553065,success
CBSPAN-20260728-22b0162517f71486b14130cc,rating_lane_004,live,1,2026-07-29T02:27:37.758696+00:00,11.851224,success
CBSPAN-20260728-ea852449115643976d25e98c,rating_lane_004,live,1,2026-07-29T02:27:37.758698+00:00,11.754023,success
CBSPAN-20260728-07bef590db63801acc5cdb47,rating_lane_004,live,1,2026-07-29T02:27:37.758699+00:00,11.844580,success
CBSPAN-20260728-7b54fc8b08dbd8d3c1cb3f21,rating_lane_004,live,1,2026-07-29T02:27:49.669593+00:00,2.763496,success
CBSPAN-20260728-5e70c519825e26c55f73a817,rating_lane_004,live,1,2026-07-29T02:27:49.669634+00:00,2.749109,success
CBSPAN-20260728-1cfec398e63220eb946c4778,rating_lane_004,live,1,2026-07-29T02:27:49.669643+00:00,3.065708,success
CBSPAN-20260728-088bfaa38bc5b079e68d0921,rating_lane_004,live,1,2026-07-29T02:27:49.669650+00:00,3.203333,success
CBSPAN-20260728-3f7c392e36ad76f1eed36b6a,rating_lane_004,live,1,2026-07-29T02:27:49.669657+00:00,2.969457,success
CBSPAN-20260728-3976902d140be28c903504dc,rating_lane_004,live,1,2026-07-29T02:27:49.669664+00:00,2.568659,success
CBSPAN-20260728-0e2720e0ff7b892ccccd971f,rating_lane_004,live,1,2026-07-29T02:27:49.669670+00:00,2.522530,success
CBSPAN-20260728-c134480d33a785ece52728a5,rating_lane_004,live,1,2026-07-29T02:27:49.669732+00:00,2.431240,success
CBSPAN-20260728-cd5037780ca4bc3532e52be4,rating_lane_004,live,1,2026-07-29T02:27:49.669739+00:00,5.334146,success
CBSPAN-20260728-8753be62b32263c1220ee1bd,rating_lane_004,live,1,2026-07-29T02:27:49.669742+00:00,5.459183,success
CBSPAN-20260728-26c16f2aad2b6d5b5461ac0e,rating_lane_004,live,1,2026-07-29T02:27:49.669744+00:00,5.074178,success
CBSPAN-20260728-d634c5b36a086a799852aed9,rating_lane_004,live,1,2026-07-29T02:27:49.669746+00:00,5.364287,success
CBSPAN-20260728-ef6cb9147c4790ecb0967b44,rating_lane_004,live,1,2026-07-29T02:27:49.669747+00:00,5.153398,success
CBSPAN-20260728-a64c33035e8bed26eb9c94a9,rating_lane_004,live,1,2026-07-29T02:27:49.669749+00:00,6.523803,success
CBSPAN-20260728-4af3aee0067e8c95b31a218a,rating_lane_004,live,1,2026-07-29T02:27:49.669751+00:00,6.217408,success
CBSPAN-20260728-4b2acf0154a0d874c83b22b9,rating_lane_004,live,1,2026-07-29T02:27:49.669752+00:00,5.706556,success
CBSPAN-20260728-3b984a7b908899b4635e13db,rating_lane_004,live,1,2026-07-29T02:27:49.669754+00:00,9.471733,success
CBSPAN-20260728-027225253f4d78abe3e24b5a,rating_lane_004,live,1,2026-07-29T02:27:49.669755+00:00,7.896214,success
CBSPAN-20260728-fd59ecbdf648f6919cb1883f,rating_lane_004,live,1,2026-07-29T02:27:49.669757+00:00,7.998521,success
CBSPAN-20260728-1d48174ea012ba087178dcfb,rating_lane_004,live,1,2026-07-29T02:27:49.669759+00:00,8.817197,success
CBSPAN-20260728-2df796cf6281e4838837bbeb,rating_lane_004,live,1,2026-07-29T02:27:49.669760+00:00,7.235194,success
CBSPAN-20260728-e7d650d9c85ec0dab99c5f32,rating_lane_004,live,1,2026-07-29T02:27:49.669761+00:00,8.187887,success
CBSPAN-20260728-940d39264c12756b8c4a1f67,rating_lane_004,live,1,2026-07-29T02:27:49.669763+00:00,9.396100,success
CBSPAN-20260728-7dc8aa62727de793d6247b7b,rating_lane_004,live,1,2026-07-29T02:27:49.669764+00:00,9.416809,success
CBSPAN-20260728-687afe4ff584e24ca33215d4,rating_lane_004,live,1,2026-07-29T02:27:49.669766+00:00,10.351514,success
CBSPAN-20260728-0da37186c10236883d49916e,rating_lane_004,live,1,2026-07-29T02:27:49.669767+00:00,10.261402,success
CBSPAN-20260728-c954728bf2459b7e76067711,rating_lane_004,live,1,2026-07-29T02:27:49.669769+00:00,11.116764,success
CBSPAN-20260728-a114d7b161f121d6ba61d230,rating_lane_004,live,1,2026-07-29T02:27:49.669770+00:00,10.436886,success
CBSPAN-20260728-9f6bde8bc8be657b034b2552,rating_lane_004,live,1,2026-07-29T02:27:49.669771+00:00,11.600945,success
CBSPAN-20260728-314cbc1f8c982603fa2e698d,rating_lane_004,live,1,2026-07-29T02:27:49.669773+00:00,11.576546,success
CBSPAN-20260728-a61b3323d295081235d0c238,rating_lane_004,live,1,2026-07-29T02:27:49.669774+00:00,11.947987,success
CBSPAN-20260728-69e2a3c06a9894b6eaed6771,rating_lane_004,live,1,2026-07-29T02:27:49.669776+00:00,14.409935,success
CBSPAN-20260728-e77301257e44bc83dd8dc4a2,rating_lane_004,live,1,2026-07-29T02:28:04.146790+00:00,2.627785,success
CBSPAN-20260728-51f92073eca993a0f9417617,rating_lane_004,live,1,2026-07-29T02:28:04.146822+00:00,5.304146,success
CBSPAN-20260728-45eabaa4650102c8162e631e,rating_lane_004,live,1,2026-07-29T02:28:04.146832+00:00,2.221662,success
CBSPAN-20260728-6db794d5c4be94cf9fa7a5ec,rating_lane_004,live,1,2026-07-29T02:28:04.146840+00:00,3.233071,success
CBSPAN-20260728-3fcf93438fefe46a1c74eca2,rating_lane_004,live,1,2026-07-29T02:28:04.146846+00:00,2.239454,success
CBSPAN-20260728-054128a091fbf43fc218e2ed,rating_lane_004,live,1,2026-07-29T02:28:04.146853+00:00,3.005189,success
CBSPAN-20260728-f2083f9e07f72571a69e994c,rating_lane_004,live,1,2026-07-29T02:28:04.146860+00:00,3.069504,success
CBSPAN-20260728-53cf79b80d3067d800f8f5b7,rating_lane_004,live,1,2026-07-29T02:28:04.146923+00:00,2.697630,success
CBSPAN-20260728-764f12044a9f1f545597574b,rating_lane_004,live,1,2026-07-29T02:28:04.146931+00:00,4.862539,success
CBSPAN-20260728-a10723e9ce761f682a703f34,rating_lane_004,live,1,2026-07-29T02:28:04.146935+00:00,4.902949,success
CBSPAN-20260728-6ca76768ccf0f8a55ea5bc11,rating_lane_004,live,1,2026-07-29T02:28:04.146937+00:00,5.186260,success
CBSPAN-20260728-e3786aace88bb6c50e521ba9,rating_lane_004,live,1,2026-07-29T02:28:04.146938+00:00,6.997378,success
CBSPAN-20260728-eb80b5d75b5395468181aed1,rating_lane_004,live,1,2026-07-29T02:28:04.146940+00:00,5.281665,success
CBSPAN-20260728-b0f637b987c787dc406de312,rating_lane_004,live,1,2026-07-29T02:28:04.146941+00:00,5.074551,success
CBSPAN-20260728-7bce7610a126d8d6ea03d16c,rating_lane_004,live,1,2026-07-29T02:28:04.146943+00:00,5.377196,success
CBSPAN-20260728-37aeb53d551c40d079277ed8,rating_lane_004,live,1,2026-07-29T02:28:04.146944+00:00,8.268409,success
CBSPAN-20260728-bbb57421bbe9938541385741,rating_lane_004,live,1,2026-07-29T02:28:04.146946+00:00,7.690942,success
CBSPAN-20260728-988b74981882d25615a4673c,rating_lane_004,live,1,2026-07-29T02:28:04.146948+00:00,7.187774,success
CBSPAN-20260728-7338b5c4c43ed1c390f43c40,rating_lane_004,live,1,2026-07-29T02:28:04.146949+00:00,7.651789,success
CBSPAN-20260728-c2739072d5e69b9bce9b0df8,rating_lane_004,live,1,2026-07-29T02:28:04.146951+00:00,7.610276,success
CBSPAN-20260728-c2d07a244768fad2aa677213,rating_lane_004,live,1,2026-07-29T02:28:04.146952+00:00,8.136579,success
CBSPAN-20260728-2ce14b7959c2d9e2fa931bee,rating_lane_004,live,1,2026-07-29T02:28:04.146954+00:00,7.853521,success
CBSPAN-20260728-d92bb16879f3c765fdf5753e,rating_lane_004,live,1,2026-07-29T02:28:04.146955+00:00,9.411773,success
CBSPAN-20260728-91d75f3109d736c3ef1967a7,rating_lane_004,live,1,2026-07-29T02:28:04.146957+00:00,12.402076,success
CBSPAN-20260728-003cbb4de54eeb906d90209e,rating_lane_004,live,1,2026-07-29T02:28:04.146958+00:00,10.849474,success
CBSPAN-20260728-e6b0f7a30ab0a6dd910609be,rating_lane_004,live,1,2026-07-29T02:28:04.146960+00:00,10.174424,success
CBSPAN-20260728-b257055181260c7e9e212e1c,rating_lane_004,live,1,2026-07-29T02:28:04.146961+00:00,9.681785,success
CBSPAN-20260728-34070eb2719bc9ded0bfc87c,rating_lane_004,live,1,2026-07-29T02:28:04.146963+00:00,11.135493,success
CBSPAN-20260728-43038a85a35fd5a318a64e47,rating_lane_004,live,1,2026-07-29T02:28:04.146964+00:00,11.710245,success
CBSPAN-20260728-a693672476e04e7b6dd454f3,rating_lane_004,live,1,2026-07-29T02:28:04.146966+00:00,11.256018,success
CBSPAN-20260728-22025ebf97196dd3bf797f20,rating_lane_004,live,1,2026-07-29T02:28:04.146967+00:00,11.118772,success
CBSPAN-20260728-48fc6e69ab28e6029da0cf37,rating_lane_004,live,1,2026-07-29T02:28:04.146969+00:00,12.525133,success
CBSPAN-20260728-3e085be437ba3a7e5abfcdf1,rating_lane_004,live,1,2026-07-29T02:28:16.740106+00:00,4.874253,success
CBSPAN-20260728-7e76bdf1e1b2c0c8696374a8,rating_lane_004,live,1,2026-07-29T02:28:16.740137+00:00,3.063356,success
CBSPAN-20260728-e19b973ca418facce49db21e,rating_lane_004,live,1,2026-07-29T02:28:16.740147+00:00,2.260997,success
CBSPAN-20260728-db74a83ab656b09baedd2e0a,rating_lane_004,live,1,2026-07-29T02:28:16.740155+00:00,3.106972,success
CBSPAN-20260728-fa7d8519b3554193ff264fb8,rating_lane_004,live,1,2026-07-29T02:28:16.740162+00:00,3.189439,success
CBSPAN-20260728-89438c08b52394142945d762,rating_lane_004,live,1,2026-07-29T02:28:16.740169+00:00,2.433786,success
CBSPAN-20260728-acfbff38041905fae32ccd8d,rating_lane_004,live,1,2026-07-29T02:28:16.740175+00:00,2.257347,success
CBSPAN-20260728-70553574a454282d9ba51f1d,rating_lane_004,live,1,2026-07-29T02:28:16.740239+00:00,2.187437,success
CBSPAN-20260728-e85309c78aecdf873a918eaa,rating_lane_004,live,1,2026-07-29T02:28:16.740247+00:00,4.859008,success
CBSPAN-20260728-b7507135cddbc74d5c5ca767,rating_lane_004,live,1,2026-07-29T02:28:16.740251+00:00,4.794416,success
CBSPAN-20260728-6ee82a392cace24f4af0cac8,rating_lane_004,live,1,2026-07-29T02:28:16.740252+00:00,5.322745,success
CBSPAN-20260728-18de0141cd11c7f94626801e,rating_lane_004,live,1,2026-07-29T02:28:16.740254+00:00,5.373509,success
CBSPAN-20260728-fe0de65cb4a09a3ccb5473e9,rating_lane_004,live,1,2026-07-29T02:28:16.740255+00:00,5.551611,success
CBSPAN-20260728-ea2af9282ad2ddbf2409fb3e,rating_lane_004,live,1,2026-07-29T02:28:16.740257+00:00,5.250540,success
CBSPAN-20260728-9d1a1ed56231c33240df88e8,rating_lane_004,live,1,2026-07-29T02:28:16.740259+00:00,5.349957,success
CBSPAN-20260728-9da3c84479985033a0340a54,rating_lane_004,live,1,2026-07-29T02:28:16.740260+00:00,6.934917,success
CBSPAN-20260728-0ff10b8c4cde786ae804787e,rating_lane_004,live,1,2026-07-29T02:28:16.740262+00:00,6.907704,success
CBSPAN-20260728-14a69db4bb0ec81dd2772997,rating_lane_004,live,1,2026-07-29T02:28:16.740263+00:00,7.469266,success
CBSPAN-20260728-b063bf5792451933ea4a9880,rating_lane_004,live,1,2026-07-29T02:28:16.740265+00:00,7.477920,success
CBSPAN-20260728-cc1d14b4ee3212c510091258,rating_lane_004,live,1,2026-07-29T02:28:16.740266+00:00,7.457491,success
CBSPAN-20260728-e929e7b37be537fab8015506,rating_lane_004,live,1,2026-07-29T02:28:16.740268+00:00,7.626685,success
CBSPAN-20260728-70a6560a58d393436c0680aa,rating_lane_004,live,1,2026-07-29T02:28:16.740269+00:00,7.593000,success
CBSPAN-20260728-881c3736665a1f79dfcd35ba,rating_lane_004,live,1,2026-07-29T02:28:16.740271+00:00,7.985207,success
CBSPAN-20260728-bcb57f08063f5abffb4cf81c,rating_lane_004,live,1,2026-07-29T02:28:16.740272+00:00,9.357679,success
CBSPAN-20260728-1c45a98b121e6dadd8511117,rating_lane_004,live,1,2026-07-29T02:28:16.740274+00:00,10.104013,success
CBSPAN-20260728-03e77bbb5b4efa34699a6941,rating_lane_004,live,1,2026-07-29T02:28:16.740275+00:00,10.513373,success
CBSPAN-20260728-f99d8bf46c7bfa11840c8a30,rating_lane_004,live,1,2026-07-29T02:28:16.740276+00:00,9.869940,success
CBSPAN-20260728-22a08722e72c7d5dbf56be34,rating_lane_004,live,1,2026-07-29T02:28:16.740278+00:00,10.271099,success
CBSPAN-20260728-29e662bf95bca0de771c29f3,rating_lane_004,live,1,2026-07-29T02:28:16.740279+00:00,9.605771,success
CBSPAN-20260728-a57b87aece372f02be91c8aa,rating_lane_004,live,1,2026-07-29T02:28:16.740281+00:00,9.744696,success
CBSPAN-20260728-8ba5a84c7885c6c4122bd440,rating_lane_004,live,1,2026-07-29T02:28:16.740282+00:00,10.372078,success
CBSPAN-20260728-778012a7c6ad2adce67e1ce3,rating_lane_004,live,1,2026-07-29T02:28:16.740284+00:00,11.769156,success
CBSPAN-20260728-6e4567553fa8b7fb1b5b609c,rating_lane_004,live,1,2026-07-29T02:28:28.578791+00:00,3.455710,success
CBSPAN-20260728-04fbdeead2da132b987c660b,rating_lane_004,live,1,2026-07-29T02:28:28.578828+00:00,2.440830,success
CBSPAN-20260728-4498b96ec55fa1832f0407da,rating_lane_004,live,1,2026-07-29T02:28:28.578837+00:00,3.865723,success
CBSPAN-20260728-adf8ca35668f7b7e11f3dbf7,rating_lane_004,live,1,2026-07-29T02:28:28.578844+00:00,2.699071,success
CBSPAN-20260728-a72c9f6ff4c87d8dc984345e,rating_lane_004,live,1,2026-07-29T02:28:28.578851+00:00,2.285252,success
CBSPAN-20260728-1117326a4a02e00cfdc6805e,rating_lane_004,live,1,2026-07-29T02:28:28.578858+00:00,2.505166,success
CBSPAN-20260728-2763eb3b39cade668bde5629,rating_lane_004,live,1,2026-07-29T02:28:28.578865+00:00,2.280257,success
CBSPAN-20260728-f7225321e47d9e0b7a3ea271,rating_lane_004,live,1,2026-07-29T02:28:28.578927+00:00,2.484686,success
CBSPAN-20260728-d736ba27bc3943f042db81c0,rating_lane_004,live,1,2026-07-29T02:28:28.578935+00:00,6.016674,success
CBSPAN-20260728-52eb73ca01f34d0fc20f3c14,rating_lane_004,live,1,2026-07-29T02:28:28.578938+00:00,5.196928,success
CBSPAN-20260728-db96e647803dbb4260321b77,rating_lane_004,live,1,2026-07-29T02:28:28.578940+00:00,4.373407,success
CBSPAN-20260728-bd47999874f544b1506c869b,rating_lane_004,live,1,2026-07-29T02:28:28.578942+00:00,4.786901,success
CBSPAN-20260728-5455e96084f4dfbf4de8d2f1,rating_lane_004,live,1,2026-07-29T02:28:28.578944+00:00,4.786810,success
CBSPAN-20260728-75c9f005679e749219da4438,rating_lane_004,live,1,2026-07-29T02:28:28.578945+00:00,5.377395,success
CBSPAN-20260728-df64a25113f28abb7cfca6b1,rating_lane_004,live,1,2026-07-29T02:28:28.578947+00:00,6.374366,success
CBSPAN-20260728-7cfda7fec3faaed22074e0a9,rating_lane_004,live,1,2026-07-29T02:28:28.578949+00:00,6.020361,success
CBSPAN-20260728-95e5c42587c3e349c999ec17,rating_lane_004,live,1,2026-07-29T02:28:28.578950+00:00,6.718328,success
CBSPAN-20260728-6e282474623b260fd530d81a,rating_lane_004,live,1,2026-07-29T02:28:28.578952+00:00,8.067286,success
CBSPAN-20260728-21593e5b4eea4d3dee3dac4b,rating_lane_004,live,1,2026-07-29T02:28:28.578953+00:00,8.300912,success
CBSPAN-20260728-a338a90cee19f1de9aef1338,rating_lane_004,live,1,2026-07-29T02:28:28.578955+00:00,8.067081,success
CBSPAN-20260728-a79ced570a1b14db454e92a0,rating_lane_004,live,1,2026-07-29T02:28:28.578957+00:00,8.096552,success
CBSPAN-20260728-58471ae2df864962f8737c74,rating_lane_004,live,1,2026-07-29T02:28:28.578958+00:00,8.679029,success
CBSPAN-20260728-2219f2831bec1df39881acd3,rating_lane_004,live,1,2026-07-29T02:28:28.578959+00:00,8.067239,success
CBSPAN-20260728-a23e7122f54aa7eebeed2140,rating_lane_004,live,1,2026-07-29T02:28:28.578961+00:00,9.522497,success
CBSPAN-20260728-1c46a6c221d1db74883df4fe,rating_lane_004,live,1,2026-07-29T02:28:28.578962+00:00,9.038533,success
CBSPAN-20260728-dffdf3a908be73d943bdeb90,rating_lane_004,live,1,2026-07-29T02:28:28.578964+00:00,10.962382,success
CBSPAN-20260728-083191fe72f7487d104b5538,rating_lane_004,live,1,2026-07-29T02:28:28.578965+00:00,10.725931,success
CBSPAN-20260728-3e13bcc05690cc935d0eba50,rating_lane_004,live,1,2026-07-29T02:28:28.578967+00:00,10.789454,success
CBSPAN-20260728-de49495e8faa47925b6fcd89,rating_lane_004,live,1,2026-07-29T02:28:28.578968+00:00,10.829538,success
CBSPAN-20260728-a5562071a2a695df322bb76c,rating_lane_004,live,1,2026-07-29T02:28:28.578970+00:00,11.865100,success
CBSPAN-20260728-8edd14718d5dcc4727cbcf57,rating_lane_004,live,1,2026-07-29T02:28:28.578971+00:00,12.314989,success
CBSPAN-20260728-b5053661faad2ffa9ba5b064,rating_lane_004,live,1,2026-07-29T02:28:28.578973+00:00,11.339048,success
CBSPAN-20260728-ba8b00856ab7ab4a4f34dc92,rating_lane_004,live,1,2026-07-29T02:28:40.946096+00:00,5.284446,success
CBSPAN-20260728-30321554b9f242eb1bcd0495,rating_lane_004,live,1,2026-07-29T02:28:40.946124+00:00,2.911925,success
CBSPAN-20260728-ebe14280772d8fd85ea3f718,rating_lane_004,live,1,2026-07-29T02:28:40.946132+00:00,2.079560,success
CBSPAN-20260728-66d4edc5d77dd5f964b70cd2,rating_lane_004,live,1,2026-07-29T02:28:40.946139+00:00,2.857855,success
CBSPAN-20260728-c714326822fdf652649bb624,rating_lane_004,live,1,2026-07-29T02:28:40.946145+00:00,2.327818,success
CBSPAN-20260728-6ed2b79bbd1f8d764183fe4d,rating_lane_004,live,1,2026-07-29T02:28:40.946151+00:00,2.331731,success
CBSPAN-20260728-2e1736a05cd041a29598d3ca,rating_lane_004,live,1,2026-07-29T02:28:40.946156+00:00,2.249011,success
CBSPAN-20260728-e12d5922fb67e796a83709c2,rating_lane_004,live,1,2026-07-29T02:28:40.946209+00:00,2.516366,success
CBSPAN-20260728-feee7476c0010454b79887ce,rating_lane_004,live,1,2026-07-29T02:28:40.946217+00:00,4.656963,success
CBSPAN-20260728-f3b544353549245b15a77bf6,rating_lane_004,live,1,2026-07-29T02:28:40.946220+00:00,4.398534,success
CBSPAN-20260728-960c14ea79a7629a2b6fed97,rating_lane_004,live,1,2026-07-29T02:28:40.946222+00:00,4.859264,success
CBSPAN-20260728-a6d76dc1e73fbbcc692f8811,rating_lane_004,live,1,2026-07-29T02:28:40.946223+00:00,5.291338,success
CBSPAN-20260728-014c0d7d33e459ddeea405db,rating_lane_004,live,1,2026-07-29T02:28:40.946225+00:00,5.242664,success
CBSPAN-20260728-ba33ff642a4baacff113627f,rating_lane_004,live,1,2026-07-29T02:28:40.946226+00:00,4.799240,success
CBSPAN-20260728-b5ba0eae33ba2a05e7fb54e0,rating_lane_004,live,1,2026-07-29T02:28:40.946228+00:00,5.282544,success
CBSPAN-20260728-4bf814d7b3448db9abc85eff,rating_lane_004,live,1,2026-07-29T02:28:40.946229+00:00,7.381083,success
CBSPAN-20260728-5fd1c34bbce12d3eb30c4beb,rating_lane_004,live,1,2026-07-29T02:28:40.946231+00:00,8.804577,success
CBSPAN-20260728-428f7842037200c2a8920067,rating_lane_004,live,1,2026-07-29T02:28:40.946232+00:00,6.446278,success
CBSPAN-20260728-7f8f5fe309162a7374df9727,rating_lane_004,live,1,2026-07-29T02:28:40.946233+00:00,7.593624,success
CBSPAN-20260728-8fbd0f55df11fe66561d0192,rating_lane_004,live,1,2026-07-29T02:28:40.946235+00:00,7.390991,success
CBSPAN-20260728-eff332c73ef356f02cab3b69,rating_lane_004,live,1,2026-07-29T02:28:40.946236+00:00,8.549478,success
CBSPAN-20260728-e88fd2d8a97afe1202b40125,rating_lane_004,live,1,2026-07-29T02:28:40.946238+00:00,7.418852,success
CBSPAN-20260728-7481dc2b594d090a4f0ac8a4,rating_lane_004,live,1,2026-07-29T02:28:40.946239+00:00,7.788661,success
CBSPAN-20260728-f82917327728ff3208e98e34,rating_lane_004,live,1,2026-07-29T02:28:40.946241+00:00,9.315218,success
CBSPAN-20260728-f870d5bc857bf8c651fc6436,rating_lane_004,live,1,2026-07-29T02:28:40.946242+00:00,9.724169,success
CBSPAN-20260728-4f9bd1abaf990a5e9fe5d8df,rating_lane_004,live,1,2026-07-29T02:28:40.946244+00:00,10.648611,success
CBSPAN-20260728-3fcdee56c946aff3b9c817fe,rating_lane_004,live,1,2026-07-29T02:28:40.946245+00:00,9.843140,success
CBSPAN-20260728-1914af24f1607e85d74d73b4,rating_lane_004,live,1,2026-07-29T02:28:40.946247+00:00,9.843220,success
CBSPAN-20260728-dd4f59718d13a2f509c3fb69,rating_lane_004,live,1,2026-07-29T02:28:40.946248+00:00,10.648750,success
CBSPAN-20260728-cc3ec4bda8101b1fde19b0e6,rating_lane_004,live,1,2026-07-29T02:28:40.946249+00:00,12.079923,success
CBSPAN-20260728-fc351388e6e5aae7bc22e803,rating_lane_004,live,1,2026-07-29T02:28:40.946251+00:00,11.541299,success
CBSPAN-20260728-361a7851e372049a29d8bb7d,rating_lane_004,live,1,2026-07-29T02:28:40.946252+00:00,11.568056,success
CBSPAN-20260728-be7fe88e2d8a19ed2288936e,rating_lane_004,live,1,2026-07-29T02:28:53.098643+00:00,3.069750,success
CBSPAN-20260728-79d075394617a4e82f6670f4,rating_lane_004,live,1,2026-07-29T02:28:53.098675+00:00,3.484448,success
CBSPAN-20260728-7f27caf4da90419bdf89f97e,rating_lane_004,live,1,2026-07-29T02:28:53.098684+00:00,2.080889,success
CBSPAN-20260728-8c0836f60570f2fd1a319eff,rating_lane_004,live,1,2026-07-29T02:28:53.098691+00:00,2.332917,success
CBSPAN-20260728-29354a29d244902ff269dc59,rating_lane_004,live,1,2026-07-29T02:28:53.098698+00:00,2.432083,success
CBSPAN-20260728-18d7381edef1f7f43400e24a,rating_lane_004,live,1,2026-07-29T02:28:53.098705+00:00,3.405149,success
CBSPAN-20260728-721df6790949505b1c983b52,rating_lane_004,live,1,2026-07-29T02:28:53.098712+00:00,2.618237,success
CBSPAN-20260728-c0c4805a6dca3e772f5468df,rating_lane_004,live,1,2026-07-29T02:28:53.098777+00:00,2.666423,success
CBSPAN-20260728-f1a5379c7c8523877322b5cb,rating_lane_004,live,1,2026-07-29T02:28:53.098784+00:00,4.356123,success
CBSPAN-20260728-556e4db60a0f26d965257888,rating_lane_004,live,1,2026-07-29T02:28:53.098788+00:00,4.851313,success
CBSPAN-20260728-b779e5b3522fbedf00276788,rating_lane_004,live,1,2026-07-29T02:28:53.098790+00:00,4.848179,success
CBSPAN-20260728-3705c935c490385119cfb07e,rating_lane_004,live,1,2026-07-29T02:28:53.098792+00:00,5.264050,success
CBSPAN-20260728-05022a7bbeffca97ef77dddf,rating_lane_004,live,1,2026-07-29T02:28:53.098794+00:00,4.840310,success
CBSPAN-20260728-6c17afbf9df69750d6a7c61b,rating_lane_004,live,1,2026-07-29T02:28:53.098795+00:00,5.713846,success
CBSPAN-20260728-f624d239bab1a629d1382174,rating_lane_004,live,1,2026-07-29T02:28:53.098797+00:00,5.871958,success
CBSPAN-20260728-02efb4fa8639f64391b6e269,rating_lane_004,live,1,2026-07-29T02:28:53.098799+00:00,6.122396,success
CBSPAN-20260728-b1937a41e025a484a823b056,rating_lane_004,live,1,2026-07-29T02:28:53.098800+00:00,7.444018,success
CBSPAN-20260728-7f24378feb3cd81618616851,rating_lane_004,live,1,2026-07-29T02:28:53.098802+00:00,7.262824,success
CBSPAN-20260728-fac6afb59e101c54a1f2dc5e,rating_lane_004,live,1,2026-07-29T02:28:53.098803+00:00,7.351055,success
CBSPAN-20260728-28a651225857382fbb508eb2,rating_lane_004,live,1,2026-07-29T02:28:53.098805+00:00,6.740508,success
CBSPAN-20260728-f72ccddf1ee5dfb2d1355d77,rating_lane_004,live,1,2026-07-29T02:28:53.098806+00:00,7.767386,success
CBSPAN-20260728-186e1e6f40997869f1d53036,rating_lane_004,live,1,2026-07-29T02:28:53.098808+00:00,7.866088,success
CBSPAN-20260728-f87bdbea98efa85c23362ec2,rating_lane_004,live,1,2026-07-29T02:28:53.098809+00:00,9.100563,success
CBSPAN-20260728-23313cc1bdd2c89b9b06120c,rating_lane_004,live,1,2026-07-29T02:28:53.098811+00:00,9.424519,success
CBSPAN-20260728-db17652c980c0e8b162ae1bd,rating_lane_004,live,1,2026-07-29T02:28:53.098812+00:00,9.435325,success
CBSPAN-20260728-608d5014b72f03f99c7f7682,rating_lane_004,live,1,2026-07-29T02:28:53.098814+00:00,9.961639,success
CBSPAN-20260728-0abb24e2ce781087721ce3f1,rating_lane_004,live,1,2026-07-29T02:28:53.098815+00:00,9.920670,success
CBSPAN-20260728-6d6c56629a75ec26c7b6819b,rating_lane_004,live,1,2026-07-29T02:28:53.098817+00:00,9.668101,success
CBSPAN-20260728-2968b3301fa51f6a045b331a,rating_lane_004,live,1,2026-07-29T02:28:53.098818+00:00,10.407067,success
CBSPAN-20260728-6f78052be107e72751b10d66,rating_lane_004,live,1,2026-07-29T02:28:53.098820+00:00,10.638842,success
CBSPAN-20260728-9c2122f55134114d9daf9e52,rating_lane_004,live,1,2026-07-29T02:28:53.098821+00:00,13.036283,success
CBSPAN-20260728-c5933cb0f9ab97c606c7b3ff,rating_lane_004,live,1,2026-07-29T02:28:53.098823+00:00,11.844592,success
CBSPAN-20260728-30651401e39e37df04731720,rating_lane_004,live,1,2026-07-29T02:29:06.208646+00:00,2.227500,success
CBSPAN-20260728-002e5d49e008e693c5196407,rating_lane_004,live,1,2026-07-29T02:29:06.208687+00:00,2.418149,success
CBSPAN-20260728-05451b161579e431ec6cc7c6,rating_lane_004,live,1,2026-07-29T02:29:06.208697+00:00,2.997240,success
CBSPAN-20260728-90ede05408a29a4b70fb52c8,rating_lane_004,live,1,2026-07-29T02:29:06.208704+00:00,2.207119,success
CBSPAN-20260728-cd40b661f6e41804736da8da,rating_lane_004,live,1,2026-07-29T02:29:06.208710+00:00,2.190462,success
CBSPAN-20260728-641c4afd075eba0c99b5982c,rating_lane_004,live,1,2026-07-29T02:29:06.208717+00:00,3.561155,success
CBSPAN-20260728-38af4998ba08e00ad21ee477,rating_lane_004,live,1,2026-07-29T02:29:06.208723+00:00,2.556709,success
CBSPAN-20260728-0fb9f6a438adedf86cd903e4,rating_lane_004,live,1,2026-07-29T02:29:06.208784+00:00,2.196908,success
CBSPAN-20260728-83898bde163edead4ff84acc,rating_lane_004,live,1,2026-07-29T02:29:06.208791+00:00,4.344980,success
CBSPAN-20260728-a23a6b4de63da51ecf28ef5f,rating_lane_004,live,1,2026-07-29T02:29:06.208795+00:00,4.466018,success
CBSPAN-20260728-a07cf80bcd160c78319c4762,rating_lane_004,live,1,2026-07-29T02:29:06.208797+00:00,4.858983,success
CBSPAN-20260728-77827d7df7782773792bff4e,rating_lane_004,live,1,2026-07-29T02:29:06.208799+00:00,4.947889,success
CBSPAN-20260728-abe6e001fd5ed811868523e6,rating_lane_004,live,1,2026-07-29T02:29:06.208800+00:00,4.907985,success
CBSPAN-20260728-4b26b3f4c6d13a6180c9747a,rating_lane_004,live,1,2026-07-29T02:29:06.208802+00:00,5.622586,success
CBSPAN-20260728-a9dce84cbf572e3f4b150c69,rating_lane_004,live,1,2026-07-29T02:29:06.208804+00:00,6.717518,success
CBSPAN-20260728-d54ff90a5b2dfab8617ef64d,rating_lane_004,live,1,2026-07-29T02:29:06.208805+00:00,6.084977,success
CBSPAN-20260728-73296164e195d0abbfc707d3,rating_lane_004,live,1,2026-07-29T02:29:06.208807+00:00,6.691300,success
CBSPAN-20260728-0f7dc91a7f953a91defaf199,rating_lane_004,live,1,2026-07-29T02:29:06.208808+00:00,6.810299,success
CBSPAN-20260728-c238c140a31972d9e721f26e,rating_lane_004,live,1,2026-07-29T02:29:06.208810+00:00,7.639904,success
CBSPAN-20260728-6c4a98809c367f5f159f5125,rating_lane_004,live,1,2026-07-29T02:29:06.208811+00:00,7.501437,success
CBSPAN-20260728-f2e8fa9696c84be779a1cfad,rating_lane_004,live,1,2026-07-29T02:29:06.208812+00:00,7.520724,success
CBSPAN-20260728-d837a5e4011c70444c19dc97,rating_lane_004,live,1,2026-07-29T02:29:06.208814+00:00,8.487326,success
CBSPAN-20260728-2f48bbb75b0f8a711ce3e19e,rating_lane_004,live,1,2026-07-29T02:29:06.208816+00:00,8.629184,success
CBSPAN-20260728-8943b1dfd7b1313eb6f51507,rating_lane_004,live,1,2026-07-29T02:29:06.208817+00:00,9.402195,success
CBSPAN-20260728-dea7a1f2500db9213e1184ec,rating_lane_004,live,1,2026-07-29T02:29:06.208818+00:00,8.796109,success
CBSPAN-20260728-af93083c014a0a71243b701e,rating_lane_004,live,1,2026-07-29T02:29:06.208820+00:00,9.139602,success
CBSPAN-20260728-3eaffad327bb2c42fae1506d,rating_lane_004,live,1,2026-07-29T02:29:06.208821+00:00,9.367757,success
CBSPAN-20260728-8e5ad1d260ab9e3a152d3bac,rating_lane_004,live,1,2026-07-29T02:29:06.208823+00:00,10.796150,success
CBSPAN-20260728-a4923d458a9b002593c8d65f,rating_lane_004,live,1,2026-07-29T02:29:06.208824+00:00,10.424109,success
CBSPAN-20260728-3ed699276651267abd7ce6d7,rating_lane_004,live,1,2026-07-29T02:29:06.208825+00:00,11.408015,success
CBSPAN-20260728-5937f3cf7dbd74ddf0282681,rating_lane_004,live,1,2026-07-29T02:29:06.208827+00:00,13.033048,success
CBSPAN-20260728-4ef3dfaf97e6307eed567f25,rating_lane_004,live,1,2026-07-29T02:29:06.208828+00:00,11.416953,success
CBSPAN-20260728-00054c8fa37518ddba04875f,rating_lane_004,live,1,2026-07-29T02:29:19.316793+00:00,2.235591,success
CBSPAN-20260728-1694be557975b1fd039e3f09,rating_lane_004,live,1,2026-07-29T02:29:19.316824+00:00,2.797588,success
CBSPAN-20260728-f8d061e1f765d728440c7bc0,rating_lane_004,live,1,2026-07-29T02:29:19.316834+00:00,2.117554,success
CBSPAN-20260728-cec1f92015590d378ecbe5dc,rating_lane_004,live,1,2026-07-29T02:29:19.316841+00:00,2.266957,success
CBSPAN-20260728-41b67b7acdefedd817e95c41,rating_lane_004,live,1,2026-07-29T02:29:19.316847+00:00,2.178423,success
CBSPAN-20260728-21379d0d69c01ed08607fead,rating_lane_004,live,1,2026-07-29T02:29:19.316853+00:00,2.128599,success
CBSPAN-20260728-31064034e3faa275a2e8e434,rating_lane_004,live,1,2026-07-29T02:29:19.316859+00:00,3.102113,success
CBSPAN-20260728-0f785a2d47763f4f3267297e,rating_lane_004,live,1,2026-07-29T02:29:19.316920+00:00,2.224661,success
CBSPAN-20260728-78e85aa28bddc9ebc11f763c,rating_lane_004,live,1,2026-07-29T02:29:19.316927+00:00,4.544824,success
CBSPAN-20260728-f06ba8d7aac719c7f9afee3e,rating_lane_004,live,1,2026-07-29T02:29:19.316931+00:00,5.736347,success
CBSPAN-20260728-f958e97dcbccbfa215cb6938,rating_lane_004,live,1,2026-07-29T02:29:19.316933+00:00,4.313761,success
CBSPAN-20260728-1754df5cb5358d44d4e06661,rating_lane_004,live,1,2026-07-29T02:29:19.316934+00:00,4.959682,success
CBSPAN-20260728-252543affaef6cbcb0bc833b,rating_lane_004,live,1,2026-07-29T02:29:19.316936+00:00,6.202306,success
CBSPAN-20260728-122f30a77f501f96c4136a45,rating_lane_004,live,1,2026-07-29T02:29:19.316937+00:00,5.058147,success
CBSPAN-20260728-e7d4cdc946e69da5cf590db6,rating_lane_004,live,1,2026-07-29T02:29:19.316939+00:00,5.888876,success
CBSPAN-20260728-98701bc374dacd6da96f609a,rating_lane_004,live,1,2026-07-29T02:29:19.316940+00:00,5.774162,success
CBSPAN-20260728-1ef3b043414658bdfc5c7600,rating_lane_004,live,1,2026-07-29T02:29:19.316942+00:00,8.491282,success
CBSPAN-20260728-2dae43a5c5f22cda1f86985b,rating_lane_004,live,1,2026-07-29T02:29:19.316943+00:00,7.331977,success
CBSPAN-20260728-bb9008a8fcc8dc8257a410d8,rating_lane_004,live,1,2026-07-29T02:29:19.316945+00:00,8.175742,success
CBSPAN-20260728-2d5c0d368c1b68e7b9234b69,rating_lane_004,live,1,2026-07-29T02:29:19.316946+00:00,7.402348,success
CBSPAN-20260728-2bddd6518f585a7cf24e2d28,rating_lane_004,live,1,2026-07-29T02:29:19.316948+00:00,7.812922,success
CBSPAN-20260728-6af4949f297e668619d17cec,rating_lane_004,live,1,2026-07-29T02:29:19.316949+00:00,8.666074,success
CBSPAN-20260728-2e63b8369641717276d66ee0,rating_lane_004,live,1,2026-07-29T02:29:19.316951+00:00,8.262766,success
CBSPAN-20260728-c76080d633556ff72e99b25b,rating_lane_004,live,1,2026-07-29T02:29:19.316952+00:00,8.258670,success
CBSPAN-20260728-daaeb287520c4ae71853ef7a,rating_lane_004,live,1,2026-07-29T02:29:19.316954+00:00,10.348845,success
CBSPAN-20260728-d0eb92aef825d913f66c54b4,rating_lane_004,live,1,2026-07-29T02:29:19.316955+00:00,10.035884,success
CBSPAN-20260728-5915eca898a3cd4b56de71aa,rating_lane_004,live,1,2026-07-29T02:29:19.316957+00:00,9.785346,success
CBSPAN-20260728-382601cc4ea4a63e429db4ee,rating_lane_004,live,1,2026-07-29T02:29:19.316958+00:00,10.219619,success
CBSPAN-20260728-e4086524d3351b6c05bea2b5,rating_lane_004,live,1,2026-07-29T02:29:19.316960+00:00,10.607688,success
CBSPAN-20260728-7ce837c727e95c5d6f9ba3cf,rating_lane_004,live,1,2026-07-29T02:29:19.316961+00:00,10.044903,success
CBSPAN-20260728-02cf3daff96a2b095e7ea965,rating_lane_004,live,1,2026-07-29T02:29:19.316963+00:00,10.979500,success
CBSPAN-20260728-c872c5fcbfba2dda0b03b9e1,rating_lane_004,live,1,2026-07-29T02:29:19.316964+00:00,12.507661,success
CBSPAN-20260728-1d54aa9f41d8866ee3bda2dd,rating_lane_004,live,1,2026-07-29T02:29:31.899723+00:00,7.036119,success
CBSPAN-20260728-bd25af286818d11773635e73,rating_lane_004,live,1,2026-07-29T02:29:31.899764+00:00,2.748044,success
CBSPAN-20260728-58b854782c8b57f9adb368a0,rating_lane_004,live,1,2026-07-29T02:29:31.899773+00:00,5.160638,success
CBSPAN-20260728-738c9945ff98b669b178fb4e,rating_lane_004,live,1,2026-07-29T02:29:31.899781+00:00,5.799286,success
CBSPAN-20260728-d768267f56b75c925a1d0c6b,rating_lane_004,live,1,2026-07-29T02:29:31.899787+00:00,3.237354,success
CBSPAN-20260728-f717d8930921ba7def929ef0,rating_lane_004,live,1,2026-07-29T02:29:31.899794+00:00,2.383903,success
CBSPAN-20260728-a52a36764a207ecb31da03be,rating_lane_004,live,1,2026-07-29T02:29:31.899800+00:00,2.615357,success
CBSPAN-20260728-2633772dccb048296128d01a,rating_lane_004,live,1,2026-07-29T02:29:31.899859+00:00,2.976255,success
CBSPAN-20260728-05ad8c554e9f21b09c0ce57d,rating_lane_004,live,1,2026-07-29T02:29:31.899866+00:00,4.405145,success
CBSPAN-20260728-d94307f8791dd2c555d95610,rating_lane_004,live,1,2026-07-29T02:29:31.899870+00:00,4.640032,success
CBSPAN-20260728-26b0503437783a2ff33921a6,rating_lane_004,live,1,2026-07-29T02:29:31.899871+00:00,4.854904,success
CBSPAN-20260728-13d4d152650b2776d05411e5,rating_lane_004,live,1,2026-07-29T02:29:31.899873+00:00,5.671697,success
CBSPAN-20260728-d99d3b8375a1f7abd00d56ef,rating_lane_004,live,1,2026-07-29T02:29:31.899875+00:00,5.671578,success
CBSPAN-20260728-5088aada3cccac0caabe6be6,rating_lane_004,live,1,2026-07-29T02:29:31.899876+00:00,6.947885,success
CBSPAN-20260728-499e4194c88e455069a08f65,rating_lane_004,live,1,2026-07-29T02:29:31.899878+00:00,7.705125,success
CBSPAN-20260728-f00e3df9a55feb763ddca0a2,rating_lane_004,live,1,2026-07-29T02:29:31.899879+00:00,6.906370,success
CBSPAN-20260728-a234f653a9ee802cda952710,rating_lane_004,live,1,2026-07-29T02:29:31.899881+00:00,7.248307,success
CBSPAN-20260728-01af44552e0196e4d96c8b2b,rating_lane_004,live,1,2026-07-29T02:29:31.899882+00:00,7.873159,success
CBSPAN-20260728-0b725bc0058e0007e8715234,rating_lane_004,live,1,2026-07-29T02:29:31.899884+00:00,8.640043,success
CBSPAN-20260728-45ceb53d071d5cd11bba1021,rating_lane_004,live,1,2026-07-29T02:29:31.899885+00:00,8.142937,success
CBSPAN-20260728-539bfcd8e9b7fa815f8133d3,rating_lane_004,live,1,2026-07-29T02:29:31.899887+00:00,9.851084,success
CBSPAN-20260728-6532d1272ac661fbae70d9a3,rating_lane_004,live,1,2026-07-29T02:29:31.899888+00:00,9.331658,success
CBSPAN-20260728-a3d34ef8a39ec54e1b8f4556,rating_lane_004,live,1,2026-07-29T02:29:31.899889+00:00,9.668322,success
CBSPAN-20260728-10180024c9cab5bb501103aa,rating_lane_004,live,1,2026-07-29T02:29:31.899891+00:00,9.361103,success
CBSPAN-20260728-4fac221a54261f727ed69a11,rating_lane_004,live,1,2026-07-29T02:29:31.899892+00:00,10.068984,success
CBSPAN-20260728-8a530f263ecd60a7bf5df6b3,rating_lane_004,live,1,2026-07-29T02:29:31.899894+00:00,10.225531,success
CBSPAN-20260728-e7a2ff1bc6dad3a08adc2de6,rating_lane_004,live,1,2026-07-29T02:29:31.899895+00:00,10.554420,success
CBSPAN-20260728-779e31da30eb1593af5954f4,rating_lane_004,live,1,2026-07-29T02:29:31.899896+00:00,10.597746,success
CBSPAN-20260728-27d0076c25b5452150e36dc4,rating_lane_004,live,1,2026-07-29T02:29:31.899898+00:00,11.243406,success
CBSPAN-20260728-64df257315a5db65d57869ae,rating_lane_004,live,1,2026-07-29T02:29:31.899899+00:00,12.312199,success
CBSPAN-20260728-97839ee828c8b04fa38e1389,rating_lane_004,live,1,2026-07-29T02:29:31.899901+00:00,11.719041,success
CBSPAN-20260728-a51af67259e6b45601516014,rating_lane_004,live,1,2026-07-29T02:29:31.899902+00:00,11.876342,success
CBSPAN-20260728-c93e0156b15af13ce4b0ea32,rating_lane_004,live,1,2026-07-29T02:29:44.141594+00:00,2.962785,success
CBSPAN-20260728-91ee13dd7da2a7157e89fe61,rating_lane_004,live,1,2026-07-29T02:29:44.141640+00:00,2.628587,success
CBSPAN-20260728-8d46bf02474890f1ed07b90c,rating_lane_004,live,1,2026-07-29T02:29:44.141651+00:00,2.744014,success
CBSPAN-20260728-3e179cbfd98667405c2b5030,rating_lane_004,live,1,2026-07-29T02:29:44.141658+00:00,2.566059,success
CBSPAN-20260728-6877f806761c9d705fc78fe4,rating_lane_004,live,1,2026-07-29T02:29:44.141665+00:00,2.733363,success
CBSPAN-20260728-f189fdff90a103c2b1b480c7,rating_lane_004,live,1,2026-07-29T02:29:44.141672+00:00,2.600831,success
CBSPAN-20260728-1a16dff960a3de91a9cc056d,rating_lane_004,live,1,2026-07-29T02:29:44.141680+00:00,2.628634,success
CBSPAN-20260728-67c5c8a158dd8697dd06775d,rating_lane_004,live,1,2026-07-29T02:29:44.141762+00:00,2.893644,success
CBSPAN-20260728-0677c2cedc3ba06bdc917c93,rating_lane_004,live,1,2026-07-29T02:29:44.141770+00:00,5.967967,success
CBSPAN-20260728-ef64507911e142530f41899d,rating_lane_004,live,1,2026-07-29T02:29:44.141774+00:00,4.828713,success
CBSPAN-20260728-56ab6838fec4b5cad4e3aa32,rating_lane_004,live,1,2026-07-29T02:29:44.141776+00:00,5.357730,success
CBSPAN-20260728-ae685b5402449a3bdefbd709,rating_lane_004,live,1,2026-07-29T02:29:44.141777+00:00,6.465413,success
CBSPAN-20260728-fdc8fbf91333d2b5c83bf280,rating_lane_004,live,1,2026-07-29T02:29:44.141779+00:00,5.896107,success
CBSPAN-20260728-4d588680507452926965811e,rating_lane_004,live,1,2026-07-29T02:29:44.141780+00:00,5.191885,success
CBSPAN-20260728-b559c2b29800698aadb3f282,rating_lane_004,live,1,2026-07-29T02:29:44.141782+00:00,5.893048,success
CBSPAN-20260728-b2a9127505acd47a9fb56d9c,rating_lane_004,live,1,2026-07-29T02:29:44.141784+00:00,5.533713,success
CBSPAN-20260728-97edf41309adde212a3ddedb,rating_lane_004,live,1,2026-07-29T02:29:44.141785+00:00,7.297095,success
CBSPAN-20260728-89900431e85567375befad9a,rating_lane_004,live,1,2026-07-29T02:29:44.141787+00:00,7.297035,success
CBSPAN-20260728-04e45312eedc51df1a1346e3,rating_lane_004,live,1,2026-07-29T02:29:44.141788+00:00,7.407113,success
CBSPAN-20260728-d2ceb16ff1cb199674d390e4,rating_lane_004,live,1,2026-07-29T02:29:44.141789+00:00,8.417426,success
CBSPAN-20260728-aa29386251459e00f7a17093,rating_lane_004,live,1,2026-07-29T02:29:44.141791+00:00,8.296007,success
CBSPAN-20260728-5e26a9387019caffcf97c9b4,rating_lane_004,live,1,2026-07-29T02:29:44.141792+00:00,9.130051,success
CBSPAN-20260728-8c3e4aaaa26d885a745bc978,rating_lane_004,live,1,2026-07-29T02:29:44.141794+00:00,8.037346,success
CBSPAN-20260728-87b3f0542591b7299a1b1667,rating_lane_004,live,1,2026-07-29T02:29:44.141795+00:00,9.008285,success
CBSPAN-20260728-ec3a914fbb08e1d7c972a6f5,rating_lane_004,live,1,2026-07-29T02:29:44.141797+00:00,10.142864,success
CBSPAN-20260728-8604b0386aff7536230afaa8,rating_lane_004,live,1,2026-07-29T02:29:44.141798+00:00,10.027934,success
CBSPAN-20260728-a27442764389cfd79a6e0798,rating_lane_004,live,1,2026-07-29T02:29:44.141799+00:00,9.773084,success
CBSPAN-20260728-5fa60eaceb8270c029caeadd,rating_lane_004,live,1,2026-07-29T02:29:44.141801+00:00,10.200491,success
CBSPAN-20260728-9c630856d70f7a5696d49f7b,rating_lane_004,live,1,2026-07-29T02:29:44.141802+00:00,10.744812,success
CBSPAN-20260728-f67376a1bedae699b2715a2c,rating_lane_004,live,1,2026-07-29T02:29:44.141804+00:00,10.743995,success
CBSPAN-20260728-dc43e142dc655a651f698057,rating_lane_004,live,1,2026-07-29T02:29:44.141805+00:00,11.651549,success
CBSPAN-20260728-e4fc7411c799cf351b1dbe18,rating_lane_004,live,1,2026-07-29T02:29:44.141807+00:00,11.477741,success
CBSPAN-20260728-dd5ed9872a63486aadf605b7,rating_lane_004,live,1,2026-07-29T02:29:55.881253+00:00,2.264055,success
CBSPAN-20260728-aeb2dc5f34cb8a1b23c615cd,rating_lane_004,live,1,2026-07-29T02:29:55.881317+00:00,2.679679,success
CBSPAN-20260728-2ffa88fba8fdcaf9f7728da5,rating_lane_004,live,1,2026-07-29T02:29:55.881330+00:00,2.829935,success
CBSPAN-20260728-92b06e0f09fa117b3b3f2e94,rating_lane_004,live,1,2026-07-29T02:29:55.881338+00:00,2.919230,success
CBSPAN-20260728-56043f48e6358501ed76e01a,rating_lane_004,live,1,2026-07-29T02:29:55.881346+00:00,2.168294,success
CBSPAN-20260728-b021b939bafecaa14ad27cc7,rating_lane_004,live,1,2026-07-29T02:29:55.881352+00:00,3.126711,success
CBSPAN-20260728-563a0f2431b86ee398b5ec6f,rating_lane_004,live,1,2026-07-29T02:29:55.881361+00:00,2.506046,success
CBSPAN-20260728-e36bd968915e4668f9abb267,rating_lane_004,live,1,2026-07-29T02:29:55.881440+00:00,2.953723,success
CBSPAN-20260728-94063e4d1a64c9d27b42509c,rating_lane_004,live,1,2026-07-29T02:29:55.881448+00:00,5.215635,success
CBSPAN-20260728-38e3da8edf8f79f79f0c3405,rating_lane_004,live,1,2026-07-29T02:29:55.881452+00:00,9.967909,success
CBSPAN-20260728-d3242b6fb5d77eb3a6a87ee8,rating_lane_004,live,1,2026-07-29T02:29:55.881454+00:00,5.215595,success
CBSPAN-20260728-42eb44e06e06f122f8d4a04f,rating_lane_004,live,1,2026-07-29T02:29:55.881455+00:00,4.929950,success
CBSPAN-20260728-ab9d57312dde3b7a6608c2f1,rating_lane_004,live,1,2026-07-29T02:29:55.881457+00:00,5.271553,success
CBSPAN-20260728-436459b57e1d141976b6962a,rating_lane_004,live,1,2026-07-29T02:29:55.881459+00:00,5.215437,success
CBSPAN-20260728-483c1803c54e943e5c9bd75f,rating_lane_004,live,1,2026-07-29T02:29:55.881460+00:00,5.615555,success
CBSPAN-20260728-b9c5fb326ea411a2148ab19c,rating_lane_004,live,1,2026-07-29T02:29:55.881462+00:00,4.874957,success
CBSPAN-20260728-13fe926308b4f7e2a7ec9f84,rating_lane_004,live,1,2026-07-29T02:29:55.881463+00:00,7.972387,success
CBSPAN-20260728-fc1a633404fdfeb6aa4aec5f,rating_lane_004,live,1,2026-07-29T02:29:55.881465+00:00,7.598842,success
CBSPAN-20260728-d2c77571b8f9001056094fa5,rating_lane_004,live,1,2026-07-29T02:29:55.881466+00:00,8.350447,success
CBSPAN-20260728-e5e217071693b2c5441e05fd,rating_lane_004,live,1,2026-07-29T02:29:55.881468+00:00,8.033495,success
CBSPAN-20260728-38c378e413f70a09ba5f1af9,rating_lane_004,live,1,2026-07-29T02:29:55.881469+00:00,7.276131,success
CBSPAN-20260728-b11a63511528741a09f79332,rating_lane_004,live,1,2026-07-29T02:29:55.881470+00:00,8.434156,success
CBSPAN-20260728-266eaef1482b7557724b9301,rating_lane_004,live,1,2026-07-29T02:29:55.881472+00:00,8.047455,success
CBSPAN-20260728-96986cf13b59d2dac57c33d9,rating_lane_004,live,1,2026-07-29T02:29:55.881474+00:00,9.629806,success
CBSPAN-20260728-7a1f969c6227a33f7a2123f4,rating_lane_004,live,1,2026-07-29T02:29:55.881475+00:00,9.919713,success
CBSPAN-20260728-d56801dd78b45c68e9f03d06,rating_lane_004,live,1,2026-07-29T02:29:55.881477+00:00,10.344410,success
CBSPAN-20260728-0faa67abca7bd16dd6c8a118,rating_lane_004,live,1,2026-07-29T02:29:55.881478+00:00,10.065825,success
CBSPAN-20260728-fa8339556c5448bb2dee4bc8,rating_lane_004,live,1,2026-07-29T02:29:55.881480+00:00,10.613490,success
CBSPAN-20260728-6fbdbc16d372a044a002b57c,rating_lane_004,live,1,2026-07-29T02:29:55.881484+00:00,10.588338,success
CBSPAN-20260728-d2234c5093c5162ff9eadb80,rating_lane_004,live,1,2026-07-29T02:29:55.881486+00:00,11.783724,success
CBSPAN-20260728-d01c9cfe08209005553ac857,rating_lane_004,live,1,2026-07-29T02:29:55.881487+00:00,12.346956,success
CBSPAN-20260728-cd973de2506dfa8bb42e9da4,rating_lane_004,live,1,2026-07-29T02:29:55.881488+00:00,12.307281,success
CBSPAN-20260728-4bd15e5628c8ac8e22a63952,rating_lane_004,live,1,2026-07-29T02:30:08.314554+00:00,4.598371,success
CBSPAN-20260728-565ed67fdf4bb147e0a0d00d,rating_lane_004,live,1,2026-07-29T02:30:08.314600+00:00,3.085871,success
CBSPAN-20260728-c1f450555796ff9ef37713a9,rating_lane_004,live,1,2026-07-29T02:30:08.314610+00:00,3.021943,success
CBSPAN-20260728-efe8074f2ec49a7aebc18f96,rating_lane_004,live,1,2026-07-29T02:30:08.314617+00:00,2.494998,success
CBSPAN-20260728-af7e96794d5df86529dc0b82,rating_lane_004,live,1,2026-07-29T02:30:08.314624+00:00,3.033486,success
CBSPAN-20260728-0be79e71ed68f0d57bdc693b,rating_lane_004,live,1,2026-07-29T02:30:08.314630+00:00,2.550007,success
CBSPAN-20260728-4bfbe2b06e5907e493958993,rating_lane_004,live,1,2026-07-29T02:30:08.314637+00:00,3.545817,success
CBSPAN-20260728-979ac9d0fa13902c1fe44908,rating_lane_004,live,1,2026-07-29T02:30:08.316073+00:00,3.020313,success
CBSPAN-20260728-89dc31da0922397d2cdde1c6,rating_lane_004,live,1,2026-07-29T02:30:08.316082+00:00,5.110686,success
CBSPAN-20260728-b9275d22c02fe30f81f9ad42,rating_lane_004,live,1,2026-07-29T02:30:08.316085+00:00,4.983962,success
CBSPAN-20260728-0eb604738c05dfd6a212d7cb,rating_lane_004,live,1,2026-07-29T02:30:08.316087+00:00,5.741496,success
CBSPAN-20260728-12324b30967f9dfdcc95a464,rating_lane_004,live,1,2026-07-29T02:30:08.316089+00:00,6.688738,success
CBSPAN-20260728-e84395e59bdb3d6caacd7731,rating_lane_004,live,1,2026-07-29T02:30:08.316090+00:00,5.445284,success
CBSPAN-20260728-76af5caf80b845c74eb879b8,rating_lane_004,live,1,2026-07-29T02:30:08.316092+00:00,4.919512,success
CBSPAN-20260728-9d37597908a5963e8891f632,rating_lane_004,live,1,2026-07-29T02:30:08.316093+00:00,6.162503,success
CBSPAN-20260728-9fe2a619b2f13f5f9eda7a66,rating_lane_004,live,1,2026-07-29T02:30:08.316095+00:00,6.909025,success
CBSPAN-20260728-d06a6799f459ae285b500ad4,rating_lane_004,live,1,2026-07-29T02:30:08.316096+00:00,7.737757,success
CBSPAN-20260728-c7b1f3d12bbb683e967cd9cc,rating_lane_004,live,1,2026-07-29T02:30:08.316098+00:00,7.322070,success
CBSPAN-20260728-8ca8d0a8cd2463516d1cbaa3,rating_lane_004,live,1,2026-07-29T02:30:08.316099+00:00,7.081860,success
CBSPAN-20260728-16c3e5220e5f2ba88cd97c6a,rating_lane_004,live,1,2026-07-29T02:30:08.316100+00:00,8.106838,success
CBSPAN-20260728-731d0d04b15ebc19f75c0cf3,rating_lane_004,live,1,2026-07-29T02:30:08.316102+00:00,8.065109,success
CBSPAN-20260728-983d805e75a26f406564d513,rating_lane_004,live,1,2026-07-29T02:30:08.316103+00:00,8.913344,success
CBSPAN-20260728-5211c614d354dcdb31715217,rating_lane_004,live,1,2026-07-29T02:30:08.316105+00:00,9.463022,success
CBSPAN-20260728-14b31175e95a9dd564ac6f94,rating_lane_004,live,1,2026-07-29T02:30:08.316106+00:00,9.411608,success
CBSPAN-20260728-0dfadb16d4bee72e55bdb45e,rating_lane_004,live,1,2026-07-29T02:30:08.316107+00:00,9.842434,success
CBSPAN-20260728-99c6e27b9ea42aaafafd1d7f,rating_lane_004,live,1,2026-07-29T02:30:08.316109+00:00,9.844598,success
CBSPAN-20260728-81d79afa5658a541fe051f60,rating_lane_004,live,1,2026-07-29T02:30:08.316110+00:00,10.498567,success
CBSPAN-20260728-8f7a2491a9a9904eb425a576,rating_lane_004,live,1,2026-07-29T02:30:08.316112+00:00,11.491582,success
CBSPAN-20260728-2ac2f9020fab9488cfb7c66e,rating_lane_004,live,1,2026-07-29T02:30:08.316113+00:00,10.516831,success
CBSPAN-20260728-c808a1b06725a6f3f2333551,rating_lane_004,live,1,2026-07-29T02:30:08.316115+00:00,11.563283,success
CBSPAN-20260728-73a5ed3bb3fa1fb7274fc45a,rating_lane_004,live,1,2026-07-29T02:30:08.316116+00:00,12.292030,success
CBSPAN-20260728-66cf66b62d2177e9009c6667,rating_lane_004,live,1,2026-07-29T02:30:08.316117+00:00,13.833959,success
CBSPAN-20260728-6075cb4911682a0d2f350c74,rating_lane_004,live,1,2026-07-29T02:30:22.226759+00:00,2.571762,success
CBSPAN-20260728-5c517377a7177c839d21da78,rating_lane_004,live,1,2026-07-29T02:30:22.226791+00:00,2.599512,success
CBSPAN-20260728-c48950489450666fea50a6f1,rating_lane_004,live,1,2026-07-29T02:30:22.226799+00:00,2.220326,success
CBSPAN-20260728-5b44741ba48999c16c66e752,rating_lane_004,live,1,2026-07-29T02:30:22.226806+00:00,2.548301,success
CBSPAN-20260728-56e85f25e56ffa5b0ad1c64d,rating_lane_004,live,1,2026-07-29T02:30:22.226813+00:00,2.794553,success
CBSPAN-20260728-b38e3840812e068e12abf218,rating_lane_004,live,1,2026-07-29T02:30:22.226819+00:00,2.541770,success
CBSPAN-20260728-8f7e820ad93eb2b66ba7fd30,rating_lane_004,live,1,2026-07-29T02:30:22.226825+00:00,2.757768,success
CBSPAN-20260728-aa517aab7d1cf9fd0892bbd5,rating_lane_004,live,1,2026-07-29T02:30:22.226886+00:00,2.308478,success
CBSPAN-20260728-ac1fc7992ba8fc3ce18cefe5,rating_lane_004,live,1,2026-07-29T02:30:22.226894+00:00,4.765628,success
CBSPAN-20260728-791212154e358dcde7a100fa,rating_lane_004,live,1,2026-07-29T02:30:22.226897+00:00,4.639032,success
CBSPAN-20260728-d4feb6d4d80d2575de0f929e,rating_lane_004,live,1,2026-07-29T02:30:22.226899+00:00,5.034989,success
CBSPAN-20260728-a6a83cf238782b2a5e250fc1,rating_lane_004,live,1,2026-07-29T02:30:22.226901+00:00,4.882789,success
CBSPAN-20260728-7f3ec554f6853b4d8f67b5f2,rating_lane_004,live,1,2026-07-29T02:30:22.226902+00:00,4.655194,success
CBSPAN-20260728-dbe65d368f1ce40649a41183,rating_lane_004,live,1,2026-07-29T02:30:22.226904+00:00,4.462247,success
CBSPAN-20260728-080ca757e262478bc1a89eae,rating_lane_004,live,1,2026-07-29T02:30:22.226905+00:00,5.163575,success
CBSPAN-20260728-1945465cd37b23e5ab9b4585,rating_lane_004,live,1,2026-07-29T02:30:22.226907+00:00,4.930016,success
CBSPAN-20260728-9c2a611db947eb7b86b72800,rating_lane_004,live,1,2026-07-29T02:30:22.226908+00:00,7.375725,success
CBSPAN-20260728-26c4bc6640eb7d1c48e042b4,rating_lane_004,live,1,2026-07-29T02:30:22.226909+00:00,7.133937,success
CBSPAN-20260728-1d0bf58cfccbc9a99a967ad0,rating_lane_004,live,1,2026-07-29T02:30:22.226913+00:00,7.263381,success
CBSPAN-20260728-0c8471724df9b10b8c288d67,rating_lane_004,live,1,2026-07-29T02:30:22.226914+00:00,6.948861,success
CBSPAN-20260728-ac218f5c587c3d249f151f22,rating_lane_004,live,1,2026-07-29T02:30:22.226916+00:00,7.092462,success
CBSPAN-20260728-a01a6c47f76d7cd1e716a29e,rating_lane_004,live,1,2026-07-29T02:30:22.226918+00:00,6.738044,success
CBSPAN-20260728-ab1b4716ec297d7e866d8bf5,rating_lane_004,live,1,2026-07-29T02:30:22.226919+00:00,7.152524,success
CBSPAN-20260728-3af6f7a0a56018d07f437023,rating_lane_004,live,1,2026-07-29T02:30:22.226921+00:00,8.355110,success
CBSPAN-20260728-09f5d5282fc68ff51ad05e38,rating_lane_004,live,1,2026-07-29T02:30:22.226922+00:00,9.407717,success
CBSPAN-20260728-8d6112cfe2227247951ec3ac,rating_lane_004,live,1,2026-07-29T02:30:22.226924+00:00,9.364246,success
CBSPAN-20260728-c44d03641bd8411ad2fa8d1b,rating_lane_004,live,1,2026-07-29T02:30:22.226925+00:00,9.888443,success
CBSPAN-20260728-e237dacf29c214fb8f56a885,rating_lane_004,live,1,2026-07-29T02:30:22.226926+00:00,9.558288,success
CBSPAN-20260728-d4e0dfa4cc70b2bf9c7ea738,rating_lane_004,live,1,2026-07-29T02:30:22.226928+00:00,9.888389,success
CBSPAN-20260728-ad48e7617726c47c0524745b,rating_lane_004,live,1,2026-07-29T02:30:22.226929+00:00,9.888279,success
CBSPAN-20260728-08c69ef8bf3153c99a64877c,rating_lane_004,live,1,2026-07-29T02:30:22.226931+00:00,10.416205,success
CBSPAN-20260728-c6975ec32318afcdca6872a7,rating_lane_004,live,1,2026-07-29T02:30:22.226932+00:00,10.962557,success
CBSPAN-20260728-153c24aa1b99d4eda96508f7,rating_lane_004,live,1,2026-07-29T02:30:33.270868+00:00,2.117173,success
CBSPAN-20260728-3a82e7b99ffecfd2a3fe569b,rating_lane_004,live,1,2026-07-29T02:30:33.270938+00:00,2.023915,success
CBSPAN-20260728-7465c342e651422758102cf1,rating_lane_004,live,1,2026-07-29T02:30:33.270950+00:00,2.511204,success
CBSPAN-20260728-627c31e7820547729c019fee,rating_lane_004,live,1,2026-07-29T02:30:33.270959+00:00,78.852015,success
CBSPAN-20260728-0c3482f5d81c272ec4b6c6dc,rating_lane_004,live,1,2026-07-29T02:30:33.270966+00:00,3.881898,success
CBSPAN-20260728-4cd67239a1d71e1b86553aae,rating_lane_004,live,1,2026-07-29T02:30:33.270974+00:00,2.192060,success
CBSPAN-20260728-2d96870f417a8e292809420c,rating_lane_004,live,1,2026-07-29T02:30:33.270980+00:00,2.316188,success
CBSPAN-20260728-7d554e2269f904b2651c8ade,rating_lane_004,live,1,2026-07-29T02:30:33.271060+00:00,2.048628,success
CBSPAN-20260728-da30f9066a8d7722a9fc337c,rating_lane_004,live,1,2026-07-29T02:30:33.271067+00:00,4.118243,success
CBSPAN-20260728-2ead8b1759bbf5ab53929ac1,rating_lane_004,live,1,2026-07-29T02:30:33.271075+00:00,4.763227,success
CBSPAN-20260728-882464542daaa722e4c44865,rating_lane_004,live,1,2026-07-29T02:30:33.271077+00:00,5.721501,success
CBSPAN-20260728-edc1554c7833ecfe2fe38ce4,rating_lane_004,live,1,2026-07-29T02:30:33.271079+00:00,4.124966,success
CBSPAN-20260728-8e89675e255d2f2b754c15db,rating_lane_004,live,1,2026-07-29T02:30:33.271081+00:00,4.881035,success
CBSPAN-20260728-f9c37ef799fc7f2c369b8cc3,rating_lane_004,live,1,2026-07-29T02:30:33.271082+00:00,4.786606,success
CBSPAN-20260728-f73002d777144d45efe82777,rating_lane_004,live,1,2026-07-29T02:30:33.271084+00:00,6.757852,success
CBSPAN-20260728-b1ba2be74065cfe015e15921,rating_lane_004,live,1,2026-07-29T02:30:33.271085+00:00,7.785812,success
CBSPAN-20260728-fb08f7ee1a4f3e523f462130,rating_lane_004,live,1,2026-07-29T02:30:33.271087+00:00,6.303416,success
CBSPAN-20260728-f4e5342cc8b33d340009bd2e,rating_lane_004,live,1,2026-07-29T02:30:33.271088+00:00,6.700307,success
CBSPAN-20260728-13df2ce4ac624d33299e4451,rating_lane_004,live,1,2026-07-29T02:30:33.271090+00:00,7.502526,success
CBSPAN-20260728-c3ef390b3988b019a8bc9302,rating_lane_004,live,1,2026-07-29T02:30:33.271091+00:00,8.501416,success
CBSPAN-20260728-8ed1bb0199b5ae4f86dd43e3,rating_lane_004,live,1,2026-07-29T02:30:33.271092+00:00,7.752537,success
CBSPAN-20260728-523de3bde742322206cfe350,rating_lane_004,live,1,2026-07-29T02:30:33.271094+00:00,8.607954,success
CBSPAN-20260728-c6d09a89faa492ed0c6d6dfb,rating_lane_004,live,1,2026-07-29T02:30:33.271095+00:00,9.988077,success
CBSPAN-20260728-cc121b5a99e69f5bd0911e5b,rating_lane_004,live,1,2026-07-29T02:30:33.271096+00:00,8.886053,success
CBSPAN-20260728-6fe0ca5da7b1e16314b1a473,rating_lane_004,live,1,2026-07-29T02:30:33.271098+00:00,9.853323,success
CBSPAN-20260728-ddf5f4e2f476e933867e717a,rating_lane_004,live,1,2026-07-29T02:30:33.271099+00:00,10.597171,success
CBSPAN-20260728-d6d4b61caf67a6ba01dee24a,rating_lane_004,live,1,2026-07-29T02:30:33.271100+00:00,9.853148,success
CBSPAN-20260728-f30787785757145be411bdb0,rating_lane_004,live,1,2026-07-29T02:30:33.271102+00:00,11.500310,success
CBSPAN-20260728-74481d1bab5670335a7ca27c,rating_lane_004,live,1,2026-07-29T02:30:33.271103+00:00,11.484933,success
CBSPAN-20260728-66e087c4dbce91d63dcd43f7,rating_lane_004,live,1,2026-07-29T02:30:33.271105+00:00,12.492623,success
CBSPAN-20260728-dcc42b8dd9200865c67a6cb2,rating_lane_004,live,1,2026-07-29T02:30:33.271106+00:00,11.632927,success
CBSPAN-20260728-15e605f759290c24b4b4c926,rating_lane_004,live,1,2026-07-29T02:30:33.271107+00:00,11.944589,success
CBSPAN-20260728-cb0ebafb65857360bf7ea534,rating_lane_004,live,1,2026-07-29T02:31:52.199611+00:00,2.094978,success
CBSPAN-20260728-6a5874316196c6856f9bcc33,rating_lane_004,live,1,2026-07-29T02:31:52.199687+00:00,2.299510,success
CBSPAN-20260728-11261b76859c9dcfc59755e0,rating_lane_004,live,1,2026-07-29T02:31:52.199704+00:00,5.108903,success
CBSPAN-20260728-c8033697d7db90d979923e2b,rating_lane_004,live,1,2026-07-29T02:31:52.199712+00:00,2.381769,success
CBSPAN-20260728-5ce0e60fb1acf7bce3e5bad3,rating_lane_004,live,1,2026-07-29T02:31:52.199718+00:00,2.385227,success
CBSPAN-20260728-51cb000fcbc5944a3bdc20ce,rating_lane_004,live,1,2026-07-29T02:31:52.199726+00:00,2.502957,success
CBSPAN-20260728-c9ae9a9e7b39c35419907ce1,rating_lane_004,live,1,2026-07-29T02:31:52.199733+00:00,2.616311,success
CBSPAN-20260728-aeb892d6f6a45007adabbe23,rating_lane_004,live,1,2026-07-29T02:31:52.199798+00:00,2.198980,success
CBSPAN-20260728-3a82ec3dc32707d0776c0e04,rating_lane_004,live,1,2026-07-29T02:31:52.199805+00:00,4.610480,success
CBSPAN-20260728-d0812a0279b095b163de70ef,rating_lane_004,live,1,2026-07-29T02:31:52.199811+00:00,4.604554,success
CBSPAN-20260728-544a2dd2cf45ec2de2c4340a,rating_lane_004,live,1,2026-07-29T02:31:52.199813+00:00,5.006814,success
CBSPAN-20260728-9247c8b2089ce37a09841a62,rating_lane_004,live,1,2026-07-29T02:31:52.199814+00:00,4.426989,success
CBSPAN-20260728-cb408ee0d386d1871effc1a4,rating_lane_004,live,1,2026-07-29T02:31:52.199815+00:00,6.160243,success
CBSPAN-20260728-8022d85bb74018e106eb6bc2,rating_lane_004,live,1,2026-07-29T02:31:52.199817+00:00,5.645609,success
CBSPAN-20260728-a4be873a71084ada8d42e35d,rating_lane_004,live,1,2026-07-29T02:31:52.199818+00:00,5.969930,success
CBSPAN-20260728-f7b6877a30b2746d8c930eda,rating_lane_004,live,1,2026-07-29T02:31:52.199819+00:00,7.297382,success
CBSPAN-20260728-66965ff6a3c8206773ed65b8,rating_lane_004,live,1,2026-07-29T02:31:52.199821+00:00,6.698489,success
CBSPAN-20260728-9ff400de1765aed335105191,rating_lane_004,live,1,2026-07-29T02:31:52.199822+00:00,6.528117,success
CBSPAN-20260728-cc135c485176ee7954ae191f,rating_lane_004,live,1,2026-07-29T02:31:52.199824+00:00,7.331534,success
CBSPAN-20260728-3505807866ea47822beb2dfe,rating_lane_004,live,1,2026-07-29T02:31:52.199825+00:00,8.827437,success
CBSPAN-20260728-104d6bded1a0177b740a4605,rating_lane_004,live,1,2026-07-29T02:31:52.199827+00:00,7.569027,success
CBSPAN-20260728-65661e06fc87b7e27bb709da,rating_lane_004,live,1,2026-07-29T02:31:52.199828+00:00,8.855214,success
CBSPAN-20260728-53b3c29789ec94c26452d4f7,rating_lane_004,live,1,2026-07-29T02:31:52.199829+00:00,8.458155,success
CBSPAN-20260728-cca86497224185f3099d2567,rating_lane_004,live,1,2026-07-29T02:31:52.199831+00:00,8.932560,success
CBSPAN-20260728-62e7e3fd49aceddc0b654772,rating_lane_004,live,1,2026-07-29T02:31:52.199832+00:00,8.842543,success
CBSPAN-20260728-87463203e07c9a7a970d0d6f,rating_lane_004,live,1,2026-07-29T02:31:52.199833+00:00,10.036438,success
CBSPAN-20260728-0b2de66740a9fc38c9583fde,rating_lane_004,live,1,2026-07-29T02:31:52.199834+00:00,10.158124,success
CBSPAN-20260728-0733da3f55a60eb8ab62ff7e,rating_lane_004,live,1,2026-07-29T02:31:52.199836+00:00,10.487764,success
CBSPAN-20260728-8eeb3c7233aa274629f23a15,rating_lane_004,live,1,2026-07-29T02:31:52.199837+00:00,10.514478,success
CBSPAN-20260728-bde2cea3251c129e647aeafb,rating_lane_004,live,1,2026-07-29T02:31:52.199838+00:00,12.847339,success
CBSPAN-20260728-57cfc15c2b1c15f2548b492f,rating_lane_004,live,1,2026-07-29T02:31:52.199840+00:00,11.151165,success
CBSPAN-20260728-570877f9ea25d63506f7a0c2,rating_lane_004,live,1,2026-07-29T02:31:52.199841+00:00,11.555637,success
CBSPAN-20260728-5a6715baedb2abd4482a1f47,rating_lane_004,live,1,2026-07-29T02:32:05.146266+00:00,3.351494,success
CBSPAN-20260728-f51d01e535e16c1d4965f13b,rating_lane_004,live,1,2026-07-29T02:32:05.146325+00:00,2.785017,success
CBSPAN-20260728-68a21578e6f45459ceb7d26b,rating_lane_004,live,1,2026-07-29T02:32:05.146339+00:00,2.342329,success
CBSPAN-20260728-59e550a261138b12bbf76d69,rating_lane_004,live,1,2026-07-29T02:32:05.146348+00:00,2.122870,success
CBSPAN-20260728-ad1f7cc01426fe4504f3c669,rating_lane_004,live,1,2026-07-29T02:32:05.146356+00:00,2.142020,success
CBSPAN-20260728-9441a8d7f96d656bd8ef3f8b,rating_lane_004,live,1,2026-07-29T02:32:05.146366+00:00,3.839066,success
CBSPAN-20260728-652ee87679a79cfd37974612,rating_lane_004,live,1,2026-07-29T02:32:05.146374+00:00,2.458829,success
CBSPAN-20260728-2f772da60d25da31837f34f6,rating_lane_004,live,1,2026-07-29T02:32:05.146461+00:00,2.657164,success
CBSPAN-20260728-4a1bfcdf210ee63d6fb1aa25,rating_lane_004,live,1,2026-07-29T02:32:05.146470+00:00,4.796291,success
CBSPAN-20260728-0bb7b7ac8f269e53713154c7,rating_lane_004,live,1,2026-07-29T02:32:05.146476+00:00,4.016286,success
CBSPAN-20260728-578fb533487d85234c5a87e1,rating_lane_004,live,1,2026-07-29T02:32:05.146477+00:00,5.975237,success
CBSPAN-20260728-a3036952d3f325a0812e8ffd,rating_lane_004,live,1,2026-07-29T02:32:05.146479+00:00,4.451910,success
CBSPAN-20260728-89e5a92f7a386af3d977617f,rating_lane_004,live,1,2026-07-29T02:32:05.146481+00:00,5.119043,success
CBSPAN-20260728-d9c833e9eee8176ecba2391a,rating_lane_004,live,1,2026-07-29T02:32:05.146483+00:00,5.910685,success
CBSPAN-20260728-27c9655f1f046df5e78c009b,rating_lane_004,live,1,2026-07-29T02:32:05.146484+00:00,6.080495,success
CBSPAN-20260728-1947a835f8ed396df40701ee,rating_lane_004,live,1,2026-07-29T02:32:05.146486+00:00,7.028131,success
CBSPAN-20260728-18dabef4c8b6873a571dcd67,rating_lane_004,live,1,2026-07-29T02:32:05.146487+00:00,6.315126,success
CBSPAN-20260728-f5583254217317aea0dc4c71,rating_lane_004,live,1,2026-07-29T02:32:05.146489+00:00,8.209346,success
CBSPAN-20260728-52ce024f7305a5f5049eb414,rating_lane_004,live,1,2026-07-29T02:32:05.146490+00:00,6.602620,success
CBSPAN-20260728-0fd905fe6b2b5e6f92bb6af2,rating_lane_004,live,1,2026-07-29T02:32:05.146492+00:00,7.680136,success
CBSPAN-20260728-38c7e67e037985578c2d154f,rating_lane_004,live,1,2026-07-29T02:32:05.146493+00:00,8.442795,success
CBSPAN-20260728-847a005d1a49e72ba972692e,rating_lane_004,live,1,2026-07-29T02:32:05.146495+00:00,8.162261,success
CBSPAN-20260728-04cfcc158d48c7f72f56bc48,rating_lane_004,live,1,2026-07-29T02:32:05.146497+00:00,8.235489,success
CBSPAN-20260728-acf2240ee3f42f82ed63d6f5,rating_lane_004,live,1,2026-07-29T02:32:05.146499+00:00,8.700381,success
CBSPAN-20260728-4914f8b7a34c3c9dd0c10334,rating_lane_004,live,1,2026-07-29T02:32:05.146500+00:00,9.480185,success
CBSPAN-20260728-f2cbd59c244d5a68d9d544c6,rating_lane_004,live,1,2026-07-29T02:32:05.146501+00:00,9.674379,success
CBSPAN-20260728-935784b086c94e6f38960380,rating_lane_004,live,1,2026-07-29T02:32:05.146503+00:00,11.221213,success
CBSPAN-20260728-a94632292c7caa09dced86e8,rating_lane_004,live,1,2026-07-29T02:32:05.146505+00:00,10.755368,success
CBSPAN-20260728-1086491749647c2b7ad1ed61,rating_lane_004,live,1,2026-07-29T02:32:05.146506+00:00,10.532719,success
CBSPAN-20260728-cd9fff1354bd7d4ee169bba8,rating_lane_004,live,1,2026-07-29T02:32:05.146507+00:00,11.255588,success
CBSPAN-20260728-f009fda77903fce81f8c607a,rating_lane_004,live,1,2026-07-29T02:32:05.146509+00:00,10.514014,success
CBSPAN-20260728-a1301a7cba37381011d898b7,rating_lane_004,live,1,2026-07-29T02:32:05.146510+00:00,12.143468,success
CBSPAN-20260728-214f3c44139a7bd4167f2573,rating_lane_004,live,1,2026-07-29T02:32:17.355369+00:00,2.615332,success
CBSPAN-20260728-012aec17eb03f10386e0a354,rating_lane_004,live,1,2026-07-29T02:32:17.355400+00:00,2.502554,success
CBSPAN-20260728-c776d31feae4ac4090e8cac5,rating_lane_004,live,1,2026-07-29T02:32:17.355409+00:00,2.765730,success
CBSPAN-20260728-cfaaa4d292ea6bfd11f11d74,rating_lane_004,live,1,2026-07-29T02:32:17.355415+00:00,2.589222,success
CBSPAN-20260728-07c9c0a2dc316af25cf7e776,rating_lane_004,live,1,2026-07-29T02:32:17.355421+00:00,2.646563,success
CBSPAN-20260728-db6e3f45459a2e5c3eb50d66,rating_lane_004,live,1,2026-07-29T02:32:17.355427+00:00,2.747914,success
CBSPAN-20260728-de4800e0da5d2b5189832a94,rating_lane_004,live,1,2026-07-29T02:32:17.355433+00:00,2.502305,success
CBSPAN-20260728-0c987d030a5f803e207875d4,rating_lane_004,live,1,2026-07-29T02:32:17.355488+00:00,2.502419,success
CBSPAN-20260728-5ce952b9e2cd7d7ca3d08dc9,rating_lane_004,live,1,2026-07-29T02:32:17.355495+00:00,4.665724,success
CBSPAN-20260728-4822107167bc6fce0213430b,rating_lane_004,live,1,2026-07-29T02:32:17.355498+00:00,5.642579,success
CBSPAN-20260728-30ca9cc62a3230354fcb4bf4,rating_lane_004,live,1,2026-07-29T02:32:17.355500+00:00,6.261517,success
CBSPAN-20260728-38cfcf92c96ae2144ec9335a,rating_lane_004,live,1,2026-07-29T02:32:17.355502+00:00,6.954407,success
CBSPAN-20260728-05319ccb41650769cb847fc5,rating_lane_004,live,1,2026-07-29T02:32:17.355503+00:00,5.446283,success
CBSPAN-20260728-db15a3e74fb3e258dcdec5d7,rating_lane_004,live,1,2026-07-29T02:32:17.355505+00:00,4.831520,success
CBSPAN-20260728-a2497d495dbb5dde5bf82a6d,rating_lane_004,live,1,2026-07-29T02:32:17.355506+00:00,5.249191,success
CBSPAN-20260728-31eb73b4931068e31315a070,rating_lane_004,live,1,2026-07-29T02:32:17.355508+00:00,4.995590,success
CBSPAN-20260728-a5c8e16a8218911232a71335,rating_lane_004,live,1,2026-07-29T02:32:17.355509+00:00,8.290760,success
CBSPAN-20260728-e2f55b55d512983ba22807c7,rating_lane_004,live,1,2026-07-29T02:32:17.355511+00:00,7.812699,success
CBSPAN-20260728-6e641255c58d03cc3ebb4fd5,rating_lane_004,live,1,2026-07-29T02:32:17.355513+00:00,7.071983,success
CBSPAN-20260728-64ac496522639d45e1f2ff8e,rating_lane_004,live,1,2026-07-29T02:32:17.355514+00:00,7.925517,success
CBSPAN-20260728-33ddee5af8e6a97f7795cee4,rating_lane_004,live,1,2026-07-29T02:32:17.355516+00:00,7.383238,success
CBSPAN-20260728-aa64464bf45805d349c4adff,rating_lane_004,live,1,2026-07-29T02:32:17.355517+00:00,7.812867,success
CBSPAN-20260728-92dcaae423c5c9b418938f72,rating_lane_004,live,1,2026-07-29T02:32:17.355519+00:00,8.492805,success
CBSPAN-20260728-97b6e196242ae3534a8c2096,rating_lane_004,live,1,2026-07-29T02:32:17.355520+00:00,9.624102,success
CBSPAN-20260728-fe288cc7f13d3b3a436bef9c,rating_lane_004,live,1,2026-07-29T02:32:17.355522+00:00,9.550836,success
CBSPAN-20260728-bd8268f6b23c8cf2c9f7039d,rating_lane_004,live,1,2026-07-29T02:32:17.355523+00:00,11.139760,success
CBSPAN-20260728-3d40f33ed971e26cdb43a494,rating_lane_004,live,1,2026-07-29T02:32:17.355525+00:00,10.361182,success
CBSPAN-20260728-0f3b4fe602e5e0c9bba8e0ae,rating_lane_004,live,1,2026-07-29T02:32:17.355526+00:00,10.359167,success
CBSPAN-20260728-039af55878005ad77a4c0203,rating_lane_004,live,1,2026-07-29T02:32:17.355527+00:00,10.359179,success
CBSPAN-20260728-cbe2f3ad96b0228b2588110f,rating_lane_004,live,1,2026-07-29T02:32:17.355529+00:00,11.512596,success
CBSPAN-20260728-c835d848ba07e061d6c0bf83,rating_lane_004,live,1,2026-07-29T02:32:17.355531+00:00,13.250884,success
CBSPAN-20260728-f795860d2b96efbf0a9648f4,rating_lane_004,live,1,2026-07-29T02:32:17.355532+00:00,14.070773,success
CBSPAN-20260728-a2497d495dbb5dde5bf82a6d,rating_lane_004,live,2,2026-07-29T02:32:31.445654+00:00,2.607053,success
CBSPAN-20260728-ba9e1d4767f04a9465c952f9,rating_lane_004,live,1,2026-07-29T02:32:34.136136+00:00,2.908715,success
CBSPAN-20260728-26f83eae89edac0b3e5a96bb,rating_lane_004,live,1,2026-07-29T02:32:34.136178+00:00,2.493738,success
CBSPAN-20260728-60d8d4669389e9176a6d3721,rating_lane_004,live,1,2026-07-29T02:32:34.136189+00:00,2.167038,success
CBSPAN-20260728-a26d609c3570f072aec4bef2,rating_lane_004,live,1,2026-07-29T02:32:34.136262+00:00,2.377030,success
CBSPAN-20260728-9603b6853dead1859bef8f9a,rating_lane_004,live,1,2026-07-29T02:32:34.136269+00:00,4.066118,success
CBSPAN-20260728-3ccf489e0e14787d9528e1c1,rating_lane_004,live,1,2026-07-29T02:32:34.136276+00:00,2.680652,success
CBSPAN-20260728-f747312b5288b69db79df7ac,rating_lane_004,live,1,2026-07-29T02:32:34.136283+00:00,3.018206,success
CBSPAN-20260728-7f7cb3a7c391b53e1ae5bfc5,rating_lane_004,live,1,2026-07-29T02:32:34.136289+00:00,2.639751,success
CBSPAN-20260728-6a2f054cfc2ee093e0d8e69e,rating_lane_004,live,1,2026-07-29T02:32:34.136295+00:00,4.590958,success
CBSPAN-20260728-ba09d3a8de5e1e712b4138e5,rating_lane_004,live,1,2026-07-29T02:32:34.136299+00:00,5.240766,success
CBSPAN-20260728-6fbd0d4c45579368dc465ac9,rating_lane_004,live,1,2026-07-29T02:32:34.136301+00:00,6.160484,success
CBSPAN-20260728-28603d6b4e1eef90a7f96480,rating_lane_004,live,1,2026-07-29T02:32:34.136303+00:00,4.900814,success
CBSPAN-20260728-9967b66a5be31fbf82826fd4,rating_lane_004,live,1,2026-07-29T02:32:34.136305+00:00,4.637013,success
CBSPAN-20260728-9dcdd947afc440d2341b77a8,rating_lane_004,live,1,2026-07-29T02:32:34.136306+00:00,6.572863,success
CBSPAN-20260728-705f509de114caf8f30060ab,rating_lane_004,live,1,2026-07-29T02:32:34.136308+00:00,5.668864,success
CBSPAN-20260728-c6d9dd4448cdb384f2596e04,rating_lane_004,live,1,2026-07-29T02:32:34.136309+00:00,6.684352,success
CBSPAN-20260728-31ffc8c791afac4b542837c5,rating_lane_004,live,1,2026-07-29T02:32:34.136311+00:00,7.312225,success
CBSPAN-20260728-9eedc02d23314c7333c83735,rating_lane_004,live,1,2026-07-29T02:32:34.136312+00:00,6.999731,success
CBSPAN-20260728-22aaff13007145b6a2790dfe,rating_lane_004,live,1,2026-07-29T02:32:34.136314+00:00,7.379945,success
CBSPAN-20260728-4d7a9d122e35ceb3124c7686,rating_lane_004,live,1,2026-07-29T02:32:34.136315+00:00,7.390745,success
CBSPAN-20260728-9aa2076d0c40ac59dd637329,rating_lane_004,live,1,2026-07-29T02:32:34.136317+00:00,8.329939,success
CBSPAN-20260728-a0157b9638962c554c31b1d6,rating_lane_004,live,1,2026-07-29T02:32:34.136318+00:00,8.258764,success
CBSPAN-20260728-39104d65be3d9e8bdd774941,rating_lane_004,live,1,2026-07-29T02:32:34.136320+00:00,8.980655,success
CBSPAN-20260728-6d89611b5f87a35799b20bf4,rating_lane_004,live,1,2026-07-29T02:32:34.136321+00:00,9.835475,success
CBSPAN-20260728-98710c014ccb081c82dc608b,rating_lane_004,live,1,2026-07-29T02:32:34.136322+00:00,9.835647,success
CBSPAN-20260728-c955d6bf59ff499923f3cdb5,rating_lane_004,live,1,2026-07-29T02:32:34.136324+00:00,10.099596,success
CBSPAN-20260728-c7beb74682839d4d9bc07453,rating_lane_004,live,1,2026-07-29T02:32:34.136326+00:00,21.602253,success
CBSPAN-20260728-a33eef840f96dbb420fdb0a4,rating_lane_004,live,1,2026-07-29T02:32:34.136327+00:00,10.771779,success
CBSPAN-20260728-34f0dece06e20e71ee946cf7,rating_lane_004,live,1,2026-07-29T02:32:34.136328+00:00,10.537240,success
CBSPAN-20260728-098ea4f972557cbf11c7937d,rating_lane_004,live,1,2026-07-29T02:32:34.136330+00:00,10.354238,success
CBSPAN-20260728-35d6437fdc7ac817a54a62e9,rating_lane_004,live,1,2026-07-29T02:32:34.136331+00:00,11.198706,success
CBSPAN-20260728-483f648426d977e60612596b,rating_lane_004,live,1,2026-07-29T02:32:34.136333+00:00,19.343596,success
CBSPAN-20260728-57695f2ad82d7b21eb75497c,rating_lane_004,live,1,2026-07-29T02:32:55.822605+00:00,2.700028,success
CBSPAN-20260728-749d8612cf0223e6fd5791c2,rating_lane_004,live,1,2026-07-29T02:32:55.822636+00:00,2.833267,success
CBSPAN-20260728-28a9a3739a2fd446e75ebfa8,rating_lane_004,live,1,2026-07-29T02:32:55.822646+00:00,2.010023,success
CBSPAN-20260728-562bf841c180b206d7073e0e,rating_lane_004,live,1,2026-07-29T02:32:55.822652+00:00,2.564478,success
CBSPAN-20260728-f69d80d1224f008bae171658,rating_lane_004,live,1,2026-07-29T02:32:55.822659+00:00,2.276955,success
CBSPAN-20260728-7ea13d3bb2d14269ab8023b7,rating_lane_004,live,1,2026-07-29T02:32:55.822665+00:00,3.045667,success
CBSPAN-20260728-119337ed8a4bba944419ccb3,rating_lane_004,live,1,2026-07-29T02:32:55.822671+00:00,2.887470,success
CBSPAN-20260728-5768a150a97124759b6b5e7d,rating_lane_004,live,1,2026-07-29T02:32:55.822730+00:00,4.925032,success
CBSPAN-20260728-c13dc6b7b5de69ca895012c3,rating_lane_004,live,1,2026-07-29T02:32:55.822737+00:00,4.153908,success
CBSPAN-20260728-c64d4c800b73f44cf42071eb,rating_lane_004,live,1,2026-07-29T02:32:55.822740+00:00,4.459213,success
CBSPAN-20260728-c1721a331f5bc377e913be75,rating_lane_004,live,1,2026-07-29T02:32:55.822742+00:00,5.217270,success
CBSPAN-20260728-84287198ef86822069bb364a,rating_lane_004,live,1,2026-07-29T02:32:55.822744+00:00,5.921496,success
CBSPAN-20260728-7618545618d7a9f53c64204f,rating_lane_004,live,1,2026-07-29T02:32:55.822745+00:00,4.733161,success
CBSPAN-20260728-e4298d4933ba19ef8a30c6bb,rating_lane_004,live,1,2026-07-29T02:32:55.822747+00:00,5.793245,success
CBSPAN-20260728-65755130b20ea05ec7187514,rating_lane_004,live,1,2026-07-29T02:32:55.822748+00:00,5.276566,success
CBSPAN-20260728-7b3f225d960ad98dff2a62f4,rating_lane_004,live,1,2026-07-29T02:32:55.822750+00:00,6.309966,success
CBSPAN-20260728-e3bbefad0a56e503bac113df,rating_lane_004,live,1,2026-07-29T02:32:55.822751+00:00,8.174698,success
CBSPAN-20260728-4471ec1a604c71f71d4fd582,rating_lane_004,live,1,2026-07-29T02:32:55.822753+00:00,7.495673,success
CBSPAN-20260728-ae34078c3a41f8b4a14e7866,rating_lane_004,live,1,2026-07-29T02:32:55.822754+00:00,8.122841,success
CBSPAN-20260728-f5b26787e9c77bac8e07bace,rating_lane_004,live,1,2026-07-29T02:32:55.822756+00:00,9.222413,success
CBSPAN-20260728-cda63cc91b407919d16b977f,rating_lane_004,live,1,2026-07-29T02:32:55.822757+00:00,7.688453,success
CBSPAN-20260728-bf721fb147cbb9a831ba455e,rating_lane_004,live,1,2026-07-29T02:32:55.822759+00:00,10.047239,success
CBSPAN-20260728-439f7b4c287973c5b519d7bb,rating_lane_004,live,1,2026-07-29T02:32:55.822760+00:00,7.990836,success
CBSPAN-20260728-019ac8d15ca1f4f8a3e660c9,rating_lane_004,live,1,2026-07-29T02:32:55.822761+00:00,8.586144,success
CBSPAN-20260728-7e66cd930288c83b4d3eb25d,rating_lane_004,live,1,2026-07-29T02:32:55.822763+00:00,9.518886,success
CBSPAN-20260728-d3b63b76a01c011dc0a7ab83,rating_lane_004,live,1,2026-07-29T02:32:55.822764+00:00,10.000125,success
CBSPAN-20260728-351daa4df7be26fa25e17e6b,rating_lane_004,live,1,2026-07-29T02:32:55.822765+00:00,11.221438,success
CBSPAN-20260728-b0389fdc526c1987c7612286,rating_lane_004,live,1,2026-07-29T02:32:55.822767+00:00,11.465379,success
CBSPAN-20260728-b1b6d920eb5c11088985d6b2,rating_lane_004,live,1,2026-07-29T02:32:55.822768+00:00,10.757445,success
CBSPAN-20260728-fe2556d41c7359e5936362a6,rating_lane_004,live,1,2026-07-29T02:32:55.822770+00:00,11.595618,success
CBSPAN-20260728-77e5d432adaf9142b65b0048,rating_lane_004,live,1,2026-07-29T02:32:55.822771+00:00,13.454592,success
CBSPAN-20260728-e07ce390f41d26f57967fbc5,rating_lane_004,live,1,2026-07-29T02:32:55.822772+00:00,12.717420,success
CBSPAN-20260728-6160d9ffbf0dedf9e92f9819,rating_lane_004,live,1,2026-07-29T02:33:09.365217+00:00,2.351184,success
CBSPAN-20260728-d76de2f45332dae795e97d61,rating_lane_004,live,1,2026-07-29T02:33:09.365263+00:00,2.880312,success
CBSPAN-20260728-a78d3999f418d54957788f02,rating_lane_004,live,1,2026-07-29T02:33:09.365271+00:00,3.661611,success
CBSPAN-20260728-2050ecd9dbae0b80e6d9b6e5,rating_lane_004,live,1,2026-07-29T02:33:09.365279+00:00,2.833943,success
CBSPAN-20260728-85552115dc6329bb843a12be,rating_lane_004,live,1,2026-07-29T02:33:09.365286+00:00,4.403727,success
CBSPAN-20260728-e994a5f9ed1dc2d121968b42,rating_lane_004,live,1,2026-07-29T02:33:09.365293+00:00,2.348504,success
CBSPAN-20260728-389a1a44b31d29550e723e81,rating_lane_004,live,1,2026-07-29T02:33:09.365299+00:00,3.613070,success
CBSPAN-20260728-910b9922350455bc421d725e,rating_lane_004,live,1,2026-07-29T02:33:09.365369+00:00,2.235915,success
CBSPAN-20260728-f65e02972ba78d5a678bd961,rating_lane_004,live,1,2026-07-29T02:33:09.365376+00:00,6.566895,success
CBSPAN-20260728-c88bcc83840e29d89e4ae3f2,rating_lane_004,live,1,2026-07-29T02:33:09.365380+00:00,5.221126,success
CBSPAN-20260728-16cb5bdf1935d80902da05ee,rating_lane_004,live,1,2026-07-29T02:33:09.365381+00:00,7.731618,success
CBSPAN-20260728-be0ae127885bc3bfb3b8ae38,rating_lane_004,live,1,2026-07-29T02:33:09.365383+00:00,5.531729,success
CBSPAN-20260728-81b847ebe7b89e5cd364ca51,rating_lane_004,live,1,2026-07-29T02:33:09.365384+00:00,5.252010,success
CBSPAN-20260728-a9261d673bbbb81a1c411306,rating_lane_004,live,1,2026-07-29T02:33:09.365386+00:00,6.724842,success
CBSPAN-20260728-5e88d62e33d2823d25768265,rating_lane_004,live,1,2026-07-29T02:33:09.365388+00:00,5.662809,success
CBSPAN-20260728-86142892d5e1a1ec765f9e4d,rating_lane_004,live,1,2026-07-29T02:33:09.365389+00:00,7.164400,success
CBSPAN-20260728-a31cf717fb256650a369fd4c,rating_lane_004,live,1,2026-07-29T02:33:09.365391+00:00,8.123848,success
CBSPAN-20260728-c6ee9358c672a1a1fbbabb6a,rating_lane_004,live,1,2026-07-29T02:33:09.365392+00:00,7.314269,success
CBSPAN-20260728-145aab759780c25dfbd57607,rating_lane_004,live,1,2026-07-29T02:33:09.365393+00:00,7.872290,success
CBSPAN-20260728-fd644cc255d8e740b053bdd5,rating_lane_004,live,1,2026-07-29T02:33:09.365395+00:00,8.124034,success
CBSPAN-20260728-35cc742908cc3a94de9b1d85,rating_lane_004,live,1,2026-07-29T02:33:09.365396+00:00,9.284103,success
CBSPAN-20260728-e0c9ef2486af9b493768d2ed,rating_lane_004,live,1,2026-07-29T02:33:09.365397+00:00,8.905583,success
CBSPAN-20260728-c028a4fb9562ea771880e090,rating_lane_004,live,1,2026-07-29T02:33:09.365399+00:00,9.985117,success
CBSPAN-20260728-915eda088e331e53fa2cf4d2,rating_lane_004,live,1,2026-07-29T02:33:09.365400+00:00,9.207472,success
CBSPAN-20260728-6261fc85665d3b3fa2a320c5,rating_lane_004,live,1,2026-07-29T02:33:09.365401+00:00,10.575761,success
CBSPAN-20260728-52878e2f810a9d43ccab9a32,rating_lane_004,live,1,2026-07-29T02:33:09.365403+00:00,10.408834,success
CBSPAN-20260728-748176921c68b1833bba2aca,rating_lane_004,live,1,2026-07-29T02:33:09.365404+00:00,11.140885,success
CBSPAN-20260728-e073271fe5e4cf962c2de3e6,rating_lane_004,live,1,2026-07-29T02:33:09.365405+00:00,12.036522,success
CBSPAN-20260728-13f807620d0aa110e9d2717e,rating_lane_004,live,1,2026-07-29T02:33:09.365407+00:00,10.990363,success
CBSPAN-20260728-382676dbc0fe06839a1d266f,rating_lane_004,live,1,2026-07-29T02:33:09.365408+00:00,11.320341,success
CBSPAN-20260728-ce33ec30942db8c4038080d0,rating_lane_004,live,1,2026-07-29T02:33:09.365409+00:00,12.175066,success
CBSPAN-20260728-5f94beddc87388dc9fd41a12,rating_lane_004,live,1,2026-07-29T02:33:09.365411+00:00,12.654074,success
CBSPAN-20260728-641075c840459658572b12bd,rating_lane_004,live,1,2026-07-29T02:33:22.102676+00:00,3.089474,success
CBSPAN-20260728-32937552baaa750b78c22034,rating_lane_004,live,1,2026-07-29T02:33:22.102709+00:00,2.558459,success
CBSPAN-20260728-bd58f10ea65aea0857a3bc02,rating_lane_004,live,1,2026-07-29T02:33:22.102718+00:00,2.358684,success
CBSPAN-20260728-e1d46493883539c4b215766f,rating_lane_004,live,1,2026-07-29T02:33:22.102725+00:00,3.679188,success
CBSPAN-20260728-74e561bf8a6e8714eeac09c0,rating_lane_004,live,1,2026-07-29T02:33:22.102732+00:00,2.551031,success
CBSPAN-20260728-fedaea6759ef6e2f7d241627,rating_lane_004,live,1,2026-07-29T02:33:22.102738+00:00,2.947869,success
CBSPAN-20260728-979a4a5819aa6d889e94f525,rating_lane_004,live,1,2026-07-29T02:33:22.102745+00:00,2.022529,success
CBSPAN-20260728-4c7476bcc9d46bcca8886cf2,rating_lane_004,live,1,2026-07-29T02:33:22.102806+00:00,2.216829,success
CBSPAN-20260728-969bc26873e5001fac59fc97,rating_lane_004,live,1,2026-07-29T02:33:22.102813+00:00,4.576000,success
CBSPAN-20260728-fee78f045af1d7da7e727673,rating_lane_004,live,1,2026-07-29T02:33:22.102817+00:00,4.914118,success
CBSPAN-20260728-a60fd0498ba62409428641eb,rating_lane_004,live,1,2026-07-29T02:33:22.102818+00:00,4.955691,success
CBSPAN-20260728-f5ee6761a68a23536b8c4c35,rating_lane_004,live,1,2026-07-29T02:33:22.102820+00:00,5.232679,success
CBSPAN-20260728-1d215399f59d4b6be9c8fda5,rating_lane_004,live,1,2026-07-29T02:33:22.102822+00:00,5.737304,success
CBSPAN-20260728-d6e34410d7759eb66c91e4e0,rating_lane_004,live,1,2026-07-29T02:33:22.102823+00:00,8.787609,success
CBSPAN-20260728-17504549ab8d8dcc79429e61,rating_lane_004,live,1,2026-07-29T02:33:22.102825+00:00,5.627080,success
CBSPAN-20260728-c6306fc938115e5703955545,rating_lane_004,live,1,2026-07-29T02:33:22.102826+00:00,5.973038,success
CBSPAN-20260728-1f8495e6a7e44e55d93353b0,rating_lane_004,live,1,2026-07-29T02:33:22.102828+00:00,6.459317,success
CBSPAN-20260728-a0972f4be6f7ee6d6b17f3ff,rating_lane_004,live,1,2026-07-29T02:33:22.102829+00:00,6.697542,success
CBSPAN-20260728-7fe3562dd958b0c05567604b,rating_lane_004,live,1,2026-07-29T02:33:22.102831+00:00,7.165731,success
CBSPAN-20260728-7390639a62e0abb8ea05bf3e,rating_lane_004,live,1,2026-07-29T02:33:22.102832+00:00,8.229754,success
CBSPAN-20260728-357f1f0260ffa14d6e902791,rating_lane_004,live,1,2026-07-29T02:33:22.102834+00:00,7.779059,success
CBSPAN-20260728-1b8c82925730ce5efa2e5991,rating_lane_004,live,1,2026-07-29T02:33:22.102835+00:00,8.184916,success
CBSPAN-20260728-fe01888e41c19bc3bc693372,rating_lane_004,live,1,2026-07-29T02:33:22.102836+00:00,7.961632,success
CBSPAN-20260728-d5e7d2b194a9dbc8f355f63f,rating_lane_004,live,1,2026-07-29T02:33:22.102838+00:00,10.201436,success
CBSPAN-20260728-a0c8ff39fab5b18375c7a05b,rating_lane_004,live,1,2026-07-29T02:33:22.102839+00:00,9.603147,success
CBSPAN-20260728-7c0b0af108f197977074bcaf,rating_lane_004,live,1,2026-07-29T02:33:22.102840+00:00,9.353955,success
CBSPAN-20260728-c0fe696a6005deccfeb4ee92,rating_lane_004,live,1,2026-07-29T02:33:22.102842+00:00,11.168906,success
CBSPAN-20260728-50500bd5bcc0d24c453ea74f,rating_lane_004,live,1,2026-07-29T02:33:22.102843+00:00,10.213725,success
CBSPAN-20260728-bed96bc5222b37856584e5dd,rating_lane_004,live,1,2026-07-29T02:33:22.102845+00:00,10.798832,success
CBSPAN-20260728-9f67f326992371442af4a914,rating_lane_004,live,1,2026-07-29T02:33:22.102846+00:00,10.360735,success
CBSPAN-20260728-5d5c28a2c3b4d4dcb3ccbcfa,rating_lane_004,live,1,2026-07-29T02:33:22.102847+00:00,12.520913,success
CBSPAN-20260728-6529b81635331d2972a22239,rating_lane_004,live,1,2026-07-29T02:33:22.102849+00:00,11.800970,success
CBSPAN-20260728-7d84f82cc792e845f6228abb,rating_lane_004,live,1,2026-07-29T02:33:34.711666+00:00,2.125998,success
CBSPAN-20260728-09409632a778666da0bc2c7a,rating_lane_004,live,1,2026-07-29T02:33:34.711703+00:00,2.412648,success
CBSPAN-20260728-3a7bd96e9d1afea2c1411c1d,rating_lane_004,live,1,2026-07-29T02:33:34.711712+00:00,2.442706,success
CBSPAN-20260728-d43c91394abe27e77e9a7770,rating_lane_004,live,1,2026-07-29T02:33:34.711719+00:00,2.193174,success
CBSPAN-20260728-2c40d993a15bb621a08ba7c7,rating_lane_004,live,1,2026-07-29T02:33:34.711725+00:00,2.557233,success
CBSPAN-20260728-bc1da2cacf8e0ab0de03612b,rating_lane_004,live,1,2026-07-29T02:33:34.711731+00:00,2.297782,success
CBSPAN-20260728-c38a36f44efd7ce45d412ac2,rating_lane_004,live,1,2026-07-29T02:33:34.711737+00:00,3.222088,success
CBSPAN-20260728-8d52483c32c413f9a7f82086,rating_lane_004,live,1,2026-07-29T02:33:34.711791+00:00,2.215069,success
CBSPAN-20260728-f1aa9fd55ae5b61b5fcf69bb,rating_lane_004,live,1,2026-07-29T02:33:34.711797+00:00,5.152325,success
CBSPAN-20260728-5652c1693f6840e786a6e87d,rating_lane_004,live,1,2026-07-29T02:33:34.711800+00:00,6.627090,success
CBSPAN-20260728-76a93c3988965ab418f16544,rating_lane_004,live,1,2026-07-29T02:33:34.711802+00:00,3.965115,success
CBSPAN-20260728-c06fc955cf2452c7c963f8ba,rating_lane_004,live,1,2026-07-29T02:33:34.711804+00:00,4.942372,success
CBSPAN-20260728-7e5a3af87e2275c16670ae15,rating_lane_004,live,1,2026-07-29T02:33:34.711805+00:00,5.787851,success
CBSPAN-20260728-bf1b21958489765b3735d839,rating_lane_004,live,1,2026-07-29T02:33:34.711806+00:00,5.393663,success
CBSPAN-20260728-64b6843d55cd262404808401,rating_lane_004,live,1,2026-07-29T02:33:34.711808+00:00,4.722870,success
CBSPAN-20260728-0cca251fa13811bbeb53abfe,rating_lane_004,live,1,2026-07-29T02:33:34.711809+00:00,5.491470,success
CBSPAN-20260728-15bd8c89c8d3c310b8bd786a,rating_lane_004,live,1,2026-07-29T02:33:34.711811+00:00,6.156196,success
CBSPAN-20260728-4f2b15d0a126de0dd305c01a,rating_lane_004,live,1,2026-07-29T02:33:34.711812+00:00,7.395327,success
CBSPAN-20260728-6243cf04146a4b36891b6918,rating_lane_004,live,1,2026-07-29T02:33:34.711813+00:00,7.042904,success
CBSPAN-20260728-734887aa27ebebbc1f5e08d7,rating_lane_004,live,1,2026-07-29T02:33:34.711815+00:00,8.358676,success
CBSPAN-20260728-1c883f3b60d2ee75e28c0e28,rating_lane_004,live,1,2026-07-29T02:33:34.711816+00:00,8.055554,success
CBSPAN-20260728-5c2fcf25bcf10bb2ce1deef1,rating_lane_004,live,1,2026-07-29T02:33:34.711818+00:00,8.264851,success
CBSPAN-20260728-240809c9601fb33967653c95,rating_lane_004,live,1,2026-07-29T02:33:34.711819+00:00,8.526025,success
CBSPAN-20260728-1842a2d8de2243907bfbdb9f,rating_lane_004,live,1,2026-07-29T02:33:34.711820+00:00,9.551404,success
CBSPAN-20260728-fc4441785b9045477d9ab860,rating_lane_004,live,1,2026-07-29T02:33:34.711822+00:00,10.451339,success
CBSPAN-20260728-fa6b57b2b9f96ff52d18e98b,rating_lane_004,live,1,2026-07-29T02:33:34.711823+00:00,9.166960,success
CBSPAN-20260728-be9286d8a5654e6dd4c912e4,rating_lane_004,live,1,2026-07-29T02:33:34.711825+00:00,10.299636,success
CBSPAN-20260728-c4dddebd405b7ab60b79c8b9,rating_lane_004,live,1,2026-07-29T02:33:34.711826+00:00,10.393971,success
CBSPAN-20260728-9c0b6b75f473c720a3852565,rating_lane_004,live,1,2026-07-29T02:33:34.711827+00:00,11.480835,success
CBSPAN-20260728-d5a4088e6904ff9cb176b0d6,rating_lane_004,live,1,2026-07-29T02:33:34.711828+00:00,10.759620,success
CBSPAN-20260728-531923c9cdc322c85562783a,rating_lane_004,live,1,2026-07-29T02:33:34.711830+00:00,11.373919,success
CBSPAN-20260728-47d32e352486ba038242be1f,rating_lane_004,live,1,2026-07-29T02:33:34.711831+00:00,11.184894,success
CBSPAN-20260728-7e5a3af87e2275c16670ae15,rating_lane_004,live,2,2026-07-29T02:33:46.203231+00:00,2.952075,success
CBSPAN-20260728-c1a79ca414d499e8f1a2060b,rating_lane_004,live,1,2026-07-29T02:33:49.241745+00:00,2.820371,success
CBSPAN-20260728-78bd5ce4897caade16cff4fb,rating_lane_004,live,1,2026-07-29T02:33:49.241792+00:00,3.037198,success
CBSPAN-20260728-a5cbb5d75ede5ad92f4e4744,rating_lane_004,live,1,2026-07-29T02:33:49.241803+00:00,2.834217,success
CBSPAN-20260728-3baed001983029ed0a97c1cd,rating_lane_004,live,1,2026-07-29T02:33:49.241886+00:00,2.295228,success
CBSPAN-20260728-791701df87ce55451b72312b,rating_lane_004,live,1,2026-07-29T02:33:49.241894+00:00,2.552818,success
CBSPAN-20260728-833dc8c3ca8657f90a41f595,rating_lane_004,live,1,2026-07-29T02:33:49.241901+00:00,2.695107,success
CBSPAN-20260728-796f64b9583289e7f32059ba,rating_lane_004,live,1,2026-07-29T02:33:49.241907+00:00,2.556433,success
CBSPAN-20260728-a1c66a37893162f9b4ab135d,rating_lane_004,live,1,2026-07-29T02:33:49.241914+00:00,2.462969,success
CBSPAN-20260728-e10a509381aa194017e66980,rating_lane_004,live,1,2026-07-29T02:33:49.241920+00:00,4.965632,success
CBSPAN-20260728-1c99a96111471101d580d707,rating_lane_004,live,1,2026-07-29T02:33:49.241924+00:00,5.847585,success
CBSPAN-20260728-b15d0d620a0e2710c70920cd,rating_lane_004,live,1,2026-07-29T02:33:49.241926+00:00,4.761027,success
CBSPAN-20260728-eb2bc5c1189b03a7828278d3,rating_lane_004,live,1,2026-07-29T02:33:49.241928+00:00,4.588326,success
CBSPAN-20260728-305d4cfdb7c19593ec45ed72,rating_lane_004,live,1,2026-07-29T02:33:49.241929+00:00,5.471423,success
CBSPAN-20260728-c212221aa17728a6bd1cd9b4,rating_lane_004,live,1,2026-07-29T02:33:49.241931+00:00,4.939766,success
CBSPAN-20260728-901d634d618b2cca130d7675,rating_lane_004,live,1,2026-07-29T02:33:49.241932+00:00,5.730998,success
CBSPAN-20260728-503568498550cafa49c28885,rating_lane_004,live,1,2026-07-29T02:33:49.241933+00:00,5.578188,success
CBSPAN-20260728-d80f2572cda3b171d6c2456d,rating_lane_004,live,1,2026-07-29T02:33:49.241935+00:00,7.498956,success
CBSPAN-20260728-cd0409bc35319dfff1601366,rating_lane_004,live,1,2026-07-29T02:33:49.241936+00:00,7.813019,success
CBSPAN-20260728-be449a49b4cc876cebec858b,rating_lane_004,live,1,2026-07-29T02:33:49.241938+00:00,8.115464,success
CBSPAN-20260728-cc26ac3a214a159dd6b1ef09,rating_lane_004,live,1,2026-07-29T02:33:49.241939+00:00,7.534706,success
CBSPAN-20260728-eb8317614f2bca8a4b411032,rating_lane_004,live,1,2026-07-29T02:33:49.241940+00:00,7.429997,success
CBSPAN-20260728-433563ea564cba1571f70859,rating_lane_004,live,1,2026-07-29T02:33:49.241942+00:00,8.099315,success
CBSPAN-20260728-e99ee27de26008d7e551196d,rating_lane_004,live,1,2026-07-29T02:33:49.241943+00:00,8.127165,success
CBSPAN-20260728-fd9eb8d1f89471d7ced80987,rating_lane_004,live,1,2026-07-29T02:33:49.241944+00:00,7.753081,success
CBSPAN-20260728-7881bb096bcc0e5bf412c637,rating_lane_004,live,1,2026-07-29T02:33:49.241946+00:00,9.699155,success
CBSPAN-20260728-72371f6b5e72d3ca0a42b161,rating_lane_004,live,1,2026-07-29T02:33:49.241947+00:00,11.280958,success
CBSPAN-20260728-82628e0ccfe2a73edcc40532,rating_lane_004,live,1,2026-07-29T02:33:49.241948+00:00,10.077949,success
CBSPAN-20260728-55d90968a320e14d40e84717,rating_lane_004,live,1,2026-07-29T02:33:49.241950+00:00,13.434512,success
CBSPAN-20260728-79f794c6751ccaf8f385f55e,rating_lane_004,live,1,2026-07-29T02:33:49.241951+00:00,10.834869,success
CBSPAN-20260728-2e3c8023f56ad6ffb4a12db8,rating_lane_004,live,1,2026-07-29T02:33:49.241952+00:00,10.795468,success
CBSPAN-20260728-bbffa9b65eb74629dbff4dbd,rating_lane_004,live,1,2026-07-29T02:33:49.241954+00:00,10.437864,success
CBSPAN-20260728-d900735eb8ab1ca371b4e5bd,rating_lane_004,live,1,2026-07-29T02:33:49.241955+00:00,12.650438,success
CBSPAN-20260728-d001b346f0243f10e471e333,rating_lane_004,live,1,2026-07-29T02:34:02.797772+00:00,3.536895,success
CBSPAN-20260728-e99a498946dcbdf934650a44,rating_lane_004,live,1,2026-07-29T02:34:02.797804+00:00,2.363058,success
CBSPAN-20260728-224317dfa1d5f2b7eca99000,rating_lane_004,live,1,2026-07-29T02:34:02.797813+00:00,2.814171,success
CBSPAN-20260728-4cfb0d07ba4559c8c8abca0b,rating_lane_004,live,1,2026-07-29T02:34:02.797820+00:00,2.324769,success
CBSPAN-20260728-0c48e02abe8993abedb8fa57,rating_lane_004,live,1,2026-07-29T02:34:02.797826+00:00,3.596853,success
CBSPAN-20260728-d86a46c4bfec9e500191d936,rating_lane_004,live,1,2026-07-29T02:34:02.797832+00:00,3.500334,success
CBSPAN-20260728-66baf7e08a4e86a6dcd7f636,rating_lane_004,live,1,2026-07-29T02:34:02.797838+00:00,2.381685,success
CBSPAN-20260728-575e285ee623c109db764030,rating_lane_004,live,1,2026-07-29T02:34:02.798780+00:00,2.188789,success
CBSPAN-20260728-14a691f4b5d5acc2c0a4e69c,rating_lane_004,live,1,2026-07-29T02:34:02.798788+00:00,5.200355,success
CBSPAN-20260728-dab282f83fa9fa7fa827f2ae,rating_lane_004,live,1,2026-07-29T02:34:02.798792+00:00,4.990901,success
CBSPAN-20260728-75a4d579b8d623acdbdc9dae,rating_lane_004,live,1,2026-07-29T02:34:02.798794+00:00,5.381427,success
CBSPAN-20260728-ef4b19252ca8a1427d33d358,rating_lane_004,live,1,2026-07-29T02:34:02.798796+00:00,4.815593,success
CBSPAN-20260728-12bfeef04d0860dedbe68174,rating_lane_004,live,1,2026-07-29T02:34:02.798797+00:00,5.223865,success
CBSPAN-20260728-2f06c872fce89cfb6c27b7f5,rating_lane_004,live,1,2026-07-29T02:34:02.798799+00:00,5.945654,success
CBSPAN-20260728-fbff44f017f8c95d6b59666d,rating_lane_004,live,1,2026-07-29T02:34:02.798800+00:00,5.788639,success
CBSPAN-20260728-686eadf3e9777e72fff7046e,rating_lane_004,live,1,2026-07-29T02:34:02.798802+00:00,5.956494,success
CBSPAN-20260728-608a3eaa0c7c8ab24384876b,rating_lane_004,live,1,2026-07-29T02:34:02.798803+00:00,8.243970,success
CBSPAN-20260728-7f31603b4cf2fe97615090eb,rating_lane_004,live,1,2026-07-29T02:34:02.798804+00:00,8.338560,success
CBSPAN-20260728-2f3cef6e8a10a400cc195d25,rating_lane_004,live,1,2026-07-29T02:34:02.798806+00:00,9.892634,success
CBSPAN-20260728-2e8d526ba03d7338e9092734,rating_lane_004,live,1,2026-07-29T02:34:02.798807+00:00,8.280326,success
CBSPAN-20260728-9a9e5731abd300ed49e9a2e3,rating_lane_004,live,1,2026-07-29T02:34:02.798809+00:00,7.354413,success
CBSPAN-20260728-079320614bad3d4e1f7ff65d,rating_lane_004,live,1,2026-07-29T02:34:02.798810+00:00,9.864772,success
CBSPAN-20260728-c2f264674dffe376be2769ea,rating_lane_004,live,1,2026-07-29T02:34:02.798811+00:00,8.384826,success
CBSPAN-20260728-439b718ba1aeefa132f193ec,rating_lane_004,live,1,2026-07-29T02:34:02.798813+00:00,9.022212,success
CBSPAN-20260728-fd974901506e82cda177af13,rating_lane_004,live,1,2026-07-29T02:34:02.798814+00:00,10.171353,success
CBSPAN-20260728-f58c2589e2c8ea50a2d981a7,rating_lane_004,live,1,2026-07-29T02:34:02.798815+00:00,11.005467,success
CBSPAN-20260728-459f0bd6ec2a29cc3f492c3d,rating_lane_004,live,1,2026-07-29T02:34:02.798817+00:00,10.713191,success
CBSPAN-20260728-031ca8db1c7a6737d68c086d,rating_lane_004,live,1,2026-07-29T02:34:02.798818+00:00,11.107282,success
CBSPAN-20260728-44561d96bb38a0792f1e66fa,rating_lane_004,live,1,2026-07-29T02:34:02.798819+00:00,10.720315,success
CBSPAN-20260728-e47290f0f4f6a4322fcfcde4,rating_lane_004,live,1,2026-07-29T02:34:02.798820+00:00,11.127529,success
CBSPAN-20260728-71051ee8ee896465a249e4cd,rating_lane_004,live,1,2026-07-29T02:34:02.798822+00:00,12.214612,success
CBSPAN-20260728-57e05e42d95f5f05723449fa,rating_lane_004,live,1,2026-07-29T02:34:02.798823+00:00,11.865887,success
CBSPAN-20260728-dab282f83fa9fa7fa827f2ae,rating_lane_004,live,2,2026-07-29T02:34:15.025816+00:00,2.495204,success
CBSPAN-20260728-f58c2589e2c8ea50a2d981a7,rating_lane_004,live,2,2026-07-29T02:34:15.025957+00:00,3.464280,success
CBSPAN-20260728-44561d96bb38a0792f1e66fa,rating_lane_004,live,2,2026-07-29T02:34:15.025993+00:00,4.609629,success
CBSPAN-20260728-fa1c74872c13b326383d5519,rating_lane_004,live,1,2026-07-29T02:34:19.734580+00:00,2.553193,success
CBSPAN-20260728-217f18981b4a7cd1c7267663,rating_lane_004,live,1,2026-07-29T02:34:19.734610+00:00,2.546657,success
CBSPAN-20260728-56a31850bee146592b24c8d5,rating_lane_004,live,1,2026-07-29T02:34:19.734620+00:00,2.102910,success
CBSPAN-20260728-6988c1006925f3b0eb84462b,rating_lane_004,live,1,2026-07-29T02:34:19.734627+00:00,3.595104,success
CBSPAN-20260728-210a81bd6c6d8acad30192d8,rating_lane_004,live,1,2026-07-29T02:34:19.734633+00:00,2.626899,success
CBSPAN-20260728-8720a29fd1c4e86c1f947993,rating_lane_004,live,1,2026-07-29T02:34:19.734640+00:00,2.341837,success
CBSPAN-20260728-e87483c23e28b043dcabc56d,rating_lane_004,live,1,2026-07-29T02:34:19.734646+00:00,2.706303,success
CBSPAN-20260728-41b590e099275df9c64c8849,rating_lane_004,live,1,2026-07-29T02:34:19.734652+00:00,1.665226,success
CBSPAN-20260728-6c5011dc64449edc9bcd8979,rating_lane_004,live,1,2026-07-29T02:34:19.734706+00:00,4.726366,success
CBSPAN-20260728-02f5e2880b79dee9c7705b12,rating_lane_004,live,1,2026-07-29T02:34:19.734714+00:00,4.645012,success
CBSPAN-20260728-177cadb30210f2d58c0ec76d,rating_lane_004,live,1,2026-07-29T02:34:19.734716+00:00,4.675520,success
CBSPAN-20260728-3264bb8f1a2c5183313e42e0,rating_lane_004,live,1,2026-07-29T02:34:19.734718+00:00,7.807623,success
CBSPAN-20260728-d285ff27d8478f154c89754c,rating_lane_004,live,1,2026-07-29T02:34:19.734720+00:00,5.040101,success
CBSPAN-20260728-a714c483f2673f2e813ebc73,rating_lane_004,live,1,2026-07-29T02:34:19.734721+00:00,5.591386,success
CBSPAN-20260728-b074c7c99172d42c2f0aabbb,rating_lane_004,live,1,2026-07-29T02:34:19.734723+00:00,4.825044,success
CBSPAN-20260728-e7fca541aadfca50688cc5ab,rating_lane_004,live,1,2026-07-29T02:34:19.734724+00:00,6.648415,success
CBSPAN-20260728-d0c32e7fab1127072d73f3bd,rating_lane_004,live,1,2026-07-29T02:34:19.734725+00:00,7.103996,success
CBSPAN-20260728-220fab8993d8f694f469e48d,rating_lane_004,live,1,2026-07-29T02:34:19.734727+00:00,6.997801,success
CBSPAN-20260728-4caeda8790d6bf2636dc4a65,rating_lane_004,live,1,2026-07-29T02:34:19.734728+00:00,7.179238,success
CBSPAN-20260728-2c169b799e3b46be213bf22a,rating_lane_004,live,1,2026-07-29T02:34:19.734730+00:00,7.471430,success
CBSPAN-20260728-016f28e2e3f976f80eb77ec4,rating_lane_004,live,1,2026-07-29T02:34:19.734731+00:00,7.942603,success
CBSPAN-20260728-33bbeb03bc094e7c5c05fd78,rating_lane_004,live,1,2026-07-29T02:34:19.734733+00:00,8.119822,success
CBSPAN-20260728-1e7227b63090f2108000922d,rating_lane_004,live,1,2026-07-29T02:34:19.734734+00:00,9.250171,success
CBSPAN-20260728-9a7930d4ec7012d1ac5ddba2,rating_lane_004,live,1,2026-07-29T02:34:19.734735+00:00,9.130498,success
CBSPAN-20260728-636174d959d315af31831224,rating_lane_004,live,1,2026-07-29T02:34:19.734736+00:00,10.236029,success
CBSPAN-20260728-860e06a84c42f5ee07fbff43,rating_lane_004,live,1,2026-07-29T02:34:19.734738+00:00,10.251243,success
CBSPAN-20260728-b03baf000ebb0d6fb0889df1,rating_lane_004,live,1,2026-07-29T02:34:19.734739+00:00,9.686582,success
CBSPAN-20260728-0a12728b5e94764c94fdd2e0,rating_lane_004,live,1,2026-07-29T02:34:19.734740+00:00,11.151472,success
CBSPAN-20260728-e7976c769d0ba122dd369958,rating_lane_004,live,1,2026-07-29T02:34:19.734742+00:00,10.885363,success
CBSPAN-20260728-60c6ed2a82905da068930eca,rating_lane_004,live,1,2026-07-29T02:34:19.734743+00:00,11.502146,success
CBSPAN-20260728-daff606971f7270921ec9d1e,rating_lane_004,live,1,2026-07-29T02:34:19.734744+00:00,11.750942,success
CBSPAN-20260728-7b644e4e9341b83ae863d9ef,rating_lane_004,live,1,2026-07-29T02:34:19.734746+00:00,11.726131,success
CBSPAN-20260728-f148240316bc3bc63cc52e02,rating_lane_004,live,1,2026-07-29T02:34:31.573401+00:00,1.941208,success
CBSPAN-20260728-b8fc4746bd55a41e7d2e6b24,rating_lane_004,live,1,2026-07-29T02:34:31.573438+00:00,2.269076,success
CBSPAN-20260728-abc2c9b5da02a4fe4ad1de48,rating_lane_004,live,1,2026-07-29T02:34:31.573448+00:00,5.259078,success
CBSPAN-20260728-dbf44f10e90348799c6ba11f,rating_lane_004,live,1,2026-07-29T02:34:31.573455+00:00,4.602862,success
CBSPAN-20260728-71c95e7d2657395da0ca7334,rating_lane_004,live,1,2026-07-29T02:34:31.573461+00:00,2.879170,success
CBSPAN-20260728-7de12c08dc5de5cc7877f59b,rating_lane_004,live,1,2026-07-29T02:34:31.573468+00:00,3.734443,success
CBSPAN-20260728-c924235de7e0ec1e7a965fed,rating_lane_004,live,1,2026-07-29T02:34:31.573473+00:00,2.623453,success
CBSPAN-20260728-68ea3ffe4e10ef072a2f9f3a,rating_lane_004,live,1,2026-07-29T02:34:31.573529+00:00,2.731907,success
CBSPAN-20260728-f9e6b53b889091bf14917e49,rating_lane_004,live,1,2026-07-29T02:34:31.573535+00:00,5.473345,success
CBSPAN-20260728-cdc6ca11041382b8e7f7b872,rating_lane_004,live,1,2026-07-29T02:34:31.573539+00:00,4.521867,success
CBSPAN-20260728-a6e8337f5a437ad6bb30a333,rating_lane_004,live,1,2026-07-29T02:34:31.573541+00:00,5.780415,success
CBSPAN-20260728-64a140e02f21f59a58a8fb1b,rating_lane_004,live,1,2026-07-29T02:34:31.573542+00:00,7.776021,success
CBSPAN-20260728-364570e7f708e034953534d1,rating_lane_004,live,1,2026-07-29T02:34:31.573544+00:00,6.283096,success
CBSPAN-20260728-15d84fc9dae70c3b0425b8f5,rating_lane_004,live,1,2026-07-29T02:34:31.573545+00:00,6.960471,success
CBSPAN-20260728-56a721e28b166a17fe7cc004,rating_lane_004,live,1,2026-07-29T02:34:31.573547+00:00,7.730612,success
CBSPAN-20260728-97d406a3af48f3a0b17b0f44,rating_lane_004,live,1,2026-07-29T02:34:31.573548+00:00,6.989001,success
CBSPAN-20260728-20778987edb363ac089f5812,rating_lane_004,live,1,2026-07-29T02:34:31.573550+00:00,7.730772,success
CBSPAN-20260728-a2680ddf9810a2949583e0f7,rating_lane_004,live,1,2026-07-29T02:34:31.573551+00:00,8.577227,success
CBSPAN-20260728-3984197e8c16fd266e7009e3,rating_lane_004,live,1,2026-07-29T02:34:31.573552+00:00,8.569801,success
CBSPAN-20260728-5dc9d58d1a4f2afecae602c0,rating_lane_004,live,1,2026-07-29T02:34:31.573554+00:00,8.980215,success
CBSPAN-20260728-ae8613697807e268040d582c,rating_lane_004,live,1,2026-07-29T02:34:31.573555+00:00,9.235868,success
CBSPAN-20260728-1dfdb3165a10e1e1a3589690,rating_lane_004,live,1,2026-07-29T02:34:31.573557+00:00,9.338936,success
CBSPAN-20260728-9db569091d53242234fde595,rating_lane_004,live,1,2026-07-29T02:34:31.573558+00:00,10.191866,success
CBSPAN-20260728-82c10bfc2fbc45d14050c63a,rating_lane_004,live,1,2026-07-29T02:34:31.573560+00:00,10.594248,success
CBSPAN-20260728-389dcc1b69ec5f7d235c4c80,rating_lane_004,live,1,2026-07-29T02:34:31.573561+00:00,10.825425,success
CBSPAN-20260728-0be5c0650ec95f525eaaedd9,rating_lane_004,live,1,2026-07-29T02:34:31.573562+00:00,11.757782,success
CBSPAN-20260728-ef16a443c29c0454ef06f79c,rating_lane_004,live,1,2026-07-29T02:34:31.573564+00:00,11.508063,success
CBSPAN-20260728-5a9f2055da7c8c8b61924fc1,rating_lane_004,live,1,2026-07-29T02:34:31.573565+00:00,11.312364,success
CBSPAN-20260728-ed0b97c9528f6b4ebadcf300,rating_lane_004,live,1,2026-07-29T02:34:31.573566+00:00,11.983292,success
CBSPAN-20260728-55646418a03bf02d760b1e71,rating_lane_004,live,1,2026-07-29T02:34:31.573568+00:00,11.701991,success
CBSPAN-20260728-ac32deecb74651041586c5c4,rating_lane_004,live,1,2026-07-29T02:34:31.573569+00:00,12.293204,success
CBSPAN-20260728-9a9e2e6fc7c050f36f282307,rating_lane_004,live,1,2026-07-29T02:34:31.573570+00:00,13.293811,success
CBSPAN-20260728-12e9817ef531d3919805b98d,rating_lane_004,live,1,2026-07-29T02:34:44.943899+00:00,2.782713,success
CBSPAN-20260728-747c57a8249f2a2ac9e706a7,rating_lane_004,live,1,2026-07-29T02:34:44.943929+00:00,2.342514,success
CBSPAN-20260728-b926995e4d38f242aa72c55f,rating_lane_004,live,1,2026-07-29T02:34:44.943937+00:00,2.425828,success
CBSPAN-20260728-d932a225d51a58dc073cc61d,rating_lane_004,live,1,2026-07-29T02:34:44.943943+00:00,2.003634,success
CBSPAN-20260728-924bf1b39bf1e5c5839e3264,rating_lane_004,live,1,2026-07-29T02:34:44.943949+00:00,4.014485,success
CBSPAN-20260728-add23b36ce89af7e193c35a7,rating_lane_004,live,1,2026-07-29T02:34:44.943955+00:00,2.494360,success
CBSPAN-20260728-41f447751c4c817097dc7922,rating_lane_004,live,1,2026-07-29T02:34:44.943961+00:00,6.542796,success
CBSPAN-20260728-032eca953e66411855879098,rating_lane_004,live,1,2026-07-29T02:34:44.944019+00:00,1.955402,success
CBSPAN-20260728-056c7cae6c24a93ba8364798,rating_lane_004,live,1,2026-07-29T02:34:44.944026+00:00,5.509002,success
CBSPAN-20260728-35aebe8c0798536b1c2bace9,rating_lane_004,live,1,2026-07-29T02:34:44.944029+00:00,5.328675,success
CBSPAN-20260728-d49aa79226f3d44184f840bd,rating_lane_004,live,1,2026-07-29T02:34:44.944031+00:00,6.542664,success
CBSPAN-20260728-acf4e304c446cb764301549d,rating_lane_004,live,1,2026-07-29T02:34:44.944032+00:00,5.710595,success
CBSPAN-20260728-21066e1b4c29184d262a8188,rating_lane_004,live,1,2026-07-29T02:34:44.944034+00:00,4.652644,success
CBSPAN-20260728-ba91f5a6c7a8d5b4c3d7cc36,rating_lane_004,live,1,2026-07-29T02:34:44.944035+00:00,5.595556,success
CBSPAN-20260728-c4ee973854ea8ed9d7f7f6e0,rating_lane_004,live,1,2026-07-29T02:34:44.944037+00:00,8.399812,success
CBSPAN-20260728-094f1a92f24206663cacdd65,rating_lane_004,live,1,2026-07-29T02:34:44.944038+00:00,7.047274,success
CBSPAN-20260728-73a6fb8cbb7b85534d4e01d1,rating_lane_004,live,1,2026-07-29T02:34:44.944039+00:00,8.239846,success
CBSPAN-20260728-a82d561719d85f3c9d3b7ef7,rating_lane_004,live,1,2026-07-29T02:34:44.944041+00:00,7.901560,success
CBSPAN-20260728-e3aa28af08e8fdb13b0256dc,rating_lane_004,live,1,2026-07-29T02:34:44.944042+00:00,8.979229,success
CBSPAN-20260728-45d5b54e182a92b54816f468,rating_lane_004,live,1,2026-07-29T02:34:44.944043+00:00,8.092704,success
CBSPAN-20260728-af844fd25eca6f16562c82a4,rating_lane_004,live,1,2026-07-29T02:34:44.944045+00:00,8.558004,success
CBSPAN-20260728-62ad9dd81e89a0848ba615d8,rating_lane_004,live,1,2026-07-29T02:34:44.944046+00:00,8.787723,success
CBSPAN-20260728-6d600eee80d2d866d9ef1cb1,rating_lane_004,live,1,2026-07-29T02:34:44.944047+00:00,9.646199,success
CBSPAN-20260728-baa68d3626498c41a2f94a57,rating_lane_004,live,1,2026-07-29T02:34:44.944049+00:00,10.622540,success
CBSPAN-20260728-e66c597e2d0bc96cf7931118,rating_lane_004,live,1,2026-07-29T02:34:44.944050+00:00,10.342902,success
CBSPAN-20260728-4d9449193a5e9a0d114c0e6c,rating_lane_004,live,1,2026-07-29T02:34:44.944051+00:00,10.425741,success
CBSPAN-20260728-815154ea9a55fefe1fbc6fee,rating_lane_004,live,1,2026-07-29T02:34:44.944052+00:00,11.358366,success
CBSPAN-20260728-9d9fda68d63159934603bd4a,rating_lane_004,live,1,2026-07-29T02:34:44.944054+00:00,11.051419,success
CBSPAN-20260728-3a1d92641cdbfbabff4193e3,rating_lane_004,live,1,2026-07-29T02:34:44.944055+00:00,10.992422,success
CBSPAN-20260728-c3fcc1a0284168fdde38ac6b,rating_lane_004,live,1,2026-07-29T02:34:44.944056+00:00,11.596644,success
CBSPAN-20260728-438ebe9b256a14a327e073de,rating_lane_004,live,1,2026-07-29T02:34:44.944057+00:00,12.505159,success
CBSPAN-20260728-3af784175c6830a1ea6f534a,rating_lane_004,live,1,2026-07-29T02:34:44.944059+00:00,13.653104,success
CBSPAN-20260728-747c57a8249f2a2ac9e706a7,rating_lane_004,live,2,2026-07-29T02:34:58.601146+00:00,2.564817,success
CBSPAN-20260728-29e3957b48542b638e75b684,rating_lane_004,live,1,2026-07-29T02:35:01.256123+00:00,2.459023,success
CBSPAN-20260728-3e4d40199feff1453415ac0c,rating_lane_004,live,1,2026-07-29T02:35:01.256185+00:00,4.577325,success
CBSPAN-20260728-f81e5d23f36f85d2ed8a29c0,rating_lane_004,live,1,2026-07-29T02:35:01.256194+00:00,6.810166,success
CBSPAN-20260728-b282bca8970644fffa8f8519,rating_lane_004,live,1,2026-07-29T02:35:01.256255+00:00,3.437469,success
CBSPAN-20260728-8f4da96d3189f61986893428,rating_lane_004,live,1,2026-07-29T02:35:01.256262+00:00,2.775480,success
CBSPAN-20260728-c519d88ffb469e7352e3fe4e,rating_lane_004,live,1,2026-07-29T02:35:01.256267+00:00,1.906801,success
CBSPAN-20260728-6cadef4e452f3114cd92dcc4,rating_lane_004,live,1,2026-07-29T02:35:01.256273+00:00,2.024413,success
CBSPAN-20260728-09259d9f1f690fd3a1d09755,rating_lane_004,live,1,2026-07-29T02:35:01.256278+00:00,2.698558,success
CBSPAN-20260728-db030a90357a26a51e9012e8,rating_lane_004,live,1,2026-07-29T02:35:01.256283+00:00,4.785791,success
CBSPAN-20260728-d2e7df33553b37766d8b6856,rating_lane_004,live,1,2026-07-29T02:35:01.256287+00:00,4.548051,success
CBSPAN-20260728-f863badc91ff551f6331b354,rating_lane_004,live,1,2026-07-29T02:35:01.256288+00:00,4.988094,success
CBSPAN-20260728-fb1cd2ee97dd93420426c32d,rating_lane_004,live,1,2026-07-29T02:35:01.256290+00:00,4.972161,success
CBSPAN-20260728-aaa76a1b070b246da6875503,rating_lane_004,live,1,2026-07-29T02:35:01.256291+00:00,6.460941,success
CBSPAN-20260728-575a24ce05bee3a8c20a7d19,rating_lane_004,live,1,2026-07-29T02:35:01.256292+00:00,5.886494,success
CBSPAN-20260728-a3b714c78d0ef3eeb5367cda,rating_lane_004,live,1,2026-07-29T02:35:01.256293+00:00,6.927358,success
CBSPAN-20260728-cd6e596c36d4f06495611bf1,rating_lane_004,live,1,2026-07-29T02:35:01.256295+00:00,6.836700,success
CBSPAN-20260728-6b9565a17aac50129fb0f0ac,rating_lane_004,live,1,2026-07-29T02:35:01.256296+00:00,6.692821,success
CBSPAN-20260728-f472e417d6be364a9c465c6b,rating_lane_004,live,1,2026-07-29T02:35:01.256297+00:00,7.261714,success
CBSPAN-20260728-f8cde9100298ee51c04c58e3,rating_lane_004,live,1,2026-07-29T02:35:01.256299+00:00,7.123414,success
CBSPAN-20260728-a5ef7a53ab1e396bfaf453a7,rating_lane_004,live,1,2026-07-29T02:35:01.256300+00:00,8.421415,success
CBSPAN-20260728-57dcac973f027dd37a8f12db,rating_lane_004,live,1,2026-07-29T02:35:01.256301+00:00,8.780247,success
CBSPAN-20260728-f8028abcbbc5ef968ef7e760,rating_lane_004,live,1,2026-07-29T02:35:01.256302+00:00,8.824718,success
CBSPAN-20260728-e8ebbf669826cc4c67bf6ed9,rating_lane_004,live,1,2026-07-29T02:35:01.256304+00:00,9.360220,success
CBSPAN-20260728-1fbcdcd22b22c44d3f3fa692,rating_lane_004,live,1,2026-07-29T02:35:01.256305+00:00,9.167350,success
CBSPAN-20260728-840621576187dd3e7af79d77,rating_lane_004,live,1,2026-07-29T02:35:01.256306+00:00,8.876437,success
CBSPAN-20260728-ce5e2042fd55a07fc4f0fd44,rating_lane_004,live,1,2026-07-29T02:35:01.256307+00:00,9.259972,success
CBSPAN-20260728-e0c3849701af5c94eb1ad46c,rating_lane_004,live,1,2026-07-29T02:35:01.256309+00:00,17.468867,success
CBSPAN-20260728-041535125f4f8502f69655d7,rating_lane_004,live,1,2026-07-29T02:35:01.256310+00:00,11.401165,success
CBSPAN-20260728-440c6ca22b0d533a3cee69ad,rating_lane_004,live,1,2026-07-29T02:35:01.256311+00:00,11.947172,success
CBSPAN-20260728-17eed48e097ffce9652bc454,rating_lane_004,live,1,2026-07-29T02:35:01.256312+00:00,11.688588,success
CBSPAN-20260728-08f115bad1490c6d0ee94c4f,rating_lane_004,live,1,2026-07-29T02:35:01.256313+00:00,11.450501,success
CBSPAN-20260728-93cab6c8e2661ccfa887b07e,rating_lane_004,live,1,2026-07-29T02:35:01.256315+00:00,11.947260,success
CBSPAN-20260728-31776b3eeb078d4f585bcff8,rating_lane_004,live,1,2026-07-29T02:35:18.840251+00:00,2.893801,success
CBSPAN-20260728-32ef58cc5c5a0a33a34e1101,rating_lane_004,live,1,2026-07-29T02:35:18.840363+00:00,3.210614,success
CBSPAN-20260728-9b65d18e57acf04271950a27,rating_lane_004,live,1,2026-07-29T02:35:18.840378+00:00,2.057649,success
CBSPAN-20260728-9a9ffa05bf8aa30fbfa15ba1,rating_lane_004,live,1,2026-07-29T02:35:18.840387+00:00,2.159802,success
CBSPAN-20260728-d8f5d45243e681a1da58eab0,rating_lane_004,live,1,2026-07-29T02:35:18.840395+00:00,2.169447,success
CBSPAN-20260728-53db97a79639bf0449620c45,rating_lane_004,live,1,2026-07-29T02:35:18.840403+00:00,3.210755,success
CBSPAN-20260728-8fd729b1a2032dc0a2aab628,rating_lane_004,live,1,2026-07-29T02:35:18.840410+00:00,3.566427,success
CBSPAN-20260728-4506f29dd29ef9b343d513b2,rating_lane_004,live,1,2026-07-29T02:35:18.840494+00:00,2.687546,success
CBSPAN-20260728-cd16bb8a252b10c6aac9a593,rating_lane_004,live,1,2026-07-29T02:35:18.840503+00:00,5.530027,success
CBSPAN-20260728-5e8bcc769c738d2c05fb6319,rating_lane_004,live,1,2026-07-29T02:35:18.840513+00:00,4.798771,success
CBSPAN-20260728-1cc7d1c35b148b6442947789,rating_lane_004,live,1,2026-07-29T02:35:18.840515+00:00,5.840417,success
CBSPAN-20260728-1ae61c051bb73febff6ac4bb,rating_lane_004,live,1,2026-07-29T02:35:18.840517+00:00,4.905193,success
CBSPAN-20260728-8b8f5930d2d0787105cbb54c,rating_lane_004,live,1,2026-07-29T02:35:18.840518+00:00,6.183635,success
CBSPAN-20260728-5ea80c38c9070211393b3c41,rating_lane_004,live,1,2026-07-29T02:35:18.840520+00:00,6.352904,success
CBSPAN-20260728-a92078effc4739bca0b0da4b,rating_lane_004,live,1,2026-07-29T02:35:18.840522+00:00,5.108633,success
CBSPAN-20260728-46c478c3a6b9be9389caebc9,rating_lane_004,live,1,2026-07-29T02:35:18.840524+00:00,6.909562,success
CBSPAN-20260728-4d8850107f8c6f111e9bc07d,rating_lane_004,live,1,2026-07-29T02:35:18.840525+00:00,9.459908,success
CBSPAN-20260728-b8f35606f213a6b5af9356f6,rating_lane_004,live,1,2026-07-29T02:35:18.840526+00:00,6.888242,success
CBSPAN-20260728-60b37884072c0fecbf59fe34,rating_lane_004,live,1,2026-07-29T02:35:18.840528+00:00,7.941190,success
CBSPAN-20260728-9289e71b5cb2190de70621c4,rating_lane_004,live,1,2026-07-29T02:35:18.840530+00:00,8.913525,success
CBSPAN-20260728-6dfd91e5ac64d5bb88fb1231,rating_lane_004,live,1,2026-07-29T02:35:18.840532+00:00,7.976385,success
CBSPAN-20260728-c894873b1941f4d8fb7c4cf8,rating_lane_004,live,1,2026-07-29T02:35:18.840534+00:00,8.504324,success
CBSPAN-20260728-8f52c8687a730f24c860f513,rating_lane_004,live,1,2026-07-29T02:35:18.840536+00:00,8.504435,success
CBSPAN-20260728-a1267544b7ebd3e9f68efc27,rating_lane_004,live,1,2026-07-29T02:35:18.840537+00:00,9.070869,success
CBSPAN-20260728-b2ccb7a0c4f5750e165b2ff5,rating_lane_004,live,1,2026-07-29T02:35:18.840539+00:00,9.826772,success
CBSPAN-20260728-3a044aadc062fdc4ef8e6d40,rating_lane_004,live,1,2026-07-29T02:35:18.840540+00:00,10.381434,success
CBSPAN-20260728-c03a3e0f8a5359c443bea2cb,rating_lane_004,live,1,2026-07-29T02:35:18.840542+00:00,10.612863,success
CBSPAN-20260728-b4491d04cb38c404ab1b9978,rating_lane_004,live,1,2026-07-29T02:35:18.840543+00:00,10.877502,success
CBSPAN-20260728-507d5c484e391854b7e2d423,rating_lane_004,live,1,2026-07-29T02:35:18.840545+00:00,10.548427,success
CBSPAN-20260728-9a7767e4713802551e6dc894,rating_lane_004,live,1,2026-07-29T02:35:18.840546+00:00,11.481378,success
CBSPAN-20260728-98016be33357af59995a5e95,rating_lane_004,live,1,2026-07-29T02:35:18.840547+00:00,11.922400,success
CBSPAN-20260728-18732d2c455ae74d6ea25edc,rating_lane_004,live,1,2026-07-29T02:35:18.840549+00:00,11.653517,success
CBSPAN-20260728-92fdfec0f0fd17032ce356c9,rating_lane_004,live,1,2026-07-29T02:35:30.837634+00:00,2.335773,success
CBSPAN-20260728-49c3ed011998255501cf21de,rating_lane_004,live,1,2026-07-29T02:35:30.837676+00:00,2.452513,success
CBSPAN-20260728-3d6cfba105c455c2463c372c,rating_lane_004,live,1,2026-07-29T02:35:30.837684+00:00,2.423775,success
CBSPAN-20260728-2fcf88896012d3a063053e11,rating_lane_004,live,1,2026-07-29T02:35:30.837690+00:00,2.751664,success
CBSPAN-20260728-776255a3f754195cb8f771be,rating_lane_004,live,1,2026-07-29T02:35:30.837696+00:00,2.638145,success
CBSPAN-20260728-07002544e09ec4f9f26d14c4,rating_lane_004,live,1,2026-07-29T02:35:30.837701+00:00,2.817960,success
CBSPAN-20260728-03d3909c8ad34fc0d3d173eb,rating_lane_004,live,1,2026-07-29T02:35:30.837707+00:00,2.173804,success
CBSPAN-20260728-17933e27bfa0ec57cdcda4c4,rating_lane_004,live,1,2026-07-29T02:35:30.837759+00:00,2.680864,success
CBSPAN-20260728-4d99b7f7396c35b874935a8d,rating_lane_004,live,1,2026-07-29T02:35:30.837766+00:00,4.780377,success
CBSPAN-20260728-9ae06eab7f393a15fdf6b977,rating_lane_004,live,1,2026-07-29T02:35:30.837768+00:00,4.840941,success
CBSPAN-20260728-bea46a58e70d190328305480,rating_lane_004,live,1,2026-07-29T02:35:30.837770+00:00,5.845643,success
CBSPAN-20260728-ec2240f594df510f19e4c7c3,rating_lane_004,live,1,2026-07-29T02:35:30.837772+00:00,5.001627,success
CBSPAN-20260728-98eccbf39b6f8fdbb7ea5714,rating_lane_004,live,1,2026-07-29T02:35:30.837773+00:00,4.965985,success
CBSPAN-20260728-a9eeb674a9e058476fcf7f62,rating_lane_004,live,1,2026-07-29T02:35:30.837774+00:00,7.271036,success
CBSPAN-20260728-28cd8f265d3b2f6aa5896150,rating_lane_004,live,1,2026-07-29T02:35:30.837776+00:00,5.172898,success
CBSPAN-20260728-c08b3ef31cab8f04a49049b1,rating_lane_004,live,1,2026-07-29T02:35:30.837777+00:00,5.593897,success
CBSPAN-20260728-b3b88728bc62d3a9bac0529b,rating_lane_004,live,1,2026-07-29T02:35:30.837778+00:00,8.094118,success
CBSPAN-20260728-0ee43d5c1338d00eb69e2ad3,rating_lane_004,live,1,2026-07-29T02:35:30.837780+00:00,7.271283,success
CBSPAN-20260728-25c01af1bb0da25ffb611031,rating_lane_004,live,1,2026-07-29T02:35:30.837781+00:00,7.271237,success
CBSPAN-20260728-e94b11266818cc3bee8f23a2,rating_lane_004,live,1,2026-07-29T02:35:30.837782+00:00,7.322136,success
CBSPAN-20260728-756388fc6e660a8c5ca563fa,rating_lane_004,live,1,2026-07-29T02:35:30.837783+00:00,8.094087,success
CBSPAN-20260728-3f4d68bccea9b05c5a566c1b,rating_lane_004,live,1,2026-07-29T02:35:30.837785+00:00,7.792651,success
CBSPAN-20260728-4abeff3b289d7b5b70d4e356,rating_lane_004,live,1,2026-07-29T02:35:30.837786+00:00,7.830320,success
CBSPAN-20260728-fcfd2576de8cfa06aaa74e91,rating_lane_004,live,1,2026-07-29T02:35:30.837787+00:00,9.462750,success
CBSPAN-20260728-dcf53761d4c3035a4e9ddffb,rating_lane_004,live,1,2026-07-29T02:35:30.837788+00:00,11.076935,success
CBSPAN-20260728-e755dccd06a6024b8561b958,rating_lane_004,live,1,2026-07-29T02:35:30.837790+00:00,11.362615,success
CBSPAN-20260728-75f8ef90f222d858e9f2e2be,rating_lane_004,live,1,2026-07-29T02:35:30.837791+00:00,10.679291,success
CBSPAN-20260728-a7046fa723d987abf4eca209,rating_lane_004,live,1,2026-07-29T02:35:30.837792+00:00,10.660175,success
CBSPAN-20260728-8b50c01fb6f1f2215687dca8,rating_lane_004,live,1,2026-07-29T02:35:30.837793+00:00,10.951168,success
CBSPAN-20260728-e0fec3a8bae5e6020d6892a0,rating_lane_004,live,1,2026-07-29T02:35:30.837795+00:00,10.447443,success
CBSPAN-20260728-dab60ac743088669e39e52ac,rating_lane_004,live,1,2026-07-29T02:35:30.837796+00:00,10.827128,success
CBSPAN-20260728-6680f18ee522bf265352a969,rating_lane_004,live,1,2026-07-29T02:35:30.837797+00:00,11.895480,success
CBSPAN-20260728-776255a3f754195cb8f771be,rating_lane_004,live,2,2026-07-29T02:35:42.741919+00:00,3.446624,success
CBSPAN-20260728-e195b099090c7626be906b22,rating_lane_004,live,1,2026-07-29T02:35:46.287831+00:00,2.593589,success
CBSPAN-20260728-70354d9137cb616cda541058,rating_lane_004,live,1,2026-07-29T02:35:46.287871+00:00,3.350089,success
CBSPAN-20260728-f5b754ce68a0d00cdea05bf1,rating_lane_004,live,1,2026-07-29T02:35:46.287881+00:00,2.359342,success
CBSPAN-20260728-ec78c10c12f78fb063123a37,rating_lane_004,live,1,2026-07-29T02:35:46.289307+00:00,2.829351,success
CBSPAN-20260728-475d75fdf4135a1b76e6baff,rating_lane_004,live,1,2026-07-29T02:35:46.289316+00:00,2.829530,success
CBSPAN-20260728-21d02d304a7772aceb1f8455,rating_lane_004,live,1,2026-07-29T02:35:46.289323+00:00,3.006083,success
CBSPAN-20260728-2fded2b757692161c2dce950,rating_lane_004,live,1,2026-07-29T02:35:46.289329+00:00,2.829481,success
CBSPAN-20260728-00988e74a85fcf2f38c6f233,rating_lane_004,live,1,2026-07-29T02:35:46.289335+00:00,1.949804,success
CBSPAN-20260728-5412396bbb6c9a000457bd7a,rating_lane_004,live,1,2026-07-29T02:35:46.289342+00:00,4.446471,success
CBSPAN-20260728-83edaca63780fa478bb585fa,rating_lane_004,live,1,2026-07-29T02:35:46.289347+00:00,4.733218,success
CBSPAN-20260728-d7d4b84ec05c9e53b7a43c27,rating_lane_004,live,1,2026-07-29T02:35:46.289348+00:00,5.001779,success
CBSPAN-20260728-d13b4bbb40fbb70c88860f97,rating_lane_004,live,1,2026-07-29T02:35:46.289350+00:00,6.120581,success
CBSPAN-20260728-08165cb77c798fa47e49ee27,rating_lane_004,live,1,2026-07-29T02:35:46.289352+00:00,4.936425,success
CBSPAN-20260728-e0e77a1bdc1466793fb42414,rating_lane_004,live,1,2026-07-29T02:35:46.289353+00:00,5.213550,success
CBSPAN-20260728-2b2aecd088dd84e70ffed5e8,rating_lane_004,live,1,2026-07-29T02:35:46.289355+00:00,6.158647,success
CBSPAN-20260728-10b98a433abd2e661c3faa02,rating_lane_004,live,1,2026-07-29T02:35:46.289357+00:00,6.492347,success
CBSPAN-20260728-de702eaff13cfbd43019b74a,rating_lane_004,live,1,2026-07-29T02:35:46.289358+00:00,6.386717,success
CBSPAN-20260728-36ec446028dbbccae0b99603,rating_lane_004,live,1,2026-07-29T02:35:46.289360+00:00,7.661120,success
CBSPAN-20260728-1540ce60150cdd7f5389a65c,rating_lane_004,live,1,2026-07-29T02:35:46.289362+00:00,6.786466,success
CBSPAN-20260728-b06137dfff1845086ca9d256,rating_lane_004,live,1,2026-07-29T02:35:46.289363+00:00,7.329792,success
CBSPAN-20260728-767e2a4937d129e6fac266bf,rating_lane_004,live,1,2026-07-29T02:35:46.289365+00:00,8.978781,success
CBSPAN-20260728-aabf7f12936a778a7dc01cbd,rating_lane_004,live,1,2026-07-29T02:35:46.289366+00:00,8.621699,success
CBSPAN-20260728-ad3521b9ea497fd3fc917835,rating_lane_004,live,1,2026-07-29T02:35:46.289368+00:00,8.885952,success
CBSPAN-20260728-7efea167a9ec75e89ddde4be,rating_lane_004,live,1,2026-07-29T02:35:46.289370+00:00,8.687327,success
CBSPAN-20260728-a987efb3bc5f862b1aeb0f9e,rating_lane_004,live,1,2026-07-29T02:35:46.289372+00:00,9.395802,success
CBSPAN-20260728-5ee3da22eea5b233b79c5535,rating_lane_004,live,1,2026-07-29T02:35:46.289373+00:00,9.404498,success
CBSPAN-20260728-c0dc84b260cea93a06caa98e,rating_lane_004,live,1,2026-07-29T02:35:46.289374+00:00,9.902674,success
CBSPAN-20260728-63d0dcdede4d375409a76423,rating_lane_004,live,1,2026-07-29T02:35:46.289376+00:00,10.017904,success
CBSPAN-20260728-38bef74e1da7521b9e2b68ff,rating_lane_004,live,1,2026-07-29T02:35:46.289377+00:00,11.463125,success
CBSPAN-20260728-f28fc79660de4c59bb9c2ae9,rating_lane_004,live,1,2026-07-29T02:35:46.289378+00:00,11.443835,success
CBSPAN-20260728-029914cac3aac3943f769443,rating_lane_004,live,1,2026-07-29T02:35:46.289380+00:00,11.408847,success
CBSPAN-20260728-e843108446323ac141fe3137,rating_lane_004,live,1,2026-07-29T02:35:46.289381+00:00,12.083786,success
CBSPAN-20260728-55e30a5e693b65b5c24a3346,rating_lane_004,live,1,2026-07-29T02:35:58.465197+00:00,2.989466,success
CBSPAN-20260728-a7dbe84ed750026d27033819,rating_lane_004,live,1,2026-07-29T02:35:58.465239+00:00,3.017222,success
CBSPAN-20260728-bb7975173c0ea386c8b570dc,rating_lane_004,live,1,2026-07-29T02:35:58.465250+00:00,3.754370,success
CBSPAN-20260728-ae32a3344a0ef12738a8b383,rating_lane_004,live,1,2026-07-29T02:35:58.465257+00:00,2.731879,success
CBSPAN-20260728-9c2af573b3eac042f788a098,rating_lane_004,live,1,2026-07-29T02:35:58.465263+00:00,4.489894,success
CBSPAN-20260728-edb3240063099ae1693c351d,rating_lane_004,live,1,2026-07-29T02:35:58.465270+00:00,3.452139,success
CBSPAN-20260728-586a8b369f6c2c652c8fd9f5,rating_lane_004,live,1,2026-07-29T02:35:58.465276+00:00,2.881026,success
CBSPAN-20260728-de5790236cddb6c53e8a07ba,rating_lane_004,live,1,2026-07-29T02:35:58.465343+00:00,2.243623,success
CBSPAN-20260728-51c13fc7d200f4153a127879,rating_lane_004,live,1,2026-07-29T02:35:58.465349+00:00,4.802721,success
CBSPAN-20260728-b6fd20a6676035e1cc44eb72,rating_lane_004,live,1,2026-07-29T02:35:58.465355+00:00,5.326559,success
CBSPAN-20260728-ad8919a263bb23fbd7511d3e,rating_lane_004,live,1,2026-07-29T02:35:58.465356+00:00,5.025280,success
CBSPAN-20260728-3d72c4aad0ea7a497a915c2e,rating_lane_004,live,1,2026-07-29T02:35:58.465358+00:00,5.337782,success
CBSPAN-20260728-0f803f8ac5fd41b3d6ffcc96,rating_lane_004,live,1,2026-07-29T02:35:58.465360+00:00,5.853102,success
CBSPAN-20260728-cda6ec8f9e7745f3c9f8bf08,rating_lane_004,live,1,2026-07-29T02:35:58.465362+00:00,5.938068,success
CBSPAN-20260728-b2bf6b8b475a07d115479dab,rating_lane_004,live,1,2026-07-29T02:35:58.465363+00:00,5.862503,success
CBSPAN-20260728-ca97b01da103c5872472c9b2,rating_lane_004,live,1,2026-07-29T02:35:58.465365+00:00,6.598579,success
CBSPAN-20260728-1df6f342069d18f27921ff4e,rating_lane_004,live,1,2026-07-29T02:35:58.465366+00:00,7.124357,success
CBSPAN-20260728-961e39f2ba1e7be3ffbf0c0a,rating_lane_004,live,1,2026-07-29T02:35:58.465368+00:00,8.872715,success
CBSPAN-20260728-d24239579e5eee3e021ff2d5,rating_lane_004,live,1,2026-07-29T02:35:58.465369+00:00,7.677047,success
CBSPAN-20260728-f27e3bbf050b1be8355dd15a,rating_lane_004,live,1,2026-07-29T02:35:58.465371+00:00,8.880472,success
CBSPAN-20260728-4436a85600d8ac1a08acf877,rating_lane_004,live,1,2026-07-29T02:35:58.465372+00:00,8.996956,success
CBSPAN-20260728-4e241a13fd8e55dd9452a956,rating_lane_004,live,1,2026-07-29T02:35:58.465373+00:00,9.614739,success
CBSPAN-20260728-40e322b6f9861f0c7993c9f4,rating_lane_004,live,1,2026-07-29T02:35:58.465374+00:00,8.378330,success
CBSPAN-20260728-cfc01a6e03cd86c36c053914,rating_lane_004,live,1,2026-07-29T02:35:58.465376+00:00,9.659461,success
CBSPAN-20260728-704ccb5e0606f212f89f7604,rating_lane_004,live,1,2026-07-29T02:35:58.465377+00:00,9.666815,success
CBSPAN-20260728-80a114a7fdbb60c3a5645d1d,rating_lane_004,live,1,2026-07-29T02:35:58.465378+00:00,10.247343,success
CBSPAN-20260728-daea53f6617922c47339c586,rating_lane_004,live,1,2026-07-29T02:35:58.465380+00:00,10.637415,success
CBSPAN-20260728-d5b7ac8a82cf96296df57604,rating_lane_004,live,1,2026-07-29T02:35:58.465381+00:00,10.994995,success
CBSPAN-20260728-ebaffe8d50c44e223b000078,rating_lane_004,live,1,2026-07-29T02:35:58.465382+00:00,13.440217,success
CBSPAN-20260728-2de499035f4fd0e9d4afce94,rating_lane_004,live,1,2026-07-29T02:35:58.465384+00:00,13.293104,success
CBSPAN-20260728-6d08e58cfc52b11700d8273a,rating_lane_004,live,1,2026-07-29T02:35:58.465385+00:00,11.936439,success
CBSPAN-20260728-7961fdde464f1fd500924ee2,rating_lane_004,live,1,2026-07-29T02:35:58.465387+00:00,14.527360,success
CBSPAN-20260728-d6c0db46567d7a4696a697f5,rating_lane_004,live,1,2026-07-29T02:36:13.088571+00:00,3.567767,success
CBSPAN-20260728-31db14db0ab27ac9d65ced5e,rating_lane_004,live,1,2026-07-29T02:36:13.088632+00:00,2.379905,success
CBSPAN-20260728-45722c5f8419905e95a36ec2,rating_lane_004,live,1,2026-07-29T02:36:13.088644+00:00,3.898458,success
CBSPAN-20260728-ac025ed6f9100db4f39399e6,rating_lane_004,live,1,2026-07-29T02:36:13.088652+00:00,2.843341,success
CBSPAN-20260728-f65cea61e91b3cd08e133dc0,rating_lane_004,live,1,2026-07-29T02:36:13.088659+00:00,2.278089,success
CBSPAN-20260728-e1bd5f458b22a14218056afa,rating_lane_004,live,1,2026-07-29T02:36:13.088666+00:00,3.319077,success
CBSPAN-20260728-7cde4a511876a618fbd7dae8,rating_lane_004,live,1,2026-07-29T02:36:13.088673+00:00,2.268277,success
CBSPAN-20260728-1bc6da7df0df37a9e8fd44f2,rating_lane_004,live,1,2026-07-29T02:36:13.088740+00:00,3.181437,success
CBSPAN-20260728-bc0892e7544533aff8ba83b2,rating_lane_004,live,1,2026-07-29T02:36:13.088747+00:00,11.863400,success
CBSPAN-20260728-ceff0892ed225747559f07a8,rating_lane_004,live,1,2026-07-29T02:36:13.088751+00:00,4.857989,success
CBSPAN-20260728-ab6e5d3474d7a088bce0bb39,rating_lane_004,live,1,2026-07-29T02:36:13.088753+00:00,5.906908,success
CBSPAN-20260728-ac2e9b08b3171457cb9ae53a,rating_lane_004,live,1,2026-07-29T02:36:13.088755+00:00,5.066653,success
CBSPAN-20260728-1ff55f97d0fc7e2d99084cb1,rating_lane_004,live,1,2026-07-29T02:36:13.088757+00:00,5.393054,success
CBSPAN-20260728-7360a69e5554a9dd725ecb7d,rating_lane_004,live,1,2026-07-29T02:36:13.088758+00:00,5.965514,success
CBSPAN-20260728-8224df5ca6c99901142fa6f3,rating_lane_004,live,1,2026-07-29T02:36:13.088760+00:00,6.076070,success
CBSPAN-20260728-af1f50896cae8ee86cb2a04a,rating_lane_004,live,1,2026-07-29T02:36:13.088761+00:00,6.452426,success
CBSPAN-20260728-77f6e9beb9dde7ba3207f67f,rating_lane_004,live,1,2026-07-29T02:36:13.088762+00:00,8.419653,success
CBSPAN-20260728-ca3e501d7755cbb8a0f88227,rating_lane_004,live,1,2026-07-29T02:36:13.088764+00:00,7.480353,success
CBSPAN-20260728-769979c384a65d434df0936e,rating_lane_004,live,1,2026-07-29T02:36:13.088765+00:00,9.055271,success
CBSPAN-20260728-735adee2a7524ca6cb0e0c7a,rating_lane_004,live,1,2026-07-29T02:36:13.088767+00:00,8.186236,success
CBSPAN-20260728-49700d7c5002fbed500461a5,rating_lane_004,live,1,2026-07-29T02:36:13.088768+00:00,8.397531,success
CBSPAN-20260728-b4d6afbad50324e0be08d367,rating_lane_004,live,1,2026-07-29T02:36:13.088770+00:00,8.132293,success
CBSPAN-20260728-e75ba80a7ec661e75a9a9403,rating_lane_004,live,1,2026-07-29T02:36:13.088771+00:00,10.267680,success
CBSPAN-20260728-906a436d70fa444027d256df,rating_lane_004,live,1,2026-07-29T02:36:13.088772+00:00,9.901119,success
CBSPAN-20260728-6530bd62662532b976e739d7,rating_lane_004,live,1,2026-07-29T02:36:13.088774+00:00,10.806327,success
CBSPAN-20260728-7eeaff90b4ce23acc23fee91,rating_lane_004,live,1,2026-07-29T02:36:13.088784+00:00,10.626746,success
CBSPAN-20260728-1809ecea9085e7f2ec5e7579,rating_lane_004,live,1,2026-07-29T02:36:13.088786+00:00,10.753138,success
CBSPAN-20260728-a39c0785a057991f217d441b,rating_lane_004,live,1,2026-07-29T02:36:13.088788+00:00,11.478748,success
CBSPAN-20260728-e9deb815e68339f4345fb0fb,rating_lane_004,live,1,2026-07-29T02:36:13.088789+00:00,12.382066,success
CBSPAN-20260728-0dd2cc6d7e126ac4277dc214,rating_lane_004,live,1,2026-07-29T02:36:13.088790+00:00,12.723481,success
CBSPAN-20260728-52240f37584cc541ca7c9967,rating_lane_004,live,1,2026-07-29T02:36:13.088792+00:00,13.037164,success
CBSPAN-20260728-2e03a25190ef4a9993134fc4,rating_lane_004,live,1,2026-07-29T02:36:13.088793+00:00,13.622755,success
CBSPAN-20260728-1bc6da7df0df37a9e8fd44f2,rating_lane_004,live,2,2026-07-29T02:36:26.735838+00:00,2.937059,success
CBSPAN-20260728-0dd2cc6d7e126ac4277dc214,rating_lane_004,live,2,2026-07-29T02:36:26.735941+00:00,2.961972,success
CBSPAN-20260728-c3b9440a8853737aa6ed7430,rating_lane_004,live,1,2026-07-29T02:36:29.772913+00:00,2.364352,success
CBSPAN-20260728-3737d25d8f4ccb31620836bb,rating_lane_004,live,1,2026-07-29T02:36:29.772955+00:00,4.519918,success
CBSPAN-20260728-ad9a039870cf3060b72366e9,rating_lane_004,live,1,2026-07-29T02:36:29.772966+00:00,2.857889,success
CBSPAN-20260728-8d13b3390d076c5ff56e998e,rating_lane_004,live,1,2026-07-29T02:36:29.772973+00:00,3.378499,success
CBSPAN-20260728-c3388e852849e5b71e30fa74,rating_lane_004,live,1,2026-07-29T02:36:29.772979+00:00,4.024656,success
CBSPAN-20260728-3f0720c3f165d5eb77f445c3,rating_lane_004,live,1,2026-07-29T02:36:29.772986+00:00,2.197197,success
CBSPAN-20260728-187538e7262be83f9cf827d4,rating_lane_004,live,1,2026-07-29T02:36:29.772992+00:00,2.418769,success
CBSPAN-20260728-c457a6d522a0362b03569abf,rating_lane_004,live,1,2026-07-29T02:36:29.772998+00:00,2.955145,success
CBSPAN-20260728-5fabbfac9d08f8aea662cbe0,rating_lane_004,live,1,2026-07-29T02:36:29.773004+00:00,4.597204,success
CBSPAN-20260728-9caad5073bfa0fbc3c047839,rating_lane_004,live,1,2026-07-29T02:36:29.773008+00:00,5.476297,success
CBSPAN-20260728-f0861ae747c3b64a2f0e9a47,rating_lane_004,live,1,2026-07-29T02:36:29.773010+00:00,4.707944,success
CBSPAN-20260728-e0f01aa116d42789f08aef00,rating_lane_004,live,1,2026-07-29T02:36:29.773011+00:00,5.998619,success
CBSPAN-20260728-e4b4444d34c85dc3a9874e02,rating_lane_004,live,1,2026-07-29T02:36:29.773013+00:00,5.787814,success
CBSPAN-20260728-9f415c55ceb281f70822648b,rating_lane_004,live,1,2026-07-29T02:36:29.773014+00:00,6.071877,success
CBSPAN-20260728-2f62ca88c64d4542072b9772,rating_lane_004,live,1,2026-07-29T02:36:29.773016+00:00,6.067182,success
CBSPAN-20260728-c8cb33eed2d2a7489a6b079f,rating_lane_004,live,1,2026-07-29T02:36:29.773017+00:00,6.649612,success
CBSPAN-20260728-c1ce7eb1740d239b29dcef88,rating_lane_004,live,1,2026-07-29T02:36:29.773018+00:00,7.696017,success
CBSPAN-20260728-a78713d63e3d94aeae3ea144,rating_lane_004,live,1,2026-07-29T02:36:29.773020+00:00,7.695866,success
CBSPAN-20260728-ff1e9b4536c7c89df1af4429,rating_lane_004,live,1,2026-07-29T02:36:29.773021+00:00,8.125235,success
CBSPAN-20260728-f6af14b3be8bb04397b7f4ab,rating_lane_004,live,1,2026-07-29T02:36:29.773023+00:00,8.224667,success
CBSPAN-20260728-5b8c69183e5daafa40cd9fe4,rating_lane_004,live,1,2026-07-29T02:36:29.773024+00:00,8.888018,success
CBSPAN-20260728-b16c2b0847570cc70bda29b8,rating_lane_004,live,1,2026-07-29T02:36:29.773025+00:00,8.847554,success
CBSPAN-20260728-0267f07cf3419302f210b2b8,rating_lane_004,live,1,2026-07-29T02:36:29.773027+00:00,8.527238,success
CBSPAN-20260728-dc6168eefa4c7544188295bf,rating_lane_004,live,1,2026-07-29T02:36:29.773028+00:00,10.286945,success
CBSPAN-20260728-134e015f0498a9a472789d5e,rating_lane_004,live,1,2026-07-29T02:36:29.773030+00:00,10.258814,success
CBSPAN-20260728-fc22446295f5dc57485336af,rating_lane_004,live,1,2026-07-29T02:36:29.773031+00:00,9.936776,success
CBSPAN-20260728-727f699b1db59c15fbeee79c,rating_lane_004,live,1,2026-07-29T02:36:29.773032+00:00,10.334121,success
CBSPAN-20260728-05658a5664792ec87126a907,rating_lane_004,live,1,2026-07-29T02:36:29.773034+00:00,10.954451,success
CBSPAN-20260728-6bb41fb65a0c8c7b1da43ccb,rating_lane_004,live,1,2026-07-29T02:36:29.773035+00:00,11.095283,success
CBSPAN-20260728-1f6e9c724e12b06e7870cbc1,rating_lane_004,live,1,2026-07-29T02:36:29.773041+00:00,11.336817,success
CBSPAN-20260728-315270fae67b70f00193ac92,rating_lane_004,live,1,2026-07-29T02:36:29.773043+00:00,10.975985,success
CBSPAN-20260728-b36ac9fd6c104015bb1fa8bc,rating_lane_004,live,1,2026-07-29T02:36:29.773044+00:00,14.913236,success
CBSPAN-20260728-3a0b1c8ffc2c00998e6fc4ca,rating_lane_004,live,1,2026-07-29T02:36:44.786724+00:00,2.044089,success
CBSPAN-20260728-26f9ab091ccb84785c5d7fd2,rating_lane_004,live,1,2026-07-29T02:36:44.786773+00:00,2.255151,success
CBSPAN-20260728-2cfe01d74f301400a79918bf,rating_lane_004,live,1,2026-07-29T02:36:44.786781+00:00,2.937585,success
CBSPAN-20260728-f63c60bac4a164e4b1878141,rating_lane_004,live,1,2026-07-29T02:36:44.786789+00:00,1.889224,success
CBSPAN-20260728-e596e2815b71c5caf23d1404,rating_lane_004,live,1,2026-07-29T02:36:44.786795+00:00,4.190274,success
CBSPAN-20260728-bed69796d35169b51642094b,rating_lane_004,live,1,2026-07-29T02:36:44.786801+00:00,2.656975,success
CBSPAN-20260728-297e73163b3fd5d90738cf14,rating_lane_004,live,1,2026-07-29T02:36:44.786808+00:00,3.235036,success
CBSPAN-20260728-6d1095563c4fe58f829baa0f,rating_lane_004,live,1,2026-07-29T02:36:44.786866+00:00,2.339833,success
CBSPAN-20260728-a60717d58a3878434a976959,rating_lane_004,live,1,2026-07-29T02:36:44.786873+00:00,4.146255,success
CBSPAN-20260728-2a74175c0c46415fc51920ca,rating_lane_004,live,1,2026-07-29T02:36:44.786877+00:00,6.262076,success
CBSPAN-20260728-143b1ed0b16508234b5da529,rating_lane_004,live,1,2026-07-29T02:36:44.786879+00:00,5.665880,success
CBSPAN-20260728-7ef3c418f9ece62a671f9aa6,rating_lane_004,live,1,2026-07-29T02:36:44.786880+00:00,4.362736,success
CBSPAN-20260728-a3c0b1a9b970a4f16b142eb7,rating_lane_004,live,1,2026-07-29T02:36:44.786882+00:00,5.141529,success
CBSPAN-20260728-97ff6305006c858e3b963f39,rating_lane_004,live,1,2026-07-29T02:36:44.786883+00:00,4.997987,success
CBSPAN-20260728-377d605136dd4b64a8498d6d,rating_lane_004,live,1,2026-07-29T02:36:44.786884+00:00,6.195935,success
CBSPAN-20260728-09c77b0487291555e362397c,rating_lane_004,live,1,2026-07-29T02:36:44.786886+00:00,6.303905,success
CBSPAN-20260728-2abeabf0f7a35704104c943b,rating_lane_004,live,1,2026-07-29T02:36:44.786887+00:00,6.536489,success
CBSPAN-20260728-8835a50f42e21a2cc5813aae,rating_lane_004,live,1,2026-07-29T02:36:44.786888+00:00,6.800685,success
CBSPAN-20260728-3b31b9452f374f2d07b2bf05,rating_lane_004,live,1,2026-07-29T02:36:44.786890+00:00,7.893658,success
CBSPAN-20260728-e8c2b7945d7ac4679cca81bc,rating_lane_004,live,1,2026-07-29T02:36:44.786891+00:00,7.947961,success
CBSPAN-20260728-9aa7bf2333d4fecd99eb31af,rating_lane_004,live,1,2026-07-29T02:36:44.786893+00:00,8.814192,success
CBSPAN-20260728-c072627f8395fb7e9ad52a55,rating_lane_004,live,1,2026-07-29T02:36:44.786894+00:00,8.814066,success
CBSPAN-20260728-fae5e01b83202f057ccbac80,rating_lane_004,live,1,2026-07-29T02:36:44.786895+00:00,8.581087,success
CBSPAN-20260728-fb906b2b042e9baa9ba63d0e,rating_lane_004,live,1,2026-07-29T02:36:44.786896+00:00,9.909421,success
CBSPAN-20260728-2ab3d4eeb0961370166691bd,rating_lane_004,live,1,2026-07-29T02:36:44.786897+00:00,8.496921,success
CBSPAN-20260728-e1c307fa87524da821574251,rating_lane_004,live,1,2026-07-29T02:36:44.786899+00:00,9.044457,success
CBSPAN-20260728-6744f1ba4c6b687d99f35845,rating_lane_004,live,1,2026-07-29T02:36:44.786900+00:00,10.385181,success
CBSPAN-20260728-967b85cafceb56848a5015ed,rating_lane_004,live,1,2026-07-29T02:36:44.786901+00:00,10.973905,success
CBSPAN-20260728-e72b84e96dc84278b0f33d79,rating_lane_004,live,1,2026-07-29T02:36:44.786903+00:00,11.102518,success
CBSPAN-20260728-bd6063be070a7e5a05df4e30,rating_lane_004,live,1,2026-07-29T02:36:44.786904+00:00,11.201798,success
CBSPAN-20260728-c8bb13e1cd55c1d875c02ef3,rating_lane_004,live,1,2026-07-29T02:36:44.786905+00:00,11.432530,success
CBSPAN-20260728-ca1a5167c6c54565377f50b7,rating_lane_004,live,1,2026-07-29T02:36:44.786907+00:00,12.239446,success
CBSPAN-20260728-d0fc194c2b032d724876e0d7,rating_lane_004,live,1,2026-07-29T02:36:57.261761+00:00,2.201236,success
CBSPAN-20260728-57f03adee4f42296ed5e307b,rating_lane_004,live,1,2026-07-29T02:36:57.261797+00:00,2.468322,success
CBSPAN-20260728-02e199ba0fe13a44d5ed007b,rating_lane_004,live,1,2026-07-29T02:36:57.261807+00:00,2.628217,success
CBSPAN-20260728-23d0dee397aadad2af121f05,rating_lane_004,live,1,2026-07-29T02:36:57.261817+00:00,2.666109,success
CBSPAN-20260728-f22441acba8dc1ed17bdc9b0,rating_lane_004,live,1,2026-07-29T02:36:57.261827+00:00,2.831784,success
CBSPAN-20260728-c53a0bb54f023cae58a56173,rating_lane_004,live,1,2026-07-29T02:36:57.261837+00:00,2.125087,success
CBSPAN-20260728-aa5d3e4745cee28102cce190,rating_lane_004,live,1,2026-07-29T02:36:57.261845+00:00,2.433415,success
CBSPAN-20260728-e25fcb4651e8d2ad308cc9c2,rating_lane_004,live,1,2026-07-29T02:36:57.261924+00:00,2.516245,success
CBSPAN-20260728-ae192bc56f2d956ceb1c553a,rating_lane_004,live,1,2026-07-29T02:36:57.261933+00:00,5.050058,success
CBSPAN-20260728-e06dcdf568a91ec0a1cf274c,rating_lane_004,live,1,2026-07-29T02:36:57.261937+00:00,4.616385,success
CBSPAN-20260728-758777d6198dfa049c40e608,rating_lane_004,live,1,2026-07-29T02:36:57.261940+00:00,4.748371,success
CBSPAN-20260728-5f50f7655c2af69bdf61cc9b,rating_lane_004,live,1,2026-07-29T02:36:57.261941+00:00,8.408086,success
CBSPAN-20260728-eb099026e3e2f65f3eff9a67,rating_lane_004,live,1,2026-07-29T02:36:57.261943+00:00,4.616249,success
CBSPAN-20260728-ccaeadc95f4166e915e2761e,rating_lane_004,live,1,2026-07-29T02:36:57.261945+00:00,5.249167,success
CBSPAN-20260728-3633286fe7a7673ef22f5ff1,rating_lane_004,live,1,2026-07-29T02:36:57.261947+00:00,4.628943,success
CBSPAN-20260728-cc5fd8665274b0340ec1641c,rating_lane_004,live,1,2026-07-29T02:36:57.261951+00:00,4.868581,success
CBSPAN-20260728-2ba45a089e2fa256903bdc22,rating_lane_004,live,1,2026-07-29T02:36:57.261952+00:00,7.353327,success
CBSPAN-20260728-d4d9f08f2b1b0dc659e38011,rating_lane_004,live,1,2026-07-29T02:36:57.261955+00:00,8.137787,success
CBSPAN-20260728-e757a403bca5d36fcdf47f33,rating_lane_004,live,1,2026-07-29T02:36:57.261957+00:00,6.844377,success
CBSPAN-20260728-72abb8fc55811cafbf0852ef,rating_lane_004,live,1,2026-07-29T02:36:57.261959+00:00,7.870298,success
CBSPAN-20260728-912888638439520023bcf048,rating_lane_004,live,1,2026-07-29T02:36:57.261960+00:00,7.397192,success
CBSPAN-20260728-feb4ab6daac07837a0b7f458,rating_lane_004,live,1,2026-07-29T02:36:57.261962+00:00,7.345122,success
CBSPAN-20260728-237e20ea5b02a15aeb7164fc,rating_lane_004,live,1,2026-07-29T02:36:57.261964+00:00,7.895623,success
CBSPAN-20260728-cb10f9c46b10ae249c6f96cc,rating_lane_004,live,1,2026-07-29T02:36:57.261965+00:00,9.559837,success
CBSPAN-20260728-71437117d20f3d66ccbe0606,rating_lane_004,live,1,2026-07-29T02:36:57.261967+00:00,10.123751,success
CBSPAN-20260728-f165526a673f1ae141a18575,rating_lane_004,live,1,2026-07-29T02:36:57.261968+00:00,10.693923,success
CBSPAN-20260728-a9e6732c998ce5cd579a942e,rating_lane_004,live,1,2026-07-29T02:36:57.261970+00:00,9.635534,success
CBSPAN-20260728-f257e07564791eaabbc04463,rating_lane_004,live,1,2026-07-29T02:36:57.261971+00:00,10.135762,success
CBSPAN-20260728-ef0f0c8c0062a8290d010fa7,rating_lane_004,live,1,2026-07-29T02:36:57.261972+00:00,10.156035,success
CBSPAN-20260728-d9ffd7566e427e1c71b1f890,rating_lane_004,live,1,2026-07-29T02:36:57.261974+00:00,11.730546,success
CBSPAN-20260728-5b5bf2249d7fc70381ae624d,rating_lane_004,live,1,2026-07-29T02:36:57.261975+00:00,10.694050,success
CBSPAN-20260728-efb2548e157e0dbbde13b4f3,rating_lane_004,live,1,2026-07-29T02:36:57.261976+00:00,12.689287,success
CBSPAN-20260728-4657bf4b61314a3f203a76ce,rating_lane_004,live,1,2026-07-29T02:37:10.050060+00:00,2.885530,success
CBSPAN-20260728-b2102c6a46d4f7b5d80318cd,rating_lane_004,live,1,2026-07-29T02:37:10.050112+00:00,2.650262,success
CBSPAN-20260728-1dc6e80728586b3bdabe3970,rating_lane_004,live,1,2026-07-29T02:37:10.050125+00:00,3.210948,success
CBSPAN-20260728-c814e1b2f3398b0f86ba091c,rating_lane_004,live,1,2026-07-29T02:37:10.050134+00:00,2.554242,success
CBSPAN-20260728-0041cf399ecb7172d0288d1e,rating_lane_004,live,1,2026-07-29T02:37:10.050143+00:00,2.314509,success
CBSPAN-20260728-37cf4bc3f9061584f8f05883,rating_lane_004,live,1,2026-07-29T02:37:10.050151+00:00,3.026693,success
CBSPAN-20260728-3bb3283279267dc9a90516d9,rating_lane_004,live,1,2026-07-29T02:37:10.050159+00:00,3.761458,success
CBSPAN-20260728-bd68bc958be7c6f9f547d350,rating_lane_004,live,1,2026-07-29T02:37:10.050229+00:00,3.174382,success
CBSPAN-20260728-723ef16b35a91d73835b3740,rating_lane_004,live,1,2026-07-29T02:37:10.050237+00:00,5.138253,success
CBSPAN-20260728-4f684e290f236cd19a98e903,rating_lane_004,live,1,2026-07-29T02:37:10.050241+00:00,4.939892,success
CBSPAN-20260728-14e872bb88d7870d06519c79,rating_lane_004,live,1,2026-07-29T02:37:10.050243+00:00,5.102338,success
CBSPAN-20260728-700ac36fa6c1efe331c1d3c5,rating_lane_004,live,1,2026-07-29T02:37:10.050245+00:00,4.964593,success
CBSPAN-20260728-45902860cee37ca602fc8cff,rating_lane_004,live,1,2026-07-29T02:37:10.050247+00:00,5.520369,success
CBSPAN-20260728-4ea86707371ae93c75dd11a9,rating_lane_004,live,1,2026-07-29T02:37:10.050249+00:00,5.405239,success
CBSPAN-20260728-80b97301f2f5ec1c80b0b693,rating_lane_004,live,1,2026-07-29T02:37:10.050250+00:00,5.280005,success
CBSPAN-20260728-d43e697ef6510e49fcb84fdc,rating_lane_004,live,1,2026-07-29T02:37:10.050252+00:00,6.093121,success
CBSPAN-20260728-4182196844d546d6def79ed2,rating_lane_004,live,1,2026-07-29T02:37:10.050253+00:00,6.730379,success
CBSPAN-20260728-8aa185241d6b8a74e77bf041,rating_lane_004,live,1,2026-07-29T02:37:10.050255+00:00,9.218272,success
CBSPAN-20260728-9c01374ca81a9f5ccf6559f9,rating_lane_004,live,1,2026-07-29T02:37:10.050256+00:00,7.088675,success
CBSPAN-20260728-62a00d300efbc2670e86e643,rating_lane_004,live,1,2026-07-29T02:37:10.050258+00:00,7.658588,success
CBSPAN-20260728-b9a5fe331b4adcd3e68775e1,rating_lane_004,live,1,2026-07-29T02:37:10.050259+00:00,7.970660,success
CBSPAN-20260728-5eea79177bf56d4ab9dabadc,rating_lane_004,live,1,2026-07-29T02:37:10.050261+00:00,8.229365,success
CBSPAN-20260728-ac7cc88a631db33633b3dbba,rating_lane_004,live,1,2026-07-29T02:37:10.050262+00:00,8.926987,success
CBSPAN-20260728-66b4865dfdd6b738ba587f61,rating_lane_004,live,1,2026-07-29T02:37:10.050263+00:00,10.235261,success
CBSPAN-20260728-a4297fe8ebaeae2998814e9a,rating_lane_004,live,1,2026-07-29T02:37:10.050265+00:00,8.989017,success
CBSPAN-20260728-6510758b12be43fbee852053,rating_lane_004,live,1,2026-07-29T02:37:10.050266+00:00,9.325514,success
CBSPAN-20260728-fbcb13c815845e4a2ac4162a,rating_lane_004,live,1,2026-07-29T02:37:10.050268+00:00,14.828749,success
CBSPAN-20260728-b2e74f625fe363973033d8ac,rating_lane_004,live,1,2026-07-29T02:37:10.050269+00:00,10.933703,success
CBSPAN-20260728-6c37645db7bb747ea74c85e2,rating_lane_004,live,1,2026-07-29T02:37:10.050271+00:00,10.981750,success
CBSPAN-20260728-91a251510de12bda354f1860,rating_lane_004,live,1,2026-07-29T02:37:10.050277+00:00,11.334709,success
CBSPAN-20260728-97edefca95d85f44bf83f4fd,rating_lane_004,live,1,2026-07-29T02:37:10.050278+00:00,11.017967,success
CBSPAN-20260728-1169795c523958d87a883dfb,rating_lane_004,live,1,2026-07-29T02:37:10.050280+00:00,11.855292,success
CBSPAN-20260728-5eea79177bf56d4ab9dabadc,rating_lane_004,live,2,2026-07-29T02:37:24.891926+00:00,2.553222,success
CBSPAN-20260728-bee4057dc3e1acf7e6506343,rating_lane_004,live,1,2026-07-29T02:37:27.541366+00:00,2.887600,success
CBSPAN-20260728-272cd65b9ccf3f4e60e01be1,rating_lane_004,live,1,2026-07-29T02:37:27.541420+00:00,2.865046,success
CBSPAN-20260728-3f176cb225d55adbfb9f94a5,rating_lane_004,live,1,2026-07-29T02:37:27.541429+00:00,2.865166,success
CBSPAN-20260728-9fa6b45ba15349069974fee7,rating_lane_004,live,1,2026-07-29T02:37:27.541493+00:00,3.326734,success
CBSPAN-20260728-8e927c7f64b00da2fe74f035,rating_lane_004,live,1,2026-07-29T02:37:27.541503+00:00,2.043203,success
CBSPAN-20260728-69d85844933df8fcc3053adf,rating_lane_004,live,1,2026-07-29T02:37:27.541514+00:00,3.930605,success
CBSPAN-20260728-66b646a9b38859b025247719,rating_lane_004,live,1,2026-07-29T02:37:27.541522+00:00,2.349148,success
CBSPAN-20260728-b95fb351e404d45a40e10dac,rating_lane_004,live,1,2026-07-29T02:37:27.541529+00:00,2.311578,success
CBSPAN-20260728-164abb91e03e0136c6918fa9,rating_lane_004,live,1,2026-07-29T02:37:27.541535+00:00,4.112561,success
CBSPAN-20260728-a279416b276d0e9a11d496d2,rating_lane_004,live,1,2026-07-29T02:37:27.541539+00:00,4.897132,success
CBSPAN-20260728-030fdd65691eeef872e3fc79,rating_lane_004,live,1,2026-07-29T02:37:27.541541+00:00,4.839567,success
CBSPAN-20260728-178f3713c4562d91dfcebbb1,rating_lane_004,live,1,2026-07-29T02:37:27.541542+00:00,5.780992,success
CBSPAN-20260728-6fde7da1c09618e9ce431960,rating_lane_004,live,1,2026-07-29T02:37:27.541544+00:00,5.186823,success
CBSPAN-20260728-06d7110ffef85bcb5245346f,rating_lane_004,live,1,2026-07-29T02:37:27.541545+00:00,4.962947,success
CBSPAN-20260728-d28b5c2075b5d65bfd14c438,rating_lane_004,live,1,2026-07-29T02:37:27.541547+00:00,5.809473,success
CBSPAN-20260728-d708b8bb826f5c5d8792e836,rating_lane_004,live,1,2026-07-29T02:37:27.541548+00:00,6.108254,success
CBSPAN-20260728-ae9a1db4f3833fdfb48bbbfd,rating_lane_004,live,1,2026-07-29T02:37:27.541550+00:00,6.327058,success
CBSPAN-20260728-60799487827a5574d70db67c,rating_lane_004,live,1,2026-07-29T02:37:27.541551+00:00,6.615101,success
CBSPAN-20260728-3e732c1207bde29a2329ef32,rating_lane_004,live,1,2026-07-29T02:37:27.541553+00:00,6.737488,success
CBSPAN-20260728-0459fad5e44f2ee43f422f30,rating_lane_004,live,1,2026-07-29T02:37:27.541554+00:00,7.150615,success
CBSPAN-20260728-75837a1f80f5b845469ccbd3,rating_lane_004,live,1,2026-07-29T02:37:27.541556+00:00,7.737958,success
CBSPAN-20260728-bb0e540c8c514b38333a2cf8,rating_lane_004,live,1,2026-07-29T02:37:27.541557+00:00,8.287398,success
CBSPAN-20260728-c30b6751af4c4f6a53cb64e4,rating_lane_004,live,1,2026-07-29T02:37:27.541558+00:00,8.981003,success
CBSPAN-20260728-2e114ecc55fa5cb89f464b4a,rating_lane_004,live,1,2026-07-29T02:37:27.541560+00:00,8.291428,success
CBSPAN-20260728-46e1aef34c6e3f7596b17f6e,rating_lane_004,live,1,2026-07-29T02:37:27.541561+00:00,8.982014,success
CBSPAN-20260728-edb63253a3a789ed7e27111f,rating_lane_004,live,1,2026-07-29T02:37:27.541562+00:00,8.867961,success
CBSPAN-20260728-33de3712f6de78eb4d2e19dc,rating_lane_004,live,1,2026-07-29T02:37:27.541564+00:00,8.615776,success
CBSPAN-20260728-bba4af7f3f942a145c559599,rating_lane_004,live,1,2026-07-29T02:37:27.541565+00:00,9.576068,success
CBSPAN-20260728-05b409633c0e7f06ee4edb0b,rating_lane_004,live,1,2026-07-29T02:37:27.541567+00:00,11.018554,success
CBSPAN-20260728-2a48341aa52a2a3777c28dee,rating_lane_004,live,1,2026-07-29T02:37:27.541568+00:00,10.674027,success
CBSPAN-20260728-9dfb13ce7b67d35c9b827f29,rating_lane_004,live,1,2026-07-29T02:37:27.541570+00:00,11.121072,success
CBSPAN-20260728-556b2cf54119d4de22eccce6,rating_lane_004,live,1,2026-07-29T02:37:27.541571+00:00,12.255551,success
CBSPAN-20260728-2ceeba0d2fe5a1563cebc3e2,rating_lane_004,live,1,2026-07-29T02:37:39.892861+00:00,2.603725,success
CBSPAN-20260728-435b48fc8fc00fb6bfb4e968,rating_lane_004,live,1,2026-07-29T02:37:39.892899+00:00,2.125034,success
CBSPAN-20260728-a505144bb07804d7aa085d3c,rating_lane_004,live,1,2026-07-29T02:37:39.892909+00:00,2.595888,success
CBSPAN-20260728-18610852b170103de31680e6,rating_lane_004,live,1,2026-07-29T02:37:39.892917+00:00,2.565487,success
CBSPAN-20260728-20abda01a468b38d2c2d980a,rating_lane_004,live,1,2026-07-29T02:37:39.892924+00:00,2.317678,success
CBSPAN-20260728-aaecdabb872807fafd69f1ad,rating_lane_004,live,1,2026-07-29T02:37:39.892931+00:00,2.199227,success
CBSPAN-20260728-3f0aa267cee3db001615728c,rating_lane_004,live,1,2026-07-29T02:37:39.892938+00:00,2.313553,success
CBSPAN-20260728-738bdb9ca609df4d41825cd8,rating_lane_004,live,1,2026-07-29T02:37:39.892997+00:00,2.441345,success
CBSPAN-20260728-d8b59b628a6ace48c76cd10c,rating_lane_004,live,1,2026-07-29T02:37:39.893004+00:00,4.760272,success
CBSPAN-20260728-86c32759c9e01f79604d0fd1,rating_lane_004,live,1,2026-07-29T02:37:39.893008+00:00,4.706674,success
CBSPAN-20260728-c8071d7d1a46348a916ae4da,rating_lane_004,live,1,2026-07-29T02:37:39.893010+00:00,4.921495,success
CBSPAN-20260728-fdbe4117bef4abffc7eb754b,rating_lane_004,live,1,2026-07-29T02:37:39.893011+00:00,6.199192,success
CBSPAN-20260728-b12b6be3c273f8952fce0299,rating_lane_004,live,1,2026-07-29T02:37:39.893013+00:00,4.862782,success
CBSPAN-20260728-9b158f7ae039922784e02365,rating_lane_004,live,1,2026-07-29T02:37:39.893015+00:00,5.108415,success
CBSPAN-20260728-64fa3a1aea8635c329dc461b,rating_lane_004,live,1,2026-07-29T02:37:39.893016+00:00,5.636009,success
CBSPAN-20260728-66ec41a2141c01fc9298cfff,rating_lane_004,live,1,2026-07-29T02:37:39.893017+00:00,4.629965,success
CBSPAN-20260728-14293ff8a48bbaf7c481c965,rating_lane_004,live,1,2026-07-29T02:37:39.893019+00:00,6.629423,success
CBSPAN-20260728-673674253265e1480e99f53f,rating_lane_004,live,1,2026-07-29T02:37:39.893020+00:00,7.122097,success
CBSPAN-20260728-054a299a6030d0a2659e3000,rating_lane_004,live,1,2026-07-29T02:37:39.893022+00:00,7.129206,success
CBSPAN-20260728-35d77e97b743e7ee1b61389b,rating_lane_004,live,1,2026-07-29T02:37:39.893023+00:00,7.126111,success
CBSPAN-20260728-8af845b810a8d88cdf33e928,rating_lane_004,live,1,2026-07-29T02:37:39.893024+00:00,8.298918,success
CBSPAN-20260728-84898c57c59cad6982a41f79,rating_lane_004,live,1,2026-07-29T02:37:39.893026+00:00,8.109349,success
CBSPAN-20260728-3b0d26692174e8656757d1a9,rating_lane_004,live,1,2026-07-29T02:37:39.893027+00:00,7.943241,success
CBSPAN-20260728-14a2ae8d2d107c57886a2912,rating_lane_004,live,1,2026-07-29T02:37:39.893029+00:00,8.828903,success
CBSPAN-20260728-6a30628861037459ebc490bd,rating_lane_004,live,1,2026-07-29T02:37:39.893030+00:00,9.386554,success
CBSPAN-20260728-c75ec29320a0642149439675,rating_lane_004,live,1,2026-07-29T02:37:39.893031+00:00,10.010075,success
CBSPAN-20260728-d5fe01b94e364df3df93dff6,rating_lane_004,live,1,2026-07-29T02:37:39.893033+00:00,10.924360,success
CBSPAN-20260728-5a66407b1d8abcc149eaf94d,rating_lane_004,live,1,2026-07-29T02:37:39.893034+00:00,9.676557,success
CBSPAN-20260728-678a2869c7e34b74dc8cc43d,rating_lane_004,live,1,2026-07-29T02:37:39.893036+00:00,11.445256,success
CBSPAN-20260728-6d221b1fa77290ce8c2f1254,rating_lane_004,live,1,2026-07-29T02:37:39.893037+00:00,10.539670,success
CBSPAN-20260728-2cc64ddc50f2301045741117,rating_lane_004,live,1,2026-07-29T02:37:39.893038+00:00,11.341121,success
CBSPAN-20260728-057f780ab0252384b0a36031,rating_lane_004,live,1,2026-07-29T02:37:39.893039+00:00,11.312218,success
CBSPAN-20260728-b9972764919c9760eb818ea3,rating_lane_004,live,1,2026-07-29T02:37:51.438696+00:00,2.400931,success
CBSPAN-20260728-ba82bf57912e29f5361fdf82,rating_lane_004,live,1,2026-07-29T02:37:51.438736+00:00,2.606695,success
CBSPAN-20260728-aa9ded10c623e4733e48b5c7,rating_lane_004,live,1,2026-07-29T02:37:51.438744+00:00,3.042944,success
CBSPAN-20260728-1f8e3a6dc9610072952c5ae4,rating_lane_004,live,1,2026-07-29T02:37:51.438751+00:00,2.090626,success
CBSPAN-20260728-8bf12630011346882db57407,rating_lane_004,live,1,2026-07-29T02:37:51.438757+00:00,2.424183,success
CBSPAN-20260728-1e42b5cea76f0e4cb8a8e169,rating_lane_004,live,1,2026-07-29T02:37:51.438764+00:00,2.866562,success
CBSPAN-20260728-aa744c1ffffa13c1447b050a,rating_lane_004,live,1,2026-07-29T02:37:51.438771+00:00,3.371408,success
CBSPAN-20260728-b896da8933f38bde473fcdf8,rating_lane_004,live,1,2026-07-29T02:37:51.438829+00:00,2.541487,success
CBSPAN-20260728-fd23946990083e31758a2a19,rating_lane_004,live,1,2026-07-29T02:37:51.438839+00:00,5.469822,success
CBSPAN-20260728-adf20c3f1ec0a9d1b519d53b,rating_lane_004,live,1,2026-07-29T02:37:51.438843+00:00,5.275882,success
CBSPAN-20260728-6dd528f16f6c26a881997471,rating_lane_004,live,1,2026-07-29T02:37:51.438845+00:00,4.690273,success
CBSPAN-20260728-38e20e71e4e1f372099d179c,rating_lane_004,live,1,2026-07-29T02:37:51.438847+00:00,4.946688,success
CBSPAN-20260728-4f5651184a013f38ea053d76,rating_lane_004,live,1,2026-07-29T02:37:51.438848+00:00,4.946814,success
CBSPAN-20260728-75c97c1d723dbed088d3982c,rating_lane_004,live,1,2026-07-29T02:37:51.438850+00:00,5.141877,success
CBSPAN-20260728-fb65a4798b7201eb6b38d1cd,rating_lane_004,live,1,2026-07-29T02:37:51.438851+00:00,5.486175,success
CBSPAN-20260728-5c61e2652f7a91d1bafc7d5b,rating_lane_004,live,1,2026-07-29T02:37:51.438852+00:00,9.963688,success
CBSPAN-20260728-4b39c9540ecf31062dcc54ec,rating_lane_004,live,1,2026-07-29T02:37:51.438854+00:00,6.919226,success
CBSPAN-20260728-5e680ade85c4337b65525485,rating_lane_004,live,1,2026-07-29T02:37:51.438855+00:00,7.300727,success
CBSPAN-20260728-a379f7694ca6af501b21e60d,rating_lane_004,live,1,2026-07-29T02:37:51.438857+00:00,7.609582,success
CBSPAN-20260728-830595b23dcfba4764447e97,rating_lane_004,live,1,2026-07-29T02:37:51.438858+00:00,7.202041,success
CBSPAN-20260728-66137c7fc165705fa334eff9,rating_lane_004,live,1,2026-07-29T02:37:51.438859+00:00,7.625092,success
CBSPAN-20260728-c47f20f6b942dd9d29583e0d,rating_lane_004,live,1,2026-07-29T02:37:51.438861+00:00,8.699164,success
CBSPAN-20260728-c7eb8f9f8e6abf040a59f511,rating_lane_004,live,1,2026-07-29T02:37:51.438862+00:00,7.398375,success
CBSPAN-20260728-92a2342e30c9fbf0b2bbe7ab,rating_lane_004,live,1,2026-07-29T02:37:51.438864+00:00,9.434933,success
CBSPAN-20260728-7ee9bfc69719c21ff64e606e,rating_lane_004,live,1,2026-07-29T02:37:51.438865+00:00,10.355378,success
CBSPAN-20260728-c4a8e2d664ff2fa324fa659b,rating_lane_004,live,1,2026-07-29T02:37:51.438867+00:00,9.849342,success
CBSPAN-20260728-bd466b7e5c986a73839cb055,rating_lane_004,live,1,2026-07-29T02:37:51.438868+00:00,9.961350,success
CBSPAN-20260728-aabc3031b76b634e07911639,rating_lane_004,live,1,2026-07-29T02:37:51.438870+00:00,9.590980,success
CBSPAN-20260728-1ba651d50eaf2ea406b09ed0,rating_lane_004,live,1,2026-07-29T02:37:51.438871+00:00,11.895704,success
CBSPAN-20260728-4455a28556285da91e766601,rating_lane_004,live,1,2026-07-29T02:37:51.438872+00:00,11.870343,success
CBSPAN-20260728-cb5c5e2f5ceffe083bbb1254,rating_lane_004,live,1,2026-07-29T02:37:51.438874+00:00,12.057779,success
CBSPAN-20260728-9c1edb285ab0f70277ce2ecf,rating_lane_004,live,1,2026-07-29T02:37:51.438875+00:00,13.321720,success
CBSPAN-20260728-60f6a715f14fba69719297d6,rating_lane_004,live,1,2026-07-29T02:38:04.859330+00:00,2.821512,success
CBSPAN-20260728-4e14f533350cb39c6d3938dc,rating_lane_004,live,1,2026-07-29T02:38:04.859389+00:00,2.821643,success
CBSPAN-20260728-960fd27a65b0623e4d4d1b6a,rating_lane_004,live,1,2026-07-29T02:38:04.859402+00:00,2.875344,success
CBSPAN-20260728-348f3c11eb59b3ea5af59038,rating_lane_004,live,1,2026-07-29T02:38:04.859410+00:00,3.991902,success
CBSPAN-20260728-f0cf042901403dc1a10131a4,rating_lane_004,live,1,2026-07-29T02:38:04.859417+00:00,1.917296,success
CBSPAN-20260728-2e4e1fd352d054df70e676d3,rating_lane_004,live,1,2026-07-29T02:38:04.859423+00:00,2.821574,success
CBSPAN-20260728-36c4295c25dbd36c1319bc3a,rating_lane_004,live,1,2026-07-29T02:38:04.859429+00:00,3.991759,success
CBSPAN-20260728-c5772149ce64e3fc7abdf853,rating_lane_004,live,1,2026-07-29T02:38:04.859488+00:00,2.339410,success
CBSPAN-20260728-f7d86da64b2ab17bec5d5777,rating_lane_004,live,1,2026-07-29T02:38:04.859494+00:00,4.172618,success
CBSPAN-20260728-fb6100f4a57ea64d98f8198c,rating_lane_004,live,1,2026-07-29T02:38:04.859498+00:00,5.111669,success
CBSPAN-20260728-9a0afc2cc31e1f8cf5e76b97,rating_lane_004,live,1,2026-07-29T02:38:04.859500+00:00,5.379135,success
CBSPAN-20260728-3a9645003f9a0e96365bfb56,rating_lane_004,live,1,2026-07-29T02:38:04.859502+00:00,5.807738,success
CBSPAN-20260728-c3bfc244cb2ac6b9efa6d192,rating_lane_004,live,1,2026-07-29T02:38:04.859503+00:00,5.432452,success
CBSPAN-20260728-92f916ca2ab33fbdecaf586d,rating_lane_004,live,1,2026-07-29T02:38:04.859504+00:00,5.091476,success
CBSPAN-20260728-b7de3d5dcf3280c131f736d6,rating_lane_004,live,1,2026-07-29T02:38:04.859506+00:00,6.413780,success
CBSPAN-20260728-a18afd2151ac786fc7dd68a6,rating_lane_004,live,1,2026-07-29T02:38:04.859507+00:00,6.273494,success
CBSPAN-20260728-db8e7668e3416acaeb220b21,rating_lane_004,live,1,2026-07-29T02:38:04.859508+00:00,6.808563,success
CBSPAN-20260728-1102e790a1308bdbb1c8310d,rating_lane_004,live,1,2026-07-29T02:38:04.859510+00:00,7.486602,success
CBSPAN-20260728-bc75c18430079227e1af6bc2,rating_lane_004,live,1,2026-07-29T02:38:04.859511+00:00,7.774306,success
CBSPAN-20260728-780b78a9ac7f2b6674de35ba,rating_lane_004,live,1,2026-07-29T02:38:04.859513+00:00,7.943493,success
CBSPAN-20260728-fe6aaabde9a214552fd91532,rating_lane_004,live,1,2026-07-29T02:38:04.859514+00:00,8.553467,success
CBSPAN-20260728-cca5b2d114c3f2f8960aaf56,rating_lane_004,live,1,2026-07-29T02:38:04.859515+00:00,9.214187,success
CBSPAN-20260728-86caae84d8dd73126351e05c,rating_lane_004,live,1,2026-07-29T02:38:04.859517+00:00,9.358359,success
CBSPAN-20260728-d365cd3a4ec8851e9609434e,rating_lane_004,live,1,2026-07-29T02:38:04.859518+00:00,8.755876,success
CBSPAN-20260728-4b619158a37463d49a4d0e86,rating_lane_004,live,1,2026-07-29T02:38:04.859519+00:00,9.155461,success
CBSPAN-20260728-4d874a105104b2bb777905c6,rating_lane_004,live,1,2026-07-29T02:38:04.859520+00:00,9.600058,success
CBSPAN-20260728-ce6b321c9ffe87b1cf4273c6,rating_lane_004,live,1,2026-07-29T02:38:04.859522+00:00,10.731899,success
CBSPAN-20260728-538d666cc8742306500ff339,rating_lane_004,live,1,2026-07-29T02:38:04.859523+00:00,10.256312,success
CBSPAN-20260728-98e448725f59c805a97127ad,rating_lane_004,live,1,2026-07-29T02:38:04.859524+00:00,11.929714,success
CBSPAN-20260728-1dd24f5cafafe85cb6121967,rating_lane_004,live,1,2026-07-29T02:38:04.859525+00:00,11.044071,success
CBSPAN-20260728-43fd3a168eafa6fecb44ea6c,rating_lane_004,live,1,2026-07-29T02:38:04.859527+00:00,10.879726,success
CBSPAN-20260728-336a8aa6177ce927e097e4e3,rating_lane_004,live,1,2026-07-29T02:38:04.859528+00:00,11.675958,success
CBSPAN-20260728-7bcfc9e792cdd7a168c8b6b0,rating_lane_004,live,1,2026-07-29T02:38:16.872738+00:00,2.275379,success
CBSPAN-20260728-9a9e5b36c66bc065b22da4fc,rating_lane_004,live,1,2026-07-29T02:38:16.872772+00:00,2.722625,success
CBSPAN-20260728-43493e901637028038f321fd,rating_lane_004,live,1,2026-07-29T02:38:16.872780+00:00,2.353992,success
CBSPAN-20260728-bf2e907eb5f7ee5c89a0e0a6,rating_lane_004,live,1,2026-07-29T02:38:16.872786+00:00,3.294894,success
CBSPAN-20260728-417e3943f6a6f465efc41a05,rating_lane_004,live,1,2026-07-29T02:38:16.872793+00:00,3.467893,success
CBSPAN-20260728-905aad713fd3cd75f82b706d,rating_lane_004,live,1,2026-07-29T02:38:16.872798+00:00,2.650691,success
CBSPAN-20260728-1af37e144ac150355e6abc3c,rating_lane_004,live,1,2026-07-29T02:38:16.872804+00:00,2.067589,success
CBSPAN-20260728-507d1428baf71f5f5451dfbe,rating_lane_004,live,1,2026-07-29T02:38:16.872860+00:00,2.275117,success
CBSPAN-20260728-17a0002416bbbd93ebd39fcb,rating_lane_004,live,1,2026-07-29T02:38:16.872867+00:00,4.697538,success
CBSPAN-20260728-4c0a756343249d262592a205,rating_lane_004,live,1,2026-07-29T02:38:16.872870+00:00,5.353661,success
CBSPAN-20260728-5d6bce15a676f24dfcaab565,rating_lane_004,live,1,2026-07-29T02:38:16.872872+00:00,4.883230,success
CBSPAN-20260728-77673958a93207e2f23f3ed4,rating_lane_004,live,1,2026-07-29T02:38:16.872873+00:00,4.489704,success
CBSPAN-20260728-627d9df07490fb4d52cd758e,rating_lane_004,live,1,2026-07-29T02:38:16.872874+00:00,4.730942,success
CBSPAN-20260728-3f5056350c346b95ce92629e,rating_lane_004,live,1,2026-07-29T02:38:16.872876+00:00,5.419262,success
CBSPAN-20260728-e67d00878313695be66a2d39,rating_lane_004,live,1,2026-07-29T02:38:16.872877+00:00,5.460936,success
CBSPAN-20260728-efc1547aed5c4d927e241c98,rating_lane_004,live,1,2026-07-29T02:38:16.872878+00:00,6.616194,success
CBSPAN-20260728-9a1d2f1fe1b6c2793fc763e8,rating_lane_004,live,1,2026-07-29T02:38:16.872880+00:00,6.574364,success
CBSPAN-20260728-fbf812ab6df71d428f742351,rating_lane_004,live,1,2026-07-29T02:38:16.872881+00:00,7.028124,success
CBSPAN-20260728-39ff4bcbfc18353d178ea1fc,rating_lane_004,live,1,2026-07-29T02:38:16.872882+00:00,7.825398,success
CBSPAN-20260728-eaebf4a374a48634049b2dc5,rating_lane_004,live,1,2026-07-29T02:38:16.872884+00:00,6.902746,success
CBSPAN-20260728-98179a357ee6c52cd936f5f3,rating_lane_004,live,1,2026-07-29T02:38:16.872885+00:00,8.971143,success
CBSPAN-20260728-c1e5264bb20cc834d6ddfaef,rating_lane_004,live,1,2026-07-29T02:38:16.872887+00:00,7.815826,success
CBSPAN-20260728-8e8a30166a8fea813dfdaeb0,rating_lane_004,live,1,2026-07-29T02:38:16.872888+00:00,9.084546,success
CBSPAN-20260728-7bad850b31f4c8e328bf3c72,rating_lane_004,live,1,2026-07-29T02:38:16.872889+00:00,8.956385,success
CBSPAN-20260728-e76f2f5977e11aa39f64569b,rating_lane_004,live,1,2026-07-29T02:38:16.872890+00:00,9.104331,success
CBSPAN-20260728-b4dd7ddb6fe841a67e45b224,rating_lane_004,live,1,2026-07-29T02:38:16.872892+00:00,9.730557,success
CBSPAN-20260728-b1c4c0b58092f182132c9044,rating_lane_004,live,1,2026-07-29T02:38:16.872893+00:00,11.073165,success
CBSPAN-20260728-835c5c2b578633579abc408a,rating_lane_004,live,1,2026-07-29T02:38:16.872894+00:00,10.116267,success
CBSPAN-20260728-31e7e78b0682784a6abd2a4d,rating_lane_004,live,1,2026-07-29T02:38:16.872896+00:00,10.895269,success
CBSPAN-20260728-2c1a81715448b590d02cd0e0,rating_lane_004,live,1,2026-07-29T02:38:16.872897+00:00,11.164826,success
CBSPAN-20260728-7a19c0342213d3d07a4a1037,rating_lane_004,live,1,2026-07-29T02:38:16.872898+00:00,11.328448,success
CBSPAN-20260728-6527704e9ad9e24c877413ff,rating_lane_004,live,1,2026-07-29T02:38:16.872899+00:00,11.434433,success
CBSPAN-20260728-6527704e9ad9e24c877413ff,rating_lane_004,live,2,2026-07-29T02:38:28.319339+00:00,3.018394,success
CBSPAN-20260728-a605b94e3f71715e082f1d55,rating_lane_004,live,1,2026-07-29T02:38:31.448102+00:00,2.660247,success
CBSPAN-20260728-a247af1b6184d6ab4cb36f4c,rating_lane_004,live,1,2026-07-29T02:38:31.448137+00:00,2.462543,success
CBSPAN-20260728-3e83b7031b0d34e246db14a2,rating_lane_004,live,1,2026-07-29T02:38:31.448145+00:00,1.909607,success
CBSPAN-20260728-00dbfa59c6f048979d91731b,rating_lane_004,live,1,2026-07-29T02:38:31.449139+00:00,3.314764,success
CBSPAN-20260728-682270bb33d5d09e47f72774,rating_lane_004,live,1,2026-07-29T02:38:31.449147+00:00,2.020760,success
CBSPAN-20260728-4226ececdb12a1cbc6cf182e,rating_lane_004,live,1,2026-07-29T02:38:31.449152+00:00,2.133133,success
CBSPAN-20260728-b659a9bc95c9fb244df5ed3b,rating_lane_004,live,1,2026-07-29T02:38:31.449158+00:00,9.618018,success
CBSPAN-20260728-ee58202f51820b8c02e3f8b2,rating_lane_004,live,1,2026-07-29T02:38:31.449164+00:00,2.301690,success
CBSPAN-20260728-8220f5e3b5da1b1fe80ac960,rating_lane_004,live,1,2026-07-29T02:38:31.449169+00:00,4.188833,success
CBSPAN-20260728-a4b968f659783a7b0c4df0d9,rating_lane_004,live,1,2026-07-29T02:38:31.449173+00:00,4.594765,success
CBSPAN-20260728-6c82e4e239719971509788d9,rating_lane_004,live,1,2026-07-29T02:38:31.449174+00:00,5.175961,success
CBSPAN-20260728-2a492137a3439b2a0600aa25,rating_lane_004,live,1,2026-07-29T02:38:31.449176+00:00,4.923920,success
CBSPAN-20260728-6aa542c1b68a3b95eb71759c,rating_lane_004,live,1,2026-07-29T02:38:31.449177+00:00,5.704959,success
CBSPAN-20260728-5629b190564771783532c740,rating_lane_004,live,1,2026-07-29T02:38:31.449179+00:00,5.624507,success
CBSPAN-20260728-478ab449adadb1d2f973ca2e,rating_lane_004,live,1,2026-07-29T02:38:31.449180+00:00,6.639167,success
CBSPAN-20260728-79ce3299c826adba4e3ed263,rating_lane_004,live,1,2026-07-29T02:38:31.449181+00:00,7.045852,success
CBSPAN-20260728-573121608a0dd227b0cab644,rating_lane_004,live,1,2026-07-29T02:38:31.449183+00:00,7.882790,success
CBSPAN-20260728-ed98a39862a453d6cf4af6fb,rating_lane_004,live,1,2026-07-29T02:38:31.449184+00:00,7.672691,success
CBSPAN-20260728-d9f42e8b9f720e535d0b074b,rating_lane_004,live,1,2026-07-29T02:38:31.449185+00:00,7.845232,success
CBSPAN-20260728-928c8c7704b5358b3edc2dec,rating_lane_004,live,1,2026-07-29T02:38:31.449187+00:00,7.996704,success
CBSPAN-20260728-4fbe39f590b265cac8077cb5,rating_lane_004,live,1,2026-07-29T02:38:31.449188+00:00,10.499282,success
CBSPAN-20260728-032b680d399b84edae88929c,rating_lane_004,live,1,2026-07-29T02:38:31.449189+00:00,8.952852,success
CBSPAN-20260728-e8d3ce79c0bbaacfc999d44a,rating_lane_004,live,1,2026-07-29T02:38:31.449190+00:00,10.075025,success
CBSPAN-20260728-a32cbfc0c82ece67f4cb8218,rating_lane_004,live,1,2026-07-29T02:38:31.449192+00:00,10.271305,success
CBSPAN-20260728-0722143039d934ecb7910f30,rating_lane_004,live,1,2026-07-29T02:38:31.449193+00:00,10.438334,success
CBSPAN-20260728-11b140d06d7265684f4b8607,rating_lane_004,live,1,2026-07-29T02:38:31.449194+00:00,12.923077,success
CBSPAN-20260728-782647c551de2976e98f5212,rating_lane_004,live,1,2026-07-29T02:38:31.449196+00:00,11.006293,success
CBSPAN-20260728-4a77990b6be829df78ea3037,rating_lane_004,live,1,2026-07-29T02:38:31.449197+00:00,12.368656,success
CBSPAN-20260728-43e7793fd6b72e758de1a1b8,rating_lane_004,live,1,2026-07-29T02:38:31.449198+00:00,48.283666,success
CBSPAN-20260728-dfb2ca259ec0c716c82ba229,rating_lane_004,live,1,2026-07-29T02:38:31.449200+00:00,12.805570,success
CBSPAN-20260728-cb22a68b164be854f2e86da8,rating_lane_004,live,1,2026-07-29T02:38:31.449201+00:00,13.362557,success
CBSPAN-20260728-56a212e0615145d40082575c,rating_lane_004,live,1,2026-07-29T02:38:31.449202+00:00,12.961317,success
CBSPAN-20260728-4afe9a875235c68f9960b301,rating_lane_004,live,1,2026-07-29T02:39:19.829747+00:00,2.610375,success
CBSPAN-20260728-7337e267a2aa0746c4cd26f3,rating_lane_004,live,1,2026-07-29T02:39:19.829819+00:00,2.207190,success
CBSPAN-20260728-54316cc3f1557398f6c602fd,rating_lane_004,live,1,2026-07-29T02:39:19.829829+00:00,2.431125,success
CBSPAN-20260728-4998fc29c19492abde20ef0b,rating_lane_004,live,1,2026-07-29T02:39:19.829837+00:00,2.258080,success
CBSPAN-20260728-5625d53c8ff6befd640ac374,rating_lane_004,live,1,2026-07-29T02:39:19.829843+00:00,2.576960,success
CBSPAN-20260728-b4a63403eb92602fe87f6ab3,rating_lane_004,live,1,2026-07-29T02:39:19.829850+00:00,2.459685,success
CBSPAN-20260728-609e8a5269befb2d854b18e8,rating_lane_004,live,1,2026-07-29T02:39:19.829858+00:00,3.187759,success
CBSPAN-20260728-bd7974515b6393930891f898,rating_lane_004,live,1,2026-07-29T02:39:19.829922+00:00,2.083433,success
CBSPAN-20260728-3a1d047dc815fce922aa21b1,rating_lane_004,live,1,2026-07-29T02:39:19.829929+00:00,5.554313,success
CBSPAN-20260728-1edaa57d521f861b8f54da1d,rating_lane_004,live,1,2026-07-29T02:39:19.829935+00:00,4.189086,success
CBSPAN-20260728-a712c9dba3ffef9f3aaaa148,rating_lane_004,live,1,2026-07-29T02:39:19.829937+00:00,4.821653,success
CBSPAN-20260728-4bee8bf93577a5ab40a93a67,rating_lane_004,live,1,2026-07-29T02:39:19.829939+00:00,4.863500,success
CBSPAN-20260728-7e5dca7563194cbc7ad4d8e6,rating_lane_004,live,1,2026-07-29T02:39:19.829941+00:00,4.939657,success
CBSPAN-20260728-74e6894049955b6d92036f83,rating_lane_004,live,1,2026-07-29T02:39:19.829942+00:00,9.625214,success
CBSPAN-20260728-bf8d3c58c2478c4310801bae,rating_lane_004,live,1,2026-07-29T02:39:19.829944+00:00,4.750836,success
CBSPAN-20260728-82c5a1005bfda3f3e245f448,rating_lane_004,live,1,2026-07-29T02:39:19.829946+00:00,6.115916,success
CBSPAN-20260728-c32cdbbe67a4a9be4b053ed5,rating_lane_004,live,1,2026-07-29T02:39:19.829947+00:00,7.049717,success
CBSPAN-20260728-5a1e70f301395b6ad3077594,rating_lane_004,live,1,2026-07-29T02:39:19.829949+00:00,6.814825,success
CBSPAN-20260728-b3097dd63d7fd69c31fd160a,rating_lane_004,live,1,2026-07-29T02:39:19.829951+00:00,7.792201,success
CBSPAN-20260728-6aa97a6b5ec5b40451c8c987,rating_lane_004,live,1,2026-07-29T02:39:19.829952+00:00,7.119775,success
CBSPAN-20260728-25b0b7b4802e68f806bcfb04,rating_lane_004,live,1,2026-07-29T02:39:19.829954+00:00,7.113501,success
CBSPAN-20260728-040861e0c2f2db6c32509764,rating_lane_004,live,1,2026-07-29T02:39:19.829955+00:00,8.268411,success
CBSPAN-20260728-900bababa586998eb68b60b5,rating_lane_004,live,1,2026-07-29T02:39:19.829957+00:00,8.350617,success
CBSPAN-20260728-2dd56bb2bcae804689ccd3d8,rating_lane_004,live,1,2026-07-29T02:39:19.829958+00:00,9.571620,success
CBSPAN-20260728-f37b024f9a9e2d2648f52653,rating_lane_004,live,1,2026-07-29T02:39:19.829960+00:00,11.100688,success
CBSPAN-20260728-912e8880e361f4545265aa3b,rating_lane_004,live,1,2026-07-29T02:39:19.829961+00:00,9.970490,success
CBSPAN-20260728-3689bdfdf00bc1256a04bcd3,rating_lane_004,live,1,2026-07-29T02:39:19.829963+00:00,10.166686,success
CBSPAN-20260728-bbc8a1752babf4a19253b619,rating_lane_004,live,1,2026-07-29T02:39:19.829964+00:00,10.325815,success
CBSPAN-20260728-f22a28a12c6702d99a7e7943,rating_lane_004,live,1,2026-07-29T02:39:19.829966+00:00,10.503762,success
CBSPAN-20260728-ed592b5f022bf034685a114e,rating_lane_004,live,1,2026-07-29T02:39:19.829967+00:00,10.996083,success
CBSPAN-20260728-00edc54e16ebaaf2d123e38b,rating_lane_004,live,1,2026-07-29T02:39:19.829969+00:00,13.612262,success
CBSPAN-20260728-9536d2a635dd277783f4b5e3,rating_lane_004,live,1,2026-07-29T02:39:19.829970+00:00,13.306174,success
CBSPAN-20260728-cd41d01dc41369fe1c830ecd,rating_lane_004,live,1,2026-07-29T02:39:33.560703+00:00,2.292771,success
CBSPAN-20260728-34404892c7173d7db9969070,rating_lane_004,live,1,2026-07-29T02:39:33.560767+00:00,2.489361,success
CBSPAN-20260728-b4fbf4bd5746d7d404f05a7d,rating_lane_004,live,1,2026-07-29T02:39:33.560777+00:00,2.815252,success
CBSPAN-20260728-0f1c3ff44463a53ba602e9dd,rating_lane_004,live,1,2026-07-29T02:39:33.560785+00:00,2.094994,success
CBSPAN-20260728-fea2f4d85c59da30f2b5a962,rating_lane_004,live,1,2026-07-29T02:39:33.560792+00:00,2.071778,success
CBSPAN-20260728-75cf76690bd68b176bb07307,rating_lane_004,live,1,2026-07-29T02:39:33.560800+00:00,2.399944,success
CBSPAN-20260728-f7b86bd14d11b7b99aad3ee3,rating_lane_004,live,1,2026-07-29T02:39:33.560806+00:00,2.235988,success
CBSPAN-20260728-ba1716b04472911961e07504,rating_lane_004,live,1,2026-07-29T02:39:33.560876+00:00,3.251465,success
CBSPAN-20260728-6d6e8e7f44d7f363c3ca5b69,rating_lane_004,live,1,2026-07-29T02:39:33.560884+00:00,4.198196,success
CBSPAN-20260728-0f04758d0868fd158613c554,rating_lane_004,live,1,2026-07-29T02:39:33.560888+00:00,4.200620,success
CBSPAN-20260728-39ebb6a08b7d2e8637799b2a,rating_lane_004,live,1,2026-07-29T02:39:33.560890+00:00,4.362463,success
CBSPAN-20260728-74bebdd9a03c3206c7b8673e,rating_lane_004,live,1,2026-07-29T02:39:33.560891+00:00,4.241139,success
CBSPAN-20260728-248c7a359f1d9e0e75a7e447,rating_lane_004,live,1,2026-07-29T02:39:33.560893+00:00,5.451942,success
CBSPAN-20260728-a4873a9b563b5179f8956a15,rating_lane_004,live,1,2026-07-29T02:39:33.560894+00:00,4.798786,success
CBSPAN-20260728-89442c39329886c8011a4305,rating_lane_004,live,1,2026-07-29T02:39:33.560896+00:00,5.445958,success
CBSPAN-20260728-4a259fd0bffec512f6c77655,rating_lane_004,live,1,2026-07-29T02:39:33.560898+00:00,6.749505,success
CBSPAN-20260728-0ef9bfe1604f7f49e0a6b742,rating_lane_004,live,1,2026-07-29T02:39:33.560899+00:00,6.627720,success
CBSPAN-20260728-b3caffba8f01d01fdff66d22,rating_lane_004,live,1,2026-07-29T02:39:33.560901+00:00,6.679774,success
CBSPAN-20260728-15d51e75f4e7a26474c92864,rating_lane_004,live,1,2026-07-29T02:39:33.560902+00:00,12.776279,success
CBSPAN-20260728-86250968374ee1ac62cd6e9d,rating_lane_004,live,1,2026-07-29T02:39:33.560903+00:00,6.793607,success
CBSPAN-20260728-db343c632dd3c622a3335c8f,rating_lane_004,live,1,2026-07-29T02:39:33.560905+00:00,6.884711,success
CBSPAN-20260728-1ef313dc4e36e2291a57c23f,rating_lane_004,live,1,2026-07-29T02:39:33.560906+00:00,8.225302,success
CBSPAN-20260728-1336a23af68e07f8274a78ea,rating_lane_004,live,1,2026-07-29T02:39:33.560908+00:00,8.033310,success
CBSPAN-20260728-0c76b84327571c63ab77f728,rating_lane_004,live,1,2026-07-29T02:39:33.560909+00:00,8.805227,success
CBSPAN-20260728-03616b2b76ec790449321d03,rating_lane_004,live,1,2026-07-29T02:39:33.560910+00:00,9.222688,success
CBSPAN-20260728-4ed63dca911c8c2cc242f7ac,rating_lane_004,live,1,2026-07-29T02:39:33.560911+00:00,8.966306,success
CBSPAN-20260728-10c661f7d1be1cc0917e807b,rating_lane_004,live,1,2026-07-29T02:39:33.560913+00:00,9.270399,success
CBSPAN-20260728-27416614e53a9bea954e8c81,rating_lane_004,live,1,2026-07-29T02:39:33.560914+00:00,8.911806,success
CBSPAN-20260728-c59c7c0dbf9d41f4346d7323,rating_lane_004,live,1,2026-07-29T02:39:33.560916+00:00,10.318756,success
CBSPAN-20260728-eeee97bc8f56280c2631b903,rating_lane_004,live,1,2026-07-29T02:39:33.560917+00:00,10.681641,success
CBSPAN-20260728-ddfd1f1a03b8ee0ad320196c,rating_lane_004,live,1,2026-07-29T02:39:33.560918+00:00,11.665488,success
CBSPAN-20260728-82c0df4585bf6e2b33aceb41,rating_lane_004,live,1,2026-07-29T02:39:33.560920+00:00,13.038615,success
CBSPAN-20260728-8c4d6e518353491db01893d3,rating_lane_004,live,1,2026-07-29T02:39:46.703740+00:00,2.445172,success
CBSPAN-20260728-0d6027468fe768b0ca29ce6f,rating_lane_004,live,1,2026-07-29T02:39:46.703856+00:00,2.451502,success
CBSPAN-20260728-7c386d9b59fc7cb881b32918,rating_lane_004,live,1,2026-07-29T02:39:46.703877+00:00,2.993599,success
CBSPAN-20260728-64ac9a6aeb24073633f0ef02,rating_lane_004,live,1,2026-07-29T02:39:46.703892+00:00,3.290340,success
CBSPAN-20260728-f8aeb13e974c49001aaff5c8,rating_lane_004,live,1,2026-07-29T02:39:46.703903+00:00,2.051268,success
CBSPAN-20260728-70c16636bfb1ff9708da2373,rating_lane_004,live,1,2026-07-29T02:39:46.703915+00:00,2.206836,success
CBSPAN-20260728-82376878847794e4eb23d6a1,rating_lane_004,live,1,2026-07-29T02:39:46.703923+00:00,2.303717,success
CBSPAN-20260728-b421fd51cc50a3e9d7414e97,rating_lane_004,live,1,2026-07-29T02:39:46.704009+00:00,2.277691,success
CBSPAN-20260728-4c96c9becf9ec437faab10ed,rating_lane_004,live,1,2026-07-29T02:39:46.704017+00:00,4.465882,success
CBSPAN-20260728-97331b9909fe444b78c0f691,rating_lane_004,live,1,2026-07-29T02:39:46.704024+00:00,4.799961,success
CBSPAN-20260728-8fe8dc43bb9dde554ecfc78c,rating_lane_004,live,1,2026-07-29T02:39:46.704026+00:00,4.561883,success
CBSPAN-20260728-b8aa949c38a16fb0008287cd,rating_lane_004,live,1,2026-07-29T02:39:46.704028+00:00,5.638579,success
CBSPAN-20260728-10c00f1ee6c7af7cb050183c,rating_lane_004,live,1,2026-07-29T02:39:46.704029+00:00,5.601147,success
CBSPAN-20260728-3c4ca368eb6cef74575922b0,rating_lane_004,live,1,2026-07-29T02:39:46.704031+00:00,5.337540,success
CBSPAN-20260728-9047224c8e01dd7e04dae554,rating_lane_004,live,1,2026-07-29T02:39:46.704032+00:00,5.290128,success
CBSPAN-20260728-b2908512d306654e00abce30,rating_lane_004,live,1,2026-07-29T02:39:46.704034+00:00,5.601196,success
CBSPAN-20260728-99f9196353b06e60b15b5ad3,rating_lane_004,live,1,2026-07-29T02:39:46.704035+00:00,7.022136,success
CBSPAN-20260728-1407662c1dfe7e63df067fa2,rating_lane_004,live,1,2026-07-29T02:39:46.704037+00:00,6.617692,success
CBSPAN-20260728-d9c284bbcd4f7c8d04d9ccf3,rating_lane_004,live,1,2026-07-29T02:39:46.704038+00:00,7.086393,success
CBSPAN-20260728-44fc000fb7624d28d0353401,rating_lane_004,live,1,2026-07-29T02:39:46.704039+00:00,8.845092,success
CBSPAN-20260728-aa75812c94d124ebd632f892,rating_lane_004,live,1,2026-07-29T02:39:46.704041+00:00,7.663509,success
CBSPAN-20260728-4a879c5b21dc53309a2cd4f5,rating_lane_004,live,1,2026-07-29T02:39:46.704042+00:00,9.138255,success
CBSPAN-20260728-1d8088994a747995aedb1344,rating_lane_004,live,1,2026-07-29T02:39:46.704044+00:00,7.821812,success
CBSPAN-20260728-b1376c93a838bb6505c311bb,rating_lane_004,live,1,2026-07-29T02:39:46.704045+00:00,7.910373,success
CBSPAN-20260728-aa2ced7348dbf64ad504798e,rating_lane_004,live,1,2026-07-29T02:39:46.704047+00:00,9.413080,success
CBSPAN-20260728-e7edde544e77bf6ed077b51d,rating_lane_004,live,1,2026-07-29T02:39:46.704049+00:00,9.563624,success
CBSPAN-20260728-d3858647d917fc6cb074718c,rating_lane_004,live,1,2026-07-29T02:39:46.704050+00:00,10.081436,success
CBSPAN-20260728-d739c5e624acf7de00b806f2,rating_lane_004,live,1,2026-07-29T02:39:46.704052+00:00,10.125154,success
CBSPAN-20260728-04d8fe8f8f5262531dfa9b62,rating_lane_004,live,1,2026-07-29T02:39:46.704053+00:00,11.382991,success
CBSPAN-20260728-26a3a8307197dd6c395e73e4,rating_lane_004,live,1,2026-07-29T02:39:46.704054+00:00,11.605625,success
CBSPAN-20260728-86c18d5e14a54dd4efce63de,rating_lane_004,live,1,2026-07-29T02:39:46.704056+00:00,11.797806,success
CBSPAN-20260728-fa2fcb6ff3d69d9571d7ca8a,rating_lane_004,live,1,2026-07-29T02:39:46.704057+00:00,11.384053,success
CBSPAN-20260728-c5879eeb3109dbbdcd1085d7,rating_lane_004,live,1,2026-07-29T02:39:58.611313+00:00,2.107903,success
CBSPAN-20260728-5780e36e016ffbe41cbdeef2,rating_lane_004,live,1,2026-07-29T02:39:58.611411+00:00,2.839076,success
CBSPAN-20260728-9c99ce05ced2cd004b71d04d,rating_lane_004,live,1,2026-07-29T02:39:58.611422+00:00,3.031946,success
CBSPAN-20260728-99977fc268b88b298e0e8c30,rating_lane_004,live,1,2026-07-29T02:39:58.611432+00:00,2.409547,success
CBSPAN-20260728-b2bf4f9e7adce2b22dbd58b3,rating_lane_004,live,1,2026-07-29T02:39:58.611443+00:00,4.777865,success
CBSPAN-20260728-19eee032fda926afc2aeb5a8,rating_lane_004,live,1,2026-07-29T02:39:58.611451+00:00,4.441947,success
CBSPAN-20260728-8785f2eeca04bf45aa22c7dc,rating_lane_004,live,1,2026-07-29T02:39:58.611458+00:00,2.423448,success
CBSPAN-20260728-0ecf61672af2ac914701688c,rating_lane_004,live,1,2026-07-29T02:39:58.611543+00:00,2.185538,success
CBSPAN-20260728-5fc734e40b92a7e350d01713,rating_lane_004,live,1,2026-07-29T02:39:58.611551+00:00,4.814012,success
CBSPAN-20260728-e904101b4bebe17fb884babf,rating_lane_004,live,1,2026-07-29T02:39:58.611555+00:00,5.319267,success
CBSPAN-20260728-840a3b0536a283ff5dc96664,rating_lane_004,live,1,2026-07-29T02:39:58.611557+00:00,4.305122,success
CBSPAN-20260728-d6090e940a5bdc706fb55af1,rating_lane_004,live,1,2026-07-29T02:39:58.611558+00:00,5.307488,success
CBSPAN-20260728-6f15e1df0d61ef7242a3ad42,rating_lane_004,live,1,2026-07-29T02:39:58.611560+00:00,4.937200,success
CBSPAN-20260728-31c24fa33e201def835a34c5,rating_lane_004,live,1,2026-07-29T02:39:58.611561+00:00,6.242655,success
CBSPAN-20260728-80749f9e0bededdd9fe648eb,rating_lane_004,live,1,2026-07-29T02:39:58.611563+00:00,6.573372,success
CBSPAN-20260728-05f2039499a4a61b054785e3,rating_lane_004,live,1,2026-07-29T02:39:58.611564+00:00,7.299026,success
CBSPAN-20260728-f481f1ae8e8226316932ce73,rating_lane_004,live,1,2026-07-29T02:39:58.611565+00:00,6.685808,success
CBSPAN-20260728-72fd4fa86f9ba0648f399210,rating_lane_004,live,1,2026-07-29T02:39:58.611567+00:00,6.993126,success
CBSPAN-20260728-85819ff7b2f8bb35ff54c96f,rating_lane_004,live,1,2026-07-29T02:39:58.611568+00:00,7.187556,success
CBSPAN-20260728-11a5164e38386401fbbb2ad8,rating_lane_004,live,1,2026-07-29T02:39:58.611569+00:00,9.518807,success
CBSPAN-20260728-69ece5a3c6602019c0f2fa6e,rating_lane_004,live,1,2026-07-29T02:39:58.611570+00:00,8.149826,success
CBSPAN-20260728-5884a48cd0961cf3da1613b3,rating_lane_004,live,1,2026-07-29T02:39:58.611572+00:00,9.444358,success
CBSPAN-20260728-caf98ed62b4251100d3a4ec9,rating_lane_004,live,1,2026-07-29T02:39:58.611573+00:00,11.939618,success
CBSPAN-20260728-df3872d41baa0c9b7ba29dda,rating_lane_004,live,1,2026-07-29T02:39:58.611575+00:00,9.653628,success
CBSPAN-20260728-f8779504f03df4f4736f33ac,rating_lane_004,live,1,2026-07-29T02:39:58.611576+00:00,9.355384,success
CBSPAN-20260728-067d9ac3519a8ad1dbae9bc6,rating_lane_004,live,1,2026-07-29T02:39:58.611577+00:00,10.822628,success
CBSPAN-20260728-ee10f263488f306463806269,rating_lane_004,live,1,2026-07-29T02:39:58.611578+00:00,10.003138,success
CBSPAN-20260728-e9c7918b1480fc5ae4ef82a4,rating_lane_004,live,1,2026-07-29T02:39:58.611579+00:00,11.340420,success
CBSPAN-20260728-c3cb062cb3f9872486a66600,rating_lane_004,live,1,2026-07-29T02:39:58.611581+00:00,11.425034,success
CBSPAN-20260728-d39301792055dc9d890a8a0f,rating_lane_004,live,1,2026-07-29T02:39:58.611582+00:00,12.249809,success
CBSPAN-20260728-55994e2e11f012cd94795c18,rating_lane_004,live,1,2026-07-29T02:39:58.611583+00:00,11.983842,success
CBSPAN-20260728-dab6c7d347174dc9e2efe061,rating_lane_004,live,1,2026-07-29T02:39:58.611585+00:00,11.779171,success
CBSPAN-20260728-04020612bbbac455e104acd9,rating_lane_004,live,1,2026-07-29T02:40:10.987240+00:00,2.740790,success
CBSPAN-20260728-8aad163ac2159857ac896383,rating_lane_004,live,1,2026-07-29T02:40:10.987276+00:00,1.977932,success
CBSPAN-20260728-a2c1c18afd4dab5a50d16026,rating_lane_004,live,1,2026-07-29T02:40:10.987287+00:00,4.673311,success
CBSPAN-20260728-29d801d462972e970a20337a,rating_lane_004,live,1,2026-07-29T02:40:10.987295+00:00,2.647351,success
CBSPAN-20260728-99c6e83652eb138875582a05,rating_lane_004,live,1,2026-07-29T02:40:10.987303+00:00,6.705394,success
CBSPAN-20260728-22348c4e7a97c5549b68a03c,rating_lane_004,live,1,2026-07-29T02:40:10.987309+00:00,2.315555,success
CBSPAN-20260728-0ff25baf0e3420914c3f7d85,rating_lane_004,live,1,2026-07-29T02:40:10.987316+00:00,2.232393,success
CBSPAN-20260728-6148205d3819a33474ce4dac,rating_lane_004,live,1,2026-07-29T02:40:10.987382+00:00,3.146181,success
CBSPAN-20260728-8608e3ed59eda5c5101bf1d8,rating_lane_004,live,1,2026-07-29T02:40:10.987391+00:00,4.577597,success
CBSPAN-20260728-080dae5ae055a384573e6d45,rating_lane_004,live,1,2026-07-29T02:40:10.987395+00:00,5.974631,success
CBSPAN-20260728-6a34bc089bec133cdd2bcaaa,rating_lane_004,live,1,2026-07-29T02:40:10.987397+00:00,5.545677,success
CBSPAN-20260728-92785f8c32fc4ce2f148fa40,rating_lane_004,live,1,2026-07-29T02:40:10.987399+00:00,15.338514,success
CBSPAN-20260728-1c59d5ac786e08e169e21267,rating_lane_004,live,1,2026-07-29T02:40:10.987401+00:00,5.510810,success
CBSPAN-20260728-3ec694c7ea8ea4dde246addf,rating_lane_004,live,1,2026-07-29T02:40:10.987402+00:00,6.250375,success
CBSPAN-20260728-4d525a91ed7d2cd16ace7a5e,rating_lane_004,live,1,2026-07-29T02:40:10.987404+00:00,7.278487,success
CBSPAN-20260728-f2df6b4b41995b18bf68a0d1,rating_lane_004,live,1,2026-07-29T02:40:10.987406+00:00,6.877266,success
CBSPAN-20260728-8da4c2430a1d6aa8046ff7a6,rating_lane_004,live,1,2026-07-29T02:40:10.987407+00:00,8.535775,success
CBSPAN-20260728-cfcb5766efbc3032e8401e64,rating_lane_004,live,1,2026-07-29T02:40:10.987409+00:00,7.733642,success
CBSPAN-20260728-0504ae2612a3d616395f5086,rating_lane_004,live,1,2026-07-29T02:40:10.987410+00:00,8.099244,success
CBSPAN-20260728-991c71fc473e0b3236808f6a,rating_lane_004,live,1,2026-07-29T02:40:10.987412+00:00,9.712775,success
CBSPAN-20260728-a238906fd991f4d5a21fe9b6,rating_lane_004,live,1,2026-07-29T02:40:10.987414+00:00,9.238168,success
CBSPAN-20260728-0c74ba7f7983a24322bf735d,rating_lane_004,live,1,2026-07-29T02:40:10.987415+00:00,10.441546,success
CBSPAN-20260728-22f21bc15978555e97bfa97d,rating_lane_004,live,1,2026-07-29T02:40:10.987417+00:00,11.066082,success
CBSPAN-20260728-6b403e042b1b8b4f5724e623,rating_lane_004,live,1,2026-07-29T02:40:10.987419+00:00,12.774599,success
CBSPAN-20260728-46e9b392336af1cde7a0a67c,rating_lane_004,live,1,2026-07-29T02:40:10.987420+00:00,10.522094,success
CBSPAN-20260728-dc27fb822a4d770944e9ba8d,rating_lane_004,live,1,2026-07-29T02:40:10.987421+00:00,10.756813,success
CBSPAN-20260728-42dfe7e05b900e4e1c663e9b,rating_lane_004,live,1,2026-07-29T02:40:10.987423+00:00,12.421081,success
CBSPAN-20260728-5d61aa46693983ef85a9a161,rating_lane_004,live,1,2026-07-29T02:40:10.987425+00:00,12.027452,success
CBSPAN-20260728-b0a9a7554cedc331f9d080d4,rating_lane_004,live,1,2026-07-29T02:40:10.987426+00:00,13.108964,success
CBSPAN-20260728-8a846fd78bf6b68f0d0de13d,rating_lane_004,live,1,2026-07-29T02:40:10.987427+00:00,13.838061,success
CBSPAN-20260728-21913f111039b4231f65573a,rating_lane_004,live,1,2026-07-29T02:40:10.987429+00:00,14.051441,success
CBSPAN-20260728-e50c1b48057634d0bc7f0c0a,rating_lane_004,live,1,2026-07-29T02:40:10.987430+00:00,14.770142,success
CBSPAN-20260728-91e852023f227b5d13619e7b,rating_lane_004,live,1,2026-07-29T02:40:26.436401+00:00,2.656848,success
CBSPAN-20260728-8e88dd407b135eefa51c21da,rating_lane_004,live,1,2026-07-29T02:40:26.436476+00:00,3.415802,success
CBSPAN-20260728-615a039d7fcdb1214da32698,rating_lane_004,live,1,2026-07-29T02:40:26.436486+00:00,3.080867,success
CBSPAN-20260728-ab2c8ac83c1c3f6516f71bdd,rating_lane_004,live,1,2026-07-29T02:40:26.436493+00:00,2.680702,success
CBSPAN-20260728-5c8d1c6d3337b11ade72c722,rating_lane_004,live,1,2026-07-29T02:40:26.436499+00:00,2.436266,success
CBSPAN-20260728-542764c57b2fd84083dafc89,rating_lane_004,live,1,2026-07-29T02:40:26.436505+00:00,2.772753,success
CBSPAN-20260728-af713d09496c018d3c075438,rating_lane_004,live,1,2026-07-29T02:40:26.436511+00:00,2.371779,success
CBSPAN-20260728-f80b7149a6a220d451cb53f0,rating_lane_004,live,1,2026-07-29T02:40:26.436567+00:00,2.816863,success
CBSPAN-20260728-e768f653dfee36b2f8c77042,rating_lane_004,live,1,2026-07-29T02:40:26.436572+00:00,5.056015,success
CBSPAN-20260728-e4dd7a41b680e45a9769581c,rating_lane_004,live,1,2026-07-29T02:40:26.436576+00:00,5.136521,success
CBSPAN-20260728-1a44e4085762ebd2ccbc8972,rating_lane_004,live,1,2026-07-29T02:40:26.436577+00:00,6.116827,success
CBSPAN-20260728-0ce4b4bab00b1ae359611532,rating_lane_004,live,1,2026-07-29T02:40:26.436579+00:00,5.355320,success
CBSPAN-20260728-fea9162717063f2636b966d6,rating_lane_004,live,1,2026-07-29T02:40:26.436580+00:00,6.098570,success
CBSPAN-20260728-eddbe7a3c572709460d2ebc8,rating_lane_004,live,1,2026-07-29T02:40:26.436581+00:00,6.236636,success
CBSPAN-20260728-becb85e316b23357cbcd0ff6,rating_lane_004,live,1,2026-07-29T02:40:26.436583+00:00,6.232293,success
CBSPAN-20260728-34cb05aae803de28a61b3b9c,rating_lane_004,live,1,2026-07-29T02:40:26.436584+00:00,7.821785,success
CBSPAN-20260728-4d45f13655d2ccbdb7ff52de,rating_lane_004,live,1,2026-07-29T02:40:26.436585+00:00,7.008565,success
CBSPAN-20260728-7dfb48cec548e639c9403ea2,rating_lane_004,live,1,2026-07-29T02:40:26.436586+00:00,6.980919,success
CBSPAN-20260728-1dc4a99383183e68cf65fb30,rating_lane_004,live,1,2026-07-29T02:40:26.436588+00:00,7.822000,success
CBSPAN-20260728-efe783e1a4a0b226794269ba,rating_lane_004,live,1,2026-07-29T02:40:26.436589+00:00,8.869403,success
CBSPAN-20260728-a407bb7ee1a3907a30c229fc,rating_lane_004,live,1,2026-07-29T02:40:26.436591+00:00,8.927211,success
CBSPAN-20260728-90acbe142b2a5841f43df695,rating_lane_004,live,1,2026-07-29T02:40:26.436592+00:00,8.923723,success
CBSPAN-20260728-39a3e0c7f47cc2eb0436ef8a,rating_lane_004,live,1,2026-07-29T02:40:26.436594+00:00,8.866230,success
CBSPAN-20260728-a3b7a8558921b826b277e7bd,rating_lane_004,live,1,2026-07-29T02:40:26.436596+00:00,9.920579,success
CBSPAN-20260728-55bcc2556cb99216e2a883ca,rating_lane_004,live,1,2026-07-29T02:40:26.436597+00:00,9.391315,success
CBSPAN-20260728-97450ed188e914555491f272,rating_lane_004,live,1,2026-07-29T02:40:26.436599+00:00,10.437971,success
CBSPAN-20260728-8c1c8a63dd7f22abf0271b6b,rating_lane_004,live,1,2026-07-29T02:40:26.436600+00:00,10.965456,success
CBSPAN-20260728-a2fb44edd389466c869a3a8b,rating_lane_004,live,1,2026-07-29T02:40:26.436602+00:00,11.566123,success
CBSPAN-20260728-238126d479e1a8a02fae4f38,rating_lane_004,live,1,2026-07-29T02:40:26.436603+00:00,11.097075,success
CBSPAN-20260728-e49c1ebd398aa9763af5f2e3,rating_lane_004,live,1,2026-07-29T02:40:26.436605+00:00,10.965602,success
CBSPAN-20260728-01742f1b2bed79556a054b1f,rating_lane_004,live,1,2026-07-29T02:40:26.436606+00:00,12.536522,success
CBSPAN-20260728-f895e6509ea56f126aff7296,rating_lane_004,live,1,2026-07-29T02:40:26.436607+00:00,11.514746,success
CBSPAN-20260728-becb85e316b23357cbcd0ff6,rating_lane_004,live,2,2026-07-29T02:40:38.987022+00:00,3.280580,success
CBSPAN-20260728-1a229e31dbb933488a656aac,rating_lane_004,live,1,2026-07-29T02:40:42.385374+00:00,2.573891,success
CBSPAN-20260728-c74b36b7087a313facdfc001,rating_lane_004,live,1,2026-07-29T02:40:42.385460+00:00,2.759381,success
CBSPAN-20260728-5c6341cf95e96ab6c816ce2e,rating_lane_004,live,1,2026-07-29T02:40:42.385486+00:00,4.256642,success
CBSPAN-20260728-0219a75986fd11f5af7602b9,rating_lane_004,live,1,2026-07-29T02:40:42.385607+00:00,2.519732,success
CBSPAN-20260728-f3bdd4ff9cd1e278a94161fb,rating_lane_004,live,1,2026-07-29T02:40:42.385614+00:00,3.083149,success
CBSPAN-20260728-860ac641838387edbe1e571e,rating_lane_004,live,1,2026-07-29T02:40:42.385627+00:00,2.911782,success
CBSPAN-20260728-ed72761020ba843da74d423a,rating_lane_004,live,1,2026-07-29T02:40:42.385635+00:00,3.234279,success
CBSPAN-20260728-ea442cb89becbed455b36156,rating_lane_004,live,1,2026-07-29T02:40:42.385646+00:00,3.808038,success
CBSPAN-20260728-9aac8e9507818ef52de0cf68,rating_lane_004,live,1,2026-07-29T02:40:42.385655+00:00,4.824060,success
CBSPAN-20260728-4da31e3924efa5f14100e9fe,rating_lane_004,live,1,2026-07-29T02:40:42.385660+00:00,4.781920,success
CBSPAN-20260728-0232924a235b7d66868d5509,rating_lane_004,live,1,2026-07-29T02:40:42.385662+00:00,5.073919,success
CBSPAN-20260728-c5dc3b51e97a34a96f32f234,rating_lane_004,live,1,2026-07-29T02:40:42.385664+00:00,5.306746,success
CBSPAN-20260728-e244f8a0ea4db3459e605a2c,rating_lane_004,live,1,2026-07-29T02:40:42.385666+00:00,5.834412,success
CBSPAN-20260728-0422258c578e89528291c249,rating_lane_004,live,1,2026-07-29T02:40:42.385667+00:00,5.834340,success
CBSPAN-20260728-f83aabd7dd5ab9169fe5ae95,rating_lane_004,live,1,2026-07-29T02:40:42.385669+00:00,5.834454,success
CBSPAN-20260728-13f4efc6f7b144b62e10e268,rating_lane_004,live,1,2026-07-29T02:40:42.385670+00:00,6.664050,success
CBSPAN-20260728-7440cd3274ef5a1284170223,rating_lane_004,live,1,2026-07-29T02:40:42.385671+00:00,7.104124,success
CBSPAN-20260728-d94d80c962a4d0a8b0896c3f,rating_lane_004,live,1,2026-07-29T02:40:42.385673+00:00,7.490669,success
CBSPAN-20260728-1e61b77f38f9a1f1de83632a,rating_lane_004,live,1,2026-07-29T02:40:42.385674+00:00,7.605140,success
CBSPAN-20260728-dae48077ad859bd7b05b543f,rating_lane_004,live,1,2026-07-29T02:40:42.385676+00:00,8.662094,success
CBSPAN-20260728-802d01252142c2ebabbabe7a,rating_lane_004,live,1,2026-07-29T02:40:42.385677+00:00,8.509180,success
CBSPAN-20260728-528ea31b49f1f51624629851,rating_lane_004,live,1,2026-07-29T02:40:42.385678+00:00,8.022500,success
CBSPAN-20260728-31d4851e99d6fa7fb0eab1ba,rating_lane_004,live,1,2026-07-29T02:40:42.385679+00:00,8.022336,success
CBSPAN-20260728-ee6e5df080941f56be15fa6e,rating_lane_004,live,1,2026-07-29T02:40:42.385681+00:00,9.630024,success
CBSPAN-20260728-90ea55b9f21bbe052a746357,rating_lane_004,live,1,2026-07-29T02:40:42.385682+00:00,9.726943,success
CBSPAN-20260728-995f58d8fc972660d6630ec7,rating_lane_004,live,1,2026-07-29T02:40:42.385683+00:00,10.067201,success
CBSPAN-20260728-a27344ce9905827a854c4bad,rating_lane_004,live,1,2026-07-29T02:40:42.385684+00:00,10.347976,success
CBSPAN-20260728-b00a6e1696148b865f413108,rating_lane_004,live,1,2026-07-29T02:40:42.385685+00:00,10.549092,success
CBSPAN-20260728-043accac0077d4cdc1f8b017,rating_lane_004,live,1,2026-07-29T02:40:42.385686+00:00,10.753877,success
CBSPAN-20260728-19de4716af202517cc8f3eb3,rating_lane_004,live,1,2026-07-29T02:40:42.385688+00:00,11.073882,success
CBSPAN-20260728-a91099c7cc1c2b0c4f46aa9c,rating_lane_004,live,1,2026-07-29T02:40:42.385689+00:00,12.392901,success
CBSPAN-20260728-31cc2779234a4a5d395bd86c,rating_lane_004,live,1,2026-07-29T02:40:42.385690+00:00,13.172565,success
CBSPAN-20260728-860ac641838387edbe1e571e,rating_lane_004,live,2,2026-07-29T02:40:55.573920+00:00,2.927497,success
CBSPAN-20260728-9f0680f5f71cd7508e477225,rating_lane_004,live,1,2026-07-29T02:40:58.580602+00:00,2.034396,success
CBSPAN-20260728-dec8c9d58e9ef8e5605240d3,rating_lane_004,live,1,2026-07-29T02:40:58.580635+00:00,3.793633,success
CBSPAN-20260728-8abdb27337bef66965fe1176,rating_lane_004,live,1,2026-07-29T02:40:58.580644+00:00,2.813709,success
CBSPAN-20260728-c3907496e0743dec0244d461,rating_lane_004,live,1,2026-07-29T02:40:58.580701+00:00,2.813954,success
CBSPAN-20260728-3bd372dd6e168002d6ab9890,rating_lane_004,live,1,2026-07-29T02:40:58.580707+00:00,2.936783,success
CBSPAN-20260728-c7211633b432c89c78146a77,rating_lane_004,live,1,2026-07-29T02:40:58.580713+00:00,3.270248,success
CBSPAN-20260728-3ef430e504ae372b214d46db,rating_lane_004,live,1,2026-07-29T02:40:58.580718+00:00,2.427872,success
CBSPAN-20260728-232e7c3e6b120217976f7988,rating_lane_004,live,1,2026-07-29T02:40:58.580725+00:00,3.496314,success
CBSPAN-20260728-fa86da600e74200b40531c04,rating_lane_004,live,1,2026-07-29T02:40:58.580730+00:00,4.910767,success
CBSPAN-20260728-ed36e4e5b3eac01e008038eb,rating_lane_004,live,1,2026-07-29T02:40:58.580733+00:00,5.125051,success
CBSPAN-20260728-c714159a115d27fedd1ef1b6,rating_lane_004,live,1,2026-07-29T02:40:58.580735+00:00,5.100566,success
CBSPAN-20260728-1cb06241c9d6d2e691157c9d,rating_lane_004,live,1,2026-07-29T02:40:58.580736+00:00,4.910710,success
CBSPAN-20260728-1fdba421f436f1e4d254b4cc,rating_lane_004,live,1,2026-07-29T02:40:58.580737+00:00,5.433464,success
CBSPAN-20260728-4c0862ef8d07c8588656ae5a,rating_lane_004,live,1,2026-07-29T02:40:58.580739+00:00,5.629089,success
CBSPAN-20260728-9b3cb83e6378ffbe03422212,rating_lane_004,live,1,2026-07-29T02:40:58.580740+00:00,7.077527,success
CBSPAN-20260728-15a81098509815d6c5146cbd,rating_lane_004,live,1,2026-07-29T02:40:58.580741+00:00,6.029563,success
CBSPAN-20260728-11ff674421ee62cdd5397791,rating_lane_004,live,1,2026-07-29T02:40:58.580743+00:00,7.993663,success
CBSPAN-20260728-20e777fda5a9ec040b818d97,rating_lane_004,live,1,2026-07-29T02:40:58.580744+00:00,7.285930,success
CBSPAN-20260728-bbf17e7bc6cdd7ea8a4cce55,rating_lane_004,live,1,2026-07-29T02:40:58.580745+00:00,7.283602,success
CBSPAN-20260728-7c98c5e8ea86dc67c31cad4c,rating_lane_004,live,1,2026-07-29T02:40:58.580747+00:00,7.465260,success
CBSPAN-20260728-c144003cc0ed47f09020326c,rating_lane_004,live,1,2026-07-29T02:40:58.580748+00:00,9.076693,success
CBSPAN-20260728-514dcf84f3ed948b2b863587,rating_lane_004,live,1,2026-07-29T02:40:58.580749+00:00,9.038263,success
CBSPAN-20260728-f77bcb9dfdc28d867bb1add2,rating_lane_004,live,1,2026-07-29T02:40:58.580751+00:00,7.993605,success
CBSPAN-20260728-d6ce2a3c6e2b818978755e22,rating_lane_004,live,1,2026-07-29T02:40:58.580752+00:00,9.582961,success
CBSPAN-20260728-3bc3a9beca39889844564f44,rating_lane_004,live,1,2026-07-29T02:40:58.580753+00:00,10.179228,success
CBSPAN-20260728-0114369c3af1ca849f6d8248,rating_lane_004,live,1,2026-07-29T02:40:58.580755+00:00,9.560470,success
CBSPAN-20260728-8798e4c8037663ce4822ba4e,rating_lane_004,live,1,2026-07-29T02:40:58.580756+00:00,16.448655,success
CBSPAN-20260728-cf05bd812a3189925c366c85,rating_lane_004,live,1,2026-07-29T02:40:58.580758+00:00,10.960188,success
CBSPAN-20260728-715856f3f008c5ee58b2314d,rating_lane_004,live,1,2026-07-29T02:40:58.580759+00:00,10.476819,success
CBSPAN-20260728-bfdfc9e7ad18869029ba598b,rating_lane_004,live,1,2026-07-29T02:40:58.580760+00:00,11.137158,success
CBSPAN-20260728-35dda2b33c9b44b2909cc742,rating_lane_004,live,1,2026-07-29T02:40:58.580761+00:00,11.657625,success
CBSPAN-20260728-97701d30ade4cce807f2e751,rating_lane_004,live,1,2026-07-29T02:40:58.580763+00:00,12.312581,success
CBSPAN-20260728-8abdb27337bef66965fe1176,rating_lane_004,live,2,2026-07-29T02:41:15.044966+00:00,5.049733,success
CBSPAN-20260728-3ac8414cb4deb739b1a1c4b8,rating_lane_004,live,1,2026-07-29T02:41:20.209698+00:00,1.955450,success
CBSPAN-20260728-5e8c7e7a0e1610799c4c65e6,rating_lane_004,live,1,2026-07-29T02:41:20.209770+00:00,2.432299,success
CBSPAN-20260728-e19156552a0c773a8f4d6bef,rating_lane_004,live,1,2026-07-29T02:41:20.209785+00:00,2.088030,success
CBSPAN-20260728-33df7f36426089435a474b5b,rating_lane_004,live,1,2026-07-29T02:41:20.209893+00:00,2.088137,success
CBSPAN-20260728-0a077a4165ba027402e61caf,rating_lane_004,live,1,2026-07-29T02:41:20.209902+00:00,2.611729,success
CBSPAN-20260728-b45caa943cba5d02bd0e8839,rating_lane_004,live,1,2026-07-29T02:41:20.209909+00:00,3.506718,success
CBSPAN-20260728-9e22131fa5a62acd465708db,rating_lane_004,live,1,2026-07-29T02:41:20.209918+00:00,2.734238,success
CBSPAN-20260728-13cfc06141844011f67b2bad,rating_lane_004,live,1,2026-07-29T02:41:20.209925+00:00,2.723120,success
CBSPAN-20260728-d62c0c784360d5da5c9ac0f7,rating_lane_004,live,1,2026-07-29T02:41:20.209934+00:00,4.499086,success
CBSPAN-20260728-f299a3c6dc81df2231bc730c,rating_lane_004,live,1,2026-07-29T02:41:20.209939+00:00,4.223944,success
CBSPAN-20260728-a432509ac457049c982ef7ad,rating_lane_004,live,1,2026-07-29T02:41:20.209941+00:00,4.312294,success
CBSPAN-20260728-a75caebe8f99462c48352be6,rating_lane_004,live,1,2026-07-29T02:41:20.209943+00:00,4.949309,success
CBSPAN-20260728-4266419eaab1d595a1204f04,rating_lane_004,live,1,2026-07-29T02:41:20.209944+00:00,4.886209,success
CBSPAN-20260728-dd7b6350b9a451495e958bb7,rating_lane_004,live,1,2026-07-29T02:41:20.209946+00:00,5.231186,success
CBSPAN-20260728-a84c2929bcb5d7cf4a9cd1f8,rating_lane_004,live,1,2026-07-29T02:41:20.209948+00:00,6.338223,success
CBSPAN-20260728-5c08694558184e82c863419e,rating_lane_004,live,1,2026-07-29T02:41:20.209949+00:00,6.078400,success
CBSPAN-20260728-3eadf42bdbf8ef44ff7b48b9,rating_lane_004,live,1,2026-07-29T02:41:20.209951+00:00,9.512483,success
CBSPAN-20260728-bfe2fcde5b350a1d652ee0af,rating_lane_004,live,1,2026-07-29T02:41:20.209953+00:00,6.913193,success
CBSPAN-20260728-7b7e889cb3f7636e9aa5478c,rating_lane_004,live,1,2026-07-29T02:41:20.209954+00:00,7.856175,success
CBSPAN-20260728-afb80c3f5f7f200833b80a48,rating_lane_004,live,1,2026-07-29T02:41:20.209956+00:00,8.560068,success
CBSPAN-20260728-3c45ca388998b388bf47cd13,rating_lane_004,live,1,2026-07-29T02:41:20.209957+00:00,7.592228,success
CBSPAN-20260728-ba615294aa8735f583f6f081,rating_lane_004,live,1,2026-07-29T02:41:20.209958+00:00,8.377458,success
CBSPAN-20260728-0ce64236a8edac26d5b33614,rating_lane_004,live,1,2026-07-29T02:41:20.209960+00:00,8.162099,success
CBSPAN-20260728-f97d0a5dca0c9989c79fcff0,rating_lane_004,live,1,2026-07-29T02:41:20.209962+00:00,8.902910,success
CBSPAN-20260728-aa513555f76cedac67028ecb,rating_lane_004,live,1,2026-07-29T02:41:20.209963+00:00,11.817098,success
CBSPAN-20260728-a5f788ed46b6521c705578a2,rating_lane_004,live,1,2026-07-29T02:41:20.209965+00:00,10.075379,success
CBSPAN-20260728-b09e7ffa94ea8feae52b62ef,rating_lane_004,live,1,2026-07-29T02:41:20.209966+00:00,10.124962,success
CBSPAN-20260728-696fcb742b543b2e977e512b,rating_lane_004,live,1,2026-07-29T02:41:20.209967+00:00,10.876210,success
CBSPAN-20260728-8a98a88ad45343473723728a,rating_lane_004,live,1,2026-07-29T02:41:20.209969+00:00,11.226987,success
CBSPAN-20260728-2670aa8002723d2c74ab484b,rating_lane_004,live,1,2026-07-29T02:41:20.209971+00:00,11.249411,success
CBSPAN-20260728-d4cd62ce07938f7e3b19202c,rating_lane_004,live,1,2026-07-29T02:41:20.209972+00:00,13.263231,success
CBSPAN-20260728-1205af5007fbbac794e59702,rating_lane_004,live,1,2026-07-29T02:41:20.209974+00:00,11.944513,success
CBSPAN-20260728-40de2276b5f647a24b05759d,rating_lane_004,live,1,2026-07-29T02:41:33.589859+00:00,4.099905,success
CBSPAN-20260728-7459f440679f9c311f659652,rating_lane_004,live,1,2026-07-29T02:41:33.589931+00:00,2.548340,success
CBSPAN-20260728-5d8f06b5944d5c0d64290fdb,rating_lane_004,live,1,2026-07-29T02:41:33.589940+00:00,2.766016,success
CBSPAN-20260728-3a8dcf784961284953792da9,rating_lane_004,live,1,2026-07-29T02:41:33.589947+00:00,2.383937,success
CBSPAN-20260728-19706f067e8c2fcf53bfb946,rating_lane_004,live,1,2026-07-29T02:41:33.589954+00:00,2.414190,success
CBSPAN-20260728-b272d73c7b603c71f10e3a70,rating_lane_004,live,1,2026-07-29T02:41:33.589961+00:00,2.859371,success
CBSPAN-20260728-8f27720f3baf7891ca6b9f3b,rating_lane_004,live,1,2026-07-29T02:41:33.589967+00:00,2.472490,success
CBSPAN-20260728-6f275063260c41d3eec0af49,rating_lane_004,live,1,2026-07-29T02:41:33.590027+00:00,2.335315,success
CBSPAN-20260728-4907731be6efbf50c8ad3bd4,rating_lane_004,live,1,2026-07-29T02:41:33.590034+00:00,4.959605,success
CBSPAN-20260728-89defc717cc0bb4d66955b42,rating_lane_004,live,1,2026-07-29T02:41:33.590038+00:00,5.189815,success
CBSPAN-20260728-a4d13a0f99e2c8be0dce953b,rating_lane_004,live,1,2026-07-29T02:41:33.590040+00:00,5.786014,success
CBSPAN-20260728-b701b94e4876998ae82a636b,rating_lane_004,live,1,2026-07-29T02:41:33.590041+00:00,5.750369,success
CBSPAN-20260728-24a78e7a6b9bfe6f9b158be4,rating_lane_004,live,1,2026-07-29T02:41:33.590042+00:00,5.165213,success
CBSPAN-20260728-6f76535974a9e3b4269d19d2,rating_lane_004,live,1,2026-07-29T02:41:33.590044+00:00,5.590200,success
CBSPAN-20260728-fddc04cd8b224c7ebd933cfa,rating_lane_004,live,1,2026-07-29T02:41:33.590045+00:00,4.959738,success
CBSPAN-20260728-a737786106dd85ebcd11d5fc,rating_lane_004,live,1,2026-07-29T02:41:33.590047+00:00,6.181034,success
CBSPAN-20260728-af40f506f14a15e7c6a81e7c,rating_lane_004,live,1,2026-07-29T02:41:33.590048+00:00,7.177230,success
CBSPAN-20260728-349a104f4794b9a9761aac20,rating_lane_004,live,1,2026-07-29T02:41:33.590050+00:00,7.378390,success
CBSPAN-20260728-f06265f142dc4e276b4a06e7,rating_lane_004,live,1,2026-07-29T02:41:33.590051+00:00,8.525249,success
CBSPAN-20260728-9b775ff92683bb7acdb17451,rating_lane_004,live,1,2026-07-29T02:41:33.590053+00:00,7.891390,success
CBSPAN-20260728-5f5a5f86211ab08dbb5cf1e0,rating_lane_004,live,1,2026-07-29T02:41:33.590054+00:00,8.146103,success
CBSPAN-20260728-d6e94d67af19facd00284e5b,rating_lane_004,live,1,2026-07-29T02:41:33.590056+00:00,8.139333,success
CBSPAN-20260728-8a95bcb89e78ea9c39778573,rating_lane_004,live,1,2026-07-29T02:41:33.590057+00:00,9.982613,success
CBSPAN-20260728-9e002baeb1ee5daa33ae0701,rating_lane_004,live,1,2026-07-29T02:41:33.590058+00:00,10.402668,success
CBSPAN-20260728-302a0f9724807b69aa51d6ee,rating_lane_004,live,1,2026-07-29T02:41:33.590060+00:00,9.503168,success
CBSPAN-20260728-619152227cd3243569fdefe8,rating_lane_004,live,1,2026-07-29T02:41:33.590062+00:00,10.454132,success
CBSPAN-20260728-bf3490fdbf0f28463d1e8290,rating_lane_004,live,1,2026-07-29T02:41:33.590063+00:00,10.880001,success
CBSPAN-20260728-1ff7991d1f43cb61b88e7d49,rating_lane_004,live,1,2026-07-29T02:41:33.590064+00:00,12.417183,success
CBSPAN-20260728-1da85f457ae9cb17d8c50c64,rating_lane_004,live,1,2026-07-29T02:41:33.590065+00:00,11.123424,success
CBSPAN-20260728-ba3becd9e3cc0545c19c2483,rating_lane_004,live,1,2026-07-29T02:41:33.590067+00:00,11.660381,success
CBSPAN-20260728-cf90f49ee2ed15da7f5c5f16,rating_lane_004,live,1,2026-07-29T02:41:33.590069+00:00,13.870205,success
CBSPAN-20260728-40d1518c841f049d9f77c857,rating_lane_004,live,1,2026-07-29T02:41:33.590071+00:00,12.988329,success
CBSPAN-20260728-5f5a5f86211ab08dbb5cf1e0,rating_lane_004,live,2,2026-07-29T02:41:47.471095+00:00,4.070453,success
CBSPAN-20260728-3c98f423fab5f6fe46fdee88,rating_lane_004,live,1,2026-07-29T02:41:51.659260+00:00,2.354661,success
CBSPAN-20260728-03b1a66129d9fe76221de967,rating_lane_004,live,1,2026-07-29T02:41:51.659313+00:00,3.400584,success
CBSPAN-20260728-010c7d5e788bf94dc9f047d2,rating_lane_004,live,1,2026-07-29T02:41:51.659323+00:00,3.328506,success
CBSPAN-20260728-ae69f5af656506a29e7ff2b5,rating_lane_004,live,1,2026-07-29T02:41:51.659411+00:00,3.435380,success
CBSPAN-20260728-3b064eadd73b041340ff355b,rating_lane_004,live,1,2026-07-29T02:41:51.659425+00:00,2.614559,success
CBSPAN-20260728-9dfdb7502080d4ecd98bcd7e,rating_lane_004,live,1,2026-07-29T02:41:51.659433+00:00,3.665053,success
CBSPAN-20260728-8532371d90bb07583a25d544,rating_lane_004,live,1,2026-07-29T02:41:51.659441+00:00,2.695558,success
CBSPAN-20260728-9a76878f0cca9c6de9a331d4,rating_lane_004,live,1,2026-07-29T02:41:51.659447+00:00,2.410825,success
CBSPAN-20260728-aab38f59cd2e4df834acf441,rating_lane_004,live,1,2026-07-29T02:41:51.659455+00:00,4.864758,success
CBSPAN-20260728-a1b562b031cc0eb9ecce617e,rating_lane_004,live,1,2026-07-29T02:41:51.659460+00:00,4.902207,success
CBSPAN-20260728-f64201a1fa65dfab1d97c3b0,rating_lane_004,live,1,2026-07-29T02:41:51.659462+00:00,6.901204,success
CBSPAN-20260728-77664a2041458f833d7c8bc8,rating_lane_004,live,1,2026-07-29T02:41:51.659463+00:00,5.009497,success
CBSPAN-20260728-89672fe69b84d2e21bb614eb,rating_lane_004,live,1,2026-07-29T02:41:51.659465+00:00,5.896810,success
CBSPAN-20260728-ffc22901487543c6801b5658,rating_lane_004,live,1,2026-07-29T02:41:51.659466+00:00,7.750245,success
CBSPAN-20260728-018aa1ea4c0a0c3d0bdaf594,rating_lane_004,live,1,2026-07-29T02:41:51.659468+00:00,6.095310,success
CBSPAN-20260728-991ac0ee629e5204ae478b10,rating_lane_004,live,1,2026-07-29T02:41:51.659470+00:00,5.637686,success
CBSPAN-20260728-a2c97f1d0014f4cc74b2f5cb,rating_lane_004,live,1,2026-07-29T02:41:51.659471+00:00,7.084408,success
CBSPAN-20260728-01b4be4477a1ed918add54b2,rating_lane_004,live,1,2026-07-29T02:41:51.659472+00:00,7.545062,success
CBSPAN-20260728-7686d842693f0d7747cf592f,rating_lane_004,live,1,2026-07-29T02:41:51.659474+00:00,7.366419,success
CBSPAN-20260728-e4c4c69fd6b7a30f39223921,rating_lane_004,live,1,2026-07-29T02:41:51.659481+00:00,7.512363,success
CBSPAN-20260728-4550ceea61c40e65eb437e2f,rating_lane_004,live,1,2026-07-29T02:41:51.659483+00:00,8.263226,success
CBSPAN-20260728-129bd3dba62c19b4c0781255,rating_lane_004,live,1,2026-07-29T02:41:51.659485+00:00,8.906516,success
CBSPAN-20260728-895109bcbf550a2b2e857cab,rating_lane_004,live,1,2026-07-29T02:41:51.659488+00:00,11.189174,success
CBSPAN-20260728-4ebca2045d152e6a89c0455e,rating_lane_004,live,1,2026-07-29T02:41:51.659490+00:00,9.497903,success
CBSPAN-20260728-ae057e9cfbfe2278cd5110b8,rating_lane_004,live,1,2026-07-29T02:41:51.659491+00:00,9.956186,success
CBSPAN-20260728-742dcb87d9d980985d1aaf58,rating_lane_004,live,1,2026-07-29T02:41:51.659493+00:00,10.096665,success
CBSPAN-20260728-2f15128f27a154eb33004402,rating_lane_004,live,1,2026-07-29T02:41:51.659495+00:00,10.176408,success
CBSPAN-20260728-7bdf9ffebf08ee7b0a0d6851,rating_lane_004,live,1,2026-07-29T02:41:51.659496+00:00,10.346003,success
CBSPAN-20260728-ef816d4bfbca67bdcf86a8f8,rating_lane_004,live,1,2026-07-29T02:41:51.659498+00:00,10.608668,success
CBSPAN-20260728-649379dba012fd6841778130,rating_lane_004,live,1,2026-07-29T02:41:51.659499+00:00,11.332664,success
CBSPAN-20260728-7737d1c81555de908b2371f3,rating_lane_004,live,1,2026-07-29T02:41:51.659501+00:00,11.662448,success
CBSPAN-20260728-d93c7ecad38d1f57785b1736,rating_lane_004,live,1,2026-07-29T02:41:51.659502+00:00,12.229548,success
CBSPAN-20260728-d5682f1b3448a946a609ec73,rating_lane_004,live,1,2026-07-29T02:42:04.000004+00:00,2.927468,success
CBSPAN-20260728-95fe88c6e548af26e8c6b955,rating_lane_004,live,1,2026-07-29T02:42:04.000080+00:00,2.442174,success
CBSPAN-20260728-a0a111de54800dea92b04aaf,rating_lane_004,live,1,2026-07-29T02:42:04.000093+00:00,2.099683,success
CBSPAN-20260728-f5d2732381a28ea48c6cb2aa,rating_lane_004,live,1,2026-07-29T02:42:04.000102+00:00,2.401213,success
CBSPAN-20260728-f9667f921825d8908025af61,rating_lane_004,live,1,2026-07-29T02:42:04.000109+00:00,2.401064,success
CBSPAN-20260728-22a1dd33af5117e0d3116f36,rating_lane_004,live,1,2026-07-29T02:42:04.000116+00:00,2.093428,success
CBSPAN-20260728-85bf6a3a3d58365b33b3de51,rating_lane_004,live,1,2026-07-29T02:42:04.000123+00:00,3.712752,success
CBSPAN-20260728-063c7424cfa6cf2853ca88f4,rating_lane_004,live,1,2026-07-29T02:42:04.001714+00:00,2.925817,success
CBSPAN-20260728-4543ac664815ed4df49e48c8,rating_lane_004,live,1,2026-07-29T02:42:04.001723+00:00,5.234761,success
CBSPAN-20260728-f20341f6df9763a398c1608f,rating_lane_004,live,1,2026-07-29T02:42:04.001726+00:00,4.957312,success
CBSPAN-20260728-d405f629193e1098a3cb5fbd,rating_lane_004,live,1,2026-07-29T02:42:04.001728+00:00,4.495058,success
CBSPAN-20260728-4db52138f8a437f2de3f3e21,rating_lane_004,live,1,2026-07-29T02:42:04.001729+00:00,5.770093,success
CBSPAN-20260728-130cd08110df0607feec54db,rating_lane_004,live,1,2026-07-29T02:42:04.001731+00:00,6.889372,success
CBSPAN-20260728-e3278ab9e6a97f8249912125,rating_lane_004,live,1,2026-07-29T02:42:04.001732+00:00,6.737786,success
CBSPAN-20260728-bf0fade6515618e7d168cdc6,rating_lane_004,live,1,2026-07-29T02:42:04.001733+00:00,5.844385,success
CBSPAN-20260728-491a7e18b8e212495e0914a6,rating_lane_004,live,1,2026-07-29T02:42:04.001735+00:00,7.487249,success
CBSPAN-20260728-4e4340315d704bbeb76a5114,rating_lane_004,live,1,2026-07-29T02:42:04.001736+00:00,7.234642,success
CBSPAN-20260728-f39d544db840b5e321b5033a,rating_lane_004,live,1,2026-07-29T02:42:04.001737+00:00,11.046795,success
CBSPAN-20260728-f3b35f7886138f65692a5119,rating_lane_004,live,1,2026-07-29T02:42:04.001739+00:00,31.739421,success
CBSPAN-20260728-fba3a86918fd35f5677cac91,rating_lane_004,live,1,2026-07-29T02:42:04.001740+00:00,8.875864,success
CBSPAN-20260728-319d172bc52c2a2b824b5b6f,rating_lane_004,live,1,2026-07-29T02:42:04.001741+00:00,7.695850,success
CBSPAN-20260728-e7da0b2d9033a8cb0fe440c4,rating_lane_004,live,1,2026-07-29T02:42:04.001743+00:00,10.699317,success
CBSPAN-20260728-e2b9a157fdf65767968866c8,rating_lane_004,live,1,2026-07-29T02:42:04.001744+00:00,9.932830,success
CBSPAN-20260728-75b38091a9181928505683fc,rating_lane_004,live,1,2026-07-29T02:42:04.001745+00:00,11.218630,success
CBSPAN-20260728-384f66c7ef54b030050fbab3,rating_lane_004,live,1,2026-07-29T02:42:04.001747+00:00,12.593354,success
CBSPAN-20260728-bdd353fe8a831adffa7eac55,rating_lane_004,live,1,2026-07-29T02:42:04.001748+00:00,11.367794,success
CBSPAN-20260728-aa9ab95c0acc73f1d54141b9,rating_lane_004,live,1,2026-07-29T02:42:04.001749+00:00,13.118007,success
CBSPAN-20260728-fa421acf55d8ff15cc0e482b,rating_lane_004,live,1,2026-07-29T02:42:04.001751+00:00,12.593272,success
CBSPAN-20260728-3527ffb3ea7ee7439d334f51,rating_lane_004,live,1,2026-07-29T02:42:04.001752+00:00,13.301841,success
CBSPAN-20260728-bba7d4058cc9cccd76d3523c,rating_lane_004,live,1,2026-07-29T02:42:04.001753+00:00,16.999030,success
CBSPAN-20260728-1be1d3ddb88a8773ddd25e5d,rating_lane_004,live,1,2026-07-29T02:42:04.001754+00:00,13.867143,success
CBSPAN-20260728-8fda44d9308b4fb397a7eacf,rating_lane_004,live,1,2026-07-29T02:42:04.001755+00:00,13.557037,success
CBSPAN-20260728-dfbd658ff95f183045e02786,rating_lane_004,live,1,2026-07-29T02:42:35.852949+00:00,2.448628,success
CBSPAN-20260728-0e7c0fd47db094e7cf7f59f5,rating_lane_004,live,1,2026-07-29T02:42:35.853037+00:00,3.092165,success
CBSPAN-20260728-2e34261b0a9db29ec0f61b98,rating_lane_004,live,1,2026-07-29T02:42:35.853046+00:00,2.713443,success
CBSPAN-20260728-5cbcfc0e38d8b80276f7f18c,rating_lane_004,live,1,2026-07-29T02:42:35.853053+00:00,2.484112,success
CBSPAN-20260728-56f9281f2e6564434495483a,rating_lane_004,live,1,2026-07-29T02:42:35.853059+00:00,2.562113,success
CBSPAN-20260728-4b1cf5fe8c424181128fd39c,rating_lane_004,live,1,2026-07-29T02:42:35.853066+00:00,3.087819,success
CBSPAN-20260728-671c4aea3560fa74ecfe961d,rating_lane_004,live,1,2026-07-29T02:42:35.853075+00:00,2.638537,success
CBSPAN-20260728-eac65cb7e9e7ca2c086a079f,rating_lane_004,live,1,2026-07-29T02:42:35.853135+00:00,2.521249,success
CBSPAN-20260728-c2f5eea83aac6ce9fbda6b81,rating_lane_004,live,1,2026-07-29T02:42:35.853142+00:00,5.169313,success
CBSPAN-20260728-2fd6a111f81091dc09ebb655,rating_lane_004,live,1,2026-07-29T02:42:35.853147+00:00,4.449927,success
CBSPAN-20260728-4ce03b5e481263c26964c9c9,rating_lane_004,live,1,2026-07-29T02:42:35.853149+00:00,4.673186,success
CBSPAN-20260728-1a6243a0a53f2e2ff0a44c9c,rating_lane_004,live,1,2026-07-29T02:42:35.853150+00:00,5.143803,success
CBSPAN-20260728-db376339d3b5fe43f23c7487,rating_lane_004,live,1,2026-07-29T02:42:35.853152+00:00,5.305288,success
CBSPAN-20260728-9a328891343013fe10e90cd9,rating_lane_004,live,1,2026-07-29T02:42:35.853153+00:00,5.353472,success
CBSPAN-20260728-de1f597ade0b40493867a5c5,rating_lane_004,live,1,2026-07-29T02:42:35.853155+00:00,5.751464,success
CBSPAN-20260728-6f6d7bd6a65e6ccf36077d2e,rating_lane_004,live,1,2026-07-29T02:42:35.853156+00:00,5.933404,success
CBSPAN-20260728-c1548c223f96711fcdf0aab7,rating_lane_004,live,1,2026-07-29T02:42:35.853158+00:00,8.038584,success
CBSPAN-20260728-9631d82b7972eac03197724e,rating_lane_004,live,1,2026-07-29T02:42:35.853160+00:00,7.910460,success
CBSPAN-20260728-dc9abea8712d29ab016c1015,rating_lane_004,live,1,2026-07-29T02:42:35.853161+00:00,7.709368,success
CBSPAN-20260728-e60e28097e558be7992f11f9,rating_lane_004,live,1,2026-07-29T02:42:35.853162+00:00,7.724399,success
CBSPAN-20260728-ab5787b669cacbf9d8f9de77,rating_lane_004,live,1,2026-07-29T02:42:35.853163+00:00,8.060402,success
CBSPAN-20260728-13061b66185f259ebb6c59d2,rating_lane_004,live,1,2026-07-29T02:42:35.853165+00:00,7.713804,success
CBSPAN-20260728-677b978262f4ca04d8955497,rating_lane_004,live,1,2026-07-29T02:42:35.853166+00:00,8.269695,success
CBSPAN-20260728-2fa709ae6d92a82fb0f00d7b,rating_lane_004,live,1,2026-07-29T02:42:35.853167+00:00,8.076986,success
CBSPAN-20260728-6b3a8cc10c8cd88339f1c236,rating_lane_004,live,1,2026-07-29T02:42:35.853169+00:00,10.307381,success
CBSPAN-20260728-4cfbffad20951bc66e65e5e0,rating_lane_004,live,1,2026-07-29T02:42:35.853170+00:00,10.050870,success
CBSPAN-20260728-1ff98955850621c6a3835e4b,rating_lane_004,live,1,2026-07-29T02:42:35.853171+00:00,10.744754,success
CBSPAN-20260728-e5e87fab525b3d1459c619d4,rating_lane_004,live,1,2026-07-29T02:42:35.853172+00:00,10.501152,success
CBSPAN-20260728-d8dfd227f8fe5a15b3dc730f,rating_lane_004,live,1,2026-07-29T02:42:35.853174+00:00,9.984609,success
CBSPAN-20260728-6bb0ce52be2bce52f7946faa,rating_lane_004,live,1,2026-07-29T02:42:35.853175+00:00,10.441408,success
CBSPAN-20260728-6b48fbc3b51a9b4753e819a1,rating_lane_004,live,1,2026-07-29T02:42:35.853176+00:00,10.201425,success
CBSPAN-20260728-c335c80808e78abcd830882c,rating_lane_004,live,1,2026-07-29T02:42:35.853177+00:00,10.806057,success
CBSPAN-20260728-df94f122b3faea6254bffce7,rating_lane_004,live,1,2026-07-29T02:42:46.772750+00:00,3.098261,success
CBSPAN-20260728-99417888bb673ecdd6866e8b,rating_lane_004,live,1,2026-07-29T02:42:46.772802+00:00,2.018543,success
CBSPAN-20260728-a48b621f24df51760d4aadf9,rating_lane_004,live,1,2026-07-29T02:42:46.772812+00:00,4.525620,success
CBSPAN-20260728-b9397ccc67cbec4e4972872c,rating_lane_004,live,1,2026-07-29T02:42:46.772820+00:00,3.557923,success
CBSPAN-20260728-1a33ae7c6177cd39e88cacf3,rating_lane_004,live,1,2026-07-29T02:42:46.772828+00:00,2.939456,success
CBSPAN-20260728-395cf76667bd6756a22a43a4,rating_lane_004,live,1,2026-07-29T02:42:46.772834+00:00,2.669017,success
CBSPAN-20260728-a3ca336f042cd7e08c196181,rating_lane_004,live,1,2026-07-29T02:42:46.772841+00:00,3.944262,success
CBSPAN-20260728-714b1990d43396aff6492f99,rating_lane_004,live,1,2026-07-29T02:42:46.772912+00:00,2.870294,success
CBSPAN-20260728-c10e9606e4393d55af5c8418,rating_lane_004,live,1,2026-07-29T02:42:46.772919+00:00,3.791742,success
CBSPAN-20260728-2696ea0c98f5f42e56f68c18,rating_lane_004,live,1,2026-07-29T02:42:46.772922+00:00,5.154447,success
CBSPAN-20260728-1f03580143661614c8b54e99,rating_lane_004,live,1,2026-07-29T02:42:46.772924+00:00,5.424151,success
CBSPAN-20260728-ccecdf957a601b330be4c273,rating_lane_004,live,1,2026-07-29T02:42:46.772926+00:00,5.877688,success
CBSPAN-20260728-a3c08655080624de9b3b8e16,rating_lane_004,live,1,2026-07-29T02:42:46.772927+00:00,6.071501,success
CBSPAN-20260728-28a51e247367f836409a40e4,rating_lane_004,live,1,2026-07-29T02:42:46.772928+00:00,6.280095,success
CBSPAN-20260728-0eb693d0601f605c7798a112,rating_lane_004,live,1,2026-07-29T02:42:46.772930+00:00,43.463504,success
CBSPAN-20260728-5eaec5ddcdb3794b6773df7f,rating_lane_004,live,1,2026-07-29T02:42:46.772931+00:00,6.394911,success
CBSPAN-20260728-32b1dce00ac3d6c5df220e81,rating_lane_004,live,1,2026-07-29T02:42:46.772932+00:00,6.577174,success
CBSPAN-20260728-2482c8604133ad067777af9b,rating_lane_004,live,1,2026-07-29T02:42:46.772934+00:00,7.431771,success
CBSPAN-20260728-2d58c010ab1c14d27fcea924,rating_lane_004,live,1,2026-07-29T02:42:46.772935+00:00,8.733929,success
CBSPAN-20260728-f742795a5b8d6d51a53dc735,rating_lane_004,live,1,2026-07-29T02:42:46.772936+00:00,8.189682,success
CBSPAN-20260728-7229ac3376a37a30c389fb67,rating_lane_004,live,1,2026-07-29T02:42:46.772938+00:00,8.251266,success
CBSPAN-20260728-7aa66e67a537203643d26947,rating_lane_004,live,1,2026-07-29T02:42:46.772939+00:00,8.870698,success
CBSPAN-20260728-03731fe70059c7cd2de7a8d7,rating_lane_004,live,1,2026-07-29T02:42:46.772940+00:00,8.854867,success
CBSPAN-20260728-35cac023d6079d732d658801,rating_lane_004,live,1,2026-07-29T02:42:46.772941+00:00,8.719582,success
CBSPAN-20260728-c5d26d4a0f01c1dceba3c2db,rating_lane_004,live,1,2026-07-29T02:42:46.772943+00:00,9.607124,success
CBSPAN-20260728-b4aef6f72eda16fe51c8099a,rating_lane_004,live,1,2026-07-29T02:42:46.772944+00:00,12.014202,success
CBSPAN-20260728-18af4b6a4341818333d25a6c,rating_lane_004,live,1,2026-07-29T02:42:46.772945+00:00,10.278035,success
CBSPAN-20260728-db26853da669ef47658b1522,rating_lane_004,live,1,2026-07-29T02:42:46.772947+00:00,11.477683,success
CBSPAN-20260728-b14ac3fcc83b98148159aa53,rating_lane_004,live,1,2026-07-29T02:42:46.772948+00:00,11.396281,success
CBSPAN-20260728-628a47318bc487a6335aed7e,rating_lane_004,live,1,2026-07-29T02:42:46.772949+00:00,15.139007,success
CBSPAN-20260728-af52df52a72849db6bb401da,rating_lane_004,live,1,2026-07-29T02:42:46.772950+00:00,11.811054,success
CBSPAN-20260728-fb951d11b9866d85b12ac769,rating_lane_004,live,1,2026-07-29T02:42:46.772951+00:00,13.671982,success
CBSPAN-20260728-1a33ae7c6177cd39e88cacf3,rating_lane_004,live,2,2026-07-29T02:43:30.250074+00:00,2.500534,success
CBSPAN-20260728-77bccfe5af66371a1c62432e,rating_lane_004,live,1,2026-07-29T02:43:32.854094+00:00,2.651486,success
CBSPAN-20260728-5c965eb1a8fcebe743acfccb,rating_lane_004,live,1,2026-07-29T02:43:32.854130+00:00,3.276078,success
CBSPAN-20260728-6afb05f11832d20450b615de,rating_lane_004,live,1,2026-07-29T02:43:32.854139+00:00,2.886730,success
CBSPAN-20260728-0a944012c3f19660f06e3561,rating_lane_004,live,1,2026-07-29T02:43:32.854146+00:00,2.938855,success
CBSPAN-20260728-074d401cf4d6d7b70cce0c08,rating_lane_004,live,1,2026-07-29T02:43:32.854152+00:00,2.288396,success
CBSPAN-20260728-1689eef6b9c6e4cc7acb1709,rating_lane_004,live,1,2026-07-29T02:43:32.854159+00:00,2.089499,success
CBSPAN-20260728-1d11669912719fd39f43df43,rating_lane_004,live,1,2026-07-29T02:43:32.854167+00:00,2.473777,success
CBSPAN-20260728-f039b2b307054f94f76ef96c,rating_lane_004,live,1,2026-07-29T02:43:32.854173+00:00,2.640026,success
CBSPAN-20260728-29897ee3cef310377b612797,rating_lane_004,live,1,2026-07-29T02:43:32.854180+00:00,4.470893,success
CBSPAN-20260728-a681749bec37381929aad04c,rating_lane_004,live,1,2026-07-29T02:43:32.854186+00:00,4.840225,success
CBSPAN-20260728-cf85418b2f069d673d256a7a,rating_lane_004,live,1,2026-07-29T02:43:32.854188+00:00,5.344619,success
CBSPAN-20260728-b7441e6078fbcfc54c182c49,rating_lane_004,live,1,2026-07-29T02:43:32.854189+00:00,4.940557,success
CBSPAN-20260728-f24fc5ecb9430e832ad18100,rating_lane_004,live,1,2026-07-29T02:43:32.854191+00:00,5.338028,success
CBSPAN-20260728-81703031dc615b61696c649e,rating_lane_004,live,1,2026-07-29T02:43:32.854192+00:00,5.628729,success
CBSPAN-20260728-3c6685e38c1998e4edc06e07,rating_lane_004,live,1,2026-07-29T02:43:32.854193+00:00,5.152195,success
CBSPAN-20260728-22f53cebc874980cabbef0d8,rating_lane_004,live,1,2026-07-29T02:43:32.854195+00:00,5.679026,success
CBSPAN-20260728-c2484d45d0c43ecbabbd167f,rating_lane_004,live,1,2026-07-29T02:43:32.854196+00:00,7.072186,success
CBSPAN-20260728-6627b4edf2f39a9204d7a531,rating_lane_004,live,1,2026-07-29T02:43:32.854198+00:00,8.197389,success
CBSPAN-20260728-a23f422b727b2900cf866984,rating_lane_004,live,1,2026-07-29T02:43:32.854199+00:00,7.350777,success
CBSPAN-20260728-ed95bcb0ae0d2bc68c742dab,rating_lane_004,live,1,2026-07-29T02:43:32.854201+00:00,7.537735,success
CBSPAN-20260728-91d55c0e7d4b76086ddf2491,rating_lane_004,live,1,2026-07-29T02:43:32.854202+00:00,7.330084,success
CBSPAN-20260728-9314dbb8113fb03dd139e834,rating_lane_004,live,1,2026-07-29T02:43:32.854204+00:00,7.899673,success
CBSPAN-20260728-003bc5a093f2bd76a822bd70,rating_lane_004,live,1,2026-07-29T02:43:32.854205+00:00,8.082844,success
CBSPAN-20260728-1fbaa2b1ffd11d8447e47253,rating_lane_004,live,1,2026-07-29T02:43:32.854206+00:00,7.936667,success
CBSPAN-20260728-d012df94a5a1d7c985ccc7dc,rating_lane_004,live,1,2026-07-29T02:43:32.854208+00:00,10.602409,success
CBSPAN-20260728-7deac517d51bf80a8b094459,rating_lane_004,live,1,2026-07-29T02:43:32.854209+00:00,9.929565,success
CBSPAN-20260728-961f9973e604f55f96e15e94,rating_lane_004,live,1,2026-07-29T02:43:32.854211+00:00,9.675642,success
CBSPAN-20260728-2a6c933f0ee3dc5a2e8232b1,rating_lane_004,live,1,2026-07-29T02:43:32.854212+00:00,10.284894,success
CBSPAN-20260728-80613652011dd3901bf919c6,rating_lane_004,live,1,2026-07-29T02:43:32.854214+00:00,9.984641,success
CBSPAN-20260728-75315a9a0a52cc4815ea3638,rating_lane_004,live,1,2026-07-29T02:43:32.854215+00:00,10.440380,success
CBSPAN-20260728-a9adc9d05b79642c97f02379,rating_lane_004,live,1,2026-07-29T02:43:32.854217+00:00,10.561573,success
CBSPAN-20260728-daaec869e6e61fd0bc1bf993,rating_lane_004,live,1,2026-07-29T02:43:32.854218+00:00,10.508985,success
CBSPAN-20260728-1cf8b25e2e30f2eec8629bb4,rating_lane_004,live,1,2026-07-29T02:43:43.568620+00:00,2.293025,success
CBSPAN-20260728-17dec89a20f4efbe4697126f,rating_lane_004,live,1,2026-07-29T02:43:43.568658+00:00,2.343091,success
CBSPAN-20260728-d5b9baf5d3b1445b64820c56,rating_lane_004,live,1,2026-07-29T02:43:43.568669+00:00,2.629148,success
CBSPAN-20260728-b5a48517f5a22a9d4cd773ed,rating_lane_004,live,1,2026-07-29T02:43:43.568676+00:00,4.677917,success
CBSPAN-20260728-59c514f0f4d734025c907cf5,rating_lane_004,live,1,2026-07-29T02:43:43.568684+00:00,3.425129,success
CBSPAN-20260728-1730c700bf18d725498484e6,rating_lane_004,live,1,2026-07-29T02:43:43.568690+00:00,1.881940,success
CBSPAN-20260728-288bddebd6c270c7935ad019,rating_lane_004,live,1,2026-07-29T02:43:43.568696+00:00,2.622086,success
CBSPAN-20260728-5ab328dfcefdf8997cec4aad,rating_lane_004,live,1,2026-07-29T02:43:43.568767+00:00,2.074233,success
CBSPAN-20260728-eafc942bb062e91bbfa8fb36,rating_lane_004,live,1,2026-07-29T02:43:43.568774+00:00,3.618991,success
CBSPAN-20260728-858d57a88b56a5599fb624b2,rating_lane_004,live,1,2026-07-29T02:43:43.568779+00:00,3.843013,success
CBSPAN-20260728-49ffda641d96c21bc553d6f1,rating_lane_004,live,1,2026-07-29T02:43:43.568781+00:00,4.754554,success
CBSPAN-20260728-27c7333dcbf4a9929bd4f9fc,rating_lane_004,live,1,2026-07-29T02:43:43.568783+00:00,5.578071,success
CBSPAN-20260728-373e55929d2f076a429f658a,rating_lane_004,live,1,2026-07-29T02:43:43.568784+00:00,4.916709,success
CBSPAN-20260728-38ce16d694f3b45f94ccb0a6,rating_lane_004,live,1,2026-07-29T02:43:43.568786+00:00,5.041839,success
CBSPAN-20260728-b2d1e153f3aac04d793a14a9,rating_lane_004,live,1,2026-07-29T02:43:43.568787+00:00,8.238795,success
CBSPAN-20260728-98a8dcd5ed7dd5b03dbecf99,rating_lane_004,live,1,2026-07-29T02:43:43.568788+00:00,5.895573,success
CBSPAN-20260728-6de426bb719f8a510e9a7fc3,rating_lane_004,live,1,2026-07-29T02:43:43.568790+00:00,6.435616,success
CBSPAN-20260728-741bc140a0ea70a11e2a88ad,rating_lane_004,live,1,2026-07-29T02:43:43.568792+00:00,6.658356,success
CBSPAN-20260728-ca8e70c3e6ad81ded6d6b25d,rating_lane_004,live,1,2026-07-29T02:43:43.568793+00:00,6.630181,success
CBSPAN-20260728-10b786506f06b0f490b66766,rating_lane_004,live,1,2026-07-29T02:43:43.568795+00:00,7.083695,success
CBSPAN-20260728-335b413dc04a4a5f9a6bb094,rating_lane_004,live,1,2026-07-29T02:43:43.568796+00:00,10.219885,success
CBSPAN-20260728-3f72aa8065c3a6bfeace2b28,rating_lane_004,live,1,2026-07-29T02:43:43.568798+00:00,8.506005,success
CBSPAN-20260728-56e2dc56a0a839661cf5725c,rating_lane_004,live,1,2026-07-29T02:43:43.568799+00:00,8.285232,success
CBSPAN-20260728-e70c180f69b07de4a65dfaff,rating_lane_004,live,1,2026-07-29T02:43:43.568801+00:00,9.427286,success
CBSPAN-20260728-b0d5daa9ba31543d52752fec,rating_lane_004,live,1,2026-07-29T02:43:43.568802+00:00,9.042003,success
CBSPAN-20260728-39a410bda26686a69a40b91c,rating_lane_004,live,1,2026-07-29T02:43:43.568804+00:00,9.090109,success
CBSPAN-20260728-5e44921024b0a94de1b60432,rating_lane_004,live,1,2026-07-29T02:43:43.568805+00:00,11.705519,success
CBSPAN-20260728-6e267636de3bba7f2c352e69,rating_lane_004,live,1,2026-07-29T02:43:43.568807+00:00,10.244880,success
CBSPAN-20260728-dc5337b203f8bf135c12f1c3,rating_lane_004,live,1,2026-07-29T02:43:43.568808+00:00,11.106902,success
CBSPAN-20260728-d89612dd017968a3b8ec887e,rating_lane_004,live,1,2026-07-29T02:43:43.568810+00:00,10.880142,success
CBSPAN-20260728-0836086b37c176617d65d0d3,rating_lane_004,live,1,2026-07-29T02:43:43.568811+00:00,11.499055,success
CBSPAN-20260728-7ea456653f3802d5fb9a1f8a,rating_lane_004,live,1,2026-07-29T02:43:43.568812+00:00,11.786521,success
CBSPAN-20260728-eaccee452a16062afc642369,rating_lane_004,live,1,2026-07-29T02:43:55.495990+00:00,3.129534,success
CBSPAN-20260728-a8c1598f97b4fff35672b887,rating_lane_004,live,1,2026-07-29T02:43:55.496076+00:00,2.323560,success
CBSPAN-20260728-c2c5b1bbe25cf9bd20194beb,rating_lane_004,live,1,2026-07-29T02:43:55.496087+00:00,2.292828,success
CBSPAN-20260728-8482c48477c2dc2296cb5ed6,rating_lane_004,live,1,2026-07-29T02:43:55.496095+00:00,2.057907,success
CBSPAN-20260728-2667f4dac497825002eca8f7,rating_lane_004,live,1,2026-07-29T02:43:55.496103+00:00,2.852071,success
CBSPAN-20260728-590ace84e3172a37d79ef81f,rating_lane_004,live,1,2026-07-29T02:43:55.496109+00:00,2.472440,success
CBSPAN-20260728-8edc4294feb82532dcd55484,rating_lane_004,live,1,2026-07-29T02:43:55.496117+00:00,2.321997,success
CBSPAN-20260728-d2d89a87823a0853807ff5fc,rating_lane_004,live,1,2026-07-29T02:43:55.496177+00:00,2.854203,success
CBSPAN-20260728-b68f39001d018aafe599bf8e,rating_lane_004,live,1,2026-07-29T02:43:55.496185+00:00,4.374417,success
CBSPAN-20260728-fbe3e23a6e55aed3e0f26556,rating_lane_004,live,1,2026-07-29T02:43:55.496189+00:00,5.510458,success
CBSPAN-20260728-fc775a834d0d79c4ce0d7091,rating_lane_004,live,1,2026-07-29T02:43:55.496190+00:00,4.708206,success
CBSPAN-20260728-71e5a0888f382921a2ca59b5,rating_lane_004,live,1,2026-07-29T02:43:55.496192+00:00,4.739007,success
CBSPAN-20260728-2e54754ec45812f1be81565d,rating_lane_004,live,1,2026-07-29T02:43:55.496193+00:00,5.122549,success
CBSPAN-20260728-3400eec58f2a19a908374f37,rating_lane_004,live,1,2026-07-29T02:43:55.496195+00:00,4.857094,success
CBSPAN-20260728-7a80c89a75507011327a0b0b,rating_lane_004,live,1,2026-07-29T02:43:55.496196+00:00,5.976686,success
CBSPAN-20260728-98cc3a33424cec81d2aea2b3,rating_lane_004,live,1,2026-07-29T02:43:55.496197+00:00,5.562948,success
CBSPAN-20260728-f02d80efbddde8d4f5d85998,rating_lane_004,live,1,2026-07-29T02:43:55.496199+00:00,7.341765,success
CBSPAN-20260728-7953914d732f5e92148339a0,rating_lane_004,live,1,2026-07-29T02:43:55.496200+00:00,7.070059,success
CBSPAN-20260728-a8e84058ec086f0d3f823062,rating_lane_004,live,1,2026-07-29T02:43:55.496201+00:00,8.249595,success
CBSPAN-20260728-bc395e9db8636edd47511893,rating_lane_004,live,1,2026-07-29T02:43:55.496203+00:00,7.533362,success
CBSPAN-20260728-77505c7e1ac66d26a3f27ef8,rating_lane_004,live,1,2026-07-29T02:43:55.496204+00:00,7.440204,success
CBSPAN-20260728-53d159cb6bc0d22987213f7b,rating_lane_004,live,1,2026-07-29T02:43:55.496205+00:00,8.331682,success
CBSPAN-20260728-765df12e83608815dc8215b4,rating_lane_004,live,1,2026-07-29T02:43:55.496207+00:00,7.689032,success
CBSPAN-20260728-5e5cf7360460ae4bdd26fb58,rating_lane_004,live,1,2026-07-29T02:43:55.496208+00:00,8.861407,success
CBSPAN-20260728-a9691f08e06d7e1a466c84de,rating_lane_004,live,1,2026-07-29T02:43:55.496210+00:00,9.294125,success
CBSPAN-20260728-aceb05fba4e59018161f0758,rating_lane_004,live,1,2026-07-29T02:43:55.496211+00:00,9.414539,success
CBSPAN-20260728-e2d10d5e934b570146dcc72d,rating_lane_004,live,1,2026-07-29T02:43:55.496212+00:00,10.019033,success
CBSPAN-20260728-caca0302d855840b69fc4b87,rating_lane_004,live,1,2026-07-29T02:43:55.496214+00:00,9.568108,success
CBSPAN-20260728-5097f411411668b91a7bbbad,rating_lane_004,live,1,2026-07-29T02:43:55.496215+00:00,10.048867,success
CBSPAN-20260728-750b30410330137b02468dd0,rating_lane_004,live,1,2026-07-29T02:43:55.496216+00:00,11.649196,success
CBSPAN-20260728-f0214cc17707586ed6dab15a,rating_lane_004,live,1,2026-07-29T02:43:55.496217+00:00,10.992427,success
CBSPAN-20260728-878cd125a8849b044d8fbd01,rating_lane_004,live,1,2026-07-29T02:43:55.496219+00:00,11.046246,success
CBSPAN-20260728-de114504f16f4f1a2523aa49,rating_lane_004,live,1,2026-07-29T02:44:07.271335+00:00,2.989392,success
CBSPAN-20260728-b3e135bdeec97c127a76060b,rating_lane_004,live,1,2026-07-29T02:44:07.271383+00:00,2.875790,success
CBSPAN-20260728-708939c840b886048e51917b,rating_lane_004,live,1,2026-07-29T02:44:07.271395+00:00,2.351603,success
CBSPAN-20260728-1a18ad3410c617f1c9025f65,rating_lane_004,live,1,2026-07-29T02:44:07.271406+00:00,3.081544,success
CBSPAN-20260728-8acabd22db84efd373615cb6,rating_lane_004,live,1,2026-07-29T02:44:07.271420+00:00,3.233690,success
CBSPAN-20260728-c3abc3c08af1eb91413db965,rating_lane_004,live,1,2026-07-29T02:44:07.271429+00:00,3.075833,success
CBSPAN-20260728-1185237c7299fe14cc7fdb97,rating_lane_004,live,1,2026-07-29T02:44:07.271439+00:00,2.706840,success
CBSPAN-20260728-cf7b70b28205b9defeb99842,rating_lane_004,live,1,2026-07-29T02:44:07.271534+00:00,2.032292,success
CBSPAN-20260728-6f62e42923ce6f1c91ff43fc,rating_lane_004,live,1,2026-07-29T02:44:07.271550+00:00,5.789731,success
CBSPAN-20260728-6448fc7716e6bc205dd2dd85,rating_lane_004,live,1,2026-07-29T02:44:07.271555+00:00,5.104085,success
CBSPAN-20260728-09094d9223ab28dc3605585e,rating_lane_004,live,1,2026-07-29T02:44:07.271557+00:00,4.511583,success
CBSPAN-20260728-3f3863426e89e101d2898e8b,rating_lane_004,live,1,2026-07-29T02:44:07.271559+00:00,5.075846,success
CBSPAN-20260728-6c80e5befe052c4d37dd8156,rating_lane_004,live,1,2026-07-29T02:44:07.271561+00:00,5.286751,success
CBSPAN-20260728-2a13759a0112cf12d0022852,rating_lane_004,live,1,2026-07-29T02:44:07.271563+00:00,5.231766,success
CBSPAN-20260728-0efbac1e473df73e4c0207af,rating_lane_004,live,1,2026-07-29T02:44:07.271564+00:00,5.129614,success
CBSPAN-20260728-144c657a3a20c60f797b3bd7,rating_lane_004,live,1,2026-07-29T02:44:07.271566+00:00,5.823250,success
CBSPAN-20260728-52357ea011b09bab578ee2a1,rating_lane_004,live,1,2026-07-29T02:44:07.271568+00:00,6.631134,success
CBSPAN-20260728-102185394928e901beecfbfa,rating_lane_004,live,1,2026-07-29T02:44:07.271570+00:00,7.119471,success
CBSPAN-20260728-b962939b2eae29c7e1d3d053,rating_lane_004,live,1,2026-07-29T02:44:07.271572+00:00,7.160233,success
CBSPAN-20260728-69cfcff4ddc10cf804b31aba,rating_lane_004,live,1,2026-07-29T02:44:07.271574+00:00,7.612661,success
CBSPAN-20260728-6ac0b2ec414bb674e8d27642,rating_lane_004,live,1,2026-07-29T02:44:07.271576+00:00,8.090319,success
CBSPAN-20260728-fc1b47c6337d225bfdf27093,rating_lane_004,live,1,2026-07-29T02:44:07.271578+00:00,7.225435,success
CBSPAN-20260728-f21b5f87e69af7e266152c1e,rating_lane_004,live,1,2026-07-29T02:44:07.271580+00:00,8.144800,success
CBSPAN-20260728-29ac4f0757607f313fa548f7,rating_lane_004,live,1,2026-07-29T02:44:07.271582+00:00,8.858561,success
CBSPAN-20260728-7365c7392f427c14dc923470,rating_lane_004,live,1,2026-07-29T02:44:07.271583+00:00,9.226785,success
CBSPAN-20260728-b50dd096ff07e098a15dff00,rating_lane_004,live,1,2026-07-29T02:44:07.271585+00:00,9.885168,success
CBSPAN-20260728-3630d53d4f29ae123e869822,rating_lane_004,live,1,2026-07-29T02:44:07.271587+00:00,9.604089,success
CBSPAN-20260728-aa9635ff1283366aa72e36a0,rating_lane_004,live,1,2026-07-29T02:44:07.271589+00:00,9.791078,success
CBSPAN-20260728-3c7427f7d144a6604cce99b4,rating_lane_004,live,1,2026-07-29T02:44:07.271590+00:00,9.771968,success
CBSPAN-20260728-d8812cd4eeaff904dcc60aac,rating_lane_004,live,1,2026-07-29T02:44:07.271592+00:00,10.576608,success
CBSPAN-20260728-5128cb164e7b11e6a1eb8c8f,rating_lane_004,live,1,2026-07-29T02:44:07.271594+00:00,9.964073,success
CBSPAN-20260728-47bd17cff2c8abc9885c57d9,rating_lane_004,live,1,2026-07-29T02:44:07.271596+00:00,10.834847,success
CBSPAN-20260728-9b7d39eea52faa8dcfe1e1b4,rating_lane_004,live,1,2026-07-29T02:44:18.225444+00:00,2.666005,success
CBSPAN-20260728-102bc5c3b6116ba17c4e0be6,rating_lane_004,live,1,2026-07-29T02:44:18.225486+00:00,2.601436,success
CBSPAN-20260728-e47db6f7303e6879ed0a817b,rating_lane_004,live,1,2026-07-29T02:44:18.225495+00:00,2.536732,success
CBSPAN-20260728-7d8e0f90c29aa94bc8aa5e66,rating_lane_004,live,1,2026-07-29T02:44:18.225503+00:00,2.378671,success
CBSPAN-20260728-8baa5da03cd44ddaa935c893,rating_lane_004,live,1,2026-07-29T02:44:18.225511+00:00,2.396450,success
CBSPAN-20260728-2029f38a32a6cd29e0350d31,rating_lane_004,live,1,2026-07-29T02:44:18.225518+00:00,2.536751,success
CBSPAN-20260728-083cdb423e712965b609e1ac,rating_lane_004,live,1,2026-07-29T02:44:18.225526+00:00,2.102702,success
CBSPAN-20260728-93c370089b2a61034e1b562c,rating_lane_004,live,1,2026-07-29T02:44:18.225592+00:00,3.748335,success
CBSPAN-20260728-e705e30af946c55042a18016,rating_lane_004,live,1,2026-07-29T02:44:18.225599+00:00,4.631252,success
CBSPAN-20260728-93eab95aec9b7ff99ccfea93,rating_lane_004,live,1,2026-07-29T02:44:18.225603+00:00,5.465141,success
CBSPAN-20260728-0a1b6d55c3cdeec879b97620,rating_lane_004,live,1,2026-07-29T02:44:18.225604+00:00,4.275041,success
CBSPAN-20260728-b7316096c1fbe2f1d1f74f2f,rating_lane_004,live,1,2026-07-29T02:44:18.225606+00:00,4.934262,success
CBSPAN-20260728-78d8494944db57558ffda432,rating_lane_004,live,1,2026-07-29T02:44:18.225607+00:00,5.263796,success
CBSPAN-20260728-7ee8f04a271f620b61ac11bb,rating_lane_004,live,1,2026-07-29T02:44:18.225608+00:00,4.752517,success
CBSPAN-20260728-8bb51a99046560894231de31,rating_lane_004,live,1,2026-07-29T02:44:18.225610+00:00,5.295892,success
CBSPAN-20260728-07817cd879d4394b3c136c25,rating_lane_004,live,1,2026-07-29T02:44:18.225611+00:00,6.988547,success
CBSPAN-20260728-f1f1071acb6ccfa5246763cb,rating_lane_004,live,1,2026-07-29T02:44:18.225612+00:00,6.699316,success
CBSPAN-20260728-29f07d34c0546c3764863041,rating_lane_004,live,1,2026-07-29T02:44:18.225614+00:00,7.339290,success
CBSPAN-20260728-a0bb28804ef01783844fd45b,rating_lane_004,live,1,2026-07-29T02:44:18.225615+00:00,8.386880,success
CBSPAN-20260728-6ed13478425db67b9c496c58,rating_lane_004,live,1,2026-07-29T02:44:18.225619+00:00,9.131201,success
CBSPAN-20260728-68ad44623586fcc90b4aec26,rating_lane_004,live,1,2026-07-29T02:44:18.225621+00:00,8.084771,success
CBSPAN-20260728-37b9c0e46d400d2d6c4a443c,rating_lane_004,live,1,2026-07-29T02:44:18.225622+00:00,7.425319,success
CBSPAN-20260728-85c215d143e474aa486d1454,rating_lane_004,live,1,2026-07-29T02:44:18.225623+00:00,7.562881,success
CBSPAN-20260728-e4a20bad43beb3961e8f99e4,rating_lane_004,live,1,2026-07-29T02:44:18.225625+00:00,9.392366,success
CBSPAN-20260728-5e241a095e20f571878abc35,rating_lane_004,live,1,2026-07-29T02:44:18.225626+00:00,9.846453,success
CBSPAN-20260728-8c1622cd185bd5650f9410d9,rating_lane_004,live,1,2026-07-29T02:44:18.225627+00:00,10.204358,success
CBSPAN-20260728-3953bff9f2315cc24d4a199d,rating_lane_004,live,1,2026-07-29T02:44:18.225629+00:00,9.567442,success
CBSPAN-20260728-bd701dac914828609287d41a,rating_lane_004,live,1,2026-07-29T02:44:18.225630+00:00,9.450318,success
CBSPAN-20260728-255624d1e99956a9b7bad529,rating_lane_004,live,1,2026-07-29T02:44:18.225631+00:00,10.248800,success
CBSPAN-20260728-1b76223c73a0bd8473666e03,rating_lane_004,live,1,2026-07-29T02:44:18.225632+00:00,11.151086,success
CBSPAN-20260728-20cdbde2bc78018db67bbbdd,rating_lane_004,live,1,2026-07-29T02:44:18.225634+00:00,11.846563,success
CBSPAN-20260728-50e23476a668f1a7a883e400,rating_lane_004,live,1,2026-07-29T02:44:18.225635+00:00,11.781308,success
CBSPAN-20260728-7937ea0ca402811d296db9ec,rating_lane_004,live,1,2026-07-29T02:44:30.195125+00:00,2.846934,success
CBSPAN-20260728-cd1d1cda5c213b8976a7c86b,rating_lane_004,live,1,2026-07-29T02:44:30.195173+00:00,2.830531,success
CBSPAN-20260728-f3a772ba2b7197d93ba25116,rating_lane_004,live,1,2026-07-29T02:44:30.195183+00:00,2.210183,success
CBSPAN-20260728-0b6182590a2c2f10d5325df0,rating_lane_004,live,1,2026-07-29T02:44:30.195190+00:00,2.905351,success
CBSPAN-20260728-0c18f10cc08e5f7c79b31b16,rating_lane_004,live,1,2026-07-29T02:44:30.195197+00:00,2.526448,success
CBSPAN-20260728-4a17d0ed2e102d30c315bbdf,rating_lane_004,live,1,2026-07-29T02:44:30.195204+00:00,2.931737,success
CBSPAN-20260728-0081d3279e6059ef7e940ca9,rating_lane_004,live,1,2026-07-29T02:44:30.195210+00:00,2.263084,success
CBSPAN-20260728-1bd03dfb4779d8e2eb644b2e,rating_lane_004,live,1,2026-07-29T02:44:30.195270+00:00,2.910669,success
CBSPAN-20260728-40eed5eae21069805f7de61d,rating_lane_004,live,1,2026-07-29T02:44:30.195277+00:00,5.250859,success
CBSPAN-20260728-afe46152f4614569772e8c71,rating_lane_004,live,1,2026-07-29T02:44:30.195281+00:00,4.260474,success
CBSPAN-20260728-b3c000498c1c4a5d191723c9,rating_lane_004,live,1,2026-07-29T02:44:30.195282+00:00,4.793706,success
CBSPAN-20260728-96fc49210f6c975c7728b5e2,rating_lane_004,live,1,2026-07-29T02:44:30.195284+00:00,5.044741,success
CBSPAN-20260728-cab1fb752447606c45d8adf3,rating_lane_004,live,1,2026-07-29T02:44:30.195285+00:00,5.259850,success
CBSPAN-20260728-c17374fbb61ad4c597473a2e,rating_lane_004,live,1,2026-07-29T02:44:30.195287+00:00,4.979027,success
CBSPAN-20260728-c4c2fee63551866a79016267,rating_lane_004,live,1,2026-07-29T02:44:30.195288+00:00,5.900062,success
CBSPAN-20260728-b232d701a2ae22d833a61b7f,rating_lane_004,live,1,2026-07-29T02:44:30.195290+00:00,5.156433,success
CBSPAN-20260728-0829dfd6929066285e1eab47,rating_lane_004,live,1,2026-07-29T02:44:30.195291+00:00,6.904588,success
CBSPAN-20260728-0fb7664bb4eb1f27471d12a7,rating_lane_004,live,1,2026-07-29T02:44:30.195292+00:00,7.519089,success
CBSPAN-20260728-2783d04097d55cf0b1c73d22,rating_lane_004,live,1,2026-07-29T02:44:30.195294+00:00,8.094281,success
CBSPAN-20260728-801d14a401e451727af9ddf9,rating_lane_004,live,1,2026-07-29T02:44:30.195295+00:00,7.531765,success
CBSPAN-20260728-13628cf8afd1fb6bbca278ec,rating_lane_004,live,1,2026-07-29T02:44:30.195297+00:00,7.565318,success
CBSPAN-20260728-62c5ccd97f1bf4958b383ccf,rating_lane_004,live,1,2026-07-29T02:44:30.195298+00:00,7.583830,success
CBSPAN-20260728-efeea82cead71d1c7c7f10c2,rating_lane_004,live,1,2026-07-29T02:44:30.195299+00:00,8.264915,success
CBSPAN-20260728-334157a1ac068677301074de,rating_lane_004,live,1,2026-07-29T02:44:30.195301+00:00,7.959025,success
CBSPAN-20260728-625c8c3862f85a47cb5520a8,rating_lane_004,live,1,2026-07-29T02:44:30.195302+00:00,10.073831,success
CBSPAN-20260728-689f82c38a867e9460c7ccb0,rating_lane_004,live,1,2026-07-29T02:44:30.195303+00:00,9.657217,success
CBSPAN-20260728-6a32bd0130edb6140ff45750,rating_lane_004,live,1,2026-07-29T02:44:30.195305+00:00,9.710664,success
CBSPAN-20260728-af11f7c937b603b0558ce868,rating_lane_004,live,1,2026-07-29T02:44:30.195306+00:00,9.846828,success
CBSPAN-20260728-1eefb5c171850a8cfd7d6048,rating_lane_004,live,1,2026-07-29T02:44:30.195307+00:00,9.675687,success
CBSPAN-20260728-72787041347563e67a040880,rating_lane_004,live,1,2026-07-29T02:44:30.195308+00:00,10.057397,success
CBSPAN-20260728-6d787ce0f9ad186204a87d88,rating_lane_004,live,1,2026-07-29T02:44:30.195310+00:00,10.637695,success
CBSPAN-20260728-2773e91892da7a8d15bccc29,rating_lane_004,live,1,2026-07-29T02:44:30.195311+00:00,10.825291,success
CBSPAN-20260728-2f4c278f208933852bb61798,rating_lane_004,live,1,2026-07-29T02:44:41.136519+00:00,2.621924,success
CBSPAN-20260728-afb2e9980f47455e4ec6cbe5,rating_lane_004,live,1,2026-07-29T02:44:41.136556+00:00,2.641010,success
CBSPAN-20260728-0dd432936d0c785d4ec51a66,rating_lane_004,live,1,2026-07-29T02:44:41.136565+00:00,2.808809,success
CBSPAN-20260728-2eb87c765e38d4d1685f861a,rating_lane_004,live,1,2026-07-29T02:44:41.136571+00:00,3.653799,success
CBSPAN-20260728-3bdbd729d404803db89faef4,rating_lane_004,live,1,2026-07-29T02:44:41.136579+00:00,2.831730,success
CBSPAN-20260728-c9331cc5b5179934937807c3,rating_lane_004,live,1,2026-07-29T02:44:41.136584+00:00,2.405029,success
CBSPAN-20260728-032a2746a911d1b508144339,rating_lane_004,live,1,2026-07-29T02:44:41.136591+00:00,5.863185,success
CBSPAN-20260728-a1104447c3eace1629727f33,rating_lane_004,live,1,2026-07-29T02:44:41.136646+00:00,2.568727,success
CBSPAN-20260728-50dff52f5fdd1bad518f2df6,rating_lane_004,live,1,2026-07-29T02:44:41.136653+00:00,4.980946,success
CBSPAN-20260728-f1442e2ad0fba614a0ff3d8b,rating_lane_004,live,1,2026-07-29T02:44:41.136657+00:00,4.795941,success
CBSPAN-20260728-37d9dca1a42f0181c95f1687,rating_lane_004,live,1,2026-07-29T02:44:41.136658+00:00,4.533065,success
CBSPAN-20260728-a51cf07dfd964e33ecfe9e94,rating_lane_004,live,1,2026-07-29T02:44:41.136659+00:00,5.253012,success
CBSPAN-20260728-15ff7c0806c3b773aa67556d,rating_lane_004,live,1,2026-07-29T02:44:41.136661+00:00,5.248711,success
CBSPAN-20260728-d0b60af15c58c77185d75fc5,rating_lane_004,live,1,2026-07-29T02:44:41.136662+00:00,4.969963,success
CBSPAN-20260728-8ff881f9a7c70b002d96cc2c,rating_lane_004,live,1,2026-07-29T02:44:41.136663+00:00,7.091907,success
CBSPAN-20260728-fcdf24710dced8b41e82e206,rating_lane_004,live,1,2026-07-29T02:44:41.136665+00:00,6.813826,success
CBSPAN-20260728-664a0d2a921735fa4814ecc4,rating_lane_004,live,1,2026-07-29T02:44:41.136666+00:00,6.813691,success
CBSPAN-20260728-5c44ea65562c607254b84d20,rating_lane_004,live,1,2026-07-29T02:44:41.136667+00:00,7.206449,success
CBSPAN-20260728-45ca80e54747d6774ae71d33,rating_lane_004,live,1,2026-07-29T02:44:41.136668+00:00,7.421133,success
CBSPAN-20260728-baf88a1072802680bee73d4f,rating_lane_004,live,1,2026-07-29T02:44:41.136670+00:00,7.277842,success
CBSPAN-20260728-94893d4258748ccfc5b24308,rating_lane_004,live,1,2026-07-29T02:44:41.136671+00:00,8.122415,success
CBSPAN-20260728-e463a0f9480cfeb28edc3862,rating_lane_004,live,1,2026-07-29T02:44:41.136672+00:00,8.887967,success
CBSPAN-20260728-469d6550148fda66376497c7,rating_lane_004,live,1,2026-07-29T02:44:41.136674+00:00,9.989791,success
CBSPAN-20260728-9a25951b5d5d2559134ca78f,rating_lane_004,live,1,2026-07-29T02:44:41.136675+00:00,8.817121,success
CBSPAN-20260728-2d4485dbc712b6f13152bf97,rating_lane_004,live,1,2026-07-29T02:44:41.136676+00:00,9.619275,success
CBSPAN-20260728-2fbc63a0ad00b9c492feca64,rating_lane_004,live,1,2026-07-29T02:44:41.136677+00:00,9.637258,success
CBSPAN-20260728-f8e79dc19125eb3471c490c1,rating_lane_004,live,1,2026-07-29T02:44:41.136679+00:00,9.253364,success
CBSPAN-20260728-456e8c13d3b4da5698ef34db,rating_lane_004,live,1,2026-07-29T02:44:41.136680+00:00,11.352136,success
CBSPAN-20260728-c659a6c5d692761b5722d44a,rating_lane_004,live,1,2026-07-29T02:44:41.136681+00:00,9.979429,success
CBSPAN-20260728-9953e7e861ab02b029a4fdf8,rating_lane_004,live,1,2026-07-29T02:44:41.136682+00:00,11.003985,success
CBSPAN-20260728-8270339bb5d0f8d04805eecf,rating_lane_004,live,1,2026-07-29T02:44:41.136683+00:00,12.131966,success
CBSPAN-20260728-771e0f7c727a8a9b22a54a7d,rating_lane_004,live,1,2026-07-29T02:44:41.136685+00:00,11.364169,success
CBSPAN-20260728-baf88a1072802680bee73d4f,rating_lane_004,live,2,2026-07-29T02:44:53.281098+00:00,2.648260,success
CBSPAN-20260728-e32515d285da52ab3dc9ede1,rating_lane_004,live,1,2026-07-29T02:44:56.040873+00:00,2.445010,success
CBSPAN-20260728-b4d03309be189bd15d10347f,rating_lane_004,live,1,2026-07-29T02:44:56.040897+00:00,2.465922,success
CBSPAN-20260728-0959a73c52db0f5067c5150c,rating_lane_004,live,1,2026-07-29T02:44:56.040905+00:00,2.504121,success
CBSPAN-20260728-bad572f258b8ed6acae618d5,rating_lane_004,live,1,2026-07-29T02:44:56.040958+00:00,3.158144,success
CBSPAN-20260728-8a86391d5deb5a8f155b2816,rating_lane_004,live,1,2026-07-29T02:44:56.040964+00:00,2.645394,success
CBSPAN-20260728-33dd340d3dff4ad30052899e,rating_lane_004,live,1,2026-07-29T02:44:56.040971+00:00,3.218822,success
CBSPAN-20260728-d8d35842d990c139916e451d,rating_lane_004,live,1,2026-07-29T02:44:56.040976+00:00,1.999074,success
CBSPAN-20260728-900880f7ff6a3c83e6a8b339,rating_lane_004,live,1,2026-07-29T02:44:56.040982+00:00,2.471713,success
CBSPAN-20260728-5483c3e2a866e8f2be2c00cc,rating_lane_004,live,1,2026-07-29T02:44:56.040988+00:00,5.528856,success
CBSPAN-20260728-7c829eccbe45a486da1e9433,rating_lane_004,live,1,2026-07-29T02:44:56.040991+00:00,5.528695,success
CBSPAN-20260728-2c8816d2c08be8134a96b1ae,rating_lane_004,live,1,2026-07-29T02:44:56.040993+00:00,5.703433,success
CBSPAN-20260728-4596f48be64887584e6f86a9,rating_lane_004,live,1,2026-07-29T02:44:56.040994+00:00,5.553696,success
CBSPAN-20260728-ffb97d22eef4f85ece5d9540,rating_lane_004,live,1,2026-07-29T02:44:56.040996+00:00,5.083007,success
CBSPAN-20260728-9b220bac3cd31b6d316d18e9,rating_lane_004,live,1,2026-07-29T02:44:56.040997+00:00,5.125834,success
CBSPAN-20260728-9ab27014ee346b38887387c6,rating_lane_004,live,1,2026-07-29T02:44:56.040998+00:00,6.684285,success
CBSPAN-20260728-a2cbd5623cf706cbed747721,rating_lane_004,live,1,2026-07-29T02:44:56.041000+00:00,5.893314,success
CBSPAN-20260728-fd759ce3a5cd6096068a9362,rating_lane_004,live,1,2026-07-29T02:44:56.041001+00:00,7.724235,success
CBSPAN-20260728-d822d92087d0c76fb17b772a,rating_lane_004,live,1,2026-07-29T02:44:56.041002+00:00,7.438241,success
CBSPAN-20260728-f014975af15fe529b4132eea,rating_lane_004,live,1,2026-07-29T02:44:56.041003+00:00,8.488361,success
CBSPAN-20260728-b2f5c70c27f5f824228175ef,rating_lane_004,live,1,2026-07-29T02:44:56.041005+00:00,7.598039,success
CBSPAN-20260728-7f883ffdea8b12841ed4f864,rating_lane_004,live,1,2026-07-29T02:44:56.041006+00:00,7.625360,success
CBSPAN-20260728-3e34615dd63b507667e8964f,rating_lane_004,live,1,2026-07-29T02:44:56.041007+00:00,8.902920,success
CBSPAN-20260728-b350ee1c464c4d1a2b5910a4,rating_lane_004,live,1,2026-07-29T02:44:56.041008+00:00,8.557317,success
CBSPAN-20260728-b775ea1c1425d115cae4cf03,rating_lane_004,live,1,2026-07-29T02:44:56.041010+00:00,9.373229,success
CBSPAN-20260728-16b74e4f33be1e7e0c329a06,rating_lane_004,live,1,2026-07-29T02:44:56.041011+00:00,9.927231,success
CBSPAN-20260728-8b079c9b441d9afef7a6dcaa,rating_lane_004,live,1,2026-07-29T02:44:56.041012+00:00,15.717882,success
CBSPAN-20260728-a41955f4b032747229873ee5,rating_lane_004,live,1,2026-07-29T02:44:56.041013+00:00,9.927325,success
CBSPAN-20260728-0a0892c61db902dc8827648e,rating_lane_004,live,1,2026-07-29T02:44:56.041015+00:00,10.127643,success
CBSPAN-20260728-7f34d98a2f81eb148a4ee578,rating_lane_004,live,1,2026-07-29T02:44:56.041016+00:00,11.050387,success
CBSPAN-20260728-e2312946b8522c73229f1319,rating_lane_004,live,1,2026-07-29T02:44:56.041017+00:00,11.463039,success
CBSPAN-20260728-15462e24deffe364257cd0ca,rating_lane_004,live,1,2026-07-29T02:44:56.041018+00:00,10.740394,success
CBSPAN-20260728-46f92847413b457a7da47b2f,rating_lane_004,live,1,2026-07-29T02:44:56.041019+00:00,12.406708,success
CBSPAN-20260728-f014975af15fe529b4132eea,rating_lane_004,live,2,2026-07-29T02:45:11.769943+00:00,2.057657,success
CBSPAN-20260728-82e205955e1c3430c6133260,rating_lane_004,live,1,2026-07-29T02:45:13.939286+00:00,2.209413,success
CBSPAN-20260728-48fd204e06413d385a106516,rating_lane_004,live,1,2026-07-29T02:45:13.939312+00:00,2.507655,success
CBSPAN-20260728-26d0fdec391517bfa1d82e6a,rating_lane_004,live,1,2026-07-29T02:45:13.939320+00:00,2.628179,success
CBSPAN-20260728-e4362aff0aef7ec77c8554df,rating_lane_004,live,1,2026-07-29T02:45:13.939374+00:00,2.166589,success
CBSPAN-20260728-a31b1587f9758cea84b8fa36,rating_lane_004,live,1,2026-07-29T02:45:13.939380+00:00,2.060592,success
CBSPAN-20260728-e46d61a0f8fe7da8abb2f5e7,rating_lane_004,live,1,2026-07-29T02:45:13.939386+00:00,2.551957,success
CBSPAN-20260728-ba1e3eb7389ed757fbcac73b,rating_lane_004,live,1,2026-07-29T02:45:13.939392+00:00,2.372918,success
CBSPAN-20260728-1ba64d0e384b6c86a3a91f43,rating_lane_004,live,1,2026-07-29T02:45:13.939397+00:00,2.532930,success
CBSPAN-20260728-e7296dcdce30d57f55da59f8,rating_lane_004,live,1,2026-07-29T02:45:13.939402+00:00,5.030514,success
CBSPAN-20260728-a3066e8eae3e77fde5a02bc6,rating_lane_004,live,1,2026-07-29T02:45:13.939405+00:00,4.639859,success
CBSPAN-20260728-7952de13571f4f0b4bc4dfaf,rating_lane_004,live,1,2026-07-29T02:45:13.939406+00:00,4.449189,success
CBSPAN-20260728-7f7a882de8dba1e510a5cece,rating_lane_004,live,1,2026-07-29T02:45:13.939408+00:00,4.585553,success
CBSPAN-20260728-79f6feb7315d49e3a452c630,rating_lane_004,live,1,2026-07-29T02:45:13.939409+00:00,5.932470,success
CBSPAN-20260728-9f6eafcdbd99ed526c959b1a,rating_lane_004,live,1,2026-07-29T02:45:13.939410+00:00,4.419346,success
CBSPAN-20260728-28a481f106d86d4af4c784dd,rating_lane_004,live,1,2026-07-29T02:45:13.939411+00:00,4.588014,success
CBSPAN-20260728-0606a6d59edafd7b4b8616ae,rating_lane_004,live,1,2026-07-29T02:45:13.939413+00:00,5.338682,success
CBSPAN-20260728-3ecac28195f5ad63184bf835,rating_lane_004,live,1,2026-07-29T02:45:13.939414+00:00,6.668677,success
CBSPAN-20260728-33075498dc064934b33f8675,rating_lane_004,live,1,2026-07-29T02:45:13.939415+00:00,6.984141,success
CBSPAN-20260728-4ef1d63d1ba2837d2ff2968e,rating_lane_004,live,1,2026-07-29T02:45:13.939416+00:00,6.678101,success
CBSPAN-20260728-f524636edd54a044dda1cc21,rating_lane_004,live,1,2026-07-29T02:45:13.939417+00:00,7.224630,success
CBSPAN-20260728-e506e5cdc206196cceede197,rating_lane_004,live,1,2026-07-29T02:45:13.939419+00:00,6.766567,success
CBSPAN-20260728-148d468292bf58a31267b623,rating_lane_004,live,1,2026-07-29T02:45:13.939420+00:00,7.471628,success
CBSPAN-20260728-45e06c749b16c424e147dfdf,rating_lane_004,live,1,2026-07-29T02:45:13.939421+00:00,7.980653,success
CBSPAN-20260728-6008995f7175fec6d245106e,rating_lane_004,live,1,2026-07-29T02:45:13.939422+00:00,10.345425,success
CBSPAN-20260728-0c7dd37ee38b39a3e4bfc8e3,rating_lane_004,live,1,2026-07-29T02:45:13.939424+00:00,9.056689,success
CBSPAN-20260728-8f77cc4342f5a66e9bf5d394,rating_lane_004,live,1,2026-07-29T02:45:13.939425+00:00,8.904603,success
CBSPAN-20260728-29d6f84167dc2f6924e9f878,rating_lane_004,live,1,2026-07-29T02:45:13.939426+00:00,9.993477,success
CBSPAN-20260728-a4b9d00e056ace61f415f482,rating_lane_004,live,1,2026-07-29T02:45:13.939427+00:00,8.814490,success
CBSPAN-20260728-7a957d3dcfdff9c873dd2684,rating_lane_004,live,1,2026-07-29T02:45:13.939428+00:00,9.920065,success
CBSPAN-20260728-7b64f450d453bab13020e89f,rating_lane_004,live,1,2026-07-29T02:45:13.939430+00:00,9.501386,success
CBSPAN-20260728-384ef20ed61e3bcb784db726,rating_lane_004,live,1,2026-07-29T02:45:13.939431+00:00,10.452770,success
CBSPAN-20260728-1e34cfc0c0e52632ae5a88a2,rating_lane_004,live,1,2026-07-29T02:45:13.939432+00:00,10.952156,success
CBSPAN-20260728-11986921f35d39b43315eb29,rating_lane_004,live,1,2026-07-29T02:45:25.010108+00:00,2.588951,success
CBSPAN-20260728-431026d503fb705d81af9208,rating_lane_004,live,1,2026-07-29T02:45:25.010144+00:00,2.490065,success
CBSPAN-20260728-b419e90a6dace585bba51b93,rating_lane_004,live,1,2026-07-29T02:45:25.010154+00:00,3.508334,success
CBSPAN-20260728-3e21baf71c2dd7099444f7aa,rating_lane_004,live,1,2026-07-29T02:45:25.010161+00:00,2.752758,success
CBSPAN-20260728-a19ae8ec7bb31e9a07fc96b4,rating_lane_004,live,1,2026-07-29T02:45:25.010168+00:00,4.088723,success
CBSPAN-20260728-a4463387ecc7f8a3c83937a4,rating_lane_004,live,1,2026-07-29T02:45:25.010174+00:00,3.241334,success
CBSPAN-20260728-b07d69810711d14f76ab507e,rating_lane_004,live,1,2026-07-29T02:45:25.010181+00:00,2.400950,success
CBSPAN-20260728-28c334438a2d226b9127ee24,rating_lane_004,live,1,2026-07-29T02:45:25.010837+00:00,2.526701,success
CBSPAN-20260728-efec3ff2367facca30438eea,rating_lane_004,live,1,2026-07-29T02:45:25.010844+00:00,5.237116,success
CBSPAN-20260728-b99ad6b8126949bb435c977e,rating_lane_004,live,1,2026-07-29T02:45:25.010847+00:00,6.121056,success
CBSPAN-20260728-38bc1e3c08588ebf847fb8ea,rating_lane_004,live,1,2026-07-29T02:45:25.010849+00:00,4.709406,success
CBSPAN-20260728-4aa83f26fb41ba71c2540fc1,rating_lane_004,live,1,2026-07-29T02:45:25.010850+00:00,5.335786,success
CBSPAN-20260728-62551dffaef77e83b322a186,rating_lane_004,live,1,2026-07-29T02:45:25.010852+00:00,5.293022,success
CBSPAN-20260728-9e029be701d70364efb3ea60,rating_lane_004,live,1,2026-07-29T02:45:25.010853+00:00,5.557869,success
CBSPAN-20260728-512328d6e43de13df8eeeeac,rating_lane_004,live,1,2026-07-29T02:45:25.010854+00:00,6.163464,success
CBSPAN-20260728-5c95f32ee66fbc467b4eb572,rating_lane_004,live,1,2026-07-29T02:45:25.010856+00:00,7.428029,success
CBSPAN-20260728-31f1da373c508424b3446f36,rating_lane_004,live,1,2026-07-29T02:45:25.010857+00:00,8.893879,success
CBSPAN-20260728-b7ec30dbbcd96967b63899bf,rating_lane_004,live,1,2026-07-29T02:45:25.010858+00:00,8.704677,success
CBSPAN-20260728-27c0f8fae9bfbe2c663a0f6c,rating_lane_004,live,1,2026-07-29T02:45:25.010859+00:00,7.410327,success
CBSPAN-20260728-4abbb3a206ffcdee38bec734,rating_lane_004,live,1,2026-07-29T02:45:25.010860+00:00,8.113542,success
CBSPAN-20260728-aeb1291e87c9a7399e144258,rating_lane_004,live,1,2026-07-29T02:45:25.010862+00:00,8.311214,success
CBSPAN-20260728-ff312d183cb43640be198fe7,rating_lane_004,live,1,2026-07-29T02:45:25.010863+00:00,9.726335,success
CBSPAN-20260728-bf13886c1838cefc96956f5b,rating_lane_004,live,1,2026-07-29T02:45:25.010864+00:00,8.566868,success
CBSPAN-20260728-122f21eac206c700cd73ee94,rating_lane_004,live,1,2026-07-29T02:45:25.010865+00:00,9.541326,success
CBSPAN-20260728-a659f747e8786f159913ca12,rating_lane_004,live,1,2026-07-29T02:45:25.010867+00:00,9.254941,success
CBSPAN-20260728-f7678935e9a1e69596285a85,rating_lane_004,live,1,2026-07-29T02:45:25.010868+00:00,10.573636,success
CBSPAN-20260728-158263e1a1853b57a50dce9e,rating_lane_004,live,1,2026-07-29T02:45:25.010869+00:00,12.073987,success
CBSPAN-20260728-78fc39ebd69e28faab29894c,rating_lane_004,live,1,2026-07-29T02:45:25.010870+00:00,11.052910,success
CBSPAN-20260728-c62e48ddd3ce97c71d6deef6,rating_lane_004,live,1,2026-07-29T02:45:25.010872+00:00,10.545847,success
CBSPAN-20260728-074d30589235222741a05f63,rating_lane_004,live,1,2026-07-29T02:45:25.010873+00:00,11.774732,success
CBSPAN-20260728-f92494a5d00cdf0d2207ec49,rating_lane_004,live,1,2026-07-29T02:45:25.010874+00:00,11.823759,success
CBSPAN-20260728-5ca073228242d47cecd8170b,rating_lane_004,live,1,2026-07-29T02:45:25.010875+00:00,12.300877,success
CBSPAN-20260728-a19ae8ec7bb31e9a07fc96b4,rating_lane_004,live,2,2026-07-29T02:45:37.325191+00:00,2.314349,success
CBSPAN-20260728-66100d7eda6e1f13aedb63e6,rating_lane_004,live,1,2026-07-29T02:45:39.757673+00:00,2.423543,success
CBSPAN-20260728-06571eaffbfcd3a0baa55a67,rating_lane_004,live,1,2026-07-29T02:45:39.757705+00:00,2.064124,success
CBSPAN-20260728-3d7af91ce96155842d827198,rating_lane_004,live,1,2026-07-29T02:45:39.757714+00:00,2.040509,success
CBSPAN-20260728-8997e38a337b65776678e47e,rating_lane_004,live,1,2026-07-29T02:45:39.757780+00:00,2.584345,success
CBSPAN-20260728-4e8b3e1552f14e2182259341,rating_lane_004,live,1,2026-07-29T02:45:39.757786+00:00,2.423590,success
CBSPAN-20260728-4197f7e530fa790c77ba968a,rating_lane_004,live,1,2026-07-29T02:45:39.757793+00:00,2.846816,success
CBSPAN-20260728-037ee34d433c22d1b3d61217,rating_lane_004,live,1,2026-07-29T02:45:39.757799+00:00,3.102341,success
CBSPAN-20260728-66c355587dc041500b248a0b,rating_lane_004,live,1,2026-07-29T02:45:39.757805+00:00,2.663013,success
CBSPAN-20260728-3f1944ab584843e4340fa652,rating_lane_004,live,1,2026-07-29T02:45:39.757810+00:00,4.350133,success
CBSPAN-20260728-cb666b1b24be67a9e6caabd9,rating_lane_004,live,1,2026-07-29T02:45:39.757813+00:00,5.281270,success
CBSPAN-20260728-23a544df0edc37aa88d68c4b,rating_lane_004,live,1,2026-07-29T02:45:39.757815+00:00,5.358875,success
CBSPAN-20260728-dbc494e2435ce8453463b5c5,rating_lane_004,live,1,2026-07-29T02:45:39.757816+00:00,4.431525,success
CBSPAN-20260728-cf5a9241f20e0c95d064a6b0,rating_lane_004,live,1,2026-07-29T02:45:39.757818+00:00,5.771536,success
CBSPAN-20260728-e5ade32a5ff10fb9aec1d7eb,rating_lane_004,live,1,2026-07-29T02:45:39.757819+00:00,5.221358,success
CBSPAN-20260728-5a9b96b23ecce5da331ecc53,rating_lane_004,live,1,2026-07-29T02:45:39.757820+00:00,6.413328,success
CBSPAN-20260728-3284b95ebdb042169faf1bf1,rating_lane_004,live,1,2026-07-29T02:45:39.757821+00:00,6.047884,success
CBSPAN-20260728-d1deb84824c9f9a1dde8b2c8,rating_lane_004,live,1,2026-07-29T02:45:39.757823+00:00,6.859553,success
CBSPAN-20260728-b26b2f72b468a1e7fbc9b624,rating_lane_004,live,1,2026-07-29T02:45:39.757824+00:00,6.286099,success
CBSPAN-20260728-0333a012e2f750d6318bfca1,rating_lane_004,live,1,2026-07-29T02:45:39.757825+00:00,7.257252,success
CBSPAN-20260728-5756286c00a0ecfecd5744bd,rating_lane_004,live,1,2026-07-29T02:45:39.757826+00:00,7.732075,success
CBSPAN-20260728-883e8f0041bd6772bfd7dc57,rating_lane_004,live,1,2026-07-29T02:45:39.757828+00:00,8.142834,success
CBSPAN-20260728-1b9adfcb8215fe126d64eedb,rating_lane_004,live,1,2026-07-29T02:45:39.757829+00:00,8.499042,success
CBSPAN-20260728-a8cf684093e89193587d91b9,rating_lane_004,live,1,2026-07-29T02:45:39.757830+00:00,9.206900,success
CBSPAN-20260728-85f4637de6b4e131b43b71b5,rating_lane_004,live,1,2026-07-29T02:45:39.757831+00:00,9.005902,success
CBSPAN-20260728-9f1ea124d3e211990ef5dfb4,rating_lane_004,live,1,2026-07-29T02:45:39.757832+00:00,8.452675,success
CBSPAN-20260728-5fcbba24e1cea1047d003257,rating_lane_004,live,1,2026-07-29T02:45:39.757834+00:00,8.610971,success
CBSPAN-20260728-0a7755733b32049263938c5f,rating_lane_004,live,1,2026-07-29T02:45:39.757835+00:00,10.288837,success
CBSPAN-20260728-7979230131572b065a6c23f3,rating_lane_004,live,1,2026-07-29T02:45:39.757836+00:00,10.357888,success
CBSPAN-20260728-d210f10ec62c40609e2bd475,rating_lane_004,live,1,2026-07-29T02:45:39.757837+00:00,10.118423,success
CBSPAN-20260728-5dc014412bb7309515e3224e,rating_lane_004,live,1,2026-07-29T02:45:39.757839+00:00,10.901460,success
CBSPAN-20260728-5a1d86a526ec0bd04b350696,rating_lane_004,live,1,2026-07-29T02:45:39.757840+00:00,10.649771,success
CBSPAN-20260728-209dca4fe3271d1c46be2b19,rating_lane_004,live,1,2026-07-29T02:45:39.757841+00:00,10.794911,success
CBSPAN-20260728-17f994e64de88e95d317f30d,rating_lane_004,live,1,2026-07-29T02:45:50.778078+00:00,2.135127,success
CBSPAN-20260728-07c23c197bf7b3bb9c82e77f,rating_lane_004,live,1,2026-07-29T02:45:50.778113+00:00,2.681751,success
CBSPAN-20260728-dd090c14f40dc1cdaa4d9703,rating_lane_004,live,1,2026-07-29T02:45:50.778122+00:00,1.952108,success
CBSPAN-20260728-2a456aff4bdf01e13c4636d8,rating_lane_004,live,1,2026-07-29T02:45:50.778130+00:00,2.388536,success
CBSPAN-20260728-3df05ace756bed6a44029bdb,rating_lane_004,live,1,2026-07-29T02:45:50.778137+00:00,1.945518,success
CBSPAN-20260728-927fa68021adf56b4feac1d7,rating_lane_004,live,1,2026-07-29T02:45:50.778143+00:00,2.388699,success
CBSPAN-20260728-1a8544e7d73b5c58c4998cde,rating_lane_004,live,1,2026-07-29T02:45:50.778149+00:00,2.474934,success
CBSPAN-20260728-5e740cbe0e1a14a1b468674e,rating_lane_004,live,1,2026-07-29T02:45:50.778215+00:00,2.715358,success
CBSPAN-20260728-832deb368e7e265d88316119,rating_lane_004,live,1,2026-07-29T02:45:50.778223+00:00,3.923645,success
CBSPAN-20260728-4b461bf2643f1604dacf1dae,rating_lane_004,live,1,2026-07-29T02:45:50.778226+00:00,4.006881,success
CBSPAN-20260728-db163e3e0781ae47bbabad26,rating_lane_004,live,1,2026-07-29T02:45:50.778228+00:00,4.645139,success
CBSPAN-20260728-f7c125ddb34499a90d018c2b,rating_lane_004,live,1,2026-07-29T02:45:50.778229+00:00,5.284325,success
CBSPAN-20260728-ca252807b9b0c55d552ac5b5,rating_lane_004,live,1,2026-07-29T02:45:50.778231+00:00,4.645018,success
CBSPAN-20260728-46f5e82046b780fc2fc4bd18,rating_lane_004,live,1,2026-07-29T02:45:50.778232+00:00,5.021321,success
CBSPAN-20260728-4ea5454259d403ed818dc866,rating_lane_004,live,1,2026-07-29T02:45:50.778234+00:00,5.465715,success
CBSPAN-20260728-383581b863e55bd206296111,rating_lane_004,live,1,2026-07-29T02:45:50.778235+00:00,5.108800,success
CBSPAN-20260728-ab12047f7fe4be9356350369,rating_lane_004,live,1,2026-07-29T02:45:50.778236+00:00,8.429231,success
CBSPAN-20260728-3d3bec732d152f984688a81e,rating_lane_004,live,1,2026-07-29T02:45:50.778238+00:00,6.815870,success
CBSPAN-20260728-779b4c32537ba601ab9d772c,rating_lane_004,live,1,2026-07-29T02:45:50.778240+00:00,6.948889,success
CBSPAN-20260728-d7b253a2cfa58a00fc2ba4f0,rating_lane_004,live,1,2026-07-29T02:45:50.778241+00:00,6.917769,success
CBSPAN-20260728-2c406fc7f772a78a12dcdccd,rating_lane_004,live,1,2026-07-29T02:45:50.778242+00:00,7.577287,success
CBSPAN-20260728-77eb8a1e4b17de6b8eb60017,rating_lane_004,live,1,2026-07-29T02:45:50.778244+00:00,8.176582,success
CBSPAN-20260728-752cdf8a84a6e7304a570e7d,rating_lane_004,live,1,2026-07-29T02:45:50.778245+00:00,7.217964,success
CBSPAN-20260728-2c83bc3e373523579b0f2955,rating_lane_004,live,1,2026-07-29T02:45:50.778246+00:00,7.920852,success
CBSPAN-20260728-e18e2bf98e1bfa525f4a0792,rating_lane_004,live,1,2026-07-29T02:45:50.778248+00:00,9.276226,success
CBSPAN-20260728-497a59213bc109d33f66bf82,rating_lane_004,live,1,2026-07-29T02:45:50.778249+00:00,9.351513,success
CBSPAN-20260728-051d0487d1c8f641e24fb419,rating_lane_004,live,1,2026-07-29T02:45:50.778251+00:00,10.018371,success
CBSPAN-20260728-46745e7740d7620bb4f3f539,rating_lane_004,live,1,2026-07-29T02:45:50.778252+00:00,9.967264,success
CBSPAN-20260728-abac020f6cdb1b023ceab3d3,rating_lane_004,live,1,2026-07-29T02:45:50.778253+00:00,9.763827,success
CBSPAN-20260728-fa2017529c0ac9b498f2766c,rating_lane_004,live,1,2026-07-29T02:45:50.778255+00:00,10.813642,success
CBSPAN-20260728-722ea906efae42587f2c1632,rating_lane_004,live,1,2026-07-29T02:45:50.778256+00:00,10.923845,success
CBSPAN-20260728-e9f88bf16d575f1e0c299275,rating_lane_004,live,1,2026-07-29T02:45:50.778258+00:00,11.129716,success
CBSPAN-20260728-103414e963a964ddae013ff0,rating_lane_004,live,1,2026-07-29T02:46:02.019978+00:00,2.298720,success
CBSPAN-20260728-1185abcc4da0e5a85538750f,rating_lane_004,live,1,2026-07-29T02:46:02.020007+00:00,2.294918,success
CBSPAN-20260728-2790e21ff55565eaa5bc1913,rating_lane_004,live,1,2026-07-29T02:46:02.020015+00:00,2.827414,success
CBSPAN-20260728-66972b284d8aa929a952b155,rating_lane_004,live,1,2026-07-29T02:46:02.020022+00:00,2.107966,success
CBSPAN-20260728-312524b7c50e659e8e94dc63,rating_lane_004,live,1,2026-07-29T02:46:02.020029+00:00,2.748636,success
CBSPAN-20260728-ee59b2e9be900d201653a46f,rating_lane_004,live,1,2026-07-29T02:46:02.020036+00:00,2.411296,success
CBSPAN-20260728-47d310a01ba56f99570dc5ae,rating_lane_004,live,1,2026-07-29T02:46:02.020044+00:00,2.485510,success
CBSPAN-20260728-821956d0a25b867101b1b648,rating_lane_004,live,1,2026-07-29T02:46:02.020112+00:00,3.130190,success
CBSPAN-20260728-395dbf5f6fd05cba28c5b809,rating_lane_004,live,1,2026-07-29T02:46:02.020119+00:00,4.574606,success
CBSPAN-20260728-98ebb9165c9e14b389cbde7d,rating_lane_004,live,1,2026-07-29T02:46:02.020123+00:00,4.504413,success
CBSPAN-20260728-08bfab7c8d25ed78b75bcb57,rating_lane_004,live,1,2026-07-29T02:46:02.020125+00:00,4.501837,success
CBSPAN-20260728-ce338116caeacb1a65ed1fba,rating_lane_004,live,1,2026-07-29T02:46:02.020127+00:00,4.684892,success
CBSPAN-20260728-31c9e747c23862693d4647cf,rating_lane_004,live,1,2026-07-29T02:46:02.020128+00:00,5.164264,success
CBSPAN-20260728-3bbf1093656cb941b500cddb,rating_lane_004,live,1,2026-07-29T02:46:02.020130+00:00,5.147514,success
CBSPAN-20260728-5087188ccf8740f0f30eb2ff,rating_lane_004,live,1,2026-07-29T02:46:02.020131+00:00,5.039310,success
CBSPAN-20260728-c7594dbf64fd6283d373ef0a,rating_lane_004,live,1,2026-07-29T02:46:02.020133+00:00,5.823473,success
CBSPAN-20260728-3e2e44bbf928cd52b66bc5f9,rating_lane_004,live,1,2026-07-29T02:46:02.020134+00:00,6.879726,success
CBSPAN-20260728-33de0fd392a36a690ae9494c,rating_lane_004,live,1,2026-07-29T02:46:02.020135+00:00,7.305150,success
CBSPAN-20260728-0a3e0e12e713f315ff284469,rating_lane_004,live,1,2026-07-29T02:46:02.020137+00:00,6.934606,success
CBSPAN-20260728-436aca4fd288d96fd512e83c,rating_lane_004,live,1,2026-07-29T02:46:02.020138+00:00,6.726776,success
CBSPAN-20260728-a939826a4f6435cbef231fc1,rating_lane_004,live,1,2026-07-29T02:46:02.020140+00:00,7.449219,success
CBSPAN-20260728-5c5057326743df1997013213,rating_lane_004,live,1,2026-07-29T02:46:02.020141+00:00,7.111123,success
CBSPAN-20260728-71cbfbfff25ef0892b813a9b,rating_lane_004,live,1,2026-07-29T02:46:02.020143+00:00,7.862549,success
CBSPAN-20260728-17cb13ffed8e5931e98a2276,rating_lane_004,live,1,2026-07-29T02:46:02.020144+00:00,8.071466,success
CBSPAN-20260728-9891666d767a441016132abd,rating_lane_004,live,1,2026-07-29T02:46:02.020145+00:00,8.433755,success
CBSPAN-20260728-ccda6ee09885ddeb6e4d6abc,rating_lane_004,live,1,2026-07-29T02:46:02.020147+00:00,9.274012,success
CBSPAN-20260728-0e47298824f564ddbc26b431,rating_lane_004,live,1,2026-07-29T02:46:02.020148+00:00,8.967296,success
CBSPAN-20260728-9f08e34deaf1809acf0b4e9b,rating_lane_004,live,1,2026-07-29T02:46:02.020150+00:00,10.300070,success
CBSPAN-20260728-26f6cbba69a20192ef5cb6f6,rating_lane_004,live,1,2026-07-29T02:46:02.020151+00:00,9.802202,success
CBSPAN-20260728-d85f831f306cac476fd84486,rating_lane_004,live,1,2026-07-29T02:46:02.020152+00:00,9.684890,success
CBSPAN-20260728-c030129267e4a24f2a59e4ad,rating_lane_004,live,1,2026-07-29T02:46:02.020154+00:00,10.668206,success
CBSPAN-20260728-b5ab600cab571522b91ff076,rating_lane_004,live,1,2026-07-29T02:46:02.020155+00:00,10.869611,success
CBSPAN-20260728-9c99ae79f63fc3a87bcc6e6d,rating_lane_004,live,1,2026-07-29T02:46:12.982413+00:00,2.308653,success
CBSPAN-20260728-31a13685f8773dc85e333318,rating_lane_004,live,1,2026-07-29T02:46:12.982441+00:00,2.596749,success
CBSPAN-20260728-3ad5bea2f4a818a0576f2807,rating_lane_004,live,1,2026-07-29T02:46:12.982449+00:00,2.752811,success
CBSPAN-20260728-7b802dfd8c4b11ee1a113818,rating_lane_004,live,1,2026-07-29T02:46:12.982455+00:00,2.323196,success
CBSPAN-20260728-e2400348d3865c7f12f65935,rating_lane_004,live,1,2026-07-29T02:46:12.982462+00:00,3.218379,success
CBSPAN-20260728-5bdce61c7a907142d7382010,rating_lane_004,live,1,2026-07-29T02:46:12.982467+00:00,2.904846,success
CBSPAN-20260728-78bbe3d4c11e562d830bda56,rating_lane_004,live,1,2026-07-29T02:46:12.982473+00:00,2.286779,success
CBSPAN-20260728-9d531caa1a85d4758c3f0d3f,rating_lane_004,live,1,2026-07-29T02:46:12.982528+00:00,3.720492,success
CBSPAN-20260728-18ed4e2e5c035f5da1fef056,rating_lane_004,live,1,2026-07-29T02:46:12.982535+00:00,4.966535,success
CBSPAN-20260728-992367c1ac0f8a746a494eea,rating_lane_004,live,1,2026-07-29T02:46:12.982538+00:00,5.955664,success
CBSPAN-20260728-42646074a2cfc2213cd951be,rating_lane_004,live,1,2026-07-29T02:46:12.982539+00:00,5.376949,success
CBSPAN-20260728-06ff4de3a6f87c6486c1034f,rating_lane_004,live,1,2026-07-29T02:46:12.982541+00:00,6.339306,success
CBSPAN-20260728-abe2177f799f2843abd57e21,rating_lane_004,live,1,2026-07-29T02:46:12.982542+00:00,5.492090,success
CBSPAN-20260728-c316bc29c6443f47f478eeb3,rating_lane_004,live,1,2026-07-29T02:46:12.982543+00:00,5.115488,success
CBSPAN-20260728-2e3f273375d6bfdad3e82079,rating_lane_004,live,1,2026-07-29T02:46:12.982544+00:00,5.030221,success
CBSPAN-20260728-3ca966015dca4907133782cb,rating_lane_004,live,1,2026-07-29T02:46:12.982546+00:00,5.925281,success
CBSPAN-20260728-04078cebdf9aeddc65ba339c,rating_lane_004,live,1,2026-07-29T02:46:12.982547+00:00,8.450604,success
CBSPAN-20260728-a126b6caba4d511978c831d7,rating_lane_004,live,1,2026-07-29T02:46:12.982548+00:00,7.703762,success
CBSPAN-20260728-2422a6ec113455d830f09de7,rating_lane_004,live,1,2026-07-29T02:46:12.982549+00:00,8.971353,success
CBSPAN-20260728-51e544f7b7a64496956f49b4,rating_lane_004,live,1,2026-07-29T02:46:12.982550+00:00,8.897256,success
CBSPAN-20260728-cc0d2167b086d1c6a6014ce9,rating_lane_004,live,1,2026-07-29T02:46:12.982551+00:00,7.426160,success
CBSPAN-20260728-b1a2eddfa581edf531d3def8,rating_lane_004,live,1,2026-07-29T02:46:12.982553+00:00,8.167514,success
CBSPAN-20260728-1bce3fbca2237f669df70365,rating_lane_004,live,1,2026-07-29T02:46:12.982554+00:00,8.120705,success
CBSPAN-20260728-fe6c911eb4b66f500269b637,rating_lane_004,live,1,2026-07-29T02:46:12.982555+00:00,8.450788,success
CBSPAN-20260728-84f0d8b8c3b6963d1def515f,rating_lane_004,live,1,2026-07-29T02:46:12.982556+00:00,10.562482,success
CBSPAN-20260728-2e24ed1a7bcca7880ee39dd1,rating_lane_004,live,1,2026-07-29T02:46:12.982558+00:00,10.418935,success
CBSPAN-20260728-df664889a5dc12a425d911c9,rating_lane_004,live,1,2026-07-29T02:46:12.982559+00:00,12.322999,success
CBSPAN-20260728-a56d5a69ef66463bb0fec34e,rating_lane_004,live,1,2026-07-29T02:46:12.982560+00:00,10.595879,success
CBSPAN-20260728-8a745c398991c9383a58b198,rating_lane_004,live,1,2026-07-29T02:46:12.982561+00:00,10.245294,success
CBSPAN-20260728-0cba9410d53378e9325556e7,rating_lane_004,live,1,2026-07-29T02:46:12.982563+00:00,11.070744,success
CBSPAN-20260728-174aff8a28d347c3e4f3a91f,rating_lane_004,live,1,2026-07-29T02:46:12.982564+00:00,12.323143,success
CBSPAN-20260728-c8a0d8e94b3be9041056be91,rating_lane_004,live,1,2026-07-29T02:46:12.982565+00:00,11.213832,success
CBSPAN-20260728-78bbe3d4c11e562d830bda56,rating_lane_004,live,2,2026-07-29T02:46:25.319201+00:00,2.764180,success
CBSPAN-20260728-3ca966015dca4907133782cb,rating_lane_004,live,2,2026-07-29T02:46:25.319324+00:00,3.613837,success
CBSPAN-20260728-49a6b7cdae7d85416ccccf16,rating_lane_004,live,1,2026-07-29T02:46:29.053580+00:00,2.221392,success
CBSPAN-20260728-3f0c34006ce49b9b0f97cd87,rating_lane_004,live,1,2026-07-29T02:46:29.053608+00:00,2.574980,success
CBSPAN-20260728-2f6775480944ba3607e01bb4,rating_lane_004,live,1,2026-07-29T02:46:29.053616+00:00,2.774361,success
CBSPAN-20260728-d43d18a1d24908f537291f35,rating_lane_004,live,1,2026-07-29T02:46:29.053623+00:00,2.865607,success
CBSPAN-20260728-b53c2c3c55a68c8181e72064,rating_lane_004,live,1,2026-07-29T02:46:29.053629+00:00,3.106158,success
CBSPAN-20260728-29cee609ab72e6d493bfa82b,rating_lane_004,live,1,2026-07-29T02:46:29.053635+00:00,2.819286,success
CBSPAN-20260728-2b8fcb9e980a376a76039db3,rating_lane_004,live,1,2026-07-29T02:46:29.053639+00:00,2.620361,success
CBSPAN-20260728-514fd567e14e65a732837151,rating_lane_004,live,1,2026-07-29T02:46:29.053645+00:00,2.975230,success
CBSPAN-20260728-de3d9fc24eed9f6a8a992cba,rating_lane_004,live,1,2026-07-29T02:46:29.053651+00:00,4.539928,success
CBSPAN-20260728-a82f0be06756758a6402f18e,rating_lane_004,live,1,2026-07-29T02:46:29.053654+00:00,5.574798,success
CBSPAN-20260728-68c7396f255e4100da94ddf4,rating_lane_004,live,1,2026-07-29T02:46:29.053655+00:00,4.817307,success
CBSPAN-20260728-ecb67319a65f057335b7528b,rating_lane_004,live,1,2026-07-29T02:46:29.053657+00:00,5.349874,success
CBSPAN-20260728-c43e2f082a725f4c20589897,rating_lane_004,live,1,2026-07-29T02:46:29.053658+00:00,6.604823,success
CBSPAN-20260728-2b1d50b24781aaa7d0972f90,rating_lane_004,live,1,2026-07-29T02:46:29.053659+00:00,5.130545,success
CBSPAN-20260728-fbebc3ac5c2a43aa4e194653,rating_lane_004,live,1,2026-07-29T02:46:29.053661+00:00,5.316811,success
CBSPAN-20260728-970c0d1148751ff941eedb49,rating_lane_004,live,1,2026-07-29T02:46:29.053662+00:00,6.234933,success
CBSPAN-20260728-96f7fc8aea09041c37453071,rating_lane_004,live,1,2026-07-29T02:46:29.053663+00:00,8.798458,success
CBSPAN-20260728-1742ef2e6add02f7fa34c4fe,rating_lane_004,live,1,2026-07-29T02:46:29.053665+00:00,7.223966,success
CBSPAN-20260728-6d0f92a469b7cc1bea1871e9,rating_lane_004,live,1,2026-07-29T02:46:29.053666+00:00,8.454178,success
CBSPAN-20260728-c3d3485b2408c61d9974cbb2,rating_lane_004,live,1,2026-07-29T02:46:29.053667+00:00,7.988545,success
CBSPAN-20260728-8f2067a9ca3f654ed71ec878,rating_lane_004,live,1,2026-07-29T02:46:29.053669+00:00,8.092224,success
CBSPAN-20260728-490c5fdc26792ae23a90ad7b,rating_lane_004,live,1,2026-07-29T02:46:29.053670+00:00,7.811951,success
CBSPAN-20260728-2095cd6c41d02633755ec1db,rating_lane_004,live,1,2026-07-29T02:46:29.053671+00:00,9.232688,success
CBSPAN-20260728-247f4732c29df816b5b3742f,rating_lane_004,live,1,2026-07-29T02:46:29.053672+00:00,9.679857,success
CBSPAN-20260728-b882d8ac383231dc661a893c,rating_lane_004,live,1,2026-07-29T02:46:29.053674+00:00,9.827575,success
CBSPAN-20260728-d23c780321d4b1da895b87ab,rating_lane_004,live,1,2026-07-29T02:46:29.053675+00:00,10.159403,success
CBSPAN-20260728-3642983ab975b05bd8c14774,rating_lane_004,live,1,2026-07-29T02:46:29.053676+00:00,10.181824,success
CBSPAN-20260728-34c52a395f526bbbcec551e4,rating_lane_004,live,1,2026-07-29T02:46:29.053678+00:00,9.925402,success
CBSPAN-20260728-5a33511daf8fc3b4d0c34dd1,rating_lane_004,live,1,2026-07-29T02:46:29.053679+00:00,12.953891,success
CBSPAN-20260728-647470d143f0efd7135db53a,rating_lane_004,live,1,2026-07-29T02:46:29.053680+00:00,10.705820,success
CBSPAN-20260728-81dbc4d9e2d4437143697193,rating_lane_004,live,1,2026-07-29T02:46:29.053681+00:00,11.778159,success
CBSPAN-20260728-46bd7348631d9b806077c0d1,rating_lane_004,live,1,2026-07-29T02:46:29.053683+00:00,11.523729,success
CBSPAN-20260728-8649b6e2aaf4b3abb92329e2,rating_lane_004,live,1,2026-07-29T02:46:42.125557+00:00,2.448448,success
CBSPAN-20260728-29a66b42aee4f220319e1cfd,rating_lane_004,live,1,2026-07-29T02:46:42.125584+00:00,3.098176,success
CBSPAN-20260728-b009ff30d60252e9341e695e,rating_lane_004,live,1,2026-07-29T02:46:42.125592+00:00,2.573611,success
CBSPAN-20260728-1fa2920a925a3db0f1802ec3,rating_lane_004,live,1,2026-07-29T02:46:42.125599+00:00,2.344913,success
CBSPAN-20260728-8a4775f3d9c11b01141980c1,rating_lane_004,live,1,2026-07-29T02:46:42.125608+00:00,3.541218,success
CBSPAN-20260728-6757ed4995dd12c311988f0d,rating_lane_004,live,1,2026-07-29T02:46:42.125616+00:00,2.752571,success
CBSPAN-20260728-425aeb5b18edeb822e7d7fc5,rating_lane_004,live,1,2026-07-29T02:46:42.125623+00:00,2.461538,success
CBSPAN-20260728-27d45c6405b5d6e50875116b,rating_lane_004,live,1,2026-07-29T02:46:42.125678+00:00,3.207024,success
CBSPAN-20260728-090c3fe7f3ae80f5b979e9c7,rating_lane_004,live,1,2026-07-29T02:46:42.125685+00:00,8.164099,success
CBSPAN-20260728-9651af80b4cb357922a9ccc3,rating_lane_004,live,1,2026-07-29T02:46:42.125688+00:00,5.109280,success
CBSPAN-20260728-77a219aca52bdfa05e57bbbd,rating_lane_004,live,1,2026-07-29T02:46:42.125690+00:00,5.604192,success
CBSPAN-20260728-f5707975a39555682cc67d1f,rating_lane_004,live,1,2026-07-29T02:46:42.125691+00:00,5.552628,success
CBSPAN-20260728-21848195736f3d81d89a7315,rating_lane_004,live,1,2026-07-29T02:46:42.125692+00:00,4.616912,success
CBSPAN-20260728-2120458d14af85e1c17a730f,rating_lane_004,live,1,2026-07-29T02:46:42.125694+00:00,5.317835,success
CBSPAN-20260728-7302c99ac484656d8205ba20,rating_lane_004,live,1,2026-07-29T02:46:42.125695+00:00,5.515204,success
CBSPAN-20260728-c73c31889573960e5047c6f0,rating_lane_004,live,1,2026-07-29T02:46:42.125696+00:00,5.682140,success
CBSPAN-20260728-050143f432130b39767a0103,rating_lane_004,live,1,2026-07-29T02:46:42.125698+00:00,6.747586,success
CBSPAN-20260728-a8248f82ee37ebabb3bf770b,rating_lane_004,live,1,2026-07-29T02:46:42.125699+00:00,7.258315,success
CBSPAN-20260728-bc7e7453d4949fbf1aa000b8,rating_lane_004,live,1,2026-07-29T02:46:42.125701+00:00,7.393817,success
CBSPAN-20260728-b7275bb4a023008a75b3158b,rating_lane_004,live,1,2026-07-29T02:46:42.125702+00:00,7.691326,success
CBSPAN-20260728-ade2684ccfc4c43737061d45,rating_lane_004,live,1,2026-07-29T02:46:42.125703+00:00,7.773991,success
CBSPAN-20260728-57a448cd406dce0b4f2af457,rating_lane_004,live,1,2026-07-29T02:46:42.125705+00:00,8.423653,success
CBSPAN-20260728-8d0b7dca405775de4093a401,rating_lane_004,live,1,2026-07-29T02:46:42.125706+00:00,7.901468,success
CBSPAN-20260728-7a1dde28f5eb05fc42b2bb1b,rating_lane_004,live,1,2026-07-29T02:46:42.125707+00:00,9.013378,success
CBSPAN-20260728-a87aa9516368883cdac8fff4,rating_lane_004,live,1,2026-07-29T02:46:42.125709+00:00,10.287031,success
CBSPAN-20260728-7ee43253a422c5fe36893e08,rating_lane_004,live,1,2026-07-29T02:46:42.125710+00:00,9.762741,success
CBSPAN-20260728-6fd74e2681b5a55688089eec,rating_lane_004,live,1,2026-07-29T02:46:42.125711+00:00,9.996738,success
CBSPAN-20260728-6040819999f5c530983c944f,rating_lane_004,live,1,2026-07-29T02:46:42.125713+00:00,9.796073,success
CBSPAN-20260728-cf229b5ffcf6f0ca6490dd54,rating_lane_004,live,1,2026-07-29T02:46:42.125714+00:00,10.137262,success
CBSPAN-20260728-03f9997824c72314b5cca8ed,rating_lane_004,live,1,2026-07-29T02:46:42.125715+00:00,10.570818,success
CBSPAN-20260728-2306724ff936ae6daeda7137,rating_lane_004,live,1,2026-07-29T02:46:42.125717+00:00,10.570740,success
CBSPAN-20260728-7858ab721a2864ca841b5b01,rating_lane_004,live,1,2026-07-29T02:46:42.125718+00:00,10.943979,success
CBSPAN-20260728-3707f9b5336153851886cb1b,rating_lane_004,live,1,2026-07-29T02:46:53.171855+00:00,2.728400,success
CBSPAN-20260728-73346e9291e74bac69116432,rating_lane_004,live,1,2026-07-29T02:46:53.171935+00:00,2.981484,success
CBSPAN-20260728-2c96c531a7ce8fc8300a5abb,rating_lane_004,live,1,2026-07-29T02:46:53.171958+00:00,2.189892,success
CBSPAN-20260728-4392201953429bb25d6bdcb1,rating_lane_004,live,1,2026-07-29T02:46:53.171978+00:00,2.358167,success
CBSPAN-20260728-9e5ca1a3abcafc55fb3b6249,rating_lane_004,live,1,2026-07-29T02:46:53.171995+00:00,2.358295,success
CBSPAN-20260728-c51819066ad2e2c0c345a73b,rating_lane_004,live,1,2026-07-29T02:46:53.172036+00:00,2.446040,success
CBSPAN-20260728-f8ccbff94d8477b8bd852b51,rating_lane_004,live,1,2026-07-29T02:46:53.172063+00:00,2.761802,success
CBSPAN-20260728-0a64a3573110ea86215b7adf,rating_lane_004,live,1,2026-07-29T02:46:53.172241+00:00,2.024656,success
CBSPAN-20260728-712d56d2aa83c74697f326ca,rating_lane_004,live,1,2026-07-29T02:46:53.172264+00:00,5.007903,success
CBSPAN-20260728-13dda96de056f61402ceaa3f,rating_lane_004,live,1,2026-07-29T02:46:53.172272+00:00,8.789527,success
CBSPAN-20260728-a221e79d0f98e823d1aab88e,rating_lane_004,live,1,2026-07-29T02:46:53.172276+00:00,5.871047,success
CBSPAN-20260728-7dca3b1d6f824d3271b8d4f9,rating_lane_004,live,1,2026-07-29T02:46:53.172280+00:00,4.950675,success
CBSPAN-20260728-dcb0d31871cff45523584bf5,rating_lane_004,live,1,2026-07-29T02:46:53.172284+00:00,4.937474,success
CBSPAN-20260728-9aa1fbc02d84cdca8f0f5e5d,rating_lane_004,live,1,2026-07-29T02:46:53.172288+00:00,5.219017,success
CBSPAN-20260728-d6430c2c4b34477525bef1ae,rating_lane_004,live,1,2026-07-29T02:46:53.172291+00:00,4.635411,success
CBSPAN-20260728-1e5973048a5f95829b1afe6f,rating_lane_004,live,1,2026-07-29T02:46:53.172295+00:00,6.759665,success
CBSPAN-20260728-bf1671a0aa69098e956c98bf,rating_lane_004,live,1,2026-07-29T02:46:53.172299+00:00,8.100547,success
CBSPAN-20260728-a1d0b84710b09cecf401daaa,rating_lane_004,live,1,2026-07-29T02:46:53.172302+00:00,6.968168,success
CBSPAN-20260728-aa8bf117ae02544b13317415,rating_lane_004,live,1,2026-07-29T02:46:53.172306+00:00,7.498619,success
CBSPAN-20260728-733c59eeabb4491f286b72bf,rating_lane_004,live,1,2026-07-29T02:46:53.172309+00:00,7.214262,success
CBSPAN-20260728-3a4744142c2dd6d5d3b4d8e6,rating_lane_004,live,1,2026-07-29T02:46:53.172312+00:00,7.056909,success
CBSPAN-20260728-ca592b498db284ce53181bc6,rating_lane_004,live,1,2026-07-29T02:46:53.172316+00:00,8.245126,success
CBSPAN-20260728-bf05573672ed9903e15081d6,rating_lane_004,live,1,2026-07-29T02:46:53.172319+00:00,9.002507,success
CBSPAN-20260728-e7099e4535dd4a4fa2054039,rating_lane_004,live,1,2026-07-29T02:46:53.172323+00:00,9.482692,success
CBSPAN-20260728-df14244da96b654e7e18e43d,rating_lane_004,live,1,2026-07-29T02:46:53.172326+00:00,10.521487,success
CBSPAN-20260728-f574e9bbde92de7599f044ba,rating_lane_004,live,1,2026-07-29T02:46:53.172329+00:00,10.191721,success
CBSPAN-20260728-2c175f631d4dfae73590e2c9,rating_lane_004,live,1,2026-07-29T02:46:53.172333+00:00,10.078691,success
CBSPAN-20260728-3b7dd22c5023d9ba02531e92,rating_lane_004,live,1,2026-07-29T02:46:53.172336+00:00,10.933355,success
CBSPAN-20260728-40bafb77b98fd4261ab9fe0d,rating_lane_004,live,1,2026-07-29T02:46:53.172340+00:00,11.239472,success
CBSPAN-20260728-e953a8df23890655e8c964b9,rating_lane_004,live,1,2026-07-29T02:46:53.172343+00:00,11.181365,success
CBSPAN-20260728-166f4a695032a063eafcfea3,rating_lane_004,live,1,2026-07-29T02:46:53.172347+00:00,11.516092,success
CBSPAN-20260728-5f6f0e4a7d07682ff1ddf53b,rating_lane_004,live,1,2026-07-29T02:46:53.172350+00:00,12.241022,success
CBSPAN-20260728-ea7f2b095579816330ef2923,rating_lane_004,live,1,2026-07-29T02:47:05.529691+00:00,2.926237,success
CBSPAN-20260728-9a452b4e75bdf0b2a1eadb58,rating_lane_004,live,1,2026-07-29T02:47:05.529718+00:00,2.231772,success
CBSPAN-20260728-3cc3248ed3bcdc8e7727eea3,rating_lane_004,live,1,2026-07-29T02:47:05.529727+00:00,2.530454,success
CBSPAN-20260728-6763ee79225a002accb8a889,rating_lane_004,live,1,2026-07-29T02:47:05.529734+00:00,2.786300,success
CBSPAN-20260728-1a1acb5f8196a0970dca7bce,rating_lane_004,live,1,2026-07-29T02:47:05.529740+00:00,2.893743,success
CBSPAN-20260728-7eadcb27c6b2feba8623fdaa,rating_lane_004,live,1,2026-07-29T02:47:05.529746+00:00,2.148131,success
CBSPAN-20260728-548b558723777b90dc2c0e5e,rating_lane_004,live,1,2026-07-29T02:47:05.529752+00:00,3.122303,success
CBSPAN-20260728-56a28cc5774b03a5670e7043,rating_lane_004,live,1,2026-07-29T02:47:05.529807+00:00,2.689869,success
CBSPAN-20260728-3b32cfdaa6ff513662384eb6,rating_lane_004,live,1,2026-07-29T02:47:05.529813+00:00,4.938845,success
CBSPAN-20260728-795a6492db91883ab2f2ae04,rating_lane_004,live,1,2026-07-29T02:47:05.529816+00:00,5.157609,success
CBSPAN-20260728-9d22033f47b1a23be5480320,rating_lane_004,live,1,2026-07-29T02:47:05.529818+00:00,6.249655,success
CBSPAN-20260728-b33939b923ac0cc1771928fc,rating_lane_004,live,1,2026-07-29T02:47:05.529820+00:00,5.357236,success
CBSPAN-20260728-cd688903a6f62ca325df0929,rating_lane_004,live,1,2026-07-29T02:47:05.529821+00:00,5.601530,success
CBSPAN-20260728-32893fe6e713813fc7950e02,rating_lane_004,live,1,2026-07-29T02:47:05.529823+00:00,4.932755,success
CBSPAN-20260728-bbe0a8166df3018d0f7bde33,rating_lane_004,live,1,2026-07-29T02:47:05.529824+00:00,4.687893,success
CBSPAN-20260728-c995169f9aced5d8b1595b29,rating_lane_004,live,1,2026-07-29T02:47:05.529826+00:00,6.275248,success
CBSPAN-20260728-7dd0b2c7a87783e45e6bf3f2,rating_lane_004,live,1,2026-07-29T02:47:05.529827+00:00,6.886693,success
CBSPAN-20260728-a487458a4a46181376499713,rating_lane_004,live,1,2026-07-29T02:47:05.529828+00:00,8.077598,success
CBSPAN-20260728-622e55f96100626612d00165,rating_lane_004,live,1,2026-07-29T02:47:05.529830+00:00,7.666436,success
CBSPAN-20260728-695b2819fca3f048b8af2159,rating_lane_004,live,1,2026-07-29T02:47:05.529831+00:00,8.422204,success
CBSPAN-20260728-42c4b2afb0ef1fcec1153419,rating_lane_004,live,1,2026-07-29T02:47:05.529833+00:00,8.410792,success
CBSPAN-20260728-1678e63a2790d4d42496a4f4,rating_lane_004,live,1,2026-07-29T02:47:05.529834+00:00,8.224141,success
CBSPAN-20260728-8d16994d55be7c067cbe69bf,rating_lane_004,live,1,2026-07-29T02:47:05.529835+00:00,9.372093,success
CBSPAN-20260728-d3e8cfe3bb151a1a700a582e,rating_lane_004,live,1,2026-07-29T02:47:05.529837+00:00,9.057801,success
CBSPAN-20260728-c8773924624441cf221e2cc4,rating_lane_004,live,1,2026-07-29T02:47:05.529838+00:00,9.420037,success
CBSPAN-20260728-a251c54346513f3673179ec9,rating_lane_004,live,1,2026-07-29T02:47:05.529839+00:00,10.953857,success
CBSPAN-20260728-86ee8f0b2fa1f05d381d761e,rating_lane_004,live,1,2026-07-29T02:47:05.529841+00:00,10.740721,success
CBSPAN-20260728-9c3f9bd0d2e37053875020e8,rating_lane_004,live,1,2026-07-29T02:47:05.529842+00:00,10.796196,success
CBSPAN-20260728-a051161d7394dbf251f55596,rating_lane_004,live,1,2026-07-29T02:47:05.529843+00:00,11.059057,success
CBSPAN-20260728-8ebf21613f94421cd0574940,rating_lane_004,live,1,2026-07-29T02:47:05.529845+00:00,10.950022,success
CBSPAN-20260728-b697b231ec72994e6a1b3c87,rating_lane_004,live,1,2026-07-29T02:47:05.529846+00:00,11.834801,success
CBSPAN-20260728-391c40ee8df2b902c541454c,rating_lane_004,live,1,2026-07-29T02:47:05.529847+00:00,12.594137,success
CBSPAN-20260728-a051161d7394dbf251f55596,rating_lane_004,live,2,2026-07-29T02:47:18.137939+00:00,2.277207,success
CBSPAN-20260728-8310b7e1f434a2021a1c923f,rating_lane_004,live,1,2026-07-29T02:47:20.535091+00:00,2.592737,success
CBSPAN-20260728-747fd7649b37a76a407b92bc,rating_lane_004,live,1,2026-07-29T02:47:20.535119+00:00,2.233858,success
CBSPAN-20260728-53e649b8c9c8611698900208,rating_lane_004,live,1,2026-07-29T02:47:20.535127+00:00,2.915233,success
CBSPAN-20260728-c6a210df7dbe1c88d1b71fb9,rating_lane_004,live,1,2026-07-29T02:47:20.535188+00:00,2.233857,success
CBSPAN-20260728-c18ec94ae77674674f172056,rating_lane_004,live,1,2026-07-29T02:47:20.535197+00:00,1.924629,success
CBSPAN-20260728-f9af6ca82ff11a2ff27a5284,rating_lane_004,live,1,2026-07-29T02:47:20.535205+00:00,2.754563,success
CBSPAN-20260728-4e4c4cfd9866505963b97587,rating_lane_004,live,1,2026-07-29T02:47:20.535211+00:00,3.131403,success
CBSPAN-20260728-b216e228276cfa77db9c5c7f,rating_lane_004,live,1,2026-07-29T02:47:20.535217+00:00,2.744399,success
CBSPAN-20260728-bb9c1ba85b7c9d292e4834b6,rating_lane_004,live,1,2026-07-29T02:47:20.535222+00:00,3.972869,success
CBSPAN-20260728-59676ae9e3922d26bad1040c,rating_lane_004,live,1,2026-07-29T02:47:20.535226+00:00,4.280002,success
CBSPAN-20260728-175291712e610d0725407b66,rating_lane_004,live,1,2026-07-29T02:47:20.535228+00:00,4.687054,success
CBSPAN-20260728-6f27b15fd6d35af752a81f1b,rating_lane_004,live,1,2026-07-29T02:47:20.535229+00:00,5.301712,success
CBSPAN-20260728-182c499c7719ca5eee2f74df,rating_lane_004,live,1,2026-07-29T02:47:20.535231+00:00,7.078162,success
CBSPAN-20260728-7d09aaff99cf2d3a1b610c77,rating_lane_004,live,1,2026-07-29T02:47:20.535232+00:00,6.941685,success
CBSPAN-20260728-2a9f1419d7ffc280b998d082,rating_lane_004,live,1,2026-07-29T02:47:20.535233+00:00,5.758193,success
CBSPAN-20260728-390616730d5088f96a9f623d,rating_lane_004,live,1,2026-07-29T02:47:20.535235+00:00,5.747482,success
CBSPAN-20260728-de60cd635a59f0e09c150b4f,rating_lane_004,live,1,2026-07-29T02:47:20.535236+00:00,6.190959,success
CBSPAN-20260728-2610c47d03111e0b21fc1ec2,rating_lane_004,live,1,2026-07-29T02:47:20.535237+00:00,7.143430,success
CBSPAN-20260728-7167194423b3a5c7e703991f,rating_lane_004,live,1,2026-07-29T02:47:20.535239+00:00,8.432464,success
CBSPAN-20260728-969dc658f3e4a2f2eeb9699e,rating_lane_004,live,1,2026-07-29T02:47:20.535240+00:00,7.291772,success
CBSPAN-20260728-be07eb6a4b03f49edad56622,rating_lane_004,live,1,2026-07-29T02:47:20.535242+00:00,8.987210,success
CBSPAN-20260728-ba9983ddf6cd25ad24bdb407,rating_lane_004,live,1,2026-07-29T02:47:20.535243+00:00,8.683003,success
CBSPAN-20260728-af1bab2d49f3abcd402bdf8c,rating_lane_004,live,1,2026-07-29T02:47:20.535245+00:00,9.300224,success
CBSPAN-20260728-3997225eef2fc9ddfe79facd,rating_lane_004,live,1,2026-07-29T02:47:20.535246+00:00,9.300426,success
CBSPAN-20260728-571a3c6cbc86887b2b7dc31f,rating_lane_004,live,1,2026-07-29T02:47:20.535247+00:00,9.035787,success
CBSPAN-20260728-1f704bf408b9042931dc294d,rating_lane_004,live,1,2026-07-29T02:47:20.535249+00:00,9.300384,success
CBSPAN-20260728-fd1746e9eef02140554d49a5,rating_lane_004,live,1,2026-07-29T02:47:20.535250+00:00,10.042184,success
CBSPAN-20260728-87a400edee7a9ad4ccf15497,rating_lane_004,live,1,2026-07-29T02:47:20.535251+00:00,10.573460,success
CBSPAN-20260728-67e10bef4bec9b375aaf760a,rating_lane_004,live,1,2026-07-29T02:47:20.535253+00:00,11.181618,success
CBSPAN-20260728-ec8cdcf359d826178c9b3a81,rating_lane_004,live,1,2026-07-29T02:47:20.535254+00:00,11.365497,success
CBSPAN-20260728-6bac3e657937678123533a4e,rating_lane_004,live,1,2026-07-29T02:47:20.535256+00:00,11.599852,success
CBSPAN-20260728-c441c0849dc0a80d195c0d69,rating_lane_004,live,1,2026-07-29T02:47:20.535257+00:00,12.368671,success
CBSPAN-20260728-8011a23c1ba0907abb2ed78b,rating_lane_004,live,1,2026-07-29T02:47:33.025642+00:00,3.735773,success
CBSPAN-20260728-84ecaa04d08bfcd005479903,rating_lane_004,live,1,2026-07-29T02:47:33.025669+00:00,2.414586,success
CBSPAN-20260728-27bf17b8b7cb7e8e91e79202,rating_lane_004,live,1,2026-07-29T02:47:33.025676+00:00,2.059979,success
CBSPAN-20260728-699079d157f6f06e1ce8da83,rating_lane_004,live,1,2026-07-29T02:47:33.025683+00:00,2.542407,success
CBSPAN-20260728-1dda04d63b48c22664e1a423,rating_lane_004,live,1,2026-07-29T02:47:33.025688+00:00,2.026177,success
CBSPAN-20260728-7796aceaa00946c2a07478d0,rating_lane_004,live,1,2026-07-29T02:47:33.025694+00:00,2.347593,success
CBSPAN-20260728-9181d06d6f16a95fa295c5ed,rating_lane_004,live,1,2026-07-29T02:47:33.025699+00:00,2.498550,success
CBSPAN-20260728-99157cce3502e48bcced4890,rating_lane_004,live,1,2026-07-29T02:47:33.025752+00:00,2.595091,success
CBSPAN-20260728-e24687004f58e78ccb71cc99,rating_lane_004,live,1,2026-07-29T02:47:33.025758+00:00,4.075735,success
CBSPAN-20260728-b26995ec43b636c373b0504b,rating_lane_004,live,1,2026-07-29T02:47:33.025762+00:00,4.343887,success
CBSPAN-20260728-5d73070631de497159d11a3a,rating_lane_004,live,1,2026-07-29T02:47:33.025764+00:00,5.475144,success
CBSPAN-20260728-d70f473a3cfcd02fb0b35475,rating_lane_004,live,1,2026-07-29T02:47:33.025766+00:00,4.099577,success
CBSPAN-20260728-bccdd95ccdb78667f5188fb9,rating_lane_004,live,1,2026-07-29T02:47:33.025767+00:00,4.697574,success
CBSPAN-20260728-27b1de6622684a25b14c9def,rating_lane_004,live,1,2026-07-29T02:47:33.025769+00:00,5.200080,success
CBSPAN-20260728-8a8b1ea33b057ce375ceb798,rating_lane_004,live,1,2026-07-29T02:47:33.025771+00:00,5.032256,success
CBSPAN-20260728-690eeb340904f788e0267b38,rating_lane_004,live,1,2026-07-29T02:47:33.025772+00:00,5.963767,success
CBSPAN-20260728-25f3038e21f54d0d84d550b5,rating_lane_004,live,1,2026-07-29T02:47:33.025774+00:00,7.508075,success
CBSPAN-20260728-bd6adacdadae8eab033d3948,rating_lane_004,live,1,2026-07-29T02:47:33.025776+00:00,6.675292,success
CBSPAN-20260728-c1b941e4ca814c1d09269313,rating_lane_004,live,1,2026-07-29T02:47:33.025778+00:00,6.888649,success
CBSPAN-20260728-c8e0b1d7e84157aeb0e3f409,rating_lane_004,live,1,2026-07-29T02:47:33.025780+00:00,8.030861,success
CBSPAN-20260728-5c362bad5bae252fec6a4e28,rating_lane_004,live,1,2026-07-29T02:47:33.025781+00:00,7.092367,success
CBSPAN-20260728-75b3f3994f38d08062e8c506,rating_lane_004,live,1,2026-07-29T02:47:33.025783+00:00,7.187948,success
CBSPAN-20260728-4a732802c2aead87b9b5b07e,rating_lane_004,live,1,2026-07-29T02:47:33.025785+00:00,8.131804,success
CBSPAN-20260728-b1d97229c408100b5d97a59f,rating_lane_004,live,1,2026-07-29T02:47:33.025787+00:00,10.719733,success
CBSPAN-20260728-0ddae0739993f42876225fde,rating_lane_004,live,1,2026-07-29T02:47:33.025789+00:00,8.825097,success
CBSPAN-20260728-f4121822f8ef32dea7f53ab0,rating_lane_004,live,1,2026-07-29T02:47:33.025790+00:00,9.156225,success
CBSPAN-20260728-5cf28dca0ad7b4d4450f2f50,rating_lane_004,live,1,2026-07-29T02:47:33.025792+00:00,9.027614,success
CBSPAN-20260728-ee4bb9b3ff7b312b57ed58d0,rating_lane_004,live,1,2026-07-29T02:47:33.025794+00:00,9.801155,success
CBSPAN-20260728-cc77a4604098fb4575b5457c,rating_lane_004,live,1,2026-07-29T02:47:33.025796+00:00,10.392708,success
CBSPAN-20260728-24fde58c720343a0d0f60781,rating_lane_004,live,1,2026-07-29T02:47:33.025798+00:00,11.039704,success
CBSPAN-20260728-08043e997292b533ae3fab13,rating_lane_004,live,1,2026-07-29T02:47:33.025799+00:00,11.223332,success
CBSPAN-20260728-f22cd800ec213859dfe8c67f,rating_lane_004,live,1,2026-07-29T02:47:33.025801+00:00,12.309181,success
CBSPAN-20260728-27bf17b8b7cb7e8e91e79202,rating_lane_004,live,2,2026-07-29T02:47:45.346698+00:00,2.507800,success
CBSPAN-20260728-f7ed8c741463ef51c19832c9,rating_lane_004,live,1,2026-07-29T02:47:47.976288+00:00,1.753791,success
CBSPAN-20260728-2aab9810b4fe1dd46d5756ea,rating_lane_004,live,1,2026-07-29T02:47:47.976315+00:00,2.009651,success
CBSPAN-20260728-951577a6b05d268fa29218c0,rating_lane_004,live,1,2026-07-29T02:47:47.976323+00:00,2.644069,success
CBSPAN-20260728-a414c20c71dc926b8067ee6f,rating_lane_004,live,1,2026-07-29T02:47:47.976383+00:00,4.404981,success
CBSPAN-20260728-53bc23cbfb1ee4fecb31e289,rating_lane_004,live,1,2026-07-29T02:47:47.976389+00:00,2.314245,success
CBSPAN-20260728-bf5974ad6193892f4f1fbdd0,rating_lane_004,live,1,2026-07-29T02:47:47.976395+00:00,2.204251,success
CBSPAN-20260728-9e03c4a8bf1449ed04c16d84,rating_lane_004,live,1,2026-07-29T02:47:47.976401+00:00,2.747589,success
CBSPAN-20260728-ad9f634778e3b13941b6c562,rating_lane_004,live,1,2026-07-29T02:47:47.976407+00:00,2.361177,success
CBSPAN-20260728-5172bc9d72a40f47e5af9f3a,rating_lane_004,live,1,2026-07-29T02:47:47.976412+00:00,4.474267,success
CBSPAN-20260728-1d615fcd6d88439e7990b7cc,rating_lane_004,live,1,2026-07-29T02:47:47.976415+00:00,4.801201,success
CBSPAN-20260728-28ba318629a7970a0d32dd4f,rating_lane_004,live,1,2026-07-29T02:47:47.976417+00:00,5.194898,success
CBSPAN-20260728-7776a56c25b909d2cf1d0661,rating_lane_004,live,1,2026-07-29T02:47:47.976418+00:00,4.910381,success
CBSPAN-20260728-7f798c2f49c98cd3b695671b,rating_lane_004,live,1,2026-07-29T02:47:47.976419+00:00,4.458900,success
CBSPAN-20260728-c5bb164ac788d0c5adb7019c,rating_lane_004,live,1,2026-07-29T02:47:47.976421+00:00,5.658043,success
CBSPAN-20260728-634fd766315e1570ce861655,rating_lane_004,live,1,2026-07-29T02:47:47.976422+00:00,6.524796,success
CBSPAN-20260728-e9fba9800a6ace6dd8b31859,rating_lane_004,live,1,2026-07-29T02:47:47.976423+00:00,6.807469,success
CBSPAN-20260728-d964c398ec0fda7ed84c74b7,rating_lane_004,live,1,2026-07-29T02:47:47.976424+00:00,6.414599,success
CBSPAN-20260728-d218ae9662b46d6c5e980b2f,rating_lane_004,live,1,2026-07-29T02:47:47.976426+00:00,6.570890,success
CBSPAN-20260728-723eb0fd66acf173a40ebcce,rating_lane_004,live,1,2026-07-29T02:47:47.976427+00:00,6.572786,success
CBSPAN-20260728-43aae25bf3fdda4ae72968e7,rating_lane_004,live,1,2026-07-29T02:47:47.976428+00:00,7.252251,success
CBSPAN-20260728-3de2e55fe2ad6585d5c55e09,rating_lane_004,live,1,2026-07-29T02:47:47.976429+00:00,8.684383,success
CBSPAN-20260728-621f540328ad34d58ce65ea1,rating_lane_004,live,1,2026-07-29T02:47:47.976430+00:00,7.849176,success
CBSPAN-20260728-b1a3dc3970c018023b43e2ac,rating_lane_004,live,1,2026-07-29T02:47:47.976431+00:00,8.802877,success
CBSPAN-20260728-a96d329de051ecc41a4ecc5b,rating_lane_004,live,1,2026-07-29T02:47:47.976433+00:00,11.531491,success
CBSPAN-20260728-0e0f4c3f65f8158e43c08c61,rating_lane_004,live,1,2026-07-29T02:47:47.976434+00:00,9.248166,success
CBSPAN-20260728-ec1740f3aafd1a864c7842a1,rating_lane_004,live,1,2026-07-29T02:47:47.976435+00:00,9.736435,success
CBSPAN-20260728-f2a70ca00116bedad5010a1c,rating_lane_004,live,1,2026-07-29T02:47:47.976437+00:00,10.215738,success
CBSPAN-20260728-49cc90fcf2766ada701a758c,rating_lane_004,live,1,2026-07-29T02:47:47.976438+00:00,9.079367,success
CBSPAN-20260728-962c874ce6231179797a0ab8,rating_lane_004,live,1,2026-07-29T02:47:47.976439+00:00,10.173145,success
CBSPAN-20260728-76bc3d08a91f2d15c850fe15,rating_lane_004,live,1,2026-07-29T02:47:47.976440+00:00,10.548904,success
CBSPAN-20260728-89fdb85d2f050ff517752c9e,rating_lane_004,live,1,2026-07-29T02:47:47.976442+00:00,11.293710,success
CBSPAN-20260728-27dbc683882715b82f6ba7e9,rating_lane_004,live,1,2026-07-29T02:47:47.976443+00:00,11.302577,success
CBSPAN-20260728-b1f31dc9413168a4f47c699b,rating_lane_004,live,1,2026-07-29T02:47:59.612441+00:00,2.772324,success
CBSPAN-20260728-13ae6f58f62aead58a12c252,rating_lane_004,live,1,2026-07-29T02:47:59.612486+00:00,2.123095,success
CBSPAN-20260728-2052339039bd08f99134f27f,rating_lane_004,live,1,2026-07-29T02:47:59.612495+00:00,2.422474,success
CBSPAN-20260728-a5fa85626cd1885122743da1,rating_lane_004,live,1,2026-07-29T02:47:59.612501+00:00,3.297023,success
CBSPAN-20260728-314bf433685697e991f6275a,rating_lane_004,live,1,2026-07-29T02:47:59.612507+00:00,2.497827,success
CBSPAN-20260728-7b82306abf67a6e09fe851f7,rating_lane_004,live,1,2026-07-29T02:47:59.612513+00:00,2.395251,success
CBSPAN-20260728-18aa3c5e4adce0af6a9174bb,rating_lane_004,live,1,2026-07-29T02:47:59.612518+00:00,3.297202,success
CBSPAN-20260728-c44359f5f3d852ef5f94f159,rating_lane_004,live,1,2026-07-29T02:47:59.613386+00:00,3.601650,success
CBSPAN-20260728-09687d96f67ec29c21bb25a7,rating_lane_004,live,1,2026-07-29T02:47:59.613397+00:00,4.679331,success
CBSPAN-20260728-f24b84e29b4eb18128d5ae50,rating_lane_004,live,1,2026-07-29T02:47:59.613400+00:00,4.826664,success
CBSPAN-20260728-e262f3873794d900d4e43b5d,rating_lane_004,live,1,2026-07-29T02:47:59.613402+00:00,5.146134,success
CBSPAN-20260728-10b11fcc789259ee10243271,rating_lane_004,live,1,2026-07-29T02:47:59.613403+00:00,4.179127,success
CBSPAN-20260728-6973a4008b0736f376637f33,rating_lane_004,live,1,2026-07-29T02:47:59.613404+00:00,4.989793,success
CBSPAN-20260728-9ab2da9683763a648113b461,rating_lane_004,live,1,2026-07-29T02:47:59.613406+00:00,6.246527,success
CBSPAN-20260728-6812628d012ed7bdbe0c0919,rating_lane_004,live,1,2026-07-29T02:47:59.613407+00:00,6.006348,success
CBSPAN-20260728-b8d210ce65640d7b54937187,rating_lane_004,live,1,2026-07-29T02:47:59.613408+00:00,6.646420,success
CBSPAN-20260728-5fe1108f689f9d03461705f3,rating_lane_004,live,1,2026-07-29T02:47:59.613410+00:00,6.717195,success
CBSPAN-20260728-34dc6e2dd8d5d58de2eddb68,rating_lane_004,live,1,2026-07-29T02:47:59.613411+00:00,7.246872,success
CBSPAN-20260728-1506fe6f45b66e15355399c8,rating_lane_004,live,1,2026-07-29T02:47:59.613412+00:00,7.370827,success
CBSPAN-20260728-e95f2a19046324ab9783d28a,rating_lane_004,live,1,2026-07-29T02:47:59.613413+00:00,7.338984,success
CBSPAN-20260728-28258cbd363b6dd38aefc35b,rating_lane_004,live,1,2026-07-29T02:47:59.613415+00:00,7.406048,success
CBSPAN-20260728-a9a52de63915208f61fb54d7,rating_lane_004,live,1,2026-07-29T02:47:59.613416+00:00,7.760113,success
CBSPAN-20260728-f1922e2e790e5a3cadeb32a9,rating_lane_004,live,1,2026-07-29T02:47:59.613417+00:00,8.060361,success
CBSPAN-20260728-4ab807b4cf340af97044e8f1,rating_lane_004,live,1,2026-07-29T02:47:59.613418+00:00,8.808598,success
CBSPAN-20260728-79dc2fa4cdbfe3bb2202ae36,rating_lane_004,live,1,2026-07-29T02:47:59.613420+00:00,8.852801,success
CBSPAN-20260728-7580bbd2c3343de2547fe469,rating_lane_004,live,1,2026-07-29T02:47:59.613421+00:00,9.298903,success
CBSPAN-20260728-e35174d529f8b94f015462c2,rating_lane_004,live,1,2026-07-29T02:47:59.613422+00:00,9.606561,success
CBSPAN-20260728-38d0ad18ba384aa3a563f67f,rating_lane_004,live,1,2026-07-29T02:47:59.613423+00:00,9.593892,success
CBSPAN-20260728-5373927b2dd62d93bced4f33,rating_lane_004,live,1,2026-07-29T02:47:59.613425+00:00,10.724552,success
CBSPAN-20260728-9099f96300cf208a563fc510,rating_lane_004,live,1,2026-07-29T02:47:59.613426+00:00,9.726409,success
CBSPAN-20260728-c9dbb5fcbda7c5da7cad5606,rating_lane_004,live,1,2026-07-29T02:47:59.613428+00:00,10.210828,success
CBSPAN-20260728-371bd868412761fe31473a3f,rating_lane_004,live,1,2026-07-29T02:47:59.613429+00:00,10.724688,success
CBSPAN-20260728-ef6a4b3d8e84198df85ddd08,rating_lane_004,live,1,2026-07-29T02:48:10.459862+00:00,3.005951,success
CBSPAN-20260728-f38350473f7198d3e47b1ede,rating_lane_004,live,1,2026-07-29T02:48:10.459891+00:00,2.509214,success
CBSPAN-20260728-0afc6ff6e173789b3ae84c93,rating_lane_004,live,1,2026-07-29T02:48:10.459900+00:00,2.881488,success
CBSPAN-20260728-45ad2ea8ff4fbfd1467d4081,rating_lane_004,live,1,2026-07-29T02:48:10.459906+00:00,1.868215,success
CBSPAN-20260728-e65cfc7b3162ca2ce1af8abf,rating_lane_004,live,1,2026-07-29T02:48:10.459912+00:00,2.377663,success
CBSPAN-20260728-d0c99eafffd1f5f516e0843f,rating_lane_004,live,1,2026-07-29T02:48:10.459918+00:00,2.495166,success
CBSPAN-20260728-6ba7ae7f43816a6395b5b1b0,rating_lane_004,live,1,2026-07-29T02:48:10.459923+00:00,3.402972,success
CBSPAN-20260728-652aa26acfe9e131aab22237,rating_lane_004,live,1,2026-07-29T02:48:10.459978+00:00,2.511508,success
CBSPAN-20260728-255bfc2d60fc70b32fc5aa97,rating_lane_004,live,1,2026-07-29T02:48:10.459984+00:00,4.756244,success
CBSPAN-20260728-964d7a81a22e98bd1bcadd61,rating_lane_004,live,1,2026-07-29T02:48:10.459988+00:00,5.319687,success
CBSPAN-20260728-5e783c098addcfc6e1319e7f,rating_lane_004,live,1,2026-07-29T02:48:10.459989+00:00,4.844554,success
CBSPAN-20260728-97375dad66d6f2e78b3efff6,rating_lane_004,live,1,2026-07-29T02:48:10.459991+00:00,4.675118,success
CBSPAN-20260728-94a49f04a94c17977812c857,rating_lane_004,live,1,2026-07-29T02:48:10.459992+00:00,5.248251,success
CBSPAN-20260728-7a4042f3670ad83f244ce296,rating_lane_004,live,1,2026-07-29T02:48:10.459994+00:00,5.345260,success
CBSPAN-20260728-dc5d38d955d596e5a7beadcb,rating_lane_004,live,1,2026-07-29T02:48:10.459995+00:00,5.711032,success
CBSPAN-20260728-f51314d1bbeb47ba6bac0d76,rating_lane_004,live,1,2026-07-29T02:48:10.459996+00:00,6.361307,success
CBSPAN-20260728-c615168e4f0afdd4beec39a5,rating_lane_004,live,1,2026-07-29T02:48:10.459997+00:00,7.739637,success
CBSPAN-20260728-cca8cd9fa37c1362239bea82,rating_lane_004,live,1,2026-07-29T02:48:10.459999+00:00,7.042613,success
CBSPAN-20260728-954d656c266f079acfd1f6f8,rating_lane_004,live,1,2026-07-29T02:48:10.460000+00:00,8.956375,success
CBSPAN-20260728-2d62548279b8eb762a19fa46,rating_lane_004,live,1,2026-07-29T02:48:10.460001+00:00,8.781877,success
CBSPAN-20260728-b678dede077074765be1f8ef,rating_lane_004,live,1,2026-07-29T02:48:10.460003+00:00,7.723842,success
CBSPAN-20260728-a9acd1944862e257d0d68d4e,rating_lane_004,live,1,2026-07-29T02:48:10.460004+00:00,9.070711,success
CBSPAN-20260728-996bc5410681fb929778957e,rating_lane_004,live,1,2026-07-29T02:48:10.460005+00:00,9.192516,success
CBSPAN-20260728-0a043bba986fd78736d1efdc,rating_lane_004,live,1,2026-07-29T02:48:10.460007+00:00,8.932123,success
CBSPAN-20260728-d45c77a102e8109f6e98feb6,rating_lane_004,live,1,2026-07-29T02:48:10.460008+00:00,10.367805,success
CBSPAN-20260728-022a8d40add1d5eaaf1f2432,rating_lane_004,live,1,2026-07-29T02:48:10.460009+00:00,13.265111,success
CBSPAN-20260728-80612507f5277fa78b70d304,rating_lane_004,live,1,2026-07-29T02:48:10.460011+00:00,10.367876,success
CBSPAN-20260728-876673b6c6932cadf9729b51,rating_lane_004,live,1,2026-07-29T02:48:10.460012+00:00,11.488603,success
CBSPAN-20260728-2d0655e1ef7c703b1519c5c9,rating_lane_004,live,1,2026-07-29T02:48:10.460013+00:00,11.254575,success
CBSPAN-20260728-9282463f658a1200ab6ec80f,rating_lane_004,live,1,2026-07-29T02:48:10.460014+00:00,11.570351,success
CBSPAN-20260728-4fa5ef2a04861ba73113664c,rating_lane_004,live,1,2026-07-29T02:48:10.460015+00:00,12.530026,success
CBSPAN-20260728-e6203f8fef571ae97a8ce884,rating_lane_004,live,1,2026-07-29T02:48:10.460017+00:00,12.777961,success
CBSPAN-20260728-1a89f6427ee095c0677efb3c,rating_lane_004,live,1,2026-07-29T02:48:23.848271+00:00,2.700329,success
CBSPAN-20260728-e2c3a2f1d32db585f8301824,rating_lane_004,live,1,2026-07-29T02:48:23.848300+00:00,2.978566,success
CBSPAN-20260728-26ae91c614285e656dee876e,rating_lane_004,live,1,2026-07-29T02:48:23.848309+00:00,2.724466,success
CBSPAN-20260728-62a82d0a64d07971242ab6c9,rating_lane_004,live,1,2026-07-29T02:48:23.848315+00:00,5.004175,success
CBSPAN-20260728-1c603edf9ec3437782630e8c,rating_lane_004,live,1,2026-07-29T02:48:23.848322+00:00,2.305740,success
CBSPAN-20260728-43463589d6d879c277dc5fde,rating_lane_004,live,1,2026-07-29T02:48:23.848328+00:00,2.479493,success
CBSPAN-20260728-fb901974c09895aee2ceea46,rating_lane_004,live,1,2026-07-29T02:48:23.848334+00:00,3.239823,success
CBSPAN-20260728-0e61c0d5015c01ed1fdc54c3,rating_lane_004,live,1,2026-07-29T02:48:23.848396+00:00,3.274019,success
CBSPAN-20260728-563d017f6cda83b8bdd8c1a3,rating_lane_004,live,1,2026-07-29T02:48:23.848403+00:00,4.834983,success
CBSPAN-20260728-72921d10abefbd494e08ed3c,rating_lane_004,live,1,2026-07-29T02:48:23.848406+00:00,4.961063,success
CBSPAN-20260728-87cc4f39af41f424eb962004,rating_lane_004,live,1,2026-07-29T02:48:23.848408+00:00,5.154649,success
CBSPAN-20260728-b1e86a91fe59ae3cd5ee7b50,rating_lane_004,live,1,2026-07-29T02:48:23.848409+00:00,5.265481,success
CBSPAN-20260728-6125adf4ad5a2e2866d1fd4b,rating_lane_004,live,1,2026-07-29T02:48:23.848411+00:00,6.207407,success
CBSPAN-20260728-e841be02c38cffdbf7d0b977,rating_lane_004,live,1,2026-07-29T02:48:23.848412+00:00,6.090100,success
CBSPAN-20260728-7b18da303f626f14756b5f51,rating_lane_004,live,1,2026-07-29T02:48:23.848413+00:00,6.147861,success
CBSPAN-20260728-ab4fd478b79e948bb6afefd0,rating_lane_004,live,1,2026-07-29T02:48:23.848415+00:00,7.592231,success
CBSPAN-20260728-7ae34f34a1f4c38873bc2db8,rating_lane_004,live,1,2026-07-29T02:48:23.848416+00:00,7.494469,success
CBSPAN-20260728-6b8b5e750460a74fb3a8bfa8,rating_lane_004,live,1,2026-07-29T02:48:23.848418+00:00,7.221520,success
CBSPAN-20260728-109dc4fcdc12a622947707d9,rating_lane_004,live,1,2026-07-29T02:48:23.848419+00:00,7.221318,success
CBSPAN-20260728-78d0bdcb033a4a745c0acc20,rating_lane_004,live,1,2026-07-29T02:48:23.848420+00:00,7.221481,success
CBSPAN-20260728-1998109d31b220223c73fdb1,rating_lane_004,live,1,2026-07-29T02:48:23.848422+00:00,8.170944,success
CBSPAN-20260728-226ea585e5fa52052984fd62,rating_lane_004,live,1,2026-07-29T02:48:23.848423+00:00,8.146799,success
CBSPAN-20260728-edfff2817210b45425c42638,rating_lane_004,live,1,2026-07-29T02:48:23.848424+00:00,8.467028,success
CBSPAN-20260728-9b8b297f092f4555392b98bc,rating_lane_004,live,1,2026-07-29T02:48:23.848426+00:00,10.351810,success
CBSPAN-20260728-363b5b3a5d9adf67d7df800b,rating_lane_004,live,1,2026-07-29T02:48:23.848427+00:00,9.617817,success
CBSPAN-20260728-d4ed0d4d650beeb511d636c7,rating_lane_004,live,1,2026-07-29T02:48:23.848429+00:00,9.174323,success
CBSPAN-20260728-b35bf82b8c5b661e9150c267,rating_lane_004,live,1,2026-07-29T02:48:23.848430+00:00,10.348944,success
CBSPAN-20260728-0082cab70e701f192b953be1,rating_lane_004,live,1,2026-07-29T02:48:23.848431+00:00,10.899894,success
CBSPAN-20260728-a311f9d6b3dade311637cc5a,rating_lane_004,live,1,2026-07-29T02:48:23.848432+00:00,10.892115,success
CBSPAN-20260728-d93285efe527a4389bfc7350,rating_lane_004,live,1,2026-07-29T02:48:23.848433+00:00,11.423419,success
CBSPAN-20260728-f27385b95a5ad362631a5344,rating_lane_004,live,1,2026-07-29T02:48:23.848435+00:00,10.598421,success
CBSPAN-20260728-5c473f06ee3681ea960a278d,rating_lane_004,live,1,2026-07-29T02:48:23.848436+00:00,11.379599,success
CBSPAN-20260728-306ed52c34296e5eea9d0bfd,rating_lane_004,live,1,2026-07-29T02:48:35.393335+00:00,2.420668,success
CBSPAN-20260728-0d5afc6732fab8d146af2ff2,rating_lane_004,live,1,2026-07-29T02:48:35.393361+00:00,2.100908,success
CBSPAN-20260728-6d5ac09fefecb2e783d21906,rating_lane_004,live,1,2026-07-29T02:48:35.393369+00:00,3.186302,success
CBSPAN-20260728-3efa673f64145b27f6caeeb4,rating_lane_004,live,1,2026-07-29T02:48:35.393379+00:00,2.754050,success
CBSPAN-20260728-84079a331c243336111015b0,rating_lane_004,live,1,2026-07-29T02:48:35.393385+00:00,2.183822,success
CBSPAN-20260728-4c289cda4ae7d26a0f0df893,rating_lane_004,live,1,2026-07-29T02:48:35.393390+00:00,2.744351,success
CBSPAN-20260728-25f1feb8976af6e4e2629de6,rating_lane_004,live,1,2026-07-29T02:48:35.393396+00:00,3.526164,success
CBSPAN-20260728-79908ec3a653d9dd64b62236,rating_lane_004,live,1,2026-07-29T02:48:35.393445+00:00,1.787944,success
CBSPAN-20260728-90341820fbaf2338485b9bad,rating_lane_004,live,1,2026-07-29T02:48:35.393451+00:00,3.676184,success
CBSPAN-20260728-204ead4ce13d5a0271c0c1c4,rating_lane_004,live,1,2026-07-29T02:48:35.393454+00:00,4.485541,success
CBSPAN-20260728-92ca68210fe9ac6b19503e22,rating_lane_004,live,1,2026-07-29T02:48:35.393455+00:00,4.855064,success
CBSPAN-20260728-6f27209c07e4cc724fb6e163,rating_lane_004,live,1,2026-07-29T02:48:35.393457+00:00,4.274432,success
CBSPAN-20260728-3ec321e0348a9e0efe3d59a9,rating_lane_004,live,1,2026-07-29T02:48:35.393458+00:00,4.738119,success
CBSPAN-20260728-c3e7bbf77ce739fc525d9fb8,rating_lane_004,live,1,2026-07-29T02:48:35.393460+00:00,5.604638,success
CBSPAN-20260728-95432dae9a61895f739d0b71,rating_lane_004,live,1,2026-07-29T02:48:35.393461+00:00,5.626575,success
CBSPAN-20260728-cadbfa7a44471ba6ed5771ff,rating_lane_004,live,1,2026-07-29T02:48:35.393462+00:00,6.554977,success
CBSPAN-20260728-579c53efb5d276032f0144fd,rating_lane_004,live,1,2026-07-29T02:48:35.393464+00:00,5.962250,success
CBSPAN-20260728-c5747c3c75f8a4265591efa4,rating_lane_004,live,1,2026-07-29T02:48:35.393465+00:00,6.359175,success
CBSPAN-20260728-30eba4c9ae65a7cc88a918cb,rating_lane_004,live,1,2026-07-29T02:48:35.393466+00:00,6.818340,success
CBSPAN-20260728-abbac96b80b9d4988bf97e90,rating_lane_004,live,1,2026-07-29T02:48:35.393467+00:00,7.342888,success
CBSPAN-20260728-5013282f378c95390febe364,rating_lane_004,live,1,2026-07-29T02:48:35.393469+00:00,7.140217,success
CBSPAN-20260728-728dd7b76f0c690cbf720e99,rating_lane_004,live,1,2026-07-29T02:48:35.393470+00:00,8.164502,success
CBSPAN-20260728-08f026f969708da9cb576366,rating_lane_004,live,1,2026-07-29T02:48:35.393471+00:00,8.363684,success
CBSPAN-20260728-eb12a38341ce4cce009ae81c,rating_lane_004,live,1,2026-07-29T02:48:35.393473+00:00,8.474635,success
CBSPAN-20260728-09deb1d2784e5fc95d14a6e1,rating_lane_004,live,1,2026-07-29T02:48:35.393474+00:00,9.581719,success
CBSPAN-20260728-a4cfb5fdc8a66c36cd37b8bd,rating_lane_004,live,1,2026-07-29T02:48:35.393475+00:00,8.710205,success
CBSPAN-20260728-3e146cf980885a15676f0225,rating_lane_004,live,1,2026-07-29T02:48:35.393476+00:00,9.750826,success
CBSPAN-20260728-9dfbbb0845895b756d416ff2,rating_lane_004,live,1,2026-07-29T02:48:35.393478+00:00,9.193570,success
CBSPAN-20260728-f290e9f02edd7593b341e526,rating_lane_004,live,1,2026-07-29T02:48:35.393479+00:00,9.338990,success
CBSPAN-20260728-300083a516624cd929425f36,rating_lane_004,live,1,2026-07-29T02:48:35.393480+00:00,9.982072,success
CBSPAN-20260728-892353c693175ef39efe5815,rating_lane_004,live,1,2026-07-29T02:48:35.393481+00:00,10.365406,success
CBSPAN-20260728-02c98a8cc4c8f8b065544b0c,rating_lane_004,live,1,2026-07-29T02:48:35.393483+00:00,10.451702,success
CBSPAN-20260728-92ca68210fe9ac6b19503e22,rating_lane_004,live,2,2026-07-29T02:48:45.859313+00:00,3.024898,success
CBSPAN-20260728-8d7554746a2128ece60b9830,rating_lane_004,live,1,2026-07-29T02:48:49.008952+00:00,2.884717,success
CBSPAN-20260728-6a7a230df79a351fac4148f5,rating_lane_004,live,1,2026-07-29T02:48:49.008983+00:00,3.881719,success
CBSPAN-20260728-0d270ab07701291a608c87f6,rating_lane_004,live,1,2026-07-29T02:48:49.008993+00:00,2.274282,success
CBSPAN-20260728-84915373296965a93157c15c,rating_lane_004,live,1,2026-07-29T02:48:49.009056+00:00,2.914468,success
CBSPAN-20260728-3e858b07ff4d76acb3a8e0d3,rating_lane_004,live,1,2026-07-29T02:48:49.009064+00:00,2.022393,success
CBSPAN-20260728-22a579c0448ae49012d22385,rating_lane_004,live,1,2026-07-29T02:48:49.009070+00:00,2.377026,success
CBSPAN-20260728-bf2e2d271c0b58e235963444,rating_lane_004,live,1,2026-07-29T02:48:49.009077+00:00,3.355790,success
CBSPAN-20260728-98da3e78beb405e0713af320,rating_lane_004,live,1,2026-07-29T02:48:49.009082+00:00,2.096145,success
CBSPAN-20260728-0e42a7568b00331968842f1e,rating_lane_004,live,1,2026-07-29T02:48:49.009088+00:00,4.844379,success
CBSPAN-20260728-8e2453acf1eb06c770cc219a,rating_lane_004,live,1,2026-07-29T02:48:49.009092+00:00,4.304902,success
CBSPAN-20260728-b84872991b9111d7aa82590a,rating_lane_004,live,1,2026-07-29T02:48:49.009093+00:00,4.221807,success
CBSPAN-20260728-71384170c56f966ee8922c50,rating_lane_004,live,1,2026-07-29T02:48:49.009095+00:00,4.573809,success
CBSPAN-20260728-90f7dd136b2d627e5af81f1e,rating_lane_004,live,1,2026-07-29T02:48:49.009096+00:00,4.922031,success
CBSPAN-20260728-382244ba61d50425c64cedb6,rating_lane_004,live,1,2026-07-29T02:48:49.009098+00:00,4.707490,success
CBSPAN-20260728-add3378c159261ab1667cdcf,rating_lane_004,live,1,2026-07-29T02:48:49.009099+00:00,5.673587,success
CBSPAN-20260728-b838b3192536f9334f6d83d2,rating_lane_004,live,1,2026-07-29T02:48:49.009101+00:00,6.497164,success
CBSPAN-20260728-2c5b0493b63b366cf480698a,rating_lane_004,live,1,2026-07-29T02:48:49.009102+00:00,6.320494,success
CBSPAN-20260728-da569c84fdc36799c74292d6,rating_lane_004,live,1,2026-07-29T02:48:49.009103+00:00,8.500418,success
CBSPAN-20260728-4031bc650acde8803c00ade4,rating_lane_004,live,1,2026-07-29T02:48:49.009105+00:00,6.803932,success
CBSPAN-20260728-bae8cefb439e7490845189b5,rating_lane_004,live,1,2026-07-29T02:48:49.009106+00:00,7.675945,success
CBSPAN-20260728-f900139fc045f04880482e1f,rating_lane_004,live,1,2026-07-29T02:48:49.009108+00:00,6.801357,success
CBSPAN-20260728-8e3c355e31cadfc3fd1046eb,rating_lane_004,live,1,2026-07-29T02:48:49.009109+00:00,8.488955,success
CBSPAN-20260728-d0b52b1d3aec9bb4e5381935,rating_lane_004,live,1,2026-07-29T02:48:49.009111+00:00,8.269773,success
CBSPAN-20260728-dd8256d6504a52ac86f4fc76,rating_lane_004,live,1,2026-07-29T02:48:49.009112+00:00,9.536161,success
CBSPAN-20260728-a2b935aff54960139db20f9f,rating_lane_004,live,1,2026-07-29T02:48:49.009114+00:00,9.520411,success
CBSPAN-20260728-9fd8fa6948fce42ff10996f0,rating_lane_004,live,1,2026-07-29T02:48:49.009115+00:00,10.374768,success
CBSPAN-20260728-ac98b4b04c8c071712d111a6,rating_lane_004,live,1,2026-07-29T02:48:49.009116+00:00,9.254827,success
CBSPAN-20260728-9eecb04beda5de69d3c998f7,rating_lane_004,live,1,2026-07-29T02:48:49.009117+00:00,10.207461,success
CBSPAN-20260728-8f6adbc0c48ffda81d29968a,rating_lane_004,live,1,2026-07-29T02:48:49.009119+00:00,17.578654,success
CBSPAN-20260728-f8a2816ab836ed44dd86dab2,rating_lane_004,live,1,2026-07-29T02:48:49.009120+00:00,10.575424,success
CBSPAN-20260728-5c762c9dc1ba6dcaf8b0ec0b,rating_lane_004,live,1,2026-07-29T02:48:49.009121+00:00,11.342794,success
CBSPAN-20260728-d17aa3a857183d5ab8ac1447,rating_lane_004,live,1,2026-07-29T02:48:49.009122+00:00,11.387861,success
CBSPAN-20260728-3d1d2d919708bfb8e22c398d,rating_lane_004,live,1,2026-07-29T02:49:06.715026+00:00,2.519734,success
CBSPAN-20260728-2dee2e59ba69b8d6afbd6489,rating_lane_004,live,1,2026-07-29T02:49:06.715065+00:00,2.383437,success
CBSPAN-20260728-027524067402671f69446462,rating_lane_004,live,1,2026-07-29T02:49:06.715075+00:00,2.623772,success
CBSPAN-20260728-18c664d7b85357f533ac83d7,rating_lane_004,live,1,2026-07-29T02:49:06.715082+00:00,2.603826,success
CBSPAN-20260728-f2a1c495b22ec604b85f3c6e,rating_lane_004,live,1,2026-07-29T02:49:06.715088+00:00,2.801020,success
CBSPAN-20260728-f364e77e5f6cb31d58fad490,rating_lane_004,live,1,2026-07-29T02:49:06.715093+00:00,2.674202,success
CBSPAN-20260728-ff353c94080351fdc8f0bcc6,rating_lane_004,live,1,2026-07-29T02:49:06.715099+00:00,2.107446,success
CBSPAN-20260728-f9ebedbd283f562894d7c109,rating_lane_004,live,1,2026-07-29T02:49:06.715155+00:00,2.130631,success
CBSPAN-20260728-9324c5b791b9b7ee8d6e25dc,rating_lane_004,live,1,2026-07-29T02:49:06.715162+00:00,4.591628,success
CBSPAN-20260728-37f43c2a7c1e10191705c1af,rating_lane_004,live,1,2026-07-29T02:49:06.715165+00:00,5.104282,success
CBSPAN-20260728-261089188590707350bd7400,rating_lane_004,live,1,2026-07-29T02:49:06.715167+00:00,5.568082,success
CBSPAN-20260728-48d2bd87057ba3d61ad74bb7,rating_lane_004,live,1,2026-07-29T02:49:06.715168+00:00,5.434270,success
CBSPAN-20260728-63c27f45fb160655fbe1f874,rating_lane_004,live,1,2026-07-29T02:49:06.715170+00:00,4.775181,success
CBSPAN-20260728-a679f05167d6f0f5d0f96fbf,rating_lane_004,live,1,2026-07-29T02:49:06.715171+00:00,6.641382,success
CBSPAN-20260728-738b99d6108a101b3a5253a6,rating_lane_004,live,1,2026-07-29T02:49:06.715172+00:00,8.781444,success
CBSPAN-20260728-47c0656a7915f13f6c91c397,rating_lane_004,live,1,2026-07-29T02:49:06.715174+00:00,6.641229,success
CBSPAN-20260728-2fe20cabb30425d05d02ea36,rating_lane_004,live,1,2026-07-29T02:49:06.715175+00:00,7.102632,success
CBSPAN-20260728-835b7262f1b7e7572ab574d2,rating_lane_004,live,1,2026-07-29T02:49:06.715176+00:00,7.664026,success
CBSPAN-20260728-01358e8f6273d68277215ce3,rating_lane_004,live,1,2026-07-29T02:49:06.715177+00:00,7.620466,success
CBSPAN-20260728-9f53b5c194135e6435600905,rating_lane_004,live,1,2026-07-29T02:49:06.715178+00:00,7.995641,success
CBSPAN-20260728-52c2835dc53578b845a68f8d,rating_lane_004,live,1,2026-07-29T02:49:06.715179+00:00,7.742533,success
CBSPAN-20260728-70d8df1d12800a6f7cfc077b,rating_lane_004,live,1,2026-07-29T02:49:06.715181+00:00,8.304966,success
CBSPAN-20260728-dd89ecdd34e38b8a9e8647fa,rating_lane_004,live,1,2026-07-29T02:49:06.715182+00:00,8.640126,success
CBSPAN-20260728-6ccd1a6a72dad3f62bb9aa8a,rating_lane_004,live,1,2026-07-29T02:49:06.715183+00:00,9.809625,success
CBSPAN-20260728-72b0bf921dbceb45927d4dba,rating_lane_004,live,1,2026-07-29T02:49:06.715185+00:00,10.300818,success
CBSPAN-20260728-580fb50fb5966fb67a266858,rating_lane_004,live,1,2026-07-29T02:49:06.715186+00:00,9.927686,success
CBSPAN-20260728-068b9355f484238e470f2ff3,rating_lane_004,live,1,2026-07-29T02:49:06.715187+00:00,10.689294,success
CBSPAN-20260728-6d70a2ab3468eeb13bec049b,rating_lane_004,live,1,2026-07-29T02:49:06.715189+00:00,10.120082,success
CBSPAN-20260728-bf1fa9233d1a3e8df02f630c,rating_lane_004,live,1,2026-07-29T02:49:06.715190+00:00,10.656572,success
CBSPAN-20260728-4d60b783ea60d85346b051ab,rating_lane_004,live,1,2026-07-29T02:49:06.715191+00:00,12.628391,success
CBSPAN-20260728-4962ceec12e73da515fb8741,rating_lane_004,live,1,2026-07-29T02:49:06.715193+00:00,11.860607,success
CBSPAN-20260728-f34950c6d98db9b5d5e60e2d,rating_lane_004,live,1,2026-07-29T02:49:06.715194+00:00,12.355826,success
CBSPAN-20260728-722617a486e5c804a9267403,rating_lane_004,live,1,2026-07-29T02:49:19.470261+00:00,1.929864,success
CBSPAN-20260728-fd1f126974fd1284f3ebbe8b,rating_lane_004,live,1,2026-07-29T02:49:19.470292+00:00,2.076602,success
CBSPAN-20260728-101d52489d100418fe3c42fa,rating_lane_004,live,1,2026-07-29T02:49:19.470302+00:00,1.786175,success
CBSPAN-20260728-7bd89cd0a7f89a37fba748ac,rating_lane_004,live,1,2026-07-29T02:49:19.470309+00:00,2.999721,success
CBSPAN-20260728-de8b71d0285c2fa96ac14f65,rating_lane_004,live,1,2026-07-29T02:49:19.470315+00:00,2.604226,success
CBSPAN-20260728-30cfdcfbe9d1bdb3971db82a,rating_lane_004,live,1,2026-07-29T02:49:19.470321+00:00,3.403890,success
CBSPAN-20260728-8f82d4bb76449028336e9f7b,rating_lane_004,live,1,2026-07-29T02:49:19.470327+00:00,1.831539,success
CBSPAN-20260728-17507706ca49fd5a6879012d,rating_lane_004,live,1,2026-07-29T02:49:19.470388+00:00,2.999490,success
CBSPAN-20260728-e1304ed4bdd41b5ea775515d,rating_lane_004,live,1,2026-07-29T02:49:19.470394+00:00,4.023165,success
CBSPAN-20260728-1a8863291b62cc1002f0bb61,rating_lane_004,live,1,2026-07-29T02:49:19.470398+00:00,4.023319,success
CBSPAN-20260728-6b9007c0fd9a220589d71259,rating_lane_004,live,1,2026-07-29T02:49:19.470400+00:00,15.972210,success
CBSPAN-20260728-77af4b5f338b3ddd15d0fb98,rating_lane_004,live,1,2026-07-29T02:49:19.470401+00:00,5.406686,success
CBSPAN-20260728-8d1451a3d44dfae1f97a878d,rating_lane_004,live,1,2026-07-29T02:49:19.470402+00:00,5.871645,success
CBSPAN-20260728-555d9561a3796b03522e3f24,rating_lane_004,live,1,2026-07-29T02:49:19.470403+00:00,7.459251,success
CBSPAN-20260728-202561102bf964d55886a0ff,rating_lane_004,live,1,2026-07-29T02:49:19.470405+00:00,5.706279,success
CBSPAN-20260728-7315a94102a12d18e171505e,rating_lane_004,live,1,2026-07-29T02:49:19.470406+00:00,5.848642,success
CBSPAN-20260728-dd59668f07d072e6cb737447,rating_lane_004,live,1,2026-07-29T02:49:19.470407+00:00,7.630742,success
CBSPAN-20260728-a6b5a770e7eaefd35ef91cbc,rating_lane_004,live,1,2026-07-29T02:49:19.470408+00:00,6.685011,success
CBSPAN-20260728-5a00e994a5863ebf552638d5,rating_lane_004,live,1,2026-07-29T02:49:19.470410+00:00,8.260612,success
CBSPAN-20260728-0c6d7db72a53d8b80a90a4dd,rating_lane_004,live,1,2026-07-29T02:49:19.470411+00:00,7.989396,success
CBSPAN-20260728-ddd9ea3f15f9ec5215ac9ce1,rating_lane_004,live,1,2026-07-29T02:49:19.470412+00:00,8.790818,success
CBSPAN-20260728-603de72b345df63fd6905a37,rating_lane_004,live,1,2026-07-29T02:49:19.470414+00:00,8.790967,success
CBSPAN-20260728-718371677bce0bbdd67fc95c,rating_lane_004,live,1,2026-07-29T02:49:19.470415+00:00,10.365418,success
CBSPAN-20260728-2fa26739302a23671580b33a,rating_lane_004,live,1,2026-07-29T02:49:19.470416+00:00,10.365566,success
CBSPAN-20260728-6f3500236491ff78cebf7743,rating_lane_004,live,1,2026-07-29T02:49:19.470417+00:00,10.365536,success
CBSPAN-20260728-8ac9d37061c65fe6bc469162,rating_lane_004,live,1,2026-07-29T02:49:19.470419+00:00,10.890462,success
CBSPAN-20260728-1797c595b51b660f19966c3b,rating_lane_004,live,1,2026-07-29T02:49:19.470420+00:00,10.365587,success
CBSPAN-20260728-a775e948b211aba8f46ed4d7,rating_lane_004,live,1,2026-07-29T02:49:19.470421+00:00,12.457604,success
CBSPAN-20260728-43db27811148e42feff0b1e2,rating_lane_004,live,1,2026-07-29T02:49:19.470422+00:00,11.408316,success
CBSPAN-20260728-cee7f87c2963355096fad343,rating_lane_004,live,1,2026-07-29T02:49:19.470423+00:00,12.983592,success
CBSPAN-20260728-88a8fa1208d4c2dd13742d07,rating_lane_004,live,1,2026-07-29T02:49:19.470425+00:00,13.070292,success
CBSPAN-20260728-d3ccc00923f8b2dde2a69755,rating_lane_004,live,1,2026-07-29T02:49:19.470426+00:00,12.459140,success
CBSPAN-20260728-6813ac2f1410bbccd0fc19ce,rating_lane_004,live,1,2026-07-29T02:49:35.622056+00:00,2.623572,success
CBSPAN-20260728-5a6d5e96349c137eb3316494,rating_lane_004,live,1,2026-07-29T02:49:35.622101+00:00,2.271175,success
CBSPAN-20260728-982a877eb5778cf3533d2e9f,rating_lane_004,live,1,2026-07-29T02:49:35.622112+00:00,2.931908,success
CBSPAN-20260728-1ef7aa261dbf9458cf476d9b,rating_lane_004,live,1,2026-07-29T02:49:35.622121+00:00,2.932086,success
CBSPAN-20260728-035419fd6fb41dd71b2c3cb1,rating_lane_004,live,1,2026-07-29T02:49:35.622128+00:00,2.932115,success
CBSPAN-20260728-5bf6217cb9bc47dfef1923d7,rating_lane_004,live,1,2026-07-29T02:49:35.622135+00:00,2.723903,success
CBSPAN-20260728-c2b9fc2a6f8ac8eec8c80242,rating_lane_004,live,1,2026-07-29T02:49:35.622143+00:00,2.999923,success
CBSPAN-20260728-df6c82c7dc3cf58333a3a8d7,rating_lane_004,live,1,2026-07-29T02:49:35.622223+00:00,2.402846,success
CBSPAN-20260728-a41109de27794e969ebd3da8,rating_lane_004,live,1,2026-07-29T02:49:35.622230+00:00,4.549074,success
CBSPAN-20260728-b84b8d31fc4b69dc0f2c6bd1,rating_lane_004,live,1,2026-07-29T02:49:35.622235+00:00,5.175917,success
CBSPAN-20260728-06dc5573990bb4ca0310cbb7,rating_lane_004,live,1,2026-07-29T02:49:35.622237+00:00,6.299861,success
CBSPAN-20260728-4d2fe5dfc06571d338bb5eff,rating_lane_004,live,1,2026-07-29T02:49:35.622238+00:00,5.410849,success
CBSPAN-20260728-6eeb3a8392db979032cfff6e,rating_lane_004,live,1,2026-07-29T02:49:35.622240+00:00,5.895389,success
CBSPAN-20260728-4846c1c3a3f3ac8d11f537a7,rating_lane_004,live,1,2026-07-29T02:49:35.622241+00:00,5.777112,success
CBSPAN-20260728-0dc626e5ca49a15714c3ef2a,rating_lane_004,live,1,2026-07-29T02:49:35.622243+00:00,5.241409,success
CBSPAN-20260728-ff812667d68b2ed34e548da6,rating_lane_004,live,1,2026-07-29T02:49:35.622244+00:00,5.547104,success
CBSPAN-20260728-a8db131eddb4cef393ddcf6b,rating_lane_004,live,1,2026-07-29T02:49:35.622246+00:00,6.593731,success
CBSPAN-20260728-82d2c2fe4fdf7b9255846848,rating_lane_004,live,1,2026-07-29T02:49:35.622247+00:00,7.891874,success
CBSPAN-20260728-90c95bda7c6deca02984cf7b,rating_lane_004,live,1,2026-07-29T02:49:35.622248+00:00,7.839100,success
CBSPAN-20260728-41075a6fbb2de0afcf3c2f33,rating_lane_004,live,1,2026-07-29T02:49:35.622250+00:00,8.690794,success
CBSPAN-20260728-dfa3fcae7935f8c035de638f,rating_lane_004,live,1,2026-07-29T02:49:35.622251+00:00,8.165250,success
CBSPAN-20260728-7a3cd379fed3f463f1b97ee6,rating_lane_004,live,1,2026-07-29T02:49:35.622253+00:00,8.284592,success
CBSPAN-20260728-bced180ca5732cfc5c8f61c3,rating_lane_004,live,1,2026-07-29T02:49:35.622254+00:00,7.838952,success
CBSPAN-20260728-c50a9fb6d3fc452ce0d4fc5d,rating_lane_004,live,1,2026-07-29T02:49:35.622256+00:00,8.483289,success
CBSPAN-20260728-8ec52c7f8b45f5614ed2a19b,rating_lane_004,live,1,2026-07-29T02:49:35.622257+00:00,8.402387,success
CBSPAN-20260728-df8af8bece6f76a15e450bef,rating_lane_004,live,1,2026-07-29T02:49:35.622258+00:00,10.065723,success
CBSPAN-20260728-a5686391c3bcb05f0f1fcb49,rating_lane_004,live,1,2026-07-29T02:49:35.622260+00:00,10.679878,success
CBSPAN-20260728-2a7fa80c530795660f38db83,rating_lane_004,live,1,2026-07-29T02:49:35.622261+00:00,10.529575,success
CBSPAN-20260728-4e427997bc0f8f8954a3ff79,rating_lane_004,live,1,2026-07-29T02:49:35.622262+00:00,11.511703,success
CBSPAN-20260728-1094d60536a87e6e409def56,rating_lane_004,live,1,2026-07-29T02:49:35.622263+00:00,11.424430,success
CBSPAN-20260728-4ae699275f6cba7cc0413a8f,rating_lane_004,live,1,2026-07-29T02:49:35.622265+00:00,12.362892,success
CBSPAN-20260728-169e1119dc3ffa548aba0c91,rating_lane_004,live,1,2026-07-29T02:49:35.622266+00:00,11.976352,success
CBSPAN-20260728-48be6fecb3123b6487ae0ff3,rating_lane_004,live,1,2026-07-29T02:49:48.116081+00:00,3.080571,success
CBSPAN-20260728-ea7e2356da9d3faaf1cd8f0f,rating_lane_004,live,1,2026-07-29T02:49:48.116121+00:00,4.680023,success
CBSPAN-20260728-d3f4928f15c861d7a3453b23,rating_lane_004,live,1,2026-07-29T02:49:48.116129+00:00,2.054247,success
CBSPAN-20260728-88e059b87c955203cec7b04a,rating_lane_004,live,1,2026-07-29T02:49:48.116136+00:00,2.796649,success
CBSPAN-20260728-a9e1abce633e05436f5b37ab,rating_lane_004,live,1,2026-07-29T02:49:48.116142+00:00,2.318228,success
CBSPAN-20260728-e9186d2933229feafeb47c21,rating_lane_004,live,1,2026-07-29T02:49:48.116147+00:00,2.776823,success
CBSPAN-20260728-7065b50b2c579ea844d8f72a,rating_lane_004,live,1,2026-07-29T02:49:48.116153+00:00,2.097902,success
CBSPAN-20260728-9a6dd008030ce8b017a52213,rating_lane_004,live,1,2026-07-29T02:49:48.116209+00:00,3.067306,success
CBSPAN-20260728-bb7b5a9849b27bd6175953fc,rating_lane_004,live,1,2026-07-29T02:49:48.116215+00:00,3.903444,success
CBSPAN-20260728-8f2daad776341c7b0117855b,rating_lane_004,live,1,2026-07-29T02:49:48.116219+00:00,5.112600,success
CBSPAN-20260728-ee5f8e8a04947907e752278a,rating_lane_004,live,1,2026-07-29T02:49:48.116220+00:00,4.458101,success
CBSPAN-20260728-70e1a366a1e7a303461e5cd8,rating_lane_004,live,1,2026-07-29T02:49:48.116222+00:00,5.730321,success
CBSPAN-20260728-f60ef101a00d7714226f5156,rating_lane_004,live,1,2026-07-29T02:49:48.116223+00:00,6.183937,success
CBSPAN-20260728-a0969f0de545c9ce74349f1e,rating_lane_004,live,1,2026-07-29T02:49:48.116224+00:00,5.138719,success
CBSPAN-20260728-c36188692f8a8f20c899e956,rating_lane_004,live,1,2026-07-29T02:49:48.116226+00:00,5.138569,success
CBSPAN-20260728-a439dc7fde293a03ec4f8996,rating_lane_004,live,1,2026-07-29T02:49:48.116227+00:00,5.967231,success
CBSPAN-20260728-fd16af54feb361745adbab5d,rating_lane_004,live,1,2026-07-29T02:49:48.116228+00:00,6.920311,success
CBSPAN-20260728-73b458e2fdb89eb61406bce2,rating_lane_004,live,1,2026-07-29T02:49:48.116229+00:00,7.048702,success
CBSPAN-20260728-0a384d1a3731fd988ce68d77,rating_lane_004,live,1,2026-07-29T02:49:48.116231+00:00,7.214796,success
CBSPAN-20260728-b16da8cde47d8218bd64fb2d,rating_lane_004,live,1,2026-07-29T02:49:48.116232+00:00,7.803784,success
CBSPAN-20260728-876fdc3ff68648b0e2a1c7f9,rating_lane_004,live,1,2026-07-29T02:49:48.116234+00:00,7.557476,success
CBSPAN-20260728-c091a1c0cb72283c55fb53f7,rating_lane_004,live,1,2026-07-29T02:49:48.116235+00:00,8.589694,success
CBSPAN-20260728-d82dfe4b2f01f8c9e47fbe52,rating_lane_004,live,1,2026-07-29T02:49:48.116236+00:00,8.330674,success
CBSPAN-20260728-30109616ff84170206d1a1ff,rating_lane_004,live,1,2026-07-29T02:49:48.116237+00:00,9.114957,success
CBSPAN-20260728-8dad91b695090a240e8cf3d8,rating_lane_004,live,1,2026-07-29T02:49:48.116239+00:00,10.055729,success
CBSPAN-20260728-b38b430b645cbc6fcb56567b,rating_lane_004,live,1,2026-07-29T02:49:48.116240+00:00,9.630802,success
CBSPAN-20260728-2dc00a61d0fefb40ade93ddc,rating_lane_004,live,1,2026-07-29T02:49:48.116241+00:00,9.349128,success
CBSPAN-20260728-23648276953cff49f2c8d2a8,rating_lane_004,live,1,2026-07-29T02:49:48.116242+00:00,12.137359,success
CBSPAN-20260728-593b5344bb5d4e1a9b70ee63,rating_lane_004,live,1,2026-07-29T02:49:48.116244+00:00,10.477043,success
CBSPAN-20260728-4681a2609a449e3f17e1b40d,rating_lane_004,live,1,2026-07-29T02:49:48.116245+00:00,11.080759,success
CBSPAN-20260728-3b10d7dcadea85cd8a7fa3a8,rating_lane_004,live,1,2026-07-29T02:49:48.116246+00:00,11.994465,success
CBSPAN-20260728-cf5f036e100fb6fedcb4ee23,rating_lane_004,live,1,2026-07-29T02:49:48.116247+00:00,11.080841,success
CBSPAN-20260728-6d898e51fbc7226ed1e41801,rating_lane_004,live,1,2026-07-29T02:50:00.381356+00:00,3.064662,success
CBSPAN-20260728-8d585038be3d2bf9ec42d3ec,rating_lane_004,live,1,2026-07-29T02:50:00.381387+00:00,3.333547,success
CBSPAN-20260728-e914b0ee0ab2176ece76ec64,rating_lane_004,live,1,2026-07-29T02:50:00.381396+00:00,2.811261,success
CBSPAN-20260728-db4d9b9695981133f2631b69,rating_lane_004,live,1,2026-07-29T02:50:00.381402+00:00,2.811362,success
CBSPAN-20260728-1d2ff300f7f9cf70e97e7e4d,rating_lane_004,live,1,2026-07-29T02:50:00.381408+00:00,2.896818,success
CBSPAN-20260728-e7f01ee6bb034c18c45e194a,rating_lane_004,live,1,2026-07-29T02:50:00.381414+00:00,3.511107,success
CBSPAN-20260728-11bd7faf782213e0f167bc42,rating_lane_004,live,1,2026-07-29T02:50:00.381420+00:00,8.863158,success
CBSPAN-20260728-f259155c89fcbcfa1f3ca72f,rating_lane_004,live,1,2026-07-29T02:50:00.381486+00:00,4.602906,success
CBSPAN-20260728-373bdd24bfa7198b79fa3f7b,rating_lane_004,live,1,2026-07-29T02:50:00.381494+00:00,5.546327,success
CBSPAN-20260728-4fdf14101d0feb6945a10346,rating_lane_004,live,1,2026-07-29T02:50:00.381498+00:00,6.309535,success
CBSPAN-20260728-021f6aaf4183ade4f06067bf,rating_lane_004,live,1,2026-07-29T02:50:00.381500+00:00,5.124899,success
CBSPAN-20260728-f1fe3d4ac8f6d95bfd094492,rating_lane_004,live,1,2026-07-29T02:50:00.381501+00:00,5.488932,success
CBSPAN-20260728-78ca6dd67ffb77e0e6e342d6,rating_lane_004,live,1,2026-07-29T02:50:00.381503+00:00,5.659363,success
CBSPAN-20260728-d02d0db1dc9af9ecd0a6b5d5,rating_lane_004,live,1,2026-07-29T02:50:00.381505+00:00,5.955763,success
CBSPAN-20260728-990c6fd29e130c009d6c69a1,rating_lane_004,live,1,2026-07-29T02:50:00.381506+00:00,6.749866,success
CBSPAN-20260728-520c88a196d93b2109d2363d,rating_lane_004,live,1,2026-07-29T02:50:00.381508+00:00,8.693528,success
CBSPAN-20260728-5b53cdac4d6ebbfdc74148de,rating_lane_004,live,1,2026-07-29T02:50:00.381509+00:00,8.577680,success
CBSPAN-20260728-837f9abfb3c3d4d3cfbd0ec6,rating_lane_004,live,1,2026-07-29T02:50:00.381511+00:00,8.183814,success
CBSPAN-20260728-348ee6476515fffd97af001a,rating_lane_004,live,1,2026-07-29T02:50:00.381512+00:00,8.720267,success
CBSPAN-20260728-0314f99df8bc2196b32e9d71,rating_lane_004,live,1,2026-07-29T02:50:00.381514+00:00,8.375356,success
CBSPAN-20260728-6d92dae6419c6a5e214fa8e0,rating_lane_004,live,1,2026-07-29T02:50:00.381515+00:00,8.384272,success
CBSPAN-20260728-242d79eede7f6bc5cb80d5bd,rating_lane_004,live,1,2026-07-29T02:50:00.381516+00:00,9.698791,success
CBSPAN-20260728-08c1a3eabe1ded4d0d3f277f,rating_lane_004,live,1,2026-07-29T02:50:00.381518+00:00,10.694164,success
CBSPAN-20260728-34adb52c6a58cbd687159572,rating_lane_004,live,1,2026-07-29T02:50:00.381519+00:00,10.676050,success
CBSPAN-20260728-22ec81a578f3a1cf1eb4e259,rating_lane_004,live,1,2026-07-29T02:50:00.381521+00:00,10.769905,success
CBSPAN-20260728-3627b024eae7dde73d58ddca,rating_lane_004,live,1,2026-07-29T02:50:00.381522+00:00,10.875278,success
CBSPAN-20260728-605b49864a062211c2f0dfe6,rating_lane_004,live,1,2026-07-29T02:50:00.381523+00:00,11.357155,success
CBSPAN-20260728-90dc559c38b3b6d9b6705f97,rating_lane_004,live,1,2026-07-29T02:50:00.381525+00:00,10.675897,success
CBSPAN-20260728-b3f70a991d6212d07c9fc670,rating_lane_004,live,1,2026-07-29T02:50:00.381526+00:00,11.322128,success
CBSPAN-20260728-1fe20f71ca1be0ee3dab7716,rating_lane_004,live,1,2026-07-29T02:50:00.381527+00:00,12.245310,success
CBSPAN-20260728-6ab82cb692bc57040c690688,rating_lane_004,live,1,2026-07-29T02:50:00.381529+00:00,14.744428,success
CBSPAN-20260728-304ab184448c6dfc31b12867,rating_lane_004,live,1,2026-07-29T02:50:00.381530+00:00,12.770766,success
CBSPAN-20260728-cf4b49d9d791e96a1723166b,rating_lane_004,live,1,2026-07-29T02:50:15.265141+00:00,2.088417,success
CBSPAN-20260728-a1ce2d402fc029dd70e46bb1,rating_lane_004,live,1,2026-07-29T02:50:15.265171+00:00,2.506697,success
CBSPAN-20260728-cea2cf49aff65e86d6048a10,rating_lane_004,live,1,2026-07-29T02:50:15.265179+00:00,3.162615,success
CBSPAN-20260728-aba31ce1cc07ce73da0195e6,rating_lane_004,live,1,2026-07-29T02:50:15.265185+00:00,2.881393,success
CBSPAN-20260728-26f48bd83d005599a05340b3,rating_lane_004,live,1,2026-07-29T02:50:15.265191+00:00,3.672911,success
CBSPAN-20260728-3ebf0766e91b58309ef68844,rating_lane_004,live,1,2026-07-29T02:50:15.265197+00:00,2.506526,success
CBSPAN-20260728-112f8f6d770c8957f6e0aede,rating_lane_004,live,1,2026-07-29T02:50:15.265203+00:00,2.854726,success
CBSPAN-20260728-9106e0535154e774207838e9,rating_lane_004,live,1,2026-07-29T02:50:15.265259+00:00,2.604543,success
CBSPAN-20260728-a04924095095581fd5b6bd5f,rating_lane_004,live,1,2026-07-29T02:50:15.265266+00:00,4.464099,success
CBSPAN-20260728-2f66ae0237b75ef3770d629c,rating_lane_004,live,1,2026-07-29T02:50:15.265269+00:00,4.803891,success
CBSPAN-20260728-aa8134c2b11440c271591359,rating_lane_004,live,1,2026-07-29T02:50:15.265271+00:00,5.225844,success
CBSPAN-20260728-6606d2cd6fa67d83394dc5ec,rating_lane_004,live,1,2026-07-29T02:50:15.265272+00:00,5.392412,success
CBSPAN-20260728-6c0f119151adc2c08ad3a5df,rating_lane_004,live,1,2026-07-29T02:50:15.265273+00:00,4.978295,success
CBSPAN-20260728-5c4bdcc5d62f67e6e2305799,rating_lane_004,live,1,2026-07-29T02:50:15.265275+00:00,4.758813,success
CBSPAN-20260728-6802344bb7dd1a5c3f156fcf,rating_lane_004,live,1,2026-07-29T02:50:15.265276+00:00,7.057995,success
CBSPAN-20260728-fcc1d8dc1896942dba3e85ec,rating_lane_004,live,1,2026-07-29T02:50:15.265277+00:00,5.784285,success
CBSPAN-20260728-e13f0435d0e9cf67720da8da,rating_lane_004,live,1,2026-07-29T02:50:15.265278+00:00,7.929800,success
CBSPAN-20260728-2f28843f0a5ae7c8c6fb9b25,rating_lane_004,live,1,2026-07-29T02:50:15.265279+00:00,7.158928,success
CBSPAN-20260728-67b2f094e788eee776bb48e1,rating_lane_004,live,1,2026-07-29T02:50:15.265281+00:00,7.125248,success
CBSPAN-20260728-388d81fce5ac2b87cffa2f57,rating_lane_004,live,1,2026-07-29T02:50:15.265282+00:00,7.573073,success
CBSPAN-20260728-30d2ef076825bb1152fa5766,rating_lane_004,live,1,2026-07-29T02:50:15.265283+00:00,7.701017,success
CBSPAN-20260728-84b9a913c47846b7542ce1f1,rating_lane_004,live,1,2026-07-29T02:50:15.265285+00:00,8.436176,success
CBSPAN-20260728-cc95e70760cb9906ce023fba,rating_lane_004,live,1,2026-07-29T02:50:15.265286+00:00,8.609331,success
CBSPAN-20260728-b660a88b7c2381e4afe9ef1e,rating_lane_004,live,1,2026-07-29T02:50:15.265287+00:00,9.212093,success
CBSPAN-20260728-057e3b844723c0533f8275f8,rating_lane_004,live,1,2026-07-29T02:50:15.265289+00:00,9.535647,success
CBSPAN-20260728-fb2cfe9bb8a93a5ffacf717a,rating_lane_004,live,1,2026-07-29T02:50:15.265290+00:00,10.146698,success
CBSPAN-20260728-ab1c4aeed2f67c563a3851d1,rating_lane_004,live,1,2026-07-29T02:50:15.265291+00:00,9.944483,success
CBSPAN-20260728-ecaa1402f0ac73e5d20ac7fd,rating_lane_004,live,1,2026-07-29T02:50:15.265292+00:00,10.650034,success
CBSPAN-20260728-b2e67680c6f55f0abe59d650,rating_lane_004,live,1,2026-07-29T02:50:15.265293+00:00,11.275259,success
CBSPAN-20260728-523a43d7a771a13b102fa726,rating_lane_004,live,1,2026-07-29T02:50:15.265295+00:00,11.846421,success
CBSPAN-20260728-1c5f71c9f11ddab41e713443,rating_lane_004,live,1,2026-07-29T02:50:15.265296+00:00,11.051418,success
CBSPAN-20260728-d8a7b5ba50c6677a8e4af773,rating_lane_004,live,1,2026-07-29T02:50:15.265297+00:00,13.472474,success
CBSPAN-20260728-3bd34326613431656c1f7f15,rating_lane_004,live,1,2026-07-29T02:50:28.848432+00:00,2.735572,success
CBSPAN-20260728-4473b1fe6f74f6e323e82c6f,rating_lane_004,live,1,2026-07-29T02:50:28.848464+00:00,2.162436,success
CBSPAN-20260728-7cec08df8b7c9f70c36ff085,rating_lane_004,live,1,2026-07-29T02:50:28.848472+00:00,2.899314,success
CBSPAN-20260728-499c5e1e77d815c54ec57ed2,rating_lane_004,live,1,2026-07-29T02:50:28.848479+00:00,3.177495,success
CBSPAN-20260728-a3e45bf3a9802fd7888f14be,rating_lane_004,live,1,2026-07-29T02:50:28.848485+00:00,2.162563,success
CBSPAN-20260728-c5d5455011a5cb0883ac05d5,rating_lane_004,live,1,2026-07-29T02:50:28.848491+00:00,2.331446,success
CBSPAN-20260728-0bdb782c649ed84dde1f40a9,rating_lane_004,live,1,2026-07-29T02:50:28.848497+00:00,3.331371,success
CBSPAN-20260728-a148f1d47115eca53c0048ce,rating_lane_004,live,1,2026-07-29T02:50:28.848552+00:00,2.547708,success
CBSPAN-20260728-f7af3c607588c4a5b64cd011,rating_lane_004,live,1,2026-07-29T02:50:28.848558+00:00,4.753264,success
CBSPAN-20260728-db9341c0136dc461234e4a7c,rating_lane_004,live,1,2026-07-29T02:50:28.848562+00:00,4.330391,success
CBSPAN-20260728-6b7be6b8884bd813956a0806,rating_lane_004,live,1,2026-07-29T02:50:28.848564+00:00,4.412559,success
CBSPAN-20260728-49a45aa26c43cb19eb7f9e30,rating_lane_004,live,1,2026-07-29T02:50:28.848565+00:00,4.840446,success
CBSPAN-20260728-72752d1edcf23cef668b5328,rating_lane_004,live,1,2026-07-29T02:50:28.848566+00:00,4.753109,success
CBSPAN-20260728-14bf474508d7b1ee227423c2,rating_lane_004,live,1,2026-07-29T02:50:28.848568+00:00,5.483621,success
CBSPAN-20260728-bbdbd50a64b376113371a2d8,rating_lane_004,live,1,2026-07-29T02:50:28.848569+00:00,5.274494,success
CBSPAN-20260728-02fe7a1b25dbefb6166dd901,rating_lane_004,live,1,2026-07-29T02:50:28.848570+00:00,5.359806,success
CBSPAN-20260728-c8090c226d978deb1218965c,rating_lane_004,live,1,2026-07-29T02:50:28.848572+00:00,6.755208,success
CBSPAN-20260728-edc960dfdbca5535820cc204,rating_lane_004,live,1,2026-07-29T02:50:28.848573+00:00,6.399190,success
CBSPAN-20260728-463cb6915f99a49e3d9aedcc,rating_lane_004,live,1,2026-07-29T02:50:28.848574+00:00,6.727863,success
CBSPAN-20260728-0b8f2cdbb9e275c9ac0af3a7,rating_lane_004,live,1,2026-07-29T02:50:28.848576+00:00,6.619301,success
CBSPAN-20260728-9de2b8a89916a81d1f5515fe,rating_lane_004,live,1,2026-07-29T02:50:28.848577+00:00,7.546661,success
CBSPAN-20260728-8d76f3b70fcf7f9fd5169a7f,rating_lane_004,live,1,2026-07-29T02:50:28.848579+00:00,7.465727,success
CBSPAN-20260728-3969a8c210daf8322a57a7f2,rating_lane_004,live,1,2026-07-29T02:50:28.848580+00:00,7.892872,success
CBSPAN-20260728-636b6dd7b9f9d4c5c69c3195,rating_lane_004,live,1,2026-07-29T02:50:28.848581+00:00,8.418622,success
CBSPAN-20260728-58f92c3df2ccaeff263420d6,rating_lane_004,live,1,2026-07-29T02:50:28.848582+00:00,9.147409,success
CBSPAN-20260728-711d3cb06905a8d68c22f45a,rating_lane_004,live,1,2026-07-29T02:50:28.848584+00:00,9.467972,success
CBSPAN-20260728-e349cb4658aad4810768c634,rating_lane_004,live,1,2026-07-29T02:50:28.848585+00:00,9.080955,success
CBSPAN-20260728-2e60a37099edcff00f93575c,rating_lane_004,live,1,2026-07-29T02:50:28.848586+00:00,9.204082,success
CBSPAN-20260728-e7dcc746ba44cf8bf4b01f49,rating_lane_004,live,1,2026-07-29T02:50:28.848587+00:00,9.824776,success
CBSPAN-20260728-41ade10d2c24f7ad5176a59e,rating_lane_004,live,1,2026-07-29T02:50:28.848588+00:00,11.373305,success
CBSPAN-20260728-37bc2e4a40fe8fd22e696ec7,rating_lane_004,live,1,2026-07-29T02:50:28.848590+00:00,10.517796,success
CBSPAN-20260728-a4ec2cd42a5f3b2827773482,rating_lane_004,live,1,2026-07-29T02:50:28.848591+00:00,10.874368,success
CBSPAN-20260728-72339d0e9b7c4075405b37b1,rating_lane_004,live,1,2026-07-29T02:50:40.358784+00:00,3.967959,success
CBSPAN-20260728-da56bde40c01ee1688737a36,rating_lane_004,live,1,2026-07-29T02:50:40.358824+00:00,3.203243,success
CBSPAN-20260728-7436bfb577abdf1e04260082,rating_lane_004,live,1,2026-07-29T02:50:40.358833+00:00,2.165533,success
CBSPAN-20260728-464e3442f2670c03eac89bb6,rating_lane_004,live,1,2026-07-29T02:50:40.358839+00:00,2.326127,success
CBSPAN-20260728-362d161f14cbf231c9be931a,rating_lane_004,live,1,2026-07-29T02:50:40.358846+00:00,2.684910,success
CBSPAN-20260728-6aa303d62f3966712084c811,rating_lane_004,live,1,2026-07-29T02:50:40.358852+00:00,2.165607,success
CBSPAN-20260728-1346f3cfca88b4d5a5aec76e,rating_lane_004,live,1,2026-07-29T02:50:40.358858+00:00,2.165630,success
CBSPAN-20260728-e9849638bd666630ac6b9d7c,rating_lane_004,live,1,2026-07-29T02:50:40.359667+00:00,2.164755,success
CBSPAN-20260728-60b22d1e93ab9fd43875faf8,rating_lane_004,live,1,2026-07-29T02:50:40.359675+00:00,3.981378,success
CBSPAN-20260728-4912883aa43eccd73e12de34,rating_lane_004,live,1,2026-07-29T02:50:40.359678+00:00,4.795336,success
CBSPAN-20260728-8674f80eed6f6198c1623767,rating_lane_004,live,1,2026-07-29T02:50:40.359680+00:00,5.032988,success
CBSPAN-20260728-1d2299f32d92b34fba37ff00,rating_lane_004,live,1,2026-07-29T02:50:40.359681+00:00,4.484236,success
CBSPAN-20260728-dd8dcecc2ab7055816cce22d,rating_lane_004,live,1,2026-07-29T02:50:40.359683+00:00,4.007785,success
CBSPAN-20260728-47326469cb8126be1f6829c7,rating_lane_004,live,1,2026-07-29T02:50:40.359685+00:00,4.846501,success
CBSPAN-20260728-e0d2603035a220c6c1cdca5e,rating_lane_004,live,1,2026-07-29T02:50:40.359686+00:00,6.378255,success
CBSPAN-20260728-f899cdff68f91fd7a7525d09,rating_lane_004,live,1,2026-07-29T02:50:40.359688+00:00,7.041503,success
CBSPAN-20260728-91636a4a3f2ac72813138e1e,rating_lane_004,live,1,2026-07-29T02:50:40.359689+00:00,5.864251,success
CBSPAN-20260728-7aa3217f55b53c2b606bde49,rating_lane_004,live,1,2026-07-29T02:50:40.359691+00:00,5.888876,success
CBSPAN-20260728-bea1315bb0d06d5ff9606f3c,rating_lane_004,live,1,2026-07-29T02:50:40.359692+00:00,7.922156,success
CBSPAN-20260728-f0c4a43618011e0daaefcf91,rating_lane_004,live,1,2026-07-29T02:50:40.359694+00:00,8.171422,success
CBSPAN-20260728-ce7864b8797674bc99ff3854,rating_lane_004,live,1,2026-07-29T02:50:40.359695+00:00,7.231013,success
CBSPAN-20260728-dbec2db3f66948f80c9eedaa,rating_lane_004,live,1,2026-07-29T02:50:40.359696+00:00,6.891546,success
CBSPAN-20260728-c44f8cea41ece30da4eab638,rating_lane_004,live,1,2026-07-29T02:50:40.359697+00:00,8.669472,success
CBSPAN-20260728-f0b17037e05de6ce4533e112,rating_lane_004,live,1,2026-07-29T02:50:40.359699+00:00,8.529215,success
CBSPAN-20260728-86e0a5fdf780a1dfc1f93f20,rating_lane_004,live,1,2026-07-29T02:50:40.359700+00:00,9.068501,success
CBSPAN-20260728-7de570e8b94389ed40af9d11,rating_lane_004,live,1,2026-07-29T02:50:40.359701+00:00,9.864782,success
CBSPAN-20260728-bc442d89ad5360e3e96e8a9a,rating_lane_004,live,1,2026-07-29T02:50:40.359702+00:00,9.544668,success
CBSPAN-20260728-cd87eeab5f2ab6307b840a7b,rating_lane_004,live,1,2026-07-29T02:50:40.359704+00:00,9.493255,success
CBSPAN-20260728-de9d8067e15fa58129c1faf8,rating_lane_004,live,1,2026-07-29T02:50:40.359705+00:00,12.114970,success
CBSPAN-20260728-e6557c24360a519eb36bef71,rating_lane_004,live,1,2026-07-29T02:50:40.359706+00:00,10.782152,success
CBSPAN-20260728-667ce54757f5a22a34da6cbc,rating_lane_004,live,1,2026-07-29T02:50:40.359707+00:00,11.135727,success
CBSPAN-20260728-5579fd39d79c0b44a149ab6c,rating_lane_004,live,1,2026-07-29T02:50:40.359709+00:00,11.776097,success
CBSPAN-20260728-7de570e8b94389ed40af9d11,rating_lane_004,live,2,2026-07-29T02:50:52.486323+00:00,2.882947,success
CBSPAN-20260728-bdd10d3dc5ee695cc3a449ee,rating_lane_004,live,1,2026-07-29T02:50:55.510518+00:00,2.605039,success
CBSPAN-20260728-d649ed6dda8124f82f82703e,rating_lane_004,live,1,2026-07-29T02:50:55.510556+00:00,3.418041,success
CBSPAN-20260728-bf77e40851e58f373aaa7b0f,rating_lane_004,live,1,2026-07-29T02:50:55.510565+00:00,1.808723,success
CBSPAN-20260728-5774228c607dd941e55579a6,rating_lane_004,live,1,2026-07-29T02:50:55.510573+00:00,2.497720,success
CBSPAN-20260728-38de48b913f04d783aa2688f,rating_lane_004,live,1,2026-07-29T02:50:55.510636+00:00,2.207697,success
CBSPAN-20260728-61763447be8c250d329d5419,rating_lane_004,live,1,2026-07-29T02:50:55.510643+00:00,2.599986,success
CBSPAN-20260728-8e22414aae8c54d3f9917f57,rating_lane_004,live,1,2026-07-29T02:50:55.510650+00:00,3.252522,success
CBSPAN-20260728-0e7381bf0cfc9f60e5690ea7,rating_lane_004,live,1,2026-07-29T02:50:55.510656+00:00,2.207612,success
CBSPAN-20260728-4651f857d2ba3ad4e51b9136,rating_lane_004,live,1,2026-07-29T02:50:55.510663+00:00,3.658746,success
CBSPAN-20260728-670ce6d96307a5e2a1a77a24,rating_lane_004,live,1,2026-07-29T02:50:55.510667+00:00,4.888770,success
CBSPAN-20260728-fa026b2ec2ae624a5624877f,rating_lane_004,live,1,2026-07-29T02:50:55.510669+00:00,4.685932,success
CBSPAN-20260728-a37219b3604b2ba83e47e339,rating_lane_004,live,1,2026-07-29T02:50:55.510670+00:00,5.907329,success
CBSPAN-20260728-cac574715039e0f2d1b6f056,rating_lane_004,live,1,2026-07-29T02:50:55.510671+00:00,5.429817,success
CBSPAN-20260728-79b3ae195ed8cb96287084ec,rating_lane_004,live,1,2026-07-29T02:50:55.510673+00:00,5.086400,success
CBSPAN-20260728-89a1462e3d2fbdc072154562,rating_lane_004,live,1,2026-07-29T02:50:55.510674+00:00,6.974096,success
CBSPAN-20260728-0f1868e6c32ee4593d9c9b25,rating_lane_004,live,1,2026-07-29T02:50:55.510675+00:00,6.161530,success
CBSPAN-20260728-04d6edd2d110623572715361,rating_lane_004,live,1,2026-07-29T02:50:55.510677+00:00,6.397600,success
CBSPAN-20260728-9e7c536e9f25a9e23ec28e06,rating_lane_004,live,1,2026-07-29T02:50:55.510678+00:00,7.449254,success
CBSPAN-20260728-b9f4712f1a9f507e970b2557,rating_lane_004,live,1,2026-07-29T02:50:55.510679+00:00,7.340121,success
CBSPAN-20260728-18b9dd6ce7fb9a22df906ef8,rating_lane_004,live,1,2026-07-29T02:50:55.510681+00:00,7.105276,success
CBSPAN-20260728-ec9ae0c33e78846fb0d40ba9,rating_lane_004,live,1,2026-07-29T02:50:55.510682+00:00,8.589941,success
CBSPAN-20260728-2ce3e5951fe3d5f4b58d1928,rating_lane_004,live,1,2026-07-29T02:50:55.510684+00:00,8.498503,success
CBSPAN-20260728-a9ed26e9e0497edfcf28d9f1,rating_lane_004,live,1,2026-07-29T02:50:55.510685+00:00,9.279221,success
CBSPAN-20260728-c68882056ee51ea7bc958c5d,rating_lane_004,live,1,2026-07-29T02:50:55.510686+00:00,21.082635,success
CBSPAN-20260728-de099f7c2b7a06dc075ec440,rating_lane_004,live,1,2026-07-29T02:50:55.510687+00:00,9.408176,success
CBSPAN-20260728-bcc1e2f5ad5e2ed356636968,rating_lane_004,live,1,2026-07-29T02:50:55.510689+00:00,9.544719,success
CBSPAN-20260728-61763447be8c250d329d5419,rating_lane_004,live,2,2026-07-29T02:51:16.608825+00:00,2.434446,success
